"CRN","ARRIVAL_TM","AUTOMOBILE_COUNT","BELTED_DEATH_COUNT","BELTED_SUSP_SERIOUS_INJ_COUNT","BICYCLE_COUNT","BICYCLE_DEATH_COUNT","BICYCLE_SUSP_SERIOUS_INJ_COUNT","BUS_COUNT","CHLDPAS_DEATH_COUNT","CHLDPAS_SUSP_SERIOUS_INJ_COUNT","COLLISION_TYPE","COMM_VEH_COUNT","CONS_ZONE_SPD_LIM","COUNTY","CRASH_MONTH","CRASH_YEAR","DAY_OF_WEEK","DEC_LATITUDE","DEC_LONGITUDE","DISPATCH_TM","DISTRICT","DRIVER_COUNT_16YR","DRIVER_COUNT_17YR","DRIVER_COUNT_18YR","DRIVER_COUNT_19YR","DRIVER_COUNT_20YR","DRIVER_COUNT_50_64YR","DRIVER_COUNT_65_74YR","DRIVER_COUNT_75PLUS","EST_HRS_CLOSED","FATAL_COUNT","HEAVY_TRUCK_COUNT","HORSE_BUGGY_COUNT","HOUR_OF_DAY","ILLUMINATION","INJURY_COUNT","INTERSECTION_RELATED","INTERSECT_TYPE","LANE_CLOSED","LATITUDE","LN_CLOSE_DIR","LOCATION_TYPE","LONGITUDE","MAX_SEVERITY_LEVEL","MCYCLE_DEATH_COUNT","MCYCLE_SUSP_SERIOUS_INJ_COUNT","MOTORCYCLE_COUNT","MUNICIPALITY","NONMOTR_COUNT","NONMOTR_DEATH_COUNT","NONMOTR_SUSP_SERIOUS_INJ_COUNT","NTFY_HIWY_MAINT","PED_COUNT","PED_DEATH_COUNT","PED_SUSP_SERIOUS_INJ_COUNT","PERSON_COUNT","POLICE_AGCY","POSSIBLE_INJ_COUNT","RDWY_SURF_TYPE_CD","RELATION_TO_ROAD","ROADWAY_CLEARED","ROAD_CONDITION","SCH_BUS_IND","SCH_ZONE_IND","SECONDARY_CRASH","SMALL_TRUCK_COUNT","SPEC_JURIS_CD","SUSP_MINOR_INJ_COUNT","SUSP_SERIOUS_INJ_COUNT","SUV_COUNT","TCD_FUNC_CD","TCD_TYPE","TFC_DETOUR_IND","TIME_OF_DAY","TOTAL_UNITS","TOT_INJ_COUNT","UNBELTED_OCC_COUNT","UNB_DEATH_COUNT","UNB_SUSP_SERIOUS_INJ_COUNT","UNK_INJ_DEG_COUNT","UNK_INJ_PER_COUNT","URBAN_RURAL","VAN_COUNT","VEHICLE_COUNT","WEATHER1","WEATHER2","WORKERS_PRES","WORK_ZONE_IND","WORK_ZONE_LOC","WORK_ZONE_TYPE","WZ_CLOSE_DETOUR","WZ_FLAGGER","WZ_LAW_OFFCR_IND","WZ_LN_CLOSURE","WZ_MOVING","WZ_OTHER","WZ_SHLDER_MDN","WZ_WORKERS_INJ_KILLED"
"2021019781","1045","1","0","0","0","0","0","1","0","0","5","1","","67","2","2021","6","40.013694","-75.157722","1035","6","0","0","0","0","0","0","0","0","","0","0","0","","","0","N","0","","40 00:49.300","","0","75 09:27.800","0","0","0","0","67301","0","0","0","N","0","0","0","2","67508","0","","6.0","","1","N","N","Y","0","","0","0","0","0","0","","","2","0","0","0","0","0","0","2","0","2","","03","","N","","","","","","","","","",""
"2021019706","2325","1","0","0","0","0","0","0","0","0","4","0","","67","2","2021","6","39.954858","-75.151138","2325","6","0","0","0","0","0","1","0","0","","0","0","0","","","1","","1","","39 57:17.490","","0","75 09:04.096","8","0","0","0","67301","0","0","0","N","0","0","0","2","67301","0","","1.0","","2","N","N","N","0","","0","0","1","3","2","","","2","1","0","0","0","1","0","2","0","2","","09","","N","","","","","","","","","",""
"2021020553","2025","1","0","0","0","0","0","0","0","0","4","0","","67","2","2021","2","39.932151","-75.145417","2021","6","0","0","0","0","0","0","0","0","","0","0","0","","","3","N","0","","39 55:55.742","1","0","75 08:43.502","8","0","0","0","67301","0","0","0","N","0","0","0","4","68K01","0","","1.0","2110.0","1","N","N","N","0","","0","0","1","0","0","N","","2","3","0","0","0","3","0","2","0","2","","03","","N","","","","","","","","","",""
"2021020329","","2","0","0","0","0","0","0","0","0","2","0","","67","2","2021","7","40.028736","-75.143912","","6","0","0","0","0","0","0","0","0","","0","0","0","","","1","","1","","40 01:43.449","","0","75 08:38.083","3","0","0","0","67301","0","0","0","N","0","0","0","2","67301","0","","1.0","","1","N","N","N","0","","1","0","0","","3","","","2","1","0","0","0","0","0","2","0","2","","03","","N","","","","","","","","","",""
"2021016142","","1","0","0","0","0","0","0","0","0","7","0","","67","2","2021","7","40.047694","-74.999271","","6","0","0","0","0","0","1","0","0","","0","0","0","","","1","N","0","","40 02:51.700","1","3","74 59:57.375","8","0","0","0","67301","0","0","0","N","0","0","0","1","68K01","0","","4.0","2034.0","1","N","N","N","0","","0","0","0","","0","Y","","1","1","0","0","0","1","0","2","0","1","","03","","N","","","","","","","","","",""
"2021020391","","1","0","0","0","0","0","0","0","0","1","0","","67","2","2021","1","40.008801","-75.204928","","6","0","0","0","0","0","0","0","0","","0","0","0","","","0","N","7","","40 00:31.683","","0","75 12:17.742","0","0","0","0","67301","0","0","0","N","0","0","0","3","68K01","0","","1.0","","9","N","N","N","0","","0","0","1","","0","","","2","0","0","0","0","0","0","2","0","2","","","","N","","","","","","","","","",""
"2021018069","","0","0","0","0","0","0","0","0","0","2","0","","67","2","2021","7","39.936825","-75.2158","","6","0","0","0","0","0","0","0","0","","0","0","0","","","2","N","0","","39 56:12.570","","0","75 12:56.880","3","0","0","0","67301","0","0","0","N","0","0","0","3","67301","0","","1.0","","1","N","N","N","0","","2","0","2","","0","U","","2","2","0","0","0","0","0","2","0","2","","03","","N","","","","","","","","","",""
"2021017482","","0","0","0","0","0","0","0","0","0","8","0","","67","2","2021","6","40.073122","-75.028497","","6","0","0","0","0","0","1","0","0","","0","0","0","","","1","N","0","","40 04:23.240","","0","75 01:42.590","3","0","0","0","67301","1","0","0","N","1","0","0","2","67301","0","","1.0","","9","N","N","N","0","","1","0","1","","8","","","2","1","0","0","0","0","0","2","0","1","","04","","N","","","","","","","","","",""
"2021020844","","2","0","0","0","0","0","0","0","0","4","0","","67","3","2021","2","40.134325","-75.009065","","6","0","0","0","0","0","1","0","0","","0","0","0","","","1","","1","","40 08:03.571","","0","75 00:32.634","8","0","0","0","67301","0","0","0","N","0","0","0","2","67301","0","","1.0","","9","N","N","Y","0","","0","0","0","","1","","","2","1","0","0","0","1","0","2","0","2","","04","","N","","","","","","","","","",""
"2021018302","","1","0","0","0","0","0","0","0","0","2","0","","67","2","2021","2","39.994704","-75.094595","","6","0","0","0","0","1","0","0","1","","0","0","0","","","1","","1","","39 59:40.935","","0","75 05:40.542","8","0","0","0","67301","0","0","0","N","0","0","0","2","67301","0","","1.0","","2","N","N","N","1","","0","0","0","","2","","","2","1","0","0","0","1","0","2","0","2","","","","N","","","","","","","","","",""
"2021018270","","1","0","0","0","0","0","0","0","0","4","1","","67","2","2021","2","39.881433","-75.253455","","6","0","0","0","0","0","0","1","0","","0","1","0","","","2","","2","","39 52:53.158","3","0","75 15:12.439","4","0","0","0","67301","0","0","0","N","0","0","0","3","67301","2","","1.0","845.0","1","N","N","N","0","","0","0","0","","2","N","","2","2","0","0","0","0","0","2","0","2","","04","","N","","","","","","","","","",""
"2021021418","","2","0","0","0","0","0","0","0","0","4","0","","67","3","2021","4","40.035376","-75.145426","","6","0","0","0","0","0","0","0","0","","0","0","0","","","1","N","0","","40 02:07.353","","0","75 08:43.534","8","0","0","0","67301","0","0","0","N","0","0","0","2","67301","0","","1.0","","1","N","N","N","0","","0","0","0","","0","","","2","1","0","0","0","1","0","2","0","2","","","","N","","","","","","","","","",""
"2021020534","","1","0","0","0","0","0","0","0","0","1","0","","67","2","2021","4","40.009791","-75.064882","","6","0","0","0","0","1","0","0","0","","0","0","0","","","1","N","0","","40 00:35.247","","0","75 03:53.576","8","0","0","0","67301","0","0","0","N","0","0","0","2","68K01","0","","1.0","","1","N","N","N","0","","0","0","1","","0","","","2","1","0","0","0","1","0","2","0","2","","03","","N","","","","","","","","","",""
"2021013297","","2","0","0","0","0","0","0","0","0","6","0","","67","2","2021","2","40.026578","-75.152431","","6","0","0","0","0","0","2","0","0","","0","0","0","","","1","N","0","","40 01:35.680","","0","75 09:08.750","3","0","0","0","67301","0","0","0","N","0","0","0","6","67301","0","","6.0","","9","N","N","Y","1","","1","0","1","","0","","","6","1","0","0","0","0","1","2","2","6","","","","N","","","","","","","","","",""
"2021021295","","0","0","0","0","0","0","0","0","0","5","1","","67","2","2021","7","39.98567","-75.208278","","6","0","0","0","0","0","1","0","0","","0","1","0","","","0","N","0","","39 59:08.411","","0","75 12:29.802","0","0","0","0","67301","0","0","0","N","0","0","0","2","68K01","0","","1.0","","1","N","N","N","0","","0","0","1","","0","","","2","0","0","0","0","0","0","2","0","2","","03","","N","","","","","","","","","",""
"2021020516","","2","0","0","0","0","0","0","0","0","6","0","","67","2","2021","4","39.958912","-75.170089","","6","0","0","0","0","0","1","0","0","","0","0","0","","","2","N","0","","39 57:32.084","4","0","75 10:12.321","4","0","0","0","67301","0","0","0","N","0","0","0","3","68K01","2","","1.0","1315.0","1","N","N","N","0","","0","0","0","","0","N","","3","2","0","0","0","0","0","2","1","3","","","","N","","","","","","","","","",""
"2021021849","","3","0","0","0","0","0","0","0","0","2","0","","67","3","2021","6","40.042771","-75.011332","","6","0","0","0","0","0","0","0","0","","0","0","0","","","1","N","0","","40 02:33.976","","0","75 00:40.795","4","0","0","0","67301","0","0","0","N","0","0","0","1","67301","1","","6.0","","1","N","N","N","0","","0","0","1","","2","","","4","1","1","0","0","0","0","2","0","4","","03","","N","","","","","","","","","",""
"2021005955","","1","0","0","0","0","0","0","0","0","5","0","","67","1","2021","6","40.075406","-75.088539","","6","0","0","0","0","0","0","0","1","","0","0","0","","","0","N","0","","40 04:31.460","2","0","75 05:18.740","0","0","0","0","67301","0","0","0","N","0","0","0","1","67301","0","","6.0","200.0","1","N","N","N","0","","0","0","2","","0","N","","3","0","0","0","0","0","0","2","0","3","","03","","N","","","","","","","","","",""
"2021021350","","0","0","0","0","0","0","0","0","0","5","0","","67","2","2021","1","40.023386","-75.034732","","6","0","0","0","0","0","0","0","0","","0","0","0","","","3","N","0","","40 01:24.190","","0","75 02:05.036","8","0","0","0","67301","0","0","0","N","0","0","0","5","68K01","0","","1.0","","9","N","N","N","0","","0","0","2","","0","","","2","3","0","0","0","3","0","2","0","2","","07","","N","","","","","","","","","",""
"2021021122","","0","0","0","0","0","0","0","0","0","4","1","","67","2","2021","3","40.029029","-75.210591","","6","0","0","0","0","0","0","0","0","","0","1","0","","","1","","2","","40 01:44.505","1","0","75 12:38.127","8","0","0","0","67301","0","0","0","N","0","0","0","2","67301","0","","1.0","1327.0","1","N","N","N","0","","0","0","1","","0","N","","2","1","0","0","0","1","0","2","0","2","","03","","N","","","","","","","","","",""
"2021004480","","1","0","0","0","0","0","0","0","0","5","0","","67","1","2021","4","40.063913","-75.173083","","6","0","0","0","0","1","0","0","0","","0","0","0","","","1","N","0","","40 03:50.088","","0","75 10:23.098","8","0","0","0","67301","0","0","0","N","0","0","0","1","67301","0","","6.0","","1","N","N","N","1","","0","0","0","","0","","","2","1","0","0","0","1","0","2","0","2","","03","","N","","","","","","","","","",""
"2021019042","","2","0","0","0","0","0","0","0","0","1","0","","67","2","2021","7","40.044365","-75.002662","","6","0","1","0","0","0","1","0","0","","0","0","0","","","1","N","0","","40 02:39.715","2","0","75 00:09.583","8","0","0","0","67301","0","0","0","N","0","0","0","5","68K01","0","","1.0","2125.0","2","N","N","N","0","","0","0","0","","8","N","","2","1","0","0","0","1","0","2","0","2","","","","N","","","","","","","","","",""
"2021020009","","0","0","0","0","0","0","1","0","0","7","1","","67","2","2021","7","40.049391","-75.011689","","6","0","0","0","0","0","0","0","0","","0","0","0","","","2","N","0","","40 02:57.806","1","0","75 00:42.080","3","0","0","0","67301","0","0","0","N","0","0","0","3","67301","0","","4.0","1044.0","9","N","N","N","0","","2","0","0","","0","Y","","1","2","0","0","0","0","0","2","0","1","","07","","N","","","","","","","","","",""
"2021020792","","2","0","0","0","0","0","0","0","0","1","0","","67","2","2021","7","40.010648","-75.062708","","6","0","0","0","0","0","0","0","0","","0","0","0","","","2","N","0","","40 00:38.333","","0","75 03:45.747","8","0","0","0","67301","0","0","0","N","0","0","0","3","68K01","0","","1.0","","9","N","N","N","0","","0","0","0","","0","","","2","2","0","0","0","2","1","2","0","2","","07","","N","","","","","","","","","",""
"2021011284","","1","0","0","0","0","0","1","0","0","5","1","","67","1","2021","4","39.972202","-75.166371","","6","0","0","0","0","0","1","0","0","","0","0","0","","","2","N","0","","39 58:19.926","","0","75 09:58.937","4","0","0","0","67301","0","0","0","N","0","0","0","4","67508","2","","1.0","","1","N","N","Y","0","","0","0","0","","0","","","2","2","0","0","0","0","0","2","0","2","","03","","N","","","","","","","","","",""
"2021034391","","1","0","0","0","0","0","0","0","0","5","1","45","67","4","2021","4","39.969572","-75.126008","","6","0","0","0","0","0","0","0","0","","0","1","0","","","1","N","0","","39 58:10.459","","3","75 07:33.628","4","0","0","0","67301","0","0","0","N","0","0","0","2","68K01","1","","1.0","","9","N","N","N","0","","0","0","0","","0","","","2","1","0","0","0","0","0","2","0","2","","04","N","Y","4","1","","","N","Y","","","Y","N"
"2021020429","","1","0","0","0","0","0","0","0","0","5","1","","67","2","2021","2","40.024933","-75.113606","","6","0","0","0","0","0","0","0","0","","0","1","0","","","0","N","0","","40 01:29.760","","0","75 06:48.980","0","0","0","0","67301","0","0","0","N","0","0","0","1","67301","0","","1.0","","2","N","N","N","0","","0","0","0","","0","","","2","0","0","0","0","0","0","2","0","2","","07","","N","","","","","","","","","",""
"2021014692","","1","0","0","0","0","0","0","0","0","4","0","","67","2","2021","1","39.918048","-75.23009","","6","0","0","1","0","0","1","0","0","","0","0","0","","","0","","1","","39 55:04.972","","0","75 13:48.324","0","0","0","0","67301","0","0","0","N","0","0","0","2","67301","0","","1.0","","1","N","N","N","0","","0","0","0","","3","","","2","0","0","0","0","0","0","2","1","2","","03","","N","","","","","","","","","",""
"2021020088","","3","0","0","0","0","0","0","0","0","5","0","","67","2","2021","1","39.960073","-75.238064","","6","0","0","0","0","0","0","0","0","","0","0","0","","","0","N","0","","39 57:36.263","","0","75 14:17.031","0","0","0","0","67301","0","0","0","N","0","0","0","2","67301","0","","1.0","","1","N","N","N","0","","0","0","1","","0","","","4","0","2","0","0","0","0","2","0","4","","03","","N","","","","","","","","","",""
"2021005991","","1","0","0","0","0","0","0","0","0","0","0","","67","1","2021","4","39.895002","-75.236864","","6","0","0","0","0","0","0","0","0","","0","0","0","","","0","N","0","","39 53:42.006","","0","75 14:12.710","0","0","0","0","67301","0","0","0","N","0","0","0","1","67301","0","","1.0","","1","N","N","N","0","","0","0","0","","0","","","1","0","0","0","0","0","0","2","0","1","","03","","N","","","","","","","","","",""
"2021021758","","0","0","0","0","0","0","0","0","0","8","0","","67","2","2021","4","39.996438","-75.113451","","6","0","0","0","0","0","0","0","0","","0","0","0","","","1","","1","","39 59:47.175","","0","75 06:48.425","3","0","0","0","67301","1","0","0","N","1","0","0","2","67301","0","","1.0","","99","N","N","N","0","","1","0","0","","2","U","","2","1","0","0","0","0","1","2","0","1","","","","N","","","","","","","","","",""
"2021010459","","1","0","0","0","0","0","0","0","0","4","0","","67","1","2021","1","39.904147","-75.240578","","6","0","0","0","0","0","0","0","0","","0","0","0","","","2","","1","","39 54:14.930","","0","75 14:26.080","3","0","0","0","67301","0","0","0","N","0","0","0","3","67301","0","","1.0","","1","N","N","N","0","","2","0","1","","2","","","2","2","0","0","0","0","0","2","0","2","","03","","N","","","","","","","","","",""
"2021019772","","1","0","0","0","0","0","0","0","0","4","1","","67","2","2021","6","40.112033","-74.990511","","6","0","0","0","0","0","0","0","0","","0","1","0","","","0","","2","","40 06:43.320","7","0","74 59:25.838","0","0","0","0","67301","0","0","0","N","0","0","0","2","67301","0","","1.0","1241.0","1","N","N","N","0","","0","0","0","","2","Y","","2","0","0","0","0","0","0","2","0","2","","03","","N","","","","","","","","","",""
"2021021759","","0","0","0","0","0","0","0","0","0","8","0","","67","2","2021","5","39.991689","-75.124508","","6","0","0","0","0","0","0","0","0","","0","0","0","","","1","","1","","39 59:30.079","","0","75 07:28.228","3","0","0","0","67301","1","0","0","N","1","0","0","1","67301","0","","1.0","","1","N","N","N","0","","1","0","0","","3","","","2","1","0","0","0","0","0","2","0","1","","","","N","","","","","","","","","",""
"2021020430","","2","0","0","0","0","0","0","0","0","1","0","","67","2","2021","3","40.024061","-75.117594","","6","0","0","0","0","0","1","0","0","","0","0","0","","","0","N","0","","40 01:26.620","","0","75 07:03.340","0","0","0","0","67301","0","0","0","N","0","0","0","1","67301","0","","1.0","","9","N","N","N","0","","0","0","0","","0","","","2","0","1","0","0","0","0","2","0","2","","","","N","","","","","","","","","",""
"2021021668","","0","0","0","0","0","0","0","0","0","7","1","","67","3","2021","4","40.094093","-74.980229","","6","0","0","0","0","0","0","0","0","","0","1","0","","","0","N","0","","40 05:38.733","4","0","74 58:48.826","0","0","0","0","67301","0","0","0","N","0","0","0","2","67301","0","","4.0","900.0","1","N","N","Y","0","","0","0","1","","0","N","","2","0","0","0","0","0","0","2","0","2","","03","","N","","","","","","","","","",""
"2021020242","","1","0","0","0","0","0","0","0","0","7","0","","67","3","2021","2","39.984681","-75.156494","","6","0","0","1","0","0","0","0","0","","0","0","0","","","1","N","1","","39 59:04.850","","0","75 09:23.377","4","0","0","0","67301","0","0","0","N","0","0","0","3","67505","1","","2.0","","1","N","N","N","0","","0","0","0","","0","","","1","1","0","0","0","0","0","2","0","1","","03","","N","","","","","","","","","",""
"2021020007","","0","0","0","0","0","0","0","0","0","0","0","","67","2","2021","7","40.043697","-75.098692","","6","0","0","0","0","0","0","0","0","","0","0","0","","","1","N","0","","40 02:37.310","","0","75 05:55.290","3","0","0","1","67301","0","0","0","N","0","0","0","1","67301","0","","1.0","","3","N","N","N","0","","1","0","0","","0","","","1","1","0","0","0","0","0","2","0","1","","","","N","","","","","","","","","",""
"2021019789","","1","0","0","0","0","0","1","0","0","1","1","","67","2","2021","6","40.013252","-75.169291","","6","0","0","0","0","0","0","0","0","","0","0","0","","","0","N","0","","40 00:47.707","","0","75 10:09.449","0","0","0","0","67301","0","0","0","N","0","0","0","2","67508","0","","1.0","","9","N","N","Y","0","","0","0","0","","0","","","2","0","0","0","0","0","0","2","0","2","","10","","N","","","","","","","","","",""
"2021020511","","1","0","0","0","0","0","0","0","0","1","0","","67","2","2021","6","40.003881","-75.195364","","6","0","0","0","0","0","0","0","0","","0","0","0","","","1","N","0","","40 00:13.973","","0","75 11:43.310","3","0","0","0","67301","0","0","0","N","0","0","0","2","68K01","0","","1.0","","1","N","N","N","0","","1","0","0","","0","","","2","1","0","0","0","0","0","2","1","2","","","","N","","","","","","","","","",""
"2021021333","","2","0","0","0","0","0","0","0","0","1","0","","67","2","2021","6","40.025635","-75.028558","","6","0","1","0","0","0","1","0","0","","0","0","0","","","1","N","0","","40 01:32.287","2","0","75 01:42.808","8","0","0","0","67301","0","0","0","N","0","0","0","4","68K01","0","","1.0","100.0","1","N","N","N","0","","0","0","2","","0","N","","4","1","0","0","0","1","0","2","0","4","","","","N","","","","","","","","","",""
"2021007743","","1","0","0","0","0","0","0","0","0","1","0","","67","1","2021","1","40.02727","-75.132501","","6","0","0","0","0","0","0","0","0","","0","0","0","","","0","","1","","40 01:38.172","2","0","75 07:57.003","0","0","0","0","67301","0","0","0","N","0","0","0","4","67301","0","","1.0","145.0","1","N","N","N","0","","0","0","1","","3","N","","2","0","0","0","0","0","0","2","0","2","","03","","N","","","","","","","","","",""
"2021000458","","1","0","0","0","0","0","0","0","0","1","0","","67","1","2021","7","40.058805","-75.016585","","6","0","0","1","0","0","0","0","0","","0","0","0","","","1","N","0","","40 03:31.697","","0","75 00:59.707","3","0","0","0","67301","0","0","0","N","0","0","0","1","67301","0","","6.0","","9","N","N","N","2","","1","0","0","","0","","","4","1","1","0","0","0","0","2","1","4","","","","N","","","","","","","","","",""
"2021021336","","1","0","0","0","0","0","0","0","0","5","0","","67","2","2021","7","40.00197","-75.19452","","6","0","0","0","0","0","1","0","0","","0","0","0","","","0","N","0","","40 00:07.093","","0","75 11:40.272","0","0","0","0","67301","0","0","0","N","0","0","0","3","68K01","0","","1.0","","9","N","N","N","0","","0","0","1","","0","","","2","0","0","0","0","0","0","2","0","2","","","","N","","","","","","","","","",""
"2021019711","","1","0","0","0","0","0","0","0","0","7","0","","67","2","2021","2","39.973858","-75.134642","","6","0","0","0","0","0","0","0","0","","0","0","0","","","0","N","0","","39 58:25.890","2","0","75 08:04.710","0","0","0","0","67301","0","0","0","N","0","0","0","0","67301","0","","4.0","30.0","1","N","N","N","0","","0","0","0","","0","N","","1","0","0","0","0","0","0","2","0","1","","","","N","","","","","","","","","",""
"2021019424","","1","0","0","0","0","0","0","0","0","4","0","","67","2","2021","1","39.956565","-75.209738","","6","0","0","0","0","0","0","0","0","","0","1","0","","","1","","1","","39 57:23.634","","0","75 12:35.056","8","0","0","0","67301","0","0","0","N","0","0","0","2","67301","0","","1.0","","1","N","N","N","0","","0","0","0","","2","","","2","1","0","0","0","1","0","2","0","2","","98","","N","","","","","","","","","",""
"2021020360","","0","0","0","0","0","0","0","0","0","5","1","45","67","2","2021","4","40.009128","-75.067152","","6","0","0","0","2","0","0","0","0","","0","1","0","","","1","","6","","40 00:32.861","1","2","75 04:01.747","3","0","0","0","67301","0","0","0","N","0","0","0","6","68K01","0","","7.0","1022.0","1","N","N","N","0","","1","0","3","","0","N","","5","1","0","0","0","0","1","2","1","5","","","Y","Y","2","1","N","N","N","N","N","N","Y","N"
"2021021128","","0","0","0","0","0","0","0","0","0","8","0","","67","2","2021","7","40.019664","-75.134164","","6","0","0","0","0","0","0","0","0","","1","0","0","","","0","Y","0","","40 01:10.790","5","0","75 08:02.990","1","0","0","0","67301","1","1","0","N","1","1","0","2","67301","0","2","1.0","130.0","1","N","N","N","0","0","0","0","0","","0","Y","","2","0","0","0","0","0","0","2","0","1","","","","N","","","","","","","","","",""
"2021021811","","1","0","0","0","0","0","0","0","0","1","0","","67","2","2021","4","40.039755","-75.006529","","6","0","0","0","0","0","0","1","0","","0","0","0","","","1","N","0","","40 02:23.119","1","0","75 00:23.503","3","0","0","0","67301","0","0","0","N","0","0","0","3","68K01","0","","1.0","1730.0","1","N","N","N","0","","1","0","1","","0","N","","2","1","0","0","0","0","0","2","0","2","","","","N","","","","","","","","","",""
"2021020327","","1","0","0","0","0","0","0","0","0","5","1","","67","2","2021","5","39.917665","-75.211775","","6","0","0","0","0","0","1","0","0","","0","1","0","","","0","N","0","","39 55:03.594","","0","75 12:42.389","9","0","0","0","67301","0","0","0","N","0","0","0","4","67301","0","","1.0","","1","N","N","N","0","","0","0","2","","0","","","4","0","0","0","0","0","1","2","0","4","","","","N","","","","","","","","","",""
"2021021343","","2","0","0","0","0","0","0","0","0","1","0","","67","2","2021","7","39.976502","-75.196448","","6","0","0","0","0","0","0","0","0","","0","0","0","","","2","N","0","","39 58:35.407","3","0","75 11:47.213","8","0","0","0","67301","0","0","0","N","0","0","0","6","68K01","0","","1.0","50.0","1","N","N","N","0","","0","0","1","","0","N","","3","2","0","0","0","2","0","2","0","3","","03","","N","","","","","","","","","",""
"2021020552","","2","0","0","0","0","0","0","0","0","1","0","","67","2","2021","2","39.985892","-75.208441","","6","0","0","0","0","0","0","0","0","","0","0","0","","","0","N","6","","39 59:09.211","","2","75 12:30.389","0","0","0","0","67301","0","0","0","Y","0","0","0","5","68K01","0","","2.0","","9","N","N","N","0","","0","0","0","","0","","","2","0","1","0","0","0","0","2","0","2","","","","N","","","","","","","","","",""
"2021010643","","3","0","0","0","0","0","0","0","0","5","0","","67","1","2021","7","39.942764","-75.188308","","6","0","0","0","0","0","0","0","0","","0","0","0","","","0","N","0","","39 56:33.950","","0","75 11:17.910","0","0","0","0","67301","0","0","0","N","0","0","0","1","67301","0","","6.0","","1","N","N","N","0","","0","0","0","","0","","","3","0","0","0","0","0","0","2","0","3","","","","N","","","","","","","","","",""
"2021021349","","1","0","0","0","0","0","0","0","0","7","0","","67","2","2021","1","39.893343","-75.230438","","6","0","0","0","0","1","0","0","0","","0","0","0","","","2","N","0","","39 53:36.033","2","0","75 13:49.577","3","0","0","0","67301","0","0","0","Y","0","0","0","2","68K01","0","","4.0","1655.0","9","N","N","N","0","","2","0","0","","0","N","","1","2","0","0","0","0","0","2","0","1","","05","","N","","","","","","","","","",""
"2021020011","","0","0","0","0","0","0","0","0","0","4","1","","67","2","2021","3","39.996878","-75.152663","","6","0","0","0","0","0","1","0","0","","0","1","0","","","1","","2","","39 59:48.760","","0","75 09:09.586","3","0","0","0","67301","0","0","0","N","0","0","0","4","67301","0","","1.0","","1","N","N","N","0","","1","0","1","","3","","","2","1","3","0","0","0","0","2","0","2","","","","N","","","","","","","","","",""
"2021021963","","0","0","0","0","0","0","0","0","0","8","0","","67","3","2021","6","40.070298","-75.15162","","6","0","0","0","0","0","0","0","0","","0","0","0","","","1","N","2","","40 04:13.071","","0","75 09:05.833","3","0","0","0","67301","1","0","0","N","1","0","0","1","67301","0","","9.0","","1","N","N","N","0","","1","0","0","","2","","","2","1","0","0","0","0","0","2","0","1","","03","","N","","","","","","","","","",""
"2021020087","","2","0","0","0","0","0","0","0","0","4","0","","67","2","2021","7","40.013701","-75.086446","","6","0","0","0","0","0","0","0","0","","0","0","0","","","1","N","0","","40 00:49.324","","0","75 05:11.205","4","0","0","0","67301","0","0","0","N","0","0","0","2","67301","1","","1.0","","1","N","N","N","0","","0","0","0","","0","","","2","1","0","0","0","0","0","2","0","2","","","","N","","","","","","","","","",""
"2021020365","","2","0","0","0","0","0","0","0","0","1","0","","67","2","2021","2","40.011052","-75.061945","","6","0","0","0","0","0","0","0","0","","0","0","0","","","0","N","0","","40 00:39.786","2","0","75 03:43.003","0","0","0","0","67301","0","0","0","N","0","0","0","3","68K01","0","","1.0","30.0","1","N","N","N","0","","0","0","1","","0","N","","3","0","0","0","0","0","0","2","0","3","","03","","N","","","","","","","","","",""
"2021006918","","2","0","0","0","0","0","0","0","0","4","0","","67","1","2021","5","40.045003","-75.123562","","6","0","0","0","0","0","0","0","0","","0","0","0","","","1","","1","","40 02:42.011","","0","75 07:24.823","3","0","0","0","67301","0","0","0","N","0","0","0","2","67301","0","","1.0","","1","N","N","N","0","","1","0","1","","1","","","3","1","0","0","0","0","0","2","0","3","","03","","N","","","","","","","","","",""
"2021041249","","0","0","0","0","0","0","0","0","0","0","1","","67","5","2021","4","40.031101","-75.021712","","6","0","0","0","0","0","0","0","0","","0","1","0","","","0","N","0","","40 01:51.962","2","0","75 01:18.163","0","0","0","0","67301","0","0","0","N","0","0","0","2","68K01","0","","1.0","1510.0","9","N","N","N","1","","0","0","0","","0","N","","2","0","0","0","0","0","0","2","0","2","","","","N","","","","","","","","","",""
"2021004693","","1","0","0","0","0","0","0","0","0","7","0","","67","1","2021","1","39.959816","-75.178331","","6","0","0","0","0","1","0","0","0","","0","0","0","","","0","N","0","","39 57:35.337","3","0","75 10:41.990","0","0","0","0","67301","0","0","0","N","0","0","0","1","68K01","0","","4.0","1130.0","1","N","N","Y","0","","0","0","0","","0","Y","","1","0","0","0","0","0","0","2","0","1","","","","N","","","","","","","","","",""
"2021017416","","1","0","0","0","0","0","0","0","0","1","0","","67","2","2021","4","40.097767","-74.984622","","6","0","0","0","0","0","0","0","0","","0","0","0","","","0","N","0","","40 05:51.960","","0","74 59:04.638","0","0","0","0","67301","0","0","0","N","0","0","0","1","67301","0","","6.0","","1","N","N","N","0","","0","0","1","","0","","","2","0","0","0","0","0","0","2","0","2","","03","","N","","","","","","","","","",""