"CRN","ARRIVAL_TM","AUTOMOBILE_COUNT","BELTED_DEATH_COUNT","BELTED_SUSP_SERIOUS_INJ_COUNT","BICYCLE_COUNT","BICYCLE_DEATH_COUNT","BICYCLE_SUSP_SERIOUS_INJ_COUNT","BUS_COUNT","CHLDPAS_DEATH_COUNT","CHLDPAS_SUSP_SERIOUS_INJ_COUNT","COLLISION_TYPE","COMM_VEH_COUNT","CONS_ZONE_SPD_LIM","COUNTY","CRASH_MONTH","CRASH_YEAR","DAY_OF_WEEK","DEC_LATITUDE","DEC_LONGITUDE","DISPATCH_TM","DISTRICT","DRIVER_COUNT_16YR","DRIVER_COUNT_17YR","DRIVER_COUNT_18YR","DRIVER_COUNT_19YR","DRIVER_COUNT_20YR","DRIVER_COUNT_50_64YR","DRIVER_COUNT_65_74YR","DRIVER_COUNT_75PLUS","EST_HRS_CLOSED","FATAL_COUNT","HEAVY_TRUCK_COUNT","HORSE_BUGGY_COUNT","HOUR_OF_DAY","ILLUMINATION","INJURY_COUNT","INTERSECTION_RELATED","INTERSECT_TYPE","LANE_CLOSED","LATITUDE","LN_CLOSE_DIR","LOCATION_TYPE","LONGITUDE","MAX_SEVERITY_LEVEL","MCYCLE_DEATH_COUNT","MCYCLE_SUSP_SERIOUS_INJ_COUNT","MOTORCYCLE_COUNT","MUNICIPALITY","NONMOTR_COUNT","NONMOTR_DEATH_COUNT","NONMOTR_SUSP_SERIOUS_INJ_COUNT","NTFY_HIWY_MAINT","PED_COUNT","PED_DEATH_COUNT","PED_SUSP_SERIOUS_INJ_COUNT","PERSON_COUNT","POLICE_AGCY","POSSIBLE_INJ_COUNT","RDWY_SURF_TYPE_CD","RELATION_TO_ROAD","ROADWAY_CLEARED","ROAD_CONDITION","SCH_BUS_IND","SCH_ZONE_IND","SECONDARY_CRASH","SMALL_TRUCK_COUNT","SPEC_JURIS_CD","SUSP_MINOR_INJ_COUNT","SUSP_SERIOUS_INJ_COUNT","SUV_COUNT","TCD_FUNC_CD","TCD_TYPE","TFC_DETOUR_IND","TIME_OF_DAY","TOTAL_UNITS","TOT_INJ_COUNT","UNBELTED_OCC_COUNT","UNB_DEATH_COUNT","UNB_SUSP_SERIOUS_INJ_COUNT","UNK_INJ_DEG_COUNT","UNK_INJ_PER_COUNT","URBAN_RURAL","VAN_COUNT","VEHICLE_COUNT","WEATHER1","WEATHER2","WORKERS_PRES","WORK_ZONE_IND","WORK_ZONE_LOC","WORK_ZONE_TYPE","WZ_CLOSE_DETOUR","WZ_FLAGGER","WZ_LAW_OFFCR_IND","WZ_LN_CLOSURE","WZ_MOVING","WZ_OTHER","WZ_SHLDER_MDN","WZ_WORKERS_INJ_KILLED"
"2021012392","","1","0","0","0","0","0","0","0","0","1","0","","67","2","2021","6","40.104067","-75.002366","","6","0","0","0","0","0","1","0","0","","0","0","0","","","0","N","0","","40 06:14.642","1","0","75 00:08.518","9","0","0","0","67301","0","0","0","N","0","0","0","4","67301","0","","1.0","815.0","9","N","N","N","1","","0","0","1","","2","N","","3","0","0","0","0","0","1","2","0","3","","10","","N","","","","","","","","","",""
"2021019176","","1","0","0","0","0","0","0","0","0","7","0","","67","2","2021","2","40.077733","-75.053831","","6","0","0","0","0","1","0","0","0","","0","0","0","","","0","N","0","","40 04:39.840","1","0","75 03:13.790","0","0","0","0","67301","0","0","0","N","0","0","0","1","67301","0","","4.0","2225.0","2","N","N","N","0","","0","0","0","","0","N","","1","0","0","0","0","0","0","2","0","1","","10","","N","","","","","","","","","",""
"2021007725","","1","0","0","0","0","0","0","0","0","4","0","","67","1","2021","4","39.942209","-75.153922","","6","0","0","0","0","0","0","0","0","","0","0","0","","","0","","1","","39 56:31.954","","0","75 09:14.118","0","0","0","0","67301","0","0","0","N","0","0","0","2","67301","0","","1.0","","1","N","N","N","0","","0","0","1","","2","","","2","0","0","0","0","0","0","2","0","2","","03","","N","","","","","","","","","",""
"2021018300","","1","0","0","0","0","0","1","0","0","4","1","","67","2","2021","2","40.103884","-75.00331","","6","0","0","0","0","0","0","1","0","","0","0","0","","","1","","2","","40 06:13.981","","0","75 00:11.916","8","0","0","0","67301","0","0","0","N","0","0","0","2","67301","0","","1.0","","9","N","N","N","0","","0","0","0","","3","","","2","1","0","0","0","1","0","2","0","2","","06","","N","","","","","","","","","",""
"2021018927","","1","0","0","0","0","0","0","0","0","7","0","","67","2","2021","2","39.990389","-75.151504","","6","0","0","0","0","0","0","0","0","","0","0","0","","","0","","2","","39 59:25.400","","0","75 09:05.414","0","0","0","0","67301","0","0","0","N","0","0","0","1","67301","0","","5.0","","9","N","N","N","0","","0","0","0","","3","","","1","0","0","0","0","0","0","2","0","1","","07","","N","","","","","","","","","",""
"2021007893","","1","0","0","0","0","0","0","0","0","7","0","","67","1","2021","2","39.968806","-75.19148","","6","0","0","0","0","0","0","0","0","","0","0","0","","","3","N","0","","39 58:07.703","4","0","75 11:29.327","3","0","0","0","67301","0","0","0","N","0","0","0","3","68K01","2","","3.0","20.0","1","N","N","N","0","","1","0","0","","0","N","","1","3","0","0","0","0","0","2","0","1","","03","","N","","","","","","","","","",""
"2021041093","","1","0","0","0","0","0","0","0","0","8","0","","67","5","2021","5","39.978228","-75.133572","","6","0","0","0","0","0","0","0","0","","0","0","0","","","1","N","0","","39 58:41.620","","0","75 08:00.860","3","0","0","0","67301","1","0","0","N","1","0","0","2","67301","0","","1.0","","1","N","N","N","0","","1","0","0","","2","","","2","1","0","0","0","0","1","2","0","1","","","","N","","","","","","","","","",""
"2021018191","","0","0","0","0","0","0","0","0","0","5","0","","67","2","2021","5","39.978853","-75.109067","","6","0","0","0","0","0","0","0","0","","0","0","0","","","0","N","0","","39 58:43.869","","0","75 06:32.642","0","0","0","0","67301","0","0","0","N","0","0","0","2","68K01","0","","1.0","","6","N","N","N","0","","0","0","2","","0","","","2","0","0","0","0","0","0","2","0","2","","","","N","","","","","","","","","",""
"2021004008","","1","0","0","0","0","0","0","0","0","7","0","","67","1","2021","3","39.958992","-75.170761","","6","0","0","0","0","0","0","0","0","","0","0","0","","","0","N","0","","39 57:32.370","4","0","75 10:14.741","0","0","0","0","67301","0","0","0","N","0","0","0","3","68K01","0","","4.0","150.0","1","N","N","N","0","","0","0","0","","0","N","","1","0","1","0","0","0","0","2","0","1","","","","N","","","","","","","","","",""
"2021002287","","1","0","0","0","0","0","0","0","0","4","0","","67","1","2021","3","39.999339","-75.135672","","6","0","0","0","0","0","0","0","0","","0","0","0","","","0","","2","","39 59:57.621","","7","75 08:08.418","9","0","0","0","67301","0","0","0","N","0","0","0","2","67301","0","","1.0","","1","N","N","N","0","","0","0","0","","2","","","2","0","0","0","0","0","2","2","1","2","","","","N","","","","","","","","","",""
"2021019455","","0","0","0","0","0","0","0","0","0","4","0","","67","2","2021","5","39.967669","-75.22995","","6","0","0","0","0","0","0","0","0","","0","0","0","","","0","N","0","","39 58:03.610","","0","75 13:47.820","0","0","0","0","67301","0","0","0","N","0","0","0","1","67301","0","","6.0","","1","N","N","N","0","","0","0","2","","0","","","2","0","1","0","0","0","0","2","0","2","","","","N","","","","","","","","","",""
"2021017415","","0","0","0","0","0","0","0","0","0","6","1","","67","2","2021","7","40.12933","-75.022482","","6","0","0","0","0","0","0","0","0","","0","1","0","","","0","N","0","","40 07:45.587","","0","75 01:20.935","0","0","0","0","67301","0","0","0","N","0","0","0","1","67301","0","","6.0","","2","N","N","N","0","","0","0","1","","0","","","2","0","0","0","0","0","0","2","0","2","","03","","N","","","","","","","","","",""
"2021006047","","1","0","0","0","0","0","0","0","0","0","0","","67","1","2021","6","40.019111","-75.130278","","6","0","0","0","0","0","0","0","0","","0","0","0","","","0","N","0","","40 01:08.800","","0","75 07:49.000","0","0","0","0","67301","0","0","0","N","0","0","0","1","67301","0","","1.0","","1","N","N","N","0","","0","0","0","","0","","","1","0","0","0","0","0","0","2","0","1","","03","","N","","","","","","","","","",""
"2021012161","","1","0","0","0","0","0","0","0","0","1","0","","67","2","2021","5","40.019976","-75.150681","","6","0","0","0","0","0","0","0","0","","0","0","0","","","0","N","0","","40 01:11.913","","0","75 09:02.450","0","0","0","0","67301","0","0","0","N","0","0","0","2","67301","0","","1.0","","98","N","N","N","0","","0","0","1","","0","","","2","0","1","0","0","0","0","2","0","2","","98","","N","","","","","","","","","",""
"2021006051","","2","0","0","0","0","0","0","0","0","5","0","","67","1","2021","1","40.018842","-75.124922","","6","0","0","0","0","0","0","0","0","","0","0","0","","","2","N","0","","40 01:07.830","1","0","75 07:29.720","3","0","0","0","67301","0","0","0","N","0","0","0","2","67301","0","","1.0","2330.0","1","N","N","N","0","","2","0","0","","0","N","","2","2","0","0","0","0","0","2","0","2","","03","","N","","","","","","","","","",""
"2021011525","","1","0","0","0","0","0","0","0","0","5","0","","67","2","2021","3","40.018108","-75.169319","","6","0","0","0","0","0","1","0","0","","0","0","0","","","1","","7","","40 01:05.190","","2","75 10:09.550","8","0","0","0","67301","0","0","0","N","0","0","0","1","67301","0","","7.0","","7","N","N","N","0","","0","0","1","","0","","","2","1","0","0","0","1","0","2","0","2","","10","","N","","","","","","","","","",""
"2021012834","","1","0","0","0","0","0","0","0","0","4","0","","67","2","2021","5","39.958058","-75.162286","","6","0","0","0","0","0","0","0","0","","0","0","0","","","2","","1","","39 57:29.007","","3","75 09:44.230","8","0","0","0","67301","0","0","0","N","0","0","0","3","67301","0","","1.0","","1","N","N","N","0","","0","0","0","","2","","","2","2","0","0","0","2","1","2","1","2","","03","","N","","","","","","","","","",""
"2021018999","","4","0","0","0","0","0","0","0","0","0","0","","67","2","2021","4","39.97314","-75.193902","","6","0","0","0","0","0","3","1","0","","0","0","0","","","1","N","0","","39 58:23.305","3","0","75 11:38.048","8","0","0","0","67301","0","0","0","N","0","0","0","7","68K01","0","","1.0","945.0","1","N","N","N","0","","0","0","3","","0","N","","7","1","0","0","0","1","0","2","0","7","","","","N","","","","","","","","","",""
"2021006027","","0","0","0","0","0","0","0","0","0","4","0","","67","1","2021","1","39.956404","-75.208445","","6","0","0","0","0","0","1","0","0","","0","0","0","","","0","","1","","39 57:23.054","","0","75 12:30.403","0","0","0","0","67301","0","0","0","N","0","0","0","2","67301","0","","1.0","","1","N","N","N","1","","0","0","1","","2","","","2","0","0","0","0","0","0","2","0","2","","03","","N","","","","","","","","","",""
"2021019178","","1","0","0","0","0","0","0","0","0","4","0","","67","2","2021","3","40.017178","-75.081326","","6","0","0","0","0","0","0","0","1","","0","1","0","","","1","","1","","40 01:01.842","","0","75 04:52.774","8","0","0","0","67301","0","0","0","N","0","0","0","1","67301","0","","1.0","","1","N","N","N","0","","0","0","0","","0","","","2","1","0","0","0","1","0","2","0","2","","03","","N","","","","","","","","","",""
"2021018922","","1","0","0","0","0","0","0","0","0","7","0","","67","2","2021","3","40.036904","-75.079806","","6","0","0","0","0","0","1","0","0","","0","0","0","","","1","","1","","40 02:12.854","","0","75 04:47.301","3","0","0","0","67301","0","0","0","N","0","0","0","1","67301","0","","5.0","","1","N","N","N","0","","1","0","0","","2","","","1","1","1","0","0","0","0","2","0","1","","","","N","","","","","","","","","",""
"2021009676","","1","0","0","0","0","0","0","0","0","4","0","","67","1","2021","6","40.011033","-75.104163","","6","0","0","0","0","0","0","0","0","","0","0","0","","","0","","1","","40 00:39.717","","0","75 06:14.985","0","0","0","0","67301","0","0","0","N","0","0","0","2","67301","0","","1.0","","1","N","N","N","0","","0","0","1","","2","","","2","0","1","0","0","0","0","2","0","2","","03","","N","","","","","","","","","",""
"2021019012","","0","0","0","0","0","0","0","0","0","1","0","","67","2","2021","4","39.927884","-75.196001","","6","0","0","0","0","0","1","0","0","","0","0","0","","","0","N","0","","39 55:40.384","3","0","75 11:45.602","0","0","0","0","67301","0","0","0","N","0","0","0","2","68K01","0","","1.0","1900.0","1","N","N","N","1","","0","0","1","","0","N","","2","0","0","0","0","0","0","2","0","2","","03","","N","","","","","","","","","",""
"2021034136","","2","0","0","0","0","0","0","0","0","1","0","","67","2","2021","6","39.988288","-75.15913","","6","0","0","0","0","0","0","0","0","","0","0","0","","","0","","1","","39 59:17.836","","0","75 09:32.867","9","0","0","0","67301","0","0","0","N","0","0","0","3","67301","0","","1.0","","1","N","N","N","0","","0","0","0","","2","","","2","0","0","0","0","0","2","2","0","2","","","","N","","","","","","","","","",""
"2021007727","","1","0","0","0","0","0","0","0","0","2","0","","67","1","2021","6","39.926518","-75.243693","","6","0","0","0","0","0","0","0","0","","0","0","0","","","0","N","0","","39 55:35.463","","0","75 14:37.295","0","0","0","0","67301","0","0","0","N","0","0","0","2","67301","0","","6.0","","1","N","N","N","0","","0","0","2","","0","","","3","0","0","0","0","0","0","2","0","3","","03","","N","","","","","","","","","",""
"2021017929","","1","0","0","0","0","0","0","0","0","2","0","","67","2","2021","7","39.995006","-75.179017","","6","0","0","0","0","0","1","0","0","","0","0","0","","","1","N","0","","39 59:42.021","","0","75 10:44.461","8","0","0","0","67301","0","0","0","N","0","0","0","4","67301","0","","1.0","","1","N","N","N","1","","0","0","0","","0","","","2","1","0","0","0","1","0","2","0","2","","03","","N","","","","","","","","","",""
"2021017483","","1","0","0","0","0","0","0","0","0","4","0","","67","2","2021","3","39.95768","-75.162367","","6","0","0","0","0","0","0","0","0","","0","0","0","","","1","","1","","39 57:27.649","","0","75 09:44.521","3","0","0","0","67301","0","0","0","N","0","0","0","2","67301","0","","1.0","","1","N","N","N","0","","1","0","1","","2","","","2","1","0","0","0","0","0","2","0","2","","03","","N","","","","","","","","","",""
"2021017788","","2","0","0","0","0","0","0","0","0","4","0","","67","2","2021","5","40.043188","-75.002971","","6","0","0","0","0","0","0","0","0","","0","0","0","","","1","N","0","","40 02:35.475","1","0","75 00:10.695","4","0","0","0","67301","0","0","0","N","0","0","0","2","68K01","1","","1.0","45.0","7","N","N","N","0","","0","0","0","","0","N","","2","1","0","0","0","0","0","2","0","2","","","","N","","","","","","","","","",""
"2021019009","","0","0","0","0","0","0","0","0","0","1","0","","67","2","2021","3","39.957708","-75.160622","","6","0","0","0","0","0","0","0","0","","0","0","0","","","1","N","0","","39 57:27.750","","0","75 09:38.238","8","0","0","0","67301","0","0","0","N","0","0","0","5","68K01","0","","1.0","","1","N","N","N","0","","0","0","2","","0","","","4","1","0","0","0","1","0","2","2","4","","","","N","","","","","","","","","",""
"2021018299","","1","0","0","0","0","0","0","0","0","6","0","","67","2","2021","7","40.116122","-75.005853","","6","0","0","0","0","0","1","0","0","","0","0","0","","","0","N","0","","40 06:58.040","","0","75 00:21.070","0","0","0","0","67301","0","0","0","N","0","0","0","2","67301","0","","1.0","","1","N","N","N","0","","0","0","1","","0","","","2","0","0","0","0","0","0","2","0","2","","03","","N","","","","","","","","","",""
"2021008358","","1","0","0","0","0","0","0","0","0","5","0","","67","1","2021","6","39.993578","-75.236733","","6","0","0","0","0","0","0","0","0","","0","0","0","","","0","N","0","","39 59:36.880","","0","75 14:12.240","0","0","0","0","67301","0","0","0","N","0","0","0","1","67301","0","","6.0","","1","N","N","N","0","","0","0","1","","0","","","2","0","0","0","0","0","0","2","0","2","","03","","N","","","","","","","","","",""
"2021010256","","3","0","0","0","0","0","0","0","0","5","0","","67","1","2021","7","40.018633","-75.074528","","6","0","0","0","0","0","0","0","0","","0","0","0","","","0","N","0","","40 01:07.080","","0","75 04:28.300","0","0","0","0","67301","0","0","0","N","0","0","0","1","67301","0","","6.0","","1","N","N","N","0","","0","0","0","","0","","","3","0","0","0","0","0","0","2","0","3","","03","","N","","","","","","","","","",""
"2021003676","","2","0","0","0","0","0","0","0","0","4","0","","67","1","2021","2","40.051546","-75.1501","","6","0","0","0","0","0","1","0","0","","0","0","0","","","4","","1","","40 03:05.564","1","0","75 09:00.360","3","0","0","0","67301","0","0","0","N","0","0","0","6","67301","0","","1.0","1935.0","1","N","N","N","0","","4","0","1","","2","Y","","3","4","0","0","0","0","0","2","0","3","","03","","N","","","","","","","","","",""
"2021019515","","1","0","0","0","0","0","0","0","0","5","0","","67","2","2021","4","40.029616","-75.103444","","6","0","0","0","0","0","0","1","0","","0","0","0","","","0","","1","","40 01:46.619","","0","75 06:12.397","0","0","0","0","67301","0","0","0","N","0","0","0","2","67301","0","","1.0","","1","N","N","N","0","","0","0","1","","2","","","2","0","0","0","0","0","0","2","0","2","","03","","N","","","","","","","","","",""
"2021018224","","1","0","0","0","0","0","0","0","0","5","1","","67","2","2021","7","39.890511","-75.220654","","6","0","0","0","0","0","0","0","0","","0","1","0","","","0","","7","","39 53:25.838","2","2","75 13:14.353","0","0","0","0","67301","0","0","0","N","0","0","0","2","68K01","0","","7.0","1545.0","1","N","N","N","0","","0","0","0","","0","N","","2","0","0","0","0","0","0","2","0","2","","03","","N","","","","","","","","","",""
"2021042025","","1","0","0","0","0","0","0","0","0","5","0","","67","5","2021","7","39.901621","-75.152103","","6","0","0","0","0","0","0","0","0","","0","0","0","","","1","N","0","","39 54:05.837","2","0","75 09:07.569","8","0","0","0","67301","0","0","0","N","0","0","0","2","68K01","0","","1.0","155.0","9","N","N","N","0","","0","0","0","","0","N","","2","1","0","0","0","1","1","2","0","2","","07","","N","","","","","","","","","",""
"2021019099","","1","0","0","0","0","0","0","0","0","4","0","","67","2","2021","3","39.958248","-75.223253","","6","0","0","0","0","0","0","0","0","","0","1","0","","","1","","1","","39 57:29.691","","0","75 13:23.712","4","0","0","0","67301","0","0","0","N","0","0","0","3","67301","1","","1.0","","1","N","N","N","0","","0","0","0","","2","","","2","1","0","0","0","0","0","2","0","2","","","","N","","","","","","","","","",""
"2021037154","","0","0","0","1","1","0","0","0","0","8","0","","67","4","2021","7","39.964394","-75.177708","","6","0","0","0","0","0","0","0","0","","1","0","0","","","0","N","1","","39 57:51.820","","0","75 10:39.750","1","0","0","0","67301","1","1","0","N","0","0","0","2","67301","0","2","1.0","","1","N","N","N","0","0","0","0","1","","0","","","2","0","0","0","0","0","0","2","0","1","","03","","N","","","","","","","","","",""
"2021017548","","2","0","0","0","0","0","0","0","0","5","0","","67","2","2021","5","40.037114","-75.013098","","6","0","0","0","0","0","1","0","0","","0","0","0","","","0","N","0","","40 02:13.612","1","0","75 00:47.151","0","0","0","0","67301","0","0","0","N","0","0","0","2","68K01","0","","1.0","1500.0","7","N","N","N","0","","0","0","0","","0","N","","2","0","0","0","0","0","0","2","0","2","","10","","N","","","","","","","","","",""
"2021012838","","1","0","0","0","0","0","0","0","0","4","0","","67","2","2021","1","39.985614","-75.213136","","6","0","0","0","0","0","0","0","0","","0","0","0","","","2","","1","","39 59:08.210","","0","75 12:47.290","4","0","0","0","67301","0","0","0","N","0","0","0","3","67301","2","","1.0","","1","N","N","N","0","","0","0","0","","3","","","2","2","0","0","0","0","0","2","0","2","","03","","N","","","","","","","","","",""
"2021019047","","1","0","0","0","0","0","0","0","0","98","0","","67","2","2021","2","39.991792","-75.202675","","6","0","0","0","0","0","0","0","0","","0","0","0","","","0","N","0","","39 59:30.452","","0","75 12:09.629","0","0","0","0","67301","0","0","0","N","0","0","0","1","68K01","0","","1.0","","1","N","N","N","0","","0","0","0","","0","","","1","0","0","0","0","0","0","2","0","1","","","","N","","","","","","","","","",""
"2021019516","","3","0","0","0","0","0","0","0","0","1","0","","67","2","2021","7","39.922861","-75.148094","","6","0","0","0","0","0","0","0","0","","0","0","0","","","0","N","0","","39 55:22.300","","0","75 08:53.140","0","0","0","0","67301","0","0","0","N","0","0","0","0","67301","0","","9.0","","9","N","N","N","0","","0","0","0","","0","","","3","0","0","0","0","0","0","2","0","3","","","","N","","","","","","","","","",""
"2021006064","","0","0","0","0","0","0","0","0","0","8","0","","67","1","2021","4","39.996366","-75.173349","","6","0","0","0","0","0","0","0","0","","0","0","0","","","1","N","0","","39 59:46.918","","0","75 10:24.056","3","0","0","0","67301","1","0","0","N","1","0","0","2","67301","0","","1.0","","99","N","N","N","0","","1","0","0","","0","","","2","1","0","0","0","0","1","2","0","1","","","","N","","","","","","","","","",""
"2021022929","","1","0","0","0","0","0","0","0","0","1","0","45","67","2","2021","1","39.899769","-75.161549","","6","0","0","0","0","0","0","0","0","","0","0","0","","","1","N","0","","39 53:59.169","","3","75 09:41.575","3","0","0","0","67301","0","0","0","N","0","0","0","3","68K01","0","","1.0","","1","N","N","N","0","","1","0","0","","0","","","3","1","0","0","0","0","1","2","1","3","","","N","Y","4","1","","","N","Y","","","","N"
"2021007674","","2","0","0","0","0","0","0","0","0","4","0","","67","1","2021","7","39.956552","-75.231667","","6","0","0","0","0","0","1","0","0","","0","0","0","","","2","","1","","39 57:23.587","","0","75 13:54.001","3","0","0","0","67301","0","0","0","N","0","0","0","3","67301","0","","1.0","","1","N","N","Y","0","","1","0","0","","3","","","2","2","0","0","0","1","1","2","0","2","","03","","N","","","","","","","","","",""
"2021007670","","0","0","0","0","0","0","0","0","0","4","0","","67","1","2021","5","40.086809","-75.039943","","6","0","0","0","0","0","1","0","0","","0","0","0","","","1","N","0","","40 05:12.513","","7","75 02:23.794","3","0","0","0","67301","0","0","0","N","0","0","0","3","67301","0","","1.0","","1","N","N","N","0","","1","0","2","","0","","","2","1","0","0","0","0","0","2","0","2","","03","","N","","","","","","","","","",""
"2021019517","","1","0","0","0","0","0","0","0","0","4","0","","67","2","2021","3","39.933428","-75.239141","","6","0","0","0","0","0","0","0","0","","0","0","0","","","0","N","0","","39 56:00.339","","0","75 14:20.909","0","0","0","0","67301","0","0","0","N","0","0","0","1","67301","0","","5.0","","2","N","N","N","0","","0","0","0","","0","","","1","0","0","0","0","0","0","2","0","1","","04","","N","","","","","","","","","",""
"2021002259","","1","0","0","0","0","0","0","0","0","7","0","","67","1","2021","2","39.919739","-75.202572","","6","0","0","0","0","0","0","0","0","","0","0","0","","","0","N","0","","39 55:11.059","","3","75 12:09.259","0","0","0","0","67301","0","0","0","N","0","0","0","2","67301","0","","3.0","","9","N","N","N","0","","0","0","1","","0","","","2","0","0","0","0","0","0","2","0","2","","03","","N","","","","","","","","","",""
"2021019547","","0","0","0","0","0","0","0","0","0","7","0","","67","2","2021","3","39.987305","-75.090034","","6","0","0","0","0","0","0","0","0","","0","0","0","","","0","N","0","","39 59:14.299","","0","75 05:24.121","0","0","0","0","67301","0","0","0","N","0","0","0","1","68K01","0","","2.0","","9","N","N","N","1","","0","0","0","","0","","","1","0","0","0","0","0","0","2","0","1","","","","N","","","","","","","","","",""
"2021039643","","3","0","0","0","0","0","0","0","0","4","0","","67","5","2021","7","39.935369","-75.144506","","6","0","0","0","0","0","0","0","0","","0","0","0","","","0","N","0","","39 56:07.330","3","0","75 08:40.220","0","0","0","0","67301","0","0","0","N","0","0","0","1","67301","0","","1.0","100.0","1","N","N","N","0","","0","0","0","","0","Y","","3","0","1","0","0","0","0","2","0","3","","","","N","","","","","","","","","",""
"2021004358","","1","0","0","0","0","0","0","0","0","7","0","45","67","1","2021","4","40.01758","-75.04934","","6","0","0","0","0","0","0","0","0","","0","0","0","","","1","N","0","","40 01:03.288","2","0","75 02:57.623","3","0","0","0","67301","0","0","0","N","0","0","0","1","68K01","0","","3.0","20.0","1","N","N","N","0","","1","0","0","","0","N","","1","1","0","0","0","0","0","2","0","1","","","N","Y","4","1","","","N","","","","Y","N"
"2021014462","","2","0","0","0","0","0","0","0","0","4","0","","67","2","2021","5","39.969081","-75.157746","","6","0","0","0","0","0","1","1","0","","0","0","0","","","1","","1","","39 58:08.691","","0","75 09:27.885","3","0","0","0","67301","0","0","0","N","0","0","0","2","67301","0","","1.0","","1","N","N","N","0","","1","0","0","","3","","","2","1","0","0","0","0","0","2","0","2","","04","","N","","","","","","","","","",""
"2021013853","","2","0","0","0","0","0","0","0","0","4","0","","67","2","2021","4","40.079536","-75.042176","","6","0","0","0","0","0","0","0","2","","0","0","0","","","1","","1","","40 04:46.328","1","0","75 02:31.835","3","0","0","0","67301","0","0","0","N","0","0","0","2","67301","0","","1.0","100.0","1","N","N","N","0","","1","0","0","","2","N","","2","1","1","0","0","0","0","2","0","2","","","","N","","","","","","","","","",""
"2021018182","","1","0","0","0","0","0","0","0","0","1","0","","67","2","2021","4","40.004543","-75.19579","","6","0","0","0","0","0","1","0","0","","0","0","0","","","1","N","0","","40 00:16.354","3","0","75 11:44.843","8","0","0","0","67301","0","0","0","N","0","0","0","2","68K01","0","","1.0","1720.0","1","N","N","N","0","","0","0","0","","0","N","","2","1","0","0","0","1","0","2","1","2","","03","","N","","","","","","","","","",""
"2021008267","","3","0","0","0","0","0","0","0","0","5","0","","67","1","2021","2","39.985084","-75.156406","","6","0","0","0","0","0","0","0","0","","0","0","0","","","2","N","0","","39 59:06.303","","7","75 09:23.060","4","0","0","0","67301","0","0","0","N","0","0","0","4","67505","1","","6.0","","1","N","N","Y","0","","0","0","0","","0","","","3","2","0","0","0","1","0","2","0","3","","03","","N","","","","","","","","","",""
"2021012622","","0","0","0","0","0","0","0","0","0","8","0","","67","2","2021","7","40.098222","-75.012294","","6","0","0","0","0","0","0","0","0","","0","0","0","","","1","N","0","","40 05:53.600","","0","75 00:44.260","8","0","0","0","67301","1","0","0","N","1","0","0","2","67301","0","","1.0","","1","N","N","N","0","","0","0","0","","0","","","2","1","0","0","0","1","1","2","0","1","","03","","N","","","","","","","","","",""
"2021014587","","1","0","0","0","0","0","0","0","0","1","0","","67","2","2021","5","40.076745","-75.033015","","6","0","0","0","0","0","0","0","0","","0","0","0","","","1","","1","","40 04:36.283","","0","75 01:58.853","4","0","0","0","67301","0","0","0","N","0","0","0","2","67301","1","","1.0","","8","N","N","N","1","","0","0","0","","2","","","2","1","0","0","0","0","0","2","0","2","","","","N","","","","","","","","","",""
"2021003750","","0","0","0","0","0","0","0","0","0","8","0","","67","1","2021","2","39.999911","-75.152631","","6","0","0","0","0","0","1","0","0","","0","0","0","","","1","N","0","","39 59:59.680","","0","75 09:09.470","4","0","0","0","67301","1","0","0","N","1","0","0","2","67301","1","","1.0","","1","N","N","N","0","","0","0","1","","0","","","2","1","1","0","0","0","0","2","0","1","","03","","N","","","","","","","","","",""
"2021020515","","0","0","0","0","0","0","0","0","0","5","0","","67","1","2021","1","40.040843","-75.005332","","6","0","0","0","0","0","1","0","0","","0","0","0","","","1","N","0","","40 02:27.035","2","0","75 00:19.195","4","0","0","0","67301","0","0","0","N","0","0","0","3","68K01","1","","1.0","2109.0","1","N","N","Y","0","","0","0","3","","0","N","","3","1","0","0","0","0","0","2","0","3","","","","N","","","","","","","","","",""
"2021018430","","0","0","0","0","0","0","0","0","0","5","1","","67","2","2021","1","39.959356","-75.180836","","6","0","0","0","0","0","0","0","0","","0","1","0","","","0","N","0","","39 57:33.683","","0","75 10:51.008","0","0","0","0","67301","0","0","0","N","0","0","0","2","68K01","0","","1.0","","1","N","N","N","0","","0","0","1","","0","","","2","0","0","0","0","0","0","2","0","2","","","","N","","","","","","","","","",""
"2021019006","","0","0","1","0","0","0","0","0","0","7","0","","67","2","2021","1","39.891649","-75.237","","6","0","0","0","0","0","1","0","0","","0","0","0","","","1","N","0","","39 53:29.937","1","0","75 14:13.200","2","0","0","0","67301","0","0","0","N","0","0","0","1","68K01","0","","4.0","1519.0","7","N","N","N","0","","0","1","1","","0","N","","1","1","0","0","0","0","0","2","0","1","","06","","N","","","","","","","","","",""
"2021014879","","1","0","0","0","0","0","0","0","0","7","0","","67","2","2021","6","39.98955","-75.155569","","6","0","0","0","0","0","0","0","0","","0","0","0","","","1","N","0","","39 59:22.381","5","0","75 09:20.048","2","0","0","0","67301","0","0","0","N","0","0","0","1","67301","0","","3.0","622.0","1","N","N","N","0","","0","1","0","","0","Y","","1","1","1","0","1","0","0","2","0","1","","03","","N","","","","","","","","","",""