"CRN","ARRIVAL_TM","AUTOMOBILE_COUNT","BELTED_DEATH_COUNT","BELTED_SUSP_SERIOUS_INJ_COUNT","BICYCLE_COUNT","BICYCLE_DEATH_COUNT","BICYCLE_SUSP_SERIOUS_INJ_COUNT","BUS_COUNT","CHLDPAS_DEATH_COUNT","CHLDPAS_SUSP_SERIOUS_INJ_COUNT","COLLISION_TYPE","COMM_VEH_COUNT","CONS_ZONE_SPD_LIM","COUNTY","CRASH_MONTH","CRASH_YEAR","DAY_OF_WEEK","DEC_LATITUDE","DEC_LONGITUDE","DISPATCH_TM","DISTRICT","DRIVER_COUNT_16YR","DRIVER_COUNT_17YR","DRIVER_COUNT_18YR","DRIVER_COUNT_19YR","DRIVER_COUNT_20YR","DRIVER_COUNT_50_64YR","DRIVER_COUNT_65_74YR","DRIVER_COUNT_75PLUS","EST_HRS_CLOSED","FATAL_COUNT","HEAVY_TRUCK_COUNT","HORSE_BUGGY_COUNT","HOUR_OF_DAY","ILLUMINATION","INJURY_COUNT","INTERSECTION_RELATED","INTERSECT_TYPE","LANE_CLOSED","LATITUDE","LN_CLOSE_DIR","LOCATION_TYPE","LONGITUDE","MAX_SEVERITY_LEVEL","MCYCLE_DEATH_COUNT","MCYCLE_SUSP_SERIOUS_INJ_COUNT","MOTORCYCLE_COUNT","MUNICIPALITY","NONMOTR_COUNT","NONMOTR_DEATH_COUNT","NONMOTR_SUSP_SERIOUS_INJ_COUNT","NTFY_HIWY_MAINT","PED_COUNT","PED_DEATH_COUNT","PED_SUSP_SERIOUS_INJ_COUNT","PERSON_COUNT","POLICE_AGCY","POSSIBLE_INJ_COUNT","RDWY_SURF_TYPE_CD","RELATION_TO_ROAD","ROADWAY_CLEARED","ROAD_CONDITION","SCH_BUS_IND","SCH_ZONE_IND","SECONDARY_CRASH","SMALL_TRUCK_COUNT","SPEC_JURIS_CD","SUSP_MINOR_INJ_COUNT","SUSP_SERIOUS_INJ_COUNT","SUV_COUNT","TCD_FUNC_CD","TCD_TYPE","TFC_DETOUR_IND","TIME_OF_DAY","TOTAL_UNITS","TOT_INJ_COUNT","UNBELTED_OCC_COUNT","UNB_DEATH_COUNT","UNB_SUSP_SERIOUS_INJ_COUNT","UNK_INJ_DEG_COUNT","UNK_INJ_PER_COUNT","URBAN_RURAL","VAN_COUNT","VEHICLE_COUNT","WEATHER1","WEATHER2","WORKERS_PRES","WORK_ZONE_IND","WORK_ZONE_LOC","WORK_ZONE_TYPE","WZ_CLOSE_DETOUR","WZ_FLAGGER","WZ_LAW_OFFCR_IND","WZ_LN_CLOSURE","WZ_MOVING","WZ_OTHER","WZ_SHLDER_MDN","WZ_WORKERS_INJ_KILLED"
"2021038209","","1","0","0","0","0","0","0","0","0","4","0","","67","4","2021","3","39.994259","-75.084351","","6","0","0","0","0","0","0","0","0","","0","0","0","","","2","N","0","","39 59:39.333","","0","75 05:03.665","3","0","0","0","67301","0","0","0","N","0","0","0","4","68K01","0","","1.0","","1","N","N","N","1","","2","0","1","","0","","","3","2","0","0","0","0","0","2","0","3","","","","N","","","","","","","","","",""
"2021011800","","1","0","0","0","0","0","0","0","0","7","0","","67","2","2021","5","40.015119","-75.177257","","6","0","0","0","0","0","0","0","0","","0","0","0","","","0","N","0","","40 00:54.429","1","0","75 10:38.125","0","0","0","0","67301","0","0","0","N","0","0","0","3","67301","0","","3.0","1332.0","9","N","N","N","0","","0","0","1","","0","N","","3","0","0","0","0","0","0","2","0","2","","98","","N","","","","","","","","","",""
"2021017710","","0","0","0","0","0","0","0","0","0","1","0","","67","2","2021","6","39.906883","-75.149791","","6","0","0","1","0","0","0","0","0","","0","0","0","","","2","N","0","","39 54:24.779","2","0","75 08:59.249","8","0","0","0","67301","0","0","0","Y","0","0","0","12","68K01","0","","3.0","1340.0","9","N","N","N","0","","0","0","2","","0","N","","2","2","0","0","0","2","0","2","0","2","","10","","N","","","","","","","","","",""
"2021013460","","0","0","0","0","0","0","0","0","0","8","0","","67","1","2021","5","39.959471","-75.233172","","6","0","0","0","0","0","0","0","0","","0","0","0","","","1","","1","","39 57:34.096","","0","75 13:59.419","3","0","0","0","67301","1","0","0","N","1","0","0","2","67301","0","","1.0","","1","N","N","N","0","","1","0","1","","2","","","2","1","0","0","0","0","0","2","0","1","","03","","N","","","","","","","","","",""
"2021012478","","2","0","0","0","0","0","0","0","0","4","0","","67","2","2021","6","39.988654","-75.106073","","6","0","0","0","0","0","0","0","0","","1","0","0","","","1","N","0","","39 59:19.154","5","0","75 06:21.863","1","0","0","0","67301","1","1","0","N","1","1","0","2","67301","0","2","6.0","1100.0","1","N","N","N","0","0","1","0","1","","0","Y","","4","1","0","0","0","0","0","2","0","3","","","","N","","","","","","","","","",""
"2021003038","","1","0","0","0","0","0","0","0","0","4","0","","67","1","2021","4","40.108419","-75.041197","","6","0","0","0","0","0","0","0","0","","0","0","0","","","1","","2","","40 06:30.309","","0","75 02:28.310","3","0","0","0","67301","0","0","0","N","0","0","0","3","67301","0","","1.0","","1","N","N","N","0","","1","0","0","","2","","","2","1","0","0","0","0","0","2","0","2","","03","","N","","","","","","","","","",""
"2021009911","","0","0","0","0","0","0","0","0","0","8","0","","67","1","2021","4","39.994773","-75.11545","","6","0","0","0","0","0","0","0","0","","0","0","0","","","1","","1","","39 59:41.182","","0","75 06:55.620","3","0","0","0","67301","1","0","0","N","1","0","0","2","67301","0","","1.0","","1","N","N","N","0","","1","0","0","","3","","","2","1","0","0","0","0","0","2","0","1","","03","","N","","","","","","","","","",""
"2021017560","","3","0","0","0","0","0","0","0","0","1","0","","67","1","2021","4","39.958305","-75.165258","","6","0","0","1","1","0","0","0","0","","0","0","0","","","2","N","0","","39 57:29.899","4","0","75 09:54.929","3","0","0","0","67301","0","0","0","N","0","0","0","4","68K01","0","","1.0","510.0","1","N","N","N","0","","1","0","0","","0","N","","3","2","0","0","0","1","0","2","0","3","","03","","N","","","","","","","","","",""
"2021019001","","2","0","0","0","0","0","0","0","0","1","0","","67","2","2021","7","39.885972","-75.210607","","6","0","0","0","0","0","0","0","0","","0","0","0","","","2","N","0","","39 53:09.498","","0","75 12:38.186","4","0","0","0","67301","0","0","0","N","0","0","0","3","68K01","1","","1.0","","9","N","N","N","0","","0","0","0","","0","","","2","2","0","0","0","1","1","2","0","2","","","","N","","","","","","","","","",""
"2021017781","","1","0","0","0","0","0","0","0","0","1","0","","67","2","2021","2","39.958477","-75.167602","","6","0","0","0","0","0","0","0","0","","0","0","0","","","1","N","0","","39 57:30.518","3","0","75 10:03.367","4","0","0","0","67301","0","0","0","N","0","0","0","2","68K01","1","","1.0","15.0","1","N","N","N","0","","0","0","1","","0","N","","2","1","0","0","0","0","0","2","0","2","","","","N","","","","","","","","","",""
"2021019520","","0","0","0","0","0","0","0","0","0","2","1","","67","2","2021","4","39.982401","-75.100964","","6","0","0","0","0","0","0","0","1","","0","1","0","","","1","","7","","39 58:56.643","","2","75 06:03.471","3","0","0","0","67301","0","0","0","N","0","0","0","2","67301","0","","1.0","","1","N","N","N","0","","1","0","1","","2","","","2","1","1","0","0","0","0","2","0","2","","03","","N","","","","","","","","","",""
"2021007375","","2","0","0","0","0","0","0","0","0","2","0","","67","1","2021","4","39.986557","-75.104615","","6","0","0","0","0","0","0","0","1","","0","0","0","","","1","N","0","","39 59:11.605","","0","75 06:16.615","3","0","0","0","67301","0","0","0","N","0","0","0","2","67301","0","","1.0","","1","N","N","Y","0","","1","0","0","","0","","","4","1","0","0","0","0","0","2","1","4","","","","N","","","","","","","","","",""
"2021019004","","2","0","0","0","0","0","0","0","0","4","0","","67","2","2021","1","39.968098","-75.129538","","6","0","0","0","0","0","0","0","0","","0","0","0","","","2","N","0","","39 58:05.151","1","0","75 07:46.336","4","0","0","0","67301","0","0","0","N","0","0","0","4","68K01","2","","1.0","1130.0","9","N","N","N","0","","0","0","0","","0","N","","2","2","0","0","0","0","0","2","0","2","","","","N","","","","","","","","","",""
"2021013660","","3","0","0","0","0","0","0","0","0","4","0","","67","2","2021","2","40.060703","-75.054156","","6","0","0","0","1","0","0","0","0","","0","0","0","","","0","","1","","40 03:38.529","","0","75 03:14.962","0","0","0","0","67301","0","0","0","N","0","0","0","3","67301","0","","1.0","","1","N","N","Y","0","","0","0","0","","2","","","3","0","3","0","0","0","0","2","0","3","","03","","N","","","","","","","","","",""
"2021005967","","1","0","0","0","0","0","0","0","0","4","0","","67","1","2021","1","40.117163","-75.00649","","6","0","0","0","0","0","0","0","0","","0","0","0","","","0","N","0","","40 07:01.786","","7","75 00:23.364","0","0","0","0","67301","0","0","0","N","0","0","0","2","67301","0","","1.0","","1","N","N","N","1","","0","0","0","","0","","","2","0","2","0","0","0","0","2","0","2","","03","","N","","","","","","","","","",""
"2021038026","","0","0","0","0","0","0","0","0","0","4","0","","67","4","2021","1","39.915656","-75.147847","","6","0","0","0","0","0","1","0","0","","0","0","0","","","4","N","0","","39 54:56.360","2","0","75 08:52.249","8","0","0","0","67301","0","0","0","N","0","0","0","4","68K01","0","","1.0","1513.0","1","N","N","N","0","","0","0","2","","0","N","","2","4","0","0","0","4","0","2","0","2","","","","N","","","","","","","","","",""
"2021035600","","1","0","0","0","0","0","0","0","0","8","0","","67","4","2021","5","39.998041","-75.125401","","6","0","0","0","0","0","0","0","0","","0","0","0","","","1","","1","","39 59:52.946","4","0","75 07:31.445","2","0","0","0","67301","1","0","1","N","1","0","1","2","67301","0","","1.0","740.0","1","N","Y","N","0","","0","1","0","","2","N","","2","1","0","0","0","0","0","2","0","1","","04","","N","","","","","","","","","",""
"2021007297","","2","0","0","0","0","0","0","0","0","5","0","","67","1","2021","1","39.995056","-75.126056","","6","0","0","0","0","0","0","0","0","","0","0","0","","","0","N","0","","39 59:42.200","","0","75 07:33.800","0","0","0","0","67301","0","0","0","N","0","0","0","1","67301","0","","6.0","","1","N","N","N","0","","0","0","4","","0","","","6","0","0","0","0","0","0","2","0","6","","03","","N","","","","","","","","","",""
"2021011518","","1","0","0","0","0","0","0","0","0","1","0","","67","1","2021","1","39.931109","-75.232293","","6","0","0","0","0","0","0","1","0","","0","0","0","","","0","","1","","39 55:51.993","","0","75 13:56.255","0","0","0","0","67301","0","0","0","N","0","0","0","2","67301","0","","1.0","","7","N","N","N","0","","0","0","1","","2","","","2","0","0","0","0","0","0","2","0","2","","10","","N","","","","","","","","","",""
"2021006384","","4","0","0","0","0","0","0","0","0","5","0","","67","1","2021","6","39.939183","-75.235217","","6","0","0","0","0","0","0","0","0","","0","0","0","","","1","","2","","39 56:21.059","","0","75 14:06.781","3","0","0","0","67301","0","0","0","N","0","0","0","3","67301","0","","1.0","","1","N","N","N","0","","1","0","0","","0","","","4","1","0","0","0","0","1","2","0","4","","03","","N","","","","","","","","","",""
"2021002597","","2","0","0","0","0","0","0","0","0","4","0","","67","1","2021","3","40.032999","-75.069259","","6","0","0","0","0","0","0","0","0","","0","0","0","","","1","","1","","40 01:58.795","","0","75 04:09.333","3","0","0","0","67301","0","0","0","N","0","0","0","2","67301","0","","1.0","","1","N","N","N","0","","1","0","2","","2","","","4","1","0","0","0","0","0","2","0","4","","03","","N","","","","","","","","","",""
"2021001480","","1","0","0","0","0","0","0","0","0","7","0","","67","1","2021","1","40.039718","-75.007056","","6","0","0","0","0","0","0","0","0","","0","0","0","","","1","N","0","","40 02:22.984","2","0","75 00:25.403","8","0","0","0","67301","0","0","0","N","0","0","0","1","68K01","0","","3.0","2111.0","9","N","N","N","0","","0","0","0","","0","Y","","1","1","0","0","0","1","0","2","0","1","","07","","N","","","","","","","","","",""
"2021017837","","3","0","0","0","0","0","0","0","0","1","0","","67","2","2021","1","40.045236","-75.165064","","6","0","0","0","0","1","0","0","0","","0","0","0","","","2","N","0","","40 02:42.850","3","0","75 09:54.230","3","0","0","0","67301","0","0","0","N","0","0","0","4","67301","0","","1.0","1155.0","9","N","N","Y","0","","2","0","0","","0","N","","3","2","0","0","0","0","0","2","0","3","","10","","N","","","","","","","","","",""
"2021003498","","0","0","0","0","0","0","0","0","0","7","0","","67","1","2021","1","40.049043","-74.989209","","6","0","0","0","0","0","0","0","0","","0","0","0","","","0","N","0","","40 02:56.556","","0","74 59:21.151","0","0","0","0","67301","0","0","0","N","0","0","0","1","67301","0","","4.0","","1","N","N","N","0","","0","0","1","","0","","","1","0","0","0","0","0","0","2","0","1","","03","","N","","","","","","","","","",""
"2021017486","","2","0","0","0","0","0","0","0","0","1","0","","67","2","2021","6","40.017563","-75.172847","","6","0","0","1","0","1","1","0","0","","0","0","0","","","0","N","0","","40 01:03.228","2","0","75 10:22.250","0","0","0","0","67301","0","0","0","N","0","0","0","5","67301","0","","1.0","2025.0","6","N","N","N","0","","0","0","2","","0","N","","4","0","0","0","0","0","0","2","0","4","","06","","N","","","","","","","","","",""
"2021017341","","1","0","0","0","0","0","0","0","0","1","1","","67","2","2021","5","39.947778","-75.227428","","6","0","0","0","0","0","0","0","0","","0","1","0","","","1","","1","","39 56:52.000","","0","75 13:38.740","3","0","0","0","67301","0","0","0","N","0","0","0","2","67301","0","","1.0","","6","N","N","N","0","","1","0","0","","2","","","2","1","0","0","0","0","0","2","0","2","","10","","N","","","","","","","","","",""
"2021018141","","1","0","0","0","0","0","0","0","0","5","0","","67","2","2021","6","40.033089","-75.020391","","6","0","0","0","0","0","1","1","0","","0","0","0","","","0","N","0","","40 01:59.119","1","3","75 01:13.409","0","0","0","0","67301","0","0","0","N","0","0","0","3","68K01","0","","1.0","1209.0","9","N","N","N","0","","0","0","1","","0","N","","2","0","0","0","0","0","0","2","0","2","","","","N","","","","","","","","","",""
"2021018806","","1","0","0","0","0","0","0","0","0","1","1","","67","2","2021","3","40.003185","-75.152576","","6","0","0","0","0","0","0","0","0","","0","1","0","","","0","","5","","40 00:11.467","","0","75 09:09.273","0","0","0","0","67301","0","0","0","N","0","0","0","3","67301","0","","1.0","","9","N","N","N","0","","0","0","0","","2","","","2","0","0","0","0","0","0","2","0","2","","03","","N","","","","","","","","","",""
"2021007884","","1","0","0","0","0","0","0","0","0","1","0","","67","1","2021","1","39.900231","-75.157789","","6","0","0","1","0","0","0","0","0","","0","0","0","","","0","N","0","","39 54:00.831","1","3","75 09:28.041","9","0","0","0","67301","0","0","0","N","0","0","0","7","68K01","0","","1.0","1810.0","1","N","N","N","0","","0","0","1","","0","N","","3","0","0","0","0","0","1","2","0","3","","","","N","","","","","","","","","",""
"2021011513","","0","0","0","0","0","0","0","0","0","8","0","","67","1","2021","6","39.957796","-75.160214","","6","0","0","0","0","0","0","0","0","","0","0","0","","","1","","1","","39 57:28.064","","3","75 09:36.770","3","0","0","0","67301","1","0","0","N","1","0","0","2","67301","0","","1.0","","1","N","N","N","0","","1","0","1","","2","","","2","1","0","0","0","0","0","2","0","1","","","","N","","","","","","","","","",""
"2021015834","","0","0","0","0","0","0","0","0","0","8","0","","67","2","2021","7","39.962381","-75.243886","","6","0","0","0","0","0","0","0","0","","0","0","0","","","1","N","0","","39 57:44.572","","0","75 14:37.989","8","0","0","0","67301","1","0","0","N","1","0","0","1","67301","0","","9.0","","99","N","N","N","0","","0","0","0","","9","U","","2","1","0","0","0","1","0","2","0","1","","","","N","","","","","","","","","",""
"2021006826","","1","0","0","0","0","0","0","0","0","4","0","","67","1","2021","3","39.954858","-75.151138","","6","0","0","0","1","0","1","0","0","","0","0","0","","","1","","1","","39 57:17.490","","0","75 09:04.096","3","0","0","0","67301","0","0","0","N","0","0","0","3","67301","0","","1.0","","1","N","N","N","0","","1","0","1","","2","","","2","1","0","0","0","0","0","2","0","2","","03","","N","","","","","","","","","",""
"2021016574","","0","0","0","0","0","0","0","0","0","7","1","45","67","2","2021","6","40.011738","-75.060298","","6","0","0","0","0","0","0","0","0","","0","1","0","","","0","N","0","","40 00:42.256","1","0","75 03:37.074","0","0","0","0","67301","0","0","0","Y","0","0","0","1","68K01","0","","4.0","1630.0","1","N","N","N","0","","0","0","0","","0","N","","1","0","0","0","0","0","0","2","0","1","","","Y","Y","4","1","N","N","N","N","N","N","Y","N"
"2021015537","","0","0","0","0","0","0","0","0","0","1","2","","67","2","2021","1","39.916598","-75.217986","","6","0","0","0","0","0","0","0","0","","0","2","0","","","0","N","0","","39 54:59.753","3","0","75 13:04.750","0","0","0","0","67301","0","0","0","N","0","0","0","1","67301","0","","1.0","200.0","2","N","N","Y","1","","0","0","0","","0","Y","","3","0","0","0","0","0","0","2","0","3","","04","","N","","","","","","","","","",""
"2021015536","","0","0","0","0","0","0","0","0","0","1","1","","67","2","2021","1","39.916679","-75.21754","","6","0","0","0","0","0","0","0","0","","0","1","0","","","0","N","0","","39 55:00.044","3","0","75 13:03.144","0","0","0","0","67301","0","0","0","N","0","0","0","2","67301","0","","1.0","200.0","2","N","N","Y","1","","0","0","0","","0","Y","","2","0","0","0","0","0","0","2","0","2","","04","","N","","","","","","","","","",""
"2021015836","","1","0","0","0","0","0","0","0","0","4","0","","67","2","2021","1","39.984849","-75.237235","","6","0","0","0","0","0","1","0","0","","0","1","0","","","1","","5","","39 59:05.457","","0","75 14:14.047","3","0","0","0","67301","0","0","0","N","0","0","0","4","67301","0","","1.0","","2","N","N","N","0","","1","0","1","","2","","","3","1","0","0","0","0","0","2","0","3","","04","","N","","","","","","","","","",""
"2021015477","","1","0","0","0","0","0","0","0","0","7","0","","67","2","2021","1","40.0147","-75.070992","","6","0","0","0","0","0","1","0","0","","0","0","0","","","1","N","0","","40 00:52.921","","0","75 04:15.570","2","0","0","0","67301","0","0","0","N","0","0","0","1","67301","0","","5.0","","2","N","N","N","0","","0","1","0","","0","","","1","1","0","0","0","0","0","2","0","1","","","","N","","","","","","","","","",""
"2021016653","","2","0","0","0","0","0","0","0","0","1","0","99","67","2","2021","3","39.973624","-75.121794","","6","0","0","0","0","0","0","0","0","","0","0","0","","","1","N","0","","39 58:25.045","","0","75 07:18.460","4","0","0","0","67301","0","0","0","N","0","0","0","2","67301","1","","1.0","","1","N","N","N","0","","0","0","0","","0","U","","2","1","0","0","0","0","1","2","0","2","","","N","Y","3","1","N","N","N","Y","N","N","N","N"
"2021016356","","2","0","0","0","0","0","0","0","0","1","0","","67","2","2021","7","39.991898","-75.109331","","6","0","0","0","0","0","0","0","0","","0","0","0","","","0","","1","","39 59:30.833","","0","75 06:33.593","0","0","0","0","67301","0","0","0","N","0","0","0","3","67301","0","","1.0","","9","N","N","N","0","","0","0","1","","3","","","3","0","0","0","0","0","0","2","0","3","","","","N","","","","","","","","","",""
"2021014696","","1","0","0","0","0","0","0","0","0","4","1","","67","2","2021","2","39.895431","-75.233493","","6","0","0","0","0","0","0","0","0","","0","1","0","","","0","","2","","39 53:43.553","","0","75 14:00.574","0","0","0","0","67301","0","0","0","N","0","0","0","2","67301","0","","1.0","","1","N","N","Y","0","","0","0","0","","2","","","2","0","1","0","0","0","0","2","0","2","","04","","N","","","","","","","","","",""
"2021015245","","1","0","0","0","0","0","0","0","0","2","1","","67","2","2021","6","40.002758","-75.161923","","6","0","0","0","0","0","1","0","0","","0","1","0","","","1","N","0","","40 00:09.928","6","7","75 09:42.922","8","0","0","0","67301","0","0","0","N","0","0","0","3","67301","0","","1.0","650.0","1","N","N","N","0","","0","0","0","","7","Y","","3","1","1","0","0","1","0","2","1","3","","03","","N","","","","","","","","","",""
"2021016748","","1","0","0","0","0","0","0","0","0","0","0","","67","2","2021","4","39.992311","-75.19438","","6","0","0","0","0","0","0","0","0","","0","0","0","","","1","N","0","","39 59:32.321","","0","75 11:39.767","8","0","0","0","67301","0","0","0","N","0","0","0","1","67301","0","","1.0","","2","N","N","N","0","","0","0","0","","0","","","1","1","0","0","0","1","0","2","0","1","","03","","N","","","","","","","","","",""
"2021016881","","1","0","0","0","0","0","0","0","0","7","0","","67","2","2021","5","40.06933","-75.039739","","6","0","0","0","0","1","0","0","0","","0","0","0","","","0","N","0","","40 04:09.588","2","0","75 02:23.060","0","0","0","0","67301","0","0","0","N","0","0","0","2","67301","0","","4.0","1405.0","7","N","N","N","0","","0","0","0","","0","N","","1","0","0","0","0","0","0","2","0","1","","06","","N","","","","","","","","","",""
"2021016567","","2","0","0","0","0","0","0","0","0","1","0","","67","2","2021","5","39.883659","-75.244722","","6","0","0","0","0","0","0","0","0","","0","0","0","","","0","N","0","","39 53:01.173","","0","75 14:40.998","0","0","0","0","67301","0","0","0","N","0","0","0","1","68K01","0","","2.0","","6","N","N","N","0","","0","0","0","","0","","","2","0","0","0","0","0","0","2","0","2","","","","N","","","","","","","","","",""
"2021016518","","0","0","0","0","0","0","0","0","0","5","1","","67","1","2021","3","40.019713","-75.044495","","6","0","0","0","0","0","0","0","0","","0","1","0","","","0","N","0","","40 01:10.965","","0","75 02:40.181","0","0","0","0","67301","0","0","0","N","0","0","0","3","68K01","0","","1.0","","9","N","N","N","0","","0","0","1","","0","","","2","0","0","0","0","0","0","2","0","2","","","","N","","","","","","","","","",""
"2021015426","","1","0","0","0","0","0","0","0","0","7","0","","67","2","2021","6","39.983946","-75.215098","","6","0","0","0","0","0","1","0","0","","0","0","0","","","1","N","0","","39 59:02.207","","0","75 12:54.354","3","0","0","0","67301","0","0","0","N","0","0","0","1","67301","0","","4.0","","1","N","N","N","0","","1","0","0","","0","","","1","1","0","0","0","0","0","2","0","1","","03","","N","","","","","","","","","",""
"2021015541","","1","0","0","0","0","0","0","0","0","8","0","","67","2","2021","2","39.985548","-75.18774","","6","0","0","0","0","0","0","0","0","","1","0","0","","","0","N","0","","39 59:07.971","","0","75 11:15.865","1","0","0","0","67301","1","1","0","N","1","1","0","2","67301","0","2","1.0","","1","N","N","N","0","0","0","0","0","","0","","","2","0","0","0","0","0","0","2","0","1","","03","","N","","","","","","","","","",""
"2021019002","","2","0","0","0","0","0","0","0","0","1","0","","67","2","2021","7","39.938379","-75.197754","","6","0","0","0","0","0","0","0","0","","0","0","0","","","0","N","0","","39 56:18.163","3","0","75 11:51.914","9","0","0","0","67301","0","0","0","N","0","0","0","2","68K01","0","","1.0","1105.0","1","N","N","N","0","","0","0","0","","0","N","","2","0","0","0","0","0","1","2","0","2","","","","N","","","","","","","","","",""
"2021016619","","2","0","0","0","0","0","0","0","0","1","0","","67","1","2021","3","40.024757","-75.030207","","6","0","0","1","0","0","0","0","0","","0","0","0","","","0","N","0","","40 01:29.125","","0","75 01:48.745","0","0","0","0","67301","0","0","0","N","0","0","0","3","68K01","0","","1.0","","1","N","N","N","1","","0","0","0","","0","","","3","0","0","0","0","0","0","2","0","3","","03","","N","","","","","","","","","",""
"2021041967","","2","0","0","0","0","0","0","0","0","4","0","","67","5","2021","1","40.025393","-75.126111","","6","0","0","0","0","0","1","0","0","","0","0","0","","","0","N","0","","40 01:31.414","","0","75 07:33.998","0","0","0","0","67301","0","0","0","N","0","0","0","2","67301","0","","1.0","","9","N","N","N","0","","0","0","0","","2","","","2","0","0","0","0","0","0","2","0","2","","","","N","","","","","","","","","",""
"2021014940","","0","0","0","0","0","0","0","0","0","7","0","","67","2","2021","6","39.960939","-75.216547","","6","0","0","0","0","0","0","0","0","","0","0","0","","","0","N","0","","39 57:39.380","","0","75 12:59.570","0","0","0","0","67301","0","0","0","N","0","0","0","1","67301","0","","6.0","","2","N","N","N","0","","0","0","1","","0","","","1","0","0","0","0","0","0","2","0","1","","98","","N","","","","","","","","","",""
"2021014683","","1","0","0","0","0","0","0","1","0","4","0","","67","2","2021","5","40.036314","-75.064305","","6","0","0","0","0","0","0","0","0","","1","0","0","","","2","N","1","","40 02:10.729","6","0","75 03:51.497","1","0","0","0","67301","0","0","0","N","0","0","0","5","67301","1","2","1.0","300.0","1","N","N","N","0","0","0","1","1","","2","Y","","2","2","0","0","0","0","1","2","0","2","","03","","N","","","","","","","","","",""
"2021015920","","2","0","0","0","0","0","0","0","0","4","0","","67","1","2021","7","40.003818","-75.190519","","6","0","0","0","0","0","0","0","0","","1","0","0","","","3","N","0","","40 00:13.744","5","0","75 11:25.869","1","0","0","0","67301","0","0","0","N","0","0","0","4","67301","0","2","1.0","300.0","1","N","N","N","0","0","1","2","0","","0","Y","","2","3","0","0","0","0","0","2","0","2","","03","","N","","","","","","","","","",""
"2021015665","","1","0","0","0","0","0","0","0","0","1","0","","67","2","2021","3","40.012128","-75.149067","","6","0","0","0","0","0","1","0","0","","0","0","0","","","1","N","0","","40 00:43.660","","0","75 08:56.640","2","0","0","0","67301","0","0","0","N","0","0","0","1","67301","0","","1.0","","2","N","N","N","0","","0","1","1","","0","","","2","1","1","0","1","0","0","2","0","2","","03","","N","","","","","","","","","",""
"2021016125","","0","0","0","0","0","0","0","0","0","5","0","","67","2","2021","2","39.959894","-75.140396","","6","0","0","0","0","0","1","1","0","","0","0","0","","","2","N","0","","39 57:35.619","","0","75 08:25.425","8","0","0","0","67301","0","0","0","N","0","0","0","4","68K01","0","","1.0","","6","N","N","N","1","","0","0","2","","0","","","3","2","0","0","0","2","0","2","0","3","","","","N","","","","","","","","","",""
"2021003241","","1","0","0","0","0","0","0","0","0","4","0","","67","1","2021","7","40.094814","-75.050726","","6","0","0","0","0","0","1","0","0","","0","0","0","","","3","","1","","40 05:41.329","2","0","75 03:02.612","3","0","0","0","67301","0","0","0","N","0","0","0","3","67301","0","","1.0","45.0","1","N","N","N","0","","3","0","1","","2","N","","2","3","0","0","0","0","0","2","0","2","","03","","N","","","","","","","","","",""
"2021016667","","1","0","0","0","0","0","0","0","0","4","0","","67","2","2021","3","39.990489","-75.124236","","6","0","0","0","0","0","0","0","0","","0","0","0","","","1","N","0","","39 59:25.760","","1","75 07:27.250","4","0","0","0","67301","0","0","0","N","0","0","0","1","67301","1","","1.0","","9","N","N","N","0","","0","0","1","","0","","","2","1","0","0","0","0","0","2","0","2","","07","","N","","","","","","","","","",""
"2021015919","","0","0","0","0","0","0","0","0","0","7","1","","67","2","2021","2","40.043515","-75.113884","","6","0","0","0","0","0","0","0","0","","0","1","0","","","0","N","0","","40 02:36.654","6","0","75 06:49.981","0","0","0","0","67301","0","0","0","N","0","0","0","1","67301","0","","3.0","956.0","1","N","N","N","0","","0","0","0","","0","Y","","1","0","0","0","0","0","0","2","0","1","","","","N","","","","","","","","","",""
"2021041355","","0","0","0","0","0","0","0","0","0","5","1","99","67","5","2021","6","39.91225","-75.170639","","6","0","0","0","0","0","2","0","0","","0","1","0","","","1","","6","","39 54:44.100","4","8","75 10:14.300","8","0","0","0","67301","0","0","0","N","0","0","0","4","67501","0","","7.0","1450.0","1","N","N","N","0","","0","0","1","","4","N","","2","1","0","0","0","1","0","2","0","2","","","U","Y","4","1","","","U","Y","","","","N"
"2021014984","","1","0","0","0","0","0","0","0","0","7","0","","67","2","2021","4","39.881558","-75.246256","","6","0","0","0","0","0","1","0","0","","0","0","0","","","0","N","0","","39 52:53.608","2","0","75 14:46.523","0","0","0","0","67301","0","0","0","N","0","0","0","1","68K01","0","","1.0","2249.0","1","N","N","N","0","","0","0","0","","0","N","","1","0","0","0","0","0","0","2","0","1","","03","","N","","","","","","","","","",""
"2021028652","","0","0","0","0","0","0","0","0","0","8","0","","67","3","2021","7","39.998652","-75.070856","","6","0","0","0","0","0","0","0","1","","0","0","0","","","1","","1","","39 59:55.146","","0","75 04:15.080","3","0","0","0","67301","1","0","0","N","1","0","0","2","67301","0","","1.0","","1","N","N","N","0","","1","0","1","","2","","","2","1","0","0","0","0","0","2","0","1","","","","N","","","","","","","","","",""
"2021016136","","1","0","0","0","0","0","0","0","0","7","1","","67","2","2021","6","40.006206","-75.197938","","6","0","0","0","0","1","0","1","0","","0","1","0","","","2","N","0","","40 00:22.343","3","0","75 11:52.576","3","0","0","0","67301","0","0","0","N","0","0","0","3","68K01","0","","4.0","418.0","1","N","N","N","0","","2","0","0","","0","N","","2","2","0","0","0","0","0","2","0","2","","","","N","","","","","","","","","",""
"2021015233","","1","0","0","0","0","0","0","0","0","2","0","","67","2","2021","1","39.915191","-75.229246","","6","0","0","0","0","0","0","0","0","","0","0","0","","","1","","11","","39 54:54.689","","0","75 13:45.286","3","0","0","0","67301","0","0","0","N","0","0","0","3","67301","0","","1.0","","2","N","N","N","1","","1","0","0","","3","","","2","1","0","0","0","0","0","2","0","2","","09","","N","","","","","","","","","",""