"CRN","ARRIVAL_TM","AUTOMOBILE_COUNT","BELTED_DEATH_COUNT","BELTED_SUSP_SERIOUS_INJ_COUNT","BICYCLE_COUNT","BICYCLE_DEATH_COUNT","BICYCLE_SUSP_SERIOUS_INJ_COUNT","BUS_COUNT","CHLDPAS_DEATH_COUNT","CHLDPAS_SUSP_SERIOUS_INJ_COUNT","COLLISION_TYPE","COMM_VEH_COUNT","CONS_ZONE_SPD_LIM","COUNTY","CRASH_MONTH","CRASH_YEAR","DAY_OF_WEEK","DEC_LATITUDE","DEC_LONGITUDE","DISPATCH_TM","DISTRICT","DRIVER_COUNT_16YR","DRIVER_COUNT_17YR","DRIVER_COUNT_18YR","DRIVER_COUNT_19YR","DRIVER_COUNT_20YR","DRIVER_COUNT_50_64YR","DRIVER_COUNT_65_74YR","DRIVER_COUNT_75PLUS","EST_HRS_CLOSED","FATAL_COUNT","HEAVY_TRUCK_COUNT","HORSE_BUGGY_COUNT","HOUR_OF_DAY","ILLUMINATION","INJURY_COUNT","INTERSECTION_RELATED","INTERSECT_TYPE","LANE_CLOSED","LATITUDE","LN_CLOSE_DIR","LOCATION_TYPE","LONGITUDE","MAX_SEVERITY_LEVEL","MCYCLE_DEATH_COUNT","MCYCLE_SUSP_SERIOUS_INJ_COUNT","MOTORCYCLE_COUNT","MUNICIPALITY","NONMOTR_COUNT","NONMOTR_DEATH_COUNT","NONMOTR_SUSP_SERIOUS_INJ_COUNT","NTFY_HIWY_MAINT","PED_COUNT","PED_DEATH_COUNT","PED_SUSP_SERIOUS_INJ_COUNT","PERSON_COUNT","POLICE_AGCY","POSSIBLE_INJ_COUNT","RDWY_SURF_TYPE_CD","RELATION_TO_ROAD","ROADWAY_CLEARED","ROAD_CONDITION","SCH_BUS_IND","SCH_ZONE_IND","SECONDARY_CRASH","SMALL_TRUCK_COUNT","SPEC_JURIS_CD","SUSP_MINOR_INJ_COUNT","SUSP_SERIOUS_INJ_COUNT","SUV_COUNT","TCD_FUNC_CD","TCD_TYPE","TFC_DETOUR_IND","TIME_OF_DAY","TOTAL_UNITS","TOT_INJ_COUNT","UNBELTED_OCC_COUNT","UNB_DEATH_COUNT","UNB_SUSP_SERIOUS_INJ_COUNT","UNK_INJ_DEG_COUNT","UNK_INJ_PER_COUNT","URBAN_RURAL","VAN_COUNT","VEHICLE_COUNT","WEATHER1","WEATHER2","WORKERS_PRES","WORK_ZONE_IND","WORK_ZONE_LOC","WORK_ZONE_TYPE","WZ_CLOSE_DETOUR","WZ_FLAGGER","WZ_LAW_OFFCR_IND","WZ_LN_CLOSURE","WZ_MOVING","WZ_OTHER","WZ_SHLDER_MDN","WZ_WORKERS_INJ_KILLED"
"2021015527","","2","0","0","0","0","0","0","0","0","4","0","","67","2","2021","2","40.006188","-75.151929","","6","0","0","0","1","0","0","1","0","","0","0","0","","","2","","1","","40 00:22.276","5","0","75 09:06.943","8","0","0","0","67301","0","0","0","N","0","0","0","2","67505","0","","1.0","1040.0","1","N","N","N","0","","0","0","0","","2","Y","","2","2","0","0","0","2","0","2","0","2","","03","","N","","","","","","","","","",""
"2021015833","","1","0","0","0","0","0","0","0","0","1","0","","67","2","2021","5","39.992417","-75.219231","","6","0","0","0","0","0","0","0","0","","0","0","0","","","1","N","0","","39 59:32.700","","99","75 13:09.230","4","0","0","0","67301","0","0","0","N","0","0","0","2","67301","1","","4.0","","6","N","N","N","0","","0","0","1","","0","","","2","1","0","0","0","0","1","2","0","2","","04","","N","","","","","","","","","",""
"2021015117","","2","0","0","0","0","0","0","0","0","1","0","55","67","2","2021","6","40.022266","-75.038441","","6","0","0","0","0","0","0","2","0","","0","0","0","","","0","N","0","","40 01:20.157","2","0","75 02:18.386","0","0","0","0","67301","0","0","0","N","0","0","0","4","68K01","0","","1.0","845.0","1","N","N","N","0","","0","0","2","","0","N","","4","0","0","0","0","0","0","2","0","4","","04","Y","Y","2","1","N","N","N","N","N","N","Y","N"
"2021002974","","1","0","0","0","0","0","0","0","0","3","0","","67","1","2021","6","40.035113","-75.173857","","6","0","0","0","0","0","0","0","0","","0","0","0","","","1","Y","0","","40 02:06.405","","0","75 10:25.885","3","0","0","0","67301","0","0","0","N","0","0","0","2","67301","0","","1.0","","1","N","N","N","0","","1","0","1","","2","","","2","1","0","0","0","0","1","2","0","2","","","","N","","","","","","","","","",""
"2021028026","","2","0","0","0","0","0","0","0","0","5","0","","67","3","2021","2","39.956984","-75.155152","","6","0","0","0","0","0","1","0","0","","0","0","0","","","0","N","6","","39 57:25.141","4","2","75 09:18.546","0","0","0","0","67301","0","0","0","N","0","0","0","3","67501","0","","1.0","1425.0","1","N","N","N","0","","0","0","1","","2","N","","3","0","0","0","0","0","0","2","0","3","","","","N","","","","","","","","","",""
"2021009674","","2","0","0","0","0","0","0","0","0","1","0","","67","1","2021","5","40.076213","-75.206746","","6","0","0","0","0","0","0","0","1","","1","0","0","","","0","N","0","","40 04:34.366","","0","75 12:24.286","1","0","0","0","67301","0","0","0","N","0","0","0","2","67301","0","2","1.0","","1","N","N","N","0","0","0","0","0","","2","","","2","0","0","0","0","0","0","2","0","2","","03","","N","","","","","","","","","",""
"2021016607","","0","0","0","0","0","0","0","0","0","7","1","","67","2","2021","3","39.943026","-75.142827","","6","0","0","0","0","0","1","0","0","","0","1","0","","","0","N","0","","39 56:34.895","1","1","75 08:34.177","0","0","0","0","67301","0","0","0","N","0","0","0","1","68K01","0","","4.0","711.0","9","N","N","N","0","","0","0","0","","0","N","","1","0","0","0","0","0","0","2","0","1","","","","N","","","","","","","","","",""
"2021013457","","0","0","0","0","0","0","0","0","0","4","0","","67","2","2021","2","40.077988","-75.086157","","6","0","0","1","0","0","0","0","0","","0","0","0","","","0","","2","","40 04:40.758","3","0","75 05:10.164","0","0","0","0","67301","0","0","0","N","0","0","0","4","67301","0","","1.0","1650.0","1","N","N","N","0","","0","0","2","","0","N","","2","0","0","0","0","0","0","2","0","2","","","","N","","","","","","","","","",""
"2021015472","","1","0","0","0","0","0","0","0","0","1","1","","67","2","2021","7","39.905417","-75.17356","","6","0","0","0","0","0","0","0","0","","0","1","0","","","0","","5","","39 54:19.501","4","0","75 10:24.816","0","0","0","0","67301","0","0","0","N","0","0","0","2","67301","0","","1.0","100.0","2","N","N","N","0","","0","0","0","","2","N","","2","0","0","0","0","0","0","2","0","2","","06","","N","","","","","","","","","",""
"2021015089","","1","0","0","0","0","0","0","0","0","1","0","","67","2","2021","4","40.027544","-75.024459","","6","0","0","0","0","1","1","0","0","","0","0","0","","","1","N","0","","40 01:39.158","","0","75 01:28.051","4","0","0","0","67301","0","0","0","N","0","0","0","2","68K01","1","","1.0","","1","N","N","N","0","","0","0","1","","0","","","2","1","0","0","0","0","0","2","0","2","","03","","N","","","","","","","","","",""
"2021015230","","0","0","0","0","0","0","0","0","0","7","0","","67","2","2021","7","40.055528","-75.085798","","6","0","0","0","0","0","0","0","0","","0","0","0","","","0","","1","","40 03:19.900","3","0","75 05:08.873","0","0","0","0","67301","0","0","0","N","0","0","0","1","67301","0","","5.0","100.0","2","N","N","N","0","","0","0","1","","2","N","","1","0","0","0","0","0","0","2","0","1","","","","N","","","","","","","","","",""
"2021015324","","1","0","0","0","0","0","0","0","0","2","0","","67","2","2021","1","40.053009","-75.064302","","6","0","0","0","0","0","0","0","0","","0","0","0","","","0","","1","","40 03:10.832","","0","75 03:51.487","0","0","0","0","67301","0","0","0","N","0","0","0","1","67301","0","","5.0","","2","N","N","N","0","","0","0","0","","2","","","1","0","0","0","0","0","0","2","0","1","","","","N","","","","","","","","","",""
"2021016289","","1","0","0","0","0","0","0","0","0","4","1","","67","2","2021","2","40.002576","-75.099728","","6","0","0","0","0","0","0","0","0","","0","1","0","","","2","","5","","40 00:09.273","","0","75 05:59.019","3","0","0","0","67301","0","0","0","N","0","0","0","2","67301","0","","1.0","","9","N","N","N","0","","2","0","0","","2","","","2","2","0","0","0","0","0","2","0","2","","07","","N","","","","","","","","","",""
"2021016746","","2","0","0","0","0","0","0","0","0","5","0","","67","2","2021","2","39.98885","-75.159","","6","0","0","0","0","0","0","0","0","","0","1","0","","","1","N","0","","39 59:19.860","","0","75 09:32.400","3","0","0","0","67301","0","0","0","N","0","0","0","1","67301","0","","1.0","","9","N","N","Y","0","","1","0","1","","0","","","4","1","0","0","0","0","0","2","0","4","","03","","N","","","","","","","","","",""
"2021003986","","1","0","0","0","0","0","0","0","0","1","0","05","67","1","2021","6","39.958345","-75.180388","","6","0","0","0","0","0","0","0","0","","0","0","0","","","1","","6","","39 57:30.041","","2","75 10:49.395","3","0","0","0","67301","0","0","0","N","0","0","0","3","68K01","0","","7.0","","1","N","N","N","0","","1","0","1","","3","","","2","1","1","0","0","0","0","2","0","2","","","Y","Y","4","1","N","N","Y","Y","N","N","N","N"
"2021035508","","1","0","0","0","0","0","0","0","0","7","0","","67","4","2021","4","40.029702","-75.211081","","6","0","0","0","0","0","0","0","0","","0","0","0","","","1","N","0","","40 01:46.927","","0","75 12:39.892","8","0","0","0","67301","0","0","0","N","0","0","0","1","67301","0","","4.0","","1","N","N","N","0","","0","0","0","","0","","","1","1","0","0","0","1","0","2","0","1","","03","","N","","","","","","","","","",""
"2021015335","","1","0","0","0","0","0","0","0","0","4","1","","67","2","2021","7","39.940099","-75.200184","","6","0","0","0","0","0","0","0","0","","0","1","0","","","0","","2","","39 56:24.356","","0","75 12:00.663","0","0","0","0","67301","0","0","0","N","0","0","0","2","67301","0","","1.0","","2","N","N","N","0","","0","0","0","","3","","","2","0","0","0","0","0","0","2","0","2","","06","","N","","","","","","","","","",""
"2021012169","","0","0","0","0","0","0","0","0","0","7","0","","67","2","2021","6","39.957268","-75.191163","","6","0","0","0","0","0","1","0","0","","0","0","0","","","0","","3","","39 57:26.165","2","0","75 11:28.187","0","0","0","0","67301","0","0","0","N","0","0","0","1","67507","0","","4.0","1730.0","1","N","N","N","0","","0","0","1","","2","N","","1","0","0","0","0","0","0","2","0","1","","03","","N","","","","","","","","","",""
"2021015152","","1","0","0","0","0","0","0","0","0","4","0","","67","2","2021","7","40.053705","-75.178208","","6","0","0","0","0","0","0","0","0","","0","0","0","","","0","N","0","","40 03:13.337","","0","75 10:41.550","0","0","0","0","67301","0","0","0","N","0","0","0","1","67301","0","","1.0","","1","N","N","N","0","","0","0","1","","0","","","2","0","0","0","0","0","0","2","0","2","","04","","N","","","","","","","","","",""
"2021016533","","0","0","0","0","0","0","0","0","0","7","1","","67","2","2021","2","40.041198","-75.004575","","6","0","0","0","0","0","0","0","0","","0","1","0","","","0","N","0","","40 02:28.314","1","0","75 00:16.471","0","0","0","0","67301","0","0","0","Y","0","0","0","1","68K01","0","","3.0","1305.0","6","N","N","N","0","","0","0","0","","0","N","","1","0","0","0","0","0","0","2","0","1","","","","N","","","","","","","","","",""
"2021018390","","0","0","0","0","0","0","0","0","0","7","1","","67","2","2021","1","40.025397","-75.029897","","6","0","0","0","0","0","0","0","0","","0","1","0","","","0","N","0","","40 01:31.430","2","0","75 01:47.630","0","0","0","0","67301","0","0","0","N","0","0","0","1","67301","0","","1.0","200.0","2","N","N","Y","0","","0","0","1","","0","Y","","2","0","0","0","0","0","0","2","0","2","","","","N","","","","","","","","","",""
"2021019287","","1","0","0","0","0","0","0","0","0","7","0","","67","2","2021","2","39.984654","-75.120221","","6","0","0","0","0","0","0","0","0","","1","0","0","","","0","N","0","","39 59:04.756","7","0","75 07:12.795","1","0","0","0","67301","0","0","0","N","0","0","0","1","67301","0","2","2.0","425.0","7","N","N","N","0","0","0","0","0","","0","Y","","1","0","1","1","0","0","0","2","0","1","","03","","N","","","","","","","","","",""
"2021030125","","0","0","0","0","0","0","0","0","0","2","1","","67","3","2021","3","39.895056","-75.237074","","6","0","0","0","0","0","2","0","0","","0","1","0","","","0","N","0","","39 53:42.202","2","0","75 14:13.467","0","0","0","0","67301","0","0","0","N","0","0","0","2","67301","0","","1.0","500.0","1","N","N","N","1","","0","0","0","","0","Y","","2","0","0","0","0","0","0","2","0","2","","03","","N","","","","","","","","","",""
"2021015025","","1","0","0","0","0","0","0","0","0","8","0","","67","2","2021","6","40.108355","-75.026296","","6","0","0","0","0","0","0","0","0","","0","0","0","","","1","","2","","40 06:30.079","","0","75 01:34.665","8","0","0","0","67301","1","0","0","N","1","0","0","2","67301","0","","1.0","","1","N","N","N","0","","0","0","0","","2","","","2","1","1","0","0","1","0","2","0","1","","","","N","","","","","","","","","",""
"2021016570","","0","0","0","0","0","0","0","0","0","4","0","","67","2","2021","5","40.007204","-75.200247","","6","0","0","0","0","0","1","0","0","","0","0","0","","","0","N","7","","40 00:25.935","1","8","75 12:00.888","0","0","0","0","67301","0","0","0","N","0","0","0","3","68K01","0","","1.0","30.0","9","N","N","N","0","","0","0","2","","0","N","","2","0","0","0","0","0","0","2","0","2","","","","N","","","","","","","","","",""
"2021014688","","1","0","0","0","0","0","0","0","0","4","1","","67","2","2021","2","39.941152","-75.23245","","6","0","0","0","0","0","0","0","0","","0","1","0","","","1","","1","","39 56:28.147","","0","75 13:56.819","3","0","0","0","67301","0","0","0","N","0","0","0","2","67301","0","","1.0","","7","N","N","N","0","","1","0","0","","2","","","2","1","2","0","0","0","0","2","0","2","","04","","N","","","","","","","","","",""
"2021016038","","1","0","0","0","0","0","0","0","0","1","0","","67","2","2021","3","39.973237","-75.212226","","6","0","0","0","0","0","0","0","0","","0","1","0","","","1","","1","","39 58:23.653","","0","75 12:44.012","3","0","0","0","67301","0","0","0","N","0","0","0","2","67301","0","","1.0","","9","N","N","N","0","","1","0","0","","2","","","2","1","0","0","0","0","0","2","0","2","","07","","N","","","","","","","","","",""
"2021015918","","2","0","0","0","0","0","0","0","0","2","0","","67","2","2021","1","40.026278","-75.142033","","6","0","0","0","0","0","0","0","0","","0","0","0","","","0","N","0","","40 01:34.600","","0","75 08:31.320","9","0","0","0","67301","0","0","0","N","0","0","0","1","67301","0","","2.0","","9","N","N","N","0","","0","0","0","","0","","","2","0","0","0","0","0","1","2","0","2","","","","N","","","","","","","","","",""
"2021016884","","1","0","0","0","0","0","0","0","0","2","0","","67","2","2021","5","40.005347","-75.190824","","6","0","0","0","0","0","0","0","0","","0","0","0","","","0","N","0","","40 00:19.250","","0","75 11:26.965","0","0","0","0","67301","0","0","0","N","0","0","0","3","67301","0","","1.0","","7","N","N","N","0","","0","0","1","","0","","","2","0","2","0","0","0","0","2","0","2","","09","","N","","","","","","","","","",""
"2021015329","","1","0","0","0","0","0","0","0","0","7","0","","67","2","2021","7","40.056444","-75.023724","","6","0","0","0","1","0","0","0","0","","0","0","0","","","1","N","0","","40 03:23.199","","3","75 01:25.408","3","0","0","0","67301","0","0","0","N","0","0","0","1","67301","0","","5.0","","2","N","N","N","0","","1","0","0","","0","","","1","1","0","0","0","0","0","2","0","1","","06","","N","","","","","","","","","",""
"2021017484","","1","0","0","0","0","0","0","0","0","1","0","","67","2","2021","5","39.953214","-75.168364","","6","0","0","0","0","0","0","0","0","","0","0","0","","","0","N","0","","39 57:11.570","2","0","75 10:06.110","0","0","0","0","67301","0","0","0","N","0","0","0","1","67301","0","","6.0","450.0","1","N","N","N","0","","0","0","1","","0","N","","2","0","0","0","0","0","0","2","0","2","","03","","N","","","","","","","","","",""
"2021018695","","2","0","0","0","0","0","0","0","0","5","0","","67","2","2021","1","39.997694","-75.123055","","6","0","0","0","0","0","0","0","0","","0","0","0","","","0","N","0","","39 59:51.699","","0","75 07:22.997","0","0","0","0","67301","0","0","0","N","0","0","0","1","67301","0","","6.0","","1","N","N","N","0","","0","0","0","","0","","","3","0","0","0","0","0","0","2","1","3","","03","","N","","","","","","","","","",""
"2021042494","","1","0","0","0","0","0","0","0","0","1","0","40","67","5","2021","2","40.018356","-75.167933","","6","0","0","0","0","0","1","0","0","","0","0","0","","","0","N","0","","40 01:06.083","1","0","75 10:04.557","0","0","0","0","67301","0","0","0","N","0","0","0","3","67301","0","","1.0","35.0","1","N","N","N","0","","0","0","1","","8","N","","2","0","0","0","0","0","0","2","0","2","","03","Y","Y","4","1","N","N","Y","Y","Y","N","N","N"
"2021028818","","1","0","0","0","0","0","0","0","0","1","0","","67","3","2021","1","39.958647","-75.169014","","6","0","0","0","0","1","0","0","0","","0","0","0","","","0","N","0","","39 57:31.128","","0","75 10:08.451","0","0","0","0","67301","0","0","0","N","0","0","0","2","68K01","0","","1.0","","9","N","N","N","0","","0","0","1","","0","","","2","0","0","0","0","0","0","2","0","2","","07","","N","","","","","","","","","",""
"2021015247","","1","0","0","0","0","0","0","0","0","5","0","","67","2","2021","7","39.998708","-75.173481","","6","0","0","0","0","0","0","0","0","","0","0","0","","","0","N","0","","39 59:55.350","2","0","75 10:24.530","0","0","0","0","67301","0","0","0","N","0","0","0","1","67301","0","","6.0","100.0","2","N","N","N","1","","0","0","2","","0","N","","5","0","0","0","0","0","0","2","1","5","","98","","N","","","","","","","","","",""
"2021015331","","2","0","0","0","0","0","0","0","0","5","0","","67","2","2021","1","40.065058","-74.986972","","6","0","0","0","0","0","0","0","0","","0","0","0","","","1","N","0","","40 03:54.210","4","0","74 59:13.100","3","0","0","0","67301","0","0","0","N","0","0","0","2","67301","0","","6.0","254.0","2","N","N","N","0","","1","0","0","","0","N","","2","1","0","0","0","0","1","2","0","2","","98","","N","","","","","","","","","",""
"2021015542","","0","0","0","0","0","0","0","0","0","4","0","","67","2","2021","6","40.010232","-75.098089","","6","0","0","0","0","0","1","0","0","","0","0","0","","","0","","1","","40 00:36.834","","0","75 05:53.119","0","0","0","0","67301","0","0","0","N","0","0","0","2","67301","0","","1.0","","1","N","N","N","2","","0","0","0","","2","","","2","0","2","0","0","0","0","2","0","2","","03","","N","","","","","","","","","",""
"2021043332","","1","0","0","0","0","0","1","0","0","5","1","","67","5","2021","3","40.055829","-75.179599","","6","0","0","1","0","0","0","0","0","","0","0","0","","","1","N","0","","40 03:20.983","","0","75 10:46.555","3","0","0","0","67301","0","0","0","N","0","0","0","2","67301","0","","1.0","","1","N","N","N","0","","1","0","0","","0","","","2","1","0","0","0","0","0","2","0","2","","03","","N","","","","","","","","","",""
"2021016469","","3","0","0","0","0","0","0","0","0","5","0","","67","2","2021","4","39.915843","-75.164055","","6","0","0","0","0","0","0","0","0","","0","0","0","","","0","N","0","","39 54:57.036","","0","75 09:50.599","0","0","0","0","67301","0","0","0","N","0","0","0","1","67301","0","","6.0","","1","N","N","N","1","","0","0","1","","0","","","5","0","0","0","0","0","0","2","0","5","","","","N","","","","","","","","","",""
"2021029846","","0","0","0","0","0","0","0","0","0","1","0","","67","3","2021","4","40.054417","-74.985643","","6","0","0","0","0","0","1","0","0","","0","0","0","","","1","N","0","","40 03:15.902","","0","74 59:08.314","8","0","0","0","67301","0","0","0","N","0","0","0","4","68K01","0","","1.0","","1","N","N","N","1","","0","0","1","","0","","","3","1","0","0","0","1","0","2","1","3","","03","","N","","","","","","","","","",""
"2021017001","","1","0","0","0","0","0","0","0","0","4","0","","67","2","2021","3","40.035167","-75.076472","","6","0","0","0","0","0","1","0","0","","0","0","0","","","1","","2","","40 02:06.600","4","0","75 04:35.300","8","0","0","0","67301","0","0","0","N","0","0","0","2","67301","0","","1.0","1245.0","9","N","N","N","0","","0","0","1","","0","Y","","2","1","0","0","0","1","0","2","0","2","","04","","N","","","","","","","","","",""
"2021029510","","0","0","0","0","0","0","0","0","0","7","0","","67","3","2021","7","39.906519","-75.149863","","6","0","0","0","0","0","0","0","0","","0","0","0","","","2","N","0","","39 54:23.470","","0","75 08:59.508","8","0","0","0","67301","0","0","0","N","0","0","0","2","68K01","0","","3.0","","1","N","N","N","0","","0","0","1","","0","","","1","2","0","0","0","2","0","2","0","1","","","","N","","","","","","","","","",""
"2021042546","","1","0","0","0","0","0","0","0","0","4","0","","67","5","2021","1","39.953899","-75.141584","","6","0","0","0","0","0","2","0","0","","0","0","0","","","1","N","0","","39 57:14.037","","0","75 08:29.703","8","0","0","0","67301","0","0","0","N","0","0","0","6","68K01","0","","1.0","","1","N","N","N","0","","0","0","2","","0","","","3","1","0","0","0","1","0","2","0","3","","03","","N","","","","","","","","","",""
"2021042716","","1","0","0","0","0","0","0","0","0","1","0","","67","5","2021","2","39.990328","-75.205302","","6","0","0","0","0","0","0","0","0","","0","0","0","","","0","N","0","","39 59:25.180","","0","75 12:19.088","0","0","0","0","67301","0","0","0","N","0","0","0","2","68K01","0","","1.0","","1","N","N","N","0","","0","0","1","","0","","","2","0","0","0","0","0","0","2","0","2","","03","","N","","","","","","","","","",""
"2021015618","","1","0","0","0","0","0","0","0","0","7","0","","67","2","2021","6","39.956876","-75.153084","","6","0","0","0","0","0","0","0","0","","0","0","0","","","0","N","0","","39 57:24.753","3","0","75 09:11.104","0","0","0","0","67301","0","0","0","N","0","0","0","1","68K01","0","","2.0","30.0","1","N","N","N","0","","0","0","1","","0","N","","2","0","0","0","0","0","0","2","0","2","","","","N","","","","","","","","","",""
"2021015861","","4","0","0","0","0","0","0","0","0","5","0","","67","2","2021","2","40.019547","-75.085631","","6","0","0","0","0","0","0","0","0","","0","0","0","","","1","N","0","","40 01:10.370","","0","75 05:08.270","3","0","0","0","67301","0","0","0","N","0","0","0","1","67301","0","","6.0","","1","N","N","N","0","","1","0","1","","0","","","6","1","0","0","0","0","0","2","1","6","","04","","N","","","","","","","","","",""
"2021018516","","1","0","0","0","0","0","0","0","0","8","0","","67","2","2021","1","39.94949","-75.227057","","6","0","0","0","0","0","0","0","0","","0","0","0","","","1","N","0","","39 56:58.163","","0","75 13:37.406","3","0","0","0","67301","1","0","0","N","1","0","0","2","67301","0","","1.0","","1","N","N","N","0","","1","0","0","","0","","","2","1","0","0","0","0","0","2","0","1","","","","N","","","","","","","","","",""
"2021015914","","1","0","0","0","0","0","0","0","0","4","0","","67","2","2021","1","39.921042","-75.228921","","6","0","0","0","0","0","1","0","0","","0","0","0","","","3","","1","","39 55:15.752","","0","75 13:44.116","3","0","0","0","67301","0","0","0","N","0","0","0","3","67301","1","","1.0","","9","N","N","N","0","","2","0","1","","2","","","2","3","1","0","0","0","0","2","0","2","","07","","N","","","","","","","","","",""
"2021016649","","0","0","0","0","0","0","0","0","0","4","0","","67","2","2021","1","39.908299","-75.223223","","6","0","0","0","0","0","0","0","0","","0","0","0","","","2","N","0","","39 54:29.876","","7","75 13:23.603","3","0","0","0","67301","0","0","0","N","0","0","0","3","67301","0","","1.0","","1","N","N","N","0","","2","0","2","","2","","","2","2","0","0","0","0","0","2","0","2","","06","","N","","","","","","","","","",""
"2021015544","","3","0","0","0","0","0","0","0","0","5","0","","67","2","2021","7","39.998817","-75.110767","","6","0","0","0","0","0","0","0","0","","0","0","0","","","0","N","0","","39 59:55.740","","0","75 06:38.760","0","0","0","0","67301","0","0","0","N","0","0","0","2","67301","0","","1.0","","1","N","N","N","0","","0","0","0","","0","","","4","0","2","0","0","0","0","2","1","4","","03","","N","","","","","","","","","",""
"2021015662","","0","0","0","0","0","0","0","0","0","4","0","","67","2","2021","1","39.958958","-75.137526","","6","0","0","0","1","0","0","0","0","","0","0","0","","","0","","2","","39 57:32.249","","0","75 08:15.092","0","0","0","0","67301","0","0","0","N","0","0","0","2","67301","0","","1.0","","1","N","N","N","1","","0","0","1","","0","","","2","0","0","0","0","0","0","2","0","2","","03","","N","","","","","","","","","",""
"2021042339","","0","0","0","0","0","0","0","0","0","7","1","35","67","5","2021","1","40.020521","-75.154654","","6","0","0","0","0","0","0","0","0","","0","1","0","","","0","N","0","","40 01:13.874","5","0","75 09:16.753","0","0","0","0","67301","0","0","0","N","0","0","0","3","67301","0","","1.0","300.0","1","N","N","Y","0","","0","0","2","","0","Y","","3","0","2","0","0","0","0","2","0","3","","03","N","Y","8","1","N","N","N","N","N","Y","N","N"
"2021028658","","2","0","0","0","0","0","0","0","0","4","0","","67","3","2021","1","40.003165","-75.152455","","6","0","0","0","0","0","0","0","0","","0","0","0","","","0","","1","","40 00:11.393","1","0","75 09:08.837","0","0","0","0","67301","0","0","0","N","0","0","0","2","67505","0","","1.0","400.0","1","N","N","N","0","","0","0","0","","2","N","","2","0","2","0","0","0","0","2","0","2","","","","N","","","","","","","","","",""
"2021019600","","1","0","0","0","0","0","1","0","0","6","1","","67","2","2021","3","39.973623","-75.219406","","6","0","0","0","0","0","0","0","0","","0","0","0","","","2","N","0","","39 58:25.043","","0","75 13:09.863","8","0","0","0","67301","0","0","0","N","0","0","0","3","67508","0","","1.0","","1","N","N","Y","0","","0","0","0","","0","","","3","2","0","0","0","2","0","2","0","3","","03","","N","","","","","","","","","",""
"2021017604","","2","0","0","0","0","0","0","0","0","6","0","","67","2","2021","7","39.980778","-75.148722","","6","0","0","0","0","0","0","0","0","","0","0","0","","","0","N","0","","39 58:50.800","3","0","75 08:55.400","9","0","0","0","67301","0","0","0","N","0","0","0","1","67505","0","","6.0","10.0","2","N","N","N","0","","0","0","1","","0","Y","","4","0","0","0","0","0","1","2","1","4","","03","","N","","","","","","","","","",""
"2021016879","","2","0","0","0","0","0","0","0","0","4","0","","67","2","2021","4","39.921328","-75.146116","","6","0","0","0","0","0","0","0","0","","0","0","0","","","0","","1","","39 55:16.782","","0","75 08:46.016","0","0","0","0","67301","0","0","0","N","0","0","0","2","67301","0","","1.0","","1","N","N","N","0","","0","0","0","","3","","","2","0","0","0","0","0","0","2","0","2","","","","N","","","","","","","","","",""
"2021017651","","0","0","0","0","0","0","0","0","0","7","0","","67","2","2021","1","40.018718","-75.101737","","6","0","0","0","0","0","0","0","0","","0","0","0","","","0","","2","","40 01:07.384","6","0","75 06:06.253","0","0","0","0","67301","0","0","0","N","0","0","0","1","67301","0","","4.0","310.0","2","N","N","N","0","","0","0","1","","3","N","","1","0","0","0","0","0","0","2","0","1","","10","","N","","","","","","","","","",""
"2021028448","","1","0","0","0","0","0","0","0","0","2","0","","67","3","2021","6","40.105161","-75.032846","","6","0","1","0","1","0","0","0","0","","0","0","0","","","2","","1","","40 06:18.580","3","0","75 01:58.246","3","0","0","0","67301","0","0","0","N","0","0","0","3","67301","0","","1.0","45.0","1","N","N","N","0","","2","0","1","","2","Y","","2","2","0","0","0","0","0","2","0","2","","","","N","","","","","","","","","",""
"2021018189","","0","0","0","0","0","0","0","0","0","7","0","","67","2","2021","5","40.037255","-75.012733","","6","0","0","0","0","0","1","0","0","","0","0","0","","","0","N","0","","40 02:14.118","","0","75 00:45.840","0","0","0","0","67301","0","0","0","N","0","0","0","1","68K01","0","","3.0","","6","N","N","N","0","","0","0","1","","0","","","1","0","0","0","0","0","0","2","0","1","","06","","N","","","","","","","","","",""
"2021022814","","1","0","0","0","0","0","0","0","0","5","0","45","67","2","2021","4","39.899168","-75.176443","","6","0","0","0","0","0","1","0","0","","0","0","0","","","0","N","0","","39 53:57.003","","3","75 10:35.196","9","0","0","0","67301","0","0","0","N","0","0","0","2","68K01","0","","1.0","","1","N","N","N","0","","0","0","0","","0","","","2","0","0","0","0","0","1","2","0","2","","","N","Y","4","1","","","N","","","Y","","N"
"2021015155","","0","0","0","0","0","0","0","0","0","4","0","","67","2","2021","7","40.001462","-75.164659","","6","0","0","0","0","0","0","0","0","","0","0","0","","","1","","1","","40 00:05.263","","0","75 09:52.772","3","0","0","0","67301","0","0","0","N","0","0","0","3","67301","0","","1.0","","2","N","N","N","0","","1","0","2","","3","","","2","1","0","0","0","0","0","2","0","2","","","","N","","","","","","","","","",""
"2021016604","","1","0","0","0","0","0","0","0","0","7","0","","67","2","2021","2","40.039092","-75.008402","","6","0","0","0","0","0","0","0","0","","0","0","0","","","0","N","0","","40 02:20.732","","0","75 00:30.247","0","0","0","0","67301","0","0","0","N","0","0","0","1","68K01","0","","3.0","","9","N","N","N","0","","0","0","0","","0","","","1","0","0","0","0","0","0","2","0","1","","","","N","","","","","","","","","",""