"CRN","ARRIVAL_TM","AUTOMOBILE_COUNT","BELTED_DEATH_COUNT","BELTED_SUSP_SERIOUS_INJ_COUNT","BICYCLE_COUNT","BICYCLE_DEATH_COUNT","BICYCLE_SUSP_SERIOUS_INJ_COUNT","BUS_COUNT","CHLDPAS_DEATH_COUNT","CHLDPAS_SUSP_SERIOUS_INJ_COUNT","COLLISION_TYPE","COMM_VEH_COUNT","CONS_ZONE_SPD_LIM","COUNTY","CRASH_MONTH","CRASH_YEAR","DAY_OF_WEEK","DEC_LATITUDE","DEC_LONGITUDE","DISPATCH_TM","DISTRICT","DRIVER_COUNT_16YR","DRIVER_COUNT_17YR","DRIVER_COUNT_18YR","DRIVER_COUNT_19YR","DRIVER_COUNT_20YR","DRIVER_COUNT_50_64YR","DRIVER_COUNT_65_74YR","DRIVER_COUNT_75PLUS","EST_HRS_CLOSED","FATAL_COUNT","HEAVY_TRUCK_COUNT","HORSE_BUGGY_COUNT","HOUR_OF_DAY","ILLUMINATION","INJURY_COUNT","INTERSECTION_RELATED","INTERSECT_TYPE","LANE_CLOSED","LATITUDE","LN_CLOSE_DIR","LOCATION_TYPE","LONGITUDE","MAX_SEVERITY_LEVEL","MCYCLE_DEATH_COUNT","MCYCLE_SUSP_SERIOUS_INJ_COUNT","MOTORCYCLE_COUNT","MUNICIPALITY","NONMOTR_COUNT","NONMOTR_DEATH_COUNT","NONMOTR_SUSP_SERIOUS_INJ_COUNT","NTFY_HIWY_MAINT","PED_COUNT","PED_DEATH_COUNT","PED_SUSP_SERIOUS_INJ_COUNT","PERSON_COUNT","POLICE_AGCY","POSSIBLE_INJ_COUNT","RDWY_SURF_TYPE_CD","RELATION_TO_ROAD","ROADWAY_CLEARED","ROAD_CONDITION","SCH_BUS_IND","SCH_ZONE_IND","SECONDARY_CRASH","SMALL_TRUCK_COUNT","SPEC_JURIS_CD","SUSP_MINOR_INJ_COUNT","SUSP_SERIOUS_INJ_COUNT","SUV_COUNT","TCD_FUNC_CD","TCD_TYPE","TFC_DETOUR_IND","TIME_OF_DAY","TOTAL_UNITS","TOT_INJ_COUNT","UNBELTED_OCC_COUNT","UNB_DEATH_COUNT","UNB_SUSP_SERIOUS_INJ_COUNT","UNK_INJ_DEG_COUNT","UNK_INJ_PER_COUNT","URBAN_RURAL","VAN_COUNT","VEHICLE_COUNT","WEATHER1","WEATHER2","WORKERS_PRES","WORK_ZONE_IND","WORK_ZONE_LOC","WORK_ZONE_TYPE","WZ_CLOSE_DETOUR","WZ_FLAGGER","WZ_LAW_OFFCR_IND","WZ_LN_CLOSURE","WZ_MOVING","WZ_OTHER","WZ_SHLDER_MDN","WZ_WORKERS_INJ_KILLED"
"2021028751","","1","0","0","0","0","0","0","0","0","7","0","","67","3","2021","2","39.893064","-75.223908","","6","0","0","0","0","0","0","0","0","","0","0","0","","","0","N","0","","39 53:35.030","","0","75 13:26.070","0","0","0","0","67301","0","0","0","N","0","0","0","1","67301","0","","2.0","","1","N","N","N","0","","0","0","0","","0","","","1","0","0","0","0","0","0","2","0","1","","03","","N","","","","","","","","","",""
"2021030007","","0","0","0","0","0","0","0","0","0","5","0","","67","3","2021","4","39.9507","-75.141099","","6","0","0","0","0","0","0","0","0","","0","0","0","","","1","N","0","","39 57:02.521","1","0","75 08:27.957","3","0","0","0","67301","0","0","0","N","0","0","0","3","68K01","0","","1.0","1635.0","9","N","N","N","0","","1","0","1","","0","N","","2","1","0","0","0","0","1","2","0","2","","","","N","","","","","","","","","",""
"2021018071","","2","0","0","0","0","0","0","0","1","4","0","","67","2","2021","1","40.030057","-75.055367","","6","0","0","0","0","0","0","0","0","","0","0","0","","","4","","2","","40 01:48.204","","0","75 03:19.322","2","0","0","0","67301","0","0","0","N","0","0","0","9","67301","0","","1.0","","1","N","N","N","0","","3","1","0","","3","","","3","4","0","0","0","0","0","2","1","3","","03","","N","","","","","","","","","",""
"2021028800","","0","0","0","0","0","0","0","0","0","1","2","","67","3","2021","6","39.956793","-75.153768","","6","0","0","0","0","0","1","0","0","","0","2","0","","","0","N","0","","39 57:24.453","","0","75 09:13.566","0","0","0","0","67301","0","0","0","N","0","0","0","3","68K01","0","","1.0","","1","N","N","N","0","","0","0","1","","0","","","3","0","0","0","0","0","0","2","0","3","","03","","N","","","","","","","","","",""
"2021028819","","2","0","0","0","0","0","0","0","0","1","0","","67","3","2021","1","39.964968","-75.185513","","6","0","0","0","0","0","0","0","0","","0","0","0","","","0","N","0","","39 57:53.883","","0","75 11:07.845","0","0","0","0","67301","0","0","0","N","0","0","0","4","68K01","0","","1.0","","9","N","N","N","0","","0","0","1","","0","","","3","0","0","0","0","0","0","2","0","3","","07","","N","","","","","","","","","",""
"2021028852","","1","0","0","0","0","0","0","0","0","1","0","","67","3","2021","1","40.050586","-75.051282","","6","0","0","0","0","0","0","0","0","","0","0","0","","","0","N","0","","40 03:02.108","2","0","75 03:04.616","0","0","0","0","67301","0","0","0","N","0","0","0","2","67301","0","","1.0","100.0","9","N","N","N","0","","0","0","1","","2","N","","2","0","0","0","0","0","0","2","0","2","","07","","N","","","","","","","","","",""
"2021018633","","1","0","0","0","0","0","0","0","0","7","0","","67","2","2021","6","39.900712","-75.15495","","6","0","0","0","0","0","0","0","0","","0","0","0","","","0","N","0","","39 54:02.563","","3","75 09:17.821","0","0","0","0","67301","0","0","0","N","0","0","0","1","68K01","0","","3.0","","2","N","N","Y","0","","0","0","0","","0","","","1","0","0","0","0","0","0","2","0","1","","","","N","","","","","","","","","",""
"2021028748","","0","0","0","0","0","0","0","0","0","8","0","","67","3","2021","2","39.931589","-75.147772","","6","0","0","0","0","0","0","0","0","","0","0","0","","","1","N","0","","39 55:53.720","","0","75 08:51.980","3","0","0","0","67301","1","0","0","N","1","0","0","2","67301","0","","1.0","","1","N","N","N","0","","1","0","1","","3","","","2","1","0","0","0","0","0","2","0","1","","","","N","","","","","","","","","",""
"2021029145","","0","0","0","0","0","0","0","0","0","7","1","","67","3","2021","2","39.987662","-75.121658","","6","0","0","0","0","0","0","0","0","","0","1","0","","","1","N","0","","39 59:15.583","","1","75 07:17.968","3","0","0","0","67301","0","0","0","N","0","0","0","1","67301","0","","5.0","","1","N","N","N","0","","1","0","0","","0","","","1","1","1","0","0","0","0","2","0","1","","","","N","","","","","","","","","",""
"2021017836","","0","0","0","0","0","0","0","0","0","5","0","","67","2","2021","7","40.046028","-75.158889","","6","0","0","0","0","0","0","0","0","","0","0","0","","","0","N","0","","40 02:45.700","2","0","75 09:32.000","9","0","0","0","67301","0","0","0","N","0","0","0","1","67301","0","","6.0","2115.0","2","N","N","N","1","","0","0","3","","0","Y","","5","0","0","0","0","0","1","2","1","5","","98","","N","","","","","","","","","",""
"2021016273","","4","0","0","0","0","0","0","0","0","4","0","","67","2","2021","3","39.986924","-75.161045","","6","0","0","0","0","0","0","0","0","","0","0","0","","","0","","1","","39 59:12.926","1","0","75 09:39.762","0","0","0","0","67301","0","0","0","N","0","0","0","1","67505","0","","1.0","130.0","1","N","N","N","0","","0","0","0","","2","Y","","4","0","0","0","0","0","0","2","0","4","","98","","N","","","","","","","","","",""
"2021014942","","2","0","0","0","0","0","0","0","0","4","0","","67","2","2021","6","40.004946","-75.178722","","6","0","0","0","0","0","0","1","0","","0","0","0","","","1","","5","","40 00:17.805","","0","75 10:43.398","3","0","0","0","67301","0","0","0","N","0","0","0","3","67301","0","","1.0","","1","N","N","N","0","","1","0","0","","2","","","2","1","0","0","0","0","1","2","0","2","","","","N","","","","","","","","","",""
"2021015326","","1","0","0","0","0","0","0","0","0","2","0","","67","2","2021","7","39.914012","-75.137904","","6","0","0","0","0","0","0","0","0","","0","0","0","","","0","N","0","","39 54:50.443","2","0","75 08:16.454","0","0","0","0","67301","0","0","0","N","0","0","0","2","67301","0","","1.0","2030.0","2","N","N","N","0","","0","0","1","","0","N","","2","0","0","0","0","0","0","2","0","2","","","","N","","","","","","","","","",""
"2021027749","","0","0","0","0","0","0","0","0","0","7","1","","67","3","2021","5","39.955483","-75.148102","","6","0","0","0","0","0","0","0","0","","0","1","0","","","1","N","0","","39 57:19.737","4","2","75 08:53.167","4","0","0","0","67301","0","0","0","N","0","0","0","1","67501","1","","4.0","859.0","9","N","N","N","0","","0","0","0","","1","N","","1","1","0","0","0","0","0","2","0","1","","","","N","","","","","","","","","",""
"2021017592","","0","0","0","0","0","0","0","0","0","4","0","","67","2","2021","2","40.022332","-75.130669","","6","0","0","0","0","0","0","2","0","","0","0","0","","","2","","1","","40 01:20.395","","0","75 07:50.408","3","0","0","0","67301","0","0","0","N","0","0","0","3","67301","0","","1.0","","1","N","N","N","0","","2","0","2","","3","","","2","2","0","0","0","0","0","2","0","2","","03","","N","","","","","","","","","",""
"2021028861","","0","0","0","0","0","0","0","0","0","8","0","","67","3","2021","1","39.955578","-75.233984","","6","0","0","0","0","0","0","0","0","","0","0","0","","","1","","1","","39 57:20.080","","0","75 14:02.342","3","0","0","0","67301","1","0","0","N","1","0","0","2","67301","0","","1.0","","9","N","N","N","1","","1","0","0","","2","","","2","1","0","0","0","0","0","2","0","1","","07","","N","","","","","","","","","",""
"2021017481","","0","0","0","0","0","0","0","0","0","7","0","","67","2","2021","6","40.08663","-74.986599","","6","0","0","0","0","0","0","0","0","","0","0","0","","","0","N","0","","40 05:11.867","","0","74 59:11.756","0","0","0","0","67301","0","0","0","N","0","0","0","1","67301","0","","4.0","","6","N","N","N","0","","0","0","1","","0","","","1","0","0","0","0","0","0","2","0","1","","","","N","","","","","","","","","",""
"2021019456","","3","0","0","0","0","0","0","0","0","5","0","","67","2","2021","7","40.024807","-75.147741","","6","0","0","0","0","1","0","0","0","","0","0","0","","","0","N","0","","40 01:29.304","","0","75 08:51.867","0","0","0","0","67301","0","0","0","N","0","0","0","3","67301","0","","1.0","","9","N","N","N","0","","0","0","1","","0","","","4","0","0","0","0","0","0","2","0","4","","03","","N","","","","","","","","","",""
"2021029392","","2","0","0","0","0","0","0","0","0","6","0","","67","3","2021","1","40.044272","-75.100689","","6","0","0","0","0","0","0","0","0","","0","0","0","","","1","N","0","","40 02:39.380","","0","75 06:02.480","8","0","0","0","67301","0","0","0","N","0","0","0","1","67301","0","","1.0","","9","N","N","N","0","","0","0","0","","0","","","2","1","1","0","0","1","0","2","0","2","","07","","N","","","","","","","","","",""
"2021015921","","3","0","0","0","0","0","0","0","0","5","0","","67","2","2021","2","40.006894","-75.154256","","6","0","0","0","0","0","0","0","0","","0","0","0","","","0","N","0","","40 00:24.820","1","0","75 09:15.320","9","0","0","0","67301","0","0","0","N","0","0","0","1","67301","0","","6.0","2115.0","9","N","N","Y","0","","0","0","0","","0","Y","","3","0","0","0","0","0","1","2","0","3","","04","","N","","","","","","","","","",""
"2021043396","","0","0","0","0","0","0","0","0","0","1","0","","67","4","2021","7","39.983257","-75.098515","","6","0","0","0","0","0","0","0","0","","0","0","0","","","1","N","0","","39 58:59.725","1","0","75 05:54.655","3","0","0","0","67301","0","0","0","N","0","0","0","2","68K01","0","","1.0","1400.0","1","N","N","N","1","","1","0","1","","0","Y","","2","1","0","0","0","0","0","2","0","2","","","","N","","","","","","","","","",""
"2021017485","","1","0","0","0","0","0","0","0","0","1","0","","67","2","2021","6","39.978657","-75.108638","","6","0","0","0","0","1","0","0","0","","0","0","0","","","0","","1","","39 58:43.166","1","0","75 06:31.098","0","0","0","0","67301","0","0","0","N","0","0","0","3","67301","0","","1.0","45.0","9","N","N","N","0","","0","0","1","","2","N","","2","0","0","0","0","0","0","2","0","2","","07","","N","","","","","","","","","",""
"2021016752","","1","0","0","0","0","0","0","0","0","5","0","","67","2","2021","4","40.015511","-75.176793","","6","0","0","0","0","0","0","0","0","","0","0","0","","","1","N","0","","40 00:55.840","","0","75 10:36.455","8","0","0","0","67301","0","0","0","N","0","0","0","3","67301","0","","1.0","","1","N","N","N","1","","0","0","1","","0","","","3","1","0","0","0","1","0","2","0","3","","03","","N","","","","","","","","","",""
"2021015328","","1","0","0","0","0","0","0","0","0","1","0","","67","2","2021","1","40.094226","-75.030825","","6","0","0","0","0","0","0","0","0","","0","0","0","","","0","","2","","40 05:39.215","4","0","75 01:50.969","0","0","0","0","67301","0","0","0","N","0","0","0","2","67301","0","","1.0","829.0","2","N","N","N","0","","0","0","1","","2","N","","2","0","0","0","0","0","0","2","0","2","","","","N","","","","","","","","","",""
"2021028539","","1","0","0","0","0","0","0","0","0","4","0","","67","3","2021","6","39.989858","-75.125431","","6","0","0","0","0","0","0","0","0","","0","1","0","","","1","","1","","39 59:23.487","","1","75 07:31.551","8","0","0","0","67301","0","0","0","N","0","0","0","2","67301","0","","1.0","","1","N","N","N","0","","0","0","0","","2","","","2","1","0","0","0","1","0","2","0","2","","","","N","","","","","","","","","",""
"2021023599","","0","0","0","0","0","0","0","0","0","1","0","","67","2","2021","7","39.957305","-75.180242","","6","0","0","0","0","0","0","1","0","","0","0","0","","","0","N","0","","39 57:26.299","4","0","75 10:48.871","0","0","0","0","67301","0","0","0","N","0","0","0","2","68K01","0","","1.0","45.0","1","N","N","N","0","","0","0","1","","0","N","","2","0","0","0","0","0","0","2","1","2","","03","","N","","","","","","","","","",""
"2021029874","","1","0","0","0","0","0","0","0","0","1","0","","67","3","2021","2","39.948864","-75.185408","","6","0","0","0","0","0","0","0","0","","0","0","0","","","1","N","0","","39 56:55.912","3","0","75 11:07.467","8","0","0","0","67301","0","0","0","N","0","0","0","2","68K01","0","","1.0","1730.0","1","N","N","N","0","","0","0","1","","0","Y","","2","1","0","0","0","1","0","2","0","2","","","","N","","","","","","","","","",""
"2021015236","","2","0","0","0","0","0","0","0","0","4","0","","67","2","2021","1","40.023258","-75.089429","","6","0","0","0","0","0","0","0","0","","0","0","0","","","1","","1","","40 01:23.728","","0","75 05:21.944","8","0","0","0","67301","0","0","0","N","0","0","0","2","67301","0","","1.0","","2","N","N","N","0","","0","0","1","","3","","","3","1","0","0","0","1","1","2","0","3","","","","N","","","","","","","","","",""
"2021016880","","0","0","0","0","0","0","0","0","0","4","0","","67","2","2021","5","40.025781","-75.203141","","6","0","0","0","0","0","0","0","0","","0","0","0","","","0","","3","","40 01:32.812","","0","75 12:11.307","0","0","0","0","67301","0","0","0","N","0","0","0","2","67301","0","","1.0","","7","N","N","N","0","","0","0","0","","2","","","2","0","0","0","0","0","0","2","2","2","","09","","N","","","","","","","","","",""
"2021015243","","2","0","0","0","0","0","0","0","0","6","0","","67","2","2021","1","40.032722","-75.139","","6","0","0","0","0","0","0","0","0","","0","0","0","","","0","N","0","","40 01:57.800","5","0","75 08:20.400","0","0","0","0","67301","0","0","0","N","0","0","0","2","67301","0","","6.0","200.0","2","N","N","Y","0","","0","0","2","","0","Y","","4","0","0","0","0","0","0","2","0","4","","98","","N","","","","","","","","","",""
"2021019027","","1","0","0","0","0","0","0","0","0","7","0","","67","2","2021","4","39.974829","-75.117673","","6","0","0","0","0","0","0","0","0","","0","0","0","","","1","N","0","","39 58:29.386","2","3","75 07:03.623","4","0","0","0","67301","0","0","0","N","0","0","0","1","68K01","1","","4.0","2230.0","1","N","N","N","0","","0","0","0","","0","N","","1","1","1","0","0","0","0","2","0","1","","","","N","","","","","","","","","",""
"2021041966","","0","0","0","0","0","0","0","0","0","4","0","","67","5","2021","7","39.988174","-75.128478","","6","0","0","0","0","0","1","0","0","","1","0","0","","","0","N","2","","39 59:17.426","7","0","75 07:42.520","1","1","0","1","67301","0","0","0","N","0","0","0","2","67301","0","2","1.0","100.0","1","N","N","N","1","0","0","0","0","","9","Y","","2","0","0","0","0","0","0","2","0","2","","","","N","","","","","","","","","",""
"2021043453","","1","0","0","0","0","0","0","0","0","5","0","","67","5","2021","3","40.031598","-75.021509","","6","0","0","0","0","0","1","0","0","","0","0","0","","","0","N","0","","40 01:53.751","2","0","75 01:17.431","0","0","0","0","67301","0","0","0","N","0","0","0","3","68K01","0","","1.0","1800.0","1","N","N","N","0","","0","0","0","","0","N","","2","0","0","0","0","0","0","2","1","2","","03","","N","","","","","","","","","",""
"2021018174","","1","0","0","0","0","0","0","0","0","7","0","","67","2","2021","2","40.037245","-75.013493","","6","0","0","0","0","0","0","0","0","","0","0","0","","","0","N","0","","40 02:14.081","","0","75 00:48.574","0","0","0","0","67301","0","0","0","N","0","0","0","1","68K01","0","","4.0","","9","N","N","N","0","","0","0","0","","0","","","1","0","0","0","0","0","0","2","0","1","","","","N","","","","","","","","","",""
"2021028668","","3","0","1","0","0","0","0","0","0","4","0","","67","3","2021","1","39.977907","-75.163009","","6","0","0","0","0","0","0","0","0","","0","0","0","","","1","N","1","","39 58:40.465","","0","75 09:46.832","2","0","0","0","67301","0","0","0","N","0","0","0","2","67505","0","","1.0","","9","N","N","Y","0","","0","1","0","","2","","","3","1","0","0","0","0","1","2","0","3","","04","","N","","","","","","","","","",""
"2021016037","","1","0","0","0","0","0","0","0","0","7","0","","67","2","2021","3","40.075158","-75.213494","","6","0","0","0","0","0","0","1","0","","0","0","0","","","1","N","0","","40 04:30.570","","0","75 12:48.580","3","0","0","0","67301","0","0","0","N","0","0","0","1","67301","0","","4.0","","2","N","N","N","0","","1","0","0","","0","","","1","1","0","0","0","0","0","2","0","1","","98","","N","","","","","","","","","",""
"2021017591","","1","0","0","0","0","0","0","0","0","4","0","","67","2","2021","2","39.994452","-75.145748","","6","0","0","0","0","0","0","0","0","","0","0","0","","","2","","1","","39 59:40.027","","0","75 08:44.692","3","0","0","0","67301","0","0","0","N","0","0","0","3","67301","0","","1.0","","9","N","N","N","0","","2","0","0","","3","","","2","2","0","0","0","0","0","2","1","2","","","","N","","","","","","","","","",""
"2021017030","","0","0","0","0","0","0","0","0","0","6","0","","67","2","2021","5","40.039367","-75.128675","","6","0","0","0","0","0","0","0","0","","0","0","0","","","0","N","0","","40 02:21.720","","0","75 07:43.230","9","0","0","0","67301","0","0","0","N","0","0","0","1","67301","0","","6.0","","7","N","N","N","1","","0","0","1","","0","","","3","0","0","0","0","0","1","2","1","3","","10","","N","","","","","","","","","",""
"2021029190","","0","0","0","0","0","0","0","0","0","7","0","","67","3","2021","1","39.99558","-75.083086","","6","0","0","0","0","0","0","0","0","","0","0","0","","","0","N","0","","39 59:44.089","1","0","75 04:59.109","0","0","0","0","67301","0","0","0","N","0","0","0","1","68K01","0","","4.0","30.0","1","N","N","N","0","","0","0","1","","0","N","","1","0","0","0","0","0","0","2","0","1","","03","","N","","","","","","","","","",""
"2021028446","","0","0","0","0","0","0","0","0","0","7","0","","67","3","2021","5","39.956586","-75.152396","","6","0","0","0","0","0","0","0","0","","0","0","0","","","2","","6","","39 57:23.708","2","1","75 09:08.624","2","0","0","0","67301","0","0","0","N","0","0","0","2","67301","0","","5.0","45.0","1","N","N","N","0","","1","1","1","","2","N","","1","2","1","0","1","0","0","2","0","1","","03","","N","","","","","","","","","",""
"2021028654","","1","0","0","0","0","0","0","0","0","8","0","","67","3","2021","6","40.011197","-75.072803","","6","0","0","0","0","0","0","0","0","","0","0","0","17","","1","N","0","","40 00:40.310","","0","75 04:22.090","2","0","0","0","67301","1","0","1","N","1","0","1","2","67301","0","","1.0","","1","N","N","N","0","","0","1","0","","0","","1700","2","1","0","0","0","0","1","2","0","1","","","","N","","","","","","","","","",""
"2021020546","","1","0","0","0","0","0","0","0","0","7","0","45","67","2","2021","1","40.001821","-75.078714","","6","0","0","0","0","0","0","0","0","","0","0","0","14","","0","N","0","","40 00:06.555","","3","75 04:43.371","9","0","0","0","67301","0","0","0","N","0","0","0","1","68K01","0","","3.0","","9","N","N","N","0","","0","0","0","","0","","1440","1","0","0","0","0","0","1","2","0","1","","03","N","Y","2","1","","","N","","","","Y","N"
"2021017190","","2","0","0","0","0","0","0","0","0","4","0","","67","2","2021","4","39.969241","-75.205807","","6","0","0","0","0","0","1","0","0","","0","0","0","15","","3","","1","","39 58:09.267","","0","75 12:20.905","3","0","0","0","67301","0","0","0","N","0","0","0","3","67301","0","","1.0","","1","N","N","N","0","","3","0","0","","3","","1518","2","3","0","0","0","0","0","2","0","2","","","","N","","","","","","","","","",""
"2021028447","","1","0","0","0","0","0","0","0","0","4","0","","67","3","2021","4","40.094814","-75.050726","","6","0","0","0","0","0","0","0","0","","0","1","0","13","","0","","1","","40 05:41.329","2","0","75 03:02.612","0","0","0","0","67301","0","0","0","N","0","0","0","3","67301","0","","1.0","45.0","9","N","N","N","0","","0","0","0","","2","N","1350","2","0","0","0","0","0","0","2","0","2","","","","N","","","","","","","","","",""
"2021028298","","0","0","0","0","0","0","0","0","0","7","0","","67","3","2021","6","39.889958","-75.230599","","6","0","0","0","0","0","0","0","0","","0","0","0","22","","1","N","0","","39 53:23.848","","2","75 13:50.157","8","0","0","0","67301","0","0","0","N","0","0","0","1","67301","0","","5.0","","1","N","N","N","0","","0","0","1","","0","","2255","1","1","0","0","0","1","0","2","0","1","","03","","N","","","","","","","","","",""
"2021042482","","2","0","0","0","0","0","0","0","0","2","0","","67","5","2021","2","40.0628","-75.184306","","6","0","0","0","0","0","0","0","0","","0","0","0","15","","0","Y","0","","40 03:46.080","","0","75 11:03.500","0","0","0","0","67301","0","0","0","N","0","0","0","3","67301","0","","1.0","","1","N","N","N","0","","0","0","1","","3","","1510","3","0","1","0","0","0","0","2","0","3","","03","","N","","","","","","","","","",""
"2021028299","","0","0","0","0","0","0","0","0","0","4","0","","67","3","2021","2","40.044297","-75.054111","","6","0","0","0","0","0","2","0","0","","0","0","0","16","","1","","1","","40 02:39.468","","0","75 03:14.798","4","0","0","0","67301","0","0","0","N","0","0","0","2","67301","1","","1.0","","1","N","N","N","0","","0","0","2","","0","","1627","2","1","0","0","0","0","0","2","0","2","","03","","N","","","","","","","","","",""
"2021019029","","0","0","0","0","0","0","0","0","0","7","0","","67","2","2021","5","39.906351","-75.149679","","6","0","0","0","0","0","0","0","0","","0","0","0","07","","0","N","0","","39 54:22.865","","0","75 08:58.844","0","0","0","0","67301","0","0","0","N","0","0","0","1","68K01","0","","2.0","","7","N","N","N","0","","0","0","1","","0","","0730","1","0","0","0","0","0","0","2","0","1","","","","N","","","","","","","","","",""
"2021017186","","1","0","0","0","0","0","0","0","0","7","0","","67","2","2021","6","39.95074","-75.150367","","6","0","0","0","0","0","0","0","0","","0","0","0","07","","1","","1","","39 57:02.664","","0","75 09:01.321","8","0","0","0","67301","0","0","0","N","0","0","0","1","67301","0","","4.0","","2","N","N","N","0","","0","0","0","","2","","0759","1","1","0","0","0","1","0","2","0","1","","09","","N","","","","","","","","","",""
"2021017593","","1","0","0","0","0","0","0","0","0","4","0","","67","2","2021","7","39.97759","-75.149424","","6","0","0","0","0","0","0","0","1","","0","0","0","16","","1","","1","","39 58:39.324","","0","75 08:57.926","3","0","0","0","67301","0","0","0","N","0","0","0","2","67301","0","","1.0","","1","N","N","N","0","","1","0","1","","3","","1600","2","1","0","0","0","0","0","2","0","2","","","","N","","","","","","","","","",""
"2021030135","","1","0","0","0","0","0","0","0","0","2","0","","67","3","2021","1","40.025939","-75.172322","","6","0","0","0","0","0","0","0","0","","0","0","0","01","","0","N","0","","40 01:33.380","","0","75 10:20.360","0","0","0","0","67301","0","0","0","N","0","0","0","2","67301","0","","1.0","","1","N","N","N","0","","0","0","1","","0","","0136","2","0","0","0","0","0","0","2","0","2","","03","","N","","","","","","","","","",""
"2021018194","","0","0","0","0","0","0","0","0","0","7","0","","67","2","2021","5","39.957171","-75.157279","","6","0","0","0","0","0","1","0","0","","0","0","0","13","","0","N","0","","39 57:25.817","3","0","75 09:26.205","0","0","0","0","67301","0","0","0","N","0","0","0","1","68K01","0","","4.0","1400.0","6","N","N","N","0","","0","0","1","","0","N","1323","1","0","0","0","0","0","0","2","0","1","","09","","N","","","","","","","","","",""
"2021015545","","2","0","0","0","0","0","0","0","0","4","0","","67","2","2021","7","40.005843","-75.096428","","6","0","0","0","0","0","0","0","0","","0","0","0","03","","0","","1","","40 00:21.036","","1","75 05:47.139","9","0","0","0","67301","0","0","0","N","0","0","0","2","67301","0","","1.0","","1","N","N","N","0","","0","0","0","","2","","0305","2","0","0","0","0","0","1","2","0","2","","03","","N","","","","","","","","","",""
"2021017653","","3","0","0","0","0","0","0","0","0","4","0","","67","2","2021","1","39.970443","-75.136321","","6","0","0","0","0","0","0","0","0","","0","0","0","02","","0","","1","","39 58:13.594","","0","75 08:10.755","9","0","0","1","67301","0","0","0","N","0","0","0","2","67301","0","","1.0","","1","N","N","N","0","","0","0","0","","3","","0230","4","0","0","0","0","0","1","2","0","4","","","","N","","","","","","","","","",""
"2021019425","","1","0","0","0","0","0","0","0","0","7","0","","67","2","2021","1","40.002264","-75.133767","","6","0","0","0","0","0","0","0","0","","0","0","0","16","","0","","1","","40 00:08.150","","0","75 08:01.561","0","0","0","0","67301","0","0","0","N","0","0","0","1","67301","0","","4.0","","1","N","N","Y","0","","0","0","0","","0","","1600","1","0","0","0","0","0","0","2","0","1","","03","","N","","","","","","","","","",""
"2021015151","","0","0","0","0","0","0","0","0","0","6","0","","67","2","2021","7","40.066628","-75.156183","","6","0","0","0","0","0","2","0","0","","0","0","0","01","","2","N","0","","40 03:59.860","5","0","75 09:22.260","3","0","0","0","67301","0","0","0","N","0","0","0","2","67301","0","","1.0","345.0","1","N","N","N","1","","2","0","1","","0","Y","0148","2","2","0","0","0","0","0","2","0","2","","","","N","","","","","","","","","",""
"2021019016","","2","0","0","0","0","0","0","0","0","5","0","","67","2","2021","6","39.991531","-75.203222","","6","0","0","0","0","0","0","0","0","","0","0","0","20","","0","N","0","","39 59:29.512","3","0","75 12:11.600","9","0","0","0","67301","0","0","0","N","0","0","0","6","68K01","0","","1.0","2220.0","1","N","N","N","0","","0","0","1","","0","N","2037","3","0","0","0","0","0","1","2","0","3","","03","","N","","","","","","","","","",""
"2021043061","","1","0","0","0","0","0","0","0","0","5","0","","67","5","2021","4","39.966768","-75.134948","","6","0","0","1","0","0","0","0","0","","0","0","0","18","","0","N","0","","39 58:00.366","2","0","75 08:05.813","0","0","0","0","67301","0","0","0","N","0","0","0","2","68K01","0","","1.0","1930.0","1","N","N","N","0","","0","0","1","","0","N","1855","2","0","0","0","0","0","0","2","0","2","","","","N","","","","","","","","","",""
"2021028041","","0","0","0","0","0","0","1","0","0","8","1","","67","3","2021","5","39.978339","-75.266825","","6","0","0","0","0","0","0","0","0","","0","0","0","07","","1","N","0","","39 58:42.020","","0","75 16:00.570","3","0","0","0","67301","1","0","0","N","1","0","0","2","67301","0","","1.0","","1","Y","N","N","0","","1","0","1","","0","","0738","3","1","0","0","0","0","0","2","0","2","","","","N","","","","","","","","","",""
"2021017351","","2","0","0","0","0","0","0","0","0","4","0","","67","2","2021","7","39.962926","-75.191387","","6","0","0","0","0","0","0","0","0","","0","0","0","01","","0","","1","","39 57:46.535","","0","75 11:28.992","9","0","0","0","67301","0","0","0","N","0","0","0","2","67507","0","","1.0","","1","N","N","N","0","","0","0","0","","2","","0100","2","0","0","0","0","0","1","2","0","2","","","","N","","","","","","","","","",""
"2021020521","","1","0","0","0","0","0","0","0","0","5","0","45","67","2","2021","7","39.958239","-75.180369","","6","0","0","0","0","0","0","0","0","","0","0","0","02","","0","N","0","","39 57:29.659","","0","75 10:49.330","0","0","0","0","67301","0","0","0","N","0","0","0","4","68K01","0","","1.0","","1","N","N","N","0","","0","0","1","","0","","0254","2","0","0","0","0","0","0","2","0","2","","","N","Y","3","2","","","Y","Y","","","","N"
"2021015234","","1","0","0","0","0","0","0","0","0","4","0","","67","2","2021","1","39.915822","-75.230209","","6","0","0","0","0","0","0","0","0","","0","0","0","08","","0","","2","","39 54:56.959","","0","75 13:48.753","0","0","0","0","67301","0","0","0","N","0","0","0","1","67301","0","","1.0","","2","N","N","N","0","","0","0","1","","0","","0804","2","0","0","0","0","0","0","2","0","2","","04","","N","","","","","","","","","",""