"CRN","ARRIVAL_TM","AUTOMOBILE_COUNT","BELTED_DEATH_COUNT","BELTED_SUSP_SERIOUS_INJ_COUNT","BICYCLE_COUNT","BICYCLE_DEATH_COUNT","BICYCLE_SUSP_SERIOUS_INJ_COUNT","BUS_COUNT","CHLDPAS_DEATH_COUNT","CHLDPAS_SUSP_SERIOUS_INJ_COUNT","COLLISION_TYPE","COMM_VEH_COUNT","CONS_ZONE_SPD_LIM","COUNTY","CRASH_MONTH","CRASH_YEAR","DAY_OF_WEEK","DEC_LATITUDE","DEC_LONGITUDE","DISPATCH_TM","DISTRICT","DRIVER_COUNT_16YR","DRIVER_COUNT_17YR","DRIVER_COUNT_18YR","DRIVER_COUNT_19YR","DRIVER_COUNT_20YR","DRIVER_COUNT_50_64YR","DRIVER_COUNT_65_74YR","DRIVER_COUNT_75PLUS","EST_HRS_CLOSED","FATAL_COUNT","HEAVY_TRUCK_COUNT","HORSE_BUGGY_COUNT","HOUR_OF_DAY","ILLUMINATION","INJURY_COUNT","INTERSECTION_RELATED","INTERSECT_TYPE","LANE_CLOSED","LATITUDE","LN_CLOSE_DIR","LOCATION_TYPE","LONGITUDE","MAX_SEVERITY_LEVEL","MCYCLE_DEATH_COUNT","MCYCLE_SUSP_SERIOUS_INJ_COUNT","MOTORCYCLE_COUNT","MUNICIPALITY","NONMOTR_COUNT","NONMOTR_DEATH_COUNT","NONMOTR_SUSP_SERIOUS_INJ_COUNT","NTFY_HIWY_MAINT","PED_COUNT","PED_DEATH_COUNT","PED_SUSP_SERIOUS_INJ_COUNT","PERSON_COUNT","POLICE_AGCY","POSSIBLE_INJ_COUNT","RDWY_SURF_TYPE_CD","RELATION_TO_ROAD","ROADWAY_CLEARED","ROAD_CONDITION","SCH_BUS_IND","SCH_ZONE_IND","SECONDARY_CRASH","SMALL_TRUCK_COUNT","SPEC_JURIS_CD","SUSP_MINOR_INJ_COUNT","SUSP_SERIOUS_INJ_COUNT","SUV_COUNT","TCD_FUNC_CD","TCD_TYPE","TFC_DETOUR_IND","TIME_OF_DAY","TOTAL_UNITS","TOT_INJ_COUNT","UNBELTED_OCC_COUNT","UNB_DEATH_COUNT","UNB_SUSP_SERIOUS_INJ_COUNT","UNK_INJ_DEG_COUNT","UNK_INJ_PER_COUNT","URBAN_RURAL","VAN_COUNT","VEHICLE_COUNT","WEATHER1","WEATHER2","WORKERS_PRES","WORK_ZONE_IND","WORK_ZONE_LOC","WORK_ZONE_TYPE","WZ_CLOSE_DETOUR","WZ_FLAGGER","WZ_LAW_OFFCR_IND","WZ_LN_CLOSURE","WZ_MOVING","WZ_OTHER","WZ_SHLDER_MDN","WZ_WORKERS_INJ_KILLED"
"2021029629","","3","0","0","0","0","0","0","0","0","1","0","","67","3","2021","6","39.968516","-75.19129","","6","0","0","0","0","0","1","0","0","","0","0","0","11","","1","N","0","","39 58:06.659","","0","75 11:28.643","3","0","0","0","67301","0","0","0","N","0","0","0","3","68K01","0","","1.0","","1","N","N","N","0","","1","0","0","","0","","1155","3","1","0","0","0","0","0","2","0","3","","","","N","","","","","","","","","",""
"2021024547","","0","0","0","0","0","0","0","0","0","5","0","","67","2","2021","4","40.004969","-75.146972","","6","0","0","0","0","0","1","0","0","","0","0","0","01","","1","N","0","","40 00:17.890","3","0","75 08:49.100","3","0","0","0","67301","0","0","0","N","0","0","0","1","67301","0","","6.0","330.0","1","N","N","N","0","","1","0","2","","0","Y","0124","4","1","0","0","0","0","0","2","2","4","","03","","N","","","","","","","","","",""
"2021028328","","0","0","0","0","0","0","0","0","0","7","1","25","67","3","2021","7","39.909667","-75.156611","","6","0","0","0","0","0","1","0","0","","0","1","0","00","","0","","3","","39 54:34.800","3","2","75 09:23.800","0","0","0","0","67301","0","0","0","N","0","0","0","2","67501","0","","4.0","202.0","1","N","N","N","0","","0","0","0","","3","Y","0038","1","0","0","0","0","0","0","2","0","1","","","N","Y","4","1","","","N","","","","Y","N"
"2021014955","","2","0","0","0","0","0","0","0","0","1","0","","67","2","2021","7","40.00594","-75.151851","","6","0","0","0","0","0","1","0","0","","0","0","0","11","","0","N","0","","40 00:21.385","1","0","75 09:06.665","9","0","0","0","67301","0","0","0","N","0","0","0","7","67505","0","","1.0","1130.0","1","N","N","N","0","","0","0","0","","0","N","1115","3","0","0","0","0","0","6","2","1","3","","03","","N","","","","","","","","","",""
"2021028750","","2","0","0","0","0","0","0","0","0","5","0","","67","3","2021","1","39.916519","-75.236611","","6","0","0","1","0","0","0","0","0","","0","0","0","03","","0","N","0","","39 54:59.470","","0","75 14:11.800","0","0","0","0","67301","0","0","0","N","0","0","0","3","67301","0","","1.0","","1","N","N","N","0","","0","0","0","","0","","0300","2","0","3","0","0","0","0","2","0","2","","03","","N","","","","","","","","","",""
"2021018075","","1","0","0","0","0","0","0","0","0","8","0","","67","2","2021","6","40.027313","-75.171184","","6","0","0","0","0","0","0","0","0","","0","0","0","21","","1","N","0","","40 01:38.326","","0","75 10:16.261","3","0","0","0","67301","1","0","0","N","1","0","0","2","67301","0","","1.0","","9","N","N","N","0","","1","0","0","","0","","2147","2","1","0","0","0","0","0","2","0","1","","04","","N","","","","","","","","","",""
"2021028946","","2","0","0","0","0","0","0","0","0","1","1","","67","3","2021","4","39.916102","-75.147754","","6","0","0","0","0","0","1","0","0","","0","1","0","12","","1","N","0","","39 54:57.966","2","0","75 08:51.916","8","0","0","0","67301","0","0","0","N","0","0","0","3","68K01","0","","1.0","30.0","9","N","N","N","0","","0","0","0","","0","N","1241","3","1","0","0","0","1","0","2","0","3","","04","","N","","","","","","","","","",""
"2021029398","","1","0","0","0","0","0","0","0","0","4","0","","67","3","2021","2","40.079476","-74.991768","","6","0","0","0","0","0","0","0","1","","0","0","0","17","","0","","1","","40 04:46.113","","0","74 59:30.364","0","0","0","0","67301","0","0","0","N","0","0","0","3","67301","0","","1.0","","1","N","N","N","0","","0","0","1","","3","","1745","2","0","0","0","0","0","0","2","0","2","","03","","N","","","","","","","","","",""
"2021028853","","2","0","0","0","0","0","0","0","0","1","0","","67","3","2021","2","40.04717","-75.058924","","6","0","0","0","0","0","0","1","0","","0","0","0","11","","2","N","0","","40 02:49.811","","0","75 03:32.127","3","0","0","0","67301","0","0","0","N","0","0","0","3","67301","0","","1.0","","1","N","N","N","0","","2","0","1","","2","","1155","3","2","0","0","0","0","0","2","0","3","","03","","N","","","","","","","","","",""
"2021018205","","1","0","0","0","0","0","0","0","0","1","0","","67","2","2021","5","39.958548","-75.180729","","6","0","0","0","0","0","0","0","0","","0","0","0","22","","1","N","0","","39 57:30.773","3","2","75 10:50.626","3","0","0","0","67301","0","0","0","N","0","0","0","3","68K01","0","","1.0","30.0","9","N","N","N","0","","1","0","1","","0","N","2249","2","1","1","0","0","0","0","2","0","2","","","","N","","","","","","","","","",""
"2021028544","","1","0","0","0","0","0","0","0","0","1","0","","67","3","2021","6","40.013061","-75.176942","","6","0","0","0","0","0","0","1","0","","0","0","0","20","","0","N","0","","40 00:47.020","","0","75 10:36.990","0","0","0","0","67301","0","0","0","N","0","0","0","2","67301","0","","1.0","","1","N","N","N","0","","0","0","1","","2","","2005","2","0","0","0","0","0","0","2","0","2","","03","","N","","","","","","","","","",""
"2021018193","","1","0","0","0","0","0","0","0","0","7","0","","67","2","2021","5","39.916233","-75.147736","","6","0","0","0","0","0","0","0","0","","0","0","0","12","","0","N","0","","39 54:58.439","2","0","75 08:51.849","0","0","0","0","67301","0","0","0","N","0","0","0","1","68K01","0","","3.0","10.0","7","N","N","N","0","","0","0","0","","0","N","1233","1","0","0","0","0","0","0","2","0","1","","10","","N","","","","","","","","","",""
"2021030237","","2","0","0","0","0","0","0","0","0","4","0","","67","3","2021","4","39.965076","-75.227684","","6","0","0","0","0","0","0","0","0","","0","0","0","18","","1","","1","","39 57:54.275","3","0","75 13:39.662","3","0","0","0","67301","0","0","0","N","0","0","0","5","67301","0","","1.0","1850.0","9","N","N","N","0","","1","0","0","","2","N","1825","2","1","3","0","0","0","0","2","0","2","","09","","N","","","","","","","","","",""
"2021015240","","0","0","0","0","0","0","0","0","0","4","0","","67","2","2021","7","39.997042","-75.178573","","6","0","0","0","0","0","1","0","0","","0","0","0","12","","0","","1","","39 59:49.350","","0","75 10:42.861","9","0","0","0","67301","0","0","0","N","0","0","0","3","67301","0","","1.0","","9","N","N","N","1","","0","0","0","","2","","1200","2","0","0","0","0","0","1","2","1","2","","06","","N","","","","","","","","","",""
"2021029347","","0","0","0","0","0","0","0","0","0","5","0","","67","3","2021","3","39.965314","-75.137466","","6","0","0","0","0","0","0","0","0","","0","0","0","22","","0","N","0","","39 57:55.129","","0","75 08:14.878","9","0","0","0","67301","0","0","0","N","0","0","0","2","68K01","0","","1.0","","1","N","N","N","0","","0","0","1","","0","","2251","2","0","0","0","0","0","1","2","0","2","","","","N","","","","","","","","","",""
"2021015837","","1","0","0","0","0","0","0","0","0","6","0","","67","2","2021","7","39.981944","-75.226472","","6","0","0","0","0","0","1","0","0","","0","0","0","22","","2","N","0","","39 58:55.000","","0","75 13:35.300","3","0","0","0","67301","0","0","0","N","0","0","0","3","67301","0","","1.0","","2","N","N","N","0","","2","0","1","","0","","2200","2","2","0","0","0","0","0","2","0","2","","06","","N","","","","","","","","","",""
"2021042720","","1","0","0","0","0","0","0","0","0","1","0","","67","5","2021","3","39.977467","-75.200292","","6","0","0","0","0","0","0","0","0","","0","0","0","08","","0","N","0","","39 58:38.882","","0","75 12:01.050","0","0","0","0","67301","0","0","0","N","0","0","0","2","68K01","0","","1.0","","1","N","N","N","0","","0","0","1","","0","","0812","2","0","0","0","0","0","0","2","0","2","","","","N","","","","","","","","","",""
"2021028413","","0","0","2","0","0","0","0","0","0","1","1","","67","3","2021","2","39.957463","-75.147479","","6","0","0","0","0","0","1","1","0","","0","1","0","14","","7","","6","","39 57:26.868","3","3","75 08:50.926","2","0","0","0","67301","0","0","0","N","0","0","0","9","67501","1","","1.0","1532.0","1","N","N","N","0","","4","2","2","","8","N","1435","4","7","0","0","0","0","0","2","1","4","","03","","N","","","","","","","","","",""
"2021030387","","0","0","0","0","0","0","0","0","0","8","0","","67","3","2021","3","39.977092","-75.120397","","6","0","0","0","0","0","0","0","0","","0","1","0","20","","1","N","0","","39 58:37.530","","0","75 07:13.430","3","0","0","0","67301","1","0","0","N","1","0","0","2","67301","0","","1.0","","1","N","N","N","0","","1","0","0","","0","","2020","2","1","0","0","0","0","0","2","0","1","","","","N","","","","","","","","","",""
"2021028542","","3","0","0","0","0","0","0","0","0","4","0","","67","3","2021","1","39.972632","-75.144461","","6","0","0","0","0","0","0","0","0","","0","0","0","06","","1","","1","","39 58:21.475","","0","75 08:40.059","3","0","0","0","67301","0","0","0","N","0","0","0","2","67301","0","","1.0","","1","N","N","N","0","","1","0","1","","2","","0628","4","1","1","0","0","0","0","2","0","4","","03","","N","","","","","","","","","",""
"2021043418","","2","0","0","0","0","0","0","0","0","4","0","","67","5","2021","7","40.029159","-75.022809","","6","0","0","1","0","0","0","0","0","","0","0","0","22","","0","N","0","","40 01:44.974","","0","75 01:22.111","0","0","0","0","67301","0","0","0","N","0","0","0","2","68K01","0","","1.0","","1","N","N","N","0","","0","0","0","","0","","2246","2","0","0","0","0","0","0","2","0","2","","","","N","","","","","","","","","",""
"2021016468","","1","0","0","0","0","0","0","0","0","8","0","","67","2","2021","3","39.921773","-75.170312","","6","0","0","0","0","0","0","0","0","","0","0","0","07","","1","N","0","","39 55:18.382","","0","75 10:13.122","3","0","0","0","67301","1","0","0","N","1","0","0","3","67301","0","","1.0","","9","N","N","N","0","","1","0","1","","0","","0740","3","1","0","0","0","0","0","2","0","2","","04","","N","","","","","","","","","",""
"2021017649","","1","0","0","0","0","0","0","0","0","4","0","","67","2","2021","7","40.042809","-75.06315","","6","0","0","0","0","0","0","0","0","","0","0","0","11","","1","","1","","40 02:34.113","1","0","75 03:47.339","3","0","0","0","67301","0","0","0","N","0","0","0","5","67301","0","","1.0","1230.0","9","N","N","N","0","","1","0","1","","2","N","1154","2","1","0","0","0","0","0","2","0","2","","","","N","","","","","","","","","",""
"2021029364","","1","0","0","0","0","0","0","0","0","1","0","50","67","3","2021","6","40.011273","-75.061553","","6","0","0","0","0","0","0","0","0","","0","0","0","16","","0","N","0","","40 00:40.582","2","0","75 03:41.591","0","0","0","0","67301","0","0","0","N","0","0","0","3","68K01","0","","1.0","1735.0","1","N","N","N","0","","0","0","2","","0","N","1624","3","0","0","0","0","0","0","2","0","3","","03","Y","Y","4","1","N","N","N","N","N","N","Y","N"
"2021029673","","1","0","0","0","0","0","0","0","0","4","0","","67","3","2021","7","39.881336","-75.246042","","6","0","0","0","0","0","1","0","0","","0","0","0","17","","4","N","0","","39 52:52.811","1","0","75 14:45.752","3","0","0","0","67301","0","0","0","Y","0","0","0","5","68K01","0","","1.0","1830.0","1","N","N","N","0","","4","0","1","","0","N","1735","2","4","0","0","0","0","1","2","0","2","","","","N","","","","","","","","","",""
"2021018389","","0","0","0","0","0","0","0","0","0","1","0","","67","2","2021","4","40.06271","-75.021782","","6","0","0","0","0","0","0","0","0","","0","0","0","17","","2","Y","0","","40 03:45.756","","0","75 01:18.414","3","0","0","0","67301","0","0","0","N","0","0","0","2","67301","1","","1.0","","1","N","N","N","0","","1","0","2","","2","","1752","2","2","0","0","0","0","0","2","0","2","","03","","N","","","","","","","","","",""
"2021020522","","1","0","0","0","0","0","0","0","0","7","0","","67","2","2021","7","40.030474","-75.02198","","6","0","1","0","0","0","0","0","0","","0","0","0","14","","0","N","0","","40 01:49.708","2","3","75 01:19.127","0","0","0","0","67301","0","0","0","N","0","0","0","1","68K01","0","","4.0","1530.0","9","N","N","N","0","","0","0","0","","0","N","1424","1","0","0","0","0","0","0","2","0","1","","","","N","","","","","","","","","",""
"2021016355","","1","0","0","0","0","0","0","0","0","4","0","","67","2","2021","7","39.992419","-75.129984","","6","0","0","0","0","0","0","0","0","","0","0","0","12","","1","","2","","39 59:32.708","","0","75 07:47.942","3","0","0","0","67301","0","0","0","N","0","0","0","2","67301","0","","1.0","","1","N","N","N","0","","1","0","2","","3","","1210","3","1","0","0","0","0","0","2","0","3","","04","","N","","","","","","","","","",""
"2021017851","","1","0","0","0","0","0","0","0","0","7","0","","67","2","2021","7","39.95548","-75.148099","","6","0","0","0","0","0","0","0","0","","0","0","0","02","","2","N","0","","39 57:19.729","4","2","75 08:53.156","4","0","0","0","67301","0","0","0","N","0","0","0","2","67501","2","","4.0","20.0","9","N","N","N","0","","0","0","0","","0","N","0219","1","2","1","0","0","0","0","2","0","1","","","","N","","","","","","","","","",""
"2021030121","","2","0","0","0","0","0","0","0","0","2","0","","67","3","2021","4","40.093503","-74.980167","","6","0","0","0","0","1","0","0","0","","0","0","0","16","","0","","1","","40 05:36.611","","0","74 58:48.600","0","0","0","0","67301","0","0","0","N","0","0","0","2","67301","0","","1.0","","9","N","N","N","0","","0","0","0","","2","","1637","2","0","0","0","0","0","0","2","0","2","","07","","N","","","","","","","","","",""
"2021015027","","2","0","0","0","0","0","0","0","0","4","0","","67","2","2021","6","39.955055","-75.210075","","6","0","0","0","0","0","0","0","0","","0","0","0","08","","0","","1","","39 57:18.198","","0","75 12:36.270","0","0","0","0","67301","0","0","0","N","0","0","0","1","67301","0","","1.0","","1","N","N","N","0","","0","0","2","","1","","0835","4","0","0","0","0","0","0","2","0","4","","","","N","","","","","","","","","",""
"2021015028","","1","0","0","0","0","0","0","0","0","4","0","","67","2","2021","6","39.989599","-75.181861","","6","0","0","0","0","0","0","0","0","","0","0","0","20","","1","","1","","39 59:22.556","","0","75 10:54.699","8","0","0","0","67301","0","0","0","N","0","0","0","3","67301","0","","1.0","","1","N","N","N","0","","0","0","1","","3","","2001","2","1","0","0","0","1","1","2","0","2","","","","N","","","","","","","","","",""
"2021015325","","2","0","0","0","0","0","0","0","0","5","0","","67","2","2021","7","39.934567","-75.15075","","6","0","0","0","1","0","0","0","0","","0","0","0","18","","0","Y","0","","39 56:04.440","2","0","75 09:02.700","0","0","0","0","67301","0","0","0","N","0","0","0","2","67301","0","","6.0","2037.0","2","N","N","N","0","","0","0","1","","2","Y","1835","4","0","0","0","0","0","0","2","1","4","","","","N","","","","","","","","","",""
"2021043457","","1","0","0","0","0","0","0","0","0","1","0","","67","5","2021","4","39.942334","-75.19364","","6","0","0","0","0","0","2","0","0","","0","0","0","15","","0","N","0","","39 56:32.401","4","0","75 11:37.105","0","0","0","0","67301","0","0","0","N","0","0","0","4","68K01","0","","1.0","1545.0","1","N","N","N","0","","0","0","3","","0","N","1503","4","0","0","0","0","0","0","2","0","4","","","","N","","","","","","","","","",""
"2021015543","","0","0","0","0","0","0","0","0","0","7","0","","67","2","2021","6","40.000572","-75.096925","","6","0","0","0","0","0","0","0","0","","0","0","0","23","","1","N","0","","40 00:02.060","","0","75 05:48.930","3","0","0","0","67301","0","0","0","N","0","0","0","1","67301","0","","5.0","","2","N","N","N","0","","1","0","1","","0","","2310","1","1","0","0","0","0","0","2","0","1","","","","N","","","","","","","","","",""
"2021029969","","2","0","0","0","0","0","0","0","0","1","0","","67","3","2021","3","39.942813","-75.14287","","6","0","0","0","0","0","1","0","0","","0","0","0","18","","1","N","0","","39 56:34.125","2","0","75 08:34.333","8","0","0","0","67301","0","0","0","N","0","0","0","3","68K01","0","","1.0","1945.0","1","N","N","N","1","","0","0","0","","0","N","1849","3","1","0","0","0","1","0","2","0","3","","03","","N","","","","","","","","","",""
"2021017340","","1","0","0","0","0","0","0","0","0","7","0","","67","2","2021","6","40.113639","-74.9873","","6","0","0","0","0","0","0","0","0","","0","0","0","02","","0","N","0","","40 06:49.100","","0","74 59:14.280","0","0","0","0","67301","0","0","0","Y","0","0","0","1","67301","0","","4.0","","2","N","N","N","0","","0","0","0","","0","","0220","1","0","0","0","0","0","0","2","0","1","","09","","N","","","","","","","","","",""
"2021017003","","1","0","0","0","0","0","0","0","0","1","0","","67","2","2021","3","40.062991","-75.238257","","6","0","0","0","0","0","1","0","0","","0","0","0","14","","1","N","0","","40 03:46.769","1","0","75 14:17.726","3","0","0","0","67301","0","0","0","N","0","0","0","3","67301","0","","1.0","1630.0","1","N","N","N","0","","1","0","2","","2","Y","1440","3","1","0","0","0","0","0","2","0","3","","","","N","","","","","","","","","",""
"2021002702","","0","0","0","0","0","0","0","0","0","5","0","","67","1","2021","4","40.029971","-75.022226","","6","0","0","0","0","0","0","0","0","","0","0","0","05","","1","Y","0","","40 01:47.896","2","0","75 01:20.013","8","0","0","0","67301","0","0","0","N","0","0","0","2","68K01","0","","1.0","656.0","1","N","N","N","0","","0","0","2","","0","N","0536","2","1","1","0","0","1","0","2","0","2","","","","N","","","","","","","","","",""
"2021003499","","1","0","0","0","0","0","0","0","0","6","0","","67","1","2021","6","40.000429","-75.143166","","6","0","0","0","0","0","0","0","0","","0","0","0","18","","1","N","0","","40 00:01.545","","0","75 08:35.397","3","0","0","0","67301","0","0","0","N","0","0","0","2","67301","0","","1.0","","9","N","N","N","0","","1","0","1","","0","","1800","2","1","0","0","0","0","0","2","0","2","","07","","N","","","","","","","","","",""
"2021042071","","1","0","0","0","0","0","0","0","0","8","0","","67","5","2021","7","40.042749","-75.074267","","6","0","0","0","0","1","0","0","0","","1","0","0","23","","0","N","0","","40 02:33.896","5","0","75 04:27.362","1","0","0","0","67301","1","1","0","N","1","1","0","2","67301","0","2","1.0","150.0","1","N","N","N","0","0","0","0","0","","0","Y","2305","2","0","0","0","0","0","0","2","0","1","","03","","N","","","","","","","","","",""
"2021015337","","1","0","0","0","0","0","0","0","0","4","0","","67","2","2021","7","39.957289","-75.237709","","6","0","0","0","0","0","0","0","0","","0","0","0","22","","0","","2","","39 57:26.240","","0","75 14:15.752","0","0","0","0","67301","0","0","0","N","0","0","0","2","67301","0","","1.0","","2","N","N","N","0","","0","0","1","","3","","2203","2","0","1","0","0","0","0","2","0","2","","","","N","","","","","","","","","",""
"2021043234","","0","0","0","0","0","0","0","0","0","8","0","","67","5","2021","5","39.930992","-75.153173","","6","0","0","0","0","0","0","0","0","","0","0","0","00","","1","","1","","39 55:51.570","","0","75 09:11.424","3","0","0","0","67301","1","0","0","N","1","0","0","1","67301","0","","1.0","","1","N","N","N","0","","1","0","0","","3","","0054","2","1","0","0","0","0","0","2","0","1","","03","","N","","","","","","","","","",""
"2021015831","","0","0","0","0","0","0","0","0","0","8","0","","67","2","2021","1","40.07018","-75.166729","","6","0","0","0","0","0","0","0","0","","0","0","0","18","","1","","1","","40 04:12.648","","0","75 10:00.224","3","0","0","0","67301","1","0","0","N","1","0","0","2","67301","0","","1.0","","1","N","N","N","0","","1","0","1","","2","","1851","2","1","1","0","0","0","0","2","0","1","","03","","N","","","","","","","","","",""
"2021015239","","2","0","0","0","0","0","0","0","0","1","0","","67","2","2021","7","39.952559","-75.19005","","6","0","0","0","0","0","0","0","0","","0","0","0","05","","0","","1","","39 57:09.214","","0","75 11:24.181","0","0","0","0","67301","0","0","0","N","0","0","0","3","67301","0","","1.0","","1","N","N","N","0","","0","0","0","","2","","0520","2","0","0","0","0","0","0","2","0","2","","03","","N","","","","","","","","","",""
"2021016351","","2","0","0","0","0","0","0","0","0","4","0","","67","2","2021","1","39.948073","-75.163381","","6","0","0","0","0","0","0","0","0","","0","0","0","17","","1","","1","","39 56:53.062","","0","75 09:48.173","4","0","0","0","67301","0","0","0","N","0","0","0","2","67301","1","","1.0","","1","N","N","N","0","","0","0","0","","3","","1724","2","1","0","0","0","0","0","2","0","2","","03","","N","","","","","","","","","",""
"2021029189","","0","0","0","0","0","0","0","0","0","7","0","","67","3","2021","7","39.885979","-75.210854","","6","0","0","0","0","0","0","0","0","","0","0","0","23","","2","N","7","","39 53:09.526","","2","75 12:39.076","8","0","0","0","67301","0","0","0","N","0","0","0","2","68K01","0","","2.0","","1","N","N","N","0","","0","0","1","","0","","2300","1","2","0","0","0","2","0","2","0","1","","","","N","","","","","","","","","",""
"2021015828","","1","0","0","0","0","0","0","0","0","4","0","","67","2","2021","1","40.06469","-74.982256","","6","0","0","0","0","0","0","0","1","","0","0","0","15","","3","","1","","40 03:52.885","6","0","74 58:56.121","3","0","0","0","67301","0","0","0","N","0","0","0","3","67301","0","","1.0","1600.0","2","N","N","N","0","","1","0","1","","2","N","1530","2","3","0","0","0","2","0","2","0","2","","03","","N","","","","","","","","","",""
"2021006763","","0","0","0","0","0","0","0","0","0","5","0","","67","1","2021","2","39.977141","-75.199003","","6","0","1","0","0","0","1","0","0","","0","0","0","14","","4","N","0","","39 58:37.708","4","0","75 11:56.409","3","0","0","0","67301","0","0","0","N","0","0","0","9","68K01","0","","1.0","30.0","1","N","N","N","0","","4","0","2","","0","N","1417","3","4","0","0","0","0","0","2","0","2","","","","N","","","","","","","","","",""
"2021016747","","2","0","0","0","0","0","0","0","0","4","0","","67","2","2021","3","39.981781","-75.181896","","6","0","0","0","0","0","0","0","0","","0","0","0","15","","0","","1","","39 58:54.410","","0","75 10:54.826","0","0","0","0","67301","0","0","0","N","0","0","0","3","67301","0","","1.0","","1","N","N","N","0","","0","0","1","","2","","1530","3","0","0","0","0","0","0","2","0","3","","03","","N","","","","","","","","","",""
"2021043030","","1","0","0","0","0","0","0","0","0","1","0","","67","4","2021","4","39.94863","-75.185501","","6","0","0","0","0","0","1","0","0","","0","0","0","15","","0","N","0","","39 56:55.069","4","0","75 11:07.804","0","0","0","0","67301","0","0","0","N","0","0","0","4","68K01","0","","1.0","1600.0","1","N","N","N","0","","0","0","1","","0","N","1520","2","0","0","0","0","0","0","2","0","2","","","","N","","","","","","","","","",""
"2021019548","","0","0","0","0","0","0","0","0","0","1","0","45","67","2","2021","3","40.012776","-75.058468","","6","0","0","0","0","0","0","0","0","","0","0","0","03","","1","N","0","","40 00:45.995","","0","75 03:30.483","8","0","0","0","67301","0","0","0","N","0","0","0","4","68K01","0","","1.0","","9","N","N","N","0","","0","0","1","","0","","0338","2","1","0","0","0","1","1","2","1","2","","","N","Y","4","1","","","N","","","","Y","N"
"2021020538","","0","0","0","0","0","0","0","0","0","7","0","","67","2","2021","6","39.887529","-75.216341","","6","0","0","0","0","0","0","0","0","","0","0","0","06","","0","N","0","","39 53:15.106","1","3","75 12:58.828","0","0","0","0","67301","0","0","0","N","0","0","0","1","68K01","0","","4.0","800.0","9","N","N","N","1","","0","0","0","","0","N","0609","1","0","0","0","0","0","0","2","0","1","","10","","N","","","","","","","","","",""
"2021015546","","2","0","0","0","0","0","0","0","0","4","0","","67","2","2021","7","39.97759","-75.149424","","6","0","0","0","0","0","0","1","0","","0","0","0","12","","1","","1","","39 58:39.324","","0","75 08:57.926","3","0","0","0","67301","0","0","0","N","0","0","0","2","67301","0","","1.0","","9","N","N","N","0","","1","0","0","","3","","1240","2","1","0","0","0","0","0","2","0","2","","07","","N","","","","","","","","","",""
"2021015661","","0","0","0","0","0","0","0","0","0","7","0","","67","2","2021","1","39.926152","-75.192258","","6","0","0","0","0","0","0","0","0","","0","0","0","09","","0","","2","","39 55:34.147","","0","75 11:32.128","0","0","0","0","67301","0","0","0","N","0","0","0","1","67301","0","","4.0","","2","N","N","N","0","","0","0","1","","0","","0900","1","0","0","0","0","0","0","2","0","1","","","","N","","","","","","","","","",""
"2021017840","","1","0","0","0","0","0","0","0","0","7","0","","67","2","2021","3","39.956449","-75.198058","","6","0","0","0","0","0","0","0","0","","0","0","0","00","","0","N","0","","39 57:23.218","","0","75 11:53.009","0","0","0","0","67301","0","0","0","N","0","0","0","1","67301","0","","4.0","","9","N","N","N","0","","0","0","0","","0","","0005","1","0","0","0","0","0","0","2","0","1","","07","","N","","","","","","","","","",""
"2021018634","","1","0","0","0","0","0","0","0","0","5","0","","67","2","2021","6","40.023159","-75.034447","","6","0","0","0","0","0","0","0","0","","0","0","0","07","","1","N","0","","40 01:23.373","","3","75 02:04.009","4","0","0","0","67301","0","0","0","N","0","0","0","2","68K01","1","","1.0","","2","N","N","N","0","","0","0","1","","0","","0750","2","1","0","0","0","0","0","2","0","2","","","","N","","","","","","","","","",""
"2021007951","","2","0","0","0","0","0","0","0","0","5","0","","67","1","2021","1","40.043608","-75.062467","","6","0","0","1","0","0","0","0","0","","0","0","0","22","","1","N","0","","40 02:36.987","","0","75 03:44.882","3","0","0","0","67301","0","0","0","N","0","0","0","3","67301","0","","1.0","","1","N","N","N","0","","1","0","1","","0","","2225","3","1","0","0","0","0","0","2","0","3","","03","","N","","","","","","","","","",""
"2021018433","","1","0","0","0","0","0","0","0","0","7","0","","67","2","2021","4","40.042511","-75.003714","","6","0","0","0","0","0","0","0","0","","0","0","0","00","","0","N","0","","40 02:33.041","","0","75 00:13.371","0","0","0","0","67301","0","0","0","N","0","0","0","1","68K01","0","","3.0","","1","N","N","N","0","","0","0","0","","0","","0053","1","0","0","0","0","0","0","2","0","1","","","","N","","","","","","","","","",""
"2021017590","","1","0","0","0","0","0","0","0","0","4","0","","67","2","2021","1","40.019981","-75.126647","","6","0","0","0","1","0","0","0","0","","0","0","0","13","","2","","2","","40 01:11.931","","0","75 07:35.929","8","0","0","0","67301","0","0","0","N","0","0","0","3","67301","0","","1.0","","2","N","N","N","0","","0","0","1","","3","","1308","2","2","0","0","0","2","0","2","0","2","","98","","N","","","","","","","","","",""
"2021016749","","1","0","0","0","0","0","0","0","0","7","0","","67","2","2021","4","40.019728","-75.160613","","6","0","0","0","0","0","0","0","0","","0","0","0","08","","1","N","0","","40 01:11.020","","0","75 09:38.207","3","0","0","0","67301","0","0","0","N","0","0","0","1","67301","0","","5.0","","2","N","N","N","0","","1","0","0","","0","","0830","1","1","0","0","0","0","0","2","0","1","","03","","N","","","","","","","","","",""