"CRN","ARRIVAL_TM","AUTOMOBILE_COUNT","BELTED_DEATH_COUNT","BELTED_SUSP_SERIOUS_INJ_COUNT","BICYCLE_COUNT","BICYCLE_DEATH_COUNT","BICYCLE_SUSP_SERIOUS_INJ_COUNT","BUS_COUNT","CHLDPAS_DEATH_COUNT","CHLDPAS_SUSP_SERIOUS_INJ_COUNT","COLLISION_TYPE","COMM_VEH_COUNT","CONS_ZONE_SPD_LIM","COUNTY","CRASH_MONTH","CRASH_YEAR","DAY_OF_WEEK","DEC_LATITUDE","DEC_LONGITUDE","DISPATCH_TM","DISTRICT","DRIVER_COUNT_16YR","DRIVER_COUNT_17YR","DRIVER_COUNT_18YR","DRIVER_COUNT_19YR","DRIVER_COUNT_20YR","DRIVER_COUNT_50_64YR","DRIVER_COUNT_65_74YR","DRIVER_COUNT_75PLUS","EST_HRS_CLOSED","FATAL_COUNT","HEAVY_TRUCK_COUNT","HORSE_BUGGY_COUNT","HOUR_OF_DAY","ILLUMINATION","INJURY_COUNT","INTERSECTION_RELATED","INTERSECT_TYPE","LANE_CLOSED","LATITUDE","LN_CLOSE_DIR","LOCATION_TYPE","LONGITUDE","MAX_SEVERITY_LEVEL","MCYCLE_DEATH_COUNT","MCYCLE_SUSP_SERIOUS_INJ_COUNT","MOTORCYCLE_COUNT","MUNICIPALITY","NONMOTR_COUNT","NONMOTR_DEATH_COUNT","NONMOTR_SUSP_SERIOUS_INJ_COUNT","NTFY_HIWY_MAINT","PED_COUNT","PED_DEATH_COUNT","PED_SUSP_SERIOUS_INJ_COUNT","PERSON_COUNT","POLICE_AGCY","POSSIBLE_INJ_COUNT","RDWY_SURF_TYPE_CD","RELATION_TO_ROAD","ROADWAY_CLEARED","ROAD_CONDITION","SCH_BUS_IND","SCH_ZONE_IND","SECONDARY_CRASH","SMALL_TRUCK_COUNT","SPEC_JURIS_CD","SUSP_MINOR_INJ_COUNT","SUSP_SERIOUS_INJ_COUNT","SUV_COUNT","TCD_FUNC_CD","TCD_TYPE","TFC_DETOUR_IND","TIME_OF_DAY","TOTAL_UNITS","TOT_INJ_COUNT","UNBELTED_OCC_COUNT","UNB_DEATH_COUNT","UNB_SUSP_SERIOUS_INJ_COUNT","UNK_INJ_DEG_COUNT","UNK_INJ_PER_COUNT","URBAN_RURAL","VAN_COUNT","VEHICLE_COUNT","WEATHER1","WEATHER2","WORKERS_PRES","WORK_ZONE_IND","WORK_ZONE_LOC","WORK_ZONE_TYPE","WZ_CLOSE_DETOUR","WZ_FLAGGER","WZ_LAW_OFFCR_IND","WZ_LN_CLOSURE","WZ_MOVING","WZ_OTHER","WZ_SHLDER_MDN","WZ_WORKERS_INJ_KILLED"
"2021017191","","2","0","0","0","0","0","0","0","0","4","0","","67","2","2021","5","39.978585","-75.114757","","6","0","0","0","0","0","0","0","0","","0","0","0","19","","1","","1","","39 58:42.906","","0","75 06:53.125","4","0","0","0","67301","0","0","0","N","0","0","0","2","67301","1","","1.0","","1","N","N","Y","0","","0","0","0","","2","","1940","2","1","0","0","0","0","0","2","0","2","","03","","N","","","","","","","","","",""
"2021032420","","1","0","0","0","0","0","0","0","0","5","0","","67","4","2021","5","39.935982","-75.213799","","6","0","0","0","0","0","0","0","0","","0","0","0","18","","1","","3","","39 56:09.536","","0","75 12:49.678","3","0","0","0","67301","0","0","0","N","0","0","0","3","67301","0","","1.0","","1","N","N","N","0","","1","0","1","","0","","1817","2","1","0","0","0","0","0","2","0","2","","","","N","","","","","","","","","",""
"2021041245","","1","0","0","0","0","0","0","0","0","1","0","","67","5","2021","3","39.959478","-75.175662","","6","0","0","0","0","0","1","0","0","","0","0","0","18","","1","N","0","","39 57:34.122","","0","75 10:32.383","4","0","0","0","67301","0","0","0","N","0","0","0","3","68K01","1","","1.0","","1","N","N","N","0","","0","0","1","","0","","1817","2","1","0","0","0","0","0","2","0","2","","03","","N","","","","","","","","","",""
"2021017792","","0","0","0","0","0","0","0","0","0","7","0","","67","2","2021","5","39.986494","-75.091951","","6","0","0","0","0","0","0","0","0","","0","0","0","09","","1","N","0","","39 59:11.379","2","0","75 05:31.025","3","0","0","0","67301","0","0","0","N","0","0","0","1","68K01","0","","3.0","45.0","7","N","N","N","0","","1","0","1","","0","N","0930","1","1","0","0","0","0","0","2","0","1","","","","N","","","","","","","","","",""
"2021002532","","0","0","0","0","0","0","0","0","0","7","0","","67","1","2021","7","40.042875","-75.003406","","6","0","0","0","0","0","1","0","0","","0","0","0","16","","0","N","0","","40 02:34.350","","3","75 00:12.260","0","0","0","0","67301","0","0","0","N","0","0","0","3","68K01","0","","1.0","","1","N","N","N","0","","0","0","1","","0","","1626","1","0","0","0","0","0","0","2","0","1","","03","","N","","","","","","","","","",""
"2021040934","","0","0","0","0","0","0","0","0","0","1","0","","67","5","2021","3","39.958004","-75.162869","","6","0","0","0","0","0","0","0","0","","0","0","0","17","","1","N","0","","39 57:28.814","","0","75 09:46.329","8","0","0","0","67301","0","0","0","N","0","0","0","2","68K01","0","","1.0","","1","N","N","N","0","","0","0","2","","0","","1718","2","1","0","0","0","1","0","2","0","2","","03","","N","","","","","","","","","",""
"2021020526","","0","0","0","0","0","0","0","0","0","7","0","","67","2","2021","1","40.024388","-75.030407","","6","0","0","0","0","0","0","0","0","","0","0","0","08","","1","N","0","","40 01:27.797","1","0","75 01:49.466","8","0","0","0","67301","0","0","0","Y","0","0","0","2","68K01","0","","2.0","929.0","9","N","N","N","0","","0","0","1","","0","N","0842","1","1","1","0","0","1","0","2","0","1","","","","N","","","","","","","","","",""
"2021018076","","4","0","0","0","0","0","0","0","0","5","0","","67","2","2021","6","40.015783","-75.154188","","6","0","0","0","0","0","0","0","0","","0","0","0","23","","2","N","0","","40 00:56.818","","0","75 09:15.077","3","0","0","0","67301","0","0","0","N","0","0","0","5","67301","0","","1.0","","9","N","N","N","0","","2","0","2","","0","","2337","6","2","0","0","0","0","0","2","0","6","","03","","N","","","","","","","","","",""
"2021033813","","1","0","0","0","0","0","0","0","0","8","0","","67","4","2021","1","40.028574","-75.079065","","6","0","0","0","0","0","0","0","0","","0","0","0","22","","1","","1","","40 01:42.866","","0","75 04:44.633","3","0","0","0","67301","1","0","0","N","1","0","0","1","67301","0","","1.0","","9","N","N","N","0","","1","0","0","","3","","2200","2","1","0","0","0","0","0","2","0","1","","","","N","","","","","","","","","",""
"2021015473","","2","0","0","0","0","0","0","0","0","5","0","","67","2","2021","7","40.043442","-75.036372","","6","0","0","0","0","0","0","0","0","","0","0","0","00","","0","N","0","","40 02:36.390","","0","75 02:10.940","0","0","0","0","67301","0","0","0","N","0","0","0","1","67301","0","","6.0","","1","N","N","N","0","","0","0","1","","0","","0034","3","0","0","0","0","0","0","2","0","3","","03","","N","","","","","","","","","",""
"2021042490","","0","0","0","0","0","0","0","0","0","0","0","","67","2","2021","2","40.015928","-75.129589","","6","0","0","0","0","0","0","0","0","","1","0","0","00","","0","","1","","40 00:57.340","","0","75 07:46.520","1","0","0","0","67301","0","0","0","N","0","0","0","1","67301","0","2","1.0","","9","N","N","N","0","0","0","0","0","","2","","0004","1","0","0","0","0","0","0","2","0","1","","10","","N","","","","","","","","","",""
"2021007879","","0","0","0","0","0","0","0","0","0","1","0","","67","1","2021","5","39.957283","-75.157424","","6","0","0","0","0","0","0","0","0","","0","0","0","07","","0","N","0","","39 57:26.219","4","0","75 09:26.727","0","0","0","0","67301","0","0","0","N","0","0","0","2","68K01","0","","1.0","900.0","1","N","N","N","0","","0","0","1","","0","N","0742","2","0","0","0","0","0","0","2","1","2","","","","N","","","","","","","","","",""
"2021020358","","0","0","0","0","0","0","0","0","0","7","0","45","67","2","2021","3","40.011602","-75.060542","","6","0","0","0","0","0","0","0","0","","0","0","0","02","","0","N","0","","40 00:41.768","","0","75 03:37.951","0","0","0","0","67301","0","0","0","N","0","0","0","1","68K01","0","","4.0","","9","N","N","N","0","","0","0","1","","0","","0244","1","0","0","0","0","0","0","2","0","1","","","N","Y","4","1","","","N","","","","Y","N"
"2021018144","","2","0","0","0","0","0","0","0","0","1","0","55","67","2","2021","6","39.89871","-75.171165","","6","0","0","0","0","0","0","0","0","","0","0","0","14","","0","N","0","","39 53:55.356","1","0","75 10:16.193","0","0","0","0","67301","0","0","0","N","0","0","0","3","68K01","0","","1.0","1521.0","1","N","N","Y","0","","0","0","1","","0","N","1434","3","0","0","0","0","0","0","2","0","3","","","N","Y","4","1","","","N","","","Y","","N"
"2021013210","","0","0","0","0","0","0","0","0","0","8","0","","67","2","2021","6","40.034107","-75.176519","","6","0","0","0","0","0","0","0","0","","0","0","0","09","","1","","1","","40 02:02.785","","0","75 10:35.468","4","0","0","0","67301","1","0","0","N","1","0","0","2","67301","1","","1.0","","8","N","N","N","0","","0","0","0","","2","","0900","2","1","0","0","0","0","0","2","0","1","","04","","N","","","","","","","","","",""
"2021015336","","2","0","0","0","0","0","0","0","0","7","0","","67","2","2021","7","39.948436","-75.235495","","6","0","0","0","0","0","0","0","0","","0","0","0","21","","0","","1","","39 56:54.369","","0","75 14:07.782","9","0","0","0","67301","0","0","0","N","0","0","0","1","67301","0","","4.0","","2","N","N","N","0","","0","0","0","","2","","2115","2","0","0","0","0","0","1","2","0","2","","06","","N","","","","","","","","","",""
"2021025365","","1","0","0","0","0","0","0","0","0","4","0","","67","2","2021","7","39.994323","-75.144776","","6","0","0","0","0","0","0","0","0","","0","0","0","21","","1","","1","","39 59:39.562","","0","75 08:41.193","3","0","0","0","67301","0","0","0","N","0","0","0","3","67301","0","","1.0","","2","N","N","N","0","","1","0","1","","3","","2120","2","1","2","0","0","0","2","2","0","2","","09","","N","","","","","","","","","",""
"2021000462","","1","0","0","0","0","0","0","0","0","4","0","","67","1","2021","6","39.951191","-75.232791","","6","0","0","0","0","0","0","0","0","","0","0","0","22","","4","","1","","39 57:04.287","","0","75 13:58.047","3","0","0","0","67301","0","0","0","N","0","0","0","4","67301","0","","1.0","","9","N","N","N","0","","4","0","0","","2","","2250","2","4","0","0","0","0","0","2","1","2","","07","","N","","","","","","","","","",""
"2021013535","","1","0","0","0","0","0","0","0","0","7","0","","67","1","2021","3","40.031394","-75.021591","","6","0","0","0","0","0","0","0","0","","0","0","0","20","","1","N","0","","40 01:53.020","2","3","75 01:17.727","3","0","0","0","67301","0","0","0","N","0","0","0","1","68K01","0","","4.0","2150.0","9","N","N","N","0","","1","0","0","","0","N","2018","1","1","0","0","0","0","0","2","0","1","","","","N","","","","","","","","","",""
"2021030181","","1","0","0","0","0","0","0","0","0","1","0","","67","3","2021","7","40.031185","-75.021674","","6","0","0","0","0","0","1","0","0","","0","0","0","12","","0","N","0","","40 01:52.267","2","0","75 01:18.025","0","0","0","0","67301","0","0","0","N","0","0","0","2","68K01","0","","1.0","30.0","1","N","N","N","0","","0","0","1","","0","N","1202","2","0","0","0","0","0","0","2","0","2","","03","","N","","","","","","","","","",""
"2021028863","","0","0","0","0","0","0","0","0","0","7","0","","67","3","2021","2","39.987494","-75.150511","","6","0","0","0","0","0","0","0","0","","0","0","0","03","","1","N","0","","39 59:14.980","1","0","75 09:01.840","2","0","0","0","67301","0","0","0","N","0","0","0","1","67301","0","","4.0","600.0","1","N","N","N","0","","0","1","1","","0","Y","0340","1","1","0","0","0","0","0","2","0","1","","03","","N","","","","","","","","","",""
"2021030234","","1","0","0","0","0","0","0","0","0","4","0","","67","4","2021","5","39.973237","-75.212226","","6","0","0","0","0","0","0","0","0","","0","0","0","22","","0","","1","","39 58:23.653","","0","75 12:44.012","0","0","0","0","67301","0","0","0","N","0","0","0","1","67301","0","","1.0","","1","N","N","N","0","","0","0","0","","2","","2230","2","0","0","0","0","0","0","2","0","2","","","","N","","","","","","","","","",""
"2021016256","","1","0","0","0","0","0","0","0","0","4","0","","67","2","2021","1","39.958132","-75.150458","","6","0","0","0","0","0","0","0","0","","0","0","0","15","","0","","1","","39 57:29.275","","0","75 09:01.648","9","0","0","0","67301","0","0","0","N","0","0","0","6","67301","0","","1.0","","9","N","N","N","0","","0","0","1","","2","","1540","2","0","0","0","0","0","1","2","0","2","","03","","N","","","","","","","","","",""
"2021028788","","1","0","0","0","0","0","0","0","0","1","0","","67","3","2021","1","39.995614","-75.197617","","6","0","0","0","0","1","0","0","0","","0","0","0","07","","2","N","0","","39 59:44.210","3","0","75 11:51.421","8","0","0","0","67301","0","0","0","N","0","0","0","2","68K01","0","","1.0","30.0","1","N","N","N","0","","0","0","0","","0","N","0749","2","2","0","0","0","2","0","2","1","2","","03","","N","","","","","","","","","",""
"2021028239","","1","0","0","0","0","0","0","0","0","4","0","","67","3","2021","6","39.928041","-75.219284","","6","0","0","0","0","0","0","0","0","","0","0","0","18","","5","","1","","39 55:40.948","","0","75 13:09.423","3","0","0","0","67301","0","0","0","N","0","0","0","5","67301","1","","1.0","","1","N","Y","N","1","","3","0","0","","2","","1811","2","5","0","0","0","1","0","2","0","2","","03","","N","","","","","","","","","",""
"2021027275","","2","0","0","0","0","0","0","0","0","4","0","","67","3","2021","1","40.026745","-75.140304","","6","0","1","0","0","0","0","0","0","","0","0","0","19","","0","","1","","40 01:36.282","","0","75 08:25.094","0","0","0","0","67301","0","0","0","N","0","0","0","1","67301","0","","1.0","","1","N","N","N","0","","0","0","2","","3","","1902","4","0","0","0","0","0","0","2","0","4","","","","N","","","","","","","","","",""
"2021016743","","0","0","0","0","0","0","0","0","0","4","0","","67","2","2021","4","39.918098","-75.180885","","6","0","0","0","0","0","1","0","0","","0","0","0","14","","2","","1","","39 55:05.152","","0","75 10:51.186","8","0","0","0","67301","0","0","0","N","0","0","0","2","67301","0","","1.0","","1","N","N","N","0","","0","0","2","","2","","1420","2","2","0","0","0","2","0","2","0","2","","03","","N","","","","","","","","","",""
"2021018070","","2","0","0","0","0","0","0","0","0","5","0","","67","2","2021","7","40.036753","-75.040739","","6","0","0","0","0","0","0","0","0","","0","0","0","16","","1","","1","","40 02:12.310","","0","75 02:26.659","3","0","0","0","67301","0","0","0","N","0","0","0","2","67301","0","","1.0","","1","N","N","N","0","","1","0","0","","2","","1635","2","1","0","0","0","0","1","2","0","2","","","","N","","","","","","","","","",""
"2021005999","","2","0","0","0","0","0","0","0","0","5","0","","67","1","2021","5","39.925852","-75.244022","","6","0","0","0","0","0","0","0","0","","0","0","0","04","","1","N","0","","39 55:33.068","","0","75 14:38.478","3","0","0","0","67301","0","0","0","N","0","0","0","1","67301","0","","6.0","","1","N","N","N","0","","1","0","0","","0","","0402","2","1","0","0","0","0","0","2","0","2","","","","N","","","","","","","","","",""
"2021020536","","1","0","0","0","0","0","0","0","0","5","1","","67","2","2021","5","39.93958","-75.143219","","6","0","0","0","0","0","0","0","0","","0","1","0","12","","0","N","0","","39 56:22.488","","0","75 08:35.588","9","0","0","0","67301","0","0","0","N","0","0","0","4","68K01","0","","1.0","","7","N","N","N","1","","0","0","0","","0","","1217","3","0","0","0","0","0","1","2","0","3","","","","N","","","","","","","","","",""
"2021002260","","2","0","0","0","0","0","0","0","0","4","0","","67","1","2021","1","40.063741","-75.083477","","6","0","0","0","0","0","0","0","0","","0","0","0","15","","1","","1","","40 03:49.466","","0","75 05:00.516","3","0","0","0","67301","0","0","0","N","0","0","0","4","67301","0","","1.0","","9","N","N","N","0","","1","0","0","","2","","1510","2","1","0","0","0","0","2","2","0","2","","","","N","","","","","","","","","",""
"2021033065","","1","0","0","0","0","0","0","0","0","5","0","","67","4","2021","1","40.039097","-75.083111","","6","0","0","0","0","0","0","0","0","","0","0","0","01","","0","N","0","","40 02:20.750","5","0","75 04:59.200","0","0","0","0","67301","0","0","0","N","0","0","0","0","67301","0","","1.0","407.0","1","N","N","N","0","","0","0","2","","0","N","0101","3","0","0","0","0","0","0","2","0","3","","","","N","","","","","","","","","",""
"2021028950","","1","0","0","0","0","0","0","0","0","5","1","","67","3","2021","4","40.042828","-75.003199","","6","0","0","0","0","0","2","0","0","","0","1","0","15","","1","N","0","","40 02:34.180","","0","75 00:11.516","4","0","0","0","67301","0","0","0","N","0","0","0","2","68K01","1","","1.0","","9","N","N","N","0","","0","0","0","","0","","1550","2","1","0","0","0","0","0","2","0","2","","","","N","","","","","","","","","",""
"2021001292","","1","0","0","0","0","0","0","0","0","4","0","","67","1","2021","7","39.973992","-75.14416","","6","0","0","0","0","0","0","0","0","","0","0","0","21","","1","","1","","39 58:26.371","1","0","75 08:38.976","3","0","0","0","67301","0","0","0","N","0","0","0","2","67301","0","","1.0","100.0","1","N","N","Y","0","","1","0","1","","3","N","2115","3","1","0","0","0","0","0","2","1","3","","03","","N","","","","","","","","","",""
"2021039897","","2","0","0","0","0","0","0","0","0","1","0","","67","4","2021","6","40.039182","-75.027211","","6","0","0","0","0","0","0","0","0","","0","0","0","23","","0","N","0","","40 02:21.056","4","0","75 01:37.958","0","0","0","0","67301","0","0","0","N","0","0","0","0","67301","0","","6.0","30.0","1","N","N","N","0","","0","0","0","","0","Y","2345","2","0","0","0","0","0","0","2","0","2","","03","","N","","","","","","","","","",""
"2021006038","","2","0","0","0","0","0","0","0","0","5","0","","67","1","2021","7","39.995672","-75.125194","","6","0","0","0","0","0","0","0","0","","0","0","0","17","","0","N","0","","39 59:44.420","2","0","75 07:30.700","0","0","0","0","67301","0","0","0","N","0","0","0","1","67301","0","","6.0","2053.0","1","N","N","N","0","","0","0","0","","0","Y","1735","2","0","0","0","0","0","0","2","0","2","","03","","N","","","","","","","","","",""
"2021000538","","0","0","0","0","0","0","0","0","0","1","0","","67","1","2021","6","40.029908","-75.14601","","6","0","0","0","0","0","1","0","0","","0","0","0","11","","1","","1","","40 01:47.668","","0","75 08:45.635","3","0","0","0","67301","0","0","0","N","0","0","0","3","67301","0","","1.0","","1","N","N","N","0","","1","0","1","","2","","1125","2","1","1","0","0","0","0","2","0","2","","03","","N","","","","","","","","","",""
"2021002270","","1","0","0","0","0","0","0","0","0","5","0","","67","1","2021","6","39.932894","-75.230642","","6","0","0","0","0","0","0","0","0","","0","0","0","17","","0","N","0","","39 55:58.420","","0","75 13:50.310","0","0","0","0","67301","0","0","0","N","0","0","0","3","67301","0","","1.0","","9","N","N","N","0","","0","0","3","","0","","1743","4","0","3","0","0","0","0","2","0","4","","07","","N","","","","","","","","","",""
"2021029369","","1","0","0","0","0","0","0","0","0","1","0","","67","3","2021","7","39.965291","-75.185696","","6","0","0","0","0","0","0","1","0","","0","0","0","15","","1","N","6","","39 57:55.047","","2","75 11:08.504","4","0","0","0","67301","0","0","0","N","0","0","0","2","68K01","1","","1.0","","1","N","N","N","0","","0","0","1","","0","","1551","2","1","0","0","0","0","0","2","0","2","","","","N","","","","","","","","","",""
"2021019683","","1","0","0","0","0","0","0","0","0","5","0","","67","2","2021","7","39.957141","-75.148964","","6","0","0","1","0","0","1","0","0","","0","0","0","20","","0","Y","0","","39 57:25.708","","0","75 08:56.269","0","0","0","0","67301","0","0","0","N","0","0","0","2","67301","0","","1.0","","1","N","N","N","0","","0","0","1","","0","","2040","2","0","0","0","0","0","0","2","0","2","","03","","N","","","","","","","","","",""
"2021036426","","1","0","0","0","0","0","0","0","0","1","0","","67","4","2021","3","39.960863","-75.181821","","6","0","0","0","0","0","0","0","0","","0","0","0","18","","0","N","0","","39 57:39.107","4","0","75 10:54.555","0","0","0","0","67301","0","0","0","N","0","0","0","2","68K01","0","","1.0","1905.0","1","N","N","N","0","","0","0","1","","0","N","1810","2","0","0","0","0","0","0","2","0","2","","03","","N","","","","","","","","","",""
"2021029845","","1","0","0","0","0","0","0","0","0","4","0","","67","3","2021","1","39.983458","-75.208226","","6","0","0","0","0","0","0","0","0","","0","0","0","20","","2","N","0","","39 59:00.447","","0","75 12:29.612","4","0","0","0","67301","0","0","0","Y","0","0","0","3","68K01","2","","1.0","","1","N","N","N","0","","0","0","1","","0","","2010","2","2","0","0","0","0","0","2","0","2","","","","N","","","","","","","","","",""
"2021022934","","2","0","0","0","0","0","0","0","0","7","0","","67","2","2021","2","39.956718","-75.152803","","6","0","0","0","0","0","1","0","0","","0","0","0","06","","0","Y","0","","39 57:24.184","","2","75 09:10.091","0","0","0","0","67301","0","0","0","N","0","0","0","3","68K01","0","","4.0","","2","N","N","N","1","","0","0","0","","0","","0616","3","0","0","0","0","0","0","2","0","3","","","","N","","","","","","","","","",""
"2021032991","","1","0","0","0","0","0","0","0","0","7","0","","67","4","2021","7","40.005557","-75.075158","","6","0","0","0","0","0","0","0","0","","0","0","0","22","","1","N","0","","40 00:20.006","","0","75 04:30.567","8","0","0","0","67301","0","0","0","N","0","0","0","1","68K01","0","","4.0","","1","N","N","N","0","","0","0","0","","0","","2204","1","1","0","0","0","1","0","2","0","1","","03","","N","","","","","","","","","",""
"2021033937","","0","0","0","0","0","0","0","0","0","5","1","","67","4","2021","4","39.981819","-75.20724","","6","0","0","0","0","0","1","0","0","","0","0","0","04","","0","N","0","","39 58:54.548","","0","75 12:26.065","0","0","0","0","67301","0","0","0","N","0","0","0","2","68K01","0","","1.0","","1","N","N","N","0","","0","0","1","","0","","0405","2","0","0","0","0","0","0","2","1","2","","","","N","","","","","","","","","",""
"2021015479","","1","0","0","0","0","0","0","0","0","6","0","","67","2","2021","7","39.962798","-75.224284","","6","0","0","0","0","0","1","0","0","","0","0","0","05","","1","N","0","","39 57:46.071","","0","75 13:27.421","3","0","0","0","67301","0","0","0","N","0","0","0","1","67301","0","","6.0","","1","N","N","N","2","","1","0","3","","0","","0537","6","1","0","0","0","0","0","2","0","6","","03","","N","","","","","","","","","",""
"2021007730","","1","0","0","0","0","0","0","0","0","5","0","","67","1","2021","7","39.924417","-75.238861","","6","0","0","0","0","0","0","0","0","","0","0","0","18","","0","N","0","","39 55:27.900","","0","75 14:19.900","0","0","0","0","67301","0","0","0","N","0","0","0","1","67301","0","","6.0","","1","N","N","N","0","","0","0","0","","0","","1814","2","0","0","0","0","0","0","2","1","2","","","","N","","","","","","","","","",""
"2021030194","","1","0","0","0","0","0","0","0","0","98","0","","67","4","2021","5","40.051352","-74.989591","","6","0","0","0","0","0","1","0","0","","0","0","0","14","","0","N","0","","40 03:04.866","2","0","74 59:22.526","0","0","0","0","67301","0","0","0","N","0","0","0","1","68K01","0","","1.0","1519.0","1","N","N","N","0","","0","0","0","","0","N","1456","1","0","0","0","0","0","0","2","0","1","","04","","N","","","","","","","","","",""
"2021033620","","2","0","0","0","0","0","0","0","0","2","0","","67","4","2021","1","40.017411","-75.181672","","6","0","0","0","0","0","0","0","0","","0","0","0","08","","1","N","0","","40 01:02.680","","7","75 10:54.020","3","0","0","0","67301","0","0","0","N","0","0","0","3","67301","0","","1.0","","1","N","N","N","0","","1","0","0","","3","","0840","2","1","0","0","0","0","0","2","0","2","","","","N","","","","","","","","","",""
"2021015429","","2","0","0","0","0","0","0","0","0","5","0","","67","2","2021","1","39.946483","-75.210464","","6","0","0","0","0","0","0","0","0","","0","0","0","00","","0","N","0","","39 56:47.340","6","0","75 12:37.670","0","0","0","0","67301","0","0","0","N","0","0","0","1","67301","0","","6.0","300.0","2","N","N","N","0","","0","0","0","","0","Y","0004","2","0","0","0","0","0","0","2","0","2","","10","","N","","","","","","","","","",""
"2021018804","","1","0","0","0","0","0","0","0","0","4","0","","67","2","2021","3","40.012299","-75.069352","","6","0","0","0","0","0","1","0","0","","0","0","0","21","","1","","1","","40 00:44.275","2","0","75 04:09.666","4","0","0","0","67301","0","0","0","N","0","0","0","2","67301","1","","1.0","300.0","1","N","N","N","0","","0","0","1","","2","Y","2130","2","1","0","0","0","0","0","2","0","2","","03","","N","","","","","","","","","",""
"2021019028","","0","0","0","0","0","0","0","0","0","7","0","","67","2","2021","5","39.900369","-75.157707","","6","0","0","0","0","0","0","0","0","","0","0","0","06","","0","N","0","","39 54:01.329","","3","75 09:27.746","0","0","0","0","67301","0","0","0","N","0","0","0","1","68K01","0","","2.0","","7","N","N","N","0","","0","0","1","","0","","0647","1","0","0","0","0","0","0","2","0","1","","","","N","","","","","","","","","",""
"2021016651","","0","0","0","0","0","0","0","0","0","7","0","","67","2","2021","6","39.993811","-75.213983","","6","0","0","0","0","0","0","0","0","","0","0","0","06","","0","N","0","","39 59:37.720","","0","75 12:50.340","0","0","0","0","67301","0","0","0","N","0","0","0","1","67301","0","","4.0","","9","N","N","N","0","","0","0","1","","0","","0600","1","0","0","0","0","0","0","2","0","1","","07","","N","","","","","","","","","",""
"2021028688","","3","0","0","0","0","0","0","0","0","2","0","","67","3","2021","1","40.045703","-75.161156","","6","0","0","0","0","0","0","0","0","","0","0","0","00","","0","N","0","","40 02:44.530","","0","75 09:40.160","9","0","0","0","67301","0","0","0","N","0","0","0","1","67301","0","","5.0","","1","N","N","N","0","","0","0","1","","0","","0015","4","0","0","0","0","0","1","2","0","4","","03","","N","","","","","","","","","",""
"2021019022","","1","0","0","0","0","0","0","0","0","7","0","","67","2","2021","1","39.994731","-75.198195","","6","0","0","0","0","0","1","0","0","","0","0","0","18","","1","N","0","","39 59:41.030","4","0","75 11:53.503","2","0","0","0","67301","0","0","0","N","0","0","0","1","68K01","0","","3.0","1845.0","1","N","N","N","0","","0","1","0","","0","N","1807","1","1","1","0","1","0","0","2","0","1","","","","N","","","","","","","","","",""
"2021041099","","1","0","0","0","0","0","0","0","0","4","0","","67","5","2021","4","40.030951","-75.148978","","6","0","0","0","0","0","0","1","0","","0","0","0","13","","1","","1","","40 01:51.423","","0","75 08:56.321","3","0","0","0","67301","0","0","0","N","0","0","0","2","67301","0","","1.0","","9","N","N","N","0","","1","0","1","","3","","1311","2","1","0","0","0","0","0","2","0","2","","04","","N","","","","","","","","","",""
"2021007902","","0","0","0","0","0","0","0","0","0","7","0","","67","1","2021","6","39.95796","-75.140349","","6","0","0","0","0","0","0","0","0","","0","0","0","09","","0","N","0","","39 57:28.656","3","8","75 08:25.257","0","0","0","0","67301","0","0","0","N","0","0","0","1","68K01","0","","4.0","1015.0","1","N","N","N","0","","0","0","1","","0","N","0925","1","0","0","0","0","0","0","2","0","1","","","","N","","","","","","","","","",""
"2021015153","","0","0","0","0","0","0","0","0","0","1","0","","67","2","2021","7","39.97515","-75.1682","","6","0","0","0","0","0","0","0","0","","0","0","0","00","","0","N","0","","39 58:30.541","","0","75 10:05.520","0","0","0","0","67301","0","0","0","N","0","0","0","1","67301","0","","6.0","","2","N","N","N","1","","0","0","1","","0","","0000","2","0","0","0","0","0","0","2","0","2","","03","","N","","","","","","","","","",""
"2021012839","","1","0","0","0","0","0","0","0","0","5","0","","67","2","2021","1","39.981389","-75.160639","","6","0","0","0","0","0","0","1","0","","0","0","0","04","","0","N","0","","39 58:53.000","","0","75 09:38.300","0","0","0","0","67301","0","0","0","N","0","0","0","1","67505","0","","6.0","","2","N","N","N","0","","0","0","2","","0","","0415","3","0","0","0","0","0","0","2","0","3","","03","","N","","","","","","","","","",""
"2021015242","","0","0","0","0","0","0","0","0","0","4","0","","67","2","2021","1","40.033048","-75.116073","","6","0","0","0","0","0","0","0","0","","0","0","0","00","","1","","1","","40 01:58.974","7","0","75 06:57.861","3","0","0","0","67301","0","0","0","N","0","0","0","2","67301","0","","1.0","110.0","2","N","N","N","0","","1","0","2","","2","Y","0020","2","1","0","0","0","0","0","2","0","2","","98","","N","","","","","","","","","",""
"2021006315","","1","0","0","0","0","0","0","0","0","7","0","","67","1","2021","6","40.035329","-75.01807","","6","0","0","0","1","0","0","0","0","","0","0","0","21","","1","N","0","","40 02:07.184","2","3","75 01:05.051","3","0","0","0","67301","0","0","0","N","0","0","0","1","68K01","0","","3.0","45.0","9","N","N","N","0","","1","0","0","","0","N","2133","1","1","0","0","0","0","0","2","0","1","","","","N","","","","","","","","","",""
"2021003673","","2","0","0","0","0","0","0","0","0","4","0","","67","1","2021","1","39.974559","-75.238281","","6","0","0","0","0","1","0","0","0","","0","0","0","22","","0","","1","","39 58:28.412","7","0","75 14:17.811","9","0","0","0","67301","0","0","0","N","0","0","0","2","67301","0","","1.0","200.0","1","N","N","N","0","","0","0","0","","2","Y","2240","2","0","0","0","0","0","1","2","0","2","","03","","N","","","","","","","","","",""