"CRN","ARRIVAL_TM","AUTOMOBILE_COUNT","BELTED_DEATH_COUNT","BELTED_SUSP_SERIOUS_INJ_COUNT","BICYCLE_COUNT","BICYCLE_DEATH_COUNT","BICYCLE_SUSP_SERIOUS_INJ_COUNT","BUS_COUNT","CHLDPAS_DEATH_COUNT","CHLDPAS_SUSP_SERIOUS_INJ_COUNT","COLLISION_TYPE","COMM_VEH_COUNT","CONS_ZONE_SPD_LIM","COUNTY","CRASH_MONTH","CRASH_YEAR","DAY_OF_WEEK","DEC_LATITUDE","DEC_LONGITUDE","DISPATCH_TM","DISTRICT","DRIVER_COUNT_16YR","DRIVER_COUNT_17YR","DRIVER_COUNT_18YR","DRIVER_COUNT_19YR","DRIVER_COUNT_20YR","DRIVER_COUNT_50_64YR","DRIVER_COUNT_65_74YR","DRIVER_COUNT_75PLUS","EST_HRS_CLOSED","FATAL_COUNT","HEAVY_TRUCK_COUNT","HORSE_BUGGY_COUNT","HOUR_OF_DAY","ILLUMINATION","INJURY_COUNT","INTERSECTION_RELATED","INTERSECT_TYPE","LANE_CLOSED","LATITUDE","LN_CLOSE_DIR","LOCATION_TYPE","LONGITUDE","MAX_SEVERITY_LEVEL","MCYCLE_DEATH_COUNT","MCYCLE_SUSP_SERIOUS_INJ_COUNT","MOTORCYCLE_COUNT","MUNICIPALITY","NONMOTR_COUNT","NONMOTR_DEATH_COUNT","NONMOTR_SUSP_SERIOUS_INJ_COUNT","NTFY_HIWY_MAINT","PED_COUNT","PED_DEATH_COUNT","PED_SUSP_SERIOUS_INJ_COUNT","PERSON_COUNT","POLICE_AGCY","POSSIBLE_INJ_COUNT","RDWY_SURF_TYPE_CD","RELATION_TO_ROAD","ROADWAY_CLEARED","ROAD_CONDITION","SCH_BUS_IND","SCH_ZONE_IND","SECONDARY_CRASH","SMALL_TRUCK_COUNT","SPEC_JURIS_CD","SUSP_MINOR_INJ_COUNT","SUSP_SERIOUS_INJ_COUNT","SUV_COUNT","TCD_FUNC_CD","TCD_TYPE","TFC_DETOUR_IND","TIME_OF_DAY","TOTAL_UNITS","TOT_INJ_COUNT","UNBELTED_OCC_COUNT","UNB_DEATH_COUNT","UNB_SUSP_SERIOUS_INJ_COUNT","UNK_INJ_DEG_COUNT","UNK_INJ_PER_COUNT","URBAN_RURAL","VAN_COUNT","VEHICLE_COUNT","WEATHER1","WEATHER2","WORKERS_PRES","WORK_ZONE_IND","WORK_ZONE_LOC","WORK_ZONE_TYPE","WZ_CLOSE_DETOUR","WZ_FLAGGER","WZ_LAW_OFFCR_IND","WZ_LN_CLOSURE","WZ_MOVING","WZ_OTHER","WZ_SHLDER_MDN","WZ_WORKERS_INJ_KILLED"
"2021023315","","0","0","0","0","0","0","0","0","0","7","0","","67","2","2021","2","39.979079","-75.108314","","6","0","0","0","0","0","0","0","0","","0","0","0","09","","1","N","0","","39 58:44.685","1","0","75 06:29.931","8","0","0","0","67301","0","0","0","N","0","0","0","1","68K01","0","","3.0","955.0","6","N","N","N","0","","0","0","1","","0","N","0927","1","1","0","0","0","1","0","2","0","1","","04","","N","","","","","","","","","",""
"2021024548","","1","0","0","0","0","0","0","0","0","6","0","","67","2","2021","1","40.011083","-75.135108","","6","0","0","0","0","0","1","0","0","","0","0","0","01","","0","N","0","","40 00:39.900","","0","75 08:06.390","0","0","0","0","67301","0","0","0","N","0","0","0","2","67301","0","","1.0","","2","N","N","N","0","","0","0","1","","0","","0150","2","0","0","0","0","0","0","2","0","2","","10","","N","","","","","","","","","",""
"2021018226","","0","0","0","0","0","0","0","0","0","1","0","","67","2","2021","7","39.957831","-75.161542","","6","0","0","0","1","0","1","0","0","","0","0","0","16","","0","N","0","","39 57:28.190","4","0","75 09:41.552","0","0","0","0","67301","0","0","0","N","0","0","0","3","68K01","0","","1.0","1625.0","1","N","N","N","0","","0","0","2","","0","N","1613","3","0","0","0","0","0","0","2","1","3","","03","","N","","","","","","","","","",""
"2021030229","","1","0","0","0","0","0","0","0","0","4","0","","67","4","2021","6","40.055423","-75.089888","","6","0","0","0","0","0","1","0","0","","0","0","0","08","","1","N","0","","40 03:19.522","2","0","75 05:23.598","3","0","0","0","67301","0","0","0","N","0","0","0","3","67301","0","","1.0","100.0","1","N","N","N","0","","1","0","1","","0","N","0845","2","1","0","0","0","0","0","2","0","2","","03","","N","","","","","","","","","",""
"2021042486","","1","0","0","0","0","0","0","0","0","4","0","","67","5","2021","2","40.022244","-75.078428","","6","0","0","0","0","0","1","0","0","","0","0","0","12","","1","N","0","","40 01:20.078","","0","75 04:42.339","3","0","0","0","67301","0","0","0","N","0","0","0","5","67301","0","","1.0","","1","N","N","N","0","","1","0","1","","0","","1232","2","1","0","0","0","0","1","2","0","2","","03","","N","","","","","","","","","",""
"2021030122","","1","0","0","0","0","0","0","0","0","5","0","","67","3","2021","7","39.904423","-75.238567","","6","0","0","0","0","0","0","0","0","","0","0","0","21","","0","","2","","39 54:15.922","","0","75 14:18.841","0","0","0","0","67301","0","0","0","N","0","0","0","2","67301","0","","1.0","","1","N","N","N","0","","0","0","1","","0","","2130","2","0","0","0","0","0","0","2","0","2","","","","N","","","","","","","","","",""
"2021006508","","2","0","0","0","0","0","0","0","0","1","0","","67","1","2021","3","39.996795","-75.153986","","6","0","1","0","0","0","1","0","0","","0","0","0","21","","2","","1","","39 59:48.463","2","0","75 09:14.351","3","0","0","0","67301","0","0","0","N","0","0","0","2","67301","0","","1.0","2200.0","1","N","N","N","0","","2","0","0","","2","Y","2125","2","2","2","0","0","0","0","2","0","2","","03","","N","","","","","","","","","",""
"2021015917","","1","0","0","0","0","0","0","0","0","4","0","","67","2","2021","1","39.981144","-75.164732","","6","0","0","0","0","0","0","0","0","","0","0","0","01","","2","","1","","39 58:52.118","","0","75 09:53.035","3","0","0","0","67301","0","0","0","N","0","0","0","4","67301","0","","1.0","","9","N","N","N","0","","2","0","1","","3","","0100","2","2","0","0","0","0","2","2","0","2","","","","N","","","","","","","","","",""
"2021031924","","0","0","0","1","1","0","0","0","0","8","0","","67","4","2021","2","39.964634","-75.20936","","6","0","0","0","0","0","0","0","0","","1","0","0","21","","0","N","1","","39 57:52.682","","0","75 12:33.696","1","0","0","0","67301","1","1","0","N","0","0","0","2","67301","0","2","1.0","","1","N","N","N","0","0","0","0","0","","3","","2120","2","0","0","0","0","0","1","2","0","1","","03","","N","","","","","","","","","",""
"2021015333","","2","0","0","0","0","0","0","0","0","1","0","","67","2","2021","7","39.96349","-75.169377","","6","0","0","0","0","0","0","0","0","","0","0","0","18","","0","","1","","39 57:48.564","4","0","75 10:09.758","0","0","0","0","67301","0","0","0","N","0","0","0","2","67301","0","","1.0","1855.0","2","N","N","N","0","","0","0","0","","2","N","1840","2","0","0","0","0","0","0","2","0","2","","09","","N","","","","","","","","","",""
"2021015860","","1","0","0","0","0","0","0","0","0","4","0","","67","2","2021","2","40.043155","-75.16721","","6","0","0","0","0","0","0","0","0","","0","0","0","23","","2","","1","","40 02:35.358","","0","75 10:01.956","3","0","0","0","67301","0","0","0","N","0","0","0","2","67301","0","","1.0","","9","N","N","N","0","","2","0","1","","2","","2334","2","2","0","0","0","0","0","2","0","2","","07","","N","","","","","","","","","",""
"2021013458","","1","0","0","0","0","0","0","0","0","7","0","","67","2","2021","1","40.094065","-74.980433","","6","0","0","0","0","0","0","0","0","","0","0","0","10","","0","N","0","","40 05:38.634","3","0","74 58:49.557","0","0","0","0","67301","0","0","0","N","0","0","0","1","67301","0","","2.0","1120.0","6","N","N","N","0","","0","0","0","","0","N","1052","1","0","0","0","0","0","0","2","0","1","","04","","N","","","","","","","","","",""
"2021003188","","0","0","0","0","0","0","0","0","0","4","0","","67","1","2021","7","39.969513","-75.225371","","6","0","0","0","0","0","0","0","0","","0","0","0","18","","2","","1","","39 58:10.246","","0","75 13:31.336","4","0","0","0","67301","0","0","0","N","0","0","0","3","67301","2","","1.0","","1","N","N","N","0","","0","0","1","","2","","1807","2","2","0","0","0","0","1","2","1","2","","03","","N","","","","","","","","","",""
"2021000253","","1","0","0","0","0","0","0","0","0","2","0","","67","1","2021","6","40.009044","-75.090581","","6","0","0","0","0","0","0","0","0","","0","0","0","04","","0","N","0","","40 00:32.560","","1","75 05:26.090","0","0","0","0","67301","0","0","0","N","0","0","0","1","67301","0","","6.0","","1","N","N","N","0","","0","0","1","","0","","0411","3","0","0","0","0","0","0","2","0","2","","","","N","","","","","","","","","",""
"2021021220","","1","0","0","0","0","0","0","0","0","8","0","","67","3","2021","3","40.029225","-75.174558","","6","0","0","0","0","0","0","0","0","","0","0","0","18","","1","","1","","40 01:45.210","","0","75 10:28.410","8","0","0","0","67301","1","0","0","N","1","0","0","2","67301","0","","1.0","","1","N","N","N","0","","0","0","0","","2","","1850","2","1","0","0","0","1","0","2","0","1","","03","","N","","","","","","","","","",""
"2021019046","","1","0","0","0","0","0","0","0","0","7","0","","67","2","2021","1","39.989012","-75.206694","","6","0","0","0","1","0","0","0","0","","0","0","0","22","","0","N","0","","39 59:20.444","","0","75 12:24.097","0","0","0","0","67301","0","0","0","N","0","0","0","1","68K01","0","","4.0","","1","N","N","N","0","","0","0","0","","0","","2256","1","0","0","0","0","0","0","2","0","1","","","","N","","","","","","","","","",""
"2021038831","","1","0","0","0","0","0","0","0","0","2","1","","67","4","2021","5","40.03408","-75.208414","","6","0","0","0","0","0","1","0","0","","0","1","0","06","","1","","2","","40 02:02.689","2","0","75 12:30.292","8","0","0","0","67301","0","0","0","N","0","0","0","2","67301","0","","1.0","950.0","1","N","N","N","0","","0","0","0","","2","N","0640","2","1","0","0","0","1","0","2","0","2","","04","","N","","","","","","","","","",""
"2021002531","","1","0","0","0","0","0","0","0","0","5","0","55","67","1","2021","7","40.023169","-75.035604","","6","0","0","0","0","0","2","0","0","","0","0","0","12","","0","N","0","","40 01:23.409","2","0","75 02:08.173","0","0","0","0","67301","0","0","0","N","0","0","0","3","68K01","0","","1.0","1300.0","1","N","N","N","0","","0","0","2","","0","N","1224","3","0","0","0","0","0","0","2","0","3","","03","N","Y","2","1","","","N","","","","Y","N"
"2021037598","","1","0","0","0","0","0","0","0","0","1","0","","67","4","2021","2","39.957931","-75.164145","","6","0","0","0","0","0","0","0","0","","0","0","0","02","","1","","1","","39 57:28.550","","0","75 09:50.921","3","0","0","0","67301","0","0","0","N","0","0","0","1","67301","0","","1.0","","1","N","N","N","0","","1","0","0","","2","","0250","2","1","1","0","0","0","0","2","0","2","","98","","N","","","","","","","","","",""
"2021000459","","4","0","0","0","0","0","0","0","0","6","0","","67","1","2021","6","40.046331","-75.173133","","6","0","0","0","0","0","0","0","0","","0","0","0","07","","0","N","0","","40 02:46.790","","0","75 10:23.280","9","0","0","0","67301","0","0","0","N","0","0","0","1","67301","0","","6.0","","1","N","N","N","0","","0","0","0","","0","","0754","4","0","0","0","0","0","1","2","0","4","","","","N","","","","","","","","","",""
"2021041649","","2","0","0","0","0","0","0","0","0","5","0","","67","5","2021","7","40.019399","-75.07718","","6","0","0","0","0","0","0","0","0","","0","0","0","02","","0","N","2","","40 01:09.836","","0","75 04:37.847","9","0","0","0","67301","0","0","0","N","0","0","0","2","67301","0","","9.0","","1","N","N","N","0","","0","0","0","","0","","0200","2","0","0","0","0","0","1","2","0","2","","03","","N","","","","","","","","","",""
"2021018078","","1","0","0","0","0","0","0","0","0","8","0","","67","2","2021","7","40.030668","-75.166248","","6","0","0","0","1","0","0","0","0","","0","0","0","22","","1","N","0","","40 01:50.403","","0","75 09:58.491","3","0","0","0","67301","1","0","0","N","1","0","0","2","67301","0","","1.0","","2","N","N","N","0","","1","0","0","","0","","2228","2","1","0","0","0","0","0","2","0","1","","","","N","","","","","","","","","",""
"2021015475","","2","0","0","0","0","0","0","0","0","2","0","","67","2","2021","1","40.01279","-75.072158","","6","0","0","0","0","0","0","0","0","","0","0","0","01","","2","N","0","","40 00:46.043","","0","75 04:19.769","3","0","0","0","67301","0","0","0","N","0","0","0","4","67301","0","","1.0","","2","N","N","N","0","","2","0","0","","0","","0114","2","2","0","0","0","0","0","2","0","2","","07","","N","","","","","","","","","",""
"2021005981","","1","0","0","0","0","0","0","0","0","4","0","","67","1","2021","6","39.943226","-75.237115","","6","0","0","0","0","1","0","0","0","","0","0","0","20","","1","","1","","39 56:35.613","","0","75 14:13.614","3","0","0","0","67301","0","0","0","N","0","0","0","3","67301","0","","1.0","","8","N","N","N","0","","1","0","1","","0","","2010","2","1","2","0","0","0","0","2","0","2","","04","","N","","","","","","","","","",""
"2021017480","","1","0","0","0","0","0","0","0","0","4","0","","67","2","2021","3","39.957398","-75.157071","","6","0","0","0","0","0","0","0","0","","0","0","0","12","","0","","1","","39 57:26.633","","3","75 09:25.457","0","0","0","0","67301","0","0","0","N","0","0","0","2","67301","0","","1.0","","7","N","N","N","0","","0","0","1","","2","","1235","2","0","0","0","0","0","0","2","0","2","","07","","N","","","","","","","","","",""
"2021015330","","2","0","0","0","0","0","0","0","0","5","0","","67","2","2021","7","40.073933","-75.016409","","6","0","0","0","1","0","0","0","0","","0","0","0","23","","0","N","0","","40 04:26.157","","0","75 00:59.074","0","0","0","0","67301","0","0","0","N","0","0","0","5","67301","0","","1.0","","2","N","N","N","0","","0","0","0","","0","","2330","2","0","0","0","0","0","0","2","0","2","","06","","N","","","","","","","","","",""
"2021010458","","2","0","0","0","0","0","0","0","0","1","0","","67","1","2021","1","39.968289","-75.163178","","6","0","0","0","0","0","0","0","0","","0","0","0","09","","0","N","0","","39 58:05.840","","0","75 09:47.440","0","0","0","0","67301","0","0","0","N","0","0","0","1","67301","0","","6.0","","1","N","N","N","0","","0","0","2","","0","","0931","5","0","0","0","0","0","0","2","0","5","","03","","N","","","","","","","","","",""
"2021004229","","1","0","0","0","0","0","0","0","0","1","0","","67","1","2021","7","39.986917","-75.145417","","6","0","0","0","0","0","1","0","0","","0","0","0","01","","2","Y","0","","39 59:12.900","5","0","75 08:43.500","2","0","0","0","67301","0","0","0","N","0","0","0","2","67301","0","","1.0","500.0","1","N","N","N","0","","0","1","2","","2","N","0109","3","2","0","0","0","1","0","2","0","3","","","","N","","","","","","","","","",""
"2021017108","","1","0","0","0","0","0","0","0","0","2","0","","67","2","2021","5","40.052481","-75.171399","","6","0","0","0","0","0","0","0","0","","0","0","0","09","","1","N","0","","40 03:08.931","","0","75 10:17.038","3","0","0","0","67301","0","0","0","N","0","0","0","3","67301","0","","1.0","","7","N","N","N","0","","1","0","1","","0","","0900","2","1","0","0","0","0","0","2","0","2","","","","N","","","","","","","","","",""
"2021016357","","1","0","0","0","0","0","0","0","0","8","0","","67","2","2021","1","39.988524","-75.106326","","6","0","0","0","0","0","0","0","0","","0","0","0","20","","1","","1","","39 59:18.686","","0","75 06:22.773","3","0","0","0","67301","1","0","0","N","1","0","0","2","67301","0","","1.0","","9","N","N","N","0","","1","0","0","","2","","2028","2","1","0","0","0","0","0","2","0","1","","","","N","","","","","","","","","",""
"2021032422","","2","0","0","0","0","0","0","0","0","4","0","","67","4","2021","3","40.015303","-75.137158","","6","0","0","0","0","0","0","0","0","","0","0","0","11","","1","","1","","40 00:55.090","","0","75 08:13.768","3","0","0","0","67301","0","0","0","N","0","0","0","3","67301","0","","1.0","","1","N","N","N","1","","1","0","0","","2","","1104","3","1","0","0","0","0","0","2","0","3","","03","","N","","","","","","","","","",""
"2021014701","","1","0","0","0","0","0","0","0","0","8","0","","67","2","2021","1","39.999027","-75.133244","","6","0","0","0","0","0","0","0","0","","0","0","0","13","","2","","1","","39 59:56.498","","0","75 07:59.680","3","0","0","0","67301","2","0","0","N","2","0","0","3","67301","0","","1.0","","7","N","N","N","0","","2","0","0","","2","","1340","3","2","1","0","0","0","0","2","0","1","","","","N","","","","","","","","","",""
"2021007192","","0","0","0","0","0","0","0","0","0","7","0","","67","1","2021","6","40.019703","-75.109561","","6","0","0","0","0","0","0","0","0","","0","0","0","02","","0","N","0","","40 01:10.930","","0","75 06:34.420","9","0","0","0","67301","0","0","0","N","0","0","0","1","67301","0","","1.0","","1","N","N","N","0","","0","0","1","","0","","0245","1","0","1","0","0","0","1","2","0","1","","03","","N","","","","","","","","","",""
"2021013178","","1","0","0","0","0","0","0","0","0","4","0","","67","2","2021","2","39.90369","-75.243239","","6","0","0","0","0","0","0","0","0","","0","0","0","16","","3","","1","","39 54:13.285","4","0","75 14:35.660","4","0","0","0","67301","0","0","0","N","0","0","0","8","67301","3","","1.0","0.0","1","N","N","N","0","","0","0","1","","2","N","1625","2","3","0","0","0","0","3","2","0","2","","","","N","","","","","","","","","",""
"2021009596","","1","0","0","0","0","0","0","0","0","1","0","","67","1","2021","1","40.035684","-75.016742","","6","0","0","0","0","0","1","0","0","","0","0","0","15","","1","N","0","","40 02:08.464","","0","75 01:00.271","4","0","0","0","67301","0","0","0","N","0","0","0","4","68K01","1","","1.0","","1","N","N","N","1","","0","0","0","","0","","1523","3","1","0","0","0","0","0","2","1","3","","03","","N","","","","","","","","","",""
"2021002908","","0","0","0","0","0","0","0","0","0","6","0","","67","1","2021","4","40.053531","-75.141025","","6","0","0","0","0","1","0","0","0","","0","0","0","12","","0","Y","0","","40 03:12.710","","0","75 08:27.690","0","0","0","0","67301","0","0","0","N","0","0","0","2","67301","0","","1.0","","1","N","N","N","0","","0","0","1","","2","","1225","2","0","0","0","0","0","0","2","1","2","","03","","N","","","","","","","","","",""
"2021033178","","1","0","0","0","0","0","0","0","0","5","0","","67","4","2021","4","40.034976","-75.018156","","6","0","0","0","0","0","0","0","0","","0","0","0","13","","0","N","0","","40 02:05.912","","0","75 01:05.363","0","0","0","0","67301","0","0","0","N","0","0","0","2","68K01","0","","4.0","","1","N","N","N","1","","0","0","0","","0","","1351","2","0","1","0","0","0","0","2","0","2","","","","N","","","","","","","","","",""
"2021014690","","3","0","0","0","0","0","0","0","0","5","0","","67","2","2021","7","39.925383","-75.234096","","6","0","0","0","0","0","0","0","0","","0","0","0","04","","0","N","0","","39 55:31.377","","0","75 14:02.747","0","0","0","0","67301","0","0","0","N","0","0","0","1","67301","0","","6.0","","1","N","N","N","0","","0","0","0","","0","","0450","3","0","0","0","0","0","0","2","0","3","","03","","N","","","","","","","","","",""
"2021010403","","2","0","0","0","0","0","0","0","0","1","0","","67","1","2021","7","39.959486","-75.174721","","6","0","0","0","0","0","1","1","0","","0","0","0","13","","1","N","0","","39 57:34.151","4","0","75 10:28.996","8","0","0","0","67301","0","0","0","N","0","0","0","6","68K01","0","","1.0","1430.0","1","N","N","N","0","","0","0","1","","0","N","1323","4","1","0","0","0","1","0","2","1","4","","","","N","","","","","","","","","",""
"2021005377","","0","0","0","0","0","0","0","0","0","7","0","","67","1","2021","7","40.011104","-75.061437","","6","0","0","0","0","0","0","0","0","","0","0","0","04","","0","N","0","","40 00:39.973","1","0","75 03:41.172","0","0","0","0","67301","0","0","0","N","0","0","0","1","68K01","0","","4.0","504.0","9","N","N","N","0","","0","0","1","","0","N","0441","1","0","0","0","0","0","0","2","0","1","","07","","N","","","","","","","","","",""
"2021040554","","1","0","0","0","0","0","0","0","0","8","0","","67","2","2021","7","40.051584","-75.00121","","6","0","0","0","0","0","0","0","0","","1","0","0","21","","0","N","0","","40 03:05.701","6","0","75 00:04.357","1","0","0","0","67301","1","1","0","N","1","1","0","2","67301","0","2","1.0","2142.0","1","N","N","N","0","0","0","0","0","","0","Y","2130","2","0","0","0","0","0","0","2","0","1","","03","","N","","","","","","","","","",""
"2021003594","","1","0","0","0","0","0","0","0","0","5","0","50","67","1","2021","6","39.94262","-75.19336","","6","0","0","0","0","0","0","0","0","","0","0","0","20","","2","N","0","","39 56:33.431","","3","75 11:36.096","8","0","0","0","67301","0","0","0","N","0","0","0","6","68K01","0","","1.0","","1","N","N","N","0","","0","0","1","","0","","2058","3","2","0","0","0","2","0","2","1","3","","","N","Y","2","1","","","N","Y","","","","N"
"2021038065","","1","0","0","0","0","0","0","0","0","1","0","","67","4","2021","2","39.983527","-75.097499","","6","0","0","0","0","0","1","0","0","","0","0","0","15","","0","N","0","","39 59:00.697","1","0","75 05:50.997","0","0","0","0","67301","0","0","0","N","0","0","0","3","68K01","0","","1.0","30.0","1","N","N","Y","0","","0","0","1","","0","N","1508","3","0","0","0","0","0","0","2","1","3","","03","","N","","","","","","","","","",""
"2021000325","","1","0","0","0","0","0","0","0","0","5","0","","67","1","2021","6","39.933139","-75.18875","","6","0","0","0","0","0","0","0","0","","0","0","0","03","","0","N","0","","39 55:59.300","","0","75 11:19.500","0","0","0","0","67301","0","0","0","N","0","0","0","1","67301","0","","6.0","","1","N","N","N","0","","0","0","1","","0","","0300","2","0","0","0","0","0","0","2","0","2","","03","","N","","","","","","","","","",""
"2021006056","","1","0","0","0","0","0","0","0","0","5","0","","67","1","2021","7","40.025395","-75.147612","","6","0","0","0","0","0","0","0","0","","0","0","0","03","","0","N","0","","40 01:31.422","","0","75 08:51.403","0","0","0","0","67301","0","0","0","N","0","0","0","1","67301","0","","6.0","","9","N","N","N","0","","0","0","1","","0","","0300","2","0","0","0","0","0","0","2","0","2","","07","","N","","","","","","","","","",""
"2021010255","","1","0","0","0","0","0","0","0","0","7","0","","67","1","2021","6","40.005855","-75.074244","","6","0","0","0","0","1","0","0","0","","0","0","0","03","","1","N","0","","40 00:21.077","","2","75 04:27.278","3","0","0","0","67301","0","0","0","N","0","0","0","1","67301","0","","2.0","","1","N","N","N","0","","1","0","0","","0","","0345","1","1","1","0","0","0","0","2","0","1","","","","N","","","","","","","","","",""
"2021033951","","1","0","0","0","0","0","0","0","0","5","0","","67","4","2021","2","39.937125","-75.144093","","6","0","0","0","0","0","0","0","0","","0","0","0","13","","0","N","0","","39 56:13.649","2","0","75 08:38.735","0","0","0","0","67301","0","0","0","N","0","0","0","3","68K01","0","","1.0","1345.0","1","N","N","N","0","","0","0","1","","0","N","1302","2","0","0","0","0","0","0","2","0","2","","","","N","","","","","","","","","",""
"2021033137","","1","0","0","0","0","0","1","0","0","5","1","","67","4","2021","4","39.970064","-75.219906","","6","0","0","0","0","0","0","0","0","","0","0","0","20","","1","N","0","","39 58:12.230","6","0","75 13:11.660","8","0","0","0","67301","0","0","0","N","0","0","0","1","67301","0","","6.0","2145.0","1","N","N","N","0","","0","0","0","","0","Y","2027","2","1","0","0","0","1","0","2","0","2","","","","N","","","","","","","","","",""
"2021040299","","3","0","0","0","0","0","0","0","0","1","0","","67","5","2021","7","40.002274","-75.078145","","6","0","0","0","0","0","0","0","0","","0","0","0","13","","0","N","0","","40 00:08.185","","0","75 04:41.322","0","0","0","0","67301","0","0","0","N","0","0","0","3","68K01","0","","1.0","","1","N","N","N","0","","0","0","0","","0","","1357","3","0","0","0","0","0","0","2","0","3","","","","N","","","","","","","","","",""
"2021032912","","0","0","0","0","0","0","0","0","0","1","0","","67","4","2021","4","39.941348","-75.142137","","6","0","0","0","0","0","1","0","0","","0","0","0","12","","1","N","0","","39 56:28.853","","0","75 08:31.692","3","0","0","0","67301","0","0","0","N","0","0","0","1","67301","0","","1.0","","1","N","N","N","1","","1","0","1","","0","","1202","2","1","0","0","0","0","0","2","0","2","","","","N","","","","","","","","","",""
"2021039932","","1","0","0","0","0","0","0","0","0","7","0","","67","5","2021","3","40.028247","-75.058416","","6","0","0","0","0","0","0","0","0","","0","0","0","01","","0","N","0","","40 01:41.689","1","0","75 03:30.299","9","0","0","0","67301","0","0","0","N","0","0","0","1","67301","0","","4.0","330.0","9","N","N","N","0","","0","0","0","","0","N","0148","1","0","0","0","0","0","1","2","0","1","","","","N","","","","","","","","","",""
"2021007675","","2","0","0","0","0","0","0","0","0","4","0","","67","1","2021","4","40.015238","-75.149829","","6","0","0","0","0","0","1","0","0","","0","0","0","21","","1","","1","","40 00:54.857","","0","75 08:59.386","8","0","0","0","67301","0","0","0","N","0","0","0","2","67301","0","","1.0","","1","N","N","N","0","","0","0","0","","2","","2118","2","1","0","0","0","1","0","2","0","2","","","","N","","","","","","","","","",""
"2021036028","","2","0","0","0","0","0","0","0","0","98","0","","67","4","2021","6","39.931349","-75.199516","","6","0","0","0","0","0","1","0","0","","0","0","0","22","","0","N","0","","39 55:52.855","3","0","75 11:58.259","0","0","0","0","67301","0","0","0","N","0","0","0","3","68K01","0","","1.0","2300.0","1","N","N","N","0","","0","0","1","","0","N","2244","3","0","0","0","0","0","0","2","0","3","","","","N","","","","","","","","","",""
"2021039595","","1","0","0","0","0","0","0","0","0","4","0","","67","5","2021","1","40.024436","-75.146915","","6","0","0","0","1","0","0","0","0","","0","0","0","01","","3","","1","","40 01:27.969","5","0","75 08:48.894","2","0","0","0","67301","0","0","0","N","0","0","0","3","67301","1","","1.0","320.0","1","N","N","N","0","","1","1","1","","2","Y","0100","2","3","0","0","0","0","0","2","0","2","","","","N","","","","","","","","","",""
"2021016258","","1","0","0","0","0","0","0","0","0","4","0","","67","2","2021","4","39.962474","-75.244666","","6","0","0","0","0","0","0","0","0","","0","0","0","20","","2","","1","","39 57:44.907","","0","75 14:40.797","3","0","0","0","67301","0","0","0","N","0","0","0","5","67301","0","","1.0","","1","N","N","N","1","","2","0","0","","2","","2012","2","2","2","0","0","0","0","2","0","2","","03","","N","","","","","","","","","",""
"2021033838","","2","0","0","0","0","0","0","0","0","4","0","","67","3","2021","2","40.053908","-75.049226","","6","0","0","0","0","0","0","1","0","","0","0","0","15","","1","N","0","","40 03:14.068","1","0","75 02:57.212","3","0","0","0","67301","0","0","0","N","0","0","0","2","67301","0","","1.0","1600.0","1","N","N","N","0","","1","0","0","","0","N","1527","2","1","0","0","0","0","0","2","0","2","","03","","N","","","","","","","","","",""
"2021000090","","1","0","0","0","0","0","0","0","0","4","0","","67","1","2021","6","40.016862","-75.158402","","6","0","0","0","0","0","0","1","0","","0","0","0","00","","1","N","0","","40 01:00.704","","0","75 09:30.248","4","0","0","0","67301","0","0","0","N","0","0","0","2","67301","1","","1.0","","1","N","N","N","1","","0","0","2","","0","","0000","4","1","1","0","0","0","0","2","0","4","","03","","N","","","","","","","","","",""
"2021040558","","1","0","0","0","0","0","0","0","0","8","0","","67","3","2021","6","40.005443","-75.107331","","6","0","0","0","0","0","0","0","0","","1","0","0","21","","0","N","2","","40 00:19.593","6","0","75 06:26.392","1","0","0","0","67301","1","1","0","N","1","1","0","2","67301","0","2","1.0","2206.0","1","N","N","N","0","0","0","0","0","","0","Y","2155","2","0","0","0","0","0","1","2","0","1","","03","","N","","","","","","","","","",""
"2021002268","","2","0","0","0","0","0","0","0","0","4","0","","67","1","2021","6","39.975644","-75.192006","","6","0","0","0","0","0","0","0","0","","0","0","0","18","","1","","3","","39 58:32.319","","0","75 11:31.223","4","0","0","0","67301","0","0","0","N","0","0","0","2","67301","1","","1.0","","7","N","N","N","0","","0","0","0","","3","","1801","2","1","0","0","0","0","0","2","0","2","","","","N","","","","","","","","","",""
"2021036663","","1","0","0","0","0","0","0","0","0","8","0","","67","3","2021","4","39.996438","-75.113451","","6","0","0","0","0","0","1","0","0","","0","0","0","21","","0","","1","","39 59:47.175","","2","75 06:48.425","0","0","0","0","67301","1","0","0","N","1","0","0","2","67301","0","","1.0","","9","N","N","N","0","","0","0","0","","0","","2149","2","0","1","0","0","0","0","2","0","1","","","","N","","","","","","","","","",""
"2021009822","","1","0","0","0","0","0","0","0","0","5","0","","67","1","2021","7","40.024084","-75.165278","","6","0","0","0","0","0","0","0","0","","0","0","0","07","","0","","2","","40 01:26.702","","0","75 09:55.000","0","0","0","0","67301","0","0","0","N","0","0","0","1","67301","0","","1.0","","1","N","N","N","1","","0","0","0","","0","","0700","3","0","0","0","0","0","0","2","1","3","","03","","N","","","","","","","","","",""