"CRN","ARRIVAL_TM","AUTOMOBILE_COUNT","BELTED_DEATH_COUNT","BELTED_SUSP_SERIOUS_INJ_COUNT","BICYCLE_COUNT","BICYCLE_DEATH_COUNT","BICYCLE_SUSP_SERIOUS_INJ_COUNT","BUS_COUNT","CHLDPAS_DEATH_COUNT","CHLDPAS_SUSP_SERIOUS_INJ_COUNT","COLLISION_TYPE","COMM_VEH_COUNT","CONS_ZONE_SPD_LIM","COUNTY","CRASH_MONTH","CRASH_YEAR","DAY_OF_WEEK","DEC_LATITUDE","DEC_LONGITUDE","DISPATCH_TM","DISTRICT","DRIVER_COUNT_16YR","DRIVER_COUNT_17YR","DRIVER_COUNT_18YR","DRIVER_COUNT_19YR","DRIVER_COUNT_20YR","DRIVER_COUNT_50_64YR","DRIVER_COUNT_65_74YR","DRIVER_COUNT_75PLUS","EST_HRS_CLOSED","FATAL_COUNT","HEAVY_TRUCK_COUNT","HORSE_BUGGY_COUNT","HOUR_OF_DAY","ILLUMINATION","INJURY_COUNT","INTERSECTION_RELATED","INTERSECT_TYPE","LANE_CLOSED","LATITUDE","LN_CLOSE_DIR","LOCATION_TYPE","LONGITUDE","MAX_SEVERITY_LEVEL","MCYCLE_DEATH_COUNT","MCYCLE_SUSP_SERIOUS_INJ_COUNT","MOTORCYCLE_COUNT","MUNICIPALITY","NONMOTR_COUNT","NONMOTR_DEATH_COUNT","NONMOTR_SUSP_SERIOUS_INJ_COUNT","NTFY_HIWY_MAINT","PED_COUNT","PED_DEATH_COUNT","PED_SUSP_SERIOUS_INJ_COUNT","PERSON_COUNT","POLICE_AGCY","POSSIBLE_INJ_COUNT","RDWY_SURF_TYPE_CD","RELATION_TO_ROAD","ROADWAY_CLEARED","ROAD_CONDITION","SCH_BUS_IND","SCH_ZONE_IND","SECONDARY_CRASH","SMALL_TRUCK_COUNT","SPEC_JURIS_CD","SUSP_MINOR_INJ_COUNT","SUSP_SERIOUS_INJ_COUNT","SUV_COUNT","TCD_FUNC_CD","TCD_TYPE","TFC_DETOUR_IND","TIME_OF_DAY","TOTAL_UNITS","TOT_INJ_COUNT","UNBELTED_OCC_COUNT","UNB_DEATH_COUNT","UNB_SUSP_SERIOUS_INJ_COUNT","UNK_INJ_DEG_COUNT","UNK_INJ_PER_COUNT","URBAN_RURAL","VAN_COUNT","VEHICLE_COUNT","WEATHER1","WEATHER2","WORKERS_PRES","WORK_ZONE_IND","WORK_ZONE_LOC","WORK_ZONE_TYPE","WZ_CLOSE_DETOUR","WZ_FLAGGER","WZ_LAW_OFFCR_IND","WZ_LN_CLOSURE","WZ_MOVING","WZ_OTHER","WZ_SHLDER_MDN","WZ_WORKERS_INJ_KILLED"
"2021014055","","0","0","0","0","0","0","0","0","0","4","0","","67","2","2021","3","39.987686","-75.216232","","6","0","0","0","0","0","0","0","1","","0","0","0","12","","4","","3","","39 59:15.669","1","0","75 12:58.434","3","0","0","0","67301","0","0","0","N","0","0","0","4","67301","0","","1.0","1500.0","9","N","N","N","1","","4","0","1","","2","Y","1224","2","4","0","0","0","0","0","2","0","2","","04","","N","","","","","","","","","",""
"2021003186","","0","0","0","0","0","0","0","0","0","4","0","","67","1","2021","6","39.942828","-75.150548","","6","0","0","0","0","0","0","0","1","","0","0","0","11","","0","","1","","39 56:34.182","4","0","75 09:01.974","0","0","0","0","67301","0","0","0","N","0","0","0","2","67301","0","","1.0","1200.0","1","N","N","N","0","","0","0","2","","2","N","1107","2","0","2","0","0","0","0","2","0","2","","03","","N","","","","","","","","","",""
"2021006180","","2","0","0","0","0","0","0","0","0","4","0","","67","1","2021","3","39.962167","-75.191273","","6","0","0","0","0","0","0","1","0","","0","0","0","15","","1","","1","","39 57:43.801","2","0","75 11:28.582","3","0","0","0","67301","0","0","0","N","0","0","0","2","67507","0","","1.0","1540.0","1","N","N","N","0","","1","0","0","","2","N","1522","2","1","0","0","0","0","0","2","0","2","","","","N","","","","","","","","","",""
"2021002264","","3","0","0","0","0","0","0","0","0","4","0","","67","1","2021","6","39.958557","-75.160057","","6","0","0","0","0","0","0","0","0","","0","0","0","01","","0","","1","","39 57:30.804","","0","75 09:36.205","0","0","0","0","67301","0","0","0","N","0","0","0","2","67301","0","","1.0","","1","N","N","N","0","","0","0","0","","0","","0142","3","0","0","0","0","0","0","2","0","3","","03","","N","","","","","","","","","",""
"2021023558","","2","0","0","0","0","0","0","0","0","4","0","","67","3","2021","1","40.023866","-75.159754","","6","0","0","0","0","0","0","0","0","","0","0","0","19","","1","N","0","","40 01:25.916","","7","75 09:35.116","4","0","0","0","67301","0","0","0","N","0","0","0","2","67301","1","","1.0","","1","N","N","N","0","","0","0","0","","2","","1900","2","1","0","0","0","0","1","2","0","2","","03","","N","","","","","","","","","",""
"2021017780","","1","0","0","0","0","0","0","0","0","7","0","","67","2","2021","1","39.960874","-75.181835","","6","0","0","0","0","0","0","0","0","","0","0","0","16","","0","N","0","","39 57:39.147","","0","75 10:54.606","0","0","0","0","67301","0","0","0","N","0","0","0","1","68K01","0","","4.0","","9","N","N","N","0","","0","0","0","","0","","1628","1","0","0","0","0","0","0","2","0","1","","","","N","","","","","","","","","",""
"2021004388","","1","0","0","0","0","0","0","0","0","4","0","","67","1","2021","2","40.02744","-75.062499","","6","0","0","0","0","0","1","0","0","","0","0","0","15","","1","","1","","40 01:38.783","2","0","75 03:44.998","3","0","0","0","67301","1","0","0","N","1","0","0","4","67301","0","","1.0","0.0","1","N","N","Y","0","","1","0","1","","2","N","1505","3","1","0","0","0","0","0","2","0","2","","","","N","","","","","","","","","",""
"2021032724","","1","0","0","0","0","0","0","0","0","5","0","","67","4","2021","6","39.983641","-75.097672","","6","0","0","0","0","0","1","0","0","","0","0","0","15","","0","N","0","","39 59:01.108","2","0","75 05:51.619","0","0","0","0","67301","0","0","0","N","0","0","0","2","68K01","0","","1.0","20.0","1","N","N","N","0","","0","0","0","","0","N","1555","2","0","0","0","0","0","0","2","1","2","","","","N","","","","","","","","","",""
"2021008094","","1","0","0","0","0","0","0","0","0","4","0","","67","1","2021","2","40.031731","-75.178861","","6","0","0","0","0","0","0","0","0","","0","0","0","10","","0","","1","","40 01:54.231","","0","75 10:43.900","0","0","0","0","67301","0","0","0","N","0","0","0","3","67301","0","","1.0","","1","N","N","N","1","","0","0","1","","2","","1000","3","0","0","0","0","0","0","2","0","3","","03","","N","","","","","","","","","",""
"2021006005","","0","0","0","0","0","0","0","0","0","7","0","","67","1","2021","7","40.084317","-75.226328","","6","0","0","0","0","0","0","0","0","","0","0","0","00","","1","N","0","","40 05:03.540","","0","75 13:34.780","8","0","0","0","67301","0","0","0","N","0","0","0","1","67301","0","","4.0","","9","N","N","N","1","","0","0","0","","0","","0056","1","1","0","0","0","1","0","2","0","1","","","","N","","","","","","","","","",""
"2021033197","","1","0","0","0","0","0","0","0","0","4","0","","67","4","2021","7","39.986917","-75.090764","","6","0","0","0","0","0","1","0","0","","0","0","0","21","","0","N","0","","39 59:12.901","1","0","75 05:26.751","0","0","0","0","67301","0","0","0","N","0","0","0","2","68K01","0","","1.0","2305.0","1","N","N","N","0","","0","0","1","","0","N","2125","2","0","0","0","0","0","0","2","0","2","","","","N","","","","","","","","","",""
"2021004311","","2","0","0","0","0","0","0","0","0","5","0","","67","1","2021","1","40.04065","-75.005579","","6","0","0","0","0","0","0","0","0","","0","0","0","19","","1","N","0","","40 02:26.341","2","3","75 00:20.085","8","0","0","0","67301","0","0","0","N","0","0","0","4","68K01","0","","1.0","2109.0","9","N","N","N","0","","0","0","1","","0","Y","1917","3","1","0","0","0","1","0","2","0","3","","03","","N","","","","","","","","","",""
"2021010978","","1","0","0","0","0","0","0","0","0","5","0","","67","1","2021","7","40.052187","-74.987648","","6","0","0","0","0","0","0","0","0","","0","0","0","12","","0","N","0","","40 03:07.873","1","0","74 59:15.534","0","0","0","0","67301","0","0","0","N","0","0","0","3","68K01","0","","1.0","1330.0","1","N","N","N","0","","0","0","1","","0","Y","1217","2","0","0","0","0","0","0","2","0","2","","","","N","","","","","","","","","",""
"2021001493","","2","0","0","0","0","0","0","0","0","1","0","","67","1","2021","7","39.978078","-75.202086","","6","0","0","0","0","0","0","0","0","","0","0","0","01","","0","N","0","","39 58:41.082","","0","75 12:07.510","0","0","0","0","67301","0","0","0","N","0","0","0","1","68K01","0","","1.0","","9","N","N","N","0","","0","0","0","","0","","0111","2","0","0","0","0","0","0","2","0","2","","07","","N","","","","","","","","","",""
"2021033407","","3","0","0","0","0","0","0","0","0","4","0","","67","4","2021","1","39.9901","-75.111342","","6","0","0","0","0","0","0","0","0","","0","0","0","13","","1","N","0","","39 59:24.360","","0","75 06:40.830","3","0","0","0","67301","0","0","0","N","0","0","0","1","67301","0","","1.0","","9","N","N","N","0","","1","0","0","","0","","1344","3","1","0","0","0","0","0","2","0","3","","07","","N","","","","","","","","","",""
"2021008765","","2","0","0","0","0","0","0","0","0","5","0","","67","1","2021","2","39.998137","-75.138861","","6","0","0","0","0","0","1","0","0","","0","0","0","16","","2","","1","","39 59:53.293","","0","75 08:19.899","3","0","0","0","67301","1","0","0","N","1","0","0","4","67301","0","","1.0","","1","N","N","Y","0","","2","0","0","","2","","1619","4","2","0","0","0","0","0","2","1","3","","03","","N","","","","","","","","","",""
"2021034076","","1","0","0","0","0","0","0","0","0","5","0","","67","4","2021","4","39.975581","-75.115461","","6","0","0","0","0","0","0","0","0","","0","0","0","20","","0","N","0","","39 58:32.091","1","0","75 06:55.660","0","0","0","0","67301","0","0","0","N","0","0","0","3","68K01","0","","4.0","2132.0","1","N","N","N","0","","0","0","1","","0","N","2009","2","0","0","0","0","0","0","2","0","2","","","","N","","","","","","","","","",""
"2021014700","","2","0","0","0","0","0","0","0","0","4","0","","67","2","2021","7","40.076716","-75.176178","","6","0","0","0","0","0","0","0","0","","0","0","0","17","","0","","1","","40 04:36.177","","0","75 10:34.240","0","0","0","0","67301","0","0","0","N","0","0","0","2","67301","0","","1.0","","2","N","N","N","0","","0","0","0","","3","","1700","2","0","0","0","0","0","0","2","0","2","","04","","N","","","","","","","","","",""
"2021015478","","1","0","0","0","0","0","0","0","0","6","0","","67","2","2021","6","39.985375","-75.212739","","6","0","0","0","0","0","0","0","0","","0","0","0","06","","0","N","0","","39 59:07.350","","0","75 12:45.860","0","0","0","0","67301","0","0","0","N","0","0","0","3","67301","0","","1.0","","1","N","N","N","1","","0","0","1","","0","","0606","3","0","0","0","0","0","0","2","0","3","","03","","N","","","","","","","","","",""
"2021033339","","1","0","0","0","0","0","0","0","0","1","0","","67","4","2021","4","39.978704","-75.20308","","6","0","0","0","0","0","1","0","0","","0","0","0","19","","2","N","0","","39 58:43.335","","0","75 12:11.088","8","0","0","0","67301","0","0","0","N","0","0","0","4","68K01","0","","1.0","","1","N","N","N","0","","0","0","3","","0","","1948","4","2","0","0","0","2","0","2","0","4","","","","N","","","","","","","","","",""
"2021008004","","1","0","0","0","0","0","0","0","0","4","0","","67","1","2021","1","40.045866","-74.994623","","6","0","0","0","0","0","0","0","0","","0","0","0","04","","1","","1","","40 02:45.118","","0","74 59:40.643","8","0","0","1","67301","0","0","0","N","0","0","0","2","67301","0","","1.0","","1","N","N","N","0","","0","0","0","","2","","0440","2","1","0","0","0","1","0","2","0","2","","03","","N","","","","","","","","","",""
"2021037564","","0","0","0","0","0","0","0","0","0","7","1","","67","4","2021","1","40.033694","-75.019869","","6","0","0","0","0","0","0","0","0","","0","1","0","05","","0","N","0","","40 02:01.298","1","0","75 01:11.527","0","0","0","0","67301","0","0","0","N","0","0","0","1","68K01","0","","2.0","654.0","9","N","N","N","0","","0","0","0","","0","N","0541","1","0","0","0","0","0","0","2","0","1","","","","N","","","","","","","","","",""
"2021036269","","1","0","0","0","0","0","0","0","0","1","0","","67","4","2021","4","39.98665","-75.208385","","6","0","0","0","0","0","0","0","0","","0","0","0","01","","0","","2","","39 59:11.940","","2","75 12:30.186","0","0","0","0","67301","0","0","0","N","0","0","0","1","67301","0","","1.0","","1","N","N","N","0","","0","0","1","","3","","0157","2","0","0","0","0","0","0","2","0","2","","03","","N","","","","","","","","","",""
"2021012837","","1","0","0","0","0","0","0","0","0","5","0","","67","2","2021","1","40.030986","-75.035924","","6","0","0","0","0","0","0","0","0","","0","0","0","05","","0","N","0","","40 01:51.551","","0","75 02:09.326","0","0","0","0","67301","0","0","0","N","0","0","0","2","67301","0","","1.0","","1","N","N","N","0","","0","0","1","","0","","0511","2","0","0","0","0","0","0","2","0","2","","03","","N","","","","","","","","","",""
"2021000817","","1","0","0","0","0","0","0","0","0","8","0","","67","1","2021","6","39.999745","-75.138532","","6","0","0","0","0","0","0","0","0","","0","0","0","01","","1","","1","","39 59:59.082","","0","75 08:18.715","2","0","0","0","67301","1","0","1","N","1","0","1","2","67301","0","","1.0","","1","N","N","N","0","","0","1","0","","2","","0120","2","1","0","0","0","0","0","2","0","1","","03","","N","","","","","","","","","",""
"2021035830","","1","0","0","0","0","0","0","0","0","5","0","","67","4","2021","5","39.943613","-75.192474","","6","0","0","0","0","0","0","0","0","","0","0","0","07","","1","N","0","","39 56:37.006","3","0","75 11:32.908","4","0","0","0","67301","0","0","0","N","0","0","0","2","68K01","1","","1.0","804.0","1","N","N","N","0","","0","0","1","","0","N","0736","2","1","0","0","0","0","0","2","0","2","","","","N","","","","","","","","","",""
"2021002648","","2","0","0","0","0","0","0","0","0","4","0","","67","1","2021","4","40.01889","-75.140438","","6","0","0","0","0","0","0","0","0","","0","0","0","12","","0","","1","","40 01:08.004","","0","75 08:25.576","9","0","0","0","67301","0","0","0","N","0","0","0","5","67301","0","","1.0","","1","N","N","N","1","","0","0","0","","2","","1259","4","0","0","0","0","0","2","2","1","4","","98","","N","","","","","","","","","",""
"2021007734","","1","0","0","0","0","0","0","0","0","4","0","","67","1","2021","1","39.964101","-75.184298","","6","0","0","0","0","0","0","0","0","","0","0","0","02","","1","","2","","39 57:50.764","","8","75 11:03.472","2","0","0","0","67301","0","0","0","N","0","0","0","3","67301","0","","1.0","","1","N","N","N","1","","0","1","0","","2","","0236","2","1","0","0","0","0","2","2","0","2","","03","","N","","","","","","","","","",""
"2021009546","","1","0","0","0","0","0","0","0","0","4","0","","67","1","2021","4","39.911751","-75.172779","","6","0","0","0","0","0","1","0","0","","0","0","0","13","","0","","1","","39 54:42.304","","0","75 10:22.006","0","0","0","0","67301","0","0","0","N","0","0","0","2","67301","0","","1.0","","1","N","N","N","0","","0","0","1","","2","","1316","2","0","0","0","0","0","0","2","0","2","","03","","N","","","","","","","","","",""
"2021032681","","1","0","0","0","0","0","0","0","0","8","0","","67","4","2021","7","39.987511","-75.138258","","6","0","0","0","0","0","0","0","0","","0","0","0","10","","1","N","0","","39 59:15.040","","7","75 08:17.730","3","0","0","0","67301","1","0","0","N","1","0","0","1","67301","0","","6.0","","1","N","N","N","0","","1","0","0","","2","","1000","2","1","0","0","0","0","0","2","0","1","","04","","N","","","","","","","","","",""
"2021041547","","1","0","0","0","0","0","0","0","0","7","0","","67","5","2021","7","39.969106","-75.155294","","6","0","0","0","0","0","0","0","0","","0","0","0","16","","0","N","0","","39 58:08.780","","0","75 09:19.060","0","0","0","0","67301","0","0","0","N","0","0","0","0","67301","0","","9.0","","1","N","N","N","0","","0","0","0","","0","","1600","1","0","0","0","0","0","0","2","0","1","","03","","N","","","","","","","","","",""
"2021039468","","1","0","0","0","0","0","0","0","0","5","0","","67","1","2021","1","40.002353","-75.134308","","6","0","0","0","0","0","1","0","0","","0","0","0","17","","0","N","0","","40 00:08.470","","0","75 08:03.510","0","0","0","0","67301","0","0","0","N","0","0","0","1","67301","0","","6.0","","1","N","N","N","0","","0","0","1","","0","","1743","2","0","0","0","0","0","0","2","0","2","","03","","N","","","","","","","","","",""
"2021009908","","0","0","0","0","0","0","0","0","0","2","0","","67","1","2021","6","39.96184","-75.157538","","6","0","0","0","0","0","0","0","0","","0","0","0","14","","1","","5","","39 57:42.623","1","0","75 09:27.136","3","0","0","0","67301","0","0","0","N","0","0","0","4","67301","0","","1.0","1630.0","1","N","N","N","1","","1","0","1","","2","N","1430","3","1","3","0","0","0","0","2","1","3","","03","","N","","","","","","","","","",""
"2021004029","","0","0","0","0","0","0","0","0","0","4","0","","67","1","2021","3","40.104826","-75.001601","","6","0","0","0","0","0","0","1","0","","0","0","0","16","","0","","1","","40 06:17.372","2","0","75 00:05.762","0","0","0","0","67301","0","0","0","N","0","0","0","2","67301","0","","1.0","1645.0","1","N","N","N","0","","0","0","2","","2","N","1617","2","0","0","0","0","0","0","2","0","2","","03","","N","","","","","","","","","",""
"2021005982","","4","0","0","0","0","0","0","0","0","5","0","","67","1","2021","7","39.922694","-75.243919","","6","0","0","0","0","0","0","0","0","","0","0","0","01","","0","N","0","","39 55:21.700","2","0","75 14:38.110","0","0","0","0","67301","0","0","0","N","0","0","0","1","67301","0","","6.0","200.0","9","N","N","N","0","","0","0","0","","0","N","0130","4","0","0","0","0","0","0","2","0","4","","04","","N","","","","","","","","","",""
"2021007671","","0","0","0","0","0","0","0","0","0","6","0","","67","1","2021","6","40.028825","-75.075428","","6","0","0","0","0","0","0","0","0","","0","0","0","12","","2","","1","","40 01:43.769","4","0","75 04:31.540","3","0","0","0","67301","0","0","0","N","0","0","0","2","67301","0","","1.0","1331.0","1","N","N","N","0","","2","0","2","","3","N","1244","2","2","0","0","0","0","0","2","0","2","","98","","N","","","","","","","","","",""
"2021017682","","1","0","0","0","0","0","0","0","0","0","0","","67","2","2021","4","39.960138","-75.180012","","6","0","0","0","0","0","0","0","0","","0","0","0","23","","0","N","0","","39 57:36.496","","3","75 10:48.044","0","0","0","0","67301","0","0","0","N","0","0","0","2","68K01","0","","1.0","","9","N","N","N","0","","0","0","0","","0","","2330","1","0","0","0","0","0","0","2","0","1","","","","N","","","","","","","","","",""
"2021032752","","1","0","0","0","0","0","0","0","0","4","1","","67","4","2021","2","40.031309","-75.041637","","6","0","0","0","0","0","0","0","0","","0","1","0","18","","1","","1","","40 01:52.711","","0","75 02:29.892","3","0","0","0","67301","0","0","0","N","0","0","0","3","67301","0","","1.0","","1","N","N","N","0","","1","0","0","","3","","1825","2","1","0","0","0","0","0","2","0","2","","","","N","","","","","","","","","",""
"2021001497","","2","0","0","0","0","0","0","0","0","1","0","","67","1","2021","7","39.980169","-75.205333","","6","0","0","0","0","0","0","0","0","","0","0","0","01","","2","N","0","","39 58:48.610","3","0","75 12:19.200","8","0","0","0","67301","0","0","0","N","0","0","0","3","68K01","0","","1.0","45.0","9","N","N","N","0","","0","0","0","","0","N","0144","3","2","0","0","0","2","1","2","0","3","","07","","N","","","","","","","","","",""
"2021037295","","2","0","0","0","0","0","1","0","0","6","1","","67","4","2021","7","40.049021","-75.062333","","6","0","0","0","0","0","0","0","0","","0","0","0","21","","4","N","0","","40 02:56.474","4","0","75 03:44.397","3","0","0","0","67301","0","0","0","N","0","0","0","5","67301","0","","1.0","100.0","1","N","N","N","0","","4","0","0","","0","N","2130","3","4","0","0","0","0","0","2","0","3","","03","","N","","","","","","","","","",""
"2021010460","","0","0","0","0","0","0","0","0","0","6","0","","67","1","2021","1","39.922294","-75.246319","","6","0","0","0","0","0","0","0","0","","0","0","0","13","","1","N","0","","39 55:20.259","","1","75 14:46.747","3","0","0","0","67301","0","0","0","N","0","0","0","2","67301","0","","1.0","","7","N","N","N","1","","1","0","1","","0","","1342","2","1","0","0","0","0","0","2","0","2","","02","","N","","","","","","","","","",""
"2021041074","","1","0","0","0","0","0","0","0","0","7","0","","67","5","2021","2","40.016881","-75.087308","","6","0","0","0","0","0","0","0","0","","0","0","0","16","","0","N","0","","40 01:00.770","","0","75 05:14.310","0","0","0","0","67301","0","0","0","N","0","0","0","1","67301","0","","5.0","","1","N","N","N","0","","0","0","0","","0","","1620","1","0","1","0","0","0","0","2","0","1","","04","","N","","","","","","","","","",""
"2021000536","","1","0","0","0","0","0","0","0","0","4","0","","67","1","2021","7","40.058592","-75.152742","","6","0","0","0","1","0","0","1","0","","0","0","0","18","","1","","5","","40 03:30.931","7","0","75 09:09.871","3","0","0","0","67301","0","0","0","N","0","0","0","4","67301","0","","1.0","1856.0","1","N","N","N","0","","1","0","1","","2","Y","1820","2","1","0","0","0","0","0","2","0","2","","03","","N","","","","","","","","","",""
"2021015643","","0","0","0","0","0","0","1","0","0","5","1","","67","1","2021","6","39.999745","-75.138532","","6","0","0","0","0","0","1","0","0","","0","0","0","08","","1","","1","","39 59:59.082","","0","75 08:18.715","4","0","0","0","67301","0","0","0","N","0","0","0","3","67508","1","","1.0","","1","N","N","Y","0","","0","0","0","","2","","0821","2","1","0","0","0","0","0","2","1","2","","03","","N","","","","","","","","","",""
"2021033843","","1","0","0","0","0","0","0","0","0","7","0","","67","4","2021","3","39.986747","-75.207556","","6","0","0","0","0","0","0","0","0","","0","0","0","02","","0","","1","","39 59:12.288","","0","75 12:27.201","0","0","0","0","67301","0","0","0","N","0","0","0","1","67301","0","","2.0","","9","N","N","N","0","","0","0","0","","2","","0200","1","0","0","0","0","0","0","2","0","1","","","","N","","","","","","","","","",""
"2021022180","","2","0","0","0","0","0","0","0","0","4","0","","67","3","2021","7","40.031652","-75.084053","","6","0","0","0","0","0","1","0","0","","0","0","0","00","","1","","1","","40 01:53.948","4","0","75 05:02.590","2","0","0","0","67301","0","0","0","N","0","0","0","2","67301","0","","1.0","230.0","1","N","N","N","0","","0","1","0","","2","N","0054","2","1","0","0","0","0","0","2","0","2","","03","","N","","","","","","","","","",""
"2021000809","","0","0","0","0","0","0","0","0","0","7","0","","67","1","2021","2","39.983861","-75.150056","","6","0","0","0","0","0","0","0","0","","0","0","0","01","","1","N","0","","39 59:01.900","","0","75 09:00.200","3","0","0","0","67301","0","0","0","N","0","0","0","1","67505","0","","5.0","","9","N","N","N","0","","1","0","1","","0","","0140","1","1","0","0","0","0","0","2","0","1","","03","","N","","","","","","","","","",""
"2021006454","","2","0","0","0","0","0","0","0","0","4","0","","67","1","2021","4","39.955608","-75.18948","","6","0","0","0","0","0","0","1","0","","0","0","0","09","","0","","1","","39 57:20.190","","0","75 11:22.129","0","0","0","0","67301","0","0","0","N","0","0","0","2","67507","0","","1.0","","1","N","N","N","0","","0","0","0","","2","","0915","2","0","0","0","0","0","0","2","0","2","","03","","N","","","","","","","","","",""
"2021021967","","2","0","0","0","0","0","0","0","0","8","0","","67","2","2021","5","39.978108","-75.164578","","6","0","0","0","0","0","0","0","0","","0","0","0","20","","2","","1","","39 58:41.188","","0","75 09:52.480","3","0","0","0","67301","1","0","0","N","1","0","0","3","67301","0","","1.0","","1","N","N","N","0","","2","0","1","","2","","2009","4","2","1","0","0","0","0","2","0","3","","03","","N","","","","","","","","","",""
"2021033835","","1","0","0","0","0","0","0","0","0","8","0","","67","4","2021","3","40.07541","-75.169427","","6","0","0","0","0","0","0","0","0","","0","0","0","21","","1","","1","","40 04:31.475","","0","75 10:09.937","3","0","0","0","67301","1","0","0","N","1","0","0","2","67301","0","","1.0","","1","N","N","N","0","","1","0","0","","0","","2104","2","1","0","0","0","0","0","2","0","1","","03","","N","","","","","","","","","",""
"2021004030","","1","0","0","0","0","0","0","0","0","8","0","","67","1","2021","7","39.985888","-75.23188","","6","0","0","0","0","0","0","0","0","","0","0","0","11","","1","","1","","39 59:09.196","","0","75 13:54.768","3","0","0","0","67301","1","0","0","N","1","0","0","2","67301","0","","1.0","","1","N","N","N","0","","1","0","0","","2","","1140","2","1","0","0","0","0","0","2","0","1","","03","","N","","","","","","","","","",""
"2021006072","","1","0","0","0","0","0","0","0","0","5","0","","67","1","2021","1","40.020146","-75.153406","","6","0","0","0","0","0","0","0","0","","0","0","0","19","","0","N","0","","40 01:12.525","3","2","75 09:12.262","0","0","0","0","67301","0","0","0","N","0","0","0","1","67301","0","","6.0","2031.0","1","N","N","N","0","","0","0","2","","0","Y","1920","3","0","0","0","0","0","0","2","0","3","","03","","N","","","","","","","","","",""
"2021000013","","1","0","0","0","0","0","0","0","0","4","0","","67","1","2021","6","39.985867","-75.176292","","6","0","0","0","0","0","1","0","0","","0","0","0","01","","2","","1","","39 59:09.121","","0","75 10:34.651","3","0","0","0","67301","0","0","0","N","0","0","0","3","67509","0","","5.0","","1","N","N","N","0","","2","0","1","","0","","0100","2","2","2","0","0","0","0","2","0","2","","03","","N","","","","","","","","","",""
"2021012726","","1","0","0","0","0","0","0","0","0","4","0","","67","2","2021","1","40.035578","-75.123858","","6","0","0","0","0","0","0","0","0","","0","0","0","06","","0","","1","","40 02:08.080","","0","75 07:25.887","9","0","0","0","67301","0","0","0","N","0","0","0","2","67301","0","","1.0","","9","N","N","N","0","","0","0","1","","2","","0656","2","0","0","0","0","0","1","2","0","2","","10","","N","","","","","","","","","",""
"2021023906","","0","0","0","0","0","0","0","0","0","7","0","","67","1","2021","6","39.956931","-75.152812","","6","0","0","0","0","0","0","0","0","","0","0","0","09","","0","N","0","","39 57:24.952","3","0","75 09:10.123","0","0","0","0","67301","0","0","0","N","0","0","0","1","68K01","0","","3.0","1015.0","1","N","N","N","0","","0","0","0","","0","N","0955","1","0","0","0","0","0","0","2","1","1","","03","","N","","","","","","","","","",""
"2021014463","","1","0","0","0","0","0","0","0","0","5","0","","67","2","2021","2","","","","6","0","0","0","0","0","0","0","0","","0","0","0","21","","3","N","0","","","5","0","","2","0","0","0","67301","0","0","0","N","0","0","0","7","67301","0","","1.0","2200.0","99","N","N","N","0","","2","1","2","","0","N","2129","3","3","0","0","0","0","2","1","0","3","","03","","N","","","","","","","","","",""
"2021001239","","1","0","0","0","0","0","0","0","0","7","0","","67","1","2021","7","40.030886","-75.021821","","6","0","0","0","0","0","0","0","0","","0","0","0","03","","0","N","0","","40 01:51.191","2","3","75 01:18.556","0","0","0","0","67301","0","0","0","N","0","0","0","1","68K01","0","","3.0","445.0","9","N","N","N","0","","0","0","0","","0","N","0346","1","0","0","0","0","0","0","2","0","1","","07","","N","","","","","","","","","",""
"2021001290","","4","0","0","0","0","0","0","0","0","5","0","","67","1","2021","6","39.950539","-75.202136","","6","0","0","0","0","0","1","0","0","","0","0","0","15","","1","N","0","","39 57:01.940","3","0","75 12:07.690","3","0","0","0","67301","0","0","0","N","0","0","0","1","67301","0","","6.0","1750.0","9","N","N","N","0","","1","0","0","","0","Y","1524","4","1","0","0","0","0","0","2","0","4","","07","","N","","","","","","","","","",""
"2021040655","","1","0","0","0","0","0","0","0","0","1","0","","67","5","2021","2","40.009181","-75.067671","","6","0","0","0","0","0","1","0","0","","0","0","0","07","","1","N","0","","40 00:33.051","2","0","75 04:03.616","8","0","0","0","67301","0","0","0","N","0","0","0","2","68K01","0","","1.0","825.0","1","N","N","N","1","","0","0","0","","0","N","0747","2","1","1","0","0","1","0","2","0","2","","04","","N","","","","","","","","","",""
"2021035191","","1","0","0","0","0","0","0","0","0","1","0","","67","4","2021","6","39.977061","-75.19927","","6","0","0","0","0","0","0","0","0","","0","0","0","15","","0","N","6","","39 58:37.421","4","2","75 11:57.373","9","0","0","0","67301","0","0","0","N","0","0","0","3","68K01","0","","1.0","20.0","1","N","N","N","0","","0","0","1","","0","N","1524","2","0","0","0","0","0","1","2","0","2","","","","N","","","","","","","","","",""
"2021001069","","2","0","0","0","0","0","0","0","0","4","0","","67","1","2021","6","40.021156","-75.151953","","6","0","0","0","0","0","0","0","0","","0","0","0","16","","3","","1","","40 01:16.160","","0","75 09:07.032","3","0","0","0","67301","0","0","0","N","0","0","0","4","67301","0","","1.0","","9","N","N","N","1","","2","0","1","","3","","1615","5","3","0","0","0","1","1","2","1","5","","","","N","","","","","","","","","",""