"CRN","ARRIVAL_TM","AUTOMOBILE_COUNT","BELTED_DEATH_COUNT","BELTED_SUSP_SERIOUS_INJ_COUNT","BICYCLE_COUNT","BICYCLE_DEATH_COUNT","BICYCLE_SUSP_SERIOUS_INJ_COUNT","BUS_COUNT","CHLDPAS_DEATH_COUNT","CHLDPAS_SUSP_SERIOUS_INJ_COUNT","COLLISION_TYPE","COMM_VEH_COUNT","CONS_ZONE_SPD_LIM","COUNTY","CRASH_MONTH","CRASH_YEAR","DAY_OF_WEEK","DEC_LATITUDE","DEC_LONGITUDE","DISPATCH_TM","DISTRICT","DRIVER_COUNT_16YR","DRIVER_COUNT_17YR","DRIVER_COUNT_18YR","DRIVER_COUNT_19YR","DRIVER_COUNT_20YR","DRIVER_COUNT_50_64YR","DRIVER_COUNT_65_74YR","DRIVER_COUNT_75PLUS","EST_HRS_CLOSED","FATAL_COUNT","HEAVY_TRUCK_COUNT","HORSE_BUGGY_COUNT","HOUR_OF_DAY","ILLUMINATION","INJURY_COUNT","INTERSECTION_RELATED","INTERSECT_TYPE","LANE_CLOSED","LATITUDE","LN_CLOSE_DIR","LOCATION_TYPE","LONGITUDE","MAX_SEVERITY_LEVEL","MCYCLE_DEATH_COUNT","MCYCLE_SUSP_SERIOUS_INJ_COUNT","MOTORCYCLE_COUNT","MUNICIPALITY","NONMOTR_COUNT","NONMOTR_DEATH_COUNT","NONMOTR_SUSP_SERIOUS_INJ_COUNT","NTFY_HIWY_MAINT","PED_COUNT","PED_DEATH_COUNT","PED_SUSP_SERIOUS_INJ_COUNT","PERSON_COUNT","POLICE_AGCY","POSSIBLE_INJ_COUNT","RDWY_SURF_TYPE_CD","RELATION_TO_ROAD","ROADWAY_CLEARED","ROAD_CONDITION","SCH_BUS_IND","SCH_ZONE_IND","SECONDARY_CRASH","SMALL_TRUCK_COUNT","SPEC_JURIS_CD","SUSP_MINOR_INJ_COUNT","SUSP_SERIOUS_INJ_COUNT","SUV_COUNT","TCD_FUNC_CD","TCD_TYPE","TFC_DETOUR_IND","TIME_OF_DAY","TOTAL_UNITS","TOT_INJ_COUNT","UNBELTED_OCC_COUNT","UNB_DEATH_COUNT","UNB_SUSP_SERIOUS_INJ_COUNT","UNK_INJ_DEG_COUNT","UNK_INJ_PER_COUNT","URBAN_RURAL","VAN_COUNT","VEHICLE_COUNT","WEATHER1","WEATHER2","WORKERS_PRES","WORK_ZONE_IND","WORK_ZONE_LOC","WORK_ZONE_TYPE","WZ_CLOSE_DETOUR","WZ_FLAGGER","WZ_LAW_OFFCR_IND","WZ_LN_CLOSURE","WZ_MOVING","WZ_OTHER","WZ_SHLDER_MDN","WZ_WORKERS_INJ_KILLED"
"2021000818","","1","0","0","0","0","0","0","0","0","5","0","","67","1","2021","6","40.047167","-75.145528","","6","0","0","0","0","0","0","0","0","","0","0","0","05","","1","N","0","","40 02:49.800","5","0","75 08:43.900","3","0","0","0","67301","0","0","0","N","0","0","0","1","67301","0","","6.0","845.0","1","N","N","N","0","","1","0","2","","0","Y","0530","3","1","0","0","0","0","0","2","0","3","","03","","N","","","","","","","","","",""
"2021039735","","1","0","0","0","0","0","0","0","0","4","1","","67","5","2021","1","40.055584","-75.003586","","6","0","0","0","0","0","0","0","0","","0","1","0","02","","0","N","0","","40 03:20.103","1","7","75 00:12.908","0","0","0","0","67301","0","0","0","N","0","0","0","2","67301","0","","1.0","400.0","1","N","N","N","0","","0","0","0","","0","N","0206","2","0","0","0","0","0","0","2","0","2","","03","","N","","","","","","","","","",""
"2021040664","","0","0","0","0","0","0","0","0","0","1","0","","67","5","2021","2","40.031554","-75.021526","","6","0","0","0","0","0","0","0","0","","0","0","0","20","","0","N","0","","40 01:53.594","","0","75 01:17.495","0","0","0","0","67301","0","0","0","N","0","0","0","3","68K01","0","","1.0","","9","N","N","N","0","","0","0","2","","0","","2044","2","0","0","0","0","0","0","2","0","2","","","","N","","","","","","","","","",""
"2021004227","","0","0","0","0","0","0","0","0","0","8","0","","67","1","2021","6","39.954594","-75.206429","","6","0","0","0","0","0","0","0","0","","0","0","0","08","","1","","1","","39 57:16.537","","0","75 12:23.144","4","0","0","0","67301","1","0","0","N","1","0","0","2","67301","1","","1.0","","1","N","N","N","0","","0","0","1","","2","","0810","2","1","0","0","0","0","0","2","0","1","","98","","N","","","","","","","","","",""
"2021017904","","1","0","0","0","0","0","0","0","0","5","0","","67","2","2021","4","40.011093","-75.088559","","6","0","0","0","0","0","0","0","0","","0","0","0","17","","2","N","0","","40 00:39.935","","1","75 05:18.812","3","0","0","0","67301","0","0","0","N","0","0","0","3","67508","0","","6.0","","1","N","N","Y","0","","1","0","0","","0","","1715","2","2","0","0","0","1","0","2","1","2","","03","","N","","","","","","","","","",""
"2021001488","","2","0","0","0","0","0","0","0","0","1","0","","67","1","2021","6","39.960052","-75.179249","","6","0","0","1","0","0","0","0","0","","0","0","0","01","","2","N","0","","39 57:36.186","4","3","75 10:45.297","8","0","0","0","67301","0","0","0","N","0","0","0","3","68K01","0","","1.0","100.0","1","N","N","N","0","","0","0","0","","0","N","0100","2","2","0","0","0","2","0","2","0","2","","03","","N","","","","","","","","","",""
"2021033728","","2","0","0","0","0","0","0","0","0","1","0","","67","4","2021","3","39.982772","-75.099157","","6","0","0","0","0","0","0","0","0","","0","0","0","06","","1","N","0","","39 58:57.980","1","0","75 05:56.966","3","0","0","0","67301","0","0","0","N","0","0","0","2","68K01","0","","1.0","10.0","1","N","N","N","0","","1","0","0","","0","N","0640","2","1","0","0","0","0","0","2","0","2","","03","","N","","","","","","","","","",""
"2021013027","","1","0","0","0","0","0","0","0","0","5","0","","67","2","2021","6","39.957429","-75.229271","","6","0","0","0","0","0","1","0","0","","0","0","0","12","","0","","1","","39 57:26.746","","0","75 13:45.376","0","0","0","0","67301","0","0","0","N","0","0","0","2","67301","0","","1.0","","1","N","N","N","0","","0","0","1","","2","","1203","2","0","0","0","0","0","0","2","0","2","","","","N","","","","","","","","","",""
"2021025521","","1","0","0","1","0","0","0","0","0","8","0","","67","1","2021","3","40.009244","-75.151133","","6","0","0","0","0","0","0","0","0","","0","0","0","01","","1","","1","","40 00:33.277","","0","75 09:04.079","3","0","0","0","67301","1","0","0","N","0","0","0","2","67301","0","","1.0","","1","N","N","N","0","","1","0","0","","2","","0104","2","1","0","0","0","0","0","2","0","1","","","","N","","","","","","","","","",""
"2021006018","","0","0","0","0","0","0","0","0","0","4","0","","67","1","2021","2","39.974119","-75.204313","","6","0","0","0","0","0","0","0","0","","0","0","0","23","","2","","1","","39 58:26.830","","0","75 12:15.528","8","0","0","0","67301","0","0","0","N","0","0","0","3","67301","0","","1.0","","1","N","N","N","0","","0","0","1","","2","","2335","2","2","1","0","0","2","1","2","1","2","","","","N","","","","","","","","","",""
"2021003041","","2","0","0","0","0","0","0","0","0","5","0","","67","1","2021","7","39.951472","-75.235111","","6","0","0","0","0","0","1","0","0","","0","0","0","01","","0","N","0","","39 57:05.300","","0","75 14:06.400","0","0","0","0","67301","0","0","0","N","0","0","0","1","67301","0","","6.0","","1","N","N","N","0","","0","0","0","","0","","0149","2","0","0","0","0","0","0","2","0","2","","03","","N","","","","","","","","","",""
"2021007676","","1","0","0","0","0","0","0","0","0","4","0","","67","1","2021","6","40.029382","-75.188793","","6","0","0","0","0","0","1","0","0","","0","0","0","22","","0","","3","","40 01:45.775","","0","75 11:19.654","0","0","0","0","67301","0","0","0","N","0","0","0","2","67301","0","","1.0","","1","N","N","N","0","","0","0","0","","2","","2245","2","0","0","0","0","0","0","2","1","2","","","","N","","","","","","","","","",""
"2021035221","","0","0","0","0","0","0","0","0","0","7","0","","67","1","2021","7","39.98525","-75.14425","","6","0","0","0","0","0","1","0","0","","0","0","0","01","","1","N","0","","39 59:06.900","","0","75 08:39.300","2","0","0","0","67301","0","0","0","N","0","0","0","1","67301","0","","4.0","","1","N","N","Y","0","","0","1","1","","0","","0109","1","1","0","0","0","0","0","2","0","1","","","","N","","","","","","","","","",""
"2021007876","","1","0","0","0","0","0","0","0","0","1","0","","67","1","2021","1","39.993046","-75.200483","","6","0","0","0","0","0","1","0","0","","0","0","0","04","","0","N","0","","39 59:34.964","3","0","75 12:01.740","9","0","0","0","67301","0","0","0","N","0","0","0","2","68K01","0","","1.0","600.0","1","N","N","N","0","","0","0","0","","0","N","0453","2","0","0","0","0","0","2","2","0","2","","","","N","","","","","","","","","",""
"2021001289","","2","0","0","0","0","0","0","0","0","4","0","","67","1","2021","6","39.923501","-75.162886","","6","0","0","0","1","0","0","0","0","","0","0","0","17","","0","","1","","39 55:24.605","","0","75 09:46.390","9","0","0","0","67301","0","0","0","N","0","0","0","5","67301","0","","1.0","","9","N","N","N","0","","0","0","0","","2","","1723","2","0","0","0","0","0","4","2","0","2","","07","","N","","","","","","","","","",""
"2021008356","","1","0","0","0","0","0","0","0","0","1","0","","67","1","2021","1","40.04509","-75.087546","","6","0","0","0","0","0","0","0","0","","0","0","0","10","","2","N","0","","40 02:42.323","","0","75 05:15.166","4","0","0","0","67301","0","0","0","N","0","0","0","3","67301","2","","1.0","","1","N","N","N","0","","0","0","1","","0","","1050","2","2","0","0","0","0","0","2","0","2","","03","","N","","","","","","","","","",""
"2021013706","","1","0","0","0","0","0","0","0","0","1","0","35","67","2","2021","4","39.953528","-75.137444","","6","0","0","0","1","0","1","0","0","","0","0","0","06","","0","N","0","","39 57:12.700","4","3","75 08:14.800","0","0","0","0","67301","0","0","0","N","0","0","0","3","67501","0","","1.0","715.0","1","N","N","N","1","","0","0","1","","0","N","0642","3","0","0","0","0","0","0","2","0","3","","03","Y","Y","2","1","","","N","Y","","","","N"
"2021005977","","2","0","0","0","0","0","0","0","0","1","0","","67","1","2021","1","40.104675","-75.001483","","6","0","0","0","0","0","0","0","0","","0","0","0","17","","0","","1","","40 06:16.829","1","0","75 00:05.337","0","0","0","0","67301","0","0","0","N","0","0","0","4","67301","0","","1.0","1745.0","1","N","N","Y","0","","0","0","1","","2","N","1700","3","0","0","0","0","0","0","2","0","3","","","","N","","","","","","","","","",""
"2021032603","","1","0","0","0","0","0","1","0","0","2","1","","67","3","2021","4","39.994944","-75.078167","","6","0","0","0","0","0","1","0","0","","0","0","0","07","","1","","2","","39 59:41.800","","0","75 04:41.400","8","0","0","0","67301","0","0","0","N","0","0","0","2","67508","0","","1.0","","1","N","N","Y","0","","0","0","0","","0","","0715","2","1","0","0","0","1","0","2","0","2","","03","","N","","","","","","","","","",""
"2021032973","","1","0","0","0","0","0","0","0","0","5","1","","67","4","2021","6","39.944618","-75.191326","","6","0","0","0","0","1","0","0","0","","0","1","0","08","","0","","6","","39 56:40.625","4","8","75 11:28.773","0","0","0","0","67301","0","0","0","N","0","0","0","4","68K01","0","","1.0","15.0","1","N","N","N","0","","0","0","0","","4","N","0838","2","0","2","0","0","0","0","2","0","2","","","","N","","","","","","","","","",""
"2021013028","","2","0","0","0","0","0","0","0","0","8","0","","67","2","2021","5","39.992896","-75.164047","","6","0","0","0","0","0","1","0","0","","0","0","0","21","","1","","3","","39 59:34.425","","0","75 09:50.569","2","0","0","0","67301","1","0","1","N","1","0","1","3","67301","0","","1.0","","6","N","N","N","0","","0","1","0","","0","","2103","3","1","1","0","0","0","0","2","0","2","","03","","N","","","","","","","","","",""
"2021039129","","0","0","0","0","0","0","1","0","0","1","1","","67","4","2021","7","39.954579","-75.225998","","6","0","0","0","0","0","1","0","0","","0","0","0","06","","3","","1","","39 57:16.485","","0","75 13:33.593","3","0","0","0","67301","0","0","0","N","0","0","0","5","67508","0","","1.0","","1","N","N","Y","1","","1","0","0","","2","","0610","2","3","0","0","0","2","0","2","0","2","","03","","N","","","","","","","","","",""
"2021033840","","0","0","0","0","0","0","0","0","0","8","0","","67","4","2021","5","40.014431","-75.0806","","6","0","0","0","0","0","1","0","0","","0","0","0","18","","1","N","0","","40 00:51.950","","0","75 04:50.160","3","0","0","0","67301","1","0","0","N","1","0","0","2","67301","0","","1.0","","1","N","N","N","0","","1","0","1","","0","","1850","2","1","1","0","0","0","0","2","0","1","","03","","N","","","","","","","","","",""
"2021006045","","1","0","0","0","0","0","0","0","0","8","0","","67","1","2021","4","39.996967","-75.117401","","6","0","0","0","0","0","0","0","0","","0","0","0","15","","1","","1","","39 59:49.080","","0","75 07:02.645","3","0","0","0","67301","1","0","0","N","1","0","0","2","67301","0","","1.0","","1","N","N","N","0","","1","0","0","","2","","1549","2","1","0","0","0","0","0","2","0","1","","98","","N","","","","","","","","","",""
"2021013182","","0","0","0","0","0","0","0","0","0","8","0","","67","2","2021","1","40.018906","-75.14723","","6","0","0","0","0","0","0","0","0","","0","0","0","15","","1","","1","","40 01:08.061","","0","75 08:50.029","8","0","0","0","67301","2","0","0","N","2","0","0","3","67301","0","","1.0","","9","N","N","N","0","","0","0","1","","2","","1544","3","1","0","0","0","1","1","2","0","1","","10","","N","","","","","","","","","",""
"2021014102","","3","0","0","0","0","0","0","0","0","5","0","","67","2","2021","1","40.048286","-75.113691","","6","0","0","0","0","0","0","0","0","","0","0","0","03","","0","N","0","","40 02:53.829","","0","75 06:49.289","0","0","0","0","67301","0","0","0","N","0","0","0","1","67301","0","","6.0","","1","N","N","Y","0","","0","0","1","","0","","0339","4","0","0","0","0","0","0","2","0","4","","","","N","","","","","","","","","",""
"2021032489","","0","0","0","0","0","0","0","0","0","1","1","45","67","4","2021","2","40.019583","-75.044758","","6","0","0","0","0","0","1","0","0","","0","1","0","11","","0","N","0","","40 01:10.498","","0","75 02:41.128","0","0","0","0","67301","0","0","0","N","0","0","0","2","68K01","0","","1.0","","1","N","N","N","1","","0","0","0","","0","","1122","2","0","1","0","0","0","0","2","0","2","","","Y","Y","4","1","N","N","N","Y","N","N","Y","N"
"2021039731","","1","0","0","0","0","0","0","0","0","4","1","","67","4","2021","5","40.029845","-75.104315","","6","0","0","0","0","0","0","0","0","","0","1","0","15","","0","","1","","40 01:47.442","","0","75 06:15.535","0","0","0","0","67301","0","0","0","N","0","0","0","2","67301","0","","1.0","","1","N","N","N","0","","0","0","0","","2","","1515","2","0","0","0","0","0","0","2","0","2","","04","","N","","","","","","","","","",""
"2021008257","","3","0","0","0","0","0","0","0","0","4","0","","67","1","2021","1","39.952508","-75.209267","","6","0","0","0","0","0","0","0","0","","0","0","0","13","","0","","1","","39 57:09.028","","0","75 12:33.361","0","0","0","0","67301","0","0","0","N","0","0","0","2","67301","0","","1.0","","1","N","N","Y","0","","0","0","0","","2","","1354","3","0","0","0","0","0","0","2","0","3","","","","N","","","","","","","","","",""
"2021009968","","2","0","0","0","0","0","0","0","0","5","0","","67","1","2021","6","39.97405","-75.231269","","6","0","0","0","0","0","0","0","0","","0","0","0","08","","0","N","0","","39 58:26.580","","0","75 13:52.570","9","0","0","0","67301","0","0","0","N","0","0","0","1","67301","0","","6.0","","1","N","N","Y","0","","0","0","1","","0","","0850","4","0","0","0","0","0","1","2","1","4","","03","","N","","","","","","","","","",""
"2021038534","","1","0","0","0","0","0","0","0","0","5","1","","67","4","2021","3","40.000449","-75.195116","","6","0","0","0","0","0","0","0","0","","0","1","0","12","","1","N","0","","40 00:01.616","","0","75 11:42.416","4","0","0","0","67301","0","0","0","N","0","0","0","2","68K01","1","","1.0","","1","N","N","N","0","","0","0","0","","0","","1244","2","1","0","0","0","0","0","2","0","2","","","","N","","","","","","","","","",""
"2021025212","","1","0","0","0","0","0","0","0","0","4","0","","67","1","2021","6","40.0367","-75.158384","","6","0","0","0","0","0","0","0","0","","0","0","0","17","","1","","1","","40 02:12.120","","0","75 09:30.184","3","0","0","0","67301","0","0","0","N","0","0","0","3","67301","0","","1.0","","1","N","N","N","0","","1","0","0","","2","","1746","2","1","0","0","0","0","0","2","0","2","","03","","N","","","","","","","","","",""
"2021032352","","1","0","0","0","0","0","0","0","0","1","1","","67","3","2021","3","39.990868","-75.155282","","6","0","0","0","0","0","0","0","0","","0","1","0","01","","2","","1","","39 59:27.126","","0","75 09:19.014","4","0","0","0","67301","0","0","0","N","0","0","0","3","67508","2","","1.0","","1","N","N","Y","0","","0","0","0","","2","","0100","2","2","0","0","0","0","0","2","0","2","","03","","N","","","","","","","","","",""
"2021014430","","1","0","0","0","0","0","0","0","0","7","0","","67","1","2021","7","39.980101","-75.205227","","6","0","0","0","1","0","0","0","0","","0","0","0","07","","0","N","0","","39 58:48.362","3","0","75 12:18.818","0","0","0","0","67301","0","0","0","N","0","0","0","1","68K01","0","","3.0","820.0","9","N","N","N","0","","0","0","0","","0","N","0757","1","0","0","0","0","0","0","2","0","1","","","","N","","","","","","","","","",""
"2021033999","","2","0","0","0","0","0","0","0","0","7","0","","67","4","2021","3","39.996192","-75.179367","","6","0","0","0","0","0","0","0","0","","0","0","0","22","","0","N","0","","39 59:46.290","","0","75 10:45.720","0","0","0","0","67301","0","0","0","N","0","0","0","1","67301","0","","5.0","","1","N","N","N","1","","0","0","0","","0","","2240","3","0","0","0","0","0","0","2","0","3","","03","","N","","","","","","","","","",""
"2021034081","","1","0","0","0","0","0","0","0","0","1","0","","67","4","2021","5","39.980468","-75.205793","","6","0","0","0","0","0","0","0","0","","0","0","0","19","","0","N","0","","39 58:49.685","","0","75 12:20.854","0","0","0","0","67301","0","0","0","N","0","0","0","2","68K01","0","","1.0","","1","N","N","N","1","","0","0","0","","0","","1931","2","0","0","0","0","0","0","2","0","2","","","","N","","","","","","","","","",""
"2021040842","","1","0","0","0","0","0","0","0","0","5","0","","67","2","2021","1","40.019842","-75.068308","","6","0","0","0","0","0","0","0","0","","0","0","0","13","","1","N","0","","40 01:11.430","","0","75 04:05.910","3","0","0","0","67301","0","0","0","N","0","0","0","1","67301","0","","6.0","","7","N","N","Y","0","","1","0","1","","0","","1338","3","1","0","0","0","0","0","2","1","3","","04","","N","","","","","","","","","",""
"2021000277","","1","0","0","0","0","0","0","0","0","4","0","","67","1","2021","7","39.962926","-75.191387","","6","0","0","0","0","0","0","0","0","","0","0","0","05","","0","","1","","39 57:46.535","","0","75 11:28.992","0","0","0","0","67301","0","0","0","N","0","0","0","2","67507","0","","1.0","","9","N","N","N","0","","0","0","1","","2","","0505","2","0","0","0","0","0","0","2","0","2","","","","N","","","","","","","","","",""
"2021000457","","0","0","0","0","0","0","0","0","0","4","0","","67","1","2021","6","40.074316","-75.034824","","6","0","0","0","0","0","0","0","0","","0","0","0","21","","1","","1","","40 04:27.539","","0","75 02:05.367","3","0","0","0","67301","0","0","0","N","0","0","0","2","67301","0","","1.0","","9","N","N","N","0","","1","0","1","","2","","2151","2","1","0","0","0","0","0","2","1","2","","07","","N","","","","","","","","","",""
"2021039868","","1","0","0","0","0","0","0","0","0","1","0","","67","5","2021","7","39.899154","-75.174677","","6","0","0","1","0","0","1","0","0","","0","0","0","22","","1","N","0","","39 53:56.955","1","0","75 10:28.837","3","0","0","0","67301","0","0","0","N","0","0","0","8","68K01","0","","1.0","2328.0","1","N","N","N","0","","1","0","1","","0","N","2243","3","1","0","0","0","0","1","2","0","3","","03","","N","","","","","","","","","",""
"2021042257","","1","0","0","0","0","0","0","0","0","1","0","45","67","5","2021","6","39.979323","-75.107428","","6","0","0","0","0","0","0","1","0","","0","0","0","07","","1","N","0","","39 58:45.563","1","0","75 06:26.742","8","0","0","0","67301","0","0","0","N","0","0","0","2","68K01","0","","1.0","845.0","1","N","N","N","0","","0","0","1","","0","N","0753","2","1","0","0","0","1","0","2","0","2","","03","Y","Y","4","1","N","N","N","N","N","N","Y","N"
"2021010206","","0","0","0","0","0","0","0","0","0","5","0","","67","1","2021","6","39.986408","-75.102092","","6","0","0","0","0","0","0","0","0","","0","0","0","20","","1","N","0","","39 59:11.070","","0","75 06:07.530","3","0","0","0","67301","0","0","0","N","0","0","0","1","67301","0","","6.0","","1","N","N","N","0","","1","0","2","","0","","2017","2","1","0","0","0","0","0","2","0","2","","03","","N","","","","","","","","","",""
"2021014687","","2","0","0","0","0","0","0","0","0","5","0","","67","2","2021","6","39.917183","-75.246303","","6","0","0","0","0","0","0","0","0","","0","0","0","09","","1","","1","","39 55:01.859","","0","75 14:46.691","3","0","0","0","67301","0","0","0","N","0","0","0","3","67301","0","","1.0","","1","N","N","N","0","","1","0","0","","0","","0930","2","1","2","0","0","0","0","2","0","2","","98","","N","","","","","","","","","",""
"2021012162","","2","0","0","0","0","0","0","0","0","2","0","","67","2","2021","5","40.003683","-75.169092","","6","0","0","0","0","0","0","1","0","","0","0","0","10","","0","","5","","40 00:13.260","","0","75 10:08.730","0","0","0","0","67301","0","0","0","N","0","0","0","4","67301","0","","1.0","","1","N","N","N","0","","0","0","1","","2","","1048","3","0","4","0","0","0","0","2","0","3","","03","","N","","","","","","","","","",""
"2021038498","","3","0","0","0","0","0","1","0","0","5","1","","67","4","2021","7","40.000186","-75.175889","","6","0","0","0","0","0","0","0","0","","0","0","0","22","","0","N","0","","40 00:00.670","","0","75 10:33.200","9","0","0","0","67301","0","0","0","N","0","0","0","1","67301","0","","6.0","","99","N","N","N","0","","0","0","0","","0","","2230","4","0","0","0","0","0","1","2","0","4","","","","N","","","","","","","","","",""
"2021007467","","1","0","0","0","0","0","0","0","0","4","0","","67","1","2021","1","39.887615","-75.248049","","6","0","0","0","0","0","0","0","0","","0","0","0","13","","0","","2","","39 53:15.415","","0","75 14:52.975","9","0","0","0","67301","0","0","0","N","0","0","0","4","67301","0","","1.0","","1","N","N","N","0","","0","0","1","","2","","1358","2","0","0","0","0","0","1","2","0","2","","03","","N","","","","","","","","","",""
"2021001221","","0","0","0","0","0","0","0","0","0","7","0","","67","1","2021","1","40.039055","-75.008499","","6","0","0","0","0","0","0","0","0","","0","0","0","21","","0","N","0","","40 02:20.597","","0","75 00:30.596","9","0","0","0","67301","0","0","0","N","0","0","0","1","68K01","0","","3.0","","9","N","N","N","0","","0","0","1","","0","","2130","1","0","0","0","0","0","1","2","0","1","","07","","N","","","","","","","","","",""
"2021014766","","1","0","0","0","0","0","0","0","0","7","0","","67","2","2021","2","39.888679","-75.202704","","6","0","0","0","0","0","0","0","0","","0","0","0","13","","0","N","0","","39 53:19.243","2","3","75 12:09.736","0","0","0","0","67301","0","0","0","N","0","0","0","1","68K01","0","","4.0","1330.0","6","N","N","N","0","","0","0","0","","0","N","1324","1","0","0","0","0","0","0","2","0","1","","10","","N","","","","","","","","","",""
"2021035595","","1","0","0","0","0","0","0","0","0","4","1","","67","4","2021","4","39.978705","-75.108634","","6","0","0","0","0","0","1","0","0","","0","1","0","08","","2","","1","","39 58:43.337","","0","75 06:31.082","2","0","0","0","67301","0","0","0","N","0","0","0","3","67301","0","","1.0","","1","N","N","N","0","","0","1","0","","2","","0853","2","2","2","0","0","1","0","2","0","2","","03","","N","","","","","","","","","",""
"2021008756","","1","0","0","0","0","0","0","0","0","4","0","","67","1","2021","2","39.951191","-75.232791","","6","0","0","0","0","0","0","0","0","","0","0","0","18","","6","","1","","39 57:04.287","","0","75 13:58.047","3","0","0","0","67301","0","0","0","N","0","0","0","6","67301","0","","1.0","","1","N","N","N","0","","6","0","0","","2","","1817","2","6","0","0","0","0","0","2","1","2","","03","","N","","","","","","","","","",""
"2021013294","","1","0","0","0","0","0","0","0","0","3","0","","67","2","2021","1","40.019842","-75.068308","","6","0","0","0","0","0","0","0","0","","0","0","0","13","","0","N","0","","40 01:11.430","","0","75 04:05.910","0","0","0","0","67301","0","0","0","N","0","0","0","1","67301","0","","6.0","","7","N","N","N","0","","0","0","2","","0","","1338","3","0","0","0","0","0","0","2","0","3","","04","","N","","","","","","","","","",""
"2021032547","","1","0","0","0","0","0","0","0","0","7","0","","67","4","2021","7","40.001601","-75.152925","","6","0","0","0","0","0","0","1","0","","0","0","0","00","","0","","1","","40 00:05.763","2","0","75 09:10.529","9","0","0","0","67301","0","0","0","N","0","0","0","1","67505","0","","3.0","45.0","1","N","N","N","0","","0","0","0","","2","N","0022","1","0","0","0","0","0","1","2","0","1","","03","","N","","","","","","","","","",""
"2021007742","","1","0","0","0","0","0","0","0","0","5","0","","67","1","2021","6","40.030414","-75.118294","","6","0","0","0","0","0","0","0","0","","0","0","0","23","","0","N","0","","40 01:49.491","","0","75 07:05.860","9","0","0","0","67301","0","0","0","N","0","0","0","3","67301","0","","1.0","","99","N","N","N","0","","0","0","2","","0","","2358","3","0","0","0","0","0","1","2","0","3","","98","","N","","","","","","","","","",""
"2021034157","","0","0","0","0","0","0","0","0","0","2","0","","67","4","2021","5","40.014326","-75.070851","","6","0","0","0","0","0","0","0","0","","0","0","0","00","","2","","1","","40 00:51.572","","0","75 04:15.064","3","0","0","0","67301","0","0","0","N","0","0","0","4","67301","0","","1.0","","1","N","N","N","0","","2","0","2","","3","","0000","2","2","0","0","0","0","0","2","0","2","","","","N","","","","","","","","","",""
"2021027508","","1","0","0","0","0","0","0","0","0","4","0","","67","3","2021","3","40.038144","-75.037191","","6","0","0","0","0","0","0","0","0","","0","0","0","19","","0","","2","","40 02:17.317","","0","75 02:13.888","0","0","0","0","67301","0","0","0","N","0","0","0","2","67301","0","","1.0","","1","N","N","N","0","","0","0","0","","3","","1900","2","0","0","0","0","0","0","2","1","2","","03","","N","","","","","","","","","",""
"2021013633","","3","0","0","0","0","0","0","0","0","2","0","","67","2","2021","3","40.016658","-75.147508","","6","0","0","0","0","0","0","0","0","","0","0","0","15","","0","N","0","","40 00:59.970","","0","75 08:51.030","0","0","0","0","67301","0","0","0","N","0","0","0","1","67301","0","","6.0","","2","N","N","N","0","","0","0","0","","0","","1559","3","0","0","0","0","0","0","2","0","3","","07","","N","","","","","","","","","",""
"2021006036","","1","0","0","0","0","0","0","0","0","5","0","","67","1","2021","5","39.991719","-75.173728","","6","0","0","1","0","0","0","0","0","","0","0","0","22","","0","N","0","","39 59:30.190","7","0","75 10:25.420","0","0","0","0","67301","0","0","0","N","0","0","0","2","67301","0","","6.0","30.0","1","N","N","N","4","","0","0","0","","0","Y","2210","5","0","2","0","0","0","0","2","0","5","","03","","N","","","","","","","","","",""
"2021002290","","2","0","0","0","0","0","0","0","0","1","0","","67","1","2021","4","39.970361","-75.150972","","6","0","0","0","0","0","0","1","0","","0","0","0","14","","2","Y","0","","39 58:13.300","","1","75 09:03.500","3","0","0","0","67301","0","0","0","N","0","0","0","3","67301","0","","1.0","","1","N","N","N","0","","2","0","1","","2","","1434","3","2","0","0","0","0","0","2","0","3","","03","","N","","","","","","","","","",""
"2021032986","","1","0","0","0","0","0","0","0","0","1","0","","67","4","2021","7","39.934883","-75.14479","","6","0","0","0","0","0","1","0","0","","0","0","0","02","","1","N","0","","39 56:05.580","","0","75 08:41.243","3","0","0","0","67301","0","0","0","N","0","0","0","2","68K01","0","","1.0","","1","N","N","N","0","","1","0","0","","0","","0250","2","1","0","0","0","0","1","2","0","2","","","","N","","","","","","","","","",""
"2021006316","","1","0","0","0","0","0","0","0","0","7","0","","67","1","2021","6","40.030137","-75.022138","","6","0","0","1","0","0","0","0","0","","0","0","0","22","","1","N","0","","40 01:48.493","","3","75 01:19.695","4","0","0","0","67301","0","0","0","N","0","0","0","1","68K01","1","","3.0","","9","N","N","N","0","","0","0","0","","0","","2214","1","1","0","0","0","0","0","2","0","1","","","","N","","","","","","","","","",""
"2021009925","","4","0","0","0","0","0","0","0","0","5","0","","67","1","2021","1","39.981583","-75.160583","","6","0","0","0","0","0","0","0","0","","0","0","0","01","","1","N","0","","39 58:53.700","","0","75 09:38.100","4","0","0","0","67301","0","0","0","N","0","0","0","1","67505","1","","6.0","","1","N","N","N","0","","0","0","0","","0","","0125","4","1","0","0","0","0","0","2","0","4","","03","","N","","","","","","","","","",""
"2021007197","","1","0","0","0","0","0","0","0","0","4","0","","67","1","2021","6","40.001522","-75.127965","","6","0","0","0","0","0","0","0","0","","0","0","0","01","","0","","1","","40 00:05.479","","0","75 07:40.673","0","0","0","0","67301","0","0","0","N","0","0","0","2","67301","0","","1.0","","1","N","N","N","0","","0","0","1","","3","","0130","2","0","0","0","0","0","0","2","0","2","","03","","N","","","","","","","","","",""