"CRN","ARRIVAL_TM","AUTOMOBILE_COUNT","BELTED_DEATH_COUNT","BELTED_SUSP_SERIOUS_INJ_COUNT","BICYCLE_COUNT","BICYCLE_DEATH_COUNT","BICYCLE_SUSP_SERIOUS_INJ_COUNT","BUS_COUNT","CHLDPAS_DEATH_COUNT","CHLDPAS_SUSP_SERIOUS_INJ_COUNT","COLLISION_TYPE","COMM_VEH_COUNT","CONS_ZONE_SPD_LIM","COUNTY","CRASH_MONTH","CRASH_YEAR","DAY_OF_WEEK","DEC_LATITUDE","DEC_LONGITUDE","DISPATCH_TM","DISTRICT","DRIVER_COUNT_16YR","DRIVER_COUNT_17YR","DRIVER_COUNT_18YR","DRIVER_COUNT_19YR","DRIVER_COUNT_20YR","DRIVER_COUNT_50_64YR","DRIVER_COUNT_65_74YR","DRIVER_COUNT_75PLUS","EST_HRS_CLOSED","FATAL_COUNT","HEAVY_TRUCK_COUNT","HORSE_BUGGY_COUNT","HOUR_OF_DAY","ILLUMINATION","INJURY_COUNT","INTERSECTION_RELATED","INTERSECT_TYPE","LANE_CLOSED","LATITUDE","LN_CLOSE_DIR","LOCATION_TYPE","LONGITUDE","MAX_SEVERITY_LEVEL","MCYCLE_DEATH_COUNT","MCYCLE_SUSP_SERIOUS_INJ_COUNT","MOTORCYCLE_COUNT","MUNICIPALITY","NONMOTR_COUNT","NONMOTR_DEATH_COUNT","NONMOTR_SUSP_SERIOUS_INJ_COUNT","NTFY_HIWY_MAINT","PED_COUNT","PED_DEATH_COUNT","PED_SUSP_SERIOUS_INJ_COUNT","PERSON_COUNT","POLICE_AGCY","POSSIBLE_INJ_COUNT","RDWY_SURF_TYPE_CD","RELATION_TO_ROAD","ROADWAY_CLEARED","ROAD_CONDITION","SCH_BUS_IND","SCH_ZONE_IND","SECONDARY_CRASH","SMALL_TRUCK_COUNT","SPEC_JURIS_CD","SUSP_MINOR_INJ_COUNT","SUSP_SERIOUS_INJ_COUNT","SUV_COUNT","TCD_FUNC_CD","TCD_TYPE","TFC_DETOUR_IND","TIME_OF_DAY","TOTAL_UNITS","TOT_INJ_COUNT","UNBELTED_OCC_COUNT","UNB_DEATH_COUNT","UNB_SUSP_SERIOUS_INJ_COUNT","UNK_INJ_DEG_COUNT","UNK_INJ_PER_COUNT","URBAN_RURAL","VAN_COUNT","VEHICLE_COUNT","WEATHER1","WEATHER2","WORKERS_PRES","WORK_ZONE_IND","WORK_ZONE_LOC","WORK_ZONE_TYPE","WZ_CLOSE_DETOUR","WZ_FLAGGER","WZ_LAW_OFFCR_IND","WZ_LN_CLOSURE","WZ_MOVING","WZ_OTHER","WZ_SHLDER_MDN","WZ_WORKERS_INJ_KILLED"
"2021035589","","1","0","2","0","0","0","0","0","0","4","0","","67","4","2021","7","39.971459","-75.159368","","6","0","0","0","0","1","0","0","0","","0","0","0","17","","7","","1","","39 58:17.254","","0","75 09:33.726","2","0","0","0","67301","0","0","0","N","0","0","0","7","67301","0","","1.0","","1","N","N","N","0","","5","2","1","","2","","1702","2","7","0","0","0","0","0","2","0","2","","03","","N","","","","","","","","","",""
"2021033719","","1","0","0","0","0","0","0","0","0","4","1","","67","4","2021","6","39.993948","-75.154613","","6","0","0","0","0","0","1","0","0","","0","1","0","16","","1","","1","","39 59:38.214","","0","75 09:16.608","4","0","0","0","67301","0","0","0","N","0","0","0","2","68K01","1","","1.0","","1","N","N","N","0","","0","0","0","","2","","1626","2","1","0","0","0","0","0","2","0","2","","","","N","","","","","","","","","",""
"2021007193","","1","0","0","0","0","0","0","0","0","4","0","","67","1","2021","6","39.996794","-75.103369","","6","0","0","0","0","0","0","1","0","","0","0","0","02","","1","","1","","39 59:48.460","1","0","75 06:12.128","8","0","0","0","67301","0","0","0","N","0","0","0","2","67301","0","","1.0","236.0","1","N","N","N","0","","0","0","3","","2","N","0215","4","1","0","0","0","1","1","2","0","4","","03","","N","","","","","","","","","",""
"2021000463","","3","0","0","0","0","0","0","0","0","4","0","","67","1","2021","7","39.949438","-75.237333","","6","0","0","0","0","1","0","0","0","","0","0","0","15","","2","","1","","39 56:57.976","","0","75 14:14.398","3","0","0","0","67301","0","0","0","N","0","0","0","3","67301","0","","1.0","","1","N","N","N","0","","2","0","0","","3","","1542","3","2","0","0","0","0","1","2","0","3","","","","N","","","","","","","","","",""
"2021007465","","0","0","0","0","0","0","0","0","0","0","0","","67","1","2021","7","39.911326","-75.242828","","6","0","0","0","0","0","0","0","0","","0","0","0","11","","1","","5","","39 54:40.772","","0","75 14:34.179","2","0","1","1","67301","0","0","0","N","0","0","0","1","67301","0","","1.0","","1","N","N","N","0","","0","1","0","","2","","1159","2","1","0","0","0","0","0","2","0","1","","03","","N","","","","","","","","","",""
"2021008755","","2","0","0","0","0","0","0","0","0","4","0","","67","1","2021","4","40.065205","-75.175324","","6","0","0","0","0","1","0","0","0","","0","0","0","01","","1","","1","","40 03:54.737","7","0","75 10:31.167","8","0","0","0","67301","0","0","0","N","0","0","0","2","67301","0","","1.0","330.0","9","N","N","N","0","","0","0","0","","2","N","0105","2","1","0","0","0","1","0","2","0","2","","","","N","","","","","","","","","",""
"2021039150","","1","0","0","0","0","0","1","0","0","2","1","","67","4","2021","5","39.951178","-75.218656","","6","0","0","0","0","0","0","0","0","","0","0","0","05","","0","N","0","","39 57:04.240","","0","75 13:07.160","0","0","0","0","67301","0","0","0","N","0","0","0","1","67301","0","","6.0","","1","N","N","N","1","","0","0","0","","0","","0545","3","0","0","0","0","0","0","2","0","3","","03","","N","","","","","","","","","",""
"2021006033","","2","0","0","0","0","0","0","0","0","4","0","","67","1","2021","3","39.984782","-75.169104","","6","0","0","0","0","0","0","0","0","","0","0","0","13","","0","","1","","39 59:05.215","","0","75 10:08.774","0","0","0","0","67301","0","0","0","N","0","0","0","2","67301","0","","1.0","","1","N","N","N","0","","0","0","0","","3","","1333","2","0","0","0","0","0","0","2","0","2","","","","N","","","","","","","","","",""
"2021014374","","0","0","0","0","0","0","0","0","0","7","0","","67","2","2021","2","39.990359","-75.086385","","6","0","0","0","0","0","0","0","0","","0","0","0","05","","0","N","0","","39 59:25.291","1","2","75 05:10.986","9","0","0","0","67301","0","0","0","Y","0","0","0","1","68K01","0","","2.0","706.0","6","N","N","N","0","","0","0","1","","0","N","0546","1","0","0","0","0","0","1","2","0","1","","10","","N","","","","","","","","","",""
"2021035524","","0","0","0","0","0","0","0","0","0","4","1","","67","4","2021","2","40.108825","-75.001575","","6","0","0","0","0","0","1","0","0","","0","1","0","11","","1","N","0","","40 06:31.770","3","7","75 00:05.670","8","0","0","0","67301","0","0","0","N","0","0","0","2","67301","0","","1.0","30.0","1","N","N","N","0","","0","0","1","","0","N","1115","2","1","1","0","0","1","0","2","0","2","","","","N","","","","","","","","","",""
"2021009742","","2","0","0","0","0","0","0","0","0","2","0","","67","1","2021","6","39.945985","-75.184235","","6","0","0","0","0","0","0","0","0","","0","0","0","21","","0","","1","","39 56:45.546","","0","75 11:03.246","0","0","0","0","67301","0","0","0","N","0","0","0","3","67301","0","","1.0","","1","N","N","N","0","","0","0","0","","2","","2104","2","0","3","0","0","0","0","2","0","2","","03","","N","","","","","","","","","",""
"2021003754","","0","0","0","0","0","0","0","0","0","5","0","","67","1","2021","2","39.998916","-75.13239","","6","0","0","0","0","0","0","0","0","","0","0","0","09","","1","N","0","","39 59:56.096","","0","75 07:56.604","3","0","0","0","67301","0","0","0","N","0","0","0","1","67301","0","","6.0","","1","N","N","N","0","","1","0","3","","0","","0940","3","1","0","0","0","0","0","2","0","3","","03","","N","","","","","","","","","",""
"2021011516","","1","0","0","0","0","0","0","0","0","1","0","","67","1","2021","6","39.918211","-75.208835","","6","0","0","0","0","0","0","0","0","","0","0","0","15","","0","","2","","39 55:05.558","","0","75 12:31.805","0","0","0","0","67301","0","0","0","N","0","0","0","2","67301","0","","1.0","","9","N","N","N","0","","0","0","0","","2","","1557","2","0","1","0","0","0","0","2","1","2","","06","","N","","","","","","","","","",""
"2021037727","","0","0","0","0","0","0","0","0","0","8","0","","67","4","2021","3","39.962364","-75.229389","","6","0","0","0","0","0","0","0","0","","0","0","0","13","","1","N","0","","39 57:44.510","","0","75 13:45.800","3","0","0","0","67301","1","0","0","N","1","0","0","2","67301","0","","1.0","","1","N","N","N","0","","1","0","0","","0","","1350","2","1","0","0","0","0","1","2","0","1","","03","","N","","","","","","","","","",""
"2021006063","","2","0","0","0","0","0","0","0","0","4","0","","67","1","2021","3","40.016924","-75.151564","","6","0","0","0","0","0","1","0","0","","0","0","0","17","","1","","1","","40 01:00.926","","0","75 09:05.632","8","0","0","0","67301","0","0","0","N","0","0","0","2","67301","0","","1.0","","1","N","N","N","0","","0","0","0","","2","","1730","2","1","0","0","0","1","0","2","0","2","","","","N","","","","","","","","","",""
"2021007468","","1","0","0","0","0","0","0","0","0","4","0","","67","1","2021","1","39.947947","-75.223266","","6","0","0","0","0","0","1","0","0","","0","0","0","15","","1","","1","","39 56:52.608","","0","75 13:23.758","3","0","0","0","67301","0","0","0","N","0","0","0","2","67301","0","","1.0","","1","N","N","N","0","","1","0","1","","2","","1545","2","1","1","0","0","0","1","2","0","2","","03","","N","","","","","","","","","",""
"2021014691","","2","0","0","0","0","0","0","0","0","4","0","","67","2","2021","7","39.926406","-75.230502","","6","0","0","0","0","0","0","0","0","","0","0","0","10","","1","","1","","39 55:35.061","","0","75 13:49.807","3","0","0","0","67301","0","0","0","N","0","0","0","3","67301","0","","1.0","","1","N","N","N","0","","1","0","0","","2","","1045","2","1","0","0","0","0","0","2","0","2","","","","N","","","","","","","","","",""
"2021005978","","1","0","0","0","0","0","0","0","0","7","0","","67","1","2021","5","39.958882","-75.164681","","6","0","0","0","0","0","0","0","0","","0","0","0","09","","0","N","0","","39 57:31.975","","2","75 09:52.851","0","0","0","0","67301","0","0","0","N","0","0","0","1","67301","0","","4.0","","1","N","N","N","0","","0","0","0","","0","","0953","1","0","0","0","0","0","0","2","0","1","","04","","N","","","","","","","","","",""
"2021014693","","1","0","0","0","0","0","0","0","0","4","0","","67","2","2021","1","39.937343","-75.217626","","6","0","0","0","0","0","0","0","0","","0","0","0","00","","1","","1","","39 56:14.434","","0","75 13:03.453","3","0","0","0","67301","0","0","0","N","0","0","0","5","67301","0","","1.0","","1","N","N","N","0","","1","0","1","","3","","0010","2","1","2","0","0","0","0","2","0","2","","03","","N","","","","","","","","","",""
"2021010348","","1","0","0","0","0","0","0","0","0","5","0","","67","1","2021","1","39.9335","-75.172194","","6","0","0","0","0","0","0","0","0","","0","0","0","00","","0","N","0","","39 56:00.600","4","0","75 10:19.900","0","0","0","0","67301","0","0","0","N","0","0","0","3","67301","0","","1.0","10.0","1","N","N","N","0","","0","0","1","","0","Y","0010","2","0","0","0","0","0","0","2","0","2","","03","","N","","","","","","","","","",""
"2021006012","","1","0","0","0","0","0","0","0","0","4","0","","67","1","2021","5","40.008621","-75.068836","","6","0","0","0","0","0","1","0","0","","0","0","0","20","","2","","1","","40 00:31.034","","0","75 04:07.810","3","0","0","0","67301","0","0","0","N","0","0","0","2","67301","0","","1.0","","1","N","N","N","0","","2","0","1","","2","","2000","2","2","0","0","0","0","0","2","0","2","","","","N","","","","","","","","","",""
"2021008216","","1","0","0","0","0","0","0","0","0","1","0","","67","1","2021","4","39.908529","-75.149209","","6","0","0","0","0","0","0","0","1","","0","0","0","11","","1","N","0","","39 54:30.704","1","0","75 08:57.154","3","0","0","0","67301","0","0","0","N","0","0","0","3","68K01","0","","1.0","1300.0","1","N","N","N","0","","1","0","1","","0","N","1142","2","1","0","0","0","0","0","2","0","2","","","","N","","","","","","","","","",""
"2021035608","","0","0","0","0","0","0","0","0","0","2","1","","67","4","2021","7","39.991899","-75.138362","","6","0","0","0","0","0","0","0","0","","0","1","0","16","","3","","1","","39 59:30.836","","0","75 08:18.103","3","0","0","0","67301","0","0","0","N","0","0","0","4","67301","0","","1.0","","1","N","N","N","0","","3","0","0","","2","","1627","2","3","0","0","0","0","0","2","1","2","","","","N","","","","","","","","","",""
"2021009094","","2","0","0","0","0","0","0","0","0","4","0","","67","1","2021","3","40.02153","-75.15797","","6","0","0","0","0","0","0","0","0","","0","0","0","12","","1","","2","","40 01:17.509","","0","75 09:28.691","3","0","0","0","67301","0","0","0","N","0","0","0","2","67301","0","","1.0","","9","N","N","N","0","","1","0","0","","3","","1243","2","1","2","0","0","0","0","2","0","2","","07","","N","","","","","","","","","",""
"2021035599","","1","0","0","0","0","0","0","0","0","1","0","","67","4","2021","1","39.993434","-75.097032","","6","0","0","0","0","0","1","0","0","","0","0","0","18","","3","","1","","39 59:36.361","","0","75 05:49.315","3","0","0","0","67301","0","0","0","N","0","0","0","4","67301","0","","1.0","","1","N","N","N","0","","3","0","1","","2","U","1850","2","3","0","0","0","0","1","2","0","2","","03","","N","","","","","","","","","",""
"2021013527","","1","0","0","0","0","0","0","0","0","5","0","","67","1","2021","1","39.886036","-75.213387","","6","0","0","0","0","0","0","0","0","","0","0","0","07","","0","N","0","","39 53:09.729","","3","75 12:48.194","0","0","0","0","67301","0","0","0","N","0","0","0","2","68K01","0","","1.0","","1","N","N","N","1","","0","0","0","","0","","0703","2","0","0","0","0","0","0","2","0","2","","03","","N","","","","","","","","","",""
"2021010457","","1","0","0","0","0","0","0","0","0","7","0","","67","2","2021","2","40.124786","-75.017406","","6","0","0","0","0","0","0","0","0","","0","0","0","04","","0","N","0","","40 07:29.230","","0","75 01:02.660","0","0","0","0","67301","0","0","0","N","0","0","0","1","67301","0","","4.0","","7","N","N","N","0","","0","0","0","","0","","0430","1","0","0","0","0","0","0","2","0","1","","","","N","","","","","","","","","",""
"2021032962","","0","0","0","0","0","0","0","0","0","1","1","","67","4","2021","6","39.925827","-75.194105","","6","0","0","0","0","0","0","0","0","","0","1","0","09","","0","N","0","","39 55:32.978","","0","75 11:38.777","0","0","0","0","67301","0","0","0","N","0","0","0","2","68K01","0","","1.0","","1","N","N","N","0","","0","0","1","","0","","0913","2","0","0","0","0","0","0","2","0","2","","","","N","","","","","","","","","",""
"2021007738","","1","0","0","0","0","0","0","0","0","5","0","","67","1","2021","7","40.006109","-75.114871","","6","0","0","0","0","0","0","0","0","","0","0","0","11","","2","N","0","","40 00:21.991","","0","75 06:53.534","3","0","0","0","67301","0","0","0","N","0","0","0","3","67301","0","","1.0","","1","N","N","N","0","","2","0","1","","0","","1113","2","2","1","0","0","0","1","2","0","2","","03","","N","","","","","","","","","",""
"2021042262","","0","0","0","0","0","0","0","0","0","1","0","","67","5","2021","6","39.985218","-75.094026","","6","0","1","0","0","0","0","0","0","","0","0","0","14","","0","N","0","","39 59:06.783","","0","75 05:38.493","0","0","0","0","67301","0","0","0","N","0","0","0","3","68K01","0","","1.0","","1","N","N","N","0","","0","0","2","","0","","1453","2","0","0","0","0","0","0","2","0","2","","","","N","","","","","","","","","",""
"2021040641","","3","0","0","0","0","0","0","0","0","5","0","","67","4","2021","6","40.041866","-75.003926","","6","0","0","2","0","0","0","0","0","","0","0","0","17","","0","N","0","","40 02:30.719","","0","75 00:14.133","9","0","0","0","67301","0","0","0","N","0","0","0","3","68K01","0","","1.0","","1","N","N","N","0","","0","0","0","","0","","1744","3","0","0","0","0","0","1","2","0","3","","","","N","","","","","","","","","",""
"2021015076","","1","0","0","0","0","0","0","0","0","7","0","","67","1","2021","7","39.968452","-75.129317","","6","0","0","0","0","0","0","0","0","","0","0","0","21","","0","N","0","","39 58:06.428","","0","75 07:45.540","0","0","0","0","67301","0","0","0","N","0","0","0","1","68K01","0","","3.0","","1","N","N","N","0","","0","0","0","","0","","2154","1","0","0","0","0","0","0","2","0","1","","03","","N","","","","","","","","","",""
"2021010350","","2","0","0","0","0","0","0","0","0","4","0","","67","1","2021","7","39.973687","-75.250834","","6","0","0","0","0","0","0","0","0","","0","0","0","09","","0","","1","","39 58:25.273","","0","75 15:03.002","0","0","0","0","67301","0","0","0","N","0","0","0","3","67301","0","","1.0","","1","N","N","N","2","","0","0","1","","3","","0943","6","0","0","0","0","0","0","2","1","6","","03","","N","","","","","","","","","",""
"2021012804","","1","0","0","0","0","0","0","0","0","2","0","","67","2","2021","7","39.972345","-75.166276","","6","0","0","0","0","0","0","0","0","","0","0","0","20","","1","N","0","","39 58:20.441","4","0","75 09:58.592","8","0","0","0","67301","0","0","0","N","0","0","0","3","67301","0","","1.0","2046.0","1","N","N","N","0","","0","0","1","","2","N","2020","2","1","0","0","0","1","0","2","0","2","","","","N","","","","","","","","","",""
"2021033958","","0","0","0","0","0","0","0","0","0","6","0","","67","4","2021","3","39.918214","-75.147673","","6","0","0","0","0","0","0","0","0","","0","0","0","19","","1","N","0","","39 55:05.569","2","0","75 08:51.621","8","0","0","0","67301","0","0","0","N","0","0","0","1","68K01","0","","5.0","10.0","1","N","N","N","0","","0","0","0","","0","N","1942","1","1","1","0","0","1","0","2","1","1","","03","","N","","","","","","","","","",""
"2021005262","","2","0","0","0","0","0","0","0","0","4","0","","67","1","2021","7","39.984086","-75.160053","","6","0","0","0","1","0","0","0","0","","0","0","0","17","","1","","1","","39 59:02.710","1","0","75 09:36.190","4","0","0","0","67301","0","0","0","N","0","0","0","2","67505","1","","1.0","2245.0","1","N","N","Y","0","","0","0","1","","3","Y","1737","3","1","0","0","0","0","0","2","0","3","","03","","N","","","","","","","","","",""
"2021000460","","1","0","0","0","0","0","0","0","0","4","0","","67","1","2021","6","40.040625","-75.174591","","6","0","0","0","0","0","0","0","0","","0","0","0","11","","1","","1","","40 02:26.249","","0","75 10:28.527","3","0","0","0","67301","0","0","0","N","0","0","0","3","67301","0","","1.0","","1","N","N","N","0","","1","0","1","","2","","1130","2","1","0","0","0","0","2","2","0","2","","04","","N","","","","","","","","","",""
"2021004814","","1","0","0","0","0","0","0","0","0","6","0","","67","1","2021","4","39.921557","-75.240041","","6","0","0","0","0","0","0","0","0","","0","0","0","18","","1","","2","","39 55:17.605","1","0","75 14:24.147","8","0","0","0","67301","0","0","0","N","0","0","0","2","67508","0","","1.0","9999.0","1","N","N","Y","0","","0","0","0","","0","N","1835","2","1","0","0","0","1","0","2","0","2","","03","","N","","","","","","","","","",""
"2021033616","","4","0","0","0","0","0","0","0","0","5","1","","67","4","2021","3","39.99208","-75.155019","","6","0","0","0","0","0","1","0","0","","0","1","0","08","","0","N","0","","39 59:31.489","5","0","75 09:18.070","0","0","0","0","67301","0","0","0","N","0","0","0","5","67301","0","","1.0","1130.0","1","N","N","N","0","","0","0","0","","0","Y","0825","5","0","0","0","0","0","0","2","0","5","","03","","N","","","","","","","","","",""
"2021035601","","2","0","0","0","0","0","0","0","0","4","0","","67","4","2021","6","39.994237","-75.132185","","6","0","0","0","0","0","0","0","0","","0","0","0","08","","2","","1","","39 59:39.253","","0","75 07:55.866","8","0","0","0","67301","0","0","0","N","0","0","0","3","67301","0","","1.0","","1","N","N","N","0","","0","0","0","","3","","0855","2","2","0","0","0","2","0","2","0","2","","","","N","","","","","","","","","",""
"2021039831","","1","0","0","0","0","0","0","0","0","5","1","","67","4","2021","4","39.939683","-75.196284","","6","0","0","0","0","0","0","0","0","","0","1","0","07","","1","N","0","","39 56:22.858","4","0","75 11:46.622","3","0","0","0","67301","0","0","0","N","0","0","0","2","68K01","0","","1.0","800.0","1","N","N","N","0","","1","0","0","","0","N","0722","2","1","0","0","0","0","0","2","0","2","","","","N","","","","","","","","","",""
"2021008996","","4","0","0","0","0","0","0","0","0","4","0","","67","1","2021","3","39.948839","-75.238755","","6","0","0","0","0","0","0","0","0","","0","0","0","23","","0","","1","","39 56:55.820","","0","75 14:19.517","9","0","0","0","67301","0","0","0","N","0","0","0","3","67301","0","","1.0","","9","N","N","N","0","","0","0","0","","3","","2300","6","0","0","0","0","0","1","2","2","6","","","","N","","","","","","","","","",""
"2021001533","","0","0","0","0","0","0","0","0","0","7","0","","67","1","2021","1","40.03071","-75.021877","","6","0","0","0","0","0","0","0","0","","0","0","0","18","","0","N","0","","40 01:50.556","2","3","75 01:18.756","0","0","0","0","67301","0","0","0","N","0","0","0","1","68K01","0","","2.0","1840.0","9","N","N","N","1","","0","0","0","","0","N","1802","1","0","0","0","0","0","0","2","0","1","","07","","N","","","","","","","","","",""
"2021038700","","2","0","0","0","0","0","0","0","0","1","0","","67","4","2021","2","40.044186","-75.002433","","6","0","0","0","1","0","0","0","0","","0","0","0","13","","0","N","0","","40 02:39.068","1","0","75 00:08.757","0","0","0","0","67301","0","0","0","Y","0","0","0","2","68K01","0","","1.0","1400.0","1","N","N","N","0","","0","0","0","","0","N","1315","2","0","0","0","0","0","0","2","0","2","","03","","N","","","","","","","","","",""
"2021007296","","0","0","0","0","0","0","0","0","0","4","0","","67","1","2021","5","39.994631","-75.094531","","6","0","0","0","0","0","0","0","0","","0","0","0","18","","3","","1","","39 59:40.673","","0","75 05:40.311","3","0","0","0","67301","0","0","0","N","0","0","0","3","67301","0","","1.0","","1","N","N","N","0","","3","0","2","","2","","1850","2","3","0","0","0","0","0","2","0","2","","03","","N","","","","","","","","","",""
"2021038474","","2","0","0","0","0","0","0","0","0","4","0","","67","4","2021","3","39.959471","-75.233172","","6","0","0","0","0","0","0","0","0","","0","1","0","15","","3","","1","","39 57:34.096","3","0","75 13:59.419","3","0","0","0","67301","0","0","0","N","0","0","0","3","67301","2","","1.0","1555.0","1","N","N","N","0","","1","0","1","","2","N","1509","4","3","0","0","0","0","0","2","0","4","","03","","N","","","","","","","","","",""
"2021038320","","0","0","0","0","0","0","0","0","0","1","1","","67","4","2021","3","40.021751","-75.039141","","6","0","0","0","0","0","1","0","0","","0","1","0","13","","1","N","0","","40 01:18.304","","0","75 02:20.907","3","0","0","0","67301","0","0","0","N","0","0","0","2","68K01","0","","1.0","","1","N","N","N","0","","1","0","0","","0","","1354","2","1","0","0","0","0","0","2","1","2","","03","","N","","","","","","","","","",""
"2021013859","","1","0","0","0","0","0","0","0","0","5","0","","67","2","2021","2","39.993831","-75.108492","","6","0","0","0","0","0","0","0","0","","0","0","0","17","","0","N","0","","39 59:37.793","","0","75 06:30.570","0","0","0","0","67301","0","0","0","N","0","0","0","1","67301","0","","6.0","","1","N","N","N","0","","0","0","1","","0","","1719","3","0","0","0","0","0","0","2","1","3","","","","N","","","","","","","","","",""
"2021040309","","2","0","0","0","0","0","0","0","0","5","0","","67","5","2021","1","39.957719","-75.160704","","6","0","0","0","1","0","0","0","0","","0","0","0","23","","1","N","0","","39 57:27.789","4","0","75 09:38.533","4","0","0","0","67301","0","0","0","N","0","0","0","2","68K01","1","","1.0","1139.0","1","N","N","N","0","","0","0","0","","0","N","2307","2","1","0","0","0","0","1","2","0","2","","","","N","","","","","","","","","",""
"2021037478","","2","0","0","0","0","0","0","0","0","4","0","","67","4","2021","6","40.025648","-75.122274","","6","0","0","0","1","0","1","0","0","","0","0","0","19","","0","N","1","","40 01:32.331","4","0","75 07:20.187","0","0","0","0","67301","0","0","0","N","0","0","0","6","67301","0","","1.0","2030.0","1","N","N","N","0","","0","0","1","","2","Y","1935","3","0","0","0","0","0","0","2","0","3","","03","","N","","","","","","","","","",""
"2021039844","","1","0","0","0","0","0","0","0","0","5","1","","67","4","2021","6","39.966606","-75.134762","","6","0","0","0","0","0","0","1","0","","0","1","0","07","","1","N","0","","39 57:59.781","1","0","75 08:05.144","8","0","0","0","67301","0","0","0","N","0","0","0","2","68K01","0","","1.0","835.0","1","N","N","N","0","","0","0","0","","0","N","0756","2","1","0","0","0","1","0","2","0","2","","","","N","","","","","","","","","",""
"2021008286","","2","0","0","0","0","0","0","0","0","6","0","","67","1","2021","1","40.007733","-75.085604","","6","0","0","0","0","0","0","0","0","","0","0","0","05","","0","N","0","","40 00:27.839","","0","75 05:08.173","0","0","0","0","67301","0","0","0","N","0","0","0","1","67301","0","","6.0","","1","N","N","N","1","","0","0","0","","0","","0504","3","0","0","0","0","0","0","2","0","3","","03","","N","","","","","","","","","",""
"2021008227","","1","0","0","0","0","0","0","0","0","1","0","","67","1","2021","5","39.996529","-75.082658","","6","0","0","0","0","0","1","0","0","","0","0","0","07","","0","N","0","","39 59:47.505","2","0","75 04:57.570","0","0","0","0","67301","0","0","0","N","0","0","0","5","68K01","0","","1.0","30.0","1","N","N","N","0","","0","0","1","","0","N","0740","3","0","0","0","0","0","0","2","1","3","","","","N","","","","","","","","","",""
"2021007726","","2","0","0","0","0","0","0","0","0","4","0","","67","1","2021","6","40.054223","-75.235999","","6","0","0","0","0","0","1","0","0","","0","0","0","16","","2","N","0","","40 03:15.202","5","7","75 14:09.598","3","0","0","0","67301","0","0","0","N","0","0","0","3","67301","0","","1.0","1810.0","1","N","N","N","0","","2","0","0","","0","Y","1654","2","2","0","0","0","0","1","2","0","2","","","","N","","","","","","","","","",""
"2021006412","","2","0","0","0","0","0","0","0","0","4","0","","67","1","2021","2","40.007393","-75.078188","","6","0","0","0","0","0","1","0","0","","0","0","0","22","","0","","1","","40 00:26.614","","0","75 04:41.477","0","0","0","0","67301","0","0","0","N","0","0","0","2","67301","0","","1.0","","1","N","N","N","0","","0","0","0","","2","","2200","2","0","1","0","0","0","0","2","0","2","","03","","N","","","","","","","","","",""
"2021012557","","1","0","0","0","0","0","0","0","0","8","0","","67","2","2021","7","39.934269","-75.150819","","6","0","0","0","0","0","0","0","0","","0","0","0","17","","1","","1","","39 56:03.368","","7","75 09:02.948","4","0","0","0","67301","1","0","0","N","1","0","0","2","67301","1","","1.0","","1","N","N","N","0","","0","0","0","","2","","1740","2","1","0","0","0","0","0","2","0","1","","03","","N","","","","","","","","","",""
"2021009425","","1","0","0","0","0","0","0","0","0","7","0","","67","1","2021","3","39.998875","-75.18757","","6","0","0","0","0","0","1","0","0","","0","0","0","22","","0","N","0","","39 59:55.949","2","0","75 11:15.253","0","0","0","0","67301","0","0","0","N","0","0","0","1","67301","0","","4.0","806.0","1","N","N","N","0","","0","0","0","","0","N","2200","1","0","0","0","0","0","0","2","0","1","","03","","N","","","","","","","","","",""
"2021001066","","0","0","0","1","0","0","0","0","0","8","0","","67","1","2021","7","39.944803","-75.165194","","6","0","0","0","0","0","0","0","0","","0","0","0","20","","1","N","0","","39 56:41.289","","0","75 09:54.699","3","0","0","0","67301","1","0","0","N","0","0","0","2","67301","0","","1.0","","1","N","N","N","0","","1","0","1","","0","","2009","2","1","0","0","0","0","0","2","0","1","","","","N","","","","","","","","","",""
"2021012665","","1","0","0","0","0","0","0","0","0","7","0","","67","1","2021","1","39.911134","-75.148513","","6","0","0","0","0","1","0","0","0","","0","0","0","11","","1","N","0","","39 54:40.083","1","8","75 08:54.648","3","0","0","0","67301","0","0","0","N","0","0","0","1","68K01","0","","2.0","20.0","5","N","N","N","0","","1","0","0","","0","N","1102","1","1","0","0","0","0","0","2","0","1","","03","","N","","","","","","","","","",""
"2021035901","","2","0","0","0","0","0","0","0","0","5","0","","67","4","2021","2","40.019155","-75.056362","","6","0","0","0","0","0","0","0","0","","0","0","0","22","","0","N","0","","40 01:08.959","1","0","75 03:22.902","0","0","0","0","67301","0","0","0","N","0","0","0","2","67301","0","","6.0","30.0","1","N","N","N","1","","0","0","0","","0","N","2240","3","0","2","0","0","0","0","2","0","3","","03","","N","","","","","","","","","",""
"2021032993","","1","0","0","0","0","0","0","0","0","1","0","","67","4","2021","1","39.960024","-75.179924","","6","0","0","0","0","0","0","0","0","","0","0","0","07","","0","N","7","","39 57:36.087","4","2","75 10:47.726","0","0","0","0","67301","0","0","0","N","0","0","0","2","68K01","0","","1.0","745.0","9","N","N","N","0","","0","0","1","","0","N","0722","2","0","0","0","0","0","0","2","0","2","","","","N","","","","","","","","","",""