"CRN","ARRIVAL_TM","AUTOMOBILE_COUNT","BELTED_DEATH_COUNT","BELTED_SUSP_SERIOUS_INJ_COUNT","BICYCLE_COUNT","BICYCLE_DEATH_COUNT","BICYCLE_SUSP_SERIOUS_INJ_COUNT","BUS_COUNT","CHLDPAS_DEATH_COUNT","CHLDPAS_SUSP_SERIOUS_INJ_COUNT","COLLISION_TYPE","COMM_VEH_COUNT","CONS_ZONE_SPD_LIM","COUNTY","CRASH_MONTH","CRASH_YEAR","DAY_OF_WEEK","DEC_LATITUDE","DEC_LONGITUDE","DISPATCH_TM","DISTRICT","DRIVER_COUNT_16YR","DRIVER_COUNT_17YR","DRIVER_COUNT_18YR","DRIVER_COUNT_19YR","DRIVER_COUNT_20YR","DRIVER_COUNT_50_64YR","DRIVER_COUNT_65_74YR","DRIVER_COUNT_75PLUS","EST_HRS_CLOSED","FATAL_COUNT","HEAVY_TRUCK_COUNT","HORSE_BUGGY_COUNT","HOUR_OF_DAY","ILLUMINATION","INJURY_COUNT","INTERSECTION_RELATED","INTERSECT_TYPE","LANE_CLOSED","LATITUDE","LN_CLOSE_DIR","LOCATION_TYPE","LONGITUDE","MAX_SEVERITY_LEVEL","MCYCLE_DEATH_COUNT","MCYCLE_SUSP_SERIOUS_INJ_COUNT","MOTORCYCLE_COUNT","MUNICIPALITY","NONMOTR_COUNT","NONMOTR_DEATH_COUNT","NONMOTR_SUSP_SERIOUS_INJ_COUNT","NTFY_HIWY_MAINT","PED_COUNT","PED_DEATH_COUNT","PED_SUSP_SERIOUS_INJ_COUNT","PERSON_COUNT","POLICE_AGCY","POSSIBLE_INJ_COUNT","RDWY_SURF_TYPE_CD","RELATION_TO_ROAD","ROADWAY_CLEARED","ROAD_CONDITION","SCH_BUS_IND","SCH_ZONE_IND","SECONDARY_CRASH","SMALL_TRUCK_COUNT","SPEC_JURIS_CD","SUSP_MINOR_INJ_COUNT","SUSP_SERIOUS_INJ_COUNT","SUV_COUNT","TCD_FUNC_CD","TCD_TYPE","TFC_DETOUR_IND","TIME_OF_DAY","TOTAL_UNITS","TOT_INJ_COUNT","UNBELTED_OCC_COUNT","UNB_DEATH_COUNT","UNB_SUSP_SERIOUS_INJ_COUNT","UNK_INJ_DEG_COUNT","UNK_INJ_PER_COUNT","URBAN_RURAL","VAN_COUNT","VEHICLE_COUNT","WEATHER1","WEATHER2","WORKERS_PRES","WORK_ZONE_IND","WORK_ZONE_LOC","WORK_ZONE_TYPE","WZ_CLOSE_DETOUR","WZ_FLAGGER","WZ_LAW_OFFCR_IND","WZ_LN_CLOSURE","WZ_MOVING","WZ_OTHER","WZ_SHLDER_MDN","WZ_WORKERS_INJ_KILLED"
"2021032607","","2","0","0","0","0","0","0","0","0","2","0","","67","3","2021","1","40.099181","-75.012354","","6","0","0","0","0","0","0","0","0","","0","0","0","10","","1","","1","","40 05:57.051","2","0","75 00:44.474","3","0","0","0","67301","0","0","0","N","0","0","0","2","67301","0","","1.0","1120.0","9","N","N","N","0","","1","0","0","","2","N","1000","2","1","0","0","0","0","0","2","0","2","","","","N","","","","","","","","","",""
"2021041082","","1","0","0","0","0","0","0","0","0","5","0","","67","4","2021","4","39.945854","-75.240265","","6","0","0","0","0","0","0","0","0","","0","1","0","14","","2","N","1","","39 56:45.073","","0","75 14:24.954","3","0","0","0","67301","0","0","0","N","0","0","0","3","67301","0","","1.0","","1","N","N","N","0","","2","0","0","","2","","1430","2","2","0","0","0","0","1","2","0","2","","03","","N","","","","","","","","","",""
"2021012321","","1","0","0","0","0","0","0","0","0","5","0","","67","2","2021","7","39.985182","-75.156384","","6","0","0","0","0","0","0","0","1","","0","0","0","03","","0","N","0","","39 59:06.654","","0","75 09:22.984","0","0","0","0","67301","0","0","0","N","0","0","0","2","67505","0","","1.0","","2","N","N","N","0","","0","0","1","","0","","0340","2","0","0","0","0","0","0","2","0","2","","03","","N","","","","","","","","","",""
"2021016332","","0","0","0","0","0","0","0","0","0","4","0","","67","1","2021","6","39.961287","-75.198848","","6","0","0","0","0","0","0","0","0","","0","0","0","20","","1","","1","","39 57:40.633","","0","75 11:55.852","2","0","0","0","67301","0","0","0","N","0","0","0","3","67508","0","","1.0","","1","N","N","Y","0","","0","1","1","","3","","2008","2","1","0","0","0","0","0","2","0","2","","03","","N","","","","","","","","","",""
"2021038500","","0","0","0","0","0","0","0","0","0","1","1","","67","4","2021","3","40.018542","-75.167095","","6","0","0","0","0","0","1","0","0","","0","1","0","15","","0","","6","","40 01:06.752","","2","75 10:01.543","0","0","0","0","67301","0","0","0","N","0","0","0","5","67301","0","","1.0","","1","N","N","N","1","","0","0","0","","4","","1501","2","0","5","0","0","0","0","2","0","2","","03","","N","","","","","","","","","",""
"2021004228","","0","0","0","0","0","0","0","0","0","5","0","","67","1","2021","7","39.978814","-75.137544","","6","0","0","0","0","0","0","0","0","","0","0","0","00","","1","N","0","","39 58:43.730","2","0","75 08:15.160","3","0","0","0","67301","0","0","0","N","0","0","0","1","67301","0","","6.0","130.0","1","N","N","N","0","","1","0","1","","0","Y","0000","2","1","0","0","0","0","0","2","1","2","","03","","N","","","","","","","","","",""
"2021032721","","0","0","0","0","0","0","0","0","0","1","0","","67","4","2021","6","40.025455","-75.028887","","6","0","0","0","0","0","0","0","0","","0","0","0","07","","0","N","0","","40 01:31.638","","0","75 01:43.992","0","0","0","0","67301","0","0","0","N","0","0","0","5","68K01","0","","1.0","","1","N","N","N","0","","0","0","1","","0","","0733","2","0","1","0","0","0","0","2","1","2","","03","","N","","","","","","","","","",""
"2021009415","","1","0","0","0","0","0","0","0","0","4","0","","67","1","2021","4","40.094903","-75.015489","","6","0","0","0","0","0","0","0","0","","0","0","0","19","","0","","1","","40 05:41.652","3","0","75 00:55.759","0","0","0","0","67301","0","0","0","N","0","0","0","2","67301","0","","1.0","30.0","1","N","N","N","0","","0","0","1","","2","N","1913","2","0","0","0","0","0","0","2","0","2","","03","","N","","","","","","","","","",""
"2021006016","","3","0","0","0","0","0","0","0","0","5","0","","67","1","2021","1","40.008167","-75.076306","","6","0","0","0","0","0","0","0","0","","0","0","0","02","","0","N","0","","40 00:29.400","","0","75 04:34.700","0","0","0","0","67301","0","0","0","N","0","0","0","1","67301","0","","6.0","","1","N","N","N","0","","0","0","0","","0","","0245","3","0","0","0","0","0","0","2","0","3","","03","","N","","","","","","","","","",""
"2021012927","","2","0","0","0","0","0","0","0","0","5","0","","67","2","2021","1","39.993592","-75.0998","","6","0","0","0","0","0","0","0","0","","0","0","0","23","","0","N","0","","39 59:36.930","","0","75 05:59.280","9","0","0","0","67301","0","0","0","N","0","0","0","2","67301","0","","6.0","","2","N","N","N","0","","0","0","0","","0","","2315","2","0","0","0","0","0","1","2","0","2","","03","","N","","","","","","","","","",""
"2021013756","","0","0","0","0","0","0","0","0","0","1","0","","67","2","2021","2","39.945018","-75.198135","","6","0","0","0","0","0","0","0","0","","0","0","0","08","","3","N","0","","39 56:42.065","","0","75 11:53.286","4","0","0","0","67301","0","0","0","N","0","0","0","6","67301","2","","1.0","","1","N","N","N","1","","0","0","2","","0","","0850","3","3","0","0","0","1","2","2","0","3","","03","","N","","","","","","","","","",""
"2021015189","","1","0","0","0","0","0","0","0","0","5","0","","67","2","2021","5","39.979722","-75.119361","","6","0","0","0","0","0","0","0","0","","0","0","0","01","","0","N","0","","39 58:47.000","","0","75 07:09.700","9","0","0","0","67301","0","0","0","N","0","0","0","1","67301","0","","6.0","","7","N","N","N","0","","0","0","0","","0","","0155","2","0","0","0","0","0","1","2","1","2","","10","","N","","","","","","","","","",""
"2021011649","","3","0","0","0","0","0","0","0","0","5","0","","67","1","2021","1","40.025905","-75.197994","","6","0","0","0","1","1","0","0","0","","0","0","0","15","","0","N","0","","40 01:33.258","","0","75 11:52.778","0","0","0","0","67301","0","0","0","N","0","0","0","3","67301","0","","1.0","","7","N","N","N","0","","0","0","0","","0","","1552","3","0","0","0","0","0","0","2","0","3","","10","","N","","","","","","","","","",""
"2021041098","","1","0","0","0","0","0","0","0","0","7","0","","67","5","2021","4","40.047508","-75.142894","","6","0","0","0","0","0","0","0","0","","0","0","0","01","","0","N","1","","40 02:51.028","6","0","75 08:34.417","9","0","0","0","67301","0","0","0","N","0","0","0","1","67301","0","","4.0","235.0","1","N","N","N","0","","0","0","0","","0","N","0115","1","0","0","0","0","0","1","2","0","1","","03","","N","","","","","","","","","",""
"2021004056","","0","0","0","0","0","0","0","0","0","4","0","","67","1","2021","7","40.026975","-75.062564","","6","0","0","0","0","0","1","0","0","","0","0","0","15","","1","","1","","40 01:37.109","2","0","75 03:45.232","2","0","1","1","67301","0","0","0","N","0","0","0","2","67301","0","","1.0","1610.0","1","N","N","N","1","","0","1","0","","0","N","1527","2","1","0","0","0","0","0","2","0","2","","03","","N","","","","","","","","","",""
"2021013029","","2","0","0","0","0","0","0","0","0","5","0","","67","2","2021","1","40.000246","-75.142354","","6","0","0","0","0","0","0","0","0","","0","0","0","07","","0","N","0","","40 00:00.884","","0","75 08:32.474","0","0","0","0","67301","0","0","0","N","0","0","0","1","67301","0","","6.0","","9","N","N","N","0","","0","0","1","","0","","0743","3","0","0","0","0","0","0","2","0","3","","","","N","","","","","","","","","",""
"2021009819","","1","0","0","0","0","0","0","0","0","4","0","","67","1","2021","6","40.03697","-75.214557","","6","0","0","0","0","1","0","0","0","","0","0","0","16","","2","","1","","40 02:13.092","3","0","75 12:52.405","4","0","0","0","67301","0","0","0","N","0","0","0","2","67301","2","","1.0","100.0","1","N","N","Y","0","","0","0","1","","3","Y","1657","2","2","0","0","0","0","0","2","0","2","","98","","N","","","","","","","","","",""
"2021035544","","2","0","0","0","0","0","0","0","0","5","0","","67","4","2021","7","40.06925","-75.168797","","6","0","0","0","0","0","0","0","0","","0","0","0","16","","1","N","0","","40 04:09.300","5","0","75 10:07.670","3","0","0","0","67301","0","0","0","N","0","0","0","1","67301","0","","1.0","1645.0","1","N","N","N","0","","1","0","1","","0","Y","1625","3","1","0","0","0","0","0","2","0","3","","03","","N","","","","","","","","","",""
"2021006800","","1","0","0","0","0","0","0","0","0","4","0","","67","1","2021","1","40.02564","-75.125365","","6","0","0","0","0","0","0","0","0","","0","0","0","00","","2","","1","","40 01:32.303","","0","75 07:31.314","3","0","0","0","67301","0","0","0","N","0","0","0","2","67301","0","","1.0","","1","N","N","N","0","","2","0","1","","2","","0039","2","2","0","0","0","0","0","2","0","2","","03","","N","","","","","","","","","",""
"2021035530","","0","0","0","0","0","0","0","0","0","7","1","","67","4","2021","6","39.969808","-75.173797","","6","0","0","0","0","0","0","0","0","","0","1","0","07","","0","N","0","","39 58:11.310","","0","75 10:25.670","0","0","0","0","67301","0","0","0","N","0","0","0","2","67301","0","","5.0","","1","N","Y","N","0","","0","0","0","","0","","0740","1","0","0","0","0","0","0","2","0","1","","03","","N","","","","","","","","","",""
"2021004329","","2","0","0","0","0","0","0","0","0","1","0","","67","1","2021","6","39.96025","-75.180743","","6","0","0","0","0","0","0","0","0","","0","0","0","01","","3","N","0","","39 57:36.899","4","3","75 10:50.673","3","0","0","0","67301","0","0","0","N","0","0","0","6","68K01","0","","1.0","45.0","1","N","N","N","1","","3","0","1","","0","N","0149","5","3","0","0","0","0","0","2","0","5","","03","","N","","","","","","","","","",""
"2021003242","","1","0","0","0","0","0","0","0","0","4","0","","67","1","2021","7","40.094814","-75.050726","","6","0","0","0","0","0","1","0","0","","0","0","0","10","","0","","1","","40 05:41.329","","0","75 03:02.612","0","0","0","0","67301","0","0","0","N","0","0","0","4","67301","0","","1.0","","1","N","N","N","0","","0","0","0","","2","","1055","2","0","0","0","0","0","0","2","1","2","","","","N","","","","","","","","","",""
"2021041573","","0","0","0","0","0","0","0","0","0","1","1","","67","5","2021","6","39.899664","-75.241981","","6","0","0","0","0","0","0","0","0","","0","1","0","00","","0","N","0","","39 53:58.790","","0","75 14:31.130","0","0","0","0","67301","0","0","0","N","0","0","0","2","67301","0","","1.0","","1","N","N","N","0","","0","0","1","","0","","0053","2","0","1","0","0","0","0","2","0","2","","03","","N","","","","","","","","","",""
"2021018426","","2","0","0","0","0","0","0","0","0","1","0","","67","2","2021","7","40.007557","-75.200513","","6","0","0","0","1","0","0","0","0","","0","0","0","00","","1","N","0","","40 00:27.205","4","0","75 12:01.845","3","0","0","0","67301","0","0","0","N","0","0","0","2","68K01","0","","1.0","1240.0","1","N","N","N","0","","1","0","0","","0","N","0001","2","1","0","0","0","0","0","2","0","2","","","","N","","","","","","","","","",""
"2021010259","","0","0","0","0","0","0","0","0","0","7","0","","67","1","2021","1","40.054649","-75.149706","","6","0","0","0","0","0","0","0","0","","0","0","0","19","","1","","1","","40 03:16.736","","0","75 08:58.941","3","0","0","0","67301","0","0","0","N","0","0","0","1","67301","0","","4.0","","7","N","N","N","0","","1","0","1","","2","","1917","1","1","0","0","0","0","0","2","0","1","","02","","N","","","","","","","","","",""
"2021002399","","1","0","0","0","0","0","0","0","0","4","0","","67","1","2021","3","39.977286","-75.169405","","6","0","0","0","0","0","0","1","0","","0","0","0","13","","1","","1","","39 58:38.230","7","0","75 10:09.859","8","0","0","0","67301","0","0","0","N","0","0","0","2","67301","0","","1.0","1345.0","1","N","N","N","0","","0","0","0","","2","N","1300","2","1","0","0","0","1","0","2","1","2","","03","","N","","","","","","","","","",""
"2021041995","","1","0","0","0","0","0","0","0","0","1","0","","67","4","2021","4","40.016773","-75.050966","","6","0","1","0","0","0","0","0","0","","0","0","0","21","","1","N","0","","40 01:00.383","2","0","75 03:03.477","4","0","0","0","67301","0","0","0","N","0","0","0","2","68K01","1","","1.0","2230.0","1","N","N","N","0","","0","0","1","","0","N","2138","2","1","0","0","0","0","0","2","0","2","","","","N","","","","","","","","","",""
"2021039467","","0","0","0","0","0","0","0","0","0","2","0","","67","5","2021","7","39.993353","-75.096973","","6","0","0","0","0","0","0","0","0","","0","0","0","","","1","","1","","39 59:36.071","","0","75 05:49.104","3","0","0","0","67301","0","0","0","N","0","0","0","2","67301","0","","1.0","","1","N","N","N","1","","1","0","1","3","2","","","2","1","0","0","0","0","0","2","0","2","","","","N","","","","","","","","","",""
"2021013299","","1","0","0","0","0","0","0","0","0","4","0","","67","2","2021","2","40.000236","-75.154904","","6","0","0","0","0","0","2","0","0","","0","0","0","","","1","","1","","40 00:00.849","4","0","75 09:17.654","3","0","0","1","67301","0","0","0","N","0","0","0","2","67301","0","","1.0","1637.0","1","N","N","N","0","","1","0","0","3","3","Y","","2","1","0","0","0","0","0","2","0","2","","03","","N","","","","","","","","","",""
"2021001068","","2","0","0","0","0","0","0","0","0","2","0","","67","1","2021","6","40.028439","-75.166964","","6","0","0","0","0","0","0","0","0","","0","0","0","","","1","N","0","","40 01:42.380","","0","75 10:01.070","3","0","0","0","67301","0","0","0","N","0","0","0","2","67301","0","","1.0","","1","N","N","N","0","","1","0","1","0","0","","","3","1","0","0","0","0","1","2","0","3","","","","N","","","","","","","","","",""
"2021035509","","0","0","0","0","0","0","0","0","0","8","0","","67","2","2021","2","39.951635","-75.158079","","6","0","0","0","0","0","0","0","0","","0","0","0","","","1","N","0","","39 57:05.885","","0","75 09:29.085","3","0","0","0","67301","1","0","0","N","1","0","0","2","67301","0","","1.0","","1","N","N","N","0","","1","0","1","0","0","","","2","1","0","0","0","0","0","2","0","1","","03","","N","","","","","","","","","",""
"2021009217","","1","0","0","0","0","0","0","0","0","4","0","","67","1","2021","4","40.007865","-75.172261","","6","0","0","0","0","0","1","0","0","","0","0","0","","","1","","1","","40 00:28.314","","0","75 10:20.141","8","0","0","0","67301","0","0","0","N","0","0","0","4","67301","0","","1.0","","1","N","N","N","0","","0","0","0","3","2","","","2","1","0","0","0","1","2","2","1","2","","","","N","","","","","","","","","",""
"2021013184","","1","0","0","0","0","0","0","0","0","4","0","","67","2","2021","2","40.050579","-75.142107","","6","0","0","0","0","0","1","0","0","","0","0","0","","","0","","1","","40 03:02.085","","0","75 08:31.586","9","0","0","0","67301","0","0","0","N","0","0","0","2","67301","0","","1.0","","99","N","N","N","0","","0","0","0","3","2","","","2","0","1","0","0","0","1","2","0","2","","","","N","","","","","","","","","",""
"2021033401","","1","0","0","0","0","0","0","0","0","3","0","","67","4","2021","4","39.926139","-75.184414","","6","0","0","0","0","0","0","1","0","","0","0","0","","","2","N","0","","39 55:34.100","","0","75 11:03.890","3","0","0","0","67301","0","0","0","N","0","0","0","3","67301","0","","9.0","","99","N","N","N","0","","1","0","1","0","0","","","2","2","1","0","0","1","0","2","0","2","","","","N","","","","","","","","","",""
"2021004014","","1","0","0","0","0","0","0","0","0","1","0","","67","1","2021","7","39.892729","-75.197057","","6","0","0","0","0","0","1","0","0","","0","0","0","","","3","N","0","","39 53:33.824","1","3","75 11:49.406","4","0","0","0","67301","0","0","0","N","0","0","0","7","68K01","1","","1.0","2200.0","1","N","N","N","0","","0","0","2","0","0","N","","3","3","0","0","0","2","0","2","0","3","","03","","N","","","","","","","","","",""
"2021014762","","0","0","0","0","0","0","0","0","0","7","0","","67","2","2021","2","39.959769","-75.140433","","6","0","0","0","0","0","0","0","0","","0","0","0","","","1","N","0","","39 57:35.167","1","0","75 08:25.560","8","0","0","0","67301","0","0","0","N","0","0","0","1","68K01","0","","3.0","944.0","9","N","N","N","0","","0","0","1","0","0","N","","1","1","0","0","0","1","0","2","0","1","","","","N","","","","","","","","","",""
"2021013708","","3","0","0","0","0","0","0","0","0","4","0","","67","2","2021","4","40.00468","-75.152126","","6","0","0","0","0","1","1","0","0","","0","0","0","","","0","","1","","40 00:16.847","","0","75 09:07.652","0","0","0","0","67301","0","0","0","N","0","0","0","3","67505","0","","1.0","","1","N","N","Y","0","","0","0","0","3","2","","","3","0","0","0","0","0","0","2","0","3","","03","","N","","","","","","","","","",""
"2021013753","","0","0","0","0","0","0","0","0","0","4","0","","67","2","2021","7","39.958286","-75.164069","","6","0","0","0","0","0","2","0","0","","0","0","0","","","1","","1","","39 57:29.829","","3","75 09:50.647","3","0","0","0","67301","0","0","0","N","0","0","0","2","67301","0","","1.0","","1","N","N","N","0","","1","0","2","3","2","","","2","1","0","0","0","0","0","2","0","2","","","","N","","","","","","","","","",""
"2021039646","","0","0","0","0","0","0","0","0","0","4","0","","67","5","2021","1","39.923133","-75.156535","","6","0","0","0","0","0","0","1","0","","0","0","0","","","0","","1","","39 55:23.278","","0","75 09:23.525","0","0","0","0","67301","0","0","0","N","0","0","0","2","67301","0","","1.0","","99","N","N","N","0","","0","0","2","3","3","","","2","0","2","0","0","0","0","2","0","2","","","","N","","","","","","","","","",""
"2021013662","","0","0","0","0","0","0","0","0","0","8","0","","67","2","2021","3","40.029545","-75.13803","","6","0","0","0","0","0","0","0","0","","0","0","0","","","1","","1","","40 01:46.362","","0","75 08:16.907","8","0","0","0","67301","1","0","0","N","1","0","0","2","67301","0","","1.0","","1","N","N","N","0","","0","0","1","3","2","","","2","1","0","0","0","1","0","2","0","1","","","","N","","","","","","","","","",""
"2021013175","","0","0","0","0","0","0","0","0","0","7","0","","67","2","2021","1","39.903748","-75.198174","","6","0","0","0","0","0","0","0","0","","0","0","0","","","1","N","0","","39 54:13.491","","3","75 11:53.427","3","0","0","0","67301","0","0","0","N","0","0","0","1","67301","0","","3.0","","1","N","N","N","0","","1","0","0","0","0","","","1","1","0","0","0","0","0","2","1","1","","","","N","","","","","","","","","",""
"2021012721","","0","0","0","0","0","0","0","0","0","7","0","","67","2","2021","1","39.967159","-75.180181","","6","0","0","0","0","0","1","0","0","","0","0","0","","","1","N","0","","39 58:01.774","","0","75 10:48.652","3","0","0","0","67301","0","0","0","N","0","0","0","1","67301","0","","4.0","","2","N","N","N","0","","1","0","1","0","0","","","1","1","0","0","0","0","0","2","0","1","","07","","N","","","","","","","","","",""
"2021006054","","2","0","0","0","0","0","0","0","0","1","0","","67","1","2021","4","40.027597","-75.150469","","6","0","0","0","0","0","0","1","0","","0","0","0","","","1","N","0","","40 01:39.350","","0","75 09:01.690","3","0","0","0","67301","0","0","0","N","0","0","0","3","67301","0","","1.0","","1","N","N","N","0","","1","0","1","0","0","","","3","1","0","0","0","0","0","2","0","3","","03","","N","","","","","","","","","",""
"2021036334","","1","0","0","0","0","0","0","0","0","5","0","","67","4","2021","4","39.922818","-75.157586","","6","0","0","0","0","0","1","0","1","","0","0","0","","","0","N","0","","39 55:22.143","","0","75 09:27.309","0","0","0","0","67301","0","0","0","N","0","0","0","5","67301","0","","1.0","","9","N","N","N","0","","0","0","1","0","0","","","2","0","0","0","0","0","0","2","0","2","","07","","N","","","","","","","","","",""
"2021004389","","2","0","0","0","0","0","0","0","0","4","0","","67","1","2021","2","40.008888","-75.071869","","6","0","0","0","1","0","0","0","0","","0","0","0","","","1","","5","","40 00:31.996","","0","75 04:18.728","3","0","0","0","67301","0","0","0","N","0","0","0","4","67301","0","","1.0","","1","N","N","N","0","","1","0","0","3","2","","","2","1","0","0","0","0","0","2","0","2","","","","N","","","","","","","","","",""
"2021036424","","0","0","0","0","0","0","0","0","0","1","0","45","67","4","2021","3","40.019306","-75.045325","","6","0","0","0","0","0","0","0","0","","0","0","0","","","0","N","0","","40 01:09.502","","0","75 02:43.170","0","0","0","0","67301","0","0","0","N","0","0","0","3","68K01","0","","1.0","","1","N","N","N","0","","0","0","3","0","0","","","3","0","0","0","0","0","0","2","0","3","","03","Y","Y","4","1","N","N","N","N","N","N","Y","N"
"2021013634","","0","0","0","0","0","0","0","0","0","5","0","","67","2","2021","2","40.039833","-75.12975","","6","0","0","0","0","1","0","0","0","","0","0","0","","","1","N","0","","40 02:23.400","","0","75 07:47.100","8","0","0","0","67301","0","0","0","N","0","0","0","2","67301","0","","1.0","","99","N","N","N","0","","0","0","2","0","0","","","2","1","0","0","0","1","0","2","0","2","","","","N","","","","","","","","","",""
"2021006055","","0","0","0","0","0","0","0","0","0","4","0","","67","1","2021","6","40.05422","-75.146336","","6","0","0","0","0","0","1","0","0","","0","0","0","","","2","","1","","40 03:15.192","","0","75 08:46.809","3","0","0","0","67301","0","0","0","N","0","0","0","2","67301","0","","1.0","","1","N","N","N","0","","2","0","1","3","3","","","2","2","0","0","0","0","0","2","1","2","","","","N","","","","","","","","","",""
"2021003649","","0","0","0","0","0","0","0","0","0","7","0","","67","1","2021","2","39.926695","-75.149153","","6","0","0","0","0","0","0","1","0","","0","0","0","","","0","","1","","39 55:36.101","","0","75 08:56.950","0","0","0","0","67301","0","0","0","N","0","0","0","1","67301","0","","5.0","","1","N","N","N","1","","0","0","0","3","3","","","1","0","0","0","0","0","0","2","0","1","","","","N","","","","","","","","","",""
"2021037232","","1","0","0","0","0","0","0","0","0","8","0","","67","4","2021","3","40.068806","-75.015783","","6","0","0","0","0","1","0","0","0","","0","0","0","","","1","N","0","","40 04:07.700","","0","75 00:56.820","3","0","0","0","67301","1","0","0","N","1","0","0","2","67301","0","","1.0","","1","N","N","N","0","","1","0","0","0","0","","","2","1","0","0","0","0","0","2","0","1","","03","","N","","","","","","","","","",""
"2021009820","","2","0","0","0","0","0","0","0","0","4","0","","67","1","2021","5","39.972426","-75.253301","","6","0","0","0","0","0","1","0","0","","0","0","0","","","1","","1","","39 58:20.733","","0","75 15:11.885","3","0","0","0","67301","0","0","0","N","0","0","0","2","67301","0","","1.0","","1","N","N","N","0","","1","0","0","3","2","","","2","1","0","0","0","0","0","2","0","2","","03","","N","","","","","","","","","",""
"2021025746","","0","0","0","0","0","0","0","0","0","5","0","","67","2","2021","2","40.023978","-75.030908","","6","0","0","0","0","0","0","0","0","","0","0","0","","","0","N","0","","40 01:26.322","","2","75 01:51.267","9","0","0","0","67301","0","0","0","N","0","0","0","2","68K01","0","","1.0","","7","N","N","N","0","","0","0","1","0","0","","","2","0","0","0","0","0","1","2","0","2","","09","","N","","","","","","","","","",""
"2021014838","","1","0","0","0","0","0","0","0","0","5","0","","67","2","2021","3","39.941016","-75.204786","","6","0","0","0","0","0","0","0","0","","0","0","0","","","1","N","0","","39 56:27.657","1","3","75 12:17.231","8","0","0","0","67301","0","0","0","N","0","0","0","5","67301","0","","1.0","1730.0","1","N","N","N","1","","0","0","1","0","0","N","","3","1","3","0","0","1","1","2","0","3","","","","N","","","","","","","","","",""
"2021035982","","2","0","0","0","0","0","1","0","0","4","1","","67","3","2021","5","39.974002","-75.155068","","6","0","0","0","0","0","1","0","0","","1","0","0","","","1","","1","","39 58:26.407","4","0","75 09:18.244","1","0","0","0","67301","0","0","0","N","0","0","0","10","67301","0","2","1.0","800.0","9","N","N","N","0","0","0","1","1","3","3","Y","","4","1","0","0","0","0","7","2","0","4","","04","","N","","","","","","","","","",""
"2021012973","","0","0","0","0","0","0","0","0","0","7","0","","67","1","2021","7","40.055793","-74.984339","","6","0","0","0","0","0","0","0","0","","0","0","0","","","1","N","0","","40 03:20.854","2","3","74 59:03.622","8","0","0","0","67301","0","0","0","N","0","0","0","1","68K01","0","","3.0","100.0","1","N","N","N","0","","0","0","1","0","0","N","","1","1","1","0","0","1","0","2","0","1","","","","N","","","","","","","","","",""
"2021014052","","2","0","0","0","0","0","0","0","0","4","0","","67","2","2021","4","39.913817","-75.147673","","6","0","0","0","0","0","1","0","0","","0","0","0","","","2","","2","","39 54:49.741","1","0","75 08:51.624","3","0","0","0","67301","0","0","0","N","0","0","0","4","67301","0","","1.0","1705.0","1","N","N","N","0","","2","0","0","0","0","N","","2","2","0","0","0","0","0","2","0","2","","","","N","","","","","","","","","",""
"2021009330","","3","0","0","0","0","0","0","0","0","5","0","","67","1","2021","4","40.08752","-75.035247","","6","0","0","0","0","0","0","0","0","","0","0","0","","","0","N","0","","40 05:15.073","","0","75 02:06.890","0","0","0","0","67301","0","0","0","N","0","0","0","1","67301","0","","6.0","","1","N","N","N","0","","0","0","0","0","0","","","3","0","1","0","0","0","0","2","0","3","","","","N","","","","","","","","","",""
"2021042026","","2","0","0","0","0","0","0","0","0","1","0","","67","5","2021","7","40.011099","-75.061445","","6","0","0","0","0","0","0","0","0","","0","0","0","","","0","N","0","","40 00:39.957","1","0","75 03:41.201","0","0","0","0","67301","0","0","0","N","0","0","0","2","68K01","0","","1.0","452.0","9","N","N","N","0","","0","0","0","0","0","N","","2","0","0","0","0","0","0","2","0","2","","07","","N","","","","","","","","","",""
"2021008255","","1","0","0","0","0","0","0","0","0","4","0","","67","1","2021","2","40.071791","-75.032648","","6","0","0","0","0","0","0","0","0","","0","0","0","","","1","","2","","40 04:18.449","","0","75 01:57.534","3","0","0","0","67301","0","0","0","N","0","0","0","2","67301","0","","1.0","","1","N","N","N","0","","1","0","1","3","3","","","2","1","0","0","0","0","0","2","0","2","","04","","N","","","","","","","","","",""
"2021013537","","1","0","0","0","0","0","0","0","0","7","0","","67","1","2021","3","40.007782","-75.201133","","6","0","0","0","0","0","0","0","0","","0","0","0","","","0","N","0","","40 00:28.015","","0","75 12:04.079","0","0","0","0","67301","0","0","0","N","0","0","0","1","68K01","0","","4.0","","9","N","N","N","0","","0","0","0","0","0","","","1","0","0","0","0","0","0","2","0","1","","","","N","","","","","","","","","",""
"2021003128","","1","0","0","0","0","0","0","0","0","4","0","","67","1","2021","6","40.126944","-75.021056","","6","0","0","0","0","0","0","0","0","","0","0","0","","","0","N","0","","40 07:37.000","6","7","75 01:15.800","0","0","0","0","67301","0","0","0","N","0","0","0","3","67301","0","","1.0","2045.0","1","N","N","Y","0","","0","0","1","0","0","Y","","3","0","0","0","0","0","0","2","1","3","","04","","N","","","","","","","","","",""
"2021008758","","0","0","0","0","0","0","0","0","0","4","0","","67","1","2021","7","39.97705","-75.158143","","6","0","0","0","0","0","0","0","0","","0","0","0","","","1","N","0","","39 58:37.380","","0","75 09:29.314","8","0","0","0","67301","0","0","0","N","0","0","0","2","67301","0","","1.0","","1","N","N","N","0","","0","0","1","0","0","","","2","1","0","0","0","1","0","2","0","2","","03","","N","","","","","","","","","",""