"CRN","ARRIVAL_TM","AUTOMOBILE_COUNT","BELTED_DEATH_COUNT","BELTED_SUSP_SERIOUS_INJ_COUNT","BICYCLE_COUNT","BICYCLE_DEATH_COUNT","BICYCLE_SUSP_SERIOUS_INJ_COUNT","BUS_COUNT","CHLDPAS_DEATH_COUNT","CHLDPAS_SUSP_SERIOUS_INJ_COUNT","COLLISION_TYPE","COMM_VEH_COUNT","CONS_ZONE_SPD_LIM","COUNTY","CRASH_MONTH","CRASH_YEAR","DAY_OF_WEEK","DEC_LATITUDE","DEC_LONGITUDE","DISPATCH_TM","DISTRICT","DRIVER_COUNT_16YR","DRIVER_COUNT_17YR","DRIVER_COUNT_18YR","DRIVER_COUNT_19YR","DRIVER_COUNT_20YR","DRIVER_COUNT_50_64YR","DRIVER_COUNT_65_74YR","DRIVER_COUNT_75PLUS","EST_HRS_CLOSED","FATAL_COUNT","HEAVY_TRUCK_COUNT","HORSE_BUGGY_COUNT","HOUR_OF_DAY","ILLUMINATION","INJURY_COUNT","INTERSECTION_RELATED","INTERSECT_TYPE","LANE_CLOSED","LATITUDE","LN_CLOSE_DIR","LOCATION_TYPE","LONGITUDE","MAX_SEVERITY_LEVEL","MCYCLE_DEATH_COUNT","MCYCLE_SUSP_SERIOUS_INJ_COUNT","MOTORCYCLE_COUNT","MUNICIPALITY","NONMOTR_COUNT","NONMOTR_DEATH_COUNT","NONMOTR_SUSP_SERIOUS_INJ_COUNT","NTFY_HIWY_MAINT","PED_COUNT","PED_DEATH_COUNT","PED_SUSP_SERIOUS_INJ_COUNT","PERSON_COUNT","POLICE_AGCY","POSSIBLE_INJ_COUNT","RDWY_SURF_TYPE_CD","RELATION_TO_ROAD","ROADWAY_CLEARED","ROAD_CONDITION","SCH_BUS_IND","SCH_ZONE_IND","SECONDARY_CRASH","SMALL_TRUCK_COUNT","SPEC_JURIS_CD","SUSP_MINOR_INJ_COUNT","SUSP_SERIOUS_INJ_COUNT","SUV_COUNT","TCD_FUNC_CD","TCD_TYPE","TFC_DETOUR_IND","TIME_OF_DAY","TOTAL_UNITS","TOT_INJ_COUNT","UNBELTED_OCC_COUNT","UNB_DEATH_COUNT","UNB_SUSP_SERIOUS_INJ_COUNT","UNK_INJ_DEG_COUNT","UNK_INJ_PER_COUNT","URBAN_RURAL","VAN_COUNT","VEHICLE_COUNT","WEATHER1","WEATHER2","WORKERS_PRES","WORK_ZONE_IND","WORK_ZONE_LOC","WORK_ZONE_TYPE","WZ_CLOSE_DETOUR","WZ_FLAGGER","WZ_LAW_OFFCR_IND","WZ_LN_CLOSURE","WZ_MOVING","WZ_OTHER","WZ_SHLDER_MDN","WZ_WORKERS_INJ_KILLED"
"2021008760","","1","0","0","0","0","0","0","0","0","8","0","","67","1","2021","3","39.98629","-75.15628","","6","0","0","0","0","0","0","0","0","","0","0","0","","","1","","1","","39 59:10.645","","0","75 09:22.609","4","0","0","0","67301","1","0","0","N","1","0","0","2","67301","1","","1.0","","9","N","N","N","0","","0","0","0","3","2","","","2","1","0","0","0","0","0","2","0","1","","07","","N","","","","","","","","","",""
"2021006410","","1","0","0","0","0","0","0","0","0","4","0","","67","1","2021","3","40.053182","-75.156711","","6","0","0","0","0","0","2","0","0","","0","0","0","","","1","","5","","40 03:11.455","","0","75 09:24.159","3","0","0","0","67301","0","0","0","N","0","0","0","2","67301","0","","1.0","","1","N","N","N","0","","1","0","1","3","3","","","2","1","0","0","0","0","1","2","0","2","","03","","N","","","","","","","","","",""
"2021036400","","2","0","0","0","0","0","0","0","0","1","0","","67","4","2021","6","39.964976","-75.185522","","6","0","0","0","0","0","0","0","0","","0","0","0","","","1","N","0","","39 57:53.913","3","0","75 11:07.878","3","0","0","0","67301","0","0","0","N","0","0","0","2","68K01","0","","1.0","1130.0","9","N","N","N","0","","1","0","0","3","8","N","","2","1","0","0","0","0","0","2","0","2","","07","","N","","","","","","","","","",""
"2021026595","","1","0","0","0","0","0","0","0","0","8","0","","67","3","2021","7","40.017987","-75.097027","","6","0","0","0","0","0","0","0","1","","0","0","0","","","1","","12","","40 01:04.753","","0","75 05:49.297","8","0","0","0","67301","1","0","0","N","1","0","0","2","67301","0","","1.0","","1","N","N","N","0","","0","0","0","0","0","","","2","1","0","0","0","1","0","2","0","1","","03","","N","","","","","","","","","",""
"2021007728","","2","0","0","0","0","0","0","0","0","4","0","","67","1","2021","6","39.923882","-75.245331","","6","0","0","0","0","0","0","0","0","","0","0","0","","","0","","1","","39 55:25.975","","0","75 14:43.191","0","0","0","0","67301","0","0","0","N","0","0","0","2","67301","0","","1.0","","1","N","N","N","0","","0","0","0","3","3","","","2","0","0","0","0","0","0","2","0","2","","03","","N","","","","","","","","","",""
"2021036789","","1","0","0","0","0","0","0","0","0","4","0","","67","4","2021","6","39.988395","-75.155682","","6","0","0","0","0","0","0","0","0","","0","0","0","","","0","N","0","","39 59:18.223","","0","75 09:20.456","9","0","0","0","67301","0","0","0","N","0","0","0","2","67301","0","","1.0","","1","N","N","N","0","","0","0","1","0","0","","","2","0","0","0","0","0","1","2","0","2","","","","N","","","","","","","","","",""
"2021014347","","1","0","0","0","0","0","0","0","0","7","0","","67","1","2021","3","39.960096","-75.180444","","6","0","0","0","0","0","0","0","0","","0","0","0","","","1","N","0","","39 57:36.346","3","3","75 10:49.597","3","0","0","0","67301","0","0","0","N","0","0","0","1","68K01","0","","4.0","1034.0","9","N","N","N","0","","1","0","0","0","0","N","","1","1","1","0","0","0","0","2","0","1","","","","N","","","","","","","","","",""
"2021013295","","2","0","0","0","0","0","0","0","0","5","0","","67","2","2021","2","40.024276","-75.057008","","6","0","0","0","0","0","0","0","0","","0","0","0","","","1","N","0","","40 01:27.393","3","0","75 03:25.228","8","0","0","0","67301","0","0","0","N","0","0","0","1","67301","0","","6.0","1012.0","2","N","N","N","1","","0","0","2","0","0","Y","","5","1","0","0","0","1","0","2","0","5","","","","N","","","","","","","","","",""
"2021035666","","1","0","0","0","0","0","0","0","0","1","0","","67","4","2021","5","39.958597","-75.167571","","6","0","0","0","0","0","0","0","0","","0","0","0","","","2","N","0","","39 57:30.950","","0","75 10:03.255","8","0","0","0","67301","0","0","0","N","0","0","0","3","68K01","0","","1.0","","1","N","N","N","0","","0","0","1","0","0","","","2","2","0","0","0","2","0","2","0","2","","","","N","","","","","","","","","",""
"2021013548","","1","0","0","0","0","0","0","0","0","7","0","","67","1","2021","1","40.041672","-75.004407","","6","0","0","0","0","1","0","0","0","","0","0","0","","","0","N","0","","40 02:30.019","2","0","75 00:15.864","0","0","0","0","67301","0","0","0","N","0","0","0","2","68K01","0","","3.0","1615.0","7","N","N","N","0","","0","0","0","0","0","N","","1","0","0","0","0","0","0","2","0","1","","","","N","","","","","","","","","",""
"2021014471","","1","0","0","0","0","0","0","0","0","6","0","","67","2","2021","3","39.982972","-75.188304","","6","0","0","0","0","0","0","0","0","","0","0","0","","","0","N","0","","39 58:58.698","","0","75 11:17.896","0","0","0","0","67301","0","0","0","N","0","0","0","2","67301","0","","1.0","","1","N","N","N","0","","0","0","0","0","0","","","2","0","0","0","0","0","0","2","0","2","","03","","N","","","","","","","","","",""
"2021012324","","0","0","0","1","0","0","0","0","0","8","0","","67","2","2021","6","40.035426","-75.122651","","6","0","0","0","0","0","0","0","1","","0","0","0","","","1","N","0","","40 02:07.534","4","0","75 07:21.543","3","0","0","0","67301","1","0","0","N","0","0","0","2","67301","0","","1.0","1900.0","1","N","N","N","0","","1","0","1","0","0","Y","","2","1","0","0","0","0","0","2","0","1","","03","","N","","","","","","","","","",""
"2021017257","","0","0","0","0","0","0","0","0","0","7","0","","67","2","2021","2","39.976416","-75.113876","","6","0","0","0","0","0","0","0","0","","0","0","0","","","0","N","0","","39 58:35.097","1","3","75 06:49.954","0","0","0","0","67301","0","0","0","N","0","0","0","3","68K01","0","","4.0","1325.0","7","N","N","N","1","","0","0","1","0","0","N","","2","0","2","0","0","0","0","2","0","2","","","","N","","","","","","","","","",""
"2021008287","","1","0","0","0","0","0","0","0","0","7","0","","67","1","2021","2","40.032411","-75.080751","","6","0","0","0","0","0","0","0","0","","0","0","0","","","1","N","0","","40 01:56.679","","0","75 04:50.704","2","0","0","0","67301","0","0","0","N","0","0","0","2","67301","0","","5.0","","1","N","N","N","0","","0","1","0","0","0","","","1","1","0","0","0","0","1","2","0","1","","03","","N","","","","","","","","","",""
"2021010351","","3","0","0","0","0","0","0","0","0","4","0","","67","1","2021","4","40.020354","-75.114672","","6","0","0","0","0","0","0","0","0","","0","0","0","","","4","","2","","40 01:13.274","7","0","75 06:52.819","3","0","0","0","67301","0","0","0","N","0","0","0","4","67301","1","","1.0","710.0","1","N","N","N","0","","3","0","2","3","3","Y","","5","4","0","0","0","0","0","2","0","5","","03","","N","","","","","","","","","",""
"2021010352","","0","0","0","0","0","0","0","0","0","4","0","","67","1","2021","4","40.01384","-75.12598","","6","0","0","0","0","0","1","0","0","","0","0","0","","","0","","1","","40 00:49.824","3","0","75 07:33.527","9","0","0","0","67301","0","0","0","N","0","0","0","2","67301","0","","1.0","650.0","1","N","N","N","1","","0","0","1","3","2","N","","2","0","0","0","0","0","2","2","0","2","","","","N","","","","","","","","","",""
"2021008005","","1","0","0","0","0","0","0","0","0","4","0","","67","1","2021","7","39.945985","-75.184235","","6","0","0","0","0","0","0","0","0","","0","0","0","","","1","","5","","39 56:45.546","3","0","75 11:03.246","3","0","0","0","67301","0","0","0","N","0","0","0","2","67301","0","","1.0","1500.0","1","N","N","N","0","","1","0","1","3","2","Y","","2","1","0","0","0","0","0","2","0","2","","03","","N","","","","","","","","","",""
"2021011515","","2","0","0","0","0","0","0","0","0","4","0","","67","2","2021","4","39.958111","-75.162281","","6","0","0","0","0","0","0","0","0","","0","0","0","","","1","","1","","39 57:29.200","","3","75 09:44.210","3","0","0","0","67301","0","0","0","N","0","0","0","3","67301","0","","1.0","","9","N","N","N","0","","1","0","0","3","2","","","2","1","0","0","0","0","0","2","0","2","","","","N","","","","","","","","","",""
"2021035539","","3","0","0","0","0","0","0","0","0","4","0","","67","4","2021","6","39.945211","-75.231978","","6","0","0","0","0","0","0","0","0","","0","0","0","","","0","N","0","","39 56:42.760","","0","75 13:55.120","9","0","0","0","67301","0","0","0","N","0","0","0","1","67301","0","","1.0","","1","N","N","N","0","","0","0","0","0","0","","","3","0","0","0","0","0","1","2","0","3","","98","","N","","","","","","","","","",""
"2021037602","","2","0","0","0","0","0","0","0","0","6","0","","67","4","2021","6","39.975125","-75.169369","","6","0","0","0","0","0","0","0","0","","0","0","0","","","0","N","0","","39 58:30.450","","0","75 10:09.730","0","0","0","0","67301","0","0","0","N","0","0","0","1","67301","0","","1.0","","1","N","N","N","0","","0","0","1","0","0","","","3","0","0","0","0","0","0","2","0","3","","03","","N","","","","","","","","","",""
"2021039049","","1","0","0","0","0","0","0","0","0","8","0","","67","4","2021","5","39.949632","-75.160384","","6","0","0","0","0","0","0","0","0","","0","0","0","","","1","","1","","39 56:58.675","","0","75 09:37.383","3","0","0","0","67301","1","0","0","N","1","0","0","2","67301","0","","1.0","","9","N","N","N","0","","1","0","0","3","2","","","2","1","0","0","0","0","0","2","0","1","","","","N","","","","","","","","","",""
"2021011576","","1","0","0","0","0","0","0","0","0","5","0","","67","2","2021","4","39.998355","-75.15365","","6","0","0","0","0","0","1","0","0","","0","0","0","","","2","N","0","","39 59:54.078","2","0","75 09:13.140","8","0","0","0","67301","0","0","0","N","0","0","0","4","67505","0","","1.0","330.0","9","","","N","1","","0","0","0","0","0","N","","2","2","0","0","0","2","0","2","0","2","","","","N","","","","","","","","","",""
"2021014307","","1","0","0","0","0","0","0","0","0","3","0","","67","2","2021","7","39.95125","-75.226691","","6","0","0","0","0","0","0","1","0","","0","0","0","","","2","","2","","39 57:04.500","","0","75 13:36.087","4","0","0","0","67301","0","0","0","N","0","0","0","3","67301","2","","1.0","","1","N","N","N","1","","0","0","0","0","0","","","2","2","1","0","0","0","0","2","0","2","","","","N","","","","","","","","","",""
"2021007475","","2","0","0","0","0","0","0","0","0","5","0","","67","1","2021","4","39.956929","-75.212661","","6","0","0","0","0","0","0","0","0","","0","0","0","","","0","N","0","","39 57:24.945","3","0","75 12:45.581","0","0","0","0","67301","0","0","0","N","0","0","0","1","67301","0","","6.0","1720.0","1","N","N","N","0","","0","0","0","0","0","N","","2","0","0","0","0","0","0","2","0","2","","03","","N","","","","","","","","","",""
"2021035624","","2","0","1","0","0","0","0","0","0","4","0","","67","4","2021","2","40.027807","-75.176053","","6","0","0","0","0","0","0","2","0","","0","0","0","","","2","","1","","40 01:40.105","","0","75 10:33.790","2","0","0","0","67301","0","0","0","N","0","0","0","2","67301","0","","1.0","","1","N","N","N","0","","1","1","0","3","3","","","2","2","0","0","0","0","0","2","0","2","","","","N","","","","","","","","","",""
"2021010411","","2","0","0","0","0","0","0","0","0","5","0","","67","1","2021","7","39.934829","-75.199938","","6","0","0","0","0","0","1","0","0","","0","0","0","","","0","N","0","","39 56:05.385","","0","75 11:59.776","0","0","0","0","67301","0","0","0","N","0","0","0","2","68K01","0","","1.0","","1","N","N","N","0","","0","0","0","0","0","","","2","0","0","0","0","0","0","2","0","2","","","","N","","","","","","","","","",""
"2021006053","","2","0","0","0","0","0","0","0","0","5","0","","67","1","2021","5","39.970751","-75.129028","","6","0","0","0","0","0","0","0","0","","0","0","0","","","1","N","0","","39 58:14.704","","0","75 07:44.502","3","0","0","0","67301","0","0","0","N","0","0","0","1","67301","0","","6.0","","1","N","N","N","1","","1","0","1","0","0","","","5","1","0","0","0","0","0","2","1","5","","03","","N","","","","","","","","","",""
"2021009966","","1","0","0","0","0","0","0","0","0","1","0","","67","1","2021","6","39.925956","-75.231142","","6","0","0","0","0","0","0","0","0","","0","0","0","","","0","N","0","","39 55:33.440","","0","75 13:52.110","9","0","0","0","67301","0","0","0","N","0","0","0","1","67301","0","","6.0","","1","N","N","N","0","","0","0","1","0","0","","","3","0","0","0","0","0","1","2","1","3","","03","","N","","","","","","","","","",""
"2021036462","","1","0","0","0","0","0","0","0","0","1","0","","67","1","2021","1","40.104373","-75.001924","","6","0","0","0","0","0","0","0","0","","0","0","0","","","0","N","0","","40 06:15.741","","0","75 00:06.925","0","0","0","0","67301","0","0","0","N","0","0","0","2","67301","0","","1.0","","1","N","N","N","0","","0","0","1","0","0","","","2","0","1","0","0","0","0","2","0","2","","","","N","","","","","","","","","",""
"2021006409","","1","0","0","0","0","0","0","0","0","4","0","","67","1","2021","3","40.035496","-75.178766","","6","0","0","0","0","0","0","0","0","","0","0","0","","","1","","1","","40 02:07.785","4","0","75 10:43.557","3","0","0","0","67301","0","0","0","N","0","0","0","2","67301","0","","1.0","1530.0","1","N","N","N","0","","1","0","2","3","2","Y","","3","1","0","0","0","0","0","2","0","3","","03","","N","","","","","","","","","",""
"2021010075","","1","0","0","0","0","0","0","0","0","4","0","","67","1","2021","7","40.054821","-75.152728","","6","0","0","0","0","0","0","0","0","","0","0","0","","","0","","1","","40 03:17.355","","0","75 09:09.820","9","0","0","0","67301","0","0","0","N","0","0","0","2","67301","0","","1.0","","1","N","N","N","0","","0","0","1","3","2","","","2","0","0","0","0","0","1","2","0","2","","03","","N","","","","","","","","","",""
"2021014842","","2","0","0","0","0","0","0","0","0","1","0","","67","2","2021","4","40.039372","-75.129861","","6","0","0","0","0","0","0","0","0","","0","0","0","","","1","N","0","","40 02:21.740","","0","75 07:47.500","3","0","0","0","67301","0","0","0","N","0","0","0","1","67301","0","","6.0","","9","N","N","N","0","","1","0","1","0","0","","","4","1","0","0","0","0","0","2","1","4","","","","N","","","","","","","","","",""
"2021036057","","2","0","0","0","0","0","0","0","0","4","0","","67","4","2021","4","39.983189","-75.156819","","6","0","0","0","0","0","0","0","0","","0","0","0","","","2","N","1","","39 58:59.480","2","0","75 09:24.548","3","0","0","0","67301","0","0","0","N","0","0","0","5","67505","1","","1.0","1630.0","1","N","N","N","0","","1","0","0","3","2","N","","2","2","0","0","0","0","0","2","0","2","","03","","N","","","","","","","","","",""
"2021007293","","3","0","0","0","0","0","0","0","0","4","0","","67","1","2021","1","39.987821","-75.180584","","6","0","0","1","0","0","0","0","0","","0","0","0","","","1","","1","","39 59:16.154","","0","75 10:50.102","8","0","0","0","67301","0","0","0","N","0","0","0","3","67301","0","","1.0","","1","N","N","N","0","","0","0","0","0","0","","","3","1","0","0","0","1","0","2","0","3","","","","N","","","","","","","","","",""
"2021035503","","1","0","0","0","0","0","1","0","0","4","1","","67","4","2021","4","39.921977","-75.15109","","6","0","0","0","0","0","1","0","0","","0","0","0","","","1","","1","","39 55:19.117","4","0","75 09:03.924","4","0","0","0","67301","0","0","0","N","0","0","0","5","67301","1","","1.0","1320.0","1","N","N","N","0","","0","0","0","3","2","Y","","2","1","0","0","0","0","0","2","0","2","","03","","N","","","","","","","","","",""
"2021005997","","1","0","0","0","0","0","0","0","0","5","0","","67","1","2021","4","39.908281","-75.223102","","6","0","0","0","0","0","0","0","0","","0","0","0","","","6","N","0","","39 54:29.810","","0","75 13:23.168","8","0","0","0","67301","0","0","0","N","0","0","0","6","67301","0","","1.0","","1","N","N","N","0","","0","0","1","3","2","","","2","6","0","0","0","6","0","2","0","2","","03","","N","","","","","","","","","",""
"2021003753","","2","0","0","0","0","0","0","0","0","4","0","","67","1","2021","1","40.010821","-75.126649","","6","0","0","0","0","1","0","0","0","","0","0","0","","","0","","1","","40 00:38.955","","0","75 07:35.936","0","0","0","0","67301","0","0","0","N","0","0","0","2","67301","0","","1.0","","1","N","N","N","0","","0","0","0","3","2","","","2","0","0","0","0","0","0","2","0","2","","03","","N","","","","","","","","","",""
"2021000787","","4","0","0","0","0","0","0","0","0","4","0","","67","1","2021","7","39.956294","-75.229503","","6","0","0","0","0","0","0","0","0","","0","0","0","","","1","","1","","39 57:22.658","1","0","75 13:46.210","3","0","0","0","67301","0","0","0","N","0","0","0","2","67301","0","","1.0","2205.0","1","N","N","N","0","","1","0","0","3","3","Y","","4","1","0","0","0","0","0","2","0","4","","03","","N","","","","","","","","","",""
"2021012395","","1","0","0","0","0","0","0","0","0","7","0","","67","2","2021","5","40.005698","-75.197626","","6","0","0","0","0","0","0","0","0","","0","0","0","","","1","N","0","","40 00:20.514","","2","75 11:51.452","8","0","0","0","67301","0","0","0","N","0","0","0","1","67301","0","","4.0","","1","N","N","N","0","","0","0","0","0","0","","","1","1","0","0","0","1","0","2","0","1","","10","","N","","","","","","","","","",""
"2021004383","","1","0","0","0","0","0","0","0","0","7","0","","67","1","2021","7","40.006188","-75.151929","","6","0","0","0","0","0","0","0","0","","0","0","0","","","1","","1","","40 00:22.276","","0","75 09:06.943","8","0","0","0","67301","0","0","0","N","0","0","0","1","67505","0","","4.0","","1","N","N","N","0","","0","0","0","3","2","","","1","1","0","0","0","1","0","2","0","1","","03","","N","","","","","","","","","",""
"2021005958","","2","0","0","0","0","0","0","0","0","4","0","","67","1","2021","4","39.921328","-75.146116","","6","0","0","0","1","0","0","0","0","","0","0","0","","","0","","1","","39 55:16.782","","0","75 08:46.016","0","0","0","0","67301","0","0","0","N","0","0","0","2","67301","0","","1.0","","1","N","N","N","0","","0","0","0","3","3","","","2","0","0","0","0","0","0","2","0","2","","","","N","","","","","","","","","",""
"2021013632","","2","0","0","0","0","0","0","0","0","6","0","","67","2","2021","3","39.973928","-75.247281","","6","0","0","0","0","0","0","0","0","","0","0","0","","","0","N","0","","39 58:26.140","","0","75 14:50.210","0","0","0","0","67301","0","0","0","N","0","0","0","1","67301","0","","6.0","","2","N","N","N","0","","0","0","1","0","0","","","3","0","0","0","0","0","0","2","0","3","","","","N","","","","","","","","","",""
"2021041431","","0","0","0","0","0","0","0","0","0","5","1","","67","5","2021","5","39.898784","-75.172701","","6","0","0","0","0","0","0","0","0","","0","1","0","","","0","","6","","39 53:55.623","1","2","75 10:21.724","0","0","0","0","67301","0","0","0","N","0","0","0","3","68K01","0","","7.0","100.0","1","N","N","N","0","","0","0","2","3","3","Y","","3","0","0","0","0","0","0","2","0","3","","03","","N","","","","","","","","","",""
"2021010412","","0","0","0","0","0","0","0","0","0","5","0","45","67","1","2021","7","40.015208","-75.053673","","6","0","0","0","0","0","0","0","0","","0","0","0","","","1","N","0","","40 00:54.749","1","0","75 03:13.223","8","0","0","0","67301","0","0","0","N","0","0","0","3","68K01","0","","1.0","100.0","1","N","N","N","0","","0","0","2","0","0","N","","2","1","0","0","0","1","0","2","0","2","","","N","Y","4","1","","","N","","Y","","","N"
"2021032954","","1","0","0","0","0","0","0","0","0","5","0","","67","3","2021","6","39.980576","-75.103788","","6","0","0","0","0","0","1","0","0","","0","0","0","","","5","N","0","","39 58:50.073","1","0","75 06:13.636","4","0","0","0","67301","0","0","0","N","0","0","0","6","68K01","5","","1.0","1645.0","1","N","N","N","0","","0","0","3","0","0","N","","4","5","0","0","0","0","0","2","0","4","","","","N","","","","","","","","","",""
"2021018073","","1","0","0","0","0","0","0","0","0","4","0","","67","2","2021","5","39.989986","-75.148346","","6","0","0","0","0","0","0","0","0","","0","0","0","","","0","","1","","39 59:23.949","","0","75 08:54.045","0","0","0","0","67301","0","0","0","N","0","0","0","2","67301","0","","1.0","","1","N","N","N","0","","0","0","1","3","2","","","2","0","0","0","0","0","0","2","0","2","","03","","N","","","","","","","","","",""
"2021008937","","0","0","0","0","0","0","0","0","0","7","0","","67","1","2021","3","39.957576","-75.159629","","6","0","0","0","0","0","0","0","0","","0","0","0","","","1","N","0","","39 57:27.275","","0","75 09:34.665","4","0","0","0","67301","0","0","0","N","0","0","0","1","68K01","1","","3.0","","9","N","N","N","1","","0","0","0","0","0","","","1","1","0","0","0","0","0","2","0","1","","","","N","","","","","","","","","",""
"2021011794","","0","0","0","0","0","0","0","0","0","1","0","","67","2","2021","2","40.123541","-75.015353","","6","0","0","0","0","0","0","0","0","","0","0","0","","","1","","1","","40 07:24.748","","0","75 00:55.269","8","0","0","0","67301","0","0","0","N","0","0","0","2","67301","0","","1.0","","7","N","N","N","0","","0","0","1","3","2","","","2","1","0","0","0","1","1","2","1","2","","09","","N","","","","","","","","","",""
"2021010257","","1","0","0","0","0","0","0","0","0","5","0","","67","1","2021","7","40.032528","-75.136667","","6","0","0","0","0","0","0","0","0","","0","0","0","","","1","N","0","","40 01:57.100","","0","75 08:12.000","4","0","0","0","67301","0","0","0","N","0","0","0","1","67301","1","","6.0","","1","N","N","N","0","","0","0","1","0","0","","","3","1","0","0","0","0","0","2","1","3","","03","","N","","","","","","","","","",""
"2021042074","","1","0","0","0","0","0","0","0","0","5","0","","67","5","2021","7","40.041363","-75.028255","","6","0","0","0","0","0","0","0","0","","0","0","0","","","0","","1","","40 02:28.908","6","0","75 01:41.719","0","0","0","0","67301","0","0","0","N","0","0","0","1","67301","0","","1.0","1510.0","1","N","N","N","0","","0","0","1","0","0","Y","","2","0","0","0","0","0","0","2","0","2","","04","","N","","","","","","","","","",""
"2021006000","","1","0","0","0","0","0","0","0","0","4","0","","67","1","2021","5","39.928019","-75.219299","","6","0","0","0","0","0","1","0","0","","0","0","0","","","2","","1","","39 55:40.869","","0","75 13:09.477","3","0","0","0","67301","0","0","0","N","0","0","0","3","67301","0","","1.0","","1","N","N","N","0","","2","0","1","3","1","","","2","2","2","0","0","0","0","2","0","2","","03","","N","","","","","","","","","",""
"2021011089","","2","0","0","0","0","0","0","0","0","4","0","","67","1","2021","7","39.979388","-75.242464","","6","0","0","0","0","0","0","0","0","","0","0","0","","","0","","1","","39 58:45.796","6","0","75 14:32.870","0","0","0","0","67301","0","0","0","N","0","0","0","2","67301","0","","1.0","300.0","1","N","N","Y","0","","0","0","2","3","3","N","","4","0","0","0","0","0","0","2","0","4","","","","N","","","","","","","","","",""
"2021009972","","1","0","0","0","0","0","0","0","0","1","0","","67","1","2021","7","40.022705","-75.133512","","6","0","0","0","0","0","0","0","0","","0","0","0","","","1","","1","","40 01:21.738","","0","75 08:00.643","8","0","0","0","67301","0","0","0","N","0","0","0","5","67301","0","","1.0","","99","N","N","N","0","","0","0","1","3","2","","","2","1","0","0","0","1","3","2","0","2","","","","N","","","","","","","","","",""
"2021023316","","1","0","0","0","0","0","0","0","0","7","0","","67","2","2021","2","39.95155","-75.141005","","6","0","0","0","0","0","0","0","0","","0","0","0","","","0","N","0","","39 57:05.581","1","0","75 08:27.619","0","0","0","0","67301","0","0","0","N","0","0","0","1","68K01","0","","2.0","1030.0","6","N","N","N","0","","0","0","0","0","0","N","","1","0","0","0","0","0","0","2","0","1","","09","","N","","","","","","","","","",""
"2021006022","","2","0","0","0","0","0","0","0","0","5","0","","67","1","2021","1","39.931833","-75.194806","","6","0","0","0","0","1","0","0","0","","0","0","0","","","1","N","0","","39 55:54.600","","0","75 11:41.300","3","0","0","0","67301","0","0","0","N","0","0","0","1","67301","0","","6.0","","1","N","N","N","0","","1","0","0","0","0","","","2","1","0","0","0","0","0","2","0","2","","","","N","","","","","","","","","",""
"2021009743","","1","0","0","0","0","0","0","0","0","5","0","","67","1","2021","6","40.030606","-75.141089","","6","0","0","0","0","0","0","0","0","","0","0","0","","","0","N","0","","40 01:50.180","","0","75 08:27.920","0","0","0","0","67301","0","0","0","N","0","0","0","1","67301","0","","6.0","","1","N","N","N","1","","0","0","4","0","0","","","6","0","0","0","0","0","0","2","0","6","","","","N","","","","","","","","","",""
"2021013631","","2","0","0","0","0","0","0","0","0","4","0","","67","2","2021","2","40.049578","-75.095619","","6","0","0","0","0","0","0","0","0","","0","0","0","","","0","","1","","40 02:58.479","","0","75 05:44.227","0","0","0","0","67301","0","0","0","N","0","0","0","2","67301","0","","1.0","","1","N","N","N","0","","0","0","0","3","2","","","2","0","0","0","0","0","0","2","0","2","","03","","N","","","","","","","","","",""
"2021008849","","0","0","0","0","0","0","0","0","0","8","0","","67","1","2021","4","39.963838","-75.220047","","6","0","0","0","0","0","0","0","1","","0","0","0","","","1","","5","","39 57:49.815","","0","75 13:12.169","3","0","0","0","67301","1","0","0","N","1","0","0","2","67301","0","","1.0","","1","N","N","N","0","","1","0","0","3","2","","","2","1","0","0","0","0","0","2","1","1","","03","","N","","","","","","","","","",""
"2021033993","","0","0","0","0","0","0","0","0","0","7","0","","67","4","2021","3","40.032333","-75.1715","","6","0","0","0","0","0","0","1","0","","1","0","0","","","0","N","0","","40 01:56.400","","0","75 10:17.400","1","0","0","0","67301","0","0","0","N","0","0","0","1","67301","0","2","4.0","","1","N","N","N","0","8","0","0","0","0","0","","","1","0","1","1","0","0","0","2","1","1","","03","","N","","","","","","","","","",""
"2021006043","","1","0","0","0","0","0","0","0","0","1","0","","67","1","2021","4","39.986477","-75.094687","","6","0","0","0","0","0","1","1","0","","0","0","0","","","0","N","0","","39 59:11.317","1","0","75 05:40.872","0","0","0","0","67301","0","0","0","N","0","0","0","3","67301","0","","1.0","1800.0","1","N","N","N","0","","0","0","2","0","0","N","","3","0","1","0","0","0","0","2","0","3","","03","","N","","","","","","","","","",""
"2021009577","","1","0","0","0","0","0","0","0","0","7","0","","67","1","2021","4","","","","6","0","0","0","0","0","0","0","0","","0","0","0","","","0","N","0","","","","3","","0","0","0","0","67301","0","0","0","N","0","0","0","2","67501","0","","3.0","","99","N","N","N","0","","0","0","0","0","0","","","2","0","1","0","0","0","0","1","0","1","","03","","N","","","","","","","","","",""
"2021003049","","2","0","0","0","0","0","0","0","0","4","0","","67","1","2021","7","40.001601","-75.152925","","6","0","0","0","0","0","0","0","0","","0","0","0","","","0","","1","","40 00:05.763","","0","75 09:10.529","0","0","0","0","67301","0","0","0","N","0","0","0","3","67301","0","","1.0","","1","N","N","N","0","","0","0","1","3","1","","","3","0","0","0","0","0","0","2","0","3","","03","","N","","","","","","","","","",""