"CRN","ARRIVAL_TM","AUTOMOBILE_COUNT","BELTED_DEATH_COUNT","BELTED_SUSP_SERIOUS_INJ_COUNT","BICYCLE_COUNT","BICYCLE_DEATH_COUNT","BICYCLE_SUSP_SERIOUS_INJ_COUNT","BUS_COUNT","CHLDPAS_DEATH_COUNT","CHLDPAS_SUSP_SERIOUS_INJ_COUNT","COLLISION_TYPE","COMM_VEH_COUNT","CONS_ZONE_SPD_LIM","COUNTY","CRASH_MONTH","CRASH_YEAR","DAY_OF_WEEK","DEC_LATITUDE","DEC_LONGITUDE","DISPATCH_TM","DISTRICT","DRIVER_COUNT_16YR","DRIVER_COUNT_17YR","DRIVER_COUNT_18YR","DRIVER_COUNT_19YR","DRIVER_COUNT_20YR","DRIVER_COUNT_50_64YR","DRIVER_COUNT_65_74YR","DRIVER_COUNT_75PLUS","EST_HRS_CLOSED","FATAL_COUNT","HEAVY_TRUCK_COUNT","HORSE_BUGGY_COUNT","HOUR_OF_DAY","ILLUMINATION","INJURY_COUNT","INTERSECTION_RELATED","INTERSECT_TYPE","LANE_CLOSED","LATITUDE","LN_CLOSE_DIR","LOCATION_TYPE","LONGITUDE","MAX_SEVERITY_LEVEL","MCYCLE_DEATH_COUNT","MCYCLE_SUSP_SERIOUS_INJ_COUNT","MOTORCYCLE_COUNT","MUNICIPALITY","NONMOTR_COUNT","NONMOTR_DEATH_COUNT","NONMOTR_SUSP_SERIOUS_INJ_COUNT","NTFY_HIWY_MAINT","PED_COUNT","PED_DEATH_COUNT","PED_SUSP_SERIOUS_INJ_COUNT","PERSON_COUNT","POLICE_AGCY","POSSIBLE_INJ_COUNT","RDWY_SURF_TYPE_CD","RELATION_TO_ROAD","ROADWAY_CLEARED","ROAD_CONDITION","SCH_BUS_IND","SCH_ZONE_IND","SECONDARY_CRASH","SMALL_TRUCK_COUNT","SPEC_JURIS_CD","SUSP_MINOR_INJ_COUNT","SUSP_SERIOUS_INJ_COUNT","SUV_COUNT","TCD_FUNC_CD","TCD_TYPE","TFC_DETOUR_IND","TIME_OF_DAY","TOTAL_UNITS","TOT_INJ_COUNT","UNBELTED_OCC_COUNT","UNB_DEATH_COUNT","UNB_SUSP_SERIOUS_INJ_COUNT","UNK_INJ_DEG_COUNT","UNK_INJ_PER_COUNT","URBAN_RURAL","VAN_COUNT","VEHICLE_COUNT","WEATHER1","WEATHER2","WORKERS_PRES","WORK_ZONE_IND","WORK_ZONE_LOC","WORK_ZONE_TYPE","WZ_CLOSE_DETOUR","WZ_FLAGGER","WZ_LAW_OFFCR_IND","WZ_LN_CLOSURE","WZ_MOVING","WZ_OTHER","WZ_SHLDER_MDN","WZ_WORKERS_INJ_KILLED"
"2021012658","","1","0","0","0","0","0","0","0","0","5","0","","67","1","2021","6","39.957675","-75.160369","","6","0","0","0","0","0","0","1","0","","0","0","0","","","2","N","0","","39 57:27.629","4","0","75 09:37.330","3","0","0","0","67301","0","0","0","N","0","0","0","2","68K01","0","","1.0","20.0","1","N","N","N","0","","2","0","1","0","0","N","","2","2","0","0","0","0","0","2","0","2","","","","N","","","","","","","","","",""
"2021006029","","0","0","0","0","0","0","0","0","0","7","0","","67","1","2021","2","39.968222","-75.228194","","6","0","1","0","0","0","0","0","0","","0","0","0","","","2","N","0","","39 58:05.600","","0","75 13:41.500","4","0","0","0","67301","0","0","0","N","0","0","0","2","67301","2","","5.0","","1","N","N","N","0","","0","0","1","0","0","","","1","2","0","0","0","0","0","2","0","1","","03","","N","","","","","","","","","",""
"2021014694","","1","0","0","0","0","0","0","0","0","5","0","","67","2","2021","1","39.906539","-75.235271","","6","0","0","0","0","0","0","0","0","","0","0","0","","","1","","2","","39 54:23.539","4","0","75 14:06.976","3","0","0","0","67301","0","0","0","N","0","0","0","2","67301","0","","1.0","426.0","1","N","N","N","0","","1","0","1","3","2","Y","","2","1","0","0","0","0","0","2","0","2","","03","","N","","","","","","","","","",""
"2021008748","","2","0","0","0","0","0","0","0","0","6","0","","67","1","2021","3","39.927528","-75.184306","","6","0","0","0","0","0","0","0","0","","0","0","0","","","0","N","0","","39 55:39.100","","0","75 11:03.500","0","0","0","0","67301","0","0","0","N","0","0","0","1","67301","0","","6.0","","9","N","N","N","0","","0","0","1","0","0","","","3","0","0","0","0","0","0","2","0","3","","04","","N","","","","","","","","","",""
"2021035545","","2","0","0","0","0","0","0","0","0","2","0","","67","4","2021","7","40.071583","-75.165378","","6","0","0","0","0","0","0","0","0","","0","0","0","","","1","N","0","","40 04:17.700","","0","75 09:55.360","8","0","0","0","67301","0","0","0","N","0","0","0","2","67301","0","","6.0","","99","N","N","N","0","","0","0","0","9","3","U","","2","1","0","0","0","1","1","2","0","2","","03","","N","","","","","","","","","",""
"2021019007","","0","0","0","0","0","0","0","0","0","5","0","","67","2","2021","1","39.891597","-75.237113","","6","0","0","0","0","0","0","0","0","","0","0","0","","","0","N","0","","39 53:29.748","1","0","75 14:13.608","0","0","0","0","67301","0","0","0","Y","0","0","0","6","68K01","0","","2.0","1525.0","6","N","N","Y","1","","0","0","1","0","0","N","","2","0","0","0","0","0","0","2","0","2","","04","","N","","","","","","","","","",""
"2021001071","","0","0","0","0","0","0","0","0","0","7","0","","67","1","2021","7","40.026922","-75.192905","","6","0","0","0","0","0","0","0","0","","0","0","0","","","1","N","0","","40 01:36.920","1","0","75 11:34.459","8","0","0","0","67301","0","0","0","N","0","0","0","1","67301","0","","1.0","2100.0","1","N","N","N","0","","0","0","0","0","0","Y","","1","1","0","0","0","1","0","2","1","1","","03","","N","","","","","","","","","",""
"2021006019","","2","0","0","0","0","0","0","0","0","5","0","","67","1","2021","7","39.969631","-75.224131","","6","0","0","0","0","0","0","0","0","","0","0","0","","","0","N","0","","39 58:10.670","6","0","75 13:26.870","0","0","0","0","67301","0","0","0","N","0","0","0","1","67301","0","","6.0","0.0","1","N","N","N","0","","0","0","1","0","0","Y","","3","0","0","0","0","0","0","2","0","3","","03","","N","","","","","","","","","",""
"2021006391","","0","0","0","0","0","0","0","0","0","6","0","","67","1","2021","3","39.949762","-75.207854","","6","0","0","0","0","0","0","0","0","","0","0","0","","","2","N","0","","39 56:59.144","","0","75 12:28.276","3","0","0","0","67301","0","0","0","N","0","0","0","3","67504","1","","1.0","","1","N","N","N","1","","1","0","1","0","0","","","2","2","0","0","0","0","0","2","0","2","","","","N","","","","","","","","","",""
"2021008003","","2","0","0","0","0","0","0","0","0","5","0","","67","1","2021","7","40.077337","-74.99966","","6","0","0","0","0","0","0","0","0","","0","0","0","","","0","N","0","","40 04:38.414","","0","74 59:58.776","0","0","0","0","67301","0","0","0","N","0","0","0","1","67301","0","","6.0","","1","N","N","N","0","","0","0","2","0","0","","","4","0","0","0","0","0","0","2","0","4","","03","","N","","","","","","","","","",""
"2021009644","","3","0","0","0","0","0","0","0","0","1","0","99","67","1","2021","1","39.942981","-75.193006","","6","0","0","0","0","0","1","0","0","","0","0","0","","","4","N","0","","39 56:34.733","4","0","75 11:34.821","4","0","0","0","67301","0","0","0","N","0","0","0","7","68K01","4","","1.0","45.0","1","N","N","N","0","","0","0","1","0","0","N","","4","4","0","0","0","0","0","2","0","4","","","U","Y","4","1","","","U","Y","","","","N"
"2021004987","","0","0","0","0","0","0","0","0","0","7","0","","67","1","2021","5","39.899157","-75.176817","","6","0","0","0","0","0","0","0","0","","0","0","0","","","3","N","0","","39 53:56.965","1","3","75 10:36.540","8","0","0","0","67301","0","0","0","N","0","0","0","3","68K01","0","","3.0","45.0","1","N","N","N","0","","0","0","1","0","0","N","","1","3","0","0","0","3","0","2","0","1","","03","","N","","","","","","","","","",""
"2021000649","","0","0","0","0","0","0","0","0","0","1","0","","67","1","2021","7","39.988345","-75.18047","","6","0","0","0","0","0","1","0","0","","0","0","0","","","0","N","0","","39 59:18.042","","0","75 10:49.691","0","0","0","1","67301","0","0","0","N","0","0","0","2","67301","0","","1.0","","1","N","N","N","0","","0","0","0","0","0","","","2","0","0","0","0","0","0","2","0","2","","04","","N","","","","","","","","","",""
"2021004055","","2","0","0","0","0","0","0","0","0","4","0","","67","1","2021","3","40.068905","-75.18175","","6","0","0","0","0","0","0","0","0","","0","0","0","","","2","","1","","40 04:08.058","","0","75 10:54.300","3","0","0","0","67301","0","0","0","N","0","0","0","2","67301","0","","1.0","","1","N","N","N","0","","2","0","0","3","2","","","2","2","2","0","0","0","0","2","0","2","","03","","N","","","","","","","","","",""
"2021035569","","0","0","0","0","0","0","0","0","0","1","0","","67","4","2021","1","39.97509","-75.194944","","6","0","0","0","0","1","1","0","0","","0","0","0","","","1","N","0","","39 58:30.324","","0","75 11:41.797","4","0","0","0","67301","0","0","0","N","0","0","0","4","67301","1","","6.0","","1","N","N","N","0","","0","0","2","3","2","","","2","1","0","0","0","0","0","2","0","2","","","","N","","","","","","","","","",""
"2021041965","","1","0","0","0","0","0","0","0","0","1","1","","67","5","2021","4","39.997857","-75.124324","","6","0","0","0","0","0","0","0","0","","0","1","0","","","0","N","0","","39 59:52.286","","0","75 07:27.567","0","0","0","0","67301","0","0","0","N","0","0","0","3","67301","0","","1.0","","1","N","N","N","0","","0","0","0","0","0","","","2","0","0","0","0","0","0","2","0","2","","04","","N","","","","","","","","","",""
"2021038693","","2","0","0","0","0","0","0","0","0","5","0","","67","4","2021","1","39.957118","-75.152397","","6","0","0","0","0","0","0","0","0","","0","0","0","","","0","N","0","","39 57:25.626","4","0","75 09:08.629","0","0","0","0","67301","0","0","0","N","0","0","0","3","68K01","0","","1.0","153.0","9","N","N","N","0","","0","0","0","0","0","N","","2","0","0","0","0","0","0","2","0","2","","","","N","","","","","","","","","",""
"2021004312","","0","0","0","0","0","0","0","0","0","7","0","","67","1","2021","1","40.031414","-75.021583","","6","0","0","0","0","0","0","0","0","","0","0","0","","","0","N","0","","40 01:53.090","2","3","75 01:17.700","0","0","0","0","67301","0","0","0","N","0","0","0","1","68K01","0","","3.0","5.0","9","N","N","N","0","","0","0","1","0","0","N","","1","0","0","0","0","0","0","2","0","1","","07","","N","","","","","","","","","",""
"2021000930","","0","0","0","0","0","0","0","0","0","5","0","","67","1","2021","2","40.027591","-75.161271","","6","0","0","0","0","0","0","0","0","","0","0","0","","","2","N","0","","40 01:39.328","","0","75 09:40.574","3","0","0","0","67301","0","0","0","N","0","0","0","2","67301","0","","6.0","","9","N","N","N","0","","2","0","2","0","0","","","3","2","0","0","0","0","0","2","0","3","","","","N","","","","","","","","","",""
"2021035553","","1","0","0","0","0","0","0","0","0","4","0","","67","4","2021","3","40.03156","-75.06329","","6","0","0","0","0","0","1","0","0","","0","0","0","","","1","","1","","40 01:53.617","1","0","75 03:47.844","3","0","0","0","67301","0","0","0","N","0","0","0","2","67301","0","","1.0","1234.0","1","N","N","N","0","","1","0","1","3","2","Y","","2","1","0","0","0","0","0","2","0","2","","","","N","","","","","","","","","",""
"2021007469","","1","0","0","0","0","0","0","0","0","1","0","","67","1","2021","1","39.935632","-75.22587","","6","0","0","0","0","0","0","0","0","","0","0","0","","","2","","1","","39 56:08.274","","0","75 13:33.131","3","0","0","0","67301","0","0","0","N","0","0","0","5","67301","1","","1.0","","1","N","N","N","0","","1","0","1","3","2","","","2","2","0","0","0","0","0","2","0","2","","","","N","","","","","","","","","",""
"2021014686","","0","0","0","0","0","0","0","0","0","7","0","","67","2","2021","5","40.057651","-75.038693","","6","0","0","0","0","0","0","0","0","","0","0","0","","","1","","11","","40 03:27.543","4","0","75 02:19.294","3","0","0","0","67301","0","0","0","N","0","0","0","1","67301","0","","4.0","1700.0","7","N","N","N","0","","1","0","0","0","0","N","","1","1","0","0","0","0","0","2","1","1","","98","","N","","","","","","","","","",""
"2021005974","","0","0","0","0","0","0","0","0","0","8","0","","67","1","2021","4","40.041363","-75.028255","","6","0","0","0","0","0","0","0","0","","0","0","0","","","1","","1","","40 02:28.908","","0","75 01:41.719","3","0","0","0","67301","1","0","0","N","1","0","0","2","67301","0","","1.0","","1","N","N","N","0","","1","0","0","3","2","","","2","1","0","0","0","0","0","2","1","1","","03","","N","","","","","","","","","",""
"2021002263","","0","0","0","0","0","0","0","0","0","4","0","","67","1","2021","2","40.031615","-75.207632","","6","0","0","0","0","0","1","0","0","","0","0","0","","","1","","1","","40 01:53.814","","0","75 12:27.475","8","0","0","0","67301","0","0","0","N","0","0","0","2","67301","0","","1.0","","1","N","N","N","1","","0","0","1","3","2","","","2","1","1","0","0","1","0","2","0","2","","03","","N","","","","","","","","","",""
"2021002596","","1","0","0","0","0","0","0","0","0","7","0","","67","1","2021","6","40.061026","-75.190128","","6","0","0","0","0","0","0","0","0","","0","0","0","","","0","","2","","40 03:39.695","","0","75 11:24.461","0","0","0","0","67301","0","0","0","N","0","0","0","1","67301","0","","5.0","","1","N","N","N","0","","0","0","0","3","2","","","1","0","0","0","0","0","0","2","0","1","","03","","N","","","","","","","","","",""
"2021010749","","1","0","0","0","0","0","0","0","0","4","0","","67","1","2021","7","39.950649","-75.247179","","6","0","0","1","0","0","0","0","0","","0","0","0","","","1","","1","","39 57:02.336","5","0","75 14:49.844","3","0","0","0","67301","0","0","0","N","0","0","0","2","67301","0","","1.0","1336.0","1","N","N","N","0","","1","0","1","3","3","Y","","2","1","0","0","0","0","0","2","0","2","","98","","N","","","","","","","","","",""
"2021006048","","1","0","0","0","0","0","0","0","0","4","0","","67","1","2021","6","40.02026","-75.114068","","6","0","0","0","0","0","1","0","0","","0","0","0","","","2","","1","","40 01:12.937","","0","75 06:50.646","3","0","0","1","67301","0","0","0","N","0","0","0","2","67301","0","","1.0","","9","N","N","N","0","","2","0","1","3","2","","","3","2","1","0","0","0","0","2","0","3","","07","","N","","","","","","","","","",""
"2021009420","","1","0","0","0","0","0","0","0","0","2","0","","67","1","2021","6","40.060214","-75.173107","","6","0","0","0","0","0","0","0","0","","0","0","0","","","0","N","0","","40 03:36.771","","0","75 10:23.184","9","0","0","0","67301","0","0","0","N","0","0","0","1","67301","0","","6.0","","1","N","N","N","0","","0","0","0","0","0","","","2","0","0","0","0","0","1","2","1","2","","03","","N","","","","","","","","","",""
"2021017776","","1","0","0","0","0","0","0","0","0","1","0","","67","2","2021","7","39.938895","-75.19709","","6","0","0","0","0","0","1","0","0","","0","0","0","","","0","N","0","","39 56:20.022","4","3","75 11:49.523","0","0","0","0","67301","0","0","0","N","0","0","0","7","68K01","0","","1.0","100.0","1","N","N","N","0","","0","0","3","0","0","N","","4","0","0","0","0","0","0","2","0","4","","","","N","","","","","","","","","",""
"2021037264","","1","0","0","0","0","0","0","0","0","1","1","","67","4","2021","6","39.915331","-75.147926","","6","0","0","0","0","0","0","1","0","","0","1","0","","","1","N","0","","39 54:55.190","1","0","75 08:52.534","8","0","0","0","67301","0","0","0","N","0","0","0","2","68K01","0","","1.0","30.0","1","N","N","N","0","","0","0","0","0","0","N","","2","1","0","0","0","1","0","2","0","2","","03","","N","","","","","","","","","",""
"2021012562","","2","0","0","0","0","0","0","0","0","4","0","","67","2","2021","6","40.026024","-75.134798","","6","0","0","0","0","0","1","0","0","","0","0","0","","","0","","1","","40 01:33.686","","0","75 08:05.272","9","0","0","0","67301","0","0","0","N","0","0","0","2","67301","0","","1.0","","9","N","N","N","0","","0","0","0","3","3","","","2","0","0","0","0","0","1","2","0","2","","03","","N","","","","","","","","","",""
"2021036335","","2","0","0","0","0","0","0","0","0","2","0","","67","4","2021","4","39.968994","-75.230299","","6","0","0","0","0","0","0","0","0","","0","0","0","","","0","","1","","39 58:08.378","","0","75 13:49.076","9","0","0","0","67301","0","0","0","N","0","0","0","4","67301","0","","1.0","","99","N","N","N","0","","0","0","0","3","3","U","","2","0","0","0","0","0","1","2","0","2","","","","N","","","","","","","","","",""
"2021006411","","1","0","0","0","0","0","0","0","0","4","0","","67","1","2021","5","40.048889","-75.045123","","6","0","0","0","0","0","0","1","0","","0","0","0","","","1","","1","","40 02:56.000","","0","75 02:42.442","4","0","0","0","67301","0","0","0","N","0","0","0","2","67301","1","","1.0","","1","N","N","N","0","","0","0","0","3","2","","","2","1","0","0","0","0","0","2","1","2","","03","","N","","","","","","","","","",""
"2021002278","","2","0","0","0","0","0","0","0","0","4","0","","67","1","2021","1","40.043093","-75.044855","","6","0","0","0","0","0","0","0","0","","0","0","0","","","1","","1","","40 02:35.134","","0","75 02:41.478","3","0","0","0","67301","0","0","0","N","0","0","0","4","67301","0","","1.0","","9","N","N","N","0","","1","0","0","3","2","","","2","1","0","0","0","0","0","2","0","2","","03","","N","","","","","","","","","",""
"2021006061","","2","0","0","0","0","0","0","0","0","5","0","","67","1","2021","1","40.028008","-75.128144","","6","0","0","0","0","0","0","0","0","","0","0","0","","","1","N","0","","40 01:40.830","","0","75 07:41.320","3","0","0","0","67301","1","0","0","N","1","0","0","2","67301","0","","6.0","","1","N","N","N","0","","1","0","1","0","0","","","4","1","0","0","0","0","0","2","0","3","","03","","N","","","","","","","","","",""
"2021034390","","3","0","0","0","0","0","0","0","0","1","0","","67","4","2021","4","40.026741","-75.025917","","6","0","0","0","0","0","0","0","0","","0","0","0","","","0","N","0","","40 01:36.266","","0","75 01:33.302","0","0","0","0","67301","0","0","0","N","0","0","0","3","68K01","0","","1.0","","9","N","N","N","0","","0","0","0","0","0","","","3","0","0","0","0","0","0","2","0","3","","07","","N","","","","","","","","","",""
"2021014764","","0","0","0","0","0","0","0","0","0","7","0","","67","2","2021","2","39.919467","-75.147888","","6","0","0","0","0","0","0","0","0","","0","0","0","","","0","N","0","","39 55:10.080","","3","75 08:52.397","0","0","0","0","67301","0","0","0","N","0","0","0","1","68K01","0","","2.0","","9","N","N","N","0","","0","0","1","0","0","","","1","0","0","0","0","0","0","2","0","1","","","","N","","","","","","","","","",""
"2021008767","","1","0","0","0","0","0","0","0","0","4","0","","67","1","2021","5","40.004953","-75.178856","","6","0","0","0","0","0","0","0","0","","0","0","0","","","4","","5","","40 00:17.830","","0","75 10:43.883","3","0","0","0","67301","0","0","0","N","0","0","0","5","67301","0","","1.0","","1","N","N","N","0","","4","0","1","3","2","","","2","4","0","0","0","0","0","2","0","2","","","","N","","","","","","","","","",""
"2021005988","","2","0","0","0","0","0","0","0","0","5","0","","67","1","2021","2","39.937444","-75.230522","","6","0","0","0","0","0","0","0","0","","0","0","0","","","0","N","0","","39 56:14.800","2","0","75 13:49.880","0","0","0","0","67301","0","0","0","N","0","0","0","2","67301","0","","1.0","2250.0","1","N","N","N","0","","0","0","1","0","0","N","","3","0","0","0","0","0","0","2","0","3","","","","N","","","","","","","","","",""
"2021035691","","1","0","0","0","0","0","0","0","0","1","1","","67","4","2021","2","39.938717","-75.143454","","6","0","0","0","0","0","1","0","0","","0","1","0","","","2","N","0","","39 56:19.381","","0","75 08:36.436","4","0","0","0","67301","0","0","0","N","0","0","0","2","68K01","2","","1.0","","1","N","N","N","0","","0","0","0","0","0","","","2","2","0","0","0","0","0","2","0","2","","","","N","","","","","","","","","",""
"2021003248","","1","0","0","0","0","0","0","0","0","1","1","","67","1","2021","7","40.013114","-75.120303","","6","0","0","1","0","0","0","0","0","","0","1","0","","","1","N","0","","40 00:47.210","","0","75 07:13.090","8","0","0","0","67301","0","0","0","N","0","0","0","2","67301","0","","1.0","","1","N","N","N","0","","0","0","0","0","0","","","2","1","0","0","0","1","0","2","0","2","","","","N","","","","","","","","","",""
"2021005963","","2","0","0","0","0","0","0","0","0","4","0","","67","1","2021","2","39.960784","-75.14348","","6","0","0","0","1","0","0","0","0","","0","0","0","","","1","","1","","39 57:38.821","6","0","75 08:36.527","3","0","0","0","67301","0","0","0","N","0","0","0","3","67301","0","","1.0","2225.0","1","N","N","N","0","","1","0","3","3","2","Y","","5","1","0","0","0","0","1","2","0","5","","03","","N","","","","","","","","","",""
"2021010906","","0","0","0","0","0","0","0","0","0","5","0","","67","1","2021","3","40.004061","-75.17202","","6","0","0","0","0","0","0","0","0","","0","0","0","","","0","N","0","","40 00:14.620","","0","75 10:19.272","0","0","0","0","67301","0","0","0","N","0","0","0","1","67301","0","","6.0","","1","N","N","N","0","","0","0","2","0","0","","","2","0","0","0","0","0","0","2","0","2","","03","","N","","","","","","","","","",""
"2021006200","","2","0","0","0","0","0","0","0","0","4","0","","67","1","2021","1","39.989011","-75.140874","","6","0","0","0","0","0","0","0","0","","0","0","0","","","0","","1","","39 59:20.439","","0","75 08:27.146","9","0","0","0","67301","0","0","0","N","0","0","0","1","67301","0","","1.0","","1","N","N","Y","0","","0","0","0","3","2","","","2","0","0","0","0","0","1","2","0","2","","03","","N","","","","","","","","","",""
"2021001482","","0","0","0","0","0","0","0","0","0","7","0","","67","1","2021","1","39.960115","-75.179811","","6","0","0","0","0","0","0","0","0","","0","0","0","","","0","N","0","","39 57:36.414","4","0","75 10:47.319","0","0","0","0","67301","0","0","0","N","0","0","0","1","68K01","0","","4.0","2300.0","9","N","N","N","0","","0","0","1","0","0","N","","1","0","0","0","0","0","0","2","0","1","","07","","N","","","","","","","","","",""
"2021041816","","2","0","0","0","0","0","0","0","0","5","0","","67","5","2021","1","40.052272","-74.987528","","6","0","0","0","0","0","0","0","0","","0","0","0","","","1","N","0","","40 03:08.179","1","0","74 59:15.101","8","0","0","0","67301","0","0","0","Y","0","0","0","2","68K01","0","","1.0","1200.0","1","N","N","N","0","","0","0","0","0","0","N","","2","1","0","0","0","1","1","2","0","2","","04","","N","","","","","","","","","",""
"2021010413","","0","0","0","0","0","0","0","0","0","7","0","","67","1","2021","1","40.004111","-75.195028","","6","0","0","0","0","0","1","0","0","","0","0","0","","","1","N","0","","40 00:14.800","","8","75 11:42.100","8","0","0","0","67301","0","0","0","N","0","0","0","1","68K01","0","","4.0","","1","N","N","N","0","","0","0","1","0","0","","","1","1","0","0","0","1","0","2","0","1","","","","N","","","","","","","","","",""
"2021015664","","2","0","0","0","0","0","0","0","0","4","0","","67","1","2021","4","39.956314","-75.239905","","6","0","0","0","0","0","0","0","0","","0","0","0","","","1","","1","","39 57:22.730","","0","75 14:23.657","3","0","0","0","67301","0","0","0","N","0","0","0","2","67301","0","","1.0","","1","N","N","N","0","","1","0","0","3","2","","","2","1","0","0","0","0","0","2","0","2","","03","","N","","","","","","","","","",""
"2021013026","","2","0","0","0","0","0","0","0","0","1","0","","67","2","2021","6","40.046061","-75.10462","","6","0","0","0","0","0","0","1","0","","0","0","0","","","0","","2","","40 02:45.819","5","0","75 06:16.631","0","0","0","0","67301","0","0","0","N","0","0","0","1","67301","0","","1.0","1500.0","7","N","N","N","0","","0","0","1","0","0","Y","","3","0","0","0","0","0","0","2","0","3","","10","","N","","","","","","","","","",""
"2021037479","","1","0","0","0","0","0","1","0","0","6","1","","67","4","2021","6","40.047758","-75.143328","","6","0","0","0","0","0","1","0","0","","0","0","0","","","0","N","0","","40 02:51.930","3","0","75 08:35.982","9","0","0","0","67301","0","0","0","N","0","0","0","5","67301","0","","1.0","1830.0","1","Y","N","N","0","","0","0","0","0","0","Y","","2","0","0","0","0","0","1","2","0","2","","03","","N","","","","","","","","","",""
"2021009677","","0","0","0","0","0","0","0","0","0","5","0","","67","1","2021","6","40.005342","-75.137275","","6","0","0","0","0","0","0","0","0","","0","0","0","","","1","N","0","","40 00:19.230","","0","75 08:14.190","3","0","0","0","67301","0","0","0","N","0","0","0","2","67301","0","","1.0","","1","N","N","N","1","","1","0","1","0","0","","","2","1","0","0","0","0","0","2","0","2","","03","","N","","","","","","","","","",""
"2021001070","","1","0","0","0","0","0","0","0","0","1","0","","67","1","2021","7","40.010283","-75.164372","","6","0","0","0","0","0","0","0","0","","0","0","0","","","1","N","0","","40 00:37.020","","0","75 09:51.740","3","0","0","0","67301","0","0","0","N","0","0","0","1","67301","0","","1.0","","9","N","N","N","0","","1","0","1","0","0","","","2","1","1","0","0","0","0","2","0","2","","07","","N","","","","","","","","","",""
"2021011520","","2","0","0","0","0","0","0","0","0","4","0","","67","1","2021","1","40.007904","-75.085199","","6","0","0","0","0","0","1","0","0","","0","0","0","","","0","N","2","","40 00:28.454","1","0","75 05:06.715","0","0","0","0","67301","0","0","0","N","0","0","0","2","67301","0","","1.0","100.0","7","N","N","N","1","","0","0","0","3","3","N","","3","0","0","0","0","0","0","2","0","3","","10","","N","","","","","","","","","",""
"2021007729","","2","0","0","0","0","0","0","0","0","4","0","","67","1","2021","6","39.887484","-75.247993","","6","0","0","0","0","0","1","0","0","","0","0","0","","","1","","2","","39 53:14.941","","0","75 14:52.776","2","0","0","0","67301","0","0","0","N","0","0","0","2","67301","0","","1.0","","1","N","N","N","0","","0","1","0","3","2","","","2","1","0","0","0","0","0","2","0","2","","03","","N","","","","","","","","","",""
"2021007374","","1","0","0","0","0","0","0","0","0","4","0","","67","1","2021","6","39.96898","-75.168993","","6","0","0","0","0","0","1","0","0","","0","0","0","","","0","","1","","39 58:08.328","","0","75 10:08.374","0","0","0","0","67301","0","0","0","N","0","0","0","2","67301","0","","1.0","","1","N","N","N","0","","0","0","1","3","3","","","2","0","0","0","0","0","0","2","0","2","","03","","N","","","","","","","","","",""
"2021042241","","2","0","0","0","0","0","0","0","0","1","0","","67","5","2021","5","39.946061","-75.189628","","6","0","0","0","0","0","0","0","0","","0","0","0","","","1","N","6","","39 56:45.818","","2","75 11:22.661","4","0","0","0","67301","0","0","0","N","0","0","0","3","68K01","1","","1.0","","1","N","N","N","0","","0","0","0","0","0","","","2","1","0","0","0","0","0","2","0","2","","","","N","","","","","","","","","",""
"2021033810","","0","0","0","0","0","0","0","0","0","8","1","","67","4","2021","3","39.951071","-75.165619","","6","0","0","0","0","0","0","0","0","","0","1","0","","","1","","1","","39 57:03.856","","0","75 09:56.230","8","0","0","0","67301","1","0","0","N","1","0","0","2","67301","0","","1.0","","1","N","N","N","0","","0","0","0","0","0","","","2","1","0","0","0","1","0","2","0","1","","03","","N","","","","","","","","","",""
"2021009549","","0","0","0","0","0","0","0","0","0","7","0","","67","1","2021","6","40.009692","-75.187717","","6","0","0","1","0","0","0","0","0","","0","0","0","","","1","","7","","40 00:34.890","2","2","75 11:15.780","3","0","0","0","67301","0","0","0","N","0","0","0","1","67301","0","","4.0","430.0","1","N","N","N","0","","1","0","1","0","0","Y","","2","1","0","0","0","0","0","2","0","1","","03","","N","","","","","","","","","",""
"2021041078","","3","0","0","0","0","0","0","0","0","5","0","","67","5","2021","5","40.032036","-75.033544","","6","0","0","0","0","1","0","0","0","","0","0","0","","","0","N","0","","40 01:55.330","1","0","75 02:00.760","0","0","0","0","67301","0","0","0","N","0","0","0","3","67301","0","","1.0","1700.0","1","N","N","N","0","","0","0","0","0","0","N","","3","0","0","0","0","0","0","2","0","3","","03","","N","","","","","","","","","",""
"2021005968","","1","0","0","0","0","0","0","0","0","4","0","","67","1","2021","5","40.081222","-75.080694","","6","0","0","1","0","0","0","0","0","","0","0","0","","","1","","2","","40 04:52.400","","0","75 04:50.500","3","0","0","0","67301","0","0","0","N","0","0","0","2","67301","0","","1.0","","1","N","N","N","0","","1","0","1","3","3","","","2","1","2","0","0","0","0","2","0","2","","03","","N","","","","","","","","","",""
"2021012477","","1","0","0","0","0","0","0","0","0","4","0","","67","2","2021","7","39.980954","-75.163155","","6","0","0","0","0","0","1","0","0","","0","0","0","","","1","","1","","39 58:51.435","","0","75 09:47.359","3","0","0","0","67301","0","0","0","N","0","0","0","3","67301","0","","1.0","","1","N","N","N","0","","1","0","1","3","3","","","2","1","0","0","0","0","1","2","0","2","","","","N","","","","","","","","","",""
"2021041376","","1","0","0","0","0","0","0","0","0","7","0","","67","5","2021","5","39.97575","-75.168553","","6","0","0","0","0","0","0","0","0","","0","0","0","","","1","","2","","39 58:32.700","","0","75 10:06.789","4","0","0","0","67301","0","0","0","N","0","0","0","2","67301","1","","5.0","","1","N","N","N","0","","0","0","0","9","2","","","1","1","0","0","0","0","1","2","0","1","","03","","N","","","","","","","","","",""
"2021008847","","0","0","0","0","0","0","0","0","0","5","1","","67","1","2021","3","40.002194","-75.073444","","6","0","0","0","0","0","0","0","0","","0","1","0","","","0","N","0","","40 00:07.900","","0","75 04:24.400","0","0","0","0","67301","0","0","0","N","0","0","0","1","67301","0","","6.0","","9","N","N","N","0","","0","0","1","0","0","","","2","0","0","0","0","0","0","2","0","2","","07","","N","","","","","","","","","",""