"CRN","ARRIVAL_TM","AUTOMOBILE_COUNT","BELTED_DEATH_COUNT","BELTED_SUSP_SERIOUS_INJ_COUNT","BICYCLE_COUNT","BICYCLE_DEATH_COUNT","BICYCLE_SUSP_SERIOUS_INJ_COUNT","BUS_COUNT","CHLDPAS_DEATH_COUNT","CHLDPAS_SUSP_SERIOUS_INJ_COUNT","COLLISION_TYPE","COMM_VEH_COUNT","CONS_ZONE_SPD_LIM","COUNTY","CRASH_MONTH","CRASH_YEAR","DAY_OF_WEEK","DEC_LATITUDE","DEC_LONGITUDE","DISPATCH_TM","DISTRICT","DRIVER_COUNT_16YR","DRIVER_COUNT_17YR","DRIVER_COUNT_18YR","DRIVER_COUNT_19YR","DRIVER_COUNT_20YR","DRIVER_COUNT_50_64YR","DRIVER_COUNT_65_74YR","DRIVER_COUNT_75PLUS","EST_HRS_CLOSED","FATAL_COUNT","HEAVY_TRUCK_COUNT","HORSE_BUGGY_COUNT","HOUR_OF_DAY","ILLUMINATION","INJURY_COUNT","INTERSECTION_RELATED","INTERSECT_TYPE","LANE_CLOSED","LATITUDE","LN_CLOSE_DIR","LOCATION_TYPE","LONGITUDE","MAX_SEVERITY_LEVEL","MCYCLE_DEATH_COUNT","MCYCLE_SUSP_SERIOUS_INJ_COUNT","MOTORCYCLE_COUNT","MUNICIPALITY","NONMOTR_COUNT","NONMOTR_DEATH_COUNT","NONMOTR_SUSP_SERIOUS_INJ_COUNT","NTFY_HIWY_MAINT","PED_COUNT","PED_DEATH_COUNT","PED_SUSP_SERIOUS_INJ_COUNT","PERSON_COUNT","POLICE_AGCY","POSSIBLE_INJ_COUNT","RDWY_SURF_TYPE_CD","RELATION_TO_ROAD","ROADWAY_CLEARED","ROAD_CONDITION","SCH_BUS_IND","SCH_ZONE_IND","SECONDARY_CRASH","SMALL_TRUCK_COUNT","SPEC_JURIS_CD","SUSP_MINOR_INJ_COUNT","SUSP_SERIOUS_INJ_COUNT","SUV_COUNT","TCD_FUNC_CD","TCD_TYPE","TFC_DETOUR_IND","TIME_OF_DAY","TOTAL_UNITS","TOT_INJ_COUNT","UNBELTED_OCC_COUNT","UNB_DEATH_COUNT","UNB_SUSP_SERIOUS_INJ_COUNT","UNK_INJ_DEG_COUNT","UNK_INJ_PER_COUNT","URBAN_RURAL","VAN_COUNT","VEHICLE_COUNT","WEATHER1","WEATHER2","WORKERS_PRES","WORK_ZONE_IND","WORK_ZONE_LOC","WORK_ZONE_TYPE","WZ_CLOSE_DETOUR","WZ_FLAGGER","WZ_LAW_OFFCR_IND","WZ_LN_CLOSURE","WZ_MOVING","WZ_OTHER","WZ_SHLDER_MDN","WZ_WORKERS_INJ_KILLED"
"2021041071","","2","0","0","0","0","0","0","0","0","2","0","","67","5","2021","5","40.055925","-75.158564","","6","0","0","0","0","0","1","0","0","","0","0","0","","","2","N","0","","40 03:21.330","","7","75 09:30.830","3","0","0","0","67301","0","0","0","N","0","0","0","2","67301","0","","1.0","","1","N","N","N","0","","2","0","0","0","0","","","2","2","0","0","0","0","0","2","0","2","","","","N","","","","","","","","","",""
"2021014699","","1","0","0","0","0","0","0","0","0","1","0","","67","2","2021","5","39.920075","-75.212978","","6","0","0","0","0","0","0","0","0","","0","0","0","","","0","N","0","","39 55:12.270","","7","75 12:46.720","0","0","0","0","67301","0","0","0","N","0","0","0","2","67301","0","","1.0","","7","N","N","N","1","","0","0","0","0","0","","","2","0","1","0","0","0","0","2","0","2","","04","","N","","","","","","","","","",""
"2021010204","","2","0","0","0","0","0","0","0","0","4","0","","67","1","2021","1","39.957207","-75.227475","","6","0","0","0","0","0","1","0","0","","0","0","0","","","0","","1","","39 57:25.946","","0","75 13:38.909","0","0","0","0","67301","0","0","0","N","0","0","0","2","67301","0","","1.0","","1","N","N","N","0","","0","0","0","3","2","","","2","0","1","0","0","0","0","2","0","2","","04","","N","","","","","","","","","",""
"2021003039","","1","0","0","0","0","0","0","0","0","4","0","","67","1","2021","6","40.07556","-75.070647","","6","0","0","0","0","0","0","0","0","","0","0","0","","","0","","1","","40 04:32.016","","0","75 04:14.329","0","0","0","0","67301","0","0","0","N","0","0","0","2","67301","0","","1.0","","1","N","N","N","1","","0","0","0","3","3","","","2","0","2","0","0","0","0","2","0","2","","03","","N","","","","","","","","","",""
"2021036038","","1","0","0","0","0","0","0","0","0","7","0","","67","4","2021","2","40.03642","-75.01574","","6","0","0","0","0","0","0","0","0","","0","0","0","","","0","N","0","","40 02:11.111","","0","75 00:56.663","0","0","0","0","67301","0","0","0","N","0","0","0","2","68K01","0","","2.0","","1","N","N","N","0","","0","0","0","0","0","","","1","0","0","0","0","0","0","2","0","1","","03","","N","","","","","","","","","",""
"2021020427","","0","0","0","0","0","0","0","0","0","4","0","","67","1","2021","2","39.963401","-75.142854","","6","0","0","0","0","0","0","0","0","","0","0","0","","","1","","1","","39 57:48.243","","0","75 08:34.274","4","0","0","0","67301","0","0","0","N","0","0","0","2","67301","1","","1.0","","1","N","N","N","0","","0","0","2","3","3","","","2","1","0","0","0","0","0","2","0","2","","03","","N","","","","","","","","","",""
"2021014361","","0","0","0","0","0","0","0","0","0","1","0","","67","1","2021","7","39.959564","-75.175345","","6","0","0","0","0","1","0","1","0","","0","0","0","","","0","N","0","","39 57:34.432","4","0","75 10:31.242","0","0","0","0","67301","0","0","0","N","0","0","0","2","68K01","0","","1.0","2024.0","1","N","N","N","0","","0","0","2","0","0","N","","2","0","0","0","0","0","0","2","0","2","","","","N","","","","","","","","","",""
"2021002352","","1","0","0","0","0","0","0","0","0","7","0","","67","1","2021","4","39.899064","-75.17856","","6","0","0","0","0","0","0","0","0","","0","0","0","","","1","N","0","","39 53:56.631","2","0","75 10:42.815","4","0","0","0","67301","0","0","0","N","0","0","0","2","68K01","1","","4.0","30.0","1","N","N","N","0","","0","0","0","0","0","N","","1","1","1","0","0","0","0","2","0","1","","03","","N","","","","","","","","","",""
"2021005957","","2","0","0","0","0","0","0","0","0","5","0","","67","1","2021","1","40.048846","-75.062026","","6","0","0","1","0","0","0","0","0","","0","0","0","","","0","N","0","","40 02:55.845","","0","75 03:43.295","0","0","0","0","67301","0","0","0","N","0","0","0","1","67301","0","","6.0","","1","N","N","N","0","","0","0","0","0","0","","","2","0","1","0","0","0","0","2","0","2","","03","","N","","","","","","","","","",""
"2021006007","","2","0","0","0","0","0","0","0","0","5","0","","67","1","2021","1","40.040628","-75.169796","","6","0","0","0","0","0","1","0","0","","0","0","0","","","2","","5","","40 02:26.260","4","0","75 10:11.265","3","0","0","0","67301","0","0","0","N","0","0","0","3","67301","0","","1.0","1020.0","1","N","N","N","0","","2","0","0","3","2","Y","","2","2","0","0","0","0","0","2","0","2","","03","","N","","","","","","","","","",""
"2021006004","","2","0","0","0","0","0","0","0","0","6","0","","67","1","2021","6","40.076372","-75.177517","","6","0","0","0","0","0","0","0","0","","0","0","0","","","1","N","0","","40 04:34.940","","0","75 10:39.060","3","0","0","0","67301","0","0","0","N","0","0","0","2","67301","0","","6.0","","1","N","N","Y","0","","1","0","2","0","0","","","4","1","0","0","0","0","1","2","0","4","","03","","N","","","","","","","","","",""
"2021008043","","0","0","0","0","0","0","0","0","0","7","0","","67","1","2021","1","39.960073","-75.180283","","6","0","0","0","0","0","0","0","0","","0","0","0","","","0","N","0","","39 57:36.261","3","3","75 10:49.017","0","0","0","0","67301","0","0","0","N","0","0","0","1","68K01","0","","3.0","2017.0","1","N","N","N","0","","0","0","1","0","0","N","","1","0","0","0","0","0","0","2","0","1","","","","N","","","","","","","","","",""
"2021000790","","1","0","0","0","0","0","0","0","0","5","0","","67","1","2021","1","40.037789","-75.133908","","6","0","0","0","1","0","0","0","0","","0","0","0","","","1","N","0","","40 02:16.040","","0","75 08:02.070","8","0","0","0","67301","0","0","0","N","0","0","0","1","67301","0","","1.0","","9","N","N","N","0","","0","0","1","0","0","","","2","1","0","0","0","1","0","2","0","2","","07","","N","","","","","","","","","",""
"2021039462","","3","0","0","0","0","0","0","0","0","4","0","","67","5","2021","7","39.98906","-75.165082","","6","0","0","0","0","0","0","0","0","","0","0","0","","","0","N","0","","39 59:20.615","","0","75 09:54.294","9","0","0","0","67301","0","0","0","N","0","0","0","2","67301","0","","1.0","","1","N","N","Y","0","","0","0","1","0","0","","","4","0","0","0","0","0","1","2","0","4","","03","","N","","","","","","","","","",""
"2021007535","","0","0","0","0","0","0","0","0","0","5","0","","67","1","2021","7","40.069434","-75.079419","","6","0","0","0","0","0","0","0","0","","0","0","0","","","2","N","0","","40 04:09.961","5","0","75 04:45.908","8","0","0","0","67301","0","0","0","N","0","0","0","2","67301","0","","6.0","100.0","1","N","N","N","1","","0","0","1","0","0","Y","","2","2","0","0","0","2","0","2","0","2","","03","","N","","","","","","","","","",""
"2021006743","","1","0","0","0","0","0","0","0","0","7","0","","67","1","2021","7","40.037236","-75.013517","","6","0","0","0","0","1","0","0","0","","0","0","0","","","0","N","0","","40 02:14.051","","0","75 00:48.660","0","0","0","0","67301","0","0","0","N","0","0","0","1","68K01","0","","2.0","","9","N","N","N","0","","0","0","0","0","0","","","1","0","0","0","0","0","0","2","0","1","","","","N","","","","","","","","","",""
"2021007443","","1","0","0","0","0","0","0","0","0","7","0","","67","1","2021","5","39.928056","-75.195889","","6","0","0","0","0","0","0","0","1","","0","0","0","","","0","","3","","39 55:41.000","4","0","75 11:45.200","0","0","0","0","67301","0","0","0","Y","0","0","0","1","68K01","0","","4.0","900.0","1","N","N","N","0","","0","0","0","0","0","N","","1","0","0","0","0","0","0","2","0","1","","","","N","","","","","","","","","",""
"2021013529","","2","0","0","0","0","0","0","0","0","1","0","","67","1","2021","2","40.046725","-75.00173","","6","0","0","0","0","0","1","0","0","","0","0","0","","","1","N","0","","40 02:48.210","","2","75 00:06.228","3","0","0","0","67301","0","0","0","N","0","0","0","2","68K01","0","","1.0","","1","N","N","N","0","","1","0","0","0","0","","","2","1","0","0","0","0","0","2","0","2","","","","N","","","","","","","","","",""
"2021014464","","0","0","0","0","0","0","0","0","0","5","0","","67","2","2021","4","40.060842","-75.164008","","6","0","0","0","0","0","1","0","0","","0","0","0","","","1","N","0","","40 03:39.030","","0","75 09:50.430","3","0","0","0","67301","0","0","0","N","0","0","0","2","67301","0","","1.0","","9","N","N","N","1","","1","0","1","0","0","","","2","1","0","0","0","0","0","2","0","2","","","","N","","","","","","","","","",""
"2021035580","","1","0","0","0","0","0","0","0","0","7","0","","67","3","2021","4","39.972668","-75.217451","","6","0","0","0","0","0","0","0","0","","1","0","0","","","0","N","2","","39 58:21.603","4","0","75 13:02.823","1","0","0","0","67301","0","0","0","N","0","0","0","1","67301","0","2","5.0","200.0","9","N","N","N","0","0","0","0","0","3","2","Y","","1","0","0","0","0","0","0","2","0","1","","04","","N","","","","","","","","","",""
"2021011795","","0","0","0","0","0","0","0","0","0","7","0","","67","1","2021","1","39.993308","-75.193106","","6","0","0","0","0","0","0","0","0","","0","0","0","","","1","N","0","","39 59:35.908","","0","75 11:35.183","3","0","0","0","67301","0","0","0","N","0","0","0","1","67301","0","","4.0","","6","N","N","N","0","","1","0","1","0","0","","","1","1","0","0","0","0","0","2","0","1","","10","","N","","","","","","","","","",""
"2021029399","","1","0","0","0","0","0","0","0","0","7","0","","67","1","2021","7","39.934972","-75.199528","","6","0","0","0","0","0","0","0","0","","0","0","0","","","1","N","0","","39 56:05.900","1","0","75 11:58.300","3","0","0","0","67301","0","0","0","N","0","0","0","1","67301","0","","3.0","200.0","1","N","N","N","0","","1","0","0","0","0","Y","","1","1","0","0","0","0","0","2","0","1","","03","","N","","","","","","","","","",""
"2021013590","","1","0","0","0","0","0","0","0","0","7","0","","67","2","2021","1","39.960796","-75.18158","","6","0","0","0","0","0","0","0","0","","0","0","0","","","0","N","0","","39 57:38.865","4","3","75 10:53.688","0","0","0","0","67301","0","0","0","N","0","0","0","1","68K01","0","","2.0","845.0","9","N","N","N","0","","0","0","0","0","0","N","","1","0","0","0","0","0","0","2","0","1","","","","N","","","","","","","","","",""
"2021014472","","1","0","0","0","0","0","0","0","0","4","0","","67","2","2021","6","40.026543","-75.138689","","6","0","0","1","0","0","0","0","0","","0","0","0","","","0","","1","","40 01:35.554","","0","75 08:19.280","0","0","0","0","67301","0","0","0","N","0","0","0","2","67301","0","","1.0","","9","N","N","N","1","","0","0","0","3","2","","","2","0","2","0","0","0","0","2","0","2","","98","","N","","","","","","","","","",""
"2021007733","","1","0","0","0","0","0","0","0","0","4","0","","67","1","2021","6","39.96522","-75.191815","","6","0","0","0","0","0","0","0","0","","0","0","0","","","0","","1","","39 57:54.791","","0","75 11:30.533","0","0","0","0","67301","0","0","0","N","0","0","0","2","67301","0","","1.0","","1","N","N","N","0","","0","0","1","3","3","","","2","0","0","0","0","0","0","2","0","2","","03","","N","","","","","","","","","",""
"2021014939","","2","0","0","0","0","0","0","0","0","4","0","","67","1","2021","6","39.926961","-75.151163","","6","0","0","0","0","1","0","0","0","","0","0","0","","","1","","1","","39 55:37.059","","0","75 09:04.186","3","0","0","0","67301","0","0","0","N","0","0","0","2","67301","0","","1.0","","1","N","N","N","0","","1","0","0","3","2","","","2","1","0","0","0","0","0","2","0","2","","03","","N","","","","","","","","","",""
"2021007741","","2","0","0","0","0","0","0","0","0","5","0","","67","1","2021","7","40.019512","-75.144811","","6","0","0","0","1","0","0","0","0","","0","0","0","","","0","N","0","","40 01:10.243","","0","75 08:41.320","0","0","0","0","67301","0","0","0","N","0","0","0","2","67301","0","","1.0","","1","N","N","N","0","","0","0","0","0","0","","","2","0","0","0","0","0","0","2","0","2","","03","","N","","","","","","","","","",""
"2021040646","","3","0","0","0","0","0","0","0","0","1","0","","67","5","2021","7","40.005873","-75.074783","","6","0","0","0","0","0","2","0","0","","0","0","0","","","1","N","0","","40 00:21.144","1","0","75 04:29.217","3","0","0","0","67301","0","0","0","N","0","0","0","6","68K01","0","","1.0","30.0","1","N","N","N","0","","1","0","2","0","0","N","","5","1","0","0","0","0","0","2","0","5","","","","N","","","","","","","","","",""
"2021041798","","0","0","0","0","0","0","0","0","0","1","0","","67","5","2021","5","39.924561","-75.147338","","6","0","0","0","0","0","1","0","0","","0","0","0","","","2","N","0","","39 55:28.419","2","0","75 08:50.417","8","0","0","0","67301","0","0","0","N","0","0","0","2","68K01","0","","1.0","1620.0","1","N","N","N","0","","0","0","2","0","0","N","","2","2","0","0","0","2","0","2","0","2","","","","N","","","","","","","","","",""
"2021013661","","2","0","0","0","0","0","0","0","0","1","0","","67","2","2021","3","40.076843","-75.071861","","6","0","0","0","1","0","0","0","0","","0","0","0","","","0","N","0","","40 04:36.635","","0","75 04:18.701","0","0","0","0","67301","0","0","0","N","0","0","0","3","67301","0","","1.0","","9","N","N","N","0","","0","0","0","0","0","","","2","0","3","0","0","0","0","2","0","2","","03","","N","","","","","","","","","",""
"2021037256","","0","0","0","0","0","0","0","0","0","5","1","","67","4","2021","4","39.892134","-75.236479","","6","0","0","0","0","0","0","1","0","","0","1","0","","","0","N","0","","39 53:31.684","","0","75 14:11.324","0","0","0","0","67301","0","0","0","Y","0","0","0","2","68K01","0","","1.0","","1","N","N","N","1","","0","0","0","0","0","","","2","0","0","0","0","0","0","2","0","2","","","","N","","","","","","","","","",""
"2021010202","","2","0","0","0","0","0","0","0","0","5","0","","67","1","2021","1","40.13099","-75.013853","","6","0","0","0","0","0","1","0","0","","0","0","0","","","0","N","0","","40 07:51.565","","0","75 00:49.871","0","0","0","0","67301","0","0","0","N","0","0","0","4","67301","0","","1.0","","7","N","N","Y","0","","0","0","1","0","0","","","4","0","0","0","0","0","0","2","1","4","","06","","N","","","","","","","","","",""
"2021003627","","0","0","0","0","0","0","0","0","0","5","0","","67","1","2021","1","40.040023","-75.006515","","6","0","0","0","0","0","0","0","0","","0","0","0","","","1","N","0","","40 02:24.084","2","0","75 00:23.453","8","0","0","0","67301","0","0","0","N","0","0","0","2","68K01","0","","1.0","1900.0","9","N","N","N","1","","0","0","0","0","0","N","","2","1","0","0","0","1","1","2","0","2","","","","N","","","","","","","","","",""
"2021002642","","2","0","0","0","0","0","0","0","0","5","0","","67","1","2021","6","39.957335","-75.148931","","6","0","0","0","0","0","0","0","0","","0","0","0","","","0","N","0","","39 57:26.405","","0","75 08:56.153","0","0","0","0","67301","0","0","0","N","0","0","0","2","67301","0","","1.0","","1","N","N","N","0","","0","0","0","0","0","","","2","0","0","0","0","0","0","2","0","2","","03","","N","","","","","","","","","",""
"2021010901","","1","0","0","0","0","0","0","0","0","6","0","","67","1","2021","4","39.960381","-75.205358","","6","0","0","0","0","0","0","0","0","","0","0","0","","","0","N","0","","39 57:37.370","","0","75 12:19.290","0","0","0","0","67301","0","0","0","N","0","0","0","1","67301","0","","6.0","","1","N","N","N","0","","0","0","2","0","0","","","4","0","1","0","0","0","0","2","1","4","","03","","N","","","","","","","","","",""
"2021036031","","0","0","0","0","0","0","0","0","0","3","0","","67","4","2021","1","39.966665","-75.134596","","6","0","0","0","0","0","0","0","0","","0","0","0","","","0","N","0","","39 57:59.995","","0","75 08:04.544","0","0","0","0","67301","0","0","0","N","0","0","0","1","68K01","0","","5.0","","1","N","N","N","0","","0","0","1","0","0","","","1","0","0","0","0","0","0","2","0","1","","","","N","","","","","","","","","",""
"2021013525","","1","0","0","0","0","0","0","0","0","5","0","","67","1","2021","6","39.948441","-75.141685","","6","0","0","0","0","0","1","0","0","","0","0","0","","","1","N","0","","39 56:54.386","1","0","75 08:30.065","4","0","0","0","67301","0","0","0","N","0","0","0","2","68K01","1","","1.0","2220.0","1","N","N","N","0","","0","0","1","0","0","N","","2","1","1","0","0","0","0","2","0","2","","","","N","","","","","","","","","",""
"2021040654","","1","0","0","0","0","0","0","0","0","1","0","","67","5","2021","2","39.891886","-75.198209","","6","0","0","1","0","0","1","0","0","","0","1","0","","","0","N","0","","39 53:30.790","1","3","75 11:53.552","9","0","0","0","67301","0","0","0","N","0","0","0","3","68K01","0","","1.0","832.0","1","N","N","N","0","","0","0","0","0","0","N","","3","0","0","0","0","0","1","1","0","3","","","","N","","","","","","","","","",""
"2021003578","","2","0","0","0","0","0","0","0","0","5","0","45","67","1","2021","5","39.899023","-75.178056","","6","0","0","0","0","1","0","0","0","","0","0","0","","","1","N","0","","39 53:56.482","1","3","75 10:41.000","8","0","0","0","67301","0","0","0","N","0","0","0","4","68K01","0","","1.0","2000.0","1","N","N","N","0","","0","0","0","0","0","N","","2","1","0","0","0","1","0","2","0","2","","03","N","Y","4","1","","","N","","","Y","","N"
"2021006506","","2","0","0","0","0","0","0","0","0","5","0","","67","1","2021","2","39.9964","-75.142117","","6","0","0","0","0","0","0","0","0","","0","0","0","","","0","N","0","","39 59:47.040","1","0","75 08:31.620","0","0","0","0","67301","0","0","0","N","0","0","0","1","67301","0","","6.0","1201.0","1","N","N","N","0","","0","0","0","0","0","N","","2","0","1","0","0","0","0","2","0","2","","03","","N","","","","","","","","","",""
"2021036662","","0","0","0","0","0","0","0","0","0","8","0","","67","4","2021","5","39.932733","-75.169611","","6","0","0","0","0","0","0","0","0","","0","0","0","","","1","N","0","","39 55:57.840","","0","75 10:10.600","4","0","0","0","67301","1","0","0","N","1","0","0","2","67301","1","","5.0","","1","N","N","N","0","","0","0","1","0","0","","","2","1","1","0","0","0","0","2","0","1","","","","N","","","","","","","","","",""
"2021015377","","1","0","0","0","0","0","0","0","0","7","0","","67","1","2021","7","39.940228","-75.14361","","6","0","0","0","0","0","1","0","0","","0","0","0","","","0","N","0","","39 56:24.821","2","0","75 08:36.997","0","0","0","0","67301","0","0","0","N","0","0","0","1","68K01","0","","4.0","1532.0","1","N","N","N","0","","0","0","0","3","8","N","","1","0","0","0","0","0","0","2","0","1","","","","N","","","","","","","","","",""
"2021009345","","0","0","0","0","0","0","0","0","0","4","0","","67","1","2021","6","39.953336","-75.183775","","6","0","0","0","0","1","0","0","0","","0","0","0","","","0","","1","","39 57:12.011","","0","75 11:01.589","0","0","0","0","67301","0","0","0","N","0","0","0","3","67504","0","","1.0","","1","N","N","N","0","","0","0","2","3","2","","","2","0","0","0","0","0","0","2","0","2","","03","","N","","","","","","","","","",""
"2021008904","","1","0","0","0","0","0","0","0","0","0","0","","67","1","2021","2","40.050806","-74.990784","","6","0","0","0","0","0","0","0","0","","0","0","0","","","1","N","0","","40 03:02.902","","0","74 59:26.822","3","0","0","0","67301","0","0","0","N","0","0","0","1","68K01","0","","1.0","","1","N","N","N","0","","1","0","0","0","0","","","1","1","0","0","0","0","0","2","0","1","","","","N","","","","","","","","","",""
"2021007932","","1","0","0","0","0","0","0","0","0","4","0","","67","1","2021","5","40.020623","-75.137683","","6","0","0","0","0","0","0","0","0","","0","0","0","","","1","","1","","40 01:14.242","4","0","75 08:15.658","3","0","0","0","67301","0","0","0","N","0","0","0","3","67301","0","","1.0","1515.0","1","N","N","N","0","","1","0","0","3","3","N","","2","1","0","0","0","0","0","2","1","2","","03","","N","","","","","","","","","",""
"2021038521","","1","0","0","0","0","0","0","0","0","2","0","","67","3","2021","5","39.94798","-75.142139","","6","0","0","0","0","0","0","0","0","","0","0","0","","","1","N","0","","39 56:52.729","2","0","75 08:31.702","8","0","0","0","67301","0","0","0","N","0","0","0","1","68K01","0","","4.0","915.0","9","N","N","N","0","","0","0","0","0","0","N","","1","1","0","0","0","1","0","2","0","1","","","","N","","","","","","","","","",""
"2021006002","","1","0","0","0","0","0","0","0","0","4","0","","67","1","2021","3","40.079778","-75.20081","","6","0","0","0","1","0","0","0","1","","0","0","0","","","2","N","0","","40 04:47.199","","7","75 12:02.915","4","0","0","0","67301","0","0","0","N","0","0","0","2","67301","2","","1.0","","1","N","N","N","0","","0","0","1","0","0","","","2","2","0","0","0","0","0","2","0","2","","03","","N","","","","","","","","","",""
"2021009974","","2","0","0","0","0","0","0","0","0","5","0","","67","1","2021","7","40.031713","-75.168123","","6","0","0","0","0","0","1","0","0","","0","0","0","","","1","N","0","","40 01:54.168","","0","75 10:05.244","3","0","0","0","67301","0","0","0","N","0","0","0","1","67301","0","","6.0","","4","N","N","N","0","","1","0","1","0","0","","","3","1","0","0","0","0","0","2","0","3","","03","","N","","","","","","","","","",""
"2021007885","","0","0","0","0","0","0","0","0","0","1","0","","67","1","2021","3","39.959424","-75.174217","","6","0","0","0","0","0","2","0","0","","0","0","0","","","2","N","0","","39 57:33.926","","0","75 10:27.182","3","0","0","0","67301","0","0","0","N","0","0","0","4","68K01","0","","1.0","","1","N","N","N","0","","2","0","3","0","0","","","3","2","0","0","0","0","0","2","0","3","","","","N","","","","","","","","","",""
"2021038706","","1","0","0","0","0","0","0","0","0","5","0","","67","4","2021","3","40.077857","-74.964752","","6","0","0","0","0","0","0","0","0","","0","0","0","","","1","N","0","","40 04:40.286","","0","74 57:53.106","8","0","0","0","67301","0","0","0","Y","0","0","0","2","68M03","0","","1.0","","1","N","N","N","0","","0","0","0","0","0","","","2","1","0","0","0","1","1","2","0","2","","","","N","","","","","","","","","",""
"2021012722","","1","0","0","0","0","0","0","0","0","5","0","","67","2","2021","7","40.029271","-75.101811","","6","0","0","0","0","0","0","0","0","","0","0","0","","","0","N","0","","40 01:45.375","","0","75 06:06.521","0","0","0","0","67301","0","0","0","N","0","0","0","2","67301","0","","1.0","","9","N","N","N","1","","0","0","0","0","0","","","2","0","0","0","0","0","0","2","0","2","","","","N","","","","","","","","","",""
"2021022448","","2","0","0","0","0","0","0","0","0","4","0","","67","3","2021","7","39.972722","-75.204067","","6","0","0","0","0","0","0","0","1","","0","0","0","","","1","N","0","","39 58:21.800","","0","75 12:14.640","3","0","0","0","67301","0","0","0","N","0","0","0","2","67301","0","","1.0","","1","N","N","N","0","","1","0","0","3","2","","","2","1","1","0","0","0","0","2","0","2","","03","","N","","","","","","","","","",""
"2021002284","","0","0","0","0","0","0","0","0","0","8","0","","67","1","2021","7","39.968799","-75.232213","","6","0","0","0","0","0","0","0","0","","0","0","0","","","1","","1","","39 58:07.676","","0","75 13:55.966","8","0","0","0","67301","1","0","0","N","1","0","0","2","67301","0","","1.0","","1","N","N","N","0","","0","0","0","3","3","","","2","1","0","0","0","1","0","2","0","1","","","","N","","","","","","","","","",""
"2021002262","","1","0","0","0","0","0","0","0","0","4","0","","67","1","2021","2","40.036992","-75.07981","","6","0","0","0","0","0","0","0","0","","0","0","0","","","1","","1","","40 02:13.172","","0","75 04:47.317","3","0","0","0","67301","0","0","0","N","0","0","0","1","67301","0","","1.0","","9","N","N","N","0","","1","0","1","3","2","","","3","1","0","0","0","0","0","2","1","3","","","","N","","","","","","","","","",""
"2021009093","","2","0","0","0","0","0","0","0","0","4","0","","67","1","2021","3","40.00713","-75.094069","","6","0","0","0","0","1","0","0","0","","0","0","0","","","2","","1","","40 00:25.667","","1","75 05:38.650","3","0","0","0","67301","0","0","0","N","0","0","0","3","67301","1","","1.0","","1","N","N","N","0","","1","0","0","3","2","","","2","2","3","0","0","0","0","2","0","2","","03","","N","","","","","","","","","",""
"2021003423","","1","0","0","0","0","0","0","0","0","2","0","","67","1","2021","1","39.98775","-75.146","","6","0","0","0","0","0","0","0","0","","0","0","0","","","0","N","0","","39 59:15.900","","0","75 08:45.600","0","0","0","0","67301","0","0","0","N","0","0","0","1","67301","0","","6.0","","1","N","N","N","0","","0","0","1","0","0","","","2","0","0","0","0","0","0","2","0","2","","03","","N","","","","","","","","","",""
"2021003864","","0","0","0","0","0","0","0","0","0","7","0","35","67","1","2021","3","39.955526","-75.148161","","6","0","0","0","0","0","0","0","1","","0","0","0","","","1","N","0","","39 57:19.893","4","2","75 08:53.378","4","0","0","0","67301","0","0","0","N","0","0","0","1","67501","1","","4.0","1430.0","1","N","N","N","1","","0","0","0","0","0","N","","1","1","0","0","0","0","0","2","0","1","","03","Y","Y","5","1","","","N","Y","","","","N"
"2021009973","","1","0","0","0","0","0","0","0","0","4","0","","67","1","2021","1","40.002789","-75.137842","","6","0","0","0","0","0","0","0","0","","0","0","0","","","0","","1","","40 00:10.040","","0","75 08:16.231","0","0","0","0","67301","0","0","0","N","0","0","0","4","67301","0","","1.0","","1","N","N","N","0","","0","0","1","3","2","","","2","0","0","0","0","0","0","2","0","2","","03","","N","","","","","","","","","",""
"2021042017","","1","0","0","0","0","0","0","0","0","1","0","","67","5","2021","6","39.963349","-75.138685","","6","0","1","0","0","0","0","0","0","","0","0","0","","","0","N","0","","39 57:48.055","","3","75 08:19.266","9","0","0","0","67301","0","0","0","N","0","0","0","2","68K01","0","","1.0","","1","N","N","N","0","","0","0","0","0","0","","","2","0","1","0","0","0","1","2","0","2","","","","N","","","","","","","","","",""
"2021020010","","0","0","0","0","0","0","0","0","0","8","0","","67","2","2021","7","39.97876","-75.230079","","6","1","0","0","0","0","0","0","0","","0","0","0","","","1","N","2","","39 58:43.537","","0","75 13:48.284","3","0","0","0","67301","1","0","0","N","1","0","0","2","67301","0","","5.0","","1","N","N","N","0","","1","0","1","0","0","","","2","1","1","0","0","0","0","2","0","1","","","","N","","","","","","","","","",""
"2021014841","","1","0","0","0","0","0","0","0","0","7","0","","67","2","2021","5","40.056346","-75.152602","","6","0","0","0","0","0","0","0","0","","0","0","0","","","0","","5","","40 03:22.845","","0","75 09:09.367","9","0","0","0","67301","0","0","0","N","0","0","0","2","67301","0","","4.0","","2","N","N","N","0","","0","0","0","3","2","","","2","0","0","0","0","0","1","2","0","2","","03","","N","","","","","","","","","",""
"2021002276","","3","0","0","0","0","0","0","0","0","5","0","","67","1","2021","5","40.029767","-75.162453","","6","0","0","0","0","0","0","0","0","","0","0","0","","","0","N","0","","40 01:47.160","3","0","75 09:44.830","0","0","0","0","67301","0","0","0","N","0","0","0","1","67301","0","","6.0","115.0","1","N","N","N","0","","0","0","0","0","0","N","","4","0","0","0","0","0","0","2","1","4","","03","","N","","","","","","","","","",""