"CRN","ARRIVAL_TM","AUTOMOBILE_COUNT","BELTED_DEATH_COUNT","BELTED_SUSP_SERIOUS_INJ_COUNT","BICYCLE_COUNT","BICYCLE_DEATH_COUNT","BICYCLE_SUSP_SERIOUS_INJ_COUNT","BUS_COUNT","CHLDPAS_DEATH_COUNT","CHLDPAS_SUSP_SERIOUS_INJ_COUNT","COLLISION_TYPE","COMM_VEH_COUNT","CONS_ZONE_SPD_LIM","COUNTY","CRASH_MONTH","CRASH_YEAR","DAY_OF_WEEK","DEC_LATITUDE","DEC_LONGITUDE","DISPATCH_TM","DISTRICT","DRIVER_COUNT_16YR","DRIVER_COUNT_17YR","DRIVER_COUNT_18YR","DRIVER_COUNT_19YR","DRIVER_COUNT_20YR","DRIVER_COUNT_50_64YR","DRIVER_COUNT_65_74YR","DRIVER_COUNT_75PLUS","EST_HRS_CLOSED","FATAL_COUNT","HEAVY_TRUCK_COUNT","HORSE_BUGGY_COUNT","HOUR_OF_DAY","ILLUMINATION","INJURY_COUNT","INTERSECTION_RELATED","INTERSECT_TYPE","LANE_CLOSED","LATITUDE","LN_CLOSE_DIR","LOCATION_TYPE","LONGITUDE","MAX_SEVERITY_LEVEL","MCYCLE_DEATH_COUNT","MCYCLE_SUSP_SERIOUS_INJ_COUNT","MOTORCYCLE_COUNT","MUNICIPALITY","NONMOTR_COUNT","NONMOTR_DEATH_COUNT","NONMOTR_SUSP_SERIOUS_INJ_COUNT","NTFY_HIWY_MAINT","PED_COUNT","PED_DEATH_COUNT","PED_SUSP_SERIOUS_INJ_COUNT","PERSON_COUNT","POLICE_AGCY","POSSIBLE_INJ_COUNT","RDWY_SURF_TYPE_CD","RELATION_TO_ROAD","ROADWAY_CLEARED","ROAD_CONDITION","SCH_BUS_IND","SCH_ZONE_IND","SECONDARY_CRASH","SMALL_TRUCK_COUNT","SPEC_JURIS_CD","SUSP_MINOR_INJ_COUNT","SUSP_SERIOUS_INJ_COUNT","SUV_COUNT","TCD_FUNC_CD","TCD_TYPE","TFC_DETOUR_IND","TIME_OF_DAY","TOTAL_UNITS","TOT_INJ_COUNT","UNBELTED_OCC_COUNT","UNB_DEATH_COUNT","UNB_SUSP_SERIOUS_INJ_COUNT","UNK_INJ_DEG_COUNT","UNK_INJ_PER_COUNT","URBAN_RURAL","VAN_COUNT","VEHICLE_COUNT","WEATHER1","WEATHER2","WORKERS_PRES","WORK_ZONE_IND","WORK_ZONE_LOC","WORK_ZONE_TYPE","WZ_CLOSE_DETOUR","WZ_FLAGGER","WZ_LAW_OFFCR_IND","WZ_LN_CLOSURE","WZ_MOVING","WZ_OTHER","WZ_SHLDER_MDN","WZ_WORKERS_INJ_KILLED"
"2021009332","","1","0","0","0","0","0","0","0","0","4","0","","67","1","2021","1","39.946994","-75.164829","","6","0","0","0","0","0","1","0","0","","0","0","0","","","0","","1","","39 56:49.178","2","0","75 09:53.385","9","0","0","0","67301","0","0","0","N","0","0","0","3","67301","0","","1.0","1830.0","1","N","N","N","0","","0","0","1","3","2","Y","","2","0","0","0","0","0","2","2","0","2","","03","","N","","","","","","","","","",""
"2021002645","","2","0","0","0","0","0","0","0","0","5","0","","67","1","2021","3","39.990231","-75.150242","","6","0","0","0","0","0","1","0","0","","0","0","0","","","0","N","0","","39 59:24.830","","0","75 09:00.870","9","0","0","0","67301","0","0","0","N","0","0","0","1","67301","0","","6.0","","1","N","N","N","0","","0","0","0","0","0","","","2","0","0","0","0","0","1","2","0","2","","03","","N","","","","","","","","","",""
"2021014358","","2","0","0","0","0","0","0","0","0","5","0","","67","1","2021","7","39.957166","-75.156545","","6","0","0","0","0","0","0","0","0","","0","0","0","","","3","N","0","","39 57:25.798","4","0","75 09:23.562","4","0","0","0","67301","0","0","0","N","0","0","0","4","68K01","1","","1.0","20.0","1","N","N","N","0","","0","0","1","0","0","N","","3","3","0","0","0","2","0","2","0","3","","","","N","","","","","","","","","",""
"2021037559","","1","0","0","0","0","0","0","0","0","2","0","","67","4","2021","1","40.039966","-75.006615","","6","0","0","1","0","0","0","0","0","","0","0","0","","","0","N","0","","40 02:23.876","","0","75 00:23.813","0","0","0","0","67301","0","0","0","N","0","0","0","2","68K01","0","","2.0","","9","N","N","N","0","","0","0","0","0","0","","","1","0","0","0","0","0","0","2","0","1","","","","N","","","","","","","","","",""
"2021002286","","1","0","0","0","0","0","0","0","0","1","0","35","67","1","2021","1","40.020534","-75.155988","","6","0","0","0","0","0","0","0","0","","0","0","0","","","1","N","0","","40 01:13.922","1","3","75 09:21.556","2","0","0","0","67301","0","0","0","N","0","0","0","3","67301","0","","1.0","530.0","1","N","N","N","0","","0","1","1","0","0","Y","","2","1","0","0","0","0","0","2","0","2","","03","N","Y","4","1","N","N","N","N","N","N","Y","N"
"2021004230","","2","0","0","0","0","0","0","0","0","5","0","","67","1","2021","1","39.972233","-75.137328","","6","0","0","0","0","0","0","0","0","","0","0","0","","","0","N","0","","39 58:20.040","","0","75 08:14.380","0","0","0","0","67301","0","0","0","N","0","0","0","1","67301","0","","6.0","","1","N","N","N","1","","0","0","5","0","0","","","8","0","0","0","0","0","0","2","0","8","","03","","N","","","","","","","","","",""
"2021013858","","2","0","0","0","0","0","0","0","0","4","0","","67","2","2021","1","39.986278","-75.107936","","6","0","0","0","0","0","0","0","0","","0","0","0","","","0","","1","","39 59:10.600","3","0","75 06:28.569","0","0","0","0","67301","0","0","0","N","0","0","0","2","67301","0","","1.0","1800.0","2","N","N","N","0","","0","0","0","0","0","Y","","2","0","0","0","0","0","0","2","0","2","","10","","N","","","","","","","","","",""
"2021008851","","3","0","0","0","0","0","0","0","0","4","0","","67","1","2021","3","39.974508","-75.148083","","6","0","1","0","0","0","0","0","0","","0","0","0","","","0","","1","","39 58:28.228","","0","75 08:53.098","9","0","0","0","67301","0","0","0","N","0","0","0","2","67301","0","","1.0","","8","N","N","N","0","","0","0","0","3","3","","","4","0","0","0","0","0","1","2","0","4","","","","N","","","","","","","","","",""
"2021008359","","0","0","0","0","0","0","0","0","0","1","0","","67","1","2021","2","40.018821","-75.155528","","6","0","0","0","0","0","0","0","0","","0","0","0","","","0","N","0","","40 01:07.754","","0","75 09:19.899","0","0","0","0","67301","0","0","0","N","0","0","0","1","67301","0","","6.0","","1","N","N","N","0","","0","0","1","0","0","","","2","0","0","0","0","0","0","2","0","2","","","","N","","","","","","","","","",""
"2021003496","","1","0","0","0","0","0","0","0","0","5","0","","67","1","2021","1","40.032894","-75.210667","","6","0","0","0","0","0","0","0","0","","0","0","0","","","1","N","0","","40 01:58.420","","0","75 12:38.400","8","0","0","0","67301","0","0","0","N","0","0","0","1","67301","0","","6.0","","1","N","N","N","1","","0","0","0","0","0","","","3","1","0","0","0","1","0","2","1","3","","03","","N","","","","","","","","","",""
"2021013183","","1","0","0","0","0","0","0","0","0","1","0","","67","2","2021","2","40.037514","-75.132914","","6","0","0","0","0","0","0","0","0","","0","0","0","","","1","N","0","","40 02:15.050","6","0","75 07:58.490","3","0","0","0","67301","0","0","0","N","0","0","0","1","67301","0","","1.0","224.0","2","N","N","N","0","","1","0","1","0","0","N","","2","1","0","0","0","0","0","2","0","2","","10","","N","","","","","","","","","",""
"2021002272","","1","0","0","0","0","0","0","0","0","5","0","","67","1","2021","2","40.072764","-75.178681","","6","0","0","0","0","0","0","1","0","","0","0","0","","","1","N","0","","40 04:21.952","6","0","75 10:43.252","3","0","0","0","67301","0","0","0","N","0","0","0","1","67301","0","","6.0","1206.0","9","N","N","N","0","","1","0","1","0","0","Y","","2","1","0","0","0","0","0","2","0","2","","03","","N","","","","","","","","","",""
"2021018142","","1","0","0","0","0","0","0","0","0","1","0","55","67","2","2021","6","39.89871","-75.171186","","6","0","0","0","0","0","0","0","0","","0","0","0","","","0","N","0","","39 53:55.356","1","0","75 10:16.270","0","0","0","0","67301","0","0","0","N","0","0","0","2","68K01","0","","1.0","1521.0","1","N","N","Y","0","","0","0","1","0","0","N","","2","0","0","0","0","0","0","2","0","2","","03","N","Y","4","1","","","N","","","Y","Y","N"
"2021007806","","2","0","0","0","0","0","0","0","0","1","0","","67","1","2021","4","39.998789","-75.129208","","6","0","0","0","0","0","0","0","0","","0","0","0","","","0","N","0","","39 59:55.640","","0","75 07:45.150","0","0","0","0","67301","0","0","0","N","0","0","0","2","67301","0","","1.0","","1","N","N","N","0","","0","0","1","0","0","","","4","0","1","0","0","0","0","2","0","4","","03","","N","","","","","","","","","",""
"2021008850","","3","0","0","0","0","0","0","0","0","5","0","","67","1","2021","2","39.968667","-75.219889","","6","0","0","0","0","0","0","0","0","","0","0","0","","","0","N","0","","39 58:07.200","","0","75 13:11.600","0","0","0","0","67301","0","0","0","N","0","0","0","3","67301","0","","6.0","","1","N","N","N","0","","0","0","0","0","0","","","3","0","0","0","0","0","0","2","0","3","","03","","N","","","","","","","","","",""
"2021038836","","0","0","0","0","0","0","0","0","0","4","0","","67","4","2021","5","39.978937","-75.108171","","6","0","0","0","0","0","0","0","0","","0","0","0","","","1","N","0","","39 58:44.172","","0","75 06:29.417","3","0","0","0","67301","0","0","0","N","0","0","0","2","67301","0","","1.0","","99","N","N","N","1","","1","0","1","0","0","","","2","1","0","0","0","0","0","2","0","2","","","","N","","","","","","","","","",""
"2021035658","","0","0","0","0","0","0","0","0","0","1","0","45","67","4","2021","3","40.012757","-75.058501","","6","0","0","0","1","0","1","0","0","","0","0","0","","","0","N","0","","40 00:45.924","1","0","75 03:30.604","9","0","0","0","67301","0","0","0","N","0","0","0","3","68K01","0","","1.0","846.0","9","N","N","Y","0","","0","0","2","0","0","N","","3","0","1","0","0","0","1","2","0","3","","","Y","Y","4","1","N","N","N","N","N","N","Y","N"
"2021007376","","2","0","0","0","0","0","0","0","0","4","0","","67","1","2021","4","39.989274","-75.142855","","6","0","0","0","0","0","0","0","0","","0","0","0","","","2","","1","","39 59:21.386","","0","75 08:34.278","3","0","0","0","67301","0","0","0","N","0","0","0","3","67301","0","","1.0","","1","N","N","N","0","","2","0","0","3","2","","","2","2","0","0","0","0","0","2","0","2","","03","","N","","","","","","","","","",""
"2021002398","","1","0","0","0","0","0","0","0","0","4","0","","67","1","2021","1","39.987689","-75.154503","","6","0","0","0","0","0","0","0","0","","0","0","0","","","0","","1","","39 59:15.679","","0","75 09:16.209","0","0","0","0","67301","0","0","0","N","0","0","0","2","67301","0","","1.0","","9","N","N","N","0","","0","0","1","3","3","","","2","0","0","0","0","0","0","2","0","2","","07","","N","","","","","","","","","",""
"2021006505","","1","0","0","0","0","0","0","0","0","8","0","","67","1","2021","2","39.999745","-75.138532","","6","0","0","0","0","0","0","0","0","","0","0","0","","","1","","1","","39 59:59.082","","0","75 08:18.715","2","0","0","0","67301","1","0","1","N","1","0","1","2","67301","0","","1.0","","1","N","N","N","0","","0","1","0","3","2","","","2","1","1","0","0","0","0","2","0","1","","03","","N","","","","","","","","","",""
"2021010234","","0","0","0","0","0","0","0","0","0","7","0","","67","1","2021","4","39.983189","-75.156819","","6","0","0","0","0","0","0","0","0","","0","0","0","","","0","","1","","39 58:59.480","","0","75 09:24.548","0","0","0","0","67301","0","0","0","N","0","0","0","1","67505","0","","4.0","","1","N","N","N","1","","0","0","0","3","2","","","1","0","0","0","0","0","0","2","0","1","","","","N","","","","","","","","","",""
"2021014465","","0","0","0","0","0","0","0","0","0","4","0","","67","2","2021","4","40.050667","-75.173272","","6","0","0","0","0","0","0","1","0","","0","0","0","","","1","","1","","40 03:02.401","","0","75 10:23.780","3","0","0","0","67301","0","0","0","N","0","0","0","2","67301","0","","1.0","","1","N","N","N","0","","1","0","1","3","2","","","2","1","0","0","0","0","0","2","1","2","","03","","N","","","","","","","","","",""
"2021035986","","2","0","0","0","0","0","0","0","0","1","0","","67","4","2021","4","40.020924","-75.159586","","6","0","0","0","0","0","0","0","0","","0","0","0","","","1","","2","","40 01:15.326","","0","75 09:34.509","3","0","0","0","67301","0","0","0","N","0","0","0","1","67301","0","","1.0","","1","N","N","N","0","","1","0","0","0","0","","","2","1","1","0","0","0","0","2","0","2","","03","","N","","","","","","","","","",""
"2021036738","","1","0","0","0","0","0","0","0","0","1","0","","67","4","2021","4","39.945151","-75.142687","","6","0","0","0","0","0","0","0","0","","0","0","0","","","0","N","0","","39 56:42.544","","0","75 08:33.674","0","0","0","0","67301","0","0","0","N","0","0","0","3","68K01","0","","1.0","","1","N","N","N","0","","0","0","2","0","0","","","3","0","0","0","0","0","0","2","0","3","","03","","N","","","","","","","","","",""
"2021007723","","2","0","0","0","0","0","0","0","0","1","0","","67","1","2021","1","39.953998","-75.198694","","6","0","0","0","0","0","1","0","0","","0","0","0","","","1","Y","0","","39 57:14.394","","0","75 11:55.298","3","0","0","0","67301","0","0","0","N","0","0","0","3","67504","0","","1.0","","1","N","N","N","0","","1","0","1","3","2","","","3","1","0","0","0","0","0","2","0","3","","03","","N","","","","","","","","","",""
"2021004031","","1","0","0","0","0","0","0","0","0","4","0","","67","1","2021","5","39.967985","-75.233726","","6","0","0","0","0","0","1","0","0","","0","0","0","","","1","","1","","39 58:04.746","","0","75 14:01.412","3","0","0","0","67301","0","0","0","N","0","0","0","2","67301","0","","1.0","","1","N","N","N","0","","1","0","1","3","2","","","2","1","0","0","0","0","0","2","0","2","","04","","N","","","","","","","","","",""
"2021014695","","1","0","0","0","0","0","0","0","0","2","0","","67","2","2021","2","39.882939","-75.222622","","6","0","0","0","0","0","1","0","0","","0","0","0","","","3","N","0","","39 52:58.580","","0","75 13:21.440","3","0","0","2","67301","0","0","0","N","0","0","0","3","67301","0","","1.0","","1","N","N","N","0","","3","0","0","0","0","","","3","3","0","0","0","0","0","2","0","3","","03","","N","","","","","","","","","",""
"2021007672","","0","0","0","0","0","0","0","0","0","4","0","","67","1","2021","7","40.024164","-75.095536","","6","0","0","0","0","0","0","0","0","","0","0","0","","","0","","1","","40 01:26.990","","0","75 05:43.929","9","0","0","0","67301","0","0","0","N","0","0","0","2","67301","0","","1.0","","99","N","N","N","0","","0","0","1","3","2","","","2","0","0","0","0","0","1","2","1","2","","","","N","","","","","","","","","",""
"2021010073","","1","0","0","1","0","0","0","0","0","4","0","","67","1","2021","7","39.939171","-75.191658","","6","0","0","0","0","0","0","1","0","","0","0","0","","","1","","2","","39 56:21.015","","7","75 11:29.968","3","0","0","0","67301","1","0","0","N","0","0","0","2","67301","0","","1.0","","1","N","N","N","0","","1","0","0","3","2","","","2","1","0","0","0","0","0","2","0","1","","","","N","","","","","","","","","",""
"2021005995","","0","0","0","0","0","0","0","0","0","4","0","","67","1","2021","7","39.919855","-75.227538","","6","0","0","0","0","0","0","0","0","","0","0","0","","","2","","1","","39 55:11.478","","0","75 13:39.136","3","0","0","0","67301","0","0","0","N","0","0","0","3","67301","0","","1.0","","1","N","N","N","0","","2","0","2","3","2","","","2","2","0","0","0","0","0","2","0","2","","03","","N","","","","","","","","","",""
"2021012802","","1","0","0","1","0","0","0","0","0","8","0","","67","2","2021","1","39.957398","-75.157071","","6","0","0","0","0","0","0","0","0","","0","0","0","","","1","","1","","39 57:26.633","","3","75 09:25.457","4","0","0","0","67301","1","0","0","N","0","0","0","6","67301","1","","1.0","","9","N","N","N","0","","0","0","0","3","2","","","2","1","0","0","0","0","0","2","0","1","","07","","N","","","","","","","","","",""
"2021012624","","2","0","0","0","0","0","0","0","0","4","0","","67","2","2021","6","40.032805","-75.032115","","6","0","0","0","0","0","0","0","0","","0","0","0","","","1","","1","","40 01:58.098","","0","75 01:55.613","3","0","0","0","67301","0","0","0","N","0","0","0","2","67301","0","","1.0","","9","N","N","N","0","","1","0","0","3","3","","","2","1","0","0","0","0","0","2","0","2","","03","","N","","","","","","","","","",""
"2021012725","","1","0","0","0","0","0","0","0","0","5","0","","67","2","2021","1","39.98652","-75.156231","","6","0","0","0","0","0","0","0","0","","0","0","0","","","1","N","0","","39 59:11.473","","0","75 09:22.430","8","0","0","0","67301","0","0","0","N","0","0","0","2","67301","0","","1.0","","1","N","N","N","0","","0","0","0","0","0","","","2","1","0","0","0","1","0","2","0","2","","03","","N","","","","","","","","","",""
"2021039836","","0","0","0","0","0","0","0","0","0","7","0","","67","4","2021","5","39.962278","-75.139791","","6","0","0","0","0","0","0","0","0","","0","0","0","","","1","N","0","","39 57:44.199","2","0","75 08:23.248","3","0","0","0","67301","0","0","0","N","0","0","0","1","68K01","0","","3.0","504.0","1","N","N","N","0","","1","0","1","0","0","N","","1","1","1","0","0","0","0","2","0","1","","","","N","","","","","","","","","",""
"2021012621","","2","0","0","0","0","0","0","0","0","2","0","","67","2","2021","7","39.951647","-75.153475","","6","0","0","0","0","0","0","1","0","","0","0","0","","","2","N","0","","39 57:05.930","","0","75 09:12.510","8","0","0","0","67301","0","0","0","N","0","0","0","4","67301","0","","1.0","","1","N","N","N","0","","0","0","0","3","2","","","2","2","0","0","0","2","0","2","0","2","","03","","N","","","","","","","","","",""
"2021008683","","1","0","0","0","0","0","0","0","0","7","0","","67","1","2021","4","39.955422","-75.148018","","6","0","0","1","0","0","0","0","0","","0","0","0","","","0","N","0","","39 57:19.519","","2","75 08:52.863","0","0","0","0","67301","0","0","0","N","0","0","0","1","67501","0","","4.0","","9","N","N","N","0","","0","0","0","0","0","","","1","0","0","0","0","0","0","2","0","1","","","","N","","","","","","","","","",""
"2021006035","","1","0","0","0","0","0","0","0","0","4","0","","67","1","2021","5","39.992316","-75.18455","","6","0","0","0","0","0","1","0","0","","0","0","0","","","2","","1","","39 59:32.337","","0","75 11:04.379","3","0","0","0","67301","0","0","0","N","0","0","0","3","67301","0","","1.0","","1","N","N","N","0","","2","0","1","3","3","","","2","2","0","0","0","0","0","2","0","2","","03","","N","","","","","","","","","",""
"2021012803","","1","0","0","0","0","0","0","0","0","4","0","","67","2","2021","1","40.121609","-75.016332","","6","0","0","0","0","0","0","1","0","","0","0","0","","","1","N","0","","40 07:17.791","","7","75 00:58.794","8","0","0","0","67301","0","0","0","N","0","0","0","5","67301","0","","1.0","","6","N","N","N","0","","0","0","1","0","0","","","2","1","0","0","0","1","4","2","0","2","","","","N","","","","","","","","","",""
"2021006827","","0","0","0","0","0","0","0","0","0","4","0","","67","1","2021","4","40.056444","-75.014222","","6","0","0","0","0","0","0","0","0","","0","0","0","","","0","","2","","40 03:23.200","","6","75 00:51.200","9","0","0","0","67301","0","0","0","N","0","0","0","2","67301","0","","1.0","","99","N","N","N","0","","0","0","2","3","3","","","2","0","0","0","0","0","2","2","0","2","","98","","N","","","","","","","","","",""
"2021020742","","1","0","0","0","0","0","0","0","0","4","0","","67","2","2021","4","39.968738","-75.211344","","6","0","0","0","0","0","0","0","0","","0","0","0","","","2","","5","","39 58:07.455","","0","75 12:40.840","2","0","0","0","67301","0","0","0","N","0","0","0","4","67508","1","","1.0","","1","N","N","Y","0","","0","1","0","3","2","","","2","2","0","0","0","0","0","2","0","2","","98","","N","","","","","","","","","",""
"2021010641","","1","0","0","0","0","0","0","0","0","7","0","","67","2","2021","2","40.038111","-75.072792","","6","0","0","0","0","0","0","0","0","","0","0","0","","","0","N","0","","40 02:17.200","","0","75 04:22.050","0","0","0","0","67301","0","0","0","N","0","0","0","1","67301","0","","4.0","","7","N","N","N","0","","0","0","0","0","0","","","1","0","0","0","0","0","0","2","0","1","","","","N","","","","","","","","","",""
"2021005980","","0","0","0","0","0","0","0","0","0","4","0","","67","1","2021","1","39.945967","-75.168342","","6","0","0","0","0","0","2","0","0","","0","0","0","","","1","","1","","39 56:45.480","","0","75 10:06.032","2","0","0","0","67301","0","0","0","N","0","0","0","2","67301","0","","1.0","","1","N","N","N","0","","0","1","2","3","2","","","2","1","0","0","0","0","0","2","0","2","","","","N","","","","","","","","","",""
"2021013855","","2","0","0","0","0","0","0","0","0","4","0","","67","2","2021","3","40.031149","-75.036056","","6","0","0","1","0","0","0","1","0","","0","0","0","","","0","","2","","40 01:52.137","3","0","75 02:09.802","0","0","0","0","67301","0","0","0","N","0","0","0","2","67301","0","","1.0","30.0","1","N","N","N","0","","0","0","0","3","3","N","","2","0","0","0","0","0","0","2","0","2","","","","N","","","","","","","","","",""
"2021006916","","1","0","0","0","0","0","0","0","0","4","0","","67","1","2021","1","39.977065","-75.229834","","6","0","0","0","0","0","1","0","0","","0","0","0","","","3","","1","","39 58:37.434","7","0","75 13:47.402","3","0","0","0","67301","0","0","0","N","0","0","0","3","67301","0","","1.0","1000.0","1","N","N","N","1","","3","0","0","3","2","N","","2","3","0","0","0","0","0","2","0","2","","03","","N","","","","","","","","","",""
"2021014996","","1","0","0","0","0","0","0","0","0","7","0","","67","2","2021","5","39.955139","-75.141069","","6","0","0","0","0","0","0","0","0","","0","0","0","","","1","N","0","","39 57:18.499","","0","75 08:27.848","3","0","0","0","67301","0","0","0","Y","0","0","0","3","68K01","0","","4.0","","1","N","N","N","0","","1","0","0","0","0","","","1","1","0","0","0","0","0","2","0","1","","03","","N","","","","","","","","","",""
"2021003047","","1","0","0","0","0","0","0","0","0","5","0","","67","1","2021","4","40.023343","-75.148061","","6","0","0","1","0","0","1","0","0","","0","0","0","","","1","N","0","","40 01:24.034","2","0","75 08:53.021","3","0","0","0","67301","0","0","0","N","0","0","0","2","67301","0","","1.0","2340.0","1","N","N","N","0","","1","0","1","0","0","N","","2","1","0","0","0","0","0","2","0","2","","","","N","","","","","","","","","",""
"2021039382","","0","0","0","0","0","0","0","0","0","5","1","","67","2","2021","2","40.012984","-75.119382","","6","0","0","0","0","0","0","0","0","","0","1","0","","","1","","1","","40 00:46.743","","0","75 07:09.776","4","0","0","0","67301","0","0","0","N","0","0","0","2","67301","1","","1.0","","2","N","N","N","0","","0","0","1","3","2","","","2","1","0","0","0","0","0","2","0","2","","06","","N","","","","","","","","","",""
"2021007290","","1","0","0","0","0","0","0","0","0","4","0","","67","1","2021","5","40.032274","-75.050985","","6","0","0","0","0","0","0","0","1","","0","0","0","","","0","","1","","40 01:56.185","","0","75 03:03.545","9","0","0","0","67301","0","0","0","N","0","0","0","3","67301","0","","1.0","","1","N","N","N","0","","0","0","1","3","2","","","2","0","0","0","0","0","1","2","0","2","","03","","N","","","","","","","","","",""
"2021014697","","2","0","0","0","0","0","0","0","0","4","0","","67","2","2021","2","39.913486","-75.227315","","6","0","0","0","0","0","0","0","0","","0","0","0","","","3","","2","","39 54:48.549","","0","75 13:38.334","3","0","0","0","67301","0","0","0","N","0","0","0","3","67301","0","","1.0","","1","N","N","N","0","","3","0","0","3","2","","","2","3","1","0","0","0","0","2","0","2","","03","","N","","","","","","","","","",""
"2021035497","","0","0","0","0","0","0","0","0","0","8","0","","67","4","2021","6","40.035471","-75.108507","","6","0","0","0","0","0","0","0","0","","0","0","0","","","1","N","0","","40 02:07.695","","99","75 06:30.624","3","0","0","0","67301","1","0","0","N","1","0","0","1","67301","0","","1.0","","1","N","N","N","1","","1","0","0","0","0","","","2","1","0","0","0","0","0","2","0","1","","","","N","","","","","","","","","",""
"2021007673","","1","0","0","0","0","0","0","0","0","4","0","","67","1","2021","6","39.957207","-75.227475","","6","0","0","0","0","1","0","0","0","","0","0","0","","","2","","1","","39 57:25.946","","0","75 13:38.909","3","0","0","0","67301","0","0","0","N","0","0","0","2","67301","0","","1.0","","1","N","N","N","0","","2","0","1","3","2","","","2","2","2","0","0","0","0","2","0","2","","","","N","","","","","","","","","",""
"2021038486","","1","0","0","0","0","0","0","0","0","1","0","","67","4","2021","7","40.017978","-75.121122","","6","0","0","0","0","0","0","0","0","","0","0","0","","","1","N","0","","40 01:04.720","","0","75 07:16.040","8","0","0","1","67301","0","0","0","N","0","0","0","2","67301","0","","1.0","","1","N","Y","N","0","","0","0","0","0","0","U","","2","1","0","0","0","1","1","2","0","2","","","","N","","","","","","","","","",""
"2021040287","","3","0","0","0","0","0","0","0","0","4","0","","67","4","2021","5","39.996095","-75.082987","","6","0","0","0","0","0","0","0","0","","0","0","0","","","1","N","0","","39 59:45.942","2","0","75 04:58.752","3","0","0","0","67301","0","0","0","N","0","0","0","4","68K01","0","","1.0","1150.0","1","N","N","N","0","","1","0","0","0","0","N","","3","1","0","0","0","0","0","2","0","3","","03","","N","","","","","","","","","",""
"2021027923","","1","0","0","0","0","0","0","0","0","4","0","","67","3","2021","5","40.073361","-75.158161","","6","0","0","0","0","0","1","0","0","","0","0","0","","","1","N","0","","40 04:24.100","","7","75 09:29.380","8","0","0","0","67301","0","0","0","N","0","0","0","3","67301","0","","1.0","","1","N","N","N","1","","0","0","0","0","0","","","2","1","2","0","0","1","1","2","0","2","","03","","N","","","","","","","","","",""
"2021006026","","2","0","0","0","0","0","0","0","0","1","0","","67","1","2021","7","39.95656","-75.241884","","6","0","0","0","0","0","0","0","0","","0","0","0","","","1","","1","","39 57:23.616","","0","75 14:30.782","3","0","0","0","67301","0","0","0","N","0","0","0","3","67301","0","","1.0","","99","N","N","N","0","","1","0","0","3","2","","","2","1","0","0","0","0","0","2","0","2","","98","","N","","","","","","","","","",""
"2021016350","","1","0","0","0","0","0","0","0","0","4","0","","67","2","2021","7","39.943921","-75.151911","","6","0","0","0","0","0","1","0","0","","0","0","0","","","1","","1","","39 56:38.115","","0","75 09:06.879","8","0","0","0","67301","0","0","0","N","0","0","0","2","67301","0","","1.0","","1","N","N","Y","0","","0","0","1","3","2","","","2","1","1","0","0","1","0","2","0","2","","03","","N","","","","","","","","","",""
"2021006202","","1","0","0","0","0","0","0","0","0","1","0","","67","1","2021","1","39.999755","-75.153326","","6","0","0","0","0","0","0","0","0","","0","0","0","","","1","N","0","","39 59:59.117","","0","75 09:11.973","3","0","0","0","67301","0","0","0","N","0","0","0","3","67301","0","","6.0","","1","N","N","N","0","","1","0","1","0","0","","","3","1","0","0","0","0","1","2","0","2","","03","","N","","","","","","","","","",""
"2021040449","","1","0","0","0","0","0","0","0","0","8","0","","67","5","2021","3","39.971328","-75.149786","","6","0","0","0","0","0","0","0","0","","0","0","0","","","1","N","0","","39 58:16.780","","0","75 08:59.230","4","0","0","0","67301","1","0","0","N","1","0","0","2","67301","1","","9.0","","1","N","N","N","0","","0","0","0","0","0","","","2","1","0","0","0","0","0","2","0","1","","03","","N","","","","","","","","","",""
"2021003752","","3","0","0","0","0","0","0","0","0","4","0","","67","1","2021","3","39.998317","-75.149866","","6","0","0","0","0","0","1","0","0","","0","0","0","","","1","","1","","39 59:53.941","","0","75 08:59.517","8","0","0","0","67301","0","0","0","N","0","0","0","3","67301","0","","1.0","","1","N","N","N","0","","0","0","0","3","2","","","3","1","0","0","0","1","0","2","0","3","","","","N","","","","","","","","","",""
"2021010347","","2","0","0","0","0","0","0","0","0","4","0","","67","1","2021","7","40.076444","-75.195025","","6","0","0","0","0","0","0","0","0","","0","0","0","","","0","","1","","40 04:35.197","","0","75 11:42.089","9","0","0","0","67301","0","0","0","N","0","0","0","2","67301","0","","1.0","","1","N","N","N","0","","0","0","0","3","2","","","2","0","0","0","0","0","2","2","0","2","","03","","N","","","","","","","","","",""
"2021040343","","1","0","0","0","0","0","0","0","0","1","0","","67","5","2021","1","39.891942","-75.241906","","6","0","0","0","0","0","1","0","0","","0","0","0","","","2","","1","","39 53:30.990","","0","75 14:30.862","3","0","0","0","67301","0","0","0","N","0","0","0","2","67301","0","","1.0","","1","N","N","N","0","","2","0","0","3","2","","","2","2","0","0","0","0","0","2","0","2","","03","","N","","","","","","","","","",""
"2021041991","","1","0","0","0","0","0","0","0","0","7","0","","67","2","2021","5","39.977917","-75.164611","","6","0","0","0","0","0","0","0","0","","0","0","0","","","0","N","0","","39 58:40.500","","0","75 09:52.600","0","0","0","0","67301","0","0","0","N","0","0","0","1","67301","0","","4.0","","1","N","N","Y","0","","0","0","1","0","0","","","2","0","1","0","0","0","0","2","0","2","","","","N","","","","","","","","","",""