"CRN","ARRIVAL_TM","AUTOMOBILE_COUNT","BELTED_DEATH_COUNT","BELTED_SUSP_SERIOUS_INJ_COUNT","BICYCLE_COUNT","BICYCLE_DEATH_COUNT","BICYCLE_SUSP_SERIOUS_INJ_COUNT","BUS_COUNT","CHLDPAS_DEATH_COUNT","CHLDPAS_SUSP_SERIOUS_INJ_COUNT","COLLISION_TYPE","COMM_VEH_COUNT","CONS_ZONE_SPD_LIM","COUNTY","CRASH_MONTH","CRASH_YEAR","DAY_OF_WEEK","DEC_LATITUDE","DEC_LONGITUDE","DISPATCH_TM","DISTRICT","DRIVER_COUNT_16YR","DRIVER_COUNT_17YR","DRIVER_COUNT_18YR","DRIVER_COUNT_19YR","DRIVER_COUNT_20YR","DRIVER_COUNT_50_64YR","DRIVER_COUNT_65_74YR","DRIVER_COUNT_75PLUS","EST_HRS_CLOSED","FATAL_COUNT","HEAVY_TRUCK_COUNT","HORSE_BUGGY_COUNT","HOUR_OF_DAY","ILLUMINATION","INJURY_COUNT","INTERSECTION_RELATED","INTERSECT_TYPE","LANE_CLOSED","LATITUDE","LN_CLOSE_DIR","LOCATION_TYPE","LONGITUDE","MAX_SEVERITY_LEVEL","MCYCLE_DEATH_COUNT","MCYCLE_SUSP_SERIOUS_INJ_COUNT","MOTORCYCLE_COUNT","MUNICIPALITY","NONMOTR_COUNT","NONMOTR_DEATH_COUNT","NONMOTR_SUSP_SERIOUS_INJ_COUNT","NTFY_HIWY_MAINT","PED_COUNT","PED_DEATH_COUNT","PED_SUSP_SERIOUS_INJ_COUNT","PERSON_COUNT","POLICE_AGCY","POSSIBLE_INJ_COUNT","RDWY_SURF_TYPE_CD","RELATION_TO_ROAD","ROADWAY_CLEARED","ROAD_CONDITION","SCH_BUS_IND","SCH_ZONE_IND","SECONDARY_CRASH","SMALL_TRUCK_COUNT","SPEC_JURIS_CD","SUSP_MINOR_INJ_COUNT","SUSP_SERIOUS_INJ_COUNT","SUV_COUNT","TCD_FUNC_CD","TCD_TYPE","TFC_DETOUR_IND","TIME_OF_DAY","TOTAL_UNITS","TOT_INJ_COUNT","UNBELTED_OCC_COUNT","UNB_DEATH_COUNT","UNB_SUSP_SERIOUS_INJ_COUNT","UNK_INJ_DEG_COUNT","UNK_INJ_PER_COUNT","URBAN_RURAL","VAN_COUNT","VEHICLE_COUNT","WEATHER1","WEATHER2","WORKERS_PRES","WORK_ZONE_IND","WORK_ZONE_LOC","WORK_ZONE_TYPE","WZ_CLOSE_DETOUR","WZ_FLAGGER","WZ_LAW_OFFCR_IND","WZ_LN_CLOSURE","WZ_MOVING","WZ_OTHER","WZ_SHLDER_MDN","WZ_WORKERS_INJ_KILLED"
"2021002289","","1","0","0","0","0","0","0","0","0","5","0","","67","1","2021","4","40.021911","-75.127253","","6","0","0","0","0","0","0","0","0","","0","0","0","","","0","N","0","","40 01:18.880","","0","75 07:38.110","0","0","0","0","67301","0","0","0","N","0","0","0","1","67301","0","","6.0","","1","N","N","N","1","","0","0","1","0","0","","","3","0","0","0","0","0","0","2","0","3","","","","N","","","","","","","","","",""
"2021006199","","3","0","0","0","0","0","0","0","0","2","0","","67","1","2021","3","40.057933","-75.152558","","6","0","0","0","0","0","0","0","0","","0","0","0","","","1","N","0","","40 03:28.560","","0","75 09:09.210","4","0","0","0","67301","0","0","0","N","0","0","0","1","67301","1","","6.0","","1","N","N","Y","0","","0","0","1","0","0","","","4","1","1","0","0","0","0","2","0","4","","03","","N","","","","","","","","","",""
"2021002281","","1","0","0","0","0","0","0","0","0","4","0","","67","1","2021","3","39.958437","-75.231274","","6","0","0","0","0","0","1","0","0","","0","0","0","","","0","","1","","39 57:30.373","","0","75 13:52.586","0","0","0","0","67301","0","0","0","N","0","0","0","2","67301","0","","1.0","","1","N","N","N","0","","0","0","0","3","3","","","2","0","0","0","0","0","0","2","1","2","","03","","N","","","","","","","","","",""
"2021041058","","1","0","0","0","0","0","0","0","0","4","0","","67","5","2021","5","40.038814","-75.066075","","6","0","0","0","0","1","1","0","0","","0","0","0","","","1","N","0","","40 02:19.730","","0","75 03:57.870","8","0","0","1","67301","0","0","0","N","0","0","0","2","67301","0","","1.0","","1","N","Y","N","0","","0","0","0","0","0","","","2","1","0","0","0","1","0","2","0","2","","03","","N","","","","","","","","","",""
"2021007931","","2","0","0","0","0","0","0","0","0","4","0","","67","1","2021","7","39.952435","-75.242751","","6","0","0","0","1","0","0","0","0","","0","0","0","","","1","","1","","39 57:08.765","","0","75 14:33.903","3","0","0","0","67301","0","0","0","N","0","0","0","2","67301","0","","1.0","","1","N","N","N","0","","1","0","0","3","1","","","3","1","0","0","0","0","1","2","1","3","","03","","N","","","","","","","","","",""
"2021036032","","1","0","0","0","0","0","0","0","0","1","0","","67","4","2021","1","39.964816","-75.185347","","6","0","0","0","0","0","0","0","0","","0","0","0","","","1","N","0","","39 57:53.336","3","0","75 11:07.248","8","0","0","0","67301","0","0","0","N","0","0","0","5","68K01","0","","1.0","30.0","1","N","N","Y","0","","0","0","3","0","0","N","","4","1","0","0","0","1","0","2","0","4","","03","","N","","","","","","","","","",""
"2021013534","","1","0","0","0","0","0","0","0","0","7","0","","67","1","2021","3","40.040351","-75.006","","6","0","0","0","0","0","1","0","0","","0","0","0","","","0","N","0","","40 02:25.263","","0","75 00:21.599","0","0","0","0","67301","0","0","0","N","0","0","0","3","68K01","0","","3.0","","1","N","N","N","0","","0","0","1","0","0","","","3","0","0","0","0","0","0","2","0","2","","","","N","","","","","","","","","",""
"2021005969","","1","0","0","0","0","0","0","0","0","4","0","","67","1","2021","6","40.128935","-75.008739","","6","0","0","0","0","0","0","1","0","","0","0","0","","","1","","1","","40 07:44.165","2","0","75 00:31.460","3","0","0","0","67301","0","0","0","N","0","0","0","2","67301","0","","1.0","830.0","1","N","N","N","1","","1","0","0","3","3","N","","2","1","0","0","0","0","0","2","0","2","","07","","N","","","","","","","","","",""
"2021036474","","0","0","0","0","0","0","0","0","0","8","0","","67","4","2021","3","39.967408","-75.202958","","6","0","0","0","0","0","0","0","0","","0","0","0","","","1","N","0","","39 58:02.670","","0","75 12:10.650","8","0","0","0","67301","1","0","0","N","1","0","0","1","67301","0","","1.0","","1","N","N","N","0","","0","0","0","0","0","","","2","1","0","0","0","1","0","2","0","1","","03","","N","","","","","","","","","",""
"2021012393","","2","0","0","0","0","0","0","0","0","4","0","","67","2","2021","4","39.960268","-75.196858","","6","0","0","0","0","0","1","0","0","","0","0","0","","","0","","1","","39 57:36.965","","0","75 11:48.688","0","0","0","0","67301","0","0","0","N","0","0","0","2","67301","0","","1.0","","7","N","N","N","0","","0","0","0","3","2","","","2","0","0","0","0","0","0","2","0","2","","03","","N","","","","","","","","","",""
"2021009970","","1","0","0","0","0","0","0","0","0","4","0","","67","1","2021","7","39.998189","-75.101248","","6","0","0","0","0","0","0","0","0","","0","0","0","","","1","","1","","39 59:53.480","","0","75 06:04.492","8","0","0","0","67301","0","0","0","N","0","0","0","2","67301","0","","1.0","","1","N","N","N","0","","0","0","1","3","2","","","2","1","0","0","0","1","0","2","0","2","","03","","N","","","","","","","","","",""
"2021006905","","2","0","0","0","0","0","0","0","0","4","0","","67","1","2021","2","40.038636","-75.035844","","6","0","0","1","0","0","0","0","0","","0","0","0","","","2","N","0","","40 02:19.088","2","7","75 02:09.040","3","0","0","0","67301","0","0","0","N","0","0","0","4","67301","0","","1.0","1100.0","1","N","N","N","0","","2","0","0","0","0","Y","","2","2","0","0","0","0","0","2","0","2","","03","","N","","","","","","","","","",""
"2021012729","","0","0","0","0","0","0","0","0","0","5","0","","67","2","2021","7","39.994174","-75.156388","","6","0","0","0","0","0","0","0","0","","0","0","0","","","1","N","0","","39 59:39.028","","0","75 09:22.995","8","0","0","0","67301","0","0","0","N","0","0","0","2","67301","0","","1.0","","1","N","N","N","0","","0","0","1","0","0","","","2","1","0","0","0","1","0","2","1","2","","03","","N","","","","","","","","","",""
"2021037722","","1","0","0","1","0","0","0","0","0","8","0","","67","4","2021","5","40.043433","-75.059636","","6","0","0","0","0","0","0","0","0","","0","0","0","","","1","N","0","","40 02:36.360","","0","75 03:34.690","3","0","0","0","67301","1","0","0","N","0","0","0","2","67301","0","","1.0","","1","N","N","N","0","","1","0","0","0","0","","","2","1","0","0","0","0","0","2","0","1","","","","N","","","","","","","","","",""
"2021002650","","2","0","0","0","0","0","0","0","0","4","0","","67","1","2021","4","39.997042","-75.178573","","6","0","0","0","0","0","0","0","0","","0","0","0","","","1","","1","","39 59:49.350","","0","75 10:42.861","3","0","0","0","67301","0","0","0","N","0","0","0","2","67301","0","","1.0","","1","N","N","N","0","","1","0","0","3","2","","","2","1","0","0","0","0","0","2","0","2","","03","","N","","","","","","","","","",""
"2021014698","","2","0","0","0","0","0","0","0","0","4","0","","67","2","2021","2","39.938592","-75.234511","","6","0","0","0","1","0","0","0","0","","0","0","0","","","2","","2","","39 56:18.930","","0","75 14:04.239","3","0","0","0","67301","0","0","0","N","0","0","0","3","67301","0","","1.0","","1","N","N","N","0","","2","0","0","3","3","","","2","2","3","0","0","0","0","2","0","2","","","","N","","","","","","","","","",""
"2021011512","","3","0","0","0","0","0","0","0","0","2","0","","67","1","2021","4","39.92735","-75.183071","","6","0","0","0","0","0","0","0","0","","0","0","0","","","1","N","1","","39 55:38.460","4","0","75 10:59.055","3","0","0","0","67301","0","0","0","N","0","0","0","2","67301","0","","1.0","1138.0","1","N","N","N","0","","1","0","0","0","0","Y","","3","1","1","0","0","0","0","2","0","3","","04","","N","","","","","","","","","",""
"2021012623","","0","0","0","0","0","0","0","0","0","1","0","","67","2","2021","3","40.052236","-75.175821","","6","0","0","0","0","0","1","0","0","","0","0","0","","","1","","1","","40 03:08.049","","0","75 10:32.957","3","0","0","0","67301","0","0","0","N","0","0","0","3","67301","0","","1.0","","7","N","N","Y","0","","1","0","2","3","2","","","3","1","0","0","0","0","2","2","1","3","","10","","N","","","","","","","","","",""
"2021007292","","2","0","0","0","0","0","0","0","0","4","0","","67","1","2021","1","39.972445","-75.162583","","6","0","0","0","0","0","0","0","0","","0","0","0","","","0","","1","","39 58:20.801","","0","75 09:45.298","0","0","0","0","67301","0","0","0","N","0","0","0","2","67301","0","","1.0","","1","N","N","N","0","","0","0","0","3","3","","","2","0","0","0","0","0","0","2","0","2","","03","","N","","","","","","","","","",""
"2021011517","","0","0","0","0","0","0","0","0","0","2","0","","67","1","2021","1","39.940981","-75.232694","","6","0","0","0","0","0","0","0","0","","0","0","0","","","1","N","0","","39 56:27.530","","0","75 13:57.700","3","0","0","0","67301","0","0","0","N","0","0","0","3","67301","0","","1.0","","7","N","N","N","0","","1","0","2","0","0","","","2","1","0","0","0","0","0","2","0","2","","06","","N","","","","","","","","","",""
"2021011519","","0","0","0","0","0","0","0","0","0","4","0","","67","1","2021","7","40.030793","-75.041184","","6","0","0","0","0","0","1","0","0","","0","0","0","","","1","","1","","40 01:50.853","","0","75 02:28.264","3","0","0","0","67301","0","0","0","N","0","0","0","3","67301","0","","1.0","","1","N","N","N","0","","1","0","2","3","3","","","3","1","0","0","0","0","0","2","1","3","","03","","N","","","","","","","","","",""
"2021005964","","3","0","0","0","0","0","0","0","0","1","0","","67","1","2021","6","39.960569","-75.141379","","6","0","0","0","0","0","1","2","0","","0","0","0","","","0","","1","","39 57:38.047","","0","75 08:28.964","0","0","0","0","67301","0","0","0","N","0","0","0","4","67301","0","","1.0","","9","N","N","N","0","","0","0","1","3","2","","","4","0","0","0","0","0","0","2","0","4","","07","","N","","","","","","","","","",""
"2021011091","","0","0","0","0","0","0","0","0","0","5","0","","67","2","2021","2","40.004561","-75.130517","","6","0","0","0","0","0","0","0","0","","0","0","0","","","0","N","0","","40 00:16.420","4","0","75 07:49.860","0","0","0","0","67301","0","0","0","N","0","0","0","1","67301","0","","6.0","1720.0","7","N","N","N","0","","0","0","1","0","0","N","","2","0","0","0","0","0","0","2","1","2","","06","","N","","","","","","","","","",""
"2021042002","","1","0","0","0","0","0","0","0","0","1","0","","67","5","2021","4","39.973513","-75.193869","","6","0","0","0","0","0","1","0","0","","0","0","0","","","0","N","0","","39 58:24.646","","0","75 11:37.928","0","0","0","0","67301","0","0","0","N","0","0","0","2","68K01","0","","1.0","","9","N","N","N","0","","0","0","1","0","0","","","2","0","0","0","0","0","0","2","0","2","","04","","N","","","","","","","","","",""
"2021036938","","1","0","0","0","0","0","0","0","0","2","0","","67","4","2021","5","40.025129","-75.082673","","6","0","0","0","0","0","1","0","0","","0","0","0","","","1","","1","","40 01:30.464","","0","75 04:57.622","3","0","0","0","67301","0","0","0","N","0","0","0","2","67301","0","","1.0","","1","N","N","N","1","","1","0","0","9","3","","","2","1","1","0","0","0","0","2","0","2","","","","N","","","","","","","","","",""
"2021009642","","0","0","0","0","0","0","0","0","0","1","0","","67","1","2021","1","39.979818","-75.204792","","6","0","0","0","0","0","0","0","0","","0","0","0","","","1","N","0","","39 58:47.345","3","0","75 12:17.251","4","0","0","0","67301","0","0","0","N","0","0","0","2","68K01","1","","1.0","30.0","1","N","N","N","0","","0","0","2","0","0","N","","2","1","0","0","0","0","0","2","0","2","","","","N","","","","","","","","","",""
"2021003651","","2","0","0","0","0","0","0","0","0","4","0","","67","1","2021","7","39.916598","-75.231141","","6","0","0","0","0","0","1","0","0","","0","0","0","","","1","","1","","39 54:59.751","","0","75 13:52.108","8","0","0","0","67301","0","0","0","N","0","0","0","2","67301","0","","1.0","","1","N","N","N","0","","0","0","2","3","3","","","4","1","0","0","0","1","0","2","0","4","","03","","N","","","","","","","","","",""
"2021040442","","1","0","0","0","0","0","0","0","0","7","0","","67","5","2021","4","40.074205","-75.084777","","6","0","0","0","0","0","0","0","0","","0","0","0","","","0","N","0","","40 04:27.137","","7","75 05:05.198","0","0","0","0","67301","0","0","0","N","0","0","0","1","67301","0","","5.0","","1","N","N","N","0","","0","0","0","0","0","","","1","0","0","0","0","0","0","2","0","1","","","","N","","","","","","","","","",""
"2021013551","","0","0","0","0","0","0","0","0","0","7","0","","67","1","2021","1","39.950241","-75.141692","","6","0","0","0","0","0","0","0","0","","0","0","0","","","0","N","0","","39 57:00.866","","0","75 08:30.090","0","0","0","0","67301","0","0","0","N","0","0","0","1","68K01","0","","3.0","","6","N","N","N","0","","0","0","1","0","0","","","1","0","0","0","0","0","0","2","0","1","","","","N","","","","","","","","","",""
"2021012448","","0","0","0","0","0","0","0","0","0","8","0","","67","2","2021","6","39.980386","-75.157571","","6","0","0","0","0","0","1","0","0","","0","0","0","","","1","N","0","","39 58:49.390","","0","75 09:27.257","3","0","0","0","67301","1","0","0","N","1","0","0","2","67505","0","","1.0","","7","N","N","N","0","","1","0","1","0","0","","","2","1","0","0","0","0","0","2","0","1","","03","","N","","","","","","","","","",""
"2021037382","","1","0","0","0","0","0","0","0","0","4","1","","67","4","2021","5","39.936383","-75.218989","","6","0","0","0","0","0","1","0","0","","0","1","0","","","1","","1","","39 56:10.978","4","0","75 13:08.360","3","0","0","0","67301","0","0","0","N","0","0","0","3","67301","0","","1.0","900.0","1","N","N","N","0","","1","0","0","3","2","N","","2","1","0","0","0","0","0","2","0","2","","03","","N","","","","","","","","","",""
"2021041460","","1","0","0","0","0","0","1","0","0","1","1","","67","5","2021","6","40.026708","-75.094333","","6","0","0","0","0","0","1","0","0","","0","0","0","","","2","N","0","","40 01:36.149","2","0","75 05:39.597","3","0","0","0","67301","0","0","0","N","0","0","0","2","67301","0","","1.0","1410.0","1","Y","N","N","0","","2","0","0","0","0","N","","2","2","1","0","0","0","0","2","0","2","","04","","N","","","","","","","","","",""
"2021002787","","4","0","0","0","0","0","0","0","0","4","0","","67","1","2021","6","39.955152","-75.19832","","6","0","0","0","0","0","1","0","0","","0","0","0","","","2","","1","","39 57:18.548","","0","75 11:53.953","4","0","0","0","67301","0","0","0","N","0","0","0","4","67504","1","","1.0","","1","N","N","N","0","","0","0","0","3","2","","","4","2","0","0","0","1","0","2","0","4","","03","","N","","","","","","","","","",""
"2021006907","","0","0","0","0","0","0","0","0","0","4","0","","67","1","2021","6","40.028879","-75.089418","","6","0","0","0","0","0","0","0","0","","0","0","0","","","0","","1","","40 01:43.965","","0","75 05:21.904","0","0","0","0","67301","0","0","0","N","0","0","0","2","67301","0","","1.0","","1","N","N","N","0","","0","0","1","3","2","","","2","0","0","0","0","0","0","2","1","2","","03","","N","","","","","","","","","",""
"2021002291","","1","0","0","0","0","0","0","0","0","4","0","","67","1","2021","2","40.010933","-75.164664","","6","0","0","0","0","0","1","0","0","","0","0","0","","","1","N","0","","40 00:39.358","3","7","75 09:52.792","8","0","0","0","67301","0","0","0","N","0","0","0","2","67301","0","","1.0","750.0","9","N","N","N","0","","0","0","1","0","0","Y","","2","1","0","0","0","1","0","2","0","2","","03","","N","","","","","","","","","",""
"2021004226","","1","0","0","0","0","0","0","0","0","4","0","","67","1","2021","7","40.080757","-75.028601","","6","0","0","0","0","1","0","0","0","","0","0","0","","","0","","1","","40 04:50.725","1","0","75 01:42.964","0","0","0","0","67301","0","0","0","N","0","0","0","2","67301","0","","1.0","15.0","1","N","N","N","0","","0","0","1","3","2","Y","","2","0","0","0","0","0","0","2","0","2","","","","N","","","","","","","","","",""
"2021013635","","1","0","0","0","0","0","0","0","0","7","0","","67","2","2021","3","40.043472","-75.113889","","6","0","0","0","0","0","0","0","0","","0","0","0","","","1","N","0","","40 02:36.500","6","0","75 06:50.000","3","0","0","0","67301","0","0","0","N","0","0","0","1","67301","0","","3.0","116.0","2","N","N","N","0","","1","0","0","0","0","Y","","1","1","0","0","0","0","0","2","0","1","","98","","N","","","","","","","","","",""
"2021012926","","1","0","0","0","0","0","0","0","0","7","0","","67","2","2021","1","39.99335","-75.191778","","6","0","0","0","0","0","0","0","0","","0","0","0","","","0","N","0","","39 59:36.060","","0","75 11:30.400","9","0","0","0","67301","0","0","0","N","0","0","0","1","67301","0","","2.0","","2","N","N","N","0","","0","0","0","0","0","","","1","0","0","0","0","0","1","2","0","1","","","","N","","","","","","","","","",""
"2021036725","","2","0","0","0","0","0","0","0","0","1","0","","67","4","2021","3","39.944093","-75.191875","","6","0","0","0","0","0","1","0","0","","0","0","0","","","1","N","0","","39 56:38.735","4","0","75 11:30.749","3","0","0","0","67301","0","0","0","N","0","0","0","5","68K01","0","","1.0","20.0","1","N","N","N","0","","1","0","1","0","0","N","","3","1","0","0","0","0","0","2","0","3","","","","N","","","","","","","","","",""
"2021010395","","2","0","0","0","0","0","0","0","0","5","0","","67","1","2021","5","39.985306","-75.093857","","6","0","0","0","0","0","2","1","0","","0","0","0","","","4","N","0","","39 59:07.100","1","3","75 05:37.885","4","0","0","0","67301","0","0","0","N","0","0","0","10","68K01","2","","1.0","1935.0","1","N","N","N","3","","0","0","1","3","8","N","","6","4","0","0","0","2","0","2","0","6","","03","","N","","","","","","","","","",""
"2021012666","","0","0","0","0","0","0","0","0","0","7","0","","67","1","2021","1","39.930899","-75.199087","","6","0","0","0","0","0","0","0","0","","0","0","0","","","1","N","0","","39 55:51.235","3","0","75 11:56.714","8","0","0","0","67301","0","0","0","N","0","0","0","1","68K01","0","","3.0","15.0","1","N","N","N","0","","0","0","1","0","0","N","","1","1","0","0","0","1","0","2","0","1","","","","N","","","","","","","","","",""
"2021013298","","1","0","0","0","0","0","0","0","0","4","0","","67","2","2021","2","39.99999","-75.153145","","6","0","0","0","0","0","0","0","0","","0","0","0","","","2","","1","","39 59:59.964","","0","75 09:11.322","8","0","0","0","67301","0","0","0","N","0","0","0","2","67301","0","","1.0","","1","N","N","N","0","","0","0","1","3","2","","","2","2","0","0","0","2","0","2","0","2","","","","N","","","","","","","","","",""
"2021038911","","0","0","0","0","0","0","0","0","0","4","0","","67","4","2021","5","39.991499","-75.148313","","6","0","0","0","0","0","0","0","0","","0","1","0","","","0","","1","","39 59:29.396","","0","75 08:53.928","0","0","0","0","67301","0","0","0","N","0","0","0","1","67301","0","","1.0","","1","N","N","N","1","","0","0","1","3","2","","","3","0","0","0","0","0","0","2","0","3","","03","","N","","","","","","","","","",""
"2021008750","","1","0","0","0","0","0","0","0","0","3","0","","67","1","2021","1","40.06475","-75.00775","","6","0","0","0","0","0","0","0","0","","0","0","0","","","1","N","0","","40 03:53.100","","7","75 00:27.900","8","0","0","0","67301","0","0","0","N","0","0","0","2","67301","0","","1.0","","1","N","N","N","0","","0","0","1","0","0","","","2","1","0","0","0","1","0","2","0","2","","03","","N","","","","","","","","","",""
"2021002351","","3","0","0","0","0","0","0","0","0","5","0","45","67","1","2021","3","40.011766","-75.060667","","6","0","0","0","0","0","0","0","0","","0","0","0","","","1","N","0","","40 00:42.358","2","0","75 03:38.400","3","0","0","0","67301","0","0","0","N","0","0","0","3","68K01","0","","1.0","2302.0","1","N","N","N","0","","1","0","0","0","0","N","","3","1","0","0","0","0","0","2","0","3","","03","N","Y","2","1","","","N","Y","","","","N"
"2021040338","","1","0","0","0","0","0","0","0","0","1","0","","67","4","2021","5","39.944228","-75.244734","","6","0","0","0","0","0","0","0","1","","0","0","0","","","0","N","0","","39 56:39.220","","0","75 14:41.042","0","0","0","0","67301","0","0","0","N","0","0","0","2","67301","0","","1.0","","9","N","N","N","0","","0","0","1","3","2","","","2","0","0","0","0","0","0","2","0","2","","","","N","","","","","","","","","",""
"2021007471","","2","0","0","0","0","0","0","0","0","6","0","","67","1","2021","3","39.922675","-75.246199","","6","0","0","0","0","0","0","0","0","","0","0","0","","","0","N","0","","39 55:21.630","","0","75 14:46.315","0","0","0","0","67301","0","0","0","N","0","0","0","2","67301","0","","1.0","","1","N","N","N","0","","0","0","0","0","0","","","2","0","1","0","0","0","0","2","0","2","","","","N","","","","","","","","","",""
"2021002647","","2","0","0","0","0","0","0","0","0","1","0","","67","1","2021","4","40.006831","-75.150069","","6","0","0","0","0","0","0","0","0","","0","0","0","","","1","N","0","","40 00:24.590","","0","75 09:00.250","4","0","0","0","67301","0","0","0","N","0","0","0","3","67301","1","","1.0","","1","N","N","N","0","","0","0","1","0","0","","","3","1","1","0","0","0","0","2","0","3","","03","","N","","","","","","","","","",""
"2021025197","","2","0","0","0","0","0","0","0","0","4","0","","67","3","2021","3","40.013506","-75.177353","","6","0","0","0","0","0","0","0","0","","0","0","0","","","0","N","0","","40 00:48.620","","7","75 10:38.470","9","0","0","0","67301","0","0","0","N","0","0","0","2","67301","0","","1.0","","1","N","N","N","0","","0","0","0","0","0","","","2","0","0","0","0","0","1","2","0","2","","","","N","","","","","","","","","",""
"2021002649","","1","0","0","0","0","0","0","0","0","1","0","","67","1","2021","5","39.998207","-75.126996","","6","0","0","0","0","0","1","0","0","","0","0","0","","","1","Y","0","","39 59:53.544","","0","75 07:37.185","3","0","0","0","67301","0","0","0","N","0","0","0","2","67301","0","","1.0","","1","N","N","N","0","","1","0","1","3","2","","","2","1","0","0","0","0","0","2","0","2","","03","","N","","","","","","","","","",""
"2021008256","","2","0","0","0","0","0","0","0","0","3","0","","67","1","2021","3","39.953979","-75.242433","","6","0","0","0","0","0","1","1","0","","0","0","0","","","1","","1","","39 57:14.324","","0","75 14:32.758","4","0","0","0","67301","0","0","0","N","0","0","0","2","67301","1","","1.0","","1","N","N","N","0","","0","0","0","3","3","","","2","1","0","0","0","0","0","2","0","2","","","","N","","","","","","","","","",""
"2021006025","","4","0","0","0","0","0","0","0","0","4","0","","67","1","2021","7","39.956567","-75.209752","","6","0","0","0","0","0","0","0","0","","0","0","0","","","1","","1","","39 57:23.640","3","0","75 12:35.107","3","0","0","0","67301","0","0","0","N","0","0","0","2","67301","0","","1.0","1210.0","1","N","N","N","0","","1","0","2","3","2","Y","","6","1","0","0","0","0","0","2","0","6","","03","","N","","","","","","","","","",""
"2021003882","","2","0","0","0","0","0","0","0","0","4","0","","67","1","2021","5","40.04727","-75.167746","","6","0","0","0","0","0","0","0","0","","0","0","0","","","1","","1","","40 02:50.173","","0","75 10:03.884","3","0","0","0","67301","0","0","0","N","0","0","0","3","67301","0","","1.0","","1","N","N","N","0","","1","0","0","3","2","","","2","1","0","0","0","0","1","2","0","2","","","","N","","","","","","","","","",""
"2021035510","","1","0","0","0","0","0","0","0","0","1","0","","67","4","2021","6","39.948753","-75.159479","","6","0","0","0","0","0","0","0","0","","0","0","0","","","1","N","0","","39 56:55.509","4","0","75 09:34.126","3","0","0","0","67301","0","0","0","N","0","0","0","4","67301","0","","6.0","1730.0","1","N","N","N","0","","1","0","1","0","0","N","","3","1","1","0","0","0","0","2","0","3","","","","N","","","","","","","","","",""
"2021005960","","1","0","0","0","0","0","0","0","0","4","0","","67","1","2021","7","39.933465","-75.162299","","6","0","0","0","1","0","1","0","0","","0","0","0","","","0","","1","","39 56:00.473","","0","75 09:44.278","0","0","0","0","67301","0","0","0","N","0","0","0","4","67301","0","","1.0","","1","N","N","N","0","","0","0","1","3","2","","","2","0","0","0","0","0","0","2","0","2","","03","","N","","","","","","","","","",""
"2021004736","","1","0","0","0","0","0","0","0","0","7","0","","67","1","2021","6","39.978675","-75.157803","","6","0","0","0","0","0","0","0","0","","0","0","0","","","1","","1","","39 58:43.230","","0","75 09:28.092","8","0","0","0","67301","0","0","0","N","0","0","0","1","67505","0","","4.0","","1","N","N","N","0","","0","0","0","3","2","","","1","1","0","0","0","1","0","2","0","1","","03","","N","","","","","","","","","",""
"2021011549","","1","0","0","0","0","0","0","0","0","5","0","","67","2","2021","4","40.0395","-75.124167","","6","0","0","0","0","0","0","0","0","","0","0","0","","","0","N","0","","40 02:22.200","","0","75 07:27.000","0","0","0","0","67301","0","0","0","N","0","0","0","1","67301","0","","6.0","","7","N","N","N","1","","0","0","1","0","0","","","3","0","0","0","0","0","0","2","0","3","","09","","N","","","","","","","","","",""
"2021005985","","2","0","0","0","0","0","0","0","0","1","0","","67","1","2021","1","39.921389","-75.216139","","6","0","0","0","0","0","0","0","0","","0","0","0","","","0","N","0","","39 55:17.000","","0","75 12:58.100","0","0","0","0","67301","0","0","0","N","0","0","0","1","67301","0","","1.0","","9","N","N","N","0","","0","0","0","0","0","","","2","0","1","0","0","0","0","2","0","2","","07","","N","","","","","","","","","",""
"2021015915","","0","0","0","0","0","0","0","0","0","4","0","","67","2","2021","4","40.044528","-75.193121","","6","0","0","0","0","0","1","0","0","","0","0","0","","","1","","1","","40 02:40.301","5","0","75 11:35.235","8","0","0","0","67301","0","0","0","N","0","0","0","2","67301","0","","1.0","1714.0","1","N","N","N","0","","0","0","2","3","2","N","","2","1","0","0","0","1","0","2","0","2","","03","","N","","","","","","","","","",""
"2021009964","","2","0","0","0","0","0","0","0","0","4","0","","67","1","2021","4","39.915887","-75.163507","","6","0","0","0","0","0","0","0","0","","0","0","0","","","0","N","2","","39 54:57.193","","0","75 09:48.625","0","0","0","0","67301","0","0","0","N","0","0","0","2","67301","0","","1.0","","1","N","N","N","0","","0","0","0","0","0","","","2","0","0","0","0","0","0","2","0","2","","03","","N","","","","","","","","","",""
"2021020725","","3","0","0","0","0","0","0","0","0","4","0","","67","3","2021","2","39.933853","-75.155759","","6","0","0","0","0","0","0","0","0","","0","0","0","","","0","","1","","39 56:01.870","4","0","75 09:20.732","0","0","0","0","67301","0","0","0","N","0","0","0","2","67301","0","","1.0","130.0","1","N","N","N","0","","0","0","2","3","3","Y","","5","0","0","0","0","0","0","2","0","5","","03","","N","","","","","","","","","",""
"2021002833","","0","0","0","0","0","0","0","0","0","7","0","","67","1","2021","3","39.977162","-75.199118","","6","0","0","0","0","0","0","0","0","","0","0","0","","","0","N","0","","39 58:37.783","4","0","75 11:56.823","0","0","0","0","67301","0","0","0","N","0","0","0","1","68K01","0","","3.0","45.0","1","N","N","N","0","","0","0","1","0","0","N","","2","0","0","0","0","0","0","2","0","1","","","","N","","","","","","","","","",""