"CRN","ARRIVAL_TM","AUTOMOBILE_COUNT","BELTED_DEATH_COUNT","BELTED_SUSP_SERIOUS_INJ_COUNT","BICYCLE_COUNT","BICYCLE_DEATH_COUNT","BICYCLE_SUSP_SERIOUS_INJ_COUNT","BUS_COUNT","CHLDPAS_DEATH_COUNT","CHLDPAS_SUSP_SERIOUS_INJ_COUNT","COLLISION_TYPE","COMM_VEH_COUNT","CONS_ZONE_SPD_LIM","COUNTY","CRASH_MONTH","CRASH_YEAR","DAY_OF_WEEK","DEC_LATITUDE","DEC_LONGITUDE","DISPATCH_TM","DISTRICT","DRIVER_COUNT_16YR","DRIVER_COUNT_17YR","DRIVER_COUNT_18YR","DRIVER_COUNT_19YR","DRIVER_COUNT_20YR","DRIVER_COUNT_50_64YR","DRIVER_COUNT_65_74YR","DRIVER_COUNT_75PLUS","EST_HRS_CLOSED","FATAL_COUNT","HEAVY_TRUCK_COUNT","HORSE_BUGGY_COUNT","HOUR_OF_DAY","ILLUMINATION","INJURY_COUNT","INTERSECTION_RELATED","INTERSECT_TYPE","LANE_CLOSED","LATITUDE","LN_CLOSE_DIR","LOCATION_TYPE","LONGITUDE","MAX_SEVERITY_LEVEL","MCYCLE_DEATH_COUNT","MCYCLE_SUSP_SERIOUS_INJ_COUNT","MOTORCYCLE_COUNT","MUNICIPALITY","NONMOTR_COUNT","NONMOTR_DEATH_COUNT","NONMOTR_SUSP_SERIOUS_INJ_COUNT","NTFY_HIWY_MAINT","PED_COUNT","PED_DEATH_COUNT","PED_SUSP_SERIOUS_INJ_COUNT","PERSON_COUNT","POLICE_AGCY","POSSIBLE_INJ_COUNT","RDWY_SURF_TYPE_CD","RELATION_TO_ROAD","ROADWAY_CLEARED","ROAD_CONDITION","SCH_BUS_IND","SCH_ZONE_IND","SECONDARY_CRASH","SMALL_TRUCK_COUNT","SPEC_JURIS_CD","SUSP_MINOR_INJ_COUNT","SUSP_SERIOUS_INJ_COUNT","SUV_COUNT","TCD_FUNC_CD","TCD_TYPE","TFC_DETOUR_IND","TIME_OF_DAY","TOTAL_UNITS","TOT_INJ_COUNT","UNBELTED_OCC_COUNT","UNB_DEATH_COUNT","UNB_SUSP_SERIOUS_INJ_COUNT","UNK_INJ_DEG_COUNT","UNK_INJ_PER_COUNT","URBAN_RURAL","VAN_COUNT","VEHICLE_COUNT","WEATHER1","WEATHER2","WORKERS_PRES","WORK_ZONE_IND","WORK_ZONE_LOC","WORK_ZONE_TYPE","WZ_CLOSE_DETOUR","WZ_FLAGGER","WZ_LAW_OFFCR_IND","WZ_LN_CLOSURE","WZ_MOVING","WZ_OTHER","WZ_SHLDER_MDN","WZ_WORKERS_INJ_KILLED"
"2021006915","","1","0","0","0","0","0","0","0","0","4","0","","67","1","2021","5","40.007105","-75.213717","","6","0","0","0","0","0","0","0","0","","0","0","0","","","2","","1","","40 00:25.579","","0","75 12:49.382","3","0","0","0","67301","0","0","0","N","0","0","0","3","67301","0","","1.0","","1","N","N","N","0","","2","0","1","3","2","","","2","2","0","0","0","0","1","2","0","2","","","","N","","","","","","","","","",""
"2021006065","","1","0","0","0","0","0","0","0","0","7","0","","67","1","2021","4","40.015856","-75.176222","","6","0","0","0","0","0","0","0","0","","0","0","0","","","2","N","0","","40 00:57.083","","0","75 10:34.400","3","0","0","0","67301","0","0","0","N","0","0","0","2","67301","0","","3.0","","1","N","N","N","0","","2","0","0","0","0","","","2","2","0","0","0","0","0","2","0","1","","03","","N","","","","","","","","","",""
"2021007199","","2","0","0","0","0","0","0","0","0","5","0","","67","1","2021","5","40.056369","-75.149453","","6","0","0","0","0","0","0","1","0","","0","0","0","","","0","N","0","","40 03:22.930","","0","75 08:58.030","0","0","0","0","67301","0","0","0","N","0","0","0","2","67301","0","","1.0","","1","N","N","N","0","","0","0","0","0","0","","","2","0","2","0","0","0","0","2","0","2","","","","N","","","","","","","","","",""
"2021014589","","0","0","0","1","0","0","0","0","0","8","0","","67","2","2021","4","39.937939","-75.167436","","6","0","0","0","0","0","0","0","0","","0","0","0","","","1","N","0","","39 56:16.580","","0","75 10:02.770","3","0","0","0","67301","1","0","0","N","0","0","0","2","67301","0","","1.0","","1","N","N","N","0","","1","0","1","0","0","","","2","1","0","0","0","0","0","2","0","1","","03","","N","","","","","","","","","",""
"2021007473","","2","0","0","0","0","0","0","0","0","4","0","","67","1","2021","3","39.97521","-75.194985","","6","0","0","0","0","0","1","1","0","","0","0","0","","","0","","1","","39 58:30.755","","0","75 11:41.945","9","0","0","0","67301","0","0","0","N","0","0","0","2","67301","0","","1.0","","1","N","N","N","0","","0","0","0","3","2","","","2","0","0","0","0","0","1","2","0","2","","03","","N","","","","","","","","","",""
"2021002288","","1","0","0","0","0","0","0","0","0","4","0","","67","1","2021","3","40.014689","-75.119792","","6","0","0","0","0","0","0","0","0","","0","0","0","","","1","N","0","","40 00:52.880","","7","75 07:11.250","3","0","0","0","67301","0","0","0","N","0","0","0","3","67301","0","","1.0","","1","N","N","N","1","","1","0","0","0","0","","","2","1","3","0","0","0","0","2","0","2","","03","","N","","","","","","","","","",""
"2021003612","","1","0","0","0","0","0","0","0","0","7","0","","67","1","2021","1","39.961861","-75.182824","","6","0","0","0","0","0","0","0","0","","0","0","0","","","0","N","0","","39 57:42.701","","0","75 10:58.166","0","0","0","0","67301","0","0","0","N","0","0","0","1","68K01","0","","3.0","","1","N","N","N","0","","0","0","0","0","0","","","1","0","0","0","0","0","0","2","0","1","","","","N","","","","","","","","","",""
"2021035838","","0","0","0","0","0","0","0","0","0","1","0","","67","4","2021","6","39.957068","-75.152251","","6","0","0","0","0","0","0","0","0","","0","0","0","","","1","N","0","","39 57:25.446","","0","75 09:08.105","3","0","0","0","67301","0","0","0","N","0","0","0","2","68K01","0","","1.0","","1","N","N","N","1","","1","0","1","0","0","","","2","1","1","0","0","0","0","2","0","2","","","","N","","","","","","","","","",""
"2021010674","","5","0","0","0","0","0","0","0","0","4","0","","67","1","2021","7","39.999245","-75.099641","","6","0","0","0","0","1","0","0","0","","0","0","0","","","0","N","1","","39 59:57.283","5","0","75 05:58.706","0","0","0","0","67301","0","0","0","N","0","0","0","2","67301","0","","4.0","300.0","1","N","N","N","0","","0","0","0","0","0","Y","","5","0","2","0","0","0","0","2","0","5","","03","","N","","","","","","","","","",""
"2021012723","","1","0","0","0","0","0","0","0","0","4","0","","67","2","2021","1","39.966395","-75.207562","","6","0","0","0","0","0","1","0","0","","0","0","0","","","2","","1","","39 57:59.023","6","0","75 12:27.223","3","0","0","0","67301","0","0","0","N","0","0","0","7","67301","0","","1.0","740.0","9","N","N","N","0","","2","0","2","3","2","N","","3","2","0","0","0","0","1","2","0","3","","04","","N","","","","","","","","","",""
"2021015602","","0","0","0","0","0","0","0","0","0","1","0","","67","2","2021","3","39.961967","-75.1829","","6","0","0","0","0","0","1","0","0","","0","0","0","","","1","N","0","","39 57:43.082","","0","75 10:58.441","4","0","0","0","67301","0","0","0","N","0","0","0","4","68K01","1","","1.0","","1","N","N","N","1","","0","0","1","0","0","","","4","1","0","0","0","0","0","2","2","4","","","","N","","","","","","","","","",""
"2021015428","","0","0","0","0","0","0","0","0","0","4","0","","67","2","2021","4","39.960684","-75.243034","","6","0","0","0","0","0","0","1","0","","0","0","0","","","0","","1","","39 57:38.464","","0","75 14:34.923","0","0","0","0","67301","0","0","0","N","0","0","0","2","67301","0","","1.0","","1","N","N","N","0","","0","0","2","3","2","","","2","0","0","0","0","0","0","2","0","2","","03","","N","","","","","","","","","",""
"2021040669","","1","0","0","0","0","0","0","0","0","7","0","","67","5","2021","3","39.959858","-75.178665","","6","0","0","0","0","0","0","0","0","","0","0","0","","","1","N","0","","39 57:35.489","3","0","75 10:43.193","8","0","0","0","67301","0","0","0","N","0","0","0","1","68K01","0","","4.0","1220.0","1","N","N","N","0","","0","0","0","0","0","N","","1","1","0","0","0","1","0","2","0","1","","03","","N","","","","","","","","","",""
"2021007163","","2","0","0","0","0","0","0","0","0","5","0","","67","1","2021","2","39.989311","-75.163758","","6","0","0","0","0","0","0","0","0","","0","0","0","","","0","N","0","","39 59:21.520","","0","75 09:49.530","0","0","0","0","67301","0","0","0","N","0","0","0","1","67301","0","","6.0","","1","N","N","N","1","","0","0","0","0","0","","","3","0","0","0","0","0","0","2","0","3","","03","","N","","","","","","","","","",""
"2021040662","","1","0","0","0","0","0","0","0","0","5","1","45","67","5","2021","2","39.957971","-75.141266","","6","0","0","0","0","0","1","0","0","","0","1","0","","","0","N","0","","39 57:28.696","","0","75 08:28.556","0","0","0","0","67301","0","0","0","N","0","0","0","2","68K01","0","","1.0","","1","N","N","N","0","","0","0","0","0","0","","","2","0","0","0","0","0","0","2","0","2","","","Y","Y","4","1","N","N","N","Y","N","N","Y","N"
"2021012720","","2","0","0","0","0","0","0","0","0","4","0","","67","2","2021","7","39.968939","-75.159927","","6","0","0","0","1","0","0","0","0","","0","0","0","","","0","","1","","39 58:08.181","2","0","75 09:35.736","9","0","0","0","67301","0","0","0","N","0","0","0","2","67301","0","","1.0","345.0","1","N","N","N","0","","0","0","0","3","2","N","","2","0","0","0","0","0","2","2","0","2","","10","","N","","","","","","","","","",""
"2021035548","","1","0","0","0","0","0","0","0","0","8","0","","67","4","2021","1","40.043389","-75.162425","","6","0","0","0","0","0","0","0","0","","0","0","0","","","1","N","0","","40 02:36.200","","0","75 09:44.730","3","0","0","0","67301","1","0","0","N","1","0","0","2","67301","0","","1.0","","1","N","N","N","0","","1","0","0","0","0","","","2","1","1","0","0","0","0","2","0","1","","03","","N","","","","","","","","","",""
"2021003343","","3","0","0","0","0","0","0","0","0","5","0","","67","1","2021","1","39.985889","-75.161278","","6","0","0","0","0","0","0","0","0","","0","0","0","","","0","N","0","","39 59:09.200","","0","75 09:40.600","0","0","0","0","67301","0","0","0","N","0","0","0","1","67505","0","","6.0","","1","N","N","N","0","","0","0","1","0","0","","","4","0","0","0","0","0","0","2","0","4","","03","","N","","","","","","","","","",""
"2021011088","","1","0","0","0","0","0","0","0","0","5","0","","67","1","2021","4","39.974811","-75.267272","","6","0","0","0","0","0","0","0","0","","0","0","0","","","0","N","0","","39 58:29.320","","0","75 16:02.180","0","0","0","0","67301","0","0","0","N","0","0","0","1","67301","0","","6.0","","1","N","N","N","0","","0","0","1","0","0","","","2","0","0","0","0","0","0","2","0","2","","03","","N","","","","","","","","","",""
"2021035728","","1","0","0","0","0","0","0","0","0","4","1","","67","4","2021","1","40.099527","-74.986368","","6","0","0","0","0","0","1","0","0","","0","1","0","","","0","","2","","40 05:58.296","2","0","74 59:10.926","0","0","0","0","67301","0","0","0","N","0","0","0","2","67301","0","","1.0","400.0","1","N","N","N","0","","0","0","0","3","2","N","","2","0","0","0","0","0","0","2","0","2","","03","","N","","","","","","","","","",""
"2021012925","","2","0","0","0","0","0","0","0","0","1","0","","67","2","2021","1","39.981203","-75.177428","","6","0","0","0","0","0","0","0","0","","0","0","0","","","0","N","0","","39 58:52.330","","0","75 10:38.740","0","0","0","0","67301","0","0","0","N","0","0","0","1","67301","0","","6.0","","1","N","N","N","0","","0","0","1","0","0","","","3","0","0","0","0","0","0","2","0","3","","03","","N","","","","","","","","","",""
"2021033612","","0","0","0","0","0","0","0","0","0","8","1","","67","4","2021","3","40.035824","-75.174723","","6","0","0","0","0","0","0","0","0","","0","1","0","","","1","","1","","40 02:08.965","","0","75 10:29.001","4","0","0","0","67301","1","0","0","N","1","0","0","2","67301","1","","1.0","","1","N","N","N","0","","0","0","1","3","2","","","3","1","0","0","0","0","0","2","0","2","","03","","N","","","","","","","","","",""
"2021013659","","0","0","0","0","0","0","0","0","0","5","0","","67","2","2021","2","40.100912","-75.007615","","6","0","0","0","0","0","1","0","0","","0","0","0","","","1","N","0","","40 06:03.283","","0","75 00:27.415","3","0","0","0","67301","0","0","0","N","0","0","0","2","67301","0","","1.0","","1","N","N","N","0","","1","0","1","0","0","","","2","1","0","0","0","0","0","2","0","2","","","","N","","","","","","","","","",""
"2021042335","","0","0","0","0","0","0","0","0","0","4","0","","67","5","2021","7","40.016591","-75.149643","","6","0","0","0","0","0","0","0","0","","0","0","0","","","0","N","0","","40 00:59.727","2","7","75 08:58.713","0","0","0","0","67301","0","0","0","N","0","0","0","2","67301","0","","1.0","1528.0","1","N","N","N","0","","0","0","1","0","0","N","","2","0","0","0","0","0","0","2","0","2","","03","","N","","","","","","","","","",""
"2021014759","","0","0","0","0","0","0","0","0","0","7","0","","67","2","2021","2","39.891574","-75.222493","","6","0","0","0","0","0","0","0","0","","0","0","0","","","0","N","0","","39 53:29.668","","3","75 13:20.976","0","0","0","0","67301","0","0","0","N","0","0","0","1","68K01","0","","3.0","","9","N","N","N","0","","0","0","1","0","0","","","1","0","0","0","0","0","0","2","0","1","","","","N","","","","","","","","","",""
"2021035564","","2","0","0","0","0","0","0","0","0","4","0","","67","4","2021","7","40.027658","-75.060992","","6","0","0","0","0","0","0","0","0","","0","0","0","","","1","N","0","","40 01:39.567","","0","75 03:39.572","3","0","0","0","67301","0","0","0","N","0","0","0","2","67301","0","","5.0","","1","N","N","N","0","","1","0","0","0","0","","","3","1","0","0","0","0","0","2","0","3","","03","","N","","","","","","","","","",""
"2021004028","","1","0","0","0","0","0","0","0","0","5","0","","67","1","2021","3","39.960111","-75.156139","","6","0","0","0","0","0","0","0","0","","0","0","0","","","1","N","0","","39 57:36.400","","0","75 09:22.100","3","0","0","0","67301","0","0","0","N","0","0","0","2","67301","0","","1.0","","1","N","N","N","0","","1","0","0","0","0","","","2","1","0","0","0","0","0","2","0","2","","03","","N","","","","","","","","","",""
"2021035477","","1","0","0","0","0","0","0","0","0","7","0","","67","1","2021","1","39.974667","-75.238333","","6","0","0","0","0","1","0","0","0","","0","0","0","","","0","N","0","","39 58:28.800","","0","75 14:18.000","0","0","0","0","67301","0","0","0","N","0","0","0","1","67301","0","","5.0","","1","N","N","Y","0","","0","0","0","0","0","","","2","0","0","0","0","0","0","2","1","2","","","","N","","","","","","","","","",""
"2021038499","","1","0","0","0","0","0","0","0","0","4","0","","67","4","2021","3","40.010483","-75.160772","","6","0","0","0","1","0","1","0","0","","0","0","0","","","0","","1","","40 00:37.740","","0","75 09:38.779","0","0","0","0","67301","0","0","0","N","0","0","0","2","67301","0","","1.0","","1","N","N","N","1","","0","0","0","3","3","","","2","0","0","0","0","0","0","2","0","2","","","","N","","","","","","","","","",""
"2021010203","","0","0","0","0","0","0","0","0","0","8","0","","67","1","2021","7","40.06431","-75.153541","","6","0","0","0","0","0","0","0","0","","0","0","0","","","1","","5","","40 03:51.516","","0","75 09:12.747","3","0","0","0","67301","1","0","0","N","1","0","0","2","67301","0","","1.0","","99","N","N","N","0","","1","0","0","3","2","","","2","1","0","0","0","0","1","2","0","1","","03","","N","","","","","","","","","",""
"2021003749","","4","0","0","0","0","0","0","0","0","5","0","","67","1","2021","2","40.02131","-75.122413","","6","0","0","0","0","1","2","0","0","","0","0","0","","","0","","1","","40 01:16.715","","0","75 07:20.686","0","0","0","0","67301","0","0","0","N","0","0","0","3","67301","0","","1.0","","1","N","N","N","0","","0","0","0","3","3","","","5","0","0","0","0","0","0","2","1","5","","","","N","","","","","","","","","",""
"2021002271","","2","0","0","0","0","0","0","0","0","6","0","","67","1","2021","2","39.926689","-75.243117","","6","0","0","0","0","1","0","0","0","","0","0","0","","","1","N","0","","39 55:36.080","","0","75 14:35.220","3","0","0","0","67301","0","0","0","N","0","0","0","1","67301","0","","6.0","","1","N","N","N","0","","1","0","1","0","0","","","4","1","0","0","0","0","0","2","0","3","","03","","N","","","","","","","","","",""
"2021035495","","2","0","0","0","0","0","0","0","0","4","0","","67","4","2021","4","40.057977","-75.052698","","6","0","0","0","0","0","0","0","0","","0","0","0","","","2","","1","","40 03:28.718","2","0","75 03:09.712","8","0","0","0","67301","0","0","0","N","0","0","0","2","67301","0","","3.0","1335.0","1","N","N","N","0","","0","0","0","3","1","N","","2","2","0","0","0","2","0","2","0","2","","04","","N","","","","","","","","","",""
"2021041083","","1","0","0","0","0","0","0","0","0","4","0","","67","5","2021","4","39.953526","-75.226217","","6","0","0","0","0","0","1","0","0","","0","0","0","","","0","","1","","39 57:12.694","","0","75 13:34.382","0","0","0","0","67301","0","0","0","N","0","0","0","2","67301","0","","1.0","","9","N","N","N","0","","0","0","1","3","2","","","2","0","0","0","0","0","0","2","0","2","","07","","N","","","","","","","","","",""
"2021008039","","2","0","0","0","0","0","0","0","0","5","0","","67","1","2021","7","39.910727","-75.149059","","6","0","0","0","0","0","0","0","0","","0","0","0","","","1","N","0","","39 54:38.616","","0","75 08:56.613","3","0","0","0","67301","0","0","0","N","0","0","0","5","68K01","0","","1.0","","1","N","N","N","0","","1","0","0","0","0","","","2","1","0","0","0","0","0","2","0","2","","","","N","","","","","","","","","",""
"2021036381","","1","0","0","0","0","0","0","0","0","1","0","","67","4","2021","7","39.983568","-75.09741","","6","0","0","0","0","0","0","0","0","","0","0","0","","","0","N","0","","39 59:00.844","1","0","75 05:50.676","9","0","0","0","67301","0","0","0","N","0","0","0","3","68K01","0","","1.0","2350.0","1","N","N","N","0","","0","0","1","0","0","N","","3","0","0","0","0","0","1","2","0","3","","","","N","","","","","","","","","",""
"2021011871","","0","0","0","0","0","0","0","0","0","7","0","","67","1","2021","3","39.941332","-75.143069","","6","0","0","0","0","0","0","0","0","","0","0","0","","","1","N","0","","39 56:28.794","","0","75 08:35.047","8","0","0","0","67301","0","0","0","N","0","0","0","1","68K01","0","","3.0","","9","N","N","N","0","","0","0","1","0","0","","","1","1","0","0","0","1","0","2","0","1","","07","","N","","","","","","","","","",""
"2021007140","","1","0","0","0","0","0","0","0","0","7","0","","67","1","2021","4","39.988077","-75.207213","","6","0","0","0","0","0","0","0","0","","0","0","0","","","1","N","0","","39 59:17.077","4","0","75 12:25.965","3","0","0","0","67301","0","0","0","N","0","0","0","1","68K01","0","","4.0","1212.0","9","N","N","N","0","","1","0","0","0","0","N","","1","1","0","0","0","0","0","2","0","1","","","","N","","","","","","","","","",""
"2021000383","","1","0","0","0","0","0","0","0","0","7","0","15","67","1","2021","7","39.909361","-75.1575","","6","0","0","0","0","0","0","0","0","","0","0","0","","","0","N","0","","39 54:33.700","","2","75 09:27.000","0","0","0","0","67301","0","0","0","N","0","0","0","1","67501","0","","5.0","","9","N","N","N","0","","0","0","0","0","0","","","1","0","0","0","0","0","0","2","0","1","","","N","Y","3","1","","","N","","","","Y","N"
"2021009417","","0","0","0","0","0","0","0","0","0","4","0","","67","1","2021","3","40.09165","-74.965699","","6","0","0","0","0","0","0","0","0","","0","0","0","","","1","","2","","40 05:29.941","","7","74 57:56.517","3","0","0","0","67301","0","0","0","N","0","0","0","2","67301","0","","1.0","","1","N","N","N","1","","1","0","1","3","2","","","2","1","0","0","0","0","1","2","0","2","","03","","N","","","","","","","","","",""
"2021009421","","1","0","0","0","0","0","0","0","0","4","0","","67","1","2021","5","40.011391","-75.080307","","6","0","1","0","0","0","0","0","0","","0","0","0","","","3","","1","","40 00:41.007","","0","75 04:49.105","4","0","0","0","67301","0","0","0","N","0","0","0","5","67301","1","","1.0","","1","N","N","N","0","","0","0","1","3","3","","","2","3","1","0","0","2","0","2","0","2","","","","N","","","","","","","","","",""
"2021012286","","1","0","0","0","0","0","0","0","0","4","0","","67","2","2021","6","39.981144","-75.164732","","6","0","0","0","1","0","0","0","0","","0","0","0","","","0","","1","","39 58:52.118","","0","75 09:53.035","0","0","0","0","67301","0","0","0","N","0","0","0","4","67505","0","","1.0","","6","N","N","N","0","","0","0","1","3","3","","","2","0","0","0","0","0","0","2","0","2","","10","","N","","","","","","","","","",""
"2021007736","","1","0","0","0","0","0","0","0","0","5","0","","67","1","2021","6","39.971936","-75.161083","","6","0","0","0","0","0","0","0","0","","0","0","0","","","0","N","0","","39 58:18.970","","0","75 09:39.900","0","0","0","0","67301","0","0","0","N","0","0","0","1","67301","0","","6.0","","1","N","N","N","0","","0","0","1","0","0","","","3","0","0","0","0","0","0","2","1","3","","","","N","","","","","","","","","",""
"2021002756","","1","0","0","0","0","0","0","0","0","8","0","","67","1","2021","5","39.979278","-75.161083","","6","0","0","0","0","0","0","0","0","","0","0","0","","","1","N","0","","39 58:45.400","","0","75 09:39.900","3","0","0","0","67301","1","0","0","N","1","0","0","2","67301","0","","1.0","","1","N","N","N","0","","1","0","0","0","0","","","2","1","1","0","0","0","0","2","0","1","","03","","N","","","","","","","","","",""
"2021012974","","1","0","0","0","0","0","0","0","0","5","0","","67","1","2021","1","39.931573","-75.199558","","6","0","0","0","0","0","0","0","0","","0","0","0","","","1","N","0","","39 55:53.664","4","0","75 11:58.407","8","0","0","0","67301","0","0","0","N","0","0","0","2","68K01","0","","1.0","30.0","1","N","N","N","0","","0","0","1","0","0","N","","2","1","0","0","0","1","0","2","0","2","","","","N","","","","","","","","","",""
"2021041883","","0","0","0","0","0","0","0","0","0","1","1","","67","5","2021","7","39.892297","-75.242696","","6","0","0","0","0","0","0","0","0","","0","1","0","","","0","Y","0","","39 53:32.269","2","0","75 14:33.704","0","0","0","0","67301","0","0","0","N","0","0","0","2","67301","0","","1.0","300.0","9","N","N","N","0","","0","0","1","3","2","N","","2","0","0","0","0","0","0","2","0","2","","07","","N","","","","","","","","","",""
"2021018992","","2","0","0","0","0","0","0","0","0","7","0","35","67","1","2021","7","39.939533","-75.196433","","6","0","0","0","0","0","0","0","0","","0","0","0","","","1","N","0","","39 56:22.319","4","3","75 11:47.160","4","0","0","0","67301","0","0","0","N","0","0","0","2","68K01","1","","3.0","1730.0","1","N","N","N","0","","0","0","0","0","0","N","","2","1","1","0","0","0","0","2","0","2","","","N","Y","4","1","","","N","Y","","","","N"
"2021004390","","1","0","0","0","0","0","0","0","0","5","0","","67","1","2021","3","40.01701","-75.083513","","6","0","0","0","0","0","0","0","0","","0","0","0","","","0","N","0","","40 01:01.236","","1","75 05:00.648","9","0","0","0","67301","0","0","0","N","0","0","0","2","67301","0","","1.0","","1","N","N","N","0","","0","0","0","0","0","","","2","0","0","0","0","0","1","2","0","2","","03","","N","","","","","","","","","",""
"2021014470","","3","0","0","0","0","0","0","0","0","8","0","","67","2","2021","5","39.964444","-75.234944","","6","0","0","0","0","0","0","0","0","","0","0","0","","","1","","2","","39 57:52.000","2","0","75 14:05.800","3","0","0","0","67301","1","0","0","N","1","0","0","2","67301","0","","4.0","300.0","1","N","N","N","0","","1","0","0","0","0","Y","","4","1","0","0","0","0","0","2","0","3","","03","","N","","","","","","","","","",""
"2021038063","","1","0","0","0","0","0","0","0","0","5","1","","67","4","2021","2","39.892926","-75.196922","","6","0","0","0","0","0","0","0","0","","0","1","0","","","0","N","0","","39 53:34.533","","3","75 11:48.919","0","0","0","0","67301","0","0","0","N","0","0","0","2","68K01","0","","1.0","","1","N","N","N","0","","0","0","0","0","0","","","2","0","0","0","0","0","0","2","0","2","","03","","N","","","","","","","","","",""
"2021038471","","0","0","0","0","0","0","0","0","0","7","0","","67","4","2021","4","39.9965","-75.201325","","6","0","0","0","0","0","0","0","0","","0","0","0","","","1","N","0","","39 59:47.400","4","0","75 12:04.770","8","0","0","0","67301","0","0","0","N","0","0","0","1","67301","0","","5.0","2056.0","1","N","N","N","1","","0","0","0","0","0","Y","","1","1","0","0","0","1","0","2","0","1","","","","N","","","","","","","","","",""
"2021013757","","2","0","0","0","0","0","0","0","0","5","0","","67","2","2021","2","39.953766","-75.181486","","6","0","0","0","0","0","1","0","0","","0","0","0","","","0","N","0","","39 57:13.559","1","3","75 10:53.350","0","0","0","0","67301","0","0","0","N","0","0","0","2","67301","0","","1.0","1824.0","1","N","N","N","0","","0","0","0","0","0","N","","2","0","0","0","0","0","0","2","0","2","","03","","N","","","","","","","","","",""
"2021011465","","0","0","0","0","0","0","0","0","0","7","0","","67","2","2021","2","39.877939","-75.251133","","6","0","0","0","0","0","1","0","0","","0","0","0","","","2","N","0","","39 52:40.582","","0","75 15:04.080","4","0","0","0","67301","0","0","0","N","0","0","0","2","68K01","2","","4.0","","6","N","N","N","0","","0","0","1","0","0","","","1","2","0","0","0","0","0","2","0","1","","","","N","","","","","","","","","",""
"2021036990","","1","0","0","0","0","0","0","0","0","4","1","","67","4","2021","7","39.980213","-75.157468","","6","0","0","0","0","0","0","0","0","","0","1","0","","","2","","1","","39 58:48.767","","0","75 09:26.884","3","0","0","0","67301","0","0","0","N","0","0","0","2","67301","0","","1.0","","1","N","N","N","0","","2","0","0","3","2","","","2","2","0","0","0","0","0","2","0","2","","03","","N","","","","","","","","","",""
"2021009422","","0","0","0","0","0","0","0","0","0","4","0","","67","1","2021","6","40.024359","-75.049311","","6","0","0","0","0","0","0","0","0","","0","0","0","","","2","","1","","40 01:27.694","","0","75 02:57.520","3","0","0","0","67301","0","0","0","N","0","0","0","2","67301","0","","1.0","","1","N","N","N","0","","2","0","1","3","3","","","2","2","0","0","0","0","0","2","1","2","","03","","N","","","","","","","","","",""
"2021007291","","0","0","0","0","0","0","0","0","0","7","0","","67","1","2021","3","39.97516","-75.168206","","6","0","0","0","0","0","0","0","0","","0","0","0","","","1","N","0","","39 58:30.577","","0","75 10:05.541","8","0","0","0","67301","0","0","0","N","0","0","0","1","67301","0","","4.0","","1","N","N","N","0","","0","0","1","0","0","","","1","1","0","0","0","1","0","2","0","1","","03","","N","","","","","","","","","",""
"2021012620","","3","0","0","0","0","0","0","0","0","5","0","","67","2","2021","7","39.926422","-75.172575","","6","0","0","0","0","0","0","0","0","","0","0","0","","","0","N","0","","39 55:35.120","","0","75 10:21.270","0","0","0","0","67301","0","0","0","N","0","0","0","1","67301","0","","6.0","","1","N","N","N","0","","0","0","1","0","0","","","4","0","0","0","0","0","0","2","0","4","","03","","N","","","","","","","","","",""
"2021037761","","1","0","0","0","0","0","0","0","0","7","0","","67","4","2021","3","40.028549","-75.057919","","6","0","0","0","0","0","0","0","0","","0","0","0","","","0","","1","","40 01:42.775","","0","75 03:28.507","0","0","0","0","67301","0","0","0","N","0","0","0","1","67301","0","","5.0","","1","N","N","N","0","","0","0","0","3","2","","","1","0","0","0","0","0","0","2","0","1","","03","","N","","","","","","","","","",""
"2021039460","","1","0","0","0","0","0","0","0","0","1","0","","67","4","2021","5","39.98346","-75.181515","","6","0","0","0","0","0","0","0","0","","0","0","0","","","1","N","5","","39 59:00.455","","0","75 10:53.455","8","0","0","1","67301","0","0","0","N","0","0","0","2","67301","0","","1.0","","9","N","N","N","0","","0","0","0","3","2","","","2","1","0","0","0","1","1","2","0","2","","07","","N","","","","","","","","","",""
"2021002565","","1","0","0","0","0","0","0","0","0","6","0","","67","1","2021","5","39.931072","-75.232346","","6","0","0","0","0","0","0","0","0","","0","0","0","","","0","","1","","39 55:51.859","","0","75 13:56.444","9","0","0","0","67301","0","0","0","N","0","0","0","3","67301","0","","1.0","","1","N","N","N","0","","0","0","1","3","2","","","2","0","0","0","0","0","3","2","0","2","","03","","N","","","","","","","","","",""
"2021006037","","1","0","0","0","0","0","0","0","0","4","0","","67","1","2021","1","39.981899","-75.170586","","6","0","0","0","0","0","0","0","0","","0","0","0","","","1","","1","","39 58:54.836","","0","75 10:14.109","8","0","0","0","67301","0","0","0","N","0","0","0","3","67301","0","","1.0","","1","N","N","N","0","","0","0","1","3","2","","","2","1","0","0","0","1","0","2","0","2","","03","","N","","","","","","","","","",""
"2021034360","","2","0","0","0","0","0","0","0","0","5","1","45","67","3","2021","3","39.898727","-75.170475","","6","0","0","0","0","0","1","0","0","","0","1","0","","","5","N","0","","39 53:55.418","2","0","75 10:13.710","8","0","0","0","67301","0","0","0","N","0","0","0","18","68K01","0","","1.0","1730.0","1","N","N","N","0","","0","0","0","0","0","N","","5","5","0","0","0","5","0","2","2","5","","","N","Y","4","2","","","N","Y","","","","N"