"CRN","ARRIVAL_TM","AUTOMOBILE_COUNT","BELTED_DEATH_COUNT","BELTED_SUSP_SERIOUS_INJ_COUNT","BICYCLE_COUNT","BICYCLE_DEATH_COUNT","BICYCLE_SUSP_SERIOUS_INJ_COUNT","BUS_COUNT","CHLDPAS_DEATH_COUNT","CHLDPAS_SUSP_SERIOUS_INJ_COUNT","COLLISION_TYPE","COMM_VEH_COUNT","CONS_ZONE_SPD_LIM","COUNTY","CRASH_MONTH","CRASH_YEAR","DAY_OF_WEEK","DEC_LATITUDE","DEC_LONGITUDE","DISPATCH_TM","DISTRICT","DRIVER_COUNT_16YR","DRIVER_COUNT_17YR","DRIVER_COUNT_18YR","DRIVER_COUNT_19YR","DRIVER_COUNT_20YR","DRIVER_COUNT_50_64YR","DRIVER_COUNT_65_74YR","DRIVER_COUNT_75PLUS","EST_HRS_CLOSED","FATAL_COUNT","HEAVY_TRUCK_COUNT","HORSE_BUGGY_COUNT","HOUR_OF_DAY","ILLUMINATION","INJURY_COUNT","INTERSECTION_RELATED","INTERSECT_TYPE","LANE_CLOSED","LATITUDE","LN_CLOSE_DIR","LOCATION_TYPE","LONGITUDE","MAX_SEVERITY_LEVEL","MCYCLE_DEATH_COUNT","MCYCLE_SUSP_SERIOUS_INJ_COUNT","MOTORCYCLE_COUNT","MUNICIPALITY","NONMOTR_COUNT","NONMOTR_DEATH_COUNT","NONMOTR_SUSP_SERIOUS_INJ_COUNT","NTFY_HIWY_MAINT","PED_COUNT","PED_DEATH_COUNT","PED_SUSP_SERIOUS_INJ_COUNT","PERSON_COUNT","POLICE_AGCY","POSSIBLE_INJ_COUNT","RDWY_SURF_TYPE_CD","RELATION_TO_ROAD","ROADWAY_CLEARED","ROAD_CONDITION","SCH_BUS_IND","SCH_ZONE_IND","SECONDARY_CRASH","SMALL_TRUCK_COUNT","SPEC_JURIS_CD","SUSP_MINOR_INJ_COUNT","SUSP_SERIOUS_INJ_COUNT","SUV_COUNT","TCD_FUNC_CD","TCD_TYPE","TFC_DETOUR_IND","TIME_OF_DAY","TOTAL_UNITS","TOT_INJ_COUNT","UNBELTED_OCC_COUNT","UNB_DEATH_COUNT","UNB_SUSP_SERIOUS_INJ_COUNT","UNK_INJ_DEG_COUNT","UNK_INJ_PER_COUNT","URBAN_RURAL","VAN_COUNT","VEHICLE_COUNT","WEATHER1","WEATHER2","WORKERS_PRES","WORK_ZONE_IND","WORK_ZONE_LOC","WORK_ZONE_TYPE","WZ_CLOSE_DETOUR","WZ_FLAGGER","WZ_LAW_OFFCR_IND","WZ_LN_CLOSURE","WZ_MOVING","WZ_OTHER","WZ_SHLDER_MDN","WZ_WORKERS_INJ_KILLED"
"2021015026","","1","0","0","0","0","0","0","0","0","4","0","","67","2","2021","5","39.946054","-75.216496","","6","0","0","0","0","0","0","0","0","","0","0","0","","","1","","1","","39 56:45.794","","0","75 12:59.385","4","0","0","0","67301","0","0","0","N","0","0","0","2","67301","1","","1.0","","98","N","N","N","0","","0","0","1","3","3","","","2","1","0","0","0","0","0","2","0","2","","03","","N","","","","","","","","","",""
"2021007112","","1","0","0","0","0","0","0","0","0","7","0","","67","1","2021","4","39.980631","-75.205812","","6","0","0","0","0","0","0","0","0","","0","0","0","","","1","N","0","","39 58:50.272","4","0","75 12:20.923","8","0","0","0","67301","0","0","0","N","0","0","0","1","68K01","0","","3.0","1610.0","1","N","N","N","0","","0","0","0","0","0","N","","1","1","0","0","0","1","0","2","0","1","","03","","N","","","","","","","","","",""
"2021006386","","1","0","0","0","0","0","0","0","0","7","0","","67","1","2021","1","40.027887","-75.077863","","6","0","0","0","0","0","0","0","0","","0","0","0","","","0","","1","","40 01:40.393","","0","75 04:40.306","9","0","0","0","67301","0","0","0","N","0","0","0","1","67301","0","","5.0","","1","N","N","N","0","","0","0","0","3","3","","","1","0","0","0","0","0","1","2","0","1","","","","N","","","","","","","","","",""
"2021006015","","2","0","0","0","0","0","0","0","0","4","0","","67","1","2021","1","40.013587","-75.068535","","6","0","0","0","0","0","1","0","0","","0","0","0","","","0","","5","","40 00:48.913","","0","75 04:06.725","9","0","0","0","67301","0","0","0","N","0","0","0","5","67301","0","","1.0","","1","N","N","N","1","","0","0","0","1","2","","","3","0","0","0","0","0","1","2","0","3","","03","","N","","","","","","","","","",""
"2021014185","","2","0","0","0","0","0","0","0","0","4","0","","67","2","2021","4","40.019437","-75.191254","","6","0","0","0","0","0","0","0","0","","0","0","0","","","1","","3","","40 01:09.972","2","0","75 11:28.516","3","0","0","0","67301","0","0","0","N","0","0","0","2","67301","0","","1.0","1310.0","1","N","N","N","0","","1","0","0","0","0","Y","","2","1","0","0","0","0","0","2","0","2","","","","N","","","","","","","","","",""
"2021006068","","0","0","0","0","0","0","0","0","0","1","1","","67","1","2021","5","40.027517","-75.161204","","6","0","0","0","0","0","2","0","0","","0","1","0","","","1","N","0","","40 01:39.060","5","0","75 09:40.335","3","0","0","0","67301","0","0","0","N","0","0","0","2","67301","0","","1.0","1625.0","1","N","N","N","1","","1","0","1","0","0","Y","","4","1","0","0","0","0","0","2","1","4","","03","","N","","","","","","","","","",""
"2021041240","","1","0","0","0","0","0","0","0","0","1","0","","67","5","2021","2","39.979933","-75.204969","","6","0","0","0","0","0","1","0","0","","0","0","0","","","3","N","0","","39 58:47.758","3","0","75 12:17.888","3","0","0","0","67301","0","0","0","N","0","0","0","3","68K01","0","","1.0","715.0","1","N","N","N","0","","3","0","1","0","0","Y","","3","3","0","0","0","0","0","2","1","3","","","","N","","","","","","","","","",""
"2021010254","","2","0","0","0","0","0","0","0","0","1","0","","67","1","2021","1","40.053161","-75.175181","","6","0","0","0","0","0","0","0","0","","0","0","0","","","0","N","0","","40 03:11.380","","0","75 10:30.650","9","0","0","0","67301","0","0","0","N","0","0","0","1","67301","0","","6.0","","7","N","N","N","0","","0","0","0","0","0","","","2","0","0","0","0","0","1","2","0","2","","10","","N","","","","","","","","","",""
"2021006031","","2","0","0","0","0","0","0","0","0","6","0","","67","1","2021","7","39.971564","-75.242483","","6","0","0","0","0","0","0","1","0","","0","0","0","","","0","N","0","","39 58:17.631","","0","75 14:32.939","0","0","0","0","67301","0","0","0","N","0","0","0","3","67301","0","","1.0","","9","N","N","N","0","","0","0","1","0","0","","","3","0","0","0","0","0","0","2","0","3","","","","N","","","","","","","","","",""
"2021014520","","1","0","0","0","0","0","0","0","0","7","0","","67","2","2021","2","39.908889","-75.151083","","6","0","0","0","0","0","0","0","0","","0","0","0","","","0","N","0","","39 54:32.000","","3","75 09:03.900","0","0","0","0","67301","0","0","0","N","0","0","0","1","67501","0","","4.0","","1","N","N","N","0","","0","0","0","3","8","","","2","0","0","0","0","0","0","2","0","1","","","","N","","","","","","","","","",""
"2021000537","","2","0","0","0","0","0","0","0","0","4","0","","67","1","2021","7","40.071393","-75.161304","","6","0","0","0","0","1","1","0","0","","0","0","0","","","1","","5","","40 04:17.013","","0","75 09:40.693","3","0","0","0","67301","0","0","0","N","0","0","0","3","67301","0","","1.0","","1","N","N","N","0","","1","0","0","3","2","","","2","1","0","0","0","0","0","2","0","2","","","","N","","","","","","","","","",""
"2021006314","","3","0","0","0","0","0","0","0","0","5","0","","67","1","2021","6","40.035095","-75.018488","","6","0","0","0","0","1","2","0","0","","0","0","0","","","3","N","0","","40 02:06.343","2","3","75 01:06.556","4","0","0","0","67301","0","0","0","N","0","0","0","8","68K01","3","","1.0","100.0","9","N","N","N","0","","0","0","2","0","0","N","","5","3","0","0","0","0","0","2","0","5","","","","N","","","","","","","","","",""
"2021042334","","1","0","0","0","0","0","0","0","0","4","0","","67","5","2021","7","40.033088","-75.181222","","6","0","0","0","0","0","0","0","0","","0","0","0","","","0","","1","","40 01:59.118","","0","75 10:52.400","0","0","0","0","67301","0","0","0","N","0","0","0","2","67301","0","","1.0","","1","N","N","N","0","","0","0","1","3","1","","","2","0","0","0","0","0","0","2","0","2","","03","","N","","","","","","","","","",""
"2021008997","","1","0","0","0","0","0","0","0","0","4","0","","67","1","2021","3","39.968799","-75.232213","","6","0","0","0","0","0","0","0","0","","0","0","0","","","2","","1","","39 58:07.676","","0","75 13:55.966","4","0","0","0","67301","0","0","0","N","0","0","0","4","67301","2","","1.0","","1","N","N","N","0","","0","0","1","3","3","","","2","2","0","0","0","0","0","2","0","2","","03","","N","","","","","","","","","",""
"2021006917","","1","0","0","0","0","0","0","0","0","7","0","","67","1","2021","3","39.966564","-75.262286","","6","0","0","0","0","1","0","0","0","","0","0","0","","","3","N","0","","39 57:59.630","","0","75 15:44.230","2","0","0","0","67301","0","0","0","N","0","0","0","3","67301","0","","4.0","","1","N","N","N","0","","0","3","0","0","0","","","1","3","1","0","1","0","0","2","0","1","","03","","N","","","","","","","","","",""
"2021012619","","1","0","0","0","0","0","0","0","0","4","0","","67","2","2021","7","39.922932","-75.178196","","6","0","0","0","0","0","0","0","0","","0","0","0","","","2","","1","","39 55:22.555","3","0","75 10:41.505","3","0","0","0","67301","0","0","0","N","0","0","0","2","67301","0","","1.0","700.0","2","N","N","N","1","","2","0","1","3","3","Y","","3","2","0","0","0","0","0","2","0","3","","03","","N","","","","","","","","","",""
"2021006070","","1","0","0","0","0","0","0","0","0","4","0","","67","1","2021","6","39.996838","-75.15383","","6","0","0","1","0","0","0","0","0","","0","0","0","","","0","","1","","39 59:48.618","","0","75 09:13.788","0","0","0","0","67301","0","0","0","N","0","0","0","2","67301","0","","1.0","","1","N","N","N","0","","0","0","1","3","2","","","2","0","0","0","0","0","0","2","0","2","","03","","N","","","","","","","","","",""
"2021009675","","1","0","0","0","0","0","0","0","0","4","0","","67","1","2021","4","39.965936","-75.20682","","6","0","0","0","0","0","0","0","0","","0","0","0","","","0","","1","","39 57:57.368","","0","75 12:24.551","9","0","0","0","67301","0","0","0","N","0","0","0","3","67301","0","","1.0","","1","N","N","N","0","","0","0","1","3","3","","","2","0","0","0","0","0","1","2","0","2","","03","","N","","","","","","","","","",""
"2021002537","","1","0","0","0","0","0","0","0","0","7","0","","67","1","2021","1","40.035928","-75.016197","","6","0","0","1","0","0","0","0","0","","0","0","0","","","1","N","0","","40 02:09.340","1","3","75 00:58.308","8","0","0","0","67301","0","0","0","N","0","0","0","1","68K01","0","","3.0","800.0","9","N","N","N","0","","0","0","0","0","0","N","","1","1","0","0","0","1","0","2","0","1","","09","","N","","","","","","","","","",""
"2021028657","","1","0","0","1","0","0","0","0","0","8","0","","67","3","2021","7","39.98725","-75.171272","","6","0","0","0","0","0","0","0","0","","0","0","0","","","1","N","0","","39 59:14.100","","0","75 10:16.580","3","0","0","0","67301","1","0","0","N","0","0","0","2","67301","0","","1.0","","1","N","N","N","0","","1","0","0","0","0","","","2","1","1","0","0","0","1","2","0","1","","","","N","","","","","","","","","",""
"2021006387","","3","0","0","0","0","0","0","0","0","4","0","","67","1","2021","2","40.010402","-75.079275","","6","0","1","0","0","0","0","0","0","","0","0","0","","","1","","1","","40 00:37.446","","0","75 04:45.390","8","0","0","0","67301","0","0","0","N","0","0","0","2","67301","0","","1.0","","1","N","N","Y","0","","0","0","1","3","2","","","4","1","1","0","0","1","0","2","0","4","","03","","N","","","","","","","","","",""
"2021007191","","0","0","0","0","0","0","0","0","0","4","0","","67","1","2021","4","40.078112","-75.023623","","6","0","0","0","0","0","1","0","0","","0","0","0","","","2","","2","","40 04:41.204","1","0","75 01:25.042","3","0","0","0","67301","0","0","0","N","0","0","0","2","67301","0","","1.0","1624.0","1","N","N","N","1","","2","0","1","3","2","N","","2","2","0","0","0","0","0","2","0","2","","03","","N","","","","","","","","","",""
"2021004057","","1","0","0","0","0","0","0","0","0","4","0","","67","1","2021","3","40.008621","-75.068836","","6","0","0","0","0","0","0","0","0","","0","0","0","","","2","","1","","40 00:31.034","","0","75 04:07.810","3","0","0","0","67301","0","0","0","N","0","0","0","3","67301","0","","1.0","","1","N","N","N","1","","2","0","0","3","2","","","2","2","0","0","0","0","0","2","0","2","","","","N","","","","","","","","","",""
"2021002280","","1","0","0","0","0","0","0","0","0","1","0","","67","1","2021","3","39.944314","-75.197511","","6","0","0","0","0","0","1","0","0","","0","0","0","","","0","N","0","","39 56:39.529","","0","75 11:51.039","0","0","0","0","67301","0","0","0","N","0","0","0","2","67301","0","","1.0","","1","N","N","N","0","","0","0","1","0","0","","","2","0","0","0","0","0","0","2","0","2","","03","","N","","","","","","","","","",""
"2021041811","","2","0","0","0","0","0","0","0","0","4","0","","67","5","2021","7","39.985007","-75.094804","","6","0","0","0","0","0","0","0","0","","0","0","0","","","1","N","0","","39 59:06.026","2","0","75 05:41.294","8","0","0","0","67301","0","0","0","N","0","0","0","3","68K01","0","","1.0","1035.0","1","N","N","N","0","","0","0","1","0","0","N","","3","1","1","0","0","1","0","2","0","3","","03","","N","","","","","","","","","",""
"2021003650","","2","0","0","0","0","0","0","0","0","4","0","","67","1","2021","6","39.958083","-75.162417","","6","0","0","0","0","0","0","0","0","","0","0","0","","","1","","1","","39 57:29.100","","3","75 09:44.700","8","0","0","0","67301","0","0","0","N","0","0","0","3","67301","0","","1.0","","1","N","N","Y","0","","0","0","1","3","2","","","3","1","0","0","0","1","0","2","0","3","","","","N","","","","","","","","","",""
"2021005996","","2","0","0","0","0","0","0","0","0","5","0","","67","1","2021","1","39.919333","-75.211094","","6","0","0","1","0","0","0","0","0","","0","0","0","","","3","N","0","","39 55:09.600","","0","75 12:39.940","4","0","0","0","67301","0","0","0","N","0","0","0","4","67301","3","","1.0","","1","N","N","N","0","","0","0","0","0","0","","","2","3","1","0","0","0","0","2","0","2","","","","N","","","","","","","","","",""
"2021010905","","0","0","0","0","0","0","0","0","0","1","0","","67","2","2021","2","40.052939","-75.136375","","6","0","0","0","0","0","1","0","0","","0","0","0","","","0","N","0","","40 03:10.580","","0","75 08:10.950","0","0","0","0","67301","0","0","0","N","0","0","0","2","67301","0","","1.0","","2","N","N","N","1","","0","0","1","0","0","","","2","0","0","0","0","0","0","2","0","2","","10","","N","","","","","","","","","",""
"2021041107","","1","0","0","0","0","0","0","0","0","7","0","","67","5","2021","5","40.013224","-75.173675","","6","0","0","0","0","0","0","0","0","","0","0","0","","","1","N","0","","40 00:47.605","","0","75 10:25.230","2","0","0","0","67301","0","0","0","N","0","0","0","1","67301","0","","2.0","","1","N","N","Y","0","","0","1","0","0","0","","","1","1","1","0","1","0","0","2","0","1","","03","","N","","","","","","","","","",""
"2021037726","","1","0","0","0","0","0","0","0","0","7","0","","67","4","2021","2","40.025365","-75.073367","","6","0","0","0","0","0","1","0","0","","0","0","0","","","1","","1","","40 01:31.315","","0","75 04:24.121","3","0","0","0","67301","0","0","0","N","0","0","0","1","67301","0","","5.0","","1","N","N","N","0","","1","0","0","3","2","","","1","1","0","0","0","0","0","2","0","1","","03","","N","","","","","","","","","",""
"2021003652","","1","0","0","0","0","0","0","0","0","4","0","","67","1","2021","2","39.939565","-75.220281","","6","0","0","0","0","0","0","1","0","","0","0","0","","","1","","1","","39 56:22.435","","0","75 13:13.013","3","0","0","0","67301","0","0","0","N","0","0","0","3","67301","0","","1.0","","1","N","N","N","0","","1","0","1","3","2","","","2","1","0","0","0","0","0","2","0","2","","","","N","","","","","","","","","",""
"2021005363","","1","0","0","0","0","0","0","0","0","5","0","","67","1","2021","4","40.008816","-75.204984","","6","0","0","0","0","0","1","0","0","","0","0","0","","","0","N","0","","40 00:31.739","","0","75 12:17.944","0","0","0","0","67301","0","0","0","N","0","0","0","3","68K01","0","","1.0","","1","N","N","N","1","","0","0","0","0","0","","","2","0","0","0","0","0","0","2","0","2","","","","N","","","","","","","","","",""
"2021000789","","0","0","0","0","0","0","0","0","0","7","0","","67","1","2021","1","40.004199","-75.099379","","6","0","0","0","0","0","0","0","0","","0","0","0","","","1","","1","","40 00:15.118","","1","75 05:57.764","3","0","0","0","67301","0","0","0","N","0","0","0","1","67301","0","","4.0","","9","N","N","N","0","","1","0","1","3","2","","","1","1","0","0","0","0","0","2","0","1","","07","","N","","","","","","","","","",""
"2021023314","","1","0","0","0","0","0","0","0","0","7","0","","67","2","2021","2","40.006084","-75.196721","","6","0","0","0","0","0","0","0","0","","0","0","0","","","0","N","0","","40 00:21.901","","0","75 11:48.197","0","0","0","0","67301","0","0","0","N","0","0","0","1","68K01","0","","2.0","","9","N","N","N","0","","0","0","0","0","0","","","1","0","0","0","0","0","0","2","0","1","","","","N","","","","","","","","","",""
"2021007474","","3","0","0","0","0","0","0","0","0","4","0","","67","1","2021","6","39.932668","-75.185291","","6","0","0","0","0","0","0","0","0","","0","0","0","","","1","","1","","39 55:57.604","","0","75 11:07.047","3","0","0","0","67301","0","0","0","N","0","0","0","2","67301","0","","1.0","","1","N","N","N","0","","1","0","0","3","3","","","3","1","0","0","0","0","0","2","0","3","","","","N","","","","","","","","","",""
"2021038605","","1","0","0","0","0","0","0","0","0","4","0","","67","4","2021","2","39.957951","-75.227322","","6","0","0","0","0","0","1","0","0","","1","0","0","","","0","N","1","","39 57:28.623","","0","75 13:38.359","1","1","0","1","67301","0","0","0","N","0","0","0","3","67301","0","2","1.0","","1","N","N","N","0","0","0","0","0","3","3","","","2","0","0","0","0","0","0","2","0","2","","03","","N","","","","","","","","","",""
"2021011974","","1","0","0","0","0","0","0","0","0","2","0","","67","2","2021","5","40.067987","-75.197769","","6","0","0","0","0","0","0","1","0","","0","0","0","","","1","N","0","","40 04:04.753","5","0","75 11:51.970","3","0","0","0","67301","0","0","0","N","0","0","0","2","67301","0","","1.0","1520.0","6","N","N","N","0","","1","0","1","0","0","Y","","2","1","0","0","0","0","0","2","0","2","","03","","N","","","","","","","","","",""
"2021009014","","3","0","0","0","0","0","0","0","0","5","0","","67","1","2021","3","39.924317","-75.183139","","6","0","0","0","0","0","0","0","0","","0","0","0","","","0","N","0","","39 55:27.540","1","0","75 10:59.300","0","0","0","0","67301","0","0","0","N","0","0","0","1","67301","0","","6.0","2105.0","9","N","N","N","0","","0","0","0","0","0","N","","3","0","0","0","0","0","0","2","0","3","","","","N","","","","","","","","","",""
"2021000819","","0","0","0","0","0","0","0","0","0","7","0","","67","1","2021","1","40.02075","-75.141705","","6","0","0","0","0","0","1","0","0","","0","0","0","","","1","N","0","","40 01:14.701","","0","75 08:30.138","8","0","0","0","67301","0","0","0","N","0","0","0","1","67301","0","","4.0","","9","N","N","N","0","","0","0","1","0","0","","","3","1","0","0","0","1","0","2","0","1","","04","","N","","","","","","","","","",""
"2021036779","","2","0","0","0","0","0","0","0","0","1","0","","67","4","2021","1","39.905298","-75.194704","","6","0","0","0","0","0","0","0","0","","0","0","0","","","0","N","0","","39 54:19.071","","3","75 11:40.933","0","0","0","0","67301","0","0","0","N","0","0","0","1","67301","0","","1.0","","1","N","N","N","0","","0","0","0","0","0","","","2","0","0","0","0","0","0","2","0","2","","","","N","","","","","","","","","",""
"2021004058","","2","0","0","0","0","0","0","0","0","5","0","","67","1","2021","3","40.030367","-75.119628","","6","0","0","0","0","0","0","0","0","","0","0","0","","","1","N","0","","40 01:49.320","","0","75 07:10.660","3","0","0","0","67301","0","0","0","N","0","0","0","1","67301","0","","6.0","","1","N","N","N","0","","1","0","1","0","0","","","3","1","0","0","0","0","0","2","0","3","","03","","N","","","","","","","","","",""
"2021002907","","0","0","0","0","0","0","0","0","0","7","0","","67","1","2021","6","40.036295","-75.041859","","6","0","0","0","0","0","0","0","0","","0","0","0","","","1","N","0","","40 02:10.663","","0","75 02:30.692","3","0","0","0","67301","0","0","0","N","0","0","0","1","67301","0","","5.0","","1","N","N","N","0","","1","0","0","0","0","","","1","1","0","0","0","0","0","2","1","1","","","","N","","","","","","","","","",""
"2021038192","","1","0","0","0","0","0","0","0","0","1","0","","67","4","2021","3","39.885715","-75.212111","","6","0","0","0","0","0","0","0","0","","0","0","0","","","0","N","0","","39 53:08.575","1","0","75 12:43.601","0","0","0","0","67301","0","0","0","N","0","0","0","4","68K01","0","","1.0","30.0","1","N","N","N","0","","0","0","1","0","0","Y","","4","0","0","0","0","0","0","2","2","4","","03","","N","","","","","","","","","",""
"2021002906","","2","0","0","0","0","0","0","0","0","4","0","","67","1","2021","5","40.027195","-75.079443","","6","0","0","0","0","0","0","0","0","","0","0","0","","","0","","1","","40 01:37.901","","0","75 04:45.994","0","0","0","0","67301","0","0","0","N","0","0","0","2","67301","0","","1.0","","1","N","N","N","0","","0","0","0","0","0","","","2","0","0","0","0","0","0","2","0","2","","03","","N","","","","","","","","","",""
"2021012060","","1","0","0","0","0","0","0","0","0","4","0","","67","1","2021","5","39.936905","-75.150225","","6","0","0","0","0","0","0","0","0","","0","0","0","","","1","","1","","39 56:12.857","","0","75 09:00.810","3","0","0","0","67301","0","0","0","N","0","0","0","2","67301","0","","1.0","","1","N","N","N","0","","1","0","0","3","3","","","2","1","1","0","0","0","0","2","0","2","","03","","N","","","","","","","","","",""
"2021037725","","0","0","0","0","0","0","0","0","0","98","0","","67","4","2021","1","40.106401","-74.998983","","6","0","0","0","0","0","0","0","0","","0","0","0","","","0","N","0","","40 06:23.042","","0","74 59:56.338","0","0","0","0","67301","0","0","0","N","0","0","0","1","67301","0","","6.0","","1","N","N","N","0","","0","0","1","0","0","","","1","0","0","0","0","0","0","2","0","1","","","","N","","","","","","","","","",""
"2021007466","","3","0","0","0","0","0","0","0","0","5","0","","67","1","2021","7","39.938667","-75.22675","","6","0","0","0","0","0","0","0","0","","0","0","0","","","0","N","0","","39 56:19.200","","0","75 13:36.300","9","0","0","0","67301","0","0","0","N","0","0","0","1","67301","0","","6.0","","99","N","N","N","0","","0","0","0","0","0","","","3","0","0","0","0","0","1","2","0","3","","03","","N","","","","","","","","","",""
"2021041063","","1","0","0","0","0","0","0","0","0","5","1","","67","5","2021","4","40.08754","-74.972004","","6","0","0","0","0","1","0","0","0","","0","1","0","","","1","N","0","","40 05:15.145","","0","74 58:19.213","3","0","0","0","67301","0","0","0","N","0","0","0","2","67301","0","","1.0","","9","N","N","N","0","","1","0","0","0","0","","","2","1","1","0","0","0","0","2","0","2","","07","","N","","","","","","","","","",""
"2021008006","","1","0","0","0","0","0","0","0","0","4","0","","67","1","2021","1","39.986404","-75.169612","","6","0","0","0","0","0","0","1","0","","0","0","0","","","0","","1","","39 59:11.054","","0","75 10:10.603","0","0","0","0","67301","0","0","0","N","0","0","0","2","67301","0","","1.0","","1","N","N","N","0","","0","0","1","3","2","","","2","0","1","0","0","0","0","2","0","2","","03","","N","","","","","","","","","",""
"2021007952","","6","0","0","0","0","0","0","0","0","1","0","","67","1","2021","1","40.026461","-75.115783","","6","0","0","0","0","0","0","0","0","","0","0","0","","","0","","2","","40 01:35.259","1","0","75 06:56.818","0","0","0","0","67301","0","0","0","N","0","0","0","3","67301","0","","1.0","645.0","1","N","N","N","0","","0","0","1","0","0","N","","7","0","0","0","0","0","0","2","0","7","","03","","N","","","","","","","","","",""
"2021002755","","0","0","0","0","0","0","0","0","0","4","0","","67","1","2021","5","39.945404","-75.179736","","6","0","0","0","0","0","1","0","0","","0","0","0","","","1","","1","","39 56:43.455","","0","75 10:47.049","3","0","0","0","67301","0","0","0","N","0","0","0","2","67301","0","","1.0","","1","N","N","N","0","","1","0","2","3","2","","","2","1","0","0","0","0","0","2","0","2","","03","","N","","","","","","","","","",""
"2021018147","","0","0","0","0","0","0","0","0","0","7","0","","67","2","2021","7","39.910721","-75.148796","","6","0","0","0","0","0","0","0","0","","0","0","0","","","1","N","0","","39 54:38.594","","8","75 08:55.665","3","0","0","0","67301","0","0","0","N","0","0","0","1","68K01","0","","4.0","","1","N","N","N","1","","1","0","0","0","0","","","1","1","0","0","0","0","0","2","0","1","","","","N","","","","","","","","","",""
"2021012061","","0","0","0","0","0","0","0","0","0","4","0","","67","2","2021","5","39.98057","-75.183822","","6","0","0","0","0","0","0","0","0","","0","0","0","","","0","","1","","39 58:50.052","","0","75 11:01.759","9","0","0","0","67301","0","0","0","N","0","0","0","2","67301","0","","1.0","","2","N","N","N","0","","0","0","2","3","2","","","2","0","0","0","0","0","1","2","0","2","","03","","N","","","","","","","","","",""
"2021013180","","0","0","0","0","0","0","0","0","0","4","0","","67","2","2021","1","39.980821","-75.246611","","6","0","0","0","0","0","1","0","0","","0","0","0","","","1","","5","","39 58:50.954","","0","75 14:47.798","3","0","0","0","67301","0","0","0","N","0","0","0","2","67301","0","","1.0","","2","N","N","N","0","","1","0","2","3","2","","","2","1","0","0","0","0","0","2","0","2","","07","","N","","","","","","","","","",""
"2021014840","","1","0","0","0","0","0","0","0","0","7","0","","67","2","2021","3","40.025551","-75.130912","","6","0","0","0","0","0","0","0","0","","0","0","0","","","1","","1","","40 01:31.983","","0","75 07:51.283","3","0","0","0","67301","0","0","0","N","0","0","0","1","67301","0","","4.0","","1","N","N","N","0","","1","0","0","3","3","","","1","1","0","0","0","0","0","2","0","1","","03","","N","","","","","","","","","",""
"2021007496","","2","0","0","0","0","0","0","0","0","5","0","","67","1","2021","6","40.059886","-75.151531","","6","0","0","0","0","0","0","0","0","","0","0","0","","","1","N","0","","40 03:35.590","","0","75 09:05.510","8","0","0","0","67301","0","0","0","N","0","0","0","1","67301","0","","1.0","","1","N","N","N","1","","0","0","1","0","0","","","4","1","1","0","0","1","0","2","0","4","","03","","N","","","","","","","","","",""
"2021005994","","2","0","0","0","0","0","0","0","0","4","0","","67","1","2021","6","39.904061","-75.240291","","6","0","0","0","0","0","0","0","0","","0","0","0","","","0","","1","","39 54:14.619","","0","75 14:25.049","9","0","0","0","67301","0","0","0","N","0","0","0","2","67301","0","","1.0","","1","N","N","N","0","","0","0","0","3","2","","","2","0","0","0","0","0","1","2","0","2","","","","N","","","","","","","","","",""
"2021041094","","1","0","0","0","0","0","0","0","0","8","0","","67","4","2021","6","40.05365","-75.141914","","6","0","0","0","0","0","0","0","0","","0","0","0","","","1","N","0","","40 03:13.140","","7","75 08:30.890","3","0","0","0","67301","1","0","0","N","1","0","0","1","67301","0","","6.0","","99","N","N","N","0","","1","0","0","0","0","","","2","1","0","0","0","0","0","2","0","1","","","","N","","","","","","","","","",""
"2021002844","","1","0","0","0","0","0","0","0","0","7","0","","67","1","2021","5","39.955096","-75.141183","","6","0","0","0","0","0","0","0","0","","0","0","0","","","0","N","0","","39 57:18.345","3","8","75 08:28.257","0","0","0","0","67301","0","0","0","N","0","0","0","1","68K01","0","","4.0","100.0","1","N","N","N","0","","0","0","0","0","0","N","","1","0","0","0","0","0","0","2","0","1","","","","N","","","","","","","","","",""
"2021014354","","1","0","0","0","0","0","0","0","0","1","0","","67","1","2021","6","39.969398","-75.126275","","6","0","0","0","1","0","0","0","0","","0","0","0","","","3","N","0","","39 58:09.831","1","0","75 07:34.590","4","0","0","0","67301","0","0","0","N","0","0","0","3","68K01","3","","1.0","1652.0","1","N","N","N","1","","0","0","1","0","0","N","","3","3","0","0","0","0","0","2","0","3","","03","","N","","","","","","","","","",""
"2021004717","","1","0","0","0","0","0","0","0","0","5","0","","67","1","2021","1","39.985889","-75.161278","","6","0","0","0","0","0","0","0","0","","0","0","0","","","0","N","0","","39 59:09.200","","3","75 09:40.600","0","0","0","0","67301","0","0","0","N","0","0","0","2","67501","0","","1.0","","1","N","N","N","0","","0","0","1","0","0","","","2","0","0","0","0","0","0","2","0","2","","","","N","","","","","","","","","",""
"2021042060","","2","0","0","0","0","0","0","0","0","4","0","","67","2","2021","5","39.964578","-75.236196","","6","0","0","0","0","0","0","0","0","","0","0","0","","","2","","1","","39 57:52.480","","0","75 14:10.305","3","0","0","0","67301","0","0","0","N","0","0","0","4","67301","1","","1.0","","1","N","N","Y","0","","1","0","0","","3","","","2","2","2","0","0","0","0","2","0","2","","","","N","","","","","","","","","",""
"2021006008","","2","0","0","0","0","0","0","0","0","4","0","","67","1","2021","7","40.029898","-75.087801","","6","0","0","0","0","0","2","0","0","","1","0","0","","","2","N","1","","40 01:47.633","1","0","75 05:16.085","1","1","0","1","67301","0","0","0","N","0","0","0","4","67301","1","2","1.0","2243.0","1","N","N","N","0","0","1","0","0","","2","Y","","3","2","0","0","0","0","0","2","0","3","","03","","N","","","","","","","","","",""