"CRN","ARRIVAL_TM","AUTOMOBILE_COUNT","BELTED_DEATH_COUNT","BELTED_SUSP_SERIOUS_INJ_COUNT","BICYCLE_COUNT","BICYCLE_DEATH_COUNT","BICYCLE_SUSP_SERIOUS_INJ_COUNT","BUS_COUNT","CHLDPAS_DEATH_COUNT","CHLDPAS_SUSP_SERIOUS_INJ_COUNT","COLLISION_TYPE","COMM_VEH_COUNT","CONS_ZONE_SPD_LIM","COUNTY","CRASH_MONTH","CRASH_YEAR","DAY_OF_WEEK","DEC_LATITUDE","DEC_LONGITUDE","DISPATCH_TM","DISTRICT","DRIVER_COUNT_16YR","DRIVER_COUNT_17YR","DRIVER_COUNT_18YR","DRIVER_COUNT_19YR","DRIVER_COUNT_20YR","DRIVER_COUNT_50_64YR","DRIVER_COUNT_65_74YR","DRIVER_COUNT_75PLUS","EST_HRS_CLOSED","FATAL_COUNT","HEAVY_TRUCK_COUNT","HORSE_BUGGY_COUNT","HOUR_OF_DAY","ILLUMINATION","INJURY_COUNT","INTERSECTION_RELATED","INTERSECT_TYPE","LANE_CLOSED","LATITUDE","LN_CLOSE_DIR","LOCATION_TYPE","LONGITUDE","MAX_SEVERITY_LEVEL","MCYCLE_DEATH_COUNT","MCYCLE_SUSP_SERIOUS_INJ_COUNT","MOTORCYCLE_COUNT","MUNICIPALITY","NONMOTR_COUNT","NONMOTR_DEATH_COUNT","NONMOTR_SUSP_SERIOUS_INJ_COUNT","NTFY_HIWY_MAINT","PED_COUNT","PED_DEATH_COUNT","PED_SUSP_SERIOUS_INJ_COUNT","PERSON_COUNT","POLICE_AGCY","POSSIBLE_INJ_COUNT","RDWY_SURF_TYPE_CD","RELATION_TO_ROAD","ROADWAY_CLEARED","ROAD_CONDITION","SCH_BUS_IND","SCH_ZONE_IND","SECONDARY_CRASH","SMALL_TRUCK_COUNT","SPEC_JURIS_CD","SUSP_MINOR_INJ_COUNT","SUSP_SERIOUS_INJ_COUNT","SUV_COUNT","TCD_FUNC_CD","TCD_TYPE","TFC_DETOUR_IND","TIME_OF_DAY","TOTAL_UNITS","TOT_INJ_COUNT","UNBELTED_OCC_COUNT","UNB_DEATH_COUNT","UNB_SUSP_SERIOUS_INJ_COUNT","UNK_INJ_DEG_COUNT","UNK_INJ_PER_COUNT","URBAN_RURAL","VAN_COUNT","VEHICLE_COUNT","WEATHER1","WEATHER2","WORKERS_PRES","WORK_ZONE_IND","WORK_ZONE_LOC","WORK_ZONE_TYPE","WZ_CLOSE_DETOUR","WZ_FLAGGER","WZ_LAW_OFFCR_IND","WZ_LN_CLOSURE","WZ_MOVING","WZ_OTHER","WZ_SHLDER_MDN","WZ_WORKERS_INJ_KILLED"
"2021009909","","0","0","0","0","0","0","0","0","0","7","0","","67","1","2021","7","39.949937","-75.201091","","6","0","0","0","0","0","0","0","0","","0","0","0","","","1","N","0","","39 56:59.774","4","0","75 12:03.928","8","0","0","0","67301","0","0","0","N","0","0","0","1","67301","0","","4.0","330.0","1","N","N","N","0","","0","0","1","","0","N","","1","1","0","0","0","1","0","2","0","1","","03","","N","","","","","","","","","",""
"2021014761","","0","0","0","0","0","0","0","0","0","7","0","","67","2","2021","2","39.91062","-75.149078","","6","0","0","0","0","0","0","0","0","","0","0","0","","","0","N","6","","39 54:38.233","1","2","75 08:56.679","0","0","0","0","67301","0","0","0","Y","0","0","0","1","68K01","0","","4.0","917.0","9","N","N","N","0","","0","0","1","","0","N","","1","0","0","0","0","0","0","2","0","1","","09","","N","","","","","","","","","",""
"2021014682","","0","0","0","0","0","0","0","0","0","1","0","","67","2","2021","4","40.02978","-75.104603","","6","0","0","0","0","0","0","0","0","","0","0","0","","","2","","1","","40 01:47.207","","0","75 06:16.570","3","0","0","0","67301","0","0","0","N","0","0","0","3","67301","0","","1.0","","1","N","N","N","0","","2","0","2","","2","","","2","2","0","0","0","0","1","2","0","2","","03","","N","","","","","","","","","",""
"2021007732","","1","0","0","0","0","0","0","0","0","4","0","99","67","1","2021","1","39.974647","-75.199029","","6","0","0","0","0","0","0","0","0","","0","0","0","","","0","N","0","","39 58:28.729","","0","75 11:56.505","0","0","0","0","67301","0","0","0","N","0","0","0","2","67301","0","","1.0","","1","N","N","N","0","","0","0","0","","0","","","2","0","0","0","0","0","0","2","0","2","","","N","Y","8","1","N","N","N","Y","N","N","Y","N"
"2021013272","","1","0","0","0","0","0","0","0","0","7","0","","67","1","2021","1","39.915306","-75.189944","","6","0","0","0","0","0","0","0","0","","0","0","0","","","0","N","0","","39 54:55.100","","3","75 11:23.800","9","0","0","0","67301","0","0","0","N","0","0","0","1","67501","0","","3.0","","6","N","N","N","0","","0","0","0","","0","","","1","0","0","0","0","0","1","2","0","1","","","","N","","","","","","","","","",""
"2021015238","","2","0","0","0","0","0","0","0","0","5","0","","67","2","2021","4","39.957015","-75.213348","","6","0","0","0","0","0","0","1","0","","0","0","0","","","1","","1","","39 57:25.253","","0","75 12:48.054","3","0","0","0","67301","0","0","0","N","0","0","0","3","67301","0","","1.0","","1","N","N","N","0","","1","0","0","","2","","","2","1","1","0","0","0","2","2","0","2","","98","","N","","","","","","","","","",""
"2021014469","","1","0","0","0","0","0","0","0","0","1","0","","67","2","2021","5","39.975857","-75.223857","","6","0","0","0","0","0","0","0","0","","0","0","0","","","1","N","0","","39 58:33.085","","0","75 13:25.885","8","0","0","0","67301","0","0","0","N","0","0","0","1","67301","0","","1.0","","7","N","N","N","0","","0","0","0","","0","","","2","1","0","0","0","1","0","2","0","2","","10","","N","","","","","","","","","",""
"2021015430","","1","0","0","0","0","0","0","0","0","4","0","","67","2","2021","5","40.03657","-75.131522","","6","0","0","0","0","0","0","0","0","","0","0","0","","","0","","1","","40 02:11.652","","0","75 07:53.479","0","0","0","0","67301","0","0","0","N","0","0","0","3","67301","0","","1.0","","1","N","N","N","0","","0","0","1","","3","","","2","0","0","0","0","0","0","2","0","2","","","","N","","","","","","","","","",""
"2021005971","","2","0","0","0","0","0","0","0","0","4","0","","67","1","2021","1","40.079536","-75.042176","","6","0","1","0","0","0","0","0","0","","0","0","0","","","0","","1","","40 04:46.328","","0","75 02:31.835","0","0","0","0","67301","0","0","0","N","0","0","0","2","67301","0","","1.0","","1","N","N","N","0","","0","0","0","","1","","","2","0","1","0","0","0","0","2","0","2","","03","","N","","","","","","","","","",""
"2021007702","","1","0","0","0","0","0","0","0","0","5","0","","67","1","2021","7","40.019472","-75.145975","","6","0","0","0","0","0","0","0","0","","0","0","0","","","1","N","0","","40 01:10.098","","0","75 08:45.510","3","0","0","0","67301","0","0","0","N","0","0","0","2","67301","0","","1.0","","1","N","N","N","0","","1","0","1","","0","","","2","1","0","0","0","0","1","2","0","2","","03","","N","","","","","","","","","",""
"2021009628","","0","0","0","0","0","0","0","0","0","7","0","45","67","1","2021","1","40.019153","-75.045642","","6","0","0","0","1","0","0","0","0","","0","0","0","","","0","N","0","","40 01:08.952","1","0","75 02:44.310","0","0","0","0","67301","0","0","0","N","0","0","0","1","68K01","0","","3.0","700.0","1","N","N","N","0","","0","0","1","","0","N","","1","0","0","0","0","0","0","2","0","1","","","N","Y","4","1","","","N","","","","Y","N"
"2021021419","","2","0","0","0","0","0","0","0","0","4","0","","67","3","2021","4","40.020881","-75.1486","","6","0","0","0","0","0","0","0","0","","0","0","0","","","0","N","1","","40 01:15.173","","0","75 08:54.961","0","0","0","0","67301","0","0","0","N","0","0","0","1","67301","0","","1.0","","1","N","N","N","0","","0","0","0","","0","","","2","0","0","0","0","0","0","2","0","2","","","","N","","","","","","","","","",""
"2021008610","","1","0","0","0","0","0","0","0","0","7","0","","67","1","2021","4","40.009778","-75.065306","","6","0","0","0","0","0","0","0","0","","0","0","0","","","1","","7","","40 00:35.200","2","2","75 03:55.100","3","0","0","0","67301","0","0","0","N","0","0","0","1","68K01","0","","7.0","307.0","1","N","N","N","0","","1","0","0","","0","N","","1","1","0","0","0","0","0","2","0","1","","03","","N","","","","","","","","","",""
"2021035507","","0","0","0","0","0","0","0","0","0","8","0","","67","4","2021","1","39.924894","-75.169489","","6","0","0","0","0","0","0","0","0","","0","1","0","","","1","N","0","","39 55:29.617","","0","75 10:10.162","3","0","0","0","67301","1","0","0","N","1","0","0","3","67301","0","","1.0","","1","N","N","N","0","","1","0","0","","0","","","2","1","0","0","0","0","0","2","0","1","","","","N","","","","","","","","","",""
"2021012558","","0","0","0","0","0","0","0","0","0","2","0","","67","2","2021","7","39.966522","-75.147264","","6","0","0","0","0","0","2","0","0","","0","0","0","","","1","N","0","","39 57:59.480","","0","75 08:50.150","3","0","0","0","67301","0","0","0","N","0","0","0","2","67301","0","","1.0","","9","N","N","N","0","","1","0","2","","0","","","2","1","0","0","0","0","0","2","0","2","","03","","N","","","","","","","","","",""
"2021012805","","1","0","0","0","0","0","0","0","0","4","0","","67","2","2021","1","39.979568","-75.175986","","6","0","0","0","0","0","0","0","0","","0","0","0","","","1","","1","","39 58:46.445","","0","75 10:33.551","4","0","0","0","67301","0","0","0","N","0","0","0","2","67301","1","","1.0","","6","N","N","N","0","","0","0","1","","2","","","2","1","0","0","0","0","0","2","0","2","","07","","N","","","","","","","","","",""
"2021013857","","1","0","0","0","0","0","0","0","0","1","0","","67","2","2021","1","39.993975","-75.117967","","6","0","0","0","0","0","0","0","0","","0","0","0","","","1","","3","","39 59:38.311","","0","75 07:04.681","3","0","0","0","67301","0","0","0","N","0","0","0","2","67301","0","","1.0","","9","N","N","N","0","","1","0","1","","2","","","2","1","2","0","0","0","0","2","0","2","","10","","N","","","","","","","","","",""
"2021010645","","0","0","0","0","0","0","0","0","0","4","0","","67","1","2021","6","40.001765","-75.129657","","6","0","0","0","0","0","0","0","0","","0","0","0","","","1","","1","","40 00:06.354","","0","75 07:46.765","3","0","0","0","67301","0","0","0","N","0","0","0","2","67301","0","","1.0","","1","N","N","N","1","","1","0","1","","3","","","2","1","0","0","0","0","0","2","0","2","","03","","N","","","","","","","","","",""
"2021008845","","1","0","0","0","0","0","0","0","0","4","0","","67","1","2021","1","40.041584","-75.03407","","6","0","0","0","0","1","0","0","0","","0","0","0","","","1","","1","","40 02:29.702","","0","75 02:02.651","4","0","0","0","67301","0","0","0","N","0","0","0","2","67301","1","","1.0","","1","N","N","N","0","","0","0","1","","3","","","2","1","0","0","0","0","0","2","0","2","","","","N","","","","","","","","","",""
"2021012673","","0","0","0","0","0","0","0","0","0","1","0","","67","2","2021","4","39.915385","-75.147913","","6","0","0","0","0","0","0","0","0","","0","0","0","","","1","N","0","","39 54:55.385","","0","75 08:52.487","3","0","0","0","67301","0","0","0","N","0","0","0","2","68K01","0","","2.0","","7","N","N","N","0","","1","0","0","","0","","","2","1","0","0","0","0","1","2","1","2","","","","N","","","","","","","","","",""
"2021014348","","0","0","0","0","0","0","0","0","0","7","1","","67","1","2021","3","39.980185","-75.205358","","6","0","0","0","0","1","1","0","0","","0","1","0","","","1","N","0","","39 58:48.667","","0","75 12:19.288","3","0","0","0","67301","0","0","0","N","0","0","0","2","68K01","0","","4.0","","9","N","N","N","0","","1","0","1","","0","","","2","1","0","0","0","0","0","2","0","2","","","","N","","","","","","","","","",""
"2021025440","","1","0","0","0","0","0","0","0","0","5","1","","67","3","2021","5","39.978472","-75.202724","","6","0","0","0","0","0","1","0","0","","0","1","0","","","0","N","0","","39 58:42.500","","0","75 12:09.808","0","0","0","0","67301","0","0","0","N","0","0","0","3","68K01","0","","1.0","","1","N","N","N","0","","0","0","1","","0","","","3","0","0","0","0","0","0","2","0","3","","","","N","","","","","","","","","",""
"2021009328","","0","0","0","0","0","0","0","0","0","4","0","","67","1","2021","2","39.91569","-75.162848","","6","0","0","0","0","1","1","0","0","","0","0","0","","","0","","1","","39 54:56.483","","0","75 09:46.253","0","0","0","0","67301","0","0","0","N","0","0","0","2","67301","0","","1.0","","1","N","N","N","0","","0","0","2","","2","","","2","0","0","0","0","0","0","2","0","2","","03","","N","","","","","","","","","",""
"2021012971","","1","0","0","0","0","0","0","0","0","1","0","","67","1","2021","6","39.957434","-75.158564","","6","0","0","0","0","0","0","0","0","","0","0","0","","","0","N","0","","39 57:26.764","","0","75 09:30.830","0","0","0","0","67301","0","0","0","N","0","0","0","4","68K01","0","","3.0","","1","N","N","N","0","","0","0","2","","0","","","3","0","0","0","0","0","0","2","0","3","","","","N","","","","","","","","","",""
"2021036666","","0","0","0","0","0","0","0","0","0","4","0","","67","4","2021","4","39.994662","-75.123888","","6","0","0","0","0","0","0","0","0","","0","1","0","","","1","","1","","39 59:40.783","","0","75 07:25.996","3","0","0","0","67301","0","0","0","N","0","0","0","2","67301","0","","1.0","","99","N","N","N","0","","1","0","0","","3","","","2","1","1","0","0","0","0","2","0","2","","03","","N","","","","","","","","","",""
"2021037263","","1","0","0","0","0","0","0","0","0","1","0","","67","4","2021","6","39.975451","-75.11571","","6","0","0","0","0","0","2","0","0","","0","0","0","","","0","N","0","","39 58:31.622","","0","75 06:56.557","0","0","0","0","67301","0","0","0","N","0","0","0","4","68K01","0","","1.0","","1","N","N","N","0","","0","0","1","","8","","","2","0","0","0","0","0","0","2","0","2","","","","N","","","","","","","","","",""
"2021000089","","2","0","0","0","0","0","0","0","0","7","0","","67","1","2021","6","40.027156","-75.089826","","6","0","0","0","0","0","0","0","0","","0","0","0","","","2","N","0","","40 01:37.760","6","0","75 05:23.373","2","0","0","0","67301","0","0","0","N","0","0","0","2","67301","0","","4.0","415.0","1","N","N","N","0","","0","1","1","","0","Y","","3","2","0","0","0","1","0","2","0","3","","","","N","","","","","","","","","",""
"2021014054","","0","0","0","0","0","0","0","0","0","2","0","","67","2","2021","1","39.936624","-75.234241","","6","0","0","0","0","0","0","0","0","","0","0","0","","","1","N","0","","39 56:11.845","","0","75 14:03.267","3","0","0","0","67301","0","0","0","N","0","0","0","1","67301","0","","1.0","","9","N","N","N","0","","1","0","1","","0","","","2","1","0","0","0","0","0","2","0","2","","10","","N","","","","","","","","","",""
"2021011228","","1","0","0","0","0","0","0","0","0","5","1","","67","1","2021","4","39.932306","-75.17275","","6","0","0","0","0","0","1","0","0","","0","1","0","","","1","N","0","","39 55:56.300","","0","75 10:21.900","2","0","0","0","67301","0","0","0","N","0","0","0","2","67508","0","","6.0","","1","N","N","Y","0","","0","1","0","","0","","","2","1","0","0","0","0","0","2","0","2","","03","","N","","","","","","","","","",""
"2021012304","","2","0","0","0","0","0","0","0","0","2","0","","67","2","2021","6","39.974451","-75.158729","","6","0","0","0","0","0","0","0","0","","0","0","0","","","0","","1","","39 58:28.024","","0","75 09:31.424","0","0","0","0","67301","0","0","0","N","0","0","0","3","67505","0","","1.0","","2","N","N","N","0","","0","0","0","","2","","","2","0","0","0","0","0","0","2","0","2","","03","","N","","","","","","","","","",""
"2021013459","","1","0","0","0","0","0","0","0","0","7","0","","67","2","2021","2","40.042578","-75.171589","","6","0","0","0","0","0","0","0","0","","0","0","0","","","1","N","0","","40 02:33.280","","0","75 10:17.720","3","0","0","0","67301","0","0","0","N","0","0","0","2","67301","0","","5.0","","1","N","N","N","0","","1","0","0","","0","","","1","1","2","0","0","0","1","2","0","1","","","","N","","","","","","","","","",""
"2021008754","","2","0","0","0","0","0","0","0","0","4","0","","67","1","2021","1","40.059854","-75.173438","","6","0","0","0","0","0","0","0","0","","0","0","0","","","0","","1","","40 03:35.475","","0","75 10:24.377","0","0","0","0","67301","0","0","0","N","0","0","0","2","67301","0","","1.0","","1","N","N","N","0","","0","0","0","","2","","","2","0","0","0","0","0","0","2","0","2","","03","","N","","","","","","","","","",""
"2021003626","","1","0","0","0","0","0","0","0","0","7","0","","67","1","2021","1","39.956694","-75.153667","","6","0","0","0","1","0","0","0","0","","0","0","0","","","0","","7","","39 57:24.100","","2","75 09:13.200","0","0","0","0","67301","0","0","0","Y","0","0","0","2","68K01","0","","7.0","","9","N","N","N","0","","0","0","0","","0","","","1","0","0","0","0","0","0","2","0","1","","03","","N","","","","","","","","","",""
"2021011796","","2","0","1","0","0","0","0","0","0","2","0","","67","1","2021","5","39.934667","-75.235139","","6","0","0","0","0","0","0","0","0","","0","0","0","","","1","N","0","","39 56:04.800","","0","75 14:06.500","2","0","0","0","67301","0","0","0","N","0","0","0","2","67301","0","","1.0","","1","N","N","N","0","","0","1","0","","0","","","2","1","0","0","0","0","0","2","0","2","","03","","N","","","","","","","","","",""
"2021039842","","0","0","0","0","0","0","0","0","0","7","0","","67","4","2021","5","39.882138","-75.245753","","6","0","0","0","0","0","0","0","0","","0","0","0","","","2","N","0","","39 52:55.698","2","0","75 14:44.711","3","0","0","0","67301","0","0","0","N","0","0","0","2","68K01","0","","4.0","1235.0","9","N","N","N","0","","2","0","1","","0","N","","1","2","0","0","0","0","0","2","0","1","","","","N","","","","","","","","","",""
"2021013176","","1","0","0","0","0","0","0","0","0","7","0","","67","2","2021","7","40.101615","-74.998145","","6","0","0","0","0","0","0","0","0","","0","0","0","","","3","","2","","40 06:05.814","4","0","74 59:53.321","2","0","0","0","67301","2","0","1","N","2","0","1","3","67301","1","","5.0","40.0","1","N","N","N","0","","1","1","0","","3","Y","","3","3","0","0","0","0","0","2","0","1","","03","","N","","","","","","","","","",""
"2021003751","","1","0","0","0","0","0","0","0","0","1","0","","67","1","2021","3","40.001427","-75.143726","","6","0","0","0","0","0","0","1","0","","0","0","0","","","1","N","0","","40 00:05.137","","1","75 08:37.412","3","0","0","0","67301","0","0","0","N","0","0","0","3","67301","0","","1.0","","1","N","N","N","0","","1","0","1","","0","","","3","1","1","0","0","0","0","2","0","3","","98","","N","","","","","","","","","",""
"2021009340","","1","0","0","0","0","0","0","0","0","7","0","","67","1","2021","5","39.931893","-75.169822","","6","0","0","0","0","0","1","0","0","","0","0","0","","","2","N","0","","39 55:54.814","","99","75 10:11.359","4","0","0","0","67301","0","0","0","N","0","0","0","2","67505","2","","2.0","","1","N","N","N","0","","0","0","0","","2","","","1","2","0","0","0","0","0","2","0","1","","03","","N","","","","","","","","","",""
"2021014305","","0","0","0","0","0","0","0","0","0","5","1","","67","2","2021","4","39.913189","-75.142817","","6","0","0","0","0","0","0","0","0","","0","1","0","","","0","N","0","","39 54:47.481","","0","75 08:34.141","0","0","0","0","67301","0","0","0","N","0","0","0","1","67301","0","","6.0","","1","N","N","N","0","","0","0","1","","0","","","2","0","0","0","0","0","0","2","0","2","","03","","N","","","","","","","","","",""
"2021012825","","0","0","0","0","0","0","0","0","0","7","0","","67","2","2021","1","39.982","-75.163722","","6","0","0","0","0","0","0","0","0","","0","0","0","","","0","N","0","","39 58:55.200","1","0","75 09:49.400","0","0","0","0","67301","0","0","0","N","0","0","0","1","67505","0","","1.0","40.0","9","N","N","N","0","","0","0","1","","0","Y","","1","0","0","0","0","0","0","2","0","1","","03","","N","","","","","","","","","",""
"2021008749","","2","0","0","0","0","0","0","0","0","4","0","","67","1","2021","3","40.056962","-75.088369","","6","0","0","0","0","0","1","0","0","","0","0","0","","","1","","1","","40 03:25.064","","0","75 05:18.129","3","0","0","0","67301","0","0","0","N","0","0","0","2","67301","0","","1.0","","9","N","N","N","0","","1","0","0","","2","","","2","1","0","0","0","0","0","2","0","2","","","","N","","","","","","","","","",""
"2021009597","","0","0","0","0","0","0","0","0","0","7","0","45","67","1","2021","1","39.947436","-75.187289","","6","0","0","0","0","0","0","0","0","","0","0","0","","","0","N","0","","39 56:50.770","4","0","75 11:14.241","0","0","0","0","67301","0","0","0","N","0","0","0","1","68K01","0","","4.0","2200.0","1","N","N","N","0","","0","0","1","","0","N","","1","0","0","0","0","0","0","2","0","1","","","N","Y","4","1","","","N","Y","","","","N"
"2021013541","","1","0","0","0","0","0","0","0","0","1","0","","67","1","2021","5","39.926243","-75.194471","","6","0","0","0","0","0","2","0","0","","0","0","0","","","0","N","0","","39 55:34.476","3","0","75 11:40.096","0","0","0","0","67301","0","0","0","N","0","0","0","2","68K01","0","","1.0","1727.0","1","N","N","N","0","","0","0","1","","0","N","","2","0","0","0","0","0","0","2","0","2","","","","N","","","","","","","","","",""
"2021012679","","0","0","0","0","0","0","0","0","0","4","0","","67","2","2021","5","40.009219","-75.066646","","6","0","0","0","0","0","0","1","0","","0","0","0","","","0","N","0","","40 00:33.187","","0","75 03:59.924","0","0","0","0","67301","0","0","0","N","0","0","0","2","68K01","0","","1.0","","1","N","N","N","1","","0","0","1","","0","","","2","0","0","0","0","0","0","2","0","2","","","","N","","","","","","","","","",""
"2021009092","","2","0","0","0","0","0","0","0","0","5","0","","67","1","2021","1","39.988303","-75.123742","","6","0","0","0","0","0","0","0","0","","0","0","0","","","0","N","0","","39 59:17.889","","0","75 07:25.471","0","0","0","0","67301","0","0","0","N","0","0","0","2","67301","0","","6.0","","1","N","N","N","0","","0","0","1","","0","","","4","0","0","0","0","0","0","2","1","4","","98","","N","","","","","","","","","",""
"2021035727","","1","0","0","0","0","0","0","0","0","4","1","","67","4","2021","2","39.914318","-75.152289","","6","0","0","0","0","0","0","1","0","","0","1","0","","","1","","2","","39 54:51.546","","0","75 09:08.241","3","0","0","0","67301","0","0","0","N","0","0","0","2","67301","0","","1.0","","1","N","N","N","0","","1","0","0","","0","","","2","1","0","0","0","0","0","2","0","2","","03","","N","","","","","","","","","",""
"2021007737","","1","0","0","0","0","0","0","0","0","4","0","","67","1","2021","1","39.981447","-75.167097","","6","0","0","0","0","0","0","0","0","","0","0","0","","","2","","1","","39 58:53.209","","0","75 10:01.549","3","0","0","0","67301","0","0","0","N","0","0","0","4","67301","1","","1.0","","1","N","N","N","1","","1","0","0","","3","","","2","2","1","0","0","0","0","2","0","2","","","","N","","","","","","","","","",""
"2021014056","","1","0","0","0","0","0","0","0","0","1","0","","67","2","2021","4","40.050771","-75.148714","","6","0","0","0","0","0","0","0","0","","0","0","0","","","0","","1","","40 03:02.775","","0","75 08:55.370","0","0","0","0","67301","0","0","0","N","0","0","0","2","67301","0","","1.0","","1","N","N","N","0","","0","0","1","","2","","","2","0","2","0","0","0","0","2","0","2","","03","","N","","","","","","","","","",""
"2021012806","","2","0","0","0","0","0","0","0","0","4","0","","67","2","2021","6","40.027728","-75.159206","","6","0","0","0","0","0","0","0","0","","0","0","0","","","2","N","0","","40 01:39.820","","0","75 09:33.140","3","0","0","0","67301","0","0","0","N","0","0","0","3","67301","0","","1.0","","1","N","N","N","0","","2","0","0","","0","U","","2","2","0","0","0","0","1","2","0","2","","03","","N","","","","","","","","","",""
"2021024509","","1","0","0","0","0","0","0","0","0","5","0","","67","3","2021","3","39.955094","-75.159206","","6","0","0","0","0","0","1","0","0","","0","1","0","","","1","N","0","","39 57:18.340","","0","75 09:33.140","3","0","0","0","67301","0","0","0","N","0","0","0","2","67301","0","","1.0","","1","N","N","N","0","","1","0","0","","0","","","2","1","0","0","0","0","0","2","0","2","","03","","N","","","","","","","","","",""
"2021008843","","1","0","0","0","0","0","0","0","0","1","0","","67","1","2021","3","39.963328","-75.146664","","6","0","0","0","0","0","0","0","0","","0","0","0","","","0","N","0","","39 57:47.980","","0","75 08:47.990","9","0","0","0","67301","0","0","0","N","0","0","0","1","67301","0","","6.0","","9","N","N","N","0","","0","0","2","","0","","","3","0","0","0","0","0","1","2","0","3","","07","","N","","","","","","","","","",""
"2021008994","","1","0","0","0","0","0","0","0","0","7","0","","67","1","2021","4","40.017278","-75.047972","","6","0","0","0","0","0","0","0","0","","0","0","0","","","0","","3","","40 01:02.200","","0","75 02:52.700","0","0","0","0","67301","0","0","0","N","0","0","0","1","67301","0","","3.0","","9","N","N","N","0","","0","0","0","","0","","","1","0","0","0","0","0","0","2","0","1","","","","N","","","","","","","","","",""
"2021025593","","0","0","0","0","0","0","0","0","0","4","0","","67","3","2021","4","39.963503","-75.191494","","6","0","0","0","0","0","0","0","0","","0","0","0","","","1","","1","","39 57:48.609","","0","75 11:29.380","3","0","0","0","67301","0","0","0","N","0","0","0","1","67301","0","","1.0","","9","N","N","N","0","","1","0","1","","3","","","2","1","0","0","0","0","0","2","0","2","","","","N","","","","","","","","","",""
"2021014304","","1","0","0","0","0","0","0","0","0","1","0","","67","2","2021","5","39.954515","-75.205755","","6","0","0","0","0","0","0","0","0","","0","0","0","","","0","N","0","","39 57:16.253","","0","75 12:20.719","0","0","0","0","67301","0","0","0","N","0","0","0","3","67504","0","","1.0","","1","N","N","N","0","","0","0","1","","0","","","2","0","0","0","0","0","0","2","0","2","","03","","N","","","","","","","","","",""
"2021004343","","1","0","0","0","0","0","0","0","0","7","0","55","67","1","2021","3","39.899078","-75.167174","","6","0","0","0","0","0","1","0","0","","0","0","0","","","1","N","0","","39 53:56.682","1","3","75 10:01.826","3","0","0","0","67301","0","0","0","N","0","0","0","2","68K01","0","","4.0","100.0","1","N","N","N","1","","1","0","0","","0","N","","2","1","0","0","0","0","0","2","0","2","","","Y","Y","4","1","N","N","Y","Y","Y","N","Y","N"
"2021009965","","2","0","0","0","0","0","0","0","0","4","0","","67","1","2021","7","39.913422","-75.150158","","6","0","0","0","0","0","1","0","0","","0","0","0","","","0","N","0","","39 54:48.320","2","7","75 09:00.570","0","0","0","0","67301","0","0","0","N","0","0","0","3","67301","0","","1.0","1235.0","1","N","N","N","0","","0","0","0","","0","N","","2","0","0","0","0","0","0","2","0","2","","","","N","","","","","","","","","",""
"2021002643","","1","0","0","0","0","0","0","0","0","1","0","","67","1","2021","5","40.03724","-75.011021","","6","0","0","0","0","0","0","0","1","","0","0","0","","","2","Y","0","","40 02:14.063","2","0","75 00:39.675","3","0","0","0","67301","0","0","0","N","0","0","0","2","67301","0","","1.0","1811.0","1","N","N","N","0","","2","0","1","","2","N","","2","2","0","0","0","0","0","2","0","2","","98","","N","","","","","","","","","",""
"2021011521","","1","0","0","0","0","0","0","0","0","1","0","","67","2","2021","4","39.977833","-75.255881","","6","0","0","0","0","1","0","0","0","","0","0","0","","","1","","11","","39 58:40.200","","0","75 15:21.170","3","0","0","0","67301","0","0","0","N","0","0","0","4","67301","0","","1.0","","2","N","N","N","1","","1","0","1","","3","","","3","1","0","0","0","0","0","2","0","3","","04","","N","","","","","","","","","",""
"2021012661","","1","0","0","0","0","0","0","0","0","1","0","","67","1","2021","7","39.958149","-75.164849","","6","0","0","0","1","0","1","0","0","","0","0","0","","","2","N","0","","39 57:29.338","","0","75 09:53.456","3","0","0","0","67301","0","0","0","N","0","0","0","6","68K01","0","","1.0","","1","N","N","N","0","","2","0","1","","0","","","2","2","0","0","0","0","0","2","0","2","","","","N","","","","","","","","","",""
"2021009971","","1","0","0","0","0","0","0","0","0","5","0","","67","1","2021","7","40.009397","-75.139897","","6","0","0","0","0","0","0","0","0","","0","0","0","","","0","N","0","","40 00:33.830","","0","75 08:23.630","0","0","0","0","67301","0","0","0","N","0","0","0","1","67301","0","","1.0","","1","N","N","N","0","","0","0","1","","0","","","2","0","1","0","0","0","0","2","0","2","","","","N","","","","","","","","","",""
"2021040320","","1","0","0","0","0","0","0","0","0","1","0","","67","5","2021","2","40.009825","-75.206086","","6","0","0","0","0","0","0","0","0","","0","0","0","","","1","N","6","","40 00:35.370","","2","75 12:21.910","3","0","0","0","67301","0","0","0","N","0","0","0","2","68K01","0","","1.0","","1","N","N","N","0","","1","0","1","","3","","","2","1","0","0","0","0","0","2","0","2","","","","N","","","","","","","","","",""
"2021006333","","1","0","0","0","0","0","0","0","0","7","0","","67","1","2021","1","40.02458","-75.030593","","6","0","0","0","0","0","0","0","0","","0","0","0","","","0","N","0","","40 01:28.487","","0","75 01:50.133","0","0","0","0","67301","0","0","0","N","0","0","0","1","68K01","0","","4.0","","1","N","N","N","0","","0","0","0","","0","","","1","0","0","0","0","0","0","2","0","1","","03","","N","","","","","","","","","",""