"CRN","ARRIVAL_TM","AUTOMOBILE_COUNT","BELTED_DEATH_COUNT","BELTED_SUSP_SERIOUS_INJ_COUNT","BICYCLE_COUNT","BICYCLE_DEATH_COUNT","BICYCLE_SUSP_SERIOUS_INJ_COUNT","BUS_COUNT","CHLDPAS_DEATH_COUNT","CHLDPAS_SUSP_SERIOUS_INJ_COUNT","COLLISION_TYPE","COMM_VEH_COUNT","CONS_ZONE_SPD_LIM","COUNTY","CRASH_MONTH","CRASH_YEAR","DAY_OF_WEEK","DEC_LATITUDE","DEC_LONGITUDE","DISPATCH_TM","DISTRICT","DRIVER_COUNT_16YR","DRIVER_COUNT_17YR","DRIVER_COUNT_18YR","DRIVER_COUNT_19YR","DRIVER_COUNT_20YR","DRIVER_COUNT_50_64YR","DRIVER_COUNT_65_74YR","DRIVER_COUNT_75PLUS","EST_HRS_CLOSED","FATAL_COUNT","HEAVY_TRUCK_COUNT","HORSE_BUGGY_COUNT","HOUR_OF_DAY","ILLUMINATION","INJURY_COUNT","INTERSECTION_RELATED","INTERSECT_TYPE","LANE_CLOSED","LATITUDE","LN_CLOSE_DIR","LOCATION_TYPE","LONGITUDE","MAX_SEVERITY_LEVEL","MCYCLE_DEATH_COUNT","MCYCLE_SUSP_SERIOUS_INJ_COUNT","MOTORCYCLE_COUNT","MUNICIPALITY","NONMOTR_COUNT","NONMOTR_DEATH_COUNT","NONMOTR_SUSP_SERIOUS_INJ_COUNT","NTFY_HIWY_MAINT","PED_COUNT","PED_DEATH_COUNT","PED_SUSP_SERIOUS_INJ_COUNT","PERSON_COUNT","POLICE_AGCY","POSSIBLE_INJ_COUNT","RDWY_SURF_TYPE_CD","RELATION_TO_ROAD","ROADWAY_CLEARED","ROAD_CONDITION","SCH_BUS_IND","SCH_ZONE_IND","SECONDARY_CRASH","SMALL_TRUCK_COUNT","SPEC_JURIS_CD","SUSP_MINOR_INJ_COUNT","SUSP_SERIOUS_INJ_COUNT","SUV_COUNT","TCD_FUNC_CD","TCD_TYPE","TFC_DETOUR_IND","TIME_OF_DAY","TOTAL_UNITS","TOT_INJ_COUNT","UNBELTED_OCC_COUNT","UNB_DEATH_COUNT","UNB_SUSP_SERIOUS_INJ_COUNT","UNK_INJ_DEG_COUNT","UNK_INJ_PER_COUNT","URBAN_RURAL","VAN_COUNT","VEHICLE_COUNT","WEATHER1","WEATHER2","WORKERS_PRES","WORK_ZONE_IND","WORK_ZONE_LOC","WORK_ZONE_TYPE","WZ_CLOSE_DETOUR","WZ_FLAGGER","WZ_LAW_OFFCR_IND","WZ_LN_CLOSURE","WZ_MOVING","WZ_OTHER","WZ_SHLDER_MDN","WZ_WORKERS_INJ_KILLED"
"2021012675","","2","0","0","0","0","0","0","0","0","1","0","","67","2","2021","5","40.050151","-74.991781","","6","0","0","0","0","0","0","0","0","","0","0","0","","","0","N","0","","40 03:00.543","1","0","74 59:30.412","0","0","0","0","67301","0","0","0","N","0","0","0","3","68K01","0","","1.0","45.0","1","N","N","N","0","","0","0","0","","0","N","","3","0","0","0","0","0","0","2","1","3","","","","N","","","","","","","","","",""
"2021006011","","3","0","0","0","0","0","0","0","0","5","0","","67","1","2021","5","40.035103","-75.035611","","6","0","0","0","0","0","0","0","0","","0","0","0","","","0","N","0","","40 02:06.370","","0","75 02:08.200","9","0","0","0","67301","0","0","0","N","0","0","0","1","67301","0","","6.0","","1","N","N","Y","0","","0","0","0","","0","","","3","0","0","0","0","0","1","2","0","3","","","","N","","","","","","","","","",""
"2021040788","","0","0","0","0","0","0","0","0","0","8","0","","67","2","2021","1","40.048286","-75.113691","","6","0","0","0","0","0","0","0","0","","0","0","0","","","1","N","0","","40 02:53.829","","0","75 06:49.289","2","0","0","0","67301","1","0","1","N","1","0","1","2","67301","0","","1.0","","1","N","N","Y","0","","0","1","0","","0","","","2","1","0","0","0","0","0","2","0","1","","","","N","","","","","","","","","",""
"2021012475","","2","0","0","0","0","0","0","0","0","2","0","","67","2","2021","5","40.107028","-74.995786","","6","0","0","0","1","0","0","0","0","","0","0","0","","","1","","1","","40 06:25.299","","0","74 59:44.829","3","0","0","0","67301","0","0","0","N","0","0","0","2","67301","0","","1.0","","1","N","N","N","0","","1","0","0","","2","","","2","1","0","0","0","0","0","2","0","2","","03","","N","","","","","","","","","",""
"2021014689","","1","0","0","0","0","0","0","0","0","4","0","","67","1","2021","3","39.910084","-75.243978","","6","0","0","0","0","0","0","0","0","","0","0","0","","","0","","1","","39 54:36.302","","0","75 14:38.320","0","0","0","0","67301","0","0","0","N","0","0","0","2","67301","0","","1.0","","1","N","N","N","0","","0","0","1","","3","","","2","0","0","0","0","0","0","2","0","2","","03","","N","","","","","","","","","",""
"2021006013","","1","0","0","0","0","0","0","0","0","8","0","","67","1","2021","6","40.022978","-75.051975","","6","0","0","0","0","0","0","0","0","","0","0","0","","","1","N","0","","40 01:22.720","","0","75 03:07.110","3","0","0","0","67301","1","0","0","N","1","0","0","2","67301","0","","1.0","","1","N","N","N","0","","1","0","0","","0","","","2","1","0","0","0","0","0","2","0","1","","03","","N","","","","","","","","","",""
"2021014053","","1","0","0","0","0","0","0","0","0","6","1","","67","2","2021","4","40.056613","-75.008573","","6","0","0","0","0","0","0","0","0","","0","1","0","","","0","N","0","","40 03:23.808","2","0","75 00:30.861","0","0","0","0","67301","0","0","0","N","0","0","0","2","67301","0","","1.0","1720.0","1","N","N","N","0","","0","0","0","","0","Y","","2","0","0","0","0","0","0","2","0","2","","03","","N","","","","","","","","","",""
"2021014588","","0","0","0","0","0","0","0","0","0","2","0","","67","2","2021","4","40.040304","-75.04331","","6","0","0","0","0","0","0","1","0","","0","0","0","","","1","N","1","","40 02:25.094","6","0","75 02:35.916","8","0","0","0","67301","0","0","0","N","0","0","0","2","67301","0","","1.0","1146.0","1","N","N","N","0","","0","0","2","","2","N","","2","1","0","0","0","1","0","2","0","2","","03","","N","","","","","","","","","",""
"2021025688","","1","0","1","0","0","0","0","0","0","7","0","","67","3","2021","5","40.10988","-74.994601","","6","0","0","0","0","0","0","1","0","","0","0","0","","","1","N","0","","40 06:35.569","2","0","74 59:40.562","2","0","0","0","67301","0","0","0","N","0","0","0","1","67301","0","","4.0","100.0","9","N","N","N","0","","0","1","0","","0","N","","1","1","0","0","0","0","0","2","0","1","","07","","N","","","","","","","","","",""
"2021014360","","2","0","0","0","0","0","0","0","0","4","0","","67","1","2021","7","39.981211","-75.102474","","6","0","0","0","0","0","1","0","0","","0","0","0","","","0","N","0","","39 58:52.361","","0","75 06:08.907","0","0","0","0","67301","0","0","0","N","0","0","0","2","68K01","0","","1.0","","1","N","N","N","0","","0","0","0","","0","","","2","0","0","0","0","0","0","2","0","2","","03","","N","","","","","","","","","",""
"2021010904","","1","0","0","0","0","0","0","0","0","4","0","","67","1","2021","1","40.029079","-75.146805","","6","0","0","0","1","0","1","0","0","","0","1","0","","","1","","1","","40 01:44.684","","0","75 08:48.499","3","0","0","0","67301","0","0","0","N","0","0","0","2","67301","0","","1.0","","1","N","N","N","0","","1","0","0","","2","","","2","1","1","0","0","0","0","2","0","2","","03","","N","","","","","","","","","",""
"2021013539","","4","0","0","0","0","0","0","0","0","1","0","","67","1","2021","4","39.997074","-75.081988","","6","0","0","0","0","0","1","1","0","","0","0","0","","","0","N","0","","39 59:49.468","1","0","75 04:55.155","0","0","0","0","67301","0","0","0","N","0","0","0","4","68K01","0","","1.0","1720.0","1","N","N","N","0","","0","0","0","","0","N","","4","0","0","0","0","0","0","2","0","4","","","","N","","","","","","","","","",""
"2021012922","","1","0","0","0","0","0","0","0","0","7","0","","67","2","2021","1","40.074164","-75.18702","","6","0","0","0","0","0","0","0","0","","0","0","0","","","1","","2","","40 04:26.990","","0","75 11:13.272","3","0","0","0","67301","0","0","0","N","0","0","0","1","67301","0","","4.0","","6","N","N","N","0","","1","0","0","","3","","","1","1","0","0","0","0","0","2","0","1","","04","","N","","","","","","","","","",""
"2021013542","","2","0","0","0","0","0","0","0","0","1","0","","67","1","2021","5","39.962771","-75.139089","","6","0","0","0","0","0","1","1","0","","0","0","0","","","1","N","0","","39 57:45.976","1","0","75 08:20.721","3","0","0","0","67301","0","0","0","N","0","0","0","4","68K01","0","","1.0","15.0","1","N","N","Y","0","","1","0","1","","0","N","","3","1","0","0","0","0","0","2","0","3","","03","","N","","","","","","","","","",""
"2021025268","","2","0","0","0","0","0","0","0","0","4","0","","67","3","2021","3","40.07586","-75.0009","","6","0","0","1","0","0","0","0","0","","0","0","0","","","2","N","0","","40 04:33.096","","0","75 00:03.239","3","0","0","0","67301","0","0","0","N","0","0","0","2","67301","0","","1.0","","9","N","N","N","0","","2","0","0","","8","","","2","2","0","0","0","0","0","2","0","2","","07","","N","","","","","","","","","",""
"2021014774","","2","0","0","0","0","0","0","0","0","1","0","","67","2","2021","3","40.010093","-75.206611","","6","0","0","0","0","0","0","0","0","","0","0","0","","","0","N","0","","40 00:36.336","4","0","75 12:23.800","0","0","0","0","67301","0","0","0","N","0","0","0","2","68K01","0","","2.0","100.0","7","N","N","N","0","","0","0","0","","0","N","","2","0","0","0","0","0","0","2","0","2","","","","N","","","","","","","","","",""
"2021013296","","3","0","0","0","0","0","0","0","0","4","0","","67","2","2021","2","39.916829","-75.171324","","6","0","0","0","0","0","0","1","0","","0","0","0","","","0","","1","","39 55:00.583","","0","75 10:16.768","0","0","0","0","67301","0","0","0","N","0","0","0","1","67301","0","","1.0","","1","N","N","N","0","","0","0","0","","2","","","3","0","0","0","0","0","0","2","0","3","","03","","N","","","","","","","","","",""
"2021010748","","1","0","0","0","0","0","0","0","0","4","1","","67","2","2021","2","39.940444","-75.187444","","6","0","0","0","0","0","0","0","0","","0","1","0","","","0","","3","","39 56:25.600","2","0","75 11:14.800","0","0","0","0","67301","0","0","0","N","0","0","0","1","67301","0","","1.0","1130.0","2","N","N","N","0","","0","0","0","","2","N","","2","0","0","0","0","0","0","2","0","2","","06","","N","","","","","","","","","",""
"2021013752","","0","0","0","0","0","0","0","0","0","4","0","","67","2","2021","2","40.122586","-75.015828","","6","0","0","0","0","0","0","0","0","","0","0","0","","","1","N","0","","40 07:21.308","","7","75 00:56.982","3","0","0","0","67301","0","0","0","N","0","0","0","3","67301","0","","1.0","","1","N","N","N","0","","1","0","2","","2","","","2","1","0","0","0","0","0","2","0","2","","","","N","","","","","","","","","",""
"2021010854","","0","0","0","0","0","0","0","0","0","7","1","","67","2","2021","2","39.98351","-75.097536","","6","0","0","0","0","0","0","0","0","","0","1","0","","","0","N","0","","39 59:00.636","","0","75 05:51.130","0","0","0","0","67301","0","0","0","N","0","0","0","1","68K01","0","","4.0","","6","N","N","N","0","","0","0","0","","0","","","1","0","0","0","0","0","0","2","0","1","","","","N","","","","","","","","","",""
"2021010461","","0","0","0","0","0","0","0","0","0","7","0","","67","1","2021","1","39.976928","-75.233744","","6","0","0","0","0","0","0","1","0","","0","0","0","","","0","N","0","","39 58:36.940","","0","75 14:01.480","0","0","0","0","67301","0","0","0","N","0","0","0","2","67301","0","","4.0","","9","N","N","N","0","","0","0","1","","0","","","1","0","0","0","0","0","0","2","0","1","","04","","N","","","","","","","","","",""
"2021014467","","0","0","0","0","0","0","0","0","0","8","0","","67","2","2021","4","40.036997","-75.040332","","6","0","0","0","0","0","0","0","0","","0","0","0","","","1","N","0","","40 02:13.188","","0","75 02:25.195","3","0","0","0","67301","1","0","0","N","1","0","0","2","67301","0","","6.0","","1","N","N","N","0","","1","0","1","","2","","","2","1","0","0","0","0","0","2","0","1","","03","","N","","","","","","","","","",""
"2021011793","","0","0","0","1","0","1","0","0","0","8","1","","67","2","2021","4","39.940152","-75.160846","","6","0","0","0","0","0","1","0","0","","0","1","0","","","1","","1","","39 56:24.546","","0","75 09:39.045","2","0","0","0","67301","1","0","1","N","0","0","0","2","67301","0","","1.0","","9","N","N","N","0","","0","1","0","","2","","","2","1","0","0","0","0","0","2","0","1","","02","","N","","","","","","","","","",""
"2021024512","","0","0","0","0","0","0","0","0","0","7","1","","67","3","2021","7","39.954413","-75.148071","","6","0","0","0","0","0","0","0","0","","0","1","0","","","0","","2","","39 57:15.887","3","0","75 08:53.056","0","0","0","0","67301","0","0","0","N","0","0","0","1","67301","0","","5.0","1800.0","1","N","N","N","0","","0","0","0","","3","Y","","1","0","0","0","0","0","0","2","0","1","","03","","N","","","","","","","","","",""
"2021010074","","1","0","0","0","0","0","0","0","0","4","1","","67","1","2021","5","40.021669","-75.112664","","6","0","0","0","1","0","0","0","0","","0","1","0","","","0","","1","","40 01:18.010","","0","75 06:45.592","0","0","0","0","67301","0","0","0","N","0","0","0","2","67301","0","","1.0","","1","N","N","N","0","","0","0","0","","2","","","2","0","0","0","0","0","0","2","0","2","","","","N","","","","","","","","","",""
"2021013603","","1","0","0","0","0","0","0","0","0","4","1","","67","1","2021","2","39.998888","-75.195401","","6","0","0","0","0","0","0","0","0","","0","1","0","","","0","N","0","","39 59:55.996","4","0","75 11:43.443","9","0","0","0","67301","0","0","0","N","0","0","0","4","68K01","0","","1.0","1533.0","1","N","N","N","0","","0","0","0","","0","N","","2","0","0","0","0","0","3","2","0","2","","","","N","","","","","","","","","",""
"2021024817","","1","0","0","0","0","0","0","0","0","7","0","","67","3","2021","1","40.058448","-75.03983","","6","0","0","0","0","0","0","0","0","","0","0","0","","","0","N","0","","40 03:30.414","","0","75 02:23.388","0","0","0","0","67301","0","0","0","N","0","0","0","1","67301","0","","2.0","","1","N","N","N","0","","0","0","0","","0","","","1","0","0","0","0","0","0","2","0","1","","03","","N","","","","","","","","","",""
"2021009773","","1","0","0","0","0","0","0","0","0","1","0","","67","1","2021","5","39.986843","-75.090906","","6","0","0","0","0","1","0","0","0","","0","0","0","","","1","N","0","","39 59:12.633","1","0","75 05:27.263","8","0","0","0","67301","0","0","0","N","0","0","0","5","68K01","0","","1.0","1930.0","1","N","N","N","0","","0","0","2","","0","N","","4","1","2","0","0","1","1","2","0","4","","","","N","","","","","","","","","",""
"2021024574","","0","0","0","0","0","0","0","0","0","8","0","","67","3","2021","6","40.046288","-75.143043","","6","0","0","0","0","0","0","0","0","","0","0","0","","","1","N","0","","40 02:46.638","2","0","75 08:34.956","2","0","0","1","67301","1","0","1","N","1","0","1","2","67301","0","","1.0","1745.0","1","N","N","N","0","","0","1","0","","0","Y","","2","1","0","0","0","0","0","2","0","1","","03","","N","","","","","","","","","",""
"2021013030","","1","0","0","0","0","0","0","0","0","1","1","","67","2","2021","7","40.017163","-75.173655","","6","0","0","0","0","0","0","0","0","","0","1","0","","","2","N","0","","40 01:01.785","","0","75 10:25.159","3","0","0","0","67301","0","0","0","N","0","0","0","3","67301","0","","1.0","","1","N","N","N","0","","2","0","0","","0","","","2","2","0","0","0","0","0","2","0","2","","03","","N","","","","","","","","","",""
"2021010205","","0","0","0","0","0","0","0","0","0","7","0","","67","1","2021","1","39.951599","-75.182361","","6","0","0","0","0","0","0","0","0","","0","0","0","","","0","N","0","","39 57:05.757","","3","75 10:56.501","0","0","0","0","67301","0","0","0","N","0","0","0","1","67301","0","","2.0","","7","N","N","N","0","","0","0","1","","0","","","1","0","0","0","0","0","0","2","0","1","","","","N","","","","","","","","","",""
"2021009849","","2","0","0","0","0","0","0","0","0","2","0","","67","1","2021","7","39.976176","-75.160962","","6","0","0","0","0","0","0","0","0","","0","0","0","","","1","N","1","","39 58:34.232","1","0","75 09:39.464","3","0","0","0","67301","0","0","0","N","0","0","0","2","67505","0","","1.0","1850.0","1","N","N","N","0","","1","0","0","","3","Y","","2","1","0","0","0","0","0","2","0","2","","03","","N","","","","","","","","","",""
"2021012062","","0","0","0","0","0","0","0","0","0","1","1","","67","2","2021","5","39.996182","-75.171925","","6","0","0","0","0","0","0","0","0","","0","1","0","","","1","N","0","","39 59:46.255","","0","75 10:18.929","4","0","0","0","67301","0","0","0","N","0","0","0","2","67301","1","","1.0","","9","N","N","N","0","","0","0","1","","0","","","2","1","1","0","0","0","0","2","0","2","","03","","N","","","","","","","","","",""
"2021013177","","2","0","0","0","0","0","0","0","0","4","0","","67","2","2021","7","39.949125","-75.212238","","6","0","0","0","1","0","0","0","0","","0","0","0","","","1","","1","","39 56:56.850","","0","75 12:44.055","3","0","0","0","67301","0","0","0","N","0","0","0","1","67301","0","","1.0","","7","N","N","N","0","","1","0","1","","2","","","3","1","0","0","0","0","0","2","0","3","","03","","N","","","","","","","","","",""
"2021011547","","0","0","0","0","0","0","0","0","0","8","0","","67","2","2021","4","40.060398","-74.990435","","6","0","0","0","0","0","0","1","0","","0","0","0","","","1","N","0","","40 03:37.434","","7","74 59:25.565","8","0","0","0","67301","1","0","0","N","1","0","0","2","67301","0","","5.0","","2","N","N","N","0","","0","0","1","","0","","","2","1","0","0","0","1","0","2","0","1","","","","N","","","","","","","","","",""
"2021011648","","1","0","0","0","0","0","0","0","0","7","0","","67","1","2021","7","39.914104","-75.192092","","6","0","0","0","0","0","0","0","0","","1","0","0","","","1","N","0","","39 54:50.773","1","0","75 11:31.532","1","0","0","0","67301","0","0","0","N","0","0","0","2","67301","0","2","4.0","2230.0","1","N","N","N","0","0","0","1","0","","0","Y","","1","1","0","0","0","0","0","2","0","1","","","","N","","","","","","","","","",""
"2021014180","","1","0","0","0","0","0","0","0","0","1","1","","67","2","2021","4","39.957758","-75.152142","","6","0","0","0","0","0","1","0","0","","0","1","0","","","1","Y","0","","39 57:27.930","","0","75 09:07.710","8","0","0","0","67301","0","0","0","N","0","0","0","3","67301","0","","1.0","","1","N","N","N","0","","0","0","0","","2","","","2","1","0","0","0","1","0","2","0","2","","03","","N","","","","","","","","","",""
"2021011400","","1","0","0","0","0","0","0","0","0","1","0","","67","1","2021","2","39.977448","-75.200728","","6","0","0","0","0","0","0","0","0","","0","0","0","","","2","N","0","","39 58:38.814","3","0","75 12:02.622","3","0","0","0","67301","0","0","0","N","0","0","0","3","68K01","0","","1.0","100.0","1","N","N","N","0","","2","0","1","","0","N","","2","2","0","0","0","0","0","2","0","2","","","","N","","","","","","","","","",""
"2021014773","","1","0","0","0","0","0","0","0","0","7","0","","67","2","2021","3","40.009969","-75.206372","","6","0","0","0","0","0","0","0","0","","0","0","0","","","0","N","0","","40 00:35.887","","0","75 12:22.940","0","0","0","0","67301","0","0","0","N","0","0","0","1","68K01","0","","2.0","","7","N","N","N","0","","0","0","0","","0","","","1","0","0","0","0","0","0","2","0","1","","","","N","","","","","","","","","",""
"2021010866","","2","0","0","0","0","0","0","0","0","1","0","","67","1","2021","2","40.001576","-75.194955","","6","0","0","0","0","0","0","0","0","","0","0","0","","","1","N","0","","40 00:05.673","3","0","75 11:41.837","8","0","0","0","67301","0","0","0","N","0","0","0","2","68K01","0","","1.0","400.0","1","N","N","Y","0","","0","0","0","","0","N","","2","1","1","0","0","1","0","2","0","2","","","","N","","","","","","","","","",""
"2021014461","","0","0","0","0","0","0","0","0","0","8","0","","67","2","2021","4","39.957869","-75.1569","","6","0","0","0","0","0","0","0","0","","0","0","0","","","1","N","0","","39 57:28.330","","0","75 09:24.840","3","0","0","0","67301","1","0","0","N","1","0","0","2","67301","0","","1.0","","1","N","N","N","0","","1","0","0","","0","","","2","1","0","0","0","0","0","2","0","1","","03","","N","","","","","","","","","",""
"2021013939","","1","0","0","0","0","0","0","0","0","5","1","","67","1","2021","1","39.929642","-75.146201","","6","0","0","0","0","1","0","1","0","","0","1","0","","","3","N","0","","39 55:46.711","2","0","75 08:46.325","3","0","0","0","67301","0","0","0","N","0","0","0","4","68K01","2","","1.0","2236.0","6","N","N","N","0","","1","0","0","","0","N","","2","3","3","0","0","0","0","2","0","2","","09","","N","","","","","","","","","",""
"2021012921","","2","0","0","0","0","0","0","0","0","5","0","","67","2","2021","6","40.037307","-75.176062","","6","0","0","0","0","0","0","0","0","","0","0","0","","","0","N","0","","40 02:14.304","","0","75 10:33.822","0","0","0","0","67301","0","0","0","N","0","0","0","1","67301","0","","6.0","","1","N","N","N","0","","0","0","0","","0","","","2","0","0","0","0","0","0","2","0","2","","","","N","","","","","","","","","",""
"2021011537","","0","0","0","0","0","0","0","0","0","7","0","","67","1","2021","1","40.006857","-75.198793","","6","0","0","0","0","0","0","0","0","","0","0","0","","","0","","6","","40 00:24.685","1","2","75 11:55.656","0","0","0","0","67301","0","0","0","N","0","0","0","1","67501","0","","2.0","1847.0","6","N","N","N","0","","0","0","1","","0","Y","","1","0","0","0","0","0","0","2","0","1","","09","","N","","","","","","","","","",""
"2021013759","","2","0","0","0","0","0","0","0","0","4","0","","67","2","2021","3","39.955136","-75.230411","","6","0","0","0","0","1","0","0","0","","0","0","0","","","1","N","0","","39 57:18.490","","0","75 13:49.480","4","0","0","0","67301","0","0","0","N","0","0","0","7","67301","1","","1.0","","1","N","N","N","0","","0","0","1","","0","","","3","1","0","0","0","0","1","2","0","3","","03","","N","","","","","","","","","",""
"2021009967","","2","0","0","0","0","0","0","0","0","4","1","","67","1","2021","3","39.973555","-75.208895","","6","0","0","0","0","0","0","0","0","","0","1","0","","","0","","2","","39 58:24.799","","0","75 12:32.023","0","0","0","0","67301","0","0","0","N","0","0","0","2","67301","0","","1.0","","9","N","N","N","0","","0","0","0","","2","","","3","0","0","0","0","0","0","2","0","3","","","","N","","","","","","","","","",""
"2021024515","","1","0","0","0","0","0","0","0","0","7","0","","67","3","2021","5","40.070509","-75.038776","","6","0","0","0","0","0","0","0","0","","1","0","0","","","0","N","0","","40 04:13.833","2","0","75 02:19.593","1","0","0","0","67301","0","0","0","N","0","0","0","1","67301","0","2","4.0","521.0","1","N","N","N","0","0","0","0","0","","0","Y","","1","0","0","0","0","0","0","2","0","1","","","","N","","","","","","","","","",""
"2021010864","","0","0","0","0","0","0","0","0","0","1","0","","67","1","2021","1","40.007519","-75.072227","","6","0","0","0","0","0","0","0","0","","0","0","0","","","0","N","0","","40 00:27.067","","0","75 04:20.017","9","0","0","0","67301","0","0","0","N","0","0","0","5","68K01","0","","1.0","","1","N","N","N","1","","0","0","1","","0","","","2","0","0","0","0","0","1","2","0","2","","03","","N","","","","","","","","","",""
"2021012659","","2","0","0","0","0","0","0","0","0","4","0","","67","1","2021","7","40.041364","-75.004403","","6","0","0","0","0","0","1","0","0","","0","0","0","","","2","N","0","","40 02:28.912","","0","75 00:15.850","3","0","0","0","67301","0","0","0","N","0","0","0","2","68K01","0","","1.0","","1","N","N","N","0","","2","0","0","","0","","","2","2","1","0","0","0","0","2","0","2","","","","N","","","","","","","","","",""
"2021010406","","1","0","0","0","0","0","0","0","0","1","0","","67","1","2021","7","39.955164","-75.141079","","6","0","0","1","0","0","0","0","0","","0","0","0","","","0","N","0","","39 57:18.591","3","0","75 08:27.883","0","0","0","0","67301","0","0","0","N","0","0","0","2","68K01","0","","1.0","1640.0","1","N","N","N","1","","0","0","0","","0","N","","2","0","1","0","0","0","0","2","0","2","","","","N","","","","","","","","","",""
"2021011514","","0","0","0","0","0","0","0","0","0","7","0","","67","2","2021","3","39.949442","-75.143833","","6","0","0","0","0","0","0","0","0","","0","0","0","","","0","N","0","","39 56:57.990","","0","75 08:37.800","0","0","0","0","67301","0","0","0","N","0","0","0","1","67301","0","","4.0","","6","N","N","N","0","","0","0","1","","0","","","1","0","1","0","0","0","0","2","0","1","","","","N","","","","","","","","","",""
"2021013758","","1","0","0","0","0","0","0","0","0","8","0","","67","2","2021","3","39.955008","-75.219186","","6","0","0","0","0","0","0","0","0","","0","0","0","","","1","N","0","","39 57:18.030","6","0","75 13:09.070","2","0","0","0","67301","1","0","1","N","1","0","1","4","67301","0","","1.0","145.0","1","N","N","N","0","","0","1","0","","0","Y","","2","1","0","0","0","0","0","2","0","1","","03","","N","","","","","","","","","",""
"2021009612","","0","0","0","0","0","0","0","0","0","7","1","45","67","1","2021","4","40.011559","-75.060619","","6","0","0","0","0","0","1","0","0","","0","1","0","","","0","N","0","","40 00:41.614","","0","75 03:38.228","0","0","0","0","67301","0","0","0","N","0","0","0","1","68K01","0","","4.0","","1","N","N","N","0","","0","0","0","","0","","","1","0","0","0","0","0","0","2","0","1","","","Y","Y","4","1","N","N","N","N","N","N","Y","N"
"2021012159","","1","0","0","0","0","0","0","0","0","4","0","","67","2","2021","5","40.0493","-75.067864","","6","0","0","0","0","0","0","0","0","","0","0","0","","","1","","1","","40 02:57.481","","0","75 04:04.310","3","0","0","0","67301","0","0","0","N","0","0","0","1","67301","0","","1.0","","1","N","N","N","0","","1","0","1","","2","","","2","1","0","0","0","0","0","2","0","2","","","","N","","","","","","","","","",""
"2021011953","","2","0","0","0","0","0","0","0","0","4","0","","67","2","2021","5","40.048633","-75.144887","","6","0","0","0","0","0","0","0","0","","0","0","0","","","3","","1","","40 02:55.080","","0","75 08:41.593","3","0","0","0","67301","0","0","0","N","0","0","0","4","67301","0","","1.0","","2","N","N","N","0","","3","0","0","","2","","","2","3","0","0","0","0","0","2","0","2","","","","N","","","","","","","","","",""
"2021007677","","2","0","0","0","0","0","0","0","0","4","0","","67","1","2021","7","39.994899","-75.162032","","6","0","0","0","0","0","1","0","1","","0","0","0","","","2","N","0","","39 59:41.638","","1","75 09:43.314","4","0","0","0","67301","0","0","0","N","0","0","0","3","67301","2","","1.0","","1","N","N","N","0","","0","0","1","","0","","","3","2","0","0","0","0","1","2","0","3","","","","N","","","","","","","","","",""
"2021024982","","1","0","0","0","0","0","0","0","0","1","0","","67","3","2021","2","39.89275","-75.197161","","6","0","0","0","0","0","0","0","0","","0","0","0","","","2","N","0","","39 53:33.899","2","3","75 11:49.781","8","0","0","0","67301","0","0","0","N","0","0","0","3","68K01","0","","1.0","1800.0","1","N","N","N","0","","0","0","1","","0","N","","2","2","0","0","0","2","0","2","0","2","","03","","N","","","","","","","","","",""
"2021014769","","0","0","0","0","0","0","0","0","0","2","0","","67","2","2021","3","39.892668","-75.233949","","6","0","0","0","0","0","0","0","0","","0","0","0","","","1","N","0","","39 53:33.603","2","0","75 14:02.216","3","0","0","0","67301","0","0","0","N","0","0","0","4","68K01","0","","1.0","1015.0","6","N","N","N","0","","1","0","2","","0","N","","2","1","0","0","0","0","0","2","0","2","","","","N","","","","","","","","","",""
"2021024540","","1","0","0","0","0","0","0","0","0","5","0","","67","3","2021","7","39.970853","-75.231072","","6","0","0","0","0","0","0","0","0","","0","0","0","","","0","N","0","","39 58:15.070","","0","75 13:51.860","9","0","0","0","67301","0","0","0","N","0","0","0","1","67301","0","","1.0","","1","N","N","N","0","","0","0","1","","0","","","2","0","0","0","0","0","1","2","0","2","","","","N","","","","","","","","","",""
"2021025195","","1","0","0","0","0","0","0","0","0","8","0","","67","3","2021","1","39.991599","-75.136819","","6","0","0","0","0","0","0","0","0","","0","0","0","","","1","N","0","","39 59:29.758","","0","75 08:12.549","3","0","0","0","67301","1","0","0","N","1","0","0","2","67301","0","","1.0","","1","N","N","N","0","","1","0","0","","0","","","2","1","1","0","0","0","0","2","0","1","","08","","N","","","","","","","","","",""
"2021007731","","1","0","0","0","0","0","0","0","0","5","0","","67","1","2021","1","39.95686","-75.180956","","6","0","0","0","0","0","0","0","0","","0","0","0","","","0","","2","","39 57:24.696","","8","75 10:51.443","0","0","0","0","67301","0","0","0","N","0","0","0","2","67301","0","","1.0","","1","N","N","N","0","","0","0","0","","2","","","2","0","0","0","0","0","0","2","1","2","","","","N","","","","","","","","","",""
"2021025364","","0","0","0","0","0","0","0","0","0","7","0","","67","3","2021","3","40.071512","-75.201432","","6","0","0","0","0","0","0","0","0","","0","0","0","","","1","N","0","","40 04:17.442","","0","75 12:05.155","3","0","0","0","67301","0","0","0","N","0","0","0","1","67301","0","","4.0","","1","N","N","N","1","","1","0","0","","0","","","1","1","0","0","0","0","0","2","0","1","","","","N","","","","","","","","","",""