"CRN","ARRIVAL_TM","AUTOMOBILE_COUNT","BELTED_DEATH_COUNT","BELTED_SUSP_SERIOUS_INJ_COUNT","BICYCLE_COUNT","BICYCLE_DEATH_COUNT","BICYCLE_SUSP_SERIOUS_INJ_COUNT","BUS_COUNT","CHLDPAS_DEATH_COUNT","CHLDPAS_SUSP_SERIOUS_INJ_COUNT","COLLISION_TYPE","COMM_VEH_COUNT","CONS_ZONE_SPD_LIM","COUNTY","CRASH_MONTH","CRASH_YEAR","DAY_OF_WEEK","DEC_LATITUDE","DEC_LONGITUDE","DISPATCH_TM","DISTRICT","DRIVER_COUNT_16YR","DRIVER_COUNT_17YR","DRIVER_COUNT_18YR","DRIVER_COUNT_19YR","DRIVER_COUNT_20YR","DRIVER_COUNT_50_64YR","DRIVER_COUNT_65_74YR","DRIVER_COUNT_75PLUS","EST_HRS_CLOSED","FATAL_COUNT","HEAVY_TRUCK_COUNT","HORSE_BUGGY_COUNT","HOUR_OF_DAY","ILLUMINATION","INJURY_COUNT","INTERSECTION_RELATED","INTERSECT_TYPE","LANE_CLOSED","LATITUDE","LN_CLOSE_DIR","LOCATION_TYPE","LONGITUDE","MAX_SEVERITY_LEVEL","MCYCLE_DEATH_COUNT","MCYCLE_SUSP_SERIOUS_INJ_COUNT","MOTORCYCLE_COUNT","MUNICIPALITY","NONMOTR_COUNT","NONMOTR_DEATH_COUNT","NONMOTR_SUSP_SERIOUS_INJ_COUNT","NTFY_HIWY_MAINT","PED_COUNT","PED_DEATH_COUNT","PED_SUSP_SERIOUS_INJ_COUNT","PERSON_COUNT","POLICE_AGCY","POSSIBLE_INJ_COUNT","RDWY_SURF_TYPE_CD","RELATION_TO_ROAD","ROADWAY_CLEARED","ROAD_CONDITION","SCH_BUS_IND","SCH_ZONE_IND","SECONDARY_CRASH","SMALL_TRUCK_COUNT","SPEC_JURIS_CD","SUSP_MINOR_INJ_COUNT","SUSP_SERIOUS_INJ_COUNT","SUV_COUNT","TCD_FUNC_CD","TCD_TYPE","TFC_DETOUR_IND","TIME_OF_DAY","TOTAL_UNITS","TOT_INJ_COUNT","UNBELTED_OCC_COUNT","UNB_DEATH_COUNT","UNB_SUSP_SERIOUS_INJ_COUNT","UNK_INJ_DEG_COUNT","UNK_INJ_PER_COUNT","URBAN_RURAL","VAN_COUNT","VEHICLE_COUNT","WEATHER1","WEATHER2","WORKERS_PRES","WORK_ZONE_IND","WORK_ZONE_LOC","WORK_ZONE_TYPE","WZ_CLOSE_DETOUR","WZ_FLAGGER","WZ_LAW_OFFCR_IND","WZ_LN_CLOSURE","WZ_MOVING","WZ_OTHER","WZ_SHLDER_MDN","WZ_WORKERS_INJ_KILLED"
"2021023915","","1","0","0","0","0","0","0","0","0","7","1","","67","2","2021","6","40.038895","-75.008933","","6","0","0","0","0","0","1","0","0","","0","1","0","","","1","N","0","","40 02:20.021","2","0","75 00:32.158","8","0","0","0","67301","0","0","0","N","0","0","0","2","68K01","0","","2.0","2155.0","9","N","N","N","0","","0","0","0","","0","Y","","2","1","1","0","0","1","0","2","0","2","","","","N","","","","","","","","","",""
"2021008051","","0","0","0","0","0","0","0","0","0","1","0","","67","1","2021","5","39.97892","-75.203407","","6","0","0","0","0","0","1","0","0","","0","0","0","","","1","N","0","","39 58:44.111","","0","75 12:12.265","3","0","0","0","67301","0","0","0","N","0","0","0","2","68K01","0","","1.0","","1","N","N","N","0","","1","0","0","","0","","","2","1","0","0","0","0","0","2","2","2","","","","N","","","","","","","","","",""
"2021024546","","2","0","0","0","0","0","0","0","0","4","0","","67","3","2021","5","40.014875","-75.109327","","6","0","0","0","0","0","1","0","0","","0","0","0","","","0","","1","","40 00:53.550","","0","75 06:33.577","0","0","0","0","67301","0","0","0","N","0","0","0","2","67301","0","","1.0","","1","N","N","N","0","","0","0","0","","3","U","","2","0","0","0","0","0","0","2","0","2","","03","","N","","","","","","","","","",""
"2021007805","","1","0","0","0","0","0","0","0","0","8","0","","67","1","2021","2","39.981602","-75.251065","","6","0","0","0","0","0","0","0","0","","0","0","0","","","1","","1","","39 58:53.767","","6","75 15:03.834","3","0","0","0","67301","1","0","0","N","1","0","0","2","67301","0","","1.0","","1","N","N","N","0","","1","0","0","","2","","","2","1","0","0","0","0","0","2","0","1","","03","","N","","","","","","","","","",""
"2021022085","","0","0","0","0","0","0","0","0","0","1","1","45","67","3","2021","2","40.013046","-75.057979","","6","0","0","0","0","0","0","1","0","","0","1","0","","","1","N","0","","40 00:46.967","1","0","75 03:28.725","8","0","0","0","67301","0","0","0","N","0","0","0","3","68K01","0","","1.0","1430.0","1","N","N","N","0","","0","0","1","","0","N","","3","1","0","0","0","1","0","2","1","3","","","Y","Y","4","1","Y","Y","N","Y","N","N","Y","N"
"2021024782","","1","0","0","0","0","0","0","0","0","1","0","","67","3","2021","1","40.000743","-75.19476","","6","0","0","0","0","0","0","0","0","","0","0","0","","","0","N","0","","40 00:02.675","","0","75 11:41.135","0","0","0","0","67301","0","0","0","N","0","0","0","3","68K01","0","","1.0","","1","N","N","Y","0","","0","0","2","","0","","","3","0","0","0","0","0","0","2","0","3","","03","","N","","","","","","","","","",""
"2021023839","","1","0","0","0","0","0","1","0","0","4","1","","67","2","2021","7","39.986639","-75.094373","","6","0","0","0","0","0","0","0","0","","0","0","0","","","2","","1","","39 59:11.900","7","0","75 05:39.743","8","0","0","0","67301","0","0","0","N","0","0","0","3","67508","0","","1.0","2000.0","1","N","N","Y","0","","0","0","0","","3","Y","","2","2","0","0","0","2","0","2","0","2","","03","","N","","","","","","","","","",""
"2021012559","","1","0","0","0","0","0","0","0","0","1","0","","67","2","2021","6","40.057245","-75.047801","","6","0","0","0","0","0","0","0","0","","0","0","0","","","0","N","1","","40 03:26.081","","0","75 02:52.083","9","0","0","0","67301","0","0","0","N","0","0","0","1","67301","0","","9.0","","6","N","N","N","0","","0","0","0","","9","","","2","0","0","0","0","0","1","2","0","2","","","","N","","","","","","","","","",""
"2021025756","","1","0","0","0","0","0","0","0","0","5","0","","67","3","2021","4","39.976329","-75.114042","","6","0","0","0","0","0","0","0","0","","0","0","0","","","1","N","0","","39 58:34.783","","0","75 06:50.551","3","0","0","0","67301","0","0","0","N","0","0","0","4","68K01","0","","1.0","","1","N","N","N","0","","1","0","1","","0","","","2","1","0","0","0","0","0","2","0","2","","","","N","","","","","","","","","",""
"2021025467","","2","0","0","0","0","0","0","0","0","5","0","","67","3","2021","2","39.98262","-75.207925","","6","0","0","0","0","0","0","0","0","","0","0","0","","","0","N","0","","39 58:57.432","","0","75 12:28.530","0","0","0","0","67301","0","0","0","N","0","0","0","2","68K01","0","","1.0","","1","N","N","N","0","","0","0","0","","0","","","2","0","0","0","0","0","0","2","0","2","","","","N","","","","","","","","","",""
"2021008205","","0","0","0","0","0","0","0","0","0","0","0","","67","1","2021","2","40.004483","-75.195742","","6","0","0","0","0","0","0","0","0","","0","0","0","","","1","N","0","","40 00:16.140","3","0","75 11:44.672","3","0","0","0","67301","0","0","0","N","0","0","0","1","68K01","0","","1.0","100.0","1","N","N","N","0","","1","0","0","","0","N","","1","1","0","0","0","0","0","2","1","1","","","","N","","","","","","","","","",""
"2021025008","","1","0","0","0","0","0","0","0","0","3","1","","67","3","2021","3","39.925473","-75.188054","","6","0","0","0","0","0","1","0","0","","0","1","0","","","1","","2","","39 55:31.701","1","1","75 11:16.994","8","0","0","0","67301","0","0","0","N","0","0","0","2","67301","0","","1.0","820.0","1","N","N","N","0","","0","0","0","","3","N","","2","1","0","0","0","1","0","2","0","2","","","","N","","","","","","","","","",""
"2021025210","","0","0","0","0","0","0","0","0","0","8","0","","67","3","2021","3","39.942506","-75.16354","","6","0","0","0","0","0","0","1","0","","0","0","0","","","1","","1","","39 56:33.023","","0","75 09:48.744","4","0","0","0","67301","1","0","0","N","1","0","0","2","67301","1","","1.0","","99","N","N","N","0","","0","0","1","","3","","","2","1","0","0","0","0","0","2","0","1","","","","N","","","","","","","","","",""
"2021024196","","2","0","0","0","0","0","0","0","0","5","0","","67","3","2021","5","39.932454","-75.200161","","6","0","0","0","0","0","0","0","0","","0","0","0","","","0","N","0","","39 55:56.833","3","0","75 12:00.578","0","0","0","0","67301","0","0","0","N","0","0","0","2","68K01","0","","1.0","250.0","1","N","N","N","0","","0","0","0","","0","N","","2","0","0","0","0","0","0","2","0","2","","","","N","","","","","","","","","",""
"2021022210","","0","0","0","0","0","0","0","0","0","99","0","","67","3","2021","7","39.973006","-75.119682","","6","0","0","0","0","0","0","0","0","","0","0","0","","","0","N","0","","39 58:22.820","","1","75 07:10.856","9","0","0","0","67301","0","0","0","N","0","0","0","1","67301","0","","5.0","","3","N","N","N","0","","0","0","1","","0","","","1","0","0","0","0","0","1","2","0","1","","03","","N","","","","","","","","","",""
"2021024018","","0","0","0","0","0","0","1","0","0","4","1","","67","2","2021","5","39.953146","-75.153149","","6","0","0","0","0","0","0","0","0","","0","0","0","","","1","","1","","39 57:11.325","","0","75 09:11.338","8","0","0","0","67301","0","0","0","N","0","0","0","3","67508","0","","1.0","","1","N","N","Y","1","","0","0","0","","2","","","2","1","0","0","0","1","0","2","0","2","","03","","N","","","","","","","","","",""
"2021024818","","0","0","0","0","0","0","0","0","0","8","0","","67","2","2021","4","39.925572","-75.234322","","6","0","0","0","0","0","0","0","0","","0","0","0","","","1","","2","","39 55:32.060","","0","75 14:03.558","2","0","0","0","67301","1","0","1","N","1","0","1","1","67301","0","","9.0","","1","N","N","N","0","","0","1","0","","9","U","","2","1","0","0","0","0","0","2","0","1","","03","","N","","","","","","","","","",""
"2021022585","","1","0","0","0","0","0","0","0","0","4","0","","67","3","2021","2","39.903693","-75.243248","","6","0","0","0","0","0","1","0","0","","0","0","0","","","0","","1","","39 54:13.293","4","0","75 14:35.691","0","0","0","0","67301","0","0","0","N","0","0","0","2","67301","0","","1.0","825.0","1","N","N","N","0","","0","0","1","","2","N","","2","0","0","0","0","0","0","2","0","2","","03","","N","","","","","","","","","",""
"2021025009","","0","0","0","1","1","0","1","0","0","8","1","","67","2","2021","4","40.064556","-74.982668","","6","0","0","0","0","0","0","0","0","","1","0","0","","","0","N","0","","40 03:52.402","1","0","74 58:57.606","1","0","0","0","67301","1","1","0","N","0","0","0","2","67301","0","2","4.0","2230.0","1","N","N","N","0","0","0","0","0","","0","Y","","2","0","0","0","0","0","0","2","0","1","","03","","N","","","","","","","","","",""
"2021023673","","2","0","0","0","0","0","0","0","0","1","0","","67","3","2021","4","39.981278","-75.206909","","6","0","0","0","0","0","1","0","0","","0","0","0","","","0","N","0","","39 58:52.602","3","0","75 12:24.874","0","0","0","0","67301","0","0","0","N","0","0","0","3","68K01","0","","1.0","1020.0","1","N","N","N","0","","0","0","1","","0","N","","3","0","0","0","0","0","0","2","0","3","","","","N","","","","","","","","","",""
"2021025453","","0","0","0","0","0","0","0","0","0","1","0","","67","3","2021","3","39.962743","-75.183511","","6","0","0","0","0","0","0","0","0","","0","0","0","","","0","N","0","","39 57:45.875","","0","75 11:00.638","0","0","0","0","67301","0","0","0","N","0","0","0","2","68K01","0","","1.0","","1","N","N","N","2","","0","0","0","","0","","","2","0","0","0","0","0","0","2","0","2","","","","N","","","","","","","","","",""
"2021023781","","1","0","0","0","0","0","1","0","0","5","1","","67","2","2021","5","39.975265","-75.188939","","6","0","0","0","0","0","0","0","0","","0","0","0","","","1","N","0","","39 58:30.953","","0","75 11:20.181","4","0","0","0","67301","0","0","0","N","0","0","0","2","67508","1","","1.0","","1","N","N","Y","0","","0","0","0","","0","","","2","1","0","0","0","0","0","2","0","2","","03","","N","","","","","","","","","",""
"2021021968","","2","0","0","0","0","0","0","0","0","1","1","","67","2","2021","7","39.994154","-75.156229","","6","0","0","0","0","0","2","0","0","","0","1","0","","","0","","1","","39 59:38.956","4","0","75 09:22.424","0","0","0","0","67301","0","0","0","N","0","0","0","4","67301","0","","1.0","1025.0","2","N","N","N","0","","0","0","1","","2","N","","4","0","0","0","0","0","0","2","0","4","","10","","N","","","","","","","","","",""
"2021007497","","2","0","0","0","0","0","0","0","0","1","0","","67","1","2021","6","39.994528","-75.117","","6","0","0","0","0","0","0","0","0","","0","0","0","","","1","N","0","","39 59:40.300","","0","75 07:01.200","3","0","0","0","67301","0","0","0","N","0","0","0","4","67301","0","","1.0","","1","N","N","N","0","","1","0","0","","0","","","2","1","0","0","0","0","3","2","0","2","","03","","N","","","","","","","","","",""
"2021007739","","2","0","0","0","0","0","0","0","0","2","0","","67","1","2021","7","39.999005","-75.133076","","6","0","0","0","0","0","0","0","0","","0","0","0","","","3","N","0","","39 59:56.419","","7","75 07:59.075","2","0","0","0","67301","0","0","0","N","0","0","0","3","67301","1","","1.0","","1","N","N","N","0","","1","1","0","","2","","","2","3","3","0","1","0","0","2","0","2","","03","","N","","","","","","","","","",""
"2021023967","","1","0","0","0","0","0","0","0","0","1","0","","67","3","2021","5","40.030904","-75.021795","","6","0","0","1","0","0","0","0","0","","0","0","0","","","1","N","0","","40 01:51.253","","0","75 01:18.461","8","0","0","0","67301","0","0","0","N","0","0","0","2","68K01","0","","1.0","","1","N","N","N","0","","0","0","1","","0","","","2","1","0","0","0","1","0","2","0","2","","","","N","","","","","","","","","",""
"2021009969","","1","0","0","0","0","0","0","0","0","5","1","","67","1","2021","6","40.005732","-75.099477","","6","0","0","0","0","0","0","0","0","","0","1","0","","","1","N","0","","40 00:20.636","","0","75 05:58.118","3","0","0","0","67301","0","0","0","N","0","0","0","3","67301","0","","1.0","","1","N","N","N","0","","1","0","0","","0","","","2","1","2","0","0","0","0","2","0","2","","03","","N","","","","","","","","","",""
"2021007929","","1","0","0","0","0","0","0","0","0","4","1","","67","1","2021","1","39.901381","-75.239298","","6","0","0","0","0","0","1","0","0","","0","1","0","","","1","","2","","39 54:04.971","","0","75 14:21.471","3","0","0","0","67301","0","0","0","N","0","0","0","2","67301","0","","1.0","","1","N","N","N","0","","1","0","0","","2","","","2","1","0","0","0","0","0","2","0","2","","03","","N","","","","","","","","","",""
"2021023964","","0","0","0","0","0","0","0","0","0","1","0","","67","3","2021","5","39.996919","-75.196656","","6","0","0","0","0","0","0","0","0","","0","0","0","","","1","N","0","","39 59:48.909","","0","75 11:47.960","8","0","0","0","67301","0","0","0","N","0","0","0","2","68K01","0","","3.0","","1","N","N","N","1","","0","0","1","","0","","","2","1","0","0","0","1","0","2","0","2","","","","N","","","","","","","","","",""
"2021022996","","0","0","0","0","0","0","0","0","0","7","1","45","67","3","2021","4","40.012864","-75.058316","","6","0","0","0","0","0","0","0","0","","0","1","0","","","0","N","0","","40 00:46.310","1","3","75 03:29.936","0","0","0","0","67301","0","0","0","Y","0","0","0","1","68K01","0","","4.0","100.0","1","N","N","N","0","","0","0","0","","0","N","","1","0","0","0","0","0","0","2","0","1","","","N","Y","4","1","","","N","Y","","","Y","N"
"2021023355","","2","0","0","0","0","0","0","0","0","5","0","","67","3","2021","1","39.959831","-75.178449","","6","0","0","0","0","0","0","0","0","","0","0","0","","","1","N","7","","39 57:35.391","3","8","75 10:42.417","4","0","0","0","67301","0","0","0","Y","0","0","0","4","68K01","1","","7.0","45.0","1","N","N","N","0","","0","0","0","","0","N","","2","1","0","0","0","0","0","2","0","2","","","","N","","","","","","","","","",""
"2021022324","","3","0","0","0","0","0","0","0","0","1","0","","67","3","2021","6","39.948269","-75.205422","","6","0","0","0","0","0","1","0","0","","0","0","0","","","1","N","0","","39 56:53.770","","0","75 12:19.520","3","0","0","0","67301","0","0","0","N","0","0","0","3","67301","0","","1.0","","1","N","N","N","0","","1","0","0","","0","","","3","1","2","0","0","0","0","2","0","3","","03","","N","","","","","","","","","",""
"2021012561","","1","0","0","0","0","0","0","0","0","4","0","","67","2","2021","7","39.980639","-75.167264","","6","0","0","0","0","0","0","0","0","","0","0","0","","","1","N","0","","39 58:50.300","","0","75 10:02.150","3","0","0","0","67301","0","0","0","N","0","0","0","1","67301","0","","6.0","","99","N","N","N","0","","1","0","1","","0","","","2","1","1","0","0","0","0","2","0","2","","03","","N","","","","","","","","","",""
"2021024652","","2","0","0","0","0","0","0","0","0","1","0","","67","2","2021","7","39.967123","-75.133812","","6","0","0","0","0","0","0","0","0","","0","0","0","","","0","N","0","","39 58:01.642","","0","75 08:01.724","0","0","0","0","67301","0","0","0","N","0","0","0","2","68K01","0","","1.0","","1","N","N","N","0","","0","0","0","","0","","","2","0","0","0","0","0","0","2","0","2","","","","N","","","","","","","","","",""
"2021025523","","2","0","0","0","0","0","0","0","0","6","0","","67","2","2021","7","40.011444","-75.135961","","6","0","0","0","0","0","1","0","0","","0","0","0","","","0","N","0","","40 00:41.200","","0","75 08:09.460","0","0","0","0","67301","0","0","0","N","0","0","0","1","67301","0","","1.0","","2","N","N","N","0","","0","0","2","","0","","","4","0","1","0","0","0","0","2","0","4","","","","N","","","","","","","","","",""
"2021024503","","0","0","0","0","0","0","0","0","0","7","0","","67","3","2021","7","39.899366","-75.178093","","6","0","0","1","0","0","0","0","0","","0","0","0","","","0","N","0","","39 53:57.717","","0","75 10:41.136","0","0","0","0","67301","0","0","0","N","0","0","0","1","67301","0","","5.0","","1","N","N","N","0","","0","0","1","","0","","","1","0","1","0","0","0","0","2","0","1","","03","","N","","","","","","","","","",""
"2021022708","","1","0","0","0","0","0","0","0","0","5","1","","67","3","2021","1","39.959195","-75.147041","","6","0","0","0","0","0","0","0","0","","0","1","0","","","1","N","0","","39 57:33.101","1","0","75 08:49.349","8","0","0","0","67301","0","0","0","N","0","0","0","3","67301","0","","1.0","1859.0","1","N","N","Y","0","","0","0","1","","0","Y","","3","1","0","0","0","1","1","2","0","3","","03","","N","","","","","","","","","",""
"2021024530","","1","0","0","0","0","0","0","0","0","4","0","","67","3","2021","5","39.969981","-75.220816","","6","0","0","0","0","0","0","0","1","","0","0","0","","","2","","2","","39 58:11.932","","0","75 13:14.939","4","0","0","0","67301","0","0","0","N","0","0","0","3","67301","2","","1.0","","1","N","N","Y","0","","0","0","1","","3","","","2","2","0","0","0","0","0","2","0","2","","03","","N","","","","","","","","","",""
"2021007954","","2","0","0","0","0","0","0","0","0","1","0","","67","1","2021","2","40.034764","-75.117386","","6","0","0","0","0","0","0","0","0","","0","0","0","","","0","N","0","","40 02:05.151","","0","75 07:02.591","0","0","0","0","67301","0","0","0","N","0","0","0","1","67301","0","","2.0","","1","N","N","N","0","","0","0","0","","2","","","2","0","0","0","0","0","0","2","0","2","","03","","N","","","","","","","","","",""
"2021008747","","2","0","0","0","0","0","0","0","0","4","0","","67","1","2021","6","39.928483","-75.182072","","6","0","0","0","0","0","0","0","0","","0","0","0","","","0","N","0","","39 55:42.540","","7","75 10:55.460","9","0","0","0","67301","0","0","0","N","0","0","0","1","67301","0","","1.0","","1","N","N","N","1","","0","0","0","","0","","","3","0","0","0","0","0","1","2","0","3","","03","","N","","","","","","","","","",""
"2021023253","","0","0","0","0","0","0","0","0","0","8","0","","67","3","2021","4","40.014106","-75.066259","","6","0","0","0","0","0","0","0","0","","0","0","0","","","1","N","0","","40 00:50.780","","0","75 03:58.534","3","0","0","0","67301","1","0","0","N","1","0","0","2","67301","0","","1.0","","1","N","N","N","1","","1","0","0","","0","","","2","1","0","0","0","0","0","2","0","1","","","","N","","","","","","","","","",""
"2021024525","","1","0","0","0","0","0","0","0","0","4","1","","67","3","2021","7","40.007658","-75.085782","","6","0","0","0","0","0","0","0","0","","0","1","0","","","1","","2","","40 00:27.568","","0","75 05:08.815","8","0","0","0","67301","0","0","0","N","0","0","0","4","67301","0","","1.0","","1","N","N","N","0","","0","0","1","","0","","","3","1","0","0","0","1","2","2","0","3","","03","","N","","","","","","","","","",""
"2021025361","","1","0","0","0","0","0","0","0","0","7","0","","67","3","2021","3","39.953883","-75.149689","","6","0","0","0","0","0","0","0","0","","0","0","0","","","0","N","0","","39 57:13.980","2","0","75 08:58.880","9","0","0","0","67301","0","0","0","N","0","0","0","1","67301","0","","2.0","1000.0","1","N","N","N","0","","0","0","0","","0","N","","1","0","0","0","0","0","1","2","0","1","","04","","N","","","","","","","","","",""
"2021023131","","0","0","0","0","0","0","0","0","0","8","1","","67","3","2021","6","40.000997","-75.132811","","6","0","0","0","0","0","0","0","0","","0","1","0","","","1","N","0","","40 00:03.590","","0","75 07:58.120","3","0","0","0","67301","1","0","0","N","1","0","0","2","67301","0","","1.0","","1","N","N","N","0","","1","0","0","","0","","","2","1","0","0","0","0","1","2","0","1","","03","","N","","","","","","","","","",""
"2021023670","","0","0","0","0","0","0","0","0","0","1","0","","67","3","2021","4","39.977848","-75.111886","","6","0","0","0","0","0","1","0","0","","0","0","0","","","0","N","0","","39 58:40.254","2","0","75 06:42.790","9","0","0","0","67301","0","0","0","N","0","0","0","3","68K01","0","","1.0","650.0","1","N","N","N","0","","0","0","1","","0","N","","3","0","1","0","0","0","1","2","1","3","","","","N","","","","","","","","","",""
"2021003331","","1","0","0","0","0","0","0","0","0","4","0","","67","1","2021","1","40.05283","-75.152852","","6","0","0","0","0","0","2","0","0","","0","0","0","","","1","","1","","40 03:10.189","","0","75 09:10.268","8","0","0","0","67301","0","0","0","N","0","0","0","3","67301","0","","1.0","","1","N","N","N","0","","0","0","1","","2","","","2","1","0","0","0","1","1","2","0","2","","03","","N","","","","","","","","","",""
"2021024448","","0","0","0","0","0","0","0","0","0","5","2","25","67","3","2021","2","39.909028","-75.151806","","6","0","0","0","0","0","1","0","0","","0","2","0","","","0","N","0","","39 54:32.500","3","3","75 09:06.500","0","0","0","0","67301","0","0","0","N","0","0","0","2","67501","0","","1.0","748.0","1","N","N","N","0","","0","0","0","","8","N","","2","0","0","0","0","0","0","2","0","2","","03","Y","Y","1","1","","","Y","Y","","","","N"
"2021007905","","0","0","0","0","0","0","0","0","0","7","0","","67","1","2021","6","39.903638","-75.150069","","6","0","0","0","0","0","0","0","0","","0","0","0","","","1","N","0","","39 54:13.098","","2","75 09:00.249","8","0","0","0","67301","0","0","0","N","0","0","0","1","68K01","0","","2.0","","1","N","N","N","0","","0","0","0","","0","","","1","1","1","0","0","1","0","2","1","1","","","","N","","","","","","","","","",""
"2021008258","","0","0","0","0","0","0","0","0","0","1","0","","67","1","2021","2","39.957065","-75.226326","","6","0","0","0","0","0","1","0","0","","0","0","0","","","0","N","0","","39 57:25.435","","0","75 13:34.774","0","0","0","0","67301","0","0","0","N","0","0","0","1","67301","0","","6.0","","1","N","N","N","2","","0","0","0","","0","","","2","0","0","0","0","0","0","2","0","2","","03","","N","","","","","","","","","",""
"2021025363","","2","0","0","0","0","0","0","0","0","2","0","","67","3","2021","1","40.072911","-75.160856","","6","0","0","0","0","0","0","0","0","","0","0","0","","","1","N","0","","40 04:22.480","","0","75 09:39.080","3","0","0","0","67301","0","0","0","N","0","0","0","1","67301","0","","1.0","","1","N","N","N","0","","1","0","1","","0","","","3","1","0","0","0","0","0","2","0","3","","03","","N","","","","","","","","","",""
"2021022964","","2","0","0","0","0","0","0","0","0","1","0","50","67","2","2021","6","39.946504","-75.1887","","6","0","0","1","1","0","0","0","0","","0","0","0","","","2","N","0","","39 56:47.414","4","1","75 11:19.320","3","0","0","0","67301","0","0","0","N","0","0","0","5","68K01","0","","1.0","10.0","1","N","N","N","0","","2","0","1","","8","N","","3","2","0","0","0","0","0","2","0","3","","","Y","Y","4","1","N","N","Y","Y","N","N","N","N"
"2021008189","","1","0","0","0","0","0","0","0","0","5","1","45","67","1","2021","4","39.940684","-75.195276","","6","0","0","0","0","0","0","0","0","","0","1","0","","","0","N","0","","39 56:26.462","","0","75 11:42.993","0","0","0","0","67301","0","0","0","N","0","0","0","2","68K01","0","","1.0","","1","N","N","N","0","","0","0","0","","0","","","2","0","0","0","0","0","0","2","0","2","","","Y","Y","4","1","N","N","N","Y","N","N","N","N"
"2021006014","","0","0","0","0","0","0","0","0","0","7","0","","67","1","2021","1","40.018506","-75.082021","","6","0","0","0","0","0","0","0","0","","0","0","0","","","0","N","0","","40 01:06.622","1","0","75 04:55.274","0","0","0","0","67301","0","0","0","N","0","0","0","0","67301","0","","4.0","105.0","1","N","N","N","0","","0","0","1","","0","Y","","1","0","0","0","0","0","0","2","0","1","","03","","N","","","","","","","","","",""
"2021009426","","2","0","0","0","0","0","0","0","0","4","0","","67","1","2021","5","40.006814","-75.193297","","6","0","0","0","0","0","0","0","0","","0","0","0","","","2","N","0","","40 00:24.532","2","3","75 11:35.869","8","0","0","0","67301","0","0","0","N","0","0","0","2","67301","0","","1.0","1930.0","1","N","N","N","0","","0","0","0","","0","Y","","2","2","0","0","0","2","0","2","0","2","","03","","N","","","","","","","","","",""
"2021023479","","2","0","0","0","0","0","0","0","0","4","0","","67","3","2021","4","40.057791","-74.999345","","6","0","0","0","0","0","0","1","0","","0","0","0","","","1","N","0","","40 03:28.047","","0","74 59:57.643","3","0","0","0","67301","0","0","0","N","0","0","0","1","67301","0","","6.0","","1","N","N","N","0","","1","0","0","","8","","","2","1","0","0","0","0","0","2","0","2","","03","","N","","","","","","","","","",""
"2021022944","","1","0","0","0","0","0","0","0","0","5","0","","67","2","2021","6","39.900819","-75.154258","","6","0","0","0","0","0","0","0","0","","0","0","0","","","0","N","0","","39 54:02.948","","0","75 09:15.328","0","0","0","0","67301","0","0","0","N","0","0","0","2","68K01","0","","1.0","","2","N","N","N","0","","0","0","1","","0","","","2","0","0","0","0","0","0","2","0","2","","","","N","","","","","","","","","",""
"2021022055","","1","0","0","0","0","0","0","0","0","7","0","","67","3","2021","6","40.085648","-75.21085","","6","0","0","0","0","0","0","0","0","","0","0","0","","","0","N","0","","40 05:08.331","","0","75 12:39.060","0","0","0","0","67301","0","0","0","N","0","0","0","1","67301","0","","5.0","","1","N","N","Y","0","","0","0","0","","0","","","1","0","0","0","0","0","0","2","0","1","","03","","N","","","","","","","","","",""
"2021008055","","0","0","0","0","0","0","0","0","0","5","1","","67","1","2021","6","39.988766","-75.088338","","6","0","0","0","0","0","0","0","0","","0","1","0","","","1","N","0","","39 59:19.556","","0","75 05:18.018","8","0","0","0","67301","0","0","0","N","0","0","0","2","68K01","0","","1.0","","1","N","N","N","0","","0","0","1","","0","","","2","1","0","0","0","1","0","2","0","2","","03","","N","","","","","","","","","",""
"2021023354","","1","0","0","0","0","0","0","0","0","1","0","","67","3","2021","1","39.972586","-75.121971","","6","0","0","0","0","0","1","0","0","","0","0","0","","","0","N","0","","39 58:21.309","2","0","75 07:19.094","9","0","0","0","67301","0","0","0","N","0","0","0","2","68K01","0","","1.0","456.0","1","N","N","N","0","","0","0","0","","0","N","","2","0","0","0","0","0","1","2","0","2","","","","N","","","","","","","","","",""
"2021023392","","2","0","0","0","0","0","0","0","0","2","0","","67","3","2021","4","40.060954","-75.172386","","6","0","0","0","0","0","0","0","0","","0","0","0","","","0","N","0","","40 03:39.435","","0","75 10:20.589","0","0","0","0","67301","0","0","0","N","0","0","0","0","67301","0","","6.0","","1","N","N","N","0","","0","0","0","","0","","","2","0","0","0","0","0","0","2","0","2","","03","","N","","","","","","","","","",""
"2021007787","","1","0","0","0","0","0","0","0","0","2","0","","67","1","2021","7","40.00468","-75.152126","","6","0","0","0","0","0","0","0","0","","0","0","0","","","1","","1","","40 00:16.847","1","0","75 09:07.652","3","0","0","0","67301","0","0","0","N","0","0","0","3","67505","0","","1.0","1315.0","1","N","N","N","0","","1","0","1","","2","N","","2","1","0","0","0","0","0","2","0","2","","03","","N","","","","","","","","","",""
"2021022789","","3","0","0","0","0","0","0","0","0","2","0","","67","3","2021","7","39.991828","-75.162631","","6","0","0","0","0","0","1","0","0","","0","0","0","","","1","","2","","39 59:30.580","","0","75 09:45.471","3","0","0","0","67301","0","0","0","N","0","0","0","3","67301","0","","1.0","","1","N","N","N","0","","1","0","0","","3","","","3","1","0","0","0","0","0","2","0","3","","03","","N","","","","","","","","","",""