"CRN","ARRIVAL_TM","AUTOMOBILE_COUNT","BELTED_DEATH_COUNT","BELTED_SUSP_SERIOUS_INJ_COUNT","BICYCLE_COUNT","BICYCLE_DEATH_COUNT","BICYCLE_SUSP_SERIOUS_INJ_COUNT","BUS_COUNT","CHLDPAS_DEATH_COUNT","CHLDPAS_SUSP_SERIOUS_INJ_COUNT","COLLISION_TYPE","COMM_VEH_COUNT","CONS_ZONE_SPD_LIM","COUNTY","CRASH_MONTH","CRASH_YEAR","DAY_OF_WEEK","DEC_LATITUDE","DEC_LONGITUDE","DISPATCH_TM","DISTRICT","DRIVER_COUNT_16YR","DRIVER_COUNT_17YR","DRIVER_COUNT_18YR","DRIVER_COUNT_19YR","DRIVER_COUNT_20YR","DRIVER_COUNT_50_64YR","DRIVER_COUNT_65_74YR","DRIVER_COUNT_75PLUS","EST_HRS_CLOSED","FATAL_COUNT","HEAVY_TRUCK_COUNT","HORSE_BUGGY_COUNT","HOUR_OF_DAY","ILLUMINATION","INJURY_COUNT","INTERSECTION_RELATED","INTERSECT_TYPE","LANE_CLOSED","LATITUDE","LN_CLOSE_DIR","LOCATION_TYPE","LONGITUDE","MAX_SEVERITY_LEVEL","MCYCLE_DEATH_COUNT","MCYCLE_SUSP_SERIOUS_INJ_COUNT","MOTORCYCLE_COUNT","MUNICIPALITY","NONMOTR_COUNT","NONMOTR_DEATH_COUNT","NONMOTR_SUSP_SERIOUS_INJ_COUNT","NTFY_HIWY_MAINT","PED_COUNT","PED_DEATH_COUNT","PED_SUSP_SERIOUS_INJ_COUNT","PERSON_COUNT","POLICE_AGCY","POSSIBLE_INJ_COUNT","RDWY_SURF_TYPE_CD","RELATION_TO_ROAD","ROADWAY_CLEARED","ROAD_CONDITION","SCH_BUS_IND","SCH_ZONE_IND","SECONDARY_CRASH","SMALL_TRUCK_COUNT","SPEC_JURIS_CD","SUSP_MINOR_INJ_COUNT","SUSP_SERIOUS_INJ_COUNT","SUV_COUNT","TCD_FUNC_CD","TCD_TYPE","TFC_DETOUR_IND","TIME_OF_DAY","TOTAL_UNITS","TOT_INJ_COUNT","UNBELTED_OCC_COUNT","UNB_DEATH_COUNT","UNB_SUSP_SERIOUS_INJ_COUNT","UNK_INJ_DEG_COUNT","UNK_INJ_PER_COUNT","URBAN_RURAL","VAN_COUNT","VEHICLE_COUNT","WEATHER1","WEATHER2","WORKERS_PRES","WORK_ZONE_IND","WORK_ZONE_LOC","WORK_ZONE_TYPE","WZ_CLOSE_DETOUR","WZ_FLAGGER","WZ_LAW_OFFCR_IND","WZ_LN_CLOSURE","WZ_MOVING","WZ_OTHER","WZ_SHLDER_MDN","WZ_WORKERS_INJ_KILLED"
"2021007928","","0","0","0","0","0","0","0","0","0","8","0","","67","1","2021","7","39.939717","-75.220453","","6","0","0","0","0","0","0","0","0","","0","1","0","","","1","N","0","","39 56:22.980","5","0","75 13:13.630","4","0","0","0","67301","1","0","0","N","1","0","0","3","67301","1","","1.0","30.0","1","N","N","N","0","","0","0","0","","0","Y","","2","1","1","0","0","0","0","2","0","1","","03","","N","","","","","","","","","",""
"2021008762","","2","0","0","0","0","0","0","0","0","4","0","","67","1","2021","5","40.007783","-75.144436","","6","0","0","0","0","0","0","0","0","","0","0","0","","","0","N","0","","40 00:28.020","","0","75 08:39.970","0","0","0","0","67301","0","0","0","N","0","0","0","1","67301","0","","1.0","","1","N","N","N","0","","0","0","0","","0","","","2","0","0","0","0","0","0","2","0","2","","03","","N","","","","","","","","","",""
"2021006034","","2","0","0","0","0","0","0","0","0","5","0","","67","1","2021","4","39.97891","-75.182522","","6","0","0","0","0","0","1","0","0","","0","0","0","","","0","N","0","","39 58:44.077","","0","75 10:57.080","9","0","0","0","67301","0","0","0","N","0","0","0","2","67301","0","","1.0","","1","N","N","Y","0","","0","0","0","","0","","","2","0","1","0","0","0","1","2","0","2","","03","","N","","","","","","","","","",""
"2021023970","","0","0","0","0","0","0","0","0","0","7","0","","67","3","2021","6","39.965581","-75.186238","","6","0","0","0","0","0","1","0","0","","0","0","0","","","0","N","0","","39 57:56.092","3","0","75 11:10.456","0","0","0","0","67301","0","0","0","N","0","0","0","1","68K01","0","","4.0","30.0","1","N","N","N","0","","0","0","1","","0","N","","1","0","0","0","0","0","0","2","0","1","","03","","N","","","","","","","","","",""
"2021022502","","0","0","0","0","0","0","0","0","0","7","0","","67","3","2021","2","40.048866","-75.170342","","6","0","0","0","0","0","0","0","0","","0","1","0","","","1","N","0","","40 02:55.918","","1","75 10:13.231","4","0","0","0","67301","0","0","0","N","0","0","0","1","67301","1","","2.0","","1","N","N","N","0","","0","0","0","","9","","","1","1","0","0","0","0","0","2","0","1","","03","","N","","","","","","","","","",""
"2021023000","","1","0","0","0","0","0","0","0","0","1","0","","67","3","2021","5","39.959349","-75.174638","","6","0","0","1","0","0","0","0","0","","0","0","0","","","0","N","0","","39 57:33.657","3","0","75 10:28.697","0","0","0","0","67301","0","0","0","N","0","0","0","3","68K01","0","","1.0","1940.0","1","N","N","N","0","","0","0","1","","0","N","","2","0","0","0","0","0","0","2","0","2","","03","","N","","","","","","","","","",""
"2021009608","","1","0","0","0","0","0","0","0","0","4","0","","67","1","2021","3","40.030131","-75.021853","","6","0","0","0","1","0","0","0","0","","0","0","0","","","1","N","0","","40 01:48.473","2","0","75 01:18.669","4","0","0","0","67301","0","0","0","N","0","0","0","2","68K01","1","","1.0","1830.0","9","N","N","N","0","","0","0","1","","0","N","","2","1","0","0","0","0","0","2","0","2","","","","N","","","","","","","","","",""
"2021007890","","1","0","0","0","0","0","0","0","0","1","0","","67","1","2021","6","39.992872","-75.200744","","6","0","0","0","0","0","0","0","0","","0","0","0","","","0","N","0","","39 59:34.338","3","0","75 12:02.680","0","0","0","0","67301","0","0","0","N","0","0","0","2","68K01","0","","1.0","1810.0","1","N","N","N","0","","0","0","1","","0","N","","2","0","0","0","0","0","0","2","0","2","","","","N","","","","","","","","","",""
"2021006504","","2","0","0","0","0","0","0","0","0","4","0","","67","1","2021","4","39.972381","-75.157","","6","0","0","0","0","0","0","0","0","","0","0","0","","","0","N","0","","39 58:20.570","","0","75 09:25.200","0","0","0","0","67301","0","0","0","N","0","0","0","1","67301","0","","1.0","","1","N","N","N","0","","0","0","0","","0","U","","2","0","0","0","0","0","0","2","0","2","","03","","N","","","","","","","","","",""
"2021009333","","1","0","0","0","0","0","0","0","0","2","0","","67","1","2021","2","39.916919","-75.21597","","6","0","0","0","0","0","0","0","0","","0","0","0","","","0","","3","","39 55:00.909","","0","75 12:57.493","0","0","0","0","67301","0","0","0","N","0","0","0","0","67301","0","","2.0","","1","N","N","N","1","","0","0","1","","2","","","3","0","0","0","0","0","0","2","0","3","","03","","N","","","","","","","","","",""
"2021006009","","1","0","0","0","0","0","0","0","0","4","0","","67","1","2021","4","40.009126","-75.08985","","6","0","0","0","0","0","0","1","0","","0","0","0","","","1","","3","","40 00:32.852","","0","75 05:23.459","3","0","0","1","67301","0","0","0","N","0","0","0","2","67301","0","","1.0","","1","N","N","N","0","","1","0","0","","0","","","2","1","0","0","0","0","0","2","0","2","","03","","N","","","","","","","","","",""
"2021022961","","2","0","0","0","0","0","0","0","0","2","0","","67","2","2021","4","39.964998","-75.185356","","6","0","0","0","0","0","0","0","0","","0","0","0","","","0","N","0","","39 57:53.994","","0","75 11:07.281","0","0","0","0","67301","0","0","0","N","0","0","0","3","68K01","0","","1.0","","1","N","N","N","0","","0","0","0","","0","","","2","0","0","0","0","0","0","2","0","2","","","","N","","","","","","","","","",""
"2021023958","","0","0","0","0","0","0","0","0","0","1","0","","67","3","2021","4","40.027729","-75.02471","","6","0","0","0","0","0","0","0","0","","0","0","0","","","0","N","0","","40 01:39.825","","0","75 01:28.957","0","0","0","0","67301","0","0","0","N","0","0","0","2","68K01","0","","1.0","","1","N","N","N","1","","0","0","1","","0","","","2","0","0","0","0","0","0","2","0","2","","","","N","","","","","","","","","",""
"2021022590","","0","0","0","0","0","0","0","0","0","7","0","25","67","3","2021","1","39.99878","-75.086791","","6","0","0","0","0","0","0","0","0","","0","0","0","","","2","N","0","","39 59:55.609","7","0","75 05:12.446","3","0","0","0","67301","0","0","0","N","0","0","0","2","67301","1","","1.0","1125.0","1","N","N","N","0","","1","0","1","","0","Y","","1","2","0","0","0","0","0","2","0","1","","","N","Y","4","1","N","N","N","N","N","Y","N","N"
"2021023966","","2","0","0","0","0","0","0","0","0","5","0","","67","3","2021","5","39.95849","-75.166695","","6","0","0","0","0","0","0","0","0","","0","0","0","","","0","N","0","","39 57:30.564","","0","75 10:00.103","0","0","0","0","67301","0","0","0","N","0","0","0","2","68K01","0","","1.0","","1","N","N","N","0","","0","0","0","","0","","","2","0","0","0","0","0","0","2","0","2","","","","N","","","","","","","","","",""
"2021024517","","0","0","0","0","0","0","0","0","0","8","0","","67","3","2021","1","40.079174","-75.025506","","6","0","0","0","0","0","1","0","0","","0","0","0","","","1","N","0","","40 04:45.026","","7","75 01:31.821","8","0","0","0","67301","1","0","0","N","1","0","0","2","67301","0","","6.0","","1","N","N","N","0","","0","0","1","","0","","","2","1","0","0","0","1","0","2","0","1","","03","","N","","","","","","","","","",""
"2021023116","","0","0","0","0","0","0","1","0","0","4","1","","67","2","2021","7","40.001585","-75.152798","","6","0","0","0","0","0","1","0","0","","0","0","0","","","4","","1","","40 00:05.705","","0","75 09:10.074","4","0","0","0","67301","0","0","0","N","0","0","0","6","67508","4","","1.0","","9","N","N","Y","0","","0","0","1","","2","","","2","4","0","0","0","0","0","2","0","2","","07","","N","","","","","","","","","",""
"2021023416","","1","0","0","0","0","0","0","0","0","7","0","","67","3","2021","5","40.001585","-75.152798","","6","0","0","0","0","0","0","0","0","","0","0","0","","","0","","1","","40 00:05.705","","0","75 09:10.074","0","0","0","0","67301","0","0","0","N","0","0","0","1","67505","0","","3.0","","1","N","N","N","0","","0","0","0","","2","","","1","0","0","0","0","0","0","2","0","1","","03","","N","","","","","","","","","",""
"2021006864","","0","0","0","0","0","0","0","0","0","5","1","35","67","1","2021","4","39.912667","-75.175111","","6","0","0","0","0","0","1","1","0","","0","1","0","","","1","N","0","","39 54:45.600","3","3","75 10:30.400","3","0","0","0","67301","0","0","0","N","0","0","0","2","67501","0","","1.0","1100.0","1","N","N","N","0","","1","0","1","","0","N","","2","1","0","0","0","0","0","2","0","2","","03","Y","Y","4","1","","","N","Y","","","","N"
"2021023559","","0","0","0","0","0","0","0","0","0","5","1","","67","3","2021","3","40.031272","-75.187769","","6","0","0","0","0","0","2","0","0","","0","1","0","","","1","N","0","","40 01:52.580","5","0","75 11:15.970","3","0","0","0","67301","0","0","0","N","0","0","0","2","67301","0","","1.0","1444.0","1","N","N","N","0","","1","0","1","","0","Y","","2","1","0","0","0","0","0","2","0","2","","03","","N","","","","","","","","","",""
"2021022956","","2","0","0","0","0","0","0","0","0","5","0","","67","2","2021","2","39.941955","-75.143323","","6","0","1","0","0","1","0","0","0","","0","0","0","","","2","N","0","","39 56:31.038","2","0","75 08:35.964","3","0","0","0","67301","0","0","0","N","0","0","0","3","68K01","0","","1.0","2245.0","9","N","N","N","0","","2","0","0","","0","N","","2","2","0","0","0","0","0","2","0","2","","","","N","","","","","","","","","",""
"2021022967","","3","0","0","0","0","0","0","0","0","1","0","","67","2","2021","6","39.959453","-75.174453","","6","0","0","0","0","0","0","0","0","","0","0","0","","","1","N","0","","39 57:34.032","4","0","75 10:28.032","3","0","0","0","67301","0","0","0","N","0","0","0","4","68K01","0","","1.0","2052.0","1","N","N","N","0","","1","0","0","","0","N","","3","1","0","0","0","0","0","2","0","3","","03","","N","","","","","","","","","",""
"2021022729","","3","0","0","0","0","0","0","0","0","4","0","","67","3","2021","7","39.994964","-75.121831","","6","0","0","0","0","0","1","0","0","","0","0","0","","","0","N","0","","39 59:41.870","","0","75 07:18.590","9","0","0","0","67301","0","0","0","N","0","0","0","1","67301","0","","6.0","","1","N","N","N","0","","0","0","0","","0","","","3","0","1","0","0","0","1","2","0","3","","03","","N","","","","","","","","","",""
"2021008753","","0","0","0","0","0","0","0","0","0","8","0","","67","1","2021","2","39.931406","-75.226042","","6","0","0","0","0","0","0","0","0","","0","0","0","","","3","N","0","","39 55:53.060","","7","75 13:33.750","3","0","0","0","67301","3","0","0","N","3","0","0","4","67301","0","","5.0","","1","N","N","N","0","","3","0","0","","0","","","4","3","0","0","0","0","1","2","0","1","","03","","N","","","","","","","","","",""
"2021022177","","0","0","0","0","0","0","0","0","0","4","1","","67","3","2021","4","39.897563","-75.252262","","6","0","0","0","0","0","0","1","0","","0","1","0","","","1","","1","","39 53:51.225","","0","75 15:08.142","3","0","0","0","67301","0","0","0","N","0","0","0","2","67301","0","","1.0","","1","N","N","N","1","","1","0","0","","2","","","2","1","1","0","0","0","0","2","0","2","","03","","N","","","","","","","","","",""
"2021022790","","2","0","0","0","0","0","0","0","0","1","0","","67","3","2021","2","39.976531","-75.161697","","6","0","0","0","0","0","0","0","0","","0","0","0","","","1","N","0","","39 58:35.510","","0","75 09:42.110","3","0","0","0","67301","0","0","0","N","0","0","0","4","67301","0","","9.0","","1","N","N","N","0","","1","0","0","","0","U","","2","1","0","0","0","0","0","2","0","2","","03","","N","","","","","","","","","",""
"2021008998","","0","0","0","0","0","0","0","0","0","1","1","","67","1","2021","3","40.009372","-75.115542","","6","0","0","0","0","0","0","1","0","","0","1","0","","","0","N","0","","40 00:33.740","","0","75 06:55.950","0","0","0","0","67301","0","0","0","N","0","0","0","2","67301","0","","6.0","","9","N","N","N","0","","0","0","1","","0","","","2","0","0","0","0","0","0","2","0","2","","07","","N","","","","","","","","","",""
"2021022655","","1","0","0","0","0","0","0","0","0","5","0","","67","2","2021","1","39.915363","-75.147918","","6","0","0","0","0","0","1","1","0","","0","0","0","","","0","N","0","","39 54:55.307","2","0","75 08:52.506","0","0","0","0","67301","0","0","0","N","0","0","0","5","68K01","0","","3.0","100.0","9","N","N","N","2","","0","0","1","","0","N","","4","0","1","0","0","0","0","2","0","4","","","","N","","","","","","","","","",""
"2021024572","","1","0","0","0","0","0","0","0","0","7","0","","67","3","2021","6","40.045536","-75.119469","","6","0","0","0","0","0","0","0","1","","0","0","0","","","1","N","0","","40 02:43.930","6","0","75 07:10.090","3","0","0","0","67301","0","0","0","N","0","0","0","1","67301","0","","4.0","1000.0","1","N","N","N","0","","1","0","0","","0","Y","","1","1","0","0","0","0","0","2","0","1","","","","N","","","","","","","","","",""
"2021022420","","0","0","0","0","0","0","0","0","0","6","1","","67","3","2021","6","40.001742","-75.140603","","6","0","0","0","0","0","0","0","0","","0","1","0","","","1","N","0","","40 00:06.270","","0","75 08:26.170","8","0","0","0","67301","0","0","0","N","0","0","0","3","67301","0","","6.0","","1","N","N","N","0","","0","0","2","","0","","","5","1","0","0","0","1","0","2","2","5","","03","","N","","","","","","","","","",""
"2021024535","","0","0","0","0","0","0","0","0","0","7","0","","67","3","2021","6","39.953003","-75.226553","","6","0","0","0","0","0","0","1","0","","0","0","0","","","1","N","0","","39 57:10.810","","0","75 13:35.590","8","0","0","1","67301","0","0","0","N","0","0","0","1","67301","0","","5.0","","1","N","N","N","0","","0","0","0","","0","","","1","1","0","0","0","1","0","2","0","1","","98","","N","","","","","","","","","",""
"2021009547","","0","0","0","0","0","0","0","0","0","8","0","","67","1","2021","6","39.949351","-75.164318","","6","0","0","0","0","0","0","0","0","","0","0","0","","","1","","11","","39 56:57.663","","0","75 09:51.544","3","0","0","0","67301","1","0","0","N","1","0","0","1","67301","0","","1.0","","1","N","N","N","0","","1","0","0","","2","","","2","1","0","0","0","0","0","2","0","1","","03","","N","","","","","","","","","",""
"2021003883","","1","0","0","0","0","0","0","0","0","2","0","","67","1","2021","1","40.063375","-75.145953","","6","0","1","0","0","0","0","0","0","","0","0","0","","","0","N","0","","40 03:48.150","","0","75 08:45.430","9","0","0","0","67301","0","0","0","N","0","0","0","1","67301","0","","6.0","","1","N","N","N","0","","0","0","1","","3","","","2","0","0","0","0","0","1","2","0","2","","","","N","","","","","","","","","",""
"2021024058","","1","0","0","0","0","0","1","0","0","4","1","","67","3","2021","5","40.017947","-75.149347","","6","0","0","0","0","0","0","0","0","","0","0","0","","","1","","1","","40 01:04.608","","0","75 08:57.650","8","0","0","0","67301","0","0","0","N","0","0","0","3","67508","0","","1.0","","1","N","N","Y","0","","0","0","0","","2","","","2","1","0","0","0","1","0","2","0","2","","03","","N","","","","","","","","","",""
"2021024737","","2","0","0","0","0","0","0","0","0","1","0","","67","3","2021","6","39.982272","-75.100246","","6","0","0","0","0","0","0","0","0","","0","0","0","","","0","N","6","","39 58:56.179","2","2","75 06:00.884","0","0","0","0","67301","0","0","0","N","0","0","0","2","68K01","0","","1.0","1434.0","1","N","N","N","0","","0","0","0","","2","N","","2","0","0","0","0","0","0","2","0","2","","","","N","","","","","","","","","",""
"2021008924","","1","0","0","0","0","0","0","0","0","5","1","","67","1","2021","3","39.945266","-75.190536","","6","0","0","0","0","0","1","0","0","","0","1","0","","","0","N","0","","39 56:42.959","","0","75 11:25.928","0","0","0","0","67301","0","0","0","N","0","0","0","2","68K01","0","","1.0","","9","N","N","N","0","","0","0","0","","0","","","2","0","0","0","0","0","0","2","0","2","","07","","N","","","","","","","","","",""
"2021009331","","1","0","0","0","0","0","0","0","0","7","0","","67","1","2021","4","40.078153","-74.978179","","6","0","0","0","0","0","0","0","0","","0","0","0","","","2","N","0","","40 04:41.349","","0","74 58:41.444","3","0","0","0","67301","0","0","0","N","0","0","0","2","67301","0","","3.0","","1","N","N","N","0","","2","0","0","","0","","","2","2","2","0","0","0","0","2","0","1","","03","","N","","","","","","","","","",""
"2021008752","","0","0","0","0","0","0","0","0","0","7","0","","67","1","2021","2","39.916192","-75.219696","","6","0","0","0","0","0","0","0","0","","0","0","0","","","0","N","0","","39 54:58.291","","0","75 13:10.907","0","0","0","0","67301","0","0","0","N","0","0","0","1","67301","0","","5.0","","1","N","N","N","1","","0","0","0","","0","","","1","0","0","0","0","0","0","2","0","1","","03","","N","","","","","","","","","",""
"2021023352","","2","0","0","0","0","0","0","0","0","1","0","","67","3","2021","7","39.959613","-75.175729","","6","0","0","0","0","0","0","0","0","","0","0","0","","","3","N","0","","39 57:34.605","4","0","75 10:32.624","3","0","0","0","67301","0","0","0","N","0","0","0","3","68K01","0","","1.0","2335.0","1","N","N","N","0","","3","0","0","","0","N","","2","3","0","0","0","0","0","2","0","2","","","","N","","","","","","","","","",""
"2021024849","","1","0","0","0","0","0","0","0","0","7","0","","67","3","2021","2","40.0396","-75.139164","","6","0","0","0","0","0","0","0","0","","0","0","0","","","0","N","0","","40 02:22.560","","0","75 08:20.990","9","0","0","0","67301","0","0","0","N","0","0","0","1","67301","0","","5.0","","1","N","N","N","0","","0","0","0","","0","","","1","0","0","0","0","0","1","2","0","1","","03","","N","","","","","","","","","",""
"2021023130","","1","0","0","0","0","0","0","0","0","2","0","","67","3","2021","4","40.061097","-75.156564","","6","0","0","0","0","0","0","0","0","","0","0","0","","","0","N","0","","40 03:39.950","","0","75 09:23.630","9","0","0","0","67301","0","0","0","N","0","0","0","1","67301","0","","6.0","","1","N","N","N","0","","0","0","1","","0","","","2","0","1","0","0","0","1","2","0","2","","","","N","","","","","","","","","",""
"2021001538","","2","0","0","0","0","0","0","0","0","5","0","","67","1","2021","3","39.947315","-75.194897","","6","0","0","0","0","0","0","0","0","","0","0","0","","","0","","2","","39 56:50.333","","0","75 11:41.630","0","0","0","0","67301","0","0","0","N","0","0","0","5","67504","0","","2.0","","1","N","N","N","0","","0","0","0","","2","","","2","0","1","0","0","0","0","2","0","2","","03","","N","","","","","","","","","",""
"2021007740","","0","0","0","0","0","0","0","0","0","4","0","","67","1","2021","6","40.025029","-75.147801","","6","0","0","0","0","0","0","0","0","","0","0","0","","","3","N","0","","40 01:30.105","","7","75 08:52.085","3","0","0","0","67301","0","0","0","N","0","0","0","3","67301","2","","1.0","","1","N","N","N","0","","1","0","2","","0","","","2","3","0","0","0","0","0","2","0","2","","","","N","","","","","","","","","",""
"2021022965","","0","0","0","0","0","0","0","0","0","5","1","","67","2","2021","6","39.976128","-75.195559","","6","0","0","0","0","0","0","0","0","","0","1","0","","","0","N","0","","39 58:34.061","4","0","75 11:44.011","0","0","0","0","67301","0","0","0","Y","0","0","0","2","68K01","0","","1.0","300.0","1","N","N","N","0","","0","0","1","","0","N","","2","0","0","0","0","0","0","2","0","2","","","","N","","","","","","","","","",""
"2021022984","","1","0","0","0","0","0","0","0","0","5","1","","67","3","2021","3","39.959666","-75.180664","","6","0","0","0","0","0","0","1","0","","0","1","0","","","0","N","0","","39 57:34.796","3","2","75 10:50.389","0","0","0","0","67301","0","0","0","N","0","0","0","2","68K01","0","","1.0","1333.0","1","N","N","N","0","","0","0","0","","0","N","","2","0","0","0","0","0","0","2","0","2","","","","N","","","","","","","","","",""
"2021022787","","1","0","0","0","0","0","0","0","0","4","0","","67","3","2021","7","39.987928","-75.152031","","6","0","0","0","0","0","0","0","0","","0","0","0","","","0","N","0","","39 59:16.540","","0","75 09:07.310","0","0","0","0","67301","0","0","0","N","0","0","0","1","67301","0","","1.0","","1","N","N","N","0","","0","0","1","","0","","","2","0","1","0","0","0","0","2","0","2","","03","","N","","","","","","","","","",""
"2021006911","","1","0","0","0","0","0","0","0","0","4","0","","67","1","2021","7","39.965846","-75.233904","","6","0","0","0","0","0","0","0","0","","0","0","0","","","1","","1","","39 57:57.045","","0","75 14:02.054","3","0","0","0","67301","0","0","0","N","0","0","0","1","67301","0","","1.0","","1","N","N","N","0","","1","0","0","","2","","","2","1","0","0","0","0","0","2","0","2","","03","","N","","","","","","","","","",""
"2021023661","","1","0","0","0","0","0","0","0","0","4","1","","67","3","2021","2","39.940138","-75.143626","","6","0","0","0","1","0","0","0","0","","0","1","0","","","0","N","0","","39 56:24.498","","0","75 08:37.053","9","0","0","0","67301","0","0","0","N","0","0","0","3","68K01","0","","1.0","","1","N","N","N","0","","0","0","1","","0","","","3","0","0","0","0","0","1","2","0","3","","","","N","","","","","","","","","",""
"2021022257","","1","0","0","0","0","0","0","0","0","7","0","","67","3","2021","1","40.047965","-75.168875","","6","0","0","0","0","0","0","0","0","","0","0","0","","","1","","2","","40 02:52.673","","0","75 10:07.951","3","0","0","0","67301","0","0","0","N","0","0","0","1","67301","0","","4.0","","1","N","N","N","0","","1","0","0","","3","","","1","1","0","0","0","0","0","2","0","1","","03","","N","","","","","","","","","",""
"2021025277","","1","0","0","0","0","0","0","0","0","8","0","","67","3","2021","1","39.993931","-75.154462","","6","0","0","0","0","0","0","0","0","","1","0","0","","","0","","1","","39 59:38.150","","0","75 09:16.063","1","0","0","0","67301","1","1","0","N","1","1","0","3","67301","0","2","1.0","","1","N","N","N","0","0","0","0","0","","2","","","2","0","2","0","0","0","0","2","0","1","","03","","N","","","","","","","","","",""
"2021006041","","0","0","0","0","0","0","0","0","0","4","0","","67","1","2021","3","39.994964","-75.094825","","6","0","0","0","0","0","0","0","0","","0","0","0","","","0","N","0","","39 59:41.872","","0","75 05:41.371","0","0","0","0","67301","0","0","0","N","0","0","0","2","67301","0","","1.0","","1","N","N","N","0","","0","0","2","","0","U","","2","0","1","0","0","0","0","2","0","2","","03","","N","","","","","","","","","",""
"2021003992","","1","0","0","0","0","0","0","0","0","1","0","","67","1","2021","7","39.981156","-75.206772","","6","0","0","0","0","0","0","0","0","","0","0","0","","","0","N","0","","39 58:52.162","3","0","75 12:24.380","9","0","0","0","67301","0","0","0","N","0","0","0","2","68K01","0","","4.0","115.0","9","N","N","Y","0","","0","0","0","","0","N","","2","0","0","0","0","0","1","2","0","2","","","","N","","","","","","","","","",""
"2021005979","","2","0","0","0","0","0","0","0","0","4","0","","67","1","2021","1","39.949756","-75.16752","","6","0","0","0","1","0","0","0","0","","0","0","0","","","0","","1","","39 56:59.121","","0","75 10:03.071","0","0","0","0","67301","0","0","0","N","0","0","0","2","67301","0","","1.0","","1","N","N","N","0","","0","0","0","","2","","","2","0","0","0","0","0","0","2","0","2","","03","","N","","","","","","","","","",""
"2021003828","","1","0","0","0","0","0","0","0","0","1","0","","67","1","2021","2","39.899879","-75.16167","","6","0","0","0","0","0","0","1","0","","0","0","0","","","0","N","0","","39 53:59.566","2","0","75 09:42.013","0","0","0","0","67301","0","0","0","N","0","0","0","2","68K01","0","","1.0","1500.0","1","N","N","Y","0","","0","0","1","","0","N","","2","0","0","0","0","0","0","2","0","2","","","","N","","","","","","","","","",""
"2021002307","","0","0","0","0","0","0","0","0","0","5","1","","67","1","2021","5","39.954889","-75.149111","","6","0","0","0","0","0","1","0","0","","0","1","0","","","0","N","0","","39 57:17.600","","2","75 08:56.800","0","0","0","0","67301","0","0","0","N","0","0","0","2","67501","0","","1.0","","1","N","N","N","0","","0","0","0","","0","","","2","0","0","0","0","0","0","2","1","2","","03","","N","","","","","","","","","",""
"2021006196","","1","0","0","0","0","0","0","0","0","4","0","","67","1","2021","5","40.080757","-75.028601","","6","0","0","0","0","0","1","0","0","","0","0","0","","","0","","1","","40 04:50.725","","0","75 01:42.964","0","0","0","0","67301","0","0","0","N","0","0","0","2","67301","0","","1.0","","1","N","N","N","0","","0","0","1","","2","","","2","0","0","0","0","0","0","2","0","2","","03","","N","","","","","","","","","",""
"2021005972","","1","0","0","0","0","0","0","0","0","7","0","","67","1","2021","1","40.103521","-75.003832","","6","0","0","0","0","0","0","0","0","","0","0","0","","","0","N","0","","40 06:12.676","","0","75 00:13.796","0","0","0","0","67301","0","0","0","N","0","0","0","1","67301","0","","3.0","","1","N","N","N","0","","0","0","0","","0","","","1","0","0","0","0","0","0","2","0","1","","03","","N","","","","","","","","","",""
"2021005973","","1","0","0","0","0","0","0","0","0","7","0","","67","1","2021","6","40.099508","-74.986402","","6","0","0","0","0","0","0","0","0","","1","0","0","","","0","Y","0","","40 05:58.228","","0","74 59:11.046","1","0","0","0","67301","0","0","0","N","0","0","0","5","67301","0","2","4.0","","9","N","N","N","0","0","0","0","0","","2","","","1","0","1","1","0","0","1","2","0","1","","07","","N","","","","","","","","","",""
"2021003608","","0","0","0","0","0","0","0","0","0","4","1","","67","1","2021","7","39.932685","-75.20004","","6","0","0","0","0","0","1","0","0","","0","1","0","","","0","N","0","","39 55:57.666","4","0","75 12:00.145","0","0","0","0","67301","0","0","0","N","0","0","0","2","68K01","0","","3.0","731.0","9","N","N","N","0","","0","0","1","","0","N","","2","0","0","0","0","0","0","2","0","2","","","","N","","","","","","","","","",""
"2021004342","","1","0","0","0","0","0","0","0","0","5","2","","67","1","2021","2","39.882597","-75.245412","","6","0","0","0","0","0","0","0","0","","0","2","0","","","1","N","0","","39 52:57.349","2","0","75 14:43.482","8","0","0","0","67301","0","0","0","N","0","0","0","3","68K01","0","","1.0","1700.0","1","N","N","N","0","","0","0","0","","0","N","","3","1","0","0","0","1","0","2","0","3","","03","","N","","","","","","","","","",""
"2021008848","","1","0","0","0","0","0","0","0","0","2","0","","67","1","2021","1","39.969664","-75.211523","","6","0","0","0","0","0","0","0","0","","0","0","0","","","1","","1","","39 58:10.789","","0","75 12:41.484","4","0","0","0","67301","0","0","0","N","0","0","0","5","67301","1","","1.0","","1","N","N","N","0","","0","0","2","","2","","","3","1","1","0","0","0","1","2","0","3","","03","","N","","","","","","","","","",""
"2021006910","","1","0","0","0","0","0","0","0","0","8","0","","67","1","2021","3","39.958487","-75.22518","","6","0","0","0","0","0","0","0","0","","0","0","0","","","1","","1","","39 57:30.554","","0","75 13:30.649","3","0","0","0","67301","1","0","0","N","1","0","0","1","67301","0","","1.0","","1","N","N","N","0","","1","0","0","","2","","","2","1","0","0","0","0","0","2","0","1","","03","","N","","","","","","","","","",""
"2021003457","","1","0","0","0","0","0","0","0","0","1","0","","67","1","2021","5","39.976805","-75.197897","","6","0","0","0","0","0","0","0","0","","0","0","0","","","1","N","0","","39 58:36.499","","0","75 11:52.429","8","0","0","0","67301","0","0","0","N","0","0","0","2","68K01","0","","1.0","","1","N","N","N","0","","0","0","1","","0","","","2","1","0","0","0","1","0","2","0","2","","03","","N","","","","","","","","","",""