"CRN","ARRIVAL_TM","AUTOMOBILE_COUNT","BELTED_DEATH_COUNT","BELTED_SUSP_SERIOUS_INJ_COUNT","BICYCLE_COUNT","BICYCLE_DEATH_COUNT","BICYCLE_SUSP_SERIOUS_INJ_COUNT","BUS_COUNT","CHLDPAS_DEATH_COUNT","CHLDPAS_SUSP_SERIOUS_INJ_COUNT","COLLISION_TYPE","COMM_VEH_COUNT","CONS_ZONE_SPD_LIM","COUNTY","CRASH_MONTH","CRASH_YEAR","DAY_OF_WEEK","DEC_LATITUDE","DEC_LONGITUDE","DISPATCH_TM","DISTRICT","DRIVER_COUNT_16YR","DRIVER_COUNT_17YR","DRIVER_COUNT_18YR","DRIVER_COUNT_19YR","DRIVER_COUNT_20YR","DRIVER_COUNT_50_64YR","DRIVER_COUNT_65_74YR","DRIVER_COUNT_75PLUS","EST_HRS_CLOSED","FATAL_COUNT","HEAVY_TRUCK_COUNT","HORSE_BUGGY_COUNT","HOUR_OF_DAY","ILLUMINATION","INJURY_COUNT","INTERSECTION_RELATED","INTERSECT_TYPE","LANE_CLOSED","LATITUDE","LN_CLOSE_DIR","LOCATION_TYPE","LONGITUDE","MAX_SEVERITY_LEVEL","MCYCLE_DEATH_COUNT","MCYCLE_SUSP_SERIOUS_INJ_COUNT","MOTORCYCLE_COUNT","MUNICIPALITY","NONMOTR_COUNT","NONMOTR_DEATH_COUNT","NONMOTR_SUSP_SERIOUS_INJ_COUNT","NTFY_HIWY_MAINT","PED_COUNT","PED_DEATH_COUNT","PED_SUSP_SERIOUS_INJ_COUNT","PERSON_COUNT","POLICE_AGCY","POSSIBLE_INJ_COUNT","RDWY_SURF_TYPE_CD","RELATION_TO_ROAD","ROADWAY_CLEARED","ROAD_CONDITION","SCH_BUS_IND","SCH_ZONE_IND","SECONDARY_CRASH","SMALL_TRUCK_COUNT","SPEC_JURIS_CD","SUSP_MINOR_INJ_COUNT","SUSP_SERIOUS_INJ_COUNT","SUV_COUNT","TCD_FUNC_CD","TCD_TYPE","TFC_DETOUR_IND","TIME_OF_DAY","TOTAL_UNITS","TOT_INJ_COUNT","UNBELTED_OCC_COUNT","UNB_DEATH_COUNT","UNB_SUSP_SERIOUS_INJ_COUNT","UNK_INJ_DEG_COUNT","UNK_INJ_PER_COUNT","URBAN_RURAL","VAN_COUNT","VEHICLE_COUNT","WEATHER1","WEATHER2","WORKERS_PRES","WORK_ZONE_IND","WORK_ZONE_LOC","WORK_ZONE_TYPE","WZ_CLOSE_DETOUR","WZ_FLAGGER","WZ_LAW_OFFCR_IND","WZ_LN_CLOSURE","WZ_MOVING","WZ_OTHER","WZ_SHLDER_MDN","WZ_WORKERS_INJ_KILLED"
"2021007476","","1","0","0","0","0","0","0","0","0","1","0","","67","1","2021","4","40.021652","-75.139583","","6","0","0","0","0","1","1","0","0","","0","0","0","","","0","N","0","","40 01:17.948","","0","75 08:22.498","9","0","0","0","67301","0","0","0","N","0","0","0","2","67301","0","","1.0","","1","N","N","N","1","","0","0","0","","2","U","","2","0","0","0","0","0","1","2","0","2","","","","N","","","","","","","","","",""
"2021007373","","2","0","0","0","0","0","0","0","0","1","0","","67","1","2021","5","40.118344","-74.982277","","6","0","0","0","0","0","0","1","0","","0","0","0","","","2","N","0","","40 07:06.039","2","0","74 58:56.198","3","0","0","0","67301","0","0","0","N","0","0","0","3","67301","0","","1.0","120.0","1","N","N","N","0","","2","0","0","","0","N","","2","2","0","0","0","0","0","2","0","2","","03","","N","","","","","","","","","",""
"2021007807","","1","0","0","0","0","0","0","0","0","5","0","","67","1","2021","1","40.034002","-75.145727","","6","0","0","0","0","0","0","0","1","","0","0","0","","","1","N","0","","40 02:02.406","","0","75 08:44.618","3","0","0","0","67301","0","0","0","N","0","0","0","2","67301","0","","1.0","","1","N","N","N","0","","1","0","1","","0","","","2","1","2","0","0","0","0","2","0","2","","03","","N","","","","","","","","","",""
"2021004386","","0","0","0","0","0","0","0","0","0","98","0","","67","1","2021","1","39.919753","-75.20192","","6","0","0","0","0","0","0","0","0","","0","0","0","","","1","N","0","","39 55:11.110","","3","75 12:06.912","3","0","0","0","67301","0","0","0","N","0","0","0","1","67301","0","","1.0","","9","N","N","N","1","","1","0","0","","0","","","1","1","1","0","0","0","0","2","0","1","","07","","N","","","","","","","","","",""
"2021003880","","2","0","0","0","0","0","0","0","0","1","1","","67","1","2021","2","40.094802","-75.014794","","6","0","0","0","0","1","1","0","0","","0","1","0","","","2","N","0","","40 05:41.286","1","0","75 00:53.260","3","0","0","0","67301","0","0","0","N","0","0","0","4","67301","1","","1.0","1600.0","1","N","N","N","0","","1","0","0","","0","Y","","3","2","0","0","0","0","0","2","0","3","","03","","N","","","","","","","","","",""
"2021003244","","1","0","0","0","0","0","0","0","0","3","1","","67","1","2021","6","39.954339","-75.226048","","6","0","0","0","0","0","1","0","0","","0","1","0","","","1","N","0","","39 57:15.620","","0","75 13:33.773","4","0","0","0","67301","0","0","0","N","0","0","0","2","67301","1","","6.0","","1","N","N","N","0","","0","0","0","","0","","","2","1","0","0","0","0","0","2","0","2","","98","","N","","","","","","","","","",""
"2021005986","","2","0","0","0","0","0","0","0","0","3","0","","67","1","2021","2","39.928799","-75.239767","","6","0","0","0","0","0","0","0","0","","0","0","0","","","1","N","0","","39 55:43.676","","7","75 14:23.162","8","0","0","0","67301","1","0","0","N","1","0","0","2","67301","0","","1.0","","9","N","N","N","0","","0","0","0","","0","","","3","1","0","0","0","1","1","2","0","2","","04","","N","","","","","","","","","",""
"2021006006","","1","0","0","0","0","0","0","0","0","7","0","","67","1","2021","7","40.059228","-75.185689","","6","0","0","0","0","0","0","0","0","","0","0","0","","","1","N","0","","40 03:33.220","","0","75 11:08.480","3","0","0","0","67301","0","0","0","N","0","0","0","1","67301","0","","4.0","","1","N","N","N","0","","1","0","0","","0","","","1","1","0","0","0","0","0","2","0","1","","","","N","","","","","","","","","",""
"2021007862","","2","0","0","0","0","0","0","0","0","1","0","","67","1","2021","6","39.991652","-75.086184","","6","0","0","0","0","0","0","0","0","","0","0","0","","","1","N","0","","39 59:29.948","","0","75 05:10.263","4","0","0","0","67301","0","0","0","N","0","0","0","3","68K01","1","","1.0","","1","N","N","N","0","","0","0","1","","0","","","3","1","1","0","0","0","0","2","0","3","","","","N","","","","","","","","","",""
"2021003189","","1","0","0","0","0","0","0","0","0","7","0","","67","1","2021","1","40.016164","-75.204574","","6","0","1","0","0","0","0","0","0","","0","0","0","","","0","N","0","","40 00:58.189","","0","75 12:16.468","0","0","0","0","67301","0","0","0","N","0","0","0","1","67301","0","","3.0","","1","N","N","N","0","","0","0","0","","0","","","1","0","0","0","0","0","0","2","0","1","","03","","N","","","","","","","","","",""
"2021006903","","0","0","0","0","0","0","0","0","0","7","0","","67","1","2021","4","40.042533","-75.172622","","6","0","0","0","0","0","0","0","0","","0","0","0","","","0","N","0","","40 02:33.120","4","0","75 10:21.440","9","0","0","0","67301","0","0","0","N","0","0","0","1","67301","0","","9.0","145.0","1","N","N","N","0","","0","0","1","","0","U","","1","0","0","0","0","0","1","2","0","1","","03","","N","","","","","","","","","",""
"2021004674","","0","0","0","0","0","0","0","0","0","1","0","","67","1","2021","2","39.945876","-75.189869","","6","0","0","0","0","0","0","0","0","","0","0","0","","","1","N","0","","39 56:45.154","","0","75 11:23.528","3","0","0","0","67301","0","0","0","N","0","0","0","3","68K01","0","","1.0","","1","N","N","N","1","","1","0","2","","0","","","3","1","0","0","0","0","0","2","0","3","","","","N","","","","","","","","","",""
"2021006197","","2","0","0","0","0","0","0","0","0","1","0","","67","1","2021","1","40.04199","-75.026522","","6","0","0","0","0","0","0","0","0","","0","0","0","","","0","N","0","","40 02:31.163","","0","75 01:35.479","9","0","0","0","67301","0","0","0","N","0","0","0","1","67301","0","","6.0","","1","N","N","N","0","","0","0","0","","2","","","2","0","0","0","0","0","1","2","0","2","","03","","N","","","","","","","","","",""
"2021005829","","1","0","0","0","0","0","0","0","0","1","0","","67","1","2021","2","40.007656","-75.151478","","6","0","0","0","0","0","0","0","0","","0","0","0","","","2","","1","","40 00:27.560","","0","75 09:05.322","4","0","0","0","67301","0","0","0","N","0","0","0","3","67505","2","","1.0","","1","N","N","N","0","","0","0","1","","1","N","","2","2","0","0","0","0","0","2","0","2","","03","","N","","","","","","","","","",""
"2021003243","","2","0","0","0","0","0","0","0","0","4","0","","67","1","2021","1","40.111198","-75.024348","","6","0","0","0","0","0","1","1","0","","0","0","0","","","1","","1","","40 06:40.311","","0","75 01:27.652","8","0","0","0","67301","0","0","0","N","0","0","0","3","67301","0","","1.0","","1","N","N","N","0","","0","0","0","","2","","","2","1","0","0","0","1","0","2","0","2","","","","N","","","","","","","","","",""
"2021003576","","1","0","0","0","0","0","0","0","0","1","1","","67","1","2021","5","39.990253","-75.205152","","6","0","0","0","0","0","0","1","0","","0","1","0","","","1","N","0","","39 59:24.909","","0","75 12:18.548","8","0","0","0","67301","0","0","0","N","0","0","0","4","68K01","0","","1.0","","1","N","N","N","0","","0","0","1","","0","","","3","1","0","0","0","1","0","2","0","3","","","","N","","","","","","","","","",""
"2021007899","","1","0","0","0","0","0","0","0","0","1","2","","67","1","2021","4","39.958497","-75.167772","","6","0","0","0","0","1","1","0","0","","0","2","0","","","1","N","0","","39 57:30.590","3","1","75 10:03.978","3","0","0","0","67301","0","0","0","N","0","0","0","4","68K01","0","","1.0","30.0","1","N","N","N","0","","1","0","0","","0","N","","3","1","0","0","0","0","0","2","0","3","","","","N","","","","","","","","","",""
"2021009622","","2","0","0","0","0","0","0","0","0","1","0","","67","1","2021","5","39.962475","-75.182949","","6","0","0","0","0","0","1","0","0","","0","0","0","","","0","N","0","","39 57:44.911","","0","75 10:58.615","0","0","0","0","67301","0","0","0","N","0","0","0","2","68K01","0","","1.0","","1","N","N","N","0","","0","0","0","","0","","","2","0","0","0","0","0","0","2","0","2","","03","","N","","","","","","","","","",""
"2021003330","","0","0","0","0","0","0","0","0","0","8","0","","67","1","2021","1","40.028739","-75.146991","","6","0","0","0","0","0","0","0","0","","0","0","0","","","1","N","0","","40 01:43.460","","0","75 08:49.167","3","0","0","0","67301","1","0","0","N","1","0","0","1","67301","0","","9.0","","1","N","N","N","0","","1","0","0","","0","","","2","1","0","0","0","0","0","2","0","1","","03","","N","","","","","","","","","",""
"2021009619","","2","0","0","0","0","0","0","0","0","5","0","","67","1","2021","5","40.052183","-74.987654","","6","0","0","0","0","0","0","0","0","","0","0","0","","","0","N","0","","40 03:07.860","","0","74 59:15.553","0","0","0","0","67301","0","0","0","N","0","0","0","2","68K01","0","","3.0","","1","N","N","N","0","","0","0","0","","0","","","2","0","0","0","0","0","0","2","0","2","","","","N","","","","","","","","","",""
"2021003045","","2","0","0","0","0","0","0","0","0","1","0","","67","1","2021","2","39.994262","-75.094205","","6","0","0","0","0","0","0","0","0","","0","0","0","","","1","N","0","","39 59:39.344","","7","75 05:39.138","3","0","0","0","67301","0","0","0","N","0","0","0","3","67301","0","","1.0","","1","N","N","N","0","","1","0","0","","0","","","2","1","0","0","0","0","0","2","0","2","","03","","N","","","","","","","","","",""
"2021003422","","2","0","0","0","0","0","0","0","0","1","0","","67","1","2021","1","39.99923","-75.134824","","6","0","0","0","0","0","0","0","0","","0","0","0","","","4","N","0","","39 59:57.229","","0","75 08:05.367","3","0","0","0","67301","0","0","0","N","0","0","0","5","67301","0","","1.0","","1","N","N","N","0","","4","0","0","","0","","","2","4","0","0","0","0","0","2","0","2","","03","","N","","","","","","","","","",""
"2021006003","","1","0","0","0","0","0","0","0","0","8","0","","67","1","2021","5","40.044192","-75.162742","","6","0","0","0","0","0","0","0","0","","0","0","0","","","1","","1","","40 02:39.090","","0","75 09:45.870","3","0","0","0","67301","1","0","0","N","1","0","0","1","67301","0","","9.0","","1","N","N","N","0","","1","0","0","","2","","","2","1","0","0","0","0","0","2","0","1","","03","","N","","","","","","","","","",""
"2021003625","","1","0","0","0","0","0","0","0","0","5","1","","67","1","2021","1","39.98099","-75.206561","","6","0","0","0","0","0","0","0","0","","0","1","0","","","0","N","0","","39 58:51.563","","0","75 12:23.620","0","0","0","0","67301","0","0","0","N","0","0","0","2","68K01","0","","1.0","","9","N","N","N","0","","0","0","0","","0","","","2","0","0","0","0","0","0","2","0","2","","","","N","","","","","","","","","",""
"2021008761","","1","0","0","0","0","0","0","0","0","1","0","","67","1","2021","4","40.002703","-75.14881","","6","0","0","0","0","0","1","0","0","","0","0","0","","","1","","5","","40 00:09.730","","0","75 08:55.715","4","0","0","0","67301","0","0","0","N","0","0","0","2","67301","1","","1.0","","1","N","N","N","0","","0","0","1","","2","","","2","1","0","0","0","0","0","2","0","2","","03","","N","","","","","","","","","",""
"2021008846","","1","0","0","0","0","0","0","0","0","4","0","","67","1","2021","1","40.033626","-75.046786","","6","0","0","0","0","0","0","0","0","","0","0","0","","","0","","2","","40 02:01.052","","0","75 02:48.431","0","0","0","0","67301","0","0","0","N","0","0","0","1","67301","0","","1.0","","1","N","N","N","0","","0","0","1","","2","","","2","0","0","0","0","0","0","2","0","2","","","","N","","","","","","","","","",""
"2021009091","","1","0","0","0","0","0","0","0","0","5","1","","67","1","2021","2","39.929079","-75.168726","","6","0","0","0","0","0","1","0","0","","0","1","0","","","0","N","0","","39 55:44.684","","0","75 10:07.412","0","0","0","0","67301","0","0","0","N","0","0","0","3","67301","0","","1.0","","1","N","N","N","0","","0","0","0","","0","","","2","0","0","0","0","0","0","2","0","2","","03","","N","","","","","","","","","",""
"2021007195","","2","0","0","0","0","0","0","0","0","5","0","","67","1","2021","5","40.010675","-75.104239","","6","0","0","0","0","0","0","0","0","","0","0","0","","","0","N","0","","40 00:38.430","","0","75 06:15.260","0","0","0","0","67301","0","0","0","N","0","0","0","1","67301","0","","1.0","","1","N","N","N","0","","0","0","0","","0","","","2","0","0","0","0","0","0","2","0","2","","03","","N","","","","","","","","","",""
"2021004696","","2","0","0","0","0","0","0","0","0","1","0","","67","1","2021","5","39.906802","-75.173488","","6","0","0","0","0","0","0","0","0","","0","0","0","","","0","N","0","","39 54:24.487","2","0","75 10:24.557","0","0","0","0","67301","0","0","0","N","0","0","0","2","67505","0","","1.0","2030.0","1","N","N","N","0","","0","0","0","","0","N","","2","0","0","0","0","0","0","2","0","2","","","","N","","","","","","","","","",""
"2021004348","","0","0","0","0","0","0","0","0","0","7","1","","67","1","2021","3","40.005806","-75.198361","","6","0","0","0","0","0","1","0","0","","0","1","0","","","1","","3","","40 00:20.900","3","2","75 11:54.100","8","0","0","0","67301","0","0","0","N","0","0","0","2","68K01","0","","4.0","100.0","1","N","N","N","0","","0","0","0","","0","Y","","1","1","0","0","0","1","0","2","0","1","","03","","N","","","","","","","","","",""
"2021006040","","1","0","0","0","0","0","1","0","0","6","1","","67","1","2021","2","39.994522","-75.117014","","6","0","0","0","0","0","0","0","0","","0","0","0","","","0","N","0","","39 59:40.280","","1","75 07:01.250","0","0","0","0","67301","0","0","0","N","0","0","0","2","67301","0","","1.0","","1","N","N","N","0","","0","0","0","","0","","","2","0","0","0","0","0","0","2","0","2","","03","","N","","","","","","","","","",""
"2021009419","","1","0","0","0","0","0","0","0","0","4","0","","67","1","2021","5","40.054071","-75.155528","","6","0","0","1","0","0","0","0","0","","0","0","0","","","0","","1","","40 03:14.655","","0","75 09:19.899","0","0","0","0","67301","0","0","0","N","0","0","0","5","67301","0","","1.0","","1","N","N","N","0","","0","0","1","","3","","","2","0","0","0","0","0","0","2","0","2","","03","","N","","","","","","","","","",""
"2021006060","","1","0","0","0","0","0","0","0","0","2","1","","67","1","2021","1","40.04424","-75.14349","","6","0","0","0","0","0","1","0","0","","0","1","0","","","0","N","0","","40 02:39.264","2","0","75 08:36.564","0","0","0","0","67301","0","0","0","N","0","0","0","3","67301","0","","1.0","1045.0","1","N","N","N","0","","0","0","0","","0","N","","3","0","0","0","0","0","0","2","1","3","","","","N","","","","","","","","","",""
"2021008285","","1","0","0","0","0","0","0","0","0","1","1","","67","1","2021","1","40.030551","-75.073314","","6","0","0","0","0","0","0","0","0","","1","1","0","","","0","N","0","","40 01:49.985","1","0","75 04:23.932","1","0","0","0","67301","0","0","0","N","0","0","0","1","67301","0","2","2.0","345.0","1","N","N","N","0","0","0","0","0","","0","N","","2","0","0","0","0","0","0","2","0","2","","","","N","","","","","","","","","",""
"2021003829","","0","0","0","0","0","0","0","0","0","1","0","","67","1","2021","2","39.898933","-75.169478","","6","0","0","0","0","0","1","0","0","","0","0","0","","","2","N","0","","39 53:56.157","2","0","75 10:10.120","3","0","0","0","67301","0","0","0","N","0","0","0","2","68K01","0","","1.0","1500.0","1","N","N","N","0","","2","0","2","","0","N","","2","2","0","0","0","0","0","2","0","2","","","","N","","","","","","","","","",""
"2021008626","","0","0","0","0","0","0","0","0","0","7","1","45","67","1","2021","5","40.011264","-75.061148","","6","0","0","0","0","0","0","0","0","","0","1","0","","","1","N","0","","40 00:40.552","1","0","75 03:40.134","8","0","0","0","67301","0","0","0","N","0","0","0","1","68K01","0","","4.0","2130.0","1","N","N","N","0","","0","0","0","","0","N","","1","1","0","0","0","1","0","2","0","1","","","Y","Y","4","1","N","N","N","Y","N","N","Y","Y"
"2021003465","","1","0","0","0","0","0","0","0","0","5","0","","67","1","2021","7","39.99227","-75.20175","","6","0","0","0","0","0","0","0","0","","0","0","0","","","0","N","0","","39 59:32.172","","0","75 12:06.299","9","0","0","0","67301","0","0","0","N","0","0","0","2","68K01","0","","1.0","","1","N","N","N","0","","0","0","0","","0","","","2","0","0","0","0","0","1","2","0","2","","03","","N","","","","","","","","","",""
"2021008913","","1","0","0","0","0","0","0","0","0","7","0","","67","1","2021","3","39.891705","-75.237479","","6","0","0","0","0","0","0","0","0","","0","0","0","","","1","N","0","","39 53:30.137","","0","75 14:14.923","3","0","0","0","67301","0","0","0","Y","0","0","0","1","68K01","0","","2.0","","1","N","N","N","0","","1","0","0","","0","","","1","1","0","0","0","0","0","2","0","1","","","","N","","","","","","","","","",""
"2021007007","","1","0","0","0","0","0","0","0","0","7","1","","67","1","2021","3","39.991928","-75.085725","","6","0","0","0","0","0","0","0","0","","0","1","0","","","0","N","0","","39 59:30.942","1","0","75 05:08.610","9","0","0","0","67301","0","0","0","N","0","0","0","3","68K01","0","","4.0","2358.0","1","N","N","N","0","","0","0","0","","0","N","","2","0","0","0","0","0","1","2","0","2","","03","","N","","","","","","","","","",""
"2021009216","","1","0","0","0","0","0","0","0","0","8","0","","67","1","2021","4","39.985753","-75.184344","","6","0","0","0","0","1","0","0","0","","0","0","0","","","1","N","0","","39 59:08.710","","0","75 11:03.640","8","0","0","0","67301","1","0","0","N","1","0","0","2","67301","0","","1.0","","1","N","N","N","0","","0","0","0","","0","","","2","1","0","0","0","1","0","2","0","1","","03","","N","","","","","","","","","",""
"2021006503","","0","0","0","0","0","0","0","0","0","8","0","","67","1","2021","6","39.958961","-75.217013","","6","0","0","0","0","0","0","0","0","","0","0","0","","","1","","1","","39 57:32.258","","0","75 13:01.246","3","0","0","0","67301","1","0","0","N","1","0","0","1","67301","0","","9.0","","1","N","N","N","0","","1","0","0","","2","","","2","1","0","0","0","0","0","2","0","1","","","","N","","","","","","","","","",""
"2021008995","","1","0","0","0","0","0","0","0","0","7","0","","67","1","2021","4","40.017686","-75.048412","","6","0","0","0","0","0","0","0","0","","0","0","0","","","0","","6","","40 01:03.668","","1","75 02:54.283","0","0","0","0","67301","0","0","0","N","0","0","0","3","67301","0","","7.0","","9","N","N","N","0","","0","0","0","","0","","","1","0","0","0","0","0","0","2","0","1","","98","","N","","","","","","","","","",""
"2021008457","","1","0","0","0","0","0","1","0","0","4","1","","67","1","2021","1","39.88755","-75.247933","","6","0","0","0","0","0","1","0","0","","0","0","0","","","2","N","2","","39 53:15.179","","0","75 14:52.560","8","0","0","0","67301","0","0","0","N","0","0","0","2","67508","0","","1.0","","1","N","N","Y","0","","0","0","0","","2","","","2","2","0","0","0","2","0","2","0","2","","03","","N","","","","","","","","","",""
"2021006017","","2","0","0","0","0","0","0","0","0","4","0","","67","1","2021","6","39.976161","-75.21299","","6","0","0","0","0","0","0","0","0","","0","0","0","","","0","","2","","39 58:34.181","6","0","75 12:46.765","0","0","0","0","67301","0","0","0","N","0","0","0","1","67301","0","","4.0","500.0","1","N","N","N","0","","0","0","0","","0","Y","","2","0","0","0","0","0","0","2","0","2","","03","","N","","","","","","","","","",""
"2021009000","","0","0","0","0","0","0","0","0","0","4","0","","67","1","2021","3","40.019118","-75.190549","","6","0","0","0","0","0","1","0","0","","0","0","0","","","1","N","0","","40 01:08.824","1","0","75 11:25.975","3","0","0","0","67301","0","0","0","N","0","0","0","2","67301","0","","1.0","30.0","9","N","N","N","1","","1","0","1","","0","Y","","2","1","0","0","0","0","0","2","0","2","","","","N","","","","","","","","","",""
"2021007164","","0","0","0","0","0","0","0","0","0","8","0","","67","1","2021","3","39.983906","-75.186354","","6","0","0","0","0","0","0","0","0","","0","0","0","","","1","","2","","39 59:02.061","","0","75 11:10.874","3","0","0","0","67301","1","0","0","N","1","0","0","2","67301","0","","1.0","","1","N","N","N","1","","1","0","0","","2","","","2","1","0","0","0","0","0","2","0","1","","03","","N","","","","","","","","","",""
"2021009418","","0","0","0","0","0","0","0","0","0","5","1","","67","1","2021","5","39.91809","-75.210004","","6","0","0","0","0","0","0","0","0","","0","1","0","","","0","N","0","","39 55:05.124","3","0","75 12:36.016","9","0","0","0","67301","0","0","0","N","0","0","0","3","67301","0","","1.0","1334.0","1","N","N","N","0","","0","0","1","","0","N","","3","0","0","0","0","0","1","2","0","3","","03","","N","","","","","","","","","",""
"2021006001","","1","0","0","0","0","0","0","0","0","6","1","","67","1","2021","6","40.027255","-75.160997","","6","0","0","0","0","0","1","0","0","","0","1","0","","","1","","2","","40 01:38.119","","0","75 09:39.588","3","0","0","0","67301","0","0","0","N","0","0","0","1","67301","0","","1.0","","1","N","N","N","0","","1","0","0","","0","","","2","1","0","0","0","0","0","2","0","2","","03","","N","","","","","","","","","",""
"2021005966","","0","0","0","0","0","0","0","0","0","1","0","","67","1","2021","2","39.958015","-75.16195","","6","0","0","0","0","1","0","0","0","","0","0","0","","","1","N","0","","39 57:28.855","","0","75 09:43.021","4","0","0","0","67301","0","0","0","N","0","0","0","4","67301","1","","1.0","","1","N","N","N","0","","0","0","2","","2","","","2","1","2","0","0","0","0","2","0","2","","03","","N","","","","","","","","","",""
"2021005954","","0","0","0","0","0","0","0","0","0","7","0","","67","1","2021","6","40.03811","-75.111618","","6","0","0","0","0","0","0","0","0","","0","0","0","","","0","N","0","","40 02:17.196","5","0","75 06:41.825","0","0","0","0","67301","0","0","0","N","0","0","0","1","67301","0","","2.0","357.0","1","N","N","N","0","","0","0","1","","2","Y","","1","0","0","0","0","0","0","2","0","1","","03","","N","","","","","","","","","",""
"2021005983","","1","0","0","0","0","0","1","0","0","5","1","","67","1","2021","6","39.889056","-75.23344","","6","0","0","0","0","0","0","0","0","","0","0","0","","","0","N","0","","39 53:20.602","2","0","75 14:00.384","0","0","0","0","67301","0","0","0","N","0","0","0","2","67301","0","","1.0","503.0","9","N","N","N","0","","0","0","0","","0","N","","2","0","0","0","0","0","0","2","0","2","","07","","N","","","","","","","","","",""
"2021003421","","1","0","0","0","0","0","0","0","0","1","1","","67","1","2021","1","40.100887","-74.988354","","6","0","0","0","0","0","1","0","0","","0","1","0","","","0","N","0","","40 06:03.193","","0","74 59:18.073","9","0","0","0","67301","0","0","0","N","0","0","0","5","67301","0","","1.0","","1","N","N","N","0","","0","0","0","","0","","","2","0","0","0","0","0","2","2","0","2","","03","","N","","","","","","","","","",""
"2021004325","","2","0","0","0","0","0","0","0","0","2","0","","67","1","2021","7","39.980994","-75.206566","","6","0","0","0","1","0","0","0","0","","0","0","0","","","1","N","0","","39 58:51.577","3","0","75 12:23.637","8","0","0","0","67301","0","0","0","N","0","0","0","1","68K01","0","","1.0","145.0","9","N","N","Y","0","","0","0","0","","0","N","","2","1","0","0","0","1","0","2","0","2","","","","N","","","","","","","","","",""
"2021003249","","2","0","0","0","0","0","0","0","0","4","0","","67","1","2021","7","39.982999","-75.118759","","6","0","0","0","0","0","0","0","0","","0","0","0","","","0","N","0","","39 58:58.795","","0","75 07:07.531","0","0","0","0","67301","0","0","0","N","0","0","0","0","67301","0","","6.0","","1","N","N","N","0","","0","0","1","","0","","","3","0","0","0","0","0","0","2","0","3","","","","N","","","","","","","","","",""
"2021006388","","1","0","0","0","0","0","0","0","0","2","0","","67","1","2021","2","39.974908","-75.162051","","6","0","0","0","0","0","0","0","0","","0","0","0","","","1","","2","","39 58:29.670","","0","75 09:43.385","3","0","0","0","67301","0","0","0","N","0","0","0","2","67301","0","","1.0","","1","N","N","N","0","","1","0","0","","2","","","2","1","0","0","0","0","0","2","0","2","","03","","N","","","","","","","","","",""
"2021006904","","1","0","0","0","0","0","0","0","0","8","0","","67","1","2021","5","40.007954","-75.073913","","6","0","0","0","0","0","1","0","0","","0","0","0","","","1","","2","","40 00:28.636","","0","75 04:26.087","3","0","0","0","67301","1","0","0","N","1","0","0","2","67301","0","","1.0","","1","N","N","N","0","","1","0","0","","2","","","2","1","1","0","0","0","0","2","0","1","","03","","N","","","","","","","","","",""
"2021006294","","1","0","0","0","0","0","0","0","0","1","0","40","67","1","2021","3","39.898888","-75.168737","","6","0","0","0","0","0","0","0","1","","0","0","0","","","2","N","0","","39 53:55.997","1","0","75 10:07.454","3","0","0","0","67301","0","0","0","N","0","0","0","5","68K01","1","","1.0","244.0","1","N","N","N","0","","1","0","2","","1","Y","","3","2","0","0","0","0","0","2","0","3","","","Y","Y","4","1","N","N","Y","Y","N","N","N","N"
"2021005961","","1","0","0","0","0","0","0","0","0","2","0","","67","1","2021","2","40.040227","-75.214044","","6","0","0","0","0","0","0","0","0","","0","0","0","","","0","","2","","40 02:24.817","2","0","75 12:50.558","0","0","0","0","67301","0","0","0","N","0","0","0","2","67301","0","","1.0","2020.0","1","N","N","N","0","","0","0","1","","2","N","","2","0","0","0","0","0","0","2","0","2","","","","N","","","","","","","","","",""
"2021006598","","1","0","0","0","0","0","0","0","0","5","1","","67","1","2021","2","40.001999","-75.194963","","6","0","0","0","0","0","1","0","0","","0","1","0","","","0","N","0","","40 00:07.198","3","0","75 11:41.867","0","0","0","0","67301","0","0","0","N","0","0","0","2","68K01","0","","1.0","402.0","1","N","N","N","0","","0","0","0","","0","N","","2","0","1","0","0","0","0","2","0","2","","03","","N","","","","","","","","","",""
"2021006408","","1","0","0","0","0","0","0","0","0","1","0","","67","1","2021","2","40.063397","-75.184006","","6","0","0","0","0","0","0","0","0","","0","0","0","","","2","N","0","","40 03:48.230","2","0","75 11:02.420","8","0","0","0","67301","0","0","0","N","0","0","0","2","67301","0","","1.0","139.0","1","N","N","N","0","","0","0","1","","0","Y","","2","2","0","0","0","2","0","2","0","2","","03","","N","","","","","","","","","",""
"2021004978","","1","0","0","0","0","0","0","0","0","5","0","","67","1","2021","4","39.968465","-75.129274","","6","0","0","0","0","0","0","0","0","","0","0","0","","","0","N","0","","39 58:06.473","2","0","75 07:45.386","9","0","0","0","67301","0","0","0","N","0","0","0","2","68K01","0","","3.0","30.0","1","N","N","N","1","","0","0","0","","0","N","","2","0","0","0","0","0","1","2","0","2","","","","N","","","","","","","","","",""
"2021006067","","1","0","0","0","0","0","0","0","0","8","0","","67","1","2021","4","40.009585","-75.180418","","6","0","0","0","0","0","0","0","0","","0","0","0","","","1","","2","","40 00:34.506","","0","75 10:49.505","3","0","0","0","67301","1","0","0","N","1","0","0","2","67301","0","","1.0","","1","N","N","N","0","","1","0","0","","2","U","","2","1","0","0","0","0","1","2","0","1","","","","N","","","","","","","","","",""