"CRN","ARRIVAL_TM","AUTOMOBILE_COUNT","BELTED_DEATH_COUNT","BELTED_SUSP_SERIOUS_INJ_COUNT","BICYCLE_COUNT","BICYCLE_DEATH_COUNT","BICYCLE_SUSP_SERIOUS_INJ_COUNT","BUS_COUNT","CHLDPAS_DEATH_COUNT","CHLDPAS_SUSP_SERIOUS_INJ_COUNT","COLLISION_TYPE","COMM_VEH_COUNT","CONS_ZONE_SPD_LIM","COUNTY","CRASH_MONTH","CRASH_YEAR","DAY_OF_WEEK","DEC_LATITUDE","DEC_LONGITUDE","DISPATCH_TM","DISTRICT","DRIVER_COUNT_16YR","DRIVER_COUNT_17YR","DRIVER_COUNT_18YR","DRIVER_COUNT_19YR","DRIVER_COUNT_20YR","DRIVER_COUNT_50_64YR","DRIVER_COUNT_65_74YR","DRIVER_COUNT_75PLUS","EST_HRS_CLOSED","FATAL_COUNT","HEAVY_TRUCK_COUNT","HORSE_BUGGY_COUNT","HOUR_OF_DAY","ILLUMINATION","INJURY_COUNT","INTERSECTION_RELATED","INTERSECT_TYPE","LANE_CLOSED","LATITUDE","LN_CLOSE_DIR","LOCATION_TYPE","LONGITUDE","MAX_SEVERITY_LEVEL","MCYCLE_DEATH_COUNT","MCYCLE_SUSP_SERIOUS_INJ_COUNT","MOTORCYCLE_COUNT","MUNICIPALITY","NONMOTR_COUNT","NONMOTR_DEATH_COUNT","NONMOTR_SUSP_SERIOUS_INJ_COUNT","NTFY_HIWY_MAINT","PED_COUNT","PED_DEATH_COUNT","PED_SUSP_SERIOUS_INJ_COUNT","PERSON_COUNT","POLICE_AGCY","POSSIBLE_INJ_COUNT","RDWY_SURF_TYPE_CD","RELATION_TO_ROAD","ROADWAY_CLEARED","ROAD_CONDITION","SCH_BUS_IND","SCH_ZONE_IND","SECONDARY_CRASH","SMALL_TRUCK_COUNT","SPEC_JURIS_CD","SUSP_MINOR_INJ_COUNT","SUSP_SERIOUS_INJ_COUNT","SUV_COUNT","TCD_FUNC_CD","TCD_TYPE","TFC_DETOUR_IND","TIME_OF_DAY","TOTAL_UNITS","TOT_INJ_COUNT","UNBELTED_OCC_COUNT","UNB_DEATH_COUNT","UNB_SUSP_SERIOUS_INJ_COUNT","UNK_INJ_DEG_COUNT","UNK_INJ_PER_COUNT","URBAN_RURAL","VAN_COUNT","VEHICLE_COUNT","WEATHER1","WEATHER2","WORKERS_PRES","WORK_ZONE_IND","WORK_ZONE_LOC","WORK_ZONE_TYPE","WZ_CLOSE_DETOUR","WZ_FLAGGER","WZ_LAW_OFFCR_IND","WZ_LN_CLOSURE","WZ_MOVING","WZ_OTHER","WZ_SHLDER_MDN","WZ_WORKERS_INJ_KILLED"
"2021006066","","1","0","0","0","0","0","0","0","0","8","0","","67","1","2021","7","40.007739","-75.156494","","6","0","0","0","0","0","0","0","0","","0","0","0","","","1","N","0","","40 00:27.860","","0","75 09:23.380","3","0","0","0","67301","1","0","0","N","1","0","0","1","67301","0","","1.0","","1","N","N","N","0","","1","0","0","","0","","","2","1","0","0","0","0","0","2","0","1","","04","","N","","","","","","","","","",""
"2021006995","","0","0","0","0","0","0","0","0","0","8","0","","67","1","2021","2","40.008989","-75.06865","","6","0","0","0","0","0","0","0","0","","0","0","0","","","1","N","0","","40 00:32.361","2","0","75 04:07.139","8","0","0","0","67301","1","0","0","N","1","0","0","2","68K01","0","","1.0","451.0","1","N","N","N","0","","0","0","0","","0","N","","2","1","0","0","0","1","1","2","0","1","","03","","N","","","","","","","","","",""
"2021027245","","1","0","0","0","0","0","0","0","0","8","0","","67","3","2021","2","40.017358","-75.059841","","6","0","0","0","0","0","0","0","0","","0","0","0","","","1","N","0","","40 01:02.487","","0","75 03:35.426","3","0","0","0","67301","1","0","0","N","1","0","0","1","67301","0","","1.0","","1","N","N","N","0","","1","0","0","","0","","","2","1","0","0","0","0","0","2","0","1","","03","","N","","","","","","","","","",""
"2021026870","","1","0","0","0","0","0","0","0","0","4","0","","67","3","2021","5","39.960132","-75.179963","","6","0","0","0","0","0","0","0","0","","0","0","0","","","1","N","0","","39 57:36.476","4","0","75 10:47.866","3","0","0","0","67301","0","0","0","N","0","0","0","2","68K01","0","","1.0","2330.0","8","N","N","N","0","","1","0","1","","0","N","","2","1","0","0","0","0","0","2","0","2","","","","N","","","","","","","","","",""
"2021005376","","1","0","0","0","0","0","0","0","0","7","0","","67","1","2021","7","40.036132","-75.015694","","6","0","0","0","0","0","0","0","0","","0","0","0","","","0","N","0","","40 02:10.075","","0","75 00:56.500","0","0","0","0","67301","0","0","0","N","0","0","0","1","68K01","0","","1.0","","9","N","N","Y","0","","0","0","0","","0","","","1","0","0","0","0","0","0","2","0","1","","07","","N","","","","","","","","","",""
"2021026203","","0","0","0","0","0","0","0","0","0","4","2","","67","3","2021","6","39.918225","-75.208762","","6","0","0","0","0","1","1","0","0","","0","2","0","","","1","","2","","39 55:05.610","","0","75 12:31.544","3","0","0","0","67301","0","0","0","N","0","0","0","2","67301","0","","1.0","","1","N","N","N","0","","1","0","0","","2","","","2","1","0","0","0","0","0","2","0","2","","03","","N","","","","","","","","","",""
"2021027144","","1","0","0","0","0","0","0","0","0","4","0","","67","3","2021","6","40.000473","-75.119614","","6","0","0","0","0","0","1","0","0","","0","0","0","","","0","","1","","40 00:01.702","","0","75 07:10.610","0","0","0","0","67301","0","0","0","N","0","0","0","3","67301","0","","1.0","","1","N","N","N","1","","0","0","0","","3","","","2","0","0","0","0","0","0","2","0","2","","","","N","","","","","","","","","",""
"2021027670","","0","0","0","0","0","0","0","0","0","7","0","","67","3","2021","4","39.966378","-75.231782","","6","0","0","0","0","0","0","0","0","","0","0","0","","","1","N","2","","39 57:58.959","","0","75 13:54.414","8","0","0","0","67301","0","0","0","N","0","0","0","1","67301","0","","5.0","","1","N","N","N","0","","0","0","1","","0","","","1","1","0","0","0","1","0","2","0","1","","03","","N","","","","","","","","","",""
"2021006198","","1","0","0","0","0","0","0","0","0","2","0","","67","1","2021","3","40.054424","-74.983876","","6","0","0","0","0","0","0","1","0","","0","0","0","","","1","N","0","","40 03:15.927","6","0","74 59:01.955","2","0","0","0","67301","0","0","0","N","0","0","0","2","67301","0","","1.0","100.0","1","N","N","N","0","","0","1","1","","8","Y","","2","1","0","0","0","0","0","2","0","2","","04","","N","","","","","","","","","",""
"2021006312","","1","0","0","0","0","0","0","0","0","5","1","","67","1","2021","6","39.916761","-75.147719","","6","0","0","0","0","0","0","0","0","","0","1","0","","","0","N","0","","39 55:00.341","2","0","75 08:51.790","0","0","0","0","67301","0","0","0","N","0","0","0","2","68K01","0","","1.0","30.0","1","N","N","N","0","","0","0","0","","0","N","","2","0","0","0","0","0","0","2","0","2","","","","N","","","","","","","","","",""
"2021006042","","1","0","0","0","0","0","0","0","0","7","0","","67","1","2021","4","39.998631","-75.109544","","6","0","0","0","0","0","0","0","0","","0","0","0","","","0","N","0","","39 59:55.070","","0","75 06:34.360","0","0","0","0","67301","0","0","0","N","0","0","0","1","67301","0","","5.0","","1","N","N","N","0","","0","0","0","","0","","","1","0","0","0","0","0","0","2","0","1","","03","","N","","","","","","","","","",""
"2021027726","","0","0","0","0","0","0","0","0","0","8","0","","67","3","2021","4","40.031222","-75.021724","","6","0","0","0","0","0","0","0","0","","0","0","0","","","1","","2","","40 01:52.399","1","0","75 01:18.206","2","0","0","0","67301","1","0","1","N","1","0","1","3","67301","0","","1.0","30.0","9","N","N","N","1","","0","1","0","","2","Y","","2","1","0","0","0","0","0","2","0","1","","07","","N","","","","","","","","","",""
"2021006071","","2","0","0","0","0","0","0","0","0","1","0","","67","1","2021","6","40.018177","-75.169478","","6","0","0","0","0","0","0","0","0","","0","0","0","","","1","N","0","","40 01:05.436","","0","75 10:10.122","3","0","0","0","67301","0","0","0","N","0","0","0","2","67301","0","","1.0","","1","N","N","N","0","","1","0","0","","0","","","2","1","0","0","0","0","0","2","0","2","","03","","N","","","","","","","","","",""
"2021006726","","1","0","0","0","0","0","0","0","0","1","0","","67","1","2021","3","39.934766","-75.199849","","6","0","0","0","0","0","0","0","0","","0","0","0","","","0","N","0","","39 56:05.158","","0","75 11:59.455","9","0","0","0","67301","0","0","0","N","0","0","0","2","68K01","0","","1.0","","1","N","N","N","0","","0","0","0","","0","","","2","0","0","0","0","0","1","2","0","2","","","","N","","","","","","","","","",""
"2021003621","","0","0","0","0","0","0","0","0","0","7","1","45","67","1","2021","2","40.012095","-75.059658","","6","0","0","0","0","0","0","0","0","","0","1","0","","","0","N","0","","40 00:43.541","1","0","75 03:34.767","0","0","0","0","67301","0","0","0","Y","0","0","0","1","68K01","0","","4.0","911.0","1","N","N","N","0","","0","0","0","","0","N","","2","0","0","0","0","0","0","2","0","1","","03","Y","Y","4","1","N","N","N","N","N","Y","N","N"
"2021003044","","2","0","0","0","0","0","0","0","0","4","0","","67","1","2021","1","39.983436","-75.119145","","6","0","0","0","0","0","1","0","0","","0","0","0","","","0","","1","","39 59:00.370","","99","75 07:08.921","0","0","0","0","67301","0","0","0","N","0","0","0","1","67301","0","","9.0","","9","N","N","N","0","","0","0","0","","2","","","2","0","1","0","0","0","0","2","0","2","","","","N","","","","","","","","","",""
"2021000379","","0","0","0","0","0","0","0","0","0","7","0","","67","1","2021","6","40.023656","-75.215725","","6","0","0","0","0","0","0","0","0","","0","1","0","","","0","N","0","","40 01:25.160","","0","75 12:56.610","0","0","0","0","67301","0","0","0","N","0","0","0","0","67301","0","","5.0","","1","N","N","Y","0","","0","0","0","","0","","","1","0","0","0","0","0","0","2","0","1","","03","","N","","","","","","","","","",""
"2021007162","","1","0","0","0","0","0","0","0","0","8","0","","67","1","2021","3","40.036762","-75.040946","","6","0","0","0","0","0","0","0","0","","0","0","0","","","1","","1","","40 02:12.343","2","0","75 02:27.405","3","0","0","0","67301","1","0","0","N","1","0","0","2","67301","0","","9.0","30.0","1","N","N","N","0","","1","0","0","","2","N","","2","1","0","0","0","0","0","2","0","1","","","","N","","","","","","","","","",""
"2021026897","","1","0","0","0","0","0","0","0","0","0","0","","67","3","2021","1","39.958635","-75.168924","","6","0","0","0","0","0","0","1","0","","0","0","0","","","0","N","0","","39 57:31.087","3","0","75 10:08.125","0","0","0","0","67301","0","0","0","N","0","0","0","4","68K01","0","","1.0","30.0","1","N","N","N","0","","0","0","1","","0","N","","3","0","0","0","0","0","0","2","1","3","","","","N","","","","","","","","","",""
"2021035642","","1","0","0","0","0","0","0","0","0","4","0","","67","4","2021","6","39.957146","-75.156395","","6","0","0","1","0","0","0","0","0","","0","0","0","","","0","N","0","","39 57:25.726","4","0","75 09:23.023","9","0","0","0","67301","0","0","0","N","0","0","0","2","68K01","0","","1.0","1834.0","1","N","N","N","0","","0","0","1","","0","N","","2","0","0","0","0","0","1","2","0","2","","","","N","","","","","","","","","",""
"2021027012","","0","0","0","0","0","0","1","0","0","8","1","","67","3","2021","2","40.024664","-75.057346","","6","0","0","0","0","0","0","0","0","","0","0","0","","","1","","1","","40 01:28.789","1","0","75 03:26.447","2","0","0","0","67301","1","0","1","N","1","0","1","3","67301","0","","1.0","25.0","1","Y","N","N","0","","0","1","0","","2","Y","","2","1","0","0","0","0","0","2","0","1","","03","","N","","","","","","","","","",""
"2021028011","","0","0","0","0","0","0","0","0","0","98","0","","67","3","2021","6","39.88611","-75.211994","","6","0","0","0","0","0","1","0","0","","0","0","0","","","0","N","0","","39 53:09.995","","0","75 12:43.180","0","0","0","0","67301","0","0","0","N","0","0","0","2","68K01","0","","3.0","","1","N","N","N","2","","0","0","0","","0","","","2","0","0","0","0","0","0","2","0","2","","","","N","","","","","","","","","",""
"2021005439","","1","0","0","0","0","0","0","0","0","5","0","","67","1","2021","7","39.937766","-75.143834","","6","0","0","0","0","0","0","0","0","","0","0","0","","","0","N","0","","39 56:15.959","","0","75 08:37.803","0","0","0","0","67301","0","0","0","N","0","0","0","2","68K01","0","","1.0","","1","N","N","N","1","","0","0","0","","0","","","2","0","0","0","0","0","0","2","0","2","","","","N","","","","","","","","","",""
"2021005993","","0","0","0","1","0","0","0","0","0","8","0","","67","1","2021","6","39.904061","-75.240291","","6","0","0","0","0","0","0","0","0","","0","0","0","","","1","","1","","39 54:14.619","","0","75 14:25.049","8","0","0","0","67301","1","0","0","N","0","0","0","1","67301","0","","1.0","","1","N","N","N","0","","0","0","0","","2","U","","2","1","0","0","0","1","0","2","0","1","","03","","N","","","","","","","","","",""
"2021027626","","0","0","0","0","0","0","0","0","0","7","0","","67","3","2021","3","39.959695","-75.176384","","6","0","0","0","0","0","0","0","0","","0","0","0","","","0","N","7","","39 57:34.901","3","2","75 10:34.984","0","0","0","0","67301","0","0","0","Y","0","0","0","1","68K01","0","","3.0","1030.0","1","N","N","N","0","","0","0","1","","0","N","","1","0","0","0","0","0","0","2","0","1","","03","","N","","","","","","","","","",""
"2021003420","","1","0","0","0","0","0","0","0","0","5","0","","67","1","2021","1","39.927417","-75.183444","","6","0","0","0","0","0","0","0","0","","0","0","0","","","0","N","0","","39 55:38.700","7","0","75 11:00.400","0","0","0","0","67301","0","0","0","N","0","0","0","2","67301","0","","6.0","410.0","1","N","N","N","1","","0","0","0","","0","Y","","2","0","0","0","0","0","0","2","0","2","","03","","N","","","","","","","","","",""
"2021002285","","1","0","0","0","0","0","0","0","0","6","1","","67","1","2021","3","39.979361","-75.093486","","6","0","0","0","0","0","1","0","0","","0","1","0","","","2","N","0","","39 58:45.699","7","0","75 05:36.550","3","0","0","0","67301","0","0","0","N","0","0","0","3","67301","1","","1.0","1300.0","1","N","N","N","0","","1","0","0","","0","Y","","2","2","0","0","0","0","0","2","0","2","","","","N","","","","","","","","","",""
"2021004119","","1","0","0","0","0","0","0","0","0","4","0","","67","1","2021","3","39.954999","-75.246268","","6","0","0","0","0","1","0","0","0","","0","0","0","","","2","","2","","39 57:17.996","","0","75 14:46.564","3","0","0","0","67301","0","0","0","N","0","0","0","3","67301","1","","1.0","","1","N","N","N","0","","1","0","2","","3","","","4","2","2","0","0","0","0","2","1","4","","03","","N","","","","","","","","","",""
"2021003566","","0","0","0","0","0","0","0","0","0","7","1","45","67","1","2021","3","40.015632","-75.05281","","6","0","0","0","0","0","1","0","0","","0","1","0","","","0","N","0","","40 00:56.274","","0","75 03:10.117","0","0","0","0","67301","0","0","0","N","0","0","0","1","68K01","0","","4.0","","1","N","N","N","0","","0","0","0","","8","","","1","0","0","0","0","0","0","2","0","1","","","Y","Y","4","1","N","N","N","Y","Y","N","Y","N"
"2021001072","","2","0","0","0","0","0","0","0","0","4","0","","67","1","2021","7","40.001031","-75.157967","","6","0","0","0","0","0","0","0","1","","0","0","0","","","1","N","0","","40 00:03.710","5","0","75 09:28.680","3","0","0","0","67301","0","0","0","N","0","0","0","1","67301","0","","2.0","2000.0","1","N","N","N","0","","1","0","1","","0","Y","","3","1","0","0","0","0","0","2","0","3","","","","N","","","","","","","","","",""
"2021026837","","2","0","0","0","0","0","0","0","0","1","0","","67","3","2021","6","40.021866","-75.039658","","6","0","0","0","0","0","0","0","1","","0","0","0","","","1","N","0","","40 01:18.716","","0","75 02:22.767","3","0","0","0","67301","0","0","0","N","0","0","0","4","68K01","0","","3.0","","1","N","N","N","0","","1","0","0","","0","","","2","1","0","0","0","0","0","2","0","2","","","","N","","","","","","","","","",""
"2021026194","","1","0","0","0","0","0","0","0","0","7","0","","67","3","2021","6","40.050411","-75.086069","","6","0","0","0","0","0","0","0","0","","0","0","0","","","2","N","0","","40 03:01.478","5","0","75 05:09.850","8","0","0","0","67301","0","0","0","N","0","0","0","2","67301","0","","4.0","1430.0","1","N","N","N","0","","0","0","0","","1","Y","","1","2","0","0","0","2","0","2","0","1","","03","","N","","","","","","","","","",""
"2021006308","","1","0","0","0","0","0","0","0","0","7","0","","67","1","2021","5","40.049626","-74.993913","","6","0","0","0","0","0","0","0","0","","0","0","0","","","1","N","0","","40 02:58.654","","0","74 59:38.086","4","0","0","0","67301","0","0","0","N","0","0","0","2","68K01","1","","2.0","","1","N","N","N","0","","0","0","0","","0","","","1","1","2","0","0","0","0","2","0","1","","","","N","","","","","","","","","",""
"2021006363","","2","0","0","0","0","0","0","0","0","5","0","","67","1","2021","1","39.959817","-75.178338","","6","0","0","0","0","0","0","0","0","","0","0","0","","","0","N","0","","39 57:35.340","3","0","75 10:42.016","0","0","0","0","67301","0","0","0","N","0","0","0","2","68K01","0","","1.0","1113.0","9","N","N","N","0","","0","0","0","","0","Y","","2","0","0","0","0","0","0","2","0","2","","","","N","","","","","","","","","",""
"2021006742","","0","0","0","0","0","0","0","0","0","4","1","","67","1","2021","6","40.037373","-75.013138","","6","0","0","0","0","0","0","0","0","","0","1","0","","","1","N","0","","40 02:14.541","2","0","75 00:47.295","8","0","0","0","67301","0","0","0","N","0","0","0","4","68K01","0","","3.0","100.0","9","N","N","N","0","","0","0","1","","0","N","","2","1","0","0","0","1","0","2","0","2","","","","N","","","","","","","","","",""
"2021007048","","1","0","0","0","0","0","0","0","0","7","0","","67","1","2021","4","39.914647","-75.221411","","6","0","0","0","0","0","0","0","0","","1","0","0","","","1","N","0","","39 54:52.730","4","0","75 13:17.080","1","0","0","0","67301","0","0","0","N","0","0","0","2","67301","0","5","5.0","1800.0","1","N","N","N","0","0","0","1","0","","0","Y","","1","1","2","1","1","0","0","2","0","1","","03","","N","","","","","","","","","",""
"2021005962","","0","0","0","0","0","0","0","0","0","8","0","","67","1","2021","6","40.0356","-75.217376","","6","0","0","0","0","0","0","0","0","","0","0","0","","","1","","1","","40 02:08.161","","0","75 13:02.553","3","0","0","0","67301","1","0","0","N","1","0","0","2","67301","0","","1.0","","1","N","N","N","0","","1","0","1","","2","","","2","1","0","0","0","0","0","2","0","1","","03","","N","","","","","","","","","",""
"2021006744","","0","0","0","0","0","0","0","0","0","7","1","","67","1","2021","7","40.035054","-75.018021","","6","0","0","0","0","0","0","0","0","","0","1","0","","","1","N","0","","40 02:06.193","1","0","75 01:04.874","4","0","0","0","67301","0","0","0","N","0","0","0","1","68K01","1","","2.0","300.0","9","N","N","N","0","","0","0","0","","0","N","","1","1","0","0","0","0","0","2","0","1","","","","N","","","","","","","","","",""
"2021026950","","0","0","0","0","0","0","0","0","0","5","0","","67","3","2021","1","39.939953","-75.199484","","6","0","0","0","0","0","1","0","0","","0","0","0","","","0","N","0","","39 56:23.831","","0","75 11:58.141","0","0","0","0","67301","0","0","0","N","0","0","0","2","67301","0","","1.0","","1","N","N","N","1","","0","0","0","","2","","","2","0","1","0","0","0","0","2","0","2","","03","","N","","","","","","","","","",""
"2021006058","","1","0","0","0","0","0","0","0","0","4","0","","67","1","2021","1","40.023058","-75.148124","","6","0","0","0","0","0","0","0","0","","0","0","0","","","0","N","0","","40 01:23.009","5","0","75 08:53.245","0","0","0","0","67301","0","0","0","N","0","0","0","1","67301","0","","1.0","350.0","1","N","N","N","0","","0","0","1","","2","Y","","2","0","0","0","0","0","0","2","0","2","","03","","N","","","","","","","","","",""
"2021002905","","2","0","0","0","0","0","0","0","0","2","0","","67","1","2021","6","40.034815","-75.08713","","6","0","0","0","1","0","0","0","0","","0","0","0","","","1","","1","","40 02:05.335","","0","75 05:13.669","3","0","0","0","67301","0","0","0","N","0","0","0","2","67301","0","","9.0","","99","N","N","N","0","","1","0","0","","2","U","","2","1","0","0","0","0","0","2","0","2","","","","N","","","","","","","","","",""
"2021007298","","1","0","0","0","0","0","0","0","0","2","1","","67","1","2021","5","39.980123","-75.089958","","6","0","0","0","0","0","0","0","0","","0","1","0","","","1","N","0","","39 58:48.441","","99","75 05:23.847","8","0","0","0","67301","0","0","0","N","0","0","0","1","67301","0","","9.0","","1","N","N","N","0","","0","0","0","","0","U","","2","1","0","0","0","1","0","2","0","2","","03","","N","","","","","","","","","",""
"2021027583","","1","0","0","0","0","0","0","0","0","5","1","","67","3","2021","5","40.037404","-75.012348","","6","0","0","0","0","0","0","0","0","","0","1","0","","","1","N","0","","40 02:14.655","1","0","75 00:44.453","8","0","0","0","67301","0","0","0","N","0","0","0","2","68K01","0","","2.0","700.0","1","N","N","N","0","","0","0","0","","0","N","","2","1","1","0","0","1","0","2","0","2","","","","N","","","","","","","","","",""
"2021026835","","3","0","0","0","0","0","0","0","0","1","0","","67","3","2021","5","39.988909","-75.088189","","6","0","0","0","0","0","0","0","0","","0","0","0","","","1","N","0","","39 59:20.071","","0","75 05:17.480","3","0","0","0","67301","0","0","0","N","0","0","0","4","68K01","0","","1.0","","1","N","N","N","0","","1","0","1","","0","","","4","1","0","0","0","0","0","2","0","4","","","","N","","","","","","","","","",""
"2021003581","","0","0","0","0","0","0","0","0","0","5","0","","67","1","2021","5","39.971635","-75.193304","","6","0","0","0","0","0","1","0","0","","0","0","0","","","0","N","7","","39 58:17.885","4","0","75 11:35.895","9","0","0","0","67301","0","0","0","N","0","0","0","2","68K01","0","","1.0","2140.0","1","N","N","N","0","","0","0","1","","0","N","","2","0","0","0","0","0","1","2","0","2","","","","N","","","","","","","","","",""
"2021002528","","0","0","0","0","0","0","0","0","0","4","1","","67","1","2021","6","40.031248","-75.021402","","6","0","0","0","0","0","0","0","0","","0","1","0","","","0","N","0","","40 01:52.491","2","0","75 01:17.047","9","0","0","0","67301","0","0","0","N","0","0","0","2","68K01","0","","2.0","2300.0","9","N","N","N","0","","0","0","1","","0","N","","2","0","1","0","0","0","1","2","0","2","","","","N","","","","","","","","","",""
"2021027239","","1","0","0","0","0","0","0","0","0","4","0","","67","3","2021","7","40.02978","-75.104603","","6","0","0","0","0","1","0","0","0","","0","0","0","","","2","","3","","40 01:47.207","","0","75 06:16.570","3","0","0","0","67301","0","0","0","N","0","0","0","6","67301","1","","1.0","","1","N","N","N","0","","1","0","1","","2","","","2","2","0","0","0","0","0","2","0","2","","03","","N","","","","","","","","","",""
"2021002709","","1","0","0","0","0","0","0","0","0","5","0","","67","1","2021","7","39.918285","-75.147685","","6","0","0","0","0","0","1","0","0","","0","0","0","","","0","N","0","","39 55:05.825","","0","75 08:51.665","9","0","0","0","67301","0","0","0","N","0","0","0","2","68K01","0","","1.0","","1","N","N","N","0","","0","0","0","","8","","","2","0","0","0","0","0","1","2","0","2","","03","","N","","","","","","","","","",""
"2021005444","","2","0","0","0","0","0","0","0","0","1","0","","67","1","2021","7","39.994752","-75.083985","","6","0","0","0","0","0","0","0","0","","0","0","0","","","0","N","0","","39 59:41.106","2","0","75 05:02.346","0","0","0","0","67301","0","0","0","N","0","0","0","4","68K01","0","","1.0","1645.0","1","N","N","N","0","","0","0","0","","0","N","","2","0","0","0","0","0","0","2","0","2","","03","","N","","","","","","","","","",""
"2021003046","","3","0","0","0","0","0","0","0","0","4","0","","67","1","2021","3","39.996718","-75.115468","","6","0","0","0","0","0","0","0","0","","0","0","0","","","1","","1","","39 59:48.185","1","0","75 06:55.684","3","0","0","0","67301","0","0","0","N","0","0","0","2","67301","0","","1.0","100.0","1","N","N","N","0","","1","0","0","","3","Y","","3","1","0","0","0","0","0","2","0","3","","03","","N","","","","","","","","","",""
"2021027273","","1","0","0","0","0","0","0","0","0","1","1","35","67","3","2021","4","39.954583","-75.143583","","6","0","0","0","0","0","0","0","0","","0","1","0","","","0","N","0","","39 57:16.500","4","3","75 08:36.900","0","0","0","0","67301","0","0","0","N","0","0","0","4","67501","0","","1.0","318.0","1","N","N","N","0","","0","0","0","","8","N","","2","0","0","0","0","0","0","2","0","2","","03","Y","Y","4","1","","","N","Y","","","","N"
"2021003818","","3","0","0","0","0","0","0","0","0","1","0","","67","1","2021","7","39.99231","-75.201678","","6","0","0","0","1","1","1","0","0","","0","0","0","","","0","N","0","","39 59:32.315","","0","75 12:06.039","0","0","0","0","67301","0","0","0","N","0","0","0","3","68K01","0","","1.0","","1","N","N","Y","0","","0","0","0","","0","","","3","0","0","0","0","0","0","2","0","3","","03","","N","","","","","","","","","",""
"2021026826","","1","0","0","0","0","0","0","0","0","5","1","","67","3","2021","5","40.002022","-75.194964","","6","0","0","0","0","0","0","0","0","","0","1","0","","","0","N","0","","40 00:07.278","","0","75 11:41.871","0","0","0","0","67301","0","0","0","N","0","0","0","2","68K01","0","","1.0","","1","N","N","N","0","","0","0","0","","0","","","2","0","0","0","0","0","0","2","0","2","","03","","N","","","","","","","","","",""
"2021007049","","1","0","0","0","0","0","0","0","0","4","1","","67","1","2021","4","40.016616","-75.14718","","6","0","0","0","0","0","1","0","0","","0","1","0","","","0","","1","","40 00:59.817","1","0","75 08:49.848","0","0","0","0","67301","0","0","0","N","0","0","0","2","67301","0","","1.0","955.0","1","N","N","N","0","","0","0","0","","2","N","","2","0","0","0","0","0","0","2","0","2","","03","","N","","","","","","","","","",""
"2021006385","","3","0","0","0","0","0","0","0","0","2","0","","67","1","2021","2","39.921414","-75.221817","","6","0","0","0","0","0","1","0","0","","0","0","0","","","0","N","0","","39 55:17.090","","0","75 13:18.540","0","0","0","0","67301","0","0","0","N","0","0","0","1","67301","0","","6.0","","1","N","N","N","0","","0","0","1","","0","","","4","0","0","0","0","0","0","2","0","4","","03","","N","","","","","","","","","",""
"2021003469","","2","0","0","0","0","0","0","0","0","1","0","","67","1","2021","1","39.912896","-75.148344","","6","0","0","0","0","0","1","0","0","","0","0","0","","","0","N","0","","39 54:46.424","1","0","75 08:54.038","0","0","0","0","67301","0","0","0","N","0","0","0","2","68K01","0","","1.0","1800.0","1","N","N","N","0","","0","0","0","","0","N","","2","0","0","0","0","0","0","2","0","2","","","","N","","","","","","","","","",""
"2021002283","","0","0","0","0","0","0","0","0","0","4","0","","67","1","2021","6","39.970683","-75.232585","","6","0","0","0","0","0","0","0","0","","0","0","0","","","2","","1","","39 58:14.458","7","0","75 13:57.306","4","0","0","0","67301","0","0","0","N","0","0","0","4","67301","2","","1.0","750.0","1","N","N","N","0","","0","0","2","","2","Y","","2","2","0","0","0","0","0","2","0","2","","","","N","","","","","","","","","",""
"2021026592","","0","0","0","0","0","0","0","0","0","8","0","","67","3","2021","1","40.042864","-75.160588","","6","0","0","0","0","0","1","0","0","","0","0","0","","","1","N","0","","40 02:34.311","","0","75 09:38.115","3","0","0","0","67301","1","0","0","N","1","0","0","2","67301","0","","1.0","","1","N","N","N","1","","1","0","0","","0","","","2","1","0","0","0","0","0","2","0","1","","03","","N","","","","","","","","","",""
"2021006049","","0","0","0","0","0","0","0","0","0","5","1","","67","1","2021","1","40.009747","-75.118508","","6","0","0","0","0","0","1","0","0","","0","1","0","","","1","N","0","","40 00:35.090","3","0","75 07:06.630","3","0","0","0","67301","0","0","0","N","0","0","0","2","67301","0","","1.0","340.0","1","N","N","N","0","","1","0","1","","0","N","","2","1","0","0","0","0","0","2","0","2","","03","","N","","","","","","","","","",""
"2021006028","","1","0","0","0","0","0","0","0","0","99","0","","67","1","2021","3","39.961215","-75.235143","","6","0","0","0","0","0","0","0","0","","0","0","0","","","0","N","0","","39 57:40.374","","99","75 14:06.513","9","0","0","0","67301","0","0","0","N","0","0","0","1","67301","0","","1.0","","1","N","N","N","0","","0","0","0","","0","","","1","0","0","0","0","0","1","2","0","1","","03","","N","","","","","","","","","",""
"2021024842","","1","0","0","0","0","0","0","0","0","1","1","35","67","3","2021","5","39.909278","-75.154222","","6","0","0","0","0","0","0","0","0","","0","1","0","","","0","N","0","","39 54:33.400","","3","75 09:15.200","0","0","0","0","67301","0","0","0","N","0","0","0","3","67501","0","","1.0","","1","N","N","N","0","","0","0","0","","0","","","2","0","0","0","0","0","0","2","0","2","","","N","Y","8","1","","","N","","","","Y","N"
"2021003628","","2","0","0","0","0","0","0","0","0","4","0","","67","1","2021","1","39.981146","-75.20676","","6","0","1","0","0","0","1","0","0","","0","0","0","","","0","N","0","","39 58:52.126","3","0","75 12:24.336","0","0","0","0","67301","0","0","0","N","0","0","0","4","68K01","0","","1.0","1711.0","9","N","N","N","0","","0","0","0","","0","N","","2","0","0","0","0","0","0","2","0","2","","","","N","","","","","","","","","",""