"CRN","ARRIVAL_TM","AUTOMOBILE_COUNT","BELTED_DEATH_COUNT","BELTED_SUSP_SERIOUS_INJ_COUNT","BICYCLE_COUNT","BICYCLE_DEATH_COUNT","BICYCLE_SUSP_SERIOUS_INJ_COUNT","BUS_COUNT","CHLDPAS_DEATH_COUNT","CHLDPAS_SUSP_SERIOUS_INJ_COUNT","COLLISION_TYPE","COMM_VEH_COUNT","CONS_ZONE_SPD_LIM","COUNTY","CRASH_MONTH","CRASH_YEAR","DAY_OF_WEEK","DEC_LATITUDE","DEC_LONGITUDE","DISPATCH_TM","DISTRICT","DRIVER_COUNT_16YR","DRIVER_COUNT_17YR","DRIVER_COUNT_18YR","DRIVER_COUNT_19YR","DRIVER_COUNT_20YR","DRIVER_COUNT_50_64YR","DRIVER_COUNT_65_74YR","DRIVER_COUNT_75PLUS","EST_HRS_CLOSED","FATAL_COUNT","HEAVY_TRUCK_COUNT","HORSE_BUGGY_COUNT","HOUR_OF_DAY","ILLUMINATION","INJURY_COUNT","INTERSECTION_RELATED","INTERSECT_TYPE","LANE_CLOSED","LATITUDE","LN_CLOSE_DIR","LOCATION_TYPE","LONGITUDE","MAX_SEVERITY_LEVEL","MCYCLE_DEATH_COUNT","MCYCLE_SUSP_SERIOUS_INJ_COUNT","MOTORCYCLE_COUNT","MUNICIPALITY","NONMOTR_COUNT","NONMOTR_DEATH_COUNT","NONMOTR_SUSP_SERIOUS_INJ_COUNT","NTFY_HIWY_MAINT","PED_COUNT","PED_DEATH_COUNT","PED_SUSP_SERIOUS_INJ_COUNT","PERSON_COUNT","POLICE_AGCY","POSSIBLE_INJ_COUNT","RDWY_SURF_TYPE_CD","RELATION_TO_ROAD","ROADWAY_CLEARED","ROAD_CONDITION","SCH_BUS_IND","SCH_ZONE_IND","SECONDARY_CRASH","SMALL_TRUCK_COUNT","SPEC_JURIS_CD","SUSP_MINOR_INJ_COUNT","SUSP_SERIOUS_INJ_COUNT","SUV_COUNT","TCD_FUNC_CD","TCD_TYPE","TFC_DETOUR_IND","TIME_OF_DAY","TOTAL_UNITS","TOT_INJ_COUNT","UNBELTED_OCC_COUNT","UNB_DEATH_COUNT","UNB_SUSP_SERIOUS_INJ_COUNT","UNK_INJ_DEG_COUNT","UNK_INJ_PER_COUNT","URBAN_RURAL","VAN_COUNT","VEHICLE_COUNT","WEATHER1","WEATHER2","WORKERS_PRES","WORK_ZONE_IND","WORK_ZONE_LOC","WORK_ZONE_TYPE","WZ_CLOSE_DETOUR","WZ_FLAGGER","WZ_LAW_OFFCR_IND","WZ_LN_CLOSURE","WZ_MOVING","WZ_OTHER","WZ_SHLDER_MDN","WZ_WORKERS_INJ_KILLED"
"2021006021","","3","0","0","0","0","0","0","0","0","2","0","","67","1","2021","6","39.93234","-75.192546","","6","0","0","0","0","0","1","0","0","","0","0","0","","","1","","1","","39 55:56.424","","0","75 11:33.167","8","0","0","0","67301","0","0","0","N","0","0","0","2","67301","0","","1.0","","9","N","N","N","0","","0","0","0","","3","","","3","1","0","0","0","1","1","2","0","3","","04","","N","","","","","","","","","",""
"2021006044","","1","0","0","0","0","0","0","0","0","8","0","","67","1","2021","7","39.997915","-75.124774","","6","0","0","0","0","0","0","0","0","","1","0","0","","","0","N","0","","39 59:52.495","6","0","75 07:29.187","1","0","0","0","67301","1","1","0","N","1","1","0","2","67301","0","2","1.0","2050.0","1","N","N","N","0","0","0","0","0","","0","Y","","2","0","0","0","0","0","0","2","0","1","","","","N","","","","","","","","","",""
"2021006747","","1","0","1","0","0","0","0","0","0","1","0","","67","1","2021","7","39.958284","-75.165983","","6","0","0","0","0","0","1","0","0","","0","0","0","","","1","N","0","","39 57:29.822","3","0","75 09:57.537","2","0","0","0","67301","0","0","0","N","0","0","0","3","68K01","0","","1.0","1620.0","1","N","N","N","0","","0","1","0","","0","N","","2","1","0","0","0","0","0","2","1","2","","03","","N","","","","","","","","","",""
"2021006828","","1","0","0","0","0","0","0","0","0","1","0","","67","1","2021","7","39.998586","-75.116969","","6","0","0","0","0","0","0","0","0","","0","1","0","","","1","N","0","","39 59:54.910","","0","75 07:01.090","8","0","0","0","67301","0","0","0","N","0","0","0","1","67301","0","","6.0","","1","N","N","N","0","","0","0","0","","3","","","2","1","0","0","0","1","0","2","0","2","","03","","N","","","","","","","","","",""
"2021005984","","1","0","0","0","0","0","0","0","0","8","0","","67","1","2021","7","39.928876","-75.235516","","6","0","0","0","0","0","0","0","0","","0","0","0","","","1","","1","","39 55:43.955","","0","75 14:07.857","8","0","0","0","67301","1","0","0","N","1","0","0","2","67301","0","","9.0","","1","N","N","N","0","","0","0","0","","9","","","2","1","0","0","0","1","1","2","0","1","","03","","N","","","","","","","","","",""
"2021027987","","1","0","0","0","0","0","0","0","0","4","0","","67","3","2021","4","39.940506","-75.215872","","6","0","0","0","0","0","1","0","0","","0","0","0","","","1","N","0","","39 56:25.820","","0","75 12:57.140","3","0","0","0","67301","0","0","0","N","0","0","0","3","67301","0","","1.0","","9","N","N","N","0","","1","0","1","","0","","","2","1","0","0","0","0","0","2","0","2","","07","","N","","","","","","","","","",""
"2021024823","","4","0","0","0","0","0","0","0","0","6","0","","67","3","2021","1","40.072914","-75.178606","","6","0","0","0","0","0","0","0","0","","0","0","0","","","2","N","0","","40 04:22.490","","0","75 10:42.983","8","0","0","0","67301","0","0","0","N","0","0","0","2","67301","0","","6.0","","1","N","N","Y","0","","0","0","0","","0","","","4","2","0","0","0","2","0","2","0","4","","03","","N","","","","","","","","","",""
"2021027576","","0","0","0","0","0","0","0","0","0","1","0","45","67","3","2021","2","40.006742","-75.07386","","6","0","0","0","0","0","1","0","0","","0","0","0","","","2","N","0","","40 00:24.270","2","0","75 04:25.896","3","0","0","0","67301","0","0","0","N","0","0","0","4","68K01","0","","1.0","1040.0","1","N","N","N","1","","2","0","1","","0","N","","4","2","0","0","0","0","1","2","2","4","","","Y","Y","4","1","N","N","N","N","N","N","Y","N"
"2021023931","","3","0","0","0","0","0","0","0","0","1","1","45","67","2","2021","1","39.899057","-75.177847","","6","0","0","0","0","0","0","1","0","","0","1","0","","","1","N","0","","39 53:56.606","1","0","75 10:40.248","3","0","0","0","67301","0","0","0","N","0","0","0","4","68K01","0","","1.0","1808.0","9","N","N","N","0","","1","0","0","","0","N","","4","1","0","0","0","0","0","2","0","4","","05","N","Y","4","1","","","N","Y","","","","N"
"2021027921","","1","0","0","0","0","0","0","0","0","1","0","","67","3","2021","1","39.948622","-75.17165","","6","0","0","0","0","0","0","0","0","","0","0","0","","","2","N","0","","39 56:55.040","","0","75 10:17.940","3","0","0","0","67301","0","0","0","N","0","0","0","3","67301","0","","6.0","","1","N","N","N","0","","2","0","2","","0","","","3","2","0","0","0","0","0","2","0","3","","03","","N","","","","","","","","","",""
"2021023842","","1","0","0","0","0","0","1","0","0","5","1","","67","3","2021","2","39.95642","-75.198064","","6","0","0","0","0","0","0","0","0","","0","0","0","","","0","N","0","","39 57:23.113","","0","75 11:53.030","0","0","0","0","67301","0","0","0","N","0","0","0","2","67508","0","","1.0","","9","N","N","Y","0","","0","0","0","","0","","","2","0","0","0","0","0","0","2","0","2","","07","","N","","","","","","","","","",""
"2021026202","","1","0","0","0","0","0","0","0","0","4","0","","67","3","2021","5","39.93574","-75.228522","","6","0","0","0","0","0","2","0","0","","0","0","0","","","0","","1","","39 56:08.663","","0","75 13:42.679","0","0","0","0","67301","0","0","0","N","0","0","0","2","67301","0","","1.0","","9","N","N","N","0","","0","0","0","","2","","","2","0","0","0","0","0","0","2","0","2","","07","","N","","","","","","","","","",""
"2021027016","","1","0","0","0","0","0","0","0","0","5","0","","67","3","2021","5","40.00842","-75.210954","","6","0","0","0","0","0","0","0","0","","0","0","0","","","0","N","0","","40 00:30.311","","0","75 12:39.433","0","0","0","0","67301","0","0","0","N","0","0","0","4","67301","0","","1.0","","9","N","N","N","0","","0","0","1","","0","","","2","0","0","0","0","0","0","2","0","2","","07","","N","","","","","","","","","",""
"2021026948","","1","0","0","0","0","0","0","0","0","5","0","","67","3","2021","2","40.038797","-75.169639","","6","0","0","0","0","0","0","0","0","","0","0","0","","","1","N","0","","40 02:19.670","","0","75 10:10.700","3","0","0","0","67301","0","0","0","N","0","0","0","1","67301","0","","1.0","","1","N","N","N","0","","1","0","1","","0","","","2","1","0","0","0","0","0","2","0","2","","03","","N","","","","","","","","","",""
"2021024518","","2","0","0","0","0","0","0","0","0","2","0","","67","3","2021","3","39.915932","-75.245269","","6","0","0","0","0","0","0","0","0","","0","0","0","","","1","","2","","39 54:57.355","","0","75 14:42.969","4","0","0","0","67301","0","0","0","N","0","0","0","3","67301","1","","1.0","","1","N","N","N","0","","0","0","0","","0","","","2","1","0","0","0","0","0","2","0","2","","03","","N","","","","","","","","","",""
"2021027331","","2","0","0","0","0","0","0","0","0","2","0","","67","3","2021","2","40.027441","-75.099191","","6","0","0","0","0","0","0","0","0","","0","0","0","","","0","N","0","","40 01:38.789","","0","75 05:57.088","0","0","0","0","67301","0","0","0","N","0","0","0","2","67301","0","","1.0","","1","N","N","N","0","","0","0","0","","0","","","2","0","0","0","0","0","0","2","0","2","","03","","N","","","","","","","","","",""
"2021002400","","1","0","0","0","0","0","0","0","0","4","0","","67","1","2021","4","39.992473","-75.17957","","6","0","0","0","0","1","0","0","0","","0","0","0","","","0","","1","","39 59:32.903","","0","75 10:46.451","0","0","0","0","67301","0","0","0","N","0","0","0","2","67301","0","","1.0","","1","N","N","N","0","","0","0","0","","1","","","2","0","0","0","0","0","0","2","1","2","","03","","N","","","","","","","","","",""
"2021014184","","1","0","0","0","0","0","0","0","0","7","0","","67","2","2021","3","40.023692","-75.196119","","6","0","0","0","0","0","0","0","0","","0","0","0","","","0","N","0","","40 01:25.290","","0","75 11:46.030","0","0","0","0","67301","0","0","0","N","0","0","0","2","67301","0","","4.0","","2","N","N","N","0","","0","0","1","","0","","","2","0","2","0","0","0","0","2","0","2","","03","","N","","","","","","","","","",""
"2021027922","","0","0","0","0","0","0","0","0","0","2","0","","67","3","2021","4","40.031958","-75.168553","","6","0","0","0","0","0","0","0","0","","0","0","0","","","1","","2","","40 01:55.047","","0","75 10:06.789","3","0","0","0","67301","0","0","0","N","0","0","0","1","67301","0","","3.0","","9","N","N","N","0","","1","0","2","","3","","","2","1","0","0","0","0","0","2","0","2","","04","","N","","","","","","","","","",""
"2021024510","","1","0","0","0","0","0","0","0","0","4","0","","67","3","2021","6","39.957243","-75.152234","","6","0","0","0","2","0","0","0","0","","0","0","0","","","0","","5","","39 57:26.075","","2","75 09:08.042","9","0","0","0","67301","0","0","0","N","0","0","0","4","67301","0","","1.0","","1","N","N","N","0","","0","0","1","","2","","","2","0","1","0","0","0","1","2","0","2","","03","","N","","","","","","","","","",""
"2021027850","","2","0","0","0","0","0","0","0","0","1","0","","67","3","2021","4","39.958367","-75.16668","","6","0","0","1","0","0","0","0","0","","0","0","0","","","0","N","0","","39 57:30.122","3","0","75 10:00.049","0","0","0","0","67301","0","0","0","N","0","0","0","5","68K01","0","","1.0","1700.0","1","N","N","N","0","","0","0","0","","0","N","","2","0","0","0","0","0","0","2","0","2","","","","N","","","","","","","","","",""
"2021002754","","1","0","0","1","0","0","0","0","0","8","0","","67","1","2021","5","40.013587","-75.068535","","6","0","0","0","0","0","1","0","0","","0","0","0","","","1","","1","","40 00:48.913","","0","75 04:06.725","4","0","0","0","67301","1","0","0","N","0","0","0","2","67301","1","","1.0","","1","N","N","N","0","","0","0","0","","2","","","2","1","0","0","0","0","0","2","0","1","","03","","N","","","","","","","","","",""
"2021023770","","2","0","0","0","0","0","1","0","0","4","1","","67","2","2021","3","39.924381","-75.169706","","6","0","0","0","0","0","2","0","0","","0","0","0","","","2","","1","","39 55:27.771","","0","75 10:10.943","4","0","0","0","67301","0","0","0","N","0","0","0","5","67508","2","","1.0","","1","N","N","Y","0","","0","0","1","","2","","","5","2","0","0","0","0","0","2","1","5","","03","","N","","","","","","","","","",""
"2021025273","","0","0","0","0","0","0","0","0","0","8","0","","67","3","2021","6","39.969199","-75.228382","","6","0","0","0","0","0","0","0","0","","1","0","0","","","0","N","1","","39 58:09.116","","0","75 13:42.175","1","0","0","0","67301","1","1","0","N","1","1","0","1","67301","0","1","1.0","","1","N","N","N","0","0","0","0","0","","0","","","2","0","0","0","0","0","0","2","0","1","","98","","N","","","","","","","","","",""
"2021040556","","1","0","0","0","0","0","0","0","0","1","0","","67","4","2021","5","39.957713","-75.231564","","6","0","0","0","0","0","1","0","0","","0","0","0","","","2","N","0","","39 57:27.768","","0","75 13:53.632","3","0","0","1","67301","0","0","0","N","0","0","0","4","67301","0","","1.0","","1","N","N","N","0","","2","0","1","","0","","","3","2","0","0","0","0","0","2","0","3","","04","","N","","","","","","","","","",""
"2021025270","","1","0","0","0","0","0","0","0","0","8","0","","67","3","2021","6","39.958487","-75.22518","","6","0","0","0","0","0","0","0","0","","0","0","0","","","1","","1","","39 57:30.554","","0","75 13:30.649","8","0","0","0","67301","1","0","0","N","1","0","0","2","67301","0","","1.0","","1","N","N","N","0","","0","0","0","","2","","","2","1","0","0","0","1","0","2","0","1","","03","","N","","","","","","","","","",""
"2021024913","","1","0","0","0","0","0","0","0","0","8","0","","67","3","2021","5","39.976639","-75.233683","","6","0","0","0","0","0","0","0","0","","0","0","0","","","1","","1","","39 58:35.899","","99","75 14:01.260","8","0","0","0","67301","1","0","0","N","1","0","0","1","67301","0","","1.0","","99","N","N","N","0","","0","0","0","","9","","","2","1","0","0","0","1","0","2","0","1","","98","","N","","","","","","","","","",""
"2021000252","","1","0","0","0","0","0","0","0","0","7","0","","67","1","2021","6","40.021708","-75.051929","","6","0","0","0","0","0","0","0","0","","0","0","0","","","0","N","0","","40 01:18.148","","0","75 03:06.943","0","0","0","0","67301","0","0","0","N","0","0","0","0","67301","0","","5.0","","1","N","N","N","0","","0","0","0","","0","","","1","0","0","0","0","0","0","2","0","1","","03","","N","","","","","","","","","",""
"2021024508","","1","0","0","1","0","1","0","0","0","8","0","","67","3","2021","7","39.931742","-75.149323","","6","0","0","0","0","0","0","0","0","","0","0","0","","","1","","1","","39 55:54.270","","0","75 08:57.561","2","0","0","0","67301","1","0","1","N","0","0","0","2","67301","0","","1.0","","1","N","N","N","0","","0","1","0","","2","","","2","1","0","0","0","0","0","2","0","1","","03","","N","","","","","","","","","",""
"2021011650","","2","0","0","0","0","0","0","0","0","1","0","","67","2","2021","5","40.019899","-75.15006","","6","0","0","0","0","0","1","0","0","","0","0","0","","","0","N","0","","40 01:11.638","","0","75 09:00.216","0","0","0","0","67301","0","0","0","N","0","0","0","2","67301","0","","1.0","","98","N","N","N","0","","0","0","0","","0","","","2","0","0","0","0","0","0","2","0","2","","98","","N","","","","","","","","","",""
"2021000816","","2","0","0","0","0","0","0","0","0","5","0","","67","1","2021","2","40.043042","-75.077031","","6","0","0","0","0","0","0","0","0","","0","0","0","","","0","N","0","","40 02:34.950","","0","75 04:37.310","9","0","0","0","67301","0","0","0","N","0","0","0","1","67301","0","","6.0","","9","N","N","N","1","","0","0","2","","0","","","5","0","0","0","0","0","1","2","0","5","","07","","N","","","","","","","","","",""
"2021000275","","0","0","0","0","0","0","0","0","0","4","0","","67","1","2021","6","40.120187","-75.037668","","6","0","0","0","1","0","0","0","0","","0","1","0","","","1","","2","","40 07:12.674","","0","75 02:15.605","3","0","0","0","67301","0","0","0","N","0","0","0","2","67301","0","","1.0","","1","N","N","N","0","","1","0","1","","0","","","2","1","0","0","0","0","1","2","0","2","","","","N","","","","","","","","","",""
"2021024533","","3","0","0","0","0","0","0","0","0","5","1","","67","3","2021","6","39.934167","-75.188917","","6","0","0","0","0","0","0","0","0","","0","1","0","","","1","N","0","","39 56:03.000","3","0","75 11:20.100","8","0","0","0","67301","0","0","0","N","0","0","0","1","67301","0","","6.0","2300.0","1","N","N","Y","2","","0","0","6","","0","Y","","13","1","0","0","0","1","0","2","1","13","","98","","N","","","","","","","","","",""
"2021002269","","1","0","0","0","0","0","0","0","0","7","0","","67","1","2021","4","39.959381","-75.166489","","6","0","0","0","0","0","0","0","0","","0","0","0","","","1","N","0","","39 57:33.770","","0","75 09:59.360","3","0","0","0","67301","0","0","0","N","0","0","0","1","67301","0","","5.0","","1","N","N","N","0","","1","0","0","","0","","","1","1","0","0","0","0","0","2","0","1","","03","","N","","","","","","","","","",""
"2021002277","","1","0","0","0","0","0","0","0","0","4","0","","67","1","2021","7","40.027574","-75.099176","","6","0","0","0","0","0","0","0","0","","0","0","0","","","2","N","0","","40 01:39.265","","0","75 05:57.034","3","0","0","0","67301","0","0","0","N","0","0","0","3","67301","0","","1.0","","1","N","N","N","0","","2","0","0","","2","","","2","2","0","0","0","0","1","2","0","2","","","","N","","","","","","","","","",""
"2021026873","","1","0","0","0","0","0","0","0","0","7","0","","67","3","2021","6","39.981187","-75.206807","","6","0","0","0","0","0","0","0","0","","0","0","0","","","1","N","0","","39 58:52.274","","0","75 12:24.506","3","0","0","0","67301","0","0","0","N","0","0","0","1","68K01","0","","5.0","","1","N","N","N","0","","1","0","0","","0","","","1","1","0","0","0","0","0","2","0","1","","","","N","","","","","","","","","",""
"2021026890","","1","0","0","0","0","0","0","0","0","5","1","50","67","3","2021","7","39.97231","-75.121793","","6","0","0","0","0","0","0","0","0","","0","1","0","","","1","N","0","","39 58:20.317","1","0","75 07:18.455","3","0","0","0","67301","0","0","0","N","0","0","0","3","68K01","0","","1.0","50.0","1","N","N","N","0","","1","0","0","","0","N","","2","1","0","0","0","0","0","2","0","2","","","N","Y","4","1","","","N","","","","Y","N"
"2021027201","","2","0","0","0","0","0","0","0","0","1","0","","67","3","2021","4","39.938345","-75.197662","","6","0","0","0","0","0","2","0","0","","0","0","0","","","1","N","6","","39 56:18.041","4","2","75 11:51.584","3","0","0","0","67301","0","0","0","N","0","0","0","3","68K01","0","","1.0","800.0","1","N","N","N","0","","1","0","1","","0","N","","3","1","0","0","0","0","0","2","0","3","","03","","N","","","","","","","","","",""
"2021000788","","1","0","0","0","0","0","0","0","0","8","0","","67","1","2021","7","39.955207","-75.225868","","6","0","0","0","0","0","0","0","0","","0","0","0","","","1","","1","","39 57:18.746","","0","75 13:33.123","3","0","0","0","67301","1","0","0","N","1","0","0","2","67301","0","","1.0","","1","N","N","N","0","","1","0","0","","0","","","2","1","0","0","0","0","0","2","0","1","","03","","N","","","","","","","","","",""
"2021025994","","1","0","0","0","0","0","0","0","0","5","1","","67","3","2021","5","40.032936","-75.020512","","6","0","0","0","0","0","1","0","0","","0","1","0","","","8","N","0","","40 01:58.571","1","0","75 01:13.844","3","0","0","0","67301","0","0","0","N","0","0","0","10","68K01","7","","1.0","845.0","1","N","N","N","0","","1","0","3","","0","N","","5","8","1","0","0","0","0","2","0","5","","","","N","","","","","","","","","",""
"2021036433","","0","0","0","0","0","0","0","0","0","7","0","","67","4","2021","4","40.045258","-75.001895","","6","0","0","0","0","0","0","0","0","","0","0","0","","","0","N","6","","40 02:42.930","","0","75 00:06.821","0","0","0","0","67301","0","0","0","N","0","0","0","1","68K01","0","","4.0","","1","N","N","N","1","","0","0","0","","0","","","1","0","0","0","0","0","0","2","0","1","","03","","N","","","","","","","","","",""
"2021049065","","1","0","0","0","0","0","0","0","0","8","0","","67","5","2021","7","40.052256","-75.061181","","6","0","0","0","1","0","0","0","0","","0","0","0","","","1","N","0","","40 03:08.120","","0","75 03:40.250","8","0","0","0","67301","1","0","0","N","1","0","0","2","67301","0","","1.0","","1","N","N","N","0","","0","0","0","","0","","","2","1","0","0","0","1","0","2","0","1","","","","N","","","","","","","","","",""
"2021023831","","0","0","0","0","0","0","0","0","0","7","1","","67","3","2021","2","39.955605","-75.148229","","6","0","0","0","0","0","1","0","0","","0","1","0","","","1","N","0","","39 57:20.179","4","2","75 08:53.624","8","0","0","0","67301","0","0","0","N","0","0","0","1","67501","0","","4.0","1715.0","1","N","N","N","0","","0","0","0","","0","N","","1","1","0","0","0","1","0","2","0","1","","","","N","","","","","","","","","",""
"2021001492","","2","0","0","0","0","0","0","0","0","1","0","","67","1","2021","7","39.981179","-75.206798","","6","0","0","0","1","0","0","0","0","","0","0","0","","","0","N","0","","39 58:52.244","","0","75 12:24.472","9","0","0","0","67301","0","0","0","N","0","0","0","3","68K01","0","","1.0","","9","N","N","N","0","","0","0","0","","0","","","3","0","0","0","0","0","1","2","0","3","","","","N","","","","","","","","","",""
"2021024566","","2","0","0","0","0","0","0","0","0","1","0","","67","3","2021","5","39.988486","-75.127903","","6","0","0","0","0","0","0","0","0","","0","0","0","","","1","N","0","","39 59:18.550","","0","75 07:40.450","3","0","0","0","67301","0","0","0","N","0","0","0","2","67301","0","","1.0","","1","N","N","N","0","","1","0","0","","2","","","2","1","0","0","0","0","0","2","0","2","","","","N","","","","","","","","","",""
"2021049173","","3","0","0","0","0","0","0","0","0","4","0","","67","5","2021","6","39.973776","-75.258236","","6","0","0","0","0","0","0","0","0","","0","0","0","","","1","","1","","39 58:25.593","","0","75 15:29.649","3","0","0","0","67301","0","0","0","N","0","0","0","3","67301","0","","1.0","","9","N","N","N","0","","1","0","0","","2","","","3","1","0","0","0","0","0","2","0","3","","04","","N","","","","","","","","","",""
"2021026751","","0","0","0","0","0","0","0","0","0","8","0","","67","3","2021","4","40.003886","-75.170662","","6","0","0","0","0","0","0","0","0","","0","0","0","","","1","","1","","40 00:13.989","","0","75 10:14.382","2","0","0","0","67301","1","0","1","N","1","0","1","2","67301","0","","1.0","","1","N","N","N","0","","0","1","1","","2","","","2","1","0","0","0","0","0","2","0","1","","03","","N","","","","","","","","","",""
"2021018143","","1","0","0","0","0","0","0","0","0","1","0","55","67","2","2021","6","39.898721","-75.170678","","6","0","0","0","0","0","0","0","0","","0","0","0","","","0","N","0","","39 53:55.396","1","0","75 10:14.440","9","0","0","0","67301","0","0","0","N","0","0","0","3","68K01","0","","1.0","1521.0","1","N","N","N","0","","0","0","2","","0","N","","3","0","0","0","0","0","1","2","0","3","","03","N","Y","4","1","","","N","","","Y","Y","N"
"2021050682","","0","0","0","0","0","0","0","0","0","1","1","","67","6","2021","4","40.132794","-75.007789","","6","0","0","0","0","1","0","0","0","","0","1","0","","","0","N","0","","40 07:58.059","","0","75 00:28.042","9","0","0","0","67301","0","0","0","N","0","0","0","1","67301","0","","6.0","","1","N","N","N","0","","0","0","1","","0","","","2","0","0","0","0","0","1","2","0","2","","03","","N","","","","","","","","","",""
"2021027894","","1","0","0","0","0","0","1","0","0","4","1","","67","3","2021","5","40.03029","-75.159075","","6","0","0","0","0","0","1","0","0","","0","0","0","","","1","","3","","40 01:49.043","","0","75 09:32.669","4","0","0","0","67301","0","0","0","N","0","0","0","2","67301","1","","1.0","","9","N","N","N","0","","0","0","0","","3","","","2","1","0","0","0","0","0","2","0","2","","","","N","","","","","","","","","",""
"2021006052","","1","0","0","1","0","0","0","0","0","8","0","","67","1","2021","5","39.970342","-75.13576","","6","0","0","0","0","0","0","0","0","","0","0","0","","","1","","1","","39 58:13.232","","0","75 08:08.736","8","0","0","0","67301","1","0","0","N","0","0","0","2","67301","0","","1.0","","1","N","N","N","0","","0","0","0","","3","","","2","1","0","0","0","1","0","2","0","1","","03","","N","","","","","","","","","",""
"2021027804","","0","0","0","0","0","0","0","0","0","7","1","","67","3","2021","4","39.974231","-75.20368","","6","0","0","0","0","0","1","0","0","","0","1","0","","","0","","3","","39 58:27.230","","0","75 12:13.248","0","0","0","0","67301","0","0","0","N","0","0","0","1","67301","0","","4.0","","8","N","N","N","0","","0","0","0","","0","","","1","0","0","0","0","0","0","2","0","1","","07","","N","","","","","","","","","",""
"2021049176","","2","0","0","0","0","0","0","0","0","2","0","","67","5","2021","6","40.012636","-75.116569","","6","0","0","1","0","0","0","0","0","","0","0","0","","","2","Y","0","","40 00:45.490","","0","75 06:59.650","2","0","0","0","67301","0","0","0","N","0","0","0","2","67301","0","","1.0","","9","N","N","N","0","","1","1","0","","0","","","2","2","1","0","1","0","0","2","0","2","","04","","N","","","","","","","","","",""
"2021050476","","1","0","0","0","0","0","0","0","0","1","0","","67","5","2021","3","39.945394","-75.190492","","6","0","0","0","0","0","1","0","0","","0","0","0","","","0","N","0","","39 56:43.419","","0","75 11:25.770","0","0","0","0","67301","0","0","0","N","0","0","0","2","68K01","0","","1.0","","1","N","N","N","0","","0","0","1","","0","","","2","0","0","0","0","0","0","2","0","2","","03","","N","","","","","","","","","",""
"2021028039","","1","0","0","0","0","0","0","0","0","5","0","","67","3","2021","5","40.071447","-75.032354","","6","0","0","0","0","0","0","0","0","","0","0","0","","","0","N","0","","40 04:17.210","","0","75 01:56.475","9","0","0","0","67301","0","0","0","N","0","0","0","2","67301","0","","1.0","","1","N","N","N","0","","0","0","2","","0","","","3","0","0","0","0","0","1","2","0","3","","03","","N","","","","","","","","","",""
"2021024043","","0","0","0","0","0","0","1","0","0","8","1","","67","3","2021","5","40.001601","-75.152925","","6","0","0","0","0","0","1","0","0","","0","0","0","","","1","","1","","40 00:05.763","2","0","75 09:10.529","3","0","0","0","67301","1","0","0","N","1","0","0","2","67508","0","","1.0","9999.0","1","Y","N","Y","0","","1","0","0","","2","N","","2","1","0","0","0","0","0","2","0","1","","03","","N","","","","","","","","","",""
"2021026683","","1","0","0","0","0","0","0","0","0","1","0","","67","3","2021","1","40.008206","-75.191299","","6","0","0","0","0","0","2","0","0","","0","0","0","","","3","N","0","","40 00:29.543","2","0","75 11:28.677","8","0","0","0","67301","0","0","0","N","0","0","0","4","67301","0","","1.0","1710.0","1","N","N","N","0","","0","0","1","","0","Y","","2","3","0","0","0","3","0","2","0","2","","03","","N","","","","","","","","","",""
"2021025275","","2","0","0","0","0","0","0","0","0","2","0","","67","3","2021","6","39.995354","-75.117216","","6","0","0","0","0","0","0","0","0","","0","0","0","","","0","","1","","39 59:43.276","","0","75 07:01.978","0","0","0","0","67301","0","0","0","N","0","0","0","1","67301","0","","1.0","","1","N","N","N","0","","0","0","0","","0","","","2","0","0","0","0","0","0","2","0","2","","03","","N","","","","","","","","","",""
"2021028105","","0","0","2","0","0","0","0","0","0","2","0","","67","3","2021","2","39.992224","-75.085531","","6","0","0","0","0","0","1","0","0","","0","0","0","","","3","N","0","","39 59:32.007","2","0","75 05:07.910","2","0","0","0","67301","0","0","0","Y","0","0","0","4","68K01","0","","1.0","1302.0","1","N","N","N","1","","1","2","1","","0","N","","4","3","0","0","0","0","0","2","1","3","","03","","N","","","","","","","","","",""
"2021001291","","2","0","0","0","0","0","0","0","0","4","0","","67","1","2021","2","39.952622","-75.231628","","6","0","0","0","0","0","0","0","0","","0","0","0","","","3","N","0","","39 57:09.440","7","0","75 13:53.860","3","0","0","0","67301","0","0","0","N","0","0","0","4","67301","1","","1.0","100.0","1","N","N","N","0","","2","0","0","","0","Y","","2","3","0","0","0","0","0","2","0","2","","03","","N","","","","","","","","","",""
"2021027888","","1","0","0","0","0","0","0","0","0","5","0","","67","3","2021","4","39.919769","-75.18826","","6","0","0","0","0","0","1","0","0","","0","1","0","","","1","","1","","39 55:11.168","","0","75 11:17.735","4","0","0","0","67301","0","0","0","N","0","0","0","2","67301","1","","1.0","","9","N","N","N","0","","0","0","0","","2","","","2","1","0","0","0","0","0","2","0","2","","04","","N","","","","","","","","","",""
"2021027197","","1","0","0","0","0","0","0","0","0","1","0","","67","3","2021","1","39.995565","-75.197657","","6","0","0","0","0","0","1","0","0","","0","0","0","","","1","N","0","","39 59:44.035","3","0","75 11:51.566","8","0","0","0","67301","0","0","0","N","0","0","0","2","68K01","0","","1.0","1205.0","1","N","N","N","1","","0","0","0","","0","N","","2","1","0","0","0","1","0","2","0","2","","03","","N","","","","","","","","","",""