"CRN","ARRIVAL_TM","AUTOMOBILE_COUNT","BELTED_DEATH_COUNT","BELTED_SUSP_SERIOUS_INJ_COUNT","BICYCLE_COUNT","BICYCLE_DEATH_COUNT","BICYCLE_SUSP_SERIOUS_INJ_COUNT","BUS_COUNT","CHLDPAS_DEATH_COUNT","CHLDPAS_SUSP_SERIOUS_INJ_COUNT","COLLISION_TYPE","COMM_VEH_COUNT","CONS_ZONE_SPD_LIM","COUNTY","CRASH_MONTH","CRASH_YEAR","DAY_OF_WEEK","DEC_LATITUDE","DEC_LONGITUDE","DISPATCH_TM","DISTRICT","DRIVER_COUNT_16YR","DRIVER_COUNT_17YR","DRIVER_COUNT_18YR","DRIVER_COUNT_19YR","DRIVER_COUNT_20YR","DRIVER_COUNT_50_64YR","DRIVER_COUNT_65_74YR","DRIVER_COUNT_75PLUS","EST_HRS_CLOSED","FATAL_COUNT","HEAVY_TRUCK_COUNT","HORSE_BUGGY_COUNT","HOUR_OF_DAY","ILLUMINATION","INJURY_COUNT","INTERSECTION_RELATED","INTERSECT_TYPE","LANE_CLOSED","LATITUDE","LN_CLOSE_DIR","LOCATION_TYPE","LONGITUDE","MAX_SEVERITY_LEVEL","MCYCLE_DEATH_COUNT","MCYCLE_SUSP_SERIOUS_INJ_COUNT","MOTORCYCLE_COUNT","MUNICIPALITY","NONMOTR_COUNT","NONMOTR_DEATH_COUNT","NONMOTR_SUSP_SERIOUS_INJ_COUNT","NTFY_HIWY_MAINT","PED_COUNT","PED_DEATH_COUNT","PED_SUSP_SERIOUS_INJ_COUNT","PERSON_COUNT","POLICE_AGCY","POSSIBLE_INJ_COUNT","RDWY_SURF_TYPE_CD","RELATION_TO_ROAD","ROADWAY_CLEARED","ROAD_CONDITION","SCH_BUS_IND","SCH_ZONE_IND","SECONDARY_CRASH","SMALL_TRUCK_COUNT","SPEC_JURIS_CD","SUSP_MINOR_INJ_COUNT","SUSP_SERIOUS_INJ_COUNT","SUV_COUNT","TCD_FUNC_CD","TCD_TYPE","TFC_DETOUR_IND","TIME_OF_DAY","TOTAL_UNITS","TOT_INJ_COUNT","UNBELTED_OCC_COUNT","UNB_DEATH_COUNT","UNB_SUSP_SERIOUS_INJ_COUNT","UNK_INJ_DEG_COUNT","UNK_INJ_PER_COUNT","URBAN_RURAL","VAN_COUNT","VEHICLE_COUNT","WEATHER1","WEATHER2","WORKERS_PRES","WORK_ZONE_IND","WORK_ZONE_LOC","WORK_ZONE_TYPE","WZ_CLOSE_DETOUR","WZ_FLAGGER","WZ_LAW_OFFCR_IND","WZ_LN_CLOSURE","WZ_MOVING","WZ_OTHER","WZ_SHLDER_MDN","WZ_WORKERS_INJ_KILLED"
"2021027729","","1","0","0","0","0","0","0","0","0","6","0","","67","3","2021","4","39.995023","-75.227626","","6","0","0","0","0","0","0","1","0","","0","0","0","","","2","","1","","39 59:42.081","","0","75 13:39.452","3","0","0","0","67301","0","0","0","N","0","0","0","2","67301","0","","1.0","","1","N","N","N","0","","2","0","1","","3","","","2","2","0","0","0","0","0","2","0","2","","04","","N","","","","","","","","","",""
"2021000461","","2","0","0","0","0","0","0","0","0","5","0","","67","1","2021","6","39.958535","-75.238212","","6","0","0","0","0","0","0","0","0","","0","0","0","","","0","N","0","","39 57:30.727","","0","75 14:17.564","0","0","0","0","67301","0","0","0","N","0","0","0","1","67301","0","","1.0","","1","N","N","N","0","","0","0","2","","0","","","4","0","0","0","0","0","0","2","0","4","","03","","N","","","","","","","","","",""
"2021026926","","0","0","0","0","0","0","0","0","0","7","0","","67","3","2021","4","40.107261","-75.026701","","6","0","0","0","0","0","0","0","0","","0","0","0","","","0","N","0","","40 06:26.138","","0","75 01:36.122","0","0","0","0","67301","0","0","0","N","0","0","0","1","67301","0","","4.0","","1","N","N","N","1","","0","0","0","","0","","","1","0","0","0","0","0","0","2","0","1","","03","","N","","","","","","","","","",""
"2021027676","","0","0","0","0","0","0","0","0","0","8","0","","67","3","2021","5","40.022303","-75.162025","","6","0","0","0","0","0","0","0","0","","0","0","0","","","1","","1","","40 01:20.289","","0","75 09:43.290","3","0","0","0","67301","1","0","0","N","1","0","0","2","67301","0","","1.0","","9","N","N","N","0","","1","0","1","","2","","","2","1","0","0","0","0","0","2","0","1","","07","","N","","","","","","","","","",""
"2021003245","","0","0","0","0","0","0","0","0","0","4","0","","67","1","2021","7","39.976176","-75.160962","","6","0","0","0","0","0","0","0","0","","0","0","0","","","0","","1","","39 58:34.232","","0","75 09:39.464","0","0","0","0","67301","0","0","0","N","0","0","0","2","67301","0","","1.0","","1","N","N","N","1","","0","0","1","","3","","","2","0","0","0","0","0","0","2","0","2","","03","","N","","","","","","","","","",""
"2021024522","","2","0","0","0","0","0","0","0","0","6","0","","67","3","2021","6","40.051756","-75.178047","","6","0","0","1","0","0","0","0","0","","0","0","0","","","0","N","0","","40 03:06.320","","0","75 10:40.970","9","0","0","0","67301","0","0","0","N","0","0","0","1","67301","0","","6.0","","1","N","N","N","0","","0","0","1","","0","","","4","0","0","0","0","0","1","2","1","4","","03","","N","","","","","","","","","",""
"2021026877","","0","0","0","0","0","0","0","0","0","1","0","","67","3","2021","6","39.942362","-75.193613","","6","0","0","0","0","0","0","0","0","","0","0","0","","","0","N","0","","39 56:32.502","4","0","75 11:37.007","0","0","0","0","67301","0","0","0","N","0","0","0","2","68K01","0","","1.0","5.0","1","N","N","N","1","","0","0","1","","0","N","","2","0","0","0","0","0","0","2","0","2","","03","","N","","","","","","","","","",""
"2021001498","","1","0","0","0","0","0","0","0","0","99","0","","67","1","2021","6","39.996502","-75.196927","","6","0","0","0","0","0","0","0","0","","0","0","0","","","0","N","0","","39 59:47.407","","0","75 11:48.937","0","0","0","0","67301","0","0","0","N","0","0","0","1","68K01","0","","4.0","","1","N","N","N","0","","0","0","0","","0","","","2","0","0","0","0","0","0","2","0","1","","03","","N","","","","","","","","","",""
"2021026407","","1","0","0","0","0","0","0","0","0","4","0","","67","3","2021","7","39.925217","-75.229108","","6","0","0","0","0","0","0","0","0","","0","0","0","","","1","","1","","39 55:30.782","","0","75 13:44.788","4","0","0","0","67301","0","0","0","N","0","0","0","2","67301","1","","1.0","","1","N","N","N","1","","0","0","0","","2","","","2","1","0","0","0","0","0","2","0","2","","","","N","","","","","","","","","",""
"2021025527","","1","0","0","0","0","0","0","0","0","7","0","","67","3","2021","4","40.0141","-75.127925","","6","0","0","0","0","1","0","0","0","","0","0","0","","","0","N","0","","40 00:50.760","4","0","75 07:40.530","0","0","0","0","67301","0","0","0","N","0","0","0","3","67301","0","","4.0","220.0","1","N","N","N","0","","0","0","0","","0","N","","1","0","0","0","0","0","0","2","0","1","","03","","N","","","","","","","","","",""
"2021049188","","0","0","0","0","0","0","0","0","0","4","0","","67","5","2021","7","40.021571","-75.160696","","6","0","0","0","0","0","1","0","0","","0","0","0","","","1","N","0","","40 01:17.654","1","1","75 09:38.504","3","0","0","0","67301","0","0","0","N","0","0","0","2","67301","0","","1.0","2050.0","9","N","N","N","0","","1","0","2","","2","N","","2","1","0","0","0","0","1","2","0","2","","04","","N","","","","","","","","","",""
"2021026879","","1","0","0","0","0","0","0","0","0","5","0","","67","3","2021","6","40.037079","-75.013955","","6","0","0","0","0","0","0","0","0","","0","0","0","","","0","N","0","","40 02:13.483","","0","75 00:50.239","9","0","0","0","67301","0","0","0","N","0","0","0","3","68K01","0","","1.0","","1","N","N","N","0","","0","0","0","","0","","","2","0","0","0","0","0","1","2","0","2","","","","N","","","","","","","","","",""
"2021024978","","2","0","0","0","0","0","0","0","0","1","0","","67","3","2021","1","40.031204","-75.021419","","6","0","0","0","0","0","0","1","0","","0","0","0","","","1","N","0","","40 01:52.336","","3","75 01:17.107","3","0","0","0","67301","0","0","0","N","0","0","0","2","68K01","0","","1.0","","1","N","N","N","0","","1","0","0","","0","","","2","1","0","0","0","0","0","2","0","2","","","","N","","","","","","","","","",""
"2021026198","","1","0","0","0","0","0","0","0","0","4","0","","67","3","2021","1","39.902199","-75.247155","","6","0","0","0","0","0","0","1","0","","0","0","0","","","0","","1","","39 54:07.916","","0","75 14:49.757","9","0","0","0","67301","0","0","0","N","0","0","0","2","67301","0","","1.0","","1","N","N","N","0","","0","0","1","","0","","","2","0","0","0","0","0","1","2","0","2","","03","","N","","","","","","","","","",""
"2021024564","","2","0","0","0","0","0","0","0","0","1","0","","67","3","2021","7","39.991975","-75.134742","","6","0","0","0","1","0","0","0","0","","0","0","0","","","0","N","0","","39 59:31.110","","0","75 08:05.070","0","0","0","0","67301","0","0","0","N","0","0","0","1","67301","0","","1.0","","1","N","N","N","0","","0","0","0","","2","","","2","0","0","0","0","0","0","2","0","2","","03","","N","","","","","","","","","",""
"2021000929","","1","0","0","0","0","0","0","0","0","4","0","","67","1","2021","6","40.032613","-75.169697","","6","0","0","0","0","0","0","1","0","","0","0","0","","","1","N","0","","40 01:57.406","5","0","75 10:10.910","3","0","0","0","67301","0","0","0","N","0","0","0","1","67301","0","","1.0","545.0","1","N","N","N","0","","1","0","1","","0","Y","","2","1","0","0","0","0","0","2","0","2","","","","N","","","","","","","","","",""
"2021006205","","3","0","0","0","0","0","0","0","0","1","0","","67","1","2021","3","39.952805","-75.192095","","6","0","0","0","0","0","0","0","0","","0","0","0","","","2","","2","","39 57:10.097","","0","75 11:31.542","8","0","0","0","67301","0","0","0","N","0","0","0","4","67504","0","","1.0","","1","N","N","N","0","","0","0","0","","2","","","3","2","0","0","0","2","0","2","0","3","","","","N","","","","","","","","","",""
"2021026750","","2","0","0","0","0","0","0","0","0","5","0","","67","3","2021","2","40.009348","-75.15195","","6","0","0","0","0","0","0","0","0","","0","0","0","","","0","N","0","","40 00:33.652","","0","75 09:07.020","9","0","0","0","67301","0","0","0","N","0","0","0","2","67301","0","","1.0","","1","N","N","N","0","","0","0","0","","0","","","2","0","1","0","0","0","1","2","0","2","","03","","N","","","","","","","","","",""
"2021005179","","0","0","0","0","0","0","0","0","0","1","0","","67","1","2021","7","40.002986","-75.152494","","6","0","0","0","0","0","0","0","0","","0","0","0","","","1","Y","0","","40 00:10.750","","0","75 09:08.977","8","0","0","0","67301","0","0","0","N","0","0","0","2","67505","0","","1.0","","1","N","N","N","0","","0","0","2","","2","","","2","1","0","0","0","1","0","2","0","2","","03","","N","","","","","","","","","",""
"2021002261","","0","0","0","0","0","0","0","0","0","4","0","","67","1","2021","1","40.057347","-75.062808","","6","0","0","0","0","0","0","0","0","","0","0","0","","","0","N","0","","40 03:26.450","","0","75 03:46.110","9","0","0","0","67301","0","0","0","N","0","0","0","1","67301","0","","1.0","","9","N","N","N","0","","0","0","2","","0","","","2","0","0","0","0","0","1","2","0","2","","","","N","","","","","","","","","",""
"2021024575","","1","0","0","0","0","0","0","0","0","8","0","","67","3","2021","6","40.044139","-75.141583","","6","0","0","0","0","0","0","0","0","","0","0","0","","","1","N","0","","40 02:38.900","","0","75 08:29.700","3","0","0","0","67301","1","0","0","N","1","0","0","2","67301","0","","6.0","","1","N","N","N","0","","1","0","0","","0","","","2","1","0","0","0","0","0","2","0","1","","03","","N","","","","","","","","","",""
"2021026408","","0","0","0","0","0","0","0","0","0","1","0","","67","3","2021","7","39.988196","-75.254091","","6","0","0","0","0","0","0","0","0","","0","0","0","","","0","N","0","","39 59:17.504","","0","75 15:14.728","0","0","0","0","67301","0","0","0","N","0","0","0","2","67301","0","","1.0","","1","N","N","N","0","","0","0","2","","2","","","2","0","0","0","0","0","0","2","0","2","","","","N","","","","","","","","","",""
"2021001067","","1","0","0","0","0","0","1","0","0","6","1","","67","1","2021","6","39.976323","-75.113669","","6","0","0","0","0","0","0","0","0","","0","0","0","","","0","N","0","","39 58:34.763","","0","75 06:49.207","0","0","0","0","67301","0","0","0","N","0","0","0","5","67301","0","","1.0","","9","N","N","N","1","","0","0","0","","0","","","3","0","3","0","0","0","0","2","0","3","","07","","N","","","","","","","","","",""
"2021002530","","1","0","0","0","0","0","0","0","0","5","1","","67","1","2021","7","39.959995","-75.179709","","6","0","0","0","0","0","1","0","0","","0","1","0","","","0","N","0","","39 57:35.981","3","0","75 10:46.952","0","0","0","0","67301","0","0","0","N","0","0","0","2","68K01","0","","1.0","1000.0","9","N","N","N","0","","0","0","0","","0","N","","2","0","0","0","0","0","0","2","0","2","","03","","N","","","","","","","","","",""
"2021026207","","1","0","0","0","0","0","0","0","0","8","0","","67","3","2021","6","40.008979","-75.196405","","6","0","0","0","0","0","0","0","0","","0","0","0","","","1","N","0","","40 00:32.326","","0","75 11:47.057","3","0","0","0","67301","1","0","0","N","1","0","0","2","67301","0","","1.0","","1","N","N","N","0","","1","0","0","","0","","","2","1","0","0","0","0","0","2","0","1","","03","","N","","","","","","","","","",""
"2021027017","","2","0","0","0","0","0","0","0","0","5","0","","67","3","2021","7","39.962675","-75.243267","","6","0","0","0","0","0","0","0","0","","0","0","0","","","0","N","0","","39 57:45.630","","0","75 14:35.760","0","0","0","0","67301","0","0","0","N","0","0","0","1","67301","0","","6.0","","1","N","N","N","0","","0","0","1","","0","","","3","0","0","0","0","0","0","2","0","3","","03","","N","","","","","","","","","",""
"2021027330","","2","0","0","0","0","0","0","0","0","4","0","","67","3","2021","7","39.924416","-75.169979","","6","0","0","0","0","0","0","0","0","","0","0","0","","","1","N","0","","39 55:27.899","6","0","75 10:11.924","8","0","0","0","67301","0","0","0","N","0","0","0","4","67301","0","","1.0","1920.0","1","N","N","N","0","","0","0","1","","0","Y","","4","1","0","0","0","1","0","2","0","4","","03","","N","","","","","","","","","",""
"2021025942","","2","0","0","0","0","0","0","0","0","5","0","","67","3","2021","7","39.944617","-75.164869","","6","0","0","0","0","0","0","0","0","","0","0","0","","","0","N","0","","39 56:40.620","","0","75 09:53.530","0","0","0","0","67301","0","0","0","N","0","0","0","1","67301","0","","6.0","","1","N","N","N","0","","0","0","1","","0","","","3","0","0","0","0","0","0","2","0","3","","03","","N","","","","","","","","","",""
"2021024519","","2","0","0","0","0","0","0","0","0","4","0","","67","3","2021","7","39.918286","-75.209044","","6","0","0","0","0","0","0","0","0","","0","0","0","","","1","","2","","39 55:05.829","6","0","75 12:32.558","3","0","0","0","67301","0","0","0","N","0","0","0","3","67301","0","","1.0","2245.0","1","N","N","Y","0","","1","0","0","","2","N","","3","1","0","0","0","0","0","2","0","3","","03","","N","","","","","","","","","",""
"2021026154","","3","0","0","0","0","0","0","0","0","5","0","","67","3","2021","6","39.974121","-75.204665","","6","0","0","0","0","0","0","0","0","","0","0","0","","","0","N","0","","39 58:26.835","4","0","75 12:16.793","0","0","0","0","67301","0","0","0","N","0","0","0","1","67301","0","","6.0","200.0","9","N","N","N","0","","0","0","0","","0","N","","3","0","0","0","0","0","0","2","0","3","","","","N","","","","","","","","","",""
"2021024775","","1","0","0","0","0","0","0","0","0","7","0","","67","3","2021","1","39.966211","-75.186809","","6","0","0","0","0","0","0","0","0","","0","0","0","","","1","N","0","","39 57:58.358","4","0","75 11:12.512","4","0","0","0","67301","0","0","0","N","0","0","0","2","68K01","1","","2.0","750.0","1","N","N","N","0","","0","0","0","","0","N","","1","1","2","0","0","0","0","2","0","1","","03","","N","","","","","","","","","",""
"2021025690","","1","0","0","0","0","0","0","0","0","4","0","","67","3","2021","5","40.045087","-75.158216","","6","0","0","1","0","0","1","0","0","","0","0","0","","","1","","1","","40 02:42.313","","0","75 09:29.577","3","0","0","0","67301","0","0","0","N","0","0","0","2","67301","0","","1.0","","1","N","N","N","0","","1","0","1","","2","","","2","1","0","0","0","0","0","2","0","2","","03","","N","","","","","","","","","",""
"2021025466","","1","0","0","0","0","0","0","0","0","1","0","","67","3","2021","2","39.95983","-75.177463","","6","0","0","0","0","0","0","0","0","","0","0","0","","","0","N","0","","39 57:35.388","","0","75 10:38.865","0","0","0","0","67301","0","0","0","N","0","0","0","2","68K01","0","","1.0","","1","N","N","N","0","","0","0","1","","0","","","2","0","0","0","0","0","0","2","0","2","","","","N","","","","","","","","","",""
"2021049633","","1","0","0","0","0","0","0","0","0","7","0","","67","5","2021","1","40.030927","-75.021785","","6","0","0","0","0","0","0","0","0","","0","0","0","","","1","N","0","","40 01:51.336","","0","75 01:18.427","8","0","0","0","67301","0","0","0","N","0","0","0","2","68K01","0","","4.0","","9","N","N","N","0","","0","0","0","","8","","","1","1","0","0","0","1","0","2","0","1","","","","N","","","","","","","","","",""
"2021049275","","1","0","0","0","0","0","0","0","0","4","0","","67","5","2021","7","40.097419","-74.970383","","6","0","0","0","0","0","0","0","0","","0","0","0","","","1","N","0","","40 05:50.710","","0","74 58:13.380","3","0","0","0","67301","0","0","0","N","0","0","0","1","67301","0","","1.0","","9","N","N","N","0","","1","0","1","","0","","","2","1","0","0","0","0","0","2","0","2","","07","","N","","","","","","","","","",""
"2021024507","","1","0","0","0","0","0","0","0","0","5","0","","67","3","2021","1","40.057618","-75.059962","","6","0","0","0","0","0","0","0","0","","0","0","0","","","0","N","0","","40 03:27.426","","0","75 03:35.862","0","0","0","0","67301","0","0","0","N","0","0","0","2","67301","0","","1.0","","1","N","N","N","0","","0","0","1","","0","","","2","0","1","0","0","0","0","2","0","2","","03","","N","","","","","","","","","",""
"2021027646","","1","0","0","0","0","0","0","0","0","1","0","","67","3","2021","6","40.046207","-75.217683","","6","0","0","0","0","0","2","0","0","","0","0","0","","","2","","3","","40 02:46.345","","0","75 13:03.659","3","0","0","0","67301","0","0","0","N","0","0","0","3","67301","0","","1.0","","1","N","N","N","0","","1","0","1","","2","","","2","2","0","0","0","1","0","2","0","2","","03","","N","","","","","","","","","",""
"2021027014","","1","0","0","0","0","0","0","0","0","8","0","","67","3","2021","6","39.973237","-75.212226","","6","0","0","0","0","0","1","0","0","","0","0","0","","","1","","1","","39 58:23.653","","0","75 12:44.012","3","0","0","0","67301","1","0","0","N","1","0","0","2","67301","0","","1.0","","1","N","N","N","0","","1","0","0","","2","","","2","1","0","0","0","0","0","2","0","1","","03","","N","","","","","","","","","",""
"2021049146","","1","0","0","0","0","0","0","0","0","7","0","","67","5","2021","7","39.941293","-75.143072","","6","0","0","0","0","0","0","0","0","","0","0","0","","","0","N","0","","39 56:28.654","1","0","75 08:35.060","0","0","0","0","67301","0","0","0","N","0","0","0","2","68K01","0","","4.0","1245.0","9","N","N","N","0","","0","0","1","","0","N","","2","0","0","0","0","0","0","2","0","2","","","","N","","","","","","","","","",""
"2021027208","","1","0","0","0","0","0","0","0","0","7","0","45","67","3","2021","6","40.011776","-75.060229","","6","0","0","0","0","0","0","0","0","","0","0","0","","","0","N","0","","40 00:42.395","1","3","75 03:36.826","0","0","0","0","67301","0","0","0","N","0","0","0","1","68K01","0","","3.0","34.0","9","N","N","N","0","","0","0","0","","0","N","","1","0","0","0","0","0","0","2","0","1","","","N","Y","4","1","","","N","","","","Y","N"
"2021049635","","1","0","0","0","0","0","0","0","0","7","0","","67","5","2021","1","40.043465","-75.003093","","6","0","0","0","0","1","0","0","0","","0","0","0","","","0","N","0","","40 02:36.474","2","0","75 00:11.133","0","0","0","0","67301","0","0","0","Y","0","0","0","1","68K01","0","","4.0","800.0","9","N","N","Y","0","","0","0","0","","0","N","","1","0","0","0","0","0","0","2","0","1","","07","","N","","","","","","","","","",""
"2021025457","","1","0","0","0","0","0","0","0","0","1","0","","67","3","2021","6","39.944933","-75.190958","","6","0","1","0","0","0","0","0","0","","0","0","0","","","0","","6","","39 56:41.760","4","2","75 11:27.450","0","0","0","0","67301","0","0","0","N","0","0","0","2","68K01","0","","7.0","2105.0","1","N","N","N","0","","0","0","1","","4","Y","","2","0","0","0","0","0","0","2","0","2","","","","N","","","","","","","","","",""
"2021025495","","1","0","1","0","0","0","0","0","0","1","0","","67","3","2021","3","39.985056","-75.103556","","6","0","0","0","0","0","1","0","0","","0","0","0","","","1","N","0","","39 59:06.200","","0","75 06:12.800","2","0","0","0","67301","0","0","0","N","0","0","0","2","67301","0","","1.0","","1","N","N","N","0","","0","1","0","","0","","","2","1","0","0","0","0","0","2","1","2","","","","N","","","","","","","","","",""
"2021026199","","2","0","0","0","0","0","0","0","0","5","0","","67","3","2021","4","39.905864","-75.246425","","6","0","0","0","0","0","0","0","0","","0","0","0","","","0","N","0","","39 54:21.110","","0","75 14:47.130","9","0","0","0","67301","0","0","0","N","0","0","0","1","67301","0","","6.0","","1","N","N","N","0","","0","0","0","","0","","","2","0","0","0","0","0","1","2","0","2","","03","","N","","","","","","","","","",""
"2021025266","","1","0","0","0","0","0","0","0","0","4","0","","67","3","2021","3","39.923663","-75.183877","","6","0","0","0","0","0","0","0","0","","0","0","0","","","1","","1","","39 55:25.186","","0","75 11:01.957","3","0","0","0","67301","0","0","0","N","0","0","0","4","67301","0","","1.0","","1","N","N","N","0","","1","0","1","","3","","","2","1","2","0","0","0","0","2","0","2","","03","","N","","","","","","","","","",""
"2021025213","","1","0","0","0","0","0","0","0","0","4","0","","67","3","2021","7","40.021538","-75.139814","","6","0","0","0","0","0","1","0","0","","0","0","0","","","2","","1","","40 01:17.537","","0","75 08:23.331","8","0","0","0","67301","0","0","0","N","0","0","0","2","67301","0","","1.0","","1","N","N","N","0","","0","0","1","","2","","","2","2","0","0","0","2","0","2","0","2","","03","","N","","","","","","","","","",""
"2021026743","","2","0","0","0","0","0","0","0","0","1","0","","67","3","2021","6","39.976454","-75.189359","","6","0","0","0","0","0","1","0","0","","0","0","0","","","1","","3","","39 58:35.233","","0","75 11:21.692","8","0","0","0","67301","0","0","0","N","0","0","0","2","67301","0","","1.0","","1","N","N","N","0","","0","0","0","","3","","","2","1","0","0","0","1","0","2","0","2","","03","","N","","","","","","","","","",""
"2021031578","","1","0","0","0","0","0","0","0","0","8","0","","67","4","2021","2","39.980135","-75.133196","","6","0","0","0","0","0","0","0","0","","0","0","0","","","1","","1","","39 58:48.487","","1","75 07:59.506","8","0","0","0","67301","1","0","0","N","1","0","0","2","67301","0","","1.0","","1","N","N","N","0","","0","0","0","","2","","","2","1","0","0","0","1","0","2","0","1","","","","N","","","","","","","","","",""
"2021024536","","0","0","0","0","0","0","0","0","0","8","0","","67","3","2021","7","39.95321","-75.242588","","6","0","0","0","0","0","0","0","0","","0","0","0","","","1","","2","","39 57:11.556","","0","75 14:33.316","3","0","0","0","67301","1","0","0","N","1","0","0","2","67301","0","","1.0","","1","N","N","N","0","","1","0","1","","3","","","2","1","1","0","0","0","0","2","0","1","","03","","N","","","","","","","","","",""
"2021054577","","2","0","0","0","0","0","0","0","0","2","0","","67","3","2021","4","40.042323","-75.025601","","6","0","1","0","0","0","0","0","0","","0","0","0","","","0","","1","","40 02:32.362","","0","75 01:32.162","0","0","0","0","67301","0","0","0","N","0","0","0","2","67301","0","","1.0","","9","N","N","N","0","","0","0","0","","2","","","2","0","1","0","0","0","0","2","0","2","","07","","N","","","","","","","","","",""
"2021027647","","1","0","0","1","0","0","0","0","0","8","0","","67","3","2021","7","40.018528","-75.213944","","6","0","0","0","0","0","0","0","0","","0","0","0","","","1","N","0","","40 01:06.700","","7","75 12:50.200","3","0","0","0","67301","1","0","0","N","0","0","0","2","67301","0","","1.0","","1","N","N","N","0","","1","0","0","","0","","","2","1","0","0","0","0","1","2","0","1","","03","","N","","","","","","","","","",""
"2021049386","","1","0","0","0","0","0","0","0","0","7","0","","67","5","2021","7","39.893317","-75.221692","","6","0","0","0","0","0","1","0","0","","0","0","0","","","2","N","0","","39 53:35.942","2","3","75 13:18.090","8","0","0","0","67301","0","0","0","N","0","0","0","2","68K01","0","","3.0","1005.0","9","N","N","N","0","","0","0","0","","0","N","","1","2","0","0","0","2","0","2","0","1","","07","","N","","","","","","","","","",""
"2021024562","","1","0","0","0","0","0","0","0","0","1","0","","67","3","2021","6","40.00682","-75.131294","","6","0","0","0","0","0","1","0","0","","0","0","0","","","1","Y","0","","40 00:24.553","","0","75 07:52.659","3","0","0","0","67301","0","0","0","N","0","0","0","3","67301","0","","1.0","","1","N","N","N","0","","1","0","1","","2","","","2","1","1","0","0","0","0","2","0","2","","98","","N","","","","","","","","","",""
"2021024789","","1","0","0","0","0","0","0","0","0","1","0","","67","3","2021","1","39.995544","-75.197451","","6","0","0","0","0","0","0","0","0","","0","0","0","","","0","N","0","","39 59:43.960","","0","75 11:50.823","0","0","0","0","67301","0","0","0","N","0","0","0","2","68K01","0","","1.0","","1","N","N","N","0","","0","0","1","","0","","","2","0","0","0","0","0","0","2","0","2","","","","N","","","","","","","","","",""
"2021050829","","2","0","0","0","0","0","0","0","0","2","0","","67","6","2021","5","40.042023","-75.159223","","6","0","0","0","0","0","0","0","0","","0","0","0","","","1","N","0","","40 02:31.283","","0","75 09:33.202","4","0","0","0","67301","0","0","0","N","0","0","0","2","67301","1","","1.0","","1","N","N","N","0","","0","0","0","","2","","","2","1","0","0","0","0","0","2","0","2","","03","","N","","","","","","","","","",""
"2021026599","","2","0","0","0","0","0","0","0","0","4","0","","67","3","2021","7","40.04738","-75.155656","","6","0","0","0","0","0","0","0","0","","0","0","0","","","0","","1","","40 02:50.568","2","0","75 09:20.361","9","0","0","0","67301","0","0","0","N","0","0","0","1","67301","0","","1.0","1912.0","1","N","N","N","0","","0","0","2","","3","N","","4","0","0","0","0","0","1","2","0","4","","03","","N","","","","","","","","","",""
"2021027018","","2","0","0","0","0","0","0","0","0","4","0","","67","3","2021","7","39.979994","-75.232922","","6","0","0","0","0","0","1","0","0","","0","0","0","","","1","N","0","","39 58:47.979","6","0","75 13:58.520","8","0","0","0","67301","0","0","0","N","0","0","0","2","67301","0","","1.0","100.0","1","N","N","N","0","","0","0","0","","0","Y","","2","1","0","0","0","1","0","2","0","2","","03","","N","","","","","","","","","",""
"2021027927","","1","0","0","0","0","0","0","0","0","8","0","","67","3","2021","7","39.983972","-75.105861","","6","0","0","0","0","0","0","0","0","","0","0","0","","","1","N","0","","39 59:02.300","","0","75 06:21.100","8","0","0","0","67301","1","0","0","N","1","0","0","2","67301","0","","1.0","","1","N","N","N","0","","0","0","0","","0","","","2","1","0","0","0","1","0","2","0","1","","03","","N","","","","","","","","","",""
"2021027240","","0","0","0","0","0","0","0","0","0","8","0","","67","3","2021","7","39.957208","-75.142176","","6","0","0","0","0","0","0","0","0","","0","0","0","","","1","","5","","39 57:25.948","","2","75 08:31.833","4","0","0","0","67301","1","0","0","N","1","0","0","2","67301","1","","1.0","","1","N","N","N","0","","0","0","1","","2","","","2","1","0","0","0","0","0","2","0","1","","03","","N","","","","","","","","","",""
"2021024822","","1","0","0","0","0","0","0","0","0","5","0","","67","3","2021","7","39.942167","-75.235806","","6","0","0","0","0","0","0","0","0","","0","0","0","","","0","N","0","","39 56:31.800","5","0","75 14:08.900","0","0","0","0","67301","0","0","0","N","0","0","0","1","67301","0","","6.0","115.0","1","N","N","N","0","","0","0","1","","0","Y","","2","0","0","0","0","0","0","2","0","2","","03","","N","","","","","","","","","",""
"2021024576","","1","0","0","0","0","0","0","0","0","1","0","","67","3","2021","1","40.028311","-75.119758","","6","0","0","0","0","0","0","0","0","","0","0","0","","","0","N","0","","40 01:41.920","","0","75 07:11.130","0","0","0","0","67301","0","0","0","N","0","0","0","2","67301","0","","1.0","","1","N","N","N","0","","0","0","0","","0","","","2","0","0","0","0","0","0","2","1","2","","03","","N","","","","","","","","","",""
"2021026201","","1","0","0","0","0","0","0","0","0","4","0","","67","3","2021","5","39.911336","-75.242664","","6","0","0","1","0","0","0","0","0","","0","0","0","","","2","","5","","39 54:40.810","","0","75 14:33.592","3","0","0","0","67301","0","0","0","N","0","0","0","3","67301","0","","1.0","","9","N","N","N","0","","2","0","0","","2","","","2","2","0","0","0","0","0","2","1","2","","07","","N","","","","","","","","","",""
"2021049987","","0","0","0","0","0","0","0","0","0","0","0","","67","5","2021","7","40.048069","-74.999537","","6","0","0","0","0","0","0","0","0","","0","0","0","","","1","N","0","","40 02:53.048","2","0","74 59:58.332","3","0","0","0","67301","0","0","0","N","0","0","0","1","68K01","0","","1.0","345.0","1","N","N","N","0","","1","0","1","","0","N","","1","1","0","0","0","0","0","2","0","1","","","","N","","","","","","","","","",""