"CRN","ARRIVAL_TM","AUTOMOBILE_COUNT","BELTED_DEATH_COUNT","BELTED_SUSP_SERIOUS_INJ_COUNT","BICYCLE_COUNT","BICYCLE_DEATH_COUNT","BICYCLE_SUSP_SERIOUS_INJ_COUNT","BUS_COUNT","CHLDPAS_DEATH_COUNT","CHLDPAS_SUSP_SERIOUS_INJ_COUNT","COLLISION_TYPE","COMM_VEH_COUNT","CONS_ZONE_SPD_LIM","COUNTY","CRASH_MONTH","CRASH_YEAR","DAY_OF_WEEK","DEC_LATITUDE","DEC_LONGITUDE","DISPATCH_TM","DISTRICT","DRIVER_COUNT_16YR","DRIVER_COUNT_17YR","DRIVER_COUNT_18YR","DRIVER_COUNT_19YR","DRIVER_COUNT_20YR","DRIVER_COUNT_50_64YR","DRIVER_COUNT_65_74YR","DRIVER_COUNT_75PLUS","EST_HRS_CLOSED","FATAL_COUNT","HEAVY_TRUCK_COUNT","HORSE_BUGGY_COUNT","HOUR_OF_DAY","ILLUMINATION","INJURY_COUNT","INTERSECTION_RELATED","INTERSECT_TYPE","LANE_CLOSED","LATITUDE","LN_CLOSE_DIR","LOCATION_TYPE","LONGITUDE","MAX_SEVERITY_LEVEL","MCYCLE_DEATH_COUNT","MCYCLE_SUSP_SERIOUS_INJ_COUNT","MOTORCYCLE_COUNT","MUNICIPALITY","NONMOTR_COUNT","NONMOTR_DEATH_COUNT","NONMOTR_SUSP_SERIOUS_INJ_COUNT","NTFY_HIWY_MAINT","PED_COUNT","PED_DEATH_COUNT","PED_SUSP_SERIOUS_INJ_COUNT","PERSON_COUNT","POLICE_AGCY","POSSIBLE_INJ_COUNT","RDWY_SURF_TYPE_CD","RELATION_TO_ROAD","ROADWAY_CLEARED","ROAD_CONDITION","SCH_BUS_IND","SCH_ZONE_IND","SECONDARY_CRASH","SMALL_TRUCK_COUNT","SPEC_JURIS_CD","SUSP_MINOR_INJ_COUNT","SUSP_SERIOUS_INJ_COUNT","SUV_COUNT","TCD_FUNC_CD","TCD_TYPE","TFC_DETOUR_IND","TIME_OF_DAY","TOTAL_UNITS","TOT_INJ_COUNT","UNBELTED_OCC_COUNT","UNB_DEATH_COUNT","UNB_SUSP_SERIOUS_INJ_COUNT","UNK_INJ_DEG_COUNT","UNK_INJ_PER_COUNT","URBAN_RURAL","VAN_COUNT","VEHICLE_COUNT","WEATHER1","WEATHER2","WORKERS_PRES","WORK_ZONE_IND","WORK_ZONE_LOC","WORK_ZONE_TYPE","WZ_CLOSE_DETOUR","WZ_FLAGGER","WZ_LAW_OFFCR_IND","WZ_LN_CLOSURE","WZ_MOVING","WZ_OTHER","WZ_SHLDER_MDN","WZ_WORKERS_INJ_KILLED"
"2021027143","","0","0","0","0","0","0","0","0","0","8","0","","67","3","2021","5","40.003185","-75.152576","","6","0","0","0","0","0","0","0","0","","0","0","0","","","3","","5","","40 00:11.467","","0","75 09:09.273","3","0","0","0","67301","3","0","0","N","3","0","0","4","67301","0","","1.0","","1","N","N","N","0","","3","0","1","","2","","","4","3","1","0","0","0","0","2","0","1","","04","","N","","","","","","","","","",""
"2021026028","","1","0","0","0","0","0","0","0","0","8","0","","67","3","2021","4","40.038124","-75.01968","","6","0","0","0","1","0","0","0","0","","0","0","0","","","1","","2","","40 02:17.245","","0","75 01:10.848","3","0","0","0","67301","1","0","0","N","1","0","0","2","67301","0","","1.0","","1","N","N","N","0","","1","0","0","","0","","","2","1","0","0","0","0","0","2","0","1","","03","","N","","","","","","","","","",""
"2021049393","","1","0","0","0","0","0","0","0","0","7","0","","67","5","2021","1","39.957837","-75.180195","","6","0","0","0","0","0","0","0","0","","0","0","0","","","1","N","0","","39 57:28.214","4","0","75 10:48.701","8","0","0","0","67301","0","0","0","N","0","0","0","1","68K01","0","","3.0","726.0","9","N","N","N","0","","0","0","0","","0","N","","1","1","0","0","0","1","0","2","0","1","","04","","N","","","","","","","","","",""
"2021024505","","2","0","0","0","0","0","0","0","0","4","0","","67","3","2021","6","39.928932","-75.182103","","6","0","0","0","0","0","0","0","0","","0","0","0","","","1","","1","","39 55:44.155","","0","75 10:55.570","4","0","0","0","67301","0","0","0","N","0","0","0","3","67301","1","","1.0","","1","N","N","N","0","","0","0","0","","3","","","2","1","2","0","0","0","0","2","0","2","","03","","N","","","","","","","","","",""
"2021024911","","2","0","0","0","0","0","0","0","0","4","0","","67","3","2021","2","40.039548","-75.045812","","6","0","0","0","0","0","0","0","0","","0","0","0","","","1","","1","","40 02:22.372","","0","75 02:44.922","4","0","0","0","67301","0","0","0","N","0","0","0","2","67301","1","","1.0","","1","N","N","N","0","","0","0","0","","2","","","2","1","0","0","0","0","0","2","0","2","","03","","N","","","","","","","","","",""
"2021050136","","1","0","0","0","0","0","0","0","0","5","0","","67","6","2021","3","40.052028","-75.122358","","6","0","0","0","0","0","0","1","0","","0","0","0","","","1","N","0","","40 03:07.300","","0","75 07:20.490","3","0","0","0","67301","0","0","0","N","0","0","0","2","67301","0","","1.0","","1","N","N","N","0","","1","0","1","","0","","","2","1","0","0","0","0","0","2","0","2","","","","N","","","","","","","","","",""
"2021050461","","1","0","0","0","0","0","0","0","0","7","0","","67","5","2021","1","39.886368","-75.206927","","6","0","0","0","0","0","0","0","0","","0","0","0","","","0","N","0","","39 53:10.926","","3","75 12:24.937","9","0","0","0","67301","0","0","0","N","0","0","0","1","68K01","0","","4.0","","1","N","N","N","0","","0","0","0","","0","","","1","0","0","0","0","0","1","2","0","1","","03","","N","","","","","","","","","",""
"2021050216","","0","0","1","0","0","0","0","0","0","0","1","","67","5","2021","5","39.957627","-75.147745","","6","0","0","0","0","0","0","0","0","","0","1","0","","","1","N","0","","39 57:27.458","4","3","75 08:51.882","2","0","0","0","67301","0","0","0","N","0","0","0","1","67501","0","","1.0","1223.0","1","N","N","N","0","","0","1","0","","8","N","","1","1","0","0","0","0","0","2","0","1","","03","","N","","","","","","","","","",""
"2021026263","","1","0","0","0","0","0","0","0","0","5","0","","67","3","2021","2","40.040499","-75.058879","","6","0","0","0","0","0","0","0","2","","0","0","0","","","1","","1","","40 02:25.798","","0","75 03:31.964","3","0","0","0","67301","0","0","0","N","0","0","0","2","67301","0","","1.0","","1","N","N","N","1","","1","0","0","","2","","","2","1","0","0","0","0","0","2","0","2","","03","","N","","","","","","","","","",""
"2021049629","","1","0","0","0","0","0","0","0","0","1","0","","67","5","2021","7","39.974196","-75.194056","","6","0","0","0","0","0","1","0","0","","0","0","0","","","1","N","0","","39 58:27.107","","0","75 11:38.602","8","0","0","0","67301","0","0","0","N","0","0","0","2","68K01","0","","1.0","","1","N","N","N","0","","0","0","1","","0","","","2","1","0","0","0","1","0","2","0","2","","03","","N","","","","","","","","","",""
"2021027196","","1","0","0","0","0","0","0","0","0","5","0","","67","3","2021","1","39.962126","-75.139486","","6","0","0","0","0","0","0","1","0","","0","0","0","","","2","N","0","","39 57:43.653","","0","75 08:22.151","4","0","0","0","67301","0","0","0","N","0","0","0","3","68K01","2","","1.0","","1","N","N","N","1","","0","0","0","","8","","","2","2","0","0","0","0","0","2","0","2","","","","N","","","","","","","","","",""
"2021025856","","1","0","0","0","0","0","0","0","0","5","0","","67","3","2021","5","40.067228","-75.155017","","6","0","0","0","0","0","0","0","0","","0","0","0","","","1","N","0","","40 04:02.020","","0","75 09:18.060","3","0","0","0","67301","0","0","0","N","0","0","0","1","67301","0","","6.0","","9","N","N","N","0","","1","0","1","","0","","","2","1","1","0","0","0","0","2","0","2","","","","N","","","","","","","","","",""
"2021050135","","2","0","0","0","0","0","0","0","0","4","0","","67","4","2021","4","39.992155","-75.245666","","6","0","0","0","0","0","0","0","0","","0","0","0","","","1","N","0","","39 59:31.757","","0","75 14:44.399","4","0","0","0","67301","0","0","0","N","0","0","0","1","67301","1","","1.0","","1","N","N","N","0","","0","0","0","","2","","","2","1","0","0","0","0","0","2","0","2","","03","","N","","","","","","","","","",""
"2021049279","","0","0","0","0","0","0","0","0","0","8","0","","67","5","2021","7","39.986306","-75.156277","","6","0","0","0","0","0","0","0","0","","0","0","0","","","1","","1","","39 59:10.703","","0","75 09:22.597","3","0","0","0","67301","1","0","0","N","1","0","0","1","67301","0","","1.0","","9","N","N","N","0","","1","0","0","","2","","","2","1","0","0","0","0","0","2","0","1","","07","","N","","","","","","","","","",""
"2021051176","","1","0","0","0","0","0","0","0","0","2","0","","67","6","2021","5","39.954591","-75.226001","","6","0","0","0","0","0","0","0","0","","0","1","0","","","0","N","1","","39 57:16.529","","0","75 13:33.605","0","0","0","0","67301","0","0","0","N","0","0","0","1","67301","0","","1.0","","1","N","N","N","0","","0","0","0","","0","","","2","0","1","0","0","0","0","2","0","2","","03","","N","","","","","","","","","",""
"2021025689","","1","0","0","0","0","0","0","0","0","5","0","","67","3","2021","4","39.965522","-75.160812","","6","0","0","0","0","0","0","0","0","","0","0","0","","","0","N","0","","39 57:55.880","","0","75 09:38.923","0","0","0","0","67301","0","0","0","N","0","0","0","3","67301","0","","6.0","","1","N","N","Y","0","","0","0","1","","0","","","2","0","0","0","0","0","0","2","0","2","","04","","N","","","","","","","","","",""
"2021025367","","1","0","0","0","0","0","0","0","0","5","0","","67","3","2021","4","40.01701","-75.171642","","6","0","0","0","0","0","1","0","0","","0","0","0","","","0","N","0","","40 01:01.236","","0","75 10:17.910","0","0","0","0","67301","0","0","0","N","0","0","0","2","67301","0","","1.0","","9","N","N","N","0","","0","0","1","","0","","","2","0","0","0","0","0","0","2","0","2","","","","N","","","","","","","","","",""
"2021025589","","1","0","0","0","0","0","0","0","0","4","0","","67","3","2021","4","40.031845","-75.07402","","6","0","1","0","0","0","0","0","0","","0","0","0","","","1","","2","","40 01:54.642","","0","75 04:26.471","8","0","0","0","67301","0","0","0","N","0","0","0","2","67301","0","","1.0","","1","N","N","N","0","","0","0","0","","3","","","2","1","0","0","0","1","0","2","0","2","","03","","N","","","","","","","","","",""
"2021025274","","3","0","0","0","0","0","0","0","0","1","0","","67","3","2021","3","39.977255","-75.158096","","6","0","0","0","0","0","0","0","0","","0","0","0","","","1","","1","","39 58:38.118","1","0","75 09:29.146","4","0","0","0","67301","0","0","0","N","0","0","0","2","67301","1","","1.0","1901.0","9","N","N","N","0","","0","0","0","","2","Y","","3","1","0","0","0","0","0","2","0","3","","04","","N","","","","","","","","","",""
"2021053628","","0","0","0","0","0","0","0","0","0","8","0","","67","6","2021","1","39.989806","-75.125611","","6","0","0","0","0","0","0","0","0","","1","0","0","","","0","N","0","","39 59:23.300","","0","75 07:32.200","1","0","0","0","67301","1","1","0","N","1","1","0","2","67301","0","2","1.0","","1","N","N","N","0","0","0","0","1","","0","","","2","0","0","0","0","0","0","2","0","1","","03","","N","","","","","","","","","",""
"2021054404","","1","0","0","0","0","0","0","0","0","1","0","","67","6","2021","6","39.959776","-75.177033","","6","0","0","0","0","1","1","0","0","","0","0","0","","","2","N","0","","39 57:35.193","4","0","75 10:37.318","3","0","0","0","67301","0","0","0","N","0","0","0","3","68K01","0","","1.0","1650.0","1","N","N","N","0","","2","0","2","","0","N","","3","2","1","0","0","0","0","2","0","3","","","","N","","","","","","","","","",""
"2021026197","","2","0","0","0","0","0","0","0","0","4","0","","67","3","2021","6","40.076528","-75.032684","","6","0","0","0","0","0","1","0","0","","0","0","0","","","2","","1","","40 04:35.499","6","0","75 01:57.662","8","0","0","0","67301","0","0","0","N","0","0","0","4","67301","0","","1.0","1600.0","1","N","N","N","0","","0","0","0","","2","Y","","2","2","0","0","0","2","0","2","0","2","","03","","N","","","","","","","","","",""
"2021025190","","1","0","0","0","0","0","0","0","0","4","0","","67","3","2021","3","39.958177","-75.229104","","6","0","0","0","0","0","1","0","0","","0","0","0","","","1","","1","","39 57:29.437","","0","75 13:44.774","3","0","0","0","67301","0","0","0","N","0","0","0","2","67301","0","","1.0","","1","N","N","N","0","","1","0","1","","3","","","2","1","0","0","0","0","0","2","0","2","","","","N","","","","","","","","","",""
"2021049750","","2","0","0","0","0","0","0","0","0","2","0","","67","5","2021","6","40.027061","-75.041079","","6","0","0","0","0","0","0","0","0","","0","0","0","","","0","","1","","40 01:37.419","","0","75 02:27.883","0","0","0","0","67301","0","0","0","N","0","0","0","2","67301","0","","1.0","","9","N","N","N","0","","0","0","0","","2","","","2","0","2","0","0","0","0","2","0","2","","","","N","","","","","","","","","",""
"2021044768","","0","0","0","0","0","0","0","0","0","8","0","","67","5","2021","1","39.967025","-75.245806","","6","0","0","0","0","0","0","0","0","","1","0","0","","","0","N","0","","39 58:01.291","5","0","75 14:44.901","1","0","0","0","67301","1","1","0","N","1","1","0","3","67301","0","2","1.0","2310.0","1","N","N","N","0","0","0","0","1","","0","Y","","2","0","0","0","0","0","0","2","0","1","","","","N","","","","","","","","","",""
"2021049640","","1","0","0","0","0","0","0","0","0","7","0","","67","5","2021","2","39.924196","-75.192481","","6","0","0","0","0","0","0","0","0","","0","0","0","","","0","N","0","","39 55:27.105","4","0","75 11:32.931","0","0","0","0","67301","0","0","0","N","0","0","0","1","68K01","0","","2.0","550.0","1","N","N","N","0","","0","0","0","","0","N","","1","0","1","0","0","0","0","2","0","1","","","","N","","","","","","","","","",""
"2021032680","","0","0","0","0","0","0","0","0","0","8","0","","67","4","2021","4","39.976843","-75.127437","","6","0","0","0","0","0","0","0","0","","0","0","0","","","2","","5","","39 58:36.634","","0","75 07:38.773","8","0","0","0","67301","2","0","0","N","2","0","0","3","67301","0","","1.0","","99","N","N","N","0","","0","0","1","","3","","","3","2","0","0","0","2","1","2","0","1","","","","N","","","","","","","","","",""
"2021049388","","2","0","0","0","0","0","0","0","0","1","0","","67","5","2021","7","39.960028","-75.179041","","6","0","0","0","1","0","1","0","0","","0","0","0","","","0","N","0","","39 57:36.102","4","0","75 10:44.547","0","0","0","0","67301","0","0","0","N","0","0","0","4","68K01","0","","1.0","1130.0","9","N","N","N","0","","0","0","1","","8","N","","3","0","0","0","0","0","0","2","0","3","","","","N","","","","","","","","","",""
"2021024567","","1","0","0","0","0","0","0","0","0","4","0","","67","3","2021","6","39.981484","-75.117339","","6","0","0","0","0","0","0","0","0","","0","0","0","","","0","","1","","39 58:53.344","","0","75 07:02.419","9","0","0","0","67301","0","0","0","N","0","0","0","2","67301","0","","1.0","","1","N","N","N","0","","0","0","1","","1","","","2","0","0","0","0","0","1","2","0","2","","03","","N","","","","","","","","","",""
"2021024542","","1","0","0","0","0","0","0","0","0","4","0","","67","3","2021","6","39.989403","-75.190986","","6","0","0","0","0","0","0","0","0","","0","0","0","","","0","","2","","39 59:21.850","","0","75 11:27.549","0","0","0","0","67301","0","0","0","N","0","0","0","2","67301","0","","1.0","","1","N","N","N","0","","0","0","0","","3","","","2","0","0","0","0","0","0","2","0","2","","03","","N","","","","","","","","","",""
"2021025012","","2","0","0","0","0","0","0","0","0","4","0","","67","3","2021","1","40.005748","-75.099049","","6","0","0","0","0","0","0","0","1","","0","0","0","","","2","","1","","40 00:20.692","2","0","75 05:56.577","3","0","0","0","67301","0","0","0","N","0","0","0","3","67301","0","","1.0","50.0","1","N","N","N","0","","2","0","0","","2","N","","2","2","0","0","0","0","0","2","0","2","","03","","N","","","","","","","","","",""
"2021054827","","1","0","0","0","0","0","0","0","0","1","1","45","67","6","2021","5","39.998762","-75.080989","","6","0","0","0","0","0","0","0","0","","0","1","0","","","1","N","0","","39 59:55.544","","0","75 04:51.559","3","0","0","0","67301","0","0","0","N","0","0","0","1","68K01","0","","1.0","","9","N","N","N","0","","1","0","0","","0","","","2","1","0","0","0","0","0","2","0","2","","","Y","Y","4","1","N","N","Y","Y","N","N","Y","N"
"2021030681","","2","0","0","0","0","0","0","0","0","4","0","","67","4","2021","7","40.059605","-75.187809","","6","0","0","0","0","1","0","0","0","","0","0","0","","","0","","1","","40 03:34.577","3","0","75 11:16.111","0","0","0","0","67301","0","0","0","N","0","0","0","2","67301","0","","1.0","1200.0","1","N","N","N","0","","0","0","0","","3","N","","2","0","0","0","0","0","0","2","0","2","","03","","N","","","","","","","","","",""
"2021024200","","2","0","0","0","0","0","0","0","0","5","0","","67","3","2021","7","39.993176","-75.084865","","6","0","0","0","0","0","0","0","0","","0","0","0","","","0","N","0","","39 59:35.433","1","0","75 05:05.515","0","0","0","0","67301","0","0","0","N","0","0","0","4","68K01","0","","1.0","157.0","1","N","N","N","0","","0","0","0","","0","N","","2","0","0","0","0","0","0","2","0","2","","03","","N","","","","","","","","","",""
"2021024915","","0","0","0","0","0","0","0","0","0","4","0","","67","3","2021","1","39.965046","-75.234065","","6","0","0","0","0","0","0","0","0","","0","0","0","","","1","","2","","39 57:54.165","","0","75 14:02.633","3","0","0","0","67301","0","0","0","N","0","0","0","5","67301","0","","1.0","","1","N","N","N","0","","1","0","1","","3","","","2","1","0","0","0","0","1","2","0","2","","","","N","","","","","","","","","",""
"2021026030","","1","0","0","0","0","0","0","0","0","1","0","","67","3","2021","5","39.964456","-75.181953","","6","0","0","0","0","0","0","0","0","","0","0","0","","","2","N","0","","39 57:52.042","","0","75 10:55.030","3","0","0","0","67301","0","0","0","N","0","0","0","5","67301","0","","1.0","","9","N","N","N","0","","2","0","1","","1","","","2","2","0","0","0","0","1","2","0","2","","07","","N","","","","","","","","","",""
"2021026947","","1","0","0","0","0","0","0","0","0","1","0","","67","3","2021","6","40.062716","-75.17066","","6","0","0","1","0","0","0","0","0","","0","0","0","","","1","N","0","","40 03:45.777","","0","75 10:14.375","4","0","0","0","67301","0","0","0","N","0","0","0","2","67301","1","","1.0","","1","N","N","N","0","","0","0","1","","0","","","3","1","0","0","0","0","0","2","1","3","","03","","N","","","","","","","","","",""
"2021050838","","0","0","0","0","0","0","0","0","0","8","0","","67","5","2021","3","39.992328","-75.121011","","6","0","0","0","0","0","0","0","0","","0","0","0","","","1","N","0","","39 59:32.380","","0","75 07:15.640","3","0","0","0","67301","1","0","0","N","1","0","0","2","67301","0","","1.0","","1","N","N","N","0","","1","0","1","","0","","","2","1","1","0","0","0","0","2","0","1","","04","","N","","","","","","","","","",""
"2021024526","","1","0","0","0","0","0","0","0","0","4","0","","67","3","2021","1","40.025641","-75.0582","","6","0","0","0","0","0","1","0","0","","0","0","0","","","1","","1","","40 01:32.306","","0","75 03:29.519","3","0","0","0","67301","0","0","0","N","0","0","0","2","67301","0","","1.0","","1","N","N","N","0","","1","0","1","","2","","","2","1","0","0","0","0","0","2","0","2","","03","","N","","","","","","","","","",""
"2021049622","","1","0","0","0","0","0","0","0","0","7","0","","67","5","2021","7","39.960151","-75.180129","","6","0","0","1","0","0","0","0","0","","0","0","0","","","0","N","0","","39 57:36.544","4","0","75 10:48.463","0","0","0","0","67301","0","0","0","N","0","0","0","2","68K01","0","","3.0","235.0","9","N","N","N","0","","0","0","0","","0","N","","1","0","0","0","0","0","0","2","0","1","","","","N","","","","","","","","","",""
"2021026031","","2","0","0","0","0","0","0","0","0","4","0","","67","3","2021","5","40.028206","-75.08819","","6","0","0","1","0","0","0","0","0","","0","0","0","","","0","","1","","40 01:41.541","7","0","75 05:17.484","9","0","0","0","67301","0","0","0","N","0","0","0","2","67301","0","","1.0","100.0","9","N","N","N","0","","0","0","0","","2","Y","","2","0","0","0","0","0","1","2","0","2","","07","","N","","","","","","","","","",""
"2021024521","","1","0","0","0","0","0","0","0","0","7","0","","67","3","2021","6","40.040916","-75.187325","","6","0","0","0","0","0","0","0","0","","0","0","0","","","0","","1","","40 02:27.297","","0","75 11:14.370","0","0","0","0","67301","0","0","0","N","0","0","0","1","67301","0","","4.0","","1","N","N","N","0","","0","0","0","","2","","","2","0","0","0","0","0","0","2","0","1","","03","","N","","","","","","","","","",""
"2021050067","","0","0","0","0","0","0","0","0","0","7","0","","67","5","2021","1","40.039609","-75.007259","","6","0","0","0","0","0","1","0","0","","0","0","0","","","1","N","0","","40 02:22.592","","0","75 00:26.132","3","0","0","0","67301","0","0","0","N","0","0","0","2","68K01","0","","3.0","","9","N","N","N","0","","1","0","2","","0","","","2","1","0","0","0","0","0","2","0","2","","","","N","","","","","","","","","",""
"2021025211","","1","0","0","0","0","0","0","0","0","4","0","","67","3","2021","3","39.961358","-75.24699","","6","0","0","0","0","0","0","0","0","","0","0","0","","","1","N","0","","39 57:40.887","","7","75 14:49.165","3","0","0","0","67301","0","0","0","N","0","0","0","2","67301","0","","1.0","","1","N","N","N","0","","1","0","1","","0","","","2","1","0","0","0","0","0","2","0","2","","03","","N","","","","","","","","","",""
"2021049823","","1","0","0","0","0","0","0","0","0","7","0","","67","5","2021","2","39.96996","-75.125429","","6","0","0","0","0","0","0","0","0","","0","0","0","","","1","N","0","","39 58:11.856","1","0","75 07:31.546","8","0","0","0","67301","0","0","0","N","0","0","0","1","68K01","0","","4.0","30.0","1","N","N","N","0","","0","0","0","","0","Y","","1","1","1","0","0","1","0","2","0","1","","03","","N","","","","","","","","","",""
"2021030417","","1","0","0","0","0","0","0","0","0","4","0","","67","4","2021","5","40.05422","-75.146336","","6","0","0","0","0","0","0","0","1","","0","0","0","","","0","","1","","40 03:15.192","","0","75 08:46.809","0","0","0","0","67301","0","0","0","N","0","0","0","2","67301","0","","1.0","","1","N","N","N","0","","0","0","1","","3","","","2","0","0","0","0","0","0","2","0","2","","07","","N","","","","","","","","","",""
"2021050684","","1","0","0","0","0","0","0","0","0","4","0","","67","6","2021","4","40.043932","-75.051587","","6","0","0","0","1","0","0","0","0","","0","0","0","","","0","N","2","","40 02:38.156","1","0","75 03:05.712","0","0","0","0","67301","0","0","0","N","0","0","0","2","67301","0","","1.0","1625.0","1","N","N","N","0","","0","0","1","","0","N","","2","0","0","0","0","0","0","2","0","2","","","","N","","","","","","","","","",""
"2021027727","","1","0","0","0","0","0","0","0","0","4","0","","67","3","2021","6","39.913083","-75.243294","","6","0","0","0","0","0","0","0","0","","0","0","0","","","2","","5","","39 54:47.100","","0","75 14:35.859","3","0","0","0","67301","0","0","0","N","0","0","0","3","67301","0","","1.0","","1","N","N","N","0","","2","0","1","","2","","","2","2","3","0","0","0","0","2","0","2","","03","","N","","","","","","","","","",""
"2021025687","","1","0","0","0","0","0","0","0","0","1","0","","67","3","2021","5","39.957337","-75.144132","","6","0","0","0","0","0","1","0","0","","0","0","0","","","0","","5","","39 57:26.412","","2","75 08:38.875","0","0","0","0","67301","0","0","0","N","0","0","0","2","67301","0","","1.0","","9","N","N","N","1","","0","0","0","","2","","","2","0","0","0","0","0","0","2","0","2","","07","","N","","","","","","","","","",""
"2021030950","","2","0","0","0","0","0","0","0","0","4","0","","67","4","2021","1","39.924118","-75.1547","","6","0","0","0","0","0","0","1","0","","0","0","0","","","1","","1","","39 55:26.824","","0","75 09:16.920","3","0","0","0","67301","0","0","0","N","0","0","0","2","67301","0","","1.0","","1","N","N","N","0","","1","0","2","","3","","","4","1","0","0","0","0","0","2","0","4","","03","","N","","","","","","","","","",""
"2021024524","","1","0","0","0","0","0","0","0","0","6","0","","67","3","2021","6","40.025533","-75.089017","","6","0","0","0","0","0","0","0","0","","0","0","0","","","1","N","0","","40 01:31.920","2","0","75 05:20.460","4","0","0","0","67301","0","0","0","N","0","0","0","1","67301","1","","6.0","600.0","1","N","N","N","0","","0","0","1","","0","N","","2","1","0","0","0","0","0","2","0","2","","03","","N","","","","","","","","","",""
"2021027506","","1","0","0","0","0","0","0","0","0","1","0","","67","3","2021","7","40.053149","-75.040237","","6","0","0","0","0","0","0","0","0","","0","0","0","","","1","","1","","40 03:11.336","","0","75 02:24.854","4","0","0","0","67301","0","0","0","N","0","0","0","2","67301","1","","1.0","","1","N","N","N","0","","0","0","0","","2","","","2","1","0","0","0","0","0","2","1","2","","03","","N","","","","","","","","","",""
"2021050685","","1","0","0","0","0","0","0","0","0","7","0","","67","6","2021","4","39.995702","-75.23811","","6","0","0","0","0","0","0","0","0","","0","0","0","","","0","N","0","","39 59:44.528","","0","75 14:17.197","0","0","0","0","67301","0","0","0","N","0","0","0","1","67301","0","","2.0","","1","N","N","N","0","","0","0","0","","0","U","","1","0","1","0","0","0","0","2","0","1","","","","N","","","","","","","","","",""
"2021048842","","2","0","0","0","0","0","0","0","0","1","1","45","67","5","2021","5","40.01776","-75.048487","","6","0","0","0","0","0","3","0","0","","0","1","0","","","0","N","0","","40 01:03.935","1","0","75 02:54.554","0","0","0","0","67301","0","0","0","N","0","0","0","6","68K01","0","","1.0","1005.0","1","N","N","N","1","","0","0","2","","0","N","","6","0","1","0","0","0","0","2","0","6","","03","Y","Y","4","1","N","N","N","N","N","N","Y","N"
"2021025493","","2","0","0","0","0","0","0","0","0","4","0","","67","3","2021","4","40.048018","-75.09282","","6","0","0","0","0","0","0","0","0","","0","0","0","","","1","","1","","40 02:52.866","","0","75 05:34.153","3","0","0","0","67301","0","0","0","N","0","0","0","2","67301","0","","1.0","","1","N","N","N","0","","1","0","1","","3","","","3","1","0","0","0","0","0","2","0","3","","","","N","","","","","","","","","",""
"2021051302","","1","0","0","0","0","0","0","0","0","1","0","","67","6","2021","4","39.960213","-75.180589","","6","0","0","0","0","0","1","0","0","","0","0","0","","","1","N","0","","39 57:36.766","3","0","75 10:50.122","8","0","0","0","67301","0","0","0","N","0","0","0","2","68K01","0","","1.0","15.0","1","N","N","N","0","","0","0","1","","0","N","","2","1","0","0","0","1","0","2","0","2","","","","N","","","","","","","","","",""
"2021027209","","1","0","0","0","0","0","0","0","0","7","0","","67","3","2021","6","40.042241","-75.003921","","6","0","0","0","0","0","0","0","0","","0","0","0","","","0","N","0","","40 02:32.066","","0","75 00:14.114","0","0","0","0","67301","0","0","0","N","0","0","0","1","68K01","0","","4.0","","9","N","N","N","0","","0","0","0","","0","","","1","0","0","0","0","0","0","2","0","1","","","","N","","","","","","","","","",""
"2021026878","","2","0","0","0","0","0","0","0","0","1","0","","67","3","2021","6","39.97321","-75.120049","","6","0","0","0","0","0","1","1","0","","0","0","0","","","0","N","0","","39 58:23.556","1","3","75 07:12.177","0","0","0","0","67301","0","0","0","N","0","0","0","3","68K01","0","","1.0","1630.0","1","N","N","N","1","","0","0","0","","0","N","","3","0","0","0","0","0","0","2","0","3","","03","","N","","","","","","","","","",""
"2021049508","","0","0","0","0","0","0","1","0","0","4","1","","67","5","2021","5","40.045516","-75.088316","","6","0","0","0","0","0","0","0","0","","0","0","0","","","1","","1","","40 02:43.859","","0","75 05:17.937","4","0","0","0","67301","0","0","0","N","0","0","0","3","67508","1","","1.0","","1","N","N","Y","0","","0","0","0","","2","","","2","1","0","0","0","0","0","2","0","2","","03","","N","","","","","","","","","",""
"2021049076","","0","0","0","0","0","0","0","0","0","8","0","","67","5","2021","7","40.023179","-75.130471","","6","0","0","0","0","0","0","0","0","","0","0","0","","","1","","2","","40 01:23.444","","0","75 07:49.695","3","0","0","0","67301","1","0","0","N","1","0","0","1","67301","0","","1.0","","1","N","N","N","0","","1","0","1","","3","","","2","1","0","0","0","0","0","2","0","1","","03","","N","","","","","","","","","",""
"2021026406","","1","0","0","0","0","0","0","0","0","4","0","","67","3","2021","4","39.968117","-75.160105","","6","0","0","0","0","0","0","0","0","","0","0","0","","","0","","2","","39 58:05.221","","0","75 09:36.378","0","0","0","0","67301","0","0","0","N","0","0","0","2","67301","0","","1.0","","1","N","N","N","0","","0","0","0","","0","","","2","0","0","0","0","0","0","2","1","2","","04","","N","","","","","","","","","",""
"2021024848","","0","0","0","0","0","0","0","0","0","4","0","","67","3","2021","2","40.094541","-75.015043","","6","0","0","0","0","0","0","0","0","","0","0","0","","","1","","1","","40 05:40.347","1","0","75 00:54.154","4","0","0","0","67301","0","0","0","N","0","0","0","2","67301","1","","1.0","1906.0","1","N","N","N","0","","0","0","2","","2","N","","2","1","0","0","0","0","0","2","0","2","","","","N","","","","","","","","","",""