"CRN","ARRIVAL_TM","AUTOMOBILE_COUNT","BELTED_DEATH_COUNT","BELTED_SUSP_SERIOUS_INJ_COUNT","BICYCLE_COUNT","BICYCLE_DEATH_COUNT","BICYCLE_SUSP_SERIOUS_INJ_COUNT","BUS_COUNT","CHLDPAS_DEATH_COUNT","CHLDPAS_SUSP_SERIOUS_INJ_COUNT","COLLISION_TYPE","COMM_VEH_COUNT","CONS_ZONE_SPD_LIM","COUNTY","CRASH_MONTH","CRASH_YEAR","DAY_OF_WEEK","DEC_LATITUDE","DEC_LONGITUDE","DISPATCH_TM","DISTRICT","DRIVER_COUNT_16YR","DRIVER_COUNT_17YR","DRIVER_COUNT_18YR","DRIVER_COUNT_19YR","DRIVER_COUNT_20YR","DRIVER_COUNT_50_64YR","DRIVER_COUNT_65_74YR","DRIVER_COUNT_75PLUS","EST_HRS_CLOSED","FATAL_COUNT","HEAVY_TRUCK_COUNT","HORSE_BUGGY_COUNT","HOUR_OF_DAY","ILLUMINATION","INJURY_COUNT","INTERSECTION_RELATED","INTERSECT_TYPE","LANE_CLOSED","LATITUDE","LN_CLOSE_DIR","LOCATION_TYPE","LONGITUDE","MAX_SEVERITY_LEVEL","MCYCLE_DEATH_COUNT","MCYCLE_SUSP_SERIOUS_INJ_COUNT","MOTORCYCLE_COUNT","MUNICIPALITY","NONMOTR_COUNT","NONMOTR_DEATH_COUNT","NONMOTR_SUSP_SERIOUS_INJ_COUNT","NTFY_HIWY_MAINT","PED_COUNT","PED_DEATH_COUNT","PED_SUSP_SERIOUS_INJ_COUNT","PERSON_COUNT","POLICE_AGCY","POSSIBLE_INJ_COUNT","RDWY_SURF_TYPE_CD","RELATION_TO_ROAD","ROADWAY_CLEARED","ROAD_CONDITION","SCH_BUS_IND","SCH_ZONE_IND","SECONDARY_CRASH","SMALL_TRUCK_COUNT","SPEC_JURIS_CD","SUSP_MINOR_INJ_COUNT","SUSP_SERIOUS_INJ_COUNT","SUV_COUNT","TCD_FUNC_CD","TCD_TYPE","TFC_DETOUR_IND","TIME_OF_DAY","TOTAL_UNITS","TOT_INJ_COUNT","UNBELTED_OCC_COUNT","UNB_DEATH_COUNT","UNB_SUSP_SERIOUS_INJ_COUNT","UNK_INJ_DEG_COUNT","UNK_INJ_PER_COUNT","URBAN_RURAL","VAN_COUNT","VEHICLE_COUNT","WEATHER1","WEATHER2","WORKERS_PRES","WORK_ZONE_IND","WORK_ZONE_LOC","WORK_ZONE_TYPE","WZ_CLOSE_DETOUR","WZ_FLAGGER","WZ_LAW_OFFCR_IND","WZ_LN_CLOSURE","WZ_MOVING","WZ_OTHER","WZ_SHLDER_MDN","WZ_WORKERS_INJ_KILLED"
"2021026867","","0","0","0","0","0","0","0","0","0","7","0","","67","3","2021","5","40.036907","-75.014429","","6","0","0","0","0","0","0","0","0","","0","0","0","","","0","N","0","","40 02:12.864","2","0","75 00:51.944","0","0","0","0","67301","0","0","0","N","0","0","0","1","68K01","0","","4.0","2030.0","9","N","N","N","1","","0","0","0","","0","N","","1","0","0","0","0","0","0","2","0","1","","","","N","","","","","","","","","",""
"2021049763","","1","0","0","0","0","0","0","0","0","7","0","","67","5","2021","1","40.002513","-75.184687","","6","0","0","0","0","0","0","0","0","","0","0","0","","","1","","2","","40 00:09.045","","0","75 11:04.873","4","0","0","0","67301","0","0","0","N","0","0","0","1","67301","1","","5.0","","9","N","N","N","0","","0","0","0","","0","","","1","1","0","0","0","0","0","2","0","1","","","","N","","","","","","","","","",""
"2021049378","","1","0","0","0","0","0","0","0","0","0","1","","67","5","2021","6","40.045715","-75.001955","","6","0","0","0","0","0","0","1","0","","0","1","0","","","1","N","0","","40 02:44.574","2","0","75 00:07.037","4","0","0","0","67301","0","0","0","N","0","0","0","2","68K01","1","","1.0","300.0","9","N","N","N","0","","0","0","0","","0","N","","2","1","1","0","0","0","0","2","0","2","","04","","N","","","","","","","","","",""
"2021031026","","2","0","0","0","0","0","0","0","0","4","0","","67","4","2021","1","40.033136","-75.170611","","6","1","0","0","0","0","0","0","0","","0","0","0","","","2","","1","","40 01:59.290","5","0","75 10:14.198","3","0","0","0","67301","0","0","0","N","0","0","0","3","67301","0","","1.0","1745.0","1","N","N","N","0","","2","0","0","","2","N","","2","2","0","0","0","0","0","2","0","2","","98","","N","","","","","","","","","",""
"2021031666","","1","0","0","0","0","0","1","0","0","1","1","","67","3","2021","2","40.009589","-75.166577","","6","0","0","0","0","0","1","0","0","","0","0","0","","","1","","3","","40 00:34.520","","0","75 09:59.677","4","0","0","0","67301","0","0","0","N","0","0","0","2","67508","1","","1.0","","99","N","N","Y","0","","0","0","0","","3","","","2","1","0","0","0","0","1","2","0","2","","98","","N","","","","","","","","","",""
"2021049069","","1","0","0","0","0","0","0","0","0","1","0","","67","5","2021","6","40.107703","-75.026613","","6","0","0","0","0","0","0","0","0","","0","0","0","","","0","N","0","","40 06:27.732","","0","75 01:35.808","9","0","0","0","67301","0","0","0","N","0","0","0","1","67301","0","","6.0","","9","N","N","N","0","","0","0","1","","0","","","2","0","0","0","0","0","1","2","0","2","","","","N","","","","","","","","","",""
"2021049759","","2","0","0","0","0","0","0","0","0","4","0","","67","5","2021","2","40.040869","-75.151386","","6","0","0","0","0","0","0","0","0","","0","0","0","","","1","N","0","","40 02:27.130","","0","75 09:04.990","4","0","0","0","67301","0","0","0","N","0","0","0","1","67301","1","","6.0","","1","N","N","N","0","","0","0","0","","0","","","2","1","0","0","0","0","0","2","0","2","","03","","N","","","","","","","","","",""
"2021024790","","1","0","0","0","0","0","0","0","0","7","0","","67","3","2021","1","39.911202","-75.148497","","6","0","0","0","0","0","0","0","0","","0","0","0","","","0","N","0","","39 54:40.326","","8","75 08:54.590","0","0","0","0","67301","0","0","0","N","0","0","0","1","68K01","0","","2.0","","1","N","N","N","0","","0","0","0","","0","","","1","0","0","0","0","0","0","2","0","1","","","","N","","","","","","","","","",""
"2021027892","","2","0","0","0","0","0","0","0","0","4","0","","67","3","2021","4","40.057154","-75.158291","","6","0","0","0","0","0","0","0","0","","0","0","0","","","1","","3","","40 03:25.754","","0","75 09:29.847","3","0","0","0","67301","0","0","0","N","0","0","0","1","67301","0","","1.0","","9","N","N","N","0","","1","0","1","","3","","","3","1","0","0","0","0","0","2","0","3","","","","N","","","","","","","","","",""
"2021026196","","2","0","0","0","0","0","0","0","0","4","0","","67","3","2021","6","39.914424","-75.152338","","6","0","0","0","0","0","0","0","0","","0","0","0","","","1","","2","","39 54:51.926","","0","75 09:08.416","3","0","0","0","67301","0","0","0","N","0","0","0","3","67301","0","","1.0","","1","N","N","N","0","","1","0","0","","0","","","2","1","0","0","0","0","0","2","0","2","","03","","N","","","","","","","","","",""
"2021024979","","1","0","0","0","0","0","0","0","0","7","0","","67","3","2021","1","39.995984","-75.083069","","6","0","0","0","0","0","0","0","0","","0","0","0","","","1","N","0","","39 59:45.543","2","3","75 04:59.048","3","0","0","0","67301","0","0","0","N","0","0","0","1","68K01","0","","3.0","2232.0","1","N","N","N","0","","1","0","0","","0","N","","1","1","0","0","0","0","0","2","0","1","","","","N","","","","","","","","","",""
"2021026153","","0","0","0","0","0","0","0","0","0","2","0","","67","3","2021","6","40.051836","-75.07931","","6","0","0","0","0","0","1","0","0","","0","0","0","","","0","","1","","40 03:06.609","","0","75 04:45.516","0","0","0","0","67301","0","0","0","N","0","0","0","2","67301","0","","1.0","","1","N","N","N","1","","0","0","0","","3","","","2","0","0","0","0","0","0","2","1","2","","03","","N","","","","","","","","","",""
"2021049745","","1","0","0","0","0","0","0","0","0","4","0","","67","3","2021","1","40.040258","-75.058429","","6","0","0","0","0","0","0","0","0","","0","0","0","","","1","","1","","40 02:24.930","6","0","75 03:30.344","4","0","0","0","67301","0","0","0","N","0","0","0","3","67301","1","","1.0","2200.0","1","N","N","N","0","","0","0","1","","2","Y","","2","1","0","0","0","0","1","2","0","2","","03","","N","","","","","","","","","",""
"2021026273","","0","0","0","0","0","0","0","0","0","1","0","","67","3","2021","6","39.9912","-75.166381","","6","0","0","0","0","0","0","0","0","","0","0","0","","","3","N","0","","39 59:28.320","","0","75 09:58.970","3","0","0","0","67301","0","0","0","N","0","0","0","3","67301","1","","1.0","","1","N","N","N","0","","2","0","1","","0","","","2","3","1","0","0","0","0","2","1","2","","03","","N","","","","","","","","","",""
"2021049501","","1","0","0","0","0","0","1","0","0","1","1","","67","1","2021","5","40.04745","-75.158075","","6","0","0","0","1","0","1","0","0","","0","0","0","","","1","","2","","40 02:50.820","","0","75 09:29.070","8","0","0","0","67301","0","0","0","N","0","0","0","3","67508","0","","1.0","","1","N","N","Y","0","","0","0","0","","2","","","2","1","1","0","0","1","0","2","0","2","","03","","N","","","","","","","","","",""
"2021049761","","2","0","0","0","0","0","0","0","0","1","0","","67","6","2021","3","40.031789","-75.142403","","6","0","0","1","0","0","0","0","0","","0","0","0","","","4","N","0","","40 01:54.440","6","0","75 08:32.650","3","0","0","0","67301","0","0","0","N","0","0","0","5","67301","0","","1.0","145.0","1","N","N","N","0","","4","0","0","","0","Y","","2","4","0","0","0","0","0","2","0","2","","","","N","","","","","","","","","",""
"2021024514","","2","0","0","0","0","0","0","0","0","4","0","","67","3","2021","6","40.10257","-75.02886","","6","0","0","0","1","0","0","0","0","","0","0","0","","","0","","1","","40 06:09.252","","0","75 01:43.896","0","0","0","0","67301","0","0","0","N","0","0","0","2","67301","0","","1.0","","1","N","N","N","0","","0","0","0","","2","","","2","0","0","0","0","0","0","2","0","2","","03","","N","","","","","","","","","",""
"2021049149","","1","0","0","0","0","0","0","0","0","7","0","","67","5","2021","7","39.96009","-75.179585","","6","0","0","0","0","0","0","0","0","","0","0","0","","","0","N","0","","39 57:36.323","4","0","75 10:46.505","0","0","0","0","67301","0","0","0","N","0","0","0","1","68K01","0","","4.0","312.0","9","N","N","N","0","","0","0","0","","0","N","","1","0","0","0","0","0","0","2","0","1","","07","","N","","","","","","","","","",""
"2021024506","","3","0","0","0","0","0","0","0","0","1","0","","67","3","2021","5","40.032209","-75.084121","","6","0","0","0","0","0","1","0","0","","0","0","0","","","1","","5","","40 01:55.954","","0","75 05:02.837","3","0","0","0","67301","0","0","0","N","0","0","0","3","67301","0","","1.0","","1","N","N","N","0","","1","0","0","","2","","","3","1","0","0","0","0","2","2","0","3","","","","N","","","","","","","","","",""
"2021030587","","0","0","0","0","0","0","0","0","0","4","0","","67","3","2021","7","39.980449","-75.088931","","6","0","0","0","0","0","0","0","0","","0","0","0","","","1","","2","","39 58:49.615","","0","75 05:20.150","3","0","0","0","67301","0","0","0","N","0","0","0","2","67301","0","","1.0","","1","N","N","N","1","","1","0","1","","3","","","2","1","0","0","0","0","1","2","0","2","","","","N","","","","","","","","","",""
"2021049634","","0","0","0","0","0","0","0","0","0","7","1","","67","5","2021","1","40.04297","-75.003385","","6","0","0","0","0","0","0","0","0","","0","1","0","","","0","N","0","","40 02:34.693","2","0","75 00:12.187","0","0","0","0","67301","0","0","0","N","0","0","0","2","68K01","0","","3.0","800.0","9","N","N","N","0","","0","0","0","","0","N","","1","0","0","0","0","0","0","2","0","1","","07","","N","","","","","","","","","",""
"2021026027","","0","0","0","1","0","0","1","0","0","8","1","","67","3","2021","1","39.899118","-75.175536","","6","0","0","0","0","0","0","0","0","","0","0","0","","","1","","3","","39 53:56.825","","2","75 10:31.930","8","0","0","0","67301","1","0","0","N","0","0","0","2","67301","0","","1.0","","1","N","N","N","0","","0","0","0","","2","","","2","1","0","0","0","1","0","2","0","1","","03","","N","","","","","","","","","",""
"2021049177","","2","0","0","0","0","0","0","0","0","5","0","","67","3","2021","6","40.033903","-75.143586","","6","0","0","0","0","0","0","0","0","","0","0","0","","","0","N","0","","40 02:02.050","","0","75 08:36.910","0","0","0","0","67301","0","0","0","N","0","0","0","2","67301","0","","6.0","","1","N","N","N","0","","0","0","0","","0","","","2","0","2","0","0","0","0","2","0","2","","03","","N","","","","","","","","","",""
"2021049752","","1","0","0","0","0","0","0","0","0","1","0","","67","5","2021","1","40.025673","-75.031643","","6","0","0","0","0","0","0","0","1","","0","0","0","","","1","","1","","40 01:32.421","3","0","75 01:53.914","3","0","0","0","67301","0","0","0","N","0","0","0","2","67301","0","","1.0","1945.0","9","N","N","N","0","","1","0","1","","2","Y","","2","1","0","0","0","0","0","2","0","2","","04","","N","","","","","","","","","",""
"2021025692","","1","0","0","0","0","0","0","0","0","1","0","","67","3","2021","4","39.976454","-75.189359","","6","0","0","0","0","0","0","1","0","","0","0","0","","","1","","3","","39 58:35.233","","0","75 11:21.692","4","0","0","0","67301","0","0","0","N","0","0","0","2","67301","1","","1.0","","1","N","N","N","0","","0","0","1","","3","","","2","1","0","0","0","0","0","2","0","2","","04","","N","","","","","","","","","",""
"2021026034","","0","0","0","0","0","0","0","0","0","4","0","","67","3","2021","5","40.017115","-75.171659","","6","0","0","0","0","0","0","0","0","","0","0","0","","","2","N","0","","40 01:01.613","","0","75 10:17.974","4","0","0","0","67301","0","0","0","N","0","0","0","2","67301","2","","1.0","","9","N","Y","N","0","","0","0","2","","0","","","2","2","2","0","0","0","0","2","0","2","","07","","N","","","","","","","","","",""
"2021030236","","2","0","0","0","0","0","0","0","0","4","0","","67","3","2021","7","39.967336","-75.245842","","6","0","0","0","0","0","1","0","0","","0","0","0","","","0","","1","","39 58:02.410","","0","75 14:45.030","0","0","0","0","67301","0","0","0","N","0","0","0","2","67301","0","","1.0","","1","N","N","N","0","","0","0","0","","2","","","2","0","0","0","0","0","0","2","0","2","","03","","N","","","","","","","","","",""
"2021025458","","1","0","0","0","0","0","0","0","0","7","0","","67","3","2021","7","39.957168","-75.151882","","6","0","0","0","0","0","0","0","0","","0","0","0","","","0","N","0","","39 57:25.804","3","0","75 09:06.776","0","0","0","0","67301","0","0","0","N","0","0","0","2","68K01","0","","3.0","238.0","1","N","N","N","0","","0","0","0","","0","N","","1","0","0","0","0","0","0","2","0","1","","","","N","","","","","","","","","",""
"2021025196","","1","0","0","0","0","0","0","0","0","4","0","","67","3","2021","1","40.027544","-75.146423","","6","0","0","0","0","0","0","0","0","","0","0","0","","","4","","1","","40 01:39.158","5","0","75 08:47.122","3","0","0","0","67301","0","0","0","N","0","0","0","4","67301","0","","1.0","1700.0","1","N","N","N","0","","4","0","2","","2","Y","","3","4","0","0","0","0","0","2","0","3","","03","","N","","","","","","","","","",""
"2021051174","","0","0","0","0","0","0","0","0","0","4","0","","67","6","2021","4","39.967256","-75.156994","","6","0","0","0","0","0","0","0","0","","0","0","0","","","1","N","0","","39 58:02.120","","0","75 09:25.180","3","0","0","0","67301","0","0","0","N","0","0","0","2","67301","0","","1.0","","1","N","N","N","0","","1","0","1","","0","","","2","1","0","0","0","0","0","2","0","2","","03","","N","","","","","","","","","",""
"2021025833","","0","0","0","0","0","0","0","0","0","5","1","","67","3","2021","4","39.954993","-75.197036","","6","0","0","0","0","0","0","0","0","","0","1","0","","","0","N","0","","39 57:17.973","","0","75 11:49.328","0","0","0","0","67301","0","0","0","N","0","0","0","1","67301","0","","6.0","","1","N","N","N","1","","0","0","0","","0","","","2","0","0","0","0","0","0","2","0","2","","03","","N","","","","","","","","","",""
"2021025013","","0","0","0","1","0","1","0","0","0","8","0","","67","3","2021","2","39.977078","-75.145287","","6","0","0","0","0","0","0","0","0","","0","0","0","","","1","","1","","39 58:37.480","","0","75 08:43.033","2","0","0","0","67301","1","0","1","N","0","0","0","2","67301","0","","1.0","","1","N","N","N","0","","0","1","0","","3","","","2","1","0","0","0","0","0","2","0","1","","03","","N","","","","","","","","","",""
"2021025188","","0","0","0","0","0","0","0","0","0","5","0","","67","3","2021","1","40.033386","-75.10665","","6","0","0","0","0","0","0","0","0","","0","0","0","","","1","N","0","","40 02:00.190","","0","75 06:23.940","3","0","0","0","67301","0","0","0","N","0","0","0","4","67301","0","","1.0","","1","N","N","N","1","","1","0","1","","0","","","2","1","1","0","0","0","0","2","0","2","","03","","N","","","","","","","","","",""
"2021031928","","1","0","0","1","0","0","0","0","0","8","0","","67","4","2021","3","39.98034","-75.172106","","6","0","0","0","0","0","0","0","0","","0","0","0","","","1","N","0","","39 58:49.224","","0","75 10:19.580","3","0","0","0","67301","1","0","0","N","0","0","0","2","67301","0","","1.0","","1","N","N","N","0","","1","0","0","","0","","","2","1","0","0","0","0","0","2","0","1","","03","","N","","","","","","","","","",""
"2021048925","","1","0","0","0","0","0","0","0","0","6","0","","67","5","2021","6","39.985153","-75.147381","","6","0","0","0","0","0","0","0","0","","0","0","0","","","0","N","0","","39 59:06.550","4","0","75 08:50.570","0","0","0","0","67301","0","0","0","N","0","0","0","1","67301","0","","6.0","250.0","1","N","N","N","1","","0","0","0","","0","Y","","2","0","0","0","0","0","0","2","0","2","","03","","N","","","","","","","","","",""
"2021025594","","3","0","0","0","0","0","0","0","0","4","0","","67","3","2021","5","39.987594","-75.14186","","6","0","0","1","0","0","0","1","0","","0","0","0","","","0","","1","","39 59:15.338","","0","75 08:30.696","9","0","0","0","67301","0","0","0","N","0","0","0","4","67301","0","","1.0","","1","N","N","N","0","","0","0","0","","3","","","3","0","3","0","0","0","2","2","0","3","","03","","N","","","","","","","","","",""
"2021029391","","0","0","0","0","0","0","0","0","0","1","0","","67","3","2021","6","40.028245","-75.10942","","6","0","0","0","0","0","1","0","0","","0","0","0","","","1","N","0","","40 01:41.681","","0","75 06:33.912","3","0","0","0","67301","0","0","0","N","0","0","0","3","67301","0","","1.0","","1","N","N","N","1","","1","0","1","","0","","","2","1","2","0","0","0","0","2","0","2","","03","","N","","","","","","","","","",""
"2021030789","","0","0","0","0","0","0","0","0","0","0","0","","67","4","2021","6","40.01366","-75.179534","","6","0","0","0","0","0","0","0","0","","0","0","0","","","1","","6","","40 00:49.177","","2","75 10:46.321","3","0","0","0","67301","0","0","0","N","0","0","0","1","67301","0","","7.0","","2","N","N","N","0","","1","0","0","","0","","","1","1","0","0","0","0","0","2","1","1","","","","N","","","","","","","","","",""
"2021029400","","1","0","0","0","0","0","0","0","0","4","0","","67","3","2021","3","39.938271","-75.19856","","6","0","0","0","0","0","0","0","0","","0","0","0","","","1","","1","","39 56:17.777","","0","75 11:54.817","8","0","0","0","67301","0","0","0","N","0","0","0","2","67301","0","","1.0","","1","N","N","N","0","","0","0","0","","2","","","2","1","0","0","0","1","0","2","1","2","","03","","N","","","","","","","","","",""
"2021031669","","0","0","0","0","0","0","0","0","0","4","0","","67","4","2021","3","40.062588","-75.17079","","6","0","0","0","0","0","0","0","0","","0","0","0","","","2","","1","","40 03:45.318","6","0","75 10:14.844","3","0","0","0","67301","0","0","0","N","0","0","0","4","67301","0","","1.0","1140.0","1","N","N","Y","0","","2","0","2","","2","Y","","3","2","0","0","0","0","0","2","0","3","","03","","N","","","","","","","","","",""
"2021032751","","3","0","0","0","0","0","0","0","0","4","0","","67","4","2021","1","40.025983","-75.08422","","6","0","0","1","0","0","0","0","0","","0","0","0","","","5","","1","","40 01:33.538","5","0","75 05:03.192","3","0","0","0","67301","0","0","0","N","0","0","0","5","67301","0","","1.0","2359.0","1","N","N","N","0","","4","0","0","","3","Y","","5","5","3","0","0","1","0","2","2","5","","","","N","","","","","","","","","",""
"2021031673","","1","0","0","0","0","0","0","0","0","4","0","","67","4","2021","3","40.003683","-75.169092","","6","0","0","0","0","0","0","0","0","","0","0","0","","","1","","5","","40 00:13.260","","0","75 10:08.730","3","0","0","0","67301","0","0","0","N","0","0","0","2","67301","0","","1.0","","1","N","N","N","0","","1","0","1","","2","","","2","1","0","0","0","0","1","2","0","2","","03","","N","","","","","","","","","",""
"2021030541","","2","0","0","0","0","0","0","0","0","5","0","45","67","4","2021","5","40.01834","-75.047324","","6","0","0","0","0","0","0","0","0","","0","0","0","","","0","N","0","","40 01:06.024","1","0","75 02:50.365","0","0","0","0","67301","0","0","0","N","0","0","0","2","68K01","0","","1.0","2348.0","1","N","N","N","0","","0","0","0","","0","N","","2","0","0","0","0","0","0","2","0","2","","","N","Y","4","1","","","N","","","","Y","N"
"2021030386","","0","0","0","0","0","0","0","0","0","1","0","","67","4","2021","5","39.996","-75.147111","","6","0","0","0","0","0","0","0","0","","0","0","0","","","1","Y","0","","39 59:45.600","","0","75 08:49.600","4","0","0","0","67301","0","0","0","N","0","0","0","2","67301","1","","1.0","","1","N","N","N","0","","0","0","2","","2","","","2","1","0","0","0","0","0","2","0","2","","03","","N","","","","","","","","","",""
"2021032245","","1","0","0","0","0","0","0","0","0","4","0","","67","4","2021","1","40.024834","-75.125492","","6","0","0","0","0","0","0","0","0","","0","0","0","","","4","","1","","40 01:29.402","7","0","75 07:31.771","8","0","0","0","67301","0","0","0","N","0","0","0","4","67301","0","","1.0","1850.0","1","N","N","N","0","","0","0","2","","3","Y","","3","4","0","0","0","4","0","2","0","3","","","","N","","","","","","","","","",""
"2021029039","","0","0","0","0","0","0","0","0","0","4","0","","67","3","2021","2","39.938271","-75.19856","","6","0","0","0","0","0","1","0","0","","0","0","0","","","1","","1","","39 56:17.777","","0","75 11:54.817","3","0","0","0","67301","0","0","0","N","0","0","0","4","67301","0","","1.0","","1","N","N","N","0","","1","0","3","","2","","","3","1","0","0","0","0","0","2","0","3","","03","","N","","","","","","","","","",""
"2021056426","","0","0","0","0","0","0","0","0","0","5","0","","67","5","2021","2","39.973038","-75.193719","","6","0","0","0","0","0","0","0","0","","0","0","0","","","0","N","0","","39 58:22.936","","0","75 11:37.390","0","0","0","0","67301","0","0","0","N","0","0","0","2","68K01","0","","1.0","","1","N","N","N","0","","0","0","1","","0","","","2","0","0","0","0","0","0","2","1","2","","03","","N","","","","","","","","","",""
"2021033547","","1","0","0","0","0","0","0","0","0","5","0","","67","4","2021","2","39.995501","-75.197711","","6","0","0","0","0","0","0","0","0","","0","0","0","","","1","N","0","","39 59:43.803","3","0","75 11:51.760","4","0","0","0","67301","0","0","0","N","0","0","0","4","68K01","1","","1.0","2059.0","1","N","N","N","0","","0","0","0","","0","N","","2","1","0","0","0","0","0","2","1","2","","","","N","","","","","","","","","",""
"2021055878","","1","0","0","0","0","0","0","0","0","1","0","","67","6","2021","4","39.989586","-75.140747","","6","0","0","0","0","0","0","0","0","","0","0","0","","","0","N","0","","39 59:22.510","","0","75 08:26.690","9","0","0","0","67301","0","0","0","N","0","0","0","2","67301","0","","1.0","","1","N","N","N","0","","0","0","1","","0","U","","2","0","0","0","0","0","2","2","0","2","","03","","N","","","","","","","","","",""
"2021030244","","1","0","0","1","0","0","0","0","0","8","0","","67","3","2021","4","39.976584","-75.113171","","6","0","0","1","0","0","0","0","0","","0","0","0","","","1","","2","","39 58:35.702","","0","75 06:47.416","4","0","0","0","67301","1","0","0","N","0","0","0","2","67301","1","","1.0","","1","N","N","N","0","","0","0","0","","2","","","2","1","0","0","0","0","1","2","0","1","","","","N","","","","","","","","","",""
"2021055080","","2","0","0","0","0","0","0","0","0","1","0","","67","6","2021","1","40.049061","-75.002155","","6","0","0","0","0","0","0","0","0","","0","0","0","","","0","","7","","40 02:56.621","","2","75 00:07.758","0","0","0","0","67301","0","0","0","N","0","0","0","2","67301","0","","1.0","","1","N","N","N","0","","0","0","0","","0","","","2","0","0","0","0","0","0","2","0","2","","","","N","","","","","","","","","",""
"2021030475","","1","0","0","0","0","0","0","0","0","5","0","35","67","4","2021","6","39.911111","-75.163167","","6","0","1","0","0","0","0","0","0","","0","0","0","","","0","N","0","","39 54:40.000","","3","75 09:47.400","0","0","0","0","67301","0","0","0","N","0","0","0","3","67501","0","","1.0","","1","N","N","N","1","","0","0","0","","8","","","2","0","0","0","0","0","0","2","0","2","","03","N","Y","4","1","","","N","Y","","","Y","N"
"2021031025","","3","0","0","0","0","0","0","0","0","5","0","","67","4","2021","1","40.06622","-75.167075","","6","0","0","0","0","1","0","0","0","","0","0","0","","","0","N","0","","40 03:58.393","6","0","75 10:01.471","0","0","0","0","67301","0","0","0","N","0","0","0","1","67301","0","","6.0","244.0","1","N","N","N","0","","0","0","2","","0","Y","","5","0","0","0","0","0","0","2","0","5","","03","","N","","","","","","","","","",""
"2021040606","","2","0","0","0","0","0","0","0","0","1","0","","67","4","2021","2","39.976991","-75.198075","","6","0","0","0","0","0","0","0","0","","0","0","0","","","3","N","0","","39 58:37.167","4","0","75 11:53.071","3","0","0","0","67301","0","0","0","N","0","0","0","4","68K01","0","","1.0","1845.0","1","N","N","Y","0","","3","0","1","","0","N","","3","3","3","0","0","0","0","2","0","3","","03","","N","","","","","","","","","",""
"2021031404","","1","0","0","0","0","0","0","0","0","4","0","","67","4","2021","2","39.987974","-75.156707","","6","0","0","0","0","0","0","1","0","","0","0","0","","","1","","1","","39 59:16.705","","0","75 09:24.146","8","0","0","0","67301","0","0","0","N","0","0","0","2","67301","0","","1.0","","1","N","N","N","0","","0","0","1","","3","","","2","1","0","0","0","1","1","2","0","2","","03","","N","","","","","","","","","",""
"2021030483","","2","0","0","0","0","0","0","0","0","4","0","","67","4","2021","6","39.994349","-75.185795","","6","0","0","0","0","0","0","0","0","","0","0","0","","","0","","2","","39 59:39.656","","0","75 11:08.862","0","0","0","0","67301","0","0","0","N","0","0","0","3","67301","0","","1.0","","1","N","N","N","0","","0","0","0","","0","","","2","0","0","0","0","0","0","2","0","2","","03","","N","","","","","","","","","",""
"2021031022","","0","0","0","0","0","0","0","0","0","4","0","","67","4","2021","2","39.957136","-75.151069","","6","0","0","0","0","0","0","1","0","","0","0","0","","","1","","5","","39 57:25.688","","2","75 09:03.847","8","0","0","0","67301","0","0","0","N","0","0","0","4","67301","0","","1.0","","1","N","N","N","0","","0","0","2","","2","","","2","1","0","0","0","1","2","2","0","2","","03","","N","","","","","","","","","",""
"2021056455","","1","0","0","0","0","0","0","0","0","1","0","","67","6","2021","6","40.036078","-75.016559","","6","0","0","0","0","0","0","0","1","","0","0","0","","","2","N","0","","40 02:09.882","","0","75 00:59.613","8","0","0","0","67301","0","0","0","N","0","0","0","2","68K01","0","","1.0","","9","N","N","N","0","","0","0","1","","0","","","2","2","0","0","0","2","0","2","0","2","","","","N","","","","","","","","","",""
"2021036693","","1","0","0","0","0","0","0","0","0","0","0","35","67","4","2021","3","39.913194","-75.180417","","6","0","0","0","0","0","0","0","0","","0","0","0","","","0","N","0","","39 54:47.500","3","3","75 10:49.500","0","0","0","0","67301","0","0","0","N","0","0","0","1","67501","0","","1.0","1731.0","1","N","N","N","0","","0","0","0","","0","N","","1","0","1","0","0","0","0","2","0","1","","03","N","Y","4","1","","","N","","","","Y","N"
"2021054427","","0","0","0","0","0","0","0","0","0","1","1","","67","6","2021","6","39.892152","-75.235772","","6","0","0","0","0","0","0","0","0","","0","1","0","","","0","N","0","","39 53:31.748","1","0","75 14:08.780","0","0","0","0","67301","0","0","0","N","0","0","0","6","68K01","0","","1.0","1300.0","1","N","N","N","1","","0","0","0","","0","Y","","2","0","0","0","0","0","0","2","0","2","","","","N","","","","","","","","","",""
"2021049072","","1","0","0","0","0","0","0","0","0","5","1","","67","5","2021","7","39.974364","-75.165181","","6","0","0","0","0","0","0","0","0","","0","1","0","","","0","N","0","","39 58:27.710","","0","75 09:54.650","9","0","0","0","67301","0","0","0","N","0","0","0","1","67301","0","","6.0","","1","N","N","N","0","","0","0","1","","0","","","3","0","0","0","0","0","1","2","0","3","","03","","N","","","","","","","","","",""
"2021056101","","0","0","1","0","0","0","0","0","0","7","0","","67","6","2021","4","39.969906","-75.12551","","6","0","0","0","0","0","1","0","0","","0","1","0","","","1","N","0","","39 58:11.663","1","0","75 07:31.836","2","0","0","0","67301","0","0","0","N","0","0","0","2","68K01","0","","4.0","2220.0","1","N","N","N","0","","0","1","1","","0","N","","2","1","0","0","0","0","0","2","0","2","","","","N","","","","","","","","","",""