"CRN","ARRIVAL_TM","AUTOMOBILE_COUNT","BELTED_DEATH_COUNT","BELTED_SUSP_SERIOUS_INJ_COUNT","BICYCLE_COUNT","BICYCLE_DEATH_COUNT","BICYCLE_SUSP_SERIOUS_INJ_COUNT","BUS_COUNT","CHLDPAS_DEATH_COUNT","CHLDPAS_SUSP_SERIOUS_INJ_COUNT","COLLISION_TYPE","COMM_VEH_COUNT","CONS_ZONE_SPD_LIM","COUNTY","CRASH_MONTH","CRASH_YEAR","DAY_OF_WEEK","DEC_LATITUDE","DEC_LONGITUDE","DISPATCH_TM","DISTRICT","DRIVER_COUNT_16YR","DRIVER_COUNT_17YR","DRIVER_COUNT_18YR","DRIVER_COUNT_19YR","DRIVER_COUNT_20YR","DRIVER_COUNT_50_64YR","DRIVER_COUNT_65_74YR","DRIVER_COUNT_75PLUS","EST_HRS_CLOSED","FATAL_COUNT","HEAVY_TRUCK_COUNT","HORSE_BUGGY_COUNT","HOUR_OF_DAY","ILLUMINATION","INJURY_COUNT","INTERSECTION_RELATED","INTERSECT_TYPE","LANE_CLOSED","LATITUDE","LN_CLOSE_DIR","LOCATION_TYPE","LONGITUDE","MAX_SEVERITY_LEVEL","MCYCLE_DEATH_COUNT","MCYCLE_SUSP_SERIOUS_INJ_COUNT","MOTORCYCLE_COUNT","MUNICIPALITY","NONMOTR_COUNT","NONMOTR_DEATH_COUNT","NONMOTR_SUSP_SERIOUS_INJ_COUNT","NTFY_HIWY_MAINT","PED_COUNT","PED_DEATH_COUNT","PED_SUSP_SERIOUS_INJ_COUNT","PERSON_COUNT","POLICE_AGCY","POSSIBLE_INJ_COUNT","RDWY_SURF_TYPE_CD","RELATION_TO_ROAD","ROADWAY_CLEARED","ROAD_CONDITION","SCH_BUS_IND","SCH_ZONE_IND","SECONDARY_CRASH","SMALL_TRUCK_COUNT","SPEC_JURIS_CD","SUSP_MINOR_INJ_COUNT","SUSP_SERIOUS_INJ_COUNT","SUV_COUNT","TCD_FUNC_CD","TCD_TYPE","TFC_DETOUR_IND","TIME_OF_DAY","TOTAL_UNITS","TOT_INJ_COUNT","UNBELTED_OCC_COUNT","UNB_DEATH_COUNT","UNB_SUSP_SERIOUS_INJ_COUNT","UNK_INJ_DEG_COUNT","UNK_INJ_PER_COUNT","URBAN_RURAL","VAN_COUNT","VEHICLE_COUNT","WEATHER1","WEATHER2","WORKERS_PRES","WORK_ZONE_IND","WORK_ZONE_LOC","WORK_ZONE_TYPE","WZ_CLOSE_DETOUR","WZ_FLAGGER","WZ_LAW_OFFCR_IND","WZ_LN_CLOSURE","WZ_MOVING","WZ_OTHER","WZ_SHLDER_MDN","WZ_WORKERS_INJ_KILLED"
"2021030129","","2","0","0","0","0","0","0","0","0","4","0","","67","4","2021","5","39.960936","-75.219453","","6","0","0","0","0","0","0","0","0","","0","0","0","","","4","","2","","39 57:39.369","","0","75 13:10.030","3","0","0","0","67301","0","0","0","N","0","0","0","4","67301","3","","1.0","","1","N","N","N","0","","1","0","0","","3","","","2","4","0","0","0","0","0","2","0","2","","","","N","","","","","","","","","",""
"2021034363","","1","0","0","0","0","0","0","0","0","5","0","45","67","4","2021","7","39.976885","-75.113743","","6","0","0","0","0","0","0","0","0","","0","0","0","","","1","N","0","","39 58:36.786","2","0","75 06:49.473","8","0","0","0","67301","0","0","0","N","0","0","0","2","68K01","0","","1.0","134.0","1","N","N","Y","1","","0","0","0","","0","N","","2","1","0","0","0","1","0","2","0","2","","","N","Y","4","1","","","N","","","","Y","N"
"2021030131","","1","0","0","0","0","0","0","0","0","4","0","","67","4","2021","5","39.958953","-75.235343","","6","0","0","0","0","0","0","0","0","","0","0","0","","","3","","1","","39 57:32.230","","0","75 14:07.234","3","0","0","0","67301","0","0","0","N","0","0","0","3","67301","1","","1.0","","1","N","N","N","0","","2","0","1","","3","","","2","3","0","0","0","0","0","2","0","2","","03","","N","","","","","","","","","",""
"2021030879","","3","0","0","0","0","0","0","0","0","4","0","","67","4","2021","7","39.923663","-75.183877","","6","0","0","0","0","0","0","0","0","","0","0","0","","","1","","1","","39 55:25.186","","0","75 11:01.957","8","0","0","0","67301","0","0","0","N","0","0","0","2","67301","0","","1.0","","1","N","N","N","0","","0","0","0","","3","","","3","1","0","0","0","1","0","2","0","3","","03","","N","","","","","","","","","",""
"2021031106","","0","0","0","0","0","0","0","0","0","7","0","","67","3","2021","4","39.889615","-75.219707","","6","0","0","0","0","0","0","0","0","","0","0","0","","","0","","6","","39 53:22.614","","8","75 13:10.944","0","0","0","0","67301","0","0","0","N","0","0","0","1","68K01","0","","2.0","","1","N","N","N","0","","0","0","1","","0","","","1","0","0","0","0","0","0","2","0","1","","03","","N","","","","","","","","","",""
"2021029394","","2","0","0","0","0","0","0","0","0","4","0","","67","3","2021","2","40.044356","-75.072627","","6","0","0","0","0","0","0","0","0","","0","0","0","","","0","","1","","40 02:39.682","","0","75 04:21.458","9","0","0","0","67301","0","0","0","N","0","0","0","3","67301","0","","1.0","","1","N","N","N","0","","0","0","0","","2","","","2","0","2","0","0","0","1","2","0","2","","03","","N","","","","","","","","","",""
"2021048656","","1","0","0","0","0","0","0","0","0","4","0","","67","5","2021","5","39.970527","-75.148883","","6","0","0","0","0","0","0","0","0","","0","1","0","","","5","","1","","39 58:13.897","7","0","75 08:55.980","3","0","0","0","67301","0","0","0","N","0","0","0","5","67301","0","","1.0","2000.0","1","N","N","Y","0","","4","0","1","","2","N","","3","5","0","0","0","1","0","2","0","3","","","","N","","","","","","","","","",""
"2021054410","","1","0","0","0","0","0","0","0","0","5","1","45","67","6","2021","3","40.013748","-75.057021","","6","0","0","0","0","0","2","0","0","","0","1","0","","","0","N","0","","40 00:49.493","2","0","75 03:25.276","0","0","0","0","67301","0","0","0","N","0","0","0","2","68K01","0","","1.0","1230.0","1","N","N","N","0","","0","0","0","","0","N","","2","0","0","0","0","0","0","2","0","2","","","Y","Y","4","1","N","N","N","N","N","N","Y","N"
"2021054077","","1","0","0","0","0","0","0","0","0","1","0","","67","6","2021","6","39.94542","-75.142631","","6","0","0","0","0","0","0","0","0","","0","0","0","","","1","N","0","","39 56:43.512","2","0","75 08:33.470","4","0","0","0","67301","0","0","0","N","0","0","0","2","68K01","1","","1.0","1720.0","9","N","N","N","0","","0","0","1","","0","N","","2","1","0","0","0","0","0","2","0","2","","","","N","","","","","","","","","",""
"2021038595","","1","0","0","0","0","0","0","0","0","5","0","","67","4","2021","7","39.937156","-75.217889","","6","0","0","0","0","0","0","0","0","","0","0","0","","","2","N","0","","39 56:13.760","","0","75 13:04.400","3","0","0","0","67301","0","0","0","N","0","0","0","3","67301","0","","1.0","","9","N","N","N","0","","2","0","2","","0","","","3","2","0","0","0","0","0","2","0","3","","","","N","","","","","","","","","",""
"2021049079","","1","0","0","0","0","0","0","0","0","4","0","","67","5","2021","1","40.020304","-75.114158","","6","0","0","0","0","0","0","0","0","","0","0","0","","","1","","1","","40 01:13.096","2","0","75 06:50.969","2","0","1","1","67301","0","0","0","N","0","0","0","2","67301","0","","1.0","1720.0","1","N","N","N","0","","0","1","0","","2","Y","","2","1","0","0","0","0","0","2","0","2","","04","","N","","","","","","","","","",""
"2021032827","","2","0","0","0","0","0","0","0","0","6","0","","67","4","2021","2","40.015078","-75.071133","","6","0","0","0","0","0","0","0","0","","0","0","0","","","0","N","0","","40 00:54.280","","0","75 04:16.080","0","0","0","0","67301","0","0","0","N","0","0","0","1","67301","0","","6.0","","1","N","N","N","0","","0","0","1","","0","","","3","0","0","0","0","0","0","2","0","3","","03","","N","","","","","","","","","",""
"2021031576","","1","0","0","0","0","0","0","0","0","4","0","","67","3","2021","3","40.007215","-75.213792","","6","0","0","1","0","0","0","0","0","","0","0","0","","","1","","1","","40 00:25.975","","0","75 12:49.652","8","0","0","0","67301","0","0","0","N","0","0","0","3","67301","0","","1.0","","1","N","N","N","0","","0","0","1","","2","","","2","1","0","0","0","1","2","2","0","2","","04","","N","","","","","","","","","",""
"2021032122","","2","0","0","0","0","0","0","0","0","5","0","","67","4","2021","6","39.927338","-75.144778","","6","0","0","0","0","0","0","0","0","","0","0","0","","","0","","1","","39 55:38.416","","0","75 08:41.201","0","0","0","0","67301","0","0","0","N","0","0","0","2","67301","0","","1.0","","1","N","N","N","0","","0","0","0","","2","","","2","0","0","0","0","0","0","2","0","2","","","","N","","","","","","","","","",""
"2021032536","","2","0","0","0","0","0","0","0","0","1","0","","67","4","2021","3","40.033079","-75.146043","","6","0","0","0","0","0","0","0","0","","0","0","0","","","2","N","0","","40 01:59.084","","0","75 08:45.754","8","0","0","0","67301","0","0","0","N","0","0","0","2","67301","0","","6.0","","99","N","N","N","0","","0","0","0","","0","","","2","2","2","0","0","2","0","2","0","2","","03","","N","","","","","","","","","",""
"2021030232","","0","0","0","0","0","0","0","0","0","7","0","","67","4","2021","6","39.883547","-75.223778","","6","0","0","0","0","0","0","0","0","","0","0","0","","","0","N","0","","39 53:00.770","","0","75 13:25.600","0","0","0","0","67301","0","0","0","N","0","0","0","1","67301","0","","4.0","","1","N","N","N","0","","0","0","0","","0","","","1","0","0","0","0","0","0","2","1","1","","03","","N","","","","","","","","","",""
"2021026029","","0","0","0","0","0","0","0","0","0","7","0","","67","3","2021","5","40.107331","-74.998974","","6","0","0","0","0","0","0","0","0","","0","0","0","","","0","N","0","","40 06:26.391","","2","74 59:56.308","9","0","0","0","67301","0","0","0","N","0","0","0","1","67301","0","","2.0","","1","N","N","N","1","","0","0","0","","0","","","1","0","0","0","0","0","1","2","0","1","","03","","N","","","","","","","","","",""
"2021055771","","0","0","0","0","0","0","0","0","0","4","0","","67","6","2021","5","39.971367","-75.240974","","6","0","0","0","1","0","0","0","0","","0","0","0","","","2","","1","","39 58:16.921","","0","75 14:27.506","3","0","0","0","67301","0","0","0","N","0","0","0","2","67301","0","","1.0","","1","N","N","Y","1","","2","0","2","","3","","","3","2","0","0","0","0","0","2","0","3","","03","","N","","","","","","","","","",""
"2021032328","","1","0","0","0","0","0","0","0","0","5","0","","67","4","2021","2","40.075689","-75.206731","","6","0","0","0","0","0","0","0","1","","0","0","0","","","0","N","0","","40 04:32.480","","0","75 12:24.230","0","0","0","0","67301","0","0","0","N","0","0","0","1","67301","0","","6.0","","1","N","N","N","0","","0","0","1","","0","","","2","0","0","0","0","0","0","2","0","2","","03","","N","","","","","","","","","",""
"2021030792","","0","0","0","0","0","0","0","0","0","5","0","","67","4","2021","1","40.001401","-75.152968","","6","0","0","0","0","0","1","0","0","","0","0","0","","","1","N","0","","40 00:05.042","","0","75 09:10.685","4","0","0","0","67301","0","0","0","N","0","0","0","2","67301","1","","6.0","","1","N","N","N","0","","0","0","0","","0","","","2","1","0","0","0","0","0","2","2","2","","03","","N","","","","","","","","","",""
"2021030389","","3","0","0","0","0","0","0","0","0","4","0","","67","4","2021","6","39.96646","-75.141039","","6","0","0","1","0","0","0","0","0","","0","0","0","","","0","","1","","39 57:59.256","","0","75 08:27.740","0","0","0","0","67301","0","0","0","N","0","0","0","5","67301","0","","1.0","","1","N","N","N","0","","0","0","3","","3","","","6","0","0","0","0","0","0","2","0","6","","03","","N","","","","","","","","","",""
"2021030416","","1","0","0","0","0","0","0","0","0","1","0","","67","3","2021","4","40.101664","-75.006195","","6","0","0","0","0","0","0","0","0","","0","0","0","","","0","","1","","40 06:05.989","","0","75 00:22.303","0","0","0","0","67301","0","0","0","N","0","0","0","3","67301","0","","1.0","","1","N","N","N","0","","0","0","0","","2","","","2","0","0","0","0","0","0","2","1","2","","03","","N","","","","","","","","","",""
"2021056065","","0","0","0","0","0","0","0","0","0","5","0","","67","5","2021","6","39.948221","-75.142098","","6","0","0","0","0","0","1","0","0","","0","0","0","","","0","N","0","","39 56:53.597","2","0","75 08:31.553","0","0","0","0","67301","0","0","0","N","0","0","0","3","68K01","0","","1.0","1730.0","9","N","N","N","0","","0","0","3","","0","N","","3","0","0","0","0","0","0","2","0","3","","","","N","","","","","","","","","",""
"2021050526","","1","0","0","0","0","0","0","0","0","1","0","","67","5","2021","2","39.977116","-75.199546","","6","0","0","0","0","0","0","0","0","","0","0","0","","","1","N","0","","39 58:37.616","3","0","75 11:58.366","8","0","0","0","67301","0","0","0","N","0","0","0","3","68K01","0","","1.0","130.0","1","N","N","N","0","","0","0","1","","0","N","","2","1","0","0","0","1","1","2","0","2","","03","","N","","","","","","","","","",""
"2021032241","","1","0","0","0","0","0","0","0","0","5","0","","67","3","2021","3","39.993661","-75.144917","","6","0","0","0","0","0","0","1","0","","0","0","0","","","0","N","0","","39 59:37.180","","0","75 08:41.700","0","0","0","0","67301","0","0","0","N","0","0","0","1","67301","0","","6.0","","1","N","N","N","0","","0","0","1","","0","","","2","0","0","0","0","0","0","2","0","2","","03","","N","","","","","","","","","",""
"2021030491","","0","0","0","0","0","0","0","0","0","5","0","","67","4","2021","7","39.978967","-75.160065","","6","0","0","0","0","0","0","0","0","","0","0","0","","","0","N","0","","39 58:44.281","4","0","75 09:36.235","0","0","0","0","67301","0","0","0","N","0","0","0","1","67505","0","","6.0","1130.0","1","N","N","N","1","","0","0","1","","0","Y","","2","0","0","0","0","0","0","2","0","2","","03","","N","","","","","","","","","",""
"2021030231","","3","0","0","0","0","0","0","0","0","1","0","","67","4","2021","6","39.916411","-75.151089","","6","0","0","0","0","0","0","0","0","","0","0","0","","","1","N","0","","39 54:59.080","","0","75 09:03.920","3","0","0","0","67301","0","0","0","N","0","0","0","2","67301","0","","6.0","","1","N","N","N","0","","1","0","0","","0","","","4","1","1","0","0","0","0","2","1","4","","03","","N","","","","","","","","","",""
"2021056117","","1","0","0","0","0","0","0","0","0","1","0","","67","6","2021","2","39.94536","-75.190536","","6","0","0","0","0","0","2","0","0","","0","0","0","","","1","Y","0","","39 56:43.295","3","0","75 11:25.930","8","0","0","0","67301","0","0","0","N","0","0","0","5","68K01","0","","1.0","1520.0","1","N","N","N","1","","0","0","1","","0","N","","3","1","0","0","0","1","0","2","0","3","","","","N","","","","","","","","","",""
"2021054207","","1","0","0","0","0","0","1","0","0","5","1","","67","6","2021","7","39.989343","-75.155473","","6","0","0","0","0","0","0","0","0","","0","0","0","","","2","N","1","","39 59:21.634","","0","75 09:19.704","8","0","0","0","67301","0","0","0","N","0","0","0","3","67505","0","","1.0","","1","N","Y","Y","0","","0","0","0","","2","","","2","2","0","0","0","2","0","2","0","2","","03","","N","","","","","","","","","",""
"2021056120","","2","0","0","0","0","0","0","0","0","5","0","","67","6","2021","3","39.934119","-75.145219","","6","0","0","0","0","0","0","1","0","","0","0","0","","","0","N","0","","39 56:02.829","2","0","75 08:42.788","0","0","0","0","67301","0","0","0","N","0","0","0","3","68K01","0","","1.0","422.0","9","N","N","N","0","","0","0","0","","0","N","","2","0","0","0","0","0","0","2","0","2","","07","","N","","","","","","","","","",""
"2021054721","","1","0","0","1","1","0","0","0","0","8","0","","67","6","2021","4","39.993931","-75.154462","","6","0","0","0","0","0","0","0","0","","1","0","0","","","1","","1","","39 59:38.150","5","0","75 09:16.063","1","0","0","0","67301","1","1","0","N","0","0","0","3","67301","0","2","1.0","2245.0","1","N","N","Y","0","0","1","0","1","","2","Y","","3","1","1","0","0","0","0","2","0","2","","03","","N","","","","","","","","","",""
"2021030680","","0","0","0","0","0","0","0","0","0","8","0","","67","3","2021","3","40.037168","-75.175948","","6","0","0","0","0","0","0","1","0","","0","0","0","","","1","N","0","","40 02:13.804","","0","75 10:33.412","3","0","0","0","67301","1","0","0","N","1","0","0","2","67301","0","","1.0","","9","N","N","N","0","","1","0","0","","0","","","2","1","0","0","0","0","0","2","0","1","","07","","N","","","","","","","","","",""
"2021053674","","1","0","0","0","0","0","0","0","0","8","0","","67","6","2021","1","40.013353","-75.159434","","6","0","0","0","0","0","0","0","0","","1","0","0","","","0","","2","","40 00:48.070","","0","75 09:33.962","1","0","0","0","67301","1","1","0","N","1","1","0","2","67301","0","2","1.0","","1","N","N","N","0","0","0","0","0","","0","","","2","0","0","0","0","0","1","2","0","1","","","","N","","","","","","","","","",""
"2021031763","","1","0","0","0","0","0","0","0","0","4","0","","67","4","2021","2","39.932193","-75.230754","","6","0","0","0","0","0","0","0","0","","0","0","0","","","2","N","0","","39 55:55.895","","0","75 13:50.714","3","0","0","0","67301","0","0","0","N","0","0","0","2","67301","0","","1.0","","1","N","N","N","0","","2","0","2","","0","","","4","2","0","0","0","0","0","2","1","4","","03","","N","","","","","","","","","",""
"2021038302","","3","0","0","0","0","0","0","0","0","5","0","","67","4","2021","7","39.934807","-75.19994","","6","0","0","0","0","0","0","1","0","","0","0","0","","","1","N","0","","39 56:05.306","3","0","75 11:59.784","2","0","0","0","67301","1","0","1","N","1","0","1","7","68K01","0","","1.0","30.0","1","N","N","N","0","","0","1","1","","7","N","","5","1","0","0","0","0","0","2","0","4","","","","N","","","","","","","","","",""
"2021029396","","1","0","0","0","0","0","0","0","0","4","0","","67","3","2021","2","39.924096","-75.157927","","6","0","0","0","0","0","0","0","0","","0","0","0","","","1","","1","","39 55:26.745","","0","75 09:28.537","3","0","0","0","67301","0","0","0","N","0","0","0","2","67301","0","","1.0","","1","N","N","N","0","","1","0","1","","3","","","2","1","2","0","0","0","0","2","0","2","","03","","N","","","","","","","","","",""
"2021054586","","3","0","0","0","0","0","0","0","0","6","0","","67","6","2021","2","40.028067","-75.130297","","6","0","0","0","0","0","0","0","0","","0","0","0","","","0","N","0","","40 01:41.040","","0","75 07:49.070","0","0","0","0","67301","0","0","0","N","0","0","0","1","67301","0","","1.0","","1","N","N","N","0","","0","0","4","","0","","","7","0","0","0","0","0","0","2","0","7","","03","","N","","","","","","","","","",""
"2021054018","","2","0","0","0","0","0","0","0","0","4","0","","67","6","2021","6","39.925854","-75.181168","","6","0","0","0","0","0","0","0","0","","0","0","0","","","0","","1","","39 55:33.075","","0","75 10:52.206","0","0","0","0","67301","0","0","0","N","0","0","0","2","67301","0","","1.0","","9","N","N","N","0","","0","0","0","","2","","","2","0","0","0","0","0","0","2","0","2","","","","N","","","","","","","","","",""
"2021030953","","3","0","0","0","0","0","0","0","0","4","0","","67","4","2021","1","39.995915","-75.092064","","6","0","0","0","0","0","1","0","0","","0","0","0","","","2","","1","","39 59:45.293","6","0","75 05:31.432","4","0","0","0","67301","0","0","0","N","0","0","0","3","67301","2","","1.0","100.0","1","N","N","N","0","","0","0","0","","2","N","","3","2","0","0","0","0","0","2","0","3","","03","","N","","","","","","","","","",""
"2021031402","","4","0","0","0","0","0","0","0","0","6","0","","67","4","2021","2","39.984859","-75.187891","","6","0","0","0","0","0","1","0","0","","0","0","0","","","4","N","0","","39 59:05.491","","0","75 11:16.408","3","0","0","0","67301","0","0","0","N","0","0","0","4","67301","0","","1.0","","1","N","N","Y","1","","4","0","2","","0","","","8","4","0","0","0","0","0","2","1","8","","","","N","","","","","","","","","",""
"2021030880","","1","0","0","0","0","0","0","0","0","4","0","","67","4","2021","1","40.028662","-75.20553","","6","0","0","0","0","0","0","0","0","","0","0","0","","","1","","1","","40 01:43.183","","0","75 12:19.909","3","0","0","0","67301","0","0","0","N","0","0","0","2","67301","0","","1.0","","1","N","N","N","1","","1","0","0","","2","","","2","1","0","0","0","0","0","2","0","2","","03","","N","","","","","","","","","",""
"2021056471","","2","0","0","0","0","0","0","0","0","5","0","","67","6","2021","3","40.007204","-75.200247","","6","0","0","0","0","0","1","1","0","","0","0","0","","","1","N","7","","40 00:25.935","3","2","75 12:00.888","8","0","0","0","67301","0","0","0","N","0","0","0","4","68K01","0","","1.0","1610.0","1","N","N","N","0","","0","0","1","","0","N","","3","1","0","0","0","1","0","2","0","3","","03","","N","","","","","","","","","",""
"2021030479","","0","0","0","0","0","0","0","0","0","4","0","","67","4","2021","5","40.057924","-75.233599","","6","0","0","0","0","0","0","0","0","","0","0","0","","","0","","1","","40 03:28.526","1","0","75 14:00.956","9","0","0","0","67301","0","0","0","N","0","0","0","3","67301","0","","1.0","1020.0","1","N","N","N","0","","0","0","2","","2","N","","2","0","0","0","0","0","1","2","0","2","","04","","N","","","","","","","","","",""
"2021030197","","2","0","0","0","0","0","0","0","0","1","0","","67","4","2021","6","39.980213","-75.157468","","6","0","0","0","0","0","0","0","0","","0","0","0","","","1","","1","","39 58:48.767","3","0","75 09:26.884","4","0","0","0","67301","0","0","0","N","0","0","0","6","67505","1","","1.0","1220.0","1","N","N","N","0","","0","0","1","","2","Y","","3","1","2","0","0","0","0","2","0","3","","03","","N","","","","","","","","","",""
"2021031925","","1","0","0","0","0","0","0","0","0","4","0","","67","4","2021","6","39.953772","-75.228207","","6","0","0","0","0","0","0","0","0","","0","0","0","","","1","","1","","39 57:13.579","","0","75 13:41.545","3","0","0","0","67301","0","0","0","N","0","0","0","2","67301","0","","1.0","","1","N","N","N","0","","1","0","1","","2","","","2","1","0","0","0","0","0","2","0","2","","03","","N","","","","","","","","","",""
"2021028858","","0","0","0","0","0","0","0","0","0","4","0","","67","3","2021","2","39.969664","-75.211523","","6","0","0","0","0","0","0","0","0","","0","0","0","","","0","","1","","39 58:10.789","","0","75 12:41.484","9","0","0","0","67301","0","0","0","N","0","0","0","2","67301","0","","1.0","","1","N","N","N","0","","0","0","2","","2","","","2","0","0","0","0","0","2","2","0","2","","03","","N","","","","","","","","","",""
"2021055329","","0","0","0","0","0","0","0","0","0","7","0","","67","6","2021","4","40.007126","-75.069381","","6","0","0","0","0","0","0","0","0","","0","0","0","","","0","N","6","","40 00:25.655","","2","75 04:09.770","0","0","0","0","67301","0","0","0","N","0","0","0","1","68K01","0","","2.0","","1","N","N","N","0","","0","0","1","","0","","","1","0","0","0","0","0","0","2","0","1","","","","N","","","","","","","","","",""
"2021054508","","0","0","0","0","0","0","0","0","0","4","0","","67","6","2021","1","40.035581","-75.123882","","6","0","0","0","0","0","0","0","0","","0","0","0","","","0","","1","","40 02:08.091","","0","75 07:25.976","0","0","0","0","67301","0","0","0","N","0","0","0","1","67301","0","","1.0","","1","N","N","N","0","","0","0","2","","2","","","2","0","0","0","0","0","0","2","0","2","","03","","N","","","","","","","","","",""
"2021031888","","1","0","0","0","0","0","0","0","0","7","0","","67","4","2021","3","40.004459","-75.076037","","6","0","0","0","0","0","0","0","0","","0","0","0","","","0","N","0","","40 00:16.054","","2","75 04:33.732","9","0","0","0","67301","0","0","0","N","0","0","0","1","68K01","0","","4.0","","1","N","N","N","0","","0","0","0","","0","","","1","0","0","0","0","0","1","2","0","1","","","","N","","","","","","","","","",""
"2021031917","","1","0","0","0","0","0","0","0","0","5","0","","67","4","2021","1","39.904076","-75.197435","","6","0","0","0","1","0","0","0","0","","0","0","0","","","0","N","0","","39 54:14.674","6","0","75 11:50.765","0","0","0","0","67301","0","0","0","N","0","0","0","2","67301","0","","1.0","300.0","1","N","N","N","0","","0","0","1","","0","Y","","2","0","0","0","0","0","0","2","0","2","","03","","N","","","","","","","","","",""
"2021054284","","0","0","0","0","0","0","1","0","0","5","1","","67","6","2021","7","39.927079","-75.190731","","6","0","0","0","0","0","1","0","0","","0","0","0","","","0","N","0","","39 55:37.484","","0","75 11:26.631","0","0","0","0","67301","0","0","0","N","0","0","0","1","67301","0","","6.0","","1","N","N","N","0","","0","0","1","","0","","","2","0","0","0","0","0","0","2","0","2","","03","","N","","","","","","","","","",""
"2021032911","","1","0","0","0","0","0","0","0","0","1","0","","67","4","2021","5","39.919556","-75.203563","","6","0","0","0","0","0","1","0","0","","0","0","0","","","0","N","0","","39 55:10.401","4","3","75 12:12.826","0","0","0","0","67301","0","0","0","N","0","0","0","2","67301","0","","1.0","815.0","9","N","N","N","1","","0","0","0","","0","N","","2","0","0","0","0","0","0","2","0","2","","07","","N","","","","","","","","","",""
"2021032753","","0","0","0","0","0","0","0","0","0","4","0","","67","4","2021","2","40.01271","-75.072515","","6","0","0","0","1","0","0","0","0","","0","0","0","","","1","N","0","","40 00:45.756","","7","75 04:21.053","3","0","0","1","67301","0","0","0","N","0","0","0","3","67301","0","","1.0","","1","N","N","N","0","","1","0","1","","0","","","3","1","0","0","0","0","0","2","0","3","","03","","N","","","","","","","","","",""
"2021031960","","0","0","0","0","0","0","0","0","0","5","0","","67","4","2021","7","40.024344","-75.057067","","6","0","0","0","0","0","0","0","0","","0","0","0","","","0","N","0","","40 01:27.638","","0","75 03:25.442","9","0","0","0","67301","0","0","0","N","0","0","0","1","67301","0","","6.0","","1","N","N","N","0","","0","0","2","","0","","","2","0","0","0","0","0","1","2","0","2","","03","","N","","","","","","","","","",""
"2021053599","","1","0","0","0","0","0","0","0","0","8","0","","67","6","2021","6","40.051961","-75.050731","","6","0","0","0","0","0","0","0","0","","1","0","0","","","0","N","0","","40 03:07.059","1","0","75 03:02.633","1","0","0","0","67301","1","1","0","N","1","1","0","2","67301","0","2","1.0","2245.0","1","N","N","N","0","0","0","0","0","","0","N","","2","0","0","0","0","0","0","2","0","1","","03","","N","","","","","","","","","",""
"2021030787","","1","0","0","0","0","0","0","0","0","4","0","","67","4","2021","1","40.026781","-75.152052","","6","0","0","0","0","0","1","0","0","","0","0","0","","","0","","3","","40 01:36.411","","0","75 09:07.387","0","0","0","0","67301","0","0","0","N","0","0","0","2","67301","0","","1.0","","1","N","N","N","0","","0","0","1","","3","","","2","0","0","0","0","0","0","2","0","2","","03","","N","","","","","","","","","",""
"2021030682","","1","0","0","0","0","0","0","0","0","1","0","","67","4","2021","7","39.967365","-75.225002","","6","0","0","0","0","0","0","0","0","","0","0","0","","","0","N","0","","39 58:02.515","","0","75 13:30.008","0","0","0","0","67301","0","0","0","N","0","0","0","1","67301","0","","1.0","","1","N","N","N","0","","0","0","0","","0","","","2","0","0","0","0","0","0","2","0","2","","","","N","","","","","","","","","",""
"2021030704","","1","0","0","0","0","0","1","0","0","2","1","","67","4","2021","1","39.947315","-75.194897","","6","0","0","0","0","0","1","0","0","","0","0","0","","","2","","2","","39 56:50.333","4","0","75 11:41.630","3","0","0","0","67301","0","0","0","N","0","0","0","2","67504","0","","1.0","800.0","1","N","N","N","0","","1","0","0","","2","Y","","2","2","0","0","0","1","0","2","0","2","","03","","N","","","","","","","","","",""
"2021030242","","1","0","0","0","0","0","0","0","0","1","0","","67","3","2021","3","39.980483","-75.224714","","6","0","0","0","0","0","1","0","0","","0","0","0","","","1","","1","","39 58:49.738","","0","75 13:28.970","3","0","0","0","67301","0","0","0","N","0","0","0","2","67301","0","","1.0","","1","N","N","N","0","","1","0","1","","2","","","2","1","0","0","0","0","0","2","0","2","","03","","N","","","","","","","","","",""
"2021026200","","2","0","0","0","0","0","0","0","0","5","0","","67","3","2021","5","39.914472","-75.234172","","6","0","0","0","0","0","0","0","0","","0","0","0","","","0","N","0","","39 54:52.100","1","0","75 14:03.020","0","0","0","0","67301","0","0","0","N","0","0","0","1","67301","0","","6.0","700.0","1","N","N","Y","0","","0","0","2","","0","N","","4","0","0","0","0","0","0","2","0","4","","03","","N","","","","","","","","","",""
"2021031580","","1","0","0","0","0","0","0","0","0","1","0","","67","4","2021","3","39.998705","-75.166884","","6","0","0","0","0","1","0","0","0","","0","0","0","","","0","","1","","39 59:55.338","","0","75 10:00.782","0","0","0","0","67301","0","0","0","N","0","0","0","2","67301","0","","1.0","","1","N","N","N","0","","0","0","1","","2","","","2","0","1","0","0","0","0","2","0","2","","03","","N","","","","","","","","","",""
"2021033617","","2","0","0","0","0","0","0","0","0","4","0","","67","4","2021","6","39.999745","-75.138532","","6","0","0","0","0","0","0","0","0","","0","0","0","","","0","","1","","39 59:59.082","","0","75 08:18.715","0","0","0","0","67301","0","0","0","N","0","0","0","2","67301","0","","1.0","","1","N","N","N","0","","0","0","1","","2","","","3","0","0","0","0","0","0","2","0","3","","98","","N","","","","","","","","","",""