"CRN","ARRIVAL_TM","AUTOMOBILE_COUNT","BELTED_DEATH_COUNT","BELTED_SUSP_SERIOUS_INJ_COUNT","BICYCLE_COUNT","BICYCLE_DEATH_COUNT","BICYCLE_SUSP_SERIOUS_INJ_COUNT","BUS_COUNT","CHLDPAS_DEATH_COUNT","CHLDPAS_SUSP_SERIOUS_INJ_COUNT","COLLISION_TYPE","COMM_VEH_COUNT","CONS_ZONE_SPD_LIM","COUNTY","CRASH_MONTH","CRASH_YEAR","DAY_OF_WEEK","DEC_LATITUDE","DEC_LONGITUDE","DISPATCH_TM","DISTRICT","DRIVER_COUNT_16YR","DRIVER_COUNT_17YR","DRIVER_COUNT_18YR","DRIVER_COUNT_19YR","DRIVER_COUNT_20YR","DRIVER_COUNT_50_64YR","DRIVER_COUNT_65_74YR","DRIVER_COUNT_75PLUS","EST_HRS_CLOSED","FATAL_COUNT","HEAVY_TRUCK_COUNT","HORSE_BUGGY_COUNT","HOUR_OF_DAY","ILLUMINATION","INJURY_COUNT","INTERSECTION_RELATED","INTERSECT_TYPE","LANE_CLOSED","LATITUDE","LN_CLOSE_DIR","LOCATION_TYPE","LONGITUDE","MAX_SEVERITY_LEVEL","MCYCLE_DEATH_COUNT","MCYCLE_SUSP_SERIOUS_INJ_COUNT","MOTORCYCLE_COUNT","MUNICIPALITY","NONMOTR_COUNT","NONMOTR_DEATH_COUNT","NONMOTR_SUSP_SERIOUS_INJ_COUNT","NTFY_HIWY_MAINT","PED_COUNT","PED_DEATH_COUNT","PED_SUSP_SERIOUS_INJ_COUNT","PERSON_COUNT","POLICE_AGCY","POSSIBLE_INJ_COUNT","RDWY_SURF_TYPE_CD","RELATION_TO_ROAD","ROADWAY_CLEARED","ROAD_CONDITION","SCH_BUS_IND","SCH_ZONE_IND","SECONDARY_CRASH","SMALL_TRUCK_COUNT","SPEC_JURIS_CD","SUSP_MINOR_INJ_COUNT","SUSP_SERIOUS_INJ_COUNT","SUV_COUNT","TCD_FUNC_CD","TCD_TYPE","TFC_DETOUR_IND","TIME_OF_DAY","TOTAL_UNITS","TOT_INJ_COUNT","UNBELTED_OCC_COUNT","UNB_DEATH_COUNT","UNB_SUSP_SERIOUS_INJ_COUNT","UNK_INJ_DEG_COUNT","UNK_INJ_PER_COUNT","URBAN_RURAL","VAN_COUNT","VEHICLE_COUNT","WEATHER1","WEATHER2","WORKERS_PRES","WORK_ZONE_IND","WORK_ZONE_LOC","WORK_ZONE_TYPE","WZ_CLOSE_DETOUR","WZ_FLAGGER","WZ_LAW_OFFCR_IND","WZ_LN_CLOSURE","WZ_MOVING","WZ_OTHER","WZ_SHLDER_MDN","WZ_WORKERS_INJ_KILLED"
"2021030380","","1","0","0","0","0","0","0","0","0","5","0","","67","4","2021","6","40.079063","-75.173951","","6","0","0","0","0","1","0","0","0","","0","0","0","","","1","N","0","","40 04:44.626","6","0","75 10:26.223","3","0","0","0","67301","0","0","0","N","0","0","0","2","67301","0","","1.0","1405.0","1","N","N","N","0","","1","0","2","","0","N","","3","1","1","0","0","0","0","2","0","3","","03","","N","","","","","","","","","",""
"2021054891","","1","0","0","0","0","0","0","0","0","1","0","","67","6","2021","7","39.960021","-75.178981","","6","0","0","1","0","0","0","0","0","","0","0","0","","","0","N","0","","39 57:36.077","4","0","75 10:44.331","0","0","0","0","67301","0","0","0","N","0","0","0","3","68K01","0","","1.0","1035.0","1","N","N","N","0","","0","0","1","","0","N","","2","0","0","0","0","0","0","2","0","2","","","","N","","","","","","","","","",""
"2021055493","","1","0","0","0","0","0","1","0","0","5","1","","67","6","2021","7","39.994145","-75.156155","","6","0","0","0","0","0","1","0","0","","0","0","0","","","1","","1","","39 59:38.922","","0","75 09:22.157","4","0","0","0","67301","0","0","0","N","0","0","0","2","67508","1","","1.0","","1","N","N","Y","0","","0","0","0","","2","","","2","1","0","0","0","0","0","2","0","2","","03","","N","","","","","","","","","",""
"2021030951","","1","0","0","0","0","0","0","0","0","4","0","","67","4","2021","1","39.957205","-75.155489","","6","0","0","0","0","0","0","0","0","","0","0","0","","","2","","1","","39 57:25.938","","3","75 09:19.761","3","0","0","0","67301","0","0","0","N","0","0","0","5","67301","0","","1.0","","1","N","N","N","0","","1","0","1","","2","","","2","2","0","0","0","1","2","2","0","2","","03","","N","","","","","","","","","",""
"2021055388","","2","0","0","0","0","0","0","0","0","4","0","","67","6","2021","2","39.966086","-75.235839","","6","0","0","0","0","0","0","0","0","","0","0","0","","","1","","1","","39 57:57.911","5","0","75 14:09.021","4","0","0","0","67301","0","0","0","N","0","0","0","2","67301","1","","1.0","2359.0","1","N","N","N","0","","0","0","0","","3","Y","","2","1","0","0","0","0","1","2","0","2","","03","","N","","","","","","","","","",""
"2021024816","","1","0","0","0","0","0","0","0","0","5","0","","67","3","2021","1","39.939317","-75.151986","","6","0","0","0","0","0","0","0","0","","0","0","0","","","1","N","0","","39 56:21.540","3","0","75 09:07.150","2","0","0","0","67301","0","0","0","N","0","0","0","1","67301","0","","6.0","1900.0","1","N","N","N","0","","0","1","1","","0","Y","","2","1","1","0","1","0","0","2","0","2","","","","N","","","","","","","","","",""
"2021055091","","1","0","0","0","0","0","0","0","0","8","0","","67","6","2021","2","40.00194","-75.140075","","6","0","0","0","0","0","0","0","0","","0","0","0","","","1","","1","","40 00:06.984","","0","75 08:24.270","3","0","0","0","67301","1","0","0","N","1","0","0","1","67301","0","","2.0","","1","N","N","N","0","","1","0","0","","3","","","2","1","0","0","0","0","0","2","0","1","","03","","N","","","","","","","","","",""
"2021030235","","1","0","0","0","0","0","0","0","0","4","0","","67","4","2021","5","39.941923","-75.213886","","6","0","0","0","0","0","1","0","0","","0","0","0","","","1","","1","","39 56:30.922","6","0","75 12:49.989","8","0","0","0","67301","0","0","0","N","0","0","0","3","67301","0","","1.0","1000.0","9","N","N","N","0","","0","0","1","","2","Y","","2","1","0","0","0","1","1","2","0","2","","07","","N","","","","","","","","","",""
"2021054808","","3","0","0","0","0","0","0","0","0","1","0","","67","5","2021","6","39.946142","-75.142209","","6","0","0","0","0","0","0","1","0","","0","0","0","","","0","N","0","","39 56:46.110","2","0","75 08:31.952","9","0","0","0","67301","0","0","0","N","0","0","0","9","68K01","0","","1.0","1730.0","9","N","N","N","0","","0","0","1","","0","N","","5","0","0","0","0","0","1","2","0","5","","","","N","","","","","","","","","",""
"2021055594","","2","0","0","0","0","0","0","0","0","4","0","","67","6","2021","4","39.909628","-75.172887","","6","0","0","0","1","0","1","0","0","","0","0","0","","","1","N","0","","39 54:34.659","1","0","75 10:22.393","8","0","0","0","67301","0","0","0","N","0","0","0","2","67505","0","","1.0","1712.0","1","N","N","N","0","","0","0","0","","0","Y","","2","1","0","0","0","1","0","2","0","2","","03","","N","","","","","","","","","",""
"2021054819","","1","0","0","0","0","0","0","0","0","5","0","","67","5","2021","1","39.901624","-75.151837","","6","0","0","0","0","0","1","0","0","","0","0","0","","","5","N","0","","39 54:05.848","1","0","75 09:06.612","8","0","0","0","67301","0","0","0","N","0","0","0","5","68K01","0","","1.0","1930.0","1","N","N","N","0","","0","0","0","","0","N","","2","5","2","0","0","5","0","2","1","2","","","","N","","","","","","","","","",""
"2021030137","","1","0","0","0","0","0","0","0","0","1","0","","67","3","2021","4","40.011481","-75.182139","","6","0","0","0","0","0","0","0","0","","0","0","0","","","1","","2","","40 00:41.333","","0","75 10:55.699","3","0","0","0","67301","0","0","0","N","0","0","0","2","67301","0","","1.0","","9","N","N","N","0","","1","0","1","","2","","","2","1","0","0","0","0","0","2","0","2","","04","","N","","","","","","","","","",""
"2021035570","","3","0","0","0","0","0","0","0","0","5","0","","67","4","2021","7","39.934219","-75.187567","","6","0","0","0","0","0","0","0","0","","0","0","0","","","0","N","0","","39 56:03.190","","0","75 11:15.240","0","0","0","0","67301","0","0","0","N","0","0","0","1","67301","0","","6.0","","1","N","N","N","0","","0","0","0","","0","","","3","0","0","0","0","0","0","2","0","3","","03","","N","","","","","","","","","",""
"2021050980","","1","0","0","0","0","0","0","0","0","5","0","","67","6","2021","3","40.082339","-74.983411","","6","0","0","0","0","0","0","0","0","","0","0","0","","","0","N","0","","40 04:56.420","","0","74 59:00.280","0","0","0","0","67301","0","0","0","N","0","0","0","2","67301","0","","1.0","","1","N","N","N","0","","0","0","1","","0","","","2","0","0","0","0","0","0","2","0","2","","03","","N","","","","","","","","","",""
"2021055369","","0","0","0","0","0","0","0","0","0","7","0","","67","6","2021","3","39.99932","-75.080335","","6","0","0","0","0","0","0","0","0","","0","0","0","","","0","N","0","","39 59:57.552","","0","75 04:49.207","0","0","0","0","67301","0","0","0","N","0","0","0","1","68K01","0","","4.0","","8","N","N","N","1","","0","0","0","","0","","","1","0","0","0","0","0","0","2","0","1","","","","N","","","","","","","","","",""
"2021031020","","2","0","0","0","0","0","0","0","0","4","0","","67","3","2021","3","40.044377","-75.217824","","6","0","0","0","0","1","0","0","0","","0","0","0","","","2","","2","","40 02:39.757","","0","75 13:04.166","8","0","0","0","67301","0","0","0","N","0","0","0","3","67301","0","","1.0","","1","N","N","N","0","","0","0","0","","0","","","2","2","0","0","0","2","0","2","0","2","","","","N","","","","","","","","","",""
"2021030781","","2","0","0","0","0","0","0","0","0","4","0","","67","4","2021","7","39.942325","-75.233821","","6","0","0","0","0","0","0","0","0","","0","0","0","","","1","","1","","39 56:32.369","","0","75 14:01.754","3","0","0","0","67301","0","0","0","N","0","0","0","2","67301","0","","1.0","","1","N","N","N","0","","1","0","1","","2","","","4","1","0","0","0","0","0","2","1","4","","03","","N","","","","","","","","","",""
"2021032025","","2","0","0","0","0","0","0","0","0","1","0","","67","4","2021","3","39.976416","-75.119678","","6","0","0","0","0","0","0","0","0","","0","0","0","","","1","","1","","39 58:35.096","","0","75 07:10.841","8","0","0","0","67301","0","0","0","N","0","0","0","2","67301","0","","1.0","","99","N","N","N","0","","0","0","0","","2","","","2","1","0","0","0","1","0","2","0","2","","","","N","","","","","","","","","",""
"2021055239","","1","0","0","0","0","0","0","0","0","1","0","","67","6","2021","1","39.971462","-75.159522","","6","0","0","0","0","0","0","0","0","","0","0","0","","","0","","1","","39 58:17.264","2","0","75 09:34.278","0","0","0","0","67301","0","0","0","N","0","0","0","1","67301","0","","1.0","211.0","1","N","N","N","0","","0","0","1","","2","N","","2","0","0","0","0","0","0","2","0","2","","03","","N","","","","","","","","","",""
"2021055551","","0","0","0","0","0","0","1","0","0","4","1","","67","6","2021","7","39.962345","-75.143075","","6","0","0","0","0","0","0","0","0","","0","0","0","","","1","","1","","39 57:44.442","","0","75 08:35.070","4","0","0","0","67301","0","0","0","N","0","0","0","2","67508","1","","1.0","","1","N","N","Y","0","","0","0","2","","2","","","3","1","0","0","0","0","0","2","0","3","","03","","N","","","","","","","","","",""
"2021054289","","1","0","0","0","0","0","0","0","0","1","1","","67","6","2021","7","39.973413","-75.211146","","6","0","0","0","0","0","0","0","0","","0","1","0","","","3","N","0","","39 58:24.288","6","0","75 12:40.125","3","0","0","0","67301","0","0","0","N","0","0","0","3","67301","0","","1.0","30.0","1","N","N","N","0","","2","0","0","","0","Y","","2","3","1","0","0","1","0","2","0","2","","","","N","","","","","","","","","",""
"2021031151","","2","0","0","0","0","0","0","0","0","7","0","","67","4","2021","7","39.957115","-75.15616","","6","0","0","0","1","0","0","0","0","","0","0","0","","","1","N","0","","39 57:25.613","4","0","75 09:22.176","8","0","0","0","67301","0","0","0","N","0","0","0","2","68K01","0","","2.0","30.0","1","N","N","Y","0","","0","0","0","","0","N","","2","1","0","0","0","1","0","2","0","2","","03","","N","","","","","","","","","",""
"2021035585","","0","0","0","0","0","0","0","0","0","6","0","","67","3","2021","4","39.975229","-75.188669","","6","0","0","0","0","0","0","1","0","","0","0","0","","","1","Y","0","","39 58:30.824","","0","75 11:19.207","8","0","0","0","67301","0","0","0","N","0","0","0","4","67301","0","","1.0","","1","N","N","Y","0","","0","0","1","","2","","","3","1","0","0","0","1","0","2","1","3","","03","","N","","","","","","","","","",""
"2021030482","","1","0","0","0","0","0","0","0","0","1","0","","67","4","2021","6","39.976091","-75.168731","","6","0","0","0","0","0","1","0","0","","0","0","0","","","1","N","0","","39 58:33.926","","0","75 10:07.430","3","0","0","0","67301","0","0","0","N","0","0","0","2","67301","0","","1.0","","1","N","N","N","0","","1","0","1","","0","","","2","1","0","0","0","0","1","2","0","2","","03","","N","","","","","","","","","",""
"2021030585","","0","0","0","0","0","0","0","0","0","4","0","","67","4","2021","5","40.088441","-75.04401","","6","0","0","0","0","0","0","2","0","","0","0","0","","","1","","1","","40 05:18.389","","0","75 02:38.436","3","0","0","0","67301","0","0","0","N","0","0","0","2","67301","0","","1.0","","1","N","N","N","1","","1","0","1","","2","","","2","1","2","0","0","0","0","2","0","2","","03","","N","","","","","","","","","",""
"2021029077","","1","0","0","0","0","0","0","0","0","4","0","","67","3","2021","2","39.952871","-75.212184","","6","0","0","0","0","0","0","0","0","","0","0","0","","","0","","1","","39 57:10.335","","0","75 12:43.862","0","0","0","0","67301","0","0","0","N","0","0","0","2","67301","0","","1.0","","1","N","N","N","0","","0","0","0","","2","","","2","0","0","0","0","0","0","2","1","2","","03","","N","","","","","","","","","",""
"2021030419","","2","0","0","0","0","0","0","0","0","5","0","","67","4","2021","6","40.058172","-75.142233","","6","0","0","0","0","0","0","0","0","","0","0","0","","","0","N","0","","40 03:29.420","","0","75 08:32.040","0","0","0","0","67301","0","0","0","N","0","0","0","1","67301","0","","6.0","","1","N","N","N","0","","0","0","0","","0","","","2","0","1","0","0","0","0","2","0","2","","","","N","","","","","","","","","",""
"2021030782","","2","0","0","0","0","0","0","0","0","1","0","","67","4","2021","1","39.967161","-75.200111","","6","0","0","0","0","0","1","0","0","","0","0","0","","","0","N","0","","39 58:01.780","7","0","75 12:00.400","0","0","0","0","67301","0","0","0","N","0","0","0","2","67301","0","","1.0","830.0","1","N","N","N","0","","0","0","1","","0","Y","","3","0","1","0","0","0","0","2","0","3","","03","","N","","","","","","","","","",""
"2021030377","","0","0","0","0","0","0","0","0","0","4","0","","67","4","2021","6","39.972278","-75.158417","","6","0","0","0","0","0","1","0","0","","0","0","0","","","0","N","0","","39 58:20.200","1","7","75 09:30.300","0","0","0","0","67301","0","0","0","N","0","0","0","2","67505","0","","1.0","1845.0","1","N","N","N","0","","0","0","2","","0","Y","","2","0","0","0","0","0","0","2","0","2","","03","","N","","","","","","","","","",""
"2021031270","","1","0","0","1","0","0","0","0","0","8","0","","67","4","2021","2","39.93945","-75.161592","","6","0","0","0","0","0","0","0","0","","0","0","0","","","1","N","0","","39 56:22.020","","0","75 09:41.730","3","0","0","0","67301","1","0","0","N","0","0","0","2","67301","0","","1.0","","1","N","N","N","0","","1","0","1","","0","","","3","1","0","0","0","0","0","2","0","2","","03","","N","","","","","","","","","",""
"2021026269","","1","0","0","0","0","0","0","0","0","5","0","","67","3","2021","6","40.007735","-75.075593","","6","0","0","0","0","0","0","0","0","","0","0","0","","","1","N","0","","40 00:27.845","","0","75 04:32.133","3","0","0","0","67301","1","0","0","N","1","0","0","3","67301","0","","1.0","","1","N","N","N","0","","1","0","1","","0","","","3","1","0","0","0","0","0","2","0","2","","","","N","","","","","","","","","",""
"2021053558","","0","0","0","0","0","0","0","0","0","7","0","","67","6","2021","3","39.914025","-75.192109","","6","0","0","0","0","0","0","0","0","","1","0","0","","","0","N","0","","39 54:50.490","1","0","75 11:31.593","1","0","0","0","67301","0","0","0","N","0","0","0","1","67301","0","2","4.0","551.0","1","N","N","N","0","0","0","0","0","","0","Y","","1","0","1","1","0","0","0","2","1","1","","03","","N","","","","","","","","","",""
"2021031896","","1","0","0","0","0","0","0","0","0","1","0","","67","4","2021","3","39.957877","-75.16189","","6","0","0","0","0","0","1","0","0","","0","0","0","","","1","N","0","","39 57:28.357","","0","75 09:42.804","8","0","0","0","67301","0","0","0","N","0","0","0","3","68K01","0","","1.0","","1","N","N","N","0","","0","0","1","","0","","","2","1","0","0","0","1","0","2","0","2","","","","N","","","","","","","","","",""
"2021054023","","0","0","0","0","0","0","0","0","0","4","0","","67","6","2021","6","39.989801","-75.18345","","6","0","0","0","0","0","0","0","0","","0","0","0","","","0","","1","","39 59:23.283","","0","75 11:00.420","9","0","0","0","67301","0","0","0","N","0","0","0","3","67301","0","","1.0","","9","N","N","N","0","","0","0","2","","3","","","3","0","0","0","0","0","1","2","0","3","","07","","N","","","","","","","","","",""
"2021053771","","0","0","1","0","0","0","0","0","0","1","1","","67","6","2021","6","40.052077","-75.141781","","6","0","0","0","0","0","0","1","0","","0","1","0","","","2","","1","","40 03:07.476","2","0","75 08:30.412","2","0","0","0","67301","0","0","0","N","0","0","0","3","67301","0","","1.0","1046.0","1","N","N","N","0","","0","2","1","","2","N","","2","2","0","0","0","0","0","2","0","2","","03","","N","","","","","","","","","",""
"2021031406","","0","0","0","1","0","0","0","0","0","8","0","","67","4","2021","2","40.000852","-75.110325","","6","0","0","0","0","0","0","0","0","","0","0","0","","","1","","1","","40 00:03.067","","0","75 06:37.169","3","0","0","0","67301","1","0","0","N","0","0","0","2","67301","0","","1.0","","1","N","N","N","0","","1","0","0","","2","","","2","1","1","0","0","0","0","2","1","1","","03","","N","","","","","","","","","",""
"2021031760","","2","0","0","0","0","0","0","0","0","4","0","","67","4","2021","3","40.063974","-75.059602","","6","0","0","0","0","0","1","0","0","","0","0","0","","","1","","1","","40 03:50.306","","0","75 03:34.568","3","0","0","0","67301","0","0","0","N","0","0","0","2","67301","0","","1.0","","1","N","N","N","0","","1","0","0","","3","","","2","1","0","0","0","0","0","2","0","2","","03","","N","","","","","","","","","",""
"2021034137","","0","0","0","0","0","0","0","0","0","8","0","","67","4","2021","4","39.953609","-75.198625","","6","0","0","0","0","0","0","0","0","","0","0","0","","","1","N","1","","39 57:12.991","2","0","75 11:55.051","2","0","0","0","67301","1","0","1","N","1","0","1","3","67504","0","","1.0","2315.0","1","N","N","N","0","","0","1","1","","2","Y","","2","1","0","0","0","0","0","2","0","1","","03","","N","","","","","","","","","",""
"2021026593","","0","0","0","0","0","0","0","0","0","1","0","","67","3","2021","6","40.039008","-75.056253","","6","0","0","0","0","0","0","0","0","","0","0","0","","","0","","1","","40 02:20.428","","0","75 03:22.510","0","0","0","0","67301","0","0","0","N","0","0","0","3","67301","0","","1.0","","1","N","N","N","1","","0","0","2","","2","","","3","0","0","0","0","0","0","2","0","3","","03","","N","","","","","","","","","",""
"2021055591","","1","0","0","0","0","0","0","0","0","7","0","","67","6","2021","7","40.015279","-75.177014","","6","0","0","0","0","0","1","0","0","","1","0","0","","","0","N","0","","40 00:55.005","1","0","75 10:37.251","1","0","0","0","67301","0","0","0","N","0","0","0","2","67301","0","2","4.0","554.0","1","N","N","N","1","0","0","0","0","","0","Y","","2","0","0","0","0","0","0","2","0","2","","03","","N","","","","","","","","","",""
"2021054021","","2","0","0","0","0","0","0","0","0","1","0","","67","5","2021","2","40.013559","-75.086688","","6","0","0","0","0","0","1","0","0","","0","0","0","","","0","N","0","","40 00:48.811","","0","75 05:12.078","0","0","0","0","67301","0","0","0","N","0","0","0","2","67301","0","","1.0","","1","N","N","N","0","","0","0","0","","0","","","2","0","0","0","0","0","0","2","0","2","","","","N","","","","","","","","","",""
"2021030384","","0","0","0","0","0","0","0","0","0","8","0","","67","3","2021","3","40.020406","-75.084318","","6","0","0","0","0","0","0","0","0","","0","0","0","","","1","","1","","40 01:13.461","","0","75 05:03.544","4","0","0","0","67301","1","0","0","N","1","0","0","2","67301","1","","1.0","","1","N","N","N","0","","0","0","1","","2","","","2","1","0","0","0","0","0","2","0","1","","03","","N","","","","","","","","","",""
"2021054444","","1","0","0","0","0","0","0","0","0","7","0","","67","6","2021","1","39.957172","-75.157283","","6","0","0","0","0","0","0","0","0","","0","0","0","","","0","N","0","","39 57:25.818","3","0","75 09:26.218","0","0","0","0","67301","0","0","0","N","0","0","0","4","68K01","0","","3.0","210.0","1","N","N","N","0","","0","0","0","","0","N","","1","0","0","0","0","0","0","2","0","1","","03","","N","","","","","","","","","",""
"2021023391","","1","0","0","0","0","0","0","0","0","8","0","","67","3","2021","4","40.037028","-75.175139","","6","0","0","0","0","0","0","0","0","","0","0","0","","","1","N","0","","40 02:13.300","","0","75 10:30.500","4","0","0","0","67301","1","0","0","N","1","0","0","2","67301","1","","1.0","","1","N","N","N","0","","0","0","0","","0","","","2","1","0","0","0","0","0","2","0","1","","","","N","","","","","","","","","",""
"2021054418","","1","0","0","0","0","0","0","0","0","1","1","","67","6","2021","5","39.958141","-75.164777","","6","0","0","0","0","0","1","0","0","","0","0","0","","","2","N","0","","39 57:29.307","3","0","75 09:53.198","4","0","0","0","67301","0","0","0","N","0","0","0","3","68K01","2","","1.0","840.0","1","N","N","N","0","","0","0","0","","0","N","","2","2","1","0","0","0","1","2","0","2","","","","N","","","","","","","","","",""
"2021028454","","2","0","0","0","0","0","0","0","0","4","0","","67","3","2021","3","40.033693","-75.145909","","6","0","0","0","0","0","0","0","0","","0","0","0","","","5","","1","","40 02:01.293","","0","75 08:45.271","3","0","0","0","67301","0","0","0","N","0","0","0","5","67301","0","","1.0","","1","N","N","N","0","","4","0","0","","2","","","2","5","0","0","0","1","0","2","0","2","","03","","N","","","","","","","","","",""
"2021054071","","2","0","0","0","0","0","0","0","0","1","0","","67","6","2021","5","39.910548","-75.148883","","6","0","0","0","1","0","0","0","0","","0","0","0","","","0","N","0","","39 54:37.973","1","0","75 08:55.977","0","0","0","0","67301","0","0","0","N","0","0","0","2","68K01","0","","3.0","1815.0","1","N","N","N","0","","0","0","0","","0","N","","2","0","0","0","0","0","0","2","0","2","","","","N","","","","","","","","","",""
"2021041576","","3","0","0","0","0","0","0","0","0","1","0","","67","4","2021","1","40.005636","-75.147942","","6","0","0","0","0","0","0","0","0","","0","0","0","","","0","N","0","","40 00:20.290","","0","75 08:52.590","9","0","0","0","67301","0","0","0","N","0","0","0","1","67301","0","","6.0","","3","N","N","N","0","","0","0","0","","0","","","3","0","0","0","0","0","1","2","0","3","","03","","N","","","","","","","","","",""
"2021022022","","1","0","0","0","0","0","0","0","0","1","0","","67","3","2021","6","","","","6","0","0","0","0","0","0","0","0","","0","0","0","","","0","N","0","","","3","3","","0","0","0","0","67301","0","0","0","N","0","0","0","2","67501","0","","1.0","722.0","1","N","N","N","0","","0","0","0","","8","N","","2","0","0","0","0","0","0","1","1","2","","03","","N","","","","","","","","","",""
"2021031919","","1","0","0","0","0","0","0","0","0","4","0","","67","4","2021","2","40.052138","-75.067788","","6","0","0","1","0","0","1","0","0","","0","0","0","","","1","","1","","40 03:07.696","","0","75 04:04.036","3","0","0","0","67301","0","0","0","N","0","0","0","3","67301","0","","1.0","","1","N","N","N","0","","1","0","0","","2","","","2","1","3","0","0","0","0","2","1","2","","03","","N","","","","","","","","","",""
"2021055092","","1","0","0","0","0","0","0","0","0","1","0","","67","6","2021","2","39.987176","-75.122599","","6","0","0","0","0","0","1","0","0","","0","0","0","","","3","N","0","","39 59:13.835","","0","75 07:21.358","3","0","0","0","67301","0","0","0","N","0","0","0","4","67301","0","","1.0","","1","N","N","N","0","","3","0","1","","0","","","2","3","1","0","0","0","0","2","0","2","","","","N","","","","","","","","","",""
"2021030240","","0","0","0","0","0","0","0","0","0","8","0","","67","3","2021","3","40.00815","-75.210392","","6","0","0","0","0","0","0","0","1","","0","0","0","","","1","N","0","","40 00:29.340","","0","75 12:37.410","3","0","0","0","67301","1","0","0","N","1","0","0","2","67301","0","","1.0","","1","N","N","N","0","","1","0","1","","0","","","2","1","1","0","0","0","0","2","0","1","","","","N","","","","","","","","","",""
"2021023073","","2","0","0","0","0","0","0","0","0","5","0","","67","3","2021","1","40.023718","-75.148088","","6","0","0","0","0","0","0","0","0","","0","0","0","","","1","N","0","","40 01:25.383","2","0","75 08:53.116","8","0","0","0","67301","0","0","0","Y","0","0","0","5","67301","0","","1.0","248.0","1","N","N","N","1","","0","0","1","","0","Y","","4","1","0","0","0","1","0","2","0","4","","04","","N","","","","","","","","","",""
"2021047282","","1","0","0","0","0","0","0","0","0","7","0","","67","5","2021","2","40.017639","-75.048226","","6","0","0","0","0","0","0","0","0","","0","0","0","","","0","N","0","","40 01:03.500","1","8","75 02:53.612","0","0","0","0","67301","0","0","0","N","0","0","0","2","67301","0","","2.0","415.0","1","N","N","N","0","","0","0","0","","4","N","","1","0","0","0","0","0","0","2","0","1","","","","N","","","","","","","","","",""
"2021056331","","1","0","0","0","0","0","0","0","0","4","0","","67","6","2021","5","39.976425","-75.19567","","6","0","0","0","0","0","0","0","0","","0","0","0","","","1","N","0","","39 58:35.129","4","0","75 11:44.413","8","0","0","0","67301","0","0","0","N","0","0","0","1","68K01","0","","2.0","610.0","1","N","N","N","0","","0","0","0","","0","N","","1","1","0","0","0","1","0","2","0","1","","03","","N","","","","","","","","","",""
"2021031577","","1","0","0","0","0","0","0","0","0","6","0","","67","4","2021","3","39.976717","-75.233036","","6","0","0","0","0","0","2","0","0","","0","0","0","","","1","N","0","","39 58:36.180","6","0","75 13:58.930","3","0","0","0","67301","0","0","0","N","0","0","0","2","67301","0","","1.0","2100.0","1","N","N","N","0","","1","0","0","","0","Y","","2","1","0","0","0","0","1","2","1","2","","03","","N","","","","","","","","","",""
"2021048008","","1","0","0","0","0","0","0","0","0","7","0","","67","5","2021","3","39.98283","-75.207864","","6","0","0","0","0","0","0","0","0","","0","0","0","","","1","N","0","","39 58:58.189","","0","75 12:28.309","8","0","0","0","67301","0","0","0","Y","0","0","0","3","68K01","0","","2.0","","1","N","N","N","0","","0","0","0","","2","","","1","1","0","0","0","1","0","2","0","1","","","","N","","","","","","","","","",""
"2021049741","","1","0","0","0","0","0","0","0","0","8","0","","67","5","2021","1","39.953278","-75.139826","","6","0","0","0","0","0","0","0","0","","1","0","0","","","0","N","0","","39 57:11.802","5","0","75 08:23.374","1","0","0","0","67301","1","1","0","N","1","1","0","3","67301","0","2","1.0","430.0","1","N","N","N","0","0","0","0","0","","0","Y","","2","0","2","0","0","0","0","2","0","1","","03","","N","","","","","","","","","",""
"2021048833","","1","0","0","0","0","0","0","0","0","5","0","","67","5","2021","7","39.960167","-75.180259","","6","0","0","0","0","0","0","0","0","","0","0","0","","","1","N","0","","39 57:36.601","","0","75 10:48.933","8","0","0","0","67301","0","0","0","N","0","0","0","3","68K01","0","","3.0","","1","N","N","N","0","","0","0","1","","0","","","2","1","0","0","0","1","0","2","0","2","","","","N","","","","","","","","","",""
"2021050210","","2","0","0","0","0","0","0","0","0","1","0","","67","6","2021","3","39.975633","-75.167675","","6","0","0","0","0","0","0","0","0","","0","0","0","","","0","N","0","","39 58:32.280","","0","75 10:03.630","0","0","0","0","67301","0","0","0","N","0","0","0","1","67301","0","","1.0","","1","N","N","N","0","","0","0","0","","0","","","2","0","0","0","0","0","0","2","0","2","","03","","N","","","","","","","","","",""
"2021031920","","1","0","0","0","0","0","0","0","0","4","0","","67","4","2021","2","40.046412","-75.057616","","6","0","0","0","0","1","0","0","0","","0","0","0","","","0","N","0","","40 02:47.084","","7","75 03:27.417","9","0","0","0","67301","0","0","0","N","0","0","0","3","67301","0","","1.0","","1","N","N","N","0","","0","0","1","","3","","","2","0","0","0","0","0","2","2","0","2","","03","","N","","","","","","","","","",""
"2021030138","","0","0","0","0","0","0","0","0","0","8","0","","67","3","2021","4","39.998705","-75.166884","","6","0","0","0","0","0","0","0","0","","0","0","0","","","2","","1","","39 59:55.338","","0","75 10:00.782","3","0","0","0","67301","2","0","0","N","2","0","0","4","67301","0","","1.0","","9","N","N","N","0","","2","0","1","","2","","","3","2","0","0","0","0","0","2","0","1","","07","","N","","","","","","","","","",""
"2021046942","","1","0","0","0","0","0","0","0","0","4","0","","67","5","2021","1","39.957684","-75.206072","","6","0","0","0","0","0","1","0","0","","0","0","0","","","1","","1","","39 57:27.664","","0","75 12:21.860","3","0","0","0","67301","0","0","0","N","0","0","0","2","67301","0","","1.0","","1","N","N","N","0","","1","0","1","","2","","","2","1","0","0","0","0","0","2","0","2","","03","","N","","","","","","","","","",""