"CRN","ARRIVAL_TM","AUTOMOBILE_COUNT","BELTED_DEATH_COUNT","BELTED_SUSP_SERIOUS_INJ_COUNT","BICYCLE_COUNT","BICYCLE_DEATH_COUNT","BICYCLE_SUSP_SERIOUS_INJ_COUNT","BUS_COUNT","CHLDPAS_DEATH_COUNT","CHLDPAS_SUSP_SERIOUS_INJ_COUNT","COLLISION_TYPE","COMM_VEH_COUNT","CONS_ZONE_SPD_LIM","COUNTY","CRASH_MONTH","CRASH_YEAR","DAY_OF_WEEK","DEC_LATITUDE","DEC_LONGITUDE","DISPATCH_TM","DISTRICT","DRIVER_COUNT_16YR","DRIVER_COUNT_17YR","DRIVER_COUNT_18YR","DRIVER_COUNT_19YR","DRIVER_COUNT_20YR","DRIVER_COUNT_50_64YR","DRIVER_COUNT_65_74YR","DRIVER_COUNT_75PLUS","EST_HRS_CLOSED","FATAL_COUNT","HEAVY_TRUCK_COUNT","HORSE_BUGGY_COUNT","HOUR_OF_DAY","ILLUMINATION","INJURY_COUNT","INTERSECTION_RELATED","INTERSECT_TYPE","LANE_CLOSED","LATITUDE","LN_CLOSE_DIR","LOCATION_TYPE","LONGITUDE","MAX_SEVERITY_LEVEL","MCYCLE_DEATH_COUNT","MCYCLE_SUSP_SERIOUS_INJ_COUNT","MOTORCYCLE_COUNT","MUNICIPALITY","NONMOTR_COUNT","NONMOTR_DEATH_COUNT","NONMOTR_SUSP_SERIOUS_INJ_COUNT","NTFY_HIWY_MAINT","PED_COUNT","PED_DEATH_COUNT","PED_SUSP_SERIOUS_INJ_COUNT","PERSON_COUNT","POLICE_AGCY","POSSIBLE_INJ_COUNT","RDWY_SURF_TYPE_CD","RELATION_TO_ROAD","ROADWAY_CLEARED","ROAD_CONDITION","SCH_BUS_IND","SCH_ZONE_IND","SECONDARY_CRASH","SMALL_TRUCK_COUNT","SPEC_JURIS_CD","SUSP_MINOR_INJ_COUNT","SUSP_SERIOUS_INJ_COUNT","SUV_COUNT","TCD_FUNC_CD","TCD_TYPE","TFC_DETOUR_IND","TIME_OF_DAY","TOTAL_UNITS","TOT_INJ_COUNT","UNBELTED_OCC_COUNT","UNB_DEATH_COUNT","UNB_SUSP_SERIOUS_INJ_COUNT","UNK_INJ_DEG_COUNT","UNK_INJ_PER_COUNT","URBAN_RURAL","VAN_COUNT","VEHICLE_COUNT","WEATHER1","WEATHER2","WORKERS_PRES","WORK_ZONE_IND","WORK_ZONE_LOC","WORK_ZONE_TYPE","WZ_CLOSE_DETOUR","WZ_FLAGGER","WZ_LAW_OFFCR_IND","WZ_LN_CLOSURE","WZ_MOVING","WZ_OTHER","WZ_SHLDER_MDN","WZ_WORKERS_INJ_KILLED"
"2021031670","","0","0","0","0","0","0","0","0","0","1","0","","67","4","2021","3","40.04727","-75.167746","","6","0","0","0","0","0","1","0","0","","0","0","0","","","2","","1","","40 02:50.173","","0","75 10:03.884","8","0","0","0","67301","0","0","0","N","0","0","0","2","67301","0","","1.0","","1","N","N","N","1","","0","0","1","","2","","","2","2","0","0","0","2","0","2","0","2","","","","N","","","","","","","","","",""
"2021030403","","1","0","0","0","0","0","0","0","0","4","0","","67","4","2021","7","39.983189","-75.156819","","6","0","0","0","0","0","0","0","0","","0","0","0","","","0","","1","","39 58:59.480","4","0","75 09:24.548","0","0","0","0","67301","0","0","0","N","0","0","0","2","67505","0","","1.0","230.0","1","N","N","N","0","","0","0","1","","2","N","","2","0","0","0","0","0","0","2","0","2","","","","N","","","","","","","","","",""
"2021050366","","1","0","0","0","0","0","0","0","0","5","0","","67","5","2021","4","40.089649","-74.968537","","6","0","0","0","0","0","0","0","0","","0","0","0","","","0","N","0","","40 05:22.735","","0","74 58:06.733","0","0","0","0","67301","0","0","0","N","0","0","0","0","67301","0","","6.0","","9","N","N","N","1","","0","0","2","","0","","","4","0","0","0","0","0","0","2","0","4","","04","","N","","","","","","","","","",""
"2021030881","","2","0","0","0","0","0","0","0","0","4","0","","67","4","2021","1","39.956234","-75.219608","","6","0","0","0","0","0","0","0","0","","0","0","0","","","0","","1","","39 57:22.442","4","0","75 13:10.587","0","0","0","0","67301","0","0","0","N","0","0","0","2","67301","0","","1.0","915.0","1","N","N","N","0","","0","0","0","","2","Y","","2","0","0","0","0","0","0","2","0","2","","","","N","","","","","","","","","",""
"2021023052","","1","0","0","0","0","0","0","0","0","8","0","","67","3","2021","3","39.982044","-75.171644","","6","0","0","0","0","0","0","0","0","","0","0","0","","","1","N","0","","39 58:55.360","","0","75 10:17.920","4","0","0","0","67301","1","0","0","N","1","0","0","2","67301","1","","1.0","","1","N","N","N","0","","0","0","0","","0","","","2","1","0","0","0","0","0","2","0","1","","03","","N","","","","","","","","","",""
"2021032754","","2","0","0","0","0","0","0","0","0","4","0","","67","4","2021","3","40.039423","-75.042585","","6","0","0","0","0","0","0","1","0","","0","0","0","","","1","","1","","40 02:21.922","","0","75 02:33.305","3","0","0","0","67301","0","0","0","N","0","0","0","5","67301","0","","1.0","","1","N","N","N","0","","1","0","0","","3","","","2","1","0","0","0","0","0","2","0","2","","03","","N","","","","","","","","","",""
"2021056432","","1","0","0","0","0","0","0","0","0","1","0","","67","5","2021","2","39.959526","-75.175038","","6","0","0","0","0","0","1","0","0","","0","0","0","","","1","N","0","","39 57:34.294","4","0","75 10:30.138","3","0","0","0","67301","0","0","0","N","0","0","0","3","68K01","0","","1.0","1349.0","1","N","N","N","1","","1","0","1","","0","Y","","3","1","0","0","0","0","0","2","0","3","","","","N","","","","","","","","","",""
"2021031765","","0","0","0","0","0","0","0","0","0","4","0","","67","4","2021","2","39.957865","-75.201833","","6","0","0","0","0","0","1","0","0","","0","0","0","","","1","","1","","39 57:28.313","","0","75 12:06.598","4","0","0","0","67301","0","0","0","N","0","0","0","2","67301","1","","1.0","","1","N","N","N","1","","0","0","1","","3","","","2","1","0","0","0","0","0","2","0","2","","03","","N","","","","","","","","","",""
"2021048019","","2","0","0","0","0","0","0","0","0","5","0","","67","5","2021","3","40.052339","-74.987433","","6","0","0","0","1","0","0","1","0","","0","0","0","","","1","N","0","","40 03:08.420","2","0","74 59:14.759","3","0","0","0","67301","0","0","0","Y","0","0","0","2","68K01","0","","1.0","1200.0","1","N","N","N","0","","1","0","0","","0","N","","2","1","1","0","0","0","0","2","0","2","","","","N","","","","","","","","","",""
"2021030134","","2","0","0","0","0","0","0","0","0","4","0","","67","4","2021","5","40.034076","-75.12402","","6","0","0","0","0","1","0","0","0","","0","0","0","","","2","","1","","40 02:02.673","","0","75 07:26.472","3","0","0","0","67301","0","0","0","N","0","0","0","3","67301","0","","1.0","","1","N","N","N","0","","2","0","0","","3","","","2","2","0","0","0","0","0","2","0","2","","","","N","","","","","","","","","",""
"2021030126","","1","0","0","0","0","0","0","0","0","8","0","","67","4","2021","5","39.929053","-75.220583","","6","0","0","0","0","0","0","0","0","","0","0","0","","","1","","1","","39 55:44.592","","0","75 13:14.099","3","0","0","0","67301","1","0","0","N","1","0","0","2","67301","0","","1.0","","9","N","N","N","0","","1","0","0","","2","","","2","1","0","0","0","0","1","2","0","1","","04","","N","","","","","","","","","",""
"2021055311","","0","0","0","0","0","0","0","0","0","7","0","","67","6","2021","3","39.883631","-75.244399","","6","0","0","0","0","0","0","0","0","","0","0","0","","","1","N","0","","39 53:01.073","","0","75 14:39.837","8","0","0","0","67301","0","0","0","N","0","0","0","1","68K01","0","","4.0","","1","N","N","N","0","","0","0","1","","0","","","1","1","0","0","0","1","0","2","0","1","","","","N","","","","","","","","","",""
"2021031764","","1","0","0","0","0","0","0","0","0","4","0","","67","4","2021","3","39.936921","-75.212463","","6","0","0","0","0","0","0","0","0","","0","0","0","","","0","N","0","","39 56:12.916","","7","75 12:44.867","0","0","0","0","67301","0","0","0","N","0","0","0","2","67301","0","","1.0","","1","N","N","N","0","","0","0","1","","0","","","2","0","0","0","0","0","0","2","0","2","","03","","N","","","","","","","","","",""
"2021048366","","3","0","0","0","0","0","0","0","0","5","0","","67","5","2021","3","39.984781","-75.112178","","6","0","0","0","0","0","0","0","0","","0","0","0","","","1","N","0","","39 59:05.210","1","0","75 06:43.840","2","0","0","0","67301","0","0","0","N","0","0","0","1","67301","0","","1.0","2229.0","1","N","N","N","0","","0","1","0","","0","N","","3","1","0","0","0","0","0","2","0","3","","03","","N","","","","","","","","","",""
"2021030136","","2","0","0","0","0","0","0","0","0","4","0","","67","3","2021","4","40.009009","-75.156218","","6","0","0","0","0","0","0","0","0","","0","0","0","","","0","","2","","40 00:32.432","","0","75 09:22.384","0","0","0","0","67301","0","0","0","N","0","0","0","2","67301","0","","1.0","","9","N","N","N","0","","0","0","0","","3","","","2","0","0","0","0","0","0","2","0","2","","","","N","","","","","","","","","",""
"2021033933","","2","0","0","0","0","0","0","0","0","1","0","","67","4","2021","1","39.901816","-75.151583","","6","0","0","0","0","0","0","0","0","","0","0","0","","","0","N","0","","39 54:06.538","1","3","75 09:05.699","0","0","0","0","67301","0","0","0","N","0","0","0","2","68K01","0","","1.0","140.0","1","N","N","N","0","","0","0","0","","0","N","","2","0","0","0","0","0","0","2","0","2","","","","N","","","","","","","","","",""
"2021050686","","1","0","0","0","0","0","0","0","0","4","0","","67","5","2021","2","39.999744","-75.138521","","6","0","0","0","0","0","1","0","0","","0","0","0","","","0","","1","","39 59:59.077","","0","75 08:18.677","9","0","0","0","67301","0","0","0","N","0","0","0","3","67301","0","","1.0","","1","N","N","N","1","","0","0","0","","2","","","2","0","2","0","0","0","1","2","0","2","","03","","N","","","","","","","","","",""
"2021030127","","1","0","0","0","0","0","0","0","0","4","0","","67","4","2021","5","40.038085","-75.170585","","6","0","0","0","0","1","0","0","0","","0","0","0","","","1","","1","","40 02:17.106","","0","75 10:14.106","8","0","0","0","67301","0","0","0","N","0","0","0","2","67301","0","","1.0","","99","N","N","N","0","","0","0","0","","3","","","2","1","0","0","0","1","0","2","1","2","","07","","N","","","","","","","","","",""
"2021054507","","0","0","0","0","0","0","0","0","0","8","0","","67","6","2021","3","40.051716","-75.152992","","6","0","0","0","0","0","0","0","0","","0","0","0","","","1","","1","","40 03:06.179","","0","75 09:10.771","3","0","0","0","67301","1","0","0","N","1","0","0","2","67301","0","","1.0","","9","N","N","N","0","","1","0","1","","2","","","2","1","0","0","0","0","0","2","0","1","","","","N","","","","","","","","","",""
"2021054407","","0","0","0","0","0","0","0","0","0","1","1","","67","6","2021","2","39.957103","-75.152453","","6","0","0","0","0","0","0","0","0","","0","1","0","","","1","N","0","","39 57:25.572","4","0","75 09:08.831","3","0","0","0","67301","0","0","0","N","0","0","0","2","68K01","0","","1.0","1320.0","1","N","N","N","0","","1","0","1","","0","N","","2","1","0","0","0","0","0","2","0","2","","","","N","","","","","","","","","",""
"2021030233","","1","0","0","0","0","0","0","0","0","7","0","","67","4","2021","6","39.913354","-75.221777","","6","0","0","0","0","0","1","0","0","","0","0","0","","","2","N","0","","39 54:48.075","","0","75 13:18.396","8","0","0","0","67301","0","0","0","N","0","0","0","2","67301","0","","4.0","","1","N","N","N","0","","0","0","0","","0","","","1","2","0","0","0","2","0","2","0","1","","","","N","","","","","","","","","",""
"2021032024","","1","0","0","0","0","0","0","0","0","4","0","","67","4","2021","1","40.00713","-75.094069","","6","0","0","0","0","0","0","0","0","","0","0","0","","","1","","1","","40 00:25.667","","1","75 05:38.650","2","0","0","0","67301","0","0","0","N","0","0","0","2","67301","0","","1.0","","1","N","N","N","0","","0","1","1","","2","","","2","1","0","0","0","0","0","2","0","2","","03","","N","","","","","","","","","",""
"2021034918","","1","0","0","0","0","0","1","0","0","5","1","","67","4","2021","2","40.026083","-75.147461","","6","0","0","0","1","0","0","0","0","","0","0","0","","","4","","1","","40 01:33.900","","0","75 08:50.860","8","0","0","0","67301","0","0","0","N","0","0","0","5","67508","0","","1.0","","1","N","N","Y","0","","0","0","0","","0","","","2","4","0","0","0","4","0","2","0","2","","03","","N","","","","","","","","","",""
"2021054376","","0","0","0","0","0","0","0","0","0","7","0","","67","6","2021","7","39.984919","-75.144069","","6","0","0","0","0","0","0","0","0","","0","0","0","","","0","N","0","","39 59:05.710","","0","75 08:38.650","0","0","0","0","67301","0","0","0","N","0","0","0","0","67301","0","","4.0","","1","N","N","N","0","","0","0","1","","2","","","1","0","0","0","0","0","0","2","0","1","","","","N","","","","","","","","","",""
"2021030120","","2","0","0","0","0","0","0","0","0","4","0","","67","4","2021","5","40.036827","-75.069303","","6","0","0","0","0","0","0","0","0","","0","0","0","","","0","","1","","40 02:12.577","","0","75 04:09.489","9","0","0","0","67301","0","0","0","N","0","0","0","2","67301","0","","1.0","","1","N","N","N","0","","0","0","0","","3","","","2","0","0","0","0","0","1","2","0","2","","","","N","","","","","","","","","",""
"2021030650","","0","0","0","0","0","0","0","0","0","8","0","","67","4","2021","6","40.076444","-75.195025","","6","0","0","0","0","0","0","0","0","","0","0","0","","","1","","1","","40 04:35.197","","0","75 11:42.089","3","0","0","0","67301","1","0","0","N","1","0","0","2","67301","0","","1.0","","1","N","N","N","1","","1","0","0","","2","","","2","1","0","0","0","0","0","2","0","1","","","","N","","","","","","","","","",""
"2021030783","","1","0","0","0","0","0","0","0","0","4","0","","67","4","2021","1","39.946323","-75.244059","","6","0","0","0","0","0","0","0","0","","0","0","0","","","1","","1","","39 56:46.761","","0","75 14:38.612","4","0","0","0","67301","0","0","0","N","0","0","0","2","67301","1","","1.0","","1","N","N","N","0","","0","0","0","","2","","","2","1","0","0","0","0","0","2","1","2","","03","","N","","","","","","","","","",""
"2021055485","","1","0","1","0","0","0","0","0","0","2","1","","67","6","2021","2","40.016622","-75.140936","","6","0","0","0","0","0","0","0","0","","0","1","0","","","2","N","0","","40 00:59.840","","0","75 08:27.370","2","0","0","0","67301","0","0","0","N","0","0","0","4","67301","1","","1.0","","1","N","N","N","0","","0","1","2","","0","","","4","2","0","0","0","0","0","2","0","4","","04","","N","","","","","","","","","",""
"2021031572","","1","0","0","0","0","0","0","0","0","4","0","","67","4","2021","1","40.085476","-75.037294","","6","0","0","0","1","0","0","0","0","","0","0","0","","","1","","1","","40 05:07.712","","0","75 02:14.257","8","0","0","0","67301","0","0","0","N","0","0","0","2","67301","0","","1.0","","1","N","N","N","0","","0","0","1","","2","","","2","1","0","0","0","1","0","2","0","2","","03","","N","","","","","","","","","",""
"2021032022","","1","0","0","0","0","0","0","0","0","1","0","","67","4","2021","6","39.992919","-75.217666","","6","0","0","0","0","0","1","0","0","","0","0","0","","","1","","1","","39 59:34.507","","0","75 13:03.597","3","0","0","0","67301","0","0","0","N","0","0","0","3","67301","0","","1.0","","1","N","N","N","0","","1","0","1","","2","","","2","1","0","0","0","0","0","2","0","2","","03","","N","","","","","","","","","",""
"2021031513","","1","0","0","0","0","0","0","0","0","1","0","45","67","4","2021","7","39.972648","-75.121854","","6","0","0","0","0","0","1","0","0","","0","0","0","","","2","N","0","","39 58:21.534","2","0","75 07:18.675","8","0","0","0","67301","0","0","0","N","0","0","0","2","68K01","0","","1.0","110.0","1","N","N","N","0","","0","0","1","","0","N","","2","2","0","0","0","2","0","2","0","2","","","N","Y","4","1","","","N","","","","Y","N"
"2021024580","","0","0","0","0","0","0","0","0","0","5","0","","67","3","2021","5","40.003959","-75.17123","","6","0","0","0","0","0","0","0","0","","0","0","0","","","1","","1","","40 00:14.253","","0","75 10:16.427","3","0","0","0","67301","0","0","0","N","0","0","0","2","67301","0","","1.0","","1","N","N","N","0","","1","0","1","","0","","","2","1","0","0","0","0","0","2","0","2","","03","","N","","","","","","","","","",""
"2021031019","","2","0","0","0","0","0","0","0","0","1","0","","67","4","2021","1","39.925833","-75.154306","","6","0","0","0","0","0","1","0","0","","0","0","0","","","0","N","0","","39 55:33.000","","0","75 09:15.500","0","0","0","0","67301","0","0","0","N","0","0","0","1","67301","0","","6.0","","1","N","N","N","0","","0","0","0","","0","","","2","0","1","0","0","0","0","2","0","2","","03","","N","","","","","","","","","",""
"2021032493","","1","0","0","0","0","0","0","0","0","1","0","45","67","4","2021","3","39.999301","-75.080586","","6","0","0","0","0","0","1","0","0","","0","0","0","","","2","N","0","","39 59:57.484","2","3","75 04:50.109","4","0","0","0","67301","0","0","0","N","0","0","0","2","68K01","2","","1.0","2330.0","1","N","N","N","0","","0","0","1","","8","N","","2","2","0","0","0","0","0","2","0","2","","","N","Y","4","1","","","N","Y","","","Y","N"
"2021032350","","0","0","0","0","0","0","0","0","0","5","0","","67","3","2021","4","39.905583","-75.131222","","6","0","0","0","0","0","0","0","0","","0","0","0","","","0","N","0","","39 54:20.100","4","3","75 07:52.400","0","0","0","0","67301","0","0","0","N","0","0","0","2","67501","0","","1.0","1210.0","1","N","N","N","0","","0","0","1","","8","N","","2","0","0","0","0","0","0","2","1","2","","03","","N","","","","","","","","","",""
"2021023553","","0","0","0","0","0","0","0","0","0","5","0","","67","3","2021","3","39.932206","-75.152794","","6","0","0","0","0","0","0","0","0","","0","0","0","","","0","N","0","","39 55:55.940","3","0","75 09:10.060","0","0","0","0","67301","0","0","0","N","0","0","0","1","67301","0","","6.0","1710.0","1","N","N","N","0","","0","0","1","","0","Y","","2","0","0","0","0","0","0","2","1","2","","","","N","","","","","","","","","",""
"2021024773","","1","0","0","0","0","0","0","0","0","5","0","45","67","3","2021","1","39.899076","-75.175119","","6","0","0","0","0","0","0","0","0","","0","0","0","","","2","N","0","","39 53:56.674","1","3","75 10:30.429","3","0","0","0","67301","0","0","0","N","0","0","0","2","68K01","0","","1.0","45.0","1","N","N","N","0","","2","0","1","","0","N","","2","2","0","0","0","0","0","2","0","2","","","N","Y","4","1","","","N","Y","","","Y","N"
"2021031035","","1","0","0","0","0","0","0","0","0","4","0","","67","4","2021","2","40.023853","-75.142546","","6","0","0","0","0","0","1","0","0","","0","0","0","","","1","","1","","40 01:25.870","1","0","75 08:33.165","8","0","0","0","67301","0","0","0","N","0","0","0","2","67301","0","","1.0","517.0","1","N","N","N","0","","0","0","1","","3","N","","2","1","0","0","0","1","0","2","0","2","","03","","N","","","","","","","","","",""
"2021021216","","1","0","0","0","0","0","0","0","0","1","0","","67","3","2021","4","40.029853","-75.124603","","6","0","0","0","0","0","0","0","0","","0","0","0","","","1","N","0","","40 01:47.470","5","0","75 07:28.570","8","0","0","0","67301","0","0","0","N","0","0","0","2","67301","0","","1.0","1230.0","1","N","N","N","0","","0","0","1","","0","N","","2","1","2","0","0","1","0","2","0","2","","03","","N","","","","","","","","","",""
"2021026204","","2","0","0","0","0","0","0","0","0","4","0","","67","3","2021","6","39.991482","-75.166846","","6","0","0","0","0","0","0","0","0","","0","0","0","","","0","","3","","39 59:29.335","","0","75 10:00.645","0","0","0","0","67301","0","0","0","N","0","0","0","4","67301","0","","1.0","","1","N","N","N","0","","0","0","0","","3","","","2","0","1","0","0","0","0","2","0","2","","03","","N","","","","","","","","","",""
"2021031023","","1","0","0","0","0","0","0","0","0","4","0","","67","4","2021","7","39.916854","-75.216575","","6","0","0","0","0","0","0","1","0","","0","0","0","","","1","N","0","","39 55:00.675","","7","75 12:59.670","3","0","0","0","67301","0","0","0","N","0","0","0","3","67301","0","","1.0","","1","N","N","N","0","","1","0","1","","0","","","2","1","0","0","0","0","0","2","0","2","","03","","N","","","","","","","","","",""
"2021034756","","1","0","0","0","0","0","0","0","0","7","0","","67","4","2021","5","39.99572","-75.197529","","6","0","0","0","0","0","0","0","0","","0","0","0","","","0","N","0","","39 59:44.591","3","0","75 11:51.103","0","0","0","0","67301","0","0","0","N","0","0","0","2","68K01","0","","3.0","2230.0","1","N","N","N","0","","0","0","0","","0","N","","1","0","0","0","0","0","0","2","0","1","","","","N","","","","","","","","","",""
"2021030784","","0","0","0","0","0","0","0","0","0","1","0","","67","4","2021","5","40.001042","-75.111752","","6","0","0","0","0","0","0","0","0","","0","0","0","","","1","","2","","40 00:03.751","","0","75 06:42.307","4","0","0","0","67301","0","0","0","N","0","0","0","1","67301","1","","1.0","","1","N","N","N","0","","0","0","1","","0","","","2","1","0","0","0","0","0","2","1","2","","","","N","","","","","","","","","",""
"2021055976","","1","0","0","0","0","0","0","0","0","4","0","","67","6","2021","4","39.959079","-75.229988","","6","0","0","0","0","0","1","0","0","","0","1","0","","","1","N","0","","39 57:32.685","3","0","75 13:47.956","3","0","0","0","67301","0","0","0","N","0","0","0","2","67301","0","","1.0","940.0","1","N","N","N","0","","1","0","0","","0","Y","","2","1","0","0","0","0","0","2","0","2","","03","","N","","","","","","","","","",""
"2021055768","","2","0","0","0","0","0","0","0","0","2","0","","67","6","2021","6","39.979529","-75.240907","","6","0","0","0","0","0","0","0","0","","0","0","0","","","1","","1","","39 58:46.304","","0","75 14:27.265","4","0","0","0","67301","0","0","0","N","0","0","0","1","67301","1","","1.0","","1","N","N","N","0","","0","0","0","","3","","","2","1","0","0","0","0","0","2","0","2","","03","","N","","","","","","","","","",""
"2021055978","","2","0","0","0","0","0","0","0","0","4","0","","67","6","2021","4","39.980231","-75.139858","","6","0","0","0","0","0","0","0","0","","0","0","0","","","0","N","0","","39 58:48.830","1","0","75 08:23.490","0","0","0","0","67301","0","0","0","N","0","0","0","2","67301","0","","6.0","1737.0","1","N","N","N","0","","0","0","0","","0","N","","2","0","2","0","0","0","0","2","0","2","","03","","N","","","","","","","","","",""
"2021026680","","1","0","0","0","0","0","0","0","0","1","0","","67","3","2021","6","39.974121","-75.204665","","6","0","0","0","0","0","0","0","0","","0","0","0","","","0","N","0","","39 58:26.835","","0","75 12:16.793","0","0","0","0","67301","0","0","0","N","0","0","0","1","67301","0","","6.0","","9","N","N","N","0","","0","0","0","","0","","","3","0","0","0","0","0","0","2","0","3","","","","N","","","","","","","","","",""
"2021041198","","3","0","0","0","0","0","0","0","0","1","0","","67","4","2021","7","39.894908","-75.194039","","6","0","1","0","0","0","0","0","0","","0","0","0","","","2","N","0","","39 53:41.668","","3","75 11:38.542","3","0","0","0","67301","0","0","0","N","0","0","0","3","68K01","0","","1.0","","1","N","N","N","0","","2","0","0","","0","","","3","2","0","0","0","0","0","2","0","3","","","","N","","","","","","","","","",""
"2021031918","","5","0","0","0","0","0","0","0","0","1","0","","67","4","2021","1","39.901105","-75.204065","","6","0","0","0","0","0","0","0","0","","0","0","0","","","0","N","0","","39 54:03.979","6","3","75 12:14.634","0","0","0","0","67301","0","0","0","N","0","0","0","5","67301","0","","1.0","222.0","1","N","N","N","0","","0","0","0","","0","Y","","5","0","0","0","0","0","0","2","0","5","","03","","N","","","","","","","","","",""
"2021050599","","0","0","0","0","0","0","0","0","0","7","0","","67","6","2021","4","40.071331","-75.179412","","6","0","0","0","0","0","1","0","0","","1","0","0","","","0","N","0","","40 04:16.790","","0","75 10:45.883","1","0","0","0","67301","0","0","0","N","0","0","0","1","67301","0","2","5.0","","1","N","N","N","0","0","0","0","1","","0","","","1","0","0","0","0","0","0","2","0","1","","","","N","","","","","","","","","",""
"2021030722","","1","0","0","0","0","0","0","0","0","7","0","","67","4","2021","7","39.992861","-75.182639","","6","0","0","0","0","0","0","0","0","","0","0","0","","","1","N","0","","39 59:34.300","","0","75 10:57.500","8","0","0","0","67301","0","0","0","N","0","0","0","1","67301","0","","4.0","","1","N","N","Y","0","","0","0","0","","0","","","1","1","1","0","0","1","0","2","0","1","","03","","N","","","","","","","","","",""
"2021031187","","1","0","0","0","0","0","0","0","0","4","0","","67","4","2021","2","40.050854","-75.066464","","6","0","0","0","0","0","0","0","0","","0","0","0","","","3","N","0","","40 03:03.075","5","7","75 03:59.271","3","0","0","0","67301","0","0","0","N","0","0","0","3","67301","2","","1.0","1800.0","1","N","N","N","0","","1","0","0","","0","Y","","2","3","0","0","0","0","0","2","1","2","","03","","N","","","","","","","","","",""
"2021030119","","0","0","0","0","0","0","0","0","0","8","0","","67","3","2021","4","40.036086","-75.074236","","6","0","0","0","0","0","0","0","0","","0","0","0","","","1","N","0","","40 02:09.910","","0","75 04:27.250","3","0","0","0","67301","1","0","0","N","1","0","0","2","67301","0","","1.0","","9","N","N","N","0","","1","0","0","","0","","","2","1","1","0","0","0","0","2","1","1","","07","","N","","","","","","","","","",""
"2021032248","","3","0","0","0","0","0","0","0","0","5","0","","67","4","2021","5","40.021125","-75.139925","","6","0","0","0","0","0","2","0","0","","0","0","0","","","2","","1","","40 01:16.051","","0","75 08:23.731","8","0","0","0","67301","0","0","0","N","0","0","0","10","67301","0","","1.0","","1","N","N","N","0","","0","0","1","","2","","","6","2","0","0","0","2","3","2","1","6","","03","","N","","","","","","","","","",""
"2021033615","","0","0","0","0","0","0","0","0","0","7","0","","67","4","2021","3","39.975253","-75.168258","","6","0","0","0","0","0","0","0","0","","0","0","0","","","1","","2","","39 58:30.911","","0","75 10:05.730","8","0","0","0","67301","0","0","0","N","0","0","0","1","67301","0","","5.0","","9","N","N","N","0","","0","0","1","","3","","","1","1","0","0","0","1","0","2","0","1","","07","","N","","","","","","","","","",""
"2021031160","","1","0","0","0","0","0","0","0","0","1","0","50","67","4","2021","1","40.012993","-75.058456","","6","0","0","0","0","1","0","0","0","","0","0","0","","","1","N","0","","40 00:46.773","2","0","75 03:30.443","8","0","0","0","67301","0","0","0","N","0","0","0","7","68K01","0","","1.0","1444.0","1","N","N","N","0","","0","0","2","","0","N","","3","1","0","0","0","1","0","2","0","3","","03","N","Y","4","1","","","N","","","","Y","N"
"2021031599","","0","0","0","0","0","0","0","0","0","4","0","","67","4","2021","3","39.983212","-75.15695","","6","0","0","0","0","0","0","0","0","","0","0","0","","","1","","1","","39 58:59.563","2","0","75 09:25.021","2","0","1","1","67301","0","0","0","N","0","0","0","6","67301","0","","1.0","2335.0","1","N","N","N","0","","0","1","0","","2","Y","","2","1","1","0","0","0","0","2","1","2","","03","","N","","","","","","","","","",""
"2021032247","","1","0","0","0","0","0","0","0","0","1","0","","67","4","2021","1","40.016616","-75.14718","","6","0","0","0","0","0","0","0","0","","0","0","0","","","1","","1","","40 00:59.817","","0","75 08:49.848","2","0","1","1","67301","0","0","0","N","0","0","0","2","67301","0","","1.0","","1","N","N","N","0","","0","1","0","","2","","","2","1","0","0","0","0","0","2","0","2","","03","","N","","","","","","","","","",""
"2021030952","","1","0","0","0","0","0","0","0","0","5","0","","67","4","2021","1","39.987306","-75.107322","","6","0","0","0","0","0","0","0","0","","0","0","0","","","0","N","0","","39 59:14.300","2","0","75 06:26.360","0","0","0","0","67301","0","0","0","N","0","0","0","1","67301","0","","6.0","749.0","1","N","N","N","1","","0","0","1","","0","N","","3","0","0","0","0","0","0","2","0","3","","03","","N","","","","","","","","","",""
"2021031034","","2","0","0","0","0","0","0","0","0","1","1","","67","4","2021","1","40.049428","-75.136825","","6","0","0","0","0","0","0","0","0","","0","1","0","","","1","N","0","","40 02:57.940","","0","75 08:12.570","3","0","0","0","67301","0","0","0","N","0","0","0","1","67301","0","","6.0","","1","N","N","N","0","","1","0","0","","0","","","3","1","0","0","0","0","0","2","0","3","","03","","N","","","","","","","","","",""
"2021054707","","1","0","0","0","0","0","0","0","0","4","0","","67","5","2021","1","39.945321","-75.241777","","6","0","0","0","0","0","0","0","0","","0","0","0","","","1","","1","","39 56:43.157","","0","75 14:30.398","4","0","0","0","67301","0","0","0","N","0","0","0","2","67301","1","","1.0","","1","N","N","N","0","","0","0","1","","2","","","2","1","0","0","0","0","0","2","0","2","","","","N","","","","","","","","","",""
"2021030388","","0","0","0","0","0","0","0","0","0","7","0","","67","4","2021","5","39.973306","-75.117028","","6","0","0","0","0","0","0","0","0","","0","0","0","","","1","N","0","","39 58:23.900","","0","75 07:01.300","8","0","0","0","67301","0","0","0","N","0","0","0","1","67301","0","","4.0","","1","N","N","N","0","","0","0","1","","0","","","1","1","1","0","0","1","0","2","0","1","","","","N","","","","","","","","","",""