"CRN","ARRIVAL_TM","AUTOMOBILE_COUNT","BELTED_DEATH_COUNT","BELTED_SUSP_SERIOUS_INJ_COUNT","BICYCLE_COUNT","BICYCLE_DEATH_COUNT","BICYCLE_SUSP_SERIOUS_INJ_COUNT","BUS_COUNT","CHLDPAS_DEATH_COUNT","CHLDPAS_SUSP_SERIOUS_INJ_COUNT","COLLISION_TYPE","COMM_VEH_COUNT","CONS_ZONE_SPD_LIM","COUNTY","CRASH_MONTH","CRASH_YEAR","DAY_OF_WEEK","DEC_LATITUDE","DEC_LONGITUDE","DISPATCH_TM","DISTRICT","DRIVER_COUNT_16YR","DRIVER_COUNT_17YR","DRIVER_COUNT_18YR","DRIVER_COUNT_19YR","DRIVER_COUNT_20YR","DRIVER_COUNT_50_64YR","DRIVER_COUNT_65_74YR","DRIVER_COUNT_75PLUS","EST_HRS_CLOSED","FATAL_COUNT","HEAVY_TRUCK_COUNT","HORSE_BUGGY_COUNT","HOUR_OF_DAY","ILLUMINATION","INJURY_COUNT","INTERSECTION_RELATED","INTERSECT_TYPE","LANE_CLOSED","LATITUDE","LN_CLOSE_DIR","LOCATION_TYPE","LONGITUDE","MAX_SEVERITY_LEVEL","MCYCLE_DEATH_COUNT","MCYCLE_SUSP_SERIOUS_INJ_COUNT","MOTORCYCLE_COUNT","MUNICIPALITY","NONMOTR_COUNT","NONMOTR_DEATH_COUNT","NONMOTR_SUSP_SERIOUS_INJ_COUNT","NTFY_HIWY_MAINT","PED_COUNT","PED_DEATH_COUNT","PED_SUSP_SERIOUS_INJ_COUNT","PERSON_COUNT","POLICE_AGCY","POSSIBLE_INJ_COUNT","RDWY_SURF_TYPE_CD","RELATION_TO_ROAD","ROADWAY_CLEARED","ROAD_CONDITION","SCH_BUS_IND","SCH_ZONE_IND","SECONDARY_CRASH","SMALL_TRUCK_COUNT","SPEC_JURIS_CD","SUSP_MINOR_INJ_COUNT","SUSP_SERIOUS_INJ_COUNT","SUV_COUNT","TCD_FUNC_CD","TCD_TYPE","TFC_DETOUR_IND","TIME_OF_DAY","TOTAL_UNITS","TOT_INJ_COUNT","UNBELTED_OCC_COUNT","UNB_DEATH_COUNT","UNB_SUSP_SERIOUS_INJ_COUNT","UNK_INJ_DEG_COUNT","UNK_INJ_PER_COUNT","URBAN_RURAL","VAN_COUNT","VEHICLE_COUNT","WEATHER1","WEATHER2","WORKERS_PRES","WORK_ZONE_IND","WORK_ZONE_LOC","WORK_ZONE_TYPE","WZ_CLOSE_DETOUR","WZ_FLAGGER","WZ_LAW_OFFCR_IND","WZ_LN_CLOSURE","WZ_MOVING","WZ_OTHER","WZ_SHLDER_MDN","WZ_WORKERS_INJ_KILLED"
"2021031403","","1","0","0","0","0","0","0","0","0","7","0","","67","4","2021","2","39.982128","-75.172336","","6","1","0","0","0","0","0","0","0","","0","0","0","","","0","N","0","","39 58:55.660","","0","75 10:20.410","0","0","0","0","67301","0","0","0","N","0","0","0","1","67301","0","","5.0","","1","N","N","Y","0","","0","0","0","","0","","","1","0","1","0","0","0","0","2","0","1","","","","N","","","","","","","","","",""
"2021030484","","1","0","0","0","0","0","0","0","0","7","0","","67","4","2021","7","40.023647","-75.157997","","6","0","0","0","0","0","0","0","0","","0","0","0","","","1","","3","","40 01:25.130","7","0","75 09:28.790","4","0","0","0","67301","0","0","0","N","0","0","0","1","67301","1","","4.0","300.0","1","N","N","N","0","","0","0","0","","0","Y","","1","1","0","0","0","0","0","2","0","1","","03","","N","","","","","","","","","",""
"2021030481","","2","0","0","0","0","0","0","0","0","4","0","","67","4","2021","5","39.984697","-75.15663","","6","0","0","0","0","0","0","0","0","","0","0","0","","","3","","1","","39 59:04.910","5","0","75 09:23.867","3","0","0","0","67301","0","0","0","N","0","0","0","4","67301","0","","1.0","100.0","1","N","N","Y","0","","1","0","0","","2","Y","","3","3","3","0","0","2","0","2","1","3","","03","","N","","","","","","","","","",""
"2021040560","","0","0","0","0","0","0","0","0","0","4","0","","67","4","2021","1","40.009649","-75.1803","","6","0","0","0","0","0","0","0","0","","1","0","0","","","0","N","2","","40 00:34.737","7","0","75 10:49.079","1","1","0","1","67301","0","0","0","N","0","0","0","2","67301","0","2","1.0","1850.0","1","N","N","N","0","0","0","0","1","","2","Y","","2","0","0","0","0","0","0","2","0","2","","","","N","","","","","","","","","",""
"2021032242","","1","0","0","0","0","0","0","0","0","8","0","","67","3","2021","4","40.002783","-75.152538","","6","0","0","0","0","0","0","0","0","","0","0","0","","","1","N","0","","40 00:10.019","1","0","75 09:09.136","4","0","0","0","67301","1","0","0","N","1","0","0","4","67301","1","","1.0","2030.0","9","N","N","N","0","","0","0","0","","0","N","","2","1","1","0","0","0","0","2","0","1","","07","","N","","","","","","","","","",""
"2021024543","","0","0","0","0","0","0","0","0","0","8","0","","67","3","2021","7","39.988492","-75.151917","","6","0","0","0","0","0","0","0","0","","0","0","0","","","1","N","0","","39 59:18.570","2","0","75 09:06.900","3","0","0","0","67301","1","0","0","N","1","0","0","2","67301","0","","1.0","1645.0","1","N","N","N","0","","1","0","1","","0","Y","","2","1","0","0","0","0","0","2","0","1","","03","","N","","","","","","","","","",""
"2021031405","","1","0","0","0","0","0","0","0","0","1","0","","67","4","2021","2","39.987088","-75.155969","","6","0","0","0","0","0","0","0","0","","0","0","0","","","3","N","0","","39 59:13.516","5","0","75 09:21.487","2","0","3","2","67301","0","0","0","N","0","0","0","6","67301","0","","1.0","120.0","1","N","N","Y","0","","0","3","1","","0","Y","","4","3","0","0","0","0","0","2","0","4","","03","","N","","","","","","","","","",""
"2021054826","","1","0","0","0","0","0","0","0","0","5","1","45","67","6","2021","4","39.972466","-75.122189","","6","0","0","0","0","0","0","0","0","","0","1","0","","","0","N","0","","39 58:20.879","2","0","75 07:19.879","0","0","0","0","67301","0","0","0","N","0","0","0","3","68K01","0","","1.0","1825.0","1","N","N","N","0","","0","0","0","","0","Y","","2","0","0","0","0","0","0","2","0","2","","","N","Y","4","1","","","N","","","Y","","N"
"2021030882","","2","0","0","0","0","0","0","0","0","4","0","","67","4","2021","1","39.995823","-75.169147","","6","0","0","0","0","0","0","0","0","","0","0","0","","","1","","1","","39 59:44.961","","0","75 10:08.930","3","0","0","0","67301","0","0","0","N","0","0","0","2","67301","0","","1.0","","1","N","N","N","0","","1","0","0","","2","","","2","1","1","0","0","0","0","2","0","2","","03","","N","","","","","","","","","",""
"2021030788","","0","0","0","0","0","0","0","0","0","4","0","","67","4","2021","5","40.014649","-75.178448","","6","0","0","0","0","1","0","0","0","","0","0","0","","","2","","1","","40 00:52.738","","2","75 10:42.411","3","0","0","0","67301","0","0","0","N","0","0","0","5","67301","0","","1.0","","1","N","N","N","0","","1","0","2","","2","","","2","2","0","0","0","1","0","2","0","2","","03","","N","","","","","","","","","",""
"2021029404","","2","0","0","0","0","0","0","0","0","1","0","","67","3","2021","3","39.973286","-75.233083","","6","0","0","0","0","0","0","0","0","","0","0","0","","","0","N","0","","39 58:23.830","","0","75 13:59.100","0","0","0","0","67301","0","0","0","N","0","0","0","1","67301","0","","6.0","","1","N","N","Y","0","","0","0","1","","0","","","3","0","1","0","0","0","0","2","0","3","","98","","N","","","","","","","","","",""
"2021056055","","0","0","0","0","0","0","0","0","0","7","0","","67","5","2021","6","40.026764","-75.025875","","6","0","0","0","0","0","0","0","0","","0","0","0","","","1","N","0","","40 01:36.351","1","0","75 01:33.151","8","0","0","0","67301","0","0","0","N","0","0","0","1","68K01","0","","4.0","730.0","1","N","N","N","0","","0","0","1","","0","N","","1","1","0","0","0","1","0","2","0","1","","03","","N","","","","","","","","","",""
"2021031868","","1","0","0","0","0","0","0","0","0","7","0","","67","4","2021","7","39.90724","-75.149594","","6","0","0","0","0","0","0","0","0","","0","0","0","","","0","N","0","","39 54:26.064","","8","75 08:58.539","0","0","0","0","67301","0","0","0","N","0","0","0","1","68K01","0","","4.0","","1","N","N","N","0","","0","0","0","","0","","","1","0","0","0","0","0","0","2","0","1","","","","N","","","","","","","","","",""
"2021030418","","1","0","0","0","0","0","0","0","0","4","0","","67","4","2021","5","40.03694","-75.145084","","6","0","0","0","0","0","0","0","0","","0","0","0","","","0","","2","","40 02:12.984","","0","75 08:42.301","0","0","0","0","67301","0","0","0","N","0","0","0","4","67301","0","","1.0","","1","N","N","N","0","","0","0","1","","2","","","2","0","4","0","0","0","0","2","0","2","","03","","N","","","","","","","","","",""
"2021031274","","1","0","0","0","0","0","0","0","0","7","0","","67","4","2021","7","39.952435","-75.242751","","6","0","0","0","0","0","0","0","0","","0","0","0","","","1","","1","","39 57:08.765","","0","75 14:33.903","3","0","0","0","67301","0","0","0","N","0","0","0","1","67301","0","","5.0","","1","N","Y","N","0","","1","0","0","","1","","","1","1","1","0","0","0","0","2","0","1","","03","","N","","","","","","","","","",""
"2021032780","","1","0","0","0","0","0","0","0","0","4","0","","67","4","2021","2","40.018455","-75.076907","","6","0","0","0","1","0","0","0","0","","0","0","0","","","2","","1","","40 01:06.437","","0","75 04:36.865","3","0","0","0","67301","0","0","0","N","0","0","0","2","67301","0","","1.0","","1","N","N","N","0","","2","0","1","","3","","","2","2","0","0","0","0","0","2","0","2","","03","","N","","","","","","","","","",""
"2021030679","","1","0","0","0","0","0","0","0","0","4","0","","67","4","2021","1","40.048338","-75.096815","","6","0","0","0","0","0","0","1","0","","0","0","0","","","1","","1","","40 02:54.016","2","0","75 05:48.533","4","0","0","0","67301","0","0","0","N","0","0","0","3","67301","1","","1.0","100.0","1","N","N","N","0","","0","0","1","","2","Y","","2","1","0","0","0","0","0","2","0","2","","03","","N","","","","","","","","","",""
"2021030909","","0","0","0","0","0","0","0","0","0","4","0","","67","4","2021","1","40.031228","-75.145767","","6","0","0","0","0","0","0","1","0","","0","0","0","","","2","","1","","40 01:52.420","","0","75 08:44.761","2","0","0","0","67301","0","0","0","N","0","0","0","2","67301","0","","1.0","","1","N","N","N","0","","0","2","1","","2","","","2","2","0","0","0","0","0","2","1","2","","03","","N","","","","","","","","","",""
"2021030230","","1","0","0","0","0","0","0","0","0","5","0","","67","4","2021","6","39.93705","-75.163122","","6","0","0","0","0","0","0","0","0","","0","0","0","","","0","N","0","","39 56:13.380","","0","75 09:47.240","0","0","0","0","67301","0","0","0","N","0","0","0","1","67301","0","","6.0","","1","N","N","N","0","","0","0","2","","0","","","3","0","0","0","0","0","0","2","0","3","","03","","N","","","","","","","","","",""
"2021032332","","3","0","0","0","0","0","0","0","0","4","0","","67","4","2021","1","40.020948","-75.150383","","6","0","0","0","0","0","0","0","0","","0","0","0","","","0","","1","","40 01:15.412","","0","75 09:01.378","0","0","0","0","67301","0","0","0","N","0","0","0","5","67301","0","","1.0","","1","N","N","N","0","","0","0","0","","3","","","3","0","0","0","0","0","0","2","0","3","","03","","N","","","","","","","","","",""
"2021053574","","0","0","0","0","0","0","0","0","0","7","0","","67","6","2021","5","40.096635","-75.048855","","6","0","0","0","1","0","0","0","0","","1","0","0","","","0","N","0","","40 05:47.885","","0","75 02:55.879","1","1","0","1","67301","0","0","0","N","0","0","0","1","67301","0","2","4.0","","1","N","N","N","0","0","0","0","0","","0","","","1","0","0","0","0","0","0","2","0","1","","03","","N","","","","","","","","","",""
"2021029075","","2","0","0","0","0","0","0","0","0","4","0","","67","3","2021","2","40.107379","-75.028214","","6","0","0","0","0","0","0","0","0","","0","0","0","","","1","","2","","40 06:26.565","","0","75 01:41.570","8","0","0","0","67301","0","0","0","N","0","0","0","2","67301","0","","1.0","","1","N","N","N","0","","0","0","0","","0","","","2","1","0","0","0","1","0","2","0","2","","03","","N","","","","","","","","","",""
"2021029076","","0","0","0","0","0","0","0","0","0","7","0","","67","3","2021","2","40.086486","-75.059369","","6","0","0","0","0","0","1","0","0","","0","0","0","","","1","N","0","","40 05:11.351","","0","75 03:33.727","2","0","0","0","67301","0","0","0","N","0","0","0","1","67301","0","","5.0","","1","N","N","N","0","","0","1","1","","0","","","1","1","0","0","0","0","0","2","0","1","","","","N","","","","","","","","","",""
"2021048468","","1","0","1","0","0","0","0","0","0","1","0","","67","5","2021","6","39.967135","-75.188198","","6","0","0","0","0","0","0","0","0","","0","0","0","","","1","N","0","","39 58:01.685","4","0","75 11:17.513","2","0","0","0","67301","0","0","0","N","0","0","0","2","68K01","0","","1.0","2010.0","1","N","N","N","0","","0","1","1","","0","Y","","2","1","0","0","0","0","0","2","0","2","","","","N","","","","","","","","","",""
"2021031028","","2","0","0","0","0","0","0","0","0","5","0","","67","4","2021","1","40.005852","-75.193704","","6","0","0","0","0","0","0","0","0","","0","0","0","","","1","N","0","","40 00:21.068","","8","75 11:37.336","3","0","0","0","67301","0","0","0","N","0","0","0","3","67301","0","","1.0","","1","N","N","N","0","","1","0","1","","0","","","3","1","0","0","0","0","0","2","0","3","","03","","N","","","","","","","","","",""
"2021054062","","0","0","0","0","0","0","0","0","0","1","0","","67","6","2021","4","39.928081","-75.196018","","6","0","0","0","0","0","0","0","1","","0","0","0","","","0","N","0","","39 55:41.092","","0","75 11:45.666","0","0","0","0","67301","0","0","0","N","0","0","0","3","68K01","0","","1.0","","1","N","N","N","0","","0","0","2","","0","","","2","0","0","0","0","0","0","2","0","2","","","","N","","","","","","","","","",""
"2021034134","","1","0","0","0","0","0","0","0","0","4","0","","67","4","2021","2","39.946054","-75.216496","","6","0","0","0","0","0","0","1","0","","0","0","0","","","1","","1","","39 56:45.794","6","0","75 12:59.385","8","0","0","0","67301","0","0","0","N","0","0","0","2","67301","0","","1.0","855.0","1","N","N","N","0","","0","0","1","","3","N","","2","1","0","0","0","1","1","2","0","2","","03","","N","","","","","","","","","",""
"2021031272","","1","0","0","0","0","0","0","0","0","2","0","","67","4","2021","7","39.965431","-75.200289","","6","0","0","0","0","0","0","0","0","","0","0","0","","","0","N","0","","39 57:55.550","","0","75 12:01.040","9","0","0","0","67301","0","0","0","N","0","0","0","1","67301","0","","6.0","","1","N","N","N","0","","0","0","1","","0","","","2","0","0","0","0","0","1","2","0","2","","","","N","","","","","","","","","",""
"2021031672","","2","0","0","0","0","0","0","0","0","1","0","","67","4","2021","1","40.010517","-75.184588","","6","0","0","0","0","0","0","0","0","","0","0","0","","","1","N","0","","40 00:37.862","1","0","75 11:04.515","3","0","0","0","67301","0","0","0","N","0","0","0","2","67301","0","","1.0","130.0","1","N","N","N","0","","1","0","0","","0","N","","2","1","0","0","0","0","0","2","0","2","","03","","N","","","","","","","","","",""
"2021032127","","2","0","0","0","0","0","0","0","0","4","0","","67","4","2021","5","40.001391","-75.151624","","6","0","0","0","0","0","1","0","0","","0","0","0","","","4","","1","","40 00:05.009","","0","75 09:05.845","3","0","0","0","67301","0","0","0","N","0","0","0","8","67301","1","","1.0","","1","N","N","Y","0","","3","0","2","","3","","","4","4","1","0","0","0","2","2","0","4","","03","","N","","","","","","","","","",""
"2021032243","","2","0","0","0","0","0","0","0","0","4","0","","67","4","2021","5","40.004293","-75.149298","","6","0","0","0","0","0","1","0","0","","0","0","0","","","0","","1","","40 00:15.454","","0","75 08:57.472","0","0","0","0","67301","0","0","0","N","0","0","0","2","67301","0","","1.0","","1","N","N","N","0","","0","0","0","","2","","","2","0","1","0","0","0","0","2","0","2","","03","","N","","","","","","","","","",""
"2021025947","","0","0","0","0","0","0","0","0","0","8","0","","67","3","2021","5","39.993778","-75.156967","","6","0","0","0","0","0","0","0","0","","0","0","0","","","1","N","0","","39 59:37.600","","0","75 09:25.080","3","0","0","0","67301","1","0","0","N","1","0","0","2","67301","0","","4.0","","8","N","N","N","0","","1","0","0","","0","","","2","1","0","0","0","0","0","2","1","1","","07","","N","","","","","","","","","",""
"2021031029","","2","0","0","0","0","0","0","0","0","5","0","","67","4","2021","1","39.971947","-75.209894","","6","0","0","0","0","0","0","0","0","","0","0","0","","","0","N","0","","39 58:19.010","4","0","75 12:35.620","0","0","0","0","67301","0","0","0","N","0","0","0","1","67301","0","","6.0","2115.0","1","N","N","N","1","","0","0","2","","0","N","","5","0","0","0","0","0","0","2","0","5","","03","","N","","","","","","","","","",""
"2021033618","","1","0","0","0","0","0","0","0","0","4","0","","67","4","2021","6","40.006764","-75.13157","","6","0","0","0","0","0","0","0","0","","0","0","0","","","1","","1","","40 00:24.352","","0","75 07:53.653","8","0","0","0","67301","0","0","0","N","0","0","0","4","67301","0","","1.0","","1","N","N","N","0","","0","0","1","","2","","","2","1","0","0","0","1","1","2","0","2","","03","","N","","","","","","","","","",""
"2021030720","","1","0","0","0","0","0","0","0","0","4","0","","67","4","2021","7","39.975159","-75.188112","","6","0","0","0","0","0","1","0","0","","0","0","0","","","4","","1","","39 58:30.573","2","0","75 11:17.203","2","0","0","0","67301","0","0","0","N","0","0","0","4","67301","1","","1.0","1900.0","1","N","N","N","0","","2","1","0","","2","Y","","2","4","2","0","1","0","0","2","1","2","","03","","N","","","","","","","","","",""
"2021043983","","2","0","0","0","0","0","0","0","0","4","0","","67","5","2021","7","39.955154","-75.198331","","6","0","0","0","0","0","0","0","0","","0","0","0","","","0","","2","","39 57:18.553","","0","75 11:53.991","0","0","0","0","67301","0","0","0","N","0","0","0","6","67504","0","","1.0","","1","N","N","N","0","","0","0","0","","2","","","2","0","0","0","0","0","0","2","0","2","","03","","N","","","","","","","","","",""
"2021030793","","1","0","0","0","0","0","0","0","0","5","0","","67","4","2021","1","40.008128","-75.155183","","6","0","0","0","0","0","0","0","0","","0","0","0","","","3","N","0","","40 00:29.260","","0","75 09:18.660","3","0","0","0","67301","0","0","0","N","0","0","0","3","67301","0","","6.0","","1","N","N","N","0","","3","0","2","","0","","","3","3","0","0","0","0","0","2","0","3","","","","N","","","","","","","","","",""
"2021031031","","2","0","0","0","0","0","0","0","0","5","0","","67","4","2021","1","39.980378","-75.182356","","6","0","0","0","0","0","0","0","0","","0","0","0","","","0","N","0","","39 58:49.360","","0","75 10:56.480","0","0","0","0","67301","0","0","0","N","0","0","0","1","67301","0","","6.0","","1","N","N","Y","0","","0","0","2","","0","","","4","0","0","0","0","0","0","2","0","4","","03","","N","","","","","","","","","",""
"2021048496","","0","0","0","0","0","0","0","0","0","0","0","","67","5","2021","7","40.027845","-75.024515","","6","0","0","0","0","0","0","0","0","","0","0","0","","","1","N","0","","40 01:40.242","2","0","75 01:28.254","3","0","0","1","67301","0","0","0","N","0","0","0","1","68K01","0","","1.0","45.0","1","N","N","N","0","","1","0","0","","0","N","","1","1","0","0","0","0","0","2","0","1","","","","N","","","","","","","","","",""
"2021022705","","1","0","0","0","0","0","0","0","0","5","0","","67","3","2021","2","39.922644","-75.169989","","6","0","0","0","0","0","0","0","0","","0","0","0","","","1","N","0","","39 55:21.520","","0","75 10:11.960","4","0","0","0","67301","0","0","0","N","0","0","0","3","67301","1","","1.0","","1","N","N","N","0","","0","0","1","","0","","","2","1","1","0","0","0","0","2","0","2","","03","","N","","","","","","","","","",""
"2021048565","","1","0","0","0","0","0","0","0","0","5","1","","67","5","2021","4","39.922467","-75.218806","","6","0","0","0","0","0","0","0","0","","0","1","0","","","1","N","0","","39 55:20.880","","0","75 13:07.700","8","0","0","0","67301","0","0","0","N","0","0","0","1","67301","0","","6.0","","1","N","N","N","0","","0","0","0","","0","","","2","1","0","0","0","1","0","2","0","2","","03","","N","","","","","","","","","",""
"2021048872","","1","0","0","0","0","0","0","0","0","7","0","","67","5","2021","6","39.996242","-75.203181","","6","0","0","0","0","0","0","0","0","","0","0","0","","","0","N","0","","39 59:46.470","6","0","75 12:11.450","0","0","0","0","67301","0","0","0","N","0","0","0","0","67301","0","","2.0","1930.0","9","N","N","N","0","","0","0","0","","9","N","","1","0","0","0","0","0","0","2","0","1","","07","","N","","","","","","","","","",""
"2021022714","","0","0","0","0","0","0","0","0","0","1","0","","67","3","2021","2","40.041412","-75.120105","","6","0","0","0","0","0","2","0","0","","0","0","0","","","1","","1","","40 02:29.083","","0","75 07:12.377","3","0","0","0","67301","0","0","0","N","0","0","0","2","67301","0","","1.0","","1","N","N","N","0","","1","0","2","","2","","","2","1","2","0","0","0","0","2","0","2","","03","","N","","","","","","","","","",""
"2021025465","","1","0","0","0","0","0","0","0","0","7","0","","67","3","2021","2","39.900773","-75.15453","","6","0","0","0","0","0","0","0","0","","0","0","0","","","0","N","0","","39 54:02.784","2","3","75 09:16.307","0","0","0","0","67301","0","0","0","N","0","0","0","1","68K01","0","","4.0","30.0","1","N","N","N","0","","0","0","0","","0","N","","1","0","0","0","0","0","0","2","0","1","","","","N","","","","","","","","","",""
"2021021850","","0","0","0","0","0","0","0","0","0","4","0","","67","3","2021","6","39.961414","-75.204648","","6","0","0","0","0","0","0","0","0","","0","0","0","","","0","","1","","39 57:41.090","","0","75 12:16.732","9","0","0","0","67301","0","0","0","N","0","0","0","4","67301","0","","1.0","","1","N","N","N","0","","0","0","2","","3","","","2","0","0","0","0","0","1","2","0","2","","03","","N","","","","","","","","","",""
"2021050134","","1","0","0","0","0","0","0","0","0","0","0","","67","5","2021","7","39.990114","-75.220186","","6","0","0","0","0","0","1","0","0","","0","0","0","","","0","N","0","","39 59:24.410","","0","75 13:12.670","0","0","0","0","67301","0","0","0","N","0","0","0","1","67301","0","","1.0","","9","N","N","N","0","","0","0","0","","0","","","1","0","0","0","0","0","0","2","0","1","","","","N","","","","","","","","","",""
"2021021566","","3","0","0","0","0","0","0","0","0","6","0","","67","3","2021","4","40.018197","-75.064031","","6","0","0","0","0","0","0","0","0","","0","0","0","","","1","N","0","","40 01:05.509","1","0","75 03:50.510","3","0","0","0","67301","0","0","0","N","0","0","0","3","67301","0","","1.0","30.0","1","N","N","N","0","","1","0","0","","0","Y","","3","1","1","0","0","0","0","2","0","3","","03","","N","","","","","","","","","",""
"2021022587","","2","0","0","0","0","0","0","0","0","1","0","","67","3","2021","7","40.039989","-75.169664","","6","0","0","0","0","0","0","0","0","","0","0","0","","","0","N","0","","40 02:23.960","","0","75 10:10.790","0","0","0","0","67301","0","0","0","N","0","0","0","1","67301","0","","6.0","","1","N","N","N","0","","0","0","1","","0","","","3","0","0","0","0","0","0","2","0","3","","","","N","","","","","","","","","",""
"2021024565","","1","0","0","0","0","0","0","0","0","1","0","","67","3","2021","3","39.964537","-75.134391","","6","0","0","0","0","0","1","0","0","","0","0","0","","","1","","1","","39 57:52.333","","7","75 08:03.809","3","0","0","0","67301","0","0","0","N","0","0","0","2","67301","0","","1.0","","99","N","N","N","0","","1","0","1","","2","","","2","1","0","0","0","0","1","2","0","2","","","","N","","","","","","","","","",""
"2021048595","","1","0","0","0","0","0","0","0","0","8","0","","67","5","2021","3","39.914","-75.181778","","6","0","0","0","0","0","0","0","0","","0","0","0","","","2","N","0","","39 54:50.400","","0","75 10:54.400","4","0","0","0","67301","2","0","0","N","2","0","0","2","67301","2","","1.0","","1","N","N","N","0","","0","0","0","","2","","","3","2","0","0","0","0","0","2","0","1","","03","","N","","","","","","","","","",""
"2021024534","","1","0","0","0","0","0","0","0","0","4","0","","67","3","2021","1","39.958466","-75.212994","","6","0","0","0","0","0","1","0","0","","0","0","0","","","3","","2","","39 57:30.476","3","0","75 12:46.777","3","0","0","0","67301","0","0","0","N","0","0","0","3","67301","1","","1.0","940.0","1","N","N","N","0","","1","0","1","","3","N","","2","3","0","0","0","1","0","2","0","2","","03","","N","","","","","","","","","",""
"2021022727","","1","0","0","0","0","0","0","0","0","5","0","","67","3","2021","2","40.045592","-75.090028","","6","0","1","0","0","0","0","0","0","","0","0","0","","","0","N","0","","40 02:44.130","","0","75 05:24.100","0","0","0","0","67301","0","0","0","N","0","0","0","2","67301","0","","6.0","","1","N","N","N","0","","0","0","1","","0","","","2","0","0","0","0","0","0","2","0","2","","","","N","","","","","","","","","",""
"2021024569","","5","0","0","0","0","0","0","0","0","5","0","","67","3","2021","2","39.989419","-75.140783","","6","0","0","0","0","0","0","0","0","","0","0","0","","","1","N","0","","39 59:21.910","","0","75 08:26.820","3","0","0","0","67301","0","0","0","N","0","0","0","3","67301","0","","1.0","","1","N","N","N","0","","1","0","3","","0","","","8","1","0","0","0","0","0","2","0","8","","03","","N","","","","","","","","","",""
"2021047383","","1","0","0","0","0","0","0","0","0","4","0","","67","5","2021","6","39.922897","-75.158205","","6","0","0","0","0","0","0","0","0","","0","0","0","","","0","","1","","39 55:22.430","7","0","75 09:29.537","0","0","0","0","67301","0","0","0","N","0","0","0","4","67301","0","","1.0","938.0","99","N","N","N","0","","0","0","1","","2","Y","","2","0","0","0","0","0","0","2","0","2","","","","N","","","","","","","","","",""
"2021023555","","1","0","0","0","0","0","0","0","0","7","0","","67","3","2021","4","40.055873","-75.045272","","6","0","0","0","0","0","0","0","0","","0","0","0","","","0","","2","","40 03:21.143","","7","75 02:42.980","9","0","0","0","67301","0","0","0","N","0","0","0","1","67301","0","","4.0","","1","N","N","N","0","","0","0","0","","0","","","1","0","0","0","0","0","1","2","0","1","","03","","N","","","","","","","","","",""
"2021024559","","2","0","0","0","0","0","0","0","0","4","0","","67","3","2021","5","40.007217","-75.123438","","6","0","0","0","0","0","0","0","0","","0","0","0","","","0","","1","","40 00:25.981","","0","75 07:24.378","0","0","0","0","67301","0","0","0","N","0","0","0","2","67301","0","","1.0","","1","N","N","N","0","","0","0","0","","2","","","2","0","0","0","0","0","0","2","0","2","","","","N","","","","","","","","","",""
"2021047289","","1","0","0","0","0","0","0","0","0","4","0","","67","5","2021","1","40.06147","-75.141513","","6","0","0","0","0","0","0","0","0","","0","0","0","","","1","","2","","40 03:41.292","","0","75 08:29.446","8","0","0","0","67301","0","0","0","N","0","0","0","2","67301","0","","1.0","","1","N","N","N","0","","0","0","1","","3","","","2","1","0","0","0","1","0","2","0","2","","03","","N","","","","","","","","","",""
"2021048364","","1","0","0","0","0","0","0","0","0","4","0","","67","5","2021","5","40.044551","-75.069439","","6","0","0","0","0","0","0","0","0","","0","0","0","","","2","","1","","40 02:40.383","","0","75 04:09.980","3","0","0","0","67301","0","0","0","N","0","0","0","3","67301","0","","1.0","","1","N","N","N","0","","2","0","1","","3","","","2","2","0","0","0","0","1","2","0","2","","03","","N","","","","","","","","","",""
"2021046955","","3","0","0","0","0","0","0","0","0","4","0","","67","5","2021","6","39.978601","-75.145008","","6","0","1","0","0","0","0","0","0","","0","0","0","","","1","","2","","39 58:42.963","","0","75 08:42.028","3","0","0","0","67301","0","0","0","N","0","0","0","3","67301","0","","1.0","","1","N","N","N","0","","1","0","0","","2","","","3","1","0","0","0","0","0","2","0","3","","","","N","","","","","","","","","",""
"2021023560","","0","0","0","0","0","0","0","0","0","4","0","","67","3","2021","4","40.027461","-75.171454","","6","0","0","0","0","0","0","0","0","","0","0","0","","","1","N","0","","40 01:38.858","","0","75 10:17.234","8","0","0","1","67301","0","0","0","N","0","0","0","3","67301","0","","1.0","","1","N","N","N","0","","0","0","1","","0","","","2","1","2","0","0","1","0","2","0","2","","03","","N","","","","","","","","","",""
"2021024578","","2","0","0","0","0","0","0","0","0","5","0","","67","3","2021","5","40.021611","-75.163019","","6","0","0","0","0","0","0","0","0","","0","0","0","","","2","N","0","","40 01:17.800","4","0","75 09:46.870","3","0","0","0","67301","0","0","0","N","0","0","0","2","67301","0","","6.0","519.0","1","N","N","N","0","","2","0","3","","0","N","","5","2","0","0","0","0","0","2","0","5","","03","","N","","","","","","","","","",""
"2021022321","","1","0","0","0","0","0","0","0","0","8","0","","67","3","2021","7","40.048003","-75.183658","","6","0","0","0","0","0","0","0","0","","0","0","0","","","1","N","0","","40 02:52.810","","0","75 11:01.170","3","0","0","0","67301","1","0","0","N","1","0","0","2","67301","0","","1.0","","1","N","N","N","0","","1","0","0","","0","","","2","1","0","0","0","0","0","2","0","1","","03","","N","","","","","","","","","",""