"CRN","ARRIVAL_TM","AUTOMOBILE_COUNT","BELTED_DEATH_COUNT","BELTED_SUSP_SERIOUS_INJ_COUNT","BICYCLE_COUNT","BICYCLE_DEATH_COUNT","BICYCLE_SUSP_SERIOUS_INJ_COUNT","BUS_COUNT","CHLDPAS_DEATH_COUNT","CHLDPAS_SUSP_SERIOUS_INJ_COUNT","COLLISION_TYPE","COMM_VEH_COUNT","CONS_ZONE_SPD_LIM","COUNTY","CRASH_MONTH","CRASH_YEAR","DAY_OF_WEEK","DEC_LATITUDE","DEC_LONGITUDE","DISPATCH_TM","DISTRICT","DRIVER_COUNT_16YR","DRIVER_COUNT_17YR","DRIVER_COUNT_18YR","DRIVER_COUNT_19YR","DRIVER_COUNT_20YR","DRIVER_COUNT_50_64YR","DRIVER_COUNT_65_74YR","DRIVER_COUNT_75PLUS","EST_HRS_CLOSED","FATAL_COUNT","HEAVY_TRUCK_COUNT","HORSE_BUGGY_COUNT","HOUR_OF_DAY","ILLUMINATION","INJURY_COUNT","INTERSECTION_RELATED","INTERSECT_TYPE","LANE_CLOSED","LATITUDE","LN_CLOSE_DIR","LOCATION_TYPE","LONGITUDE","MAX_SEVERITY_LEVEL","MCYCLE_DEATH_COUNT","MCYCLE_SUSP_SERIOUS_INJ_COUNT","MOTORCYCLE_COUNT","MUNICIPALITY","NONMOTR_COUNT","NONMOTR_DEATH_COUNT","NONMOTR_SUSP_SERIOUS_INJ_COUNT","NTFY_HIWY_MAINT","PED_COUNT","PED_DEATH_COUNT","PED_SUSP_SERIOUS_INJ_COUNT","PERSON_COUNT","POLICE_AGCY","POSSIBLE_INJ_COUNT","RDWY_SURF_TYPE_CD","RELATION_TO_ROAD","ROADWAY_CLEARED","ROAD_CONDITION","SCH_BUS_IND","SCH_ZONE_IND","SECONDARY_CRASH","SMALL_TRUCK_COUNT","SPEC_JURIS_CD","SUSP_MINOR_INJ_COUNT","SUSP_SERIOUS_INJ_COUNT","SUV_COUNT","TCD_FUNC_CD","TCD_TYPE","TFC_DETOUR_IND","TIME_OF_DAY","TOTAL_UNITS","TOT_INJ_COUNT","UNBELTED_OCC_COUNT","UNB_DEATH_COUNT","UNB_SUSP_SERIOUS_INJ_COUNT","UNK_INJ_DEG_COUNT","UNK_INJ_PER_COUNT","URBAN_RURAL","VAN_COUNT","VEHICLE_COUNT","WEATHER1","WEATHER2","WORKERS_PRES","WORK_ZONE_IND","WORK_ZONE_LOC","WORK_ZONE_TYPE","WZ_CLOSE_DETOUR","WZ_FLAGGER","WZ_LAW_OFFCR_IND","WZ_LN_CLOSURE","WZ_MOVING","WZ_OTHER","WZ_SHLDER_MDN","WZ_WORKERS_INJ_KILLED"
"2021022728","","1","0","0","0","0","0","0","0","0","5","0","","67","3","2021","7","39.998779","-75.100349","","6","0","0","0","0","0","0","0","0","","0","0","0","","","4","N","0","","39 59:55.606","","0","75 06:01.258","8","0","0","0","67301","0","0","0","N","0","0","0","4","67301","0","","6.0","","1","N","N","N","0","","0","0","2","","0","","","4","4","2","0","0","4","0","2","1","4","","03","","N","","","","","","","","","",""
"2021026830","","1","0","0","0","0","0","0","0","0","7","0","","67","3","2021","3","39.991196","-75.203574","","6","0","0","0","0","0","0","0","0","","0","0","0","","","1","N","0","","39 59:28.305","3","0","75 12:12.867","4","0","0","0","67301","0","0","0","Y","0","0","0","1","68K01","1","","3.0","2145.0","1","N","N","N","0","","0","0","0","","0","N","","1","1","1","0","0","0","0","2","0","1","","","","N","","","","","","","","","",""
"2021024728","","2","0","0","0","0","0","0","0","0","1","0","45","67","3","2021","5","39.898856","-75.169005","","6","0","0","0","0","0","1","0","0","","0","0","0","","","2","N","0","","39 53:55.880","","3","75 10:08.417","3","0","0","0","67301","0","0","0","N","0","0","0","3","68K01","0","","1.0","","1","N","N","N","0","","2","0","0","","0","","","2","2","0","0","0","0","0","2","0","2","","","N","Y","1","1","","","N","Y","","","","N"
"2021023557","","1","0","0","0","0","0","0","0","0","1","0","","67","3","2021","4","40.008319","-75.127187","","6","0","0","0","0","0","1","0","0","","0","0","0","","","1","","2","","40 00:29.948","","0","75 07:37.873","3","0","0","0","67301","0","0","0","N","0","0","0","2","67301","0","","1.0","","1","N","N","N","0","","1","0","1","","2","","","2","1","0","0","0","0","0","2","0","2","","","","N","","","","","","","","","",""
"2021031465","","2","0","0","0","0","0","0","0","0","1","0","","67","3","2021","2","39.956975","-75.155816","","6","0","0","0","0","1","0","0","0","","0","0","0","","","3","N","0","","39 57:25.111","3","0","75 09:20.937","3","0","0","0","67301","0","0","0","N","0","0","0","3","68K01","0","","1.0","1700.0","1","N","N","N","0","","1","0","1","","0","N","","3","3","0","0","0","2","0","2","0","3","","","","N","","","","","","","","","",""
"2021041382","","1","0","0","0","0","0","0","0","0","5","0","","67","3","2021","7","40.008556","-75.141667","","6","0","0","0","0","0","0","0","0","","0","0","0","","","0","N","0","","40 00:30.800","","0","75 08:30.000","0","0","0","0","67301","0","0","0","N","0","0","0","1","67301","0","","6.0","","1","N","N","N","1","","0","0","0","","0","","","2","0","0","0","0","0","0","2","0","2","","03","","N","","","","","","","","","",""
"2021031369","","1","0","0","0","0","0","0","0","0","5","0","","67","3","2021","6","40.01224","-75.150481","","6","0","0","0","0","0","0","0","0","","0","0","0","","","2","","1","","40 00:44.064","1","0","75 09:01.733","4","0","0","0","67301","0","0","0","N","0","0","0","2","67508","1","","1.0","9999.0","1","N","N","Y","0","","0","0","1","","2","Y","","2","2","2","0","0","1","0","2","0","2","","03","","N","","","","","","","","","",""
"2021021993","","1","0","0","0","0","0","0","0","0","4","0","","67","3","2021","6","40.06431","-75.153541","","6","0","0","0","0","0","0","0","0","","0","0","0","","","1","","5","","40 03:51.516","2","0","75 09:12.747","3","0","0","0","67301","0","0","0","N","0","0","0","5","67301","0","","1.0","1811.0","1","N","N","N","0","","1","0","1","","2","N","","2","1","0","0","0","0","0","2","0","2","","03","","N","","","","","","","","","",""
"2021022878","","2","0","0","0","0","0","0","0","0","1","0","","67","3","2021","3","40.040333","-75.030983","","6","0","0","0","0","0","1","0","0","","0","0","0","","","2","N","0","","40 02:25.198","1","7","75 01:51.537","3","0","0","0","67301","0","0","0","N","0","0","0","4","67301","0","","1.0","1055.0","1","N","N","N","1","","2","0","0","","0","N","","3","2","0","0","0","0","0","2","0","3","","03","","N","","","","","","","","","",""
"2021022450","","1","0","0","0","0","0","0","0","0","4","0","","67","3","2021","1","40.022719","-75.148198","","6","0","0","0","0","0","0","0","0","","0","0","0","","","2","","5","","40 01:21.790","2","0","75 08:53.512","2","0","0","0","67301","0","0","0","N","0","0","0","3","67301","0","","1.0","144.0","1","N","N","N","0","","1","1","1","","2","N","","2","2","0","0","0","0","0","2","0","2","","03","","N","","","","","","","","","",""
"2021047522","","1","0","0","0","0","0","0","0","0","4","0","","67","5","2021","4","39.999674","-75.098989","","6","0","0","0","0","0","0","0","0","","0","0","0","","","1","","1","","39 59:58.827","","0","75 05:56.359","3","0","0","0","67301","0","0","0","N","0","0","0","2","67301","0","","1.0","","1","N","N","N","0","","1","0","1","","2","","","2","1","0","0","0","0","0","2","0","2","","","","N","","","","","","","","","",""
"2021022051","","1","0","0","0","0","0","0","0","0","1","0","","67","3","2021","6","40.026898","-75.09724","","6","0","0","1","0","0","1","0","0","","0","0","0","","","1","","1","","40 01:36.832","","0","75 05:50.065","3","0","0","0","67301","0","0","0","N","0","0","0","3","67301","0","","1.0","","99","N","N","N","1","","1","0","0","","2","","","2","1","0","0","0","0","2","2","0","2","","","","N","","","","","","","","","",""
"2021037297","","0","0","0","0","0","0","0","0","0","4","0","","67","4","2021","7","40.026998","-75.065361","","6","0","0","0","0","1","1","0","0","","1","0","0","","","0","N","1","","40 01:37.193","7","0","75 03:55.299","1","1","0","1","67301","0","0","0","N","0","0","0","2","67301","0","2","1.0","1524.0","1","N","N","N","1","0","0","0","0","","2","Y","","2","0","0","0","0","0","0","2","0","2","","03","","N","","","","","","","","","",""
"2021022868","","0","0","0","0","0","0","0","0","0","4","0","","67","3","2021","2","40.100502","-75.042615","","6","0","0","0","0","0","0","1","0","","0","0","0","","","2","","3","","40 06:01.806","1","0","75 02:33.414","3","0","0","0","67301","0","0","0","N","0","0","0","4","67301","0","","1.0","1325.0","1","N","N","N","0","","2","0","2","","2","N","","2","2","0","0","0","0","0","2","0","2","","03","","N","","","","","","","","","",""
"2021050687","","1","0","0","0","0","0","0","0","0","1","0","","67","6","2021","3","40.029936","-75.159056","","6","0","0","0","0","0","0","0","0","","0","0","0","","","0","N","0","","40 01:47.770","","99","75 09:32.600","0","0","0","0","67301","0","0","0","N","0","0","0","0","67301","0","","9.0","","99","N","N","N","0","","0","0","0","","0","","","2","0","0","0","0","0","0","2","0","2","","","","N","","","","","","","","","",""
"2021024539","","0","0","0","0","0","0","0","0","0","4","0","","67","3","2021","5","39.988303","-75.253969","","6","0","0","0","0","0","0","1","0","","0","0","0","","","1","","1","","39 59:17.890","","0","75 15:14.288","3","0","0","0","67301","0","0","0","N","0","0","0","2","67301","0","","1.0","","1","N","N","N","0","","1","0","2","","2","","","2","1","0","0","0","0","1","2","0","2","","03","","N","","","","","","","","","",""
"2021022709","","1","0","0","0","0","0","0","0","0","6","0","","67","3","2021","2","40.073328","-74.994086","","6","0","0","0","1","0","0","0","0","","0","0","0","","","0","N","0","","40 04:23.980","1","0","74 59:38.710","9","0","0","0","67301","0","0","0","N","0","0","0","1","67301","0","","6.0","1950.0","1","N","N","N","0","","0","0","1","","0","N","","2","0","0","0","0","0","1","2","0","2","","","","N","","","","","","","","","",""
"2021050688","","1","0","0","0","0","0","0","0","0","5","0","","67","6","2021","4","40.005071","-75.190711","","6","0","0","0","0","0","1","0","0","","0","0","0","","","0","N","0","","40 00:18.255","","0","75 11:26.558","0","0","0","0","67301","0","0","0","N","0","0","0","2","67301","0","","1.0","","1","N","N","N","1","","0","0","0","","0","","","2","0","0","0","0","0","0","2","0","2","","03","","N","","","","","","","","","",""
"2021022179","","1","0","0","0","0","0","0","0","0","4","0","","67","3","2021","6","39.936764","-75.229713","","6","0","0","0","0","0","0","0","0","","0","0","0","","","2","","1","","39 56:12.350","","0","75 13:46.966","3","0","0","0","67301","0","0","0","N","0","0","0","2","67301","0","","1.0","","1","N","N","N","0","","2","0","1","","2","","","2","2","0","0","0","0","0","2","0","2","","03","","N","","","","","","","","","",""
"2021030385","","2","0","0","0","0","0","0","0","0","3","0","","67","3","2021","4","39.939769","-75.182194","","6","0","0","0","0","0","0","0","0","","0","0","0","","","1","N","0","","39 56:23.170","","0","75 10:55.900","4","0","0","0","67301","0","0","0","N","0","0","0","2","67301","1","","1.0","","1","N","N","N","0","","0","0","0","","0","","","2","1","0","0","0","0","1","2","0","2","","03","","N","","","","","","","","","",""
"2021021213","","2","0","0","0","0","0","0","0","0","5","0","","67","3","2021","4","40.015139","-75.078822","","6","0","0","0","0","0","0","0","0","","0","0","0","","","1","N","0","","40 00:54.500","5","0","75 04:43.760","3","0","0","0","67301","0","0","0","N","0","0","0","1","67301","0","","6.0","210.0","1","N","N","N","0","","1","0","1","","0","N","","3","1","0","0","0","0","0","2","0","3","","03","","N","","","","","","","","","",""
"2021022052","","1","0","0","0","0","0","0","0","0","1","0","","67","3","2021","6","40.053048","-75.007025","","6","0","0","0","0","0","0","0","0","","0","0","0","","","1","N","0","","40 03:10.971","","0","75 00:25.291","4","0","0","0","67301","0","0","0","N","0","0","0","3","67301","1","","1.0","","1","N","N","N","0","","0","0","1","","0","","","2","1","0","0","0","0","0","2","0","2","","03","","N","","","","","","","","","",""
"2021021757","","1","0","0","0","0","0","0","0","0","5","0","","67","3","2021","5","39.959095","-75.242743","","6","0","0","0","0","0","0","0","1","","0","0","0","","","0","N","0","","39 57:32.743","","0","75 14:33.874","0","0","0","0","67301","0","0","0","N","0","0","0","1","67301","0","","6.0","","1","N","N","N","0","","0","0","0","","0","","","2","0","0","0","0","0","0","2","1","2","","03","","N","","","","","","","","","",""
"2021022583","","1","0","0","0","0","0","0","0","0","1","0","","67","3","2021","7","39.892413","-75.222808","","6","0","0","0","0","0","0","0","0","","0","0","0","","","1","","1","","39 53:32.686","","2","75 13:22.108","2","0","0","0","67301","0","0","0","N","0","0","0","3","67301","0","","1.0","","1","N","N","N","0","","0","1","1","","2","","","2","1","0","0","0","0","0","2","0","2","","03","","N","","","","","","","","","",""
"2021024520","","1","0","0","0","0","0","0","0","0","4","0","","67","3","2021","1","39.920152","-75.230172","","6","0","0","0","0","0","0","0","0","","0","0","0","","","1","","1","","39 55:12.547","","0","75 13:48.619","3","0","0","0","67301","0","0","0","N","0","0","0","2","67301","0","","1.0","","1","N","N","N","0","","1","0","0","","3","","","2","1","1","0","0","0","0","2","0","2","","03","","N","","","","","","","","","",""
"2021022296","","2","0","0","0","0","0","0","0","0","4","0","","67","3","2021","1","39.971446","-75.159371","","6","0","0","0","0","1","0","0","0","","0","0","0","","","0","","1","","39 58:17.205","","0","75 09:33.736","0","0","0","0","67301","0","0","0","N","0","0","0","2","67505","0","","1.0","","1","N","N","N","0","","0","0","0","","2","","","2","0","1","0","0","0","0","2","0","2","","","","N","","","","","","","","","",""
"2021048489","","2","0","0","0","0","0","0","0","0","1","0","","67","5","2021","6","40.019593","-75.044736","","6","0","0","0","0","0","0","0","0","","0","0","0","","","0","N","0","","40 01:10.535","","0","75 02:41.051","0","0","0","0","67301","0","0","0","N","0","0","0","2","68K01","0","","1.0","","1","N","N","N","0","","0","0","0","","0","","","2","0","0","0","0","0","0","2","0","2","","","","N","","","","","","","","","",""
"2021038174","","1","0","0","0","0","0","0","0","0","7","0","","67","3","2021","4","39.96896","-75.127901","","6","0","0","0","0","0","0","0","0","","0","0","0","","","0","N","0","","39 58:08.255","2","0","75 07:40.443","0","0","0","0","67301","0","0","0","N","0","0","0","1","68K01","0","","3.0","2152.0","1","N","N","N","0","","0","0","0","","0","N","","1","0","0","0","0","0","0","2","0","1","","","","N","","","","","","","","","",""
"2021027137","","2","0","0","0","0","0","0","0","0","1","0","","67","3","2021","6","39.962581","-75.213044","","6","0","0","0","0","0","1","0","0","","0","0","0","","","0","","1","","39 57:45.290","","0","75 12:46.959","0","0","0","0","67301","0","0","0","N","0","0","0","3","67301","0","","1.0","","1","N","N","N","0","","0","0","0","","2","","","3","0","0","0","0","0","0","2","0","3","","03","","N","","","","","","","","","",""
"2021025691","","1","0","0","0","0","0","0","0","0","5","0","","67","3","2021","5","39.975028","-75.163644","","6","0","0","0","0","0","0","0","0","","0","0","0","","","0","N","0","","39 58:30.100","","0","75 09:49.120","0","0","0","0","67301","0","0","0","N","0","0","0","1","67301","0","","6.0","","9","N","N","N","0","","0","0","1","","0","","","2","0","0","0","0","0","0","2","0","2","","07","","N","","","","","","","","","",""
"2021048644","","0","0","0","0","0","0","1","0","0","8","1","","67","5","2021","4","39.990372","-75.175253","","6","0","0","0","0","0","0","0","0","","0","0","0","","","1","","1","","39 59:25.340","","0","75 10:30.910","4","0","0","0","67301","1","0","0","N","1","0","0","2","67508","1","","1.0","","1","N","N","Y","0","","0","0","0","","2","","","2","1","0","0","0","0","0","2","0","1","","03","","N","","","","","","","","","",""
"2021023943","","1","0","0","0","0","0","0","0","0","5","0","45","67","3","2021","1","39.899165","-75.176607","","6","0","0","0","0","0","1","0","0","","0","0","0","","","1","N","0","","39 53:56.994","1","3","75 10:35.785","4","0","0","0","67301","0","0","0","N","0","0","0","4","68K01","1","","1.0","1110.0","1","N","N","N","0","","0","0","1","","0","N","","2","1","1","0","0","0","0","2","0","2","","","N","Y","1","1","","","N","","","Y","","N"
"2021024545","","1","0","0","0","0","0","0","0","0","5","0","","67","3","2021","5","39.998111","-75.110889","","6","0","0","0","0","0","0","0","0","","0","0","0","","","1","N","0","","39 59:53.200","","0","75 06:39.200","3","0","0","0","67301","0","0","0","N","0","0","0","1","67301","0","","6.0","","1","N","N","N","0","","1","0","1","","0","","","2","1","1","0","0","0","0","2","0","2","","03","","N","","","","","","","","","",""
"2021025194","","1","0","0","0","0","0","0","0","0","8","0","","67","3","2021","5","39.995167","-75.138611","","6","0","0","0","0","0","0","0","0","","0","0","0","","","1","N","0","","39 59:42.600","","0","75 08:19.000","8","0","0","0","67301","1","0","0","N","1","0","0","3","67301","0","","1.0","","1","N","N","N","0","","0","0","0","","0","","","3","1","0","0","0","1","0","2","0","2","","","","N","","","","","","","","","",""
"2021021753","","1","0","0","0","0","0","0","0","0","4","0","","67","3","2021","5","","","","6","0","0","1","0","0","0","0","0","","0","0","0","","","1","","2","","","6","7","","3","0","0","0","67301","0","0","0","N","0","0","0","3","67301","0","","1.0","2100.0","1","N","N","N","0","","1","0","1","","0","N","","2","1","1","0","0","0","1","1","0","2","","03","","N","","","","","","","","","",""
"2021048569","","2","0","0","0","0","0","0","0","0","4","0","","67","5","2021","3","39.977666","-75.227725","","6","0","0","0","0","0","0","0","0","","0","0","0","","","0","N","0","","39 58:39.596","","0","75 13:39.810","0","0","0","0","67301","0","0","0","N","0","0","0","2","67301","0","","1.0","","1","N","N","N","0","","0","0","0","","0","","","2","0","0","0","0","0","0","2","0","2","","03","","N","","","","","","","","","",""
"2021023709","","2","0","0","0","0","0","0","0","0","4","0","","67","3","2021","4","39.964112","-75.216403","","6","0","0","0","0","0","0","0","0","","0","0","0","","","0","","1","","39 57:50.803","","0","75 12:59.050","0","0","0","0","67301","0","0","0","N","0","0","0","2","67301","0","","1.0","","1","N","Y","N","0","","0","0","0","","2","","","2","0","0","0","0","0","0","2","0","2","","03","","N","","","","","","","","","",""
"2021024513","","0","0","0","0","0","0","0","0","0","8","0","","67","3","2021","2","39.952949","-75.159682","","6","0","0","0","0","0","1","0","0","","0","0","0","","","1","","1","","39 57:10.616","","0","75 09:34.855","8","0","0","0","67301","1","0","0","N","1","0","0","2","67301","0","","1.0","","1","N","N","N","1","","0","0","0","","2","","","2","1","0","0","0","1","0","2","0","1","","03","","N","","","","","","","","","",""
"2021023657","","1","0","0","0","0","0","0","0","0","1","0","45","67","3","2021","2","39.977309","-75.112238","","6","0","0","0","0","0","0","1","0","","0","0","0","","","2","N","0","","39 58:38.311","1","3","75 06:44.057","3","0","0","0","67301","0","0","0","N","0","0","0","2","68K01","0","","1.0","1155.0","1","N","N","N","0","","2","0","1","","0","N","","2","2","0","0","0","0","0","2","0","2","","","N","Y","3","1","","","N","","","Y","Y","N"
"2021022111","","2","0","0","0","0","0","0","0","0","4","0","","67","3","2021","7","40.050217","-75.127471","","6","0","0","0","0","0","0","0","0","","0","0","0","","","2","","1","","40 03:00.781","5","0","75 07:38.895","3","0","0","0","67301","0","0","0","N","0","0","0","2","67301","0","","1.0","600.0","1","N","N","N","0","","2","0","0","","2","N","","2","2","0","0","0","0","0","2","0","2","","03","","N","","","","","","","","","",""
"2021021675","","2","0","0","0","0","0","0","0","0","4","0","","67","3","2021","5","39.975979","-75.159467","","6","0","0","0","0","0","0","0","0","","0","0","0","","","0","","1","","39 58:33.526","","0","75 09:34.081","0","0","0","0","67301","0","0","0","N","0","0","0","2","67301","0","","1.0","","1","N","N","N","0","","0","0","0","","3","","","3","0","0","0","0","0","0","2","0","3","","03","","N","","","","","","","","","",""
"2021024561","","1","0","0","0","0","0","0","0","0","4","0","","67","3","2021","5","40.021235","-75.126146","","6","0","1","0","0","0","0","0","0","","0","0","0","","","1","","1","","40 01:16.445","","0","75 07:34.125","3","0","0","1","67301","0","0","0","N","0","0","0","2","67301","0","","1.0","","1","N","N","N","0","","1","0","0","","0","","","2","1","1","0","0","0","0","2","0","2","","03","","N","","","","","","","","","",""
"2021048049","","2","0","0","0","0","0","0","0","0","1","0","","67","5","2021","6","39.982821","-75.099053","","6","0","0","0","0","0","0","0","0","","0","0","0","","","2","N","0","","39 58:58.154","1","0","75 05:56.591","3","0","0","0","67301","0","0","0","N","0","0","0","3","68K01","0","","1.0","15.0","1","N","N","N","0","","2","0","0","","0","N","","2","2","0","0","0","0","0","2","0","2","","","","N","","","","","","","","","",""
"2021025765","","1","0","0","0","0","0","0","0","0","7","0","","67","3","2021","2","39.935872","-75.199664","","6","0","0","0","0","0","0","0","0","","0","0","0","","","0","N","0","","39 56:09.140","4","3","75 11:58.789","0","0","0","0","67301","0","0","0","N","0","0","0","1","68K01","0","","3.0","2350.0","1","N","N","N","0","","0","0","0","","0","N","","1","0","0","0","0","0","0","2","0","1","","","","N","","","","","","","","","",""
"2021022054","","2","0","0","0","0","0","0","0","0","6","0","","67","3","2021","6","40.061808","-75.150133","","6","0","0","0","0","0","0","0","0","","0","0","0","","","0","N","0","","40 03:42.510","","0","75 09:00.480","9","0","0","0","67301","0","0","0","N","0","0","0","1","67301","0","","6.0","","1","N","N","N","0","","0","0","2","","0","","","4","0","0","0","0","0","1","2","0","4","","03","","N","","","","","","","","","",""
"2021024555","","1","0","0","0","0","0","0","0","0","4","0","","67","3","2021","2","39.993079","-75.147887","","6","0","0","0","0","1","0","0","0","","0","0","0","","","1","","1","","39 59:35.083","","0","75 08:52.393","3","0","0","0","67301","0","0","0","N","0","0","0","2","67301","0","","1.0","","1","N","N","N","0","","1","0","1","","2","","","2","1","0","0","0","0","0","2","0","2","","03","","N","","","","","","","","","",""
"2021024581","","1","0","0","0","0","0","0","0","0","4","0","","67","3","2021","6","40.020429","-75.156861","","6","0","0","0","0","0","1","0","0","","0","0","0","","","1","","2","","40 01:13.546","5","0","75 09:24.699","8","0","0","0","67301","0","0","0","N","0","0","0","2","67301","0","","1.0","2130.0","1","N","N","N","0","","0","0","1","","0","Y","","3","1","0","0","0","1","0","2","1","3","","03","","N","","","","","","","","","",""
"2021025766","","1","0","0","0","0","0","0","0","0","4","0","","67","3","2021","3","40.026801","-75.097355","","6","0","0","0","0","0","0","0","0","","0","0","0","","","0","","1","","40 01:36.484","2","6","75 05:50.479","0","0","0","0","67301","0","0","0","N","0","0","0","2","68K01","0","","1.0","600.0","1","N","N","N","0","","0","0","1","","2","N","","2","0","0","0","0","0","0","2","0","2","","03","","N","","","","","","","","","",""
"2021022449","","1","0","0","0","0","0","0","0","0","4","0","","67","3","2021","1","40.027437","-75.120769","","6","0","0","0","0","0","0","0","0","","0","0","0","","","0","","3","","40 01:38.773","4","0","75 07:14.770","0","0","0","0","67301","0","0","0","N","0","0","0","1","67301","0","","1.0","540.0","1","N","N","N","0","","0","0","1","","0","N","","2","0","0","0","0","0","0","2","0","2","","03","","N","","","","","","","","","",""
"2021022703","","1","0","0","0","0","0","0","0","0","5","0","","67","3","2021","2","39.9185","-75.180792","","6","0","0","0","0","0","0","0","0","","0","0","0","","","0","N","0","","39 55:06.600","","0","75 10:50.850","0","0","0","0","67301","0","0","0","N","0","0","0","1","67301","0","","6.0","","1","N","N","N","0","","0","0","2","","0","","","3","0","0","0","0","0","0","2","0","3","","03","","N","","","","","","","","","",""
"2021048557","","0","0","0","0","0","0","0","0","0","7","1","","67","5","2021","4","39.910167","-75.157889","","6","0","0","0","0","0","0","0","0","","0","1","0","","","0","N","0","","39 54:36.600","","3","75 09:28.400","0","0","0","0","67301","0","0","0","N","0","0","0","1","67501","0","","2.0","","9","N","N","N","0","","0","0","0","","0","","","1","0","0","0","0","0","0","2","0","1","","","","N","","","","","","","","","",""
"2021024553","","1","0","0","0","0","0","0","0","0","8","0","","67","3","2021","7","40.011989","-75.137867","","6","0","0","0","0","0","0","0","0","","0","0","0","","","1","N","0","","40 00:43.160","","0","75 08:16.320","3","0","0","0","67301","1","0","0","N","1","0","0","2","67301","0","","6.0","","1","N","N","N","0","","1","0","0","","0","","","2","1","0","0","0","0","0","2","0","1","","04","","N","","","","","","","","","",""
"2021022710","","2","0","0","0","0","0","0","0","0","4","0","","67","3","2021","2","40.072818","-75.167636","","6","0","0","0","0","0","0","1","0","","0","0","0","","","1","","1","","40 04:22.144","","0","75 10:03.489","3","0","0","0","67301","0","0","0","N","0","0","0","2","67301","0","","1.0","","1","N","N","N","0","","1","0","0","","2","","","2","1","0","0","0","0","0","2","0","2","","03","","N","","","","","","","","","",""
"2021022793","","2","0","0","0","0","0","0","0","0","4","0","","67","3","2021","2","39.991346","-75.134856","","6","0","0","0","0","0","0","1","0","","0","0","0","","","0","","1","","39 59:28.846","","0","75 08:05.483","0","0","0","0","67301","0","0","0","N","0","0","0","2","67301","0","","1.0","","1","N","N","N","0","","0","0","0","","2","","","2","0","0","0","0","0","0","2","0","2","","03","","N","","","","","","","","","",""
"2021023802","","0","0","0","0","0","0","0","0","0","1","0","","67","3","2021","2","39.907583","-75.143389","","6","0","0","0","0","0","0","0","0","","0","0","0","","","0","N","0","","39 54:27.300","","3","75 08:36.200","0","0","0","0","67301","0","0","0","N","0","0","0","2","67501","0","","1.0","","1","N","N","N","0","","0","0","2","","8","","","2","0","0","0","0","0","0","2","0","2","","03","","N","","","","","","","","","",""
"2021046956","","1","0","0","0","0","0","0","0","0","8","0","","67","5","2021","1","39.97958","-75.129465","","6","0","0","0","0","0","0","0","0","","0","0","0","","","1","","1","","39 58:46.489","","0","75 07:46.075","3","0","0","0","67301","0","0","0","N","0","0","0","3","67301","0","","1.0","","1","N","N","N","0","","1","0","0","","2","","","2","1","1","0","0","0","0","2","0","2","","03","","N","","","","","","","","","",""
"2021024821","","1","0","0","0","0","0","0","0","0","4","0","","67","3","2021","4","39.904061","-75.240291","","6","0","0","0","1","0","1","0","0","","0","0","0","","","2","","1","","39 54:14.619","","0","75 14:25.049","8","0","0","0","67301","0","0","0","N","0","0","0","3","67301","0","","1.0","","1","N","N","N","0","","0","0","2","","2","","","3","2","0","0","0","2","0","2","0","3","","03","","N","","","","","","","","","",""
"2021021221","","1","0","0","0","0","0","0","0","0","7","0","","67","3","2021","4","39.998931","-75.158853","","6","0","0","0","0","0","0","0","0","","0","0","0","","","1","N","0","","39 59:56.150","","3","75 09:31.870","2","0","0","0","67301","0","0","0","N","0","0","0","1","67301","0","","4.0","","1","N","N","N","0","","0","1","0","","0","","","1","1","1","0","1","0","0","2","0","1","","03","","N","","","","","","","","","",""
"2021047830","","0","0","0","0","0","0","0","0","0","8","0","","67","5","2021","3","40.047694","-75.05983","","6","0","0","0","1","0","0","0","0","","0","0","0","","","2","","1","","40 02:51.700","4","0","75 03:35.389","3","0","0","1","67301","2","0","0","N","2","0","0","3","67301","0","","1.0","1338.0","1","N","N","N","0","","2","0","0","","2","N","","3","2","0","0","0","0","0","2","0","1","","04","","N","","","","","","","","","",""
"2021045603","","1","0","0","0","0","0","0","0","0","4","0","","67","5","2021","5","39.953327","-75.183701","","6","0","0","0","0","0","0","0","0","","0","0","0","","","0","N","1","","39 57:11.978","3","0","75 11:01.324","0","0","0","0","67301","0","0","0","N","0","0","0","5","67507","0","","1.0","416.0","1","N","N","N","0","","0","0","1","","2","N","","2","0","0","0","0","0","0","2","0","2","","03","","N","","","","","","","","","",""
"2021024558","","0","0","0","0","0","0","0","0","0","4","0","","67","3","2021","5","40.010149","-75.121555","","6","0","0","0","0","0","0","0","0","","0","0","0","","","0","","1","","40 00:36.538","","0","75 07:17.597","9","0","0","0","67301","0","0","0","N","0","0","0","2","67301","0","","1.0","","1","N","N","N","0","","0","0","0","","2","","","2","0","0","0","0","0","2","2","2","2","","03","","N","","","","","","","","","",""
"2021049798","","1","0","0","0","0","0","0","0","0","7","0","","67","5","2021","3","39.959932","-75.17925","","6","0","0","0","0","0","0","0","0","","0","0","0","","","0","N","0","","39 57:35.755","3","0","75 10:45.301","0","0","0","0","67301","0","0","0","N","0","0","0","1","68K01","0","","4.0","445.0","9","N","N","N","0","","0","0","0","","0","N","","1","0","0","0","0","0","0","2","0","1","","07","","N","","","","","","","","","",""