"CRN","ARRIVAL_TM","AUTOMOBILE_COUNT","BELTED_DEATH_COUNT","BELTED_SUSP_SERIOUS_INJ_COUNT","BICYCLE_COUNT","BICYCLE_DEATH_COUNT","BICYCLE_SUSP_SERIOUS_INJ_COUNT","BUS_COUNT","CHLDPAS_DEATH_COUNT","CHLDPAS_SUSP_SERIOUS_INJ_COUNT","COLLISION_TYPE","COMM_VEH_COUNT","CONS_ZONE_SPD_LIM","COUNTY","CRASH_MONTH","CRASH_YEAR","DAY_OF_WEEK","DEC_LATITUDE","DEC_LONGITUDE","DISPATCH_TM","DISTRICT","DRIVER_COUNT_16YR","DRIVER_COUNT_17YR","DRIVER_COUNT_18YR","DRIVER_COUNT_19YR","DRIVER_COUNT_20YR","DRIVER_COUNT_50_64YR","DRIVER_COUNT_65_74YR","DRIVER_COUNT_75PLUS","EST_HRS_CLOSED","FATAL_COUNT","HEAVY_TRUCK_COUNT","HORSE_BUGGY_COUNT","HOUR_OF_DAY","ILLUMINATION","INJURY_COUNT","INTERSECTION_RELATED","INTERSECT_TYPE","LANE_CLOSED","LATITUDE","LN_CLOSE_DIR","LOCATION_TYPE","LONGITUDE","MAX_SEVERITY_LEVEL","MCYCLE_DEATH_COUNT","MCYCLE_SUSP_SERIOUS_INJ_COUNT","MOTORCYCLE_COUNT","MUNICIPALITY","NONMOTR_COUNT","NONMOTR_DEATH_COUNT","NONMOTR_SUSP_SERIOUS_INJ_COUNT","NTFY_HIWY_MAINT","PED_COUNT","PED_DEATH_COUNT","PED_SUSP_SERIOUS_INJ_COUNT","PERSON_COUNT","POLICE_AGCY","POSSIBLE_INJ_COUNT","RDWY_SURF_TYPE_CD","RELATION_TO_ROAD","ROADWAY_CLEARED","ROAD_CONDITION","SCH_BUS_IND","SCH_ZONE_IND","SECONDARY_CRASH","SMALL_TRUCK_COUNT","SPEC_JURIS_CD","SUSP_MINOR_INJ_COUNT","SUSP_SERIOUS_INJ_COUNT","SUV_COUNT","TCD_FUNC_CD","TCD_TYPE","TFC_DETOUR_IND","TIME_OF_DAY","TOTAL_UNITS","TOT_INJ_COUNT","UNBELTED_OCC_COUNT","UNB_DEATH_COUNT","UNB_SUSP_SERIOUS_INJ_COUNT","UNK_INJ_DEG_COUNT","UNK_INJ_PER_COUNT","URBAN_RURAL","VAN_COUNT","VEHICLE_COUNT","WEATHER1","WEATHER2","WORKERS_PRES","WORK_ZONE_IND","WORK_ZONE_LOC","WORK_ZONE_TYPE","WZ_CLOSE_DETOUR","WZ_FLAGGER","WZ_LAW_OFFCR_IND","WZ_LN_CLOSURE","WZ_MOVING","WZ_OTHER","WZ_SHLDER_MDN","WZ_WORKERS_INJ_KILLED"
"2021022796","","2","0","0","0","0","0","0","0","0","3","0","","67","3","2021","2","39.997684","-75.170967","","6","0","0","0","0","0","1","0","0","","0","0","0","","","0","","1","","39 59:51.662","","0","75 10:15.481","0","0","0","0","67301","0","0","0","N","0","0","0","2","67301","0","","1.0","","1","N","N","N","0","","0","0","0","","0","","","2","0","0","0","0","0","0","2","0","2","","03","","N","","","","","","","","","",""
"2021021978","","2","0","0","0","0","0","0","0","0","6","0","","67","3","2021","6","40.000989","-75.148165","","6","0","0","0","0","0","0","0","0","","0","0","0","","","2","","1","","40 00:03.560","","0","75 08:53.394","2","0","0","0","67301","0","0","0","N","0","0","0","3","67505","0","","1.0","","1","N","N","N","0","","0","1","0","","2","","","2","2","0","0","0","1","1","2","0","2","","03","","N","","","","","","","","","",""
"2021024568","","1","0","0","0","0","0","0","0","0","7","0","","67","3","2021","7","39.974873","-75.121618","","6","0","0","0","0","0","0","0","0","","0","0","0","","","0","N","0","","39 58:29.544","","0","75 07:17.826","0","0","0","0","67301","0","0","0","N","0","0","0","1","67301","0","","4.0","","1","N","N","N","0","","0","0","0","","2","","","1","0","0","0","0","0","0","2","0","1","","03","","N","","","","","","","","","",""
"2021047387","","1","0","0","0","0","0","0","0","0","1","1","","67","5","2021","2","39.940315","-75.142126","","6","0","0","0","0","0","0","0","0","","0","1","0","","","1","N","0","","39 56:25.133","","0","75 08:31.653","3","0","0","0","67301","0","0","0","N","0","0","0","1","67301","0","","1.0","","1","N","N","N","0","","1","0","0","","2","","","2","1","0","0","0","0","0","2","0","2","","","","N","","","","","","","","","",""
"2021026032","","1","0","0","0","0","0","0","0","0","4","0","","67","3","2021","6","39.982469","-75.264216","","6","0","0","0","0","0","0","0","0","","0","0","0","","","1","N","0","","39 58:56.890","","0","75 15:51.176","4","0","0","0","67301","0","0","0","N","0","0","0","2","67301","1","","1.0","","1","N","N","N","0","","0","0","1","","0","","","2","1","1","0","0","0","0","2","0","2","","","","N","","","","","","","","","",""
"2021048500","","1","0","0","0","0","0","0","0","0","7","0","","67","5","2021","7","39.901952","-75.151428","","6","0","0","0","0","0","0","0","0","","0","0","0","","","1","N","0","","39 54:07.026","","0","75 09:05.139","3","0","0","0","67301","0","0","0","N","0","0","0","1","68K01","0","","2.0","","1","N","N","N","0","","1","0","0","","0","","","1","1","1","0","0","0","0","2","0","1","","","","N","","","","","","","","","",""
"2021023478","","1","0","0","1","0","0","0","0","0","8","0","","67","3","2021","3","39.94225","-75.161467","","6","0","0","0","0","0","0","0","0","","0","0","0","","","1","N","0","","39 56:32.100","","0","75 09:41.280","3","0","0","0","67301","1","0","0","N","0","0","0","2","67301","0","","1.0","","1","N","N","N","0","","1","0","0","","0","","","2","1","0","0","0","0","0","2","0","1","","03","","N","","","","","","","","","",""
"2021048139","","1","0","0","0","0","0","0","0","0","4","0","","67","5","2021","7","40.111149","-75.024266","","6","0","0","0","1","0","1","0","0","","0","0","0","","","0","","1","","40 06:40.135","","0","75 01:27.358","0","0","0","0","67301","0","0","0","N","0","0","0","2","67301","0","","1.0","","1","N","N","N","1","","0","0","0","","2","","","2","0","0","0","0","0","0","2","0","2","","03","","N","","","","","","","","","",""
"2021022446","","1","0","0","0","0","0","0","0","0","1","0","","67","3","2021","7","39.911868","-75.172755","","6","0","0","0","0","0","0","0","0","","0","0","0","","","0","","1","","39 54:42.723","2","0","75 10:21.917","0","0","0","0","67301","0","0","0","N","0","0","0","3","67301","0","","1.0","10.0","1","N","N","N","0","","0","0","1","","2","N","","2","0","0","0","0","0","0","2","0","2","","03","","N","","","","","","","","","",""
"2021022259","","1","0","0","0","0","0","0","0","0","3","0","","67","3","2021","7","39.976258","-75.248036","","6","0","0","0","0","0","0","0","1","","0","0","0","","","0","N","0","","39 58:34.530","7","7","75 14:52.930","0","0","0","0","67301","0","0","0","N","0","0","0","2","67301","0","","1.0","1135.0","1","N","N","Y","0","","0","0","1","","0","Y","","2","0","0","0","0","0","0","2","0","2","","03","","N","","","","","","","","","",""
"2021046938","","1","0","0","0","0","0","0","0","0","4","1","","67","5","2021","6","39.940271","-75.201375","","6","0","0","0","0","0","1","0","0","","0","1","0","","","2","N","0","","39 56:24.977","","7","75 12:04.949","3","0","0","0","67301","0","0","0","N","0","0","0","3","67301","1","","1.0","","1","N","N","N","0","","1","0","0","","2","","","2","2","0","0","0","0","0","2","0","2","","03","","N","","","","","","","","","",""
"2021022510","","1","0","0","0","0","0","0","0","0","4","0","","67","3","2021","1","40.009942","-75.151089","","6","0","0","0","0","0","0","0","0","","0","0","0","","","1","","5","","40 00:35.790","","0","75 09:03.920","3","0","0","1","67301","0","0","0","N","0","0","0","2","67301","0","","1.0","","1","N","N","N","0","","1","0","0","","2","","","2","1","0","0","0","0","0","2","0","2","","03","","N","","","","","","","","","",""
"2021024557","","1","0","0","0","0","0","0","0","0","4","0","","67","3","2021","2","40.023314","-75.125766","","6","0","0","0","0","0","0","0","0","","0","0","0","","","2","","1","","40 01:23.930","","0","75 07:32.757","3","0","0","0","67301","0","0","0","N","0","0","0","3","67301","0","","1.0","","1","N","N","N","0","","2","0","1","","3","","","2","2","0","0","0","0","1","2","0","2","","03","","N","","","","","","","","","",""
"2021050982","","1","0","0","0","0","0","0","0","0","4","0","","67","6","2021","4","40.027028","-75.107343","","6","0","0","0","0","0","0","1","0","","0","0","0","","","0","N","0","","40 01:37.299","3","0","75 06:26.434","9","0","0","0","67301","0","0","0","N","0","0","0","1","67301","0","","1.0","2045.0","1","N","N","N","1","","0","0","1","","0","Y","","3","0","0","0","0","0","1","2","0","3","","","","N","","","","","","","","","",""
"2021048874","","2","0","0","0","0","0","0","0","0","8","0","","67","5","2021","4","39.936189","-75.183436","","6","0","0","0","0","0","1","0","0","","0","0","0","","","2","N","0","","39 56:10.280","3","0","75 11:00.370","3","0","0","0","67301","1","0","0","N","1","0","0","2","67301","0","","1.0","1900.0","1","N","N","N","0","","2","0","0","","0","Y","","3","2","0","0","0","0","0","2","0","2","","04","","N","","","","","","","","","",""
"2021025946","","1","0","0","0","0","0","0","0","0","5","0","","67","3","2021","4","39.943651","-75.165554","","6","0","0","0","0","0","1","0","0","","0","0","0","","","0","","1","","39 56:37.145","2","0","75 09:55.996","0","0","0","0","67301","0","0","0","N","0","0","0","2","67301","0","","1.0","30.0","1","N","N","N","0","","0","0","0","","2","N","","2","0","0","0","0","0","0","2","1","2","","","","N","","","","","","","","","",""
"2021046948","","0","0","0","0","0","0","0","0","0","8","0","","67","5","2021","2","39.97295","-75.226117","","6","0","0","0","0","0","0","0","0","","0","0","0","","","1","N","0","","39 58:22.621","6","0","75 13:34.020","8","0","0","0","67301","1","0","0","N","1","0","0","2","67301","0","","4.0","300.0","1","N","N","N","1","","0","0","0","","0","Y","","2","1","0","0","0","1","1","2","0","1","","03","","N","","","","","","","","","",""
"2021026156","","1","0","0","0","0","0","0","0","0","5","0","","67","3","2021","6","39.982208","-75.14045","","6","0","0","0","0","0","0","0","0","","0","0","0","","","0","N","0","","39 58:55.950","","0","75 08:25.620","0","0","0","0","67301","0","0","0","N","0","0","0","1","67301","0","","6.0","","1","N","N","N","0","","0","0","1","","0","","","3","0","0","0","0","0","0","2","1","3","","03","","N","","","","","","","","","",""
"2021049371","","2","0","0","0","0","0","0","0","0","5","0","","67","5","2021","5","39.958533","-75.168067","","6","0","0","0","0","0","0","1","0","","0","0","0","","","0","N","0","","39 57:30.717","3","1","75 10:05.040","0","0","0","0","67301","0","0","0","N","0","0","0","4","68K01","0","","1.0","15.0","1","N","N","N","0","","0","0","1","","0","N","","3","0","0","0","0","0","0","2","0","3","","","","N","","","","","","","","","",""
"2021025526","","1","0","0","0","0","0","0","0","0","1","0","","67","3","2021","6","40.02492","-75.113299","","6","0","0","0","0","0","0","0","0","","0","0","0","","","1","","2","","40 01:29.712","","0","75 06:47.876","8","0","0","0","67301","0","0","0","N","0","0","0","2","67301","0","","1.0","","1","N","N","N","0","","0","0","0","","3","","","2","1","0","0","0","1","1","2","0","2","","03","","N","","","","","","","","","",""
"2021030130","","2","0","0","0","0","0","0","0","0","1","0","","67","3","2021","7","39.962635","-75.246728","","6","0","0","0","0","1","0","0","0","","0","0","0","","","1","","1","","39 57:45.487","","0","75 14:48.219","3","0","0","0","67301","0","0","0","N","0","0","0","2","67301","0","","1.0","","1","N","N","N","0","","1","0","0","","2","","","2","1","2","0","0","0","0","2","0","2","","03","","N","","","","","","","","","",""
"2021047834","","0","0","0","0","0","0","0","0","0","4","0","","67","5","2021","6","40.003694","-75.094394","","6","0","0","0","0","0","0","0","0","","1","0","0","","","0","","1","","40 00:13.298","","0","75 05:39.820","1","1","0","1","67301","0","0","0","N","0","0","0","2","67301","0","2","1.0","","1","N","N","N","0","0","0","0","1","","2","","","2","0","0","0","0","0","0","2","0","2","","","","N","","","","","","","","","",""
"2021048368","","1","0","1","0","0","0","0","0","0","2","0","","67","5","2021","4","40.001172","-75.190451","","6","0","0","1","0","0","0","1","0","","3","0","0","","","2","N","0","","40 00:04.219","7","0","75 11:25.623","1","0","0","0","67301","0","0","0","N","0","0","0","5","67301","0","2","1.0","2350.0","1","N","N","N","0","0","0","2","1","","0","","","2","2","0","0","0","0","0","2","0","2","","03","","N","","","","","","","","","",""
"2021024735","","1","0","0","0","0","0","0","0","0","7","0","","67","3","2021","6","39.886138","-75.21369","","6","0","0","0","0","0","0","0","0","","0","0","0","","","0","N","0","","39 53:10.098","1","3","75 12:49.285","0","0","0","0","67301","0","0","0","N","0","0","0","1","68K01","0","","3.0","1150.0","1","N","N","N","0","","0","0","0","","0","N","","1","0","0","0","0","0","0","2","0","1","","03","","N","","","","","","","","","",""
"2021023654","","1","0","0","0","0","0","0","0","0","7","0","","67","3","2021","2","39.956797","-75.153677","","6","0","0","0","0","0","0","0","0","","0","0","0","","","0","N","0","","39 57:24.468","","0","75 09:13.237","0","0","0","0","67301","0","0","0","N","0","0","0","2","68K01","0","","3.0","","1","N","N","N","0","","0","0","0","","0","","","1","0","0","0","0","0","0","2","0","1","","","","N","","","","","","","","","",""
"2021035552","","1","0","0","0","0","0","0","0","0","4","0","","67","4","2021","2","40.030567","-75.082639","","6","0","0","0","0","0","0","0","0","","0","0","0","","","1","","1","","40 01:50.040","","0","75 04:57.502","8","0","0","0","67301","0","0","0","N","0","0","0","2","67301","0","","1.0","","9","N","N","N","1","","0","0","0","","2","","","2","1","0","0","0","1","0","2","0","2","","04","","N","","","","","","","","","",""
"2021046911","","1","0","0","0","0","0","0","0","0","7","0","","67","5","2021","7","40.043595","-75.022079","","6","0","0","0","0","0","0","0","0","","0","0","0","","","1","N","0","","40 02:36.942","","0","75 01:19.483","3","0","0","0","67301","0","0","0","N","0","0","0","1","67301","0","","5.0","","1","N","N","N","0","","1","0","0","","2","","","1","1","0","0","0","0","0","2","0","1","","03","","N","","","","","","","","","",""
"2021022204","","1","0","0","0","0","0","0","0","0","5","0","","67","3","2021","1","39.979425","-75.163616","","6","0","0","0","0","0","0","0","0","","0","0","0","","","0","N","0","","39 58:45.930","","0","75 09:49.018","0","0","0","0","67301","0","0","0","N","0","0","0","1","67505","0","","6.0","","1","N","N","N","0","","0","0","1","","0","","","2","0","0","0","0","0","0","2","0","2","","","","N","","","","","","","","","",""
"2021021561","","0","0","0","0","0","0","0","0","0","5","0","","67","3","2021","4","40.060815","-75.082818","","6","0","0","0","0","0","0","0","0","","0","0","0","","","1","N","0","","40 03:38.934","6","0","75 04:58.144","3","0","0","0","67301","0","0","0","N","0","0","0","1","67301","0","","6.0","100.0","1","N","N","N","0","","1","0","1","","0","N","","2","1","0","0","0","0","0","2","1","2","","03","","N","","","","","","","","","",""
"2021025591","","4","0","0","0","0","0","0","0","0","6","0","","67","3","2021","5","40.011068","-75.077694","","6","0","0","0","0","0","0","0","0","","0","0","0","","","0","N","0","","40 00:39.845","","0","75 04:39.699","0","0","0","0","67301","0","0","0","N","0","0","0","1","67301","0","","6.0","","1","N","N","N","0","","0","0","1","","0","","","5","0","0","0","0","0","0","2","0","5","","","","N","","","","","","","","","",""
"2021046336","","1","0","0","0","0","0","0","0","0","1","0","","67","5","2021","6","40.040858","-75.144227","","6","0","0","0","0","0","0","0","0","","0","0","0","","","1","N","0","","40 02:27.090","","0","75 08:39.218","3","0","0","1","67301","0","0","0","N","0","0","0","2","67301","0","","1.0","","1","N","N","N","0","","1","0","0","","0","","","2","1","0","0","0","0","1","2","0","2","","03","","N","","","","","","","","","",""
"2021023707","","3","0","0","0","0","0","0","0","0","5","0","","67","3","2021","4","40.001426","-75.081721","","6","0","0","0","0","0","0","0","0","","0","0","0","","","1","","3","","40 00:05.133","","0","75 04:54.196","3","0","0","0","67301","0","0","0","N","0","0","0","3","67301","0","","1.0","","1","N","N","N","0","","1","0","0","","2","","","3","1","0","0","0","0","0","2","0","3","","03","","N","","","","","","","","","",""
"2021022320","","1","0","0","0","0","0","0","0","0","4","0","","67","3","2021","6","40.042799","-75.160482","","6","0","0","0","0","0","1","1","0","","0","0","0","","","0","N","0","","40 02:34.076","","7","75 09:37.735","0","0","0","0","67301","0","0","0","N","0","0","0","3","67301","0","","1.0","","1","N","N","N","0","","0","0","2","","0","","","3","0","0","0","0","0","0","2","0","3","","03","","N","","","","","","","","","",""
"2021022584","","2","0","0","0","0","0","0","0","0","4","0","","67","3","2021","2","39.902499","-75.224775","","6","0","0","0","0","0","0","0","0","","0","0","0","","","1","","2","","39 54:08.998","4","0","75 13:29.191","3","0","0","0","67301","0","0","0","N","0","0","0","2","67301","0","","1.0","100.0","1","N","N","N","0","","1","0","0","","2","N","","2","1","0","0","0","0","0","2","0","2","","03","","N","","","","","","","","","",""
"2021022447","","0","0","0","0","0","0","0","0","0","4","0","","67","3","2021","7","40.07868","-74.998532","","6","0","0","0","0","0","0","0","0","","0","0","0","","","2","","2","","40 04:43.247","","0","74 59:54.714","4","0","0","0","67301","0","0","0","N","0","0","0","2","67301","1","","1.0","","1","N","N","N","0","","0","0","2","","2","","","2","2","2","0","0","1","0","2","0","2","","03","","N","","","","","","","","","",""
"2021049281","","1","0","0","0","0","0","0","0","0","2","1","","67","5","2021","6","39.973992","-75.14416","","6","0","0","0","0","0","0","0","0","","0","1","0","","","2","","1","","39 58:26.371","3","0","75 08:38.976","4","0","0","0","67301","0","0","0","N","0","0","0","2","67301","2","","1.0","100.0","1","N","N","Y","0","","0","0","0","","3","Y","","3","2","0","0","0","0","0","2","1","3","","03","","N","","","","","","","","","",""
"2021024819","","1","0","0","0","0","0","0","0","0","6","0","","67","3","2021","1","39.933353","-75.239024","","6","0","0","0","0","0","0","0","0","","0","0","0","","","1","N","0","","39 56:00.069","","0","75 14:20.485","3","0","0","0","67301","0","0","0","N","0","0","0","2","67301","0","","1.0","","1","N","N","N","0","","1","0","1","","0","","","2","1","0","0","0","0","0","2","0","2","","03","","N","","","","","","","","","",""
"2021025590","","1","0","0","0","0","0","0","0","0","8","0","","67","3","2021","4","40.012447","-75.073696","","6","0","0","1","0","0","0","0","0","","0","0","0","","","1","N","0","","40 00:44.808","5","0","75 04:25.304","3","0","0","0","67301","1","0","0","N","1","0","0","3","67301","0","","1.0","100.0","1","N","N","N","0","","1","0","0","","0","N","","3","1","0","0","0","0","0","2","1","2","","03","","N","","","","","","","","","",""
"2021023965","","0","0","0","0","0","0","0","0","0","7","0","","67","3","2021","5","40.005833","-75.19732","","6","0","0","0","1","0","0","0","0","","0","0","0","","","3","N","0","","40 00:20.999","3","0","75 11:50.351","8","0","0","0","67301","0","0","0","N","0","0","0","3","68K01","0","","3.0","1552.0","1","N","N","N","0","","0","0","1","","0","N","","1","3","0","0","0","3","0","2","0","1","","","","N","","","","","","","","","",""
"2021023404","","1","0","0","0","0","0","0","0","0","1","0","","67","3","2021","4","39.982472","-75.148361","","6","0","0","0","0","0","0","0","0","","0","0","0","","","1","N","0","","39 58:56.900","","0","75 08:54.100","3","0","0","0","67301","0","0","0","N","0","0","0","1","67505","0","","6.0","","1","N","N","N","0","","1","0","1","","0","","","2","1","0","0","0","0","0","2","0","2","","03","","N","","","","","","","","","",""
"2021048493","","1","0","0","0","0","0","0","0","0","7","0","","67","5","2021","7","39.930462","-75.198671","","6","0","0","0","0","0","1","0","0","","0","0","0","","","1","N","0","","39 55:49.664","3","0","75 11:55.215","4","0","0","0","67301","0","0","0","N","0","0","0","2","68K01","1","","3.0","1216.0","1","N","N","N","0","","0","0","0","","0","N","","1","1","0","0","0","0","0","2","0","1","","03","","N","","","","","","","","","",""
"2021047281","","1","0","0","0","0","0","0","0","0","4","0","","67","5","2021","2","40.011671","-75.069854","","6","0","0","0","0","0","0","0","0","","0","0","0","","","1","","1","","40 00:42.017","","0","75 04:11.475","3","0","0","0","67301","0","0","0","N","0","0","0","1","67301","0","","1.0","","1","N","N","N","0","","1","0","0","","2","","","2","1","0","0","0","0","0","2","0","2","","03","","N","","","","","","","","","",""
"2021025265","","1","0","0","0","0","0","0","0","0","8","0","","67","3","2021","7","39.916846","-75.171803","","6","0","0","0","0","0","0","0","0","","0","0","0","","","1","N","0","","39 55:00.646","","0","75 10:18.492","3","0","0","0","67301","1","0","0","N","1","0","0","2","67301","0","","1.0","","1","N","N","N","0","","1","0","0","","0","","","2","1","0","0","0","0","0","2","0","1","","03","","N","","","","","","","","","",""
"2021046945","","0","0","0","0","0","0","0","0","0","8","0","","67","5","2021","5","39.965846","-75.233904","","6","0","0","0","0","0","0","0","0","","0","0","0","","","1","","1","","39 57:57.045","","0","75 14:02.054","3","0","0","0","67301","1","0","0","N","1","0","0","2","67301","0","","1.0","","1","N","N","N","0","","1","0","1","","2","","","2","1","0","0","0","0","1","2","0","1","","","","N","","","","","","","","","",""
"2021020849","","1","0","0","0","0","0","0","0","0","1","0","","67","3","2021","3","39.897575","-75.252373","","6","0","0","0","0","0","0","0","0","","0","0","0","","","1","","1","","39 53:51.270","","0","75 15:08.543","8","0","0","0","67301","0","0","0","N","0","0","0","3","67301","0","","1.0","","1","N","N","N","1","","0","0","0","","2","","","3","1","0","0","0","1","1","2","1","3","","03","","N","","","","","","","","","",""
"2021022704","","2","0","0","0","0","0","0","0","0","1","0","","67","3","2021","1","39.920686","-75.141094","","6","0","0","0","0","0","1","0","0","","0","0","0","","","2","","1","","39 55:14.471","","0","75 08:27.940","4","0","0","0","67301","0","0","0","N","0","0","0","3","67301","1","","1.0","","1","N","N","N","0","","0","0","0","","2","","","2","2","0","0","0","1","0","2","0","2","","03","","N","","","","","","","","","",""
"2021022322","","0","0","0","0","0","0","0","0","0","8","0","","67","3","2021","7","40.049809","-75.174117","","6","0","0","0","0","0","1","0","0","","0","0","0","","","1","N","0","","40 02:59.314","","0","75 10:26.820","2","0","0","0","67301","1","0","1","N","1","0","1","2","67301","0","","1.0","","1","N","N","N","0","","0","1","1","","0","","","2","1","0","0","0","0","0","2","0","1","","03","","N","","","","","","","","","",""
"2021022254","","0","0","0","0","0","0","0","0","0","8","0","","67","3","2021","6","39.952025","-75.165399","","6","0","0","0","0","0","0","0","0","","0","0","0","","","1","N","0","","39 57:07.291","","0","75 09:55.435","4","0","0","0","67301","1","0","0","N","1","0","0","2","67301","1","","1.0","","1","N","N","N","1","","0","0","0","","0","","","2","1","0","0","0","0","0","2","0","1","","","","N","","","","","","","","","",""
"2021048653","","1","0","0","0","0","0","0","0","0","2","0","","67","5","2021","6","40.057672","-75.180839","","6","0","0","0","0","0","0","0","0","","0","0","0","","","1","N","0","","40 03:27.620","","0","75 10:51.020","3","0","0","0","67301","0","0","0","N","0","0","0","1","67301","0","","6.0","","1","N","N","N","1","","1","0","0","","0","","","2","1","0","0","0","0","0","2","0","2","","","","N","","","","","","","","","",""
"2021022712","","0","0","0","0","0","0","0","0","0","8","0","","67","3","2021","7","39.960198","-75.239082","","6","0","0","0","0","0","0","0","0","","0","0","0","","","1","","1","","39 57:36.714","3","0","75 14:20.695","2","0","0","0","67301","1","0","1","N","1","0","1","2","67301","0","","1.0","1250.0","1","N","N","N","0","","0","1","1","","2","Y","","2","1","1","0","0","0","0","2","0","1","","03","","N","","","","","","","","","",""
"2021022795","","2","0","0","0","0","0","0","0","0","5","0","","67","3","2021","2","40.010425","-75.185096","","6","0","0","0","0","0","0","0","0","","0","0","0","","","2","N","0","","40 00:37.531","","0","75 11:06.346","4","0","0","0","67301","0","0","0","N","0","0","0","3","67301","2","","1.0","","1","N","N","N","0","","0","0","0","","0","","","2","2","0","0","0","0","1","2","0","2","","03","","N","","","","","","","","","",""
"2021049139","","1","0","0","0","0","0","0","0","0","4","0","","67","5","2021","6","39.975076","-75.116435","","6","0","0","0","0","0","1","0","0","","0","0","0","","","1","N","0","","39 58:30.272","1","0","75 06:59.165","8","0","0","0","67301","0","0","0","N","0","0","0","3","68K01","0","","1.0","630.0","1","N","N","N","0","","0","0","1","","0","N","","2","1","0","0","0","1","0","2","0","2","","03","","N","","","","","","","","","",""
"2021023129","","1","0","0","0","0","0","0","0","0","0","0","","67","3","2021","2","39.915931","-75.147545","","6","0","0","0","0","0","1","0","0","","0","0","0","","","0","N","0","","39 54:57.350","","3","75 08:51.162","0","0","0","0","67301","0","0","0","N","0","0","0","1","67301","0","","1.0","","1","N","N","N","0","","0","0","0","","0","","","1","0","0","0","0","0","0","2","0","1","","03","","N","","","","","","","","","",""
"2021026268","","1","0","0","0","0","0","0","0","0","1","0","","67","3","2021","5","40.038756","-75.035513","","6","0","0","0","0","0","0","0","0","","0","0","0","","","1","N","0","","40 02:19.523","","0","75 02:07.848","3","0","0","0","67301","0","0","0","N","0","0","0","1","67301","0","","6.0","","9","N","N","Y","0","","1","0","2","","0","","","3","1","0","0","0","0","0","2","0","3","","07","","N","","","","","","","","","",""
"2021022058","","2","0","0","0","0","0","0","0","0","4","0","","67","3","2021","6","39.965564","-75.226209","","6","0","0","0","0","0","1","0","0","","0","1","0","","","1","","1","","39 57:56.030","7","0","75 13:34.353","3","0","0","0","67301","0","0","0","N","0","0","0","2","67301","0","","1.0","1135.0","1","N","N","N","0","","1","0","0","","2","N","","4","1","1","0","0","0","0","2","1","4","","03","","N","","","","","","","","","",""
"2021022252","","0","0","0","0","0","0","0","0","0","8","0","","67","3","2021","6","40.052064","-75.051253","","6","0","0","0","0","0","0","0","0","","0","0","0","","","2","","2","","40 03:07.430","","0","75 03:04.509","3","0","0","0","67301","2","0","0","N","2","0","0","3","67301","0","","1.0","","1","N","N","N","0","","2","0","1","","0","","","3","2","0","0","0","0","0","2","0","1","","03","","N","","","","","","","","","",""
"2021024532","","1","0","0","0","0","0","0","0","0","4","0","","67","3","2021","3","39.940099","-75.200184","","6","0","0","0","0","0","0","0","0","","0","0","0","","","4","","2","","39 56:24.356","3","0","75 12:00.663","3","0","0","0","67301","0","0","0","N","0","0","0","5","67301","0","","1.0","1425.0","1","N","N","N","0","","4","0","1","","3","N","","2","4","0","0","0","0","1","2","0","2","","03","","N","","","","","","","","","",""
"2021024538","","1","0","0","1","0","0","0","0","0","8","0","","67","3","2021","5","39.981704","-75.22624","","6","0","0","0","0","0","0","0","0","","0","0","0","","","1","","1","","39 58:54.134","","0","75 13:34.463","3","0","0","0","67301","1","0","0","N","0","0","0","2","67301","0","","1.0","","1","N","N","N","0","","1","0","0","","0","","","2","1","0","0","0","0","0","2","0","1","","03","","N","","","","","","","","","",""
"2021026264","","1","0","0","0","0","0","0","0","0","7","0","","67","3","2021","5","39.961013","-75.161637","","6","0","0","0","0","0","0","0","0","","0","0","0","","","0","","2","","39 57:39.647","","0","75 09:41.893","0","0","0","0","67301","0","0","0","N","0","0","0","1","67301","0","","3.0","","9","N","N","N","0","","0","0","0","","0","","","1","0","1","0","0","0","0","2","0","1","","07","","N","","","","","","","","","",""
"2021025945","","1","0","0","0","0","0","0","0","0","6","0","","67","3","2021","5","39.944493","-75.244016","","6","0","0","0","0","0","0","0","0","","0","0","0","","","2","N","0","","39 56:40.175","4","0","75 14:38.459","3","0","0","0","67301","0","0","0","N","0","0","0","3","67301","1","","1.0","1930.0","1","N","N","N","0","","1","0","3","","0","N","","4","2","0","0","0","0","0","2","0","4","","03","","N","","","","","","","","","",""
"2021047660","","2","0","0","0","0","0","0","0","0","1","0","","67","5","2021","7","39.951436","-75.182768","","6","0","0","1","0","0","1","0","0","","0","0","0","","","0","N","0","","39 57:05.171","3","0","75 10:57.963","0","0","0","0","67301","0","0","0","N","0","0","0","4","68K01","0","","1.0","418.0","1","N","N","N","0","","0","0","0","","0","N","","2","0","0","0","0","0","0","2","0","2","","","","N","","","","","","","","","",""
"2021048518","","0","0","0","0","0","0","0","0","0","1","0","","67","5","2021","3","40.00679","-75.073787","","6","0","0","0","0","0","0","0","0","","0","0","0","","","0","N","0","","40 00:24.445","","0","75 04:25.632","0","0","0","0","67301","0","0","0","N","0","0","0","4","68K01","0","","1.0","","1","N","N","N","0","","0","0","3","","0","","","4","0","0","0","0","0","0","2","0","4","","03","","N","","","","","","","","","",""
"2021023097","","1","0","0","0","0","0","0","0","0","4","0","","67","3","2021","4","39.953609","-75.198625","","6","0","0","0","0","0","1","0","0","","0","0","0","","","0","","1","","39 57:12.991","2","0","75 11:55.051","0","0","0","0","67301","0","0","0","N","0","0","0","2","67504","0","","1.0","645.0","1","N","N","N","1","","0","0","0","","2","Y","","2","0","0","0","0","0","0","2","0","2","","","","N","","","","","","","","","",""