"CRN","ARRIVAL_TM","AUTOMOBILE_COUNT","BELTED_DEATH_COUNT","BELTED_SUSP_SERIOUS_INJ_COUNT","BICYCLE_COUNT","BICYCLE_DEATH_COUNT","BICYCLE_SUSP_SERIOUS_INJ_COUNT","BUS_COUNT","CHLDPAS_DEATH_COUNT","CHLDPAS_SUSP_SERIOUS_INJ_COUNT","COLLISION_TYPE","COMM_VEH_COUNT","CONS_ZONE_SPD_LIM","COUNTY","CRASH_MONTH","CRASH_YEAR","DAY_OF_WEEK","DEC_LATITUDE","DEC_LONGITUDE","DISPATCH_TM","DISTRICT","DRIVER_COUNT_16YR","DRIVER_COUNT_17YR","DRIVER_COUNT_18YR","DRIVER_COUNT_19YR","DRIVER_COUNT_20YR","DRIVER_COUNT_50_64YR","DRIVER_COUNT_65_74YR","DRIVER_COUNT_75PLUS","EST_HRS_CLOSED","FATAL_COUNT","HEAVY_TRUCK_COUNT","HORSE_BUGGY_COUNT","HOUR_OF_DAY","ILLUMINATION","INJURY_COUNT","INTERSECTION_RELATED","INTERSECT_TYPE","LANE_CLOSED","LATITUDE","LN_CLOSE_DIR","LOCATION_TYPE","LONGITUDE","MAX_SEVERITY_LEVEL","MCYCLE_DEATH_COUNT","MCYCLE_SUSP_SERIOUS_INJ_COUNT","MOTORCYCLE_COUNT","MUNICIPALITY","NONMOTR_COUNT","NONMOTR_DEATH_COUNT","NONMOTR_SUSP_SERIOUS_INJ_COUNT","NTFY_HIWY_MAINT","PED_COUNT","PED_DEATH_COUNT","PED_SUSP_SERIOUS_INJ_COUNT","PERSON_COUNT","POLICE_AGCY","POSSIBLE_INJ_COUNT","RDWY_SURF_TYPE_CD","RELATION_TO_ROAD","ROADWAY_CLEARED","ROAD_CONDITION","SCH_BUS_IND","SCH_ZONE_IND","SECONDARY_CRASH","SMALL_TRUCK_COUNT","SPEC_JURIS_CD","SUSP_MINOR_INJ_COUNT","SUSP_SERIOUS_INJ_COUNT","SUV_COUNT","TCD_FUNC_CD","TCD_TYPE","TFC_DETOUR_IND","TIME_OF_DAY","TOTAL_UNITS","TOT_INJ_COUNT","UNBELTED_OCC_COUNT","UNB_DEATH_COUNT","UNB_SUSP_SERIOUS_INJ_COUNT","UNK_INJ_DEG_COUNT","UNK_INJ_PER_COUNT","URBAN_RURAL","VAN_COUNT","VEHICLE_COUNT","WEATHER1","WEATHER2","WORKERS_PRES","WORK_ZONE_IND","WORK_ZONE_LOC","WORK_ZONE_TYPE","WZ_CLOSE_DETOUR","WZ_FLAGGER","WZ_LAW_OFFCR_IND","WZ_LN_CLOSURE","WZ_MOVING","WZ_OTHER","WZ_SHLDER_MDN","WZ_WORKERS_INJ_KILLED"
"2021025943","","1","0","0","0","0","0","0","0","0","5","0","","67","3","2021","5","39.921561","-75.167492","","6","0","0","0","1","0","0","0","0","","0","0","0","","","1","N","0","","39 55:17.620","3","0","75 10:02.970","3","0","0","0","67301","0","0","0","N","0","0","0","1","67301","0","","6.0","1222.0","9","N","N","N","0","","1","0","2","","0","Y","","3","1","0","0","0","0","0","2","0","3","","","","N","","","","","","","","","",""
"2021024914","","1","0","0","0","0","0","0","0","0","4","0","","67","3","2021","5","39.962724","-75.246709","","6","0","0","0","0","0","1","0","0","","0","0","0","","","1","","1","","39 57:45.805","","1","75 14:48.154","3","0","0","0","67301","0","0","0","N","0","0","0","2","67301","0","","1.0","","1","N","N","N","0","","1","0","1","","2","","","2","1","0","0","0","0","0","2","0","2","","03","","N","","","","","","","","","",""
"2021021673","","1","0","0","0","0","0","0","0","0","4","0","","67","3","2021","5","40.069832","-75.170659","","6","0","0","0","0","0","1","0","1","","0","0","0","","","1","","1","","40 04:11.395","","0","75 10:14.372","3","0","0","0","67301","0","0","0","N","0","0","0","2","67301","0","","1.0","","1","N","N","N","0","","1","0","1","","3","","","2","1","0","0","0","0","0","2","0","2","","04","","N","","","","","","","","","",""
"2021033066","","2","0","0","0","0","0","0","0","0","4","0","","67","4","2021","1","40.038304","-75.075365","","6","0","0","0","0","0","0","0","0","","0","0","0","","","1","","1","","40 02:17.896","","0","75 04:31.313","4","0","0","0","67301","0","0","0","N","0","0","0","2","67301","1","","1.0","","9","N","N","N","1","","0","0","1","","3","","","4","1","1","0","0","0","0","2","0","4","","04","","N","","","","","","","","","",""
"2021022175","","3","0","0","0","0","0","0","0","0","1","0","","67","3","2021","7","39.943714","-75.142016","","6","0","0","0","0","0","2","0","0","","0","0","0","","","0","N","0","","39 56:37.371","","0","75 08:31.259","0","0","0","0","67301","0","0","0","N","0","0","0","4","67301","0","","1.0","","1","N","N","N","0","","0","0","1","","0","","","4","0","0","0","0","0","0","2","0","4","","03","","N","","","","","","","","","",""
"2021023390","","1","0","0","0","0","0","0","0","0","8","0","","67","3","2021","2","39.939765","-75.23591","","6","0","0","0","0","0","0","0","0","","0","0","0","","","1","","2","","39 56:23.153","","0","75 14:09.277","3","0","0","0","67301","1","0","0","N","1","0","0","2","67301","0","","1.0","","1","N","N","N","0","","1","0","0","","0","","","2","1","0","0","0","0","0","2","0","1","","03","","N","","","","","","","","","",""
"2021048478","","3","0","0","0","0","0","0","0","0","5","0","","67","5","2021","4","40.000669","-75.195072","","6","0","0","0","0","1","1","0","0","","0","0","0","","","0","N","0","","40 00:02.409","","0","75 11:42.259","0","0","0","0","67301","0","0","0","N","0","0","0","3","68K01","0","","1.0","","1","N","N","N","0","","0","0","0","","0","","","3","0","0","0","0","0","0","2","0","3","","","","N","","","","","","","","","",""
"2021021962","","1","0","0","0","0","0","0","0","0","1","0","","67","3","2021","6","39.944297","-75.154975","","6","0","0","0","0","0","1","0","0","","0","0","0","","","1","N","0","","39 56:39.470","","0","75 09:17.910","8","0","0","0","67301","0","0","0","N","0","0","0","3","67301","0","","1.0","","1","N","N","N","0","","0","0","1","","0","","","2","1","0","0","0","1","0","2","0","2","","03","","N","","","","","","","","","",""
"2021022791","","1","0","0","0","0","0","0","0","0","5","0","","67","3","2021","2","39.99","-75.175361","","6","0","0","0","0","1","0","0","0","","0","0","0","","","0","N","0","","39 59:24.000","","0","75 10:31.300","0","0","0","0","67301","0","0","0","N","0","0","0","2","67301","0","","1.0","","1","N","N","N","0","","0","0","1","","0","","","2","0","2","0","0","0","0","2","0","2","","03","","N","","","","","","","","","",""
"2021022881","","2","0","0","0","0","0","0","0","0","4","0","","67","3","2021","7","40.013247","-75.159663","","6","0","0","0","0","0","0","0","0","","0","0","0","","","2","N","0","","40 00:47.688","6","7","75 09:34.788","8","0","0","0","67301","0","0","0","N","0","0","0","3","67301","0","","1.0","1756.0","1","N","N","N","0","","0","0","1","","3","Y","","3","2","0","0","0","2","0","2","0","3","","03","","N","","","","","","","","","",""
"2021048487","","2","0","0","0","0","0","0","0","0","1","0","","67","5","2021","5","39.898997","-75.168836","","6","0","0","0","0","0","0","0","0","","0","0","0","","","0","N","0","","39 53:56.390","2","0","75 10:07.810","0","0","0","0","67301","0","0","0","N","0","0","0","5","68K01","0","","1.0","1802.0","1","N","N","N","0","","0","0","1","","0","N","","3","0","1","0","0","0","0","2","0","3","","03","","N","","","","","","","","","",""
"2021051169","","2","0","0","0","0","0","0","0","0","1","0","","67","5","2021","6","40.045318","-75.222759","","6","0","0","0","0","0","0","0","0","","0","0","0","","","0","N","2","","40 02:43.146","","0","75 13:21.934","0","0","0","0","67301","0","0","0","N","0","0","0","1","67301","0","","6.0","","1","N","N","N","0","","0","0","0","","0","","","2","0","0","0","0","0","0","2","0","2","","","","N","","","","","","","","","",""
"2021047055","","1","0","0","0","0","0","1","0","0","4","1","","67","5","2021","2","39.942443","-75.147383","","6","0","0","0","0","0","0","1","0","","0","0","0","","","1","","1","","39 56:32.795","","0","75 08:50.577","3","0","0","0","67301","0","0","0","N","0","0","0","2","67301","0","","1.0","","1","N","N","N","0","","1","0","0","","0","","","2","1","1","0","0","0","0","2","0","2","","04","","N","","","","","","","","","",""
"2021057258","","1","0","0","0","0","0","0","0","0","8","0","","67","6","2021","7","40.025167","-75.047719","","6","0","0","0","0","0","1","0","0","","0","0","0","","","1","N","0","","40 01:30.600","","0","75 02:51.790","3","0","0","0","67301","1","0","0","N","1","0","0","2","67301","0","","1.0","","9","N","N","N","0","","1","0","0","","0","","","2","1","0","0","0","0","0","2","0","1","","","","N","","","","","","","","","",""
"2021023482","","1","0","0","0","0","0","0","0","0","5","0","","67","3","2021","3","40.017825","-75.134567","","6","0","0","0","0","0","0","0","0","","0","0","0","","","0","N","0","","40 01:04.170","","0","75 08:04.440","0","0","0","0","67301","0","0","0","N","0","0","0","1","67301","0","","6.0","","1","N","N","N","0","","0","0","1","","0","","","3","0","0","0","0","0","0","2","1","3","","03","","N","","","","","","","","","",""
"2021022870","","1","0","0","0","0","0","0","0","0","1","0","","67","3","2021","6","40.033898","-75.074802","","6","0","0","0","0","0","1","0","0","","0","0","0","","","3","Y","0","","40 02:02.031","1","0","75 04:29.286","8","0","0","0","67301","0","0","0","N","0","0","0","3","67301","0","","1.0","1553.0","1","N","N","N","1","","0","0","1","","2","N","","3","3","0","0","0","3","0","2","0","3","","03","","N","","","","","","","","","",""
"2021058650","","1","0","0","0","0","0","0","0","0","2","0","","67","6","2021","4","40.052316","-75.007986","","6","0","0","0","0","0","2","0","0","","0","0","0","","","0","","1","","40 03:08.339","","0","75 00:28.750","0","0","0","0","67301","0","0","0","N","0","0","0","2","67301","0","","1.0","","1","N","N","N","0","","0","0","1","","2","","","2","0","0","0","0","0","0","2","0","2","","03","","N","","","","","","","","","",""
"2021023133","","1","0","0","0","0","0","0","0","0","2","0","","67","3","2021","2","40.011467","-75.126514","","6","0","0","0","0","0","0","0","0","","0","0","0","","","1","N","0","","40 00:41.280","","0","75 07:35.450","3","0","0","1","67301","0","0","0","N","0","0","0","2","67301","0","","1.0","","1","N","N","N","0","","1","0","0","","0","","","2","1","1","0","0","0","0","2","0","2","","03","","N","","","","","","","","","",""
"2021031825","","0","0","0","0","0","0","0","0","0","7","0","55","67","3","2021","2","39.899231","-75.177461","","6","0","0","0","0","0","0","0","0","","0","0","0","","","1","N","0","","39 53:57.230","2","3","75 10:38.859","3","0","0","0","67301","0","0","0","N","0","0","0","1","68K01","0","","4.0","2040.0","1","N","N","N","0","","1","0","1","","0","N","","1","1","0","0","0","0","0","2","0","1","","","N","Y","4","1","","","N","","","","Y","N"
"2021047832","","0","0","0","0","0","0","0","0","0","8","0","","67","5","2021","7","39.963953","-75.240353","","6","0","0","0","0","0","0","0","0","","0","0","0","","","1","N","0","","39 57:50.230","1","0","75 14:25.270","8","0","0","0","67301","1","0","0","N","1","0","0","2","67301","0","","1.0","1400.0","1","N","N","N","0","","0","0","1","","0","N","","2","1","1","0","0","1","0","2","0","1","","","","N","","","","","","","","","",""
"2021024912","","1","0","0","0","0","0","0","0","0","5","0","","67","3","2021","3","39.988964","-75.250154","","6","0","0","0","0","0","0","0","0","","0","0","0","","","1","N","0","","39 59:20.270","","0","75 15:00.553","3","0","0","0","67301","0","0","0","N","0","0","0","2","67301","0","","6.0","","1","N","N","N","0","","1","0","1","","0","","","2","1","0","0","0","0","0","2","0","2","","","","N","","","","","","","","","",""
"2021022183","","1","0","0","0","0","0","0","0","0","5","0","","67","3","2021","5","40.009789","-75.187018","","6","0","0","0","0","0","1","0","0","","0","0","0","","","0","N","0","","40 00:35.240","2","0","75 11:13.264","0","0","0","0","67301","0","0","0","N","0","0","0","2","67301","0","","1.0","715.0","1","N","N","N","0","","0","0","1","","0","Y","","2","0","0","0","0","0","0","2","0","2","","03","","N","","","","","","","","","",""
"2021021059","","1","0","0","0","0","0","0","0","0","1","0","","67","3","2021","4","40.03946","-75.033366","","6","0","0","0","0","0","0","0","0","","0","0","0","","","1","","1","","40 02:22.057","","0","75 02:00.117","3","0","0","0","67301","0","0","0","N","0","0","0","4","67301","0","","1.0","","1","N","N","N","0","","1","0","1","","2","","","2","1","0","0","0","0","0","2","0","2","","03","","N","","","","","","","","","",""
"2021024577","","0","0","0","0","0","0","0","0","0","5","0","","67","3","2021","4","40.016646","-75.149631","","6","0","0","0","0","0","0","0","0","","0","0","0","","","1","N","0","","40 00:59.925","","0","75 08:58.670","3","0","0","0","67301","0","0","0","N","0","0","0","2","67301","0","","6.0","","1","N","N","N","0","","1","0","2","","0","","","2","1","0","0","0","0","0","2","0","2","","03","","N","","","","","","","","","",""
"2021022255","","1","0","0","0","0","0","0","0","0","5","0","","67","3","2021","7","39.927408","-75.226486","","6","0","0","0","0","0","0","0","0","","0","0","0","","","0","N","0","","39 55:38.670","","0","75 13:35.350","9","0","0","0","67301","0","0","0","N","0","0","0","1","67301","0","","6.0","","1","N","N","N","0","","0","0","1","","0","","","2","0","0","0","0","0","1","2","0","2","","","","N","","","","","","","","","",""
"2021021214","","2","0","0","0","0","0","0","0","0","4","0","","67","3","2021","4","39.959698","-75.222927","","6","0","0","0","0","0","1","0","0","","0","0","0","","","1","","1","","39 57:34.914","","0","75 13:22.536","4","0","0","0","67301","0","0","0","N","0","0","0","2","67301","1","","1.0","","1","N","N","N","0","","0","0","0","","2","","","2","1","1","0","0","0","0","2","0","2","","","","N","","","","","","","","","",""
"2021032832","","1","0","0","0","0","0","0","0","0","4","0","","67","4","2021","6","39.988764","-75.1628","","6","0","0","0","1","0","0","0","0","","0","0","0","","","0","","1","","39 59:19.550","","0","75 09:46.081","0","0","0","0","67301","0","0","0","N","0","0","0","8","67301","0","","1.0","","1","N","N","Y","1","","0","0","1","","3","","","3","0","0","0","0","0","0","2","0","3","","03","","N","","","","","","","","","",""
"2021026267","","2","0","0","0","0","0","0","0","0","5","0","","67","3","2021","5","40.052142","-75.175669","","6","0","0","1","0","0","1","0","0","","0","0","0","","","1","Y","0","","40 03:07.711","","0","75 10:32.407","3","0","0","0","67301","0","0","0","N","0","0","0","3","67301","0","","1.0","","9","N","N","N","0","","1","0","0","","0","","","3","1","0","0","0","0","0","2","1","3","","07","","N","","","","","","","","","",""
"2021023554","","0","0","0","0","0","0","0","0","0","4","0","","67","3","2021","4","40.047473","-75.01405","","6","0","0","1","0","0","0","0","0","","0","0","0","","","2","","2","","40 02:50.904","","0","75 00:50.580","2","0","1","1","67301","0","0","0","N","0","0","0","2","67301","0","","1.0","","1","N","N","N","0","","1","1","1","","0","","","2","2","0","0","0","0","0","2","0","2","","03","","N","","","","","","","","","",""
"2021022879","","2","0","0","0","0","0","0","0","0","4","0","","67","3","2021","1","39.945962","-75.213996","","6","0","0","0","0","0","0","0","0","","0","0","0","","","0","","1","","39 56:45.462","","0","75 12:50.385","0","0","0","0","67301","0","0","0","N","0","0","0","2","67301","0","","1.0","","1","N","N","N","0","","0","0","1","","2","","","3","0","0","0","0","0","0","2","0","3","","03","","N","","","","","","","","","",""
"2021023480","","2","0","0","0","0","0","0","0","0","5","0","","67","3","2021","4","39.953763","-75.175085","","6","0","0","0","0","0","1","0","0","","0","0","0","","","0","","1","","39 57:13.546","","0","75 10:30.306","0","0","0","0","67301","0","0","0","N","0","0","0","3","67301","0","","1.0","","1","N","N","N","0","","0","0","1","","2","","","3","0","3","0","0","0","0","2","0","3","","03","","N","","","","","","","","","",""
"2021047391","","1","0","0","0","0","0","0","0","0","1","1","","67","5","2021","6","40.019981","-75.126647","","6","0","0","0","0","0","1","0","0","","0","1","0","","","1","","2","","40 01:11.931","","0","75 07:35.929","3","0","0","0","67301","0","0","0","N","0","0","0","3","67301","0","","1.0","","1","N","N","N","0","","1","0","0","","3","","","3","1","0","0","0","0","0","2","1","3","","03","","N","","","","","","","","","",""
"2021025494","","0","0","0","0","0","0","0","0","0","8","0","","67","3","2021","5","40.01955","-75.108325","","6","0","0","0","0","0","0","0","0","","0","0","0","","","1","","2","","40 01:10.380","1","0","75 06:29.969","3","0","0","0","67301","1","0","0","N","1","0","0","2","67301","0","","1.0","1255.0","1","N","N","N","0","","1","0","1","","0","N","","2","1","0","0","0","0","0","2","0","1","","","","N","","","","","","","","","",""
"2021026155","","2","0","0","0","0","0","0","0","0","6","0","","67","3","2021","2","40.009123","-75.122294","","6","0","0","0","0","0","0","0","0","","0","0","0","","","0","N","0","","40 00:32.841","","0","75 07:20.258","0","0","0","0","67301","0","0","0","N","0","0","0","1","67301","0","","6.0","","1","N","N","N","0","","0","0","1","","0","","","3","0","0","0","0","0","0","2","0","3","","","","N","","","","","","","","","",""
"2021049396","","0","0","0","0","0","0","0","0","0","7","0","","67","5","2021","1","39.960104","-75.179716","","6","0","0","0","0","0","0","0","0","","0","0","0","","","0","N","0","","39 57:36.376","4","0","75 10:46.976","0","0","0","0","67301","0","0","0","N","0","0","0","1","68K01","0","","2.0","920.0","9","N","N","N","0","","0","0","1","","0","N","","1","0","0","0","0","0","0","2","0","1","","","","N","","","","","","","","","",""
"2021057910","","1","0","0","0","0","0","0","0","0","4","0","","67","6","2021","3","39.950383","-75.147244","","6","0","0","0","0","0","0","0","0","","0","0","0","","","0","","1","","39 57:01.377","","0","75 08:50.080","0","0","0","0","67301","0","0","0","N","0","0","0","2","67301","0","","1.0","","9","N","N","N","1","","0","0","0","","2","","","2","0","0","0","0","0","0","2","0","2","","04","","N","","","","","","","","","",""
"2021048562","","2","0","0","0","0","0","0","0","0","4","0","","67","5","2021","5","40.054528","-75.090776","","6","0","0","0","0","0","0","0","0","","0","0","0","","","2","","1","","40 03:16.301","","0","75 05:26.793","3","0","0","0","67301","0","0","0","N","0","0","0","3","67301","0","","1.0","","1","N","N","N","0","","2","0","0","","3","","","2","2","0","0","0","0","0","2","0","2","","","","N","","","","","","","","","",""
"2021022260","","2","0","0","0","0","0","0","0","0","7","0","","67","3","2021","7","39.982146","-75.239606","","6","0","0","0","0","0","1","0","0","","0","0","0","","","2","N","0","","39 58:55.727","","0","75 14:22.581","3","0","0","0","67301","0","0","0","N","0","0","0","5","67301","0","","4.0","","1","N","N","N","0","","2","0","0","","0","","","2","2","0","0","0","0","0","2","0","2","","","","N","","","","","","","","","",""
"2021048105","","2","0","0","0","0","0","0","0","0","4","1","","67","5","2021","1","40.005434","-75.082569","","6","0","0","0","0","0","1","0","0","","0","1","0","","","1","","2","","40 00:19.562","","0","75 04:57.248","8","0","0","0","67301","0","0","0","N","0","0","0","3","67301","0","","1.0","","1","N","N","N","0","","0","0","0","","0","","","3","1","0","0","0","1","0","2","0","3","","03","","N","","","","","","","","","",""
"2021032330","","3","0","0","0","0","0","0","0","0","4","0","","67","4","2021","5","39.964049","-75.191594","","6","0","0","0","0","0","0","0","0","","0","0","0","","","2","","1","","39 57:50.576","","0","75 11:29.738","3","0","0","0","67301","0","0","0","N","0","0","0","2","67301","0","","1.0","","1","N","N","N","0","","2","0","1","","2","","","4","2","0","0","0","0","0","2","0","4","","03","","N","","","","","","","","","",""
"2021048491","","1","0","0","0","0","0","0","0","0","1","0","","67","5","2021","6","39.960068","-75.179394","","6","0","0","0","0","0","0","0","0","","0","0","0","","","1","N","0","","39 57:36.245","","0","75 10:45.819","4","0","0","0","67301","0","0","0","N","0","0","0","2","68K01","1","","1.0","","1","N","N","N","0","","0","0","1","","0","","","2","1","0","0","0","0","0","2","0","2","","","","N","","","","","","","","","",""
"2021028687","","2","0","0","0","0","0","0","0","0","4","0","","67","3","2021","7","40.064626","-75.160539","","6","0","0","0","0","0","0","0","0","","0","0","0","","","0","N","0","","40 03:52.655","","0","75 09:37.942","0","0","0","0","67301","0","0","0","N","0","0","0","1","67301","0","","1.0","","1","N","N","N","0","","0","0","0","","0","","","2","0","0","0","0","0","0","2","0","2","","03","","N","","","","","","","","","",""
"2021024527","","3","0","0","0","0","0","0","0","0","1","0","","67","3","2021","4","39.965556","-75.190417","","6","0","0","0","0","0","1","1","0","","0","0","0","","","1","N","0","","39 57:56.000","1","0","75 11:25.500","3","0","0","0","67301","0","0","0","N","0","0","0","2","67301","0","","1.0","300.0","1","N","N","N","0","","1","0","1","","0","Y","","4","1","0","0","0","0","0","2","0","4","","03","","N","","","","","","","","","",""
"2021024820","","1","0","0","0","0","0","0","0","0","2","0","","67","3","2021","3","39.921275","-75.215964","","6","0","0","0","0","0","1","0","0","","0","0","0","","","1","N","0","","39 55:16.590","","0","75 12:57.470","4","0","0","0","67301","0","0","0","N","0","0","0","2","67301","1","","1.0","","1","N","N","Y","0","","0","0","1","","0","","","2","1","0","0","0","0","0","2","0","2","","","","N","","","","","","","","","",""
"2021024529","","0","0","0","0","0","0","0","0","0","8","0","","67","3","2021","5","39.965167","-75.202833","","6","0","0","0","0","0","0","0","0","","0","0","0","","","1","N","0","","39 57:54.600","","0","75 12:10.200","3","0","0","0","67301","1","0","0","N","1","0","0","2","67301","0","","1.0","","1","N","N","N","0","","1","0","0","","0","","","2","1","0","0","0","0","1","2","0","1","","03","","N","","","","","","","","","",""
"2021021697","","1","0","0","0","0","0","0","0","0","1","0","","67","3","2021","5","40.022591","-75.138005","","6","0","0","0","0","0","0","0","0","","0","0","0","","","1","N","0","","40 01:21.326","","6","75 08:16.819","3","0","0","0","67301","0","0","0","N","0","0","0","2","67301","0","","1.0","","1","N","N","N","0","","1","0","1","","0","","","2","1","0","0","0","0","0","2","0","2","","","","N","","","","","","","","","",""
"2021049181","","2","0","0","0","0","0","0","0","0","2","0","","67","5","2021","3","40.044138","-75.14694","","6","0","0","1","0","0","0","0","0","","0","0","0","","","1","","1","","40 02:38.896","","0","75 08:48.983","3","0","0","0","67301","0","0","0","N","0","0","0","1","67301","0","","1.0","","1","N","N","N","0","","1","0","0","","3","","","2","1","0","0","0","0","0","2","0","2","","","","N","","","","","","","","","",""
"2021021994","","2","0","0","0","0","0","0","0","0","5","0","","67","3","2021","7","39.969914","-75.126342","","6","0","0","0","0","0","0","0","0","","0","0","0","","","0","N","0","","39 58:11.690","","0","75 07:34.830","9","0","0","0","67301","0","0","0","N","0","0","0","1","67301","0","","6.0","","1","N","N","N","0","","0","0","1","","0","","","3","0","0","0","0","0","1","2","0","3","","03","","N","","","","","","","","","",""
"2021047184","","1","0","0","0","0","0","0","0","0","7","0","","67","5","2021","4","39.965399","-75.186019","","6","0","0","0","0","0","0","0","0","","0","0","0","","","1","N","7","","39 57:55.435","3","2","75 11:09.669","3","0","0","0","67301","0","0","0","Y","0","0","0","1","68K01","0","","7.0","30.0","1","N","N","N","0","","1","0","0","","0","N","","1","1","0","0","0","0","0","2","0","1","","","","N","","","","","","","","","",""
"2021024511","","0","0","0","0","0","0","0","0","0","4","0","","67","3","2021","6","39.95762","-75.145687","","6","0","0","0","0","0","0","0","0","","0","0","0","","","0","","1","","39 57:27.432","","0","75 08:44.473","0","0","0","0","67301","0","0","0","N","0","0","0","2","67301","0","","1.0","","1","N","N","N","0","","0","0","2","","2","","","2","0","0","0","0","0","0","2","0","2","","03","","N","","","","","","","","","",""
"2021047247","","0","0","0","0","0","0","0","0","0","8","0","","67","5","2021","1","39.995506","-75.179222","","6","0","0","0","0","0","0","0","0","","0","0","0","","","1","N","0","","39 59:43.820","","0","75 10:45.200","3","0","0","0","67301","1","0","0","N","1","0","0","2","67301","0","","1.0","","1","N","N","N","0","","1","0","1","","0","","","2","1","0","0","0","0","0","2","0","1","","","","N","","","","","","","","","",""
"2021023051","","2","0","0","0","0","0","0","0","0","6","0","","67","3","2021","2","39.950422","-75.230764","","6","0","0","0","0","0","0","0","0","","0","0","0","","","2","N","0","","39 57:01.520","7","0","75 13:50.750","4","0","0","0","67301","0","0","0","N","0","0","0","2","67301","2","","6.0","2049.0","1","N","N","N","0","","0","0","0","","0","Y","","3","2","0","0","0","0","0","2","1","3","","03","","N","","","","","","","","","",""
"2021026103","","1","0","0","0","0","0","0","0","0","7","0","","67","3","2021","4","39.982917","-75.099264","","6","0","1","0","0","0","1","0","0","","0","0","0","","","2","N","0","","39 58:58.502","","0","75 05:57.351","8","0","0","0","67301","0","0","0","N","0","0","0","4","68K01","0","","3.0","","1","N","N","N","0","","0","0","1","","0","","","2","2","1","0","0","2","0","2","0","2","","03","","N","","","","","","","","","",""
"2021048570","","1","0","0","0","0","0","0","0","0","7","0","","67","5","2021","4","40.019188","-75.190715","","6","0","0","0","0","0","0","0","0","","0","0","0","","","1","N","0","","40 01:09.077","","0","75 11:26.573","2","0","0","0","67301","0","0","0","N","0","0","0","1","67301","0","","5.0","","9","N","N","N","0","","0","1","0","","0","","","1","1","0","0","0","0","0","2","0","1","","04","","N","","","","","","","","","",""
"2021021674","","0","0","0","0","0","0","0","0","0","4","0","","67","3","2021","5","39.967336","-75.245842","","6","0","0","0","0","0","0","0","0","","0","0","0","","","1","","1","","39 58:02.410","","0","75 14:45.030","3","0","0","0","67301","0","0","0","N","0","0","0","3","67301","0","","1.0","","1","N","N","N","0","","1","0","1","","2","","","2","1","0","0","0","0","0","2","0","2","","03","","N","","","","","","","","","",""
"2021022178","","1","0","0","0","0","0","0","0","0","4","0","","67","3","2021","5","39.921017","-75.22412","","6","0","0","0","0","0","0","0","0","","0","0","0","","","2","","1","","39 55:15.660","","0","75 13:26.832","3","0","0","0","67301","0","0","0","N","0","0","0","2","67301","0","","1.0","","1","N","N","N","0","","2","0","0","","2","","","2","2","0","0","0","0","0","2","0","2","","03","","N","","","","","","","","","",""
"2021023049","","2","0","0","0","0","0","0","0","0","4","0","","67","3","2021","1","40.05494","-75.053943","","6","0","0","0","1","0","0","0","0","","0","0","0","","","1","","1","","40 03:17.783","","0","75 03:14.193","3","0","0","0","67301","0","0","0","N","0","0","0","2","67301","0","","1.0","","1","N","N","N","0","","1","0","0","","2","","","2","1","0","0","0","0","0","2","0","2","","03","","N","","","","","","","","","",""
"2021022508","","2","0","0","0","0","0","0","0","0","2","0","","67","3","2021","5","40.000274","-75.188089","","6","0","0","1","0","0","0","0","0","","0","0","0","","","2","N","0","","40 00:00.987","","0","75 11:17.121","4","0","0","0","67301","0","0","0","N","0","0","0","4","67301","2","","1.0","","1","N","N","N","0","","0","0","0","","0","","","2","2","1","0","0","0","0","2","0","2","","03","","N","","","","","","","","","",""
"2021023708","","1","0","0","0","0","0","0","0","0","1","0","","67","3","2021","5","40.004239","-75.07734","","6","0","0","1","0","0","0","0","0","","0","0","0","","","0","","1","","40 00:15.259","","0","75 04:38.425","0","0","0","0","67301","0","0","0","N","0","0","0","3","67301","0","","1.0","","1","N","N","N","0","","0","0","1","","2","","","2","0","0","0","0","0","0","2","0","2","","03","","N","","","","","","","","","",""
"2021046140","","0","0","0","0","0","0","0","0","0","5","1","","67","5","2021","5","39.930498","-75.21759","","6","0","0","0","0","0","0","0","0","","0","1","0","","","3","N","0","","39 55:49.792","","0","75 13:03.324","4","0","0","0","67301","0","0","0","N","0","0","0","4","67301","3","","1.0","","1","N","N","N","0","","0","0","1","","0","","","2","3","0","0","0","0","1","2","0","2","","03","","N","","","","","","","","","",""
"2021021209","","0","0","0","0","0","0","0","0","0","4","0","","67","3","2021","4","40.04373","-75.085093","","6","0","0","0","0","0","0","0","0","","0","0","0","","","1","","1","","40 02:37.429","2","0","75 05:06.333","3","0","0","0","67301","0","0","0","N","0","0","0","4","67301","0","","1.0","850.0","1","N","N","N","0","","1","0","1","","2","N","","2","1","0","0","0","0","0","2","1","2","","03","","N","","","","","","","","","",""
"2021021848","","1","0","0","0","0","0","0","0","0","4","0","","67","3","2021","5","40.033146","-75.10696","","6","0","0","0","0","0","0","0","1","","0","0","0","","","1","","1","","40 01:59.326","3","0","75 06:25.057","8","0","0","0","67301","0","0","0","N","0","0","0","2","67301","0","","1.0","2100.0","1","N","N","N","0","","0","0","0","","2","Y","","2","1","0","0","0","1","0","2","1","2","","","","N","","","","","","","","","",""