"CRN","ARRIVAL_TM","AUTOMOBILE_COUNT","BELTED_DEATH_COUNT","BELTED_SUSP_SERIOUS_INJ_COUNT","BICYCLE_COUNT","BICYCLE_DEATH_COUNT","BICYCLE_SUSP_SERIOUS_INJ_COUNT","BUS_COUNT","CHLDPAS_DEATH_COUNT","CHLDPAS_SUSP_SERIOUS_INJ_COUNT","COLLISION_TYPE","COMM_VEH_COUNT","CONS_ZONE_SPD_LIM","COUNTY","CRASH_MONTH","CRASH_YEAR","DAY_OF_WEEK","DEC_LATITUDE","DEC_LONGITUDE","DISPATCH_TM","DISTRICT","DRIVER_COUNT_16YR","DRIVER_COUNT_17YR","DRIVER_COUNT_18YR","DRIVER_COUNT_19YR","DRIVER_COUNT_20YR","DRIVER_COUNT_50_64YR","DRIVER_COUNT_65_74YR","DRIVER_COUNT_75PLUS","EST_HRS_CLOSED","FATAL_COUNT","HEAVY_TRUCK_COUNT","HORSE_BUGGY_COUNT","HOUR_OF_DAY","ILLUMINATION","INJURY_COUNT","INTERSECTION_RELATED","INTERSECT_TYPE","LANE_CLOSED","LATITUDE","LN_CLOSE_DIR","LOCATION_TYPE","LONGITUDE","MAX_SEVERITY_LEVEL","MCYCLE_DEATH_COUNT","MCYCLE_SUSP_SERIOUS_INJ_COUNT","MOTORCYCLE_COUNT","MUNICIPALITY","NONMOTR_COUNT","NONMOTR_DEATH_COUNT","NONMOTR_SUSP_SERIOUS_INJ_COUNT","NTFY_HIWY_MAINT","PED_COUNT","PED_DEATH_COUNT","PED_SUSP_SERIOUS_INJ_COUNT","PERSON_COUNT","POLICE_AGCY","POSSIBLE_INJ_COUNT","RDWY_SURF_TYPE_CD","RELATION_TO_ROAD","ROADWAY_CLEARED","ROAD_CONDITION","SCH_BUS_IND","SCH_ZONE_IND","SECONDARY_CRASH","SMALL_TRUCK_COUNT","SPEC_JURIS_CD","SUSP_MINOR_INJ_COUNT","SUSP_SERIOUS_INJ_COUNT","SUV_COUNT","TCD_FUNC_CD","TCD_TYPE","TFC_DETOUR_IND","TIME_OF_DAY","TOTAL_UNITS","TOT_INJ_COUNT","UNBELTED_OCC_COUNT","UNB_DEATH_COUNT","UNB_SUSP_SERIOUS_INJ_COUNT","UNK_INJ_DEG_COUNT","UNK_INJ_PER_COUNT","URBAN_RURAL","VAN_COUNT","VEHICLE_COUNT","WEATHER1","WEATHER2","WORKERS_PRES","WORK_ZONE_IND","WORK_ZONE_LOC","WORK_ZONE_TYPE","WZ_CLOSE_DETOUR","WZ_FLAGGER","WZ_LAW_OFFCR_IND","WZ_LN_CLOSURE","WZ_MOVING","WZ_OTHER","WZ_SHLDER_MDN","WZ_WORKERS_INJ_KILLED"
"2021038673","","1","0","0","0","0","0","0","0","0","7","0","","67","4","2021","1","39.960547","-75.181402","","6","0","0","0","0","0","0","0","0","","0","0","0","","","0","N","0","","39 57:37.968","4","0","75 10:53.047","0","0","0","0","67301","0","0","0","N","0","0","0","2","68K01","0","","2.0","830.0","9","N","N","N","0","","0","0","0","","0","Y","","1","0","0","0","0","0","0","2","0","1","","","","N","","","","","","","","","",""
"2021023132","","1","0","0","0","0","0","0","0","0","4","0","","67","3","2021","2","40.023544","-75.133344","","6","0","0","0","0","0","0","1","0","","0","0","0","","","0","","1","","40 01:24.758","","0","75 08:00.038","0","0","0","0","67301","0","0","0","N","0","0","0","2","67301","0","","1.0","","1","N","N","N","0","","0","0","0","","2","","","2","0","0","0","0","0","0","2","1","2","","03","","N","","","","","","","","","",""
"2021022588","","1","0","0","0","0","0","0","0","0","4","0","","67","3","2021","1","40.054361","-75.155184","","6","0","0","0","0","0","1","0","0","","0","0","0","","","1","","1","","40 03:15.699","","0","75 09:18.662","3","0","0","0","67301","0","0","0","N","0","0","0","3","67301","0","","1.0","","1","N","N","N","0","","1","0","1","","3","","","2","1","0","0","0","0","0","2","0","2","","03","","N","","","","","","","","","",""
"2021047838","","1","0","0","0","0","0","0","0","0","4","0","","67","5","2021","6","40.014214","-75.141461","","6","0","0","0","0","0","1","0","0","","0","0","0","","","0","","5","","40 00:51.170","","0","75 08:29.259","0","0","0","0","67301","0","0","0","N","0","0","0","2","67301","0","","1.0","","1","N","N","N","0","","0","0","1","","2","","","2","0","0","0","0","0","0","2","0","2","","","","N","","","","","","","","","",""
"2021021763","","1","0","0","0","0","0","0","0","0","4","0","","67","3","2021","6","39.989783","-75.103889","","6","0","0","0","0","0","1","0","0","","0","0","0","","","0","","1","","39 59:23.218","1","0","75 06:14.002","0","0","0","0","67301","0","0","0","N","0","0","0","2","67301","0","","1.0","50.0","1","N","N","N","0","","0","0","1","","2","N","","2","0","0","0","0","0","0","2","0","2","","03","","N","","","","","","","","","",""
"2021022418","","1","0","0","0","0","0","0","0","0","4","0","","67","3","2021","1","40.054659","-75.232154","","6","0","0","0","0","0","0","0","0","","0","0","0","","","1","","2","","40 03:16.773","","0","75 13:55.756","3","0","0","0","67301","0","0","0","N","0","0","0","2","67301","0","","1.0","","1","N","N","N","0","","1","0","1","","0","","","2","1","0","0","0","0","0","2","0","2","","03","","N","","","","","","","","","",""
"2021025010","","2","0","0","0","0","0","0","0","0","4","0","","67","3","2021","3","39.980644","-75.246891","","6","0","0","0","1","0","0","0","0","","0","0","0","","","1","","3","","39 58:50.318","","0","75 14:48.807","4","0","0","0","67301","0","0","0","N","0","0","0","2","67301","1","","1.0","","1","N","N","N","0","","0","0","0","","3","","","2","1","0","0","0","0","0","2","0","2","","","","N","","","","","","","","","",""
"2021022786","","0","0","0","0","0","0","0","0","0","0","0","","67","3","2021","6","39.990375","-75.149875","","6","0","0","0","0","0","0","0","0","","0","0","0","","","2","N","0","","39 59:25.350","","0","75 08:59.550","3","0","0","0","67301","0","0","0","N","0","0","0","2","67301","0","","1.0","","1","N","N","Y","0","","2","0","1","","0","","","1","2","0","0","0","0","0","2","0","1","","03","","N","","","","","","","","","",""
"2021047946","","1","0","1","0","0","0","0","0","0","4","1","","67","5","2021","4","40.011617","-75.120498","","6","0","0","0","0","0","2","0","0","","0","1","0","","","1","N","0","","40 00:41.820","3","7","75 07:13.794","2","0","0","0","67301","0","0","0","N","0","0","0","2","67301","0","","1.0","930.0","1","N","N","N","0","","0","1","0","","0","N","","2","1","0","0","0","0","0","2","0","2","","03","","N","","","","","","","","","",""
"2021041578","","0","0","0","0","0","0","0","0","0","4","0","","67","4","2021","1","40.001601","-75.152925","","6","0","0","0","0","0","0","0","0","","0","0","0","","","1","","1","","40 00:05.763","","0","75 09:10.529","8","0","0","1","67301","0","0","0","N","0","0","0","2","67301","0","","1.0","","1","N","N","N","0","","0","0","1","","2","","","2","1","0","0","0","1","0","2","0","2","","","","N","","","","","","","","","",""
"2021022326","","0","0","0","0","0","0","0","0","0","7","0","","67","3","2021","1","40.031151","-75.150586","","6","0","0","0","0","0","0","0","0","","0","0","0","","","0","","2","","40 01:52.143","","0","75 09:02.109","0","0","0","0","67301","0","0","0","N","0","0","0","4","67301","0","","4.0","","1","N","N","N","0","","0","0","1","","0","","","1","0","4","0","0","0","0","2","0","1","","03","","N","","","","","","","","","",""
"2021022509","","1","0","0","0","0","0","0","0","0","4","0","","67","3","2021","7","40.02346","-75.160348","","6","0","0","0","0","0","0","0","0","","0","0","0","","","0","","2","","40 01:24.456","","0","75 09:37.253","9","0","0","0","67301","0","0","0","N","0","0","0","3","67301","0","","1.0","","1","N","N","N","0","","0","0","0","","2","","","2","0","0","0","0","0","1","2","1","2","","","","N","","","","","","","","","",""
"2021046918","","1","0","0","0","0","0","0","0","0","1","0","","67","5","2021","7","39.88375","-75.223317","","6","0","0","0","0","0","0","0","0","","0","0","0","","","0","","2","","39 53:01.501","","0","75 13:23.940","0","0","0","0","67301","0","0","0","N","0","0","0","6","67301","0","","1.0","","1","N","N","N","0","","0","0","1","","3","","","2","0","4","0","0","0","0","2","0","2","","03","","N","","","","","","","","","",""
"2021050570","","1","0","0","0","0","0","0","0","0","5","0","","67","6","2021","3","40.055985","-75.140304","","6","0","0","0","0","0","0","0","0","","0","0","0","","","0","N","0","","40 03:21.545","","0","75 08:25.096","0","0","0","0","67301","0","0","0","N","0","0","0","2","67301","0","","1.0","","1","N","N","N","0","","0","0","1","","0","","","2","0","2","0","0","0","0","2","0","2","","","","N","","","","","","","","","",""
"2021051066","","1","0","0","0","0","0","0","0","0","4","0","","67","6","2021","4","39.972722","-75.231022","","6","0","0","0","0","0","0","0","0","","0","0","0","","","1","N","0","","39 58:21.800","","0","75 13:51.680","8","0","0","0","67301","0","0","0","N","0","0","0","3","67301","0","","1.0","","1","N","N","N","0","","0","0","1","","0","","","3","1","0","0","0","1","2","2","0","3","","03","","N","","","","","","","","","",""
"2021046192","","1","0","0","0","0","0","0","0","0","5","0","","67","3","2021","4","39.960274","-75.140858","","6","0","0","0","0","0","0","0","0","","0","0","0","","","2","N","0","","39 57:36.987","","2","75 08:27.090","3","0","0","0","67301","0","0","0","Y","0","0","0","3","68K01","0","","1.0","","1","N","N","N","0","","2","0","1","","0","","","2","2","0","0","0","0","0","2","0","2","","","","N","","","","","","","","","",""
"2021046145","","0","0","0","0","0","0","1","0","0","1","2","","67","5","2021","4","40.041834","-75.192133","","6","0","0","0","0","0","0","0","0","","0","1","0","","","1","","1","","40 02:30.603","","0","75 11:31.679","3","0","0","0","67301","0","0","0","N","0","0","0","3","67301","0","","1.0","","1","N","N","N","0","","1","0","0","","2","","","2","1","1","0","0","0","1","2","0","2","","03","","N","","","","","","","","","",""
"2021059206","","1","0","0","0","0","0","0","0","0","1","0","45","67","6","2021","6","40.011636","-75.060481","","6","0","0","0","0","0","0","0","0","","0","0","0","","","1","N","0","","40 00:41.890","1","0","75 03:37.732","3","0","0","1","67301","0","0","0","N","0","0","0","2","68K01","0","","1.0","730.0","1","N","N","N","0","","1","0","0","","0","N","","2","1","0","0","0","0","0","2","0","2","","03","Y","Y","4","1","N","N","N","N","N","N","Y","N"
"2021024579","","0","0","0","0","0","0","0","0","0","5","0","","67","3","2021","5","40.011054","-75.183349","","6","0","0","0","0","0","0","0","1","","0","0","0","","","2","N","0","","40 00:39.795","","0","75 11:00.056","4","0","0","0","67301","0","0","0","N","0","0","0","6","67301","2","","1.0","","1","N","N","N","0","","0","0","3","","0","","","3","2","3","0","0","0","0","2","0","3","","03","","N","","","","","","","","","",""
"2021025454","","2","0","0","0","0","0","0","0","0","1","0","","67","3","2021","4","39.968377","-75.191086","","6","0","0","0","0","0","0","0","0","","0","0","0","","","0","N","0","","39 58:06.158","3","0","75 11:27.911","0","0","0","0","67301","0","0","0","N","0","0","0","4","68K01","0","","1.0","48.0","1","N","N","N","0","","0","0","1","","0","N","","3","0","0","0","0","0","0","2","0","3","","","","N","","","","","","","","","",""
"2021047603","","1","0","0","0","0","0","0","0","0","1","0","","67","5","2021","1","40.021084","-75.042002","","6","0","1","0","0","0","0","0","0","","0","0","0","","","0","N","0","","40 01:15.903","","0","75 02:31.206","0","0","0","0","67301","0","0","0","N","0","0","0","2","68K01","0","","1.0","","1","N","N","N","1","","0","0","0","","0","","","2","0","0","0","0","0","0","2","0","2","","03","","N","","","","","","","","","",""
"2021022503","","2","0","0","0","0","0","0","0","0","4","0","","67","3","2021","1","39.960268","-75.196858","","6","0","0","0","0","0","0","0","0","","0","0","0","","","2","","1","","39 57:36.965","","0","75 11:48.688","3","0","0","0","67301","0","0","0","N","0","0","0","3","67301","0","","1.0","","1","N","N","N","0","","2","0","2","","0","","","4","2","2","0","0","0","1","2","0","4","","03","","N","","","","","","","","","",""
"2021023552","","0","0","0","0","0","0","0","0","0","4","0","","67","3","2021","2","39.899402","-75.17478","","6","0","0","0","0","0","0","0","0","","0","0","0","","","3","","5","","39 53:57.846","","2","75 10:29.207","4","0","0","0","67301","0","0","0","N","0","0","0","3","67301","2","","1.0","","1","N","N","N","0","","0","0","1","","2","","","2","3","3","0","0","1","0","2","1","2","","03","","N","","","","","","","","","",""
"2021025193","","1","0","0","0","0","0","0","0","0","4","0","","67","3","2021","3","39.999644","-75.190489","","6","0","0","0","1","0","0","0","0","","0","0","0","","","1","","2","","39 59:58.717","4","0","75 11:25.759","3","0","0","0","67301","0","0","0","N","0","0","0","3","67301","0","","1.0","1030.0","1","N","N","N","0","","1","0","1","","2","N","","2","1","0","0","0","0","0","2","0","2","","03","","N","","","","","","","","","",""
"2021025191","","1","0","0","0","0","0","0","0","0","1","0","","67","3","2021","2","39.97884","-75.189211","","6","0","0","0","0","0","2","0","0","","0","0","0","","","0","N","0","","39 58:43.823","","0","75 11:21.159","0","0","0","0","67301","0","0","0","N","0","0","0","2","67301","0","","1.0","","1","N","N","N","0","","0","0","1","","0","","","2","0","0","0","0","0","0","2","0","2","","03","","N","","","","","","","","","",""
"2021023050","","1","0","0","0","0","0","0","0","0","4","0","","67","3","2021","2","39.955991","-75.217645","","6","0","0","0","0","0","0","1","0","","0","0","0","","","1","","1","","39 57:21.568","","0","75 13:03.523","3","0","0","0","67301","0","0","0","N","0","0","0","2","67301","0","","1.0","","1","N","N","N","0","","1","0","1","","1","","","2","1","0","0","0","0","0","2","0","2","","03","","N","","","","","","","","","",""
"2021025271","","1","0","0","0","0","0","0","0","0","5","0","","67","3","2021","6","39.954","-75.248569","","6","0","0","0","0","0","0","0","0","","0","0","0","","","0","N","0","","39 57:14.401","","0","75 14:54.848","0","0","0","0","67301","0","0","0","N","0","0","0","1","67301","0","","6.0","","1","N","N","N","0","","0","0","1","","0","","","2","0","0","0","0","0","0","2","0","2","","","","N","","","","","","","","","",""
"2021022785","","3","0","0","0","0","0","0","0","0","5","0","","67","3","2021","6","39.975881","-75.158714","","6","0","0","0","0","0","0","0","0","","0","0","0","","","1","N","0","","39 58:33.170","","0","75 09:31.370","3","0","0","0","67301","0","0","0","N","0","0","0","2","67301","0","","6.0","","1","N","N","N","0","","1","0","0","","0","","","3","1","2","0","0","0","1","2","0","3","","03","","N","","","","","","","","","",""
"2021022589","","1","0","0","0","0","0","0","0","0","8","0","","67","3","2021","2","39.960936","-75.219453","","6","0","0","0","0","0","0","0","1","","0","0","0","","","1","","2","","39 57:39.369","","0","75 13:10.030","3","0","0","0","67301","1","0","0","N","1","0","0","2","67301","0","","1.0","","1","N","N","N","0","","1","0","0","","3","","","2","1","1","0","0","0","0","2","0","1","","03","","N","","","","","","","","","",""
"2021049080","","1","0","0","0","0","0","0","0","0","4","0","","67","5","2021","1","40.001892","-75.130579","","6","0","0","0","1","0","0","1","0","","0","0","0","","","1","","1","","40 00:06.811","","0","75 07:50.084","3","0","0","0","67301","0","0","0","N","0","0","0","2","67301","0","","1.0","","1","N","N","N","0","","1","0","1","","3","","","2","1","0","0","0","0","0","2","0","2","","","","N","","","","","","","","","",""
"2021022525","","1","0","0","0","0","0","0","0","0","8","0","","67","3","2021","2","39.948679","-75.192892","","6","0","0","0","0","0","1","0","0","","0","0","0","","","1","","1","","39 56:55.246","","0","75 11:34.412","4","0","0","0","67301","1","0","0","N","1","0","0","2","67504","1","","1.0","","1","N","N","N","0","","0","0","0","","2","","","2","1","0","0","0","0","0","2","0","1","","03","","N","","","","","","","","","",""
"2021048580","","3","0","0","0","0","0","0","0","0","4","0","","67","5","2021","6","39.984711","-75.161527","","6","0","0","0","0","0","0","0","0","","0","0","0","","","1","","1","","39 59:04.959","2","0","75 09:41.497","8","0","0","0","67301","0","0","0","N","0","0","0","5","67505","0","","1.0","100.0","1","","","N","0","","0","0","0","","3","N","","3","1","0","0","0","1","0","2","0","3","","03","","N","","","","","","","","","",""
"2021022880","","1","0","0","0","0","0","0","0","0","4","0","","67","3","2021","7","39.990833","-75.130907","","6","0","0","0","0","0","0","0","0","","0","0","0","","","1","","1","","39 59:26.999","","0","75 07:51.264","3","0","0","0","67301","0","0","0","N","0","0","0","2","67301","0","","1.0","","1","N","N","N","0","","1","0","1","","2","","","2","1","0","0","0","0","1","2","0","2","","03","","N","","","","","","","","","",""
"2021022871","","2","0","0","0","0","0","0","0","0","6","0","","67","3","2021","6","40.022922","-75.077286","","6","0","0","0","0","0","1","0","0","","0","0","0","","","0","N","0","","40 01:22.518","","0","75 04:38.230","0","0","0","0","67301","0","0","0","N","0","0","0","2","67301","0","","1.0","","1","N","N","N","0","","0","0","1","","0","","","4","0","2","0","0","0","0","2","1","4","","03","","N","","","","","","","","","",""
"2021048840","","1","0","0","0","0","0","0","0","0","7","0","","67","5","2021","4","39.995919","-75.082836","","6","0","0","0","0","0","0","0","0","","0","0","0","","","0","N","0","","39 59:45.307","1","0","75 04:58.208","0","0","0","0","67301","0","0","0","N","0","0","0","2","68K01","0","","4.0","1132.0","9","N","N","N","0","","0","0","0","","0","N","","1","0","0","0","0","0","0","2","0","1","","","","N","","","","","","","","","",""
"2021048513","","1","0","0","0","0","0","0","0","0","4","0","","67","5","2021","3","39.957582","-75.159674","","6","0","0","0","0","0","1","0","0","","0","0","0","","","1","N","0","","39 57:27.296","3","0","75 09:34.825","8","0","0","0","67301","0","0","0","N","0","0","0","2","68K01","0","","1.0","1020.0","1","N","N","N","0","","0","0","1","","0","N","","2","1","0","0","0","1","0","2","0","2","","","","N","","","","","","","","","",""
"2021046923","","0","0","0","0","0","0","0","0","0","4","1","","67","5","2021","7","40.036934","-75.194973","","6","0","0","0","0","0","0","0","0","","0","1","0","","","1","","1","","40 02:12.962","5","0","75 11:41.904","3","0","0","0","67301","0","0","0","N","0","0","0","3","67301","0","","1.0","1155.0","1","N","N","N","0","","1","0","1","","3","Y","","2","1","0","0","0","0","0","2","0","2","","03","","N","","","","","","","","","",""
"2021022582","","2","0","0","0","0","0","0","0","0","4","0","","67","3","2021","7","39.926089","-75.242361","","6","0","0","0","0","0","1","0","0","","0","0","0","","","0","","1","","39 55:33.920","","0","75 14:32.499","0","0","0","0","67301","0","0","0","N","0","0","0","2","67301","0","","1.0","","1","N","N","N","0","","0","0","1","","2","","","3","0","0","0","0","0","0","2","0","3","","","","N","","","","","","","","","",""
"2021021966","","0","0","0","0","0","0","0","0","0","4","0","","67","3","2021","6","39.972028","-75.234475","","6","0","0","0","0","0","0","0","0","","0","0","0","","","1","","1","","39 58:19.300","","0","75 14:04.109","3","0","0","0","67301","0","0","0","N","0","0","0","3","67301","0","","1.0","","1","N","N","N","0","","1","0","2","","3","","","2","1","0","0","0","0","0","2","0","2","","03","","N","","","","","","","","","",""
"2021026851","","2","0","0","0","0","0","0","0","0","1","0","","67","3","2021","3","39.959489","-75.174742","","6","0","0","0","0","0","0","0","0","","0","0","0","","","2","N","0","","39 57:34.161","","0","75 10:29.072","3","0","0","0","67301","0","0","0","N","0","0","0","6","68K01","0","","1.0","","1","N","N","N","0","","2","0","2","","0","","","4","2","1","0","0","0","0","2","0","4","","","","N","","","","","","","","","",""
"2021022581","","2","0","0","0","0","0","0","0","0","4","0","","67","3","2021","7","39.926078","-75.224812","","6","0","0","0","0","0","0","0","0","","0","0","0","","","0","","1","","39 55:33.882","","0","75 13:29.323","9","0","0","0","67301","0","0","0","N","0","0","0","2","67301","0","","1.0","","1","N","N","N","0","","0","0","0","","2","","","2","0","0","0","0","0","1","2","0","2","","03","","N","","","","","","","","","",""
"2021021210","","0","0","0","0","0","0","0","0","0","7","0","","67","3","2021","4","40.111722","-75.02875","","6","0","0","0","0","0","1","0","0","","0","0","0","","","0","N","0","","40 06:42.200","","0","75 01:43.500","9","0","0","0","67301","0","0","0","N","0","0","0","2","67301","0","","4.0","","1","N","N","N","1","","0","0","0","","0","","","1","0","0","0","0","0","1","2","0","1","","","","N","","","","","","","","","",""
"2021024551","","1","0","0","0","0","0","0","0","0","4","0","","67","3","2021","1","39.991768","-75.137349","","6","0","0","0","0","0","0","0","0","","0","0","0","","","2","","1","","39 59:30.366","","0","75 08:14.457","3","0","0","0","67301","0","0","0","N","0","0","0","2","67301","0","","1.0","","1","N","N","N","0","","2","0","2","","3","","","3","2","0","0","0","0","0","2","0","3","","","","N","","","","","","","","","",""
"2021024824","","2","0","0","0","0","0","0","0","0","4","0","","67","3","2021","2","39.970503","-75.148069","","6","0","0","0","0","0","1","0","0","","0","0","0","","","3","","1","","39 58:13.811","","0","75 08:53.050","3","0","0","0","67301","0","0","0","N","0","0","0","3","67301","1","","1.0","","1","N","N","N","0","","1","0","0","","2","","","2","3","2","0","0","1","0","2","0","2","","03","","N","","","","","","","","","",""
"2021024571","","1","0","0","0","0","0","0","0","0","1","0","","67","3","2021","5","40.021422","-75.140039","","6","0","0","0","0","0","0","0","0","","0","0","0","","","0","N","0","","40 01:17.118","","0","75 08:24.141","0","0","0","0","67301","0","0","0","N","0","0","0","2","67301","0","","1.0","","1","N","N","N","0","","0","0","1","","0","","","2","0","0","0","0","0","0","2","0","2","","03","","N","","","","","","","","","",""
"2021022417","","0","0","0","0","0","0","0","0","0","4","0","","67","3","2021","1","39.910347","-75.150855","","6","0","1","0","0","0","2","0","0","","0","0","0","","","0","","1","","39 54:37.249","","2","75 09:03.078","0","0","0","0","67301","0","0","0","N","0","0","0","3","67301","0","","1.0","","1","N","N","Y","0","","0","0","2","","2","","","3","0","0","0","0","0","0","2","1","3","","03","","N","","","","","","","","","",""
"2021023042","","1","0","0","1","0","0","0","0","0","8","0","","67","3","2021","3","39.977704","-75.161444","","6","0","0","0","0","0","0","0","0","","0","0","0","","","1","","1","","39 58:39.733","","0","75 09:41.198","4","0","0","0","67301","1","0","0","N","0","0","0","2","67505","1","","1.0","","1","N","N","N","0","","0","0","0","","2","","","2","1","0","0","0","0","0","2","0","1","","","","N","","","","","","","","","",""
"2021032329","","1","0","0","0","0","0","0","0","0","4","0","","67","4","2021","5","40.014326","-75.070851","","6","0","0","0","0","1","0","1","0","","0","0","0","","","2","","1","","40 00:51.572","","0","75 04:15.064","8","0","0","0","67301","0","0","0","N","0","0","0","3","67301","0","","1.0","","1","N","N","N","0","","0","0","1","","2","","","2","2","1","0","0","2","1","2","0","2","","03","","N","","","","","","","","","",""
"2021060456","","0","0","0","0","0","0","1","0","0","4","1","","67","6","2021","6","40.019019","-75.147199","","6","0","0","0","0","0","1","0","0","","0","0","0","","","1","","1","","40 01:08.467","4","0","75 08:49.916","8","0","0","0","67301","0","0","0","N","0","0","0","2","67508","0","","1.0","9999.0","1","N","N","Y","0","","0","0","1","","2","N","","2","1","0","0","0","1","0","2","0","2","","03","","N","","","","","","","","","",""
"2021032835","","1","0","0","0","0","0","0","0","0","7","0","","67","4","2021","1","40.045415","-75.144945","","6","0","0","0","0","0","0","0","0","","0","0","0","","","1","","2","","40 02:43.494","","0","75 08:41.802","8","0","0","0","67301","0","0","0","N","0","0","0","1","67301","0","","4.0","","1","N","N","N","0","","0","0","0","","0","","","1","1","0","0","0","1","0","2","0","1","","04","","N","","","","","","","","","",""
"2021057268","","0","0","0","0","0","0","0","0","0","4","0","","67","6","2021","7","40.045481","-75.127279","","6","0","0","0","1","0","0","0","0","","0","0","0","","","0","N","0","","40 02:43.731","","0","75 07:38.203","9","0","0","1","67301","0","0","0","N","0","0","0","2","67301","0","","1.0","","1","N","N","N","0","","0","0","0","","0","","","2","0","0","0","0","0","1","2","0","2","","03","","N","","","","","","","","","",""
"2021057226","","2","0","0","0","0","0","0","0","0","2","0","","67","6","2021","7","40.00468","-75.152126","","6","0","0","0","0","0","0","0","0","","0","0","0","","","4","","1","","40 00:16.847","4","0","75 09:07.652","3","0","0","0","67301","0","0","0","N","0","0","0","4","67505","1","","1.0","2310.0","1","N","N","N","0","","3","0","0","","2","N","","2","4","0","0","0","0","0","2","0","2","","03","","N","","","","","","","","","",""
"2021033405","","0","0","0","0","0","0","0","0","0","1","0","","67","4","2021","1","40.043443","-75.161527","","6","0","0","0","0","0","0","0","0","","0","0","0","","","0","N","0","","40 02:36.395","","0","75 09:41.497","9","0","0","0","67301","0","0","0","N","0","0","0","2","67301","0","","6.0","","9","N","N","N","0","","0","0","2","","0","","","2","0","2","0","0","0","1","2","0","2","","07","","N","","","","","","","","","",""
"2021058245","","1","0","0","0","0","0","0","0","0","1","0","","67","6","2021","7","39.959326","-75.173428","","6","0","0","0","0","0","0","1","0","","0","0","0","","","0","N","0","","39 57:33.574","","0","75 10:24.340","0","0","0","0","67301","0","0","0","N","0","0","0","3","68K01","0","","1.0","","1","N","N","N","0","","0","0","1","","0","","","2","0","0","0","0","0","0","2","0","2","","","","N","","","","","","","","","",""
"2021058296","","1","0","0","0","0","0","0","0","0","1","0","","67","6","2021","4","39.984427","-75.141868","","6","0","0","0","0","0","1","0","0","","0","1","0","","","0","","1","","39 59:03.937","","0","75 08:30.724","0","0","0","0","67301","0","0","0","N","0","0","0","2","67301","0","","1.0","","1","N","N","N","0","","0","0","0","","2","","","2","0","0","0","0","0","0","2","0","2","","","","N","","","","","","","","","",""
"2021033812","","1","0","0","0","0","0","0","0","0","4","0","","67","4","2021","7","40.030447","-75.176664","","6","0","0","0","0","0","0","0","0","","0","0","0","","","0","","1","","40 01:49.610","","0","75 10:35.990","0","0","0","0","67301","0","0","0","N","0","0","0","2","67301","0","","1.0","","1","N","N","N","0","","0","0","1","","2","","","2","0","0","0","0","0","0","2","0","2","","","","N","","","","","","","","","",""
"2021060708","","1","0","0","0","0","0","0","0","0","7","0","","67","6","2021","2","39.985184","-75.208194","","6","0","0","0","0","0","0","0","0","","0","0","0","","","0","N","0","","39 59:06.663","","0","75 12:29.500","0","0","0","0","67301","0","0","0","N","0","0","0","1","68K01","0","","4.0","","1","N","N","N","0","","0","0","0","","0","","","1","0","0","0","0","0","0","2","0","1","","","","N","","","","","","","","","",""
"2021058740","","1","0","0","0","0","0","0","0","0","4","1","","67","6","2021","3","40.013286","-75.17715","","6","0","0","0","0","0","1","0","0","","0","1","0","","","1","N","0","","40 00:47.830","5","0","75 10:37.740","3","0","0","0","67301","0","0","0","N","0","0","0","2","67301","0","","1.0","151.0","9","N","N","N","0","","1","0","0","","0","N","","2","1","0","0","0","0","0","2","0","2","","","","N","","","","","","","","","",""
"2021033135","","0","0","0","0","0","0","0","0","0","4","0","","67","4","2021","7","40.059276","-75.044578","","6","0","0","0","0","0","0","0","0","","0","0","0","","","1","","1","","40 03:33.392","","0","75 02:40.479","3","0","0","0","67301","0","0","0","N","0","0","0","2","67301","0","","1.0","","1","N","N","N","0","","1","0","1","","2","","","2","1","0","0","0","0","0","2","1","2","","03","","N","","","","","","","","","",""
"2021059235","","0","0","0","0","0","0","0","0","0","4","0","","67","6","2021","3","39.999745","-75.138532","","6","0","0","0","0","0","0","0","0","","0","1","0","","","1","","1","","39 59:59.082","6","0","75 08:18.715","4","0","0","0","67301","0","0","0","N","0","0","0","6","67301","1","","1.0","1355.0","9","N","N","N","0","","0","0","1","","2","Y","","2","1","0","0","0","0","0","2","0","2","","04","","N","","","","","","","","","",""
"2021058886","","1","0","0","0","0","0","0","0","0","5","1","","67","6","2021","4","39.96786","-75.130392","","6","0","0","0","0","0","1","1","0","","0","1","0","","","1","N","0","","39 58:04.296","1","0","75 07:49.410","3","0","0","0","67301","0","0","0","N","0","0","0","3","68K01","0","","1.0","30.0","1","N","N","N","0","","1","0","1","","0","N","","3","1","0","0","0","0","0","2","0","3","","","","N","","","","","","","","","",""
"2021058651","","2","0","0","0","0","0","0","0","0","4","0","","67","6","2021","4","40.008621","-75.068836","","6","0","0","0","0","0","0","0","0","","0","0","0","","","0","","1","","40 00:31.034","4","0","75 04:07.810","0","0","0","0","67301","0","0","0","N","0","0","0","3","67301","0","","1.0","20.0","1","N","N","N","0","","0","0","0","","2","N","","2","0","0","0","0","0","0","2","0","2","","","","N","","","","","","","","","",""
"2021056235","","3","0","0","0","0","0","1","0","0","4","1","","67","6","2021","5","39.953243","-75.23653","","6","0","0","0","0","0","0","0","0","","0","0","0","","","8","","1","","39 57:11.674","1","0","75 14:11.508","8","0","0","0","67301","0","0","0","N","0","0","0","15","67508","0","","1.0","9999.0","1","N","N","Y","0","","0","0","1","","2","Y","","5","8","0","0","0","8","5","2","0","5","","03","","N","","","","","","","","","",""