"CRN","ARRIVAL_TM","AUTOMOBILE_COUNT","BELTED_DEATH_COUNT","BELTED_SUSP_SERIOUS_INJ_COUNT","BICYCLE_COUNT","BICYCLE_DEATH_COUNT","BICYCLE_SUSP_SERIOUS_INJ_COUNT","BUS_COUNT","CHLDPAS_DEATH_COUNT","CHLDPAS_SUSP_SERIOUS_INJ_COUNT","COLLISION_TYPE","COMM_VEH_COUNT","CONS_ZONE_SPD_LIM","COUNTY","CRASH_MONTH","CRASH_YEAR","DAY_OF_WEEK","DEC_LATITUDE","DEC_LONGITUDE","DISPATCH_TM","DISTRICT","DRIVER_COUNT_16YR","DRIVER_COUNT_17YR","DRIVER_COUNT_18YR","DRIVER_COUNT_19YR","DRIVER_COUNT_20YR","DRIVER_COUNT_50_64YR","DRIVER_COUNT_65_74YR","DRIVER_COUNT_75PLUS","EST_HRS_CLOSED","FATAL_COUNT","HEAVY_TRUCK_COUNT","HORSE_BUGGY_COUNT","HOUR_OF_DAY","ILLUMINATION","INJURY_COUNT","INTERSECTION_RELATED","INTERSECT_TYPE","LANE_CLOSED","LATITUDE","LN_CLOSE_DIR","LOCATION_TYPE","LONGITUDE","MAX_SEVERITY_LEVEL","MCYCLE_DEATH_COUNT","MCYCLE_SUSP_SERIOUS_INJ_COUNT","MOTORCYCLE_COUNT","MUNICIPALITY","NONMOTR_COUNT","NONMOTR_DEATH_COUNT","NONMOTR_SUSP_SERIOUS_INJ_COUNT","NTFY_HIWY_MAINT","PED_COUNT","PED_DEATH_COUNT","PED_SUSP_SERIOUS_INJ_COUNT","PERSON_COUNT","POLICE_AGCY","POSSIBLE_INJ_COUNT","RDWY_SURF_TYPE_CD","RELATION_TO_ROAD","ROADWAY_CLEARED","ROAD_CONDITION","SCH_BUS_IND","SCH_ZONE_IND","SECONDARY_CRASH","SMALL_TRUCK_COUNT","SPEC_JURIS_CD","SUSP_MINOR_INJ_COUNT","SUSP_SERIOUS_INJ_COUNT","SUV_COUNT","TCD_FUNC_CD","TCD_TYPE","TFC_DETOUR_IND","TIME_OF_DAY","TOTAL_UNITS","TOT_INJ_COUNT","UNBELTED_OCC_COUNT","UNB_DEATH_COUNT","UNB_SUSP_SERIOUS_INJ_COUNT","UNK_INJ_DEG_COUNT","UNK_INJ_PER_COUNT","URBAN_RURAL","VAN_COUNT","VEHICLE_COUNT","WEATHER1","WEATHER2","WORKERS_PRES","WORK_ZONE_IND","WORK_ZONE_LOC","WORK_ZONE_TYPE","WZ_CLOSE_DETOUR","WZ_FLAGGER","WZ_LAW_OFFCR_IND","WZ_LN_CLOSURE","WZ_MOVING","WZ_OTHER","WZ_SHLDER_MDN","WZ_WORKERS_INJ_KILLED"
"2021060714","","1","0","0","0","0","0","0","0","0","1","0","","67","6","2021","3","39.94279","-75.193193","","6","0","0","0","0","0","0","0","0","","0","0","0","","","0","N","0","","39 56:34.043","3","0","75 11:35.496","0","0","0","0","67301","0","0","0","N","0","0","0","2","68K01","0","","1.0","1528.0","1","N","N","N","0","","0","0","1","","0","N","","2","0","0","0","0","0","0","2","0","2","","","","N","","","","","","","","","",""
"2021059659","","2","0","0","0","0","0","0","0","0","1","0","45","67","6","2021","5","40.005967","-75.074918","","6","0","0","0","0","0","0","0","0","","0","0","0","","","5","N","0","","40 00:21.482","2","0","75 04:29.705","8","0","0","0","67301","0","0","0","N","0","0","0","9","68K01","0","","1.0","40.0","1","N","N","N","0","","0","0","1","","0","N","","3","5","0","0","0","5","0","2","0","3","","03","Y","Y","4","1","N","N","Y","Y","N","N","Y","N"
"2021059483","","2","0","0","0","0","0","0","0","0","1","0","","67","6","2021","7","39.991087","-75.086546","","6","0","0","0","0","0","0","0","0","","0","0","0","","","1","N","0","","39 59:27.913","2","0","75 05:11.564","3","0","0","0","67301","0","0","0","N","0","0","0","3","68K01","0","","1.0","1145.0","9","N","N","N","0","","1","0","0","","0","N","","2","1","0","0","0","0","0","2","0","2","","","","N","","","","","","","","","",""
"2021041372","","1","0","0","0","0","0","0","0","0","8","0","","67","5","2021","6","39.923153","-75.170008","","6","0","0","0","0","0","1","0","0","","0","0","0","","","1","","1","","39 55:23.352","","0","75 10:12.030","8","0","0","0","67301","1","0","0","N","1","0","0","2","67301","0","","1.0","","1","N","N","N","0","","0","0","0","","2","","","2","1","0","0","0","1","0","2","0","1","","03","","N","","","","","","","","","",""
"2021033032","","0","0","0","0","0","0","0","0","0","2","0","","67","4","2021","7","39.944583","-75.246417","","6","0","0","0","0","0","1","0","0","","0","0","0","","","1","N","0","","39 56:40.500","","0","75 14:47.100","3","0","0","0","67301","0","0","0","N","0","0","0","1","67301","0","","6.0","","9","N","N","N","0","","1","0","1","","0","","","2","1","0","0","0","0","0","2","1","2","","04","","N","","","","","","","","","",""
"2021057141","","1","0","0","0","0","0","0","0","0","4","0","","67","6","2021","4","39.979589","-75.171082","","6","0","0","0","0","1","0","0","0","","0","1","0","","","4","","1","","39 58:46.522","7","0","75 10:15.895","3","0","0","0","67301","0","0","0","N","0","0","0","4","67301","0","","1.0","1949.0","1","N","N","N","0","","4","0","0","","2","Y","","2","4","4","0","0","0","0","2","0","2","","04","","N","","","","","","","","","",""
"2021057265","","0","0","0","0","0","0","0","0","0","6","0","","67","6","2021","2","39.995915","-75.092064","","6","0","0","0","0","0","1","1","0","","0","0","0","","","1","N","2","","39 59:45.294","","7","75 05:31.430","3","0","0","0","67301","0","0","0","N","0","0","0","3","67301","0","","1.0","","1","N","N","N","0","","1","0","2","","2","","","2","1","0","0","0","0","0","2","0","2","","03","","N","","","","","","","","","",""
"2021058559","","3","0","0","0","0","0","0","0","0","1","0","","67","6","2021","3","39.94576","-75.189822","","6","0","0","0","0","0","0","1","0","","0","0","0","","","0","N","0","","39 56:44.735","4","0","75 11:23.360","0","0","0","0","67301","0","0","0","N","0","0","0","4","68K01","0","","1.0","1750.0","1","N","N","N","0","","0","0","1","","0","N","","4","0","0","0","0","0","0","2","0","4","","","","N","","","","","","","","","",""
"2021056723","","0","0","0","0","0","0","0","0","0","1","1","","67","6","2021","3","39.993652","-75.084798","","6","0","0","0","0","0","0","0","0","","0","1","0","","","0","N","0","","39 59:37.147","2","0","75 05:05.272","0","0","0","0","67301","0","0","0","N","0","0","0","2","68K01","0","","1.0","1230.0","1","N","N","N","0","","0","0","1","","0","N","","2","0","0","0","0","0","0","2","0","2","","","","N","","","","","","","","","",""
"2021036082","","1","0","0","0","0","0","0","0","0","4","0","","67","4","2021","4","40.014411","-75.153062","","6","0","0","0","0","0","0","0","0","","0","0","0","","","1","","1","","40 00:51.881","","0","75 09:11.023","8","0","0","0","67301","0","0","0","N","0","0","0","4","67301","0","","9.0","","1","N","N","N","0","","0","0","0","","2","","","2","1","0","0","0","1","0","2","0","2","","03","","N","","","","","","","","","",""
"2021032609","","1","0","0","0","0","0","0","0","0","4","0","","67","4","2021","6","40.105161","-75.032846","","6","0","0","0","0","0","2","0","0","","0","0","0","","","0","","1","","40 06:18.580","3","0","75 01:58.246","0","0","0","0","67301","0","0","0","N","0","0","0","2","67301","0","","1.0","1615.0","9","N","N","N","0","","0","0","1","","2","N","","2","0","0","0","0","0","0","2","0","2","","","","N","","","","","","","","","",""
"2021034135","","1","0","0","0","0","0","0","0","0","7","0","","67","4","2021","1","39.980607","-75.214288","","6","0","0","0","0","0","0","1","0","","0","0","0","","","1","N","0","","39 58:50.185","","0","75 12:51.435","8","0","0","0","67301","0","0","0","N","0","0","0","1","67301","0","","4.0","","9","N","N","N","0","","0","0","0","","0","","","1","1","0","0","0","1","0","2","0","1","","","","N","","","","","","","","","",""
"2021032913","","1","0","0","0","0","0","0","0","0","1","0","","67","4","2021","5","40.044769","-75.217831","","6","0","0","0","0","0","0","0","0","","0","0","0","","","1","N","0","","40 02:41.168","2","0","75 13:04.193","4","0","0","0","67301","0","0","0","N","0","0","0","2","67301","1","","1.0","1630.0","1","N","N","Y","0","","0","0","1","","0","N","","2","1","0","0","0","0","1","2","0","2","","03","","N","","","","","","","","","",""
"2021060275","","1","0","0","0","0","0","0","0","0","7","0","","67","6","2021","5","39.981638","-75.207084","","6","0","0","0","0","0","0","0","0","","0","0","0","","","1","N","0","","39 58:53.898","4","0","75 12:25.501","2","0","0","0","67301","0","0","0","N","0","0","0","1","68K01","0","","4.0","445.0","1","N","N","N","0","","0","1","0","","0","N","","1","1","1","0","1","0","0","2","0","1","","","","N","","","","","","","","","",""
"2021058064","","1","0","0","0","0","0","0","0","0","7","0","","67","6","2021","2","39.9756","-75.194927","","6","0","0","0","0","1","0","0","0","","0","0","0","","","0","N","0","","39 58:32.161","","0","75 11:41.736","0","0","0","0","67301","0","0","0","N","0","0","0","1","68K01","0","","1.0","","1","N","N","Y","0","","0","0","0","","0","","","1","0","0","0","0","0","0","2","0","1","","","","N","","","","","","","","","",""
"2021056730","","1","0","0","0","0","0","0","0","0","1","0","","67","6","2021","5","39.99357","-75.084576","","6","0","0","0","0","0","0","1","0","","0","0","0","","","1","N","0","","39 59:36.851","1","0","75 05:04.474","3","0","0","0","67301","0","0","0","N","0","0","0","2","68K01","0","","1.0","1240.0","1","N","N","N","0","","1","0","1","","0","N","","2","1","0","0","0","0","0","2","0","2","","","","N","","","","","","","","","",""
"2021057852","","2","0","0","0","0","0","0","0","0","0","0","","67","6","2021","7","39.996636","-75.196624","","6","0","0","0","0","0","0","0","0","","0","0","0","","","0","N","0","","39 59:47.891","","0","75 11:47.847","0","0","0","0","67301","0","0","0","N","0","0","0","2","68K01","0","","1.0","","9","N","N","N","0","","0","0","0","","0","","","2","0","0","0","0","0","0","2","0","2","","","","N","","","","","","","","","",""
"2021033900","","1","0","0","0","0","0","0","0","0","4","0","","67","4","2021","7","40.016129","-75.149636","","6","0","0","0","0","0","0","0","0","","0","0","0","","","0","","2","","40 00:58.063","","0","75 08:58.689","0","0","0","0","67301","0","0","0","N","0","0","0","3","67301","0","","1.0","","9","N","N","N","0","","0","0","1","","3","","","2","0","0","0","0","0","0","2","0","2","","03","","N","","","","","","","","","",""
"2021032558","","2","0","0","0","0","0","0","0","0","4","0","","67","4","2021","5","40.030023","-75.142008","","6","0","0","0","0","0","0","0","0","","0","0","0","","","1","","1","","40 01:48.082","","0","75 08:31.228","4","0","0","0","67301","0","0","0","N","0","0","0","2","67301","1","","1.0","","1","N","N","N","0","","0","0","1","","3","","","3","1","0","0","0","0","1","2","0","3","","03","","N","","","","","","","","","",""
"2021033613","","1","0","0","0","0","0","0","0","0","4","0","","67","4","2021","1","39.989348","-75.167307","","6","0","0","0","0","0","0","0","0","","0","0","0","","","0","","1","","39 59:21.653","","0","75 10:02.305","0","0","0","0","67301","0","0","0","N","0","0","0","2","67301","0","","1.0","","9","N","N","N","0","","0","0","0","","0","","","2","0","2","0","0","0","0","2","1","2","","04","","N","","","","","","","","","",""
"2021057262","","2","0","0","0","0","0","0","0","0","4","0","","67","6","2021","1","39.955669","-75.215043","","6","0","0","0","0","0","0","0","0","","0","0","0","","","0","N","0","","39 57:20.409","","0","75 12:54.154","0","0","0","0","67301","0","0","0","N","0","0","0","1","67301","0","","1.0","","1","N","N","N","0","","0","0","0","","0","","","3","0","1","0","0","0","0","2","0","3","","03","","N","","","","","","","","","",""
"2021057162","","0","0","0","0","0","0","0","0","0","8","0","","67","6","2021","7","40.038972","-75.150035","","6","0","0","0","0","0","0","0","0","","0","0","0","","","1","","1","","40 02:20.299","","0","75 09:00.127","3","0","0","0","67301","1","0","0","N","1","0","0","2","67301","0","","1.0","","1","N","N","N","1","","1","0","0","","2","","","2","1","0","0","0","0","1","2","0","1","","","","N","","","","","","","","","",""
"2021032758","","1","0","0","0","0","0","0","0","0","5","0","","67","4","2021","7","40.021556","-75.063221","","6","0","0","0","0","0","0","0","0","","0","0","0","","","0","N","0","","40 01:17.600","","0","75 03:47.594","0","0","0","0","67301","0","0","0","N","0","0","0","1","67301","0","","6.0","","1","N","N","N","0","","0","0","1","","0","","","2","0","0","0","0","0","0","2","0","2","","","","N","","","","","","","","","",""
"2021057168","","0","0","0","0","0","0","0","0","0","1","1","","67","6","2021","6","40.04003","-75.144524","","6","0","0","0","0","0","1","0","0","","0","1","0","","","1","Y","0","","40 02:24.107","","0","75 08:40.287","8","0","0","0","67301","0","0","0","N","0","0","0","2","67301","0","","1.0","","1","N","N","N","0","","0","0","1","","2","","","2","1","0","0","0","1","1","2","0","2","","03","","N","","","","","","","","","",""
"2021057250","","1","0","0","0","0","0","0","0","0","4","0","","67","6","2021","1","39.926636","-75.162197","","6","0","0","0","0","0","0","0","0","","0","0","0","","","0","N","0","","39 55:35.890","2","0","75 09:43.910","0","0","0","0","67301","0","0","0","N","0","0","0","1","67301","0","","1.0","203.0","1","N","N","N","0","","0","0","1","","0","Y","","2","0","0","0","0","0","0","2","0","2","","03","","N","","","","","","","","","",""
"2021032239","","1","0","0","0","0","0","0","0","0","7","0","","67","4","2021","4","39.993347","-75.191769","","6","0","0","0","0","1","0","0","0","","0","0","0","","","0","N","0","","39 59:36.050","","0","75 11:30.370","0","0","0","0","67301","0","0","0","N","0","0","0","2","67301","0","","4.0","","1","N","N","N","0","","0","0","0","","0","","","1","0","2","0","0","0","0","2","0","1","","","","N","","","","","","","","","",""
"2021058735","","1","0","0","0","0","0","0","0","0","4","1","","67","1","2021","5","40.044692","-75.054594","","6","0","0","0","0","0","1","0","0","","0","1","0","","","1","N","1","","40 02:40.890","","0","75 03:16.537","3","0","0","0","67301","0","0","0","N","0","0","0","4","67301","0","","1.0","","1","N","N","N","0","","1","0","0","","2","","","2","1","0","0","0","0","0","2","0","2","","03","","N","","","","","","","","","",""
"2021035574","","0","0","0","0","0","0","0","0","0","1","0","","67","4","2021","1","39.956881","-75.202014","","6","0","0","0","0","0","0","0","0","","0","0","0","","","1","N","0","","39 57:24.770","","0","75 12:07.250","3","0","0","0","67301","0","0","0","N","0","0","0","1","67301","0","","6.0","","9","N","N","N","0","","1","0","2","","0","","","2","1","0","0","0","0","0","2","0","2","","07","","N","","","","","","","","","",""
"2021059372","","1","0","0","0","0","0","0","0","0","0","1","","67","6","2021","5","39.917974","-75.147633","","6","0","0","0","0","0","0","0","0","","0","1","0","","","0","N","0","","39 55:04.707","1","0","75 08:51.479","0","0","0","0","67301","0","0","0","N","0","0","0","4","68K01","0","","1.0","830.0","1","N","N","N","0","","0","0","1","","0","N","","3","0","0","0","0","0","0","2","0","3","","03","","N","","","","","","","","","",""
"2021058811","","1","0","0","0","0","0","0","0","0","8","0","","67","6","2021","1","40.048219","-75.067867","","6","0","0","0","0","0","0","0","0","","0","0","0","","","1","N","0","","40 02:53.590","","0","75 04:04.320","3","0","0","0","67301","1","0","0","N","1","0","0","2","67301","0","","1.0","","1","N","N","N","0","","1","0","0","","0","","","2","1","0","0","0","0","0","2","0","1","","","","N","","","","","","","","","",""
"2021057150","","1","0","0","0","0","0","0","0","0","8","0","","67","6","2021","4","39.993804","-75.118285","","6","0","0","0","0","0","0","0","0","","0","0","0","","","1","","1","","39 59:37.694","","0","75 07:05.825","3","0","0","0","67301","1","0","0","N","1","0","0","2","67301","0","","1.0","","1","N","N","N","0","","1","0","0","","2","","","2","1","0","0","0","0","0","2","0","1","","","","N","","","","","","","","","",""
"2021057098","","1","0","0","0","0","0","0","0","0","5","0","","67","6","2021","6","40.056737","-75.085718","","6","0","0","0","0","0","1","0","0","","0","0","0","","","0","N","0","","40 03:24.254","","0","75 05:08.584","0","0","0","0","67301","0","0","0","N","0","0","0","1","67301","0","","2.0","","1","N","N","N","0","","0","0","1","","0","","","2","0","0","0","0","0","0","2","0","2","","03","","N","","","","","","","","","",""
"2021060668","","0","0","0","0","0","0","0","0","0","5","0","","67","6","2021","5","39.993541","-75.084879","","6","0","0","0","0","0","0","0","0","","0","0","0","","","0","N","0","","39 59:36.746","","0","75 05:05.565","0","0","0","0","67301","0","0","0","N","0","0","0","2","68K01","0","","1.0","","1","N","N","N","0","","0","0","2","","0","","","2","0","0","0","0","0","0","2","0","2","","","","N","","","","","","","","","",""
"2021058733","","1","0","0","0","0","0","0","0","0","8","0","","67","6","2021","6","40.044937","-75.055241","","6","0","0","0","0","0","0","0","0","","0","0","0","","","1","N","0","","40 02:41.772","","0","75 03:18.868","3","0","0","0","67301","1","0","0","N","1","0","0","2","67301","0","","1.0","","1","N","N","N","0","","1","0","0","","0","","","2","1","0","0","0","0","0","2","0","1","","03","","N","","","","","","","","","",""
"2021033199","","2","0","0","0","0","0","0","0","0","7","0","","67","4","2021","1","40.030674","-75.021892","","6","0","0","0","0","0","0","0","0","","0","0","0","","","0","N","0","","40 01:50.426","2","3","75 01:18.812","0","0","0","0","67301","0","0","0","N","0","0","0","2","68K01","0","","3.0","123.0","1","N","N","N","0","","0","0","0","","0","N","","2","0","0","0","0","0","0","2","0","2","","03","","N","","","","","","","","","",""
"2021059120","","1","0","0","0","0","0","0","0","0","4","0","","67","6","2021","3","40.019185","-75.088547","","6","0","0","0","0","0","0","0","0","","0","0","0","","","0","","1","","40 01:09.067","","0","75 05:18.769","9","0","0","0","67301","0","0","0","N","0","0","0","2","67301","0","","1.0","","1","N","N","N","0","","0","0","0","","3","","","2","0","0","0","0","0","1","2","0","2","","03","","N","","","","","","","","","",""
"2021033033","","2","0","0","0","0","0","0","0","0","5","0","","67","4","2021","1","39.99015","-75.133081","","6","0","0","0","0","0","0","0","0","","0","0","0","","","0","N","0","","39 59:24.540","","0","75 07:59.090","9","0","0","0","67301","0","0","0","N","0","0","0","1","67301","0","","6.0","","9","N","N","N","0","","0","0","0","","0","","","3","0","0","0","0","0","1","2","1","3","","","","N","","","","","","","","","",""
"2021032591","","0","0","1","0","0","0","0","0","0","7","0","35","67","4","2021","7","39.911333","-75.164944","","6","0","0","0","1","0","0","0","0","","0","0","0","","","3","N","0","","39 54:40.800","","3","75 09:53.800","2","0","0","0","67301","0","0","0","N","0","0","0","7","67501","0","","4.0","","9","N","N","N","0","","2","1","0","","0","","","1","3","0","0","0","0","0","2","1","1","","","N","Y","4","1","","","N","Y","","","","N"
"2021060901","","2","0","0","0","0","0","0","0","0","1","0","","67","6","2021","1","39.963651","-75.184068","","6","0","0","0","0","0","0","0","0","","0","0","0","","","1","N","0","","39 57:49.143","4","0","75 11:02.643","8","0","0","0","67301","0","0","0","N","0","0","0","4","68K01","0","","1.0","305.0","1","N","N","N","0","","0","0","0","","0","N","","2","1","0","0","0","1","0","2","0","2","","03","","N","","","","","","","","","",""
"2021057418","","0","0","0","0","0","0","0","0","0","7","0","","67","6","2021","7","40.006385","-75.19736","","6","0","0","0","0","0","0","0","0","","0","0","0","","","5","N","0","","40 00:22.985","","0","75 11:50.497","4","0","0","0","67301","0","0","0","N","0","0","0","5","68K01","5","","2.0","","1","N","N","N","0","","0","0","1","","0","","","1","5","1","0","0","0","0","2","0","1","","","","N","","","","","","","","","",""
"2021059205","","3","0","0","0","0","0","0","0","0","4","0","","67","6","2021","5","39.957549","-75.1601","","6","0","1","0","0","1","0","0","0","","0","0","0","","","0","N","0","","39 57:27.175","3","0","75 09:36.359","0","0","0","0","67301","0","0","0","N","0","0","0","3","68K01","0","","1.0","2030.0","1","N","N","N","0","","0","0","0","","0","N","","4","0","0","0","0","0","0","2","0","4","","03","","N","","","","","","","","","",""
"2021058597","","2","0","0","0","0","0","0","0","0","1","0","","67","6","2021","7","39.959494","-75.174781","","6","0","0","0","0","0","0","1","0","","0","0","0","","","0","N","0","","39 57:34.178","","0","75 10:29.212","0","0","0","0","67301","0","0","0","N","0","0","0","2","68K01","0","","1.0","","1","N","N","N","0","","0","0","0","","0","","","2","0","1","0","0","0","0","2","0","2","","","","N","","","","","","","","","",""
"2021032240","","0","0","0","0","0","0","0","0","0","7","0","","67","4","2021","5","39.986343","-75.180236","","6","0","0","0","0","0","0","0","0","","0","0","0","","","0","","1","","39 59:10.834","","0","75 10:48.850","0","0","0","0","67301","0","0","0","N","0","0","0","1","67301","0","","4.0","","1","N","N","N","1","","0","0","0","","2","","","1","0","0","0","0","0","0","2","0","1","","03","","N","","","","","","","","","",""
"2021058291","","1","0","0","0","0","0","0","0","0","8","0","","67","6","2021","4","39.916829","-75.171324","","6","0","0","0","0","0","0","0","0","","0","0","0","","","1","N","0","","39 55:00.583","2","0","75 10:16.768","2","0","0","0","67301","1","0","1","N","1","0","1","2","67505","0","","1.0","2221.0","1","N","N","N","0","","0","1","0","","0","Y","","2","1","0","0","0","0","1","2","0","1","","03","","N","","","","","","","","","",""
"2021033404","","2","0","0","0","0","0","0","0","0","4","0","","67","4","2021","4","40.055331","-75.008481","","6","0","0","0","0","0","0","0","0","","0","0","0","","","1","N","0","","40 03:19.193","2","7","75 00:30.531","3","0","0","0","67301","0","0","0","N","0","0","0","3","67301","0","","1.0","30.0","1","N","N","N","0","","1","0","0","","0","N","","2","1","0","0","0","0","0","2","0","2","","03","","N","","","","","","","","","",""
"2021033140","","1","0","0","0","0","0","0","0","0","4","0","","67","4","2021","1","39.999042","-75.145798","","6","0","0","0","0","0","1","0","0","","0","0","0","","","0","","1","","39 59:56.551","","0","75 08:44.872","0","0","0","0","67301","0","0","0","N","0","0","0","3","67301","0","","1.0","","9","N","N","Y","0","","0","0","1","","3","","","2","0","0","0","0","0","0","2","0","2","","04","","N","","","","","","","","","",""
"2021035592","","2","0","0","0","0","0","0","0","0","2","0","","67","4","2021","1","40.005215","-75.092723","","6","0","0","0","0","0","0","0","0","","0","0","0","","","0","","2","","40 00:18.774","","0","75 05:33.803","9","0","0","0","67301","0","0","0","N","0","0","0","4","67301","0","","1.0","","1","N","N","Y","0","","0","0","0","","0","","","3","0","0","0","0","0","2","2","1","3","","","","N","","","","","","","","","",""
"2021032557","","1","0","0","0","0","0","0","0","0","1","0","","67","4","2021","4","40.031431","-75.112403","","6","0","0","0","0","0","0","0","0","","0","0","0","","","0","N","0","","40 01:53.150","","0","75 06:44.650","9","0","0","0","67301","0","0","0","N","0","0","0","1","67301","0","","6.0","","1","N","N","N","0","","0","0","1","","0","","","2","0","1","0","0","0","1","2","0","2","","03","","N","","","","","","","","","",""
"2021057394","","1","0","0","0","0","0","0","0","0","5","0","","67","6","2021","5","39.959169","-75.173201","","6","0","0","0","0","0","0","0","0","","0","0","0","","","1","N","0","","39 57:33.008","3","0","75 10:23.523","8","0","0","0","67301","0","0","0","N","0","0","0","4","68K01","0","","1.0","1955.0","1","N","N","N","0","","0","0","1","","0","N","","2","1","0","0","0","1","0","2","0","2","","","","N","","","","","","","","","",""
"2021033899","","0","0","0","0","0","0","0","0","0","1","0","","67","4","2021","6","40.006681","-75.119299","","6","0","0","0","0","0","0","0","0","","0","0","0","","","1","","1","","40 00:24.053","4","0","75 07:09.476","3","0","0","0","67301","0","0","0","N","0","0","0","2","67301","0","","1.0","2030.0","1","N","N","N","0","","1","0","1","","2","N","","2","1","0","0","0","0","0","2","1","2","","03","","N","","","","","","","","","",""
"2021032837","","0","0","0","0","0","0","0","0","0","8","0","","67","4","2021","1","40.013632","-75.158688","","6","0","0","0","0","0","0","0","0","","0","0","0","","","1","","2","","40 00:49.075","","0","75 09:31.275","8","0","0","0","67301","1","0","0","N","1","0","0","2","67301","0","","1.0","","1","N","N","N","0","","0","0","0","","2","","","2","1","0","0","0","1","0","2","0","1","","03","","N","","","","","","","","","",""
"2021032235","","0","0","0","0","0","0","0","0","0","8","0","","67","4","2021","4","39.920152","-75.230172","","6","0","0","0","0","0","1","0","0","","0","0","0","","","1","","1","","39 55:12.547","","0","75 13:48.619","3","0","0","0","67301","1","0","0","N","1","0","0","2","67301","0","","1.0","","1","N","N","N","1","","1","0","0","","2","","","2","1","0","0","0","0","0","2","0","1","","03","","N","","","","","","","","","",""
"2021043154","","1","0","0","0","0","0","0","0","0","1","0","","67","3","2021","2","40.009244","-75.151133","","6","0","0","0","0","0","0","0","0","","0","0","0","","","1","","1","","40 00:33.277","2","0","75 09:04.079","3","0","0","0","67301","0","0","0","N","0","0","0","2","67301","0","","1.0","835.0","1","N","N","N","0","","1","0","0","","2","Y","","2","1","0","0","0","0","0","2","1","2","","03","","N","","","","","","","","","",""
"2021028452","","1","0","0","0","0","0","0","0","0","4","0","","67","3","2021","6","39.990926","-75.167533","","6","0","0","0","0","0","0","0","0","","0","0","0","","","2","","2","","39 59:27.333","","0","75 10:03.118","8","0","0","0","67301","0","0","0","N","0","0","0","3","67301","0","","1.0","","1","N","N","N","0","","0","0","1","","3","","","2","2","0","0","0","2","0","2","0","2","","03","","N","","","","","","","","","",""
"2021031921","","1","0","0","0","0","0","0","0","0","1","0","","67","4","2021","4","40.089186","-75.021009","","6","0","0","0","0","0","1","0","0","","0","0","0","","","0","","2","","40 05:21.068","2","0","75 01:15.633","0","0","0","0","67301","0","0","0","N","0","0","0","2","67301","0","","1.0","750.0","9","N","N","N","0","","0","0","1","","2","N","","2","0","0","0","0","0","0","2","0","2","","","","N","","","","","","","","","",""
"2021032129","","0","0","0","0","0","0","0","0","0","8","0","","67","4","2021","4","40.010132","-75.151074","","6","0","0","0","0","0","0","0","0","","0","0","0","","","1","","5","","40 00:36.476","","0","75 09:03.867","2","0","0","0","67301","1","0","1","N","1","0","1","2","67301","0","","1.0","","1","N","N","N","0","","0","1","1","","2","","","2","1","0","0","0","0","0","2","0","1","","03","","N","","","","","","","","","",""
"2021032421","","0","0","0","0","0","0","0","0","0","1","0","","67","4","2021","5","39.934511","-75.1899","","6","0","0","0","0","0","0","1","0","","0","0","0","","","0","N","0","","39 56:04.240","","0","75 11:23.640","0","0","0","0","67301","0","0","0","N","0","0","0","1","67301","0","","6.0","","1","N","N","Y","0","","0","0","2","","0","","","2","0","1","0","0","0","0","2","0","2","","03","","N","","","","","","","","","",""
"2021057655","","0","0","0","0","0","0","0","0","0","5","0","","67","6","2021","7","39.933754","-75.145054","","6","0","0","0","0","0","1","0","0","","0","0","0","","","1","N","0","","39 56:01.516","","0","75 08:42.194","8","0","0","0","67301","0","0","0","N","0","0","0","3","68K01","0","","1.0","","1","N","N","N","0","","0","0","1","","0","","","2","1","0","0","0","1","0","2","1","2","","03","","N","","","","","","","","","",""
"2021057574","","1","0","0","0","0","0","0","0","0","4","0","","67","6","2021","7","40.094541","-75.015043","","6","0","0","0","0","0","0","0","0","","0","0","0","","","2","","1","","40 05:40.347","","0","75 00:54.154","3","0","0","0","67301","0","0","0","N","0","0","0","3","67301","1","","1.0","","1","N","N","Y","0","","1","0","1","","2","","","2","2","0","0","0","0","0","2","0","2","","04","","N","","","","","","","","","",""
"2021027890","","0","0","0","0","0","0","0","0","0","5","0","","67","3","2021","1","39.890349","-75.244979","","6","0","0","0","0","0","1","0","0","","0","0","0","","","1","","2","","39 53:25.257","","0","75 14:41.926","3","0","0","0","67301","0","0","0","N","0","0","0","2","67301","0","","1.0","","1","N","N","N","0","","1","0","2","","2","","","2","1","1","0","0","0","0","2","0","2","","03","","N","","","","","","","","","",""
"2021033003","","0","0","0","0","0","0","0","0","0","7","0","35","67","4","2021","7","39.955575","-75.148203","","6","0","0","0","0","0","0","0","0","","0","0","0","","","1","N","0","","39 57:20.070","","2","75 08:53.532","8","0","0","0","67301","0","0","0","N","0","0","0","1","67501","0","","4.0","","1","N","N","N","0","","0","0","1","","0","","","1","1","1","0","0","1","0","2","0","1","","","U","Y","5","1","","","N","Y","","","","N"
"2021032805","","0","0","0","0","0","0","0","0","0","7","0","","67","4","2021","1","39.955612","-75.189821","","6","0","0","0","0","0","0","0","0","","0","0","0","","","0","N","0","","39 57:20.203","","0","75 11:23.355","0","0","0","0","67301","0","0","0","N","0","0","0","1","67507","0","","4.0","","9","N","N","N","0","","0","0","1","","0","","","1","0","0","0","0","0","0","2","0","1","","07","","N","","","","","","","","","",""