"CRN","ARRIVAL_TM","AUTOMOBILE_COUNT","BELTED_DEATH_COUNT","BELTED_SUSP_SERIOUS_INJ_COUNT","BICYCLE_COUNT","BICYCLE_DEATH_COUNT","BICYCLE_SUSP_SERIOUS_INJ_COUNT","BUS_COUNT","CHLDPAS_DEATH_COUNT","CHLDPAS_SUSP_SERIOUS_INJ_COUNT","COLLISION_TYPE","COMM_VEH_COUNT","CONS_ZONE_SPD_LIM","COUNTY","CRASH_MONTH","CRASH_YEAR","DAY_OF_WEEK","DEC_LATITUDE","DEC_LONGITUDE","DISPATCH_TM","DISTRICT","DRIVER_COUNT_16YR","DRIVER_COUNT_17YR","DRIVER_COUNT_18YR","DRIVER_COUNT_19YR","DRIVER_COUNT_20YR","DRIVER_COUNT_50_64YR","DRIVER_COUNT_65_74YR","DRIVER_COUNT_75PLUS","EST_HRS_CLOSED","FATAL_COUNT","HEAVY_TRUCK_COUNT","HORSE_BUGGY_COUNT","HOUR_OF_DAY","ILLUMINATION","INJURY_COUNT","INTERSECTION_RELATED","INTERSECT_TYPE","LANE_CLOSED","LATITUDE","LN_CLOSE_DIR","LOCATION_TYPE","LONGITUDE","MAX_SEVERITY_LEVEL","MCYCLE_DEATH_COUNT","MCYCLE_SUSP_SERIOUS_INJ_COUNT","MOTORCYCLE_COUNT","MUNICIPALITY","NONMOTR_COUNT","NONMOTR_DEATH_COUNT","NONMOTR_SUSP_SERIOUS_INJ_COUNT","NTFY_HIWY_MAINT","PED_COUNT","PED_DEATH_COUNT","PED_SUSP_SERIOUS_INJ_COUNT","PERSON_COUNT","POLICE_AGCY","POSSIBLE_INJ_COUNT","RDWY_SURF_TYPE_CD","RELATION_TO_ROAD","ROADWAY_CLEARED","ROAD_CONDITION","SCH_BUS_IND","SCH_ZONE_IND","SECONDARY_CRASH","SMALL_TRUCK_COUNT","SPEC_JURIS_CD","SUSP_MINOR_INJ_COUNT","SUSP_SERIOUS_INJ_COUNT","SUV_COUNT","TCD_FUNC_CD","TCD_TYPE","TFC_DETOUR_IND","TIME_OF_DAY","TOTAL_UNITS","TOT_INJ_COUNT","UNBELTED_OCC_COUNT","UNB_DEATH_COUNT","UNB_SUSP_SERIOUS_INJ_COUNT","UNK_INJ_DEG_COUNT","UNK_INJ_PER_COUNT","URBAN_RURAL","VAN_COUNT","VEHICLE_COUNT","WEATHER1","WEATHER2","WORKERS_PRES","WORK_ZONE_IND","WORK_ZONE_LOC","WORK_ZONE_TYPE","WZ_CLOSE_DETOUR","WZ_FLAGGER","WZ_LAW_OFFCR_IND","WZ_LN_CLOSURE","WZ_MOVING","WZ_OTHER","WZ_SHLDER_MDN","WZ_WORKERS_INJ_KILLED"
"2021028042","","2","0","0","0","0","0","0","0","0","6","0","","67","3","2021","3","40.023583","-75.164366","","6","0","0","0","0","0","0","0","0","","0","0","0","","","0","N","0","","40 01:24.900","","0","75 09:51.718","0","0","0","0","67301","0","0","0","N","0","0","0","2","67301","0","","6.0","","1","N","N","N","1","","0","0","0","","0","","","4","0","0","0","0","0","0","2","0","3","","03","","N","","","","","","","","","",""
"2021059176","","0","0","0","0","0","0","0","0","0","5","0","","67","6","2021","4","40.009591","-75.205598","","6","0","0","0","0","0","1","1","0","","0","0","0","","","1","N","0","","40 00:34.529","","0","75 12:20.151","8","0","0","0","67301","0","0","0","N","0","0","0","3","68K01","0","","1.0","","1","N","N","N","1","","0","0","2","","0","","","3","1","0","0","0","1","0","2","0","3","","","","N","","","","","","","","","",""
"2021032540","","2","0","0","0","0","0","0","0","0","4","0","","67","4","2021","7","39.980213","-75.157468","","6","0","0","0","0","0","0","0","0","","0","0","0","","","1","","1","","39 58:48.767","","0","75 09:26.884","3","0","0","0","67301","0","0","0","N","0","0","0","2","67505","0","","1.0","","1","N","N","N","0","","1","0","0","","2","","","2","1","0","0","0","0","0","2","0","2","","03","","N","","","","","","","","","",""
"2021056627","","2","0","0","0","0","0","0","0","0","5","1","","67","6","2021","4","39.886459","-75.205942","","6","0","0","0","0","0","0","0","0","","0","1","0","","","0","N","0","","39 53:11.254","","3","75 12:21.390","9","0","0","0","67301","0","0","0","N","0","0","0","3","68K01","0","","2.0","","1","N","N","Y","0","","0","0","0","","0","","","3","0","0","0","0","0","1","2","0","3","","03","","N","","","","","","","","","",""
"2021032533","","1","0","0","0","0","0","0","0","0","5","0","","67","4","2021","4","40.086599","-74.971987","","6","0","0","0","1","0","0","0","0","","0","0","0","","","2","N","0","","40 05:11.756","1","0","74 58:19.152","8","0","0","0","67301","0","0","0","N","0","0","0","4","67301","0","","1.0","2130.0","1","N","N","N","1","","0","0","0","","2","N","","2","2","0","0","0","2","1","2","0","2","","","","N","","","","","","","","","",""
"2021032062","","1","0","0","0","0","0","0","0","0","7","0","","67","3","2021","1","39.982954","-75.207911","","6","0","0","0","0","0","0","0","0","","0","0","0","","","0","N","0","","39 58:58.635","","0","75 12:28.480","0","0","0","0","67301","0","0","0","N","0","0","0","2","68K01","0","","4.0","","9","N","N","N","0","","0","0","0","","0","","","2","0","0","0","0","0","0","2","0","1","","","","N","","","","","","","","","",""
"2021057251","","0","0","0","0","0","0","0","0","0","4","1","","67","6","2021","2","40.126407","-75.020149","","6","0","0","0","0","0","0","1","1","","0","1","0","","","1","","2","","40 07:35.065","3","0","75 01:12.536","3","0","0","0","67301","0","0","0","N","0","0","0","3","67301","0","","1.0","1028.0","1","N","N","N","0","","1","0","1","","3","N","","3","1","0","0","0","0","0","2","1","3","","04","","N","","","","","","","","","",""
"2021058111","","2","0","0","0","0","0","0","0","0","4","0","","67","6","2021","1","39.940204","-75.200688","","6","0","0","0","0","0","1","0","0","","0","0","0","","","1","","2","","39 56:24.735","","0","75 12:02.476","8","0","0","0","67301","0","0","0","N","0","0","0","1","67301","0","","1.0","","1","N","N","N","0","","0","0","0","","2","","","2","1","0","0","0","1","0","2","0","2","","","","N","","","","","","","","","",""
"2021026740","","3","0","0","0","0","0","0","0","0","5","0","","67","3","2021","1","39.915132","-75.158469","","6","0","0","0","0","0","0","0","0","","0","0","0","","","1","N","0","","39 54:54.474","","0","75 09:30.487","4","0","0","0","67301","0","0","0","N","0","0","0","1","67301","1","","6.0","","1","N","N","Y","0","","0","0","0","","0","","","4","1","0","0","0","0","0","2","1","4","","03","","N","","","","","","","","","",""
"2021032418","","0","0","0","0","0","0","0","0","0","5","0","","67","4","2021","5","39.915306","-75.159834","","6","0","0","0","0","1","2","0","0","","0","0","0","","","1","N","1","","39 54:55.101","","0","75 09:35.404","8","0","0","0","67301","0","0","0","N","0","0","0","3","67301","0","","1.0","","1","N","N","Y","0","","0","0","3","","2","","","3","1","0","0","0","1","0","2","0","3","","03","","N","","","","","","","","","",""
"2021060706","","2","0","0","0","0","0","0","0","0","5","0","","67","6","2021","1","40.026805","-75.025802","","6","0","0","0","0","0","0","0","0","","0","0","0","","","1","N","0","","40 01:36.499","1","0","75 01:32.886","8","0","0","0","67301","0","0","0","N","0","0","0","2","68K01","0","","1.0","1940.0","1","N","N","N","0","","0","0","0","","0","N","","2","1","0","0","0","1","1","2","0","2","","03","","N","","","","","","","","","",""
"2021053597","","1","0","0","0","0","0","0","0","0","4","0","","67","6","2021","5","40.069247","-75.181421","","6","0","0","0","0","0","0","0","0","","0","0","0","","","0","N","0","","40 04:09.289","","7","75 10:53.117","0","0","0","0","67301","0","0","0","N","0","0","0","5","67301","0","","1.0","","1","N","N","N","0","","0","0","1","","0","","","2","0","0","0","0","0","0","2","0","2","","","","N","","","","","","","","","",""
"2021058741","","1","0","0","0","0","0","0","0","0","4","0","","67","6","2021","4","40.001808","-75.154545","","6","0","0","0","0","1","0","0","0","","0","0","0","","","4","","1","","40 00:06.508","7","0","75 09:16.363","3","0","0","0","67301","0","0","0","N","0","0","0","4","67301","1","","1.0","240.0","1","N","N","N","0","","3","0","1","","2","Y","","3","4","0","0","0","0","0","2","1","3","","","","N","","","","","","","","","",""
"2021031955","","1","0","0","0","0","0","0","0","0","3","0","","67","3","2021","7","40.024139","-75.081417","","6","0","0","0","0","0","0","0","0","","0","0","0","","","0","N","0","","40 01:26.900","","0","75 04:53.100","0","0","0","0","67301","0","0","0","N","0","0","0","1","67301","0","","6.0","","1","N","N","N","1","","0","0","0","","0","","","2","0","0","0","0","0","0","2","0","2","","","","N","","","","","","","","","",""
"2021026951","","1","0","0","0","0","0","0","0","0","2","0","","67","3","2021","7","40.002397","-75.123353","","6","0","0","0","0","0","0","0","0","","0","0","0","","","0","N","0","","40 00:08.630","","0","75 07:24.070","0","0","0","0","67301","0","0","0","N","0","0","0","2","67301","0","","1.0","","1","N","N","N","0","","0","0","0","","0","","","2","0","0","0","0","0","0","2","0","2","","03","","N","","","","","","","","","",""
"2021053866","","2","0","0","0","0","0","0","0","0","1","0","","67","6","2021","6","39.933995","-75.200027","","6","0","0","0","0","1","1","0","0","","0","0","0","","","3","N","0","","39 56:02.382","3","0","75 12:00.096","4","0","0","0","67301","0","0","0","N","0","0","0","3","68K01","3","","1.0","5.0","1","N","N","N","0","","0","0","1","","0","N","","3","3","0","0","0","0","0","2","0","3","","","","N","","","","","","","","","",""
"2021026741","","2","0","0","0","0","0","0","0","0","5","0","","67","3","2021","1","39.934167","-75.149472","","6","0","0","0","0","0","0","0","0","","0","0","0","","","1","N","0","","39 56:03.000","","0","75 08:58.100","3","0","0","0","67301","0","0","0","N","0","0","0","3","67301","0","","1.0","","1","N","N","N","0","","1","0","1","","0","","","3","1","0","0","0","0","0","2","0","3","","03","","N","","","","","","","","","",""
"2021028240","","1","0","0","0","0","0","0","0","0","4","0","","67","3","2021","6","40.029052","-75.115133","","6","0","0","0","0","0","0","0","0","","0","0","0","","","1","","1","","40 01:44.587","","0","75 06:54.478","3","0","0","0","67301","0","0","0","N","0","0","0","2","67301","0","","1.0","","9","N","N","N","0","","1","0","1","","3","","","2","1","0","0","0","0","0","2","0","2","","04","","N","","","","","","","","","",""
"2021059314","","2","0","0","0","0","0","0","0","0","1","0","","67","6","2021","6","39.995823","-75.169147","","6","0","0","0","0","0","0","0","0","","0","0","0","","","0","","1","","39 59:44.961","","0","75 10:08.930","9","0","0","0","67301","0","0","0","N","0","0","0","1","67301","0","","2.0","","1","N","N","N","0","","0","0","0","","2","","","2","0","0","0","0","0","1","2","0","2","","","","N","","","","","","","","","",""
"2021026598","","1","0","0","0","0","0","0","0","0","4","0","","67","3","2021","1","39.976086","-75.119525","","6","0","0","0","0","0","0","0","0","","0","0","0","","","1","","1","","39 58:33.909","","0","75 07:10.290","8","0","0","0","67301","0","0","0","N","0","0","0","3","67301","0","","1.0","","1","N","N","N","0","","0","0","1","","3","","","2","1","0","0","0","1","0","2","0","2","","03","","N","","","","","","","","","",""
"2021032238","","0","0","0","0","0","0","0","0","0","4","0","","67","4","2021","5","39.964049","-75.191594","","6","0","0","0","0","0","1","0","0","","0","0","0","","","0","","1","","39 57:50.576","","0","75 11:29.738","0","0","0","0","67301","0","0","0","N","0","0","0","2","67301","0","","1.0","","1","N","N","N","0","","0","0","2","","2","","","2","0","1","0","0","0","0","2","0","2","","03","","N","","","","","","","","","",""
"2021059480","","2","0","0","0","0","0","0","0","0","1","1","","67","6","2021","7","39.962611","-75.183079","","6","0","0","0","0","0","1","0","0","","0","1","0","","","0","N","0","","39 57:45.400","4","0","75 10:59.083","0","0","0","0","67301","0","0","0","N","0","0","0","3","68K01","0","","1.0","40.0","1","N","N","N","0","","0","0","0","","0","N","","3","0","0","0","0","0","0","2","0","3","","","","N","","","","","","","","","",""
"2021058649","","1","0","0","0","0","0","0","0","0","1","0","","67","6","2021","1","40.061496","-75.020965","","6","0","0","0","0","0","0","0","0","","0","0","0","","","0","N","0","","40 03:41.387","","0","75 01:15.473","0","0","0","0","67301","0","0","0","N","0","0","0","1","67301","0","","2.0","","1","N","N","N","0","","0","0","1","","0","","","2","0","0","0","0","0","0","2","0","2","","03","","N","","","","","","","","","",""
"2021038482","","1","0","0","0","0","0","0","0","0","8","0","","67","4","2021","5","40.008392","-75.150564","","6","0","0","0","0","0","0","0","0","","0","0","0","","","1","N","0","","40 00:30.210","","0","75 09:02.030","3","0","0","0","67301","1","0","0","N","1","0","0","2","67301","0","","4.0","","1","N","N","N","0","","1","0","0","","0","","","2","1","1","0","0","0","0","2","0","1","","03","","N","","","","","","","","","",""
"2021032416","","0","0","0","0","0","0","0","0","0","8","0","","67","4","2021","5","39.920655","-75.170557","","6","0","0","0","0","0","0","0","0","","0","0","0","","","1","","1","","39 55:14.358","","0","75 10:14.006","3","0","0","0","67301","1","0","0","N","1","0","0","2","67301","0","","1.0","","1","N","N","N","0","","1","0","1","","2","","","2","1","0","0","0","0","0","2","0","1","","03","","N","","","","","","","","","",""
"2021058744","","1","0","0","0","0","0","0","0","0","6","0","","67","6","2021","5","40.016619","-75.171179","","6","0","0","0","0","0","0","0","0","","0","1","0","","","1","N","0","","40 00:59.829","","0","75 10:16.245","8","0","0","0","67301","0","0","0","N","0","0","0","2","67301","0","","1.0","","1","N","N","N","0","","0","0","0","","0","","","2","1","0","0","0","1","1","2","0","2","","","","N","","","","","","","","","",""
"2021032090","","2","0","0","0","0","0","0","0","0","1","0","","67","4","2021","4","40.025659","-75.028514","","6","0","0","0","0","0","0","1","0","","0","0","0","","","2","N","0","","40 01:32.374","","0","75 01:42.650","3","0","0","0","67301","0","0","0","N","0","0","0","3","68K01","0","","1.0","","1","N","N","N","0","","2","0","1","","0","","","3","2","0","0","0","0","0","2","0","3","","","","N","","","","","","","","","",""
"2021031598","","0","0","0","0","0","0","0","0","0","7","0","","67","4","2021","4","39.958121","-75.209408","","6","0","0","0","0","0","0","0","0","","0","0","0","","","2","N","2","","39 57:29.235","","0","75 12:33.869","8","0","0","0","67301","0","0","0","N","0","0","0","2","67301","0","","4.0","","1","N","N","N","0","","0","0","1","","2","","","2","2","0","0","0","2","0","2","0","1","","","","N","","","","","","","","","",""
"2021032826","","1","0","0","0","0","0","0","0","0","1","0","","67","4","2021","7","39.922222","-75.193694","","6","0","0","0","0","0","1","0","0","","0","0","0","","","0","N","0","","39 55:20.000","","0","75 11:37.300","0","0","0","0","67301","0","0","0","N","0","0","0","1","67301","0","","1.0","","9","N","N","N","0","","0","0","1","","0","","","2","0","0","0","0","0","0","2","0","2","","07","","N","","","","","","","","","",""
"2021027899","","2","0","0","0","0","0","0","0","0","4","0","","67","3","2021","4","39.955499","-75.24211","","6","0","0","0","1","0","0","0","0","","0","0","0","","","0","","1","","39 57:19.796","","99","75 14:31.596","0","0","0","0","67301","0","0","0","N","0","0","0","2","67301","0","","1.0","","9","N","N","N","0","","0","0","0","","3","","","2","0","1","0","0","0","0","2","0","2","","07","","N","","","","","","","","","",""
"2021023784","","0","0","0","0","0","0","1","0","0","8","1","","67","2","2021","6","39.968841","-75.136192","","6","0","0","0","0","0","0","0","0","","0","0","0","","","1","","1","","39 58:07.829","","0","75 08:10.292","8","0","0","0","67301","1","0","0","N","1","0","0","2","67508","0","","1.0","","1","N","N","N","0","","0","0","0","","2","","","2","1","0","0","0","1","0","2","0","1","","03","","N","","","","","","","","","",""
"2021032764","","2","0","0","0","0","0","0","0","0","5","0","","67","4","2021","7","39.909429","-75.155198","","6","0","0","0","0","0","1","0","0","","0","0","0","","","1","N","0","","39 54:33.946","3","3","75 09:18.711","8","0","0","0","67301","0","0","0","N","0","0","0","3","67501","0","","1.0","2330.0","1","N","N","N","0","","0","0","0","","0","Y","","2","1","0","0","0","1","0","2","0","2","","03","","N","","","","","","","","","",""
"2021044225","","0","0","0","0","0","0","0","0","0","8","0","","67","5","2021","7","40.001175","-75.067536","","6","0","0","0","0","0","1","0","0","","0","0","0","","","1","N","0","","40 00:04.230","","0","75 04:03.130","8","0","0","0","67301","1","0","0","N","1","0","0","2","67301","0","","1.0","","1","N","N","N","1","","0","0","0","","0","","","2","1","0","0","0","1","0","2","0","1","","","","N","","","","","","","","","",""
"2021058813","","1","0","0","0","0","0","0","0","0","3","0","","67","6","2021","3","40.05949","-75.084604","","6","0","0","0","0","0","1","0","0","","0","0","0","","","1","N","0","","40 03:34.165","2","0","75 05:04.575","8","0","0","0","67301","0","0","0","N","0","0","0","2","67301","0","","1.0","1725.0","9","N","N","N","0","","0","0","1","","0","N","","2","1","0","0","0","1","0","2","0","2","","","","N","","","","","","","","","",""
"2021057707","","2","0","0","0","0","0","0","0","0","4","0","","67","6","2021","7","39.967176","-75.205637","","6","0","0","0","0","0","0","0","0","","0","0","0","","","1","","1","","39 58:01.833","","0","75 12:20.294","3","0","0","0","67301","0","0","0","N","0","0","0","2","67301","0","","1.0","","1","N","Y","N","0","","1","0","2","","2","","","4","1","0","0","0","0","0","2","0","4","","","","N","","","","","","","","","",""
"2021053559","","0","0","0","0","0","0","0","0","0","7","0","","67","6","2021","2","39.921282","-75.192353","","6","0","0","0","0","0","1","0","0","","0","0","0","","","1","N","0","","39 55:16.615","","0","75 11:32.472","4","0","0","0","67301","0","0","0","N","0","0","0","1","67301","1","","4.0","","1","N","N","N","0","","0","0","1","","0","","","1","1","0","0","0","0","0","2","0","1","","03","","N","","","","","","","","","",""
"2021051963","","0","0","0","0","0","0","0","0","0","7","0","","67","5","2021","7","39.899193","-75.175001","","6","0","0","0","1","0","0","0","0","","0","0","0","","","0","N","0","","39 53:57.096","2","0","75 10:30.004","0","0","0","0","67301","0","0","0","N","0","0","0","1","68K01","0","","4.0","115.0","1","N","N","N","0","","0","0","1","","0","N","","1","0","0","0","0","0","0","2","0","1","","03","","N","","","","","","","","","",""
"2021033619","","2","0","0","0","0","0","0","0","0","4","0","","67","4","2021","5","40.020139","-75.113103","","6","0","0","0","0","0","0","0","0","","0","0","0","","","2","","2","","40 01:12.501","6","0","75 06:47.172","3","0","0","0","67301","0","0","0","N","0","0","0","2","67301","0","","1.0","100.0","1","N","N","Y","0","","2","0","0","","3","Y","","2","2","0","0","0","0","0","2","0","2","","03","","N","","","","","","","","","",""
"2021057093","","2","0","0","0","0","0","0","0","0","2","0","","67","6","2021","1","39.919769","-75.18826","","6","0","0","0","0","0","1","0","0","","0","0","0","","","0","","1","","39 55:11.168","","0","75 11:17.735","0","0","0","0","67301","0","0","0","N","0","0","0","3","67301","0","","1.0","","1","N","N","N","0","","0","0","1","","2","","","3","0","0","0","0","0","0","2","0","3","","03","","N","","","","","","","","","",""
"2021035513","","0","0","0","0","0","0","0","0","0","8","0","","67","4","2021","1","39.954405","-75.163068","","6","0","0","0","0","0","0","0","0","","0","0","0","","","2","","1","","39 57:15.859","","0","75 09:47.045","3","0","0","0","67301","2","0","0","N","2","0","0","3","67301","0","","1.0","","1","N","N","N","0","","2","0","0","","2","","","3","2","0","0","0","0","0","2","0","1","","03","","N","","","","","","","","","",""
"2021029403","","1","0","0","0","0","0","0","0","0","4","0","","67","3","2021","2","39.986434","-75.237193","","6","0","1","0","0","0","0","0","0","","0","0","0","","","1","","1","","39 59:11.162","","0","75 14:13.894","3","0","0","0","67301","0","0","0","N","0","0","0","2","67301","0","","1.0","","1","N","N","N","0","","1","0","0","","2","","","2","1","0","0","0","0","0","2","0","2","","03","","N","","","","","","","","","",""
"2021033133","","0","0","0","0","0","0","0","0","0","4","0","","67","4","2021","1","40.039396","-75.082818","","6","0","0","0","0","0","0","0","0","","0","0","0","","","4","","1","","40 02:21.825","","0","75 04:58.144","4","0","0","0","67301","0","0","0","N","0","0","0","5","67301","4","","1.0","","9","N","N","N","0","","0","0","1","","3","","","2","4","1","0","0","0","0","2","1","2","","07","","N","","","","","","","","","",""
"2021057171","","2","0","0","0","0","0","0","0","0","5","0","","67","6","2021","7","40.042736","-75.158314","","6","0","0","0","0","1","0","0","0","","0","0","0","","","0","N","0","","40 02:33.850","","0","75 09:29.930","0","0","0","0","67301","0","0","0","N","0","0","0","1","67301","0","","1.0","","1","N","N","N","0","","0","0","0","","0","","","2","0","0","0","0","0","0","2","0","2","","03","","N","","","","","","","","","",""
"2021035511","","1","0","0","0","0","0","0","0","0","1","0","","67","4","2021","6","39.956355","-75.138768","","6","0","0","0","0","0","1","0","0","","0","0","0","","","0","Y","0","","39 57:22.877","","0","75 08:19.564","0","0","0","0","67301","0","0","0","N","0","0","0","2","67301","0","","1.0","","9","N","N","N","0","","0","0","1","","2","","","2","0","0","0","0","0","0","2","0","2","","07","","N","","","","","","","","","",""
"2021060952","","1","0","0","0","0","0","0","0","0","1","0","","67","6","2021","4","39.966885","-75.133907","","6","0","0","0","0","1","0","0","0","","0","0","0","","","0","N","0","","39 58:00.787","","0","75 08:02.065","0","0","0","0","67301","0","0","0","N","0","0","0","2","68K01","0","","1.0","","1","N","N","N","0","","0","0","1","","0","","","2","0","0","0","0","0","0","2","0","2","","03","","N","","","","","","","","","",""
"2021035792","","0","0","0","0","0","0","0","0","0","7","0","","67","3","2021","5","39.972651","-75.121138","","6","0","0","0","0","1","0","0","0","","0","0","0","","","0","N","0","","39 58:21.543","1","3","75 07:16.098","0","0","0","0","67301","0","0","0","N","0","0","0","2","68K01","0","","3.0","1615.0","1","N","N","N","0","","0","0","1","","0","N","","1","0","0","0","0","0","0","2","0","1","","","","N","","","","","","","","","",""
"2021028939","","0","0","0","0","0","0","0","0","0","1","0","","67","3","2021","3","39.959622","-75.175803","","6","0","0","0","0","1","0","0","0","","0","0","0","","","1","N","0","","39 57:34.639","4","0","75 10:32.891","3","0","0","0","67301","0","0","0","N","0","0","0","3","68K01","0","","1.0","935.0","1","N","N","N","1","","1","0","2","","0","N","","3","1","1","0","0","0","0","2","0","3","","","","N","","","","","","","","","",""
"2021039734","","1","0","0","0","0","0","0","0","0","1","0","","67","5","2021","2","40.134325","-75.009065","","6","0","0","0","0","0","1","0","0","","0","0","0","","","1","N","1","","40 08:03.571","","0","75 00:32.634","8","0","0","0","67301","0","0","0","N","0","0","0","2","67301","0","","7.0","","1","N","N","N","0","","0","0","1","","2","","","2","1","0","0","0","1","0","2","0","2","","03","","N","","","","","","","","","",""
"2021051055","","0","0","0","0","0","0","0","0","0","8","1","","67","6","2021","6","39.948722","-75.189389","","6","0","0","0","0","0","0","0","0","","0","1","0","","","1","Y","0","","39 56:55.400","","3","75 11:21.800","8","0","0","0","67301","1","0","0","N","1","0","0","2","67504","0","","1.0","","1","","","N","0","","0","0","0","","2","","","2","1","0","0","0","1","0","2","0","1","","03","","N","","","","","","","","","",""
"2021032683","","1","0","0","0","0","0","0","0","0","4","0","","67","4","2021","5","40.03744","-75.132301","","6","0","0","0","0","0","1","0","0","","0","0","0","","","2","","1","","40 02:14.784","","0","75 07:56.283","4","0","0","0","67301","0","0","0","N","0","0","0","2","67301","2","","1.0","","99","N","N","N","0","","0","0","1","","3","","","2","2","0","0","0","0","0","2","0","2","","","","N","","","","","","","","","",""
"2021028392","","1","0","0","0","0","0","0","0","0","4","0","","67","3","2021","6","39.988524","-75.106326","","6","0","0","0","0","0","1","0","0","","0","0","0","","","2","","1","","39 59:18.686","","0","75 06:22.773","8","0","0","0","67301","0","0","0","N","0","0","0","4","67301","0","","1.0","","9","N","N","N","1","","0","0","0","","2","","","2","2","0","0","0","2","0","2","0","2","","07","","N","","","","","","","","","",""
"2021032830","","1","0","0","0","0","0","0","0","0","4","0","","67","4","2021","7","39.977211","-75.226752","","6","0","0","0","0","0","1","1","0","","0","0","0","","","2","","1","","39 58:37.959","","0","75 13:36.308","3","0","0","0","67301","0","0","0","N","0","0","0","3","67301","0","","1.0","","1","N","N","N","0","","2","0","1","","2","","","2","2","0","0","0","0","1","2","0","2","","04","","N","","","","","","","","","",""
"2021059170","","3","0","0","0","0","0","0","0","0","1","0","","67","5","2021","1","39.899034","-75.168522","","6","0","0","0","0","0","2","0","0","","0","0","0","","","0","N","0","","39 53:56.522","2","0","75 10:06.680","0","0","0","0","67301","0","0","0","N","0","0","0","3","68K01","0","","1.0","450.0","1","N","N","N","0","","0","0","0","","0","N","","3","0","0","0","0","0","0","2","0","3","","","","N","","","","","","","","","",""
"2021027728","","1","0","0","0","0","0","0","0","0","4","0","","67","3","2021","4","39.941661","-75.22278","","6","0","0","0","0","0","0","0","0","","0","0","0","","","2","","1","","39 56:29.979","","0","75 13:22.008","3","0","0","0","67301","0","0","0","N","0","0","0","3","67301","0","","1.0","","9","N","N","N","0","","2","0","1","","2","","","2","2","0","0","0","0","0","2","0","2","","07","","N","","","","","","","","","",""
"2021057421","","2","0","0","0","0","0","0","0","0","1","0","","67","6","2021","7","39.936994","-75.19904","","6","0","1","0","0","0","0","0","0","","0","0","0","","","0","N","7","","39 56:13.178","","0","75 11:56.545","0","0","0","0","67301","0","0","0","N","0","0","0","2","68K01","0","","1.0","","1","N","N","N","0","","0","0","0","","0","","","2","0","0","0","0","0","0","2","0","2","","","","N","","","","","","","","","",""
"2021030124","","2","0","0","0","0","0","0","0","2","4","0","","67","3","2021","2","39.926643","-75.235595","","6","0","0","1","0","0","1","0","0","","0","0","0","","","6","","1","","39 55:35.914","","0","75 14:08.141","2","0","0","0","67301","0","0","0","N","0","0","0","9","67301","0","","1.0","","1","N","N","Y","0","","3","3","1","","2","","","3","6","1","0","1","0","1","2","0","3","","","","N","","","","","","","","","",""
"2021028487","","3","0","0","0","0","0","0","0","0","1","0","","67","3","2021","7","39.993157","-75.085158","","6","0","0","0","0","0","0","2","0","","0","0","0","","","0","N","0","","39 59:35.365","","0","75 05:06.569","0","0","0","0","67301","0","0","0","N","0","0","0","3","68K01","0","","1.0","","1","N","N","N","0","","0","0","0","","0","","","3","0","0","0","0","0","0","2","0","3","","03","","N","","","","","","","","","",""
"2021027241","","0","0","0","0","0","0","0","0","0","4","0","","67","3","2021","2","39.966979","-75.160347","","6","0","0","0","0","0","0","0","0","","0","0","0","","","0","","1","","39 58:01.123","","0","75 09:37.248","9","0","0","0","67301","0","0","0","N","0","0","0","2","67301","0","","1.0","","1","N","N","N","0","","0","0","2","","2","","","2","0","0","0","0","0","1","2","0","2","","","","N","","","","","","","","","",""
"2021028395","","3","0","0","0","0","0","0","0","0","6","0","","67","3","2021","7","40.027944","-75.137667","","6","0","0","0","0","0","0","0","0","","0","0","0","","","0","N","0","","40 01:40.600","","0","75 08:15.600","0","0","0","0","67301","0","0","0","N","0","0","0","1","67301","0","","6.0","","1","N","N","N","0","","0","0","0","","0","","","3","0","0","0","0","0","0","2","0","3","","03","","N","","","","","","","","","",""
"2021026679","","0","0","0","0","0","0","0","0","0","4","0","","67","3","2021","1","40.027709","-75.098754","","6","0","0","0","0","0","0","0","0","","0","0","0","","","1","","1","","40 01:39.754","2","0","75 05:55.514","8","0","0","0","67301","0","0","0","N","0","0","0","2","67301","0","","1.0","2140.0","1","N","N","N","0","","0","0","1","","2","Y","","2","1","0","0","0","1","0","2","0","2","","03","","N","","","","","","","","","",""
"2021053641","","3","0","0","0","0","0","0","0","0","5","0","","67","5","2021","6","40.015181","-75.136502","","6","0","0","0","0","0","0","0","0","","0","0","0","","","2","N","1","","40 00:54.653","4","0","75 08:11.406","4","0","0","0","67301","0","0","0","N","0","0","0","6","67301","2","","1.0","2115.0","1","N","N","Y","0","","0","0","0","","0","N","","3","2","1","0","0","0","1","2","0","3","","04","","N","","","","","","","","","",""
"2021028651","","0","0","0","0","0","0","0","0","0","8","0","","67","3","2021","6","40.0455","-75.164866","","6","0","0","0","0","0","0","0","0","","0","0","0","","","1","","1","","40 02:43.799","","0","75 09:53.518","3","0","0","0","67301","1","0","0","N","1","0","0","2","67301","0","","1.0","","1","N","N","N","1","","1","0","0","","2","","","2","1","0","0","0","0","1","2","0","1","","","","N","","","","","","","","","",""