"CRN","ARRIVAL_TM","AUTOMOBILE_COUNT","BELTED_DEATH_COUNT","BELTED_SUSP_SERIOUS_INJ_COUNT","BICYCLE_COUNT","BICYCLE_DEATH_COUNT","BICYCLE_SUSP_SERIOUS_INJ_COUNT","BUS_COUNT","CHLDPAS_DEATH_COUNT","CHLDPAS_SUSP_SERIOUS_INJ_COUNT","COLLISION_TYPE","COMM_VEH_COUNT","CONS_ZONE_SPD_LIM","COUNTY","CRASH_MONTH","CRASH_YEAR","DAY_OF_WEEK","DEC_LATITUDE","DEC_LONGITUDE","DISPATCH_TM","DISTRICT","DRIVER_COUNT_16YR","DRIVER_COUNT_17YR","DRIVER_COUNT_18YR","DRIVER_COUNT_19YR","DRIVER_COUNT_20YR","DRIVER_COUNT_50_64YR","DRIVER_COUNT_65_74YR","DRIVER_COUNT_75PLUS","EST_HRS_CLOSED","FATAL_COUNT","HEAVY_TRUCK_COUNT","HORSE_BUGGY_COUNT","HOUR_OF_DAY","ILLUMINATION","INJURY_COUNT","INTERSECTION_RELATED","INTERSECT_TYPE","LANE_CLOSED","LATITUDE","LN_CLOSE_DIR","LOCATION_TYPE","LONGITUDE","MAX_SEVERITY_LEVEL","MCYCLE_DEATH_COUNT","MCYCLE_SUSP_SERIOUS_INJ_COUNT","MOTORCYCLE_COUNT","MUNICIPALITY","NONMOTR_COUNT","NONMOTR_DEATH_COUNT","NONMOTR_SUSP_SERIOUS_INJ_COUNT","NTFY_HIWY_MAINT","PED_COUNT","PED_DEATH_COUNT","PED_SUSP_SERIOUS_INJ_COUNT","PERSON_COUNT","POLICE_AGCY","POSSIBLE_INJ_COUNT","RDWY_SURF_TYPE_CD","RELATION_TO_ROAD","ROADWAY_CLEARED","ROAD_CONDITION","SCH_BUS_IND","SCH_ZONE_IND","SECONDARY_CRASH","SMALL_TRUCK_COUNT","SPEC_JURIS_CD","SUSP_MINOR_INJ_COUNT","SUSP_SERIOUS_INJ_COUNT","SUV_COUNT","TCD_FUNC_CD","TCD_TYPE","TFC_DETOUR_IND","TIME_OF_DAY","TOTAL_UNITS","TOT_INJ_COUNT","UNBELTED_OCC_COUNT","UNB_DEATH_COUNT","UNB_SUSP_SERIOUS_INJ_COUNT","UNK_INJ_DEG_COUNT","UNK_INJ_PER_COUNT","URBAN_RURAL","VAN_COUNT","VEHICLE_COUNT","WEATHER1","WEATHER2","WORKERS_PRES","WORK_ZONE_IND","WORK_ZONE_LOC","WORK_ZONE_TYPE","WZ_CLOSE_DETOUR","WZ_FLAGGER","WZ_LAW_OFFCR_IND","WZ_LN_CLOSURE","WZ_MOVING","WZ_OTHER","WZ_SHLDER_MDN","WZ_WORKERS_INJ_KILLED"
"2021029977","","0","0","0","0","0","0","0","0","0","1","0","","67","3","2021","6","39.938173","-75.143671","","6","0","0","0","0","0","0","0","0","","0","0","0","","","0","N","0","","39 56:17.422","1","0","75 08:37.216","0","0","0","0","67301","0","0","0","N","0","0","0","2","68K01","0","","1.0","1630.0","1","N","N","N","0","","0","0","1","","0","N","","2","0","0","0","0","0","0","2","1","2","","03","","N","","","","","","","","","",""
"2021030132","","3","0","0","0","0","0","0","0","0","4","0","","67","3","2021","2","40.028635","-75.143118","","6","0","0","1","0","1","0","0","0","","0","0","0","","","0","","1","","40 01:43.086","","0","75 08:35.224","0","0","0","0","67301","0","0","0","N","0","0","0","3","67301","0","","1.0","","1","N","N","N","0","","0","0","1","","3","","","4","0","0","0","0","0","0","2","0","4","","03","","N","","","","","","","","","",""
"2021052281","","1","0","0","0","0","0","0","0","0","4","0","","67","6","2021","1","39.993216","-75.093281","","6","0","0","0","0","0","0","0","0","","0","0","0","","","0","","1","","39 59:35.577","","0","75 05:35.812","0","0","0","0","67301","0","0","0","N","0","0","0","3","67301","0","","1.0","","1","N","N","N","0","","0","0","1","","3","","","2","0","0","0","0","0","0","2","0","2","","03","","N","","","","","","","","","",""
"2021033495","","1","0","0","0","0","0","0","0","0","7","0","","67","4","2021","4","40.034115","-75.075858","","6","0","0","0","0","0","0","0","0","","0","0","0","","","1","N","0","","40 02:02.813","2","0","75 04:33.090","8","0","0","0","67301","0","0","0","N","0","0","0","1","67301","0","","4.0","30.0","1","N","N","N","0","","0","0","0","","0","Y","","1","1","1","0","0","1","0","2","0","1","","03","","N","","","","","","","","","",""
"2021053610","","1","0","0","0","0","0","1","0","0","2","1","","67","6","2021","3","40.027457","-75.062384","","6","0","0","1","0","0","0","0","0","","0","0","0","","","2","","1","","40 01:38.846","","0","75 03:44.583","3","0","0","0","67301","0","0","0","N","0","0","0","3","67301","0","","1.0","","9","Y","N","N","0","","2","0","0","","2","","","2","2","0","0","0","0","0","2","0","2","","04","","N","","","","","","","","","",""
"2021032782","","1","0","0","0","0","0","0","0","0","7","0","","67","4","2021","7","40.005933","-75.216308","","6","0","0","0","0","0","0","0","0","","0","0","0","","","1","N","0","","40 00:21.358","1","0","75 12:58.709","8","0","0","0","67301","0","0","0","N","0","0","0","1","67301","0","","4.0","20.0","1","N","N","N","0","","0","0","0","","0","Y","","1","1","0","0","0","1","0","2","0","1","","03","","N","","","","","","","","","",""
"2021028749","","2","0","0","0","0","0","0","0","0","4","0","","67","3","2021","7","39.945203","-75.239468","","6","0","0","0","0","0","0","0","0","","0","0","0","","","0","N","0","","39 56:42.732","","7","75 14:22.085","0","0","0","0","67301","0","0","0","N","0","0","0","2","67301","0","","1.0","","1","N","N","N","0","","0","0","0","","0","","","2","0","1","0","0","0","0","2","0","2","","03","","N","","","","","","","","","",""
"2021053570","","2","0","0","0","0","0","0","0","0","5","0","","67","6","2021","2","40.034885","-75.184372","","6","0","0","0","0","0","0","0","0","","0","0","0","","","4","","2","","40 02:05.586","","0","75 11:03.738","3","0","0","0","67301","0","0","0","N","0","0","0","4","67301","0","","1.0","","1","N","N","N","0","","4","0","1","","2","","","3","4","0","0","0","0","0","2","0","3","","03","","N","","","","","","","","","",""
"2021051866","","1","0","0","0","0","0","0","0","0","4","0","","67","6","2021","5","40.032822","-75.114269","","6","0","0","0","0","0","0","0","0","","0","0","0","","","0","N","0","","40 01:58.160","","0","75 06:51.370","9","0","0","0","67301","0","0","0","N","0","0","0","2","67301","0","","1.0","","99","N","N","N","0","","0","0","1","","0","U","","2","0","0","0","0","0","2","2","0","2","","","","N","","","","","","","","","",""
"2021052397","","0","0","0","0","0","0","0","0","0","4","0","","67","5","2021","3","39.949468","-75.18422","","6","0","0","0","0","0","1","0","0","","0","0","0","","","4","N","0","","39 56:58.084","4","0","75 11:03.191","3","0","0","0","67301","0","0","0","N","0","0","0","4","68K01","0","","1.0","2311.0","1","N","N","N","0","","4","0","2","","0","N","","2","4","0","0","0","0","0","2","0","2","","","","N","","","","","","","","","",""
"2021027891","","0","0","0","0","0","0","0","0","0","4","0","","67","3","2021","4","40.051105","-75.159048","","6","0","0","0","0","0","0","0","0","","0","0","0","","","1","","1","","40 03:03.978","","0","75 09:32.572","4","0","0","0","67301","0","0","0","N","0","0","0","2","67301","1","","1.0","","1","N","N","N","0","","0","0","2","","2","","","2","1","0","0","0","0","0","2","0","2","","03","","N","","","","","","","","","",""
"2021052067","","0","0","0","0","0","0","0","0","0","7","0","","67","1","2021","6","40.026978","-75.159256","","6","0","0","0","0","0","0","0","1","","1","0","0","","","0","N","0","","40 01:37.120","","0","75 09:33.320","1","0","0","0","67301","0","0","0","N","0","0","0","1","67301","0","2","4.0","","1","N","N","N","0","0","0","0","1","","0","","","1","0","1","1","0","0","0","2","0","1","","98","","N","","","","","","","","","",""
"2021053622","","2","0","0","0","0","0","0","0","0","4","0","","67","6","2021","7","39.996488","-75.228784","","6","0","0","0","0","0","1","0","0","","0","0","0","","","1","","1","","39 59:47.358","","0","75 13:43.624","3","0","0","0","67301","0","0","0","N","0","0","0","2","67301","0","","1.0","","1","N","N","N","0","","1","0","0","","3","","","2","1","0","0","0","0","0","2","0","2","","03","","N","","","","","","","","","",""
"2021029402","","1","0","0","0","0","0","0","0","0","4","0","","67","3","2021","7","39.965591","-75.231913","","6","0","0","0","0","0","1","0","0","","0","0","0","","","1","","5","","39 57:56.127","4","0","75 13:54.886","8","0","0","0","67301","0","0","0","N","0","0","0","3","67301","0","","1.0","1530.0","1","N","Y","N","0","","0","0","1","","2","N","","2","1","0","0","0","1","1","2","0","2","","","","N","","","","","","","","","",""
"2021028855","","1","0","0","0","0","0","0","0","0","4","0","","67","3","2021","7","39.909556","-75.161708","","6","0","0","0","0","0","0","0","0","","0","0","0","","","1","N","0","","39 54:34.400","","0","75 09:42.150","3","0","0","0","67301","0","0","0","N","0","0","0","4","67301","0","","1.0","","1","N","N","N","0","","1","0","0","","0","","","2","1","2","0","0","0","0","2","1","2","","03","","N","","","","","","","","","",""
"2021026410","","2","0","0","0","0","0","0","0","0","1","0","","67","3","2021","7","39.99237","-75.194401","","6","0","0","0","0","0","1","0","0","","0","0","0","","","1","N","0","","39 59:32.531","","7","75 11:39.844","3","0","0","0","67301","0","0","0","N","0","0","0","2","67301","0","","1.0","","1","N","N","N","0","","1","0","0","","0","","","3","1","0","0","0","0","0","2","0","2","","03","","N","","","","","","","","","",""
"2021058602","","1","0","0","0","0","0","0","0","0","5","0","","67","6","2021","2","40.024822","-75.029565","","6","0","0","0","0","0","0","0","0","","0","0","0","","","0","N","0","","40 01:29.360","","0","75 01:46.435","0","0","0","0","67301","0","0","0","N","0","0","0","2","68K01","0","","1.0","","1","N","N","N","0","","0","0","1","","0","","","2","0","0","0","0","0","0","2","0","2","","03","","N","","","","","","","","","",""
"2021031959","","1","0","0","0","0","0","0","0","0","4","0","","67","3","2021","2","40.032725","-75.045956","","6","0","0","0","0","0","0","0","0","","0","0","0","","","0","N","0","","40 01:57.810","3","0","75 02:45.440","0","0","0","0","67301","0","0","0","N","0","0","0","1","67301","0","","6.0","600.0","1","N","N","N","0","","0","0","0","","0","N","","2","0","0","0","0","0","0","2","1","2","","","","N","","","","","","","","","",""
"2021052235","","1","0","0","0","0","0","0","0","0","1","0","","67","6","2021","7","39.889409","-75.219372","","6","0","0","0","0","0","1","0","1","","0","0","0","","","0","N","0","","39 53:21.874","","0","75 13:09.738","0","0","0","0","67301","0","0","0","N","0","0","0","2","68K01","0","","1.0","","1","N","N","Y","0","","0","0","1","","0","","","2","0","0","0","0","0","0","2","0","2","","","","N","","","","","","","","","",""
"2021028048","","1","0","0","0","0","0","0","0","0","4","0","","67","3","2021","2","40.015931","-75.153871","","6","0","0","0","0","0","0","0","0","","0","0","0","","","1","","1","","40 00:57.350","","0","75 09:13.935","4","0","0","0","67301","0","0","0","N","0","0","0","2","67301","1","","1.0","","99","N","N","N","0","","0","0","0","","2","","","2","1","0","0","0","0","0","2","0","2","","","","N","","","","","","","","","",""
"2021051831","","0","0","0","0","0","0","0","0","0","4","0","","67","5","2021","6","40.022033","-75.128307","","6","0","0","0","0","0","0","0","0","","0","0","0","","","1","","2","","40 01:19.318","","0","75 07:41.905","3","0","0","1","67301","0","0","0","N","0","0","0","2","67301","0","","1.0","","1","N","N","N","0","","1","0","0","","3","","","2","1","0","0","0","0","0","2","1","2","","03","","N","","","","","","","","","",""
"2021026412","","0","0","0","0","0","0","0","0","0","7","0","","67","3","2021","1","39.989728","-75.170244","","6","0","0","0","0","0","0","0","0","","0","0","0","","","1","","1","","39 59:23.021","","0","75 10:12.880","3","0","0","0","67301","0","0","0","N","0","0","0","1","67301","0","","5.0","","1","N","N","N","0","","1","0","1","","2","","","1","1","0","0","0","0","0","2","0","1","","","","N","","","","","","","","","",""
"2021027732","","0","0","0","0","0","0","0","0","0","4","0","","67","3","2021","3","40.009649","-75.1803","","6","0","0","0","0","0","0","0","0","","0","0","0","","","1","","2","","40 00:34.737","","0","75 10:49.079","3","0","0","0","67301","0","0","0","N","0","0","0","2","67301","0","","1.0","","1","N","N","N","1","","1","0","1","","2","","","2","1","0","0","0","0","0","2","0","2","","03","","N","","","","","","","","","",""
"2021053855","","1","0","0","0","0","0","0","0","0","7","0","","67","6","2021","5","39.98564","-75.208283","","6","0","0","0","0","0","0","0","0","","0","0","0","","","0","N","6","","39 59:08.303","","0","75 12:29.817","9","0","0","0","67301","0","0","0","Y","0","0","0","1","68K01","0","","7.0","","9","N","N","N","0","","0","0","0","","3","","","1","0","0","0","0","0","1","2","0","1","","","","N","","","","","","","","","",""
"2021027138","","2","0","0","0","0","0","0","0","0","1","0","","67","3","2021","1","39.962493","-75.210095","","6","0","0","0","0","0","0","0","0","","0","0","0","","","0","N","0","","39 57:44.973","","0","75 12:36.343","9","0","0","0","67301","0","0","0","N","0","0","0","1","67301","0","","6.0","","1","N","N","N","0","","0","0","1","","0","","","3","0","0","0","0","0","1","2","0","3","","","","N","","","","","","","","","",""
"2021056967","","0","0","0","0","0","0","0","0","0","7","0","","67","6","2021","7","39.957952","-75.162456","","6","0","0","0","0","0","1","0","0","","0","0","0","","","1","N","0","","39 57:28.626","","0","75 09:44.843","3","0","0","0","67301","0","0","0","N","0","0","0","1","68K01","0","","3.0","","1","N","N","N","0","","1","0","1","","0","","","1","1","0","0","0","0","0","2","0","1","","","","N","","","","","","","","","",""
"2021052450","","1","0","0","0","0","0","0","0","0","1","0","","67","6","2021","7","39.959169","-75.173201","","6","0","0","0","0","1","0","0","0","","0","0","0","","","0","N","0","","39 57:33.008","","0","75 10:23.523","0","0","0","0","67301","0","0","0","N","0","0","0","2","68K01","0","","1.0","","1","N","N","N","0","","0","0","1","","0","","","2","0","0","0","0","0","0","2","0","2","","03","","N","","","","","","","","","",""
"2021028238","","1","0","0","0","0","0","0","0","0","1","0","","67","3","2021","6","39.935485","-75.142247","","6","0","0","0","0","1","0","0","0","","0","0","0","","","0","N","0","","39 56:07.745","","0","75 08:32.090","0","0","0","0","67301","0","0","0","N","0","0","0","2","67301","0","","1.0","","1","N","N","N","1","","0","0","0","","0","","","2","0","0","0","0","0","0","2","0","2","","03","","N","","","","","","","","","",""
"2021027645","","2","0","0","0","0","0","0","0","0","4","0","","67","3","2021","3","40.047209","-75.059183","","6","0","0","0","0","0","0","0","0","","0","0","0","","","2","N","0","","40 02:49.952","4","7","75 03:33.060","2","0","0","0","67301","0","0","0","N","0","0","0","4","67301","0","","1.0","2130.0","1","N","N","N","0","","0","1","0","","3","N","","3","2","0","0","0","1","0","2","0","3","","03","","N","","","","","","","","","",""
"2021028178","","1","0","0","0","0","0","0","0","0","2","0","","67","3","2021","5","39.968413","-75.225185","","6","0","0","0","0","0","0","1","0","","0","0","0","","","2","N","0","","39 58:06.287","2","0","75 13:30.666","3","0","0","0","67301","0","0","0","N","0","0","0","2","67301","0","","1.0","1655.0","1","N","N","N","0","","2","0","3","","0","Y","","4","2","0","0","0","0","0","2","0","4","","03","","N","","","","","","","","","",""
"2021026591","","1","0","0","0","0","0","0","0","0","4","0","","67","3","2021","7","39.923808","-75.184967","","6","0","0","0","0","0","0","0","0","","0","0","0","","","0","","1","","39 55:25.708","","0","75 11:05.881","0","0","0","0","67301","0","0","0","N","0","0","0","2","67301","0","","1.0","","1","N","N","N","0","","0","0","1","","3","","","2","0","0","0","0","0","0","2","0","2","","","","N","","","","","","","","","",""
"2021028044","","1","0","0","0","0","0","0","0","0","1","0","","67","3","2021","4","40.010283","-75.167241","","6","0","0","0","0","0","0","0","0","","0","0","0","","","0","N","0","","40 00:37.020","","0","75 10:02.067","9","0","0","0","67301","0","0","0","N","0","0","0","2","67301","0","","1.0","","1","N","N","N","1","","0","0","0","","0","","","2","0","1","0","0","0","1","2","0","2","","03","","N","","","","","","","","","",""
"2021027650","","1","0","0","0","0","0","0","0","0","4","0","","67","3","2021","4","40.022813","-75.147016","","6","0","0","0","0","0","0","0","0","","0","0","0","","","0","","1","","40 01:22.126","7","0","75 08:49.257","0","0","0","0","67301","0","0","0","N","0","0","0","2","67301","0","","1.0","1950.0","9","N","N","N","0","","0","0","1","","2","N","","2","0","0","0","0","0","0","2","0","2","","","","N","","","","","","","","","",""
"2021051974","","1","0","0","0","0","0","0","0","0","4","0","","67","5","2021","2","39.945367","-75.190409","","6","0","0","0","0","0","0","0","0","","0","0","0","","","2","N","0","","39 56:43.321","4","0","75 11:25.471","3","0","0","0","67301","0","0","0","N","0","0","0","3","68K01","1","","1.0","30.0","1","N","N","N","0","","1","0","1","","0","N","","2","2","0","0","0","0","0","2","0","2","","","","N","","","","","","","","","",""
"2021026342","","1","0","0","0","0","0","0","0","0","8","0","","67","3","2021","7","40.044861","-75.165472","","6","0","0","0","0","0","0","0","0","","0","0","0","","","1","N","0","","40 02:41.500","","0","75 09:55.700","3","0","0","0","67301","1","0","0","N","1","0","0","2","67301","0","","1.0","","1","N","N","N","0","","1","0","0","","0","","","2","1","0","0","0","0","0","2","0","1","","","","N","","","","","","","","","",""
"2021029871","","1","0","0","0","0","0","0","0","0","7","0","","67","3","2021","1","39.948298","-75.142082","","6","0","0","0","0","0","0","0","0","","0","0","0","","","0","N","0","","39 56:53.873","2","0","75 08:31.496","0","0","0","0","67301","0","0","0","N","0","0","0","1","68K01","0","","3.0","1035.0","9","N","N","N","0","","0","0","0","","8","N","","1","0","0","0","0","0","0","2","0","1","","07","","N","","","","","","","","","",""
"2021058914","","1","0","0","0","0","0","0","0","0","1","0","","67","6","2021","2","40.020746","-75.042165","","6","0","0","0","0","0","2","0","0","","0","0","0","","","2","N","0","","40 01:14.684","","0","75 02:31.794","8","0","0","0","67301","0","0","0","N","0","0","0","5","68K01","0","","1.0","","1","N","N","N","0","","0","0","1","","0","","","2","2","0","0","0","2","0","2","0","2","","","","N","","","","","","","","","",""
"2021028547","","1","0","0","0","0","0","0","0","0","4","0","","67","3","2021","7","40.017322","-75.156804","","6","0","0","1","0","0","0","0","0","","0","0","0","","","0","","1","","40 01:02.359","","0","75 09:24.494","0","0","0","0","67301","0","0","0","N","0","0","0","2","67301","0","","1.0","","1","N","N","N","0","","0","0","1","","3","","","3","0","0","0","0","0","0","2","0","3","","03","","N","","","","","","","","","",""
"2021030525","","1","0","0","0","0","0","0","0","0","7","0","","67","3","2021","1","39.921139","-75.189444","","6","1","0","0","0","0","0","0","0","","0","0","0","","","0","N","0","","39 55:16.100","4","3","75 11:22.000","0","0","0","0","67301","0","0","0","N","0","0","0","1","68K01","0","","4.0","1335.0","9","N","N","N","0","","0","0","0","","8","N","","1","0","0","0","0","0","0","2","0","1","","","","N","","","","","","","","","",""
"2021027986","","2","0","0","0","0","0","0","0","0","4","0","","67","3","2021","3","39.941865","-75.225534","","6","0","0","0","0","0","0","0","0","","0","0","0","","","3","","1","","39 56:30.713","","0","75 13:31.922","2","0","0","0","67301","0","0","0","N","0","0","0","4","67301","0","","1.0","","1","N","N","N","0","","0","1","0","","2","","","3","3","0","0","0","2","0","2","1","3","","03","","N","","","","","","","","","",""
"2021028535","","1","0","0","0","0","0","0","0","0","4","0","","67","3","2021","5","40.041416","-75.040809","","6","0","0","0","0","0","0","1","0","","0","0","0","","","2","","2","","40 02:29.097","","0","75 02:26.912","3","0","0","0","67301","0","0","0","N","0","0","0","6","67301","0","","1.0","","1","N","N","N","0","","2","0","1","","3","","","2","2","0","0","0","0","0","2","0","2","","","","N","","","","","","","","","",""
"2021026753","","3","0","0","0","0","0","0","0","0","1","0","","67","3","2021","1","40.013928","-75.17899","","6","0","0","0","1","0","0","1","0","","0","0","0","","","2","N","0","","40 00:50.142","","0","75 10:44.365","3","0","0","0","67301","0","0","0","N","0","0","0","4","67301","0","","1.0","","1","N","N","N","0","","2","0","0","","0","","","3","2","0","0","0","0","0","2","0","3","","03","","N","","","","","","","","","",""
"2021053861","","1","0","0","0","0","0","0","0","0","7","0","","67","6","2021","6","39.981247","-75.206875","","6","0","0","0","0","1","0","0","0","","0","0","0","","","0","N","0","","39 58:52.490","","0","75 12:24.749","0","0","0","0","67301","0","0","0","N","0","0","0","1","68K01","0","","2.0","","9","N","N","N","0","","0","0","0","","0","","","1","0","0","0","0","0","0","2","0","1","","","","N","","","","","","","","","",""
"2021028546","","1","0","0","0","0","0","0","0","0","1","0","","67","3","2021","7","40.020933","-75.159564","","6","0","0","0","0","0","0","0","0","","0","0","0","","","0","","2","","40 01:15.360","","0","75 09:34.430","9","0","0","0","67301","0","0","0","N","0","0","0","2","67301","0","","1.0","","1","N","N","N","0","","0","0","1","","0","","","2","0","0","0","0","0","1","2","0","2","","03","","N","","","","","","","","","",""
"2021026754","","1","0","0","0","0","0","0","0","0","4","0","","67","3","2021","2","40.0262","-75.16915","","6","0","0","0","0","0","0","0","0","","0","0","0","","","1","","1","","40 01:34.321","","0","75 10:08.941","8","0","0","0","67301","0","0","0","N","0","0","0","2","67301","0","","1.0","","1","N","N","N","0","","0","0","0","","2","","","2","1","0","0","0","1","0","2","0","2","","03","","N","","","","","","","","","",""
"2021028543","","2","0","0","0","0","0","0","0","0","4","0","","67","3","2021","1","40.023946","-75.143348","","6","0","0","0","0","0","0","0","0","","0","0","0","","","1","","1","","40 01:26.205","","0","75 08:36.052","8","0","0","0","67301","0","0","0","N","0","0","0","2","67301","0","","1.0","","9","N","N","Y","1","","0","0","1","","3","","","4","1","0","0","0","1","0","2","0","4","","","","N","","","","","","","","","",""
"2021027671","","1","0","0","0","0","0","0","0","0","7","0","","67","3","2021","4","39.980373","-75.224818","","6","0","0","0","0","0","0","0","0","","0","0","0","","","0","N","0","","39 58:49.342","2","0","75 13:29.344","0","0","0","0","67301","0","0","0","N","0","0","0","1","67301","0","","4.0","420.0","1","N","N","N","0","","0","0","0","","0","N","","1","0","0","0","0","0","0","2","0","1","","03","","N","","","","","","","","","",""
"2021027731","","1","0","0","0","0","0","0","0","0","3","0","","67","3","2021","3","40.002089","-75.156751","","6","0","0","0","0","0","0","1","0","","0","0","0","","","1","N","0","","40 00:07.521","","7","75 09:24.303","3","0","0","0","67301","0","0","0","N","0","0","0","2","67301","0","","1.0","","1","N","N","N","0","","1","0","1","","0","","","2","1","0","0","0","0","0","2","0","2","","03","","N","","","","","","","","","",""
"2021036382","","1","0","0","0","0","0","0","0","0","7","0","","67","4","2021","1","39.982353","-75.100062","","6","0","0","0","0","0","0","0","0","","0","0","0","","","0","N","0","","39 58:56.470","1","0","75 06:00.224","0","0","0","0","67301","0","0","0","N","0","0","0","1","68K01","0","","3.0","20.0","1","N","N","N","0","","0","0","0","","0","N","","1","0","0","0","0","0","0","2","0","1","","03","","N","","","","","","","","","",""
"2021032474","","1","0","0","0","0","0","0","0","0","4","0","","67","3","2021","2","39.98665","-75.208385","","6","0","0","0","0","0","1","0","0","","0","0","0","","","1","","3","","39 59:11.940","1","0","75 12:30.186","8","0","0","0","67301","0","0","0","N","0","0","0","2","68K01","0","","1.0","1620.0","1","N","N","N","0","","0","0","1","","3","N","","2","1","0","0","0","1","0","2","0","2","","","","N","","","","","","","","","",""
"2021035593","","1","0","0","0","0","0","0","0","0","1","0","","67","4","2021","1","39.98882","-75.1066","","6","0","0","0","0","0","0","0","0","","0","0","0","","","1","N","0","","39 59:19.753","","0","75 06:23.761","4","0","0","0","67301","0","0","0","N","0","0","0","1","67301","1","","6.0","","9","N","N","N","0","","0","0","3","","0","","","4","1","0","0","0","0","0","2","0","4","","","","N","","","","","","","","","",""
"2021027985","","3","0","0","0","0","0","0","0","0","2","0","","67","3","2021","4","40.060568","-75.082267","","6","0","0","0","0","0","0","0","1","","0","0","0","","","2","","1","","40 03:38.043","","0","75 04:56.160","3","0","0","0","67301","0","0","0","N","0","0","0","6","67301","0","","1.0","","9","N","N","N","0","","1","0","1","","2","","","4","2","0","0","0","1","2","2","0","4","","07","","N","","","","","","","","","",""
"2021028390","","2","0","0","0","0","0","0","0","0","4","0","","67","3","2021","7","40.059083","-75.008996","","6","0","0","0","0","0","0","1","0","","0","0","0","","","2","N","0","","40 03:32.699","1","7","75 00:32.384","3","0","0","0","67301","0","0","0","N","0","0","0","3","67301","0","","1.0","1251.0","1","N","N","N","0","","2","0","0","","0","Y","","2","2","0","0","0","0","0","2","0","2","","03","","N","","","","","","","","","",""
"2021030478","","1","0","0","0","0","0","0","0","0","4","0","","67","3","2021","2","40.031615","-75.207632","","6","0","0","0","0","0","1","0","0","","0","0","0","","","0","","1","","40 01:53.814","","0","75 12:27.475","0","0","0","0","67301","0","0","0","N","0","0","0","2","67301","0","","1.0","","1","N","N","N","0","","0","0","1","","2","","","2","0","0","0","0","0","0","2","0","2","","03","","N","","","","","","","","","",""
"2021027675","","2","0","0","0","0","0","0","0","0","5","0","","67","3","2021","5","40.030714","-75.1224","","6","0","0","0","0","0","0","0","0","","0","0","0","","","1","","1","","40 01:50.570","6","0","75 07:20.640","4","0","0","0","67301","0","0","0","N","0","0","0","2","67301","1","","1.0","230.0","9","N","N","N","0","","0","0","0","","2","Y","","2","1","0","0","0","0","0","2","0","2","","04","","N","","","","","","","","","",""
"2021030381","","1","0","0","0","0","0","0","0","0","4","0","","67","3","2021","1","40.009213","-75.069129","","6","0","0","0","0","0","0","0","0","","0","0","0","","","2","","1","","40 00:33.168","","2","75 04:08.863","3","0","0","0","67301","0","0","0","N","0","0","0","3","67301","0","","1.0","","9","N","N","N","0","","2","0","0","","2","","","2","2","0","0","0","0","0","2","1","2","","","","N","","","","","","","","","",""
"2021053605","","1","0","0","0","0","0","0","0","0","3","1","","67","6","2021","2","39.997381","-75.078806","","6","0","0","0","0","0","1","1","0","","0","1","0","","","1","","1","","39 59:50.573","","0","75 04:43.701","3","0","0","0","67301","0","0","0","N","0","0","0","3","67301","0","","1.0","","1","N","N","N","0","","1","0","0","","3","","","2","1","0","0","0","0","0","2","0","2","","","","N","","","","","","","","","",""
"2021029395","","0","0","0","0","0","0","0","0","0","7","0","","67","3","2021","6","39.943389","-75.160109","","6","0","0","0","0","0","0","0","0","","0","0","0","","","0","","2","","39 56:36.202","","0","75 09:36.393","0","0","0","0","67301","0","0","0","N","0","0","0","1","67301","0","","4.0","","1","N","N","N","0","","0","0","1","","0","","","1","0","0","0","0","0","0","2","0","1","","03","","N","","","","","","","","","",""
"2021051491","","2","0","0","0","0","0","0","0","0","1","0","","67","6","2021","7","40.019311","-75.183925","","6","0","0","0","0","0","0","0","0","","0","0","0","","","2","N","0","","40 01:09.520","1","0","75 11:02.130","3","0","0","0","67301","0","0","0","N","0","0","0","3","67301","0","","1.0","1000.0","1","N","N","Y","0","","2","0","1","","3","N","","4","2","0","0","0","0","0","2","0","4","","03","","N","","","","","","","","","",""
"2021052227","","1","0","0","0","0","0","0","0","0","7","0","","67","6","2021","6","39.88489","-75.243648","","6","0","0","0","0","0","0","0","0","","0","0","0","","","1","N","0","","39 53:05.604","","0","75 14:37.134","8","0","0","0","67301","0","0","0","N","0","0","0","1","68K01","0","","4.0","","1","N","N","N","0","","0","0","0","","0","","","1","1","0","0","0","1","0","2","0","1","","03","","N","","","","","","","","","",""
"2021028536","","1","0","0","1","0","0","0","0","0","8","0","","67","3","2021","6","40.021529","-75.051773","","6","0","0","0","0","0","1","0","0","","0","0","0","","","1","","1","","40 01:17.505","","0","75 03:06.381","8","0","0","0","67301","1","0","0","N","0","0","0","2","67301","0","","1.0","","1","N","N","N","0","","0","0","0","","2","","","2","1","1","0","0","1","0","2","0","1","","03","","N","","","","","","","","","",""
"2021058263","","1","0","0","0","0","0","0","0","0","7","0","","67","6","2021","3","39.965313","-75.13687","","6","0","0","0","0","0","0","0","0","","0","0","0","","","1","N","0","","39 57:55.127","","0","75 08:12.732","3","0","0","0","67301","0","0","0","N","0","0","0","1","68K01","0","","4.0","","9","N","N","N","0","","1","0","0","","0","","","1","1","1","0","0","0","0","2","0","1","","","","N","","","","","","","","","",""
"2021028653","","1","0","0","0","0","0","0","0","0","2","0","","67","3","2021","7","40.019161","-75.060636","","6","0","0","0","0","0","0","0","0","","0","0","0","","","0","N","0","","40 01:08.980","","0","75 03:38.290","0","0","0","0","67301","0","0","0","N","0","0","0","1","67301","0","","6.0","","1","N","N","Y","0","","0","0","1","","0","","","3","0","0","0","0","0","0","2","1","3","","03","","N","","","","","","","","","",""