"CRN","ARRIVAL_TM","AUTOMOBILE_COUNT","BELTED_DEATH_COUNT","BELTED_SUSP_SERIOUS_INJ_COUNT","BICYCLE_COUNT","BICYCLE_DEATH_COUNT","BICYCLE_SUSP_SERIOUS_INJ_COUNT","BUS_COUNT","CHLDPAS_DEATH_COUNT","CHLDPAS_SUSP_SERIOUS_INJ_COUNT","COLLISION_TYPE","COMM_VEH_COUNT","CONS_ZONE_SPD_LIM","COUNTY","CRASH_MONTH","CRASH_YEAR","DAY_OF_WEEK","DEC_LATITUDE","DEC_LONGITUDE","DISPATCH_TM","DISTRICT","DRIVER_COUNT_16YR","DRIVER_COUNT_17YR","DRIVER_COUNT_18YR","DRIVER_COUNT_19YR","DRIVER_COUNT_20YR","DRIVER_COUNT_50_64YR","DRIVER_COUNT_65_74YR","DRIVER_COUNT_75PLUS","EST_HRS_CLOSED","FATAL_COUNT","HEAVY_TRUCK_COUNT","HORSE_BUGGY_COUNT","HOUR_OF_DAY","ILLUMINATION","INJURY_COUNT","INTERSECTION_RELATED","INTERSECT_TYPE","LANE_CLOSED","LATITUDE","LN_CLOSE_DIR","LOCATION_TYPE","LONGITUDE","MAX_SEVERITY_LEVEL","MCYCLE_DEATH_COUNT","MCYCLE_SUSP_SERIOUS_INJ_COUNT","MOTORCYCLE_COUNT","MUNICIPALITY","NONMOTR_COUNT","NONMOTR_DEATH_COUNT","NONMOTR_SUSP_SERIOUS_INJ_COUNT","NTFY_HIWY_MAINT","PED_COUNT","PED_DEATH_COUNT","PED_SUSP_SERIOUS_INJ_COUNT","PERSON_COUNT","POLICE_AGCY","POSSIBLE_INJ_COUNT","RDWY_SURF_TYPE_CD","RELATION_TO_ROAD","ROADWAY_CLEARED","ROAD_CONDITION","SCH_BUS_IND","SCH_ZONE_IND","SECONDARY_CRASH","SMALL_TRUCK_COUNT","SPEC_JURIS_CD","SUSP_MINOR_INJ_COUNT","SUSP_SERIOUS_INJ_COUNT","SUV_COUNT","TCD_FUNC_CD","TCD_TYPE","TFC_DETOUR_IND","TIME_OF_DAY","TOTAL_UNITS","TOT_INJ_COUNT","UNBELTED_OCC_COUNT","UNB_DEATH_COUNT","UNB_SUSP_SERIOUS_INJ_COUNT","UNK_INJ_DEG_COUNT","UNK_INJ_PER_COUNT","URBAN_RURAL","VAN_COUNT","VEHICLE_COUNT","WEATHER1","WEATHER2","WORKERS_PRES","WORK_ZONE_IND","WORK_ZONE_LOC","WORK_ZONE_TYPE","WZ_CLOSE_DETOUR","WZ_FLAGGER","WZ_LAW_OFFCR_IND","WZ_LN_CLOSURE","WZ_MOVING","WZ_OTHER","WZ_SHLDER_MDN","WZ_WORKERS_INJ_KILLED"
"2021053632","","1","0","0","0","0","0","0","0","0","4","0","","67","3","2021","5","39.997997","-75.125411","","6","0","0","1","0","0","0","0","0","","0","0","0","","","0","","1","","39 59:52.789","","0","75 07:31.478","0","0","0","0","67301","0","0","0","N","0","0","0","4","67301","0","","1.0","","9","N","N","N","0","","0","0","1","","2","","","2","0","0","0","0","0","0","2","0","2","","","","N","","","","","","","","","",""
"2021029405","","0","0","0","1","0","0","0","0","0","8","0","","67","3","2021","2","40.036872","-75.144683","","6","0","0","0","0","0","0","0","0","","0","0","0","","","1","","2","","40 02:12.740","","7","75 08:40.860","8","0","0","0","67301","1","0","0","N","0","0","0","2","67301","0","","1.0","","99","N","N","N","0","","0","0","0","","3","","","2","1","0","0","0","1","0","2","0","1","","","","N","","","","","","","","","",""
"2021027882","","2","0","0","0","0","0","0","0","0","4","0","","67","3","2021","5","39.978988","-75.160338","","6","0","0","0","0","0","0","0","0","","0","0","0","","","2","","1","","39 58:44.358","4","0","75 09:37.216","8","0","0","0","67301","0","0","0","N","0","0","0","3","67505","0","","1.0","2203.0","1","N","N","Y","0","","0","0","1","","3","Y","","3","2","0","0","0","2","0","2","0","3","","03","","N","","","","","","","","","",""
"2021031957","","1","0","0","0","0","0","0","0","0","4","0","","67","3","2021","6","40.01446","-75.079469","","6","0","0","0","0","0","0","0","0","","0","0","0","","","1","","1","","40 00:52.055","1","0","75 04:46.088","3","0","0","0","67301","0","0","0","N","0","0","0","4","67301","0","","1.0","30.0","1","N","N","N","1","","1","0","0","","3","N","","2","1","0","0","0","0","0","2","0","2","","","","N","","","","","","","","","",""
"2021040156","","1","0","0","0","0","0","0","0","0","2","0","","67","3","2021","5","39.996931","-75.117127","","6","0","0","0","0","0","1","0","0","","0","0","0","","","2","N","0","","39 59:48.953","4","0","75 07:01.658","3","0","0","0","67301","0","0","0","N","0","0","0","4","67301","0","","1.0","1740.0","1","N","N","N","0","","2","0","1","","0","N","","3","2","0","0","0","0","0","2","1","3","","03","","N","","","","","","","","","",""
"2021057381","","1","0","0","0","0","0","0","0","0","1","0","","67","6","2021","2","39.95605","-75.180512","","6","0","0","0","0","0","1","0","0","","0","0","0","","","1","N","0","","39 57:21.779","","0","75 10:49.844","4","0","0","0","67301","0","0","0","N","0","0","0","3","68K01","1","","1.0","","1","N","N","N","0","","0","0","1","","8","","","2","1","0","0","0","0","0","2","0","2","","03","","N","","","","","","","","","",""
"2021028685","","2","0","0","0","0","0","0","0","0","4","0","","67","3","2021","6","40.036904","-75.079806","","6","0","0","0","0","0","0","0","0","","0","0","0","","","5","","1","","40 02:12.854","","0","75 04:47.301","3","0","0","0","67301","0","0","0","N","0","0","0","7","67301","0","","1.0","","1","N","N","N","0","","5","0","0","","3","","","2","5","0","0","0","0","0","2","0","2","","03","","N","","","","","","","","","",""
"2021028816","","1","0","0","0","0","0","0","0","0","7","0","","67","3","2021","1","40.005033","-75.075276","","6","0","0","0","0","0","0","0","0","","0","0","0","","","1","N","0","","40 00:18.117","1","8","75 04:30.993","3","0","0","0","67301","0","0","0","N","0","0","0","1","68K01","0","","4.0","600.0","1","N","N","N","0","","1","0","0","","0","N","","1","1","0","0","0","0","0","2","0","1","","","","N","","","","","","","","","",""
"2021051645","","1","0","0","0","0","0","0","0","0","8","0","","67","6","2021","6","39.959725","-75.19521","","6","0","0","0","0","0","0","1","0","","0","0","0","","","1","","1","","39 57:35.010","3","0","75 11:42.756","2","0","0","0","67301","1","0","1","N","1","0","1","2","67301","0","","1.0","1425.0","9","N","N","N","0","","0","1","0","","3","Y","","2","1","0","0","0","0","0","2","0","1","","07","","N","","","","","","","","","",""
"2021027895","","2","0","0","0","0","0","0","0","0","1","0","","67","3","2021","4","40.040628","-75.169796","","6","0","0","0","0","0","0","0","0","","0","0","0","","","2","","5","","40 02:26.260","","0","75 10:11.265","3","0","0","0","67301","0","0","0","N","0","0","0","3","67301","0","","1.0","","9","N","N","N","0","","2","0","0","","2","","","2","2","2","0","0","0","1","2","0","2","","07","","N","","","","","","","","","",""
"2021053567","","2","0","0","0","0","0","0","0","0","5","0","","67","6","2021","7","39.942319","-75.158742","","6","0","0","0","0","0","0","0","0","","0","0","0","","","0","N","0","","39 56:32.350","2","0","75 09:31.470","0","0","0","0","67301","0","0","0","N","0","0","0","1","67301","0","","1.0","400.0","1","N","N","N","0","","0","0","1","","0","Y","","3","0","0","0","0","0","0","2","0","3","","","","N","","","","","","","","","",""
"2021028040","","0","0","0","0","0","0","0","0","0","7","0","","67","3","2021","5","39.948222","-75.171083","","6","0","0","0","0","0","0","0","0","","0","0","0","","","0","N","0","","39 56:53.600","","0","75 10:15.900","9","0","0","0","67301","0","0","0","N","0","0","0","1","67301","0","","5.0","","99","N","N","N","0","","0","0","1","","0","","","1","0","0","0","0","0","1","2","0","1","","98","","N","","","","","","","","","",""
"2021032023","","1","0","0","0","0","0","0","0","0","4","0","","67","4","2021","4","39.976682","-75.164896","","6","0","0","0","0","0","0","0","0","","0","0","0","","","1","","1","","39 58:36.055","1","0","75 09:53.625","4","0","0","0","67301","0","0","0","N","0","0","0","3","67301","1","","1.0","1220.0","9","N","N","N","0","","0","0","1","","2","Y","","2","1","0","0","0","0","0","2","0","2","","04","","N","","","","","","","","","",""
"2021028449","","2","0","0","0","0","0","0","0","0","4","0","","67","3","2021","2","39.956808","-75.233732","","6","0","0","0","0","0","0","0","0","","0","0","0","","","2","","1","","39 57:24.508","5","0","75 14:01.435","2","0","0","0","67301","0","0","0","N","0","0","0","2","67301","1","","1.0","910.0","1","N","N","N","0","","0","1","0","","3","Y","","2","2","0","0","0","0","0","2","0","2","","03","","N","","","","","","","","","",""
"2021027668","","4","0","0","0","0","0","0","0","0","4","0","","67","3","2021","4","39.955253","-75.21168","","6","0","0","0","0","0","0","0","0","","0","0","0","","","0","","1","","39 57:18.911","","0","75 12:42.049","0","0","0","0","67301","0","0","0","N","0","0","0","2","67301","0","","1.0","","1","N","N","N","0","","0","0","0","","1","","","4","0","0","0","0","0","0","2","0","4","","03","","N","","","","","","","","","",""
"2021030382","","0","0","0","0","0","0","0","0","0","4","0","","67","3","2021","2","40.032274","-75.050985","","6","0","0","0","0","0","1","0","0","","0","0","0","","","0","","1","","40 01:56.185","","0","75 03:03.545","0","0","0","0","67301","0","0","0","N","0","0","0","2","67301","0","","1.0","","1","N","N","N","0","","0","0","2","","2","","","2","0","0","0","0","0","0","2","0","2","","03","","N","","","","","","","","","",""
"2021031570","","2","0","0","0","0","0","0","0","0","4","0","","67","3","2021","4","40.129225","-75.024888","","6","0","0","0","0","0","0","0","0","","0","0","0","","","1","","1","","40 07:45.210","","0","75 01:29.597","3","0","0","0","67301","0","0","0","N","0","0","0","2","67301","0","","1.0","","99","N","N","N","0","","1","0","0","","2","","","2","1","1","0","0","0","1","2","0","2","","","","N","","","","","","","","","",""
"2021053593","","0","0","0","0","0","0","0","0","0","4","0","","67","6","2021","3","40.057124","-75.161243","","6","0","0","0","0","0","2","0","0","","0","0","0","","","0","N","0","","40 03:25.647","","0","75 09:40.474","9","0","0","0","67301","0","0","0","N","0","0","0","2","67301","0","","1.0","","9","N","N","N","1","","0","0","1","","2","U","","2","0","0","0","0","0","1","2","0","2","","","","N","","","","","","","","","",""
"2021027140","","3","0","0","0","0","0","0","0","0","4","0","","67","3","2021","2","39.955253","-75.21168","","6","0","0","0","0","0","0","0","0","","0","0","0","","","2","","1","","39 57:18.911","","0","75 12:42.049","3","0","0","0","67301","0","0","0","N","0","0","0","3","67301","0","","1.0","","1","N","N","N","0","","2","0","1","","2","","","4","2","0","0","0","0","0","2","0","4","","03","","N","","","","","","","","","",""
"2021052171","","1","0","0","0","0","0","0","0","0","1","0","","67","5","2021","6","39.899732","-75.161854","","6","0","0","0","0","0","1","0","0","","0","0","0","","","1","N","0","","39 53:59.034","1","0","75 09:42.675","3","0","0","0","67301","0","0","0","N","0","0","0","9","68K01","0","","1.0","119.0","1","N","N","N","0","","1","0","2","","7","N","","3","1","0","0","0","0","0","2","0","3","","","","N","","","","","","","","","",""
"2021053429","","3","0","0","0","0","0","0","0","0","4","0","","67","6","2021","1","39.957114","-75.156854","","6","0","0","0","0","0","1","0","0","","0","0","0","","","2","N","0","","39 57:25.612","3","0","75 09:24.675","3","0","0","0","67301","0","0","0","N","0","0","0","6","68K01","0","","1.0","1245.0","1","N","N","N","0","","1","0","0","","0","N","","3","2","0","0","0","1","0","2","0","3","","","","N","","","","","","","","","",""
"2021053625","","0","0","0","0","0","0","0","0","0","7","1","","67","6","2021","4","39.989931","-75.171848","","6","0","0","0","0","0","0","0","0","","0","1","0","","","0","N","0","","39 59:23.751","3","1","75 10:18.652","0","0","0","0","67301","0","0","0","N","0","0","0","2","67301","0","","5.0","1855.0","1","N","N","N","0","","0","0","0","","0","Y","","1","0","0","0","0","0","0","2","0","1","","","","N","","","","","","","","","",""
"2021053645","","1","0","0","0","0","0","0","0","0","4","0","","67","5","2021","7","40.007638","-75.127338","","6","0","0","0","0","0","0","0","0","","0","0","0","","","1","","1","","40 00:27.498","","0","75 07:38.415","3","0","0","0","67301","0","0","0","N","0","0","0","3","67301","0","","1.0","","9","N","N","N","0","","1","0","1","","2","","","2","1","0","0","0","0","0","2","0","2","","04","","N","","","","","","","","","",""
"2021052242","","0","0","0","0","0","0","0","0","0","7","0","","67","6","2021","7","39.937839","-75.143805","","6","0","0","0","0","0","0","0","0","","0","0","0","","","0","N","0","","39 56:16.221","","0","75 08:37.697","0","0","0","0","67301","0","0","0","N","0","0","0","1","68K01","0","","2.0","","1","N","N","N","0","","0","0","0","","0","","","1","0","1","0","0","0","0","2","1","1","","","","N","","","","","","","","","",""
"2021027867","","1","0","0","0","0","0","0","0","0","7","0","","67","3","2021","4","39.945494","-75.142615","","6","0","0","0","0","0","1","0","0","","0","0","0","","","1","N","0","","39 56:43.777","2","0","75 08:33.414","3","0","0","0","67301","0","0","0","N","0","0","0","1","68K01","0","","3.0","100.0","8","N","N","N","0","","1","0","0","","0","N","","1","1","1","0","0","0","0","2","0","1","","07","","N","","","","","","","","","",""
"2021028391","","2","0","0","0","0","0","0","0","0","4","0","","67","3","2021","7","39.97521","-75.194985","","6","0","0","0","0","0","0","0","0","","0","0","0","","","2","","1","","39 58:30.755","7","0","75 11:41.945","4","0","0","0","67301","0","0","0","N","0","0","0","3","67301","2","","1.0","45.0","1","N","N","N","0","","0","0","0","","2","N","","2","2","1","0","0","0","0","2","0","2","","03","","N","","","","","","","","","",""
"2021027674","","2","0","0","0","0","0","0","0","0","4","0","","67","3","2021","3","40.029052","-75.115133","","6","0","0","0","0","1","0","0","0","","0","0","0","","","2","","1","","40 01:44.587","","0","75 06:54.478","3","0","0","0","67301","0","0","0","N","0","0","0","3","67301","0","","1.0","","99","N","N","N","0","","2","0","1","","3","","","3","2","0","0","0","0","0","2","0","3","","03","","N","","","","","","","","","",""
"2021027925","","1","0","0","0","0","0","0","0","0","4","0","","67","3","2021","5","40.033998","-75.074369","","6","0","0","0","0","0","0","1","0","","0","0","0","","","0","","1","","40 02:02.392","1","0","75 04:27.730","0","0","0","0","67301","0","0","0","N","0","0","0","2","67301","0","","1.0","215.0","1","N","N","N","0","","0","0","1","","2","N","","2","0","0","0","0","0","0","2","0","2","","03","","N","","","","","","","","","",""
"2021052409","","2","0","0","0","0","0","0","0","0","1","0","","67","5","2021","4","39.927016","-75.195189","","6","0","0","0","0","0","0","0","0","","0","0","0","","","1","N","0","","39 55:37.259","3","0","75 11:42.682","3","0","0","0","67301","0","0","0","N","0","0","0","2","68K01","0","","1.0","24.0","9","N","N","N","0","","1","0","0","","0","N","","2","1","0","0","0","0","0","2","0","2","","","","N","","","","","","","","","",""
"2021026748","","3","0","0","0","0","0","0","0","0","5","0","","67","3","2021","1","39.987625","-75.142094","","6","0","0","0","0","0","0","0","0","","0","0","0","","","1","N","0","","39 59:15.450","","0","75 08:31.540","3","0","0","0","67301","0","0","0","N","0","0","0","1","67301","0","","6.0","","1","N","N","N","0","","1","0","1","","0","","","5","1","0","0","0","0","0","2","1","5","","03","","N","","","","","","","","","",""
"2021052249","","1","0","0","0","0","0","0","0","0","7","0","","67","6","2021","1","39.954497","-75.141607","","6","0","0","0","0","0","0","0","0","","0","0","0","","","1","N","0","","39 57:16.188","2","0","75 08:29.785","3","0","0","0","67301","0","0","0","N","0","0","0","1","68K01","0","","2.0","30.0","1","N","N","N","0","","1","0","0","","0","N","","1","1","0","0","0","0","0","2","0","1","","","","N","","","","","","","","","",""
"2021028533","","0","0","0","0","0","0","0","0","0","0","0","","67","3","2021","1","39.894612","-75.236717","","6","0","0","0","0","0","0","0","0","","0","0","0","","","1","","1","","39 53:40.603","4","0","75 14:12.181","2","0","1","1","67301","0","0","0","N","0","0","0","1","67301","0","","1.0","120.0","1","N","N","N","0","","0","1","0","","2","Y","","1","1","0","0","0","0","0","2","0","1","","03","","N","","","","","","","","","",""
"2021028450","","2","0","0","0","0","0","0","0","0","2","0","","67","3","2021","6","39.941517","-75.211067","","6","0","0","0","0","0","0","0","0","","0","0","0","","","0","N","0","","39 56:29.460","","0","75 12:39.840","9","0","0","0","67301","0","0","0","N","0","0","0","1","67301","0","","6.0","","9","N","N","N","0","","0","0","0","","0","","","2","0","0","0","0","0","1","2","0","2","","","","N","","","","","","","","","",""
"2021027333","","1","0","0","0","0","0","0","0","0","4","0","","67","3","2021","3","39.976161","-75.21299","","6","0","0","0","0","0","1","0","0","","0","0","0","","","2","","3","","39 58:34.181","","0","75 12:46.765","3","0","0","0","67301","0","0","0","N","0","0","0","4","67301","0","","1.0","","1","N","N","N","0","","2","0","1","","0","","","2","2","0","0","0","0","0","2","0","2","","03","","N","","","","","","","","","",""
"2021028376","","1","0","0","0","0","0","0","0","0","4","0","","67","3","2021","6","39.981394","-75.178844","","6","0","0","0","0","0","0","0","0","","0","0","0","","","0","","1","","39 58:53.018","","0","75 10:43.838","0","0","0","0","67301","0","0","0","N","0","0","0","2","67301","0","","1.0","","1","N","N","Y","0","","0","0","1","","2","","","2","0","0","0","0","0","0","2","0","2","","03","","N","","","","","","","","","",""
"2021053592","","0","0","0","0","0","0","0","0","0","7","0","","67","6","2021","5","39.894612","-75.236717","","6","0","0","0","0","0","0","0","0","","0","0","0","","","1","","1","","39 53:40.603","","0","75 14:12.181","3","0","0","0","67301","0","0","0","N","0","0","0","1","67301","0","","4.0","","1","N","N","N","0","","1","0","0","","2","","","1","1","0","0","0","0","0","2","1","1","","03","","N","","","","","","","","","",""
"2021028165","","1","0","0","0","0","0","0","0","0","7","0","","67","3","2021","4","39.983275","-75.202769","","6","0","0","0","0","0","0","0","0","","0","0","0","","","0","N","0","","39 58:59.791","","0","75 12:09.968","0","0","0","0","67301","0","0","0","N","0","0","0","1","67301","0","","4.0","","9","N","N","N","0","","0","0","0","","0","","","2","0","0","0","0","0","0","2","0","1","","07","","N","","","","","","","","","",""
"2021032417","","0","0","0","0","0","0","0","0","0","8","0","","67","3","2021","6","39.936748","-75.166941","","6","0","0","0","0","0","1","0","0","","0","0","0","","","1","","1","","39 56:12.293","","0","75 10:00.986","8","0","0","0","67301","1","0","0","N","1","0","0","2","67301","0","","1.0","","9","N","N","N","0","","0","0","1","","1","","","2","1","0","0","0","1","0","2","0","1","","07","","N","","","","","","","","","",""
"2021027889","","1","0","0","0","0","0","0","0","0","5","0","","67","3","2021","1","39.915113","-75.244609","","6","0","0","0","0","0","0","0","0","","0","0","0","","","1","","2","","39 54:54.408","","0","75 14:40.594","8","0","0","0","67301","0","0","0","N","0","0","0","2","67301","0","","1.0","","1","N","N","N","0","","0","0","0","","0","","","2","1","0","0","0","1","0","2","0","2","","","","N","","","","","","","","","",""
"2021052452","","1","0","0","0","0","0","0","0","0","1","0","","67","6","2021","7","40.050983","-74.990371","","6","0","0","0","0","0","0","0","0","","0","0","0","","","0","N","0","","40 03:03.537","2","0","74 59:25.335","0","0","0","0","67301","0","0","0","N","0","0","0","2","68K01","0","","1.0","2130.0","1","N","N","N","0","","0","0","1","","0","N","","2","0","1","0","0","0","0","2","0","2","","03","","N","","","","","","","","","",""
"2021026682","","1","0","0","0","0","0","0","0","0","5","0","","67","3","2021","1","40.007975","-75.171853","","6","0","0","0","0","0","1","0","0","","0","0","0","","","0","N","0","","40 00:28.710","3","0","75 10:18.669","0","0","0","0","67301","0","0","0","N","0","0","0","2","67301","0","","1.0","1140.0","1","N","N","N","0","","0","0","1","","0","Y","","2","0","0","0","0","0","0","2","0","2","","03","","N","","","","","","","","","",""
"2021028540","","1","0","0","0","0","0","0","0","0","4","0","","67","3","2021","5","39.971866","-75.148658","","6","0","0","0","0","0","0","0","0","","0","0","0","","","0","","1","","39 58:18.717","","0","75 08:55.168","0","0","0","0","67301","0","0","0","N","0","0","0","2","67301","0","","1.0","","9","N","N","N","0","","0","0","1","","3","","","2","0","2","0","0","0","0","2","0","2","","03","","N","","","","","","","","","",""
"2021027988","","2","0","0","0","0","0","0","0","0","1","0","","67","3","2021","5","39.901844","-75.225086","","6","0","0","0","0","0","1","0","0","","0","0","0","","","1","N","0","","39 54:06.639","","0","75 13:30.309","3","0","0","0","67301","0","0","0","N","0","0","0","2","67301","0","","1.0","","9","N","N","N","0","","1","0","0","","0","","","2","1","0","0","0","0","0","2","0","2","","07","","N","","","","","","","","","",""
"2021027015","","1","0","0","0","0","0","0","0","0","4","0","","67","3","2021","7","39.946054","-75.216496","","6","0","0","0","0","0","0","0","0","","0","0","0","","","0","","1","","39 56:45.794","","0","75 12:59.385","0","0","0","0","67301","0","0","0","N","0","0","0","2","67301","0","","1.0","","1","N","N","N","0","","0","0","1","","3","","","2","0","0","0","0","0","0","2","0","2","","","","N","","","","","","","","","",""
"2021026749","","0","0","0","0","0","0","0","0","0","4","0","","67","3","2021","1","40.050393","-75.153118","","6","0","0","0","0","0","0","0","0","","0","0","0","","","1","","1","","40 03:01.414","","0","75 09:11.224","4","0","0","0","67301","0","0","0","N","0","0","0","3","67301","1","","1.0","","1","N","N","N","0","","0","0","1","","3","","","2","1","0","0","0","0","1","2","0","2","","03","","N","","","","","","","","","",""
"2021028043","","1","0","0","0","0","0","0","0","0","4","0","","67","3","2021","3","40.004217","-75.157269","","6","0","0","0","0","0","1","0","0","","0","0","0","","","1","N","0","","40 00:15.180","","0","75 09:26.170","3","0","0","1","67301","0","0","0","N","0","0","0","6","67301","0","","1.0","","1","N","N","N","0","","1","0","0","","0","","","2","1","0","0","0","0","0","2","0","2","","","","N","","","","","","","","","",""
"2021028163","","0","0","0","0","0","0","0","0","0","7","0","","67","3","2021","6","40.032077","-75.193382","","6","0","0","0","0","0","0","0","0","","0","0","0","","","1","N","0","","40 01:55.478","","0","75 11:36.174","3","0","0","0","67301","0","0","0","N","0","0","0","1","67301","0","","4.0","","9","N","N","N","0","","1","0","1","","0","","","1","1","0","0","0","0","0","2","0","1","","98","","N","","","","","","","","","",""
"2021033700","","1","0","0","0","0","0","0","0","0","7","0","","67","3","2021","4","39.980775","-75.206262","","6","0","0","0","0","0","0","0","0","","0","0","0","","","1","N","0","","39 58:50.789","3","0","75 12:22.543","8","0","0","0","67301","0","0","0","N","0","0","0","1","68K01","0","","4.0","400.0","1","N","N","N","0","","0","0","0","","0","N","","1","1","1","0","0","1","0","2","0","1","","","","N","","","","","","","","","",""
"2021053621","","1","0","0","1","0","0","0","0","0","8","0","","67","6","2021","4","39.953535","-75.234413","","6","0","0","0","0","0","0","0","0","","0","0","0","","","1","","1","","39 57:12.725","","0","75 14:03.886","3","0","0","0","67301","1","0","0","N","0","0","0","2","67301","0","","1.0","","1","N","N","N","0","","1","0","0","","3","","","2","1","0","0","0","0","0","2","0","1","","04","","N","","","","","","","","","",""
"2021053596","","2","0","0","0","0","0","0","0","0","1","0","","67","6","2021","5","40.071509","-75.179307","","6","0","0","0","0","0","0","0","0","","0","0","0","","","0","N","0","","40 04:17.433","","0","75 10:45.506","0","0","0","0","67301","0","0","0","N","0","0","0","0","67301","0","","6.0","","1","N","N","N","0","","0","0","0","","0","","","2","0","0","0","0","0","0","2","0","2","","03","","N","","","","","","","","","",""
"2021028451","","4","0","0","0","0","0","0","0","0","1","0","","67","3","2021","5","39.986633","-75.171369","","6","1","0","0","0","0","0","0","0","","0","0","0","","","1","N","0","","39 59:11.880","","0","75 10:16.930","3","0","0","0","67301","0","0","0","N","0","0","0","1","67301","0","","6.0","","1","N","N","N","0","","1","0","1","","0","","","5","1","1","0","0","0","0","2","0","5","","04","","N","","","","","","","","","",""
"2021027507","","1","0","0","0","0","0","0","0","0","5","0","","67","3","2021","2","40.033838","-75.075061","","6","0","0","0","0","0","0","0","0","","0","0","0","","","1","N","0","","40 02:01.815","","0","75 04:30.219","3","0","0","0","67301","0","0","0","N","0","0","0","2","67301","0","","1.0","","1","N","N","N","0","","1","0","1","","0","","","2","1","0","0","0","0","0","2","0","2","","","","N","","","","","","","","","",""
"2021038520","","1","0","0","0","0","0","0","0","0","1","0","","67","3","2021","5","40.032137","-75.021281","","6","0","0","0","0","0","1","0","0","","0","0","0","","","0","N","0","","40 01:55.692","2","3","75 01:16.613","0","0","0","0","67301","0","0","0","N","0","0","0","2","68K01","0","","1.0","730.0","1","N","N","N","1","","0","0","0","","0","Y","","2","0","0","0","0","0","0","2","0","2","","","","N","","","","","","","","","",""
"2021031273","","2","0","0","0","0","0","0","0","0","4","0","","67","3","2021","2","39.959174","-75.243377","","6","0","0","0","0","0","0","0","0","","0","0","0","","","3","","1","","39 57:33.025","","0","75 14:36.157","3","0","0","0","67301","0","0","0","N","0","0","0","3","67301","0","","1.0","","1","N","N","N","0","","2","0","0","","1","","","2","3","0","0","0","1","0","2","0","2","","03","","N","","","","","","","","","",""
"2021033925","","2","0","0","0","0","0","0","0","0","1","0","","67","3","2021","3","39.904804","-75.150203","","6","0","0","0","0","0","0","0","0","","0","0","0","","","0","N","0","","39 54:17.294","2","0","75 09:00.729","0","0","0","0","67301","0","0","0","N","0","0","0","2","68K01","0","","2.0","10.0","1","N","N","N","0","","0","0","1","","0","N","","3","0","0","0","0","0","0","2","0","3","","","","N","","","","","","","","","",""
"2021053766","","1","0","0","0","0","0","0","0","0","2","0","","67","6","2021","6","40.044528","-75.193121","","6","0","0","0","0","0","1","0","0","","0","0","0","","","0","","1","","40 02:40.301","","0","75 11:35.235","0","0","0","0","67301","0","0","0","N","0","0","0","2","67301","0","","1.0","","1","N","N","N","0","","0","0","1","","2","","","2","0","0","0","0","0","0","2","0","2","","07","","N","","","","","","","","","",""
"2021053175","","1","0","0","0","0","0","1","0","0","4","1","","67","6","2021","5","39.917695","-75.177717","","6","0","0","0","0","0","0","0","0","","0","0","0","","","1","","1","","39 55:03.702","","0","75 10:39.781","8","0","0","0","67301","0","0","0","N","0","0","0","2","67508","0","","1.0","","1","N","N","Y","0","","0","0","0","","2","N","","2","1","0","0","0","1","0","2","0","2","","03","","N","","","","","","","","","",""
"2021028374","","1","0","0","0","0","0","0","0","0","5","0","","67","3","2021","6","39.958814","-75.24047","","6","0","0","0","0","0","0","0","0","","0","0","0","","","0","N","0","","39 57:31.731","4","0","75 14:25.693","0","0","0","0","67301","0","0","0","N","0","0","0","1","67301","0","","1.0","2300.0","1","N","N","N","0","","0","0","2","","0","Y","","3","0","0","0","0","0","0","2","0","3","","03","","N","","","","","","","","","",""
"2021026744","","1","0","0","0","0","0","0","0","0","1","0","","67","3","2021","1","39.989736","-75.150017","","6","0","0","0","0","0","0","0","0","","0","0","0","","","0","N","0","","39 59:23.050","","0","75 09:00.060","0","0","0","0","67301","0","0","0","N","0","0","0","1","67301","0","","6.0","","1","N","N","N","0","","0","0","1","","0","","","2","0","0","0","0","0","0","2","0","2","","","","N","","","","","","","","","",""
"2021053600","","1","0","0","0","0","0","0","0","0","1","0","","67","6","2021","6","40.032822","-75.024431","","6","0","0","0","0","0","0","1","0","","0","0","0","","","1","N","0","","40 01:58.160","","0","75 01:27.950","3","0","0","0","67301","0","0","0","N","0","0","0","1","67301","0","","1.0","","1","N","N","N","0","","1","0","0","","0","","","2","1","0","0","0","0","0","2","0","2","","03","","N","","","","","","","","","",""
"2021030128","","1","0","0","0","0","0","0","0","0","4","0","","67","3","2021","2","40.028547","-75.085357","","6","0","0","0","0","0","0","0","0","","0","0","0","","","1","","1","","40 01:42.769","7","0","75 05:07.285","3","0","0","0","67301","0","0","0","N","0","0","0","2","67301","0","","1.0","1040.0","1","N","N","N","0","","1","0","1","","2","Y","","2","1","0","0","0","0","0","2","0","2","","","","N","","","","","","","","","",""
"2021044887","","1","0","0","0","0","0","0","0","0","4","0","","67","5","2021","7","39.940323","-75.233618","","6","0","0","0","0","0","1","0","0","","0","0","0","","","1","","1","","39 56:25.163","1","0","75 14:01.023","2","0","1","1","67301","0","0","0","N","0","0","0","2","67301","0","","1.0","1935.0","1","N","Y","N","0","","0","1","0","","2","N","","2","1","0","0","0","0","0","2","0","2","","","","N","","","","","","","","","",""