"CRN","ARRIVAL_TM","AUTOMOBILE_COUNT","BELTED_DEATH_COUNT","BELTED_SUSP_SERIOUS_INJ_COUNT","BICYCLE_COUNT","BICYCLE_DEATH_COUNT","BICYCLE_SUSP_SERIOUS_INJ_COUNT","BUS_COUNT","CHLDPAS_DEATH_COUNT","CHLDPAS_SUSP_SERIOUS_INJ_COUNT","COLLISION_TYPE","COMM_VEH_COUNT","CONS_ZONE_SPD_LIM","COUNTY","CRASH_MONTH","CRASH_YEAR","DAY_OF_WEEK","DEC_LATITUDE","DEC_LONGITUDE","DISPATCH_TM","DISTRICT","DRIVER_COUNT_16YR","DRIVER_COUNT_17YR","DRIVER_COUNT_18YR","DRIVER_COUNT_19YR","DRIVER_COUNT_20YR","DRIVER_COUNT_50_64YR","DRIVER_COUNT_65_74YR","DRIVER_COUNT_75PLUS","EST_HRS_CLOSED","FATAL_COUNT","HEAVY_TRUCK_COUNT","HORSE_BUGGY_COUNT","HOUR_OF_DAY","ILLUMINATION","INJURY_COUNT","INTERSECTION_RELATED","INTERSECT_TYPE","LANE_CLOSED","LATITUDE","LN_CLOSE_DIR","LOCATION_TYPE","LONGITUDE","MAX_SEVERITY_LEVEL","MCYCLE_DEATH_COUNT","MCYCLE_SUSP_SERIOUS_INJ_COUNT","MOTORCYCLE_COUNT","MUNICIPALITY","NONMOTR_COUNT","NONMOTR_DEATH_COUNT","NONMOTR_SUSP_SERIOUS_INJ_COUNT","NTFY_HIWY_MAINT","PED_COUNT","PED_DEATH_COUNT","PED_SUSP_SERIOUS_INJ_COUNT","PERSON_COUNT","POLICE_AGCY","POSSIBLE_INJ_COUNT","RDWY_SURF_TYPE_CD","RELATION_TO_ROAD","ROADWAY_CLEARED","ROAD_CONDITION","SCH_BUS_IND","SCH_ZONE_IND","SECONDARY_CRASH","SMALL_TRUCK_COUNT","SPEC_JURIS_CD","SUSP_MINOR_INJ_COUNT","SUSP_SERIOUS_INJ_COUNT","SUV_COUNT","TCD_FUNC_CD","TCD_TYPE","TFC_DETOUR_IND","TIME_OF_DAY","TOTAL_UNITS","TOT_INJ_COUNT","UNBELTED_OCC_COUNT","UNB_DEATH_COUNT","UNB_SUSP_SERIOUS_INJ_COUNT","UNK_INJ_DEG_COUNT","UNK_INJ_PER_COUNT","URBAN_RURAL","VAN_COUNT","VEHICLE_COUNT","WEATHER1","WEATHER2","WORKERS_PRES","WORK_ZONE_IND","WORK_ZONE_LOC","WORK_ZONE_TYPE","WZ_CLOSE_DETOUR","WZ_FLAGGER","WZ_LAW_OFFCR_IND","WZ_LN_CLOSURE","WZ_MOVING","WZ_OTHER","WZ_SHLDER_MDN","WZ_WORKERS_INJ_KILLED"
"2021028804","","1","0","0","0","0","0","0","0","0","1","0","","67","3","2021","6","39.943123","-75.192867","","6","0","0","0","0","0","1","0","0","","0","0","0","","","0","N","0","","39 56:35.244","4","0","75 11:34.320","0","0","0","0","67301","0","0","0","N","0","0","0","3","68K01","0","","1.0","1830.0","1","N","N","N","0","","0","0","1","","0","N","","3","0","0","0","0","0","0","2","1","3","","03","","N","","","","","","","","","",""
"2021028237","","2","0","0","0","0","0","0","0","0","4","0","","67","3","2021","6","39.915899","-75.164491","","6","0","0","0","0","0","1","0","0","","0","0","0","","","3","","1","","39 54:57.236","","0","75 09:52.167","3","0","0","0","67301","0","0","0","N","0","0","0","5","67301","0","","1.0","","1","N","N","N","0","","3","0","0","","2","","","2","3","2","0","0","0","0","2","0","2","","","","N","","","","","","","","","",""
"2021020857","","1","0","0","0","0","0","0","0","0","4","0","","67","3","2021","2","39.996275","-75.104159","","6","0","0","1","0","0","0","0","0","","0","0","0","","","1","","2","","39 59:46.591","","0","75 06:14.972","4","0","0","0","67301","0","0","0","N","0","0","0","2","67301","1","","1.0","","1","N","N","N","0","","0","0","2","","3","","","3","1","0","0","0","0","0","2","0","3","","03","","N","","","","","","","","","",""
"2021028752","","2","0","0","0","0","0","0","0","0","6","0","","67","3","2021","2","40.038041","-75.123615","","6","0","0","0","0","0","0","0","0","","0","0","0","","","0","","3","","40 02:16.947","","0","75 07:25.013","9","0","0","0","67301","0","0","0","N","0","0","0","1","67301","0","","4.0","","1","N","N","N","0","","0","0","0","","0","","","2","0","0","0","0","0","1","2","0","2","","03","","N","","","","","","","","","",""
"2021026954","","2","0","0","0","0","0","0","0","0","1","0","","67","3","2021","2","40.031392","-75.152378","","6","0","0","0","0","0","0","0","0","","0","0","0","","","3","","1","","40 01:53.011","5","0","75 09:08.560","3","0","0","0","67301","0","0","0","N","0","0","0","6","67301","0","","1.0","840.0","1","N","Y","N","0","","3","0","1","","2","Y","","3","3","0","0","0","0","0","2","0","3","","03","","N","","","","","","","","","",""
"2021044395","","1","0","0","0","0","0","0","0","0","1","0","","67","2","2021","1","39.953861","-75.191889","","6","0","0","0","0","0","0","0","0","","0","0","0","","","1","N","0","","39 57:13.900","","0","75 11:30.800","3","0","0","0","67301","0","0","0","N","0","0","0","1","67301","0","","6.0","","1","N","N","Y","0","","1","0","1","","0","","","2","1","0","0","0","0","0","2","0","2","","","","N","","","","","","","","","",""
"2021045285","","0","0","0","0","0","0","0","0","0","7","1","","67","5","2021","2","39.932392","-75.218916","","6","0","0","0","0","0","0","0","0","","0","1","0","","","0","N","0","","39 55:56.611","6","1","75 13:08.097","0","0","0","0","67301","0","0","0","N","0","0","0","1","67301","0","","5.0","200.0","1","N","N","N","0","","0","0","0","","8","Y","","1","0","0","0","0","0","0","2","0","1","","03","","N","","","","","","","","","",""
"2021053938","","0","0","0","0","0","0","0","0","0","4","0","","67","6","2021","6","39.964407","-75.176261","","6","0","0","0","0","0","0","0","0","","0","0","0","","","0","","1","","39 57:51.864","","0","75 10:34.539","0","0","0","0","67301","0","0","0","N","0","0","0","2","67301","0","","1.0","","9","N","N","N","0","","0","0","2","","2","","","2","0","0","0","0","0","0","2","0","2","","07","","N","","","","","","","","","",""
"2021027926","","1","0","0","0","0","0","0","0","0","7","0","","67","3","2021","5","40.028001","-75.091008","","6","0","0","0","0","0","0","0","0","","0","0","0","","","0","","2","","40 01:40.803","","0","75 05:27.628","0","0","0","0","67301","0","0","0","N","0","0","0","1","67301","0","","5.0","","1","N","N","N","0","","0","0","0","","0","","","1","0","0","0","0","0","0","2","0","1","","04","","N","","","","","","","","","",""
"2021021969","","1","0","0","0","0","0","0","0","0","4","0","","67","2","2021","2","39.976454","-75.189359","","6","0","0","0","0","0","0","0","0","","0","0","0","","","0","","3","","39 58:35.233","","0","75 11:21.692","0","0","0","0","67301","0","0","0","N","0","0","0","2","67301","0","","1.0","","6","N","N","N","1","","0","0","0","","3","","","2","0","0","0","0","0","0","2","0","2","","04","","N","","","","","","","","","",""
"2021028545","","1","0","0","0","0","0","0","0","0","8","0","","67","3","2021","7","40.004294","-75.173826","","6","0","0","0","0","0","0","0","0","","0","0","0","","","2","","2","","40 00:15.459","","0","75 10:25.775","3","0","0","0","67301","1","0","0","N","1","0","0","2","67301","0","","1.0","","1","N","N","N","0","","2","0","0","","2","","","2","2","0","0","0","0","0","2","0","1","","03","","N","","","","","","","","","",""
"2021027896","","1","0","0","0","0","0","0","0","0","5","0","","67","3","2021","5","40.057081","-75.190933","","6","0","0","0","0","0","0","0","0","","0","0","0","","","0","N","0","","40 03:25.490","","0","75 11:27.360","0","0","0","0","67301","0","0","0","N","0","0","0","1","67301","0","","6.0","","1","N","N","N","1","","0","0","0","","0","","","3","0","0","0","0","0","0","2","1","3","","","","N","","","","","","","","","",""
"2021053585","","0","0","0","0","0","0","0","0","0","1","0","","67","6","2021","1","39.912169","-75.236814","","6","0","0","0","0","0","0","0","0","","0","1","0","","","0","N","0","","39 54:43.810","1","0","75 14:12.530","9","0","0","0","67301","0","0","0","N","0","0","0","1","67301","0","","5.0","210.0","1","N","N","N","0","","0","0","1","","0","N","","2","0","0","0","0","0","1","2","0","2","","03","","N","","","","","","","","","",""
"2021028455","","1","0","0","0","0","0","0","0","0","4","0","","67","3","2021","1","40.057351","-75.136849","","6","0","1","0","0","0","1","0","0","","0","0","0","","","1","","1","","40 03:26.463","","0","75 08:12.656","4","0","0","0","67301","0","0","0","N","0","0","0","5","67301","1","","1.0","","1","N","N","N","1","","0","0","0","","3","","","2","1","0","0","0","0","0","2","0","2","","03","","N","","","","","","","","","",""
"2021032834","","1","0","0","0","0","0","0","0","0","7","0","","67","4","2021","6","39.979607","-75.107768","","6","0","0","0","0","0","0","0","0","","0","0","0","","","1","N","0","","39 58:46.584","","1","75 06:27.966","3","0","0","0","67301","0","0","0","N","0","0","0","1","67301","0","","4.0","","1","N","N","N","0","","1","0","0","","0","","","1","1","0","0","0","0","0","2","0","1","","03","","N","","","","","","","","","",""
"2021046177","","2","0","0","0","0","0","0","0","0","1","0","","67","5","2021","1","40.015347","-75.176907","","6","0","0","0","0","0","0","0","0","","0","0","0","","","4","N","0","","40 00:55.248","","0","75 10:36.866","3","0","0","0","67301","0","0","0","N","0","0","0","5","67301","0","","1.0","","1","N","N","N","0","","4","0","0","","0","","","2","4","1","0","0","0","0","2","0","2","","03","","N","","","","","","","","","",""
"2021053575","","1","0","0","0","0","0","0","0","0","5","1","","67","5","2021","5","40.084384","-75.025088","","6","0","0","0","0","0","1","0","0","","0","1","0","","","1","N","0","","40 05:03.782","","0","75 01:30.318","8","0","0","0","67301","0","0","0","N","0","0","0","5","67301","0","","1.0","","1","N","N","N","0","","0","0","1","","2","","","3","1","0","0","0","1","2","2","0","3","","03","","N","","","","","","","","","",""
"2021024544","","3","0","0","0","0","0","0","0","0","1","0","","67","2","2021","3","39.996967","-75.117401","","6","0","0","0","0","0","0","0","0","","0","0","0","","","0","","1","","39 59:49.080","","0","75 07:02.645","0","0","0","0","67301","0","0","0","N","0","0","0","5","67301","0","","1.0","","1","N","N","N","0","","0","0","0","","2","","","4","0","0","0","0","0","0","2","1","4","","03","","N","","","","","","","","","",""
"2021027669","","4","0","0","0","0","0","0","0","0","5","0","","67","3","2021","4","39.968044","-75.225772","","6","0","0","0","0","0","0","0","0","","0","0","0","","","0","N","0","","39 58:04.960","","0","75 13:32.780","0","0","0","0","67301","0","0","0","N","0","0","0","1","67301","0","","6.0","","1","N","N","N","0","","0","0","0","","0","","","4","0","0","0","0","0","0","2","0","4","","03","","N","","","","","","","","","",""
"2021026266","","2","0","0","0","0","0","0","0","0","5","0","","67","3","2021","7","39.926197","-75.227736","","6","0","0","0","0","0","0","0","0","","0","0","0","","","0","N","0","","39 55:34.310","","0","75 13:39.850","0","0","0","0","67301","0","0","0","N","0","0","0","1","67301","0","","6.0","","1","N","N","N","0","","0","0","0","","0","","","2","0","0","0","0","0","0","2","0","2","","03","","N","","","","","","","","","",""
"2021052600","","1","0","0","0","0","0","0","0","0","7","0","","67","6","2021","5","40.038095","-75.011137","","6","0","0","0","0","0","0","0","0","","0","0","0","","","0","N","0","","40 02:17.143","","0","75 00:40.094","0","0","0","0","67301","0","0","0","N","0","0","0","1","68K01","0","","4.0","","1","N","N","N","0","","0","0","0","","0","","","1","0","0","0","0","0","0","2","0","1","","04","","N","","","","","","","","","",""
"2021053182","","0","0","0","0","0","0","1","0","0","4","1","","67","6","2021","1","40.019639","-75.073373","","6","0","0","0","0","0","1","0","0","","0","0","0","","","1","","1","","40 01:10.699","","0","75 04:24.144","4","0","0","0","67301","0","0","0","N","0","0","0","3","67508","1","","1.0","","1","N","N","Y","1","","0","0","0","","2","N","","2","1","0","0","0","0","0","2","0","2","","03","","N","","","","","","","","","",""
"2021045695","","1","0","0","0","0","0","0","0","0","4","0","","67","5","2021","4","40.016561","-75.171016","","6","0","0","0","0","0","0","0","0","","0","0","0","","","0","N","0","","40 00:59.619","","0","75 10:15.658","0","0","0","0","67301","0","0","0","N","0","0","0","2","67301","0","","1.0","","1","N","N","N","1","","0","0","0","","0","","","2","0","0","0","0","0","0","2","0","2","","","","N","","","","","","","","","",""
"2021032334","","1","0","0","0","0","0","0","0","0","4","0","","67","4","2021","5","40.024314","-75.161267","","6","0","0","0","0","0","0","0","0","","0","0","0","","","1","","1","","40 01:27.530","","0","75 09:40.561","8","0","0","0","67301","0","0","0","N","0","0","0","2","67301","0","","1.0","","1","N","N","N","0","","0","0","1","","3","","","2","1","0","0","0","1","0","2","0","2","","","","N","","","","","","","","","",""
"2021021667","","2","0","0","0","0","0","0","0","0","4","0","","67","2","2021","4","39.956586","-75.152414","","6","0","0","0","0","0","1","0","0","","0","0","0","","","1","","5","","39 57:23.709","2","2","75 09:08.690","3","0","0","0","67301","0","0","0","N","0","0","0","3","67301","0","","1.0","1210.0","1","N","N","N","0","","1","0","0","","2","N","","2","1","0","0","0","0","0","2","0","2","","03","","N","","","","","","","","","",""
"2021051746","","1","0","0","0","0","0","0","0","0","7","0","","67","6","2021","1","40.003667","-75.190527","","6","0","0","0","0","0","0","0","0","","0","0","0","","","1","N","0","","40 00:13.200","5","0","75 11:25.897","3","0","0","0","67301","0","0","0","N","0","0","0","1","67301","0","","2.0","940.0","1","N","N","N","0","","1","0","0","","0","Y","","1","1","0","0","0","0","0","2","0","1","","","","N","","","","","","","","","",""
"2021027893","","2","0","0","0","0","0","0","0","0","4","0","","67","3","2021","4","40.044572","-75.174938","","6","0","0","0","0","0","0","0","0","","0","0","0","","","2","","2","","40 02:40.458","5","0","75 10:29.778","3","0","0","0","67301","0","0","0","N","0","0","0","2","67301","1","","1.0","2030.0","9","N","N","N","0","","1","0","0","","3","N","","2","2","0","0","0","0","0","2","0","2","","04","","N","","","","","","","","","",""
"2021031956","","2","0","0","0","0","0","0","0","0","4","0","","67","3","2021","2","40.010395","-75.079284","","6","0","0","0","0","0","0","0","0","","0","0","0","","","1","","1","","40 00:37.422","","0","75 04:45.422","8","0","0","0","67301","0","0","0","N","0","0","0","2","67301","0","","1.0","","1","N","N","N","0","","0","0","0","","2","","","2","1","0","0","0","1","0","2","0","2","","03","","N","","","","","","","","","",""
"2021033406","","1","0","0","0","0","0","0","0","0","5","0","","67","4","2021","6","39.992389","-75.099444","","6","0","0","0","0","0","1","0","0","","0","0","0","","","1","N","0","","39 59:32.600","","0","75 05:58.000","3","0","0","1","67301","0","0","0","N","0","0","0","2","67301","0","","1.0","","1","N","N","N","0","","1","0","0","","0","","","2","1","1","0","0","0","0","2","0","2","","04","","N","","","","","","","","","",""
"2021028530","","2","0","0","0","0","0","0","0","0","4","0","","67","3","2021","7","39.938651","-75.142337","","6","0","0","0","0","0","1","0","0","","0","0","0","","","0","","2","","39 56:19.144","","2","75 08:32.414","0","0","0","0","67301","0","0","0","N","0","0","0","2","67301","0","","1.0","","1","N","N","N","0","","0","0","0","","2","","","2","0","0","0","0","0","0","2","0","2","","03","","N","","","","","","","","","",""
"2021027509","","0","0","0","0","0","0","0","0","0","8","0","","67","3","2021","2","40.031874","-75.131503","","6","0","0","0","0","0","0","0","0","","0","0","0","","","1","","1","","40 01:54.746","","0","75 07:53.410","3","0","0","0","67301","1","0","0","N","1","0","0","2","67301","0","","1.0","","99","N","N","N","0","","1","0","0","","2","","","2","1","0","0","0","0","0","2","0","1","","","","N","","","","","","","","","",""
"2021028162","","2","0","0","0","0","0","0","0","0","1","0","","67","3","2021","5","40.057057","-75.174931","","6","0","0","0","0","0","0","0","0","","0","0","0","","","1","N","0","","40 03:25.404","","0","75 10:29.750","4","0","0","0","67301","0","0","0","N","0","0","0","1","67301","1","","6.0","","1","N","N","N","0","","0","0","0","","0","","","2","1","0","0","0","0","0","2","0","2","","03","","N","","","","","","","","","",""
"2021018517","","0","0","0","0","0","0","0","0","0","5","0","","67","2","2021","2","39.958632","-75.225149","","6","0","0","0","0","0","0","0","0","","0","0","0","","","0","N","0","","39 57:31.076","1","0","75 13:30.538","0","0","0","0","67301","0","0","0","N","0","0","0","2","67301","0","","1.0","1140.0","9","N","N","N","0","","0","0","1","","0","N","","2","0","0","0","0","0","0","2","1","2","","98","","N","","","","","","","","","",""
"2021031094","","0","0","0","0","0","0","0","0","0","7","0","","67","3","2021","6","39.907438","-75.149866","","6","0","0","0","0","0","0","0","0","","0","0","0","","","1","N","0","","39 54:26.777","","8","75 08:59.517","3","0","0","0","67301","0","0","0","N","0","0","0","1","68K01","0","","4.0","","1","N","N","N","0","","1","0","1","","0","","","1","1","1","0","0","0","0","2","0","1","","03","","N","","","","","","","","","",""
"2021024549","","0","0","0","0","0","0","0","0","0","1","0","","67","3","2021","2","40.02026","-75.114068","","6","0","0","0","0","0","0","0","0","","0","0","0","","","1","","1","","40 01:12.937","","0","75 06:50.646","3","0","0","0","67301","0","0","0","N","0","0","0","3","67301","0","","1.0","","9","N","N","N","0","","1","0","2","","2","","","2","1","3","0","0","0","0","2","0","2","","07","","N","","","","","","","","","",""
"2021037477","","2","0","0","0","0","0","0","0","0","4","0","","67","4","2021","2","39.956552","-75.231667","","6","0","0","0","0","0","0","0","0","","0","0","0","","","1","","1","","39 57:23.587","","0","75 13:54.001","4","0","0","0","67301","0","0","0","N","0","0","0","3","67301","1","","1.0","","1","N","N","N","0","","0","0","1","","3","","","3","1","1","0","0","0","0","2","0","3","","03","","N","","","","","","","","","",""
"2021030239","","3","0","0","0","0","0","0","0","0","4","0","","67","3","2021","2","39.991523","-75.226567","","6","0","0","1","0","0","0","0","0","","0","0","0","","","0","","1","","39 59:29.482","","0","75 13:35.641","0","0","0","0","67301","0","0","0","N","0","0","0","2","67301","0","","1.0","","1","N","N","N","0","","0","0","1","","2","","","4","0","0","0","0","0","0","2","0","4","","","","N","","","","","","","","","",""
"2021028854","","2","0","0","0","0","0","0","0","0","4","0","","67","3","2021","7","39.899402","-75.17478","","6","0","0","0","0","0","1","1","0","","0","0","0","","","1","","5","","39 53:57.846","","2","75 10:29.207","3","0","0","0","67301","0","0","0","N","0","0","0","4","67301","0","","1.0","","1","N","N","N","0","","1","0","0","","2","","","2","1","0","0","0","0","0","2","0","2","","03","","N","","","","","","","","","",""
"2021026953","","2","0","0","0","0","0","0","0","0","5","0","","67","3","2021","3","40.013367","-75.146883","","6","0","0","0","0","0","0","0","0","","0","0","0","","","0","N","0","","40 00:48.120","","0","75 08:48.780","0","0","0","0","67301","0","0","0","N","0","0","0","1","67301","0","","6.0","","1","N","N","N","0","","0","0","1","","0","","","3","0","0","0","0","0","0","2","0","3","","","","N","","","","","","","","","",""
"2021057111","","4","0","0","0","0","0","0","0","0","4","0","","67","6","2021","4","39.914511","-75.2382","","6","0","0","0","0","0","0","0","0","","0","0","0","","","2","N","0","","39 54:52.240","3","0","75 14:17.520","3","0","0","0","67301","0","0","0","N","0","0","0","2","67301","0","","4.0","630.0","1","N","N","N","0","","2","0","0","","0","N","","4","2","0","0","0","0","0","2","0","4","","03","","N","","","","","","","","","",""
"2021028857","","0","0","0","0","0","0","0","0","0","7","0","","67","3","2021","1","39.930342","-75.14405","","6","0","0","0","0","0","0","0","0","","0","0","0","","","1","N","0","","39 55:49.230","1","0","75 08:38.580","3","0","0","0","67301","0","0","0","N","0","0","0","1","67301","0","","4.0","2105.0","9","N","N","N","0","","1","0","1","","0","N","","1","1","0","0","0","0","0","2","0","1","","","","N","","","","","","","","","",""
"2021019286","","1","0","0","0","0","0","0","0","0","4","0","","67","2","2021","4","39.957138","-75.214338","","6","0","0","0","0","0","0","0","0","","0","0","0","","","1","","1","","39 57:25.696","","0","75 12:51.617","3","0","0","1","67301","0","0","0","N","0","0","0","2","67301","0","","1.0","","1","N","N","N","0","","1","0","0","","2","","","2","1","0","0","0","0","0","2","0","2","","03","","N","","","","","","","","","",""
"2021020858","","0","0","0","0","0","0","0","0","0","8","0","","67","3","2021","2","40.022705","-75.133512","","6","0","0","0","0","0","0","0","0","","0","0","0","","","1","","1","","40 01:21.738","","0","75 08:00.643","3","0","0","0","67301","1","0","0","N","1","0","0","2","67301","0","","1.0","","99","N","N","N","0","","1","0","0","","2","","","2","1","0","0","0","0","0","2","0","1","","","","N","","","","","","","","","",""
"2021053631","","2","0","0","0","0","0","0","0","0","4","0","","67","3","2021","5","40.012984","-75.119382","","6","0","0","0","0","0","0","0","0","","0","0","0","","","0","","1","","40 00:46.743","","0","75 07:09.776","0","0","0","0","67301","0","0","0","N","0","0","0","2","67301","0","","1.0","","1","N","N","N","0","","0","0","0","","2","","","2","0","0","0","0","0","0","2","0","2","","03","","N","","","","","","","","","",""
"2021019837","","2","0","0","0","0","0","0","0","0","5","0","","67","2","2021","5","39.998917","-75.109028","","6","0","0","0","0","0","1","0","0","","0","0","0","","","0","N","0","","39 59:56.100","","1","75 06:32.500","0","0","0","0","67301","0","0","0","N","0","0","0","2","67301","0","","1.0","","1","N","N","N","0","","0","0","0","","0","","","2","0","0","0","0","0","0","2","0","2","","03","","N","","","","","","","","","",""
"2021044026","","2","0","0","0","0","0","0","0","0","4","0","","67","5","2021","6","39.970374","-75.148139","","6","0","0","0","1","0","0","0","0","","0","0","0","","","0","","1","","39 58:13.346","","0","75 08:53.302","0","0","0","0","67301","0","0","0","N","0","0","0","2","67301","0","","1.0","","1","N","N","N","0","","0","0","0","","2","","","2","0","0","0","0","0","0","2","0","2","","","","N","","","","","","","","","",""
"2021057419","","2","0","0","0","0","0","0","0","0","1","0","","67","6","2021","7","39.958084","-75.163501","","6","0","0","0","0","0","0","0","0","","0","0","0","","","0","N","0","","39 57:29.101","4","0","75 09:48.605","0","0","0","0","67301","0","0","0","N","0","0","0","3","68K01","0","","1.0","1442.0","1","N","N","N","0","","0","0","0","","0","N","","2","0","0","0","0","0","0","2","0","2","","","","N","","","","","","","","","",""
"2021051825","","1","0","0","0","0","0","0","0","0","2","0","","67","6","2021","1","40.054556","-74.983926","","6","0","0","0","0","0","1","0","0","","0","0","0","","","2","N","0","","40 03:16.402","","0","74 59:02.133","4","0","0","0","67301","0","0","0","N","0","0","0","2","67301","1","","1.0","","1","N","N","N","0","","0","0","1","","0","","","2","2","0","0","0","1","0","2","0","2","","03","","N","","","","","","","","","",""
"2021028393","","1","0","0","0","0","0","0","0","0","4","0","","67","3","2021","6","40.029478","-75.146829","","6","0","0","0","0","0","1","0","0","","0","0","0","","","2","","1","","40 01:46.120","","0","75 08:48.586","2","0","0","0","67301","0","0","0","N","0","0","0","3","67301","0","","1.0","","1","N","N","N","0","","0","2","0","","2","","","2","2","0","0","0","0","1","2","0","2","","03","","N","","","","","","","","","",""
"2021026367","","1","0","0","0","0","0","0","0","0","2","0","","67","3","2021","7","40.028231","-75.145906","","6","0","0","0","0","0","0","0","0","","0","0","0","","","2","N","0","","40 01:41.630","","0","75 08:45.260","8","0","0","0","67301","0","0","0","N","0","0","0","3","67301","0","","1.0","","1","N","N","N","0","","0","0","1","","0","","","2","2","1","0","0","2","0","2","0","2","","","","N","","","","","","","","","",""
"2021027990","","1","0","0","0","0","0","0","0","0","5","0","","67","3","2021","6","39.987889","-75.141119","","6","0","0","0","0","0","0","0","0","","0","0","0","","","0","N","0","","39 59:16.400","","0","75 08:28.030","0","0","0","0","67301","0","0","0","N","0","0","0","1","67301","0","","6.0","","9","N","N","N","0","","0","0","1","","0","","","2","0","1","0","0","0","0","2","0","2","","03","","N","","","","","","","","","",""
"2021053913","","1","0","0","0","0","0","0","0","0","1","0","","67","6","2021","5","39.960068","-75.179394","","6","0","0","0","0","0","1","0","0","","0","0","0","","","0","N","0","","39 57:36.245","4","0","75 10:45.819","0","0","0","0","67301","0","0","0","N","0","0","0","2","68K01","0","","4.0","2030.0","1","N","N","N","1","","0","0","0","","0","N","","2","0","0","0","0","0","0","2","0","2","","","","N","","","","","","","","","",""
"2021051410","","1","0","0","0","0","0","0","0","0","2","0","","67","6","2021","5","40.084494","-74.973783","","6","0","0","0","0","0","0","0","1","","0","0","0","","","2","","1","","40 05:04.180","","0","74 58:25.617","3","0","0","0","67301","0","0","0","N","0","0","0","2","67301","1","","4.0","","9","N","N","N","1","","1","0","0","","2","","","2","2","0","0","0","0","0","2","0","2","","07","","N","","","","","","","","","",""
"2021028045","","2","0","0","0","0","0","0","0","0","1","0","","67","3","2021","5","40.007742","-75.19206","","6","0","0","0","0","0","0","0","0","","0","0","0","","","1","N","0","","40 00:27.871","2","3","75 11:31.416","4","0","0","0","67301","0","0","0","N","0","0","0","3","67301","1","","1.0","745.0","1","N","N","N","0","","0","0","0","","0","N","","2","1","3","0","0","0","0","2","0","2","","03","","N","","","","","","","","","",""
"2021053595","","2","0","0","0","0","0","0","0","0","5","0","","67","6","2021","3","40.071218","-75.185808","","6","0","0","0","0","0","0","0","0","","0","0","0","","","2","N","0","","40 04:16.385","","7","75 11:08.907","3","0","0","0","67301","0","0","0","N","0","0","0","2","67301","0","","1.0","","9","N","N","N","0","","2","0","0","","0","","","2","2","0","0","0","0","0","2","0","2","","","","N","","","","","","","","","",""
"2021030831","","1","0","0","0","0","0","0","0","0","7","0","","67","3","2021","4","39.933199","-75.200006","","6","0","0","0","0","0","0","0","0","","0","0","0","","","0","N","0","","39 55:59.517","4","0","75 12:00.020","0","0","0","0","67301","0","0","0","N","0","0","0","1","68K01","0","","3.0","2120.0","9","N","N","N","0","","0","0","0","","0","N","","1","0","0","0","0","0","0","2","0","1","","05","","N","","","","","","","","","",""
"2021021754","","0","0","0","0","0","0","0","0","0","5","0","","67","2","2021","4","39.931461","-75.143803","","6","0","0","0","0","0","0","0","0","","0","0","0","","","2","N","0","","39 55:53.258","","0","75 08:37.691","3","0","0","1","67301","0","0","0","N","0","0","0","3","67301","0","","1.0","","99","N","N","N","0","","2","0","0","","0","","","2","2","0","0","0","0","0","2","1","2","","03","","N","","","","","","","","","",""
"2021057127","","0","0","0","0","0","0","0","0","0","4","0","","67","6","2021","6","40.082929","-75.206312","","6","0","0","0","0","0","1","0","0","","0","0","0","","","2","","2","","40 04:58.544","","0","75 12:22.723","3","0","0","1","67301","0","0","0","N","0","0","0","2","67301","0","","1.0","","1","N","N","N","0","","2","0","0","","0","","","2","2","1","0","0","0","0","2","1","2","","03","","N","","","","","","","","","",""
"2021053670","","1","0","0","0","0","0","0","0","0","4","0","","67","6","2021","4","40.029245","-75.147302","","6","0","0","0","0","0","0","0","1","","0","0","0","","","1","","2","","40 01:45.282","","0","75 08:50.287","3","0","0","0","67301","0","0","0","N","0","0","0","3","67301","0","","1.0","","9","N","N","N","0","","1","0","1","","3","","","2","1","0","0","0","0","0","2","0","2","","","","N","","","","","","","","","",""
"2021027248","","2","0","0","0","0","0","0","0","0","3","0","","67","3","2021","3","39.986333","-75.140028","","6","0","0","0","0","1","0","0","0","","0","0","0","","","0","N","0","","39 59:10.800","","0","75 08:24.100","0","0","0","0","67301","0","0","0","N","0","0","0","2","67301","0","","1.0","","1","N","N","N","0","","0","0","0","","0","","","2","0","0","0","0","0","0","2","0","2","","","","N","","","","","","","","","",""
"2021028856","","2","0","0","0","0","0","0","0","0","6","0","","67","3","2021","1","39.906925","-75.161669","","6","0","0","0","0","0","0","0","0","","0","0","0","","","0","N","0","","39 54:24.930","","0","75 09:42.010","0","0","0","0","67301","0","0","0","N","0","0","0","1","67301","0","","6.0","","9","N","N","N","0","","0","0","0","","0","","","2","0","0","0","0","0","0","2","0","2","","07","","N","","","","","","","","","",""
"2021032419","","0","0","0","0","0","0","0","0","0","4","0","","67","4","2021","5","39.928449","-75.168732","","6","0","0","0","0","0","0","0","0","","0","0","0","","","2","N","0","","39 55:42.417","","0","75 10:07.434","4","0","0","1","67301","0","0","0","N","0","0","0","2","67301","1","","1.0","","1","N","N","N","0","","0","0","0","","0","","","2","2","0","0","0","1","0","2","0","2","","03","","N","","","","","","","","","",""