"CRN","ARRIVAL_TM","AUTOMOBILE_COUNT","BELTED_DEATH_COUNT","BELTED_SUSP_SERIOUS_INJ_COUNT","BICYCLE_COUNT","BICYCLE_DEATH_COUNT","BICYCLE_SUSP_SERIOUS_INJ_COUNT","BUS_COUNT","CHLDPAS_DEATH_COUNT","CHLDPAS_SUSP_SERIOUS_INJ_COUNT","COLLISION_TYPE","COMM_VEH_COUNT","CONS_ZONE_SPD_LIM","COUNTY","CRASH_MONTH","CRASH_YEAR","DAY_OF_WEEK","DEC_LATITUDE","DEC_LONGITUDE","DISPATCH_TM","DISTRICT","DRIVER_COUNT_16YR","DRIVER_COUNT_17YR","DRIVER_COUNT_18YR","DRIVER_COUNT_19YR","DRIVER_COUNT_20YR","DRIVER_COUNT_50_64YR","DRIVER_COUNT_65_74YR","DRIVER_COUNT_75PLUS","EST_HRS_CLOSED","FATAL_COUNT","HEAVY_TRUCK_COUNT","HORSE_BUGGY_COUNT","HOUR_OF_DAY","ILLUMINATION","INJURY_COUNT","INTERSECTION_RELATED","INTERSECT_TYPE","LANE_CLOSED","LATITUDE","LN_CLOSE_DIR","LOCATION_TYPE","LONGITUDE","MAX_SEVERITY_LEVEL","MCYCLE_DEATH_COUNT","MCYCLE_SUSP_SERIOUS_INJ_COUNT","MOTORCYCLE_COUNT","MUNICIPALITY","NONMOTR_COUNT","NONMOTR_DEATH_COUNT","NONMOTR_SUSP_SERIOUS_INJ_COUNT","NTFY_HIWY_MAINT","PED_COUNT","PED_DEATH_COUNT","PED_SUSP_SERIOUS_INJ_COUNT","PERSON_COUNT","POLICE_AGCY","POSSIBLE_INJ_COUNT","RDWY_SURF_TYPE_CD","RELATION_TO_ROAD","ROADWAY_CLEARED","ROAD_CONDITION","SCH_BUS_IND","SCH_ZONE_IND","SECONDARY_CRASH","SMALL_TRUCK_COUNT","SPEC_JURIS_CD","SUSP_MINOR_INJ_COUNT","SUSP_SERIOUS_INJ_COUNT","SUV_COUNT","TCD_FUNC_CD","TCD_TYPE","TFC_DETOUR_IND","TIME_OF_DAY","TOTAL_UNITS","TOT_INJ_COUNT","UNBELTED_OCC_COUNT","UNB_DEATH_COUNT","UNB_SUSP_SERIOUS_INJ_COUNT","UNK_INJ_DEG_COUNT","UNK_INJ_PER_COUNT","URBAN_RURAL","VAN_COUNT","VEHICLE_COUNT","WEATHER1","WEATHER2","WORKERS_PRES","WORK_ZONE_IND","WORK_ZONE_LOC","WORK_ZONE_TYPE","WZ_CLOSE_DETOUR","WZ_FLAGGER","WZ_LAW_OFFCR_IND","WZ_LN_CLOSURE","WZ_MOVING","WZ_OTHER","WZ_SHLDER_MDN","WZ_WORKERS_INJ_KILLED"
"2021053849","","0","0","0","0","0","0","0","0","0","7","0","","67","5","2021","1","39.933072","-75.200017","","6","0","0","0","0","0","0","0","0","","0","0","0","","","0","N","0","","39 55:59.059","","0","75 12:00.062","0","0","0","0","67301","0","0","0","N","0","0","0","1","68K01","0","","4.0","","1","N","N","N","0","","0","0","1","","0","","","1","0","0","0","0","0","0","2","0","1","","","","N","","","","","","","","","",""
"2021053589","","1","0","0","0","0","0","0","0","0","8","0","","67","6","2021","3","39.922761","-75.226453","","6","0","0","0","0","0","1","0","0","","0","0","0","","","1","N","0","","39 55:21.940","","0","75 13:35.230","2","0","0","0","67301","1","0","1","N","1","0","1","2","67301","0","","1.0","","9","N","N","N","0","","0","1","0","","0","","","2","1","0","0","0","0","0","2","0","1","","03","","N","","","","","","","","","",""
"2021045359","","1","0","0","0","0","0","0","0","0","1","0","","67","5","2021","2","40.003151","-75.0777","","6","0","0","0","0","0","1","0","0","","0","0","0","","","2","N","0","","40 00:11.342","","0","75 04:39.720","8","0","0","0","67301","0","0","0","N","0","0","0","3","68K01","0","","1.0","","1","N","N","N","1","","0","0","0","","0","","","2","2","0","0","0","2","0","2","0","2","","","","N","","","","","","","","","",""
"2021028394","","1","0","0","0","0","0","0","0","0","8","0","","67","3","2021","7","40.049647","-75.123042","","6","0","0","0","0","0","0","0","0","","0","0","0","","","1","N","0","","40 02:58.730","","0","75 07:22.950","3","0","0","0","67301","1","0","0","N","1","0","0","3","67301","0","","1.0","","1","N","N","N","0","","1","0","0","","0","","","2","1","0","0","0","0","0","2","0","1","","03","","N","","","","","","","","","",""
"2021031099","","1","0","0","0","0","0","0","0","0","7","0","","67","3","2021","2","39.978719","-75.110214","","6","0","0","0","0","0","0","0","0","","0","0","0","","","1","N","0","","39 58:43.387","2","0","75 06:36.772","8","0","0","0","67301","0","0","0","N","0","0","0","1","68K01","0","","3.0","150.0","1","N","N","N","0","","0","0","0","","0","N","","1","1","0","0","0","1","0","2","0","1","","03","","N","","","","","","","","","",""
"2021028860","","2","0","0","0","0","0","0","0","0","1","0","","67","3","2021","1","39.936181","-75.195511","","6","0","0","0","0","0","0","0","0","","0","0","0","","","0","N","0","","39 56:10.250","","0","75 11:43.840","0","0","0","0","67301","0","0","0","N","0","0","0","1","67301","0","","6.0","","9","N","N","N","0","","0","0","1","","0","","","3","0","0","0","0","0","0","2","0","3","","07","","N","","","","","","","","","",""
"2021027246","","1","0","0","0","0","0","0","0","0","1","0","","67","3","2021","3","40.034797","-75.039019","","6","0","0","0","0","0","0","0","0","","0","0","0","","","0","N","0","","40 02:05.270","3","0","75 02:20.467","0","0","0","0","67301","0","0","0","N","0","0","0","2","67301","0","","1.0","1841.0","1","N","N","N","0","","0","0","1","","0","N","","2","0","0","0","0","0","0","2","0","2","","03","","N","","","","","","","","","",""
"2021027145","","1","0","0","0","0","0","0","0","0","5","0","","67","3","2021","2","39.997082","-75.153777","","6","0","0","0","0","0","0","0","0","","0","0","0","","","1","N","0","","39 59:49.495","","0","75 09:13.597","3","0","0","0","67301","0","0","0","N","0","0","0","2","67301","0","","1.0","","1","N","N","N","0","","1","0","0","","0","","","2","1","0","0","0","0","0","2","1","2","","03","","N","","","","","","","","","",""
"2021051992","","1","0","0","0","0","0","0","0","0","5","0","","67","5","2021","7","39.932647","-75.200039","","6","0","0","0","0","1","0","0","0","","0","0","0","","","1","N","0","","39 55:57.530","4","0","75 12:00.140","8","0","0","0","67301","0","0","0","N","0","0","0","2","68K01","0","","4.0","1240.0","9","N","N","N","0","","0","0","1","","8","N","","2","1","0","0","0","1","0","2","0","2","","","","N","","","","","","","","","",""
"2021021121","","1","0","0","0","0","0","0","0","0","4","0","","67","3","2021","3","39.925559","-75.169417","","6","0","0","0","0","0","0","0","0","","0","0","0","","","1","","5","","39 55:32.012","","0","75 10:09.901","3","0","0","0","67301","0","0","0","N","0","0","0","2","67301","0","","1.0","","1","N","N","N","0","","1","0","1","","2","","","2","1","0","0","0","0","0","2","0","2","","","","N","","","","","","","","","",""
"2021028689","","1","0","1","0","0","0","0","0","0","1","0","","67","3","2021","1","40.069239","-75.163524","","6","0","0","0","0","0","0","1","0","","0","0","0","","","1","N","0","","40 04:09.262","","0","75 09:48.688","2","0","0","0","67301","0","0","0","N","0","0","0","1","67301","0","","6.0","","9","N","N","N","0","","0","1","1","","0","","","2","1","0","0","0","0","0","2","0","2","","07","","N","","","","","","","","","",""
"2021028864","","3","0","0","0","0","0","0","0","0","2","0","","67","3","2021","1","40.0445","-75.153833","","6","1","0","0","0","0","0","2","0","","0","0","0","","","3","N","0","","40 02:40.200","5","0","75 09:13.800","3","0","0","0","67301","0","0","0","N","0","0","0","5","67301","0","","1.0","100.0","9","N","N","N","0","","3","0","1","","0","Y","","4","3","2","0","0","0","0","2","0","4","","","","N","","","","","","","","","",""
"2021031571","","2","0","0","0","0","0","0","0","0","4","0","","67","3","2021","1","40.058431","-75.046696","","6","0","0","0","0","0","0","0","0","","0","0","0","","","2","","1","","40 03:30.351","","0","75 02:48.105","3","0","0","0","67301","0","0","0","N","0","0","0","2","67301","0","","1.0","","9","N","N","N","0","","2","0","0","","3","","","2","2","2","0","0","0","0","2","0","2","","","","N","","","","","","","","","",""
"2021053568","","1","0","0","0","0","0","0","0","0","5","0","","67","6","2021","1","39.930783","-75.161264","","6","0","0","0","0","0","0","1","0","","0","0","0","","","0","","1","","39 55:50.818","","0","75 09:40.550","0","0","0","0","67301","0","0","0","N","0","0","0","2","67301","0","","1.0","","1","N","N","N","1","","0","0","0","","3","","","2","0","0","0","0","0","0","2","0","2","","03","","N","","","","","","","","","",""
"2021018903","","1","0","0","0","0","0","0","0","0","4","0","","67","2","2021","4","39.955591","-75.189661","","6","0","0","0","0","0","0","0","0","","0","0","0","","","1","N","0","","39 57:20.129","","0","75 11:22.778","4","0","0","0","67301","0","0","0","N","0","0","0","3","67507","1","","1.0","","1","N","N","N","0","","0","0","1","","0","","","2","1","0","0","0","0","0","2","0","2","","","","N","","","","","","","","","",""
"2021045417","","0","0","0","0","0","0","0","0","0","8","0","","67","5","2021","3","39.966606","-75.154833","","6","0","0","0","0","0","0","0","0","","0","0","0","","","1","N","0","","39 57:59.780","3","0","75 09:17.400","2","0","0","0","67301","1","0","1","N","1","0","1","2","67301","0","","1.0","100.0","1","N","N","N","0","","0","1","1","","0","N","","2","1","0","0","0","0","0","2","0","1","","","","N","","","","","","","","","",""
"2021022711","","1","0","0","0","0","0","0","0","0","4","0","","67","3","2021","2","39.947447","-75.187633","","6","0","0","0","0","0","0","0","0","","0","0","0","","","1","","1","","39 56:50.808","","8","75 11:15.478","3","0","0","0","67301","0","0","0","N","0","0","0","2","67301","0","","1.0","","1","N","N","N","0","","1","0","1","","2","","","2","1","0","0","0","0","0","2","0","2","","03","","N","","","","","","","","","",""
"2021028814","","1","0","0","0","0","0","0","0","0","7","0","","67","3","2021","1","39.967216","-75.132624","","6","0","0","0","0","0","0","0","0","","0","0","0","","","1","N","0","","39 58:01.978","","0","75 07:57.446","3","0","0","0","67301","0","0","0","N","0","0","0","1","68K01","0","","3.0","","1","N","N","N","0","","1","0","0","","0","","","1","1","1","0","0","0","0","2","0","1","","","","N","","","","","","","","","",""
"2021053627","","1","0","0","0","0","0","0","0","0","2","0","","67","6","2021","6","39.995178","-75.109506","","6","0","0","0","0","0","0","0","0","","0","0","0","","","1","N","0","","39 59:42.640","","0","75 06:34.220","3","0","0","0","67301","0","0","0","N","0","0","0","1","67301","0","","6.0","","1","N","N","N","0","","1","0","1","","0","","","2","1","0","0","0","0","0","2","0","2","","04","","N","","","","","","","","","",""
"2021027928","","1","0","0","0","0","0","0","0","0","4","0","","67","3","2021","6","39.996718","-75.115468","","6","0","0","0","0","0","0","0","0","","0","0","0","","","2","","1","","39 59:48.185","","0","75 06:55.684","8","0","0","0","67301","1","0","0","N","1","0","0","3","67301","0","","1.0","","9","N","N","Y","0","","0","0","1","","2","","","3","2","0","0","0","2","0","2","0","2","","07","","N","","","","","","","","","",""
"2021019289","","2","0","0","0","0","0","0","0","0","4","0","","67","2","2021","5","39.996924","-75.164969","","6","0","0","0","0","1","0","0","0","","0","0","0","","","0","","2","","39 59:48.926","","0","75 09:53.888","0","0","0","0","67301","0","0","0","N","0","0","0","2","67301","0","","1.0","","1","N","N","N","0","","0","0","0","","3","","","2","0","0","0","0","0","0","2","0","2","","03","","N","","","","","","","","","",""
"2021051995","","1","0","0","0","0","0","0","0","0","5","0","","67","5","2021","1","39.955206","-75.147808","","6","0","0","0","0","0","1","0","0","","0","0","0","","","1","N","0","","39 57:18.740","3","0","75 08:52.110","4","0","0","0","67301","0","0","0","N","0","0","0","2","68K01","1","","1.0","940.0","9","N","N","N","0","","0","0","0","","8","N","","2","1","0","0","0","0","1","2","0","2","","","","N","","","","","","","","","",""
"2021051568","","0","0","0","0","0","0","0","0","0","4","0","","67","6","2021","6","39.977363","-75.227077","","6","0","0","0","0","0","1","0","0","","0","0","0","","","1","","1","","39 58:38.507","","0","75 13:37.478","8","0","0","0","67301","0","0","0","N","0","0","0","3","67301","0","","1.0","","9","N","N","N","1","","0","0","1","","2","","","2","1","0","0","0","1","1","2","0","2","","07","","N","","","","","","","","","",""
"2021058053","","0","0","0","0","0","0","0","0","0","7","0","","67","6","2021","7","40.001597","-75.194584","","6","0","0","0","0","0","0","0","0","","0","0","0","","","0","N","0","","40 00:05.749","","0","75 11:40.504","0","0","0","0","67301","0","0","0","N","0","0","0","2","68K01","0","","4.0","","9","N","N","N","0","","0","0","1","","0","","","1","0","0","0","0","0","0","2","0","1","","","","N","","","","","","","","","",""
"2021029401","","0","0","0","0","0","0","0","0","0","8","0","","67","3","2021","2","39.955832","-75.235997","","6","0","0","0","0","0","0","0","0","","0","0","0","","","1","","1","","39 57:20.995","","0","75 14:09.589","3","0","0","0","67301","1","0","0","N","1","0","0","2","67301","0","","1.0","","1","N","N","N","0","","1","0","1","","2","","","2","1","0","0","0","0","1","2","0","1","","03","","N","","","","","","","","","",""
"2021052280","","1","0","0","0","0","0","0","0","0","4","0","","67","6","2021","2","40.043347","-75.167011","","6","0","0","0","0","0","1","1","0","","0","0","0","","","1","N","0","","40 02:36.050","6","7","75 10:01.240","8","0","0","1","67301","0","0","0","N","0","0","0","2","67301","0","","1.0","30.0","1","N","N","N","0","","0","0","0","","0","Y","","2","1","1","0","0","1","0","2","0","2","","03","","N","","","","","","","","","",""
"2021032333","","1","0","0","0","0","0","0","0","0","5","0","","67","4","2021","5","39.994719","-75.157728","","6","0","0","0","0","0","1","0","0","","0","0","0","","","1","N","0","","39 59:40.990","","0","75 09:27.820","3","0","0","0","67301","0","0","0","N","0","0","0","1","67301","0","","6.0","","1","N","N","N","0","","1","0","0","","0","","","2","1","0","0","0","0","0","2","1","2","","03","","N","","","","","","","","","",""
"2021028537","","0","0","0","0","0","0","0","0","0","7","0","99","67","3","2021","7","40.015598","-75.052274","","6","0","0","0","0","0","1","0","0","","0","0","0","","","1","","2","","40 00:56.154","2","0","75 03:08.188","8","0","0","0","67301","0","0","0","N","0","0","0","1","67301","0","","4.0","1230.0","1","N","N","N","0","","0","0","0","","3","Y","","1","1","0","0","0","1","0","2","0","1","","03","U","Y","4","1","","","U","","","","","N"
"2021045899","","2","0","0","0","0","0","0","0","0","1","1","","67","5","2021","3","39.959339","-75.173533","","6","0","0","0","0","0","2","0","1","","0","1","0","","","0","N","0","","39 57:33.621","4","0","75 10:24.720","0","0","0","0","67301","0","0","0","N","0","0","0","3","68K01","0","","1.0","730.0","1","N","N","N","0","","0","0","0","","0","N","","3","0","0","0","0","0","0","2","0","3","","","","N","","","","","","","","","",""
"2021020381","","1","0","0","0","0","0","0","0","0","7","0","","67","2","2021","7","39.982901","-75.207892","","6","0","0","0","0","0","0","0","0","","0","0","0","","","1","N","0","","39 58:58.444","4","0","75 12:28.411","3","0","0","0","67301","0","0","0","N","0","0","0","1","68K01","0","","3.0","20.0","9","N","N","N","0","","1","0","0","","0","N","","1","1","0","0","0","0","0","2","0","1","","07","","N","","","","","","","","","",""
"2021043334","","0","0","0","0","0","0","0","0","0","7","0","","67","5","2021","5","40.041822","-75.186386","","6","0","0","0","0","0","0","0","0","","0","0","0","","","0","N","0","","40 02:30.560","6","0","75 11:10.990","0","0","0","0","67301","0","0","0","N","0","0","0","1","67301","0","","5.0","1800.0","1","N","N","N","0","","0","0","1","","0","Y","","1","0","0","0","0","0","0","2","0","1","","03","","N","","","","","","","","","",""
"2021027139","","2","0","0","0","0","0","0","0","0","1","0","","67","3","2021","2","39.962861","-75.224271","","6","0","0","0","0","0","1","0","0","","0","0","0","","","1","N","0","","39 57:46.299","","0","75 13:27.374","4","0","0","0","67301","0","0","0","N","0","0","0","3","67301","1","","1.0","","1","N","N","N","0","","0","0","0","","0","","","2","1","3","0","0","0","0","2","0","2","","03","","N","","","","","","","","","",""
"2021028456","","1","0","0","0","0","0","0","0","0","4","0","","67","3","2021","6","40.04274","-75.113559","","6","0","0","0","0","0","0","0","0","","0","0","0","","","1","","1","","40 02:33.864","","0","75 06:48.811","8","0","0","0","67301","0","0","0","N","0","0","0","2","67301","0","","1.0","","1","N","N","N","0","","0","0","0","","2","","","2","1","0","0","0","1","1","2","0","2","","03","","N","","","","","","","","","",""
"2021020633","","3","0","0","0","0","0","0","0","0","4","0","","67","2","2021","5","39.960201","-75.239103","","6","0","0","0","0","0","0","0","0","","0","0","0","","","1","","1","","39 57:36.724","","0","75 14:20.772","8","0","0","0","67301","0","0","0","N","0","0","0","2","67301","0","","1.0","","1","N","N","N","0","","0","0","0","","2","","","3","1","0","0","0","1","0","2","0","3","","","","N","","","","","","","","","",""
"2021038835","","0","0","0","0","0","0","0","0","0","4","0","","67","4","2021","7","40.011198","-75.105442","","6","0","0","0","0","0","1","0","0","","0","0","0","","","3","","1","","40 00:40.313","","0","75 06:19.592","8","0","0","0","67301","0","0","0","N","0","0","0","4","67301","0","","1.0","","1","N","N","N","0","","0","0","2","","0","","","2","3","1","0","0","3","1","2","0","2","","03","","N","","","","","","","","","",""
"2021041624","","0","0","0","0","0","0","0","0","0","0","1","","67","5","2021","7","39.954972","-75.148667","","6","0","0","0","0","0","0","0","0","","0","1","0","","","0","","3","","39 57:17.900","3","2","75 08:55.200","0","0","0","0","67301","0","0","0","N","0","0","0","1","67501","0","","1.0","1558.0","1","N","N","N","0","","0","0","0","","1","N","","1","0","0","0","0","0","0","2","0","1","","03","","N","","","","","","","","","",""
"2021028655","","0","0","0","0","0","0","0","0","0","8","0","","67","3","2021","5","40.009834","-75.076683","","6","0","0","0","0","0","0","0","0","","0","0","0","","","1","","1","","40 00:35.402","","0","75 04:36.058","2","0","0","0","67301","1","0","1","N","1","0","1","2","67301","0","","1.0","","99","N","N","N","0","","0","1","0","","3","","","2","1","0","0","0","0","1","2","0","1","","","","N","","","","","","","","","",""
"2021053659","","1","0","0","0","0","0","0","0","0","4","0","","67","6","2021","1","40.000174","-75.153105","","6","0","0","0","0","0","0","0","0","","1","0","0","","","0","N","0","","40 00:00.627","5","7","75 09:11.178","1","1","0","1","67301","0","0","0","N","0","0","0","3","67301","0","2","1.0","2355.0","1","N","N","N","0","0","0","0","0","","0","Y","","2","0","2","0","0","0","0","2","0","2","","03","","N","","","","","","","","","",""
"2021028534","","0","0","0","0","0","0","0","0","0","5","2","","67","3","2021","5","40.046333","-75.170806","","6","0","0","0","0","0","0","1","0","","0","2","0","","","0","N","0","","40 02:46.800","","0","75 10:14.900","0","0","0","0","67301","0","0","0","N","0","0","0","1","67301","0","","6.0","","1","N","N","N","0","","0","0","1","","0","","","3","0","0","0","0","0","0","2","0","3","","","","N","","","","","","","","","",""
"2021021435","","0","0","0","0","0","0","0","0","0","4","0","","67","3","2021","3","40.061586","-75.021075","","6","0","0","0","0","0","0","0","0","","0","0","0","","","0","N","0","","40 03:41.711","","0","75 01:15.869","0","0","0","0","67301","0","0","0","N","0","0","0","1","67301","0","","5.0","","1","N","N","N","1","","0","0","2","","0","","","3","0","1","0","0","0","0","2","0","3","","03","","N","","","","","","","","","",""
"2021029517","","1","0","0","0","0","0","0","0","0","5","0","","67","3","2021","2","39.951522","-75.182592","","6","0","0","0","0","1","0","0","0","","0","0","0","","","5","N","0","","39 57:05.478","3","0","75 10:57.332","3","0","0","0","67301","0","0","0","Y","0","0","0","5","68K01","0","","1.0","128.0","1","N","N","N","0","","2","0","0","","0","N","","2","5","0","0","0","3","0","2","1","2","","03","","N","","","","","","","","","",""
"2021052069","","2","0","0","0","0","0","0","0","1","2","0","","67","5","2021","7","40.014885","-75.170588","","6","0","0","0","0","0","0","0","0","","1","0","0","","","7","N","0","","40 00:53.586","6","0","75 10:14.117","1","0","0","0","67301","0","0","0","N","0","0","0","8","67301","1","2","1.0","300.0","1","N","N","N","0","0","2","4","0","","0","Y","","2","7","0","0","0","0","0","2","0","2","","03","","N","","","","","","","","","",""
"2021029346","","1","0","0","0","0","0","0","0","0","5","0","","67","3","2021","3","39.959831","-75.178449","","6","0","0","0","0","0","0","0","0","","0","0","0","","","0","N","7","","39 57:35.391","3","8","75 10:42.417","0","0","0","0","67301","0","0","0","N","0","0","0","2","68K01","0","","7.0","2100.0","1","N","N","N","1","","0","0","0","","0","Y","","2","0","0","0","0","0","0","2","0","2","","03","","N","","","","","","","","","",""
"2021033132","","0","0","0","0","0","0","0","0","0","7","0","","67","4","2021","2","39.919903","-75.201685","","6","0","0","0","0","0","0","0","0","","0","0","0","","","0","N","0","","39 55:11.649","","3","75 12:06.067","0","0","0","0","67301","0","0","0","N","0","0","0","1","67301","0","","3.0","","9","N","N","N","0","","0","0","1","","0","","","1","0","0","0","0","0","0","2","0","1","","04","","N","","","","","","","","","",""
"2021032674","","1","0","0","0","0","0","0","0","0","8","0","","67","4","2021","4","40.051873","-75.236296","","6","0","0","0","0","0","0","0","0","","0","0","0","","","4","N","0","","40 03:06.743","1","0","75 14:10.667","2","0","0","0","67301","3","0","2","N","3","0","2","5","67301","1","","6.0","1500.0","1","N","N","N","0","","1","2","0","","0","Y","","4","4","2","0","0","0","0","2","0","1","","03","","N","","","","","","","","","",""
"2021029074","","2","0","0","0","0","0","0","0","0","1","0","","67","3","2021","1","40.09343","-75.031269","","6","0","0","0","0","0","0","0","0","","0","0","0","","","1","","2","","40 05:36.348","","0","75 01:52.568","3","0","0","0","67301","0","0","0","N","0","0","0","3","67301","0","","1.0","","1","N","N","N","0","","1","0","0","","2","","","2","1","2","0","0","0","0","2","0","2","","03","","N","","","","","","","","","",""
"2021028453","","1","0","0","0","0","0","0","0","0","5","0","","67","3","2021","6","39.977439","-75.143403","","6","0","0","0","0","0","0","0","0","","0","0","0","","","1","N","0","","39 58:38.780","","0","75 08:36.250","3","0","0","0","67301","0","0","0","N","0","0","0","1","67301","0","","6.0","","1","N","N","N","0","","1","0","1","","0","","","2","1","0","0","0","0","0","2","0","2","","03","","N","","","","","","","","","",""
"2021041381","","1","0","0","0","0","0","0","0","0","6","0","","67","3","2021","7","40.015309","-75.147203","","6","0","0","0","0","0","0","0","0","","0","0","0","","","1","","2","","40 00:55.112","","0","75 08:49.930","3","0","0","0","67301","0","0","0","N","0","0","0","2","67301","0","","1.0","","1","N","N","N","0","","1","0","1","","0","","","2","1","0","0","0","0","0","2","0","2","","03","","N","","","","","","","","","",""
"2021028037","","1","0","0","1","0","0","0","0","0","8","0","","67","3","2021","5","39.917873","-75.168948","","6","0","0","0","0","0","0","0","0","","0","0","0","","","1","","1","","39 55:04.343","","0","75 10:08.211","4","0","0","0","67301","1","0","0","N","0","0","0","2","67301","1","","1.0","","1","N","N","N","0","","0","0","0","","3","","","2","1","0","0","0","0","0","2","0","1","","","","N","","","","","","","","","",""
"2021027730","","2","0","0","0","0","0","0","0","0","5","0","","67","3","2021","3","40.003683","-75.169092","","6","0","0","0","0","0","0","0","0","","0","0","0","","","1","","5","","40 00:13.260","3","0","75 10:08.730","3","0","0","0","67301","0","0","0","N","0","0","0","3","67301","0","","1.0","1000.0","1","N","N","N","1","","1","0","0","","2","N","","3","1","0","0","0","0","0","2","0","3","","03","","N","","","","","","","","","",""
"2021044774","","1","0","0","0","0","0","0","0","0","8","0","","67","5","2021","6","40.035539","-75.130703","","6","0","0","0","0","0","0","0","0","","0","0","0","","","1","N","0","","40 02:07.940","","0","75 07:50.530","8","0","0","0","67301","1","0","0","N","1","0","0","2","67301","0","","1.0","","1","N","N","N","0","","0","0","0","","0","","","2","1","0","0","0","1","0","2","0","1","","03","","N","","","","","","","","","",""
"2021028538","","2","0","0","0","0","0","0","0","0","1","0","","67","3","2021","1","39.987689","-75.154503","","6","0","0","0","0","0","0","0","0","","0","0","0","","","0","","1","","39 59:15.679","","0","75 09:16.209","0","0","0","0","67301","0","0","0","N","0","0","0","1","67301","0","","1.0","","9","N","N","N","0","","0","0","1","","3","","","4","0","0","0","0","0","0","2","0","3","","07","","N","","","","","","","","","",""
"2021027010","","1","0","0","0","0","0","0","0","0","4","0","","67","3","2021","1","40.040453","-75.065605","","6","0","0","0","0","0","0","0","0","","0","0","0","","","1","","5","","40 02:25.631","2","0","75 03:56.177","2","0","1","1","67301","0","0","0","N","0","0","0","2","67301","0","","1.0","1445.0","1","N","N","N","0","","0","1","0","","2","Y","","2","1","0","0","0","0","0","2","0","2","","","","N","","","","","","","","","",""
"2021026745","","1","0","0","0","0","0","0","0","0","4","0","","67","3","2021","2","39.993251","-75.149254","","6","0","0","0","0","0","2","0","0","","0","0","0","","","1","","1","","39 59:35.703","4","0","75 08:57.313","8","0","0","0","67301","0","0","0","N","0","0","0","3","67301","0","","1.0","1050.0","1","N","N","N","0","","0","0","2","","2","N","","3","1","0","0","0","1","1","2","0","3","","","","N","","","","","","","","","",""
"2021053869","","2","0","0","0","0","0","0","0","0","1","0","","67","6","2021","7","39.978679","-75.203042","","6","0","0","0","1","0","0","0","0","","0","0","0","","","0","N","0","","39 58:43.245","3","0","75 12:10.952","0","0","0","0","67301","0","0","0","N","0","0","0","2","68K01","0","","1.0","2054.0","1","N","N","N","0","","0","0","0","","0","N","","3","0","0","0","0","0","0","2","0","3","","","","N","","","","","","","","","",""
"2021019519","","1","0","0","0","0","0","0","0","0","8","0","","67","2","2021","5","40.02943","-75.056038","","6","0","0","1","0","0","0","0","0","","0","0","0","","","1","","1","","40 01:45.949","","0","75 03:21.737","3","0","0","0","67301","1","0","0","N","1","0","0","2","67301","0","","1.0","","1","N","N","N","0","","1","0","0","","2","","","2","1","0","0","0","0","0","2","0","1","","03","","N","","","","","","","","","",""
"2021021060","","1","0","0","0","0","0","0","0","0","5","0","","67","3","2021","3","40.031688","-75.146347","","6","0","0","0","0","0","0","0","0","","0","0","0","","","0","N","0","","40 01:54.078","1","0","75 08:46.850","0","0","0","0","67301","0","0","0","N","0","0","0","2","67301","0","","1.0","2123.0","1","N","N","N","0","","0","0","0","","0","N","","2","0","0","0","0","0","0","2","0","2","","","","N","","","","","","","","","",""
"2021057157","","2","0","0","0","0","0","0","0","0","1","0","","67","6","2021","4","39.996931","-75.096564","","6","0","0","0","0","0","0","0","0","","0","0","0","","","0","N","0","","39 59:48.953","","0","75 05:47.630","0","0","0","0","67301","0","0","0","N","0","0","0","1","67301","0","","6.0","","1","N","N","N","0","","0","0","0","","0","","","2","0","0","0","0","0","0","2","0","2","","03","","N","","","","","","","","","",""
"2021027920","","0","0","0","0","0","0","0","0","0","7","0","","67","3","2021","1","39.958488","-75.170487","","6","0","0","0","0","0","0","0","0","","0","0","0","","","1","","2","","39 57:30.556","","0","75 10:13.753","3","0","0","0","67301","0","0","0","N","0","0","0","1","67301","0","","4.0","","1","N","N","N","0","","1","0","1","","2","","","1","1","0","0","0","0","0","2","0","1","","03","","N","","","","","","","","","",""
"2021028302","","2","0","0","0","0","0","0","0","0","4","0","","67","3","2021","4","39.976383","-75.162534","","6","0","0","0","0","0","2","0","0","","0","0","0","","","2","","1","","39 58:34.977","","0","75 09:45.122","4","0","0","0","67301","0","0","0","N","0","0","0","3","67301","2","","1.0","","9","N","N","N","0","","0","0","0","","3","","","3","2","1","0","0","0","0","2","1","3","","","","N","","","","","","","","","",""
"2021032713","","1","0","0","0","0","0","0","0","0","7","0","","67","3","2021","7","39.946512","-75.142401","","6","0","0","0","0","0","0","0","0","","0","0","0","","","4","N","0","","39 56:47.443","","0","75 08:32.642","3","0","0","0","67301","0","0","0","N","0","0","0","4","68K01","1","","2.0","","1","N","N","N","0","","3","0","0","","0","","","1","4","2","0","0","0","0","2","0","1","","","","N","","","","","","","","","",""
"2021027505","","1","0","0","0","0","0","0","0","0","4","0","","67","3","2021","4","39.957321","-75.152234","","6","0","0","0","0","0","0","0","0","","0","0","0","","","0","","5","","39 57:26.357","","2","75 09:08.042","0","0","0","0","67301","0","0","0","N","0","0","0","3","67301","0","","1.0","","1","N","N","N","0","","0","0","1","","2","","","2","0","0","0","0","0","0","2","0","2","","03","","N","","","","","","","","","",""
"2021021031","","1","0","0","0","0","0","0","0","0","4","0","","67","2","2021","1","39.924849","-75.172991","","6","0","0","0","0","0","1","0","0","","0","0","0","","","0","","5","","39 55:29.456","","0","75 10:22.766","0","0","0","0","67301","0","0","0","N","0","0","0","2","67301","0","","1.0","","9","N","N","N","0","","0","0","1","","2","","","2","0","0","0","0","0","0","2","0","2","","04","","N","","","","","","","","","",""