"CRN","ARRIVAL_TM","AUTOMOBILE_COUNT","BELTED_DEATH_COUNT","BELTED_SUSP_SERIOUS_INJ_COUNT","BICYCLE_COUNT","BICYCLE_DEATH_COUNT","BICYCLE_SUSP_SERIOUS_INJ_COUNT","BUS_COUNT","CHLDPAS_DEATH_COUNT","CHLDPAS_SUSP_SERIOUS_INJ_COUNT","COLLISION_TYPE","COMM_VEH_COUNT","CONS_ZONE_SPD_LIM","COUNTY","CRASH_MONTH","CRASH_YEAR","DAY_OF_WEEK","DEC_LATITUDE","DEC_LONGITUDE","DISPATCH_TM","DISTRICT","DRIVER_COUNT_16YR","DRIVER_COUNT_17YR","DRIVER_COUNT_18YR","DRIVER_COUNT_19YR","DRIVER_COUNT_20YR","DRIVER_COUNT_50_64YR","DRIVER_COUNT_65_74YR","DRIVER_COUNT_75PLUS","EST_HRS_CLOSED","FATAL_COUNT","HEAVY_TRUCK_COUNT","HORSE_BUGGY_COUNT","HOUR_OF_DAY","ILLUMINATION","INJURY_COUNT","INTERSECTION_RELATED","INTERSECT_TYPE","LANE_CLOSED","LATITUDE","LN_CLOSE_DIR","LOCATION_TYPE","LONGITUDE","MAX_SEVERITY_LEVEL","MCYCLE_DEATH_COUNT","MCYCLE_SUSP_SERIOUS_INJ_COUNT","MOTORCYCLE_COUNT","MUNICIPALITY","NONMOTR_COUNT","NONMOTR_DEATH_COUNT","NONMOTR_SUSP_SERIOUS_INJ_COUNT","NTFY_HIWY_MAINT","PED_COUNT","PED_DEATH_COUNT","PED_SUSP_SERIOUS_INJ_COUNT","PERSON_COUNT","POLICE_AGCY","POSSIBLE_INJ_COUNT","RDWY_SURF_TYPE_CD","RELATION_TO_ROAD","ROADWAY_CLEARED","ROAD_CONDITION","SCH_BUS_IND","SCH_ZONE_IND","SECONDARY_CRASH","SMALL_TRUCK_COUNT","SPEC_JURIS_CD","SUSP_MINOR_INJ_COUNT","SUSP_SERIOUS_INJ_COUNT","SUV_COUNT","TCD_FUNC_CD","TCD_TYPE","TFC_DETOUR_IND","TIME_OF_DAY","TOTAL_UNITS","TOT_INJ_COUNT","UNBELTED_OCC_COUNT","UNB_DEATH_COUNT","UNB_SUSP_SERIOUS_INJ_COUNT","UNK_INJ_DEG_COUNT","UNK_INJ_PER_COUNT","URBAN_RURAL","VAN_COUNT","VEHICLE_COUNT","WEATHER1","WEATHER2","WORKERS_PRES","WORK_ZONE_IND","WORK_ZONE_LOC","WORK_ZONE_TYPE","WZ_CLOSE_DETOUR","WZ_FLAGGER","WZ_LAW_OFFCR_IND","WZ_LN_CLOSURE","WZ_MOVING","WZ_OTHER","WZ_SHLDER_MDN","WZ_WORKERS_INJ_KILLED"
"2021021125","","1","0","0","0","0","0","0","0","0","8","0","","67","2","2021","1","39.929888","-75.173456","","6","0","0","0","0","0","0","0","0","","0","0","0","","","1","","1","","39 55:47.598","","0","75 10:24.442","4","0","0","0","67301","1","0","0","N","1","0","0","2","67301","1","","1.0","","9","N","N","N","0","","0","0","0","","3","","","2","1","0","0","0","0","0","2","0","1","","","","N","","","","","","","","","",""
"2021027332","","1","0","0","0","0","0","0","0","0","4","0","","67","3","2021","3","39.966525","-75.221632","","6","0","0","0","0","0","0","0","0","","0","0","0","","","0","","2","","39 57:59.490","","0","75 13:17.875","0","0","0","0","67301","0","0","0","N","0","0","0","1","67301","0","","1.0","","1","N","N","N","0","","0","0","1","","0","","","2","0","0","0","0","0","0","2","0","2","","03","","N","","","","","","","","","",""
"2021025525","","0","0","0","0","0","0","0","0","0","4","0","","67","3","2021","2","40.017987","-75.133566","","6","0","0","0","0","0","0","0","0","","0","0","0","","","0","","1","","40 01:04.753","","0","75 08:00.837","0","0","0","0","67301","0","0","0","N","0","0","0","2","67301","0","","1.0","","9","N","N","N","0","","0","0","1","","3","","","2","0","1","0","0","0","0","2","0","2","","","","N","","","","","","","","","",""
"2021057706","","2","0","0","0","0","0","0","0","0","4","0","","67","6","2021","7","39.969664","-75.211523","","6","0","0","0","0","0","0","0","0","","0","0","0","","","2","","1","","39 58:10.789","","0","75 12:41.484","3","0","0","0","67301","0","0","0","N","0","0","0","2","67301","0","","1.0","","1","N","N","N","0","","2","0","0","","2","","","2","2","0","0","0","0","0","2","0","2","","03","","N","","","","","","","","","",""
"2021045420","","1","0","0","0","0","0","0","0","0","4","0","","67","5","2021","3","40.089675","-75.057032","","6","0","1","0","0","0","0","0","0","","0","0","0","","","0","","1","","40 05:22.829","","0","75 03:25.316","0","0","0","0","67301","0","0","0","N","0","0","0","2","67301","0","","5.0","","1","N","N","N","0","","0","0","1","","2","","","2","0","0","0","0","0","0","2","0","2","","03","","N","","","","","","","","","",""
"2021018923","","3","0","0","0","0","0","0","0","0","5","0","","67","2","2021","4","39.925808","-75.157547","","6","0","0","0","0","0","0","0","0","","0","0","0","","","0","N","0","","39 55:32.910","","0","75 09:27.170","0","0","0","0","67301","0","0","0","N","0","0","0","1","67301","0","","6.0","","1","N","N","N","0","","0","0","0","","0","","","3","0","0","0","0","0","0","2","0","3","","03","","N","","","","","","","","","",""
"2021020636","","0","0","0","0","0","0","0","0","0","8","0","","67","2","2021","1","39.978009","-75.266771","","6","0","0","0","0","0","1","0","0","","0","0","0","","","1","","1","","39 58:40.834","","0","75 16:00.375","3","0","0","0","67301","1","0","0","N","1","0","0","2","67301","0","","1.0","","9","N","N","N","0","","1","0","1","","2","","","2","1","1","0","0","0","0","2","0","1","","07","","N","","","","","","","","","",""
"2021057261","","1","0","0","0","0","0","0","0","0","1","0","","67","6","2021","2","40.032255","-75.082004","","6","0","0","0","0","0","0","0","0","","0","0","0","","","1","N","0","","40 01:56.118","1","0","75 04:55.214","3","0","0","0","67301","0","0","0","N","0","0","0","1","67301","0","","1.0","815.0","1","N","N","N","1","","1","0","0","","2","N","","2","1","0","0","0","0","0","2","0","2","","","","N","","","","","","","","","",""
"2021020224","","1","0","0","0","0","0","0","0","0","7","0","35","67","2","2021","1","39.911111","-75.163028","","6","0","0","0","0","0","0","0","0","","0","0","0","","","0","N","0","","39 54:40.000","","3","75 09:46.900","0","0","0","0","67301","0","0","0","N","0","0","0","1","67501","0","","3.0","","9","N","N","N","0","","0","0","0","","0","","","1","0","0","0","0","0","0","2","0","1","","","N","Y","4","1","","","N","","","","Y","N"
"2021032556","","0","0","0","0","0","0","0","0","0","5","0","","67","4","2021","6","40.059949","-75.141838","","6","0","0","0","0","0","0","0","0","","0","0","0","","","0","","2","","40 03:35.816","","0","75 08:30.616","0","0","0","0","67301","0","0","0","N","0","0","0","3","67301","0","","1.0","","1","N","N","N","1","","0","0","1","","0","","","2","0","0","0","0","0","0","2","0","2","","03","","N","","","","","","","","","",""
"2021019838","","1","0","0","0","0","0","0","0","0","5","0","","67","2","2021","7","40.037694","-75.130194","","6","0","0","0","0","0","0","0","0","","0","0","0","","","0","N","0","","40 02:15.700","","0","75 07:48.700","0","0","0","0","67301","0","0","0","N","0","0","0","1","67301","0","","6.0","","9","N","N","N","0","","0","0","1","","0","","","2","0","0","0","0","0","0","2","0","2","","03","","N","","","","","","","","","",""
"2021046255","","2","0","1","0","0","0","0","0","0","1","0","","67","5","2021","5","39.989724","-75.205809","","6","0","0","0","0","0","0","1","0","","0","0","0","","","4","N","0","","39 59:23.005","4","0","75 12:20.912","2","0","0","0","67301","0","0","0","N","0","0","0","4","68K01","1","","1.0","1130.0","1","N","N","N","0","","0","1","0","","0","N","","2","4","1","0","0","2","0","2","0","2","","","","N","","","","","","","","","",""
"2021020848","","1","0","0","0","0","0","0","0","0","4","0","","67","2","2021","7","39.906479","-75.235142","","6","0","0","0","0","0","0","1","0","","0","0","0","","","1","","2","","39 54:23.324","","0","75 14:06.511","3","0","0","0","67301","0","0","0","N","0","0","0","4","67301","0","","1.0","","1","N","N","N","0","","1","0","0","","2","","","2","1","0","0","0","0","0","2","1","2","","03","","N","","","","","","","","","",""
"2021045682","","1","0","0","0","0","0","0","0","0","8","0","","67","5","2021","3","39.960931","-75.232858","","6","0","0","0","0","0","0","0","0","","0","0","0","","","1","","1","","39 57:39.352","","0","75 13:58.289","3","0","0","0","67301","1","0","0","N","1","0","0","1","67301","0","","1.0","","1","N","N","N","0","","1","0","0","","2","","","2","1","0","0","0","0","0","2","0","1","","03","","N","","","","","","","","","",""
"2021019179","","2","0","0","0","0","0","0","0","0","4","0","","67","2","2021","4","40.027071","-75.065386","","6","0","0","0","0","0","0","0","0","","0","0","0","","","0","","5","","40 01:37.455","2","0","75 03:55.390","0","0","0","0","67301","0","0","0","N","0","0","0","5","67301","0","","1.0","30.0","1","N","N","N","0","","0","0","1","","2","N","","3","0","5","0","0","0","0","2","0","3","","03","","N","","","","","","","","","",""
"2021020089","","0","0","0","0","0","0","0","0","0","4","0","","67","2","2021","3","39.952241","-75.228524","","6","0","0","0","0","0","0","0","0","","0","0","0","","","1","","2","","39 57:08.066","","0","75 13:42.688","3","0","0","0","67301","0","0","0","N","0","0","0","1","67301","0","","1.0","","9","N","N","N","0","","1","0","1","","3","","","2","1","0","0","0","0","0","2","1","2","","","","N","","","","","","","","","",""
"2021046259","","0","0","0","0","0","0","0","0","0","7","0","","67","5","2021","6","40.054226","-74.985823","","6","0","0","0","0","0","0","0","0","","0","0","0","","","0","N","0","","40 03:15.212","2","0","74 59:08.964","0","0","0","0","67301","0","0","0","N","0","0","0","1","68K01","0","","4.0","1000.0","1","N","N","N","0","","0","0","1","","0","N","","1","0","0","0","0","0","0","2","0","1","","","","N","","","","","","","","","",""
"2021018392","","1","0","0","0","0","0","0","0","0","4","0","","67","2","2021","1","40.007887","-75.104149","","6","0","0","0","0","0","0","0","0","","0","0","0","","","3","","1","","40 00:28.394","","0","75 06:14.938","4","0","0","0","67301","0","0","0","N","0","0","0","4","67301","3","","1.0","","1","N","N","N","0","","0","0","1","","3","","","2","3","0","0","0","0","0","2","0","2","","","","N","","","","","","","","","",""
"2021020432","","0","0","0","0","0","0","0","0","0","1","0","","67","2","2021","6","40.008779","-75.138565","","6","0","0","0","0","0","1","0","0","","0","0","0","","","0","","1","","40 00:31.604","","0","75 08:18.833","0","0","0","0","67301","0","0","0","N","0","0","0","2","67301","0","","1.0","","1","N","N","N","1","","0","0","1","","0","","","2","0","0","0","0","0","0","2","0","2","","03","","N","","","","","","","","","",""
"2021021973","","2","0","0","0","0","0","0","0","0","5","0","","67","3","2021","2","40.021358","-75.200208","","6","0","0","0","0","0","0","1","0","","0","0","0","","","3","N","0","","40 01:16.890","5","0","75 12:00.750","4","0","0","0","67301","0","0","0","N","0","0","0","4","67301","3","","1.0","1630.0","9","N","N","N","0","","0","0","1","","0","N","","3","3","0","0","0","0","1","2","0","3","","","","N","","","","","","","","","",""
"2021019947","","4","0","0","0","0","0","0","0","0","5","0","","67","2","2021","5","39.981727","-75.160564","","6","0","0","0","0","0","0","0","0","","0","0","0","","","0","N","0","","39 58:54.217","1","0","75 09:38.031","9","0","0","0","67301","0","0","0","N","0","0","0","2","67505","0","","6.0","326.0","1","N","N","N","0","","0","0","2","","0","Y","","6","0","0","0","0","0","2","2","0","6","","03","","N","","","","","","","","","",""
"2021022057","","0","0","0","0","0","0","0","0","0","7","0","","67","3","2021","2","39.987006","-75.244686","","6","0","0","0","0","0","0","0","0","","0","0","0","","","0","N","0","","39 59:13.220","4","0","75 14:40.870","0","0","0","0","67301","0","0","0","N","0","0","0","1","67301","0","","5.0","2200.0","1","N","N","N","0","","0","0","2","","0","N","","2","0","1","0","0","0","0","2","0","2","","03","","N","","","","","","","","","",""
"2021032125","","3","0","0","0","0","0","0","0","0","1","0","","67","4","2021","4","39.986703","-75.171919","","6","0","0","0","0","0","0","0","0","","0","0","0","","","5","N","0","","39 59:12.130","6","0","75 10:18.910","3","0","0","0","67301","0","0","0","N","0","0","0","6","67301","0","","1.0","2145.0","1","N","N","Y","0","","5","0","1","","0","Y","","4","5","1","0","0","0","0","2","0","4","","03","","N","","","","","","","","","",""
"2021020852","","0","0","0","0","0","0","0","0","0","5","0","","67","2","2021","1","40.038297","-75.036543","","6","0","0","0","0","0","0","0","0","","0","0","0","","","0","N","0","","40 02:17.869","","0","75 02:11.556","0","0","0","0","67301","0","0","0","N","0","0","0","3","67301","0","","6.0","","9","N","N","N","1","","0","0","1","","0","","","3","0","0","0","0","0","0","2","1","3","","07","","N","","","","","","","","","",""
"2021022784","","0","0","0","0","0","0","0","0","0","8","0","","67","3","2021","4","40.027497","-75.098439","","6","0","0","0","0","0","1","0","0","","0","0","0","","","1","N","0","","40 01:38.990","","0","75 05:54.380","4","0","0","0","67301","1","0","0","N","1","0","0","2","67301","1","","1.0","","1","N","N","N","0","","0","0","1","","0","","","2","1","1","0","0","0","0","2","0","1","","03","","N","","","","","","","","","",""
"2021045609","","0","0","0","0","0","0","0","0","0","8","0","","67","5","2021","2","39.961325","-75.175079","","6","0","0","0","0","0","0","0","0","","0","0","0","","","1","N","1","","39 57:40.769","","0","75 10:30.284","3","0","0","0","67301","1","0","0","N","1","0","0","2","67301","0","","1.0","","1","N","N","N","0","","1","0","1","","0","","","2","1","0","0","0","0","0","2","0","1","","03","","N","","","","","","","","","",""
"2021022507","","2","0","0","0","0","0","0","0","0","1","0","","67","3","2021","4","40.015753","-75.149825","","6","0","0","0","0","0","1","0","0","","0","0","0","","","0","N","0","","40 00:56.712","","0","75 08:59.369","9","0","0","0","67301","0","0","0","N","0","0","0","2","67301","0","","6.0","","1","N","N","N","0","","0","0","1","","0","","","3","0","1","0","0","0","1","2","0","3","","03","","N","","","","","","","","","",""
"2021021972","","1","0","0","0","0","0","0","0","0","7","0","","67","2","2021","1","40.01154","-75.182487","","6","0","0","0","0","0","0","0","0","","0","0","0","","","3","N","0","","40 00:41.543","1","0","75 10:56.954","3","0","0","0","67301","0","0","0","N","0","0","0","3","67301","0","","3.0","412.0","1","N","N","N","0","","3","0","0","","0","N","","2","3","3","0","0","0","0","2","0","1","","03","","N","","","","","","","","","",""
"2021018926","","2","0","0","0","0","0","0","0","0","4","0","","67","2","2021","3","39.967819","-75.22813","","6","0","0","0","0","0","0","0","0","","0","0","0","","","2","","1","","39 58:04.148","","0","75 13:41.267","3","0","0","0","67301","0","0","0","N","0","0","0","3","67301","0","","1.0","","1","N","N","N","0","","2","0","0","","2","","","2","2","0","0","0","0","0","2","0","2","","","","N","","","","","","","","","",""
"2021044226","","0","0","0","0","0","0","0","0","0","8","0","","67","5","2021","7","40.030614","-75.054773","","6","0","0","0","0","0","0","0","0","","0","0","0","","","1","","1","","40 01:50.211","","0","75 03:17.181","3","0","0","0","67301","1","0","0","N","1","0","0","2","67301","0","","1.0","","1","N","N","N","0","","1","0","1","","0","","","2","1","0","0","0","0","1","2","0","1","","03","","N","","","","","","","","","",""
"2021025269","","2","0","0","0","0","0","0","0","0","4","0","","67","3","2021","2","40.034629","-75.071139","","6","0","0","0","0","0","0","0","0","","0","0","0","","","1","","1","","40 02:04.664","","0","75 04:16.099","8","0","0","0","67301","0","0","0","N","0","0","0","3","67301","0","","1.0","","1","N","N","N","0","","0","0","0","","2","","","2","1","0","0","0","1","0","2","0","2","","","","N","","","","","","","","","",""
"2021019685","","2","0","0","0","0","0","0","0","0","4","0","","67","2","2021","4","39.992675","-75.16822","","6","0","0","0","0","0","0","0","0","","0","0","0","","","0","","5","","39 59:33.630","","0","75 10:05.591","0","0","0","0","67301","0","0","0","N","0","0","0","5","67301","0","","1.0","","1","N","N","N","0","","0","0","0","","2","","","2","0","0","0","0","0","0","2","0","2","","03","","N","","","","","","","","","",""
"2021041585","","1","0","0","0","0","0","0","0","0","2","0","","67","4","2021","1","40.00422","-75.134039","","6","0","0","0","0","0","0","0","0","","0","0","0","","","3","","1","","40 00:15.192","","0","75 08:02.540","3","0","0","0","67301","0","0","0","N","0","0","0","3","67301","0","","1.0","","99","N","N","N","0","","3","0","1","","3","","","2","3","0","0","0","0","0","2","0","2","","","","N","","","","","","","","","",""
"2021055877","","0","0","0","0","0","0","0","0","0","8","0","","67","6","2021","1","40.015238","-75.149829","","6","0","0","0","0","0","0","0","0","","1","0","0","","","0","","1","","40 00:54.857","","0","75 08:59.386","1","0","0","0","67301","1","1","0","N","1","1","0","2","67301","0","2","1.0","","1","N","N","N","0","0","0","0","1","","2","","","2","0","0","0","0","0","0","2","0","1","","03","","N","","","","","","","","","",""
"2021019841","","2","0","0","0","0","0","0","0","0","5","0","","67","2","2021","7","40.003208","-75.165394","","6","0","0","0","0","0","0","0","0","","0","0","0","","","0","N","0","","40 00:11.548","","0","75 09:55.418","0","0","0","0","67301","0","0","0","N","0","0","0","2","67301","0","","1.0","","1","N","N","N","0","","0","0","0","","0","","","2","0","0","0","0","0","0","2","0","2","","03","","N","","","","","","","","","",""
"2021032774","","1","0","0","0","0","0","0","0","0","5","0","","67","4","2021","1","39.955422","-75.148018","","6","0","0","0","0","0","0","0","0","","0","0","0","","","0","N","0","","39 57:19.519","","2","75 08:52.863","0","0","0","0","67301","0","0","0","N","0","0","0","3","67501","0","","1.0","","1","N","N","N","0","","0","0","1","","0","","","2","0","0","0","0","0","0","2","0","2","","","","N","","","","","","","","","",""
"2021025437","","1","0","0","0","0","0","0","0","0","7","0","","67","3","2021","3","39.918951","-75.148048","","6","0","0","0","0","0","0","0","0","","0","0","0","","","1","N","0","","39 55:08.222","2","3","75 08:52.972","8","0","0","0","67301","0","0","0","N","0","0","0","1","68K01","0","","3.0","15.0","1","N","N","N","0","","0","0","0","","0","N","","1","1","1","0","0","1","0","2","0","1","","03","","N","","","","","","","","","",""
"2021021562","","0","0","0","0","0","0","0","0","0","1","0","","67","3","2021","2","39.923247","-75.160916","","6","0","0","0","0","0","0","0","0","","0","0","0","","","1","N","0","","39 55:23.690","","0","75 09:39.299","3","0","0","0","67301","0","0","0","N","0","0","0","2","67301","0","","6.0","","9","N","N","N","0","","1","0","2","","0","","","2","1","0","0","0","0","0","2","0","2","","","","N","","","","","","","","","",""
"2021022979","","0","0","0","0","0","0","0","0","0","7","0","","67","3","2021","2","40.038881","-75.008971","","6","0","0","0","0","0","0","1","0","","0","0","0","","","2","N","0","","40 02:19.971","","0","75 00:32.297","3","0","0","0","67301","0","0","0","N","0","0","0","2","68K01","0","","4.0","","9","N","N","N","0","","2","0","1","","0","","","1","2","0","0","0","0","0","2","0","1","","","","N","","","","","","","","","",""
"2021057838","","1","0","0","0","0","0","0","0","0","7","0","","67","6","2021","4","39.898779","-75.172652","","6","0","0","0","0","0","0","0","0","","0","0","0","","","0","N","0","","39 53:55.605","1","0","75 10:21.546","0","0","0","0","67301","0","0","0","N","0","0","0","1","68K01","0","","4.0","238.0","1","N","N","N","0","","0","0","0","","0","N","","1","0","0","0","0","0","0","2","0","1","","","","N","","","","","","","","","",""
"2021019922","","3","0","0","0","0","0","0","0","0","4","0","","67","2","2021","7","40.053894","-75.15765","","6","0","0","0","0","0","0","0","0","","0","0","0","","","3","N","0","","40 03:14.020","6","0","75 09:27.540","3","0","0","0","67301","0","0","0","N","0","0","0","3","67301","0","","1.0","1132.0","9","N","N","N","0","","3","0","0","","0","Y","","3","3","0","0","0","0","0","2","0","3","","04","","N","","","","","","","","","",""
"2021019033","","2","0","0","0","0","0","0","0","0","4","0","","67","2","2021","4","39.983189","-75.156819","","6","0","0","0","0","2","0","0","0","","0","0","0","","","3","","1","","39 58:59.480","2","0","75 09:24.548","3","0","0","0","67301","0","0","0","N","0","0","0","4","67505","1","","1.0","1925.0","1","N","N","N","0","","2","0","0","","2","Y","","2","3","0","0","0","0","0","2","0","2","","","","N","","","","","","","","","",""
"2021046178","","3","0","0","0","0","0","0","0","0","5","0","","67","5","2021","2","40.018896","-75.164321","","6","0","0","0","0","0","0","0","0","","0","0","0","","","1","N","0","","40 01:08.027","","0","75 09:51.554","8","0","0","0","67301","0","0","0","N","0","0","0","1","67301","0","","1.0","","1","N","N","N","0","","0","0","0","","0","","","3","1","0","0","0","1","0","2","0","3","","03","","N","","","","","","","","","",""
"2021021056","","0","0","0","0","0","0","0","0","0","7","0","","67","2","2021","2","39.910271","-75.193028","","6","0","0","0","0","0","0","0","0","","0","0","0","","","0","N","0","","39 54:36.977","2","0","75 11:34.899","0","0","0","0","67301","0","0","0","N","0","0","0","1","67301","0","","4.0","15.0","2","N","N","N","0","","0","0","1","","0","N","","1","0","0","0","0","0","0","2","0","1","","","","N","","","","","","","","","",""
"2021019839","","1","0","0","0","0","0","0","0","0","7","0","","67","2","2021","5","39.997868","-75.185042","","6","0","0","0","0","0","0","0","0","","0","0","0","","","0","","2","","39 59:52.326","","0","75 11:06.150","0","0","0","0","67301","0","0","0","N","0","0","0","1","67301","0","","5.0","","1","N","N","N","0","","0","0","0","","2","","","1","0","0","0","0","0","0","2","0","1","","03","","N","","","","","","","","","",""
"2021020380","","0","0","0","0","0","0","0","0","0","1","0","","67","2","2021","7","39.967551","-75.132363","","6","0","0","0","0","0","1","0","0","","0","0","0","","","1","N","0","","39 58:03.185","","0","75 07:56.508","3","0","0","0","67301","0","0","0","N","0","0","0","2","68K01","0","","1.0","","9","N","N","N","1","","1","0","1","","0","","","2","1","0","0","0","0","1","2","0","2","","","","N","","","","","","","","","",""
"2021041577","","1","0","0","0","0","0","0","0","0","6","0","","67","4","2021","7","40.022519","-75.124969","","6","0","0","0","0","0","0","0","0","","0","0","0","","","0","N","0","","40 01:21.070","","0","75 07:29.890","9","0","0","0","67301","0","0","0","N","0","0","0","1","67301","0","","6.0","","1","N","N","N","1","","0","0","3","","0","","","5","0","0","0","0","0","1","2","0","5","","","","N","","","","","","","","","",""
"2021019773","","2","0","0","0","0","0","0","0","0","4","0","","67","2","2021","6","39.955986","-75.217603","","6","0","0","0","0","0","0","0","0","","0","0","0","","","0","","1","","39 57:21.549","","0","75 13:03.370","0","0","0","0","67301","0","0","0","N","0","0","0","2","67301","0","","1.0","","1","N","N","N","0","","0","0","0","","2","","","2","0","0","0","0","0","0","2","0","2","","03","","N","","","","","","","","","",""
"2021044728","","1","0","0","0","0","0","0","0","0","1","1","45","67","5","2021","2","39.996286","-75.196869","","6","0","0","0","0","0","0","0","0","","0","1","0","","","1","N","0","","39 59:46.631","4","0","75 11:48.730","8","0","0","0","67301","0","0","0","N","0","0","0","3","68K01","0","","1.0","625.0","1","N","N","N","0","","0","0","1","","0","N","","3","1","0","0","0","1","0","2","0","3","","03","N","Y","4","1","","","N","","","","Y","N"
"2021045135","","0","0","0","0","0","0","0","0","0","1","1","45","67","5","2021","3","39.999187","-75.080435","","6","0","0","0","0","0","1","0","0","","0","1","0","","","1","N","0","","39 59:57.073","","0","75 04:49.565","8","0","0","0","67301","0","0","0","N","0","0","0","2","68K01","0","","1.0","","1","N","N","N","0","","0","0","0","","0","","","2","1","0","0","0","1","0","2","1","2","","","N","Y","2","1","","","N","Y","","","","N"
"2021027175","","0","0","0","0","0","0","0","0","0","7","0","","67","3","2021","2","40.031783","-75.021433","","6","0","0","0","0","0","0","0","0","","0","0","0","","","0","N","0","","40 01:54.420","2","3","75 01:17.158","0","0","0","0","67301","0","0","0","N","0","0","0","4","68K01","0","","3.0","945.0","9","N","N","N","1","","0","0","0","","0","N","","1","0","0","0","0","0","0","2","0","1","","","","N","","","","","","","","","",""
"2021021215","","0","0","0","0","0","0","0","0","0","7","0","","67","3","2021","3","39.975981","-75.192221","","6","0","0","0","0","1","0","0","0","","0","0","0","","","0","N","0","","39 58:33.532","1","0","75 11:31.995","0","0","0","0","67301","0","0","0","N","0","0","0","1","67301","0","","4.0","1000.0","2","N","N","N","0","","0","0","1","","0","Y","","1","0","0","0","0","0","0","2","0","1","","","","N","","","","","","","","","",""
"2021019840","","0","0","0","0","0","0","0","0","0","1","0","","67","2","2021","5","40.00788","-75.191318","","6","0","0","0","0","0","1","0","0","","0","0","0","","","0","N","0","","40 00:28.367","1","3","75 11:28.746","0","0","0","0","67301","0","0","0","N","0","0","0","3","67301","0","","1.0","1830.0","1","N","N","N","0","","0","0","2","","0","Y","","3","0","0","0","0","0","0","2","0","3","","03","","N","","","","","","","","","",""
"2021057154","","1","0","0","0","0","0","0","0","0","7","0","","67","6","2021","1","39.993136","-75.081649","","6","0","0","0","0","0","0","0","0","","0","0","0","","","0","","2","","39 59:35.290","","0","75 04:53.935","0","0","0","0","67301","0","0","0","N","0","0","0","1","67301","0","","9.0","","99","N","N","N","0","","0","0","0","","9","U","","1","0","0","0","0","0","0","2","0","1","","","","N","","","","","","","","","",""
"2021022978","","0","0","0","0","0","0","0","0","0","7","0","","67","3","2021","2","40.038895","-75.008933","","6","0","0","0","0","1","0","0","0","","0","0","0","","","0","N","0","","40 02:20.021","","0","75 00:32.158","0","0","0","0","67301","0","0","0","N","0","0","0","1","68K01","0","","3.0","","9","N","N","N","1","","0","0","0","","0","","","1","0","0","0","0","0","0","2","0","1","","","","N","","","","","","","","","",""
"2021057435","","2","0","0","0","0","0","0","0","0","5","0","","67","6","2021","1","39.965773","-75.186469","","6","0","0","0","0","0","1","0","0","","0","0","0","","","0","N","0","","39 57:56.783","3","0","75 11:11.288","0","0","0","0","67301","0","0","0","N","0","0","0","2","68K01","0","","1.0","8.0","1","N","N","N","0","","0","0","0","","0","N","","2","0","1","0","0","0","0","2","0","2","","","","N","","","","","","","","","",""
"2021023939","","0","0","0","0","0","0","0","0","0","1","0","","67","3","2021","4","39.91506","-75.147996","","6","0","0","0","0","0","0","0","0","","0","0","0","","","7","N","0","","39 54:54.217","2","3","75 08:52.786","3","0","0","0","67301","1","0","0","N","1","0","0","7","68K01","0","","1.0","30.0","1","N","N","N","0","","4","0","1","","0","N","","3","7","4","0","0","3","0","2","1","2","","","","N","","","","","","","","","",""
"2021019707","","1","0","0","0","0","0","0","0","0","4","0","","67","2","2021","6","40.008888","-75.071869","","6","0","0","1","1","0","0","0","0","","0","0","0","","","0","","5","","40 00:31.996","2","0","75 04:18.728","9","0","0","0","67301","0","0","0","N","0","0","0","3","67301","0","","1.0","14.0","9","N","N","N","0","","0","0","1","","2","N","","2","0","0","0","0","0","1","2","0","2","","07","","N","","","","","","","","","",""
"2021044681","","0","0","0","0","0","0","0","0","0","1","0","","67","5","2021","3","39.977472","-75.200308","","6","0","0","0","0","0","0","0","0","","0","0","0","","","1","N","0","","39 58:38.900","4","0","75 12:01.109","3","0","0","0","67301","0","0","0","N","0","0","0","4","68K01","0","","1.0","810.0","1","N","N","N","1","","1","0","2","","0","N","","3","1","0","0","0","0","0","2","0","3","","","","N","","","","","","","","","",""
"2021019920","","1","0","0","0","0","0","0","0","0","5","0","","67","2","2021","6","40.040961","-75.069908","","6","0","0","0","0","0","0","0","0","","0","0","0","","","0","N","0","","40 02:27.460","","0","75 04:11.670","0","0","0","0","67301","0","0","0","N","0","0","0","1","67301","0","","6.0","","8","N","N","N","0","","0","0","1","","0","","","3","0","0","0","0","0","0","2","0","2","","07","","N","","","","","","","","","",""
"2021057702","","4","0","0","0","0","0","0","0","0","1","0","","67","6","2021","1","40.050149","-75.173765","","6","0","0","0","0","0","0","0","0","","0","0","0","","","0","N","0","","40 03:00.536","4","0","75 10:25.554","9","0","0","0","67301","0","0","0","N","0","0","0","1","67301","0","","6.0","600.0","1","N","N","N","0","","0","0","0","","0","N","","4","0","0","0","0","0","1","2","0","4","","03","","N","","","","","","","","","",""
"2021019925","","0","0","0","0","0","0","0","0","0","4","0","","67","2","2021","7","40.005273","-75.181424","","6","0","0","0","0","0","0","0","0","","0","0","0","","","1","N","0","","40 00:18.984","","0","75 10:53.125","3","0","0","0","67301","0","0","0","N","0","0","0","1","67301","0","","6.0","","1","N","N","N","0","","1","0","1","","0","","","2","1","1","0","0","0","0","2","1","2","","03","","N","","","","","","","","","",""