"CRN","ARRIVAL_TM","AUTOMOBILE_COUNT","BELTED_DEATH_COUNT","BELTED_SUSP_SERIOUS_INJ_COUNT","BICYCLE_COUNT","BICYCLE_DEATH_COUNT","BICYCLE_SUSP_SERIOUS_INJ_COUNT","BUS_COUNT","CHLDPAS_DEATH_COUNT","CHLDPAS_SUSP_SERIOUS_INJ_COUNT","COLLISION_TYPE","COMM_VEH_COUNT","CONS_ZONE_SPD_LIM","COUNTY","CRASH_MONTH","CRASH_YEAR","DAY_OF_WEEK","DEC_LATITUDE","DEC_LONGITUDE","DISPATCH_TM","DISTRICT","DRIVER_COUNT_16YR","DRIVER_COUNT_17YR","DRIVER_COUNT_18YR","DRIVER_COUNT_19YR","DRIVER_COUNT_20YR","DRIVER_COUNT_50_64YR","DRIVER_COUNT_65_74YR","DRIVER_COUNT_75PLUS","EST_HRS_CLOSED","FATAL_COUNT","HEAVY_TRUCK_COUNT","HORSE_BUGGY_COUNT","HOUR_OF_DAY","ILLUMINATION","INJURY_COUNT","INTERSECTION_RELATED","INTERSECT_TYPE","LANE_CLOSED","LATITUDE","LN_CLOSE_DIR","LOCATION_TYPE","LONGITUDE","MAX_SEVERITY_LEVEL","MCYCLE_DEATH_COUNT","MCYCLE_SUSP_SERIOUS_INJ_COUNT","MOTORCYCLE_COUNT","MUNICIPALITY","NONMOTR_COUNT","NONMOTR_DEATH_COUNT","NONMOTR_SUSP_SERIOUS_INJ_COUNT","NTFY_HIWY_MAINT","PED_COUNT","PED_DEATH_COUNT","PED_SUSP_SERIOUS_INJ_COUNT","PERSON_COUNT","POLICE_AGCY","POSSIBLE_INJ_COUNT","RDWY_SURF_TYPE_CD","RELATION_TO_ROAD","ROADWAY_CLEARED","ROAD_CONDITION","SCH_BUS_IND","SCH_ZONE_IND","SECONDARY_CRASH","SMALL_TRUCK_COUNT","SPEC_JURIS_CD","SUSP_MINOR_INJ_COUNT","SUSP_SERIOUS_INJ_COUNT","SUV_COUNT","TCD_FUNC_CD","TCD_TYPE","TFC_DETOUR_IND","TIME_OF_DAY","TOTAL_UNITS","TOT_INJ_COUNT","UNBELTED_OCC_COUNT","UNB_DEATH_COUNT","UNB_SUSP_SERIOUS_INJ_COUNT","UNK_INJ_DEG_COUNT","UNK_INJ_PER_COUNT","URBAN_RURAL","VAN_COUNT","VEHICLE_COUNT","WEATHER1","WEATHER2","WORKERS_PRES","WORK_ZONE_IND","WORK_ZONE_LOC","WORK_ZONE_TYPE","WZ_CLOSE_DETOUR","WZ_FLAGGER","WZ_LAW_OFFCR_IND","WZ_LN_CLOSURE","WZ_MOVING","WZ_OTHER","WZ_SHLDER_MDN","WZ_WORKERS_INJ_KILLED"
"2021020847","","2","0","0","0","0","0","0","0","0","4","0","","67","2","2021","7","39.913083","-75.243294","","6","0","0","0","0","0","0","0","0","","0","0","0","","","0","","5","","39 54:47.100","","0","75 14:35.859","9","0","0","0","67301","0","0","0","N","0","0","0","2","67301","0","","1.0","","1","N","N","N","0","","0","0","0","","2","","","2","0","0","0","0","0","1","2","0","2","","03","","N","","","","","","","","","",""
"2021017817","","2","0","0","0","0","0","0","0","0","3","0","","67","2","2021","1","39.954339","-75.191786","","6","0","0","0","0","0","0","0","0","","0","0","0","","","2","","1","","39 57:15.621","","0","75 11:30.428","3","0","0","0","67301","0","0","0","N","0","0","0","3","67504","0","","1.0","","1","N","N","Y","0","","2","0","0","","2","","","2","2","0","0","0","0","1","2","0","2","","03","","N","","","","","","","","","",""
"2021043772","","0","0","0","0","0","0","0","0","0","0","0","","67","5","2021","6","39.975836","-75.158419","","6","0","0","0","0","0","0","0","0","","0","0","0","","","1","","1","","39 58:33.009","2","0","75 09:30.309","2","0","1","1","67301","0","0","0","N","0","0","0","1","67505","0","","1.0","2132.0","1","N","N","N","0","","0","1","0","","2","Y","","1","1","0","0","0","0","0","2","0","1","","03","","N","","","","","","","","","",""
"2021041579","","3","0","0","0","0","0","0","0","0","1","0","","67","4","2021","1","40.01515","-75.136017","","6","0","0","0","0","0","0","0","0","","0","0","0","","","1","N","0","","40 00:54.540","","0","75 08:09.660","2","0","0","0","67301","0","0","0","N","0","0","0","1","67301","0","","6.0","","1","N","N","N","0","","0","1","2","","0","","","5","1","0","0","0","0","0","2","0","5","","","","N","","","","","","","","","",""
"2021024550","","2","0","0","0","0","0","0","0","0","1","0","","67","3","2021","4","39.993698","-75.139853","","6","0","0","0","0","0","0","0","0","","0","0","0","","","1","","1","","39 59:37.312","","0","75 08:23.470","8","0","0","0","67301","0","0","0","N","0","0","0","2","67301","0","","1.0","","1","N","N","N","0","","0","0","0","","2","","","2","1","0","0","0","1","0","2","0","2","","03","","N","","","","","","","","","",""
"2021046231","","1","0","0","0","0","0","0","0","0","4","0","","67","5","2021","7","40.020681","-75.042328","","6","0","0","0","0","0","0","0","0","","0","0","0","","","0","N","0","","40 01:14.451","2","0","75 02:32.379","9","0","0","0","67301","0","0","0","N","0","0","0","2","68K01","0","","1.0","620.0","1","N","N","N","1","","0","0","0","","0","N","","2","0","0","0","0","0","1","2","0","2","","","","N","","","","","","","","","",""
"2021020092","","2","0","0","0","0","0","0","0","0","4","0","","67","2","2021","1","40.009869","-75.196438","","6","0","0","0","0","0","0","0","0","","0","0","0","","","0","","1","","40 00:35.528","2","0","75 11:47.178","0","0","0","0","67301","0","0","0","N","0","0","0","2","67301","0","","1.0","1400.0","9","N","N","N","0","","0","0","0","","2","N","","2","0","0","0","0","0","0","2","0","2","","04","","N","","","","","","","","","",""
"2021024665","","1","0","0","0","0","0","0","0","0","7","0","","67","2","2021","7","39.983071","-75.207953","","6","0","0","0","0","0","0","0","0","","0","0","0","","","1","N","0","","39 58:59.054","4","0","75 12:28.632","4","0","0","0","67301","0","0","0","N","0","0","0","1","68K01","1","","4.0","245.0","9","N","N","N","0","","0","0","0","","0","N","","1","1","0","0","0","0","0","2","0","1","","","","N","","","","","","","","","",""
"2021032730","","1","0","0","0","0","0","0","0","0","7","0","","67","4","2021","7","39.959567","-75.176366","","6","0","0","0","1","0","0","0","0","","0","0","0","","","0","N","0","","39 57:34.442","3","0","75 10:34.917","0","0","0","0","67301","0","0","0","N","0","0","0","1","68K01","0","","4.0","600.0","1","N","N","N","0","","0","0","0","","0","N","","1","0","0","0","0","0","0","2","0","1","","","","N","","","","","","","","","",""
"2021021219","","2","0","0","0","0","0","0","0","0","5","0","","67","3","2021","3","40.017136","-75.202314","","6","0","0","0","0","0","1","0","0","","0","0","0","","","0","N","0","","40 01:01.690","4","0","75 12:08.330","0","0","0","0","67301","0","0","0","N","0","0","0","2","67301","0","","1.0","100.0","2","N","N","N","0","","0","0","0","","0","N","","2","0","0","0","0","0","0","2","0","2","","03","","N","","","","","","","","","",""
"2021020634","","1","0","0","0","0","0","0","0","0","4","0","","67","2","2021","5","39.953294","-75.232366","","6","0","0","1","0","0","0","0","0","","0","0","0","","","1","","1","","39 57:11.858","","0","75 13:56.517","3","0","0","0","67301","0","0","0","N","0","0","0","2","67301","0","","1.0","","1","N","N","N","0","","1","0","0","","3","","","2","1","0","0","0","0","0","2","0","2","","","","N","","","","","","","","","",""
"2021031923","","0","0","0","0","0","0","0","0","0","4","0","","67","4","2021","4","40.079272","-75.176169","","6","0","0","0","0","0","1","0","0","","0","0","0","","","1","","1","","40 04:45.379","","0","75 10:34.208","3","0","0","0","67301","0","0","0","N","0","0","0","2","67301","0","","1.0","","1","N","N","N","0","","1","0","2","","0","","","2","1","0","0","0","0","1","2","0","2","","04","","N","","","","","","","","","",""
"2021044221","","1","0","0","0","0","0","0","0","0","4","0","","67","5","2021","5","40.03156","-75.06329","","6","0","0","0","0","0","0","0","0","","0","0","0","","","3","","5","","40 01:53.617","3","0","75 03:47.844","3","0","0","0","67301","0","0","0","N","0","0","0","3","67301","1","","1.0","130.0","1","N","N","N","0","","2","0","1","","2","Y","","2","3","0","0","0","0","0","2","0","2","","","","N","","","","","","","","","",""
"2021018928","","1","0","1","0","0","0","0","0","0","1","0","","67","2","2021","2","40.000228","-75.14045","","6","0","0","0","0","0","0","0","0","","0","0","0","","","2","Y","0","","40 00:00.820","","0","75 08:25.620","2","0","0","0","67301","0","0","0","N","0","0","0","3","67301","0","","1.0","","2","N","N","N","0","","1","1","0","","2","","","2","2","1","0","0","0","1","2","1","2","","","","N","","","","","","","","","",""
"2021045419","","1","0","0","0","0","0","0","0","0","4","0","","67","5","2021","2","40.108313","-75.026322","","6","0","0","0","0","0","0","0","0","","0","0","0","","","1","","2","","40 06:29.927","","0","75 01:34.760","3","0","0","0","67301","0","0","0","N","0","0","0","3","67301","0","","1.0","","1","N","N","N","0","","1","0","1","","2","","","2","1","0","0","0","0","0","2","0","2","","03","","N","","","","","","","","","",""
"2021019608","","1","0","0","0","0","0","0","0","0","8","0","","67","2","2021","5","39.991492","-75.148312","","6","0","0","0","0","0","0","0","0","","0","0","0","","","1","","1","","39 59:29.371","","0","75 08:53.923","8","0","0","0","67301","1","0","0","N","1","0","0","2","67301","0","","1.0","","1","N","N","N","0","","0","0","0","","2","","","2","1","0","0","0","1","0","2","0","1","","03","","N","","","","","","","","","",""
"2021020853","","1","0","0","0","0","0","0","0","0","7","0","","67","3","2021","2","40.029553","-75.102722","","6","0","0","0","0","0","0","0","0","","0","0","0","","","0","N","0","","40 01:46.391","","0","75 06:09.799","9","0","0","0","67301","0","0","0","N","0","0","0","1","67301","0","","3.0","","9","N","N","N","0","","0","0","0","","0","","","1","0","0","0","0","0","1","2","0","1","","07","","N","","","","","","","","","",""
"2021045462","","2","0","0","0","0","0","0","0","0","1","0","","67","5","2021","6","40.001536","-75.104258","","6","0","0","0","0","0","1","0","0","","0","0","0","","","0","","1","","40 00:05.531","","0","75 06:15.328","0","0","0","0","67301","0","0","0","N","0","0","0","5","67301","0","","1.0","","1","N","N","N","0","","0","0","1","","2","","","3","0","3","0","0","0","0","2","0","3","","03","","N","","","","","","","","","",""
"2021019833","","1","0","0","0","0","0","0","0","0","5","1","","67","2","2021","7","40.007296","-75.073498","","6","0","0","0","0","0","0","0","0","","0","1","0","","","1","N","0","","40 00:26.266","","0","75 04:24.593","3","0","0","0","67301","0","0","0","N","0","0","0","2","67301","0","","1.0","","9","N","N","N","0","","1","0","0","","0","","","2","1","0","0","0","0","0","2","0","2","","","","N","","","","","","","","","",""
"2021044713","","1","0","0","0","0","0","0","0","0","5","1","","67","5","2021","6","39.899541","-75.163404","","6","0","0","0","0","0","0","0","0","","0","1","0","","","0","N","0","","39 53:58.349","1","0","75 09:48.254","0","0","0","0","67301","0","0","0","N","0","0","0","2","68K01","0","","2.0","30.0","1","N","N","N","0","","0","0","0","","0","N","","2","0","0","0","0","0","0","2","0","2","","","","N","","","","","","","","","",""
"2021020129","","1","0","0","0","0","0","0","0","0","7","0","","67","2","2021","1","39.95548","-75.148099","","6","0","0","0","0","0","0","0","0","","0","0","0","","","0","N","0","","39 57:19.729","","2","75 08:53.156","0","0","0","0","67301","0","0","0","N","0","0","0","2","67501","0","","4.0","","9","N","N","N","0","","0","0","0","","0","","","1","0","0","0","0","0","0","2","0","1","","","","N","","","","","","","","","",""
"2021045427","","1","0","0","0","0","0","0","0","0","2","0","","67","5","2021","3","40.020108","-75.051758","","6","0","0","0","0","0","1","0","0","","0","0","0","","","1","N","0","","40 01:12.390","","0","75 03:06.330","8","0","0","1","67301","0","0","0","N","0","0","0","1","67301","0","","1.0","","1","N","N","N","0","","0","0","1","","3","","","3","1","0","0","0","1","0","2","0","3","","03","","N","","","","","","","","","",""
"2021017752","","4","0","0","0","0","0","0","0","0","5","0","","67","2","2021","1","39.957816","-75.219784","","6","0","0","0","0","0","0","0","0","","0","0","0","","","1","N","0","","39 57:28.136","","0","75 13:11.222","4","0","0","0","67301","0","0","0","N","0","0","0","1","67301","1","","6.0","","2","N","N","N","0","","0","0","2","","0","","","7","1","0","0","0","0","0","2","1","7","","10","","N","","","","","","","","","",""
"2021044884","","1","0","0","0","0","0","0","0","0","4","1","","67","5","2021","6","39.924078","-75.245498","","6","0","0","0","0","0","0","0","0","","0","1","0","","","0","","1","","39 55:26.681","","0","75 14:43.794","0","0","0","0","67301","0","0","0","N","0","0","0","2","67301","0","","1.0","","1","N","N","N","0","","0","0","0","","2","","","2","0","0","0","0","0","0","2","0","2","","03","","N","","","","","","","","","",""
"2021019422","","1","0","0","0","0","0","0","0","0","4","0","","67","2","2021","4","40.025845","-75.203294","","6","0","0","0","0","0","0","0","0","","0","0","0","","","2","","3","","40 01:33.041","5","0","75 12:11.860","4","0","0","0","67301","0","0","0","N","0","0","0","3","67301","2","","1.0","1845.0","1","N","N","N","0","","0","0","1","","2","N","","2","2","0","0","0","0","1","2","0","2","","03","","N","","","","","","","","","",""
"2021018720","","1","0","0","0","0","0","0","0","0","4","0","","67","2","2021","2","40.066444","-75.184367","","6","0","0","0","1","0","0","0","0","","0","0","0","","","1","","1","","40 03:59.199","","0","75 11:03.721","2","0","0","0","67301","0","0","0","N","0","0","0","2","67301","0","","1.0","","2","N","N","N","1","","0","1","1","","3","","","3","1","2","0","1","0","0","2","0","3","","","","N","","","","","","","","","",""
"2021033138","","1","0","0","0","0","0","0","0","0","2","0","","67","4","2021","1","39.987095","-75.093479","","6","0","0","0","0","0","0","0","0","","0","0","0","","","1","N","0","","39 59:13.541","","0","75 05:36.526","3","0","0","0","67301","0","0","0","N","0","0","0","2","67301","0","","1.0","","9","N","N","N","0","","1","0","1","","0","","","2","1","0","0","0","0","0","2","0","2","","07","","N","","","","","","","","","",""
"2021020856","","1","0","0","0","0","0","0","0","0","8","0","","67","3","2021","2","39.998699","-75.100471","","6","0","0","0","0","0","0","0","0","","0","0","0","","","1","N","0","","39 59:55.318","","0","75 06:01.696","3","0","0","0","67301","1","0","0","N","1","0","0","2","67301","0","","1.0","","9","N","N","N","0","","1","0","0","","0","","","2","1","0","0","0","0","0","2","0","1","","","","N","","","","","","","","","",""
"2021018921","","1","0","0","0","0","0","0","0","0","6","0","","67","2","2021","3","40.059572","-75.075956","","6","0","0","0","0","0","0","0","0","","0","0","0","","","1","N","0","","40 03:34.460","3","0","75 04:33.440","8","0","0","0","67301","0","0","0","N","0","0","0","2","67301","0","","1.0","1350.0","1","N","N","N","0","","0","0","0","","0","N","","2","1","0","0","0","1","0","2","1","2","","04","","N","","","","","","","","","",""
"2021045289","","0","0","0","0","0","0","0","0","0","2","0","","67","5","2021","2","40.043711","-75.168153","","6","0","0","0","0","0","0","0","0","","0","0","0","","","1","N","0","","40 02:37.360","","0","75 10:05.350","3","0","0","0","67301","0","0","0","N","0","0","0","1","67301","0","","1.0","","1","N","N","N","0","","1","0","1","","0","","","2","1","0","0","0","0","0","2","0","2","","03","","N","","","","","","","","","",""
"2021019420","","0","0","0","0","0","0","0","0","0","7","0","","67","2","2021","5","39.929656","-75.187136","","6","0","0","0","0","0","0","0","0","","0","0","0","","","2","N","0","","39 55:46.760","5","1","75 11:13.690","3","0","0","0","67301","0","0","0","N","0","0","0","2","67301","1","","4.0","2045.0","1","N","N","N","0","","1","0","1","","0","Y","","2","2","0","0","0","0","0","2","0","1","","03","","N","","","","","","","","","",""
"2021018269","","1","0","0","0","0","0","0","0","0","5","0","","67","2","2021","1","39.943767","-75.231769","","6","0","0","0","0","0","1","0","0","","0","0","0","","","1","N","0","","39 56:37.561","","0","75 13:54.368","4","0","0","0","67301","0","0","0","N","0","0","0","3","67301","1","","1.0","","1","N","N","N","0","","0","0","1","","0","","","2","1","0","0","0","0","0","2","0","2","","03","","N","","","","","","","","","",""
"2021032828","","2","0","0","0","0","0","0","0","0","4","0","","67","4","2021","5","40.033626","-75.046786","","6","0","0","0","0","0","0","0","0","","0","0","0","","","1","","1","","40 02:01.052","","0","75 02:48.431","3","0","0","0","67301","0","0","0","N","0","0","0","2","67301","0","","1.0","","1","N","N","N","0","","1","0","0","","2","","","2","1","0","0","0","0","0","2","0","2","","03","","N","","","","","","","","","",""
"2021044022","","2","0","0","0","0","0","0","0","0","4","1","","67","5","2021","5","40.010125","-75.121436","","6","0","0","0","0","0","1","0","0","","0","1","0","","","0","","1","","40 00:36.450","","0","75 07:17.168","0","0","0","0","67301","0","0","0","N","0","0","0","3","67301","0","","1.0","","1","N","N","N","0","","0","0","0","","2","","","3","0","0","0","0","0","0","2","0","3","","","","N","","","","","","","","","",""
"2021045725","","1","0","0","0","0","0","0","0","0","1","0","","67","5","2021","4","39.959478","-75.175662","","6","0","0","0","0","0","1","0","0","","0","0","0","","","0","N","0","","39 57:34.122","3","0","75 10:32.383","9","0","0","0","67301","0","0","0","N","0","0","0","4","68K01","0","","1.0","5.0","1","N","N","N","0","","0","0","1","","0","N","","3","0","0","0","0","0","1","2","0","3","","","","N","","","","","","","","","",""
"2021021569","","1","0","0","0","0","0","0","0","0","1","0","","67","3","2021","4","39.968453","-75.235363","","6","0","0","0","0","0","0","1","0","","0","0","0","","","2","","5","","39 58:06.431","","0","75 14:07.306","2","0","0","0","67301","0","0","0","N","0","0","0","2","67301","0","","1.0","","1","N","N","N","0","","0","1","1","","2","","","2","2","0","0","0","1","0","2","0","2","","03","","N","","","","","","","","","",""
"2021021671","","1","0","0","0","0","0","0","0","0","4","0","","67","3","2021","4","40.037076","-75.011351","","6","0","0","0","0","0","0","0","0","","0","0","0","","","1","","2","","40 02:13.474","","0","75 00:40.864","8","0","0","1","67301","0","0","0","N","0","0","0","2","67301","0","","1.0","","1","N","N","N","0","","0","0","0","","2","","","2","1","0","0","0","1","0","2","0","2","","03","","N","","","","","","","","","",""
"2021045415","","2","0","0","0","0","0","0","0","0","4","0","","67","5","2021","2","39.95768","-75.162367","","6","0","0","0","0","0","0","0","0","","0","0","0","","","0","","5","","39 57:27.649","","0","75 09:44.521","9","0","0","0","67301","0","0","0","N","0","0","0","2","67301","0","","1.0","","1","N","N","N","0","","0","0","0","","2","","","2","0","0","0","0","0","1","2","0","2","","03","","N","","","","","","","","","",""
"2021032236","","0","0","0","0","0","0","0","0","0","4","0","","67","4","2021","4","39.905702","-75.246574","","6","0","1","0","0","0","0","0","0","","0","0","0","","","1","","1","","39 54:20.527","","0","75 14:47.666","3","0","0","1","67301","0","0","0","N","0","0","0","2","67301","0","","1.0","","1","N","N","N","0","","1","0","1","","3","","","2","1","0","0","0","0","0","2","0","2","","","","N","","","","","","","","","",""
"2021044665","","1","0","0","0","0","0","0","0","0","5","0","","67","5","2021","5","39.957051","-75.152318","","6","0","0","0","0","0","0","1","0","","0","0","0","","","0","N","0","","39 57:25.383","","0","75 09:08.345","0","0","0","0","67301","0","0","0","N","0","0","0","2","68K01","0","","1.0","","1","N","N","N","0","","0","0","1","","0","","","2","0","0","0","0","0","0","2","0","2","","","","N","","","","","","","","","",""
"2021019775","","1","0","0","0","0","0","0","0","0","8","0","","67","2","2021","6","39.944896","-75.212701","","6","0","0","0","0","0","0","0","0","","0","0","0","","","1","","1","","39 56:41.625","","0","75 12:45.723","3","0","0","0","67301","1","0","0","N","1","0","0","2","67301","0","","1.0","","1","N","N","N","0","","1","0","0","","2","","","2","1","0","0","0","0","0","2","0","1","","03","","N","","","","","","","","","",""
"2021021123","","2","0","0","0","0","0","0","0","0","4","0","","67","3","2021","4","40.059851","-75.15013","","6","0","0","0","0","0","0","0","0","","0","0","0","","","0","","1","","40 03:35.463","1","0","75 09:00.467","0","0","0","0","67301","0","0","0","N","0","0","0","3","67301","0","","1.0","854.0","1","N","N","N","0","","0","0","0","","2","N","","2","0","0","0","0","0","0","2","0","2","","03","","N","","","","","","","","","",""
"2021018301","","0","0","0","0","0","0","0","0","0","4","0","","67","2","2021","2","40.006922","-75.068388","","6","0","0","0","0","0","0","1","0","","0","0","0","","","1","","3","","40 00:24.918","3","2","75 04:06.198","3","0","0","0","67301","0","0","0","N","0","0","0","2","67301","0","","1.0","615.0","1","N","N","N","1","","1","0","1","","0","N","","2","1","0","0","0","0","0","2","0","2","","03","","N","","","","","","","","","",""
"2021034001","","1","0","0","0","0","0","0","0","0","4","0","","67","4","2021","5","39.998317","-75.149866","","6","0","0","0","0","0","1","0","0","","0","0","0","","","1","","1","","39 59:53.941","","0","75 08:59.517","8","0","0","0","67301","0","0","0","N","0","0","0","3","67301","0","","1.0","","1","N","N","N","0","","0","0","1","","2","","","2","1","0","0","0","1","1","2","0","2","","03","","N","","","","","","","","","",""
"2021022957","","0","0","0","0","0","0","0","0","0","7","0","","67","2","2021","3","39.892842","-75.224621","","6","0","0","0","0","0","0","0","0","","0","0","0","","","0","N","0","","39 53:34.231","","8","75 13:28.636","0","0","0","0","67301","0","0","0","N","0","0","0","1","68K01","0","","4.0","","2","N","N","N","0","","0","0","1","","0","","","1","0","0","0","0","0","0","2","0","1","","","","N","","","","","","","","","",""
"2021044214","","2","0","0","0","0","0","0","0","0","2","0","","67","5","2021","3","40.000797","-75.083642","","6","0","0","0","0","0","0","0","0","","0","0","0","","","3","","2","","40 00:02.868","","2","75 05:01.111","2","0","0","0","67301","0","0","0","N","0","0","0","4","67301","0","","1.0","","1","N","N","N","0","","0","1","0","","2","","","2","3","0","0","0","2","1","2","0","2","","03","","N","","","","","","","","","",""
"2021044113","","0","0","0","0","0","0","1","0","0","4","1","","67","5","2021","6","39.936273","-75.193872","","6","0","0","0","0","0","1","0","0","","0","0","0","","","2","","1","","39 56:10.582","","0","75 11:37.939","3","0","0","0","67301","0","0","0","N","0","0","0","2","67301","0","","1.0","","1","N","N","N","0","","2","0","1","","3","","","2","2","1","0","0","0","0","2","0","2","","","","N","","","","","","","","","",""
"2021020331","","2","0","0","0","0","0","0","0","0","6","0","","67","2","2021","1","40.045858","-75.130196","","6","0","0","0","0","0","0","0","0","","0","0","0","","","2","N","0","","40 02:45.087","","0","75 07:48.707","3","0","0","0","67301","0","0","0","N","0","0","0","2","67301","0","","6.0","","1","N","N","N","0","","2","0","1","","0","","","3","2","0","0","0","0","0","2","0","3","","03","","N","","","","","","","","","",""
"2021021961","","0","0","0","0","0","0","0","0","0","8","0","","67","3","2021","2","40.05011","-75.064241","","6","0","0","0","0","0","0","0","0","","0","0","0","","","2","","1","","40 03:00.396","1","0","75 03:51.268","8","0","0","0","67301","2","0","0","N","2","0","0","3","67301","0","","1.0","1245.0","9","N","N","N","0","","0","0","1","","1","Y","","3","2","0","0","0","2","0","2","0","1","","04","","N","","","","","","","","","",""
"2021057834","","1","0","0","0","0","0","0","0","0","7","0","","67","6","2021","3","39.997503","-75.081676","","6","0","0","0","0","0","0","0","0","","0","0","0","","","0","N","0","","39 59:51.010","","0","75 04:54.033","0","0","0","0","67301","0","0","0","N","0","0","0","1","68K01","0","","3.0","","8","N","N","N","0","","0","0","0","","0","","","1","0","0","0","0","0","0","2","0","1","","","","N","","","","","","","","","",""
"2021057160","","2","0","0","0","0","0","0","0","0","4","0","","67","6","2021","7","39.970959","-75.128058","","6","0","0","0","0","0","0","0","0","","0","0","0","","","0","N","0","","39 58:15.454","","0","75 07:41.010","0","0","0","0","67301","0","0","0","N","0","0","0","1","67301","0","","1.0","","1","N","N","N","0","","0","0","1","","0","","","3","0","1","0","0","0","0","2","0","3","","","","N","","","","","","","","","",""
"2021045950","","1","0","0","0","0","0","0","0","0","5","0","","67","5","2021","5","40.012747","-75.139414","","6","0","0","0","0","0","0","0","0","","0","0","0","","","0","N","0","","40 00:45.890","","0","75 08:21.890","0","0","0","0","67301","0","0","0","N","0","0","0","1","67301","0","","1.0","","1","N","N","N","0","","0","0","1","","0","","","2","0","1","0","0","0","0","2","0","2","","","","N","","","","","","","","","",""
"2021020247","","2","0","0","0","0","0","0","0","0","6","0","","67","2","2021","1","40.009836","-75.107436","","6","0","0","0","0","0","0","0","0","","0","0","0","","","0","N","0","","40 00:35.410","","0","75 06:26.770","0","0","0","0","67301","0","0","0","N","0","0","0","1","67301","0","","6.0","","1","N","N","N","0","","0","0","0","","0","","","2","0","1","0","0","0","0","2","0","2","","03","","N","","","","","","","","","",""
"2021019627","","2","0","0","0","0","0","0","0","0","5","0","","67","2","2021","6","39.962833","-75.191333","","6","0","0","0","0","0","0","0","0","","0","0","0","","","0","N","0","","39 57:46.200","","0","75 11:28.800","0","0","0","0","67301","0","0","0","N","0","0","0","1","67507","0","","6.0","","1","N","N","N","0","","0","0","0","","0","","","2","0","0","0","0","0","0","2","0","2","","03","","N","","","","","","","","","",""
"2021021212","","0","0","0","0","0","0","0","0","0","7","0","","67","3","2021","3","40.02525","-75.073222","","6","0","0","0","0","0","1","0","0","","0","0","0","","","0","N","0","","40 01:30.900","","0","75 04:23.600","0","0","0","0","67301","0","0","0","N","0","0","0","1","67301","0","","4.0","","1","N","N","N","0","","0","0","0","","0","","","1","0","0","0","0","0","0","2","1","1","","03","","N","","","","","","","","","",""
"2021034002","","0","0","0","0","0","0","0","0","0","4","0","","67","4","2021","6","40.021538","-75.139814","","6","0","0","0","0","0","1","0","0","","0","0","0","","","1","","1","","40 01:17.537","1","0","75 08:23.331","8","0","0","0","67301","0","0","0","N","0","0","0","2","67301","0","","1.0","1100.0","1","N","N","N","1","","0","0","1","","2","N","","2","1","0","0","0","1","0","2","0","2","","98","","N","","","","","","","","","",""
"2021020090","","2","0","0","0","0","0","0","0","0","4","0","","67","2","2021","7","39.993427","-75.162986","","6","0","0","0","0","0","1","0","0","","0","0","0","","","2","","5","","39 59:36.337","6","0","75 09:46.749","8","0","0","0","67301","0","0","0","N","0","0","0","3","67301","0","","1.0","38.0","1","N","N","N","0","","0","0","0","","2","Y","","2","2","0","0","0","2","0","2","0","2","","03","","N","","","","","","","","","",""
"2021045777","","0","0","0","0","0","0","0","0","0","8","0","","67","5","2021","4","39.923705","-75.164465","","6","0","0","0","0","0","0","0","0","","0","0","0","","","1","","1","","39 55:25.339","","0","75 09:52.075","3","0","0","0","67301","1","0","0","N","1","0","0","1","67301","0","","1.0","","1","N","N","N","0","","1","0","0","","2","","","2","1","0","0","0","0","0","2","0","1","","03","","N","","","","","","","","","",""
"2021045718","","1","0","0","0","0","0","0","0","0","1","0","","67","5","2021","3","39.902122","-75.151249","","6","0","0","0","0","0","0","0","0","","0","0","0","","","0","N","0","","39 54:07.640","","0","75 09:04.497","0","0","0","0","67301","0","0","0","N","0","0","0","2","68K01","0","","1.0","","1","N","N","N","0","","0","0","1","","0","","","2","0","0","0","0","0","0","2","0","2","","","","N","","","","","","","","","",""
"2021021035","","1","0","0","0","0","0","0","0","0","4","0","","67","3","2021","3","40.026794","-75.117262","","6","0","0","0","0","0","1","0","0","","0","0","0","","","1","","1","","40 01:36.458","","0","75 07:02.143","3","0","0","0","67301","0","0","0","N","0","0","0","2","67301","0","","1.0","","1","N","N","N","0","","1","0","1","","2","","","2","1","0","0","0","0","0","2","0","2","","03","","N","","","","","","","","","",""
"2021019098","","2","0","0","0","0","0","0","0","0","5","0","","67","2","2021","4","39.91889","-75.170811","","6","0","0","0","0","0","0","0","0","","0","0","0","","","0","N","0","","39 55:08.003","1","0","75 10:14.921","0","0","0","0","67301","0","0","0","N","0","0","0","1","67301","0","","3.0","1037.0","1","N","N","N","0","","0","0","2","","0","N","","4","0","0","0","0","0","0","2","0","4","","","","N","","","","","","","","","",""
"2021022061","","3","0","0","0","0","0","0","0","0","4","0","","67","3","2021","3","39.997997","-75.125411","","6","0","0","0","0","0","0","0","0","","0","0","0","","","2","","1","","39 59:52.789","5","0","75 07:31.478","4","0","0","0","67301","0","0","0","N","0","0","0","4","67301","2","","1.0","1900.0","1","N","N","N","0","","0","0","0","","2","Y","","3","2","4","0","0","0","0","2","0","3","","03","","N","","","","","","","","","",""