"CRN","ARRIVAL_TM","AUTOMOBILE_COUNT","BELTED_DEATH_COUNT","BELTED_SUSP_SERIOUS_INJ_COUNT","BICYCLE_COUNT","BICYCLE_DEATH_COUNT","BICYCLE_SUSP_SERIOUS_INJ_COUNT","BUS_COUNT","CHLDPAS_DEATH_COUNT","CHLDPAS_SUSP_SERIOUS_INJ_COUNT","COLLISION_TYPE","COMM_VEH_COUNT","CONS_ZONE_SPD_LIM","COUNTY","CRASH_MONTH","CRASH_YEAR","DAY_OF_WEEK","DEC_LATITUDE","DEC_LONGITUDE","DISPATCH_TM","DISTRICT","DRIVER_COUNT_16YR","DRIVER_COUNT_17YR","DRIVER_COUNT_18YR","DRIVER_COUNT_19YR","DRIVER_COUNT_20YR","DRIVER_COUNT_50_64YR","DRIVER_COUNT_65_74YR","DRIVER_COUNT_75PLUS","EST_HRS_CLOSED","FATAL_COUNT","HEAVY_TRUCK_COUNT","HORSE_BUGGY_COUNT","HOUR_OF_DAY","ILLUMINATION","INJURY_COUNT","INTERSECTION_RELATED","INTERSECT_TYPE","LANE_CLOSED","LATITUDE","LN_CLOSE_DIR","LOCATION_TYPE","LONGITUDE","MAX_SEVERITY_LEVEL","MCYCLE_DEATH_COUNT","MCYCLE_SUSP_SERIOUS_INJ_COUNT","MOTORCYCLE_COUNT","MUNICIPALITY","NONMOTR_COUNT","NONMOTR_DEATH_COUNT","NONMOTR_SUSP_SERIOUS_INJ_COUNT","NTFY_HIWY_MAINT","PED_COUNT","PED_DEATH_COUNT","PED_SUSP_SERIOUS_INJ_COUNT","PERSON_COUNT","POLICE_AGCY","POSSIBLE_INJ_COUNT","RDWY_SURF_TYPE_CD","RELATION_TO_ROAD","ROADWAY_CLEARED","ROAD_CONDITION","SCH_BUS_IND","SCH_ZONE_IND","SECONDARY_CRASH","SMALL_TRUCK_COUNT","SPEC_JURIS_CD","SUSP_MINOR_INJ_COUNT","SUSP_SERIOUS_INJ_COUNT","SUV_COUNT","TCD_FUNC_CD","TCD_TYPE","TFC_DETOUR_IND","TIME_OF_DAY","TOTAL_UNITS","TOT_INJ_COUNT","UNBELTED_OCC_COUNT","UNB_DEATH_COUNT","UNB_SUSP_SERIOUS_INJ_COUNT","UNK_INJ_DEG_COUNT","UNK_INJ_PER_COUNT","URBAN_RURAL","VAN_COUNT","VEHICLE_COUNT","WEATHER1","WEATHER2","WORKERS_PRES","WORK_ZONE_IND","WORK_ZONE_LOC","WORK_ZONE_TYPE","WZ_CLOSE_DETOUR","WZ_FLAGGER","WZ_LAW_OFFCR_IND","WZ_LN_CLOSURE","WZ_MOVING","WZ_OTHER","WZ_SHLDER_MDN","WZ_WORKERS_INJ_KILLED"
"2021044545","","1","0","0","0","0","0","0","0","0","4","0","","67","5","2021","5","39.961671","-75.238808","","6","0","0","0","0","0","0","0","0","","0","0","0","","","0","","1","","39 57:42.014","","99","75 14:19.710","0","0","0","0","67301","0","0","0","N","0","0","0","1","67301","0","","1.0","","1","N","N","N","0","","0","0","0","","2","","","2","0","0","0","0","0","0","2","0","2","","03","","N","","","","","","","","","",""
"2021021670","","1","0","0","0","0","0","0","0","0","4","0","","67","3","2021","4","40.09165","-74.965699","","6","0","0","0","0","0","0","0","0","","0","0","0","","","4","","2","","40 05:29.941","2","7","74 57:56.517","3","0","0","0","67301","0","0","0","N","0","0","0","4","67301","0","","1.0","1545.0","1","N","N","N","0","","4","0","1","","2","N","","2","4","0","0","0","0","0","2","0","2","","03","","N","","","","","","","","","",""
"2021056619","","2","0","0","0","0","0","0","0","0","1","0","","67","6","2021","3","39.989575","-75.087579","","6","0","0","0","0","0","0","0","0","","0","0","0","","","1","N","0","","39 59:22.470","","0","75 05:15.284","8","0","0","0","67301","0","0","0","N","0","0","0","2","68K01","0","","1.0","","1","N","N","N","0","","0","0","0","","0","","","2","1","0","0","0","1","0","2","0","2","","03","","N","","","","","","","","","",""
"2021022062","","3","0","0","0","0","0","0","0","0","5","0","","67","3","2021","4","40.007801","-75.123106","","6","0","0","0","0","0","0","0","0","","0","0","0","","","1","N","0","","40 00:28.084","1","0","75 07:23.180","3","0","0","0","67301","0","0","0","N","0","0","0","1","67301","0","","6.0","830.0","1","N","N","N","0","","1","0","0","","0","N","","4","1","0","0","0","0","0","2","1","4","","03","","N","","","","","","","","","",""
"2021019957","","0","0","0","0","0","0","0","0","0","8","0","","67","2","2021","5","39.964356","-75.224457","","6","0","0","0","0","0","0","0","0","","0","0","0","","","1","N","0","","39 57:51.682","","0","75 13:28.046","3","0","0","0","67301","1","0","0","N","1","0","0","2","67301","0","","1.0","","1","N","N","N","0","","1","0","1","","0","","","2","1","0","0","0","0","0","2","0","1","","03","","N","","","","","","","","","",""
"2021020632","","1","0","0","0","0","0","0","0","0","8","0","","67","3","2021","2","40.076528","-75.19494","","6","0","0","0","0","0","0","0","0","","0","0","0","","","1","","1","","40 04:35.501","","0","75 11:41.783","3","0","0","0","67301","1","0","0","N","1","0","0","2","67301","0","","1.0","","1","N","N","N","0","","1","0","0","","2","","","2","1","0","0","0","0","0","2","0","1","","03","","N","","","","","","","","","",""
"2021021760","","1","0","0","0","0","0","0","0","0","4","0","","67","3","2021","2","39.998375","-75.095308","","6","0","0","0","0","0","0","0","0","","0","0","0","","","1","","9","","39 59:54.150","","0","75 05:43.110","3","0","0","0","67301","0","0","0","N","0","0","0","1","67301","0","","1.0","","1","N","N","N","0","","1","0","0","","5","","","2","1","0","0","0","0","0","2","0","1","","03","","N","","","","","","","","","",""
"2021020801","","1","0","0","0","0","0","0","0","0","5","0","","67","2","2021","1","39.957814","-75.162087","","6","0","0","0","0","0","0","0","0","","0","0","0","","","0","N","0","","39 57:28.132","3","0","75 09:43.512","0","0","0","0","67301","0","0","0","N","0","0","0","2","68K01","0","","2.0","115.0","1","N","N","N","0","","0","0","0","","0","N","","2","0","0","0","0","0","0","2","1","2","","03","","N","","","","","","","","","",""
"2021103781","","1","0","0","0","0","0","0","0","0","8","0","","67","10","2021","7","40.045958","-75.025825","","6","0","0","0","0","0","0","0","0","","0","0","0","","","1","N","0","","40 02:45.450","","0","75 01:32.970","3","0","0","0","67301","1","0","0","N","1","0","0","2","67301","0","","1.0","","9","N","N","N","0","","1","0","0","","3","","","2","1","0","0","0","0","1","2","0","1","","07","","N","","","","","","","","","",""
"2021022060","","1","0","0","0","0","0","0","0","0","2","0","","67","3","2021","3","40.014072","-75.127717","","6","0","0","0","0","0","0","0","0","","0","0","0","","","2","N","0","","40 00:50.660","3","0","75 07:39.780","3","0","0","0","67301","0","0","0","N","0","0","0","4","67301","0","","1.0","1753.0","1","N","N","N","0","","2","0","1","","0","N","","2","2","0","0","0","0","0","2","0","2","","03","","N","","","","","","","","","",""
"2021048108","","3","0","0","0","0","0","0","0","0","5","0","","67","4","2021","5","39.957384","-75.228905","","6","0","0","0","0","0","0","0","0","","0","0","0","","","0","N","0","","39 57:26.583","","0","75 13:44.058","0","0","0","0","67301","0","0","0","N","0","0","0","2","67301","0","","6.0","","1","N","N","N","1","","0","0","3","","0","","","7","0","0","0","0","0","0","2","0","7","","03","","N","","","","","","","","","",""
"2021020855","","1","0","0","0","0","0","0","0","0","8","0","","67","3","2021","3","39.949758","-75.201444","","6","0","0","0","0","0","0","0","0","","0","0","0","","","1","","3","","39 56:59.128","","7","75 12:05.198","3","0","0","0","67301","1","0","0","N","1","0","0","2","67301","0","","1.0","","1","N","N","N","0","","1","0","0","","2","","","2","1","0","0","0","0","0","2","0","1","","03","","N","","","","","","","","","",""
"2021044119","","2","0","0","0","0","0","0","0","0","2","0","","67","5","2021","7","39.991701","-75.185609","","6","0","0","0","0","0","0","0","0","","0","0","0","","","0","","1","","39 59:30.124","","99","75 11:08.194","0","0","0","0","67301","0","0","0","N","0","0","0","2","67301","0","","1.0","","1","N","N","N","0","","0","0","0","","2","","","2","0","2","0","0","0","0","2","0","2","","04","","N","","","","","","","","","",""
"2021020554","","0","0","0","0","0","0","0","0","0","7","0","","67","2","2021","2","40.045032","-75.002015","","6","0","0","0","0","0","0","0","0","","0","0","0","","","0","N","0","","40 02:42.115","","0","75 00:07.254","0","0","0","0","67301","0","0","0","Y","0","0","0","1","68K01","0","","2.0","","9","N","N","N","0","","0","0","1","","0","","","1","0","0","0","0","0","0","2","0","1","","","","N","","","","","","","","","",""
"2021058557","","1","0","0","0","0","0","0","0","0","7","0","","67","5","2021","1","40.037624","-75.011766","","6","0","0","0","0","0","1","0","0","","0","0","0","","","0","N","0","","40 02:15.447","1","0","75 00:42.358","0","0","0","0","67301","0","0","0","N","0","0","0","1","68K01","0","","4.0","1540.0","9","N","N","N","0","","0","0","0","","0","N","","1","0","0","0","0","0","0","2","0","1","","","","N","","","","","","","","","",""
"2021101495","","2","0","0","0","0","0","0","0","0","2","0","","67","10","2021","1","39.978988","-75.160225","","6","0","0","0","0","0","2","0","0","","0","0","0","","","0","N","1","","39 58:44.355","4","0","75 09:36.809","0","0","0","0","67301","0","0","0","N","0","0","0","2","67505","0","","1.0","1745.0","1","N","N","N","0","","0","0","0","","3","N","","2","0","0","0","0","0","0","2","0","2","","03","","N","","","","","","","","","",""
"2021044428","","1","0","0","0","0","0","0","0","0","4","1","","67","5","2021","7","40.035658","-75.077833","","6","0","0","0","0","0","0","0","0","","0","1","0","","","1","N","0","","40 02:08.370","7","7","75 04:40.200","3","0","0","0","67301","0","0","0","N","0","0","0","3","67301","0","","1.0","915.0","1","N","N","N","0","","1","0","2","","0","N","","4","1","0","0","0","0","0","2","0","4","","03","","N","","","","","","","","","",""
"2021019776","","1","0","0","0","0","0","0","0","0","7","0","","67","2","2021","7","39.94778","-75.229454","","6","0","0","0","0","0","0","0","0","","0","0","0","","","1","","1","","39 56:52.009","","0","75 13:46.036","8","0","0","0","67301","0","0","0","N","0","0","0","1","67301","0","","5.0","","9","N","N","N","0","","0","0","0","","2","","","1","1","0","0","0","1","0","2","0","1","","04","","N","","","","","","","","","",""
"2021058113","","2","0","0","0","0","0","0","0","0","2","0","","67","6","2021","7","40.004536","-75.148561","","6","0","0","0","0","0","0","0","0","","0","0","0","","","2","Y","0","","40 00:16.330","","0","75 08:54.820","3","0","0","0","67301","0","0","0","N","0","0","0","2","67301","0","","1.0","","1","N","N","N","0","","2","0","0","","2","","","2","2","0","0","0","0","0","2","0","2","","03","","N","","","","","","","","","",""
"2021020657","","1","0","0","0","0","0","0","0","0","4","0","","67","3","2021","2","40.041499","-75.158367","","6","0","0","0","0","0","0","0","0","","0","0","0","","","1","","5","","40 02:29.398","","0","75 09:30.121","3","0","0","0","67301","0","0","0","N","0","0","0","2","67301","0","","1.0","","1","N","N","N","0","","1","0","1","","2","","","2","1","0","0","0","0","0","2","0","2","","03","","N","","","","","","","","","",""
"2021022505","","2","0","0","0","0","0","0","0","0","2","0","","67","2","2021","7","40.028714","-75.182014","","6","0","0","0","0","0","0","0","0","","0","0","0","","","0","N","0","","40 01:43.370","","0","75 10:55.250","0","0","0","0","67301","0","0","0","N","0","0","0","2","67301","0","","1.0","","1","N","N","N","0","","0","0","0","","0","","","2","0","0","0","0","0","0","2","0","2","","03","","N","","","","","","","","","",""
"2021032423","","2","0","0","0","0","0","0","0","0","1","0","","67","4","2021","4","39.999078","-75.129147","","6","0","0","0","0","0","0","0","0","","0","0","0","","","0","N","0","","39 59:56.680","1","0","75 07:44.930","0","0","0","0","67301","0","0","0","N","0","0","0","1","67301","0","","6.0","1033.0","9","N","N","Y","0","","0","0","0","","0","N","","2","0","1","0","0","0","0","2","0","2","","04","","N","","","","","","","","","",""
"2021019119","","1","0","0","0","0","0","0","0","0","5","0","","67","2","2021","4","40.026137","-75.127922","","6","0","0","0","0","0","1","0","0","","0","0","0","","","3","N","2","","40 01:34.093","","0","75 07:40.519","3","0","0","0","67301","0","0","0","N","0","0","0","3","67301","0","","1.0","","9","N","N","N","0","","3","0","1","","3","","","3","3","0","0","0","0","0","2","0","2","","03","","N","","","","","","","","","",""
"2021044432","","2","0","0","0","0","0","0","0","0","4","1","","67","5","2021","5","40.114035","-74.987614","","6","0","0","0","0","0","1","0","1","","0","1","0","","","1","","1","","40 06:50.525","","0","74 59:15.412","2","0","0","0","67301","0","0","0","N","0","0","0","3","67301","0","","1.0","","1","N","N","N","0","","0","1","0","","2","","","3","1","0","0","0","0","0","2","0","3","","03","","N","","","","","","","","","",""
"2021033193","","1","0","0","0","0","0","0","0","0","7","0","","67","4","2021","7","39.960399","-75.181143","","6","0","0","0","0","0","0","0","0","","0","0","0","","","0","N","0","","39 57:37.437","4","0","75 10:52.114","0","0","0","0","67301","0","0","0","N","0","0","0","1","68K01","0","","4.0","505.0","9","N","N","N","0","","0","0","0","","0","N","","1","0","0","0","0","0","0","2","0","1","","07","","N","","","","","","","","","",""
"2021045465","","2","0","0","0","0","0","0","0","0","4","0","","67","5","2021","1","39.993313","-75.09705","","6","0","0","0","0","0","1","0","0","","0","0","0","","","0","N","0","","39 59:35.926","","0","75 05:49.381","0","0","0","0","67301","0","0","0","N","0","0","0","2","67301","0","","1.0","","1","N","N","N","0","","0","0","0","","0","","","2","0","1","0","0","0","0","2","0","2","","03","","N","","","","","","","","","",""
"2021021762","","1","0","0","0","0","0","0","0","0","7","0","","67","3","2021","4","40.011545","-75.108042","","6","0","0","0","0","0","0","0","0","","0","0","0","","","1","","1","","40 00:41.562","3","0","75 06:28.950","3","0","0","0","67301","0","0","0","N","0","0","0","1","67301","0","","4.0","128.0","1","N","N","N","0","","1","0","0","","2","N","","1","1","1","0","0","0","0","2","0","1","","03","","N","","","","","","","","","",""
"2021043994","","1","0","0","0","0","0","0","0","0","4","0","","67","5","2021","6","40.052174","-75.09309","","6","0","0","0","1","0","0","0","0","","0","0","0","","","1","","1","","40 03:07.828","","0","75 05:35.123","8","0","0","1","67301","0","0","0","N","0","0","0","2","67301","0","","1.0","","1","N","N","N","0","","0","0","0","","3","","","2","1","0","0","0","1","0","2","0","2","","03","","N","","","","","","","","","",""
"2021020211","","0","0","0","0","0","0","0","0","0","8","0","","67","2","2021","6","40.036672","-75.173856","","6","0","0","0","0","0","0","0","0","","0","0","0","","","1","","2","","40 02:12.019","","0","75 10:25.881","8","0","0","0","67301","1","0","0","N","1","0","0","2","67301","0","","1.0","","1","N","N","N","0","","0","0","1","","2","","","2","1","0","0","0","1","0","2","0","1","","03","","N","","","","","","","","","",""
"2021019097","","2","0","0","0","0","0","0","0","0","5","0","","67","2","2021","3","39.912694","-75.138219","","6","0","0","0","0","0","0","0","0","","0","0","0","","","0","","3","","39 54:45.699","","0","75 08:17.588","0","0","0","0","67301","0","0","0","N","0","0","0","2","67301","0","","1.0","","1","N","N","N","0","","0","0","0","","2","","","2","0","0","0","0","0","0","2","0","2","","","","N","","","","","","","","","",""
"2021044202","","1","0","0","0","0","0","0","0","0","8","0","","67","5","2021","7","40.043778","-75.066497","","6","0","0","0","0","0","0","0","0","","0","0","0","","","1","N","0","","40 02:37.600","","0","75 03:59.390","2","0","0","0","67301","1","0","1","N","1","0","1","3","67301","0","","1.0","","1","N","N","N","0","","0","1","0","","0","","","2","1","0","0","0","0","0","2","0","1","","03","","N","","","","","","","","","",""
"2021057466","","1","0","0","0","0","0","0","0","0","7","0","","67","5","2021","1","39.954606","-75.181101","","6","0","0","0","0","0","0","0","0","","0","0","0","","","0","","3","","39 57:16.583","","0","75 10:51.965","9","0","0","0","67301","0","0","0","N","0","0","0","1","67301","0","","5.0","","1","N","N","N","0","","0","0","0","","0","","","1","0","1","0","0","0","1","2","0","1","","03","","N","","","","","","","","","",""
"2021032237","","1","0","0","0","0","0","0","0","0","4","0","","67","4","2021","5","39.923182","-75.244485","","6","0","0","0","0","0","1","0","0","","0","0","0","","","0","","3","","39 55:23.455","","0","75 14:40.145","0","0","0","0","67301","0","0","0","N","0","0","0","2","67301","0","","1.0","","1","N","N","N","0","","0","0","1","","0","","","2","0","2","0","0","0","0","2","0","2","","03","","N","","","","","","","","","",""
"2021019100","","0","0","0","0","0","0","0","0","0","3","1","99","67","2","2021","4","39.94864","-75.249695","","6","0","0","0","0","0","1","0","0","","0","1","0","","","1","","2","","39 56:55.105","","0","75 14:58.903","3","0","0","0","67301","0","0","0","N","0","0","0","2","67301","0","","1.0","","1","N","N","N","1","","1","0","0","","0","","","2","1","0","0","0","0","0","2","0","2","","03","U","Y","4","1","Y","","U","","","","","N"
"2021020843","","1","0","0","0","0","0","0","0","0","1","0","","67","2","2021","1","40.094773","-75.015326","","6","0","0","0","0","0","0","0","0","","0","0","0","","","1","","1","","40 05:41.184","","0","75 00:55.174","8","0","0","0","67301","0","0","0","N","0","0","0","2","67301","0","","1.0","","1","N","N","N","0","","0","0","1","","2","","","2","1","0","0","0","1","0","2","0","2","","","","N","","","","","","","","","",""
"2021101409","","1","0","1","0","0","0","0","0","0","5","2","","67","10","2021","6","39.963862","-75.184267","","6","0","0","0","0","0","0","0","0","","0","2","0","","","4","","3","","39 57:49.902","7","0","75 11:03.361","2","0","0","0","67301","0","0","0","N","0","0","0","4","68K01","3","","1.0","622.0","1","N","N","N","0","","0","1","0","","0","N","","3","4","0","0","0","0","0","2","0","3","","","","N","","","","","","","","","",""
"2021033034","","0","0","0","0","0","0","0","0","0","4","0","","67","4","2021","7","40.039531","-75.129827","","6","0","0","0","0","0","1","0","0","","0","0","0","","","2","","1","","40 02:22.311","","0","75 07:47.377","8","0","0","0","67301","0","0","0","N","0","0","0","3","67301","0","","1.0","","1","N","N","N","0","","0","0","2","","2","","","2","2","2","0","0","2","0","2","0","2","","04","","N","","","","","","","","","",""
"2021101608","","1","0","0","0","0","0","0","0","0","7","0","","67","10","2021","2","39.978675","-75.157803","","6","0","0","0","0","0","0","0","0","","0","0","0","","","1","N","1","","39 58:43.230","","0","75 09:28.092","8","0","0","0","67301","0","0","0","N","0","0","0","2","67505","0","","5.0","","1","N","N","N","0","","0","0","0","","2","","","1","1","0","0","0","1","0","2","0","1","","","","N","","","","","","","","","",""
"2021045946","","1","0","0","0","0","0","0","0","0","4","0","","67","5","2021","4","39.963282","-75.238456","","6","0","0","0","0","0","0","0","0","","0","0","0","","","0","","1","","39 57:47.815","","0","75 14:18.441","0","0","0","0","67301","0","0","0","N","0","0","0","1","67301","0","","1.0","","1","N","N","N","0","","0","0","0","","2","","","2","0","0","0","0","0","0","2","0","2","","03","","N","","","","","","","","","",""
"2021045684","","1","0","0","0","0","0","0","0","0","4","1","","67","5","2021","3","39.980979","-75.175711","","6","0","0","0","0","0","0","0","0","","0","1","0","","","1","","1","","39 58:51.524","","0","75 10:32.559","3","0","0","0","67301","0","0","0","N","0","0","0","2","67301","0","","1.0","","1","N","N","N","0","","1","0","0","","2","","","2","1","2","0","0","0","0","2","0","2","","03","","N","","","","","","","","","",""
"2021019958","","3","0","0","0","0","0","0","0","0","4","0","","67","2","2021","7","39.962727","-75.203921","","6","0","0","0","0","0","0","0","0","","0","0","0","","","0","","1","","39 57:45.818","","0","75 12:14.114","0","0","0","0","67301","0","0","0","N","0","0","0","2","67301","0","","1.0","","9","N","N","N","0","","0","0","0","","0","","","3","0","0","0","0","0","0","2","0","3","","","","N","","","","","","","","","",""
"2021020635","","1","0","0","0","0","0","0","0","0","4","0","","67","2","2021","7","39.958437","-75.231274","","6","0","0","0","0","0","0","0","0","","0","0","0","","","0","","1","","39 57:30.373","","0","75 13:52.586","0","0","0","0","67301","0","0","0","N","0","0","0","3","67301","0","","1.0","","1","N","N","N","0","","0","0","1","","3","","","2","0","0","0","0","0","0","2","0","2","","03","","N","","","","","","","","","",""
"2021021672","","1","0","0","0","0","0","0","0","0","5","0","","67","3","2021","4","39.921054","-75.224167","","6","0","0","0","0","0","0","0","0","","0","0","0","","","5","","1","","39 55:15.795","","0","75 13:27.001","3","0","0","0","67301","0","0","0","N","0","0","0","6","67301","1","","1.0","","1","N","N","N","0","","4","0","0","","2","","","2","5","0","0","0","0","0","2","0","2","","03","","N","","","","","","","","","",""
"2021044109","","2","0","1","0","0","0","0","0","0","2","0","","67","5","2021","1","40.032901","-75.164593","","6","0","0","0","0","0","0","0","0","","0","0","0","","","4","","2","","40 01:58.443","","0","75 09:52.534","2","0","0","0","67301","0","0","0","N","0","0","0","4","67301","0","","1.0","","1","N","N","N","0","","3","1","0","","3","","","2","4","0","0","0","0","0","2","0","2","","03","","N","","","","","","","","","",""
"2021045694","","1","0","0","0","0","0","0","0","0","7","0","","67","5","2021","3","40.013042","-75.200956","","6","0","0","1","0","0","0","0","0","","0","0","0","","","0","N","0","","40 00:46.950","7","0","75 12:03.440","0","0","0","0","67301","0","0","0","N","0","0","0","1","67301","0","","4.0","130.0","1","N","N","N","0","","0","0","0","","0","Y","","1","0","0","0","0","0","0","2","0","1","","","","N","","","","","","","","","",""
"2021020012","","0","0","0","0","0","0","0","0","0","8","0","","67","2","2021","6","39.965717","-75.141183","","6","0","0","0","0","0","0","0","0","","0","0","0","","","1","N","0","","39 57:56.580","","0","75 08:28.260","3","0","0","0","67301","1","0","0","N","1","0","0","2","67301","0","","1.0","","9","N","N","N","0","","1","0","0","","0","","","2","1","0","0","0","0","0","2","0","1","","07","","N","","","","","","","","","",""
"2021044009","","1","0","0","0","0","0","0","0","0","4","0","","67","5","2021","6","39.980165","-75.269272","","6","0","0","0","1","0","0","0","0","","0","0","0","","","1","","1","","39 58:48.595","","0","75 16:09.378","3","0","0","0","67301","0","0","0","N","0","0","0","2","67301","0","","1.0","","1","N","N","N","0","","1","0","1","","2","U","","2","1","0","0","0","0","0","2","0","2","","","","N","","","","","","","","","",""
"2021102823","","1","0","0","0","0","0","0","0","0","8","0","","67","10","2021","4","40.095953","-74.976781","","6","0","0","0","0","0","0","1","0","","0","0","0","","","1","","1","","40 05:45.430","","0","74 58:36.413","3","0","0","0","67301","1","0","0","N","1","0","0","2","67301","0","","1.0","","1","N","N","N","0","","1","0","0","","2","","","2","1","0","0","0","0","0","2","0","1","","","","N","","","","","","","","","",""
"2021033232","","1","0","0","0","0","0","0","0","0","5","0","","67","4","2021","7","39.937694","-75.173583","","6","0","0","0","0","0","0","0","0","","0","0","0","","","1","N","0","","39 56:15.700","","0","75 10:24.900","2","0","0","0","67301","1","0","1","N","1","0","1","3","67301","0","","6.0","","1","N","N","N","0","","0","1","3","","0","","","6","1","0","0","0","0","0","2","1","5","","03","","N","","","","","","","","","",""
"2021023623","","0","0","0","0","0","0","0","0","0","7","0","","67","2","2021","6","40.005679","-75.197338","","6","0","0","0","0","0","0","0","0","","0","0","0","","","0","N","0","","40 00:20.444","1","2","75 11:50.415","0","0","0","0","67301","0","0","0","N","0","0","0","2","68K01","0","","2.0","1350.0","1","N","N","N","0","","0","0","1","","0","N","","1","0","0","0","0","0","0","2","0","1","","","","N","","","","","","","","","",""
"2021020726","","2","0","0","0","0","0","0","0","0","4","0","","67","3","2021","2","40.002286","-75.110028","","6","0","0","0","0","0","0","0","0","","0","0","0","","","2","","2","","40 00:08.230","","0","75 06:36.101","3","0","0","0","67301","0","0","0","N","0","0","0","3","67301","0","","1.0","","1","N","N","N","0","","2","0","0","","3","","","2","2","0","0","0","0","0","2","0","2","","03","","N","","","","","","","","","",""
"2021032759","","1","0","0","0","0","0","0","0","0","7","0","","67","4","2021","7","39.966042","-75.13154","","6","0","0","0","0","0","0","0","0","","0","0","0","","","1","N","0","","39 57:57.751","2","0","75 07:53.545","4","0","0","0","67301","0","0","0","N","0","0","0","1","67301","1","","3.0","1700.0","1","N","N","N","0","","0","0","0","","0","N","","1","1","0","0","0","0","0","2","0","1","","","","N","","","","","","","","","",""
"2021019175","","1","0","0","0","0","0","0","0","0","5","0","","67","2","2021","4","39.916889","-75.152639","","6","0","0","0","0","0","0","0","0","","0","0","0","","","1","N","0","","39 55:00.800","","0","75 09:09.500","3","0","0","0","67301","0","0","0","N","0","0","0","1","67301","0","","6.0","","1","N","N","N","1","","1","0","5","","0","","","7","1","0","0","0","0","0","2","0","7","","","","N","","","","","","","","","",""
"2021023928","","2","0","0","0","0","0","0","0","0","5","0","","67","2","2021","6","39.889615","-75.219707","","6","0","0","0","0","0","0","0","0","","0","0","0","","","2","","6","","39 53:22.614","1","8","75 13:10.944","3","0","0","0","67301","0","0","0","N","0","0","0","2","68K01","0","","7.0","1630.0","1","N","N","N","0","","2","0","0","","0","N","","2","2","0","0","0","0","0","2","0","2","","","","N","","","","","","","","","",""
"2021057939","","0","0","0","0","0","0","0","0","0","5","1","","67","6","2021","2","40.029278","-75.12475","","6","0","0","0","0","0","0","0","0","","0","1","0","","","0","N","0","","40 01:45.400","","0","75 07:29.100","0","0","0","0","67301","0","0","0","N","0","0","0","1","67301","0","","6.0","","9","N","N","N","0","","0","0","1","","0","","","2","0","0","0","0","0","0","2","0","2","","07","","N","","","","","","","","","",""
"2021102802","","1","0","0","0","0","0","0","0","0","4","0","","67","10","2021","7","39.970231","-75.211626","","6","0","1","0","0","0","0","0","0","","0","0","0","","","0","","2","","39 58:12.833","","0","75 12:41.855","0","0","0","0","67301","0","0","0","N","0","0","0","2","67301","0","","1.0","","1","N","N","N","0","","0","0","1","","3","","","2","0","0","0","0","0","0","2","0","2","","","","N","","","","","","","","","",""
"2021045361","","2","0","0","0","0","0","0","0","0","4","0","","67","5","2021","2","39.963947","-75.138666","","6","0","1","0","0","0","0","0","0","","0","0","0","","","0","N","0","","39 57:50.210","","0","75 08:19.198","0","0","0","0","67301","0","0","0","N","0","0","0","2","68K01","0","","1.0","","1","N","N","N","0","","0","0","0","","0","","","2","0","0","0","0","0","0","2","0","2","","03","","N","","","","","","","","","",""
"2021019832","","1","0","0","0","0","0","0","0","0","8","0","","67","2","2021","6","39.923986","-75.143579","","6","0","0","0","0","0","0","0","1","","0","0","0","","","1","","2","","39 55:26.351","2","0","75 08:36.885","3","0","0","0","67301","1","0","0","N","1","0","0","2","67301","0","","1.0","2020.0","1","N","N","N","0","","1","0","0","","2","N","","2","1","0","0","0","0","0","2","0","1","","03","","N","","","","","","","","","",""
"2021021058","","1","0","0","0","0","0","0","0","0","4","0","","67","2","2021","1","40.035496","-75.178766","","6","0","0","0","0","0","0","0","0","","0","0","0","","","0","","1","","40 02:07.785","","0","75 10:43.557","9","0","0","0","67301","0","0","0","N","0","0","0","2","67301","0","","1.0","","9","N","N","N","1","","0","0","0","","2","","","2","0","2","0","0","0","1","2","0","2","","07","","N","","","","","","","","","",""
"2021028101","","1","0","0","0","0","0","0","0","0","7","0","","67","3","2021","3","40.04895","-74.99827","","6","0","0","0","0","0","0","0","0","","0","0","0","","","3","N","0","","40 02:56.219","","3","74 59:53.771","3","0","0","0","67301","0","0","0","N","0","0","0","3","68K01","0","","2.0","","1","N","N","N","0","","1","0","0","","0","","","1","3","0","0","0","2","0","2","0","1","","03","","N","","","","","","","","","",""
"2021019288","","1","0","0","0","0","0","0","0","0","4","0","","67","2","2021","4","40.024314","-75.161267","","6","0","0","0","0","0","0","1","0","","0","0","0","","","1","","1","","40 01:27.530","","0","75 09:40.561","3","0","0","0","67301","0","0","0","N","0","0","0","3","67301","0","","1.0","","1","N","N","N","0","","1","0","1","","3","","","2","1","0","0","0","0","0","2","0","2","","","","N","","","","","","","","","",""
"2021103662","","3","0","0","0","0","0","0","0","0","1","0","","67","10","2021","5","40.029911","-75.103076","","6","0","0","0","0","0","1","0","0","","0","0","0","","","3","","5","","40 01:47.679","","0","75 06:11.073","8","0","0","0","67301","0","0","0","N","0","0","0","3","67301","0","","1.0","","1","N","N","Y","0","","0","0","0","","2","","","3","3","0","0","0","3","0","2","0","3","","03","","N","","","","","","","","","",""
"2021044444","","1","0","0","0","0","0","0","0","0","5","0","","67","5","2021","1","40.005847","-75.185884","","6","0","0","0","0","0","0","0","0","","0","0","0","","","1","N","0","","40 00:21.049","","0","75 11:09.181","4","0","0","0","67301","0","0","0","N","0","0","0","1","67301","1","","6.0","","1","N","N","Y","0","","0","0","2","","0","","","3","1","1","0","0","0","0","2","0","3","","03","","N","","","","","","","","","",""