"CRN","ARRIVAL_TM","AUTOMOBILE_COUNT","BELTED_DEATH_COUNT","BELTED_SUSP_SERIOUS_INJ_COUNT","BICYCLE_COUNT","BICYCLE_DEATH_COUNT","BICYCLE_SUSP_SERIOUS_INJ_COUNT","BUS_COUNT","CHLDPAS_DEATH_COUNT","CHLDPAS_SUSP_SERIOUS_INJ_COUNT","COLLISION_TYPE","COMM_VEH_COUNT","CONS_ZONE_SPD_LIM","COUNTY","CRASH_MONTH","CRASH_YEAR","DAY_OF_WEEK","DEC_LATITUDE","DEC_LONGITUDE","DISPATCH_TM","DISTRICT","DRIVER_COUNT_16YR","DRIVER_COUNT_17YR","DRIVER_COUNT_18YR","DRIVER_COUNT_19YR","DRIVER_COUNT_20YR","DRIVER_COUNT_50_64YR","DRIVER_COUNT_65_74YR","DRIVER_COUNT_75PLUS","EST_HRS_CLOSED","FATAL_COUNT","HEAVY_TRUCK_COUNT","HORSE_BUGGY_COUNT","HOUR_OF_DAY","ILLUMINATION","INJURY_COUNT","INTERSECTION_RELATED","INTERSECT_TYPE","LANE_CLOSED","LATITUDE","LN_CLOSE_DIR","LOCATION_TYPE","LONGITUDE","MAX_SEVERITY_LEVEL","MCYCLE_DEATH_COUNT","MCYCLE_SUSP_SERIOUS_INJ_COUNT","MOTORCYCLE_COUNT","MUNICIPALITY","NONMOTR_COUNT","NONMOTR_DEATH_COUNT","NONMOTR_SUSP_SERIOUS_INJ_COUNT","NTFY_HIWY_MAINT","PED_COUNT","PED_DEATH_COUNT","PED_SUSP_SERIOUS_INJ_COUNT","PERSON_COUNT","POLICE_AGCY","POSSIBLE_INJ_COUNT","RDWY_SURF_TYPE_CD","RELATION_TO_ROAD","ROADWAY_CLEARED","ROAD_CONDITION","SCH_BUS_IND","SCH_ZONE_IND","SECONDARY_CRASH","SMALL_TRUCK_COUNT","SPEC_JURIS_CD","SUSP_MINOR_INJ_COUNT","SUSP_SERIOUS_INJ_COUNT","SUV_COUNT","TCD_FUNC_CD","TCD_TYPE","TFC_DETOUR_IND","TIME_OF_DAY","TOTAL_UNITS","TOT_INJ_COUNT","UNBELTED_OCC_COUNT","UNB_DEATH_COUNT","UNB_SUSP_SERIOUS_INJ_COUNT","UNK_INJ_DEG_COUNT","UNK_INJ_PER_COUNT","URBAN_RURAL","VAN_COUNT","VEHICLE_COUNT","WEATHER1","WEATHER2","WORKERS_PRES","WORK_ZONE_IND","WORK_ZONE_LOC","WORK_ZONE_TYPE","WZ_CLOSE_DETOUR","WZ_FLAGGER","WZ_LAW_OFFCR_IND","WZ_LN_CLOSURE","WZ_MOVING","WZ_OTHER","WZ_SHLDER_MDN","WZ_WORKERS_INJ_KILLED"
"2021020328","","1","0","0","0","0","0","0","0","0","7","0","","67","2","2021","7","39.990908","-75.130688","","6","0","0","0","0","0","0","0","0","","0","0","0","","","1","N","0","","39 59:27.270","","0","75 07:50.478","8","0","0","0","67301","0","0","0","N","0","0","0","1","67301","0","","5.0","","9","N","N","N","0","","0","0","0","","0","","","1","1","0","0","0","1","0","2","0","1","","03","","N","","","","","","","","","",""
"2021021211","","2","0","0","0","0","0","0","0","0","4","0","","67","3","2021","2","40.025281","-75.109213","","6","0","0","0","0","0","1","0","0","","0","0","0","","","1","","3","","40 01:31.013","","0","75 06:33.167","8","0","0","0","67301","0","0","0","N","0","0","0","3","67301","0","","1.0","","1","N","N","N","0","","0","0","0","","0","","","2","1","0","0","0","1","0","2","0","2","","07","","N","","","","","","","","","",""
"2021019423","","1","0","0","0","0","0","0","0","0","1","0","","67","2","2021","5","40.011864","-75.086176","","6","0","0","0","0","0","1","0","0","","0","0","0","","","0","","1","","40 00:42.710","","0","75 05:10.233","0","0","0","0","67301","0","0","0","N","0","0","0","3","67301","0","","1.0","","1","N","N","N","0","","0","0","1","","3","","","2","0","1","0","0","0","0","2","0","2","","","","N","","","","","","","","","",""
"2021019177","","1","0","0","0","0","0","0","0","0","7","0","","67","2","2021","3","40.06008","-75.018647","","6","0","0","0","0","0","1","0","0","","0","0","0","","","1","N","0","","40 03:36.289","","0","75 01:07.128","3","0","0","0","67301","0","0","0","N","0","0","0","1","67301","0","","4.0","","1","N","N","N","0","","1","0","0","","0","","","1","1","0","0","0","0","0","2","0","1","","03","","N","","","","","","","","","",""
"2021045421","","0","0","0","0","0","0","0","0","0","0","0","","67","5","2021","3","40.137262","-75.013879","","6","0","0","0","0","0","0","0","0","","0","0","0","","","1","","1","","40 08:14.143","1","0","75 00:49.964","3","0","0","1","67301","0","0","0","N","0","0","0","1","67301","0","","1.0","1844.0","4","N","N","N","0","","1","0","0","","0","N","","1","1","0","0","0","0","0","2","0","1","","","","N","","","","","","","","","",""
"2021045696","","1","0","0","0","0","0","0","0","0","1","0","","67","5","2021","4","40.023532","-75.179248","","6","0","0","0","0","0","0","0","0","","0","0","0","","","0","N","0","","40 01:24.716","1","0","75 10:45.293","0","0","0","0","67301","0","0","0","N","0","0","0","2","67301","0","","1.0","30.0","1","N","N","N","0","","0","0","1","","0","Y","","2","0","0","0","0","0","0","2","0","2","","","","N","","","","","","","","","",""
"2021102850","","0","0","0","0","0","0","0","0","0","7","1","","67","10","2021","3","39.960367","-75.181073","","6","0","0","0","0","0","0","0","0","","0","1","0","","","0","N","0","","39 57:37.320","4","0","75 10:51.861","0","0","0","0","67301","0","0","0","Y","0","0","0","1","68K01","0","","2.0","500.0","9","N","N","N","0","","0","0","0","","0","Y","","1","0","0","0","0","0","0","2","0","1","","","","N","","","","","","","","","",""
"2021019684","","2","0","0","0","0","0","0","0","0","4","0","","67","2","2021","6","40.033136","-75.170611","","6","0","0","0","0","0","0","0","0","","0","0","0","","","0","","1","","40 01:59.290","4","0","75 10:14.198","9","0","0","0","67301","0","0","0","N","0","0","0","2","67301","0","","1.0","1624.0","1","N","N","N","0","","0","0","0","","2","Y","","2","0","0","0","0","0","1","2","0","2","","03","","N","","","","","","","","","",""
"2021028859","","1","0","0","0","0","0","0","0","0","5","0","","67","2","2021","5","39.933661","-75.19765","","6","0","0","0","0","0","0","0","0","","0","0","0","","","1","N","0","","39 56:01.180","","0","75 11:51.540","8","0","0","0","67301","0","0","0","N","0","0","0","1","67301","0","","6.0","","1","N","N","N","0","","0","0","2","","0","","","3","1","1","0","0","1","0","2","0","3","","03","","N","","","","","","","","","",""
"2021020637","","0","0","0","0","0","0","0","0","0","7","0","","67","2","2021","4","40.007891","-75.140528","","6","0","0","0","0","0","0","0","0","","0","0","0","","","1","","5","","40 00:28.406","","0","75 08:25.901","3","0","0","0","67301","0","0","0","N","0","0","0","1","67301","0","","4.0","","9","N","N","N","0","","1","0","1","","2","","","1","1","0","0","0","0","0","2","0","1","","03","","N","","","","","","","","","",""
"2021044905","","1","0","0","0","0","0","0","0","0","2","0","","67","2","2021","6","40.008779","-75.138565","","6","0","0","0","0","0","0","1","0","","0","0","0","","","1","","1","","40 00:31.604","","0","75 08:18.833","3","0","0","0","67301","0","0","0","N","0","0","0","2","67301","0","","1.0","","1","N","N","Y","1","","1","0","0","","2","","","2","1","0","0","0","0","0","2","0","2","","","","N","","","","","","","","","",""
"2021032825","","1","0","0","0","0","0","0","0","0","4","0","","67","4","2021","6","39.920214","-75.199438","","6","0","0","0","0","0","0","0","0","","0","0","0","","","0","N","0","","39 55:12.770","3","3","75 11:57.975","0","0","0","0","67301","0","0","0","N","0","0","0","1","67301","0","","1.0","15.0","9","N","N","N","0","","0","0","1","","0","N","","2","0","0","0","0","0","0","2","0","2","","07","","N","","","","","","","","","",""
"2021044664","","1","0","0","0","0","0","0","0","0","5","0","","67","5","2021","4","39.958469","-75.167531","","6","0","0","0","0","0","0","0","0","","0","0","0","","","1","N","0","","39 57:30.487","3","0","75 10:03.111","3","0","0","0","67301","0","0","0","N","0","0","0","2","68K01","0","","1.0","1105.0","1","N","N","N","1","","1","0","0","","0","N","","2","1","0","0","0","0","0","2","0","2","","","","N","","","","","","","","","",""
"2021102321","","1","0","0","0","0","0","0","0","0","6","0","","67","10","2021","7","40.012858","-75.150347","","6","0","0","0","0","0","1","0","0","","1","0","0","","","0","N","0","","40 00:46.289","2","0","75 09:01.249","1","0","0","0","67301","0","0","0","N","0","0","0","2","67301","0","2","1.0","530.0","1","N","N","N","1","0","0","0","0","","7","N","","2","0","0","0","0","0","0","2","0","2","","03","","N","","","","","","","","","",""
"2021021324","","1","0","0","0","0","0","0","0","0","7","0","","67","2","2021","5","39.926038","-75.14701","","6","0","0","0","0","0","0","0","0","","0","0","0","","","0","N","0","","39 55:33.736","","3","75 08:49.236","0","0","0","0","67301","0","0","0","N","0","0","0","1","68K01","0","","3.0","","1","N","N","N","0","","0","0","0","","0","","","1","0","0","0","0","0","0","2","0","1","","","","N","","","","","","","","","",""
"2021056728","","1","0","0","0","0","0","0","0","0","1","0","","67","6","2021","5","39.943508","-75.192579","","6","0","0","0","0","0","0","0","0","","0","0","0","","","0","N","0","","39 56:36.628","3","0","75 11:33.283","0","0","0","0","67301","0","0","0","N","0","0","0","3","68K01","0","","1.0","810.0","1","N","N","N","0","","0","0","1","","0","Y","","3","0","0","0","0","0","0","2","1","3","","","","N","","","","","","","","","",""
"2021033433","","0","0","0","0","0","0","0","0","0","4","0","","67","4","2021","5","39.955578","-75.233984","","6","0","0","0","0","0","0","0","0","","0","0","0","","","1","","1","","39 57:20.080","","0","75 14:02.342","3","0","0","0","67301","0","0","0","N","0","0","0","2","67301","0","","1.0","","1","N","N","N","0","","1","0","2","","2","","","2","1","0","0","0","0","1","2","0","2","","03","","N","","","","","","","","","",""
"2021101412","","1","0","0","0","0","0","0","0","0","7","0","","67","10","2021","7","39.961221","-75.182403","","6","0","0","0","0","0","0","0","0","","0","0","0","","","0","N","6","","39 57:40.397","","0","75 10:56.651","0","0","0","0","67301","0","0","0","N","0","0","0","1","68K01","0","","3.0","","1","N","N","N","0","","0","0","0","","0","","","1","0","0","0","0","0","0","2","0","1","","03","","N","","","","","","","","","",""
"2021033403","","0","0","0","0","0","0","0","0","0","1","0","","67","4","2021","4","40.049988","-74.987781","","6","0","0","0","0","0","0","0","0","","0","0","0","","","0","Y","0","","40 02:59.955","","0","74 59:16.010","0","0","0","0","67301","0","0","0","N","0","0","0","3","67301","0","","1.0","","1","N","N","N","0","","0","0","2","","2","","","2","0","0","0","0","0","0","2","0","2","","03","","N","","","","","","","","","",""
"2021044711","","2","0","0","0","0","0","0","0","0","5","0","55","67","5","2021","6","39.971882","-75.123174","","6","0","0","0","0","0","0","0","0","","0","0","0","","","1","N","0","","39 58:18.775","2","0","75 07:23.426","8","0","0","0","67301","0","0","0","N","0","0","0","3","68K01","0","","1.0","2300.0","1","N","N","N","0","","0","0","0","","0","N","","2","1","0","0","0","1","1","2","0","2","","03","Y","Y","4","1","N","N","N","N","N","N","Y","N"
"2021058818","","1","0","0","0","0","0","0","0","0","4","0","","67","6","2021","6","39.961733","-75.225847","","6","0","0","0","0","0","0","0","0","","0","0","0","","","2","","1","","39 57:42.239","","0","75 13:33.049","4","0","0","0","67301","0","0","0","N","0","0","0","3","67301","1","","1.0","","1","N","N","N","0","","0","0","1","","3","","","2","2","0","0","0","1","0","2","0","2","","03","","N","","","","","","","","","",""
"2021044883","","0","0","0","0","0","0","1","0","0","8","1","","67","5","2021","5","39.939565","-75.220281","","6","0","0","0","0","0","0","0","0","","0","0","0","","","1","","1","","39 56:22.435","","0","75 13:13.013","4","0","0","0","67301","1","0","0","N","1","0","0","2","67301","1","","1.0","","1","N","N","N","0","","0","0","0","","2","","","2","1","0","0","0","0","0","2","0","1","","03","","N","","","","","","","","","",""
"2021101230","","1","0","0","0","0","0","0","0","0","7","0","","67","9","2021","5","39.8862","-75.212455","","6","0","0","0","0","1","0","0","0","","0","0","0","","","0","N","0","","39 53:10.319","","0","75 12:44.837","0","0","0","0","67301","0","0","0","N","0","0","0","1","68K01","0","","2.0","","2","N","N","N","0","","0","0","0","","0","","","1","0","0","0","0","0","0","2","0","1","","","","N","","","","","","","","","",""
"2021021422","","1","0","0","0","0","0","0","0","0","7","0","","67","3","2021","2","39.955455","-75.148065","","6","0","0","0","1","0","0","0","0","","0","0","0","","","3","N","0","","39 57:19.639","4","2","75 08:53.033","8","0","0","0","67301","0","0","0","Y","0","0","0","6","67501","0","","4.0","305.0","9","N","N","Y","0","","0","0","0","","0","N","","1","3","6","0","0","3","1","2","0","1","","","","N","","","","","","","","","",""
"2021044576","","1","0","0","0","0","0","1","0","0","4","1","","67","5","2021","1","39.970865","-75.249211","","6","0","0","0","0","0","0","0","0","","0","0","0","","","1","","1","","39 58:15.113","","0","75 14:57.159","8","0","0","0","67301","0","0","0","N","0","0","0","2","67301","0","","1.0","","1","N","N","N","1","","0","0","1","","2","","","4","1","0","0","0","1","0","2","0","4","","04","","N","","","","","","","","","",""
"2021032537","","1","0","0","1","0","0","0","0","0","8","0","","67","4","2021","6","40.00272","-75.17419","","6","0","0","0","0","0","0","0","0","","0","0","0","","","1","","1","","40 00:09.793","","0","75 10:27.083","3","0","0","0","67301","1","0","0","N","0","0","0","2","67301","0","","1.0","","1","N","N","N","0","","1","0","0","","2","","","2","1","0","0","0","0","0","2","0","1","","03","","N","","","","","","","","","",""
"2021045944","","0","0","0","0","0","0","0","0","0","4","0","","67","5","2021","5","39.953068","-75.152517","","6","0","0","0","0","0","1","0","0","","0","0","0","","","0","N","0","","39 57:11.043","","0","75 09:09.061","0","0","0","0","67301","0","0","0","N","0","0","0","1","67301","0","","1.0","","1","N","N","N","0","","0","0","1","","0","","","2","0","0","0","0","0","0","2","0","2","","","","N","","","","","","","","","",""
"2021020555","","0","0","0","0","0","0","0","0","0","7","0","","67","2","2021","2","40.04509","-75.001328","","6","0","0","0","0","0","0","0","0","","0","0","0","","","0","N","0","","40 02:42.324","","2","75 00:04.780","0","0","0","0","67301","0","0","0","Y","0","0","0","1","68K01","0","","1.0","","9","N","N","Y","0","","0","0","1","","0","","","1","0","0","0","0","0","0","2","0","1","","","","N","","","","","","","","","",""
"2021032608","","1","0","0","0","0","0","0","0","0","7","0","","67","4","2021","4","40.102111","-75.028222","","6","0","0","0","0","0","0","0","0","","0","0","0","","","1","N","0","","40 06:07.600","3","7","75 01:41.600","3","0","0","0","67301","0","0","0","N","0","0","0","1","67301","0","","4.0","2215.0","1","N","N","N","0","","1","0","0","","3","Y","","1","1","1","0","0","0","0","2","0","1","","03","","N","","","","","","","","","",""
"2021036067","","1","0","0","0","0","0","0","0","0","8","0","","67","4","2021","2","39.980636","-75.246576","","6","0","0","0","0","0","0","0","0","","0","0","0","","","2","","5","","39 58:50.288","","0","75 14:47.672","3","0","0","0","67301","2","0","0","N","2","0","0","3","67301","0","","1.0","","1","N","N","N","0","","2","0","0","","2","","","3","2","0","0","0","0","0","2","0","1","","03","","N","","","","","","","","","",""
"2021057316","","0","0","0","0","0","0","0","0","0","7","0","","67","4","2021","1","39.970361","-75.124722","","6","0","0","0","0","0","1","0","0","","0","0","0","","","0","","7","","39 58:13.300","1","2","75 07:29.000","0","0","0","0","67301","0","0","0","N","0","0","0","1","68K01","0","","7.0","10.0","9","N","N","N","0","","0","0","1","","0","N","","1","0","0","0","0","0","0","2","0","1","","","","N","","","","","","","","","",""
"2021101121","","2","0","0","0","0","0","0","0","0","2","0","","67","10","2021","6","40.079294","-75.167522","","6","0","0","0","0","0","1","0","0","","0","0","0","","","1","N","1","","40 04:45.460","","0","75 10:03.080","3","0","0","0","67301","0","0","0","N","0","0","0","3","67301","0","","1.0","","1","N","N","N","0","","1","0","1","","2","","","3","1","0","0","0","0","0","2","0","3","","","","N","","","","","","","","","",""
"2021019907","","1","0","0","0","0","0","0","0","0","5","0","","67","2","2021","7","39.981139","-75.162306","","6","0","0","0","0","0","1","0","0","","0","0","0","","","1","Y","0","","39 58:52.100","2","0","75 09:44.300","3","0","0","0","67301","0","0","0","N","0","0","0","1","67505","0","","6.0","2055.0","1","N","N","N","0","","1","0","1","","0","Y","","2","1","0","0","0","0","0","2","0","2","","03","","N","","","","","","","","","",""
"2021045210","","1","0","0","0","0","0","0","0","0","8","0","","67","5","2021","2","39.992581","-75.146164","","6","0","0","0","0","0","0","0","0","","0","0","0","","","1","N","0","","39 59:33.290","","0","75 08:46.190","3","0","0","0","67301","1","0","0","N","1","0","0","2","67301","0","","1.0","","1","N","N","N","0","","1","0","0","","0","","","2","1","0","0","0","0","0","2","0","1","","","","N","","","","","","","","","",""
"2021103641","","2","0","0","0","0","0","0","0","0","4","0","","67","10","2021","4","40.021783","-75.147078","","6","0","0","0","0","0","0","0","1","","0","0","0","","","1","N","0","","40 01:18.420","","0","75 08:49.480","3","0","0","0","67301","0","0","0","N","0","0","0","1","67301","0","","1.0","","1","N","N","N","0","","1","0","0","","0","","","2","1","0","0","0","0","0","2","0","2","","03","","N","","","","","","","","","",""
"2021057104","","0","0","0","1","0","0","0","0","0","8","0","","67","6","2021","7","39.959831","-75.145217","","6","0","0","0","0","0","0","0","0","","0","0","0","","","1","N","0","","39 57:35.390","","7","75 08:42.780","3","0","0","0","67301","1","0","0","N","0","0","0","2","67301","0","","1.0","","1","N","N","N","0","","1","0","1","","0","","","2","1","0","0","0","0","0","2","0","1","","04","","N","","","","","","","","","",""
"2021022580","","1","0","0","0","0","0","0","0","0","1","0","","67","3","2021","4","39.924944","-75.226528","","6","0","0","0","0","0","0","0","0","","0","0","0","","","1","","1","","39 55:29.800","","0","75 13:35.500","3","0","0","0","67301","0","0","0","N","0","0","0","4","67301","0","","1.0","","1","N","N","N","0","","1","0","2","","2","","","3","1","2","0","0","0","0","2","0","3","","","","N","","","","","","","","","",""
"2021019924","","0","0","0","0","0","0","0","0","0","8","0","","67","2","2021","7","40.031731","-75.178861","","6","0","0","0","0","0","1","0","0","","0","0","0","","","1","","1","","40 01:54.231","","0","75 10:43.900","8","0","0","0","67301","1","0","0","N","1","0","0","2","67301","0","","1.0","","1","N","N","N","0","","0","0","1","","2","","","2","1","0","0","0","1","0","2","0","1","","","","N","","","","","","","","","",""
"2021019072","","1","0","0","0","0","0","0","0","0","7","0","","67","2","2021","3","39.916244","-75.147734","","6","0","0","0","0","0","0","0","0","","0","0","0","","","0","N","0","","39 54:58.478","","3","75 08:51.844","0","0","0","0","67301","0","0","0","N","0","0","0","1","68K01","0","","3.0","","2","N","N","N","0","","0","0","0","","0","","","1","0","0","0","0","0","0","2","0","1","","","","N","","","","","","","","","",""
"2021045228","","2","0","0","0","0","0","0","0","0","1","0","","67","5","2021","3","39.921684","-75.190079","","6","0","0","0","0","0","0","0","0","","0","0","0","","","1","","1","","39 55:18.061","4","0","75 11:24.286","8","0","0","0","67301","0","0","0","N","0","0","0","2","67301","0","","1.0","2345.0","1","N","N","N","0","","0","0","0","","2","N","","2","1","0","0","0","1","0","2","0","2","","03","","N","","","","","","","","","",""
"2021044004","","0","0","0","0","0","0","0","0","0","7","0","","67","5","2021","6","40.041178","-75.199993","","6","0","0","0","0","0","0","0","0","","0","0","0","","","1","N","0","","40 02:28.242","5","0","75 11:59.975","3","0","0","0","67301","0","0","0","N","0","0","0","1","67301","0","","2.0","1830.0","1","N","N","N","0","","1","0","1","","0","Y","","1","1","0","0","0","0","0","2","0","1","","03","","N","","","","","","","","","",""
"2021032914","","1","0","0","0","0","0","0","0","0","7","0","","67","4","2021","7","40.024308","-75.221008","","6","0","0","0","0","0","0","0","0","","0","0","0","","","0","N","0","","40 01:27.510","","0","75 13:15.630","0","0","0","0","67301","0","0","0","N","0","0","0","1","67301","0","","4.0","","9","N","N","N","0","","0","0","0","","0","","","1","0","0","0","0","0","0","2","0","1","","","","N","","","","","","","","","",""
"2021026825","","1","0","0","0","0","0","0","0","0","5","1","","67","3","2021","4","39.991513","-75.203262","","6","0","0","0","0","0","0","0","0","","0","1","0","","","0","N","0","","39 59:29.445","","0","75 12:11.742","9","0","0","0","67301","0","0","0","N","0","0","0","2","68K01","0","","1.0","","1","N","N","N","0","","0","0","0","","0","","","2","0","0","0","0","0","1","2","0","2","","","","N","","","","","","","","","",""
"2021044224","","3","0","0","0","0","0","0","0","0","4","0","","67","5","2021","7","40.036974","-75.036457","","6","0","0","1","0","0","0","0","0","","0","0","0","","","1","N","1","","40 02:13.106","","0","75 02:11.246","3","0","0","0","67301","0","0","0","N","0","0","0","3","67301","0","","1.0","","1","N","N","N","0","","1","0","0","","3","","","3","1","1","0","0","0","0","2","0","3","","03","","N","","","","","","","","","",""
"2021058492","","2","0","0","0","0","0","0","0","0","4","0","","67","6","2021","3","40.047241","-75.167698","","6","0","0","0","0","0","0","1","0","","0","0","0","","","2","N","1","","40 02:50.068","","0","75 10:03.712","3","0","0","0","67301","0","0","0","N","0","0","0","2","67301","0","","1.0","","9","N","N","N","0","","2","0","0","","2","","","2","2","0","0","0","0","0","2","0","2","","","","N","","","","","","","","","",""
"2021021217","","1","0","0","0","0","0","0","0","0","7","0","","67","3","2021","3","40.01366","-75.179534","","6","0","0","0","0","0","0","0","0","","0","0","0","","","0","","6","","40 00:49.177","4","2","75 10:46.321","0","0","0","0","67301","0","0","0","N","0","0","0","1","67301","0","","3.0","615.0","2","N","N","N","0","","0","0","0","","0","N","","1","0","0","0","0","0","0","2","0","1","","03","","N","","","","","","","","","",""
"2021033139","","0","0","0","0","0","0","0","0","0","8","0","","67","4","2021","6","40.019972","-75.124707","","6","0","0","0","0","0","0","0","0","","0","0","0","","","1","","1","","40 01:11.899","","0","75 07:28.945","3","0","0","0","67301","1","0","0","N","1","0","0","2","67301","0","","1.0","","1","N","N","N","1","","1","0","0","","3","","","2","1","0","0","0","0","0","2","0","1","","","","N","","","","","","","","","",""
"2021057125","","1","0","0","0","0","0","0","0","0","7","0","","67","6","2021","1","39.922042","-75.246365","","6","0","0","0","0","0","0","0","0","","0","0","0","","","0","N","0","","39 55:19.352","","1","75 14:46.913","0","0","0","0","67301","0","0","0","N","0","0","0","1","67301","0","","5.0","","1","N","N","N","0","","0","0","0","","0","","","1","0","0","0","0","0","0","2","0","1","","03","","N","","","","","","","","","",""
"2021058244","","1","0","0","0","0","0","0","0","0","1","0","","67","6","2021","7","39.979217","-75.203863","","6","0","0","1","0","0","0","0","0","","0","0","0","","","2","N","0","","39 58:45.181","3","0","75 12:13.908","3","0","0","0","67301","0","0","0","N","0","0","0","3","68K01","1","","1.0","25.0","1","N","N","N","0","","1","0","1","","0","N","","2","2","1","0","0","0","0","2","0","2","","","","N","","","","","","","","","",""
"2021019518","","1","0","0","0","0","0","0","0","0","4","0","","67","2","2021","2","40.037025","-75.048228","","6","0","0","0","0","0","0","0","0","","0","0","0","","","1","","2","","40 02:13.290","5","0","75 02:53.620","3","0","0","0","67301","0","0","0","N","0","0","0","2","67301","0","","1.0","1430.0","9","N","N","N","0","","1","0","1","","0","Y","","2","1","0","0","0","0","0","2","0","2","","03","","N","","","","","","","","","",""
"2021020367","","0","0","0","0","0","0","0","0","0","5","0","","67","2","2021","2","40.011131","-75.061804","","6","0","0","0","0","0","2","0","0","","0","0","0","","","0","N","0","","40 00:40.073","2","0","75 03:42.493","0","0","0","0","67301","0","0","0","N","0","0","0","3","68K01","0","","1.0","25.0","1","N","N","Y","1","","0","0","2","","0","N","","3","0","0","0","0","0","0","2","0","3","","03","","N","","","","","","","","","",""
"2021101156","","0","0","0","0","0","0","0","0","0","8","0","","67","10","2021","4","40.017732","-75.082847","","6","0","0","0","0","0","0","0","0","","0","0","0","","","1","N","0","","40 01:03.836","","0","75 04:58.249","3","0","0","1","67301","1","0","0","N","1","0","0","1","67301","0","","4.0","","1","N","N","N","0","","1","0","0","","0","","","2","1","0","0","0","0","0","2","0","1","","03","","N","","","","","","","","","",""
"2021101234","","1","0","0","0","0","0","0","0","0","1","0","","67","9","2021","4","39.946061","-75.189628","","6","0","0","0","0","0","1","0","0","","0","0","0","","","1","N","6","","39 56:45.818","3","0","75 11:22.661","8","0","0","0","67301","0","0","0","N","0","0","0","2","68K01","0","","1.0","2015.0","1","N","N","N","0","","0","0","1","","8","N","","2","1","0","0","0","1","0","2","0","2","","","","N","","","","","","","","","",""
"2021101627","","1","0","0","0","0","0","0","0","0","4","0","","67","10","2021","5","40.072668","-75.075452","","6","0","0","0","0","0","0","0","0","","0","0","0","","","0","N","0","","40 04:21.606","","7","75 04:31.628","0","0","0","1","67301","0","0","0","N","0","0","0","2","67301","0","","1.0","","1","N","N","N","0","","0","0","0","","0","","","2","0","0","0","0","0","0","2","0","2","","","","N","","","","","","","","","",""
"2021102933","","0","0","0","0","0","0","0","0","0","4","1","","67","10","2021","4","40.059538","-75.165456","","6","0","0","0","0","0","0","0","0","","0","2","0","","","3","","1","","40 03:34.337","3","0","75 09:55.640","3","0","0","0","67301","0","0","0","N","0","0","0","7","67301","0","","1.0","900.0","9","N","N","N","0","","3","0","1","","2","Y","","3","3","0","0","0","0","0","2","0","3","","04","","N","","","","","","","","","",""
"2021100803","","3","0","0","0","0","0","0","0","0","4","0","","67","4","2021","3","39.985802","-75.215608","","6","0","0","0","0","0","1","0","0","","0","0","0","","","0","","1","","39 59:08.888","","0","75 12:56.190","0","0","0","0","67301","0","0","0","N","0","0","0","3","67301","0","","1.0","","1","N","N","N","0","","0","0","0","","1","","","3","0","0","0","0","0","0","2","0","3","","03","","N","","","","","","","","","",""
"2021101226","","2","0","0","0","0","0","0","0","0","5","0","","67","8","2021","3","39.983645","-75.097663","","6","0","0","0","0","1","0","0","0","","0","0","0","","","1","N","0","","39 59:01.123","","0","75 05:51.586","8","0","0","0","67301","0","0","0","N","0","0","0","3","68K01","0","","1.0","","1","N","N","N","0","","0","0","0","","0","","","2","1","0","0","0","1","0","2","0","2","","","","N","","","","","","","","","",""
"2021101165","","2","0","0","0","0","0","0","0","0","2","0","","67","10","2021","3","39.986044","-75.166767","","6","0","0","0","0","0","0","0","0","","0","0","0","","","2","","2","","39 59:09.758","","0","75 10:00.361","3","0","0","0","67301","0","0","0","N","0","0","0","2","67301","0","","1.0","","1","N","N","N","0","","2","0","0","","3","","","2","2","0","0","0","0","0","2","0","2","","03","","N","","","","","","","","","",""
"2021103261","","3","0","0","0","0","0","0","0","0","1","0","","67","10","2021","3","40.053951","-75.049183","","6","0","0","0","0","0","1","0","0","","0","0","0","","","0","N","0","","40 03:14.225","1","0","75 02:57.057","0","0","0","0","67301","0","0","0","N","0","0","0","2","67301","0","","1.0","35.0","1","N","N","N","0","","0","0","0","","0","N","","3","0","0","0","0","0","0","2","0","3","","03","","N","","","","","","","","","",""
"2021101817","","0","0","0","0","0","0","1","0","0","1","1","","67","10","2021","2","39.983698","-75.188145","","6","0","0","0","0","0","0","0","0","","0","0","0","","","0","N","0","","39 59:01.313","","0","75 11:17.323","0","0","0","0","67301","0","0","0","N","0","0","0","3","67301","0","","1.0","","1","Y","N","N","0","","0","0","1","","0","","","2","0","0","0","0","0","0","2","0","2","","03","","N","","","","","","","","","",""
"2021102454","","1","0","0","0","0","0","0","0","0","1","0","","67","10","2021","2","39.909469","-75.187057","","6","0","0","0","0","0","0","0","0","","0","0","0","","","1","N","0","","39 54:34.088","","0","75 11:13.405","3","0","0","0","67301","0","0","0","N","0","0","0","4","67301","0","","1.0","","1","N","N","N","0","","1","0","1","","0","U","","2","1","0","0","0","0","0","2","0","2","","03","","N","","","","","","","","","",""
"2021101419","","0","0","0","0","0","0","0","0","0","7","0","","67","10","2021","7","39.932141","-75.200071","","6","0","0","0","0","0","1","0","0","","0","0","0","","","0","N","7","","39 55:55.708","","2","75 12:00.257","0","0","0","0","67301","0","0","0","Y","0","0","0","2","68K01","0","","7.0","","1","N","N","N","0","","0","0","1","","0","","","1","0","0","0","0","0","0","2","0","1","","","","N","","","","","","","","","",""