"CRN","ARRIVAL_TM","AUTOMOBILE_COUNT","BELTED_DEATH_COUNT","BELTED_SUSP_SERIOUS_INJ_COUNT","BICYCLE_COUNT","BICYCLE_DEATH_COUNT","BICYCLE_SUSP_SERIOUS_INJ_COUNT","BUS_COUNT","CHLDPAS_DEATH_COUNT","CHLDPAS_SUSP_SERIOUS_INJ_COUNT","COLLISION_TYPE","COMM_VEH_COUNT","CONS_ZONE_SPD_LIM","COUNTY","CRASH_MONTH","CRASH_YEAR","DAY_OF_WEEK","DEC_LATITUDE","DEC_LONGITUDE","DISPATCH_TM","DISTRICT","DRIVER_COUNT_16YR","DRIVER_COUNT_17YR","DRIVER_COUNT_18YR","DRIVER_COUNT_19YR","DRIVER_COUNT_20YR","DRIVER_COUNT_50_64YR","DRIVER_COUNT_65_74YR","DRIVER_COUNT_75PLUS","EST_HRS_CLOSED","FATAL_COUNT","HEAVY_TRUCK_COUNT","HORSE_BUGGY_COUNT","HOUR_OF_DAY","ILLUMINATION","INJURY_COUNT","INTERSECTION_RELATED","INTERSECT_TYPE","LANE_CLOSED","LATITUDE","LN_CLOSE_DIR","LOCATION_TYPE","LONGITUDE","MAX_SEVERITY_LEVEL","MCYCLE_DEATH_COUNT","MCYCLE_SUSP_SERIOUS_INJ_COUNT","MOTORCYCLE_COUNT","MUNICIPALITY","NONMOTR_COUNT","NONMOTR_DEATH_COUNT","NONMOTR_SUSP_SERIOUS_INJ_COUNT","NTFY_HIWY_MAINT","PED_COUNT","PED_DEATH_COUNT","PED_SUSP_SERIOUS_INJ_COUNT","PERSON_COUNT","POLICE_AGCY","POSSIBLE_INJ_COUNT","RDWY_SURF_TYPE_CD","RELATION_TO_ROAD","ROADWAY_CLEARED","ROAD_CONDITION","SCH_BUS_IND","SCH_ZONE_IND","SECONDARY_CRASH","SMALL_TRUCK_COUNT","SPEC_JURIS_CD","SUSP_MINOR_INJ_COUNT","SUSP_SERIOUS_INJ_COUNT","SUV_COUNT","TCD_FUNC_CD","TCD_TYPE","TFC_DETOUR_IND","TIME_OF_DAY","TOTAL_UNITS","TOT_INJ_COUNT","UNBELTED_OCC_COUNT","UNB_DEATH_COUNT","UNB_SUSP_SERIOUS_INJ_COUNT","UNK_INJ_DEG_COUNT","UNK_INJ_PER_COUNT","URBAN_RURAL","VAN_COUNT","VEHICLE_COUNT","WEATHER1","WEATHER2","WORKERS_PRES","WORK_ZONE_IND","WORK_ZONE_LOC","WORK_ZONE_TYPE","WZ_CLOSE_DETOUR","WZ_FLAGGER","WZ_LAW_OFFCR_IND","WZ_LN_CLOSURE","WZ_MOVING","WZ_OTHER","WZ_SHLDER_MDN","WZ_WORKERS_INJ_KILLED"
"2021101688","","2","0","0","0","0","0","0","0","0","5","1","","67","10","2021","3","40.008813","-75.210458","","6","0","0","0","0","0","1","0","0","","0","1","0","","","0","N","0","","40 00:31.726","","0","75 12:37.648","0","0","0","0","67301","0","0","0","N","0","0","0","3","46104","0","","1.0","","1","N","N","Y","0","","0","0","0","","0","","","3","0","0","0","0","0","0","2","0","3","","","","N","","","","","","","","","",""
"2021102470","","1","0","0","0","0","0","0","0","0","5","2","","67","10","2021","2","40.102569","-74.969072","","6","0","0","0","0","0","0","0","0","","0","2","0","","","0","N","0","","40 06:09.250","1","0","74 58:08.660","0","0","0","0","67301","0","0","0","N","0","0","0","1","67301","0","","6.0","1800.0","1","N","N","N","0","","0","0","0","","0","N","","3","0","1","0","0","0","0","2","0","3","","04","","N","","","","","","","","","",""
"2021102252","","0","0","0","1","0","0","0","0","0","8","0","","67","4","2021","6","40.001389","-75.124083","","6","0","0","0","0","0","0","0","0","","0","0","0","","","1","N","0","","40 00:05.000","","0","75 07:26.700","8","0","0","0","67301","1","0","0","N","0","0","0","2","67301","0","","1.0","","99","N","N","N","0","","0","0","0","","0","","","2","1","0","0","0","1","0","2","0","1","","03","","N","","","","","","","","","",""
"2021101122","","0","0","0","0","0","0","0","0","0","2","0","","67","10","2021","6","40.048744","-75.16615","","6","0","0","0","0","0","0","0","0","","0","0","0","","","2","N","0","","40 02:55.480","","0","75 09:58.140","3","0","0","0","67301","0","0","0","N","0","0","0","3","67301","0","","1.0","","1","N","N","N","0","","2","0","2","","0","","","2","2","1","0","0","0","0","2","0","2","","","","N","","","","","","","","","",""
"2021100801","","1","0","0","0","0","0","1","0","0","4","1","","67","10","2021","1","40.004483","-75.175294","","6","0","0","0","0","0","0","0","0","","0","0","0","","","2","","2","","40 00:16.140","","0","75 10:31.059","3","0","0","0","67301","0","0","0","N","0","0","0","3","67508","0","","1.0","","1","N","N","Y","0","","2","0","0","","2","","","2","2","0","0","0","0","0","2","0","2","","03","","N","","","","","","","","","",""
"2021101833","","0","0","0","0","0","0","0","0","0","8","1","","67","10","2021","6","40.007056","-75.131536","","6","0","0","0","0","0","0","0","0","","1","1","0","","","0","N","0","","40 00:25.400","5","0","75 07:53.530","1","0","0","0","67301","1","1","0","N","1","1","0","2","67301","0","2","1.0","1300.0","1","N","N","N","0","0","0","0","0","","0","Y","","2","0","0","0","0","0","0","2","0","1","","03","","N","","","","","","","","","",""
"2021101411","","1","0","0","0","0","0","0","0","0","1","0","","67","10","2021","5","40.026067","-75.228047","","6","0","0","0","0","0","0","0","0","","0","0","0","","","0","N","0","","40 01:33.840","","3","75 13:40.970","9","0","0","0","67301","0","0","0","N","0","0","0","2","67301","0","","1.0","","1","N","N","N","0","","0","0","0","","0","","","2","0","0","0","0","0","1","2","0","2","","03","","N","","","","","","","","","",""
"2021102849","","1","0","0","0","0","0","0","0","0","7","0","","67","10","2021","3","39.998826","-75.080704","","6","0","0","0","0","1","0","0","0","","0","0","0","","","0","N","0","","39 59:55.772","","0","75 04:50.536","0","0","0","0","67301","0","0","0","N","0","0","0","1","68K01","0","","4.0","","9","N","N","N","0","","0","0","0","","0","","","1","0","0","0","0","0","0","2","0","1","","","","N","","","","","","","","","",""
"2021101415","","1","0","0","0","0","0","0","0","0","7","0","","67","10","2021","1","39.948418","-75.142058","","6","0","0","0","0","0","0","0","0","","0","0","0","","","1","N","0","","39 56:54.306","2","0","75 08:31.407","4","0","0","0","67301","0","0","0","N","0","0","0","1","68K01","1","","4.0","35.0","9","N","N","N","0","","0","0","0","","0","N","","1","1","0","0","0","0","0","2","0","1","","07","","N","","","","","","","","","",""
"2021100821","","0","0","0","0","0","0","0","0","0","7","0","","67","10","2021","7","40.007326","-75.128942","","6","0","0","0","0","0","0","0","0","","1","0","0","","","1","N","0","","40 00:26.372","","0","75 07:44.191","1","0","0","0","67301","0","0","0","N","0","0","0","2","67301","0","2","9.0","","1","N","N","N","0","0","1","0","1","","0","","","1","1","2","1","0","0","0","2","0","1","","03","","N","","","","","","","","","",""
"2021101079","","0","0","0","0","0","0","1","0","0","1","1","","67","10","2021","3","40.021125","-75.139925","","6","0","0","0","0","0","1","0","0","","0","0","0","","","2","","1","","40 01:16.051","","0","75 08:23.731","8","0","0","0","67301","0","0","0","N","0","0","0","2","67508","0","","1.0","","1","N","N","Y","0","","0","0","1","","2","","","2","2","0","0","0","2","0","2","0","2","","03","","N","","","","","","","","","",""
"2021101407","","1","0","0","0","0","0","0","0","0","5","0","","67","8","2021","1","39.899223","-75.177531","","6","0","0","0","0","0","0","0","0","","0","0","0","","","2","N","0","","39 53:57.202","2","0","75 10:39.113","8","0","0","0","67301","0","0","0","N","0","0","0","3","68K01","0","","1.0","30.0","1","N","N","N","1","","0","0","0","","0","N","","2","2","1","0","0","2","0","2","0","2","","","","N","","","","","","","","","",""
"2021103320","","1","0","0","0","0","0","0","0","0","1","0","","67","9","2021","1","39.945488","-75.190371","","6","0","0","0","0","0","0","0","0","","0","0","0","","","0","N","0","","39 56:43.757","3","0","75 11:25.334","0","0","0","0","67301","0","0","0","N","0","0","0","5","68K01","0","","1.0","1320.0","1","N","N","N","0","","0","0","1","","0","N","","2","0","0","0","0","0","0","2","0","2","","","","N","","","","","","","","","",""
"2021100822","","0","0","0","0","0","0","0","0","0","4","0","","67","10","2021","6","39.989815","-75.135215","","6","0","0","0","0","0","0","0","0","","1","0","0","","","0","","1","","39 59:23.334","","0","75 08:06.773","1","1","0","1","67301","0","0","0","N","0","0","0","2","67301","0","2","1.0","","1","N","N","N","0","0","0","0","1","","2","","","2","0","0","0","0","0","0","2","0","2","","03","","N","","","","","","","","","",""
"2021104001","","0","0","0","0","0","0","0","0","0","1","0","","67","10","2021","6","40.012762","-75.206082","","6","0","0","0","0","0","0","0","0","","0","0","0","","","2","","6","","40 00:45.943","","2","75 12:21.894","4","0","0","0","67301","0","0","0","N","0","0","0","3","67301","2","","1.0","","9","N","N","N","0","","0","0","2","","0","","","3","2","2","0","0","0","1","2","0","3","","","","N","","","","","","","","","",""
"2021102235","","1","0","0","0","0","0","1","0","0","4","2","","67","10","2021","6","39.911868","-75.172755","","6","0","0","0","0","0","1","0","0","","0","1","0","","","2","","1","","39 54:42.723","6","0","75 10:21.917","8","0","0","0","67301","0","0","0","N","0","0","0","3","67301","0","","1.0","1116.0","1","N","N","N","0","","0","0","0","","2","Y","","3","2","0","0","0","2","0","2","0","3","","03","","N","","","","","","","","","",""
"2021103194","","1","0","0","0","0","0","0","0","0","4","1","","67","10","2021","3","40.133786","-75.009923","","6","0","0","0","0","0","2","0","0","","0","1","0","","","1","N","0","","40 08:01.631","","7","75 00:35.722","8","0","0","0","67301","0","0","0","N","0","0","0","2","67301","0","","1.0","","9","N","N","N","0","","0","0","0","","0","","","2","1","0","0","0","1","0","2","0","2","","","","N","","","","","","","","","",""
"2021103492","","3","0","0","0","0","0","0","0","0","4","0","","67","10","2021","5","40.075268","-75.073466","","6","0","0","0","0","0","0","0","0","","0","0","0","","","0","","1","","40 04:30.964","","0","75 04:24.479","0","0","0","0","67301","0","0","0","N","0","0","0","3","67301","0","","1.0","","1","N","N","N","0","","0","0","0","","2","","","3","0","0","0","0","0","0","2","0","3","","03","","N","","","","","","","","","",""
"2021101392","","1","0","0","0","0","0","0","0","0","5","0","","67","10","2021","5","40.062454","-75.010998","","6","0","0","0","0","0","0","0","0","","0","0","0","","","0","","1","","40 03:44.834","","0","75 00:39.592","0","0","0","0","67301","0","0","0","N","0","0","0","2","67301","0","","1.0","","1","N","N","N","0","","0","0","0","","3","","","2","0","1","0","0","0","0","2","1","2","","03","","N","","","","","","","","","",""
"2021101252","","1","0","0","0","0","0","0","0","0","5","1","","67","10","2021","3","39.967156","-75.1337","","6","0","0","0","0","0","0","0","0","","0","1","0","","","0","N","0","","39 58:01.761","","0","75 08:01.321","0","0","0","0","67301","0","0","0","N","0","0","0","2","68K01","0","","1.0","","1","N","N","N","0","","0","0","0","","0","","","2","0","0","0","0","0","0","2","0","2","","","","N","","","","","","","","","",""
"2021102873","","0","0","0","0","0","0","0","0","0","7","0","","67","10","2021","1","39.899292","-75.176566","","6","0","0","0","0","0","0","0","0","","0","0","0","","","0","N","0","","39 53:57.450","2","0","75 10:35.639","0","0","0","0","67301","0","0","0","N","0","0","0","1","68K01","0","","3.0","1047.0","1","N","N","N","0","","0","0","1","","0","N","","1","0","0","0","0","0","0","2","0","1","","03","","N","","","","","","","","","",""
"2021101777","","0","0","0","0","0","0","0","0","0","5","1","","67","10","2021","5","39.966484","-75.135663","","6","0","0","0","0","0","0","1","0","","0","1","0","","","1","N","0","","39 57:59.343","","0","75 08:08.388","3","0","0","0","67301","0","0","0","N","0","0","0","1","68K01","0","","2.0","","1","N","N","N","0","","1","0","0","","0","","","1","1","1","0","0","0","0","2","0","1","","","","N","","","","","","","","","",""
"2021103369","","1","0","0","0","0","0","0","0","0","4","1","","67","10","2021","2","39.967414","-75.131933","","6","0","0","0","0","0","0","1","0","","0","1","0","","","2","N","0","","39 58:02.690","1","0","75 07:54.960","3","0","0","0","67301","0","0","0","N","0","0","0","3","68K01","0","","1.0","2300.0","9","N","N","N","0","","2","0","0","","0","N","","2","2","0","0","0","0","0","2","0","2","","","","N","","","","","","","","","",""
"2021100702","","1","0","0","0","0","0","1","0","0","4","1","","67","10","2021","3","39.891942","-75.241906","","6","0","0","0","0","0","2","0","0","","0","0","0","","","4","","2","","39 53:30.990","","7","75 14:30.862","3","0","0","0","67301","0","0","0","N","0","0","0","4","67301","0","","1.0","","1","N","N","N","0","","4","0","1","","2","","","3","4","0","0","0","0","0","2","0","3","","03","","N","","","","","","","","","",""
"2021100820","","0","0","0","0","0","0","0","0","0","2","0","","67","10","2021","7","39.993929","-75.096081","","6","0","0","0","0","0","1","0","0","","1","0","0","","","0","N","0","","39 59:38.145","7","0","75 05:45.893","1","1","0","1","67301","0","0","0","N","0","0","0","2","67301","0","2","1.0","1700.0","1","N","N","N","0","0","0","0","1","","0","Y","","2","0","1","0","0","0","0","2","0","2","","","","N","","","","","","","","","",""
"2021097210","","1","0","0","0","0","0","1","0","0","5","1","","67","10","2021","7","39.937056","-75.156639","","6","0","0","0","0","0","0","0","0","","0","0","0","","","1","N","0","","39 56:13.400","","0","75 09:23.900","4","0","0","0","67301","0","0","0","N","0","0","0","4","67508","1","","1.0","","1","N","N","Y","0","","0","0","0","","0","","","2","1","1","0","0","0","1","2","0","2","","03","","N","","","","","","","","","",""
"2021101948","","1","0","0","0","0","0","0","0","0","5","0","","67","10","2021","2","40.110588","-75.044944","","6","0","0","0","0","0","1","0","0","","0","0","0","","","0","","1","","40 06:38.118","","0","75 02:41.800","0","0","0","0","67301","0","0","0","N","0","0","0","2","67301","0","","1.0","","1","N","N","N","0","","0","0","1","","2","","","2","0","0","0","0","0","0","2","0","2","","","","N","","","","","","","","","",""
"2021103332","","0","0","0","0","0","0","0","0","0","7","0","","67","10","2021","3","39.885986","-75.213224","","6","0","0","0","0","0","0","0","0","","0","0","0","","","0","N","7","","39 53:09.550","","2","75 12:47.606","9","0","0","0","67301","0","0","0","N","0","0","0","1","68K01","0","","2.0","","9","N","N","N","0","","0","0","1","","0","","","1","0","0","0","0","0","1","2","0","1","","","","N","","","","","","","","","",""
"2021099515","","2","0","0","0","0","0","0","0","0","4","0","","67","10","2021","3","39.970586","-75.150867","","6","0","0","0","0","0","1","0","0","","0","0","0","","","0","","1","","39 58:14.108","","0","75 09:03.120","0","0","0","0","67301","0","0","0","N","0","0","0","3","67301","0","","1.0","","1","N","N","N","0","","0","0","0","","3","","","2","0","0","0","0","0","0","2","0","2","","03","","N","","","","","","","","","",""
"2021094711","","1","0","0","0","0","0","0","0","0","4","0","","67","10","2021","4","40.018608","-75.183092","","6","0","0","0","0","0","2","0","0","","0","0","0","","","2","","1","","40 01:06.988","4","0","75 10:59.131","3","0","0","0","67301","0","0","0","N","0","0","0","2","67301","0","","1.0","2025.0","1","N","N","N","0","","2","0","1","","3","N","","2","2","0","0","0","0","0","2","0","2","","","","N","","","","","","","","","",""
"2021101056","","1","0","0","0","0","0","1","0","0","5","1","","67","10","2021","4","39.946159","-75.169926","","6","0","0","0","0","0","1","0","0","","0","0","0","","","0","","1","","39 56:46.173","","0","75 10:11.732","0","0","0","0","67301","0","0","0","N","0","0","0","3","67508","0","","1.0","","1","N","N","Y","0","","0","0","0","","2","","","2","0","0","0","0","0","0","2","0","2","","03","","N","","","","","","","","","",""
"2021100287","","1","0","0","0","0","0","1","0","0","1","1","","67","9","2021","2","39.916356","-75.181256","","6","0","0","0","0","0","0","0","0","","1","0","0","","","1","N","0","","39 54:58.880","","0","75 10:52.520","1","0","0","0","67301","0","0","0","N","0","0","0","2","67301","0","2","6.0","","1","N","N","N","0","9","1","0","0","","2","","","2","1","2","1","0","0","0","2","0","2","","03","","N","","","","","","","","","",""
"2021101414","","1","0","0","0","0","0","0","0","0","7","0","","67","10","2021","1","39.948077","-75.142125","","6","0","0","1","0","0","0","0","0","","0","0","0","","","1","N","0","","39 56:53.077","","0","75 08:31.649","4","0","0","0","67301","0","0","0","N","0","0","0","1","68K01","1","","4.0","","9","N","N","N","0","","0","0","0","","0","","","1","1","0","0","0","0","0","2","0","1","","","","N","","","","","","","","","",""
"2021097957","","2","0","0","0","0","0","0","0","0","2","0","","67","10","2021","5","40.00468","-75.152126","","6","0","0","0","0","0","0","0","1","","0","0","0","","","0","N","1","","40 00:16.847","","0","75 09:07.652","9","0","0","0","67301","0","0","0","N","0","0","0","2","67505","0","","1.0","","1","N","N","N","0","","0","0","0","","2","","","2","0","0","0","0","0","1","2","0","2","","03","","N","","","","","","","","","",""
"2021094290","","1","0","0","0","0","0","0","0","0","4","0","","67","10","2021","2","39.979183","-75.127364","","6","0","0","0","0","0","0","2","0","","0","0","0","","","0","","1","","39 58:45.059","","0","75 07:38.512","0","0","0","0","67301","0","0","0","N","0","0","0","2","67301","0","","1.0","","1","N","N","N","0","","0","0","1","","3","","","2","0","0","0","0","0","0","2","0","2","","","","N","","","","","","","","","",""
"2021103380","","1","0","0","0","0","0","0","0","0","1","1","","67","10","2021","3","39.894958","-75.19396","","6","0","0","0","0","0","0","0","0","","0","1","0","","","0","N","0","","39 53:41.850","","0","75 11:38.256","0","0","0","0","67301","0","0","0","N","0","0","0","2","68K01","0","","1.0","","1","N","N","N","0","","0","0","0","","0","","","2","0","0","0","0","0","0","2","0","2","","03","","N","","","","","","","","","",""
"2021099180","","1","0","0","0","0","0","0","0","0","1","0","45","67","9","2021","3","39.914764","-75.147841","","6","0","0","0","0","0","0","0","1","","0","0","0","","","1","N","0","","39 54:53.152","1","0","75 08:52.226","3","0","0","0","67301","0","0","0","N","0","0","0","2","68K01","0","","1.0","30.0","1","N","N","N","1","","1","0","0","","0","N","","2","1","0","0","0","0","0","2","0","2","","","Y","Y","2","2","N","N","Y","Y","N","N","Y","N"
"2021039348","","0","0","0","0","0","0","0","0","0","1","0","","67","5","2021","7","40.102738","-75.061404","","6","0","0","0","0","0","0","1","0","","0","0","0","","","1","","2","","40 06:09.856","","0","75 03:41.054","8","0","0","0","67301","0","0","0","N","0","0","0","2","46101","0","","1.0","","1","N","N","N","0","","0","0","1","","0","","","2","1","0","0","0","1","0","2","1","2","","03","","N","","","","","","","","","",""
"2021100322","","0","0","0","0","0","0","0","0","0","1","0","","67","9","2021","7","39.934996","-75.19992","","6","0","0","0","0","0","0","0","0","","0","0","0","","","1","N","0","","39 56:05.987","3","0","75 11:59.712","8","0","0","0","67301","0","0","0","N","0","0","0","2","68K01","0","","1.0","220.0","1","N","N","N","0","","0","0","2","","0","N","","2","1","0","0","0","1","0","2","0","2","","","","N","","","","","","","","","",""
"2021093934","","1","0","0","0","0","0","0","0","0","7","0","","67","10","2021","1","40.028447","-75.109217","","6","0","0","0","0","0","1","0","0","","0","0","0","","","0","N","0","","40 01:42.409","2","0","75 06:33.181","0","0","0","0","67301","0","0","0","N","0","0","0","1","67301","0","","5.0","437.0","1","N","N","N","0","","0","0","0","","0","Y","","1","0","0","0","0","0","0","2","0","1","","03","","N","","","","","","","","","",""
"2021098745","","0","0","0","0","0","0","0","0","0","7","0","","67","10","2021","1","40.124325","-75.002164","","6","0","0","0","0","0","0","0","0","","0","0","0","","","0","N","0","","40 07:27.570","","0","75 00:07.790","9","0","0","0","67301","0","0","0","N","0","0","0","1","67301","0","","5.0","","1","N","N","N","1","","0","0","0","","0","","","1","0","0","0","0","0","1","2","0","1","","03","","N","","","","","","","","","",""
"2021098804","","2","0","0","0","0","0","0","0","0","3","0","","67","10","2021","2","39.995116","-75.127367","","6","0","0","0","0","0","0","0","0","","0","0","0","","","1","","1","","39 59:42.417","","0","75 07:38.521","3","0","0","0","67301","0","0","0","N","0","0","0","2","67301","0","","1.0","","9","N","N","N","0","","1","0","0","","0","","","2","1","0","0","0","0","0","2","0","2","","03","","N","","","","","","","","","",""
"2021102236","","1","0","0","0","0","0","0","0","0","2","0","","67","10","2021","7","40.016554","-75.154199","","6","0","0","0","0","0","1","1","0","","0","0","0","","","2","N","0","","40 00:59.595","","0","75 09:15.116","3","0","0","0","67301","0","0","0","N","0","0","0","3","67301","0","","1.0","","1","N","N","N","1","","2","0","0","","0","","","2","2","0","0","0","0","0","2","0","2","","03","","N","","","","","","","","","",""
"2021095113","","1","0","0","0","0","0","0","0","0","1","0","","67","10","2021","6","40.009178","-75.067684","","6","0","0","0","0","0","0","0","0","","0","0","0","","","0","N","0","","40 00:33.042","2","0","75 04:03.663","9","0","0","0","67301","0","0","0","N","0","0","0","3","68K01","0","","1.0","2018.0","1","N","N","N","0","","0","0","0","","0","N","","2","0","0","0","0","0","1","2","0","2","","","","N","","","","","","","","","",""
"2021094394","","1","0","0","0","0","0","0","0","0","1","1","","67","10","2021","3","40.024507","-75.130849","","6","0","0","0","0","0","1","0","0","","0","1","0","","","0","N","0","","40 01:28.225","","0","75 07:51.057","9","0","0","0","67301","0","0","0","N","0","0","0","2","67301","0","","1.0","","1","N","N","N","0","","0","0","0","","0","","","2","0","0","0","0","0","1","2","0","2","","","","N","","","","","","","","","",""
"2021089570","","0","0","0","0","0","0","0","0","0","7","0","","67","9","2021","2","39.996919","-75.23564","","6","0","0","0","0","0","1","0","0","","0","0","0","","","1","N","0","","39 59:48.908","5","0","75 14:08.305","8","0","0","0","67301","0","0","0","N","0","0","0","1","46104","0","","5.0","715.0","9","N","N","N","0","","0","0","0","","0","Y","","1","1","1","0","0","1","0","2","1","1","","","","N","","","","","","","","","",""
"2021094392","","2","0","0","0","0","0","0","0","0","1","0","","67","10","2021","4","39.972425","-75.160975","","6","0","0","0","0","0","0","0","0","","0","0","0","","","0","N","0","","39 58:20.730","","0","75 09:39.510","0","0","0","0","67301","0","0","0","N","0","0","0","3","67301","0","","1.0","","1","N","N","N","0","","0","0","0","","0","","","2","0","1","0","0","0","0","2","0","2","","03","","N","","","","","","","","","",""
"2021100358","","1","0","0","0","0","0","0","0","0","5","0","","67","10","2021","5","40.023387","-75.033598","","6","0","0","0","0","0","0","0","1","","0","0","0","","","0","N","0","","40 01:24.192","","0","75 02:00.953","0","0","0","0","67301","0","0","0","N","0","0","0","3","68K01","0","","3.0","","1","N","N","N","0","","0","0","1","","0","","","2","0","0","0","0","0","0","2","0","2","","","","N","","","","","","","","","",""
"2021103738","","1","0","0","0","0","0","0","0","0","1","0","","67","10","2021","5","39.977243","-75.20005","","6","0","0","0","0","0","1","0","0","","0","0","0","","","0","N","0","","39 58:38.074","","0","75 12:00.179","0","0","0","0","67301","0","0","0","N","0","0","0","2","68K01","0","","1.0","","1","N","N","N","0","","0","0","1","","0","","","2","0","0","0","0","0","0","2","0","2","","","","N","","","","","","","","","",""
"2021098381","","2","0","0","0","0","0","0","0","0","2","0","","67","10","2021","3","40.0626","-75.17081","","6","0","0","0","1","0","0","0","0","","0","0","0","","","1","","1","","40 03:45.360","","0","75 10:14.916","4","0","0","0","67301","0","0","0","N","0","0","0","3","67301","1","","1.0","","1","N","N","N","0","","0","0","0","","2","","","2","1","0","0","0","0","0","2","0","2","","","","N","","","","","","","","","",""
"2021083696","","0","0","0","0","0","0","0","0","0","0","0","","67","9","2021","1","39.972069","-75.222769","","6","0","0","0","0","0","0","0","0","","1","0","0","","","0","N","0","","39 58:19.450","","0","75 13:21.970","1","1","0","1","67301","0","0","0","N","0","0","0","1","67301","0","2","1.0","","9","N","N","N","0","0","0","0","0","","0","","","1","0","0","0","0","0","0","2","0","1","","07","","N","","","","","","","","","",""
"2021102865","","1","0","0","0","0","0","0","0","0","1","0","","67","10","2021","5","39.960663","-75.181993","","6","0","0","0","0","0","1","0","0","","0","0","0","","","1","Y","0","","39 57:38.387","","0","75 10:55.175","3","0","0","0","67301","0","0","0","N","0","0","0","3","68K01","0","","1.0","","1","N","N","N","1","","1","0","0","","0","","","2","1","0","0","0","0","0","2","0","2","","","","N","","","","","","","","","",""
"2021101628","","1","0","0","0","0","0","0","0","0","4","0","","67","10","2021","1","40.057683","-75.052907","","6","0","0","0","0","0","0","0","0","","0","0","0","","","0","N","0","","40 03:27.659","","0","75 03:10.465","9","0","0","0","67301","0","0","0","N","0","0","0","1","67301","0","","4.0","","1","N","N","N","1","","0","0","0","","0","","","2","0","0","0","0","0","1","2","0","2","","","","N","","","","","","","","","",""
"2021094668","","0","0","0","0","0","0","0","0","0","7","0","","67","10","2021","4","40.045964","-75.158781","","6","0","0","0","0","0","0","0","0","","0","0","0","","","0","N","0","","40 02:45.470","2","99","75 09:31.610","9","0","0","0","67301","0","0","0","N","0","0","0","1","67301","0","","9.0","2203.0","1","N","N","N","0","","0","0","1","","0","Y","","1","0","0","0","0","0","1","2","0","1","","03","","N","","","","","","","","","",""
"2021100701","","1","0","0","0","0","0","0","0","0","1","0","","67","10","2021","3","39.930288","-75.227638","","6","0","0","1","0","0","0","0","0","","0","0","0","","","1","Y","1","","39 55:49.036","","0","75 13:39.496","8","0","0","0","67301","0","0","0","N","0","0","0","3","67301","0","","1.0","","1","N","N","N","0","","0","0","2","","1","","","3","1","2","0","0","1","0","2","0","3","","","","N","","","","","","","","","",""
"2021100507","","0","0","0","0","0","0","1","0","0","8","1","","67","10","2021","5","40.053245","-75.157694","","6","0","0","0","0","0","1","0","0","","0","0","0","","","1","","1","","40 03:11.682","","0","75 09:27.698","3","0","0","0","67301","1","0","0","N","1","0","0","2","67301","0","","1.0","","1","Y","N","N","0","","1","0","0","","3","","","2","1","0","0","0","0","0","2","0","1","","03","","N","","","","","","","","","",""
"2021094708","","2","0","0","0","0","0","0","0","0","2","0","","67","10","2021","6","40.005669","-75.169058","","6","0","0","0","0","0","0","0","0","","0","0","0","","","0","N","0","","40 00:20.410","","0","75 10:08.610","9","0","0","0","67301","0","0","0","N","0","0","0","1","67301","0","","2.0","","1","N","N","N","0","","0","0","1","","0","","","3","0","0","0","0","0","1","2","0","3","","","","N","","","","","","","","","",""
"2021084773","","0","0","0","0","0","0","0","0","0","1","1","","67","9","2021","4","39.906528","-75.137417","","6","0","0","0","0","0","0","0","0","","0","1","0","","","1","N","0","","39 54:23.500","3","3","75 08:14.700","2","0","0","0","67301","0","0","0","N","0","0","0","3","67501","0","","1.0","1422.0","1","N","N","N","0","","0","1","2","","0","N","","3","1","0","0","0","0","0","2","0","3","","04","","N","","","","","","","","","",""
"2021094157","","2","0","0","0","0","0","0","0","0","4","0","","67","10","2021","1","39.961402","-75.148177","","6","0","0","0","0","0","0","0","0","","0","0","0","","","6","","1","","39 57:41.048","2","0","75 08:53.436","3","0","0","0","67301","0","0","0","N","0","0","0","6","67301","0","","1.0","2150.0","1","N","N","N","0","","6","0","0","","3","Y","","2","6","0","0","0","0","0","2","0","2","","03","","N","","","","","","","","","",""
"2021037835","","0","0","0","0","0","0","0","0","0","1","0","","67","4","2021","4","39.989393","-75.251762","","6","0","0","0","0","0","1","0","0","","0","0","0","","","2","Y","0","","39 59:21.814","2","0","75 15:06.343","4","0","0","0","67301","0","0","0","N","0","0","0","4","46104","2","","1.0","1600.0","1","N","N","N","0","","0","0","2","","2","N","","3","2","0","0","0","0","0","2","1","3","","03","","N","","","","","","","","","",""
"2021099040","","1","0","0","0","0","0","0","0","0","4","0","","67","10","2021","2","39.987384","-75.152147","","6","0","0","0","0","0","0","0","0","","0","0","0","","","1","N","1","","39 59:14.582","","0","75 09:07.730","3","0","0","0","67301","0","0","0","N","0","0","0","2","67301","0","","1.0","","1","N","N","Y","1","","1","0","0","","3","","","2","1","0","0","0","0","0","2","0","2","","","","N","","","","","","","","","",""
"2021100374","","1","0","0","0","0","0","0","0","0","2","0","","67","10","2021","7","39.967853","-75.131334","","6","0","0","0","0","0","0","0","0","","0","0","0","","","1","N","0","","39 58:04.270","2","0","75 07:52.803","3","0","0","0","67301","0","0","0","N","0","0","0","2","68K01","0","","1.0","1700.0","1","N","N","N","0","","1","0","1","","0","N","","2","1","0","0","0","0","0","2","0","2","","04","","N","","","","","","","","","",""