"CRN","ARRIVAL_TM","AUTOMOBILE_COUNT","BELTED_DEATH_COUNT","BELTED_SUSP_SERIOUS_INJ_COUNT","BICYCLE_COUNT","BICYCLE_DEATH_COUNT","BICYCLE_SUSP_SERIOUS_INJ_COUNT","BUS_COUNT","CHLDPAS_DEATH_COUNT","CHLDPAS_SUSP_SERIOUS_INJ_COUNT","COLLISION_TYPE","COMM_VEH_COUNT","CONS_ZONE_SPD_LIM","COUNTY","CRASH_MONTH","CRASH_YEAR","DAY_OF_WEEK","DEC_LATITUDE","DEC_LONGITUDE","DISPATCH_TM","DISTRICT","DRIVER_COUNT_16YR","DRIVER_COUNT_17YR","DRIVER_COUNT_18YR","DRIVER_COUNT_19YR","DRIVER_COUNT_20YR","DRIVER_COUNT_50_64YR","DRIVER_COUNT_65_74YR","DRIVER_COUNT_75PLUS","EST_HRS_CLOSED","FATAL_COUNT","HEAVY_TRUCK_COUNT","HORSE_BUGGY_COUNT","HOUR_OF_DAY","ILLUMINATION","INJURY_COUNT","INTERSECTION_RELATED","INTERSECT_TYPE","LANE_CLOSED","LATITUDE","LN_CLOSE_DIR","LOCATION_TYPE","LONGITUDE","MAX_SEVERITY_LEVEL","MCYCLE_DEATH_COUNT","MCYCLE_SUSP_SERIOUS_INJ_COUNT","MOTORCYCLE_COUNT","MUNICIPALITY","NONMOTR_COUNT","NONMOTR_DEATH_COUNT","NONMOTR_SUSP_SERIOUS_INJ_COUNT","NTFY_HIWY_MAINT","PED_COUNT","PED_DEATH_COUNT","PED_SUSP_SERIOUS_INJ_COUNT","PERSON_COUNT","POLICE_AGCY","POSSIBLE_INJ_COUNT","RDWY_SURF_TYPE_CD","RELATION_TO_ROAD","ROADWAY_CLEARED","ROAD_CONDITION","SCH_BUS_IND","SCH_ZONE_IND","SECONDARY_CRASH","SMALL_TRUCK_COUNT","SPEC_JURIS_CD","SUSP_MINOR_INJ_COUNT","SUSP_SERIOUS_INJ_COUNT","SUV_COUNT","TCD_FUNC_CD","TCD_TYPE","TFC_DETOUR_IND","TIME_OF_DAY","TOTAL_UNITS","TOT_INJ_COUNT","UNBELTED_OCC_COUNT","UNB_DEATH_COUNT","UNB_SUSP_SERIOUS_INJ_COUNT","UNK_INJ_DEG_COUNT","UNK_INJ_PER_COUNT","URBAN_RURAL","VAN_COUNT","VEHICLE_COUNT","WEATHER1","WEATHER2","WORKERS_PRES","WORK_ZONE_IND","WORK_ZONE_LOC","WORK_ZONE_TYPE","WZ_CLOSE_DETOUR","WZ_FLAGGER","WZ_LAW_OFFCR_IND","WZ_LN_CLOSURE","WZ_MOVING","WZ_OTHER","WZ_SHLDER_MDN","WZ_WORKERS_INJ_KILLED"
"2021100655","","1","0","0","0","0","0","0","0","0","7","0","","67","10","2021","5","40.011671","-75.069854","","6","0","0","0","0","0","0","0","0","","0","0","0","","","0","","1","","40 00:42.017","6","0","75 04:11.475","0","0","0","0","67301","0","0","0","N","0","0","0","0","67301","0","","2.0","121.0","1","N","N","N","0","","0","0","0","","3","Y","","1","0","0","0","0","0","0","2","0","1","","","","N","","","","","","","","","",""
"2021100342","","1","0","0","0","0","0","0","0","0","2","0","","67","10","2021","1","39.983195","-75.207998","","6","0","0","0","0","0","0","0","0","","0","0","0","","","0","N","0","","39 58:59.503","","0","75 12:28.792","9","0","0","0","67301","0","0","0","N","0","0","0","1","68K01","0","","4.0","","1","N","N","N","0","","0","0","0","","0","","","1","0","0","0","0","0","1","2","0","1","","03","","N","","","","","","","","","",""
"2021098666","","0","0","0","0","0","0","0","0","0","8","1","","67","10","2021","6","39.950318","-75.147259","","6","0","0","0","0","0","0","0","1","","0","1","0","","","1","","1","","39 57:01.144","3","0","75 08:50.131","2","0","0","0","67301","1","0","1","N","1","0","1","2","67301","0","","1.0","1450.0","1","N","N","N","0","","0","1","0","","2","Y","","2","1","0","0","0","0","0","2","0","1","","03","","N","","","","","","","","","",""
"2021098781","","1","0","0","0","0","0","0","0","0","4","1","","67","10","2021","5","40.057936","-75.142286","","6","0","0","0","0","0","0","0","0","","0","1","0","","","2","","1","","40 03:28.569","","0","75 08:32.229","3","0","0","0","67301","0","0","0","N","0","0","0","2","67301","1","","1.0","","1","N","N","N","0","","1","0","0","","3","","","2","2","0","0","0","0","0","2","0","2","","","","N","","","","","","","","","",""
"2021095482","","1","0","0","0","0","0","0","0","0","99","0","","67","10","2021","6","40.006853","-75.192742","","6","0","0","0","0","0","0","0","0","","0","0","0","","","0","N","0","","40 00:24.670","1","0","75 11:33.872","9","0","0","0","67301","0","0","0","N","0","0","0","1","67301","0","","1.0","900.0","1","N","N","N","0","","0","0","0","","0","N","","1","0","0","0","0","0","1","2","0","1","","03","","N","","","","","","","","","",""
"2021094516","","1","0","0","0","0","0","0","0","0","4","1","","67","10","2021","4","39.998705","-75.166884","","6","0","0","0","0","0","1","0","0","","0","1","0","","","1","","1","","39 59:55.338","4","0","75 10:00.782","3","0","0","0","67301","0","0","0","N","0","0","0","3","67301","0","","1.0","1355.0","1","N","N","N","0","","1","0","0","","2","N","","2","1","0","0","0","0","0","2","0","2","","03","","N","","","","","","","","","",""
"2021100887","","0","0","0","0","0","0","0","0","0","2","0","","67","10","2021","6","40.032769","-75.180669","","6","0","0","0","0","0","1","0","0","","0","0","0","","","1","N","0","","40 01:57.969","","0","75 10:50.408","3","0","0","0","67301","0","0","0","N","0","0","0","2","67301","0","","1.0","","1","N","N","N","0","","1","0","2","","0","","","2","1","2","0","0","0","0","2","0","2","","","","N","","","","","","","","","",""
"2021100684","","1","0","0","0","0","0","0","0","0","7","1","","67","10","2021","2","40.015873","-75.153841","","6","0","0","0","0","0","0","0","0","","0","0","0","","","0","","1","","40 00:57.144","","0","75 09:13.828","9","0","0","0","67301","0","0","0","N","0","0","0","1","67301","0","","4.0","","1","N","N","N","0","","0","0","0","","2","","","2","0","0","0","0","0","1","2","0","2","","03","","N","","","","","","","","","",""
"2021094114","","1","0","0","0","0","0","1","0","0","4","1","","67","9","2021","2","39.974368","-75.239942","","6","0","0","0","0","0","1","0","0","","0","0","0","","","1","","1","","39 58:27.724","","0","75 14:23.791","8","0","0","0","67301","0","0","0","N","0","0","0","3","67508","0","","1.0","","1","N","N","Y","0","","0","0","0","","3","","","2","1","0","0","0","1","0","2","0","2","","03","","N","","","","","","","","","",""
"2021093559","","1","0","0","0","0","0","1","0","0","4","1","","67","9","2021","3","39.993079","-75.147887","","6","0","0","1","0","0","0","0","0","","0","0","0","","","1","","1","","39 59:35.083","","0","75 08:52.393","4","0","0","0","67301","0","0","0","N","0","0","0","2","67508","1","","1.0","","1","N","N","Y","0","","0","0","0","","2","","","2","1","0","0","0","0","0","2","0","2","","03","","N","","","","","","","","","",""
"2021042478","","1","0","0","0","0","0","0","0","0","4","0","","67","5","2021","6","40.074062","-75.190874","","6","0","0","0","0","0","1","0","0","","0","0","0","","","0","","1","","40 04:26.624","","0","75 11:27.147","0","0","0","0","67301","0","0","0","N","0","0","0","2","46108","0","","1.0","","1","N","N","N","0","","0","0","0","","2","","","2","0","0","0","0","0","0","2","1","2","","","","N","","","","","","","","","",""
"2021094344","","0","0","0","0","0","0","0","0","0","8","0","","67","10","2021","4","39.967161","-75.165344","","6","0","0","0","0","0","0","0","0","","0","0","0","","","1","","1","","39 58:01.778","","0","75 09:55.237","3","0","0","0","67301","1","0","0","N","1","0","0","2","67301","0","","1.0","","1","N","N","N","0","","1","0","0","","0","","","2","1","0","0","0","0","1","2","0","1","","03","","N","","","","","","","","","",""
"2021095485","","2","0","0","0","0","0","0","0","0","1","0","","67","9","2021","2","39.948209","-75.186138","","6","0","0","0","0","0","1","0","0","","0","0","0","","","2","N","0","","39 56:53.551","","0","75 11:10.098","3","0","0","0","67301","0","0","0","N","0","0","0","4","68K01","0","","1.0","","1","N","N","N","0","","2","0","1","","0","","","3","2","0","0","0","0","0","2","0","3","","03","","N","","","","","","","","","",""
"2021100357","","1","0","0","0","0","0","0","0","0","5","1","","67","10","2021","5","39.955517","-75.140745","","6","0","0","0","0","0","1","0","0","","0","1","0","","","0","N","0","","39 57:19.862","","0","75 08:26.681","0","0","0","0","67301","0","0","0","N","0","0","0","6","68K01","0","","1.0","","1","N","N","N","1","","0","0","2","","0","","","5","0","0","0","0","0","0","2","0","5","","","","N","","","","","","","","","",""
"2021095487","","3","0","0","0","0","0","0","0","0","1","0","","67","9","2021","7","39.985922","-75.093049","","6","0","0","0","0","0","0","0","0","","0","0","0","","","3","N","0","","39 59:09.320","2","0","75 05:34.975","3","0","0","0","67301","0","0","0","N","0","0","0","6","68K01","0","","1.0","1621.0","1","N","N","N","0","","3","0","0","","0","Y","","3","3","2","0","0","0","0","2","0","3","","","","N","","","","","","","","","",""
"2021094706","","1","0","0","0","0","0","0","0","0","4","1","90","67","9","2021","4","40.003525","-75.16786","","6","0","0","0","0","0","1","0","0","","0","1","0","","","1","N","0","","40 00:12.690","3","0","75 10:04.297","3","0","0","0","67301","0","0","0","N","0","0","0","2","67301","0","","2.0","934.0","1","N","N","N","0","","1","0","0","","0","N","","2","1","0","0","0","0","0","2","0","2","","03","Y","Y","4","3","N","N","N","N","N","Y","Y","N"
"2021099623","","0","0","0","0","0","0","0","0","0","4","0","","67","10","2021","2","39.922336","-75.183561","","6","0","0","0","0","1","1","0","0","","0","0","0","","","3","","1","","39 55:20.409","","0","75 11:00.819","3","0","0","0","67301","0","0","0","N","0","0","0","3","67301","0","","1.0","","1","N","Y","N","0","","2","0","2","","3","","","2","3","0","0","0","1","0","2","0","2","","","","N","","","","","","","","","",""
"2021099351","","0","0","0","0","0","0","0","0","0","7","0","","67","10","2021","1","40.043464","-75.088747","","6","0","0","0","0","0","0","0","0","","0","0","0","","","1","N","0","","40 02:36.472","5","0","75 05:19.490","4","0","0","0","67301","0","0","0","N","0","0","0","1","67301","1","","2.0","1200.0","1","N","N","N","0","","0","0","1","","0","Y","","1","1","0","0","0","0","0","2","0","1","","04","","N","","","","","","","","","",""
"2021100338","","0","0","0","0","0","0","0","0","0","2","0","","67","10","2021","5","39.965777","-75.136294","","6","0","0","0","0","0","0","0","0","","0","0","0","","","0","N","0","","39 57:56.796","1","0","75 08:10.659","0","0","0","0","67301","0","0","0","N","0","0","0","2","68K01","0","","2.0","1202.0","1","N","N","N","0","","0","0","1","","0","N","","1","0","0","0","0","0","0","2","0","1","","03","","N","","","","","","","","","",""
"2021090939","","0","0","0","0","0","0","0","0","0","4","0","","67","3","2021","7","40.013303","-75.097438","","6","0","0","0","0","0","0","0","0","","0","0","0","","","1","","1","","40 00:47.892","","0","75 05:50.775","8","0","0","1","67301","0","0","0","N","0","0","0","3","67301","0","","1.0","","99","N","N","N","0","","0","0","1","","2","","","2","1","0","0","0","1","0","2","0","2","","","","N","","","","","","","","","",""
"2021098723","","0","0","0","0","0","0","0","0","0","4","0","","67","10","2021","7","39.976697","-75.123331","","6","0","0","0","0","0","0","0","0","","0","1","0","","","1","N","0","","39 58:36.110","","0","75 07:23.990","3","0","0","0","67301","0","0","0","N","0","0","0","3","67301","0","","5.0","","1","N","N","N","0","","1","0","1","","0","","","2","1","1","0","0","0","0","2","0","2","","","","N","","","","","","","","","",""
"2021099516","","1","0","0","0","0","0","0","0","0","4","0","","67","10","2021","1","40.006071","-75.193561","","6","0","0","0","0","0","0","0","0","","0","0","0","","","0","","7","","40 00:21.857","1","8","75 11:36.821","0","0","0","0","67301","0","0","0","N","0","0","0","1","67301","0","","1.0","1054.0","1","N","N","N","0","","0","0","1","","0","N","","2","0","0","0","0","0","0","2","0","2","","","","N","","","","","","","","","",""
"2021100762","","3","0","0","0","0","0","0","0","0","1","0","","67","10","2021","7","39.992163","-75.085571","","6","0","0","0","0","0","0","1","0","","0","0","0","","","1","N","0","","39 59:31.787","1","0","75 05:08.054","8","0","0","0","67301","0","0","0","N","0","0","0","4","68K01","0","","1.0","2330.0","1","N","N","N","0","","0","0","0","","0","N","","3","1","1","0","0","1","0","2","0","3","","","","N","","","","","","","","","",""
"2021094524","","0","0","0","0","0","0","0","0","0","2","1","","67","10","2021","4","40.095264","-75.015894","","6","0","0","0","0","0","1","0","0","","0","1","0","","","1","N","0","","40 05:42.950","3","7","75 00:57.220","3","0","0","0","67301","0","0","0","N","0","0","0","2","67301","0","","1.0","1640.0","1","N","N","N","0","","1","0","1","","0","N","","2","1","0","0","0","0","0","2","0","2","","03","","N","","","","","","","","","",""
"2021090694","","1","0","0","0","0","0","0","0","0","5","0","","67","8","2021","5","39.928398","-75.146265","","6","0","0","0","0","0","0","0","0","","0","0","0","","","1","N","0","","39 55:42.233","","0","75 08:46.554","8","0","0","0","67301","0","0","0","N","0","0","0","2","68K01","0","","2.0","","1","N","N","N","1","","0","0","0","","0","","","2","1","0","0","0","1","0","2","0","2","","03","","N","","","","","","","","","",""
"2021071073","","2","0","0","0","0","0","0","0","0","4","0","","67","7","2021","4","39.9602","-75.226852","","6","0","0","0","0","0","0","0","0","","0","0","0","","","2","","1","","39 57:36.721","4","1","75 13:36.666","3","0","0","0","67301","0","0","0","N","0","0","0","2","67301","0","","1.0","30.0","1","N","N","N","0","","2","0","0","","2","Y","","2","2","0","0","0","0","0","2","0","2","","03","","N","","","","","","","","","",""
"2021098534","","2","0","0","0","0","0","0","0","0","2","0","","67","10","2021","7","39.995237","-75.164618","","6","0","0","0","0","0","1","1","0","","0","0","0","","","0","N","0","","39 59:42.852","","0","75 09:52.625","0","0","0","0","67301","0","0","0","N","0","0","0","2","67301","0","","6.0","","1","N","N","N","0","","0","0","0","","0","","","2","0","0","0","0","0","0","2","0","2","","04","","N","","","","","","","","","",""
"2021070477","","0","0","0","0","0","0","0","0","0","8","0","","67","7","2021","4","39.980042","-75.175869","","6","0","0","0","0","0","0","0","0","","0","0","0","","","1","","1","","39 58:48.151","","0","75 10:33.128","3","0","0","0","67301","1","0","0","N","1","0","0","4","67301","0","","1.0","","1","N","N","N","0","","1","0","0","","3","","","2","1","0","0","0","0","0","2","1","1","","03","","N","","","","","","","","","",""
"2021099838","","1","0","0","0","0","0","0","0","0","2","0","","67","10","2021","3","39.987616","-75.178948","","6","0","0","0","0","0","0","0","0","","0","0","0","","","1","","1","","39 59:15.417","","0","75 10:44.212","3","0","0","0","67301","0","0","0","N","0","0","0","1","67301","0","","1.0","","1","N","N","N","0","","1","0","0","","2","","","2","1","0","0","0","0","0","2","0","2","","03","","N","","","","","","","","","",""
"2021071084","","2","0","0","0","0","0","0","0","0","4","0","","67","7","2021","7","39.991755","-75.231059","","6","0","0","1","0","0","0","0","0","","0","0","0","","","1","","1","","39 59:30.318","","0","75 13:51.812","3","0","0","0","67301","0","0","0","N","0","0","0","3","67301","0","","1.0","","1","N","N","N","0","","1","0","0","","3","","","2","1","0","0","0","0","0","2","0","2","","03","","N","","","","","","","","","",""
"2021061703","","2","0","0","0","0","0","0","0","0","4","0","","67","7","2021","7","39.960207","-75.190892","","6","0","0","0","0","0","0","0","0","","0","0","0","","","0","","1","","39 57:36.745","7","0","75 11:27.211","0","0","0","0","67301","0","0","0","N","0","0","0","2","67507","0","","1.0","2242.0","9","N","N","N","0","","0","0","0","","2","Y","","2","0","0","0","0","0","0","2","0","2","","03","","N","","","","","","","","","",""
"2021064232","","1","0","0","0","0","0","0","0","0","4","0","","67","7","2021","5","39.93973","-75.225514","","6","0","0","0","0","0","0","0","0","","0","0","0","","","1","","1","","39 56:23.027","","0","75 13:31.850","3","0","0","0","67301","0","0","0","N","0","0","0","2","67301","0","","1.0","","1","N","N","N","0","","1","0","1","","2","","","2","1","0","0","0","0","0","2","0","2","","03","","N","","","","","","","","","",""
"2021067980","","1","0","0","0","0","0","0","0","0","4","0","","67","7","2021","4","39.986017","-75.154066","","6","0","1","0","0","0","1","0","0","","0","0","0","","","1","","1","","39 59:09.661","","0","75 09:14.636","4","0","0","0","67301","0","0","0","N","0","0","0","3","67505","1","","1.0","","1","N","N","Y","1","","0","0","1","","2","","","3","1","0","0","0","0","1","2","0","3","","03","","N","","","","","","","","","",""
"2021064416","","2","0","0","0","0","0","0","0","0","4","0","","67","7","2021","7","40.024675","-75.17056","","6","0","0","0","0","0","0","0","0","","0","0","0","","","1","","1","","40 01:28.829","","0","75 10:14.015","3","0","0","0","67301","0","0","0","N","0","0","0","2","67301","0","","1.0","","99","N","N","N","0","","1","0","0","","3","","","2","1","0","0","0","0","0","2","0","2","","","","N","","","","","","","","","",""
"2021071071","","2","0","0","0","0","0","0","0","0","4","0","","67","7","2021","2","39.966087","-75.235868","","6","0","0","0","0","0","0","0","0","","0","0","0","","","1","","1","","39 57:57.913","","0","75 14:09.124","3","0","0","0","67301","0","0","0","N","0","0","0","2","67301","0","","1.0","","9","N","N","N","0","","1","0","0","","3","","","2","1","0","0","0","0","0","2","0","2","","04","","N","","","","","","","","","",""
"2021100748","","1","0","0","0","0","0","0","0","0","98","0","","67","10","2021","1","40.040129","-75.006346","","6","0","0","0","0","0","0","0","0","","0","0","0","","","0","N","0","","40 02:24.464","","0","75 00:22.847","9","0","0","0","67301","0","0","0","N","0","0","0","2","68K01","0","","9.0","","1","N","N","N","0","","0","0","0","","0","","","2","0","0","0","0","0","1","2","0","2","","","","N","","","","","","","","","",""
"2021087996","","1","0","0","0","0","0","0","0","0","8","0","","67","9","2021","5","39.977314","-75.158397","","6","0","0","0","0","0","0","0","0","","0","0","0","","","1","N","0","","39 58:38.330","","0","75 09:30.230","8","0","0","0","67301","1","0","0","N","1","0","0","1","67301","0","","1.0","","99","N","N","N","0","","0","0","0","","2","U","","2","1","0","0","0","1","0","2","0","1","","","","N","","","","","","","","","",""
"2021090309","","1","0","0","0","0","0","0","0","0","0","0","","67","9","2021","6","40.028954","-75.101496","","6","0","0","0","0","0","0","0","0","","0","0","0","","","1","N","0","","40 01:44.235","","0","75 06:05.387","2","0","0","0","67301","0","0","0","N","0","0","0","1","67301","0","","5.0","","1","N","N","N","0","","0","1","0","","0","","","1","1","0","0","0","0","0","2","0","1","","","","N","","","","","","","","","",""
"2021088159","","1","0","0","0","0","0","0","0","0","4","0","","67","9","2021","6","40.005764","-75.099046","","6","0","0","0","0","0","0","0","0","","0","0","0","","","0","","1","","40 00:20.750","","0","75 05:56.564","0","0","0","0","67301","0","0","0","N","0","0","0","2","67301","0","","1.0","","99","N","N","N","0","","0","0","1","","2","U","","2","0","0","0","0","0","0","2","0","2","","04","","N","","","","","","","","","",""
"2021064392","","0","0","0","0","0","0","0","0","0","1","0","","67","7","2021","7","40.055511","-75.126257","","6","0","0","0","1","0","0","0","0","","0","0","0","","","2","","2","","40 03:19.839","","0","75 07:34.526","4","0","0","0","67301","0","0","0","N","0","0","0","6","67301","2","","1.0","","9","N","N","N","0","","0","0","2","","2","","","2","2","0","0","0","0","0","2","0","2","","","","N","","","","","","","","","",""
"2021092553","","2","0","0","0","0","0","0","0","0","4","0","","67","9","2021","7","40.035824","-75.174723","","6","0","0","0","0","0","0","0","0","","0","0","0","","","4","","1","","40 02:08.965","","0","75 10:29.001","3","0","0","0","67301","0","0","0","N","0","0","0","4","67301","0","","1.0","","1","N","N","N","0","","4","0","0","","2","","","2","4","0","0","0","0","0","2","0","2","","03","","N","","","","","","","","","",""
"2021092869","","0","0","0","0","0","0","0","0","0","7","0","","67","9","2021","4","39.889615","-75.219707","","6","0","0","0","0","0","0","1","0","","0","0","0","","","0","N","6","","39 53:22.614","2","2","75 13:10.944","0","0","0","0","67301","0","0","0","N","0","0","0","2","68K01","0","","4.0","1943.0","9","N","N","N","0","","0","0","1","","0","Y","","1","0","0","0","0","0","0","2","0","1","","","","N","","","","","","","","","",""
"2021064249","","3","0","0","0","0","0","0","0","0","1","0","","67","7","2021","6","40.05725","-75.160306","","6","0","0","0","0","0","0","0","0","","0","0","0","","","0","N","0","","40 03:26.100","","0","75 09:37.100","9","0","0","0","67301","0","0","0","N","0","0","0","1","67301","0","","6.0","","1","N","N","N","0","","0","0","1","","0","","","4","0","0","0","0","0","1","2","0","4","","","","N","","","","","","","","","",""
"2021062516","","0","0","0","0","0","0","0","0","0","7","0","","67","7","2021","1","39.905892","-75.149987","","6","0","0","0","0","0","0","0","0","","0","0","0","","","1","N","0","","39 54:21.212","","0","75 08:59.954","3","0","0","1","67301","0","0","0","N","0","0","0","1","68K01","0","","3.0","","1","N","N","N","0","","1","0","0","","0","","","1","1","0","0","0","0","0","2","0","1","","03","","N","","","","","","","","","",""
"2021064248","","2","0","0","0","0","0","0","0","0","4","0","","67","7","2021","6","40.043229","-75.193591","","6","0","0","0","0","0","0","0","0","","0","0","0","","","1","","2","","40 02:35.623","","0","75 11:36.927","3","0","0","0","67301","0","0","0","N","0","0","0","1","67301","0","","1.0","","9","N","N","N","0","","1","0","0","","0","","","2","1","0","0","0","0","0","2","0","2","","","","N","","","","","","","","","",""
"2021063289","","0","0","0","0","0","0","0","0","0","1","0","","67","6","2021","4","40.043385","-75.002847","","6","0","0","0","0","0","0","0","0","","0","0","0","","","4","N","0","","40 02:36.186","","0","75 00:10.250","3","0","0","0","67301","0","0","0","N","0","0","0","4","68K01","0","","1.0","","1","N","N","N","0","","4","0","2","","0","","","2","4","0","0","0","0","0","2","0","2","","","","N","","","","","","","","","",""
"2021070540","","0","0","0","0","0","0","0","0","0","8","0","","67","7","2021","5","40.022857","-75.137137","","6","0","0","0","0","0","0","0","0","","0","0","0","","","1","N","0","","40 01:22.285","2","0","75 08:13.693","3","0","0","0","67301","1","0","0","N","1","0","0","2","67301","0","","1.0","1720.0","1","N","N","N","0","","1","0","1","","0","Y","","2","1","0","0","0","0","0","2","0","1","","03","","N","","","","","","","","","",""
"2021070425","","1","0","0","0","0","0","0","0","0","4","0","","67","7","2021","5","40.035307","-75.059747","","6","0","0","0","0","0","0","0","0","","0","0","0","","","1","","1","","40 02:07.105","","0","75 03:35.089","3","0","0","0","67301","0","0","0","N","0","0","0","2","67301","0","","1.0","","1","N","N","N","1","","1","0","0","","3","","","2","1","0","0","0","0","1","2","0","2","","03","","N","","","","","","","","","",""
"2021069887","","1","0","0","0","0","0","0","0","0","4","0","","67","7","2021","5","39.994631","-75.094531","","6","0","0","0","0","0","0","0","0","","0","0","0","","","2","","1","","39 59:40.673","","0","75 05:40.311","8","0","0","0","67301","0","0","0","N","0","0","0","4","67301","0","","1.0","","1","N","N","N","0","","0","0","0","","2","","","3","2","0","0","0","2","0","2","1","3","","03","","N","","","","","","","","","",""
"2021087111","","1","0","0","0","0","0","0","0","0","5","0","","67","6","2021","6","39.948833","-75.238444","","6","0","0","0","0","0","1","0","0","","0","0","0","","","0","N","0","","39 56:55.800","6","0","75 14:18.400","9","0","0","0","67301","0","0","0","N","0","0","0","1","67301","0","","6.0","1250.0","1","N","N","N","0","","0","0","2","","0","N","","3","0","0","0","0","0","1","2","0","3","","03","","N","","","","","","","","","",""
"2021071082","","0","0","0","0","0","0","0","0","0","8","0","","67","7","2021","3","39.974261","-75.264047","","6","0","0","0","0","0","0","0","0","","0","0","0","","","1","N","0","","39 58:27.340","","0","75 15:50.570","3","0","0","0","67301","1","0","0","N","1","0","0","3","67301","0","","1.0","","1","N","N","N","0","","1","0","0","","0","","","2","1","0","0","0","0","0","2","1","1","","03","","N","","","","","","","","","",""
"2021088461","","1","0","0","0","0","0","0","0","0","8","0","","67","9","2021","5","39.960683","-75.141429","","6","0","0","0","0","0","0","0","1","","0","0","0","","","1","","1","","39 57:38.457","","0","75 08:29.145","3","0","0","0","67301","1","0","0","N","1","0","0","2","67301","0","","1.0","","1","N","N","N","0","","1","0","0","","2","","","2","1","0","0","0","0","0","2","0","1","","03","","N","","","","","","","","","",""
"2021093439","","1","0","0","0","0","0","0","0","0","1","0","","67","9","2021","5","40.009085","-75.067394","","6","0","0","0","0","0","0","0","0","","0","0","0","","","0","N","0","","40 00:32.706","","0","75 04:02.618","0","0","0","0","67301","0","0","0","N","0","0","0","2","68K01","0","","1.0","","1","N","N","N","0","","0","0","1","","0","","","2","0","0","0","0","0","0","2","0","2","","03","","N","","","","","","","","","",""
"2021100753","","2","0","0","0","0","0","0","0","0","1","0","55","67","10","2021","4","39.993398","-75.084702","","6","0","0","0","0","0","0","0","0","","0","0","0","","","0","N","0","","39 59:36.232","1","0","75 05:04.928","0","0","0","0","67301","0","0","0","N","0","0","0","2","68K01","0","","1.0","1015.0","1","N","N","N","0","","0","0","0","","0","N","","2","0","0","0","0","0","0","2","0","2","","","Y","Y","2","2","N","N","N","Y","N","N","Y","N"
"2021065086","","1","0","0","0","0","0","0","0","0","7","0","","67","7","2021","3","39.967103","-75.133065","","6","0","0","0","0","0","0","0","0","","0","0","0","","","1","N","0","","39 58:01.569","1","0","75 07:59.033","2","0","0","0","67301","0","0","0","N","0","0","0","1","68K01","0","","2.0","140.0","9","N","N","N","0","","0","1","0","","0","N","","1","1","0","0","0","0","0","2","0","1","","03","","N","","","","","","","","","",""
"2021092283","","1","0","0","0","0","0","0","0","0","5","1","","67","9","2021","6","39.953306","-75.145","","6","0","0","0","0","0","0","0","0","","0","1","0","","","0","N","0","","39 57:11.900","","0","75 08:42.000","0","0","0","0","67301","0","0","0","N","0","0","0","3","67508","0","","6.0","","1","N","N","Y","0","","0","0","0","","0","","","2","0","1","0","0","0","0","2","0","2","","03","","N","","","","","","","","","",""
"2021089747","","1","0","0","0","0","0","0","0","0","4","0","","67","9","2021","2","39.938056","-75.176541","","6","0","0","0","0","0","0","0","0","","0","0","0","","","0","","1","","39 56:17.001","","0","75 10:35.547","0","0","0","0","67301","0","0","0","N","0","0","0","2","67301","0","","1.0","","1","N","N","N","0","","0","0","1","","3","","","3","0","0","0","0","0","0","2","1","3","","","","N","","","","","","","","","",""
"2021064150","","1","0","0","0","0","0","0","0","0","4","0","","67","7","2021","2","40.006168","-75.151802","","6","0","0","0","0","1","0","0","0","","0","0","0","","","0","","1","","40 00:22.203","1","0","75 09:06.487","9","0","0","0","67301","0","0","0","N","0","0","0","4","67505","0","","1.0","945.0","1","N","N","Y","0","","0","0","1","","2","Y","","2","0","1","0","0","0","1","2","0","2","","03","","N","","","","","","","","","",""
"2021064215","","1","0","0","0","0","0","0","0","0","1","0","","67","7","2021","1","40.099527","-74.986368","","6","0","0","0","0","1","1","0","0","","0","0","0","","","3","","1","","40 05:58.296","","2","74 59:10.926","3","0","0","0","67301","0","0","0","N","0","0","0","3","67301","0","","1.0","","1","N","N","N","0","","1","0","1","","2","","","3","3","1","0","0","2","0","2","1","3","","03","","N","","","","","","","","","",""
"2021087581","","1","0","0","0","0","0","0","0","0","5","1","","67","8","2021","3","39.959218","-75.173596","","6","0","0","0","0","0","1","0","0","","0","1","0","","","1","N","0","","39 57:33.186","3","0","75 10:24.946","8","0","0","0","67301","0","0","0","N","0","0","0","2","68K01","0","","1.0","1510.0","1","N","N","N","0","","0","0","0","","0","Y","","2","1","0","0","0","1","0","2","0","2","","","","N","","","","","","","","","",""
"2021065064","","1","0","0","0","0","0","0","0","0","7","0","","67","7","2021","7","39.986001","-75.207815","","6","0","0","0","0","0","0","0","0","","0","0","0","","","0","N","0","","39 59:09.605","4","2","75 12:28.133","9","0","0","0","67301","0","0","0","Y","0","0","0","1","68K01","0","","4.0","340.0","1","N","N","N","0","","0","0","0","","0","N","","1","0","0","0","0","0","1","2","0","1","","","","N","","","","","","","","","",""
"2021065934","","2","0","0","0","0","0","0","0","0","1","0","","67","7","2021","2","39.906972","-75.139167","","6","0","0","0","1","0","0","0","0","","0","0","0","","","1","N","0","","39 54:25.100","4","3","75 08:21.000","3","0","0","0","67301","0","0","0","N","0","0","0","6","67501","0","","1.0","1705.0","1","N","N","N","1","","1","0","1","","8","N","","4","1","0","0","0","0","0","2","0","4","","03","","N","","","","","","","","","",""