"CRN","ARRIVAL_TM","AUTOMOBILE_COUNT","BELTED_DEATH_COUNT","BELTED_SUSP_SERIOUS_INJ_COUNT","BICYCLE_COUNT","BICYCLE_DEATH_COUNT","BICYCLE_SUSP_SERIOUS_INJ_COUNT","BUS_COUNT","CHLDPAS_DEATH_COUNT","CHLDPAS_SUSP_SERIOUS_INJ_COUNT","COLLISION_TYPE","COMM_VEH_COUNT","CONS_ZONE_SPD_LIM","COUNTY","CRASH_MONTH","CRASH_YEAR","DAY_OF_WEEK","DEC_LATITUDE","DEC_LONGITUDE","DISPATCH_TM","DISTRICT","DRIVER_COUNT_16YR","DRIVER_COUNT_17YR","DRIVER_COUNT_18YR","DRIVER_COUNT_19YR","DRIVER_COUNT_20YR","DRIVER_COUNT_50_64YR","DRIVER_COUNT_65_74YR","DRIVER_COUNT_75PLUS","EST_HRS_CLOSED","FATAL_COUNT","HEAVY_TRUCK_COUNT","HORSE_BUGGY_COUNT","HOUR_OF_DAY","ILLUMINATION","INJURY_COUNT","INTERSECTION_RELATED","INTERSECT_TYPE","LANE_CLOSED","LATITUDE","LN_CLOSE_DIR","LOCATION_TYPE","LONGITUDE","MAX_SEVERITY_LEVEL","MCYCLE_DEATH_COUNT","MCYCLE_SUSP_SERIOUS_INJ_COUNT","MOTORCYCLE_COUNT","MUNICIPALITY","NONMOTR_COUNT","NONMOTR_DEATH_COUNT","NONMOTR_SUSP_SERIOUS_INJ_COUNT","NTFY_HIWY_MAINT","PED_COUNT","PED_DEATH_COUNT","PED_SUSP_SERIOUS_INJ_COUNT","PERSON_COUNT","POLICE_AGCY","POSSIBLE_INJ_COUNT","RDWY_SURF_TYPE_CD","RELATION_TO_ROAD","ROADWAY_CLEARED","ROAD_CONDITION","SCH_BUS_IND","SCH_ZONE_IND","SECONDARY_CRASH","SMALL_TRUCK_COUNT","SPEC_JURIS_CD","SUSP_MINOR_INJ_COUNT","SUSP_SERIOUS_INJ_COUNT","SUV_COUNT","TCD_FUNC_CD","TCD_TYPE","TFC_DETOUR_IND","TIME_OF_DAY","TOTAL_UNITS","TOT_INJ_COUNT","UNBELTED_OCC_COUNT","UNB_DEATH_COUNT","UNB_SUSP_SERIOUS_INJ_COUNT","UNK_INJ_DEG_COUNT","UNK_INJ_PER_COUNT","URBAN_RURAL","VAN_COUNT","VEHICLE_COUNT","WEATHER1","WEATHER2","WORKERS_PRES","WORK_ZONE_IND","WORK_ZONE_LOC","WORK_ZONE_TYPE","WZ_CLOSE_DETOUR","WZ_FLAGGER","WZ_LAW_OFFCR_IND","WZ_LN_CLOSURE","WZ_MOVING","WZ_OTHER","WZ_SHLDER_MDN","WZ_WORKERS_INJ_KILLED"
"2021069766","","1","0","0","0","0","0","0","0","0","4","0","","67","7","2021","4","39.961476","-75.149798","","6","0","0","0","0","0","1","0","1","","0","0","0","","","0","","1","","39 57:41.313","","0","75 08:59.272","0","0","0","0","67301","0","0","0","N","0","0","0","2","67301","0","","1.0","","1","N","N","N","0","","0","0","1","","2","","","2","0","0","0","0","0","0","2","0","2","","03","","N","","","","","","","","","",""
"2021070346","","2","0","0","0","0","0","0","0","0","4","0","","67","7","2021","5","40.057977","-75.052698","","6","0","0","0","0","0","2","0","0","","0","0","0","","","1","","1","","40 03:28.718","1","0","75 03:09.712","3","0","0","0","67301","0","0","0","N","0","0","0","2","67301","0","","1.0","100.0","1","N","N","N","0","","1","0","0","","2","N","","2","1","0","0","0","0","0","2","0","2","","03","","N","","","","","","","","","",""
"2021091371","","1","0","0","0","0","0","1","0","0","5","1","","67","9","2021","6","40.009094","-75.149962","","6","0","0","0","0","0","1","0","0","","0","0","0","","","1","","2","","40 00:32.740","","7","75 08:59.862","4","0","0","0","67301","0","0","0","N","0","0","0","4","67508","1","","1.0","","1","N","N","Y","0","","0","0","1","","0","","","3","1","3","0","0","0","0","2","0","3","","03","","N","","","","","","","","","",""
"2021064612","","1","0","0","0","0","0","0","0","0","7","0","","67","7","2021","3","39.983798","-75.208139","","6","0","0","0","0","0","0","0","0","","0","0","0","","","0","N","0","","39 59:01.674","4","0","75 12:29.299","0","0","0","0","67301","0","0","0","N","0","0","0","1","68K01","0","","4.0","2143.0","1","N","N","N","0","","0","0","0","","0","N","","1","0","0","0","0","0","0","2","0","1","","03","","N","","","","","","","","","",""
"2021062950","","0","0","0","0","0","0","0","0","0","1","0","45","67","7","2021","3","40.024417","-75.030979","","6","0","0","0","0","0","0","0","0","","0","0","0","","","1","N","0","","40 01:27.901","2","3","75 01:51.524","8","0","0","0","67301","0","0","0","N","0","0","0","3","68K01","0","","1.0","2130.0","1","N","N","N","0","","0","0","2","","0","N","","2","1","0","0","0","1","0","2","0","2","","03","Y","Y","2","1","N","N","Y","Y","N","N","Y","N"
"2021090326","","2","0","0","0","0","0","0","0","0","4","0","","67","9","2021","7","39.978675","-75.157803","","6","0","0","1","0","0","0","0","0","","0","0","0","","","0","","1","","39 58:43.230","3","0","75 09:28.092","0","0","0","0","67301","0","0","0","N","0","0","0","2","67505","0","","1.0","300.0","1","N","N","N","0","","0","0","0","","2","Y","","2","0","0","0","0","0","0","2","0","2","","","","N","","","","","","","","","",""
"2021090238","","1","0","0","0","0","0","0","0","0","1","0","","67","9","2021","2","40.011536","-75.176807","","6","0","0","0","0","0","0","0","0","","0","0","0","","","0","N","0","","40 00:41.528","","0","75 10:36.506","0","0","0","0","67301","0","0","0","N","0","0","0","3","67301","0","","1.0","","1","N","N","N","0","","0","0","2","","2","","","3","0","0","0","0","0","0","2","0","3","","03","","N","","","","","","","","","",""
"2021070666","","1","0","0","0","0","0","0","0","0","5","0","","67","7","2021","5","40.057554","-75.000134","","6","0","0","0","0","0","1","0","0","","0","0","0","","","1","N","0","","40 03:27.194","","0","75 00:00.482","8","0","0","0","67301","0","0","0","N","0","0","0","1","67301","0","","6.0","","1","N","N","N","1","","0","0","1","","0","","","4","1","0","0","0","1","0","2","1","4","","03","","N","","","","","","","","","",""
"2021099782","","2","0","0","0","0","0","0","0","0","5","0","","67","10","2021","3","40.014326","-75.070851","","6","0","0","0","0","0","0","0","0","","0","0","0","","","1","","1","","40 00:51.572","7","0","75 04:15.064","8","0","0","0","67301","0","0","0","N","0","0","0","1","67301","0","","1.0","45.0","1","N","N","N","0","","0","0","1","","2","N","","3","1","0","0","0","1","0","2","0","3","","","","N","","","","","","","","","",""
"2021094363","","1","0","0","0","0","0","0","0","0","4","0","","67","10","2021","3","40.042319","-75.144428","","6","0","0","0","0","0","0","0","0","","0","0","0","","","1","","2","","40 02:32.348","","0","75 08:39.940","3","0","0","0","67301","0","0","0","N","0","0","0","2","67301","0","","1.0","","9","N","N","N","0","","1","0","1","","3","","","2","1","0","0","0","0","0","2","0","2","","","","N","","","","","","","","","",""
"2021070504","","0","0","0","0","0","0","0","0","0","8","0","","67","7","2021","6","39.989651","-75.107345","","6","0","0","0","0","0","0","0","0","","0","0","0","","","1","","1","","39 59:22.742","","0","75 06:26.442","3","0","0","0","67301","1","0","0","N","1","0","0","2","67301","0","","1.0","","1","N","N","N","0","","1","0","1","","2","","","2","1","0","0","0","0","0","2","0","1","","03","","N","","","","","","","","","",""
"2021063701","","3","0","0","0","0","0","0","0","0","5","0","","67","7","2021","7","39.983333","-75.158596","","6","0","0","0","0","0","0","0","0","","0","0","0","","","0","N","0","","39 58:59.998","2","0","75 09:30.944","0","0","0","0","67301","0","0","0","N","0","0","0","1","67505","0","","6.0","615.0","1","N","N","Y","0","","0","0","1","","0","Y","","4","0","0","0","0","0","0","2","0","4","","98","","N","","","","","","","","","",""
"2021061766","","2","0","0","0","0","0","0","0","0","1","0","","67","7","2021","7","39.908306","-75.147028","","6","0","1","0","0","1","0","0","0","","0","0","0","","","0","N","0","","39 54:29.900","4","3","75 08:49.300","9","0","0","0","67301","0","0","0","N","0","0","0","3","67501","0","","1.0","1625.0","9","N","N","N","0","","0","0","0","","8","N","","2","0","0","0","0","0","1","2","0","2","","07","","N","","","","","","","","","",""
"2021063660","","0","0","0","0","0","0","0","0","0","8","0","","67","7","2021","6","39.953511","-75.197637","","6","0","0","0","0","0","1","0","0","","0","0","0","","","1","N","0","","39 57:12.638","4","0","75 11:51.493","3","0","0","0","67301","1","0","0","N","1","0","0","2","67504","0","","1.0","2315.0","1","N","N","N","0","","1","0","1","","0","N","","2","1","0","0","0","0","0","2","0","1","","03","","N","","","","","","","","","",""
"2021070550","","1","0","0","0","0","0","0","0","0","4","0","","67","7","2021","5","40.007865","-75.172261","","6","0","0","0","0","0","1","0","0","","0","0","0","","","5","","1","","40 00:28.314","","0","75 10:20.141","3","0","0","0","67301","0","0","0","N","0","0","0","5","67301","0","","1.0","","1","N","N","N","0","","5","0","1","","2","","","2","5","0","0","0","0","0","2","0","2","","03","","N","","","","","","","","","",""
"2021069840","","1","0","0","0","0","0","0","0","0","4","0","","67","7","2021","4","40.008653","-75.068846","","6","0","0","0","0","0","0","0","0","","0","0","0","","","2","","1","","40 00:31.151","","0","75 04:07.847","3","0","0","0","67301","0","0","0","N","0","0","0","3","67301","0","","1.0","","1","N","N","N","0","","2","0","1","","2","","","2","2","0","0","0","0","0","2","0","2","","03","","N","","","","","","","","","",""
"2021088669","","2","0","0","0","0","0","0","0","0","1","0","45","67","9","2021","6","39.978913","-75.108871","","6","0","0","0","0","0","0","0","0","","0","0","0","","","1","N","0","","39 58:44.086","1","0","75 06:31.935","3","0","0","0","67301","0","0","0","N","0","0","0","5","68K01","0","","1.0","1416.0","1","N","N","N","0","","1","0","2","","0","N","","4","1","0","0","0","0","0","2","0","4","","","Y","Y","4","1","N","N","N","N","N","N","Y","N"
"2021064694","","1","0","0","0","0","0","0","0","0","7","0","","67","7","2021","5","39.912111","-75.173861","","6","0","0","0","0","0","0","0","0","","0","0","0","","","0","N","0","","39 54:43.600","2","2","75 10:25.900","0","0","0","0","67301","0","0","0","N","0","0","0","1","67501","0","","4.0","2045.0","1","N","N","N","0","","0","0","0","","0","Y","","1","0","0","0","0","0","0","2","0","1","","","","N","","","","","","","","","",""
"2021088366","","1","0","0","0","0","0","0","0","0","7","0","","67","9","2021","1","40.052311","-75.201456","","6","0","0","0","0","0","0","0","0","","0","0","0","","","1","","1","","40 03:08.320","","0","75 12:05.241","3","0","0","0","67301","0","0","0","N","0","0","0","1","67301","0","","5.0","","1","N","N","N","0","","1","0","0","","3","","","1","1","0","0","0","0","0","2","0","1","","03","","N","","","","","","","","","",""
"2021086381","","1","0","0","0","0","0","1","0","0","4","1","","67","9","2021","4","39.981224","-75.241227","","6","0","0","0","0","0","0","0","0","","0","0","0","","","1","","1","","39 58:52.406","","0","75 14:28.417","8","0","0","0","67301","0","0","0","N","0","0","0","2","67508","0","","1.0","","1","N","N","Y","0","","0","0","0","","3","","","2","1","0","0","0","1","0","2","0","2","","07","","N","","","","","","","","","",""
"2021070509","","3","0","0","0","0","0","0","0","0","1","0","","67","7","2021","7","40.023722","-75.124","","6","0","0","0","0","0","0","0","0","","0","0","0","","","1","N","0","","40 01:25.400","","0","75 07:26.400","3","0","0","0","67301","0","0","0","N","0","0","0","2","67301","0","","1.0","","1","N","N","N","0","","1","0","0","","2","","","3","1","0","0","0","0","0","2","0","3","","03","","N","","","","","","","","","",""
"2021090499","","2","0","0","0","0","0","0","0","0","1","0","","67","6","2021","6","40.056814","-75.047008","","6","0","0","0","0","0","1","0","0","","0","0","0","","","2","","1","","40 03:24.532","2","0","75 02:49.228","3","0","0","0","67301","0","0","0","N","0","0","0","4","67301","1","","1.0","430.0","1","N","N","N","1","","1","0","0","","2","N","","3","2","0","0","0","0","0","2","0","3","","03","","N","","","","","","","","","",""
"2021070015","","1","0","0","0","0","0","0","0","0","7","0","35","67","7","2021","7","39.94375","-75.196028","","6","0","0","0","0","0","0","0","1","","0","0","0","","","1","N","0","","39 56:37.500","3","2","75 11:45.700","3","0","0","0","67301","0","0","0","N","0","0","0","3","68K01","0","","4.0","245.0","1","N","N","N","0","","1","0","0","","0","N","","1","1","0","0","0","0","0","2","0","1","","","N","Y","4","1","","","N","","","","Y","N"
"2021064236","","1","0","0","0","0","0","0","0","0","7","0","","67","7","2021","1","39.8926","-75.222683","","6","0","0","0","0","0","0","0","0","","0","0","0","","","0","N","0","","39 53:33.360","1","0","75 13:21.660","0","0","0","0","67301","0","0","0","N","0","0","0","1","67301","0","","4.0","200.0","1","N","N","Y","0","","0","0","0","","2","N","","1","0","0","0","0","0","0","2","0","1","","04","","N","","","","","","","","","",""
"2021070473","","1","0","0","0","0","0","0","0","0","4","0","","67","7","2021","4","39.966852","-75.245939","","6","0","0","0","0","0","1","0","0","","0","0","0","","","4","N","0","","39 58:00.667","2","7","75 14:45.380","8","0","0","0","67301","0","0","0","N","0","0","0","5","67301","0","","1.0","300.0","1","N","N","N","0","","0","0","0","","0","N","","2","4","0","0","0","4","1","2","1","2","","03","","N","","","","","","","","","",""
"2021090063","","1","0","0","0","0","0","0","0","0","8","0","","67","9","2021","5","39.992577","-75.15476","","6","0","0","0","0","0","0","0","0","","0","0","0","","","1","N","0","","39 59:33.278","","0","75 09:17.137","8","0","0","0","67301","1","0","0","N","1","0","0","2","67301","0","","1.0","","9","N","N","N","0","","0","0","0","","0","","","2","1","0","0","0","1","0","2","0","1","","04","","N","","","","","","","","","",""
"2021064630","","1","0","0","0","0","0","0","0","0","7","0","","67","7","2021","6","39.986568","-75.090796","","6","0","0","0","0","0","0","0","0","","0","0","0","","","0","N","0","","39 59:11.644","1","2","75 05:26.867","9","0","0","0","67301","0","0","0","N","0","0","0","1","68K01","0","","4.0","250.0","9","N","N","N","0","","0","0","0","","0","N","","1","0","0","0","0","0","1","2","0","1","","","","N","","","","","","","","","",""
"2021092073","","1","0","0","0","0","0","0","0","0","8","0","","67","9","2021","2","39.909406","-75.149062","","6","0","0","0","0","0","0","0","0","","0","0","0","","","1","N","0","","39 54:33.862","1","0","75 08:56.623","8","0","0","0","67301","1","0","0","N","1","0","0","2","68K01","0","","1.0","45.0","1","N","N","N","0","","0","0","0","","0","N","","2","1","0","0","0","1","0","2","0","1","","","","N","","","","","","","","","",""
"2021064192","","2","0","0","0","0","0","0","0","0","4","0","","67","7","2021","6","39.910067","-75.163269","","6","0","0","0","0","0","0","0","0","","0","0","0","","","0","","1","","39 54:36.241","","2","75 09:47.768","9","0","0","0","67301","0","0","0","N","0","0","0","3","67301","0","","1.0","","1","N","N","N","0","","0","0","1","","2","","","3","0","1","0","0","0","1","2","0","3","","","","N","","","","","","","","","",""
"2021064179","","1","0","0","0","0","0","0","0","0","4","0","","67","7","2021","6","40.072892","-75.075887","","6","0","0","0","0","0","0","1","0","","0","0","0","","","1","","1","","40 04:22.410","","0","75 04:33.193","8","0","0","0","67301","0","0","0","N","0","0","0","2","67301","0","","1.0","","1","N","N","N","0","","0","0","1","","2","","","2","1","0","0","0","1","0","2","0","2","","03","","N","","","","","","","","","",""
"2021064389","","1","0","0","0","0","0","0","0","0","4","0","","67","7","2021","5","40.034208","-75.124006","","6","0","0","0","0","0","1","0","0","","0","0","0","","","1","N","0","","40 02:03.150","","7","75 07:26.420","4","0","0","0","67301","0","0","0","N","0","0","0","2","67301","1","","1.0","","99","N","N","N","0","","0","0","1","","0","","","2","1","2","0","0","0","1","2","0","2","","","","N","","","","","","","","","",""
"2021070410","","1","0","0","0","0","0","0","0","0","4","0","","67","7","2021","7","40.054847","-75.168958","","6","0","0","0","0","0","0","0","0","","0","0","0","","","1","","1","","40 03:17.448","","0","75 10:08.247","3","0","0","0","67301","0","0","0","N","0","0","0","2","67301","0","","1.0","","1","N","N","N","0","","1","0","1","","2","","","2","1","0","0","0","0","0","2","0","2","","03","","N","","","","","","","","","",""
"2021100341","","1","0","0","0","0","0","0","0","0","4","0","","67","10","2021","1","39.960506","-75.181338","","6","0","0","0","0","0","0","0","0","","0","0","0","","","1","N","0","","39 57:37.821","4","0","75 10:52.815","3","0","0","0","67301","0","0","0","N","0","0","0","2","68K01","0","","1.0","443.0","9","N","N","Y","1","","1","0","1","","7","Y","","3","1","2","0","0","0","0","2","0","3","","","","N","","","","","","","","","",""
"2021069839","","3","0","0","0","0","0","0","0","0","4","0","","67","7","2021","5","40.030788","-75.04553","","6","0","1","0","0","1","0","0","0","","0","0","0","","","1","","1","","40 01:50.836","","0","75 02:43.907","3","0","0","0","67301","0","0","0","N","0","0","0","2","67301","0","","1.0","","1","N","N","N","1","","1","0","0","","3","","","4","1","0","0","0","0","0","2","0","4","","04","","N","","","","","","","","","",""
"2021064326","","2","0","0","0","0","0","0","0","0","4","0","","67","7","2021","7","39.994545","-75.159318","","6","0","0","1","0","0","0","0","0","","0","0","0","","","1","","1","","39 59:40.362","","0","75 09:33.546","3","0","0","0","67301","0","0","0","N","0","0","0","3","67301","0","","1.0","","1","N","N","N","0","","1","0","0","","2","","","2","1","3","0","0","0","1","2","0","2","","03","","N","","","","","","","","","",""
"2021069769","","1","0","0","0","0","0","0","0","0","4","0","","67","7","2021","4","39.958503","-75.148724","","6","0","0","0","0","0","1","0","0","","0","0","0","","","1","","1","","39 57:30.611","","0","75 08:55.408","4","0","0","0","67301","0","0","0","N","0","0","0","2","67301","1","","1.0","","1","N","N","N","0","","0","0","1","","3","","","2","1","0","0","0","0","0","2","0","2","","03","","N","","","","","","","","","",""
"2021065071","","1","0","0","0","0","0","0","0","0","1","0","","67","7","2021","7","40.009642","-75.064772","","6","0","0","0","0","0","0","0","0","","0","0","0","","","2","N","0","","40 00:34.712","1","0","75 03:53.179","3","0","0","0","67301","0","0","0","N","0","0","0","2","68K01","0","","1.0","30.0","1","N","N","N","0","","2","0","1","","0","N","","2","2","0","0","0","0","0","2","0","2","","","","N","","","","","","","","","",""
"2021088542","","2","0","0","0","0","0","0","0","0","2","0","","67","9","2021","1","39.928343","-75.221592","","6","0","0","0","0","0","0","0","0","","0","0","0","","","1","N","0","","39 55:42.036","3","0","75 13:17.731","8","0","0","0","67301","0","0","0","N","0","0","0","2","67301","0","","9.0","1345.0","1","N","N","N","0","","0","0","0","","7","Y","","2","1","2","0","0","1","0","2","0","2","","03","","N","","","","","","","","","",""
"2021068214","","0","0","0","0","0","0","0","0","0","5","0","45","67","7","2021","7","40.01243","-75.059057","","6","0","0","0","0","0","0","0","0","","0","0","0","","","1","N","0","","40 00:44.748","","0","75 03:32.605","3","0","0","0","67301","0","0","0","N","0","0","0","4","68K01","0","","1.0","","1","N","N","N","1","","1","0","0","","0","","","2","1","0","0","0","0","0","2","1","2","","","N","Y","4","1","","","N","","","","Y","N"
"2021069860","","2","0","0","0","0","0","0","0","0","4","0","","67","7","2021","5","39.946891","-75.212674","","6","0","0","0","0","0","0","0","0","","0","0","0","","","3","","1","","39 56:48.807","4","0","75 12:45.628","3","0","0","0","67301","0","0","0","N","0","0","0","3","67301","0","","1.0","1132.0","1","N","N","N","0","","3","0","0","","3","N","","2","3","2","0","0","0","0","2","0","2","","03","","N","","","","","","","","","",""
"2021098895","","0","0","0","0","0","0","0","0","0","8","0","","67","10","2021","7","39.981577","-75.180262","","6","0","0","0","0","0","0","0","0","","0","0","0","","","1","","1","","39 58:53.677","","0","75 10:48.943","3","0","0","0","67301","1","0","0","N","1","0","0","1","67301","0","","1.0","","1","N","N","N","0","","1","0","0","","2","","","2","1","0","0","0","0","0","2","0","1","","03","","N","","","","","","","","","",""
"2021064297","","1","0","0","0","0","0","0","0","0","4","0","","67","7","2021","7","39.957292","-75.247874","","6","0","0","0","0","0","1","0","0","","0","0","0","","","3","","1","","39 57:26.251","","0","75 14:52.347","3","0","0","0","67301","0","0","0","N","0","0","0","6","67301","0","","1.0","","1","N","N","N","0","","3","0","2","","2","","","3","3","0","0","0","0","0","2","0","3","","03","","N","","","","","","","","","",""
"2021069912","","2","0","0","0","0","0","0","0","0","1","0","","67","7","2021","5","40.054643","-75.124996","","6","0","0","0","0","0","0","0","0","","0","0","0","","","4","","1","","40 03:16.716","","0","75 07:29.987","4","0","0","0","67301","0","0","0","N","0","0","0","6","67301","4","","1.0","","99","N","N","N","0","","0","0","1","","2","","","3","4","6","0","0","0","2","2","0","3","","","","N","","","","","","","","","",""
"2021085279","","1","0","0","0","0","0","0","0","0","1","0","","67","9","2021","6","40.055319","-75.07335","","6","0","0","0","0","0","0","0","0","","1","0","0","","","0","N","1","","40 03:19.147","6","0","75 04:24.059","1","1","0","1","67301","0","0","0","N","0","0","0","2","67301","0","2","1.0","2330.0","1","N","N","N","0","0","0","0","0","","2","Y","","2","0","1","0","0","0","0","2","0","2","","03","","N","","","","","","","","","",""
"2021090022","","0","0","0","0","0","0","0","0","0","8","0","","67","9","2021","5","40.063119","-75.021999","","6","0","0","0","0","0","0","0","0","","0","0","0","","","1","","1","","40 03:47.229","","0","75 01:19.196","3","0","0","0","67301","1","0","0","N","1","0","0","1","67301","0","","1.0","","1","N","N","N","0","","1","0","0","","2","","","2","1","0","0","0","0","0","2","0","1","","04","","N","","","","","","","","","",""
"2021064244","","2","0","0","0","0","0","0","0","0","5","0","","67","6","2021","4","40.030328","-75.161869","","6","0","0","0","0","0","0","0","0","","0","0","0","","","1","N","0","","40 01:49.180","","0","75 09:42.730","4","0","0","0","67301","0","0","0","N","0","0","0","1","67301","1","","6.0","","1","N","N","N","0","","0","0","0","","0","","","2","1","0","0","0","0","0","2","0","2","","03","","N","","","","","","","","","",""
"2021088273","","1","0","0","0","0","0","0","0","0","1","0","","67","9","2021","1","40.099586","-75.058186","","6","0","0","0","0","0","1","0","0","","0","0","0","","","1","N","0","","40 05:58.510","","0","75 03:29.470","3","0","0","0","67301","0","0","0","N","0","0","0","1","67301","0","","1.0","","1","N","N","N","1","","1","0","0","","0","","","2","1","1","0","0","0","0","2","0","2","","03","","N","","","","","","","","","",""
"2021095541","","1","0","0","0","0","0","0","0","0","4","0","","67","10","2021","4","39.933561","-75.145099","","6","0","0","0","0","0","0","0","0","","0","0","0","","","1","N","0","","39 56:00.820","","0","75 08:42.356","3","0","0","0","67301","0","0","0","N","0","0","0","2","67301","0","","1.0","","1","N","N","N","0","","1","0","0","","2","","","2","1","0","0","0","0","1","2","0","2","","03","","N","","","","","","","","","",""
"2021069928","","1","0","0","0","0","0","0","0","0","1","0","","67","7","2021","2","40.021979","-75.177444","","6","0","0","0","0","0","0","0","0","","0","0","0","","","1","N","0","","40 01:19.124","","0","75 10:38.799","3","0","0","0","67301","0","0","0","N","0","0","0","4","67301","0","","1.0","","1","N","N","N","0","","1","0","1","","0","","","2","1","0","0","0","0","0","2","0","2","","03","","N","","","","","","","","","",""
"2021100698","","2","0","0","0","0","0","0","0","0","8","0","","67","10","2021","7","39.938417","-75.216089","","6","0","0","0","0","0","0","0","0","","0","0","0","","","1","N","0","","39 56:18.300","","0","75 12:57.920","2","0","0","0","67301","1","0","1","N","1","0","1","2","67301","0","","1.0","","9","N","N","N","0","","0","1","0","","0","","","3","1","0","0","0","0","0","2","0","2","","04","","N","","","","","","","","","",""
"2021061166","","2","0","0","0","0","0","0","0","0","4","0","","67","7","2021","5","40.004639","-75.151528","","6","0","0","0","0","0","0","0","0","","0","0","0","","","1","N","0","","40 00:16.700","","7","75 09:05.500","3","0","0","0","67301","0","0","0","N","0","0","0","2","67505","0","","1.0","","9","N","N","Y","0","","1","0","0","","0","","","2","1","0","0","0","0","0","2","0","2","","07","","N","","","","","","","","","",""
"2021064388","","2","0","0","0","0","0","0","0","0","4","0","","67","7","2021","6","40.026271","-75.148434","","6","0","0","0","0","0","0","0","0","","0","0","0","","","0","","1","","40 01:34.575","","0","75 08:54.362","9","0","0","0","67301","0","0","0","N","0","0","0","2","67301","0","","1.0","","99","N","N","N","0","","0","0","0","","3","","","2","0","2","0","0","0","1","2","0","2","","","","N","","","","","","","","","",""
"2021069771","","1","0","0","0","0","0","0","0","0","4","0","","67","7","2021","5","39.953949","-75.159464","","6","0","0","0","0","0","1","0","0","","0","0","0","","","0","","1","","39 57:14.217","","0","75 09:34.069","0","0","0","0","67301","0","0","0","N","0","0","0","2","67301","0","","1.0","","1","N","N","N","0","","0","0","1","","1","","","2","0","0","0","0","0","0","2","0","2","","03","","N","","","","","","","","","",""
"2021064206","","0","0","0","0","0","0","0","0","0","4","0","","67","7","2021","7","40.111149","-75.024266","","6","0","0","0","0","0","1","0","0","","0","0","0","","","0","","1","","40 06:40.135","","0","75 01:27.358","9","0","0","0","67301","0","0","0","N","0","0","0","2","67301","0","","1.0","","1","N","N","N","0","","0","0","2","","2","","","2","0","0","0","0","0","2","2","0","2","","03","","N","","","","","","","","","",""
"2021088773","","1","0","0","0","0","0","0","0","0","4","0","","67","8","2021","5","39.957056","-75.213676","","6","0","0","0","0","0","1","0","0","","0","0","0","","","0","N","0","","39 57:25.400","","0","75 12:49.233","9","0","0","0","67301","0","0","0","N","0","0","0","2","67301","0","","1.0","","1","N","N","N","0","","0","0","1","","2","","","2","0","0","0","0","0","1","2","0","2","","03","","N","","","","","","","","","",""
"2021069890","","1","0","0","0","0","0","0","0","0","5","0","","67","7","2021","6","40.01207","-75.112176","","6","0","0","0","0","0","0","0","0","","0","0","0","","","1","","1","","40 00:43.452","5","0","75 06:43.833","3","0","0","0","67301","0","0","0","N","0","0","0","5","67301","0","","1.0","2310.0","1","N","N","N","0","","1","0","1","","2","N","","3","1","0","0","0","0","1","2","1","3","","03","","N","","","","","","","","","",""
"2021064202","","2","0","0","0","0","0","0","0","0","4","0","","67","7","2021","7","39.957337","-75.144132","","6","0","0","0","0","0","0","0","0","","0","0","0","","","0","","5","","39 57:26.412","","2","75 08:38.875","0","0","0","0","67301","0","0","0","N","0","0","0","2","67301","0","","1.0","","1","N","N","N","0","","0","0","0","","2","","","2","0","0","0","0","0","0","2","0","2","","03","","N","","","","","","","","","",""
"2021073370","","0","0","0","0","0","0","0","0","0","4","0","","67","6","2021","4","40.039661","-75.067603","","6","0","0","0","1","0","0","1","0","","0","0","0","","","0","","1","","40 02:22.779","","0","75 04:03.370","0","0","0","0","67301","0","0","0","N","0","0","0","2","67301","0","","1.0","","1","N","N","N","1","","0","0","0","","3","","","2","0","0","0","0","0","0","2","1","2","","","","N","","","","","","","","","",""
"2021088358","","2","0","0","0","0","0","0","0","0","4","0","","67","9","2021","1","40.055773","-75.158884","","6","0","0","0","0","0","0","0","0","","0","0","0","","","2","N","1","","40 03:20.783","","0","75 09:31.984","3","0","0","0","67301","0","0","0","N","0","0","0","4","67301","0","","1.0","","1","N","N","N","0","","2","0","0","","2","","","2","2","0","0","0","0","0","2","0","2","","","","N","","","","","","","","","",""
"2021069904","","1","0","0","0","0","0","0","0","0","4","0","","67","7","2021","1","40.028383","-75.136003","","6","0","0","0","0","0","0","0","0","","0","0","0","","","0","N","0","","40 01:42.180","","0","75 08:09.610","0","0","0","0","67301","0","0","0","N","0","0","0","1","67301","0","","1.0","","1","N","N","N","0","","0","0","1","","0","","","3","0","0","0","0","0","0","2","1","3","","","","N","","","","","","","","","",""
"2021088398","","1","0","0","0","0","0","0","0","0","4","0","","67","9","2021","1","39.96752","-75.148685","","6","0","0","0","0","0","0","1","0","","0","0","0","","","1","","1","","39 58:03.072","","0","75 08:55.266","3","0","0","0","67301","0","0","0","N","0","0","0","4","67301","0","","1.0","","1","N","N","N","0","","1","0","1","","3","","","2","1","0","0","0","0","0","2","0","2","","03","","N","","","","","","","","","",""
"2021064201","","0","0","0","1","0","0","0","0","0","8","0","","67","7","2021","5","39.962129","-75.159953","","6","0","0","0","0","0","0","0","0","","0","0","0","","","1","N","0","","39 57:43.664","","0","75 09:35.832","3","0","0","0","67301","1","0","0","N","0","0","0","2","67301","0","","1.0","","1","N","N","N","0","","1","0","1","","0","","","2","1","0","0","0","0","0","2","0","1","","","","N","","","","","","","","","",""
"2021064397","","2","0","0","0","0","0","0","0","0","4","0","","67","7","2021","7","40.035158","-75.144792","","6","0","0","0","0","0","0","0","0","","0","0","0","","","1","","1","","40 02:06.568","","0","75 08:41.251","8","0","0","0","67301","0","0","0","N","0","0","0","2","67301","0","","1.0","","1","N","N","N","0","","0","0","0","","2","","","2","1","0","0","0","1","1","2","0","2","","","","N","","","","","","","","","",""