"CRN","ARRIVAL_TM","AUTOMOBILE_COUNT","BELTED_DEATH_COUNT","BELTED_SUSP_SERIOUS_INJ_COUNT","BICYCLE_COUNT","BICYCLE_DEATH_COUNT","BICYCLE_SUSP_SERIOUS_INJ_COUNT","BUS_COUNT","CHLDPAS_DEATH_COUNT","CHLDPAS_SUSP_SERIOUS_INJ_COUNT","COLLISION_TYPE","COMM_VEH_COUNT","CONS_ZONE_SPD_LIM","COUNTY","CRASH_MONTH","CRASH_YEAR","DAY_OF_WEEK","DEC_LATITUDE","DEC_LONGITUDE","DISPATCH_TM","DISTRICT","DRIVER_COUNT_16YR","DRIVER_COUNT_17YR","DRIVER_COUNT_18YR","DRIVER_COUNT_19YR","DRIVER_COUNT_20YR","DRIVER_COUNT_50_64YR","DRIVER_COUNT_65_74YR","DRIVER_COUNT_75PLUS","EST_HRS_CLOSED","FATAL_COUNT","HEAVY_TRUCK_COUNT","HORSE_BUGGY_COUNT","HOUR_OF_DAY","ILLUMINATION","INJURY_COUNT","INTERSECTION_RELATED","INTERSECT_TYPE","LANE_CLOSED","LATITUDE","LN_CLOSE_DIR","LOCATION_TYPE","LONGITUDE","MAX_SEVERITY_LEVEL","MCYCLE_DEATH_COUNT","MCYCLE_SUSP_SERIOUS_INJ_COUNT","MOTORCYCLE_COUNT","MUNICIPALITY","NONMOTR_COUNT","NONMOTR_DEATH_COUNT","NONMOTR_SUSP_SERIOUS_INJ_COUNT","NTFY_HIWY_MAINT","PED_COUNT","PED_DEATH_COUNT","PED_SUSP_SERIOUS_INJ_COUNT","PERSON_COUNT","POLICE_AGCY","POSSIBLE_INJ_COUNT","RDWY_SURF_TYPE_CD","RELATION_TO_ROAD","ROADWAY_CLEARED","ROAD_CONDITION","SCH_BUS_IND","SCH_ZONE_IND","SECONDARY_CRASH","SMALL_TRUCK_COUNT","SPEC_JURIS_CD","SUSP_MINOR_INJ_COUNT","SUSP_SERIOUS_INJ_COUNT","SUV_COUNT","TCD_FUNC_CD","TCD_TYPE","TFC_DETOUR_IND","TIME_OF_DAY","TOTAL_UNITS","TOT_INJ_COUNT","UNBELTED_OCC_COUNT","UNB_DEATH_COUNT","UNB_SUSP_SERIOUS_INJ_COUNT","UNK_INJ_DEG_COUNT","UNK_INJ_PER_COUNT","URBAN_RURAL","VAN_COUNT","VEHICLE_COUNT","WEATHER1","WEATHER2","WORKERS_PRES","WORK_ZONE_IND","WORK_ZONE_LOC","WORK_ZONE_TYPE","WZ_CLOSE_DETOUR","WZ_FLAGGER","WZ_LAW_OFFCR_IND","WZ_LN_CLOSURE","WZ_MOVING","WZ_OTHER","WZ_SHLDER_MDN","WZ_WORKERS_INJ_KILLED"
"2021064207","","2","0","0","0","0","0","0","0","0","4","0","","67","7","2021","7","40.091852","-75.047425","","6","0","0","0","0","0","0","0","0","","0","0","0","","","0","","3","","40 05:30.666","","0","75 02:50.731","0","0","0","0","67301","0","0","0","N","0","0","0","2","67301","0","","1.0","","9","N","N","N","0","","0","0","0","","2","","","2","0","0","0","0","0","0","2","0","2","","07","","N","","","","","","","","","",""
"2021064178","","2","0","0","0","0","0","0","0","0","4","0","","67","6","2021","4","40.069258","-75.079598","","6","0","0","0","0","0","0","0","0","","0","0","0","","","1","","1","","40 04:09.328","","0","75 04:46.554","3","0","0","0","67301","0","0","0","N","0","0","0","3","67301","0","","1.0","","9","N","N","N","0","","1","0","0","","3","","","2","1","0","0","0","0","0","2","0","2","","07","","N","","","","","","","","","",""
"2021064214","","0","0","0","0","0","0","0","0","0","4","0","","67","7","2021","6","40.099146","-74.986864","","6","0","0","0","0","0","0","0","0","","0","0","0","","","1","","1","","40 05:56.927","","2","74 59:12.712","8","0","0","0","67301","0","0","0","N","0","0","0","2","67301","0","","1.0","","9","N","N","N","1","","0","0","1","","2","","","2","1","0","0","0","1","0","2","0","2","","04","","N","","","","","","","","","",""
"2021063642","","0","0","0","0","0","0","0","0","0","7","0","","67","7","2021","6","39.989815","-75.087389","","6","0","0","0","0","0","0","0","0","","0","0","0","","","0","N","0","","39 59:23.334","","0","75 05:14.601","0","0","0","0","67301","0","0","0","Y","0","0","0","1","68K01","0","","2.0","","9","N","N","N","0","","0","0","1","","0","","","1","0","0","0","0","0","0","2","0","1","","","","N","","","","","","","","","",""
"2021061141","","0","0","0","0","0","0","0","0","0","7","0","","67","7","2021","5","40.007656","-75.151478","","6","0","0","0","0","1","0","0","0","","0","0","0","","","3","","1","","40 00:27.560","1","0","75 09:05.322","3","0","0","0","67301","0","0","0","N","0","0","0","3","67505","0","","4.0","2015.0","9","N","N","N","0","","3","0","1","","2","Y","","1","3","0","0","0","0","0","2","0","1","","04","","N","","","","","","","","","",""
"2021089123","","1","0","0","0","0","0","0","0","0","5","0","","67","9","2021","2","39.957681","-75.160414","","6","0","0","0","0","0","0","0","0","","0","0","0","","","1","N","0","","39 57:27.650","4","0","75 09:37.489","3","0","0","0","67301","0","0","0","N","0","0","0","2","68K01","0","","1.0","130.0","1","N","N","N","0","","1","0","0","","0","N","","2","1","0","0","0","0","1","2","0","2","","","","N","","","","","","","","","",""
"2021088621","","2","0","0","0","0","0","0","0","0","5","0","","67","8","2021","6","39.991031","-75.086284","","6","0","0","0","0","0","0","0","1","","0","0","0","","","1","N","0","","39 59:27.711","1","0","75 05:10.624","8","0","0","0","67301","0","0","0","N","0","0","0","3","68K01","0","","1.0","2000.0","1","N","N","N","0","","0","0","1","","0","N","","3","1","0","0","0","1","0","2","0","3","","","","N","","","","","","","","","",""
"2021069906","","0","0","0","0","0","0","0","0","0","4","0","","67","7","2021","1","40.049047","-75.142445","","6","0","0","0","0","0","0","1","0","","0","0","0","","","1","","2","","40 02:56.568","","0","75 08:32.803","4","0","0","1","67301","0","0","0","N","0","0","0","2","67301","1","","1.0","","1","N","N","N","0","","0","0","1","","3","","","2","1","0","0","0","0","0","2","0","2","","","","N","","","","","","","","","",""
"2021063588","","1","0","0","0","0","0","0","0","0","1","0","","67","7","2021","2","39.911694","-75.166389","","6","0","0","0","0","0","0","1","0","","0","0","0","","","0","N","0","","39 54:42.100","4","3","75 09:59.000","0","0","0","0","67301","0","0","0","N","0","0","0","6","67501","0","","1.0","2300.0","1","N","N","N","1","","0","0","1","","0","N","","3","0","0","0","0","0","0","2","0","3","","","","N","","","","","","","","","",""
"2021064298","","2","0","0","0","0","0","0","0","0","4","0","","67","7","2021","2","39.953994","-75.234313","","6","0","0","0","0","0","0","0","0","","0","0","0","","","1","","1","","39 57:14.378","","0","75 14:03.526","3","0","0","0","67301","0","0","0","N","0","0","0","2","67301","0","","1.0","","1","N","N","N","0","","1","0","0","","3","","","2","1","1","0","0","0","0","2","0","2","","03","","N","","","","","","","","","",""
"2021070474","","1","0","0","0","0","0","0","0","0","4","0","","67","7","2021","1","39.9891","-75.165392","","6","0","0","0","0","0","1","0","0","","0","0","0","","","1","","1","","39 59:20.759","","0","75 09:55.412","3","0","0","0","67301","0","0","0","N","0","0","0","3","67301","0","","1.0","","1","N","N","N","0","","1","0","1","","2","","","2","1","0","0","0","0","0","2","0","2","","03","","N","","","","","","","","","",""
"2021062954","","1","0","0","0","0","0","0","0","0","1","0","","67","7","2021","4","40.022436","-75.037928","","6","0","0","0","0","0","0","0","0","","0","0","0","","","0","N","0","","40 01:20.770","","0","75 02:16.540","0","0","0","0","67301","0","0","0","N","0","0","0","3","68K01","0","","1.0","","1","N","N","N","0","","0","0","1","","0","","","2","0","0","0","0","0","0","2","0","2","","03","","N","","","","","","","","","",""
"2021065454","","1","0","0","0","0","0","0","0","0","1","0","","67","7","2021","2","40.048843","-74.997314","","6","0","0","0","0","0","1","0","0","","0","0","0","","","0","N","0","","40 02:55.836","","0","74 59:50.329","0","0","0","0","67301","0","0","0","N","0","0","0","2","68K01","0","","1.0","","9","N","N","N","0","","0","0","1","","0","","","2","0","0","0","0","0","0","2","0","2","","","","N","","","","","","","","","",""
"2021089495","","0","0","0","0","0","0","0","0","0","1","1","","67","9","2021","4","40.053083","-75.156806","","6","0","0","0","0","0","0","0","0","","0","1","0","","","0","N","0","","40 03:11.100","","0","75 09:24.500","9","0","0","0","67301","0","0","0","N","0","0","0","2","67301","0","","1.0","","1","N","N","N","0","","0","0","1","","0","","","2","0","1","0","0","0","1","2","0","2","","03","","N","","","","","","","","","",""
"2021065447","","2","0","0","0","0","0","0","0","0","1","0","","67","7","2021","1","40.042929","-75.003135","","6","0","0","0","0","0","0","0","0","","0","0","0","","","2","N","0","","40 02:34.543","1","0","75 00:11.286","3","0","0","0","67301","0","0","0","N","0","0","0","3","68K01","0","","1.0","1917.0","1","N","N","N","0","","2","0","0","","0","N","","2","2","0","0","0","0","0","2","0","2","","03","","N","","","","","","","","","",""
"2021089613","","0","0","0","0","0","0","0","0","0","8","0","","67","9","2021","4","39.949632","-75.160384","","6","0","0","0","0","0","0","0","0","","0","0","0","","","1","","1","","39 56:58.675","","0","75 09:37.383","3","0","0","0","67301","1","0","0","N","1","0","0","2","67301","0","","1.0","","1","N","N","N","0","","1","0","0","","2","","","2","1","0","0","0","0","1","2","1","1","","03","","N","","","","","","","","","",""
"2021069919","","0","0","0","0","0","0","0","0","0","6","0","","67","7","2021","4","40.025005","-75.180927","","6","0","0","0","0","0","0","1","0","","0","0","0","","","0","N","0","","40 01:30.017","2","0","75 10:51.338","0","0","0","0","67301","0","0","0","N","0","0","0","5","67301","0","","1.0","1715.0","1","N","N","N","0","","0","0","2","","0","N","","3","0","0","0","0","0","0","2","1","3","","","","N","","","","","","","","","",""
"2021091852","","2","0","0","0","0","0","0","0","0","4","0","","67","7","2021","6","40.028258","-75.209447","","6","0","0","0","0","0","0","1","0","","0","0","0","","","1","N","0","","40 01:41.730","","7","75 12:34.010","3","0","0","0","67301","0","0","0","N","0","0","0","2","67301","0","","1.0","","1","N","N","N","0","","1","0","0","","0","","","2","1","0","0","0","0","1","2","0","2","","03","","N","","","","","","","","","",""
"2021087951","","0","0","0","0","0","0","0","0","0","7","0","","67","9","2021","4","39.994594","-75.084103","","6","0","0","0","0","0","0","0","0","","0","0","0","","","1","N","0","","39 59:40.538","2","0","75 05:02.769","3","0","0","0","67301","0","0","0","Y","0","0","0","1","68K01","0","","2.0","1145.0","9","N","N","N","0","","1","0","1","","0","N","","1","1","0","0","0","0","0","2","0","1","","","","N","","","","","","","","","",""
"2021064200","","0","0","0","0","0","0","0","0","0","8","0","","67","7","2021","5","39.961729","-75.157451","","6","0","0","0","0","0","0","0","0","","0","0","0","","","1","","5","","39 57:42.225","","0","75 09:26.825","2","0","0","0","67301","1","0","1","N","1","0","1","2","67301","0","","1.0","","1","N","N","N","0","","0","1","0","","2","","","2","1","0","0","0","0","0","2","1","1","","03","","N","","","","","","","","","",""
"2021089950","","1","0","0","0","0","0","0","0","0","1","0","","67","9","2021","6","39.955562","-75.225794","","6","0","0","0","0","0","1","0","0","","0","1","0","","","2","N","0","","39 57:20.023","","0","75 13:32.857","4","0","0","0","67301","0","0","0","N","0","0","0","3","67301","2","","1.0","","9","N","N","N","0","","0","0","0","","0","","","2","2","0","0","0","0","0","2","0","2","","04","","N","","","","","","","","","",""
"2021090952","","1","0","0","0","0","0","0","0","0","4","0","","67","9","2021","7","40.024273","-75.130412","","6","0","0","0","0","0","0","0","0","","0","0","0","","","1","","1","","40 01:27.383","","0","75 07:49.482","8","0","0","1","67301","0","0","0","N","0","0","0","2","67301","0","","1.0","","1","N","N","N","0","","0","0","1","","2","","","3","1","0","0","0","1","0","2","0","3","","","","N","","","","","","","","","",""
"2021061768","","0","0","0","0","0","0","0","0","0","1","0","","67","7","2021","7","39.955222","-75.147083","","6","0","0","0","0","0","1","0","0","","0","0","0","","","1","N","0","","39 57:18.800","","3","75 08:49.500","3","0","0","0","67301","0","0","0","N","0","0","0","3","67501","0","","1.0","","9","N","N","N","0","","1","0","2","","0","","","2","1","0","0","0","0","0","2","0","2","","","","N","","","","","","","","","",""
"2021069892","","0","0","0","0","0","0","0","0","0","3","0","","67","7","2021","2","39.999558","-75.123994","","6","0","0","0","0","0","1","0","0","","0","0","0","","","0","","1","","39 59:58.408","","0","75 07:26.378","0","0","0","0","67301","0","0","0","N","0","0","0","1","67301","0","","1.0","","1","N","N","N","0","","0","0","1","","3","","","2","0","1","0","0","0","0","2","1","2","","03","","N","","","","","","","","","",""
"2021071074","","0","0","0","0","0","0","0","0","0","8","0","","67","7","2021","4","39.976157","-75.266042","","6","0","0","0","0","0","0","0","0","","0","0","0","","","1","","2","","39 58:34.165","","0","75 15:57.751","3","0","0","0","67301","1","0","0","N","1","0","0","2","67301","0","","1.0","","1","N","N","N","0","","1","0","0","","0","","","2","1","0","0","0","0","0","2","0","1","","","","N","","","","","","","","","",""
"2021069902","","1","0","0","0","0","0","0","0","0","1","0","","67","7","2021","3","39.979944","-75.144744","","6","0","0","0","0","0","0","0","0","","0","0","0","","","0","N","0","","39 58:47.800","","0","75 08:41.080","0","0","0","0","67301","0","0","0","N","0","0","0","1","67301","0","","6.0","","1","N","N","N","0","","0","0","0","","0","","","2","0","0","0","0","0","0","2","1","2","","03","","N","","","","","","","","","",""
"2021070319","","3","0","0","0","0","0","0","0","0","1","0","","67","7","2021","2","39.903138","-75.199533","","6","0","0","0","0","0","0","1","0","","0","0","0","","","0","N","0","","39 54:11.297","3","3","75 11:58.318","0","0","0","0","67301","0","0","0","N","0","0","0","4","67301","0","","1.0","130.0","1","N","N","N","0","","0","0","1","","0","N","","4","0","0","0","0","0","0","2","0","4","","","","N","","","","","","","","","",""
"2021064208","","2","0","0","0","0","0","0","0","0","2","0","","67","7","2021","7","40.104117","-75.024422","","6","0","0","0","0","0","1","0","0","","0","0","0","","","2","N","0","","40 06:14.820","","0","75 01:27.920","3","0","0","0","67301","0","0","0","N","0","0","0","2","67301","0","","1.0","","9","N","N","N","0","","2","0","0","","0","","","2","2","0","0","0","0","0","2","0","2","","04","","N","","","","","","","","","",""
"2021065459","","0","0","0","0","0","0","0","0","0","0","0","","67","7","2021","2","40.039918","-75.006696","","6","0","0","1","0","0","0","0","0","","0","0","0","","","1","N","0","","40 02:23.706","2","0","75 00:24.107","3","0","0","0","67301","0","0","0","N","0","0","0","1","68K01","0","","4.0","15.0","9","N","N","N","0","","1","0","1","","0","N","","1","1","0","0","0","0","0","2","0","1","","04","","N","","","","","","","","","",""
"2021092760","","0","0","0","0","0","0","0","0","0","1","1","","67","9","2021","4","39.9602","-75.226852","","6","0","0","0","0","0","0","0","0","","0","1","0","","","1","","1","","39 57:36.721","","0","75 13:36.666","3","0","0","0","67301","0","0","0","N","0","0","0","2","67301","0","","1.0","","1","N","N","N","0","","1","0","1","","2","","","2","1","0","0","0","0","1","2","0","2","","03","","N","","","","","","","","","",""
"2021090264","","1","0","0","0","0","0","0","0","0","1","0","","67","9","2021","1","39.938271","-75.19856","","6","0","0","0","0","0","0","1","0","","0","0","0","","","1","N","6","","39 56:17.777","4","2","75 11:54.817","8","0","0","0","67301","0","0","0","N","0","0","0","2","68K01","0","","1.0","1853.0","1","N","N","N","0","","0","0","1","","0","N","","2","1","0","0","0","1","0","2","0","2","","","","N","","","","","","","","","",""
"2021064247","","1","0","0","0","0","0","0","0","0","4","0","","67","7","2021","5","40.052236","-75.175821","","6","0","0","0","0","0","1","0","0","","0","0","0","","","2","","1","","40 03:08.049","","0","75 10:32.957","3","0","0","0","67301","0","0","0","N","0","0","0","3","67301","0","","1.0","","9","N","N","N","0","","2","0","0","","2","","","2","2","0","0","0","0","0","2","1","2","","","","N","","","","","","","","","",""
"2021089003","","0","0","0","0","0","0","0","0","0","5","0","","67","9","2021","3","40.069517","-75.199742","","6","0","0","0","0","0","1","1","0","","0","0","0","","","1","","2","","40 04:10.261","","0","75 11:59.070","3","0","0","0","67301","0","0","0","N","0","0","0","2","67301","0","","1.0","","1","N","N","N","0","","1","0","1","","0","","","2","1","0","0","0","0","0","2","1","2","","03","","N","","","","","","","","","",""
"2021089371","","0","0","0","0","0","0","0","0","0","8","0","","67","9","2021","4","39.948106","-75.154252","","6","0","0","0","0","0","0","0","0","","0","0","0","","","1","","1","","39 56:53.182","2","0","75 09:15.307","3","0","0","0","67301","1","0","0","N","1","0","0","2","67301","0","","1.0","1225.0","1","N","N","N","0","","1","0","1","","2","Y","","2","1","0","0","0","0","0","2","0","1","","03","","N","","","","","","","","","",""
"2021070496","","2","0","0","0","0","0","0","0","0","4","0","","67","7","2021","3","39.988376","-75.1098","","6","0","0","0","0","0","0","0","0","","0","0","0","","","1","","1","","39 59:18.153","","0","75 06:35.280","2","0","1","1","67301","0","0","0","N","0","0","0","2","67301","0","","1.0","","1","N","N","N","0","","0","1","0","","2","","","3","1","1","0","0","0","0","2","0","3","","03","","N","","","","","","","","","",""
"2021076279","","0","0","0","0","0","0","0","0","0","8","0","","67","7","2021","7","39.975686","-75.188819","","6","0","0","0","0","0","0","0","0","","0","0","0","","","1","N","0","","39 58:32.471","","0","75 11:19.748","2","0","0","0","67301","1","0","1","N","1","0","1","2","67301","0","","1.0","","1","N","N","N","0","","0","1","1","","0","","","2","1","0","0","0","0","0","2","0","1","","","","N","","","","","","","","","",""
"2021069806","","1","0","0","0","0","0","0","0","0","4","0","","67","7","2021","4","39.957022","-75.169258","","6","0","0","0","0","0","0","0","0","","0","0","0","","","1","","5","","39 57:25.280","4","0","75 10:09.328","3","0","0","0","67301","0","0","0","N","0","0","0","2","67301","0","","1.0","2300.0","1","N","N","N","0","","1","0","1","","2","N","","2","1","1","0","0","0","0","2","0","2","","03","","N","","","","","","","","","",""
"2021074720","","1","0","0","0","0","0","0","0","0","4","0","","67","7","2021","7","40.005023","-75.136398","","6","0","0","0","0","0","0","0","0","","0","0","0","","","0","","3","","40 00:18.082","","0","75 08:11.032","0","0","0","0","67301","0","0","0","N","0","0","0","2","67301","0","","1.0","","9","N","N","N","0","","0","0","1","","3","","","2","0","0","0","0","0","0","2","0","2","","03","","N","","","","","","","","","",""
"2021088096","","1","0","0","0","0","0","0","0","0","4","1","","67","9","2021","7","40.019505","-75.149008","","6","0","0","0","0","0","0","0","0","","0","1","0","","","1","","2","","40 01:10.218","","0","75 08:56.428","4","0","0","0","67301","0","0","0","N","0","0","0","2","67301","1","","1.0","","1","N","N","N","0","","0","0","0","","2","","","2","1","0","0","0","0","0","2","0","2","","03","","N","","","","","","","","","",""
"2021089667","","1","0","0","0","0","0","0","0","0","1","0","","67","8","2021","6","40.008566","-75.203206","","6","0","0","0","0","0","1","0","0","","0","0","0","","","1","N","0","","40 00:30.838","","0","75 12:11.542","8","0","0","0","67301","0","0","0","N","0","0","0","3","68K01","0","","1.0","","1","N","N","N","1","","0","0","0","","0","","","2","1","0","0","0","1","0","2","0","2","","","","N","","","","","","","","","",""
"2021089922","","1","0","0","0","0","0","0","0","0","4","0","","67","9","2021","5","40.015294","-75.080971","","6","0","0","0","0","0","0","0","0","","0","0","0","","","1","","1","","40 00:55.060","4","0","75 04:51.496","3","0","0","0","67301","0","0","0","N","0","0","0","5","67301","0","","1.0","1642.0","9","N","N","Y","0","","1","0","0","","3","Y","","2","1","0","0","0","0","1","2","1","2","","","","N","","","","","","","","","",""
"2021069857","","2","0","0","0","0","0","0","0","0","1","0","","67","7","2021","3","39.940204","-75.200688","","6","0","0","0","0","0","1","0","0","","0","0","0","","","1","","2","","39 56:24.735","","0","75 12:02.476","3","0","0","0","67301","0","0","0","N","0","0","0","4","67301","0","","1.0","","1","N","N","N","0","","1","0","0","","2","","","2","1","4","0","0","0","0","2","0","2","","03","","N","","","","","","","","","",""
"2021064275","","3","0","0","0","0","0","0","0","0","4","0","","67","7","2021","5","40.031342","-75.066296","","6","0","0","0","0","0","1","0","0","","0","0","0","","","1","","1","","40 01:52.832","4","0","75 03:58.665","3","0","0","0","67301","0","0","0","N","0","0","0","3","67301","0","","1.0","1430.0","9","N","N","N","0","","1","0","2","","3","N","","5","1","0","0","0","0","0","2","0","5","","07","","N","","","","","","","","","",""
"2021069770","","1","0","0","0","0","0","0","0","0","4","0","","67","7","2021","4","39.954615","-75.149531","","6","0","0","0","0","0","0","0","0","","0","0","0","","","0","","5","","39 57:16.613","","2","75 08:58.311","0","0","0","0","67301","0","0","0","N","0","0","0","4","67301","0","","1.0","","1","N","N","N","0","","0","0","1","","2","","","2","0","1","0","0","0","0","2","0","2","","04","","N","","","","","","","","","",""
"2021089420","","2","0","0","0","0","0","0","0","0","4","0","","67","9","2021","4","39.980534","-75.160001","","6","0","0","1","0","0","0","0","0","","0","0","0","","","0","N","2","","39 58:49.923","","0","75 09:36.002","0","0","0","0","67301","0","0","0","N","0","0","0","3","67505","0","","1.0","","1","N","N","N","0","","0","0","0","","0","","","2","0","0","0","0","0","0","2","0","2","","","","N","","","","","","","","","",""
"2021089717","","1","0","0","0","0","0","0","0","0","1","0","","67","9","2021","2","39.98507","-75.094683","","6","0","0","0","0","0","0","0","0","","0","0","0","","","0","N","0","","39 59:06.253","2","0","75 05:40.858","0","0","0","0","67301","0","0","0","N","0","0","0","2","68K01","0","","1.0","750.0","1","N","N","N","1","","0","0","0","","0","N","","2","0","0","0","0","0","0","2","0","2","","","","N","","","","","","","","","",""
"2021088450","","2","0","0","0","0","0","0","0","0","1","0","","67","8","2021","7","40.016953","-75.188392","","6","0","0","0","0","0","0","0","0","","0","0","0","","","1","","1","","40 01:01.029","","0","75 11:18.212","8","0","0","0","67301","0","0","0","N","0","0","0","2","67301","0","","1.0","","9","N","N","N","0","","0","0","0","","2","","","2","1","0","0","0","1","1","2","0","2","","07","","N","","","","","","","","","",""
"2021069888","","3","0","0","0","0","0","0","0","0","4","0","","67","7","2021","5","40.002576","-75.099728","","6","0","0","1","0","0","0","0","0","","0","0","0","","","1","","5","","40 00:09.273","","0","75 05:59.019","3","0","0","0","67301","0","0","0","N","0","0","0","3","67301","0","","1.0","","1","N","N","N","0","","1","0","0","","2","","","3","1","2","0","0","0","0","2","0","3","","03","","N","","","","","","","","","",""
"2021070512","","2","0","0","0","0","0","0","0","0","5","0","","67","7","2021","4","40.025045","-75.125456","","6","0","0","0","0","0","0","0","0","","0","0","0","","","0","","1","","40 01:30.162","","0","75 07:31.641","0","0","0","0","67301","0","0","0","N","0","0","0","2","67301","0","","1.0","","1","N","N","N","0","","0","0","0","","2","","","2","0","0","0","0","0","0","2","0","2","","03","","N","","","","","","","","","",""
"2021064191","","2","0","0","0","0","0","0","0","0","4","0","","67","6","2021","4","39.93116","-75.144162","","6","0","0","0","0","0","0","0","0","","0","0","0","","","1","","2","","39 55:52.177","","2","75 08:38.983","3","0","0","0","67301","0","0","0","N","0","0","0","3","67301","0","","1.0","","9","N","N","N","0","","1","0","0","","2","","","2","1","0","0","0","0","0","2","0","2","","07","","N","","","","","","","","","",""
"2021065420","","2","0","0","0","0","0","0","0","0","5","0","","67","7","2021","5","39.985614","-75.208138","","6","0","0","0","0","0","0","0","0","","0","0","0","","","2","N","0","","39 59:08.209","4","0","75 12:29.297","3","0","0","0","67301","0","0","0","N","0","0","0","3","68K01","0","","1.0","2300.0","1","N","N","N","0","","1","0","1","","0","N","","3","2","0","0","0","1","0","2","0","3","","","","N","","","","","","","","","",""
"2021065427","","1","0","0","0","0","0","0","0","0","1","0","","67","7","2021","6","39.99445","-75.084209","","6","0","0","0","0","1","1","0","0","","0","0","0","","","0","N","0","","39 59:40.020","2","0","75 05:03.154","0","0","0","0","67301","0","0","0","N","0","0","0","4","68K01","0","","1.0","2100.0","1","N","N","N","0","","0","0","2","","0","N","","3","0","0","0","0","0","0","2","0","3","","03","","N","","","","","","","","","",""
"2021070385","","1","0","0","0","0","0","0","0","0","4","0","","67","7","2021","4","40.079595","-75.026531","","6","0","0","0","0","1","0","0","0","","0","0","0","","","2","N","0","","40 04:46.541","","7","75 01:35.510","3","0","0","0","67301","0","0","0","N","0","0","0","4","67301","1","","1.0","","1","N","N","N","0","","1","0","1","","3","","","2","2","0","0","0","0","0","2","0","2","","03","","N","","","","","","","","","",""
"2021070345","","0","0","0","0","0","0","0","0","0","4","0","","67","7","2021","2","40.051584","-75.099201","","6","0","0","0","1","0","1","0","0","","0","0","0","","","0","","1","","40 03:05.702","","0","75 05:57.123","9","0","0","0","67301","0","0","0","N","0","0","0","3","67301","0","","1.0","","9","N","N","N","1","","0","0","1","","2","","","2","0","0","0","0","0","1","2","0","2","","07","","N","","","","","","","","","",""
"2021064330","","0","0","0","0","0","0","0","0","0","4","0","","67","7","2021","1","39.987021","-75.174392","","6","0","0","0","0","0","2","0","0","","0","0","0","","","9","","1","","39 59:13.275","","0","75 10:27.811","3","0","0","0","67301","0","0","0","N","0","0","0","11","67301","0","","1.0","","1","N","N","N","0","","9","0","2","","2","","","2","9","0","0","0","0","0","2","0","2","","03","","N","","","","","","","","","",""
"2021088343","","1","0","0","0","0","0","0","0","0","8","0","","67","9","2021","6","40.084398","-75.024838","","6","0","0","0","0","0","0","0","0","","0","0","0","","","1","N","0","","40 05:03.832","","7","75 01:29.416","8","0","0","0","67301","1","0","0","N","1","0","0","2","67301","0","","6.0","","1","N","N","N","0","","0","0","0","","0","","","2","1","1","0","0","1","0","2","0","1","","03","","N","","","","","","","","","",""
"2021069739","","0","0","0","0","0","0","0","0","0","4","0","","67","7","2021","6","40.055696","-75.058914","","6","0","1","0","0","0","1","0","0","","0","0","0","","","2","","5","","40 03:20.504","6","0","75 03:32.090","2","0","0","0","67301","0","0","0","N","0","0","0","2","67301","0","","1.0","1845.0","1","N","N","Y","1","","1","1","1","","3","Y","","2","2","0","0","0","0","0","2","0","2","","","","N","","","","","","","","","",""
"2021062503","","2","0","0","0","0","0","0","0","0","5","0","","67","7","2021","5","40.009378","-75.065804","","6","0","0","0","0","0","0","0","0","","0","0","0","","","3","N","0","","40 00:33.759","1","0","75 03:56.894","8","0","0","0","67301","0","0","0","N","0","0","0","5","68K01","0","","1.0","2257.0","9","N","N","N","1","","0","0","1","","0","Y","","4","3","0","0","0","3","1","2","0","4","","07","","N","","","","","","","","","",""
"2021064181","","1","0","0","0","0","0","0","0","0","4","0","","67","7","2021","7","40.033146","-75.10696","","6","0","0","0","0","1","0","0","0","","0","0","0","","","1","","1","","40 01:59.326","3","0","75 06:25.057","3","0","0","0","67301","0","0","0","N","0","0","0","4","67301","0","","1.0","2229.0","9","N","N","N","1","","1","0","0","","2","Y","","2","1","0","0","0","0","0","2","0","2","","07","","N","","","","","","","","","",""
"2021091479","","1","0","0","0","0","0","0","0","0","1","2","","67","9","2021","2","40.019869","-75.044177","","6","0","0","0","0","0","0","0","0","","0","1","0","","","0","N","0","","40 01:11.529","","0","75 02:39.038","0","0","0","0","67301","0","0","0","N","0","0","0","3","68K01","0","","1.0","","1","N","N","Y","0","","0","0","0","","0","","","3","0","0","0","0","0","0","2","1","3","","03","","N","","","","","","","","","",""
"2021069826","","1","0","0","0","0","0","0","0","0","1","0","","67","7","2021","5","40.047081","-75.163182","","6","0","0","1","0","0","0","0","0","","0","0","0","","","1","","1","","40 02:49.491","","0","75 09:47.455","3","0","0","0","67301","0","0","0","N","0","0","0","2","67301","0","","1.0","","1","N","N","N","0","","1","0","1","","2","","","2","1","0","0","0","0","0","2","0","2","","03","","N","","","","","","","","","",""
"2021088298","","1","0","0","0","0","0","0","0","0","1","0","45","67","9","2021","2","39.947552","-75.187118","","6","0","0","0","0","0","0","0","0","","0","0","0","","","0","N","0","","39 56:51.186","4","0","75 11:13.624","0","0","0","0","67301","0","0","0","N","0","0","0","2","68K01","0","","1.0","30.0","1","N","N","N","0","","0","0","1","","8","N","","2","0","0","0","0","0","0","2","0","2","","03","Y","Y","4","2","Y","N","Y","N","N","N","N","N"