"CRN","ARRIVAL_TM","AUTOMOBILE_COUNT","BELTED_DEATH_COUNT","BELTED_SUSP_SERIOUS_INJ_COUNT","BICYCLE_COUNT","BICYCLE_DEATH_COUNT","BICYCLE_SUSP_SERIOUS_INJ_COUNT","BUS_COUNT","CHLDPAS_DEATH_COUNT","CHLDPAS_SUSP_SERIOUS_INJ_COUNT","COLLISION_TYPE","COMM_VEH_COUNT","CONS_ZONE_SPD_LIM","COUNTY","CRASH_MONTH","CRASH_YEAR","DAY_OF_WEEK","DEC_LATITUDE","DEC_LONGITUDE","DISPATCH_TM","DISTRICT","DRIVER_COUNT_16YR","DRIVER_COUNT_17YR","DRIVER_COUNT_18YR","DRIVER_COUNT_19YR","DRIVER_COUNT_20YR","DRIVER_COUNT_50_64YR","DRIVER_COUNT_65_74YR","DRIVER_COUNT_75PLUS","EST_HRS_CLOSED","FATAL_COUNT","HEAVY_TRUCK_COUNT","HORSE_BUGGY_COUNT","HOUR_OF_DAY","ILLUMINATION","INJURY_COUNT","INTERSECTION_RELATED","INTERSECT_TYPE","LANE_CLOSED","LATITUDE","LN_CLOSE_DIR","LOCATION_TYPE","LONGITUDE","MAX_SEVERITY_LEVEL","MCYCLE_DEATH_COUNT","MCYCLE_SUSP_SERIOUS_INJ_COUNT","MOTORCYCLE_COUNT","MUNICIPALITY","NONMOTR_COUNT","NONMOTR_DEATH_COUNT","NONMOTR_SUSP_SERIOUS_INJ_COUNT","NTFY_HIWY_MAINT","PED_COUNT","PED_DEATH_COUNT","PED_SUSP_SERIOUS_INJ_COUNT","PERSON_COUNT","POLICE_AGCY","POSSIBLE_INJ_COUNT","RDWY_SURF_TYPE_CD","RELATION_TO_ROAD","ROADWAY_CLEARED","ROAD_CONDITION","SCH_BUS_IND","SCH_ZONE_IND","SECONDARY_CRASH","SMALL_TRUCK_COUNT","SPEC_JURIS_CD","SUSP_MINOR_INJ_COUNT","SUSP_SERIOUS_INJ_COUNT","SUV_COUNT","TCD_FUNC_CD","TCD_TYPE","TFC_DETOUR_IND","TIME_OF_DAY","TOTAL_UNITS","TOT_INJ_COUNT","UNBELTED_OCC_COUNT","UNB_DEATH_COUNT","UNB_SUSP_SERIOUS_INJ_COUNT","UNK_INJ_DEG_COUNT","UNK_INJ_PER_COUNT","URBAN_RURAL","VAN_COUNT","VEHICLE_COUNT","WEATHER1","WEATHER2","WORKERS_PRES","WORK_ZONE_IND","WORK_ZONE_LOC","WORK_ZONE_TYPE","WZ_CLOSE_DETOUR","WZ_FLAGGER","WZ_LAW_OFFCR_IND","WZ_LN_CLOSURE","WZ_MOVING","WZ_OTHER","WZ_SHLDER_MDN","WZ_WORKERS_INJ_KILLED"
"2021065438","","1","0","0","0","0","0","0","0","0","1","0","","67","7","2021","7","39.957179","-75.156642","","6","0","0","1","0","0","0","0","0","","0","0","0","","","1","N","0","","39 57:25.844","4","0","75 09:23.912","3","0","0","0","67301","0","0","0","N","0","0","0","2","68K01","0","","1.0","2158.0","1","N","N","N","0","","1","0","1","","0","N","","2","1","0","0","0","0","0","2","0","2","","03","","N","","","","","","","","","",""
"2021069885","","2","0","0","0","0","0","0","0","0","1","0","","67","7","2021","1","39.996594","-75.116511","","6","0","0","0","0","0","1","0","0","","0","0","0","","","2","N","0","","39 59:47.740","","0","75 06:59.440","3","0","0","0","67301","1","0","0","N","1","0","0","2","67301","0","","6.0","","1","N","N","N","0","","2","0","0","","0","","","3","2","0","0","0","0","0","2","0","2","","03","","N","","","","","","","","","",""
"2021060655","","0","0","0","0","0","0","0","0","0","7","0","","67","6","2021","4","39.984096","-75.15448","","6","0","0","0","0","0","0","1","0","","0","0","0","","","1","N","0","","39 59:02.745","1","0","75 09:16.127","8","0","0","0","67301","0","0","0","N","0","0","0","1","67505","0","","4.0","1900.0","1","N","N","N","0","","0","0","1","","0","Y","","1","1","0","0","0","1","0","2","0","1","","03","","N","","","","","","","","","",""
"2021064237","","2","0","0","0","0","0","0","0","0","4","0","","67","7","2021","1","39.917005","-75.234662","","6","0","0","0","0","0","2","0","0","","0","0","0","","","0","","1","","39 55:01.218","","0","75 14:04.783","0","0","0","0","67301","0","0","0","N","0","0","0","3","67301","0","","1.0","","1","N","N","N","0","","0","0","0","","2","","","3","0","3","0","0","0","0","2","1","3","","03","","N","","","","","","","","","",""
"2021089699","","0","0","0","0","0","0","0","0","0","7","1","","67","9","2021","4","40.037228","-75.012803","","6","0","0","0","0","0","0","0","0","","0","1","0","","","0","N","0","","40 02:14.022","1","0","75 00:46.089","0","0","0","0","67301","0","0","0","N","0","0","0","1","68K01","0","","4.0","45.0","8","N","N","N","0","","0","0","0","","0","N","","1","0","0","0","0","0","0","2","0","1","","","","N","","","","","","","","","",""
"2021083503","","0","0","0","1","0","0","0","0","0","8","1","","67","7","2021","3","39.981704","-75.22624","","6","0","0","0","0","0","1","0","0","","0","1","0","","","1","","3","","39 58:54.134","","0","75 13:34.463","3","0","0","0","67301","1","0","0","N","0","0","0","2","67301","0","","1.0","","1","N","N","N","0","","1","0","0","","0","","","2","1","0","0","0","0","0","2","0","1","","04","","N","","","","","","","","","",""
"2021070491","","1","0","0","0","0","0","0","0","0","5","0","","67","7","2021","6","40.002739","-75.095448","","6","0","0","0","0","0","0","0","0","","0","0","0","","","0","N","0","","40 00:09.859","","0","75 05:43.613","9","0","0","0","67301","0","0","0","N","0","0","0","2","67301","0","","1.0","","9","N","N","N","0","","0","0","0","","0","","","3","0","0","0","0","0","1","2","1","3","","07","","N","","","","","","","","","",""
"2021069877","","0","0","0","0","0","0","0","0","0","1","0","","67","7","2021","3","39.992556","-75.151","","6","0","0","0","0","0","0","0","0","","0","0","0","","","0","N","0","","39 59:33.200","","0","75 09:03.600","0","0","0","0","67301","0","0","0","N","0","0","0","1","67301","0","","6.0","","1","N","N","N","0","","0","0","2","","0","","","2","0","0","0","0","0","0","2","0","2","","03","","N","","","","","","","","","",""
"2021069878","","0","0","0","0","0","0","0","0","0","4","0","","67","7","2021","4","39.971228","-75.157216","","6","0","0","0","0","0","0","1","0","","0","0","0","","","1","","1","","39 58:16.419","","0","75 09:25.977","3","0","0","0","67301","0","0","0","N","0","0","0","3","67301","0","","1.0","","1","N","N","N","0","","1","0","1","","2","","","2","1","0","0","0","0","0","2","1","2","","03","","N","","","","","","","","","",""
"2021070932","","1","0","0","0","0","0","0","0","0","1","0","","67","7","2021","4","39.989893","-75.087332","","6","0","0","0","0","0","0","0","0","","0","0","0","","","2","N","0","","39 59:23.613","","0","75 05:14.396","3","0","0","1","67301","0","0","0","N","0","0","0","2","68K01","0","","1.0","","1","N","N","N","0","","2","0","0","","0","","","2","2","0","0","0","0","0","2","0","2","","03","","N","","","","","","","","","",""
"2021062332","","1","0","0","0","0","0","0","0","0","7","0","","67","7","2021","7","40.035576","-75.016987","","6","0","0","0","0","0","0","0","0","","0","0","0","","","0","N","0","","40 02:08.075","1","0","75 01:01.153","0","0","0","0","67301","0","0","0","N","0","0","0","2","68K01","0","","3.0","1700.0","9","N","N","N","0","","0","0","0","","0","N","","1","0","0","0","0","0","0","2","0","1","","","","N","","","","","","","","","",""
"2021069876","","2","0","0","0","0","0","0","0","0","4","0","","67","7","2021","7","39.996444","-75.173955","","6","0","0","0","0","0","0","1","0","","0","0","0","","","1","","1","","39 59:47.200","7","0","75 10:26.238","4","0","0","0","67301","0","0","0","N","0","0","0","2","67301","1","","1.0","900.0","1","N","N","N","0","","0","0","0","","2","Y","","2","1","1","0","0","0","1","2","0","2","","03","","N","","","","","","","","","",""
"2021064288","","2","0","0","0","0","0","0","0","0","5","0","","67","7","2021","7","39.944536","-75.179803","","6","0","0","0","0","0","0","0","0","","0","0","0","","","0","N","0","","39 56:40.330","","0","75 10:47.290","0","0","0","0","67301","0","0","0","N","0","0","0","1","67301","0","","6.0","","1","N","N","N","0","","0","0","3","","0","","","6","0","0","0","0","0","0","2","1","6","","03","","N","","","","","","","","","",""
"2021089869","","1","0","0","0","0","0","0","0","0","5","1","","67","9","2021","2","39.914996","-75.148014","","6","0","0","0","0","0","0","0","0","","0","0","0","","","0","N","0","","39 54:53.984","","0","75 08:52.850","0","0","0","0","67301","0","0","0","N","0","0","0","4","68K01","0","","2.0","","1","N","N","N","0","","0","0","0","","0","","","2","0","0","0","0","0","0","2","1","2","","03","","N","","","","","","","","","",""
"2021085717","","0","0","0","0","0","0","0","0","0","4","0","","67","9","2021","7","40.073701","-74.98033","","6","0","0","0","0","0","1","0","0","","1","0","0","","","0","N","2","","40 04:25.323","7","0","74 58:49.187","1","1","0","1","67301","0","0","0","N","0","0","0","3","67301","0","2","1.0","44.0","1","N","N","N","0","0","0","0","1","","3","Y","","2","0","0","0","0","0","0","2","0","2","","03","","N","","","","","","","","","",""
"2021069891","","1","0","0","0","0","0","0","0","0","8","0","","67","7","2021","6","40.003019","-75.127646","","6","0","0","0","0","0","0","0","0","","0","0","0","","","1","","1","","40 00:10.868","","0","75 07:39.525","3","0","0","0","67301","1","0","0","N","1","0","0","2","67301","0","","1.0","","1","N","N","N","0","","1","0","0","","0","","","2","1","0","0","0","0","0","2","0","1","","03","","N","","","","","","","","","",""
"2021065462","","0","0","0","0","0","0","0","0","0","7","0","","67","7","2021","2","39.939066","-75.143519","","6","0","0","0","1","0","0","0","0","","0","0","0","","","1","N","0","","39 56:20.639","","2","75 08:36.668","4","0","0","0","67301","0","0","0","N","0","0","0","2","68K01","1","","4.0","","1","N","N","N","0","","0","0","1","","0","","","1","1","0","0","0","0","0","2","0","1","","","","N","","","","","","","","","",""
"2021089677","","0","0","0","0","0","0","0","0","0","7","0","","67","9","2021","2","39.931472","-75.199632","","6","0","0","0","0","0","0","0","0","","0","0","0","","","0","N","0","","39 55:53.299","3","0","75 11:58.674","9","0","0","0","67301","0","0","0","N","0","0","0","1","68K01","0","","4.0","1821.0","1","N","N","N","0","","0","0","1","","0","N","","1","0","0","0","0","0","1","2","0","1","","","","N","","","","","","","","","",""
"2021064414","","2","0","0","0","0","0","0","0","0","7","0","","67","7","2021","7","40.017217","-75.202281","","6","0","0","0","0","0","1","0","1","","0","0","0","","","2","N","0","","40 01:01.980","","0","75 12:08.210","3","0","0","0","67301","0","0","0","N","0","0","0","5","67301","0","","3.0","","9","N","N","N","0","","2","0","2","","0","","","4","2","0","0","0","0","0","2","0","4","","04","","N","","","","","","","","","",""
"2021083902","","1","0","0","0","0","0","0","0","0","4","0","","67","7","2021","1","39.959174","-75.243377","","6","0","0","0","0","0","0","0","0","","0","0","0","","","3","","1","","39 57:33.025","","0","75 14:36.157","8","0","0","0","67301","0","0","0","N","0","0","0","3","67301","0","","1.0","","1","N","N","N","1","","0","0","0","","2","","","2","3","0","0","0","3","0","2","0","2","","03","","N","","","","","","","","","",""
"2021087947","","0","0","0","0","0","0","0","0","0","5","0","","67","8","2021","2","39.955029","-75.140763","","6","0","0","0","0","0","0","0","0","","0","0","0","","","0","N","0","","39 57:18.104","","0","75 08:26.747","9","0","0","0","67301","0","0","0","N","0","0","0","2","68K01","0","","1.0","","1","N","N","N","0","","0","0","1","","0","","","2","0","0","0","0","0","1","2","0","2","","03","","N","","","","","","","","","",""
"2021089937","","2","0","0","0","0","0","0","0","0","2","0","","67","9","2021","5","40.120614","-75.010358","","6","0","0","0","0","0","0","1","0","","0","0","0","","","1","N","0","","40 07:14.210","3","0","75 00:37.290","3","0","0","0","67301","0","0","0","N","0","0","0","3","67301","0","","1.0","1954.0","9","N","N","N","1","","1","0","0","","2","N","","3","1","0","0","0","0","0","2","0","3","","07","","N","","","","","","","","","",""
"2021064391","","1","0","0","0","0","0","0","0","0","5","0","","67","7","2021","7","40.028011","-75.14715","","6","0","0","0","0","0","0","0","0","","0","0","0","","","2","N","0","","40 01:40.840","","0","75 08:49.740","3","0","0","0","67301","0","0","0","N","0","0","0","3","67301","0","","1.0","","1","N","N","N","0","","2","0","1","","0","","","2","2","0","0","0","0","0","2","0","2","","03","","N","","","","","","","","","",""
"2021088194","","1","0","0","0","0","0","1","0","0","1","1","","67","9","2021","5","40.089186","-75.021009","","6","0","0","0","0","0","1","0","0","","0","0","0","","","1","","1","","40 05:21.068","","0","75 01:15.633","8","0","0","0","67301","0","0","0","N","0","0","0","2","67301","0","","1.0","","1","N","N","N","0","","0","0","0","","2","","","2","1","0","0","0","1","0","2","0","2","","03","","N","","","","","","","","","",""
"2021088868","","0","0","0","1","0","0","0","0","0","8","0","","67","9","2021","2","40.034898","-75.10396","","6","0","0","0","0","0","0","0","0","","0","0","0","","","1","","2","","40 02:05.632","","0","75 06:14.256","3","0","0","0","67301","1","0","0","N","0","0","0","2","67301","0","","1.0","","1","N","N","N","0","","1","0","1","","0","","","2","1","0","0","0","0","0","2","0","1","","","","N","","","","","","","","","",""
"2021064396","","1","0","0","0","0","0","0","0","0","4","0","","67","7","2021","1","40.03506","-75.131857","","6","0","0","0","0","0","1","0","0","","0","0","0","","","1","","1","","40 02:06.216","","0","75 07:54.685","8","0","0","0","67301","1","0","0","N","1","0","0","3","67301","0","","1.0","","1","N","N","N","0","","0","0","1","","3","","","3","1","0","0","0","1","0","2","0","2","","03","","N","","","","","","","","","",""
"2021069820","","0","0","0","0","0","0","0","0","0","4","0","","67","7","2021","3","39.883695","-75.251582","","6","0","0","0","0","1","0","0","0","","0","0","0","","","1","","2","","39 53:01.302","","2","75 15:05.694","3","0","0","0","67301","0","0","0","N","0","0","0","2","67301","0","","1.0","","99","N","N","N","0","","1","0","1","","2","","","2","1","0","0","0","0","0","2","0","2","","98","","N","","","","","","","","","",""
"2021071072","","2","0","0","0","0","0","0","0","0","4","0","","67","7","2021","3","39.983587","-75.247126","","6","0","0","0","0","0","1","0","0","","0","0","0","","","1","","1","","39 59:00.913","","0","75 14:49.652","3","0","0","0","67301","0","0","0","N","0","0","0","2","67301","0","","1.0","","1","N","N","N","0","","1","0","0","","2","","","2","1","0","0","0","0","0","2","0","2","","03","","N","","","","","","","","","",""
"2021089364","","1","0","0","0","0","0","0","0","0","8","0","","67","9","2021","3","39.977547","-75.226489","","6","0","0","0","0","0","0","0","0","","0","0","0","","","1","N","0","","39 58:39.169","","0","75 13:35.360","3","0","0","0","67301","1","0","0","N","1","0","0","1","67301","0","","1.0","","1","N","N","N","0","","1","0","0","","0","","","2","1","0","0","0","0","0","2","0","1","","03","","N","","","","","","","","","",""
"2021069773","","0","0","0","0","0","0","0","0","0","7","0","","67","7","2021","5","40.011023","-75.061998","","6","0","0","0","0","0","0","0","0","","0","0","0","","","3","N","0","","40 00:39.683","2","0","75 03:43.192","3","0","0","0","67301","0","0","0","N","0","0","0","5","68K01","0","","3.0","429.0","1","N","N","N","0","","3","0","2","","0","N","","3","3","0","0","0","0","0","2","0","3","","","","N","","","","","","","","","",""
"2021064180","","1","0","0","0","0","0","0","0","0","6","0","","67","7","2021","7","40.040981","-75.069942","","6","0","0","0","0","0","0","0","0","","0","0","0","","","0","N","0","","40 02:27.530","","0","75 04:11.790","0","0","0","0","67301","0","0","0","N","0","0","0","2","67301","0","","6.0","","1","N","N","N","0","","0","0","1","","0","","","2","0","0","0","0","0","0","2","0","2","","","","N","","","","","","","","","",""
"2021064387","","2","0","0","0","0","0","0","0","0","1","0","","67","7","2021","5","40.026587","-75.159281","","6","0","0","0","0","0","1","0","0","","0","0","0","","","1","","2","","40 01:35.713","","0","75 09:33.411","4","0","0","0","67301","0","0","0","N","0","0","0","2","67301","1","","1.0","","99","N","N","N","0","","0","0","0","","0","","","2","1","2","0","0","0","1","2","0","2","","","","N","","","","","","","","","",""
"2021065460","","1","0","0","0","0","0","0","0","0","1","0","","67","7","2021","2","39.972419","-75.193534","","6","0","0","0","0","0","0","0","0","","0","0","0","","","0","N","0","","39 58:20.708","","0","75 11:36.721","0","0","0","0","67301","0","0","0","N","0","0","0","4","68K01","0","","1.0","","1","N","N","N","0","","0","0","1","","0","","","2","0","0","0","0","0","0","2","0","2","","","","N","","","","","","","","","",""
"2021064233","","2","0","0","0","0","0","0","0","0","4","0","","67","7","2021","5","39.93186","-75.21975","","6","0","0","0","0","1","0","0","0","","0","0","0","","","1","","2","","39 55:54.696","2","0","75 13:11.099","8","0","0","0","67301","0","0","0","N","0","0","0","2","67301","0","","1.0","25.0","9","N","N","N","0","","0","0","0","","0","Y","","2","1","1","0","0","1","0","2","0","2","","","","N","","","","","","","","","",""
"2021063469","","2","0","0","0","0","0","0","0","0","1","0","","67","7","2021","6","39.910889","-75.160389","","6","0","0","0","0","0","0","0","1","","0","0","0","","","3","N","0","","39 54:39.200","4","3","75 09:37.400","4","0","0","0","67301","0","0","0","N","0","0","0","3","67501","2","","1.0","800.0","9","N","N","N","0","","0","0","0","","0","N","","2","3","0","0","0","1","0","2","0","2","","","","N","","","","","","","","","",""
"2021087127","","1","0","0","0","0","0","1","0","0","1","1","","67","9","2021","4","40.098597","-75.019875","","6","0","0","0","0","0","0","0","0","","0","0","0","","","1","N","0","","40 05:54.950","","0","75 01:11.550","3","0","0","0","67301","0","0","0","N","0","0","0","2","67301","0","","1.0","","1","N","N","N","0","","1","0","0","","0","","","2","1","0","0","0","0","0","2","0","2","","","","N","","","","","","","","","",""
"2021089289","","1","0","0","0","0","0","0","0","0","7","0","","67","8","2021","3","40.048188","-74.999355","","6","0","0","0","0","1","0","0","0","","0","0","0","","","2","N","0","","40 02:53.475","2","0","74 59:57.679","4","0","0","0","67301","0","0","0","N","0","0","0","2","68K01","2","","4.0","1520.0","1","N","N","N","0","","0","0","1","","0","Y","","2","2","0","0","0","0","0","2","0","2","","","","N","","","","","","","","","",""
"2021064417","","1","0","0","0","0","0","0","0","0","4","0","","67","7","2021","1","40.014653","-75.156684","","6","0","0","0","0","0","0","0","0","","0","0","0","","","1","","1","","40 00:52.752","","0","75 09:24.063","3","0","0","1","67301","0","0","0","N","0","0","0","5","67301","0","","1.0","","1","N","N","N","0","","1","0","0","","2","","","2","1","0","0","0","0","0","2","0","2","","","","N","","","","","","","","","",""
"2021069818","","1","0","0","0","0","0","0","0","0","8","0","","67","7","2021","4","39.933396","-75.223238","","6","0","0","0","0","0","0","0","0","","0","0","0","","","1","","1","","39 56:00.225","","0","75 13:23.656","3","0","0","0","67301","1","0","0","N","1","0","0","2","67301","0","","1.0","","1","N","N","N","0","","1","0","0","","2","","","2","1","0","0","0","0","0","2","0","1","","03","","N","","","","","","","","","",""
"2021089423","","0","0","0","0","0","0","0","0","0","8","0","","67","9","2021","4","40.043475","-75.065017","","6","0","0","0","0","0","0","0","0","","1","0","0","","","0","N","0","","40 02:36.510","5","0","75 03:54.060","1","0","0","0","67301","1","1","0","N","1","1","0","2","67301","0","2","1.0","1805.0","1","N","N","N","1","0","0","0","0","","0","Y","","2","0","0","0","0","0","0","2","0","1","","03","","N","","","","","","","","","",""
"2021093717","","2","0","0","0","0","0","0","0","0","4","0","","67","10","2021","6","40.011142","-75.164211","","6","0","0","0","0","0","0","0","0","","0","0","0","","","4","","1","","40 00:40.112","7","0","75 09:51.160","2","0","0","0","67301","1","0","1","N","1","0","1","4","67301","0","","1.0","2000.0","1","N","N","N","0","","1","2","0","","2","Y","","3","4","0","0","0","1","0","2","0","2","","03","","N","","","","","","","","","",""
"2021064254","","1","0","0","0","0","0","0","0","0","2","0","","67","7","2021","7","40.06288","-75.162227","","6","0","1","0","0","0","1","0","0","","0","0","0","","","0","N","0","","40 03:46.367","","0","75 09:44.018","9","0","0","0","67301","0","0","0","N","0","0","0","2","67301","0","","1.0","","9","N","N","N","1","","0","0","1","","0","","","3","0","0","0","0","0","2","2","0","3","","05","","N","","","","","","","","","",""
"2021071068","","1","0","0","0","0","0","0","0","0","1","0","","67","7","2021","6","40.007105","-75.213717","","6","0","0","0","0","0","1","0","0","","0","0","0","","","1","","1","","40 00:25.579","","0","75 12:49.382","8","0","0","0","67301","0","0","0","N","0","0","0","2","67301","0","","1.0","","99","N","N","N","0","","0","0","1","","2","","","2","1","2","0","0","1","1","2","0","2","","","","N","","","","","","","","","",""
"2021069726","","1","0","0","0","0","0","0","0","0","4","0","","67","7","2021","1","39.921973","-75.170972","","6","0","0","0","0","0","0","0","0","","0","0","0","","","0","","1","","39 55:19.102","","0","75 10:15.499","0","0","0","0","67301","0","0","0","N","0","0","0","2","67301","0","","1.0","","1","N","N","N","0","","0","0","1","","3","","","2","0","0","0","0","0","0","2","0","2","","03","","N","","","","","","","","","",""
"2021069924","","2","0","1","0","0","0","0","0","0","1","0","","67","7","2021","4","40.016618","-75.174762","","6","0","0","0","0","0","0","0","0","","0","0","0","","","1","N","0","","40 00:59.824","","0","75 10:29.144","2","0","0","0","67301","0","0","0","N","0","0","0","3","67301","0","","1.0","","1","N","N","N","1","","0","1","0","","0","","","3","1","0","0","0","0","1","2","0","3","","","","N","","","","","","","","","",""
"2021087983","","1","0","0","0","0","0","0","0","0","0","0","","67","9","2021","6","40.003108","-75.195081","","6","0","0","0","0","0","0","0","0","","0","0","0","","","0","N","0","","40 00:11.188","3","0","75 11:42.290","0","0","0","0","67301","0","0","0","N","0","0","0","1","68K01","0","","2.0","340.0","1","N","N","N","0","","0","0","0","","0","N","","1","0","0","0","0","0","0","2","0","1","","03","","N","","","","","","","","","",""
"2021070768","","1","0","0","0","0","0","0","0","0","4","0","","67","7","2021","6","39.910469","-75.182496","","6","0","0","0","0","0","0","0","1","","0","0","0","","","1","","1","","39 54:37.688","","0","75 10:56.985","8","0","0","1","67301","0","0","0","N","0","0","0","2","67301","0","","1.0","","1","N","Y","N","0","","0","0","0","","3","","","2","1","0","0","0","1","0","2","0","2","","03","","N","","","","","","","","","",""
"2021064170","","1","0","0","0","0","0","0","0","0","4","0","","67","7","2021","1","39.905639","-75.175419","","6","0","0","0","0","0","1","0","0","","0","0","0","","","0","N","0","","39 54:20.300","","7","75 10:31.510","0","0","0","0","67301","0","0","0","N","0","0","0","2","67301","0","","1.0","","1","N","N","N","0","","0","0","1","","0","","","2","0","0","0","0","0","0","2","0","2","","03","","N","","","","","","","","","",""
"2021063434","","0","0","0","0","0","0","0","0","0","7","0","","67","7","2021","6","39.912417","-75.173917","","6","1","0","0","0","0","0","0","0","","0","0","0","","","1","N","0","","39 54:44.700","2","2","75 10:26.100","3","0","0","0","67301","0","0","0","N","0","0","0","2","67501","0","","4.0","810.0","9","N","N","N","0","","1","0","1","","0","Y","","1","1","0","0","0","0","0","2","0","1","","","","N","","","","","","","","","",""
"2021063506","","1","0","0","0","0","0","0","0","0","5","0","","67","7","2021","1","39.959358","-75.173681","","6","0","0","0","0","0","0","0","0","","0","0","0","","","2","N","0","","39 57:33.687","4","0","75 10:25.253","8","0","0","0","67301","0","0","0","N","0","0","0","4","68K01","0","","1.0","1645.0","9","N","N","N","0","","0","0","1","","0","N","","2","2","0","0","0","2","0","2","0","2","","03","","N","","","","","","","","","",""
"2021064190","","1","0","0","0","0","0","0","0","0","8","0","","67","6","2021","4","39.916594","-75.16995","","6","0","0","0","0","0","0","1","0","","0","0","0","","","1","N","0","","39 54:59.739","","0","75 10:11.821","4","0","0","0","67301","1","0","0","N","1","0","0","2","67301","1","","6.0","","1","N","N","N","0","","0","0","0","","0","","","2","1","0","0","0","0","0","2","0","1","","03","","N","","","","","","","","","",""
"2021069734","","1","0","0","0","0","0","0","0","0","7","0","","67","7","2021","1","40.054588","-75.072071","","6","0","0","0","0","0","0","0","0","","0","0","0","","","0","N","0","","40 03:16.517","","0","75 04:19.456","0","0","0","0","67301","0","0","0","N","0","0","0","1","67301","0","","4.0","","1","N","N","N","0","","0","0","0","","0","","","1","0","0","0","0","0","0","2","0","1","","03","","N","","","","","","","","","",""
"2021069905","","1","0","0","0","0","0","0","0","0","8","0","","67","7","2021","6","40.051737","-75.127136","","6","0","0","0","0","0","0","0","0","","0","0","0","","","1","","1","","40 03:06.253","","0","75 07:37.689","3","0","0","0","67301","1","0","0","N","1","0","0","2","67301","0","","1.0","","99","N","N","N","0","","1","0","0","","2","","","2","1","0","0","0","0","0","2","0","1","","","","N","","","","","","","","","",""
"2021084726","","0","0","0","0","0","0","0","0","0","7","0","","67","7","2021","4","39.958467","-75.225018","","6","0","0","0","0","0","0","0","0","","0","0","0","","","1","N","0","","39 57:30.481","","0","75 13:30.066","8","0","0","0","67301","0","0","0","N","0","0","0","1","67301","0","","4.0","","1","N","N","N","0","","0","0","1","","0","","","1","1","0","0","0","1","0","2","0","1","","03","","N","","","","","","","","","",""
"2021089661","","0","0","0","0","0","0","0","0","0","1","0","","67","8","2021","4","39.976257","-75.195793","","6","0","0","0","0","0","0","0","0","","0","0","0","","","1","N","0","","39 58:34.525","","0","75 11:44.856","8","0","0","0","67301","0","0","0","N","0","0","0","2","68K01","0","","1.0","","1","N","N","N","0","","0","0","2","","8","","","2","1","0","0","0","1","1","2","0","2","","","","N","","","","","","","","","",""
"2021064251","","1","0","0","0","0","0","0","0","0","7","0","","67","7","2021","7","40.049474","-75.174464","","6","0","0","0","0","0","0","0","0","","0","0","0","","","0","N","0","","40 02:58.108","","0","75 10:28.070","0","0","0","0","67301","0","0","0","N","0","0","0","1","67301","0","","4.0","","1","N","Y","Y","0","","0","0","0","","0","","","1","0","0","0","0","0","0","2","0","1","","03","","N","","","","","","","","","",""
"2021064204","","0","0","0","0","0","0","0","0","0","4","0","","67","7","2021","2","39.948494","-75.157391","","6","0","0","0","0","0","0","1","0","","0","0","0","","","0","","1","","39 56:54.579","","0","75 09:26.606","0","0","0","1","67301","0","0","0","N","0","0","0","2","67301","0","","1.0","","1","N","N","N","0","","0","0","1","","2","","","2","0","0","0","0","0","0","2","0","2","","","","N","","","","","","","","","",""
"2021089924","","2","0","0","0","0","0","0","0","0","1","0","","67","9","2021","5","40.030657","-75.052173","","6","0","0","1","0","0","0","0","0","","0","0","0","","","1","","1","","40 01:50.365","","0","75 03:07.822","3","0","0","0","67301","0","0","0","N","0","0","0","4","67301","0","","1.0","","9","N","N","N","0","","1","0","0","","3","","","2","1","4","0","0","0","0","2","0","2","","07","","N","","","","","","","","","",""
"2021069913","1105","0","0","0","0","0","0","0","0","0","4","0","","67","7","2021","5","40.053182","-75.156711","1105","6","0","0","0","0","0","0","0","0","","0","0","0","","","0","","1","","40 03:11.455","","0","75 09:24.159","0","0","0","0","67301","0","0","0","N","0","0","0","2","67301","0","","1.0","","99","N","N","N","0","","0","0","1","","3","","","2","0","0","0","0","0","0","2","1","2","","","","N","","","","","","","","","",""
"2021064277","1412","0","0","0","1","0","0","0","0","0","8","0","","67","7","2021","7","40.030758","-75.056629","1408","6","0","0","0","0","0","1","0","0","","0","0","0","","","1","","1","","40 01:50.728","","0","75 03:23.864","3","0","0","0","67301","1","0","0","N","0","0","0","2","67301","0","","1.0","","1","N","N","N","0","","1","0","1","","3","","","2","1","0","0","0","0","0","2","0","1","","","","N","","","","","","","","","",""
"2021070510","1820","0","0","0","1","0","1","0","0","0","8","0","","67","7","2021","3","40.017411","-75.140759","1817","6","0","0","0","0","0","0","0","0","","0","0","0","","","1","","2","","40 01:02.679","","0","75 08:26.732","2","0","0","0","67301","1","0","1","N","0","0","0","2","67301","0","","1.0","","1","N","N","N","0","","0","1","1","","3","","","2","1","0","0","0","0","0","2","0","1","","03","","N","","","","","","","","","",""
"2021063670","0112","1","0","0","0","0","0","0","0","0","4","0","","67","7","2021","7","39.977255","-75.158096","0110","6","0","0","0","0","0","0","0","0","","0","0","0","","","0","","1","","39 58:38.118","2","0","75 09:29.146","9","0","0","0","67301","0","0","0","N","0","0","0","2","67505","0","","1.0","155.0","1","N","N","N","0","","0","0","1","","2","N","","2","0","0","0","0","0","1","2","0","2","","98","","N","","","","","","","","","",""