"CRN","ARRIVAL_TM","AUTOMOBILE_COUNT","BELTED_DEATH_COUNT","BELTED_SUSP_SERIOUS_INJ_COUNT","BICYCLE_COUNT","BICYCLE_DEATH_COUNT","BICYCLE_SUSP_SERIOUS_INJ_COUNT","BUS_COUNT","CHLDPAS_DEATH_COUNT","CHLDPAS_SUSP_SERIOUS_INJ_COUNT","COLLISION_TYPE","COMM_VEH_COUNT","CONS_ZONE_SPD_LIM","COUNTY","CRASH_MONTH","CRASH_YEAR","DAY_OF_WEEK","DEC_LATITUDE","DEC_LONGITUDE","DISPATCH_TM","DISTRICT","DRIVER_COUNT_16YR","DRIVER_COUNT_17YR","DRIVER_COUNT_18YR","DRIVER_COUNT_19YR","DRIVER_COUNT_20YR","DRIVER_COUNT_50_64YR","DRIVER_COUNT_65_74YR","DRIVER_COUNT_75PLUS","EST_HRS_CLOSED","FATAL_COUNT","HEAVY_TRUCK_COUNT","HORSE_BUGGY_COUNT","HOUR_OF_DAY","ILLUMINATION","INJURY_COUNT","INTERSECTION_RELATED","INTERSECT_TYPE","LANE_CLOSED","LATITUDE","LN_CLOSE_DIR","LOCATION_TYPE","LONGITUDE","MAX_SEVERITY_LEVEL","MCYCLE_DEATH_COUNT","MCYCLE_SUSP_SERIOUS_INJ_COUNT","MOTORCYCLE_COUNT","MUNICIPALITY","NONMOTR_COUNT","NONMOTR_DEATH_COUNT","NONMOTR_SUSP_SERIOUS_INJ_COUNT","NTFY_HIWY_MAINT","PED_COUNT","PED_DEATH_COUNT","PED_SUSP_SERIOUS_INJ_COUNT","PERSON_COUNT","POLICE_AGCY","POSSIBLE_INJ_COUNT","RDWY_SURF_TYPE_CD","RELATION_TO_ROAD","ROADWAY_CLEARED","ROAD_CONDITION","SCH_BUS_IND","SCH_ZONE_IND","SECONDARY_CRASH","SMALL_TRUCK_COUNT","SPEC_JURIS_CD","SUSP_MINOR_INJ_COUNT","SUSP_SERIOUS_INJ_COUNT","SUV_COUNT","TCD_FUNC_CD","TCD_TYPE","TFC_DETOUR_IND","TIME_OF_DAY","TOTAL_UNITS","TOT_INJ_COUNT","UNBELTED_OCC_COUNT","UNB_DEATH_COUNT","UNB_SUSP_SERIOUS_INJ_COUNT","UNK_INJ_DEG_COUNT","UNK_INJ_PER_COUNT","URBAN_RURAL","VAN_COUNT","VEHICLE_COUNT","WEATHER1","WEATHER2","WORKERS_PRES","WORK_ZONE_IND","WORK_ZONE_LOC","WORK_ZONE_TYPE","WZ_CLOSE_DETOUR","WZ_FLAGGER","WZ_LAW_OFFCR_IND","WZ_LN_CLOSURE","WZ_MOVING","WZ_OTHER","WZ_SHLDER_MDN","WZ_WORKERS_INJ_KILLED"
"2021075394","1755","1","0","0","0","0","0","0","0","0","4","0","","67","7","2021","3","39.953636","-75.198619","1752","6","0","0","0","0","0","1","0","0","","0","0","0","","","3","","1","","39 57:13.089","","0","75 11:55.030","4","0","0","0","67301","0","0","0","N","0","0","0","4","67504","3","","1.0","","1","N","N","N","0","","0","0","1","","2","","","2","3","0","0","0","0","0","2","0","2","","03","","N","","","","","","","","","",""
"2021088460","0825","0","0","0","0","0","0","0","0","0","5","1","","67","9","2021","3","39.958701","-75.162145","0818","6","0","0","0","0","0","0","0","0","","0","1","0","","","0","N","0","","39 57:31.322","1","0","75 09:43.721","0","0","0","0","67301","0","0","0","N","0","0","0","2","67301","0","","1.0","850.0","1","N","N","N","0","","0","0","1","","0","N","","2","0","0","0","0","0","0","2","0","2","","03","","N","","","","","","","","","",""
"2021091519","1145","1","0","0","0","0","0","0","0","0","8","0","","67","9","2021","3","39.959103","-75.151939","1141","6","0","0","0","0","0","0","0","0","","0","0","0","","","1","N","0","","39 57:32.770","","0","75 09:06.980","3","0","0","0","67301","1","0","0","N","1","0","0","2","67301","0","","1.0","","9","N","N","N","0","","1","0","0","","0","","","2","1","0","0","0","0","0","2","0","1","","04","","N","","","","","","","","","",""
"2021065466","0155","1","0","0","0","0","0","0","0","0","5","0","","67","7","2021","3","39.892829","-75.224445","0138","6","0","0","0","1","0","0","0","0","","0","0","0","","","0","N","0","","39 53:34.183","","2","75 13:28.002","0","0","0","0","67301","0","0","0","N","0","0","0","8","68K01","0","","1.0","","8","N","N","N","0","","0","0","2","","0","","","3","0","0","0","0","0","0","2","0","3","","","","N","","","","","","","","","",""
"2021064352","0915","3","0","0","0","0","0","0","0","0","3","0","","67","7","2021","1","40.009961","-75.147403","0800","6","0","0","0","0","0","0","0","0","","0","0","0","","","0","N","0","","40 00:35.860","","0","75 08:50.650","9","0","0","0","67301","0","0","0","N","0","0","0","2","67301","0","","1.0","","1","N","N","N","0","","0","0","0","","0","","","3","0","0","0","0","0","1","2","0","3","","","","N","","","","","","","","","",""
"2021064169","1844","1","0","0","0","0","0","0","0","0","8","0","","67","7","2021","6","39.928253","-75.178658","1842","6","0","0","0","0","0","0","0","0","","0","0","0","","","1","N","0","","39 55:41.710","","0","75 10:43.170","3","0","0","0","67301","1","0","0","N","1","0","0","2","67301","0","","1.0","","1","N","N","N","0","","1","0","0","","0","","","2","1","0","0","0","0","0","2","0","1","","","","N","","","","","","","","","",""
"2021089597","1200","2","0","0","0","0","0","0","0","0","2","0","","67","9","2021","4","40.020583","-75.087217","1159","6","0","0","0","0","0","0","0","0","","0","0","0","","","0","N","0","","40 01:14.100","","0","75 05:13.980","0","0","0","0","67301","0","0","0","N","0","0","0","2","67301","0","","9.0","","1","N","N","N","0","","0","0","0","","0","","","2","0","0","0","0","0","0","2","0","2","","","","N","","","","","","","","","",""
"2021071064","1940","2","0","0","0","0","0","0","0","0","5","0","","67","7","2021","4","39.961778","-75.236778","1935","6","0","0","0","0","0","0","0","0","","0","0","0","","","0","N","0","","39 57:42.400","2","0","75 14:12.400","0","0","0","0","67301","0","0","0","N","0","0","0","2","67301","0","","6.0","200.0","1","N","N","N","0","","0","0","0","","0","N","","3","0","0","0","0","0","0","2","1","3","","03","","N","","","","","","","","","",""
"2021088347","0331","1","0","0","0","0","0","0","0","0","7","0","","67","9","2021","1","40.057798","-75.041057","0325","6","0","0","0","0","0","0","0","0","","0","0","0","","","0","N","0","","40 03:28.072","","0","75 02:27.804","0","0","0","0","67301","0","0","0","N","0","0","0","1","67301","0","","5.0","","1","N","N","N","0","","0","0","0","","0","","","1","0","0","0","0","0","0","2","0","1","","03","","N","","","","","","","","","",""
"2021080477","1300","2","0","0","0","0","0","0","0","0","4","0","","67","7","2021","6","39.971504","-75.21187","1300","6","0","0","0","0","0","0","0","0","","0","0","0","","","0","","2","","39 58:17.414","","0","75 12:42.731","9","0","0","0","67301","0","0","0","N","0","0","0","2","67301","0","","1.0","","1","N","N","Y","0","","0","0","0","","2","","","2","0","0","0","0","0","1","2","0","2","","","","N","","","","","","","","","",""
"2021084827","1830","1","0","0","0","0","0","0","0","0","4","0","","67","9","2021","3","39.917728","-75.231542","1827","6","0","0","0","0","0","1","0","0","","1","0","0","","","0","N","0","","39 55:03.820","","0","75 13:53.550","1","1","0","1","67301","0","0","0","N","0","0","0","1","67301","0","2","6.0","","1","N","N","N","0","0","0","0","0","","0","","","2","0","0","0","0","0","0","2","0","2","","","","N","","","","","","","","","",""
"2021065463","2336","1","0","0","0","0","0","0","0","0","7","0","","67","7","2021","2","39.949701","-75.183924","2335","6","0","0","0","0","0","0","0","0","","0","0","0","","","1","N","0","","39 56:58.924","4","0","75 11:02.128","4","0","0","0","67301","0","0","0","N","0","0","0","1","68K01","1","","4.0","20.0","1","N","N","N","0","","0","0","0","","0","N","","1","1","0","0","0","0","0","2","0","1","","","","N","","","","","","","","","",""
"2021063364","2050","0","0","0","0","0","0","0","0","0","4","0","","67","7","2021","5","39.986524","-75.157896","2045","6","0","0","0","0","0","1","0","0","","0","0","0","","","2","","1","","39 59:11.485","7","0","75 09:28.427","8","0","0","0","67301","0","0","0","N","0","0","0","4","67505","0","","1.0","2150.0","1","N","N","Y","0","","0","0","2","","2","Y","","2","2","0","0","0","2","2","2","0","2","","03","","N","","","","","","","","","",""
"2021064183","0023","0","0","0","0","0","0","0","0","0","1","0","","67","7","2021","1","40.027804","-75.098648","0017","6","0","0","0","1","0","0","0","0","","0","0","0","","","1","","1","","40 01:40.095","","0","75 05:55.134","3","0","0","0","67301","0","0","0","N","0","0","0","2","67301","0","","1.0","","9","N","N","N","1","","1","0","1","","2","","","2","1","0","0","0","0","0","2","0","2","","","","N","","","","","","","","","",""
"2021088057","1901","1","0","0","0","0","0","0","0","0","1","0","","67","9","2021","6","39.968486","-75.191053","1859","6","0","0","0","0","0","0","0","0","","0","0","0","","","1","N","0","","39 58:06.551","","0","75 11:27.791","3","0","0","0","67301","0","0","0","N","0","0","0","2","68K01","0","","1.0","","1","N","N","N","0","","1","0","1","","0","","","2","1","0","0","0","0","0","2","0","2","","03","","N","","","","","","","","","",""
"2021064312","1450","1","0","0","0","0","0","0","0","0","8","0","","67","6","2021","4","39.973951","-75.178846","1443","6","0","0","0","0","0","0","1","0","","0","0","0","","","1","","1","","39 58:26.223","6","0","75 10:43.844","3","0","0","0","67301","1","0","0","N","1","0","0","2","67301","0","","1.0","1536.0","1","N","N","N","0","","1","0","0","","2","Y","","2","1","0","0","0","0","0","2","0","1","","03","","N","","","","","","","","","",""
"2021057270","1820","0","0","0","0","0","0","0","0","0","8","0","","67","6","2021","1","40.026745","-75.140304","1800","6","0","0","0","0","0","0","1","0","","0","0","0","","","1","","1","","40 01:36.282","","0","75 08:25.094","8","0","0","0","67301","1","0","0","N","1","0","0","2","67301","0","","1.0","","1","N","N","N","0","","0","0","1","","3","","","2","1","0","0","0","1","0","2","0","1","","03","","N","","","","","","","","","",""
"2021057004","0017","1","0","0","0","0","0","0","0","0","4","0","","67","6","2021","2","39.975868","-75.158557","0015","6","0","0","0","0","0","0","0","0","","0","0","0","","","1","","1","","39 58:33.126","","0","75 09:30.804","8","0","0","1","67301","0","0","0","N","0","0","0","2","67505","0","","1.0","","1","N","N","N","0","","0","0","0","","2","","","2","1","0","0","0","1","1","2","0","2","","03","","N","","","","","","","","","",""
"2021058677","0333","4","0","0","0","0","0","0","0","0","5","0","","67","6","2021","5","40.023719","-75.155453","0327","6","0","0","0","0","0","0","0","0","","0","0","0","","","0","N","0","","40 01:25.390","1","0","75 09:19.630","0","0","0","0","67301","0","0","0","N","0","0","0","1","67301","0","","6.0","454.0","1","N","N","N","0","","0","0","0","","0","Y","","4","0","0","0","0","0","0","2","0","4","","03","","N","","","","","","","","","",""
"2021087876","0516","1","0","0","0","0","0","0","0","0","4","0","","67","9","2021","4","39.953375","-75.171596","0516","6","0","0","0","0","0","0","0","0","","0","0","0","","","0","","1","","39 57:12.151","2","0","75 10:17.744","0","0","0","0","67301","0","0","0","N","0","0","0","2","67301","0","","1.0","600.0","1","N","N","N","0","","0","0","1","","2","Y","","2","0","0","0","0","0","0","2","0","2","","03","","N","","","","","","","","","",""
"2021083575","1549","1","0","0","0","0","0","0","0","0","5","0","","67","8","2021","3","40.053186","-75.061144","1549","6","0","0","0","0","0","0","1","0","","0","0","0","","","1","N","0","","40 03:11.470","","0","75 03:40.120","8","0","0","0","67301","0","0","0","N","0","0","0","1","67301","0","","1.0","","1","N","N","N","0","","0","0","2","","0","","","3","1","0","0","0","1","0","2","0","3","","","","N","","","","","","","","","",""
"2021064282","1645","2","0","0","0","0","0","0","0","0","4","0","","67","7","2021","6","39.942633","-75.231427","1639","6","0","0","0","0","0","1","0","0","","0","0","0","","","1","","1","","39 56:33.478","","0","75 13:53.137","3","0","0","0","67301","0","0","0","N","0","0","0","2","67301","0","","1.0","","1","N","N","N","0","","1","0","0","","3","","","2","1","0","0","0","0","0","2","0","2","","04","","N","","","","","","","","","",""
"2021057461","1238","3","0","0","0","0","0","0","0","0","4","0","","67","6","2021","2","40.059276","-75.044578","1233","6","0","0","0","0","0","0","0","1","","0","0","0","","","3","","1","","40 03:33.392","","0","75 02:40.479","8","0","0","0","67301","0","0","0","N","0","0","0","4","67301","0","","1.0","","1","N","N","N","0","","0","0","0","","2","","","3","3","0","0","0","3","0","2","0","3","","03","","N","","","","","","","","","",""
"2021084239","2032","1","0","0","0","0","0","0","0","0","7","0","","67","9","2021","1","40.034667","-75.018669","2015","6","0","0","0","0","0","0","0","0","","0","0","0","","","0","N","0","","40 02:04.801","1","0","75 01:07.208","0","0","0","0","67301","0","0","0","N","0","0","0","1","68K01","0","","3.0","2100.0","9","N","N","N","0","","0","0","0","","0","N","","1","0","0","0","0","0","0","2","0","1","","","","N","","","","","","","","","",""
"2021069866","1248","0","0","0","0","0","0","0","0","0","4","0","","67","7","2021","7","39.959506","-75.227017","1247","6","0","0","0","0","0","0","0","0","","0","0","0","","","1","","1","","39 57:34.222","","0","75 13:37.262","4","0","0","0","67301","0","0","0","N","0","0","0","2","67301","1","","1.0","","1","N","N","N","0","","0","0","1","","3","","","2","1","0","0","0","0","0","2","0","2","","03","","N","","","","","","","","","",""
"2021064338","1138","3","0","0","0","0","0","0","0","0","4","0","","67","6","2021","3","40.000185","-75.129436","1135","6","0","0","0","0","0","0","0","0","","0","0","0","","","2","","1","","40 00:00.666","4","0","75 07:45.969","3","0","0","0","67301","0","0","0","N","0","0","0","2","67301","0","","1.0","1145.0","1","N","N","N","0","","2","0","0","","3","N","","3","2","2","0","0","0","0","2","0","3","","03","","N","","","","","","","","","",""
"2021057118","2237","1","0","0","1","0","0","0","0","0","8","0","","67","6","2021","6","39.927855","-75.237036","2237","6","0","0","0","0","0","0","0","0","","0","0","0","","","1","","1","","39 55:40.278","5","0","75 14:13.330","8","0","0","0","67301","1","0","0","N","0","0","0","2","67301","0","","1.0","125.0","1","N","N","N","0","","0","0","0","","2","Y","","2","1","0","0","0","1","0","2","0","1","","03","","N","","","","","","","","","",""
"2021092273","1612","0","0","0","0","0","0","1","0","0","8","1","","67","9","2021","1","39.996519","-75.113841","1602","6","0","0","0","0","0","0","0","0","","0","0","0","","","1","","2","","39 59:47.470","","0","75 06:49.828","8","0","0","0","67301","1","0","0","N","1","0","0","2","67508","0","","1.0","","1","N","N","Y","0","","0","0","0","","0","","","2","1","0","0","0","1","0","2","0","1","","03","","N","","","","","","","","","",""
"2021064367","0820","2","0","0","0","0","0","0","0","0","5","0","","67","6","2021","7","40.034719","-75.139447","0814","6","0","0","0","0","0","1","0","0","","0","0","0","","","0","N","0","","40 02:04.990","","0","75 08:22.010","0","0","0","0","67301","0","0","0","N","0","0","0","1","67301","0","","6.0","","1","N","N","N","0","","0","0","0","","0","","","2","0","0","0","0","0","0","2","0","2","","03","","N","","","","","","","","","",""
"2021061330","1154","2","0","0","0","0","0","0","0","0","5","0","","67","7","2021","6","40.007106","-75.151714","1145","6","0","0","0","0","0","0","0","0","","0","0","0","","","0","N","0","","40 00:25.581","","0","75 09:06.169","9","0","0","0","67301","0","0","0","N","0","0","0","2","67505","0","","6.0","","1","N","N","N","0","","0","0","0","","0","","","2","0","0","0","0","0","2","2","0","2","","03","","N","","","","","","","","","",""
"2021070494","1831","2","0","0","0","0","0","0","0","0","4","0","","67","7","2021","3","39.991621","-75.100508","1831","6","0","0","0","0","0","1","0","0","","0","0","0","","","0","N","0","","39 59:29.837","","7","75 06:01.829","0","0","0","0","67301","0","0","0","N","0","0","0","2","67301","0","","1.0","","1","N","N","N","0","","0","0","0","","0","","","2","0","0","0","0","0","0","2","0","2","","03","","N","","","","","","","","","",""
"2021069833","1157","1","0","0","0","0","0","0","0","0","4","0","","67","7","2021","1","40.046278","-75.192355","1152","6","0","0","0","1","0","1","0","0","","0","0","0","","","0","","1","","40 02:46.600","","0","75 11:32.477","0","0","0","0","67301","0","0","0","N","0","0","0","2","67301","0","","1.0","","1","N","N","N","1","","0","0","0","","2","","","2","0","1","0","0","0","0","2","0","2","","04","","N","","","","","","","","","",""
"2021070469","0043","1","0","0","0","0","0","0","0","0","2","0","","67","7","2021","1","40.003478","-75.203128","0031","6","0","0","0","0","0","1","0","0","","0","0","0","","","2","N","0","","40 00:12.520","","0","75 12:11.260","3","0","0","0","67301","0","0","0","N","0","0","0","3","67301","0","","1.0","","1","N","N","N","1","","2","0","0","","0","","","2","2","3","0","0","0","0","2","0","2","","03","","N","","","","","","","","","",""
"2021087572","0950","0","0","0","0","0","0","1","0","0","5","1","","67","7","2021","5","40.011539","-75.060656","0935","6","0","0","0","0","0","0","0","0","","0","0","0","","","1","N","0","","40 00:41.540","1","0","75 03:38.361","8","0","0","0","67301","0","0","0","N","0","0","0","2","68K01","0","","1.0","1030.0","1","Y","N","N","0","","0","0","1","","0","Y","","3","1","0","0","0","1","0","2","0","2","","","","N","","","","","","","","","",""
"2021057263","1550","1","0","0","0","0","0","0","0","0","8","0","","67","6","2021","1","39.948174","-75.221196","1541","6","0","0","0","0","0","0","0","0","","0","0","0","","","1","","5","","39 56:53.428","","0","75 13:16.307","4","0","0","0","67301","1","0","0","N","1","0","0","2","67301","1","","1.0","","1","N","N","N","0","","0","0","0","","2","","","2","1","0","0","0","0","1","2","0","1","","03","","N","","","","","","","","","",""
"2021057132","0511","1","0","0","0","0","0","0","0","0","5","0","","67","6","2021","7","40.071489","-75.200014","0511","6","0","0","0","0","0","0","0","0","","0","0","0","","","0","N","0","","40 04:17.360","","0","75 12:00.050","0","0","0","0","67301","0","0","0","N","0","0","0","1","67301","0","","6.0","","1","N","N","N","0","","0","0","2","","0","","","3","0","0","0","0","0","0","2","0","3","","","","N","","","","","","","","","",""
"2021057139","0540","2","0","0","0","0","0","0","0","0","6","0","","67","6","2021","1","39.948972","-75.23325","0536","6","0","0","0","0","0","0","0","0","","0","0","0","","","0","","2","","39 56:56.300","","0","75 13:59.700","0","0","0","0","67301","0","0","0","N","0","0","0","1","67301","0","","1.0","","1","N","N","N","0","","0","0","2","","0","","","4","0","0","0","0","0","0","2","0","4","","03","","N","","","","","","","","","",""
"2021083690","1352","1","0","0","1","0","0","0","0","0","8","0","","67","8","2021","5","39.945728","-75.240666","1351","6","0","0","0","0","0","0","0","0","","0","0","0","","","1","N","0","","39 56:44.620","","0","75 14:26.398","8","0","0","0","67301","1","0","0","N","0","0","0","3","67301","0","","1.0","","1","N","N","N","0","","0","0","0","","9","","","2","1","0","0","0","1","0","2","0","1","","03","","N","","","","","","","","","",""
"2021059211","1527","1","0","0","0","0","0","0","0","0","1","0","","67","6","2021","6","39.95679","-75.15386","1514","6","0","0","0","0","0","0","0","0","","0","0","0","","","1","N","0","","39 57:24.443","","0","75 09:13.896","8","0","0","0","67301","0","0","0","N","0","0","0","3","68K01","0","","1.0","","1","N","N","N","1","","0","0","1","","0","","","3","1","0","0","0","1","0","2","0","3","","03","","N","","","","","","","","","",""
"2021069730","1935","0","0","0","0","0","0","0","0","0","4","0","","67","7","2021","1","39.921713","-75.190744","1929","6","0","0","0","0","0","1","0","0","","0","0","0","","","0","","3","","39 55:18.166","3","2","75 11:26.680","0","0","0","0","67301","0","0","0","N","0","0","0","4","67301","0","","1.0","2100.0","1","N","N","N","0","","0","0","1","","2","N","","2","0","0","0","0","0","0","2","1","2","","04","","N","","","","","","","","","",""
"2021094591","2216","1","0","0","0","0","0","0","0","0","5","0","","67","10","2021","6","39.970475","-75.192855","2206","6","0","0","0","0","0","0","0","0","","0","0","0","","","3","N","0","","39 58:13.711","4","0","75 11:34.277","3","0","0","0","67301","0","0","0","N","0","0","0","4","68K01","0","","1.0","2255.0","1","N","N","N","0","","3","0","1","","0","N","","2","3","0","0","0","0","0","2","0","2","","03","","N","","","","","","","","","",""
"2021057704","0200","2","0","0","0","0","0","0","0","0","4","0","","67","6","2021","1","40.040257","-75.18629","0150","6","0","0","0","0","1","0","1","0","","0","0","0","","","0","","1","","40 02:24.925","7","0","75 11:10.643","0","0","0","0","67301","0","0","0","N","0","0","0","4","67301","0","","1.0","315.0","1","N","N","N","0","","0","0","0","","3","N","","2","0","0","0","0","0","0","2","0","2","","03","","N","","","","","","","","","",""
"2021083227","0145","1","0","0","0","0","0","0","0","0","7","0","","67","9","2021","7","39.964781","-75.133864","0140","6","0","0","0","0","0","0","0","0","","0","0","0","","","1","N","0","","39 57:53.213","","0","75 08:01.911","3","0","0","0","67301","0","0","0","N","0","0","0","1","67301","0","","4.0","","1","N","N","N","0","","1","0","0","","0","","","1","1","0","0","0","0","0","2","0","1","","03","","N","","","","","","","","","",""
"2021083796","0847","1","0","0","0","0","0","0","0","0","7","0","","67","9","2021","1","40.036367","-75.218173","0843","6","0","0","0","0","0","0","0","0","","0","0","0","","","1","N","0","","40 02:10.920","","0","75 13:05.421","4","0","0","0","67301","0","0","0","N","0","0","0","1","67301","1","","5.0","","1","N","N","N","0","","0","0","0","","0","","","1","1","0","0","0","0","0","2","0","1","","03","","N","","","","","","","","","",""
"2021083185","1315","0","0","0","0","0","0","0","0","0","5","0","","67","8","2021","2","39.970744","-75.193458","1305","6","0","0","0","0","0","0","0","0","","0","0","0","","","0","N","0","","39 58:14.680","","0","75 11:36.450","0","0","0","0","67301","0","0","0","N","0","0","0","2","67301","0","","1.0","","1","N","N","N","1","","0","0","1","","0","","","2","0","0","0","0","0","0","2","0","2","","03","","N","","","","","","","","","",""
"2021083349","2105","1","0","0","0","0","0","0","0","0","8","0","","67","9","2021","6","39.947345","-75.157643","2058","6","0","0","0","0","0","0","0","0","","0","0","0","","","1","","3","","39 56:50.441","","0","75 09:27.514","8","0","0","0","67301","1","0","0","N","1","0","0","2","67301","0","","1.0","","1","N","N","N","0","","0","0","0","","2","","","2","1","0","0","0","1","1","2","0","1","","03","","N","","","","","","","","","",""
"2021082973","1028","1","0","0","0","0","0","0","0","0","4","0","","67","9","2021","6","39.983434","-75.158572","1028","6","0","0","0","0","0","1","0","0","","0","0","0","","","0","","1","","39 59:00.364","","0","75 09:30.860","0","0","0","0","67301","0","0","0","N","0","0","0","2","67505","0","","1.0","","1","N","N","Y","0","","0","0","2","","2","","","3","0","0","0","0","0","0","2","0","3","","03","","N","","","","","","","","","",""
"2021069918","1313","2","0","0","0","0","0","0","0","0","1","0","","67","7","2021","4","40.004793","-75.177672","1304","6","0","0","0","0","0","0","0","0","","0","0","0","","","1","N","0","","40 00:17.253","","0","75 10:39.620","3","0","0","0","67301","0","0","0","N","0","0","0","3","67301","0","","1.0","","1","N","N","N","0","","1","0","1","","0","","","3","1","0","0","0","0","2","2","0","3","","","","N","","","","","","","","","",""
"2021063911","1353","0","0","0","0","0","0","0","0","0","4","0","","67","7","2021","7","39.95044","-75.192585","1350","6","0","0","0","0","0","0","0","0","","0","0","0","","","0","","1","","39 57:01.584","4","0","75 11:33.305","0","0","0","0","67301","0","0","0","N","0","0","0","3","67504","0","","1.0","1425.0","1","N","N","N","0","","0","0","2","","2","Y","","2","0","0","0","0","0","0","2","0","2","","","","N","","","","","","","","","",""
"2021084769","0308","0","0","0","0","0","0","0","0","0","1","1","","67","9","2021","5","40.054618","-75.12495","0259","6","0","0","0","0","0","0","0","0","","0","1","0","","","1","N","0","","40 03:16.625","","0","75 07:29.820","3","0","0","0","67301","1","0","0","N","1","0","0","3","67301","0","","5.0","","9","N","N","N","0","","1","0","0","","2","","","3","1","0","0","0","0","0","2","1","2","","03","","N","","","","","","","","","",""
"2021057705","1550","2","0","0","0","0","0","0","0","0","4","0","","67","6","2021","1","40.051422","-75.16338","1547","6","0","0","0","0","0","0","0","0","","0","0","0","","","1","","1","","40 03:05.119","","0","75 09:48.168","3","0","0","0","67301","0","0","0","N","0","0","0","3","67301","0","","1.0","","1","N","N","N","0","","1","0","0","","2","","","2","1","2","0","0","0","0","2","0","2","","03","","N","","","","","","","","","",""
"2021057145","0600","2","0","0","0","0","0","0","0","0","4","0","","67","6","2021","7","39.987694","-75.166981","0554","6","0","1","0","0","0","0","0","0","","0","0","0","","","2","","1","","39 59:15.698","4","0","75 10:01.131","3","0","0","0","67301","0","0","0","N","0","0","0","2","67301","1","","1.0","645.0","1","N","N","N","0","","1","0","0","","3","Y","","2","2","0","0","0","0","0","2","0","2","","","","N","","","","","","","","","",""
"2021083451","1655","2","0","0","0","0","0","0","0","0","5","0","","67","9","2021","7","39.994906","-75.180694","1645","6","0","0","0","0","0","0","0","0","","0","0","0","","","0","N","0","","39 59:41.660","","0","75 10:50.500","9","0","0","0","67301","0","0","0","N","0","0","0","1","67301","0","","1.0","","1","N","N","N","0","","0","0","1","","0","","","3","0","0","0","0","0","1","2","0","3","","03","","N","","","","","","","","","",""
"2021057985","0700","1","0","0","0","0","0","0","0","0","4","0","","67","6","2021","4","40.003284","-75.153462","0655","6","0","0","0","0","0","1","0","0","","0","0","0","","","0","","2","","40 00:11.822","","0","75 09:12.463","0","0","0","0","67301","0","0","0","N","0","0","0","4","67505","0","","1.0","","1","N","N","N","0","","0","0","1","","3","","","2","0","0","0","0","0","0","2","0","2","","03","","N","","","","","","","","","",""
"2021085090","0737","3","0","0","0","0","0","0","0","0","2","1","","67","8","2021","6","39.934742","-75.191678","0737","6","0","0","0","0","0","0","0","0","","0","1","0","","","1","N","0","","39 56:05.070","","0","75 11:30.040","4","0","0","0","67301","0","0","0","N","0","0","0","2","67301","1","","1.0","","1","N","N","N","0","","0","0","2","","0","","","6","1","1","0","0","0","0","2","0","6","","","","N","","","","","","","","","",""
"2021069807","1203","0","0","0","0","0","0","0","0","0","4","0","","67","7","2021","5","39.945271","-75.170114","1203","6","0","0","0","0","0","0","1","0","","0","0","0","","","0","","1","","39 56:42.977","","0","75 10:12.411","0","0","0","0","67301","0","0","0","N","0","0","0","3","67301","0","","1.0","","1","N","N","N","0","","0","0","2","","2","","","2","0","0","0","0","0","0","2","0","2","","03","","N","","","","","","","","","",""
"2021058814","0215","2","0","0","0","0","0","0","0","0","4","0","","67","6","2021","5","40.064944","-75.160233","0212","6","0","0","0","0","0","0","0","0","","0","0","0","","","0","","1","","40 03:53.797","","0","75 09:36.839","0","0","0","0","67301","0","0","0","N","0","0","0","4","67301","0","","1.0","","1","N","N","N","0","","0","0","0","","3","","","2","0","0","0","0","0","0","2","0","2","","","","N","","","","","","","","","",""
"2021083442","0751","2","0","0","0","0","0","0","0","0","1","0","","67","9","2021","5","39.997219","-75.073662","0732","6","0","0","0","0","0","0","0","0","","0","0","0","","","0","N","0","","39 59:49.988","","0","75 04:25.182","0","0","0","0","67301","0","0","0","N","0","0","0","2","67301","0","","1.0","","1","N","N","N","0","","0","0","0","","0","","","2","0","0","0","0","0","0","2","0","2","","03","","N","","","","","","","","","",""
"2021069843","1433","1","0","0","0","0","0","0","0","0","5","0","","67","7","2021","5","40.028992","-75.034269","1433","6","0","0","0","0","0","0","0","0","","0","0","0","","","0","N","0","","40 01:44.371","","0","75 02:03.367","0","0","0","0","67301","0","0","0","N","0","0","0","2","67301","0","","1.0","","1","N","N","N","0","","0","0","1","","0","","","2","0","0","0","0","0","0","2","0","2","","03","","N","","","","","","","","","",""
"2021083617","0537","2","0","0","0","0","0","0","0","0","4","0","","67","6","2021","7","39.954092","-75.222066","0535","6","0","0","0","0","0","1","0","0","","0","0","0","","","0","","1","","39 57:14.731","","0","75 13:19.437","9","0","0","0","67301","0","0","0","N","0","0","0","2","67301","0","","1.0","","1","N","N","N","0","","0","0","2","","2","","","4","0","0","0","0","0","1","2","0","4","","03","","N","","","","","","","","","",""
"2021059524","1840","0","0","0","0","0","0","0","0","0","4","0","","67","6","2021","4","40.025494","-75.150061","1820","6","0","0","0","0","0","0","0","0","","0","0","0","","","2","","3","","40 01:31.780","","7","75 09:00.220","2","0","1","1","67301","0","0","0","N","0","0","0","3","67301","0","","1.0","","1","N","N","N","0","","1","1","1","","0","","","2","2","0","0","0","0","0","2","0","2","","03","","N","","","","","","","","","",""