"CRN","ARRIVAL_TM","AUTOMOBILE_COUNT","BELTED_DEATH_COUNT","BELTED_SUSP_SERIOUS_INJ_COUNT","BICYCLE_COUNT","BICYCLE_DEATH_COUNT","BICYCLE_SUSP_SERIOUS_INJ_COUNT","BUS_COUNT","CHLDPAS_DEATH_COUNT","CHLDPAS_SUSP_SERIOUS_INJ_COUNT","COLLISION_TYPE","COMM_VEH_COUNT","CONS_ZONE_SPD_LIM","COUNTY","CRASH_MONTH","CRASH_YEAR","DAY_OF_WEEK","DEC_LATITUDE","DEC_LONGITUDE","DISPATCH_TM","DISTRICT","DRIVER_COUNT_16YR","DRIVER_COUNT_17YR","DRIVER_COUNT_18YR","DRIVER_COUNT_19YR","DRIVER_COUNT_20YR","DRIVER_COUNT_50_64YR","DRIVER_COUNT_65_74YR","DRIVER_COUNT_75PLUS","EST_HRS_CLOSED","FATAL_COUNT","HEAVY_TRUCK_COUNT","HORSE_BUGGY_COUNT","HOUR_OF_DAY","ILLUMINATION","INJURY_COUNT","INTERSECTION_RELATED","INTERSECT_TYPE","LANE_CLOSED","LATITUDE","LN_CLOSE_DIR","LOCATION_TYPE","LONGITUDE","MAX_SEVERITY_LEVEL","MCYCLE_DEATH_COUNT","MCYCLE_SUSP_SERIOUS_INJ_COUNT","MOTORCYCLE_COUNT","MUNICIPALITY","NONMOTR_COUNT","NONMOTR_DEATH_COUNT","NONMOTR_SUSP_SERIOUS_INJ_COUNT","NTFY_HIWY_MAINT","PED_COUNT","PED_DEATH_COUNT","PED_SUSP_SERIOUS_INJ_COUNT","PERSON_COUNT","POLICE_AGCY","POSSIBLE_INJ_COUNT","RDWY_SURF_TYPE_CD","RELATION_TO_ROAD","ROADWAY_CLEARED","ROAD_CONDITION","SCH_BUS_IND","SCH_ZONE_IND","SECONDARY_CRASH","SMALL_TRUCK_COUNT","SPEC_JURIS_CD","SUSP_MINOR_INJ_COUNT","SUSP_SERIOUS_INJ_COUNT","SUV_COUNT","TCD_FUNC_CD","TCD_TYPE","TFC_DETOUR_IND","TIME_OF_DAY","TOTAL_UNITS","TOT_INJ_COUNT","UNBELTED_OCC_COUNT","UNB_DEATH_COUNT","UNB_SUSP_SERIOUS_INJ_COUNT","UNK_INJ_DEG_COUNT","UNK_INJ_PER_COUNT","URBAN_RURAL","VAN_COUNT","VEHICLE_COUNT","WEATHER1","WEATHER2","WORKERS_PRES","WORK_ZONE_IND","WORK_ZONE_LOC","WORK_ZONE_TYPE","WZ_CLOSE_DETOUR","WZ_FLAGGER","WZ_LAW_OFFCR_IND","WZ_LN_CLOSURE","WZ_MOVING","WZ_OTHER","WZ_SHLDER_MDN","WZ_WORKERS_INJ_KILLED"
"2021089524","0050","0","0","0","0","0","0","0","0","0","4","0","","67","9","2021","2","40.02744","-75.062499","0047","6","0","0","0","0","0","0","0","0","","0","0","0","","","1","","1","","40 01:38.783","","0","75 03:44.998","3","0","0","0","67301","0","0","0","N","0","0","0","3","67301","0","","5.0","","1","N","N","N","0","","1","0","2","","2","","","2","1","0","0","0","0","0","2","0","2","","03","","N","","","","","","","","","",""
"2021064286","0907","0","0","0","0","0","0","0","0","0","8","0","","67","7","2021","5","39.943974","-75.175246","0856","6","0","0","0","0","0","1","0","0","","0","0","0","","","1","","1","","39 56:38.308","","0","75 10:30.885","3","0","0","0","67301","1","0","0","N","1","0","0","2","67301","0","","1.0","","1","N","N","N","0","","1","0","1","","3","","","2","1","0","0","0","0","0","2","0","1","","03","","N","","","","","","","","","",""
"2021058295","0225","0","0","0","1","0","0","0","0","0","8","0","","67","6","2021","4","39.971462","-75.159522","0220","6","0","0","0","0","0","0","0","0","","0","0","0","","","1","","1","","39 58:17.264","","0","75 09:34.278","8","0","0","0","67301","1","0","0","N","0","0","0","2","67301","0","","1.0","","1","N","N","N","0","","0","0","1","","2","","","2","1","0","0","0","1","1","2","0","1","","03","","N","","","","","","","","","",""
"2021057147","2013","4","0","0","0","0","0","0","0","0","5","0","","67","6","2021","7","39.9903","-75.162731","2011","6","0","0","0","0","0","1","0","0","","0","0","0","","","1","N","0","","39 59:25.080","","0","75 09:45.830","3","0","0","0","67301","0","0","0","N","0","0","0","1","67301","0","","6.0","","1","N","N","N","0","","1","0","1","","0","","","5","1","1","0","0","0","0","2","0","5","","04","","N","","","","","","","","","",""
"2021058654","1700","2","0","0","0","0","0","0","0","0","1","0","","67","6","2021","3","40.035139","-75.120364","1700","6","0","0","0","0","0","1","1","0","","0","0","0","","","1","Y","0","","40 02:06.499","","0","75 07:13.311","3","0","0","0","67301","0","0","0","N","0","0","0","3","67301","0","","1.0","","9","N","N","N","0","","1","0","1","","2","","","3","1","0","0","0","0","0","2","0","3","","07","","N","","","","","","","","","",""
"2021090094","0730","1","0","0","0","0","0","0","0","0","4","0","","67","9","2021","6","39.975105","-75.141249","0722","6","0","0","0","0","0","0","0","0","","0","0","0","","","0","","1","","39 58:30.378","","0","75 08:28.496","0","0","0","0","67301","0","0","0","N","0","0","0","0","67301","0","","1.0","","1","N","N","N","0","","0","0","1","","0","","","2","0","0","0","0","0","0","2","0","2","","03","","N","","","","","","","","","",""
"2021070490","2245","1","0","0","0","0","0","0","0","0","7","0","","67","6","2021","3","39.991111","-75.117972","2240","6","0","0","0","0","0","0","0","0","","0","0","0","","","0","N","0","","39 59:28.000","","0","75 07:04.700","0","0","0","0","67301","0","0","0","N","0","0","0","1","67301","0","","4.0","","1","N","N","N","0","","0","0","1","","0","","","2","0","0","0","0","0","0","2","0","2","","","","N","","","","","","","","","",""
"2021083577","1948","1","0","0","0","0","0","0","0","0","8","0","","67","9","2021","7","40.033361","-75.091708","1938","6","0","0","0","0","0","0","0","0","","0","0","0","","","1","N","0","","40 02:00.100","","0","75 05:30.150","3","0","0","0","67301","1","0","0","N","1","0","0","1","67301","0","","1.0","","1","N","N","N","0","","1","0","0","","0","","","2","1","0","0","0","0","0","2","0","1","","03","","N","","","","","","","","","",""
"2021084855","0906","2","0","0","0","0","0","0","0","0","1","0","","67","8","2021","5","39.951709","-75.141471","0836","6","0","0","0","0","0","0","0","0","","0","0","0","","","1","N","7","","39 57:06.151","1","2","75 08:29.297","3","0","0","0","67301","0","0","0","N","0","0","0","4","68K01","0","","1.0","100.0","1","N","N","Y","0","","1","0","0","","0","N","","2","1","1","0","0","0","2","2","0","2","","03","","N","","","","","","","","","",""
"2021083453","1820","2","0","0","0","0","0","0","0","0","5","0","","67","9","2021","7","39.995431","-75.178583","1819","6","0","0","0","0","0","1","0","0","","0","0","0","","","1","N","0","","39 59:43.550","4","0","75 10:42.900","4","0","0","0","67301","0","0","0","N","0","0","0","1","67301","1","","1.0","100.0","1","N","N","Y","0","","0","0","2","","0","Y","","4","1","1","0","0","0","0","2","0","4","","","","N","","","","","","","","","",""
"2021064223","2216","2","0","0","0","0","0","0","0","0","4","0","","67","6","2021","1","39.916919","-75.21597","2216","6","0","0","0","0","1","0","0","0","","0","0","0","","","2","","2","","39 55:00.909","5","0","75 12:57.493","3","0","0","0","67301","0","0","0","N","0","0","0","5","67301","0","","1.0","2255.0","1","N","N","N","0","","2","0","1","","2","Y","","3","2","0","0","0","0","1","2","0","3","","03","","N","","","","","","","","","",""
"2021085260","1925","1","0","0","0","0","0","0","0","0","7","0","","67","9","2021","3","39.957441","-75.15085","1914","6","0","0","0","0","0","0","0","0","","0","0","0","","","0","N","0","","39 57:26.789","3","0","75 09:03.060","0","0","0","0","67301","0","0","0","N","0","0","0","1","68K01","0","","4.0","1945.0","1","N","N","N","0","","0","0","0","","0","N","","1","0","0","0","0","0","0","2","0","1","","03","","N","","","","","","","","","",""
"2021064235","1218","1","0","0","1","0","0","0","0","0","8","0","","67","7","2021","5","39.912053","-75.240203","1212","6","0","0","0","0","0","0","0","0","","0","0","0","","","1","N","0","","39 54:43.390","","0","75 14:24.730","3","0","0","0","67301","1","0","0","N","0","0","0","2","67301","0","","1.0","","1","N","N","N","0","","1","0","0","","0","","","2","1","0","0","0","0","0","2","0","1","","04","","N","","","","","","","","","",""
"2021059260","0218","0","0","0","0","0","0","0","0","0","7","0","","67","6","2021","6","40.022719","-75.148198","0216","6","0","0","0","0","0","0","0","0","","0","0","0","","","1","","5","","40 01:21.790","","0","75 08:53.512","8","0","0","1","67301","0","0","0","N","0","0","0","1","67301","0","","3.0","","1","N","N","N","0","","0","0","0","","2","","","1","1","0","0","0","1","0","2","0","1","","03","","N","","","","","","","","","",""
"2021058491","0836","1","0","0","0","0","0","0","0","0","8","0","","67","6","2021","4","40.107585","-75.053737","0836","6","0","0","0","0","0","0","0","1","","0","0","0","","","1","","2","","40 06:27.306","","0","75 03:13.453","3","0","0","0","67301","1","0","0","N","1","0","0","2","67301","0","","1.0","","1","N","N","N","0","","1","0","0","","2","","","2","1","0","0","0","0","0","2","0","1","","","","N","","","","","","","","","",""
"2021057110","1243","1","0","0","0","0","0","0","0","0","4","0","","67","6","2021","7","39.956856","-75.167616","1243","6","0","0","0","0","0","0","1","0","","0","0","0","","","0","","1","","39 57:24.681","","0","75 10:03.417","0","0","0","0","67301","0","0","0","N","0","0","0","2","67301","0","","1.0","","1","N","N","N","0","","0","0","1","","2","","","2","0","0","0","0","0","0","2","0","2","","03","","N","","","","","","","","","",""
"2021059259","0435","2","0","0","0","0","0","0","0","0","1","0","","67","6","2021","5","40.077256","-75.043995","0432","6","0","0","0","0","1","0","0","0","","0","0","0","","","1","N","0","","40 04:38.121","","0","75 02:38.383","3","0","0","0","67301","0","0","0","N","0","0","0","2","67301","0","","1.0","","1","N","N","N","0","","1","0","0","","0","","","2","1","0","0","0","0","1","2","0","2","","03","","N","","","","","","","","","",""
"2021059313","0806","0","0","0","0","0","0","0","0","0","1","0","","67","6","2021","7","40.097156","-75.018134","0758","6","0","0","0","0","0","1","0","0","","0","0","0","","","1","","1","","40 05:49.760","","0","75 01:05.283","3","0","0","0","67301","0","0","0","N","0","0","0","2","67301","0","","1.0","","9","N","N","N","0","","1","0","2","","2","","","2","1","0","0","0","0","0","2","0","2","","04","","N","","","","","","","","","",""
"2021064234","0846","1","0","0","0","0","0","0","0","0","4","0","","67","7","2021","6","39.918211","-75.208835","0843","6","0","0","0","0","0","0","0","0","","0","0","0","","","3","","2","","39 55:05.558","","7","75 12:31.805","2","0","0","0","67301","0","0","0","N","0","0","0","3","67301","0","","1.0","","99","N","N","N","1","","1","2","0","","2","","","2","3","1","0","1","0","0","2","0","2","","04","","N","","","","","","","","","",""
"2021089489","1810","1","0","0","0","0","0","0","0","0","8","0","","67","9","2021","4","40.038969","-75.036664","1806","6","0","0","0","0","0","0","1","0","","0","0","0","","","1","N","0","","40 02:20.290","","7","75 02:11.990","4","0","0","0","67301","1","0","0","N","1","0","0","2","67301","1","","6.0","","1","N","N","N","0","","0","0","0","","0","","","2","1","0","0","0","0","0","2","0","1","","","","N","","","","","","","","","",""
"2021094437","2050","1","0","0","0","0","0","0","0","0","1","0","","67","10","2021","2","39.967069","-75.20865","2049","6","0","0","0","0","0","0","0","0","","1","0","0","","","0","N","0","","39 58:01.449","6","0","75 12:31.140","1","1","0","1","67301","0","0","0","N","0","0","0","1","67301","0","2","6.0","2150.0","1","N","N","N","0","0","0","0","0","","0","Y","","2","0","0","0","0","0","0","2","0","2","","03","","N","","","","","","","","","",""
"2021058957","1915","1","0","0","0","0","0","0","0","0","4","0","","67","6","2021","4","39.928019","-75.219299","1909","6","0","0","0","0","0","1","0","0","","0","0","0","","","1","","1","","39 55:40.869","","0","75 13:09.477","3","0","0","0","67301","0","0","0","N","0","0","0","2","67301","0","","1.0","","1","N","N","N","0","","1","0","1","","2","","","2","1","0","0","0","0","1","2","0","2","","03","","N","","","","","","","","","",""
"2021061258","0835","2","0","0","0","0","0","0","0","0","4","0","","67","7","2021","6","40.001316","-75.15073","0830","6","0","0","0","0","0","1","0","0","","0","0","0","","","2","","1","","40 00:04.739","","0","75 09:02.627","3","0","0","0","67301","0","0","0","N","0","0","0","2","67505","0","","1.0","","1","N","N","N","0","","2","0","0","","2","","","2","2","1","0","0","0","0","2","0","2","","03","","N","","","","","","","","","",""
"2021062757","0039","1","0","0","0","0","0","0","0","0","7","0","","67","7","2021","2","40.008458","-75.070437","0028","6","0","0","0","0","0","0","0","0","","0","0","0","","","1","N","0","","40 00:30.449","","3","75 04:13.573","4","0","0","0","67301","0","0","0","N","0","0","0","1","68K01","1","","2.0","","1","N","N","N","0","","0","0","0","","0","","","1","1","0","0","0","0","0","2","0","1","","","","N","","","","","","","","","",""
"2021083279","0330","0","0","0","0","0","0","0","0","0","4","0","","67","9","2021","7","40.027998","-75.16177","0316","6","0","0","0","0","0","0","0","0","","0","0","0","","","0","N","0","","40 01:40.793","","0","75 09:42.371","9","0","0","0","67301","0","0","0","N","0","0","0","2","67301","0","","1.0","","1","N","N","N","0","","0","0","2","","0","","","2","0","0","0","0","0","1","2","0","2","","03","","N","","","","","","","","","",""
"2021058644","1545","2","0","0","0","0","0","0","0","0","1","0","","67","6","2021","3","39.911249","-75.192816","1530","6","0","0","0","0","0","0","0","0","","0","0","0","","","1","N","0","","39 54:40.498","","0","75 11:34.136","8","0","0","0","67301","0","0","0","N","0","0","0","4","67301","0","","1.0","","9","N","N","N","1","","0","0","0","","0","","","4","1","0","0","0","1","0","2","1","4","","04","","N","","","","","","","","","",""
"2021089279","1825","0","0","0","0","0","0","0","0","0","8","0","","67","9","2021","7","39.961081","-75.1586","1821","6","0","0","0","0","0","1","0","0","","0","0","0","","","1","N","0","","39 57:39.890","","0","75 09:30.960","2","0","0","0","67301","1","0","1","N","1","0","1","2","67301","0","","1.0","","1","N","N","N","0","","0","1","1","","0","","","2","1","0","0","0","0","0","2","0","1","","03","","N","","","","","","","","","",""
"2021064328","2047","1","0","0","0","0","0","0","0","0","6","0","","67","7","2021","7","39.993783","-75.162047","2050","6","0","0","0","0","0","1","0","0","","0","0","0","","","2","N","0","","39 59:37.620","","0","75 09:43.370","4","0","0","0","67301","0","0","0","N","0","0","0","2","67301","1","","1.0","","9","N","N","N","0","","0","0","1","","0","","","2","2","1","0","0","1","0","2","0","2","","04","","N","","","","","","","","","",""
"2021071065","2356","2","0","0","0","0","0","0","0","0","4","0","","67","7","2021","4","39.962173","-75.229423","2348","6","0","0","0","0","0","0","0","0","","0","0","0","","","1","","1","","39 57:43.822","","0","75 13:45.922","3","0","0","0","67301","0","0","0","N","0","0","0","2","67301","0","","1.0","","1","N","N","N","0","","1","0","1","","3","","","4","1","0","0","0","0","1","2","1","4","","","","N","","","","","","","","","",""
"2021083692","2022","0","0","0","0","0","0","0","0","0","4","0","","67","8","2021","3","39.883695","-75.251582","2022","6","0","0","0","0","0","0","0","0","","0","0","0","","","1","","2","","39 53:01.302","","2","75 15:05.694","3","0","0","0","67301","0","0","0","N","0","0","0","2","67301","0","","1.0","","1","N","N","N","1","","1","0","1","","2","","","2","1","0","0","0","0","0","2","0","2","","03","","N","","","","","","","","","",""
"2021057708","1010","2","0","0","0","0","0","0","0","0","1","0","","67","6","2021","1","39.962555","-75.210539","1009","6","0","0","0","0","0","0","1","0","","0","0","0","","","4","","2","","39 57:45.199","","0","75 12:37.941","3","0","0","0","67301","0","0","0","N","0","0","0","6","67301","0","","1.0","","1","N","N","N","0","","4","0","1","","2","","","3","4","0","0","0","0","0","2","0","3","","03","","N","","","","","","","","","",""
"2021064384","1500","1","0","0","0","0","0","0","0","0","5","0","","67","7","2021","5","40.038972","-75.150035","1500","6","0","0","0","1","0","0","0","0","","0","0","0","","","0","","1","","40 02:20.299","","0","75 09:00.127","9","0","0","0","67301","0","0","0","N","0","0","0","2","67301","0","","1.0","","99","N","N","N","0","","0","0","1","","2","","","2","0","2","0","0","0","1","2","0","2","","","","N","","","","","","","","","",""
"2021069816","1349","2","0","0","0","0","0","0","0","0","4","0","","67","7","2021","2","39.919855","-75.227538","1347","6","0","0","0","0","0","0","0","0","","0","0","0","","","0","","1","","39 55:11.478","","0","75 13:39.136","0","0","0","0","67301","0","0","0","N","0","0","0","2","67301","0","","1.0","","1","N","N","N","0","","0","0","1","","2","","","3","0","2","0","0","0","0","2","0","3","","03","","N","","","","","","","","","",""
"2021058268","1406","2","0","0","0","0","0","0","0","0","1","0","","67","6","2021","3","39.959489","-75.174742","1401","6","0","0","0","0","0","1","0","0","","0","0","0","","","0","N","0","","39 57:34.161","4","0","75 10:29.072","0","0","0","0","67301","0","0","0","N","0","0","0","3","68K01","0","","1.0","1420.0","9","N","N","N","0","","0","0","0","","0","N","","2","0","0","0","0","0","0","2","0","2","","","","N","","","","","","","","","",""
"2021057269","0849","0","0","0","0","0","0","0","0","0","5","0","","67","6","2021","7","40.050092","-75.150672","0849","6","0","0","0","0","0","0","0","0","","0","0","0","","","1","N","0","","40 03:00.330","","0","75 09:02.420","8","0","0","0","67301","0","0","0","N","0","0","0","2","67301","0","","1.0","","99","N","N","N","0","","0","0","1","","0","","","2","1","1","0","0","1","1","2","0","2","","","","N","","","","","","","","","",""
"2021058010","1009","1","0","0","0","0","0","0","0","0","1","0","","67","6","2021","3","39.916108","-75.165387","1009","6","0","0","0","0","1","1","0","0","","0","0","0","","","0","N","0","","39 54:57.989","4","0","75 09:55.394","0","0","0","0","67301","0","0","0","N","0","0","0","5","67301","0","","1.0","1045.0","9","N","N","N","0","","0","0","2","","0","Y","","3","0","0","0","0","0","0","2","0","3","","04","","N","","","","","","","","","",""
"2021059312","1830","3","0","0","0","0","0","0","0","0","4","0","","67","6","2021","6","40.074609","-75.035074","1816","6","0","0","0","0","0","0","0","1","","0","0","0","","","3","","1","","40 04:28.594","","0","75 02:06.267","3","0","0","0","67301","0","0","0","N","0","0","0","6","67301","0","","1.0","","1","N","N","N","0","","3","0","0","","1","","","3","3","0","0","0","0","0","2","0","3","","03","","N","","","","","","","","","",""
"2021085408","0419","0","0","0","0","0","0","0","0","0","7","0","","67","9","2021","5","39.958345","-75.180388","0411","6","0","0","0","0","0","0","0","0","","0","0","0","","","0","N","6","","39 57:30.041","4","2","75 10:49.395","0","0","0","0","67301","0","0","0","Y","0","0","0","1","68K01","0","","2.0","445.0","9","N","N","N","0","","0","0","1","","0","N","","1","0","0","0","0","0","0","2","0","1","","03","","N","","","","","","","","","",""
"2021057148","2025","2","0","0","0","0","0","0","0","0","4","0","","67","6","2021","7","39.988657","-75.187059","2018","6","1","0","0","0","0","0","0","0","","0","0","0","","","0","","1","","39 59:19.164","","0","75 11:13.413","0","0","0","0","67301","0","0","0","N","0","0","0","1","67301","0","","1.0","","1","N","N","N","0","","0","0","0","","2","","","2","0","0","0","0","0","0","2","0","2","","","","N","","","","","","","","","",""
"2021087664","2204","0","0","0","0","0","0","0","0","0","1","1","","67","9","2021","4","39.953154","-75.248748","2204","6","0","0","0","0","0","0","0","0","","0","1","0","","","0","","2","","39 57:11.353","","0","75 14:55.491","9","0","0","0","67301","0","0","0","N","0","0","0","2","67301","0","","1.0","","9","N","N","N","1","","0","0","0","","2","","","2","0","0","0","0","0","1","2","0","2","","","","N","","","","","","","","","",""
"2021058812","1640","1","0","0","0","0","0","0","0","0","4","0","","67","6","2021","2","40.031296","-75.085058","1635","6","0","0","0","0","0","0","0","0","","0","0","0","","","0","","1","","40 01:52.664","","0","75 05:06.208","9","0","0","0","67301","0","0","0","N","0","0","0","2","67301","0","","1.0","","1","N","N","N","0","","0","0","1","","2","","","2","0","0","0","0","0","2","2","0","2","","03","","N","","","","","","","","","",""
"2021059525","2131","1","0","0","0","0","0","0","0","0","4","0","","67","6","2021","4","40.049911","-75.11636","2131","6","0","0","0","0","0","0","0","0","","0","0","0","","","1","N","0","","40 02:59.680","","0","75 06:58.896","3","0","0","1","67301","0","0","0","N","0","0","0","2","67301","0","","1.0","","1","N","N","N","0","","1","0","0","","0","","","2","1","0","0","0","0","0","2","0","2","","03","","N","","","","","","","","","",""
"2021058822","2140","1","0","0","0","0","0","0","0","0","4","0","","67","6","2021","5","40.007217","-75.123438","2138","6","0","0","0","0","0","0","0","0","","0","0","0","","","1","","1","","40 00:25.981","","0","75 07:24.378","2","0","0","0","67301","0","0","0","N","0","0","0","2","67301","0","","1.0","","1","N","N","N","0","","0","1","0","","2","","","2","1","0","0","0","0","0","2","1","2","","03","","N","","","","","","","","","",""
"2021058297","1847","1","0","0","0","0","0","0","0","0","1","0","","67","6","2021","3","40.00736","-75.192597","1841","6","0","0","0","0","0","0","0","0","","0","0","0","","","1","N","0","","40 00:26.497","","3","75 11:33.350","3","0","0","0","67301","0","0","0","N","0","0","0","2","67301","0","","1.0","","9","N","N","N","0","","1","0","1","","0","","","2","1","0","0","0","0","0","2","0","2","","","","N","","","","","","","","","",""
"2021083791","0420","1","0","0","0","0","0","0","0","0","4","0","","67","9","2021","7","40.031213","-75.22046","0415","6","0","0","0","0","0","1","0","0","","0","0","0","","","1","","1","","40 01:52.366","","0","75 13:13.655","3","0","0","0","67301","0","0","0","N","0","0","0","2","67301","0","","1.0","","1","N","N","N","0","","1","0","1","","3","","","2","1","0","0","0","0","0","2","0","2","","","","N","","","","","","","","","",""
"2021084852","0730","1","0","0","0","0","0","0","0","0","1","0","","67","8","2021","3","39.96604","-75.135911","0713","6","0","0","0","0","0","1","0","0","","0","0","0","","","0","N","0","","39 57:57.743","","0","75 08:09.280","0","0","0","0","67301","0","0","0","N","0","0","0","2","68K01","0","","1.0","","1","N","N","N","0","","0","0","1","","0","","","2","0","0","0","0","0","0","2","0","2","","03","","N","","","","","","","","","",""
"2021058734","1855","1","0","0","0","0","0","0","0","0","4","0","","67","6","2021","5","40.058751","-75.050583","1845","6","0","0","0","0","0","0","0","0","","0","0","0","","","1","","1","","40 03:31.504","","0","75 03:02.099","3","0","0","0","67301","0","0","0","N","0","0","0","4","67301","0","","1.0","","1","N","N","N","0","","1","0","0","","3","","","2","1","0","0","0","0","0","2","1","2","","03","","N","","","","","","","","","",""
"2021057938","1919","1","0","0","0","0","0","0","0","0","6","0","","67","6","2021","2","39.992574","-75.143581","1917","6","0","0","0","0","0","0","0","0","","0","0","0","","","0","N","0","","39 59:33.267","","0","75 08:36.890","0","0","0","0","67301","0","0","0","N","0","0","0","1","67301","0","","6.0","","1","N","N","N","0","","0","0","1","","0","","","2","0","1","0","0","0","0","2","0","2","","03","","N","","","","","","","","","",""
"2021057107","0250","0","0","0","0","0","0","0","0","0","7","0","","67","6","2021","1","40.072892","-75.075887","0247","6","0","0","0","0","0","1","0","0","","0","0","0","","","1","","1","","40 04:22.410","","0","75 04:33.193","3","0","0","0","67301","0","0","0","N","0","0","0","1","67301","0","","4.0","","1","N","N","N","0","","1","0","1","","0","","","1","1","0","0","0","0","0","2","0","1","","","","N","","","","","","","","","",""
"2021059119","1055","0","0","0","0","0","0","0","0","0","4","0","","67","6","2021","6","40.034233","-75.074783","1045","6","0","0","0","0","0","0","1","0","","0","0","0","","","0","","1","","40 02:03.238","2","0","75 04:29.218","0","0","0","0","67301","0","0","0","N","0","0","0","2","67301","0","","1.0","1150.0","1","N","N","N","1","","0","0","1","","2","N","","2","0","0","0","0","0","0","2","0","2","","03","","N","","","","","","","","","",""
"2021064226","1117","2","0","0","0","0","0","0","0","0","4","0","","67","6","2021","5","39.917183","-75.246303","1117","6","0","0","0","0","0","0","0","0","","0","0","0","","","1","","1","","39 55:01.859","","0","75 14:46.691","3","0","0","0","67301","0","0","0","N","0","0","0","3","67301","0","","1.0","","1","N","N","N","0","","1","0","0","","2","","","2","1","0","0","0","0","0","2","0","2","","","","N","","","","","","","","","",""
"2021088778","0430","1","0","0","0","0","0","0","0","0","4","0","","67","8","2021","3","39.949231","-75.229517","0427","6","0","0","1","0","0","0","0","0","","0","0","0","","","2","N","0","","39 56:57.230","","0","75 13:46.260","3","0","0","0","67301","0","0","0","N","0","0","0","3","67301","0","","1.0","","1","N","N","N","0","","2","0","1","","0","","","2","2","0","0","0","0","1","2","0","2","","","","N","","","","","","","","","",""
"2021057267","1832","1","0","0","0","0","0","0","0","0","4","0","","67","6","2021","1","39.988189","-75.134478","1832","6","0","0","0","0","0","0","0","0","","0","0","0","","","0","","1","","39 59:17.480","","0","75 08:04.120","0","0","0","0","67301","0","0","0","N","0","0","0","2","67301","0","","1.0","","1","N","N","N","0","","0","0","1","","3","","","2","0","0","0","0","0","0","2","0","2","","","","N","","","","","","","","","",""
"2021057172","2359","1","0","0","0","0","0","0","0","0","4","0","","67","6","2021","7","40.027194","-75.151242","2350","6","0","0","0","0","0","1","0","0","","0","0","0","","","0","","1","","40 01:37.898","","0","75 09:04.471","0","0","0","0","67301","0","0","0","N","0","0","0","4","67301","0","","1.0","","1","N","N","N","0","","0","0","1","","2","","","2","0","0","0","0","0","0","2","0","2","","03","","N","","","","","","","","","",""
"2021083652","0248","0","0","0","0","0","0","0","0","0","5","1","","67","9","2021","5","40.050575","-75.122611","0244","6","0","0","0","0","0","0","0","0","","0","1","0","","","0","N","0","","40 03:02.070","","0","75 07:21.400","9","0","0","0","67301","0","0","0","N","0","0","0","1","67301","0","","6.0","","9","N","N","N","0","","0","0","0","","0","","","4","0","0","0","0","0","1","2","3","4","","03","","N","","","","","","","","","",""
"2021057169","0255","1","0","0","0","0","0","0","0","0","4","0","","67","6","2021","7","40.027194","-75.151242","0253","6","0","0","0","0","0","0","0","0","","0","0","0","","","0","","1","","40 01:37.898","","0","75 09:04.471","9","0","0","0","67301","0","0","0","N","0","0","0","2","67301","0","","1.0","","9","N","N","N","0","","0","0","1","","2","","","2","0","0","0","0","0","1","2","0","2","","07","","N","","","","","","","","","",""
"2021064329","1210","2","0","0","0","0","0","0","0","0","4","0","","67","7","2021","1","39.996472","-75.185306","1158","6","0","0","0","0","0","0","0","0","","0","0","0","","","0","N","0","","39 59:47.300","","0","75 11:07.100","0","0","0","1","67301","0","0","0","N","0","0","0","2","67301","0","","1.0","","1","N","N","N","0","","0","0","0","","0","","","3","0","0","0","0","0","0","2","0","3","","03","","N","","","","","","","","","",""
"2021058743","1409","0","0","0","0","0","0","0","0","0","8","0","","67","6","2021","4","40.019058","-75.152433","1401","6","0","0","0","0","0","0","0","0","","0","0","0","","","1","N","0","","40 01:08.610","","0","75 09:08.760","3","0","0","0","67301","1","0","0","N","1","0","0","2","67301","0","","1.0","","1","N","N","N","0","","1","0","1","","0","","","2","1","0","0","0","0","0","2","0","1","","","","N","","","","","","","","","",""
"2021069882","0144","0","0","0","0","0","0","0","0","0","0","0","","67","6","2021","6","39.978939","-75.108169","0144","6","0","0","0","0","0","0","0","0","","0","0","0","","","1","N","0","","39 58:44.181","","0","75 06:29.409","8","0","0","1","67301","0","0","0","N","0","0","0","1","67301","0","","1.0","","1","N","N","N","0","","0","0","0","","0","","","1","1","0","0","0","1","0","2","0","1","","03","","N","","","","","","","","","",""
"2021085380","0232","5","0","0","0","0","0","0","0","0","1","0","","67","8","2021","3","40.012043","-75.060168","0223","6","0","0","0","0","0","0","1","0","","0","0","0","","","1","N","0","","40 00:43.355","2","0","75 03:36.606","3","0","0","0","67301","0","0","0","N","0","0","0","6","68K01","0","","1.0","30.0","1","N","N","N","0","","1","0","0","","0","N","","5","1","0","0","0","0","0","2","0","5","","03","","N","","","","","","","","","",""
"2021093999","1815","0","0","0","0","0","0","1","0","0","1","1","","67","9","2021","6","40.035819","-75.149883","1808","6","0","0","0","0","0","0","0","0","","0","0","0","","","2","","1","","40 02:08.948","","0","75 08:59.578","4","0","0","0","67301","0","0","0","N","0","0","0","4","67508","2","","1.0","","1","N","N","Y","1","","0","0","0","","2","","","2","2","0","0","0","0","0","2","0","2","","03","","N","","","","","","","","","",""
"2021058393","0835","1","0","0","0","0","0","0","0","0","5","0","","67","6","2021","3","40.038297","-75.058289","0834","6","0","0","0","0","0","0","0","0","","0","0","0","","","1","N","0","","40 02:17.870","","0","75 03:29.840","4","0","0","0","67301","0","0","0","N","0","0","0","1","67301","1","","6.0","","1","N","N","N","1","","0","0","2","","0","","","4","1","0","0","0","0","0","2","0","4","","","","N","","","","","","","","","",""