"CRN","ARRIVAL_TM","AUTOMOBILE_COUNT","BELTED_DEATH_COUNT","BELTED_SUSP_SERIOUS_INJ_COUNT","BICYCLE_COUNT","BICYCLE_DEATH_COUNT","BICYCLE_SUSP_SERIOUS_INJ_COUNT","BUS_COUNT","CHLDPAS_DEATH_COUNT","CHLDPAS_SUSP_SERIOUS_INJ_COUNT","COLLISION_TYPE","COMM_VEH_COUNT","CONS_ZONE_SPD_LIM","COUNTY","CRASH_MONTH","CRASH_YEAR","DAY_OF_WEEK","DEC_LATITUDE","DEC_LONGITUDE","DISPATCH_TM","DISTRICT","DRIVER_COUNT_16YR","DRIVER_COUNT_17YR","DRIVER_COUNT_18YR","DRIVER_COUNT_19YR","DRIVER_COUNT_20YR","DRIVER_COUNT_50_64YR","DRIVER_COUNT_65_74YR","DRIVER_COUNT_75PLUS","EST_HRS_CLOSED","FATAL_COUNT","HEAVY_TRUCK_COUNT","HORSE_BUGGY_COUNT","HOUR_OF_DAY","ILLUMINATION","INJURY_COUNT","INTERSECTION_RELATED","INTERSECT_TYPE","LANE_CLOSED","LATITUDE","LN_CLOSE_DIR","LOCATION_TYPE","LONGITUDE","MAX_SEVERITY_LEVEL","MCYCLE_DEATH_COUNT","MCYCLE_SUSP_SERIOUS_INJ_COUNT","MOTORCYCLE_COUNT","MUNICIPALITY","NONMOTR_COUNT","NONMOTR_DEATH_COUNT","NONMOTR_SUSP_SERIOUS_INJ_COUNT","NTFY_HIWY_MAINT","PED_COUNT","PED_DEATH_COUNT","PED_SUSP_SERIOUS_INJ_COUNT","PERSON_COUNT","POLICE_AGCY","POSSIBLE_INJ_COUNT","RDWY_SURF_TYPE_CD","RELATION_TO_ROAD","ROADWAY_CLEARED","ROAD_CONDITION","SCH_BUS_IND","SCH_ZONE_IND","SECONDARY_CRASH","SMALL_TRUCK_COUNT","SPEC_JURIS_CD","SUSP_MINOR_INJ_COUNT","SUSP_SERIOUS_INJ_COUNT","SUV_COUNT","TCD_FUNC_CD","TCD_TYPE","TFC_DETOUR_IND","TIME_OF_DAY","TOTAL_UNITS","TOT_INJ_COUNT","UNBELTED_OCC_COUNT","UNB_DEATH_COUNT","UNB_SUSP_SERIOUS_INJ_COUNT","UNK_INJ_DEG_COUNT","UNK_INJ_PER_COUNT","URBAN_RURAL","VAN_COUNT","VEHICLE_COUNT","WEATHER1","WEATHER2","WORKERS_PRES","WORK_ZONE_IND","WORK_ZONE_LOC","WORK_ZONE_TYPE","WZ_CLOSE_DETOUR","WZ_FLAGGER","WZ_LAW_OFFCR_IND","WZ_LN_CLOSURE","WZ_MOVING","WZ_OTHER","WZ_SHLDER_MDN","WZ_WORKERS_INJ_KILLED"
"2021057501","2245","1","0","0","0","0","0","0","0","0","4","0","","67","6","2021","2","40.050667","-75.173272","2241","6","0","0","0","0","0","0","0","0","","0","0","0","","","5","","1","","40 03:02.401","7","0","75 10:23.780","3","0","0","0","67301","0","0","0","N","0","0","0","6","67301","2","","1.0","2250.0","9","N","N","N","0","","3","0","2","","2","Y","","3","5","0","0","0","0","0","2","0","3","","07","","N","","","","","","","","","",""
"2021064185","0547","0","0","0","0","0","0","0","0","0","4","0","","67","7","2021","2","40.045256","-75.074233","0545","6","0","0","0","0","0","0","0","0","","0","0","0","","","2","","1","","40 02:42.921","","0","75 04:27.238","4","0","0","1","67301","0","0","0","N","0","0","0","3","67301","2","","1.0","","1","N","N","N","0","","0","0","0","","2","","","2","2","0","0","0","0","0","2","1","2","","03","","N","","","","","","","","","",""
"2021059051","0750","0","0","0","0","0","0","0","0","0","4","0","","67","6","2021","6","40.05431","-75.049499","0741","6","0","0","0","0","0","1","1","0","","0","0","0","","","2","","1","","40 03:15.517","","0","75 02:58.198","3","0","0","0","67301","0","0","0","N","0","0","0","3","67301","0","","1.0","","1","N","N","N","0","","2","0","2","","2","","","2","2","0","0","0","0","0","2","0","2","","03","","N","","","","","","","","","",""
"2021061240","1700","0","0","0","1","0","0","1","0","0","8","1","","67","6","2021","4","39.935782","-75.170538","1650","6","0","0","0","0","0","0","0","0","","0","0","0","","","1","","1","","39 56:08.815","","0","75 10:13.936","4","0","0","0","67301","1","0","0","N","0","0","0","2","67508","1","","1.0","","1","N","N","Y","0","","0","0","0","","3","","","2","1","0","0","0","0","0","2","0","1","","03","","N","","","","","","","","","",""
"2021070514","0915","1","0","0","0","0","0","0","0","0","1","0","","67","6","2021","7","40.0089","-75.150575","0915","6","0","0","0","0","0","0","0","0","","0","0","0","","","1","N","0","","40 00:32.040","","0","75 09:02.070","8","0","0","0","67301","0","0","0","N","0","0","0","2","67301","0","","6.0","","1","N","N","N","0","","0","0","1","","0","","","2","1","0","0","0","1","1","2","0","2","","03","","N","","","","","","","","","",""
"2021057916","0053","2","0","0","0","0","0","0","0","0","4","0","","67","6","2021","1","39.955216","-75.225866","0048","6","0","0","0","0","0","0","0","0","","0","0","0","","","2","","1","","39 57:18.779","","0","75 13:33.116","3","0","0","0","67301","0","0","0","N","0","0","0","2","67301","0","","1.0","","1","N","N","N","0","","2","0","0","","0","","","2","2","1","0","0","0","0","2","0","2","","03","","N","","","","","","","","","",""
"2021057102","0242","1","0","0","0","0","0","0","0","0","1","0","","67","6","2021","7","39.944594","-75.158247","0236","6","0","0","0","0","0","0","0","0","","0","0","0","","","2","N","0","","39 56:40.540","","0","75 09:29.690","3","0","0","0","67301","0","0","0","N","0","0","0","2","67301","0","","6.0","","9","N","N","Y","0","","2","0","2","","0","","","3","2","2","0","0","0","0","2","0","3","","07","","N","","","","","","","","","",""
"2021058618","1037","0","0","0","0","0","0","0","0","0","1","0","","67","6","2021","5","39.983858","-75.097189","1020","6","0","0","0","0","0","0","0","0","","0","0","0","","","0","N","0","","39 59:01.890","2","3","75 05:49.881","0","0","0","0","67301","0","0","0","N","0","0","0","4","68K01","0","","1.0","1050.0","1","N","N","N","1","","0","0","1","","0","N","","2","0","0","0","0","0","0","2","0","2","","","","N","","","","","","","","","",""
"2021064163","2007","1","0","0","0","0","0","0","0","0","4","0","","67","6","2021","6","39.927926","-75.187519","2005","6","0","0","0","0","0","0","0","0","","0","0","0","","","1","","1","","39 55:40.533","","1","75 11:15.068","8","0","0","0","67301","0","0","0","N","0","0","0","3","67301","0","","1.0","","1","N","N","N","0","","0","0","1","","3","","","3","1","1","0","0","1","1","2","1","3","","03","","N","","","","","","","","","",""
"2021091621","1909","1","0","0","0","0","0","0","0","0","1","0","","67","8","2021","6","39.975452","-75.194529","1858","6","0","0","0","0","0","0","0","0","","0","0","0","","","0","N","0","","39 58:31.626","","0","75 11:40.306","0","0","0","0","67301","0","0","0","N","0","0","0","2","68K01","0","","1.0","","1","N","N","N","0","","0","0","1","","0","","","2","0","0","0","0","0","0","2","0","2","","","","N","","","","","","","","","",""
"2021084725","1543","1","0","0","0","0","0","0","0","0","4","1","","67","9","2021","5","39.945827","-75.183141","1538","6","0","0","0","0","0","0","0","0","","0","1","0","","","0","","1","","39 56:44.977","7","0","75 10:59.307","0","0","0","1","67301","0","0","0","N","0","0","0","1","67301","0","","1.0","1630.0","1","N","N","N","0","","0","0","0","","2","Y","","3","0","0","0","0","0","0","2","0","3","","","","N","","","","","","","","","",""
"2021057575","1557","0","0","0","0","0","0","0","0","0","1","0","","67","6","2021","2","39.959671","-75.247404","1547","6","0","0","0","0","0","1","0","0","","0","0","0","","","1","","2","","39 57:34.816","","0","75 14:50.653","4","0","0","0","67301","0","0","0","N","0","0","0","2","67301","1","","1.0","","1","N","N","N","0","","0","0","2","","2","","","2","1","0","0","0","0","0","2","0","2","","03","","N","","","","","","","","","",""
"2021058653","1550","1","0","0","0","0","0","0","0","0","4","0","","67","6","2021","3","40.041233","-75.144967","1544","6","0","0","0","0","0","0","0","0","","0","0","0","","","1","N","0","","40 02:28.440","","7","75 08:41.880","3","0","0","0","67301","0","0","0","N","0","0","0","2","67301","0","","1.0","","9","N","N","N","1","","1","0","0","","0","","","2","1","0","0","0","0","0","2","0","2","","03","","N","","","","","","","","","",""
"2021056969","1622","2","0","0","0","0","0","0","0","0","1","0","","67","6","2021","7","39.957334","-75.158491","1622","6","0","0","0","0","0","1","0","0","","0","0","0","","","1","N","0","","39 57:26.401","3","0","75 09:30.569","3","0","0","0","67301","0","0","0","N","0","0","0","3","68K01","0","","1.0","1625.0","9","N","N","N","0","","1","0","1","","0","N","","3","1","0","0","0","0","0","2","0","3","","07","","N","","","","","","","","","",""
"2021064299","1740","0","0","0","0","0","0","0","0","0","8","0","","67","6","2021","2","40.003417","-75.203234","1728","6","0","0","0","0","0","0","0","0","","0","0","0","","","1","","2","","40 00:12.301","","7","75 12:11.644","3","0","0","0","67301","1","0","0","N","1","0","0","2","67301","0","","1.0","","1","N","N","N","0","","1","0","0","","2","","","2","1","1","0","0","0","0","2","1","1","","","","N","","","","","","","","","",""
"2021084091","2143","0","0","0","0","0","0","0","0","0","4","0","","67","9","2021","2","39.978601","-75.145008","2141","6","0","0","0","0","0","0","0","0","","0","0","0","","","1","","1","","39 58:42.963","","0","75 08:42.028","8","0","0","1","67301","0","0","0","N","0","0","0","2","67301","0","","1.0","","1","N","N","N","1","","0","0","0","","2","","","2","1","0","0","0","1","0","2","0","2","","03","","N","","","","","","","","","",""
"2021057106","1700","1","0","0","0","0","0","0","0","0","1","0","","67","6","2021","7","40.108256","-74.996983","1630","6","0","0","0","0","0","0","0","0","","0","0","0","","","0","N","0","","40 06:29.722","","3","74 59:49.137","0","0","0","0","67301","0","0","0","N","0","0","0","2","67301","0","","1.0","","9","N","N","N","0","","0","0","1","","0","","","2","0","0","0","0","0","0","2","0","2","","07","","N","","","","","","","","","",""
"2021070364","0150","1","0","0","0","0","0","0","0","0","5","0","","67","7","2021","7","39.92675","-75.1685","0145","6","0","0","0","0","0","0","0","0","","0","0","0","","","1","N","0","","39 55:36.300","","0","75 10:06.600","3","0","0","1","67301","0","0","0","N","0","0","0","1","67301","0","","6.0","","1","N","N","Y","0","","1","0","1","","0","","","3","1","0","0","0","0","0","2","0","3","","03","","N","","","","","","","","","",""
"2021083406","0211","1","0","0","0","0","0","0","0","0","7","0","","67","9","2021","6","40.061294","-75.083506","0202","6","0","0","0","0","0","0","0","0","","0","0","0","","","2","","1","","40 03:40.658","","0","75 05:00.623","3","0","0","0","67301","0","0","0","N","0","0","0","2","67301","0","","4.0","","1","N","N","N","0","","1","0","0","","2","","","1","2","0","0","0","1","0","2","0","1","","03","","N","","","","","","","","","",""
"2021058986","1742","1","0","0","0","0","0","0","0","0","1","0","","67","6","2021","6","40.08024","-75.207971","1740","6","0","0","0","0","0","1","0","0","","0","0","0","","","0","N","0","","40 04:48.864","","0","75 12:28.694","0","0","0","0","67301","0","0","0","N","0","0","0","2","67301","0","","1.0","","1","N","N","N","1","","0","0","0","","0","","","2","0","0","0","0","0","0","2","0","2","","03","","N","","","","","","","","","",""
"2021057120","1445","1","0","0","1","0","0","0","0","0","8","0","","67","6","2021","7","39.925039","-75.226301","1445","6","0","0","0","0","0","0","0","0","","0","0","0","","","1","","1","","39 55:30.139","","0","75 13:34.685","3","0","0","0","67301","1","0","0","N","0","0","0","2","67301","0","","1.0","","1","N","N","N","0","","1","0","0","","2","","","2","1","0","0","0","0","0","2","0","1","","03","","N","","","","","","","","","",""
"2021058371","1230","1","0","0","0","0","0","0","0","0","3","0","35","67","6","2021","4","39.91375","-75.183778","1224","6","0","0","0","0","0","1","0","0","","0","0","0","","","0","N","0","","39 54:49.500","","3","75 11:01.600","0","0","0","0","67301","0","0","0","N","0","0","0","2","67501","0","","1.0","","1","N","N","N","1","","0","0","0","","0","","","2","0","0","0","0","0","0","2","0","2","","","Y","Y","3","1","","","N","Y","","","Y","N"
"2021069863","1017","0","0","0","0","0","0","0","0","0","5","0","","67","7","2021","7","39.953275","-75.234467","1015","6","0","0","0","0","0","1","0","0","","0","0","0","","","0","N","0","","39 57:11.790","","0","75 14:04.080","0","0","0","0","67301","0","0","0","N","0","0","0","1","67301","0","","6.0","","1","N","N","N","0","","0","0","2","","0","","","2","0","0","0","0","0","0","2","0","2","","03","","N","","","","","","","","","",""
"2021069849","0302","4","0","0","0","0","0","0","0","0","1","0","","67","7","2021","2","40.024081","-75.049067","0247","6","0","0","0","0","1","0","0","0","","0","0","0","","","1","N","0","","40 01:26.690","","0","75 02:56.640","3","0","0","0","67301","0","0","0","N","0","0","0","3","67301","0","","1.0","","1","N","N","N","0","","1","0","0","","0","","","5","1","0","0","0","0","0","2","0","5","","03","","N","","","","","","","","","",""
"2021059233","1813","1","0","0","0","0","0","0","0","0","4","0","","67","6","2021","3","40.056416","-75.012801","1810","6","0","0","0","0","0","1","1","0","","0","0","0","","","1","","1","","40 03:23.098","","0","75 00:46.082","3","0","0","0","67301","0","0","0","N","0","0","0","2","67301","0","","1.0","","9","N","N","N","0","","1","0","1","","2","","","2","1","0","0","0","0","0","2","0","2","","04","","N","","","","","","","","","",""
"2021059558","2001","2","0","0","0","0","0","0","0","0","4","0","","67","6","2021","5","40.011455","-75.107332","2001","6","0","0","0","0","0","0","0","0","","0","0","0","","","2","","2","","40 00:41.239","4","0","75 06:26.394","3","0","0","0","67301","0","0","0","N","0","0","0","3","67301","0","","1.0","2230.0","1","N","N","N","1","","2","0","0","","0","Y","","3","2","0","0","0","0","1","2","0","3","","","","N","","","","","","","","","",""
"2021084859","2225","2","0","0","0","0","0","0","0","0","1","0","","67","8","2021","6","39.996661","-75.082291","2216","6","0","0","0","0","0","0","1","0","","0","0","0","","","0","N","0","","39 59:47.981","1","0","75 04:56.246","0","0","0","0","67301","0","0","0","N","0","0","0","2","68K01","0","","1.0","10.0","1","N","N","N","0","","0","0","0","","0","N","","2","0","0","0","0","0","0","2","0","2","","03","","N","","","","","","","","","",""
"2021069930","1735","1","0","0","0","0","0","0","0","0","8","0","","67","7","2021","7","39.876933","-75.24655","1735","6","0","0","0","0","0","0","0","0","","0","0","0","","","1","N","0","","39 52:36.960","","1","75 14:47.580","3","0","0","0","67301","1","0","0","N","1","0","0","2","67301","0","","6.0","","1","N","N","N","0","","1","0","0","","0","","","2","1","0","0","0","0","0","2","0","1","","","","N","","","","","","","","","",""
"2021064341","1034","2","0","0","0","0","0","0","0","0","4","0","","67","6","2021","5","39.998425","-75.128644","1033","6","0","0","0","0","1","0","0","0","","0","0","0","","","3","","2","","39 59:54.329","","0","75 07:43.119","2","0","0","0","67301","0","0","0","N","0","0","0","4","67301","0","","1.0","","1","N","N","N","0","","0","3","1","","3","","","3","3","0","0","0","0","0","2","0","3","","03","","N","","","","","","","","","",""
"2021069869","0241","2","0","0","0","0","0","0","0","0","5","0","","67","7","2021","1","39.950528","-75.246169","0239","6","0","0","0","0","0","0","0","0","","0","0","0","","","0","N","0","","39 57:01.900","","0","75 14:46.210","0","0","0","0","67301","0","0","0","N","0","0","0","2","67301","0","","1.0","","9","N","N","N","0","","0","0","1","","0","","","3","0","0","0","0","0","0","2","0","3","","","","N","","","","","","","","","",""
"2021085401","1124","1","0","0","0","0","0","0","0","0","5","0","","67","9","2021","4","39.94929","-75.141468","1122","6","0","0","0","0","0","0","0","1","","0","0","0","","","0","N","0","","39 56:57.444","","0","75 08:29.284","0","0","0","0","67301","0","0","0","N","0","0","0","2","68K01","0","","1.0","","1","N","N","N","0","","0","0","1","","0","","","2","0","0","0","0","0","0","2","0","2","","03","","N","","","","","","","","","",""
"2021093414","2137","2","0","0","0","0","0","0","0","0","1","0","","67","9","2021","6","39.968513","-75.19109","2135","6","0","0","0","0","0","1","1","0","","0","0","0","","","0","N","0","","39 58:06.646","4","0","75 11:27.924","0","0","0","0","67301","0","0","0","N","0","0","0","4","68K01","0","","1.0","2243.0","1","N","N","N","0","","0","0","2","","0","Y","","4","0","0","0","0","0","0","2","0","4","","","","N","","","","","","","","","",""
"2021083693","0836","1","0","0","0","0","0","0","0","0","4","0","","67","9","2021","6","39.938342","-75.228908","0836","6","0","0","0","0","0","0","0","0","","0","0","0","","","1","N","0","","39 56:18.030","","0","75 13:44.070","8","0","0","0","67301","0","0","0","N","0","0","0","3","67301","0","","9.0","","1","N","N","N","1","","0","0","1","","0","","","3","1","0","0","0","1","0","2","0","3","","03","","N","","","","","","","","","",""
"2021069923","1616","1","0","0","0","0","0","0","0","0","4","0","","67","7","2021","5","40.008897","-75.161124","1615","6","0","0","0","0","0","1","0","0","","0","0","0","","","0","","1","","40 00:32.029","","0","75 09:40.046","9","0","0","0","67301","0","0","0","N","0","0","0","2","67301","0","","1.0","","1","N","Y","N","1","","0","0","0","","3","","","2","0","0","0","0","0","1","2","0","2","","03","","N","","","","","","","","","",""
"2021059053","0640","0","0","0","1","0","0","0","0","0","8","0","","67","6","2021","6","39.951852","-75.159824","0633","6","0","0","0","0","0","0","0","0","","0","0","0","","","1","","1","","39 57:06.668","7","0","75 09:35.366","3","0","0","0","67301","1","0","0","N","0","0","0","2","67301","0","","1.0","700.0","1","N","N","N","0","","1","0","1","","2","Y","","2","1","0","0","0","0","0","2","0","1","","03","","N","","","","","","","","","",""
"2021069848","1658","1","0","0","0","0","0","0","0","0","3","0","","67","7","2021","7","40.0295","-75.053778","1638","6","0","0","0","0","0","1","0","0","","0","0","0","","","2","N","0","","40 01:46.200","","7","75 03:13.600","3","0","0","0","67301","0","0","0","N","0","0","0","2","67301","1","","1.0","","1","N","N","N","0","","1","0","1","","0","","","2","2","0","0","0","0","0","2","0","2","","03","","N","","","","","","","","","",""
"2021083622","1534","0","0","0","0","0","0","0","0","0","1","0","","67","9","2021","1","39.951776","-75.226581","1528","6","0","0","0","0","0","2","0","0","","0","0","0","","","3","N","0","","39 57:06.395","","0","75 13:35.693","4","0","0","0","67301","0","0","0","N","0","0","0","5","67301","3","","1.0","","1","N","N","N","0","","0","0","3","","0","","","3","3","0","0","0","0","1","2","0","3","","04","","N","","","","","","","","","",""
"2021084063","2115","1","0","0","0","0","0","0","0","0","7","0","","67","8","2021","5","39.982542","-75.08361","2109","6","0","0","0","0","0","0","0","0","","1","0","0","","","0","N","0","","39 58:57.152","","0","75 05:00.997","1","0","0","0","67301","0","0","0","N","0","0","0","1","67301","0","2","4.0","","1","N","N","N","0","0","0","0","0","","1","","","1","0","1","1","0","0","0","2","0","1","","","","N","","","","","","","","","",""
"2021091200","0408","0","0","0","0","0","0","0","0","0","7","0","","67","9","2021","3","39.970576","-75.124515","0408","6","0","0","0","0","0","0","0","0","","0","1","0","","","0","N","0","","39 58:14.072","1","0","75 07:28.253","0","0","0","0","67301","0","0","0","Y","0","0","0","1","68K01","0","","4.0","630.0","1","N","N","N","0","","0","0","0","","0","N","","1","0","0","0","0","0","0","2","0","1","","03","","N","","","","","","","","","",""
"2021071057","1520","1","0","0","0","0","0","0","0","0","4","0","","67","6","2021","7","39.988944","-75.232924","1520","6","0","0","0","0","0","1","0","0","","0","0","0","","","1","","1","","39 59:20.198","","0","75 13:58.526","3","0","0","0","67301","0","0","0","N","0","0","0","2","67301","0","","1.0","","1","N","N","N","0","","1","0","0","","2","","","2","1","0","0","0","0","1","2","0","2","","","","N","","","","","","","","","",""
"2021070536","1321","2","0","0","0","0","0","0","0","0","4","0","","67","7","2021","3","40.045265","-75.125618","1321","6","0","0","0","0","0","0","0","0","","0","0","0","","","0","","1","","40 02:42.955","","0","75 07:32.224","0","0","0","0","67301","0","0","0","N","0","0","0","2","67301","0","","1.0","","99","N","N","N","0","","0","0","0","","2","","","2","0","0","0","0","0","0","2","0","2","","","","N","","","","","","","","","",""
"2021083400","1046","0","0","0","0","0","0","0","0","0","2","0","","67","8","2021","6","39.951701","-75.236857","1043","6","0","0","0","0","0","0","0","0","","0","0","0","","","1","","1","","39 57:06.123","","0","75 14:12.685","3","0","0","0","67301","0","0","0","N","0","0","0","2","67301","0","","1.0","","1","N","N","N","0","","1","0","2","","2","","","2","1","0","0","0","0","0","2","0","2","","","","N","","","","","","","","","",""
"2021064431","1657","2","0","0","0","0","0","0","0","0","5","0","45","67","6","2021","2","40.020489","-75.042809","1653","6","0","0","0","0","0","0","1","0","","0","0","0","","","1","N","0","","40 01:13.759","","0","75 02:34.113","8","0","0","0","67301","0","0","0","N","0","0","0","3","68K01","0","","1.0","","1","N","N","N","0","","0","0","0","","0","","","2","1","0","0","0","1","1","2","0","2","","","N","Y","4","1","","","N","","","","Y","N"
"2021080460","2210","2","0","0","0","0","0","0","0","0","4","0","","67","6","2021","1","39.974735","-75.199203","2210","6","0","1","0","0","0","0","0","0","","0","0","0","","","1","","1","","39 58:29.046","","2","75 11:57.130","3","0","0","0","67301","0","0","0","N","0","0","0","3","67301","0","","1.0","","1","N","N","N","0","","1","0","0","","2","","","2","1","2","0","0","0","0","2","0","2","","03","","N","","","","","","","","","",""
"2021057099","0908","1","0","0","0","0","0","0","0","0","4","0","","67","6","2021","6","39.9376","-75.164627","0908","6","0","0","0","0","0","0","0","0","","0","0","0","","","0","","1","","39 56:15.360","","0","75 09:52.657","0","0","0","0","67301","0","0","0","N","0","0","0","3","67301","0","","1.0","","1","N","N","N","0","","0","0","1","","2","","","2","0","0","0","0","0","0","2","0","2","","","","N","","","","","","","","","",""
"2021083553","1617","1","0","0","0","0","0","0","0","0","7","0","","67","9","2021","7","40.030469","-75.225667","1609","6","0","0","0","0","0","0","0","1","","0","0","0","","","1","N","0","","40 01:49.690","","7","75 13:32.400","3","0","0","0","67301","0","0","0","N","0","0","0","1","67301","0","","5.0","","1","N","N","N","0","","1","0","0","","0","","","1","1","0","0","0","0","0","2","0","1","","03","","N","","","","","","","","","",""
"2021092713","2341","1","0","0","0","0","0","0","0","0","7","0","","67","9","2021","4","39.960138","-75.180009","2329","6","0","0","0","1","0","0","0","0","","0","0","0","","","0","N","0","","39 57:36.495","","0","75 10:48.031","0","0","0","0","67301","0","0","0","N","0","0","0","1","68K01","0","","2.0","","9","N","N","N","0","","0","0","0","","0","","","1","0","0","0","0","0","0","2","0","1","","","","N","","","","","","","","","",""
"2021069865","1125","2","0","0","0","0","0","0","0","0","4","0","","67","7","2021","7","39.959698","-75.222927","1125","6","0","0","0","0","0","0","0","1","","0","0","0","","","0","","1","","39 57:34.914","","1","75 13:22.536","9","0","0","0","67301","0","0","0","N","0","0","0","2","67301","0","","1.0","","1","N","N","N","0","","0","0","0","","2","","","2","0","0","0","0","0","1","2","0","2","","03","","N","","","","","","","","","",""
"2021075052","0525","1","0","0","0","0","0","0","0","0","4","0","","67","7","2021","1","39.955352","-75.199952","0519","6","0","0","0","0","0","1","0","0","","0","0","0","","","0","","1","","39 57:19.266","","0","75 11:59.826","0","0","0","0","67301","0","0","0","N","0","0","0","2","67504","0","","1.0","","1","N","N","N","0","","0","0","1","","2","","","2","0","0","0","0","0","0","2","0","2","","03","","N","","","","","","","","","",""
"2021095367","2355","2","0","0","0","0","0","0","0","0","2","0","","67","10","2021","5","40.060558","-75.174625","2352","6","0","0","0","0","0","0","1","0","","0","0","0","","","1","N","0","","40 03:38.010","","0","75 10:28.650","8","0","0","0","67301","0","0","0","N","0","0","0","1","67301","0","","6.0","","1","N","N","N","0","","0","0","0","","0","","","2","1","0","0","0","1","0","2","0","2","","","","N","","","","","","","","","",""
"2021069758","2045","2","0","0","0","0","0","0","0","0","1","0","","67","7","2021","5","39.914764","-75.154969","2032","6","0","0","0","0","0","0","0","0","","0","0","0","","","1","","2","","39 54:53.150","","0","75 09:17.889","3","0","0","0","67301","0","0","0","N","0","0","0","2","67301","0","","1.0","","1","N","N","N","0","","1","0","0","","2","","","2","1","0","0","0","0","0","2","0","2","","03","","N","","","","","","","","","",""
"2021083544","1100","1","0","0","0","0","0","0","0","0","4","0","","67","9","2021","6","40.045314","-75.118822","1100","6","0","0","0","0","0","1","0","1","","0","0","0","","","0","N","0","","40 02:43.130","","7","75 07:07.760","0","0","0","0","67301","0","0","0","N","0","0","0","3","67301","0","","5.0","","1","N","N","N","0","","0","0","2","","0","","","3","0","0","0","0","0","0","2","0","3","","03","","N","","","","","","","","","",""
"2021059219","2005","1","0","0","0","0","0","0","0","0","4","0","","67","6","2021","7","39.980213","-75.157468","2003","6","0","0","0","0","0","0","0","0","","0","0","0","","","4","","1","","39 58:48.767","","0","75 09:26.884","3","0","0","0","67301","0","0","0","Y","0","0","0","6","67505","1","","1.0","","1","N","N","N","0","","2","0","1","","2","","","2","4","1","0","0","1","2","2","0","2","","03","","N","","","","","","","","","",""
"2021057260","0754","2","0","0","0","0","0","0","0","0","4","0","","67","6","2021","1","40.00868","-75.068855","0745","6","0","0","0","0","0","0","0","0","","0","0","0","","","1","","1","","40 00:31.249","","0","75 04:07.877","8","0","0","0","67301","0","0","0","N","0","0","0","2","67301","0","","1.0","","1","N","N","N","0","","0","0","0","","2","","","2","1","1","0","0","1","0","2","0","2","","03","","N","","","","","","","","","",""
"2021070448","0123","1","0","0","0","0","0","0","0","0","4","0","","67","7","2021","6","39.969664","-75.211523","0123","6","0","0","0","0","0","0","0","0","","0","0","0","","","1","","1","","39 58:10.789","","0","75 12:41.484","3","0","0","0","67301","0","0","0","N","0","0","0","2","67301","0","","1.0","","1","N","N","N","0","","1","0","1","","2","","","2","1","0","0","0","0","0","2","0","2","","03","","N","","","","","","","","","",""
"2021058073","0455","1","0","0","0","0","0","0","0","0","7","0","","67","6","2021","3","39.998764","-75.195668","0435","6","0","0","0","0","0","0","0","0","","0","0","0","","","2","N","0","","39 59:55.550","3","0","75 11:44.406","8","0","0","0","67301","0","0","0","N","0","0","0","2","68K01","0","","3.0","30.0","1","N","N","N","0","","0","0","0","","0","N","","1","2","1","0","0","2","0","2","0","1","","03","","N","","","","","","","","","",""
"2021083761","0133","1","0","0","0","0","0","0","0","0","1","0","","67","9","2021","2","40.035296","-75.162735","0126","6","0","0","0","0","0","0","0","0","","0","0","0","","","0","","1","","40 02:07.065","","0","75 09:45.845","0","0","0","0","67301","0","0","0","N","0","0","0","1","67301","0","","5.0","","9","N","N","N","0","","0","0","1","","0","","","2","0","0","0","0","0","0","2","0","2","","07","","N","","","","","","","","","",""
"2021090415","1236","1","0","0","0","0","0","0","0","0","6","0","","67","9","2021","4","40.002495","-75.177385","1235","6","0","0","0","0","0","0","0","0","","0","0","0","","","0","N","0","","40 00:08.982","","0","75 10:38.586","0","0","0","0","67301","0","0","0","N","0","0","0","1","67301","0","","6.0","","1","N","N","N","0","","0","0","1","","0","","","2","0","0","0","0","0","0","2","0","2","","","","N","","","","","","","","","",""
"2021064222","1009","1","0","0","0","0","0","0","0","0","4","0","","67","6","2021","1","39.921334","-75.231561","1008","6","0","0","0","0","0","0","0","0","","0","0","0","","","2","","1","","39 55:16.804","","0","75 13:53.620","3","0","0","0","67301","0","0","0","N","0","0","0","2","67301","0","","1.0","","1","N","N","N","0","","2","0","2","","2","","","3","2","1","0","0","0","0","2","0","3","","03","","N","","","","","","","","","",""
"2021083002","2005","0","0","0","0","0","0","0","0","0","8","0","","67","8","2021","2","39.995586","-75.125958","2005","6","0","0","0","0","0","0","0","0","","1","0","0","","","0","N","0","","39 59:44.110","","0","75 07:33.450","1","0","0","0","67301","1","1","0","N","1","1","0","2","67301","0","2","1.0","","1","N","N","N","0","0","0","0","0","","0","","","2","0","0","0","0","0","0","2","0","1","","03","","N","","","","","","","","","",""
"2021064304","1730","0","0","0","0","0","0","0","0","0","7","0","","67","6","2021","5","39.97085","-75.261753","1727","6","0","0","0","0","0","0","0","0","","0","0","0","","","1","N","0","","39 58:15.060","","0","75 15:42.310","3","0","0","0","67301","0","0","0","N","0","0","0","1","67301","0","","4.0","","1","N","N","N","0","","1","0","0","","0","","","1","1","0","0","0","0","0","2","1","1","","03","","N","","","","","","","","","",""