"CRN","ARRIVAL_TM","AUTOMOBILE_COUNT","BELTED_DEATH_COUNT","BELTED_SUSP_SERIOUS_INJ_COUNT","BICYCLE_COUNT","BICYCLE_DEATH_COUNT","BICYCLE_SUSP_SERIOUS_INJ_COUNT","BUS_COUNT","CHLDPAS_DEATH_COUNT","CHLDPAS_SUSP_SERIOUS_INJ_COUNT","COLLISION_TYPE","COMM_VEH_COUNT","CONS_ZONE_SPD_LIM","COUNTY","CRASH_MONTH","CRASH_YEAR","DAY_OF_WEEK","DEC_LATITUDE","DEC_LONGITUDE","DISPATCH_TM","DISTRICT","DRIVER_COUNT_16YR","DRIVER_COUNT_17YR","DRIVER_COUNT_18YR","DRIVER_COUNT_19YR","DRIVER_COUNT_20YR","DRIVER_COUNT_50_64YR","DRIVER_COUNT_65_74YR","DRIVER_COUNT_75PLUS","EST_HRS_CLOSED","FATAL_COUNT","HEAVY_TRUCK_COUNT","HORSE_BUGGY_COUNT","HOUR_OF_DAY","ILLUMINATION","INJURY_COUNT","INTERSECTION_RELATED","INTERSECT_TYPE","LANE_CLOSED","LATITUDE","LN_CLOSE_DIR","LOCATION_TYPE","LONGITUDE","MAX_SEVERITY_LEVEL","MCYCLE_DEATH_COUNT","MCYCLE_SUSP_SERIOUS_INJ_COUNT","MOTORCYCLE_COUNT","MUNICIPALITY","NONMOTR_COUNT","NONMOTR_DEATH_COUNT","NONMOTR_SUSP_SERIOUS_INJ_COUNT","NTFY_HIWY_MAINT","PED_COUNT","PED_DEATH_COUNT","PED_SUSP_SERIOUS_INJ_COUNT","PERSON_COUNT","POLICE_AGCY","POSSIBLE_INJ_COUNT","RDWY_SURF_TYPE_CD","RELATION_TO_ROAD","ROADWAY_CLEARED","ROAD_CONDITION","SCH_BUS_IND","SCH_ZONE_IND","SECONDARY_CRASH","SMALL_TRUCK_COUNT","SPEC_JURIS_CD","SUSP_MINOR_INJ_COUNT","SUSP_SERIOUS_INJ_COUNT","SUV_COUNT","TCD_FUNC_CD","TCD_TYPE","TFC_DETOUR_IND","TIME_OF_DAY","TOTAL_UNITS","TOT_INJ_COUNT","UNBELTED_OCC_COUNT","UNB_DEATH_COUNT","UNB_SUSP_SERIOUS_INJ_COUNT","UNK_INJ_DEG_COUNT","UNK_INJ_PER_COUNT","URBAN_RURAL","VAN_COUNT","VEHICLE_COUNT","WEATHER1","WEATHER2","WORKERS_PRES","WORK_ZONE_IND","WORK_ZONE_LOC","WORK_ZONE_TYPE","WZ_CLOSE_DETOUR","WZ_FLAGGER","WZ_LAW_OFFCR_IND","WZ_LN_CLOSURE","WZ_MOVING","WZ_OTHER","WZ_SHLDER_MDN","WZ_WORKERS_INJ_KILLED"
"2021058645","2322","2","0","0","0","0","0","0","0","0","4","0","","67","6","2021","3","39.917159","-75.173552","2322","6","0","0","0","0","1","0","0","0","","0","0","0","","","1","","2","","39 55:01.772","","0","75 10:24.787","3","0","0","0","67301","0","0","0","N","0","0","0","2","67301","0","","1.0","","1","N","N","N","0","","1","0","0","","3","","","2","1","0","0","0","0","0","2","0","2","","03","","N","","","","","","","","","",""
"2021058392","2050","0","0","0","1","0","0","0","0","0","8","0","","67","6","2021","4","39.913897","-75.159044","2029","6","0","0","0","0","0","0","0","0","","0","0","0","","","1","N","0","","39 54:50.030","","0","75 09:32.560","8","0","0","0","67301","1","0","0","N","0","0","0","2","67301","0","","1.0","","1","N","N","N","0","","0","0","1","","0","","","2","1","0","0","0","1","0","2","0","1","","","","N","","","","","","","","","",""
"2021069881","0248","2","0","0","0","0","0","0","0","0","1","0","","67","6","2021","1","39.997019","-75.122353","0245","6","0","0","0","0","0","0","0","0","","0","0","0","","","0","N","0","","39 59:49.270","","0","75 07:20.470","0","0","0","0","67301","0","0","0","N","0","0","0","2","67301","0","","1.0","","1","N","N","N","0","","0","0","1","","0","","","3","0","0","0","0","0","0","2","0","3","","98","","N","","","","","","","","","",""
"2021057140","1514","1","0","0","1","0","0","0","0","0","8","0","","67","6","2021","1","39.964959","-75.224574","1514","6","0","0","0","0","0","0","0","0","","0","0","0","","","1","","1","","39 57:53.852","","0","75 13:28.466","3","0","0","0","67301","1","0","0","N","0","0","0","2","67301","0","","1.0","","1","N","N","N","0","","1","0","0","","2","","","2","1","0","0","0","0","0","2","0","1","","03","","N","","","","","","","","","",""
"2021057264","1940","0","0","0","0","0","0","0","0","0","5","0","","67","6","2021","1","39.951191","-75.232791","1935","6","0","0","0","0","0","0","0","0","","0","0","0","","","1","","1","","39 57:04.287","","0","75 13:58.047","4","0","0","0","67301","0","0","0","N","0","0","0","2","67301","1","","1.0","","1","N","N","N","1","","0","0","0","","2","","","2","1","0","0","0","0","0","2","1","2","","","","N","","","","","","","","","",""
"2021083247","1021","1","0","0","0","0","0","0","0","0","8","0","","67","9","2021","4","39.928156","-75.150693","1020","6","0","0","0","0","0","0","0","0","","0","0","0","","","1","","1","","39 55:41.363","","0","75 09:02.494","3","0","0","0","67301","1","0","0","N","1","0","0","2","67301","0","","1.0","","9","N","N","N","0","","1","0","0","","2","","","2","1","0","0","0","0","0","2","0","1","","","","N","","","","","","","","","",""
"2021083402","1714","1","0","0","0","0","0","0","0","0","4","0","","67","9","2021","7","40.012774","-75.157003","1713","6","0","0","0","0","0","0","0","0","","0","0","0","","","2","","1","","40 00:45.986","1","0","75 09:25.210","3","0","0","0","67301","0","0","0","N","0","0","0","2","67301","0","","1.0","1745.0","1","N","N","N","0","","2","0","1","","2","N","","2","2","0","0","0","0","0","2","0","2","","","","N","","","","","","","","","",""
"2021061425","0723","1","0","0","0","0","0","0","0","0","5","0","45","67","6","2021","5","40.011868","-75.060066","0650","6","0","0","0","0","0","1","0","0","","0","0","0","","","0","N","0","","40 00:42.724","1","3","75 03:36.236","0","0","0","0","67301","0","0","0","N","0","0","0","2","68K01","0","","1.0","805.0","1","N","N","N","0","","0","0","1","","0","N","","2","0","0","0","0","0","0","2","0","2","","","N","Y","4","1","","","N","Y","","","","N"
"2021057908","0332","1","0","0","0","0","0","0","0","0","7","0","","67","6","2021","1","40.044741","-75.06134","0332","6","0","0","0","0","0","0","0","0","","0","0","0","","","0","","2","","40 02:41.067","","0","75 03:40.824","0","0","0","0","67301","0","0","0","N","0","0","0","1","67301","0","","4.0","","1","N","N","N","0","","0","0","0","","3","","","1","0","0","0","0","0","0","2","0","1","","","","N","","","","","","","","","",""
"2021083371","1725","1","0","0","0","0","0","0","0","0","8","0","","67","8","2021","4","40.032711","-75.169868","1725","6","0","0","0","0","0","0","0","0","","0","0","0","","","1","N","0","","40 01:57.760","","7","75 10:11.526","8","0","0","0","67301","1","0","0","N","1","0","0","2","67301","0","","3.0","","1","N","N","N","0","","0","0","0","","0","","","2","1","0","0","0","1","0","2","0","1","","03","","N","","","","","","","","","",""
"2021056764","0211","2","0","0","0","0","0","0","0","0","1","0","","67","6","2021","7","39.906111","-75.134778","0210","6","0","0","0","0","0","0","0","0","","0","0","0","","","2","N","0","","39 54:22.000","3","3","75 08:05.200","4","0","0","0","67301","0","0","0","N","0","0","0","2","67501","1","","1.0","314.0","1","N","N","N","0","","0","0","0","","0","N","","2","2","1","0","0","1","0","2","0","2","","","","N","","","","","","","","","",""
"2021083766","1449","1","0","0","0","0","0","1","0","0","4","1","","67","9","2021","2","39.978904","-75.159573","1445","6","0","0","0","0","0","0","0","0","","0","0","0","","","1","","1","","39 58:44.053","2","0","75 09:34.464","8","0","0","0","67301","0","0","0","N","0","0","0","2","67505","0","","1.0","1515.0","1","N","N","N","0","","0","0","0","","2","Y","","3","1","0","0","0","1","1","2","0","3","","03","","N","","","","","","","","","",""
"2021070406","1701","1","0","0","0","0","0","0","0","0","4","0","","67","7","2021","5","40.065639","-75.148989","1701","6","0","0","0","0","0","2","0","0","","0","0","0","","","1","","1","","40 03:56.300","","0","75 08:56.360","3","0","0","0","67301","0","0","0","N","0","0","0","2","67301","0","","1.0","","1","N","N","N","0","","1","0","1","","3","","","2","1","0","0","0","0","0","2","0","2","","03","","N","","","","","","","","","",""
"2021057130","0347","3","0","0","0","0","0","0","0","0","5","0","","67","6","2021","7","40.051337","-75.172581","0339","6","0","0","0","0","0","0","0","0","","0","0","0","","","1","N","0","","40 03:04.812","","0","75 10:21.291","3","0","0","0","67301","0","0","0","N","0","0","0","1","67301","0","","6.0","","9","N","N","N","0","","1","0","0","","0","","","3","1","0","0","0","0","0","2","0","3","","03","","N","","","","","","","","","",""
"2021071059","1140","1","0","0","0","0","0","0","0","0","4","0","","67","6","2021","6","39.974368","-75.239942","1134","6","0","0","0","0","0","0","0","0","","0","0","0","","","1","","1","","39 58:27.724","","0","75 14:23.791","4","0","0","0","67301","0","0","0","N","0","0","0","2","67301","1","","1.0","","1","N","N","N","0","","0","0","0","","3","","","2","1","0","0","0","0","0","2","0","2","","03","","N","","","","","","","","","",""
"2021064364","1257","2","0","0","0","0","0","0","0","0","1","0","","67","6","2021","6","40.033048","-75.116073","1257","6","0","0","0","0","0","0","0","0","","0","0","0","","","0","","1","","40 01:58.974","","0","75 06:57.861","0","0","0","0","67301","0","0","0","N","0","0","0","2","67301","0","","1.0","","99","N","N","N","0","","0","0","0","","2","","","2","0","0","0","0","0","0","2","0","2","","","","N","","","","","","","","","",""
"2021083780","2000","0","0","0","0","0","0","0","0","0","8","0","","67","8","2021","1","39.98804","-75.105911","2000","6","0","0","0","0","0","0","0","0","","0","0","0","","","1","","1","","39 59:16.945","","0","75 06:21.281","2","0","0","0","67301","1","0","1","N","1","0","1","2","67301","0","","1.0","","1","N","N","N","0","","0","1","0","","2","","","2","1","0","0","0","0","1","2","0","1","","","","N","","","","","","","","","",""
"2021058738","0337","1","0","0","0","0","0","0","0","0","8","0","","67","6","2021","1","40.015931","-75.153871","0333","6","0","0","0","0","0","0","0","0","","0","0","0","","","1","","1","","40 00:57.350","4","0","75 09:13.935","3","0","0","0","67301","1","0","0","N","1","0","0","3","67301","0","","1.0","450.0","1","N","N","N","0","","1","0","0","","1","N","","2","1","0","0","0","0","0","2","0","1","","03","","N","","","","","","","","","",""
"2021057105","0305","2","0","0","0","0","0","0","0","0","4","0","","67","6","2021","1","39.953473","-75.139763","0303","6","0","0","0","0","0","0","0","0","","0","0","0","","","0","","2","","39 57:12.504","","0","75 08:23.145","0","0","0","0","67301","0","0","0","N","0","0","0","3","67301","0","","1.0","","1","N","N","Y","1","","0","0","0","","2","","","3","0","0","0","0","0","0","2","0","3","","03","","N","","","","","","","","","",""
"2021070552","1710","1","0","0","1","0","0","0","0","0","8","0","","67","7","2021","7","40.007889","-75.18625","1400","6","0","0","0","0","0","0","0","0","","0","0","0","","","1","N","0","","40 00:28.400","","0","75 11:10.500","8","0","0","0","67301","1","0","0","N","0","0","0","2","67301","0","","1.0","","99","N","N","N","0","","0","0","0","","0","","","2","1","0","0","0","1","0","2","0","1","","","","N","","","","","","","","","",""
"2021064366","1410","0","0","0","0","0","0","0","0","0","8","0","","67","6","2021","6","40.029081","-75.146916","1410","6","0","0","0","0","0","1","0","0","","0","0","0","","","1","","1","","40 01:44.692","","0","75 08:48.898","4","0","0","0","67301","1","0","0","N","1","0","0","2","67301","1","","1.0","","1","N","N","N","0","","0","0","1","","1","","","2","1","0","0","0","0","0","2","0","1","","03","","N","","","","","","","","","",""
"2021083278","1140","1","0","0","0","0","0","0","0","0","4","0","","67","9","2021","6","40.020198","-75.150541","1134","6","0","0","0","0","0","1","0","0","","0","0","0","","","2","","1","","40 01:12.714","","0","75 09:01.947","3","0","0","0","67301","0","0","0","N","0","0","0","3","67301","0","","1.0","","1","N","N","N","0","","2","0","1","","2","","","2","2","0","0","0","0","0","2","0","2","","03","","N","","","","","","","","","",""
"2021059517","1643","0","0","0","0","0","0","0","0","0","7","0","","67","6","2021","6","40.077976","-75.210666","1643","6","0","0","0","0","0","0","0","0","","0","0","0","","","0","","1","","40 04:40.713","","0","75 12:38.397","0","0","0","0","67301","0","0","0","N","0","0","0","2","67301","0","","4.0","","1","N","N","N","0","","0","0","2","","2","","","2","0","0","0","0","0","0","2","0","2","","03","","N","","","","","","","","","",""
"2021058648","0251","2","0","0","0","0","0","0","0","0","5","0","","67","6","2021","5","39.921651","-75.170206","0250","6","0","0","0","0","0","0","0","0","","0","0","0","","","0","N","0","","39 55:17.944","","0","75 10:12.743","0","0","0","0","67301","0","0","0","N","0","0","0","1","67301","0","","6.0","","1","N","N","N","0","","0","0","1","","0","","","3","0","0","0","0","0","0","2","0","3","","03","","N","","","","","","","","","",""
"2021083251","0006","2","0","0","0","0","0","0","0","0","2","0","","67","9","2021","6","40.058962","-75.19434","0006","6","0","0","0","0","0","0","0","0","","0","0","0","","","1","N","0","","40 03:32.263","","0","75 11:39.624","8","0","0","0","67301","0","0","0","N","0","0","0","1","67301","0","","6.0","","1","N","N","N","0","","0","0","1","","0","","","3","1","0","0","0","1","0","2","0","3","","","","N","","","","","","","","","",""
"2021066211","0614","2","0","0","0","0","0","0","0","0","1","0","","67","7","2021","7","39.983583","-75.14975","0614","6","0","0","0","0","0","0","0","0","","0","0","0","","","0","N","0","","39 59:00.900","2","0","75 08:59.100","0","0","0","0","67301","0","0","0","N","0","0","0","1","67505","0","","6.0","700.0","1","N","N","N","1","","0","0","0","","0","N","","3","0","1","0","0","0","0","2","0","3","","","","N","","","","","","","","","",""
"2021057411","0103","1","0","0","0","0","0","0","0","0","7","0","","67","6","2021","7","40.046766","-75.001457","0049","6","0","0","0","1","0","0","0","0","","0","0","0","","","0","N","0","","40 02:48.356","","2","75 00:05.244","0","0","0","0","67301","0","0","0","N","0","0","0","1","68K01","0","","4.0","","1","N","N","N","0","","0","0","0","","0","","","1","0","0","0","0","0","0","2","0","1","","03","","N","","","","","","","","","",""
"2021057701","1000","1","0","0","0","0","0","0","0","0","4","0","","67","6","2021","3","40.115823","-75.020719","0952","6","0","0","0","0","1","1","0","0","","0","0","0","","","0","N","0","","40 06:56.963","","7","75 01:14.589","9","0","0","0","67301","0","0","0","N","0","0","0","4","67301","0","","1.0","","1","N","N","N","0","","0","0","1","","0","","","2","0","0","0","0","0","1","2","0","2","","03","","N","","","","","","","","","",""
"2021083871","1845","2","0","0","0","0","0","0","0","0","1","0","","67","8","2021","3","40.017339","-75.047869","1835","6","0","0","0","0","0","0","0","0","","0","0","0","","","2","","6","","40 01:02.419","","2","75 02:52.330","8","0","0","0","67301","0","0","0","N","0","0","0","3","67301","0","","1.0","","1","N","N","N","0","","0","0","0","","3","","","2","2","0","0","0","2","0","2","0","2","","03","","N","","","","","","","","","",""
"2021060685","0003","1","0","0","0","0","0","0","0","0","2","0","","67","6","2021","1","39.97609","-75.195498","0002","6","0","0","0","0","0","0","0","0","","0","0","0","","","2","N","0","","39 58:33.925","3","0","75 11:43.792","3","0","0","0","67301","0","0","0","N","0","0","0","2","68K01","0","","1.0","100.0","1","N","N","N","0","","2","0","0","","0","N","","2","2","0","0","0","0","0","2","1","2","","","","N","","","","","","","","","",""
"2021057146","1538","2","0","0","0","0","0","0","0","0","4","0","","67","6","2021","7","39.983189","-75.156819","1537","6","0","0","1","0","0","0","0","0","","0","0","0","","","3","","1","","39 58:59.480","","0","75 09:24.548","4","0","0","0","67301","0","0","0","N","0","0","0","8","67301","3","","1.0","","1","N","N","N","0","","0","0","0","","2","","","2","3","1","0","0","0","0","2","0","2","","04","","N","","","","","","","","","",""
"2021083621","0834","0","0","0","0","0","0","0","0","0","4","0","","67","9","2021","1","39.955578","-75.233984","0833","6","0","0","0","0","0","0","0","0","","0","0","0","","","1","","1","","39 57:20.080","","0","75 14:02.342","3","0","0","0","67301","0","0","0","N","0","0","0","1","67301","0","","1.0","","1","N","N","N","0","","1","0","2","","2","","","2","1","0","0","0","0","0","2","0","2","","","","N","","","","","","","","","",""
"2021094710","0836","2","0","0","0","0","0","0","0","0","4","0","","67","10","2021","4","40.009868","-75.156024","0829","6","0","0","0","0","0","0","0","0","","0","0","0","","","1","","1","","40 00:35.524","","0","75 09:21.688","3","0","0","0","67301","0","0","0","N","0","0","0","2","67301","0","","1.0","","1","N","N","N","0","","1","0","0","","2","","","2","1","0","0","0","0","0","2","0","2","","","","N","","","","","","","","","",""
"2021058923","0629","1","0","0","0","0","0","0","0","0","7","0","","67","6","2021","4","39.881294","-75.246083","0613","6","0","0","0","0","0","0","0","0","","0","0","0","","","0","N","0","","39 52:52.659","1","0","75 14:45.897","9","0","0","0","67301","0","0","0","Y","0","0","0","1","68K01","0","","3.0","700.0","1","N","N","N","0","","0","0","0","","0","N","","1","0","0","0","0","0","1","2","0","1","","","","N","","","","","","","","","",""
"2021084209","2202","2","0","0","0","0","0","0","0","0","7","0","","67","9","2021","4","40.037624","-75.012436","2136","6","0","0","0","1","0","1","0","0","","0","0","0","","","0","N","0","","40 02:15.447","","0","75 00:44.770","0","0","0","0","67301","0","0","0","N","0","0","0","3","68K01","0","","3.0","","9","N","N","N","0","","0","0","0","","0","","","2","0","0","0","0","0","0","2","0","2","","","","N","","","","","","","","","",""
"2021090838","1120","1","0","0","0","0","0","0","0","0","1","0","","67","9","2021","2","39.994375","-75.083981","1115","6","0","0","0","0","0","0","0","0","","0","0","0","","","0","N","0","","39 59:39.751","1","0","75 05:02.330","9","0","0","0","67301","0","0","0","N","0","0","0","2","68K01","0","","1.0","1122.0","1","N","N","N","0","","0","0","0","","0","N","","2","0","0","0","0","0","1","2","0","2","","","","N","","","","","","","","","",""
"2021083364","0601","2","0","0","0","0","0","0","0","0","6","0","","67","8","2021","7","40.061083","-75.028044","0549","6","0","0","0","0","0","0","0","0","","0","0","0","","","0","N","0","","40 03:39.900","6","0","75 01:40.960","9","0","0","0","67301","0","0","0","N","0","0","0","1","67301","0","","6.0","620.0","9","N","N","N","1","","0","0","1","","0","Y","","4","0","0","0","0","0","1","2","0","4","","07","","N","","","","","","","","","",""
"2021058958","2040","3","0","0","0","0","0","0","0","0","4","0","","67","6","2021","3","39.948839","-75.238755","2029","6","0","0","0","0","0","0","0","0","","0","0","0","","","0","","1","","39 56:55.820","","0","75 14:19.517","9","0","0","0","67301","0","0","0","N","0","0","0","2","67301","0","","1.0","","1","N","N","N","0","","0","0","0","","3","","","3","0","0","0","0","0","1","2","0","3","","03","","N","","","","","","","","","",""
"2021057114","1028","1","0","0","0","0","0","0","0","0","8","0","","67","6","2021","6","39.934145","-75.216401","1028","6","0","0","0","0","0","1","0","0","","0","0","0","","","1","","1","","39 56:02.921","","0","75 12:59.043","8","0","0","0","67301","1","0","0","N","1","0","0","3","67301","0","","1.0","","1","N","N","N","0","","0","0","0","","3","","","2","1","0","0","0","1","0","2","0","1","","","","N","","","","","","","","","",""
"2021058643","0439","2","0","0","0","0","0","0","0","0","5","0","","67","6","2021","7","39.919333","-75.180222","0439","6","0","0","0","0","0","0","0","0","","0","0","0","","","2","N","0","","39 55:09.600","","0","75 10:48.800","3","0","0","0","67301","0","0","0","N","0","0","0","2","67301","0","","6.0","","1","N","N","N","1","","2","0","1","","0","","","4","2","0","0","0","0","0","2","0","4","","03","","N","","","","","","","","","",""
"2021058114","1305","1","0","0","0","0","0","0","0","0","7","0","","67","6","2021","3","39.874748","-75.255253","1300","6","0","0","1","0","0","0","0","0","","0","0","0","","","0","N","0","","39 52:29.093","","2","75 15:18.909","0","0","0","0","67301","0","0","0","N","0","0","0","1","67301","0","","4.0","","1","N","N","N","0","","0","0","0","","0","","","1","0","0","0","0","0","0","2","0","1","","07","","N","","","","","","","","","",""
"2021058652","1534","0","0","0","1","0","0","0","0","0","8","0","","67","6","2021","5","39.975919","-75.180055","1534","6","0","0","0","0","0","0","0","0","","0","0","0","","","1","","1","","39 58:33.308","","0","75 10:48.198","3","0","0","0","67301","1","0","0","N","0","0","0","2","67301","0","","1.0","","1","N","N","N","0","","1","0","0","","3","","","2","1","0","0","0","0","0","2","0","1","","04","","N","","","","","","","","","",""
"2021058493","1330","1","0","0","0","0","0","0","0","0","4","0","","67","6","2021","4","40.0408","-75.039224","1325","6","0","0","0","0","0","0","1","0","","0","0","0","","","1","","1","","40 02:26.879","3","0","75 02:21.206","4","0","0","0","67301","0","0","0","N","0","0","0","2","67301","1","","1.0","100.0","1","N","N","N","0","","0","0","1","","3","N","","2","1","0","0","0","0","0","2","0","2","","","","N","","","","","","","","","",""
"2021064337","0915","1","0","0","0","0","0","0","0","0","4","0","","67","6","2021","2","40.016616","-75.14718","0915","6","0","0","0","0","0","0","0","0","","0","0","0","","","0","","1","","40 00:59.817","","0","75 08:49.848","0","0","0","0","67301","0","0","0","N","0","0","0","3","67301","0","","1.0","","1","N","N","N","0","","0","0","1","","2","","","2","0","0","0","0","0","0","2","0","2","","","","N","","","","","","","","","",""
"2021064340","1238","1","0","0","0","0","0","0","0","0","1","0","","67","6","2021","4","40.014833","-75.14725","1238","6","0","0","0","0","0","0","0","0","","0","0","0","","","0","N","0","","40 00:53.400","","0","75 08:50.100","0","0","0","0","67301","0","0","0","N","0","0","0","1","67301","0","","6.0","","1","N","N","N","0","","0","0","1","","0","","","2","0","0","0","0","0","0","2","0","2","","03","","N","","","","","","","","","",""
"2021057460","1645","1","0","0","1","0","0","0","0","0","8","0","","67","6","2021","2","39.945287","-75.162941","1645","6","0","0","0","0","0","0","0","0","","0","0","0","","","1","","1","","39 56:43.034","","0","75 09:46.587","3","0","0","0","67301","1","0","0","N","0","0","0","2","67301","0","","1.0","","1","N","N","N","0","","1","0","0","","2","","","2","1","0","0","0","0","1","2","0","1","","03","","N","","","","","","","","","",""
"2021064224","0835","1","0","0","0","0","0","0","0","0","1","0","","67","6","2021","2","39.943903","-75.225442","0835","6","0","0","0","0","0","0","1","0","","0","0","0","","","0","","1","","39 56:38.050","","0","75 13:31.591","0","0","0","0","67301","0","0","0","N","0","0","0","2","67301","0","","1.0","","1","N","N","N","0","","0","0","1","","3","","","2","0","0","0","0","0","0","2","0","2","","03","","N","","","","","","","","","",""
"2021083315","0316","0","0","0","0","0","0","0","0","0","7","0","","67","9","2021","5","39.959656","-75.176078","0300","6","0","0","0","0","0","0","0","0","","0","0","0","","","0","N","0","","39 57:34.763","","0","75 10:33.880","0","0","0","0","67301","0","0","0","Y","0","0","0","1","68K01","0","","2.0","","1","N","N","N","0","","0","0","1","","0","","","1","0","0","0","0","0","0","2","0","1","","","","N","","","","","","","","","",""
"2021057876","1708","1","0","0","0","0","0","0","0","0","1","0","","67","6","2021","2","40.049669","-75.001428","1654","6","0","0","0","0","0","1","0","0","","0","0","0","","","1","N","0","","40 02:58.810","","2","75 00:05.140","3","0","0","0","67301","0","0","0","N","0","0","0","2","68K01","0","","1.0","","1","N","N","N","0","","1","0","1","","0","","","2","1","0","0","0","0","0","2","0","2","","03","","N","","","","","","","","","",""
"2021073724","1444","0","0","0","0","0","0","0","0","0","1","0","","67","7","2021","2","39.958334","-75.165483","1435","6","0","0","0","0","0","1","1","0","","0","0","0","","","1","N","0","","39 57:30.001","","0","75 09:55.738","8","0","0","1","67301","0","0","0","N","0","0","0","2","68K01","0","","1.0","","1","N","N","N","0","","0","0","1","","0","","","2","1","0","0","0","1","0","2","0","2","","","","N","","","","","","","","","",""
"2021083441","0730","2","0","0","0","0","0","0","0","0","4","0","","67","9","2021","5","40.0379","-75.04741","0713","6","0","0","0","0","0","0","0","0","","0","0","0","","","0","","1","","40 02:16.440","1","0","75 02:50.675","0","0","0","0","67301","0","0","0","N","0","0","0","2","67301","0","","1.0","800.0","1","N","N","N","0","","0","0","0","","3","N","","2","0","0","0","0","0","0","2","0","2","","","","N","","","","","","","","","",""
"2021057109","1157","0","0","0","1","0","0","0","0","0","8","0","","67","6","2021","6","39.96131","-75.175055","1154","6","0","0","0","0","0","0","0","0","","0","0","0","","","1","","1","","39 57:40.716","4","0","75 10:30.197","8","0","0","0","67301","1","0","0","N","0","0","0","2","67301","0","","1.0","1230.0","1","N","N","N","0","","0","0","1","","2","N","","2","1","0","0","0","1","0","2","0","1","","03","","N","","","","","","","","","",""
"2021069922","0745","0","0","0","0","0","0","0","0","0","5","0","","67","7","2021","5","39.996856","-75.169511","0738","6","0","0","0","0","0","0","0","0","","0","0","0","","","0","N","0","","39 59:48.680","","0","75 10:10.240","9","0","0","0","67301","0","0","0","N","0","0","0","1","67301","0","","6.0","","1","N","N","N","0","","0","0","2","","0","","","2","0","0","0","0","0","1","2","0","2","","","","N","","","","","","","","","",""
"2021057912","1535","2","0","0","0","0","0","0","0","0","4","0","","67","6","2021","3","40.026815","-75.029762","1525","6","0","0","0","0","0","1","0","0","","0","0","0","","","0","N","0","","40 01:36.535","1","0","75 01:47.144","0","0","0","0","67301","0","0","0","N","0","0","0","3","67301","0","","1.0","100.0","9","N","N","N","0","","0","0","0","","0","Y","","2","0","0","0","0","0","0","2","0","2","","","","N","","","","","","","","","",""
"2021059311","0051","2","0","0","0","0","0","0","0","0","4","0","","67","6","2021","6","39.943921","-75.151911","0050","6","0","0","0","0","0","0","0","0","","0","0","0","","","0","","1","","39 56:38.115","","0","75 09:06.879","9","0","0","0","67301","0","0","0","N","0","0","0","2","67301","0","","1.0","","1","N","N","N","0","","0","0","0","","2","","","2","0","0","0","0","0","1","2","0","2","","03","","N","","","","","","","","","",""
"2021057911","2145","0","0","0","0","0","0","0","0","0","4","0","","67","6","2021","2","40.043291","-75.052235","2135","6","0","0","0","0","0","1","0","0","","0","0","0","","","1","","1","","40 02:35.849","4","0","75 03:08.046","4","0","0","0","67301","0","0","0","N","0","0","0","2","67301","1","","1.0","2229.0","9","N","N","N","0","","0","0","1","","2","N","","2","1","0","0","0","0","1","2","0","2","","","","N","","","","","","","","","",""
"2021058647","0149","2","0","0","0","0","0","0","0","0","5","0","","67","6","2021","5","39.924422","-75.184831","0146","6","0","0","0","0","0","0","0","0","","0","0","0","","","1","N","0","","39 55:27.920","","0","75 11:05.390","3","0","0","0","67301","0","0","0","N","0","0","0","1","67301","0","","6.0","","1","N","N","N","0","","1","0","0","","0","","","3","1","0","0","0","0","0","2","1","3","","03","","N","","","","","","","","","",""
"2021057133","1229","1","0","0","0","0","0","0","0","0","8","0","","67","6","2021","1","40.040644","-75.178782","1229","6","0","0","0","0","0","0","0","0","","0","0","0","","","1","N","0","","40 02:26.319","","0","75 10:43.616","3","0","0","0","67301","1","0","0","N","1","0","0","2","67301","0","","1.0","","1","N","N","N","0","","1","0","0","","0","","","2","1","0","0","0","0","0","2","0","1","","","","N","","","","","","","","","",""
"2021084812","0838","1","0","0","0","0","0","0","0","0","7","0","","67","9","2021","5","40.074207","-74.980089","0828","6","0","0","0","0","1","0","0","0","","0","0","0","","","1","N","0","","40 04:27.146","","0","74 58:48.320","3","0","0","0","67301","0","0","0","N","0","0","0","1","67301","0","","4.0","","9","N","N","N","0","","1","0","0","","8","","","1","1","0","0","0","0","0","2","0","1","","07","","N","","","","","","","","","",""
"2021056738","1819","1","0","0","0","0","0","0","0","0","7","0","","67","6","2021","6","39.961799","-75.140205","1819","6","0","0","0","0","0","0","0","0","","0","0","0","","","0","N","0","","39 57:42.477","","2","75 08:24.737","9","0","0","0","67301","0","0","0","N","0","0","0","1","68K01","0","","2.0","","1","N","N","N","0","","0","0","0","","0","","","1","0","0","0","0","0","1","2","0","1","","03","","N","","","","","","","","","",""
"2021090553","1908","3","0","0","0","0","0","0","0","0","1","0","","67","9","2021","3","39.948323","-75.186455","1855","6","0","0","0","0","0","0","0","0","","0","0","0","","","0","N","0","","39 56:53.962","3","0","75 11:11.237","9","0","0","0","67301","0","0","0","N","0","0","0","4","68K01","0","","1.0","1917.0","1","N","N","N","0","","0","0","0","","0","N","","4","0","0","0","0","0","1","2","0","4","","","","N","","","","","","","","","",""