"CRN","ARRIVAL_TM","AUTOMOBILE_COUNT","BELTED_DEATH_COUNT","BELTED_SUSP_SERIOUS_INJ_COUNT","BICYCLE_COUNT","BICYCLE_DEATH_COUNT","BICYCLE_SUSP_SERIOUS_INJ_COUNT","BUS_COUNT","CHLDPAS_DEATH_COUNT","CHLDPAS_SUSP_SERIOUS_INJ_COUNT","COLLISION_TYPE","COMM_VEH_COUNT","CONS_ZONE_SPD_LIM","COUNTY","CRASH_MONTH","CRASH_YEAR","DAY_OF_WEEK","DEC_LATITUDE","DEC_LONGITUDE","DISPATCH_TM","DISTRICT","DRIVER_COUNT_16YR","DRIVER_COUNT_17YR","DRIVER_COUNT_18YR","DRIVER_COUNT_19YR","DRIVER_COUNT_20YR","DRIVER_COUNT_50_64YR","DRIVER_COUNT_65_74YR","DRIVER_COUNT_75PLUS","EST_HRS_CLOSED","FATAL_COUNT","HEAVY_TRUCK_COUNT","HORSE_BUGGY_COUNT","HOUR_OF_DAY","ILLUMINATION","INJURY_COUNT","INTERSECTION_RELATED","INTERSECT_TYPE","LANE_CLOSED","LATITUDE","LN_CLOSE_DIR","LOCATION_TYPE","LONGITUDE","MAX_SEVERITY_LEVEL","MCYCLE_DEATH_COUNT","MCYCLE_SUSP_SERIOUS_INJ_COUNT","MOTORCYCLE_COUNT","MUNICIPALITY","NONMOTR_COUNT","NONMOTR_DEATH_COUNT","NONMOTR_SUSP_SERIOUS_INJ_COUNT","NTFY_HIWY_MAINT","PED_COUNT","PED_DEATH_COUNT","PED_SUSP_SERIOUS_INJ_COUNT","PERSON_COUNT","POLICE_AGCY","POSSIBLE_INJ_COUNT","RDWY_SURF_TYPE_CD","RELATION_TO_ROAD","ROADWAY_CLEARED","ROAD_CONDITION","SCH_BUS_IND","SCH_ZONE_IND","SECONDARY_CRASH","SMALL_TRUCK_COUNT","SPEC_JURIS_CD","SUSP_MINOR_INJ_COUNT","SUSP_SERIOUS_INJ_COUNT","SUV_COUNT","TCD_FUNC_CD","TCD_TYPE","TFC_DETOUR_IND","TIME_OF_DAY","TOTAL_UNITS","TOT_INJ_COUNT","UNBELTED_OCC_COUNT","UNB_DEATH_COUNT","UNB_SUSP_SERIOUS_INJ_COUNT","UNK_INJ_DEG_COUNT","UNK_INJ_PER_COUNT","URBAN_RURAL","VAN_COUNT","VEHICLE_COUNT","WEATHER1","WEATHER2","WORKERS_PRES","WORK_ZONE_IND","WORK_ZONE_LOC","WORK_ZONE_TYPE","WZ_CLOSE_DETOUR","WZ_FLAGGER","WZ_LAW_OFFCR_IND","WZ_LN_CLOSURE","WZ_MOVING","WZ_OTHER","WZ_SHLDER_MDN","WZ_WORKERS_INJ_KILLED"
"2021084278","2300","2","0","0","0","0","0","0","0","0","2","0","","67","7","2021","2","39.957694","-75.225348","2300","6","0","0","0","0","0","0","0","0","","0","0","0","","","0","","1","","39 57:27.700","","99","75 13:31.251","0","0","0","0","67301","0","0","0","N","0","0","0","2","67301","0","","9.0","","1","N","N","N","0","","0","0","0","","0","","","2","0","0","0","0","0","0","2","0","2","","03","","N","","","","","","","","","",""
"2021083816","1530","1","0","0","0","0","0","0","0","0","8","0","","67","9","2021","5","39.996217","-75.16745","1524","6","0","0","0","0","0","0","0","0","","0","0","0","","","1","N","0","","39 59:46.380","","0","75 10:02.820","3","0","0","0","67301","1","0","0","N","1","0","0","1","67301","0","","1.0","","1","N","Y","N","0","","1","0","0","","0","","","2","1","0","0","0","0","0","2","0","1","","","","N","","","","","","","","","",""
"2021083152","1656","4","0","0","0","0","0","0","0","0","4","1","","67","8","2021","3","40.021065","-75.157504","1646","6","0","0","0","0","0","1","0","0","","0","1","0","","","2","","1","","40 01:15.835","5","0","75 09:27.016","3","0","0","0","67301","0","0","0","N","0","0","0","5","67301","1","","1.0","1720.0","1","N","N","N","0","","1","0","0","","3","Y","","5","2","0","0","0","0","0","2","0","5","","03","","N","","","","","","","","","",""
"2021058985","1240","2","0","0","0","0","0","0","0","0","4","0","","67","6","2021","6","40.058131","-75.174307","1235","6","0","0","0","0","0","0","0","0","","0","0","0","","","3","","1","","40 03:29.272","","0","75 10:27.505","3","0","0","0","67301","0","0","0","N","0","0","0","3","67301","0","","1.0","","1","N","N","N","0","","3","0","0","","2","","","2","3","0","0","0","0","0","2","0","2","","","","N","","","","","","","","","",""
"2021057131","0713","2","0","0","0","0","0","0","0","0","2","0","","67","6","2021","7","40.063589","-75.200267","0706","6","0","0","0","0","0","1","0","0","","0","0","0","","","0","N","0","","40 03:48.920","","0","75 12:00.960","0","0","0","0","67301","0","0","0","N","0","0","0","2","67301","0","","1.0","","9","N","N","N","0","","0","0","0","","0","","","2","0","2","0","0","0","0","2","0","2","","03","","N","","","","","","","","","",""
"2021058294","2325","2","0","0","0","0","0","0","0","0","4","0","","67","6","2021","3","39.990868","-75.155282","2312","6","0","0","0","1","0","0","0","0","","0","0","0","","","3","","1","","39 59:27.126","2","0","75 09:19.014","4","0","0","0","67301","0","0","0","N","0","0","0","3","67301","3","","1.0","2345.0","1","N","N","N","0","","0","0","0","","2","N","","2","3","0","0","0","0","0","2","0","2","","04","","N","","","","","","","","","",""
"2021057173","0030","1","0","0","0","0","0","0","0","0","8","0","","67","6","2021","7","39.994404","-75.1582","0023","6","0","0","0","0","0","0","0","0","","0","0","0","","","1","N","0","","39 59:39.853","6","0","75 09:29.521","2","0","0","0","67301","1","0","1","N","1","0","1","2","67301","0","","1.0","300.0","1","N","N","N","0","","0","1","0","","0","Y","","2","1","0","0","0","0","0","2","0","1","","","","N","","","","","","","","","",""
"2021058815","1709","0","0","0","1","0","0","0","0","0","8","0","","67","6","2021","2","39.940637","-75.171119","1705","6","0","0","0","0","0","0","0","0","","0","0","0","","","1","","1","","39 56:26.293","","0","75 10:16.028","8","0","0","0","67301","1","0","0","N","0","0","0","2","67301","0","","1.0","","1","N","N","N","0","","0","0","0","","2","","","2","1","0","0","0","1","0","2","1","1","","","","N","","","","","","","","","",""
"2021085400","0822","2","0","0","0","0","0","0","0","0","1","0","","67","9","2021","4","39.978074","-75.201771","0820","6","0","0","0","0","0","0","0","0","","0","0","0","","","0","N","0","","39 58:41.065","","0","75 12:06.377","0","0","0","0","67301","0","0","0","N","0","0","0","3","68K01","0","","1.0","","1","N","N","N","0","","0","0","0","","0","","","2","0","0","0","0","0","0","2","0","2","","03","","N","","","","","","","","","",""
"2021092880","2309","1","0","0","0","0","0","0","0","0","7","0","","67","9","2021","6","39.997083","-75.082226","2355","6","0","0","0","0","0","1","0","0","","0","0","0","","","0","N","0","","39 59:49.498","2","0","75 04:56.012","0","0","0","0","67301","0","0","0","N","0","0","0","1","68K01","0","","3.0","2330.0","1","N","N","N","0","","0","0","0","","0","N","","1","0","0","0","0","0","0","2","0","1","","","","N","","","","","","","","","",""
"2021069861","1113","0","0","0","0","0","0","0","0","0","4","0","","67","7","2021","6","39.960198","-75.239082","1113","6","0","0","0","0","0","0","0","0","","0","0","0","","","1","","1","","39 57:36.714","","0","75 14:20.695","3","0","0","1","67301","0","0","0","N","0","0","0","2","67301","0","","1.0","","1","N","N","N","0","","1","0","1","","2","","","2","1","0","0","0","0","0","2","0","2","","","","N","","","","","","","","","",""
"2021095501","0620","1","0","0","0","0","0","0","0","0","4","0","","67","10","2021","6","39.981208","-75.20683","0612","6","0","0","0","0","0","0","0","0","","0","1","0","","","0","N","0","","39 58:52.349","","0","75 12:24.589","0","0","0","0","67301","0","0","0","N","0","0","0","2","68K01","0","","1.0","","1","N","N","N","0","","0","0","0","","0","","","2","0","0","0","0","0","0","2","0","2","","03","","N","","","","","","","","","",""
"2021057123","1753","0","0","0","0","0","0","0","0","0","4","0","","67","6","2021","7","39.918797","-75.223556","1750","6","0","0","0","0","0","0","0","0","","0","0","0","","","8","N","0","","39 55:07.670","","7","75 13:24.800","3","0","0","0","67301","0","0","0","N","0","0","0","9","67301","5","","1.0","","1","N","N","N","0","","3","0","2","","0","","","2","8","0","0","0","0","1","2","0","2","","","","N","","","","","","","","","",""
"2021076162","0102","0","0","0","0","0","0","0","0","0","7","0","","67","8","2021","2","39.955503","-75.14813","0102","6","0","0","0","0","0","0","0","0","","0","0","0","","","0","N","0","","39 57:19.811","4","2","75 08:53.267","0","0","0","0","67301","0","0","0","N","0","0","0","1","67501","0","","3.0","157.0","1","N","N","N","0","","0","0","1","","0","N","","1","0","0","0","0","0","0","2","0","1","","03","","N","","","","","","","","","",""
"2021058959","1832","0","0","0","0","0","0","0","0","0","4","0","","67","6","2021","5","40.050217","-75.127471","1832","6","0","0","0","0","0","0","1","0","","0","0","0","","","2","","1","","40 03:00.781","","0","75 07:38.895","4","0","0","0","67301","0","0","0","N","0","0","0","2","67301","1","","1.0","","1","N","N","N","0","","0","0","2","","2","","","2","2","0","0","0","1","0","2","0","2","","03","","N","","","","","","","","","",""
"2021075632","1247","1","0","0","0","0","0","0","0","0","1","0","","67","8","2021","6","40.013178","-75.070421","1242","6","0","0","0","0","0","1","0","0","","0","0","0","","","1","","1","","40 00:47.439","","0","75 04:13.514","8","0","0","0","67301","0","0","0","N","0","0","0","4","67301","0","","1.0","","1","N","N","N","0","","0","0","0","","2","","","2","1","0","0","0","1","0","2","1","2","","","","N","","","","","","","","","",""
"2021075950","0149","0","0","0","0","0","0","0","0","0","4","0","","67","8","2021","6","39.975039","-75.195413","0136","6","0","0","0","0","0","0","0","0","","0","0","0","","","0","N","0","","39 58:30.141","","0","75 11:43.485","0","0","0","0","67301","0","0","0","N","0","0","0","2","67301","0","","1.0","","1","N","N","N","0","","0","0","2","","0","","","2","0","0","0","0","0","0","2","0","2","","","","N","","","","","","","","","",""
"2021075178","0920","1","0","0","0","0","0","0","0","0","4","0","","67","8","2021","5","39.897531","-75.252476","0903","6","0","0","0","0","0","0","0","0","","0","0","0","","","1","","1","","39 53:51.111","","0","75 15:08.912","3","0","0","0","67301","0","0","0","N","0","0","0","4","67301","0","","1.0","","1","N","N","N","0","","1","0","0","","2","","","2","1","0","0","0","0","0","2","0","2","","03","","N","","","","","","","","","",""
"2021076780","1406","1","0","0","0","0","0","0","0","0","7","0","","67","8","2021","2","39.913528","-75.182139","1401","6","0","0","0","0","0","0","0","0","","0","0","0","","","0","N","0","","39 54:48.700","3","3","75 10:55.700","0","0","0","0","67301","0","0","0","N","0","0","0","2","67501","0","","2.0","1438.0","1","N","N","N","0","","0","0","0","","0","N","","1","0","0","0","0","0","0","2","0","1","","","","N","","","","","","","","","",""
"2021118740","0318","2","0","0","0","0","0","0","0","0","4","0","","67","12","2021","1","40.015873","-75.153841","0317","6","0","0","0","0","0","0","0","0","","0","0","0","","","1","","1","","40 00:57.144","","0","75 09:13.828","3","0","0","0","67301","0","0","0","N","0","0","0","3","67301","0","","1.0","","1","N","N","N","0","","1","0","0","","2","","","2","1","0","0","0","0","0","2","0","2","","03","","N","","","","","","","","","",""
"2021105785","","2","0","0","0","0","0","0","0","0","1","0","","67","7","2021","6","39.926459","-75.233085","","6","0","0","0","0","0","1","0","0","","0","0","0","","","1","","1","","39 55:35.252","","0","75 13:59.106","8","0","0","0","67301","0","0","0","N","0","0","0","3","00000","0","","1.0","","1","N","N","N","0","","0","0","0","","2","","","2","1","0","0","0","1","0","2","0","2","","","","N","","","","","","","","","",""
"2021076627","0306","0","0","0","0","0","0","0","0","0","5","0","","67","8","2021","3","40.048783","-75.182855","0304","6","0","0","1","0","0","0","0","0","","0","0","0","","","1","N","0","","40 02:55.618","","0","75 10:58.278","2","0","0","0","67301","0","0","0","N","0","0","0","3","67301","0","","6.0","","1","N","N","N","0","","0","1","3","","0","","","3","1","3","0","1","0","2","2","0","3","","","","N","","","","","","","","","",""
"2021120651","1816","1","0","0","0","0","0","0","0","0","7","0","","67","12","2021","5","39.958753","-75.210594","1815","6","0","0","0","0","0","0","0","0","","0","0","0","","","1","N","0","","39 57:31.510","","0","75 12:38.140","3","0","0","0","67301","0","0","0","N","0","0","0","1","67301","0","","5.0","","1","N","N","N","0","","1","0","0","","0","","","1","1","0","0","0","0","0","2","0","1","","03","","N","","","","","","","","","",""
"2021077551","1105","2","0","0","0","0","0","0","0","0","1","0","","67","8","2021","1","39.906833","-75.138944","1104","6","0","0","0","0","0","1","1","0","","0","0","0","","","1","N","0","","39 54:24.600","3","3","75 08:20.200","8","0","0","0","67301","0","0","0","N","0","0","0","11","67501","0","","1.0","1208.0","1","N","N","N","0","","0","0","2","","8","N","","4","1","0","0","0","1","0","2","0","4","","03","","N","","","","","","","","","",""
"2021057940","0015","2","0","0","0","0","0","0","0","0","5","0","","67","6","2021","4","40.028289","-75.138306","0012","6","0","0","0","0","0","0","0","0","","0","0","0","","","0","N","0","","40 01:41.840","1","0","75 08:17.900","0","0","0","0","67301","0","0","0","N","0","0","0","1","67301","0","","6.0","150.0","1","N","N","N","0","","0","0","2","","0","Y","","4","0","0","0","0","0","0","2","0","4","","","","N","","","","","","","","","",""
"2021076164","0242","0","0","0","0","0","0","0","0","0","7","0","","67","8","2021","1","40.021806","-75.046333","0212","6","0","0","0","0","0","0","0","0","","0","0","0","","","0","N","0","","40 01:18.500","","0","75 02:46.800","0","0","0","0","67301","0","0","0","N","0","0","0","1","67301","0","","4.0","","1","N","N","N","0","","0","0","1","","0","","","1","0","0","0","0","0","0","2","0","1","","03","","N","","","","","","","","","",""
"2021075116","0800","0","0","0","0","0","0","0","0","0","1","0","","67","8","2021","5","40.029912","-75.103808","0753","6","0","0","0","0","0","0","1","0","","0","0","0","","","1","N","0","","40 01:47.684","2","0","75 06:13.710","2","0","1","1","67301","0","0","0","N","0","0","0","2","67301","0","","1.0","830.0","1","N","N","N","0","","0","1","0","","0","N","","2","1","0","0","0","0","0","2","1","2","","03","","N","","","","","","","","","",""
"2021075340","1830","1","0","0","0","0","0","0","0","0","4","0","","67","8","2021","4","40.050575","-75.157051","1829","6","0","0","0","0","0","0","0","0","","0","0","0","","","2","","1","","40 03:02.070","","0","75 09:25.383","3","0","0","0","67301","0","0","0","N","0","0","0","2","67301","0","","1.0","","1","N","N","N","0","","2","0","1","","3","","","2","2","1","0","0","0","0","2","0","2","","03","","N","","","","","","","","","",""
"2021074945","0612","0","0","0","0","0","0","0","0","0","7","0","","67","8","2021","2","39.936732","-75.144484","0558","6","0","0","0","0","0","0","0","0","","0","0","0","","","0","N","0","","39 56:12.236","2","0","75 08:40.143","0","0","0","0","67301","0","0","0","N","0","0","0","1","68K01","0","","3.0","635.0","1","N","N","N","0","","0","0","1","","0","N","","1","0","0","0","0","0","0","2","0","1","","","","N","","","","","","","","","",""
"2021075644","1710","0","0","0","0","0","0","0","0","0","4","0","","67","8","2021","5","40.007513","-75.128068","1700","6","0","0","0","0","0","1","0","0","","0","0","0","","","1","N","0","","40 00:27.048","","7","75 07:41.046","2","0","1","1","67301","0","0","0","N","0","0","0","2","67301","0","","1.0","","1","N","N","N","0","","0","1","1","","0","","","2","1","0","0","0","0","0","2","0","2","","03","","N","","","","","","","","","",""
"2021077801","1745","2","0","0","0","0","0","0","0","0","4","0","","67","8","2021","4","39.959321","-75.219176","1745","6","0","0","0","0","0","0","0","0","","0","0","0","","","0","","2","","39 57:33.555","","0","75 13:09.032","0","0","0","0","67301","0","0","0","N","0","0","0","2","67301","0","","1.0","","99","N","N","N","0","","0","0","0","","2","","","2","0","0","0","0","0","0","2","0","2","","","","N","","","","","","","","","",""
"2021119795","1000","1","0","0","0","0","0","0","0","0","4","1","","67","7","2021","5","40.032197","-75.036907","0934","6","0","0","0","0","0","0","0","0","","0","1","0","","","1","","1","","40 01:55.909","3","0","75 02:12.865","3","0","0","0","67301","0","0","0","N","0","0","0","2","67301","0","","1.0","1115.0","1","N","N","N","0","","1","0","0","","2","Y","","2","1","1","0","0","0","0","2","0","2","","03","","N","","","","","","","","","",""
"2021076178","1623","1","0","0","0","0","0","0","0","0","4","0","","67","8","2021","1","40.042323","-75.025601","1623","6","0","0","0","0","0","0","0","0","","0","0","0","","","1","","1","","40 02:32.362","","0","75 01:32.162","3","0","0","0","67301","0","0","0","N","0","0","0","4","67301","0","","1.0","","1","N","N","N","0","","1","0","1","","2","","","2","1","0","0","0","0","0","2","0","2","","","","N","","","","","","","","","",""
"2021076529","2000","3","0","0","0","0","0","0","0","0","5","0","","67","8","2021","2","39.978083","-75.161333","1953","6","0","0","0","0","0","0","0","0","","0","0","0","","","0","N","0","","39 58:41.100","","0","75 09:40.800","0","0","0","0","67301","0","0","0","N","0","0","0","1","67505","0","","6.0","","1","N","N","Y","0","","0","0","0","","0","","","3","0","0","0","0","0","0","2","0","3","","03","","N","","","","","","","","","",""
"2021077260","1519","0","0","0","0","0","0","0","0","0","8","0","","67","8","2021","7","39.922647","-75.185174","1519","6","0","0","0","0","0","0","1","0","","0","0","0","","","1","","1","","39 55:21.529","","0","75 11:06.627","8","0","0","0","67301","1","0","0","N","1","0","0","2","67301","0","","1.0","","1","N","N","N","1","","0","0","0","","2","","","2","1","0","0","0","1","0","2","0","1","","03","","N","","","","","","","","","",""
"2021118415","0934","0","0","0","0","0","0","0","0","0","4","0","","67","12","2021","7","39.95844","-75.237444","0932","6","0","0","0","0","0","0","0","0","","0","0","0","","","1","","1","","39 57:30.385","4","0","75 14:14.799","3","0","0","0","67301","0","0","0","N","0","0","0","2","67301","0","","1.0","1130.0","1","N","N","N","0","","1","0","2","","2","N","","2","1","1","0","0","0","0","2","0","2","","03","","N","","","","","","","","","",""
"2021120664","2040","1","0","0","0","0","0","0","0","0","7","0","","67","12","2021","3","40.029438","-75.188872","2018","6","0","0","0","0","0","1","0","0","","0","0","0","","","1","","2","","40 01:45.975","","0","75 11:19.940","2","0","0","0","67301","0","0","0","N","0","0","0","1","67301","0","","4.0","","1","N","N","N","0","","0","1","0","","2","","","1","1","1","0","1","0","0","2","0","1","","03","","N","","","","","","","","","",""
"2021075995","0845","1","0","0","0","0","0","0","0","0","1","0","99","67","8","2021","3","39.994875","-75.081891","0845","6","0","0","0","0","0","2","0","0","","0","0","0","","","1","N","0","","39 59:41.549","3","8","75 04:54.809","3","0","0","0","67301","0","0","0","N","0","0","0","2","67501","0","","1.0","900.0","1","N","N","N","0","","1","0","1","","8","Y","","2","1","0","0","0","0","0","2","0","2","","03","U","Y","4","1","","","U","Y","","","","N"
"2021075797","1052","1","0","0","0","0","0","0","0","0","4","0","","67","8","2021","5","40.021015","-75.091495","1048","6","0","1","0","0","0","0","0","0","","0","0","0","","","0","","1","","40 01:15.653","","0","75 05:29.381","9","0","0","1","67301","0","0","0","N","0","0","0","2","67301","0","","1.0","","1","N","N","N","0","","0","0","0","","3","","","2","0","0","0","0","0","1","2","0","2","","03","","N","","","","","","","","","",""
"2021098377","0630","2","0","0","0","0","0","0","0","0","4","0","","67","8","2021","2","39.949789","-75.207142","0626","6","0","0","0","0","0","0","0","0","","0","0","0","","","0","","1","","39 56:59.241","","0","75 12:25.710","0","0","0","0","67301","0","0","0","N","0","0","0","2","67504","0","","1.0","","1","N","N","N","0","","0","0","0","","2","","","2","0","2","0","0","0","0","2","0","2","","03","","N","","","","","","","","","",""
"2021119332","1333","0","0","0","0","0","0","0","0","0","8","0","","67","11","2021","4","40.058208","-75.144419","1331","6","0","0","0","0","0","0","0","0","","2","0","0","","","1","N","0","","40 03:29.550","6","0","75 08:39.910","1","0","0","0","67301","2","2","0","N","2","2","0","4","67301","0","2","4.0","1800.0","1","N","N","N","0","0","1","0","0","","0","Y","","3","1","0","0","0","0","1","2","1","1","","","","N","","","","","","","","","",""
"2021105705","","2","0","0","0","0","0","0","0","0","4","0","","67","7","2021","1","40.037831","-75.038048","","6","0","0","0","0","0","0","0","0","","0","0","0","","","2","","1","","40 02:16.191","","0","75 02:16.971","8","0","0","0","67301","0","0","0","N","0","0","0","4","00000","0","","1.0","","1","N","N","N","0","","0","0","0","","2","","","2","2","0","0","0","2","0","2","0","2","","","","N","","","","","","","","","",""
"2021120511","1815","0","0","0","0","0","0","0","0","0","1","1","","67","12","2021","4","39.962619","-75.205239","1800","6","0","0","0","0","0","0","0","0","","0","1","0","","","1","N","0","","39 57:45.430","","0","75 12:18.860","3","0","0","0","67301","0","0","0","N","0","0","0","2","67301","0","","1.0","","1","N","N","N","1","","1","0","0","","0","","","2","1","0","0","0","0","1","2","0","2","","03","","N","","","","","","","","","",""
"2021078702","1100","1","0","0","0","0","0","0","0","0","4","0","","67","8","2021","1","39.997342","-75.120319","1049","6","0","0","0","0","0","0","1","0","","0","0","0","","","1","","1","","39 59:50.432","","0","75 07:13.150","3","0","0","0","67301","0","0","0","N","0","0","0","2","67301","0","","1.0","","1","N","N","N","0","","1","0","1","","2","","","2","1","0","0","0","0","1","2","0","2","","03","","N","","","","","","","","","",""
"2021075260","1747","2","0","0","0","0","0","0","0","0","1","0","","67","8","2021","3","39.957786","-75.165575","1747","6","0","0","0","0","0","0","0","1","","0","0","0","","","1","N","0","","39 57:28.030","","0","75 09:56.070","8","0","0","0","67301","0","0","0","N","0","0","0","4","67301","0","","1.0","","1","N","N","N","0","","0","0","0","","0","","","3","1","0","0","0","1","0","2","0","3","","","","N","","","","","","","","","",""
"2021077907","1709","1","0","0","0","0","0","0","0","0","5","0","","67","8","2021","3","40.013184","-75.068646","1658","6","0","0","0","1","0","1","0","0","","0","0","0","","","0","Y","0","","40 00:47.463","","0","75 04:07.126","0","0","0","0","67301","0","0","0","N","0","0","0","3","67301","0","","1.0","","1","N","N","Y","0","","0","0","1","","2","","","3","0","0","0","0","0","0","2","0","3","","03","","N","","","","","","","","","",""
"2021078701","0955","1","0","0","0","0","0","0","0","0","5","0","","67","8","2021","7","40.01805","-75.127575","0941","6","0","0","0","0","0","0","0","0","","0","0","0","","","0","N","0","","40 01:04.980","","0","75 07:39.270","0","0","0","0","67301","0","0","0","N","0","0","0","1","67301","0","","6.0","","1","N","N","N","1","","0","0","0","","0","","","2","0","1","0","0","0","0","2","0","2","","","","N","","","","","","","","","",""
"2021119787","2335","0","0","0","0","0","0","1","0","0","6","1","","67","11","2021","3","40.018438","-75.125009","2325","6","0","0","0","0","0","0","0","0","","0","0","0","","","1","","1","","40 01:06.376","","0","75 07:30.032","4","0","0","0","67301","0","0","0","N","0","0","0","3","67508","1","","1.0","","1","N","N","Y","0","","0","0","1","","0","","","2","1","0","0","0","0","0","2","0","2","","03","","N","","","","","","","","","",""
"2021076671","2230","1","0","0","0","0","0","0","0","0","6","0","","67","8","2021","1","39.971294","-75.230747","2245","6","0","0","0","0","0","0","0","0","","0","0","0","","","1","N","0","","39 58:16.660","","0","75 13:50.690","3","0","0","0","67301","0","0","0","N","0","0","0","2","67301","0","","6.0","","1","N","N","N","0","","1","0","0","","0","","","2","1","0","0","0","0","0","2","0","2","","03","","N","","","","","","","","","",""
"2021058736","0810","0","0","0","0","0","0","0","0","0","8","1","","67","6","2021","6","39.985986","-75.180764","0807","6","0","0","0","0","0","1","0","0","","0","1","0","","","1","N","0","","39 59:09.550","","0","75 10:50.750","4","0","0","0","67301","1","0","0","N","1","0","0","2","67301","1","","1.0","","1","N","N","N","0","","0","0","0","","0","","","2","1","1","0","0","0","0","2","0","1","","03","","N","","","","","","","","","",""
"2021076046","1815","2","0","0","0","0","0","0","0","0","4","0","","67","8","2021","6","40.055866","-75.061753","1802","6","0","0","0","0","0","1","0","0","","0","0","0","","","0","","1","","40 03:21.116","","0","75 03:42.312","0","0","0","0","67301","0","0","0","N","0","0","0","2","67301","0","","1.0","","1","N","N","N","0","","0","0","0","","2","","","2","0","0","0","0","0","0","2","0","2","","03","","N","","","","","","","","","",""
"2021084071","1940","1","0","0","0","0","0","0","0","0","8","0","","67","8","2021","2","40.057525","-75.149283","1940","6","0","0","0","0","0","0","0","0","","0","0","0","","","1","","1","","40 03:27.089","","0","75 08:57.418","8","0","0","0","67301","1","0","0","N","1","0","0","2","67301","0","","1.0","","99","N","N","N","0","","0","0","0","","2","","","2","1","1","0","0","1","1","2","0","1","","","","N","","","","","","","","","",""
"2021118314","0708","3","0","0","0","0","0","0","0","0","2","0","","67","12","2021","6","40.069153","-75.016017","0702","6","0","0","0","0","0","1","0","0","","0","0","0","","","1","N","0","","40 04:08.950","","0","75 00:57.660","3","0","0","0","67301","0","0","0","N","0","0","0","2","67301","0","","1.0","","1","N","N","N","0","","1","0","0","","0","","","3","1","0","0","0","0","1","2","0","3","","03","","N","","","","","","","","","",""
"2021075409","2018","1","0","0","0","0","0","0","0","0","5","0","","67","8","2021","3","40.060197","-75.148381","2018","6","0","0","0","0","0","0","0","0","","0","0","0","","","0","N","0","","40 03:36.710","","0","75 08:54.170","9","0","0","0","67301","0","0","0","N","0","0","0","1","67301","0","","6.0","","1","N","N","N","0","","0","0","1","","0","","","2","0","0","0","0","0","1","2","0","2","","03","","N","","","","","","","","","",""
"2021119553","1528","1","0","0","0","0","0","0","0","0","1","0","","67","11","2021","7","40.030684","-75.021888","1417","6","0","0","0","0","0","0","0","0","","0","0","0","","","0","N","0","","40 01:50.462","2","0","75 01:18.797","0","0","0","0","67301","0","0","0","N","0","0","0","7","68K01","0","","1.0","1505.0","1","N","N","N","0","","0","0","2","","0","N","","3","0","0","0","0","0","0","2","0","3","","03","","N","","","","","","","","","",""
"2021057500","0200","1","0","0","0","0","0","0","0","0","7","0","","67","6","2021","2","40.071399","-75.084343","0156","6","0","0","0","0","0","0","1","0","","0","0","0","","","0","","9","","40 04:17.036","","0","75 05:03.635","0","0","0","0","67301","0","0","0","N","0","0","0","2","67301","0","","4.0","","1","N","N","N","0","","0","0","0","","6","","","1","0","0","0","0","0","0","2","0","1","","03","","N","","","","","","","","","",""
"2021119798","0828","1","0","0","0","0","0","0","0","0","4","1","","67","7","2021","3","39.983857","-75.10222","0828","6","0","0","0","0","0","1","0","0","","0","1","0","","","1","","1","","39 59:01.884","3","0","75 06:07.992","3","0","0","0","67301","0","0","0","N","0","0","0","4","67301","0","","1.0","945.0","1","N","N","N","0","","1","0","0","","0","N","","2","1","0","0","0","0","2","2","0","2","","03","","N","","","","","","","","","",""
"2021076069","1758","1","0","0","0","0","0","0","0","0","5","0","","67","8","2021","7","40.015406","-75.139503","1754","6","0","0","0","0","0","0","0","0","","0","0","0","","","0","N","0","","40 00:55.460","","0","75 08:22.210","0","0","0","0","67301","0","0","0","N","0","0","0","1","67301","0","","6.0","","1","N","N","N","1","","0","0","1","","0","","","3","0","0","0","0","0","0","2","0","3","","03","","N","","","","","","","","","",""
"2021061415","0137","1","0","0","0","0","0","0","0","0","2","0","","67","6","2021","1","40.023878","-75.030991","0128","6","0","0","0","0","0","1","0","0","","0","0","0","","","2","N","0","","40 01:25.961","1","2","75 01:51.566","8","0","0","0","67301","0","0","0","N","0","0","0","2","68K01","0","","1.0","215.0","1","N","N","N","0","","0","0","1","","0","N","","2","2","1","0","0","2","0","2","0","2","","","","N","","","","","","","","","",""
"2021075655","1922","1","0","0","0","0","0","0","0","0","5","0","","67","8","2021","4","39.930636","-75.190247","1920","6","0","0","0","0","0","0","0","0","","0","0","0","","","1","N","0","","39 55:50.290","","0","75 11:24.890","3","0","0","0","67301","1","0","0","N","1","0","0","4","67301","0","","1.0","","1","N","N","N","0","","1","0","0","","0","","","3","1","0","0","0","0","0","2","1","2","","04","","N","","","","","","","","","",""
"2021074718","0215","0","0","0","0","0","0","0","0","0","7","0","","67","8","2021","4","39.982803","-75.225042","0010","6","0","0","0","0","0","0","0","0","","0","0","0","","","0","N","0","","39 58:58.090","","0","75 13:30.150","0","0","0","0","67301","0","0","0","N","0","0","0","1","67301","0","","5.0","","9","N","N","N","0","","0","0","1","","0","","","1","0","0","0","0","0","0","2","0","1","","07","","N","","","","","","","","","",""
"2021064225","1317","1","0","0","0","0","0","0","0","0","4","0","","67","6","2021","2","39.937729","-75.228353","1316","6","0","0","0","0","0","1","0","0","","0","0","0","","","2","","1","","39 56:15.824","","0","75 13:42.070","3","0","0","0","67301","0","0","0","N","0","0","0","5","67301","0","","1.0","","1","N","N","N","0","","2","0","1","","2","","","2","2","0","0","0","0","0","2","0","2","","03","","N","","","","","","","","","",""