"CRN","ARRIVAL_TM","AUTOMOBILE_COUNT","BELTED_DEATH_COUNT","BELTED_SUSP_SERIOUS_INJ_COUNT","BICYCLE_COUNT","BICYCLE_DEATH_COUNT","BICYCLE_SUSP_SERIOUS_INJ_COUNT","BUS_COUNT","CHLDPAS_DEATH_COUNT","CHLDPAS_SUSP_SERIOUS_INJ_COUNT","COLLISION_TYPE","COMM_VEH_COUNT","CONS_ZONE_SPD_LIM","COUNTY","CRASH_MONTH","CRASH_YEAR","DAY_OF_WEEK","DEC_LATITUDE","DEC_LONGITUDE","DISPATCH_TM","DISTRICT","DRIVER_COUNT_16YR","DRIVER_COUNT_17YR","DRIVER_COUNT_18YR","DRIVER_COUNT_19YR","DRIVER_COUNT_20YR","DRIVER_COUNT_50_64YR","DRIVER_COUNT_65_74YR","DRIVER_COUNT_75PLUS","EST_HRS_CLOSED","FATAL_COUNT","HEAVY_TRUCK_COUNT","HORSE_BUGGY_COUNT","HOUR_OF_DAY","ILLUMINATION","INJURY_COUNT","INTERSECTION_RELATED","INTERSECT_TYPE","LANE_CLOSED","LATITUDE","LN_CLOSE_DIR","LOCATION_TYPE","LONGITUDE","MAX_SEVERITY_LEVEL","MCYCLE_DEATH_COUNT","MCYCLE_SUSP_SERIOUS_INJ_COUNT","MOTORCYCLE_COUNT","MUNICIPALITY","NONMOTR_COUNT","NONMOTR_DEATH_COUNT","NONMOTR_SUSP_SERIOUS_INJ_COUNT","NTFY_HIWY_MAINT","PED_COUNT","PED_DEATH_COUNT","PED_SUSP_SERIOUS_INJ_COUNT","PERSON_COUNT","POLICE_AGCY","POSSIBLE_INJ_COUNT","RDWY_SURF_TYPE_CD","RELATION_TO_ROAD","ROADWAY_CLEARED","ROAD_CONDITION","SCH_BUS_IND","SCH_ZONE_IND","SECONDARY_CRASH","SMALL_TRUCK_COUNT","SPEC_JURIS_CD","SUSP_MINOR_INJ_COUNT","SUSP_SERIOUS_INJ_COUNT","SUV_COUNT","TCD_FUNC_CD","TCD_TYPE","TFC_DETOUR_IND","TIME_OF_DAY","TOTAL_UNITS","TOT_INJ_COUNT","UNBELTED_OCC_COUNT","UNB_DEATH_COUNT","UNB_SUSP_SERIOUS_INJ_COUNT","UNK_INJ_DEG_COUNT","UNK_INJ_PER_COUNT","URBAN_RURAL","VAN_COUNT","VEHICLE_COUNT","WEATHER1","WEATHER2","WORKERS_PRES","WORK_ZONE_IND","WORK_ZONE_LOC","WORK_ZONE_TYPE","WZ_CLOSE_DETOUR","WZ_FLAGGER","WZ_LAW_OFFCR_IND","WZ_LN_CLOSURE","WZ_MOVING","WZ_OTHER","WZ_SHLDER_MDN","WZ_WORKERS_INJ_KILLED"
"2021118063","0822","1","0","0","0","0","0","0","0","0","7","1","","67","11","2021","2","39.947047","-75.187876","0811","6","0","0","0","0","0","0","0","0","","0","1","0","","","2","N","0","","39 56:49.369","4","1","75 11:16.353","4","0","0","0","67301","0","0","0","Y","0","0","0","3","68K01","1","","4.0","1115.0","1","N","N","N","0","","0","0","0","","0","N","","2","2","0","0","0","1","0","2","0","2","","","","N","","","","","","","","","",""
"2021079520","0210","1","0","0","0","0","0","0","0","0","1","0","","67","8","2021","1","39.965621","-75.186094","0210","6","0","0","0","0","0","0","0","0","","0","0","0","","","1","N","0","","39 57:56.234","4","0","75 11:09.938","3","0","0","0","67301","0","0","0","N","0","0","0","3","68K01","0","","1.0","315.0","1","N","N","Y","0","","1","0","1","","0","N","","2","1","0","0","0","0","0","2","0","2","","","","N","","","","","","","","","",""
"2021118584","0621","2","0","0","0","0","0","0","0","0","2","0","","67","12","2021","7","39.968556","-75.23574","0619","6","0","0","0","0","0","0","0","0","","0","0","0","","","0","N","0","","39 58:06.803","","0","75 14:08.665","0","0","0","0","67301","0","0","0","N","0","0","0","1","67301","0","","2.0","","1","N","N","N","0","","0","0","1","","0","","","3","0","0","0","0","0","0","2","0","3","","03","","N","","","","","","","","","",""
"2021084662","1609","1","0","0","0","0","0","0","0","0","5","0","","67","9","2021","3","39.885719","-75.212135","1557","6","0","0","0","0","0","0","0","0","","0","0","0","","","0","N","0","","39 53:08.590","1","0","75 12:43.685","0","0","0","0","67301","0","0","0","N","0","0","0","2","68K01","0","","1.0","1645.0","1","N","N","N","0","","0","0","1","","0","N","","2","0","0","0","0","0","0","2","0","2","","","","N","","","","","","","","","",""
"2021077426","1549","0","0","0","0","0","0","0","0","0","4","0","","67","8","2021","3","40.04324","-75.052268","1548","6","0","0","0","0","0","0","0","0","","0","0","0","","","1","","1","","40 02:35.664","","0","75 03:08.163","8","0","0","0","67301","0","0","0","N","0","0","0","3","67301","0","","1.0","","1","N","N","N","1","","0","0","2","","2","","","3","1","0","0","0","1","0","2","0","3","","04","","N","","","","","","","","","",""
"2021076152","2227","2","0","0","0","0","0","0","0","0","1","0","","67","8","2021","1","40.008194","-75.151361","2223","6","0","0","0","0","0","1","0","0","","0","0","0","","","2","N","0","","40 00:29.498","2","0","75 09:04.901","8","0","0","0","67301","0","0","0","N","0","0","0","9","67505","0","","1.0","2250.0","1","Y","N","N","0","","0","0","1","","0","N","","3","2","0","0","0","2","0","2","0","3","","03","","N","","","","","","","","","",""
"2021057108","0846","2","0","0","0","0","0","0","0","0","1","0","","67","6","2021","1","40.076772","-75.032993","0843","6","0","0","0","0","0","0","1","0","","0","0","0","","","2","","1","","40 04:36.380","","0","75 01:58.776","3","0","0","0","67301","0","0","0","N","0","0","0","2","67301","0","","1.0","","1","N","N","N","0","","2","0","0","","2","","","2","2","0","0","0","0","0","2","0","2","","","","N","","","","","","","","","",""
"2021078406","0747","2","0","0","0","0","0","0","0","0","4","0","","67","8","2021","4","40.009244","-75.151133","0746","6","0","0","0","0","0","0","0","0","","0","0","0","","","2","","1","","40 00:33.277","1","0","75 09:04.079","3","0","0","0","67301","0","0","0","N","0","0","0","3","67301","0","","1.0","915.0","1","N","N","N","0","","2","0","0","","1","Y","","2","2","0","0","0","0","0","2","0","2","","03","","N","","","","","","","","","",""
"2021120672","1840","2","0","0","0","0","0","0","0","0","1","0","","67","11","2021","3","40.019156","-75.046268","1827","6","0","0","0","0","0","0","0","0","","0","0","0","","","1","N","0","","40 01:08.961","","0","75 02:46.566","4","0","0","0","67301","0","0","0","N","0","0","0","2","68K01","1","","1.0","","9","N","N","N","0","","0","0","0","","0","","","2","1","0","0","0","0","0","2","0","2","","","","N","","","","","","","","","",""
"2021064303","0042","1","0","0","0","0","0","0","0","0","4","0","","67","6","2021","5","39.971955","-75.241112","0042","6","0","0","0","0","0","0","0","0","","0","0","0","","","0","","2","","39 58:19.037","","0","75 14:28.003","0","0","0","0","67301","0","0","0","N","0","0","0","2","67301","0","","1.0","","1","N","N","N","0","","0","0","1","","3","","","3","0","0","0","0","0","0","2","1","3","","03","","N","","","","","","","","","",""
"2021118772","0754","3","0","0","0","0","0","0","0","0","4","0","","67","12","2021","1","40.056616","-75.013154","0754","6","0","0","0","0","0","0","0","0","","0","0","0","","","0","","1","","40 03:23.817","4","0","75 00:47.353","0","0","0","0","67301","0","0","0","N","0","0","0","2","67301","0","","1.0","833.0","1","N","N","N","0","","0","0","0","","2","N","","3","0","2","0","0","0","0","2","0","3","","03","","N","","","","","","","","","",""
"2021081884","2355","1","0","0","0","0","0","0","0","0","5","0","","67","8","2021","3","39.971714","-75.12394","2336","6","0","0","0","0","0","0","0","0","","0","0","0","","","1","N","0","","39 58:18.170","2","2","75 07:26.183","4","0","0","0","67301","0","0","0","N","0","0","0","2","68K01","1","","1.0","2345.0","1","N","N","N","0","","0","0","0","","0","N","","2","1","0","0","0","0","1","2","0","2","","","","N","","","","","","","","","",""
"2021104845","","1","0","0","0","0","0","0","0","0","1","0","99","67","8","2021","2","39.918722","-75.209639","","6","0","0","0","0","0","1","0","0","","0","0","0","","","1","N","0","","39 55:07.400","","0","75 12:34.700","8","0","0","0","67301","0","0","0","N","0","0","0","2","00000","0","","1.0","","1","N","N","N","0","","0","0","1","","0","","","2","1","0","0","0","1","0","2","0","2","","","U","Y","4","1","","","U","","","","","N"
"2021077515","1832","1","0","0","0","0","0","0","0","0","6","0","","67","8","2021","4","39.999625","-75.190584","1822","6","0","0","0","0","0","1","0","0","","0","0","0","","","0","","2","","39 59:58.649","1","0","75 11:26.101","0","0","0","0","67301","0","0","0","N","0","0","0","4","67301","0","","1.0","2015.0","1","N","N","N","0","","0","0","2","","2","Y","","3","0","4","0","0","0","0","2","0","3","","04","","N","","","","","","","","","",""
"2021077261","1300","2","0","0","0","0","0","0","0","0","4","0","","67","8","2021","1","39.922354","-75.18693","1300","6","0","0","0","0","0","1","0","0","","0","0","0","","","0","","1","","39 55:20.474","","0","75 11:12.947","0","0","0","0","67301","0","0","0","N","0","0","0","2","67301","0","","1.0","","1","N","N","N","0","","0","0","0","","2","","","2","0","0","0","0","0","0","2","0","2","","","","N","","","","","","","","","",""
"2021077061","0209","1","0","0","0","0","0","0","0","0","8","0","","67","8","2021","7","39.949079","-75.162124","0209","6","0","0","0","0","0","0","0","0","","0","0","0","","","1","","1","","39 56:56.686","","0","75 09:43.648","3","0","0","0","67301","1","0","0","N","1","0","0","2","67301","0","","1.0","","1","N","N","N","0","","1","0","0","","2","","","2","1","0","0","0","0","0","2","0","1","","03","","N","","","","","","","","","",""
"2021120556","0046","0","0","0","0","0","0","0","0","0","5","0","","67","12","2021","3","39.979903","-75.247942","0045","6","0","0","0","0","0","1","0","0","","0","0","0","","","0","N","0","","39 58:47.650","4","0","75 14:52.590","0","0","0","0","67301","0","0","0","N","0","0","0","1","67301","0","","1.0","215.0","1","N","N","N","0","","0","0","2","","0","Y","","2","0","0","0","0","0","0","2","0","2","","03","","N","","","","","","","","","",""
"2021084235","2104","1","0","0","0","0","0","0","0","0","5","0","","67","9","2021","7","39.988104","-75.088812","2055","6","0","0","0","0","0","1","0","0","","0","0","0","","","3","N","6","","39 59:17.173","1","0","75 05:19.723","4","0","0","0","67301","0","0","0","N","0","0","0","3","68K01","2","","1.0","2200.0","1","N","N","N","0","","0","0","1","","0","Y","","2","3","1","0","0","1","0","2","0","2","","","","N","","","","","","","","","",""
"2021077263","0010","3","0","0","0","0","0","0","0","0","5","0","","67","8","2021","2","39.936783","-75.232789","0005","6","0","0","0","0","0","0","0","0","","0","0","0","","","0","N","0","","39 56:12.420","","0","75 13:58.040","0","0","0","0","67301","0","0","0","N","0","0","0","1","67301","0","","6.0","","1","N","N","N","0","","0","0","0","","0","","","3","0","0","0","0","0","0","2","0","3","","03","","N","","","","","","","","","",""
"2021119569","1734","1","0","0","0","0","0","0","0","0","1","0","","67","11","2021","6","40.022774","-75.03589","1726","6","0","0","0","0","0","0","0","0","","0","0","0","","","2","N","0","","40 01:21.988","","0","75 02:09.205","8","0","0","0","67301","0","0","0","N","0","0","0","4","68K01","0","","1.0","","1","N","N","N","0","","0","0","1","","0","","","3","2","0","0","0","2","1","2","0","3","","","","N","","","","","","","","","",""
"2021075656","1655","1","0","0","0","0","0","0","0","0","4","0","","67","8","2021","5","39.905757","-75.193824","1650","6","0","0","0","0","0","0","0","0","","0","0","0","","","1","","1","","39 54:20.725","7","0","75 11:37.765","3","0","0","0","67301","0","0","0","N","0","0","0","2","67301","0","","1.0","1700.0","1","N","N","N","0","","1","0","1","","2","N","","2","1","0","0","0","0","0","2","0","2","","03","","N","","","","","","","","","",""
"2021077879","1551","2","0","0","0","0","0","0","0","0","4","0","","67","8","2021","3","40.02384","-75.048857","1542","6","0","0","0","0","0","0","0","0","","0","0","0","","","0","","1","","40 01:25.824","","0","75 02:55.884","0","0","0","0","67301","0","0","0","N","0","0","0","3","67301","0","","1.0","","9","N","N","Y","0","","0","0","1","","3","","","3","0","2","0","0","0","0","2","0","3","","07","","N","","","","","","","","","",""
"2021085246","1128","2","0","0","0","0","0","0","0","0","1","0","","67","9","2021","5","39.967171","-75.132798","1032","6","0","0","0","0","0","0","0","0","","0","0","0","","","0","N","0","","39 58:01.817","","0","75 07:58.072","0","0","0","0","67301","0","0","0","N","0","0","0","2","68K01","0","","1.0","","1","N","N","N","0","","0","0","0","","0","","","2","0","0","0","0","0","0","2","0","2","","","","N","","","","","","","","","",""
"2021057469","2059","1","0","0","0","0","0","0","0","0","4","0","","67","6","2021","1","40.013254","-75.159648","2053","6","0","0","0","0","0","0","0","0","","0","0","0","","","2","N","0","","40 00:47.713","","7","75 09:34.733","8","0","0","0","67301","0","0","0","N","0","0","0","3","67301","0","","1.0","","1","N","N","N","0","","0","0","2","","0","","","3","2","0","0","0","2","0","2","0","3","","","","N","","","","","","","","","",""
"2021094411","0755","1","0","0","0","0","0","0","0","0","4","0","","67","10","2021","4","40.086788","-74.971843","0752","6","0","0","0","1","0","1","0","0","","0","0","0","","","1","","1","","40 05:12.438","","0","74 58:18.635","3","0","0","0","67301","0","0","0","N","0","0","0","3","67301","0","","1.0","","1","N","N","N","0","","1","0","2","","2","","","3","1","0","0","0","0","0","2","0","3","","03","","N","","","","","","","","","",""
"2021077105","2215","2","0","0","0","0","0","0","0","0","1","0","","67","8","2021","2","39.993153","-75.123836","2215","6","0","1","0","0","0","0","0","0","","0","0","0","","","1","N","0","","39 59:35.350","","0","75 07:25.810","3","0","0","0","67301","0","0","0","N","0","0","0","2","67301","0","","6.0","","1","N","N","N","0","","1","0","0","","0","","","3","1","1","0","0","0","0","2","1","3","","03","","N","","","","","","","","","",""
"2021076141","0103","1","0","0","0","0","0","0","0","0","5","0","","67","8","2021","1","39.925036","-75.237997","0102","6","0","1","0","0","0","0","0","0","","0","0","0","","","2","N","0","","39 55:30.130","6","0","75 14:16.790","3","0","0","0","67301","0","0","0","N","0","0","0","2","67301","0","","6.0","200.0","1","N","N","N","0","","2","0","1","","3","Y","","3","2","0","0","0","0","0","2","1","3","","03","","N","","","","","","","","","",""
"2021077176","1044","0","0","0","0","0","0","0","0","0","8","0","","67","8","2021","2","40.046806","-75.137528","1017","6","0","0","0","0","0","0","0","0","","0","0","0","","","1","","1","","40 02:48.501","","0","75 08:15.099","8","0","0","0","67301","1","0","0","N","1","0","0","2","67301","0","","1.0","","1","N","N","N","0","","0","0","1","","2","","","2","1","0","0","0","1","0","2","0","1","","","","N","","","","","","","","","",""
"2021076805","1004","0","0","0","0","0","0","0","0","0","8","0","","67","8","2021","3","40.037387","-75.039029","0948","6","0","0","0","0","0","0","0","0","","0","0","0","","","1","N","0","","40 02:14.592","","0","75 02:20.504","3","0","0","0","67301","1","0","0","N","1","0","0","2","67301","0","","1.0","","1","N","N","N","0","","1","0","0","","0","","","2","1","0","0","0","0","0","2","1","1","","","","N","","","","","","","","","",""
"2021118848","1345","1","0","0","0","0","0","0","0","0","2","0","","67","11","2021","3","40.111887","-74.991349","1335","6","0","0","0","0","0","0","0","0","","0","1","0","","","1","N","0","","40 06:42.794","2","0","74 59:28.857","3","0","0","0","67301","0","0","0","N","0","0","0","2","67301","0","","1.0","1600.0","1","N","N","N","0","","1","0","0","","0","N","","2","1","0","0","0","0","0","2","0","2","","04","","N","","","","","","","","","",""
"2021120695","0127","0","0","0","0","0","0","0","0","0","7","0","","67","11","2021","5","39.996529","-75.082658","0125","6","0","0","0","0","0","0","0","0","","0","0","0","","","0","N","0","","39 59:47.505","2","0","75 04:57.570","0","0","0","0","67301","0","0","0","N","0","0","0","1","68K01","0","","3.0","150.0","1","N","N","N","0","","0","0","1","","0","N","","1","0","0","0","0","0","0","2","0","1","","","","N","","","","","","","","","",""
"2021119551","1205","2","0","0","0","0","0","0","0","0","1","0","","67","11","2021","7","39.958968","-75.17055","1156","6","0","0","0","0","0","2","0","0","","0","0","0","","","1","N","0","","39 57:32.283","4","0","75 10:13.981","3","0","0","0","67301","0","0","0","N","0","0","0","6","68K01","0","","1.0","1208.0","1","N","N","N","0","","1","0","2","","0","N","","4","1","0","0","0","0","1","2","0","4","","","","N","","","","","","","","","",""
"2021058634","2040","4","0","0","0","0","0","0","0","0","4","0","","67","6","2021","5","40.001585","-75.152798","2037","6","0","0","0","0","0","0","0","0","","0","0","0","","","4","","1","","40 00:05.705","2","0","75 09:10.074","8","0","0","0","67301","0","0","0","N","0","0","0","6","67505","0","","1.0","2120.0","1","N","N","Y","0","","0","0","0","","2","Y","","4","4","4","0","0","4","0","2","0","4","","03","","N","","","","","","","","","",""
"2021095258","0439","1","0","0","0","0","0","0","0","0","1","0","","67","9","2021","7","39.959338","-75.173523","0436","6","0","0","0","0","0","0","0","0","","0","0","0","","","0","N","0","","39 57:33.616","4","0","75 10:24.682","0","0","0","0","67301","0","0","0","N","0","0","0","3","68K01","0","","1.0","5.0","1","N","N","N","1","","0","0","1","","0","N","","3","0","0","0","0","0","0","2","0","3","","03","","N","","","","","","","","","",""
"2021073700","0147","1","0","0","0","0","0","0","0","0","4","0","","67","8","2021","1","39.958684","-75.239414","0145","6","0","0","0","0","0","0","0","0","","0","0","0","","","1","","1","","39 57:31.261","","0","75 14:21.889","8","0","0","0","67301","0","0","0","N","0","0","0","3","67301","0","","1.0","","9","N","N","N","0","","0","0","1","","2","","","2","1","0","0","0","1","0","2","0","2","","","","N","","","","","","","","","",""
"2021120688","0048","1","0","0","0","0","0","0","0","0","4","0","","67","11","2021","6","40.032694","-75.021004","0020","6","0","0","0","1","0","0","0","0","","0","0","0","","","0","N","0","","40 01:57.700","","0","75 01:15.616","0","0","0","0","67301","0","0","0","N","0","0","0","2","68K01","0","","1.0","","9","N","N","N","0","","0","0","1","","0","","","2","0","0","0","0","0","0","2","0","2","","","","N","","","","","","","","","",""
"2021076148","2109","1","0","0","0","0","0","0","0","0","8","0","","67","8","2021","6","39.925227","-75.18632","2108","6","0","0","0","0","0","0","0","0","","0","0","0","","","1","","1","","39 55:30.817","","0","75 11:10.752","3","0","0","0","67301","1","0","0","N","1","0","0","2","67301","0","","1.0","","1","N","N","N","0","","1","0","0","","3","","","2","1","1","0","0","0","0","2","0","1","","03","","N","","","","","","","","","",""
"2021077806","0320","2","0","0","0","0","0","0","0","0","5","0","","67","8","2021","1","40.047644","-75.145486","0319","6","0","0","0","0","0","0","0","0","","0","0","0","","","0","N","0","","40 02:51.520","","0","75 08:43.750","9","0","0","0","67301","0","0","0","N","0","0","0","1","67301","0","","6.0","","1","N","N","N","1","","0","0","0","","0","","","3","0","0","0","0","0","1","2","0","3","","04","","N","","","","","","","","","",""
"2021075970","1028","0","0","0","0","0","0","0","0","0","8","0","","67","8","2021","7","39.990944","-75.101578","1017","6","0","0","0","0","0","0","0","0","","0","0","0","","","1","","1","","39 59:27.397","","0","75 06:05.681","3","0","0","0","67301","1","0","0","N","1","0","0","2","67301","0","","1.0","","1","N","N","N","0","","1","0","1","","2","","","2","1","0","0","0","0","0","2","0","1","","98","","N","","","","","","","","","",""
"2021120653","1615","2","0","0","0","0","0","0","0","0","6","0","","67","11","2021","4","39.995689","-75.191471","1609","6","0","0","0","0","0","0","0","0","","0","0","0","","","0","","3","","39 59:44.480","3","0","75 11:29.297","0","0","0","0","67301","0","0","0","N","0","0","0","2","67301","0","","1.0","100.0","1","N","N","N","0","","0","0","0","","0","N","","2","0","0","0","0","0","0","2","0","2","","03","","N","","","","","","","","","",""
"2021077543","1755","1","0","0","0","0","0","0","0","0","1","0","","67","8","2021","3","40.10145","-74.980694","1745","6","0","0","0","0","0","0","0","0","","0","0","0","","","0","N","0","","40 06:05.220","","0","74 58:50.500","0","0","0","0","67301","0","0","0","N","0","0","0","1","67301","0","","6.0","","1","N","N","N","0","","0","0","1","","0","","","2","0","0","0","0","0","0","2","0","2","","03","","N","","","","","","","","","",""
"2021078611","1056","1","0","0","0","0","0","0","0","0","7","0","","67","8","2021","4","40.015886","-75.117296","1054","6","0","0","0","0","0","0","0","0","","0","0","0","","","1","","5","","40 00:57.191","","0","75 07:02.267","3","0","0","0","67301","0","0","0","N","0","0","0","1","67301","0","","4.0","","1","N","N","N","0","","1","0","0","","3","","","1","1","0","0","0","0","0","2","0","1","","03","","N","","","","","","","","","",""
"2021077467","0155","0","0","0","0","0","0","0","0","0","5","0","","67","8","2021","7","39.904447","-75.196582","0145","6","0","0","0","0","0","0","0","0","","0","0","0","","","0","N","0","","39 54:16.009","","0","75 11:47.696","9","0","0","0","67301","0","0","0","N","0","0","0","2","67301","0","","1.0","","99","N","N","N","1","","0","0","1","","0","","","2","0","0","0","0","0","1","2","0","2","","","","N","","","","","","","","","",""
"2021084450","0913","0","0","0","0","0","0","0","0","0","7","0","","67","9","2021","7","39.91117","-75.148979","0912","6","0","0","0","0","0","0","0","0","","0","0","0","","","1","N","0","","39 54:40.211","","0","75 08:56.323","3","0","0","0","67301","0","0","0","Y","0","0","0","1","68K01","0","","2.0","","1","N","N","N","0","","1","0","1","","0","","","1","1","1","0","0","0","0","2","0","1","","","","N","","","","","","","","","",""
"2021105342","","1","0","0","0","0","0","0","0","0","4","0","","67","7","2021","1","","","","6","0","0","0","1","0","0","0","0","","0","0","0","","","2","","1","","","","0","","8","0","0","0","67301","0","0","0","N","0","0","0","3","00000","0","","1.0","","1","N","N","N","0","","0","0","1","","2","","","2","2","0","0","0","2","0","1","0","2","","","","N","","","","","","","","","",""
"2021084444","1149","1","0","0","0","0","0","0","0","0","1","0","","67","9","2021","6","39.925862","-75.194134","1147","6","0","0","0","0","0","1","0","0","","0","0","0","","","2","N","0","","39 55:33.102","3","0","75 11:38.884","3","0","0","0","67301","0","0","0","N","0","0","0","4","68K01","0","","1.0","1153.0","1","N","N","N","0","","2","0","1","","0","N","","2","2","0","0","0","0","0","2","0","2","","03","","N","","","","","","","","","",""
"2021075909","1543","1","0","0","0","0","0","0","0","0","4","0","","67","8","2021","7","40.003623","-75.181204","1540","6","0","0","0","0","0","1","0","0","","0","0","0","","","2","","5","","40 00:13.043","","0","75 10:52.336","3","0","0","0","67301","0","0","0","N","0","0","0","2","67301","0","","1.0","","1","N","N","N","0","","2","0","0","","2","","","2","2","0","0","0","0","0","2","1","2","","03","","N","","","","","","","","","",""
"2021078286","1851","1","0","0","0","0","0","0","0","0","1","0","","67","8","2021","4","39.959501","-75.175838","1850","6","0","0","0","0","0","1","0","0","","0","0","0","","","2","N","0","","39 57:34.202","3","0","75 10:33.016","3","0","0","0","67301","0","0","0","N","0","0","0","5","68K01","0","","1.0","1945.0","1","N","N","N","0","","1","0","3","","0","N","","4","2","0","0","0","1","0","2","0","4","","","","N","","","","","","","","","",""
"2021120701","0407","1","0","0","0","0","0","0","0","0","5","0","","67","11","2021","7","39.970226","-75.192718","0406","6","0","0","0","0","0","0","0","0","","0","0","0","","","1","N","0","","39 58:12.813","4","0","75 11:33.786","4","0","0","0","67301","0","0","0","N","0","0","0","2","68K01","1","","1.0","440.0","1","N","N","N","0","","0","0","0","","0","N","","2","1","0","0","0","0","1","2","1","2","","","","N","","","","","","","","","",""
"2021064197","1533","0","0","0","0","0","0","0","0","0","4","0","","67","6","2021","6","39.957388","-75.16032","1529","6","0","0","0","0","1","0","0","0","","0","0","0","","","0","","1","","39 57:26.596","3","3","75 09:37.151","0","0","0","0","67301","0","0","0","N","0","0","0","2","67301","0","","1.0","1600.0","1","N","N","N","0","","0","0","1","","2","N","","2","0","0","0","0","0","0","2","1","2","","03","","N","","","","","","","","","",""
"2021104143","2038","0","0","0","1","0","0","0","0","0","8","0","","67","8","2021","4","40.013043","-75.119472","2038","6","0","0","0","0","0","0","0","0","","0","0","0","","","1","","1","","40 00:46.955","","0","75 07:10.098","3","0","0","0","67301","1","0","0","N","0","0","0","2","67301","0","","1.0","","1","N","N","N","0","","1","0","0","","2","","","2","1","0","0","0","0","0","2","0","1","","","","N","","","","","","","","","",""
"2021120691","1727","1","0","0","0","0","0","0","0","0","1","0","","67","11","2021","1","39.98078","-75.206035","1716","6","0","0","0","0","0","1","0","0","","0","0","0","","","0","N","0","","39 58:50.808","4","0","75 12:21.725","0","0","0","0","67301","0","0","0","N","0","0","0","4","68K01","0","","1.0","1732.0","1","N","N","N","0","","0","0","1","","0","N","","2","0","0","0","0","0","0","2","0","2","","","","N","","","","","","","","","",""
"2021077172","0912","2","0","0","0","0","0","0","0","0","4","0","","67","8","2021","6","40.035158","-75.144792","0905","6","0","0","0","0","0","1","1","0","","0","0","0","","","1","","1","","40 02:06.568","","0","75 08:41.251","8","0","0","0","67301","0","0","0","N","0","0","0","3","67301","0","","1.0","","1","N","N","N","0","","0","0","1","","2","","","3","1","2","0","0","1","0","2","0","3","","","","N","","","","","","","","","",""
"2021075908","1930","0","0","0","0","0","0","0","0","0","5","0","","67","8","2021","6","40.032806","-75.161722","1903","6","1","0","0","0","0","0","0","0","","0","0","0","","","1","N","0","","40 01:58.100","","0","75 09:42.200","2","0","1","1","67301","0","0","0","N","0","0","0","2","67301","0","","1.0","","98","N","N","N","1","","0","1","0","","0","","","2","1","0","0","0","0","0","2","0","2","","","","N","","","","","","","","","",""
"2021079277","0319","2","0","0","0","0","0","0","0","0","4","0","","67","8","2021","1","39.939178","-75.159425","0318","6","0","0","0","0","0","0","0","0","","0","0","0","","","1","","1","","39 56:21.039","","0","75 09:33.929","3","0","0","0","67301","0","0","0","N","0","0","0","2","67301","0","","1.0","","1","N","N","N","0","","1","0","3","","2","","","5","1","0","0","0","0","0","2","0","5","","03","","N","","","","","","","","","",""
"2021109862","1935","1","0","0","0","0","0","0","0","0","4","0","","67","8","2021","7","39.993744","-75.108661","1935","6","0","0","0","0","0","0","0","0","","0","0","0","","","0","","1","","39 59:37.479","1","0","75 06:31.178","0","0","0","0","67301","0","0","0","N","0","0","0","2","67301","0","","1.0","820.0","1","N","N","N","0","","0","0","1","","3","N","","2","0","0","0","0","0","0","2","0","2","","03","","N","","","","","","","","","",""
"2021074832","1010","1","0","0","0","0","0","0","0","0","5","0","","67","8","2021","2","40.046188","-75.135678","1010","6","0","0","0","0","0","0","0","0","","0","0","0","","","0","N","0","","40 02:46.278","","0","75 08:08.442","9","0","0","0","67301","0","0","0","N","0","0","0","1","67301","0","","6.0","","1","N","N","N","0","","0","0","1","","0","","","2","0","1","0","0","0","1","2","0","2","","","","N","","","","","","","","","",""
"2021118510","1435","0","0","0","0","0","0","0","0","0","1","0","","67","12","2021","6","40.009679","-75.065279","1408","6","0","0","0","0","0","0","0","0","","0","0","0","","","0","N","0","","40 00:34.846","","0","75 03:55.004","0","0","0","0","67301","0","0","0","N","0","0","0","5","68K01","0","","1.0","","1","N","N","N","0","","0","0","2","","0","","","2","0","0","0","0","0","0","2","0","2","","03","","N","","","","","","","","","",""
"2021114606","","2","0","0","0","0","0","0","0","0","1","0","","67","5","2021","6","40.033146","-75.10696","","6","0","0","0","0","0","1","0","0","","0","0","0","","","1","","1","","40 01:59.326","","0","75 06:25.057","8","0","0","0","67301","0","0","0","N","0","0","0","2","00000","0","","1.0","","1","N","N","N","0","","0","0","0","","2","","","2","1","0","0","0","1","0","2","0","2","","","","N","","","","","","","","","",""
"2021078359","0234","1","0","0","0","0","0","0","0","0","7","0","","67","8","2021","1","40.004129","-75.177559","0233","6","0","0","0","0","0","0","0","0","","0","0","0","","","0","N","0","","40 00:14.864","","0","75 10:39.211","0","0","0","0","67301","0","0","0","N","0","0","0","1","67301","0","","4.0","","1","N","N","N","0","","0","0","0","","0","","","2","0","0","0","0","0","0","2","1","2","","03","","N","","","","","","","","","",""
"2021074687","0905","0","0","0","0","0","0","0","0","0","7","0","","67","8","2021","3","39.922736","-75.241153","0905","6","0","0","0","0","0","0","0","0","","0","0","0","","","0","N","0","","39 55:21.850","","0","75 14:28.150","9","0","0","0","67301","0","0","0","N","0","0","0","1","67301","0","","5.0","","99","N","N","N","0","","0","0","1","","0","","","1","0","0","0","0","0","1","2","0","1","","","","N","","","","","","","","","",""