"CRN","ARRIVAL_TM","AUTOMOBILE_COUNT","BELTED_DEATH_COUNT","BELTED_SUSP_SERIOUS_INJ_COUNT","BICYCLE_COUNT","BICYCLE_DEATH_COUNT","BICYCLE_SUSP_SERIOUS_INJ_COUNT","BUS_COUNT","CHLDPAS_DEATH_COUNT","CHLDPAS_SUSP_SERIOUS_INJ_COUNT","COLLISION_TYPE","COMM_VEH_COUNT","CONS_ZONE_SPD_LIM","COUNTY","CRASH_MONTH","CRASH_YEAR","DAY_OF_WEEK","DEC_LATITUDE","DEC_LONGITUDE","DISPATCH_TM","DISTRICT","DRIVER_COUNT_16YR","DRIVER_COUNT_17YR","DRIVER_COUNT_18YR","DRIVER_COUNT_19YR","DRIVER_COUNT_20YR","DRIVER_COUNT_50_64YR","DRIVER_COUNT_65_74YR","DRIVER_COUNT_75PLUS","EST_HRS_CLOSED","FATAL_COUNT","HEAVY_TRUCK_COUNT","HORSE_BUGGY_COUNT","HOUR_OF_DAY","ILLUMINATION","INJURY_COUNT","INTERSECTION_RELATED","INTERSECT_TYPE","LANE_CLOSED","LATITUDE","LN_CLOSE_DIR","LOCATION_TYPE","LONGITUDE","MAX_SEVERITY_LEVEL","MCYCLE_DEATH_COUNT","MCYCLE_SUSP_SERIOUS_INJ_COUNT","MOTORCYCLE_COUNT","MUNICIPALITY","NONMOTR_COUNT","NONMOTR_DEATH_COUNT","NONMOTR_SUSP_SERIOUS_INJ_COUNT","NTFY_HIWY_MAINT","PED_COUNT","PED_DEATH_COUNT","PED_SUSP_SERIOUS_INJ_COUNT","PERSON_COUNT","POLICE_AGCY","POSSIBLE_INJ_COUNT","RDWY_SURF_TYPE_CD","RELATION_TO_ROAD","ROADWAY_CLEARED","ROAD_CONDITION","SCH_BUS_IND","SCH_ZONE_IND","SECONDARY_CRASH","SMALL_TRUCK_COUNT","SPEC_JURIS_CD","SUSP_MINOR_INJ_COUNT","SUSP_SERIOUS_INJ_COUNT","SUV_COUNT","TCD_FUNC_CD","TCD_TYPE","TFC_DETOUR_IND","TIME_OF_DAY","TOTAL_UNITS","TOT_INJ_COUNT","UNBELTED_OCC_COUNT","UNB_DEATH_COUNT","UNB_SUSP_SERIOUS_INJ_COUNT","UNK_INJ_DEG_COUNT","UNK_INJ_PER_COUNT","URBAN_RURAL","VAN_COUNT","VEHICLE_COUNT","WEATHER1","WEATHER2","WORKERS_PRES","WORK_ZONE_IND","WORK_ZONE_LOC","WORK_ZONE_TYPE","WZ_CLOSE_DETOUR","WZ_FLAGGER","WZ_LAW_OFFCR_IND","WZ_LN_CLOSURE","WZ_MOVING","WZ_OTHER","WZ_SHLDER_MDN","WZ_WORKERS_INJ_KILLED"
"2021076534","2206","0","0","0","0","0","0","0","0","0","8","0","","67","8","2021","1","40.03145","-75.154773","2206","6","0","0","0","0","0","0","0","0","","0","0","0","","","1","","1","","40 01:53.219","","0","75 09:17.182","3","0","0","0","67301","1","0","0","N","1","0","0","2","67301","0","","1.0","","1","N","N","N","0","","1","0","0","","2","","","2","1","0","0","0","0","1","2","0","1","","03","","N","","","","","","","","","",""
"2021074700","1255","2","0","0","0","0","0","0","0","0","4","0","","67","8","2021","3","39.996553","-75.101654","1250","6","0","0","0","1","0","0","0","0","","0","0","0","","","0","","2","","39 59:47.590","","0","75 06:05.954","0","0","0","0","67301","0","0","0","N","0","0","0","2","67301","0","","1.0","","1","N","N","N","0","","0","0","2","","3","","","4","0","2","0","0","0","0","2","0","4","","03","","N","","","","","","","","","",""
"2021114610","","1","0","0","0","0","0","0","0","0","4","0","","67","5","2021","7","40.041363","-75.028255","","6","0","0","0","0","0","1","0","0","","0","0","0","","","2","","1","","40 02:28.908","","0","75 01:41.719","4","0","0","0","67301","0","0","0","N","0","0","0","3","00000","2","","1.0","","9","N","N","N","0","","0","0","1","","2","","","2","2","0","0","0","0","0","2","0","2","","","","N","","","","","","","","","",""
"2021075799","0914","1","0","0","0","0","0","0","0","0","4","0","","67","8","2021","7","40.054093","-75.049043","0910","6","0","0","0","0","0","1","1","0","","0","0","0","","","4","","1","","40 03:14.733","6","0","75 02:56.553","4","0","0","0","67301","0","0","0","N","0","0","0","5","67301","4","","1.0","1025.0","1","N","N","N","0","","0","0","1","","2","Y","","3","4","0","0","0","0","0","2","1","3","","","","N","","","","","","","","","",""
"2021074701","1410","2","0","0","0","0","0","0","0","0","4","0","","67","8","2021","3","39.983453","-75.105455","1409","6","0","0","0","0","0","0","0","1","","0","0","0","","","1","","1","","39 59:00.430","","0","75 06:19.637","3","0","0","0","67301","0","0","0","N","0","0","0","2","67301","0","","1.0","","1","N","N","N","0","","1","0","0","","2","","","2","1","0","0","0","0","0","2","0","2","","03","","N","","","","","","","","","",""
"2021083884","1520","0","0","0","0","0","0","0","0","0","8","0","","67","9","2021","7","39.97392","-75.205673","1516","6","0","0","0","0","0","0","0","0","","0","0","0","","","1","N","0","","39 58:26.111","","0","75 12:20.422","3","0","0","0","67301","1","0","0","N","1","0","0","1","67301","0","","1.0","","1","N","N","N","0","","1","0","1","","0","","","2","1","0","0","0","0","0","2","0","1","","","","N","","","","","","","","","",""
"2021084762","0050","1","0","0","0","0","0","0","0","0","4","0","","67","9","2021","4","39.992304","-75.141499","0033","6","0","0","0","0","0","0","0","0","","0","0","0","","","1","N","2","","39 59:32.293","","0","75 08:29.396","8","0","0","0","67301","0","0","0","N","0","0","0","2","67301","0","","1.0","","1","N","N","N","0","","0","0","1","","0","","","2","1","0","0","0","1","0","2","0","2","","03","","N","","","","","","","","","",""
"2021118474","1205","0","0","0","0","0","0","0","0","0","8","0","","67","6","2021","4","39.942958","-75.159969","1153","6","0","0","0","0","0","1","0","0","","0","0","0","","","1","N","0","","39 56:34.650","","0","75 09:35.890","4","0","0","0","67301","1","0","0","N","1","0","0","2","67301","1","","1.0","","1","N","N","N","0","","0","0","1","","0","","","2","1","0","0","0","0","0","2","0","1","","03","","N","","","","","","","","","",""
"2021075100","1310","0","0","0","0","0","0","0","0","0","5","0","","67","8","2021","2","40.020759","-75.140347","1305","6","0","0","0","0","0","1","0","0","","0","0","0","","","2","N","0","","40 01:14.732","","0","75 08:25.248","8","0","0","0","67301","1","0","0","N","1","0","0","3","67301","0","","1.0","","1","N","N","Y","0","","0","0","2","","0","","","3","2","1","0","0","2","0","2","0","2","","03","","N","","","","","","","","","",""
"2021075630","1620","2","0","0","0","0","0","0","0","0","4","0","","67","8","2021","5","40.013587","-75.068535","1615","6","0","0","0","0","0","0","0","0","","0","0","0","","","0","","5","","40 00:48.913","1","0","75 04:06.725","9","0","0","0","67301","0","0","0","N","0","0","0","2","67301","0","","1.0","100.0","1","N","N","N","0","","0","0","1","","2","N","","3","0","0","0","0","0","1","2","0","3","","03","","N","","","","","","","","","",""
"2021120123","0425","1","0","0","0","0","0","0","0","0","2","0","","67","12","2021","4","39.894612","-75.236717","0421","6","0","0","0","0","0","0","0","0","","0","0","0","","","1","","2","","39 53:40.603","","6","75 14:12.181","8","0","0","0","67301","0","0","0","N","0","0","0","2","67301","0","","1.0","","1","N","N","N","0","","0","0","1","","0","","","2","1","1","0","0","1","0","2","0","2","","03","","N","","","","","","","","","",""
"2021081047","0740","0","0","0","0","0","0","1","0","0","4","1","","67","8","2021","3","40.032893","-75.177728","0700","6","0","0","0","0","0","1","0","0","","0","0","0","","","6","","2","","40 01:58.414","","0","75 10:39.820","4","0","0","0","67301","0","0","0","N","0","0","0","7","67508","6","","1.0","","1","N","N","Y","0","","0","0","1","","2","","","2","6","1","0","0","0","0","2","0","2","","03","","N","","","","","","","","","",""
"2021057868","0147","0","0","0","0","0","0","0","0","0","7","0","50","67","6","2021","2","39.986478","-75.208094","0128","6","0","0","0","0","0","1","0","0","","0","0","0","","","1","N","0","","39 59:11.321","","0","75 12:29.139","3","0","0","0","67301","0","0","0","N","0","0","0","1","68K01","0","","3.0","","1","N","N","N","0","","1","0","1","","0","","","1","1","0","0","0","0","0","2","0","1","","","N","Y","4","1","","","N","","","Y","","N"
"2021058110","0652","0","0","0","0","0","0","0","0","0","4","0","","67","6","2021","4","40.00868","-75.068855","0642","6","0","0","0","0","0","0","0","0","","0","0","0","","","0","","1","","40 00:31.249","2","0","75 04:07.877","0","0","0","0","67301","0","0","0","N","0","0","0","2","67301","0","","1.0","642.0","1","N","N","N","0","","0","0","2","","2","N","","2","0","0","0","0","0","0","2","0","2","","","","N","","","","","","","","","",""
"2021077615","2230","1","0","0","0","0","0","0","0","0","4","0","","67","8","2021","4","40.056157","-75.008581","2218","6","0","0","0","0","0","0","0","0","","0","0","0","","","0","N","0","","40 03:22.164","","0","75 00:30.892","0","0","0","0","67301","0","0","0","N","0","0","0","4","67301","0","","1.0","","9","N","N","N","0","","0","0","1","","0","","","2","0","1","0","0","0","0","2","0","2","","07","","N","","","","","","","","","",""
"2021074122","0927","0","0","0","0","0","0","0","0","0","7","0","","67","8","2021","2","40.059989","-74.991154","0921","6","0","0","0","0","0","0","0","0","","0","0","0","","","2","N","0","","40 03:35.959","","0","74 59:28.154","3","0","0","0","67301","0","0","0","N","0","0","0","2","67301","0","","4.0","","1","N","N","N","0","","1","0","1","","0","","","1","2","0","0","0","1","0","2","0","1","","03","","N","","","","","","","","","",""
"2021077649","1923","1","0","0","0","0","0","0","0","0","4","0","","67","8","2021","3","39.94778","-75.229454","1912","6","0","0","0","0","0","0","0","0","","0","0","0","","","0","","1","","39 56:52.009","","0","75 13:46.036","0","0","0","0","67301","0","0","0","N","0","0","0","2","67301","0","","1.0","","1","N","N","N","0","","0","0","1","","2","","","2","0","0","0","0","0","0","2","0","2","","04","","N","","","","","","","","","",""
"2021084199","0753","1","0","0","0","0","0","0","0","0","5","0","","67","9","2021","4","40.040336","-75.006023","0652","6","0","0","0","0","0","1","0","0","","0","0","0","","","1","N","0","","40 02:25.211","","0","75 00:21.681","3","0","0","0","67301","0","0","0","N","0","0","0","2","68K01","0","","1.0","","9","N","N","N","1","","1","0","0","","0","","","2","1","0","0","0","0","0","2","0","2","","","","N","","","","","","","","","",""
"2021120239","2312","1","0","0","0","0","0","0","0","0","4","0","","67","12","2021","4","40.057131","-75.008501","2312","6","0","0","0","0","0","0","0","0","","0","0","0","","","0","N","0","","40 03:25.671","","0","75 00:30.604","0","0","0","0","67301","0","0","0","N","0","0","0","3","67301","0","","1.0","","99","N","N","N","0","","0","0","1","","0","","","2","0","3","0","0","0","0","2","0","2","","","","N","","","","","","","","","",""
"2021075997","0905","1","0","0","0","0","0","0","0","0","1","0","","67","8","2021","1","39.988306","-75.147333","0855","6","0","0","0","0","0","0","0","0","","0","0","0","","","1","N","0","","39 59:17.900","","0","75 08:50.400","3","0","0","0","67301","0","0","0","N","0","0","0","1","67301","0","","6.0","","1","N","N","N","0","","1","0","1","","0","","","2","1","1","0","0","0","0","2","0","2","","03","","N","","","","","","","","","",""
"2021073936","0203","2","0","0","0","0","0","0","0","0","4","0","","67","8","2021","2","39.973888","-75.229232","0200","6","0","0","0","0","0","0","0","0","","0","0","0","","","0","","1","","39 58:25.996","6","0","75 13:45.235","0","0","0","0","67301","0","0","0","N","0","0","0","2","67301","0","","1.0","330.0","1","N","N","N","0","","0","0","2","","3","Y","","4","0","1","0","0","0","0","2","0","4","","","","N","","","","","","","","","",""
"2021077064","1705","1","0","0","0","0","0","0","0","0","1","0","","67","8","2021","3","40.123311","-75.000464","1659","6","0","0","0","0","0","0","0","0","","0","0","0","","","0","Y","0","","40 07:23.920","","0","75 00:01.670","0","0","0","0","67301","0","0","0","N","0","0","0","2","67301","0","","1.0","","1","N","N","N","0","","0","0","1","","3","","","2","0","0","0","0","0","0","2","0","2","","03","","N","","","","","","","","","",""
"2021119122","2202","1","0","0","0","0","0","0","0","0","1","0","","67","12","2021","4","40.006008","-75.074611","2154","6","0","0","0","0","0","1","0","0","","0","0","0","","","0","N","0","","40 00:21.630","","0","75 04:28.598","0","0","0","0","67301","0","0","0","N","0","0","0","2","68K01","0","","1.0","","9","N","N","N","0","","0","0","1","","0","","","2","0","0","0","0","0","0","2","0","2","","03","","N","","","","","","","","","",""
"2021075987","1135","1","0","0","0","0","0","0","0","0","4","0","","67","8","2021","3","39.95762","-75.145687","1130","6","0","0","0","0","0","0","1","0","","0","0","0","","","2","","1","","39 57:27.432","","0","75 08:44.473","4","0","0","0","67301","0","0","0","N","0","0","0","2","67301","1","","1.0","","1","N","N","N","0","","0","0","1","","2","","","2","2","0","0","0","1","0","2","0","2","","04","","N","","","","","","","","","",""
"2021058956","1506","1","0","0","0","0","0","0","0","0","4","0","","67","6","2021","5","39.935074","-75.163551","1647","6","0","0","0","0","0","0","0","1","","0","0","0","","","0","","1","","39 56:06.266","","0","75 09:48.783","0","0","0","0","67301","0","0","0","N","0","0","0","3","67301","0","","1.0","","1","N","N","N","0","","0","0","1","","3","","","2","0","0","0","0","0","0","2","0","2","","03","","N","","","","","","","","","",""
"2021105362","","2","0","0","0","0","0","0","0","0","1","0","","67","8","2021","4","39.94425","-75.154556","","6","0","0","0","0","0","1","0","0","","0","0","0","","","1","N","0","","39 56:39.300","","0","75 09:16.400","3","0","0","0","67301","0","0","0","N","0","0","0","2","00000","0","","1.0","","1","N","N","N","0","","1","0","0","","0","","","2","1","0","0","0","0","0","2","0","2","","","","N","","","","","","","","","",""
"2021078438","0630","0","0","0","0","0","0","0","0","0","6","0","","67","8","2021","3","39.985802","-75.215608","0620","6","0","0","0","0","0","0","0","0","","0","0","0","","","1","","1","","39 59:08.888","","0","75 12:56.190","3","0","0","0","67301","0","0","0","N","0","0","0","2","67301","0","","1.0","","1","N","N","N","0","","1","0","1","","2","","","2","1","1","0","0","0","0","2","0","2","","","","N","","","","","","","","","",""
"2021073812","1534","2","0","0","0","0","0","0","0","0","1","0","","67","8","2021","1","40.027283","-75.171129","1532","6","0","0","0","0","0","1","0","0","","0","0","0","","","1","N","0","","40 01:38.217","","0","75 10:16.063","8","0","0","0","67301","0","0","0","N","0","0","0","1","67301","0","","6.0","","1","N","N","N","0","","0","0","0","","0","","","2","1","0","0","0","1","0","2","0","2","","","","N","","","","","","","","","",""
"2021119044","2214","1","0","0","0","0","0","0","0","0","7","0","","67","11","2021","7","40.051738","-74.988311","2200","6","0","0","1","0","0","0","0","0","","0","0","0","","","0","N","0","","40 03:06.257","","0","74 59:17.919","0","0","0","0","67301","0","0","0","Y","0","0","0","3","68K01","0","","4.0","","1","N","N","Y","0","","0","0","1","","0","","","2","0","0","0","0","0","0","2","0","2","","03","","N","","","","","","","","","",""
"2021075890","2311","1","0","0","0","0","0","0","0","0","0","0","50","67","8","2021","5","39.985124","-75.208201","2301","6","0","0","0","0","0","0","0","0","","0","0","0","","","0","","7","","39 59:06.448","","2","75 12:29.524","0","0","0","0","67301","0","0","0","N","0","0","0","1","68K01","0","","7.0","","1","N","N","N","0","","0","0","0","","8","","","1","0","0","0","0","0","0","2","0","1","","","N","Y","3","1","","","N","Y","","","Y","N"
"2021120135","0550","2","0","0","0","0","0","0","0","0","4","0","","67","12","2021","4","40.10794","-75.026509","0545","6","0","0","0","0","0","0","0","0","","0","0","0","","","1","","2","","40 06:28.585","","7","75 01:35.434","4","0","0","0","67301","0","0","0","N","0","0","0","2","67301","1","","1.0","","1","N","N","Y","0","","0","0","0","","2","","","2","1","0","0","0","0","0","2","0","2","","03","","N","","","","","","","","","",""
"2021120627","1345","2","0","0","0","0","0","0","0","0","4","0","","67","12","2021","3","40.003185","-75.152576","1345","6","0","0","0","0","0","0","1","0","","0","0","0","","","1","","5","","40 00:11.467","2","0","75 09:09.273","3","0","0","0","67301","0","0","0","N","0","0","0","2","67301","0","","1.0","2145.0","1","N","N","N","0","","1","0","0","","2","U","","2","1","0","0","0","0","0","2","0","2","","","","N","","","","","","","","","",""
"2021119761","0902","1","0","1","0","0","0","0","0","0","1","1","","67","7","2021","3","39.991457","-75.108946","0849","6","0","0","0","0","0","0","0","0","","0","1","0","","","2","N","0","","39 59:29.244","","0","75 06:32.205","2","0","0","0","67301","0","0","0","N","0","0","0","2","67301","0","","1.0","","1","N","N","N","0","","1","1","0","","0","","","2","2","0","0","0","0","0","2","0","2","","03","","N","","","","","","","","","",""
"2021120674","1956","1","0","0","0","0","0","0","0","0","1","0","","67","11","2021","4","39.937533","-75.19851","1939","6","0","0","0","0","0","0","0","0","","0","0","0","","","0","N","0","","39 56:15.120","4","0","75 11:54.635","0","0","0","0","67301","0","0","0","N","0","0","0","2","68K01","0","","1.0","2045.0","1","N","N","N","0","","0","0","1","","0","Y","","2","0","0","0","0","0","0","2","0","2","","","","N","","","","","","","","","",""
"2021075037","1840","1","0","0","0","0","0","0","0","0","4","0","","67","8","2021","4","40.044379","-75.030542","1840","6","0","0","0","0","1","0","0","0","","0","0","0","","","1","","1","","40 02:39.763","6","0","75 01:49.950","8","0","0","0","67301","0","0","0","N","0","0","0","2","67301","0","","1.0","1901.0","1","N","N","N","0","","0","0","0","","3","N","","2","1","0","0","0","1","0","2","1","2","","","","N","","","","","","","","","",""
"2021119796","1010","1","0","1","0","0","0","0","0","0","4","1","","67","6","2021","4","39.940099","-75.200184","1010","6","0","0","0","0","0","1","0","0","","0","1","0","","","2","","2","","39 56:24.356","","0","75 12:00.663","2","0","0","0","67301","0","0","0","N","0","0","0","5","67301","0","","1.0","","1","N","N","N","0","","1","1","0","","3","","","2","2","0","0","0","0","0","2","0","2","","03","","N","","","","","","","","","",""
"2021075450","0744","1","0","0","0","0","0","0","0","0","4","0","","67","8","2021","4","39.982397","-75.186686","0723","6","0","0","0","1","0","0","0","0","","0","0","0","","","3","","1","","39 58:56.629","6","0","75 11:12.069","2","0","0","0","67301","0","0","0","N","0","0","0","3","67301","0","","1.0","1015.0","1","N","N","N","0","","2","1","1","","2","Y","","2","3","0","0","0","0","0","2","0","2","","03","","N","","","","","","","","","",""
"2021080120","1921","1","0","0","0","0","0","0","0","0","4","0","","67","8","2021","3","39.966539","-75.158287","1920","6","0","0","0","0","0","0","0","0","","0","0","0","","","1","","1","","39 57:59.540","","0","75 09:29.833","4","0","0","0","67301","0","0","0","N","0","0","0","2","67301","1","","1.0","","1","N","N","N","0","","0","0","1","","3","","","2","1","0","0","0","0","0","2","0","2","","03","","N","","","","","","","","","",""
"2021102529","1651","0","0","0","0","0","0","0","0","0","7","0","","67","8","2021","1","40.001613","-75.11641","1651","6","0","0","0","0","0","0","0","0","","0","0","0","","","0","","1","","40 00:05.806","","0","75 06:59.075","9","0","0","0","67301","0","0","0","N","0","0","0","1","67301","0","","4.0","","1","N","N","N","0","","0","0","1","","2","","","1","0","0","0","0","0","1","2","0","1","","98","","N","","","","","","","","","",""
"2021078169","0231","1","0","0","0","0","0","0","0","0","8","0","","67","8","2021","6","40.002286","-75.110028","0230","6","0","0","0","0","0","0","0","0","","0","0","0","","","1","","2","","40 00:08.230","","0","75 06:36.101","3","0","0","0","67301","1","0","0","N","1","0","0","2","67301","0","","1.0","","1","N","N","N","0","","1","0","0","","3","","","2","1","0","0","0","0","0","2","0","1","","03","","N","","","","","","","","","",""
"2021118850","0123","2","0","0","0","0","0","0","0","0","5","0","","67","12","2021","7","40.123483","-75.015206","0118","6","0","0","0","1","0","1","0","0","","0","0","0","","","0","N","0","","40 07:24.540","","0","75 00:54.740","0","0","0","0","67301","0","0","0","N","0","0","0","2","67301","0","","1.0","","9","N","N","N","0","","0","0","0","","2","","","2","0","0","0","0","0","0","2","0","2","","","","N","","","","","","","","","",""
"2021119817","0446","0","0","0","0","0","0","0","0","0","7","0","","67","10","2021","7","39.970411","-75.189902","0445","6","0","0","0","0","0","0","0","0","","1","0","0","","","0","N","0","","39 58:13.481","2","0","75 11:23.647","1","1","0","1","67301","0","0","0","N","0","0","0","1","67301","0","2","4.0","30.0","99","N","N","N","0","0","0","0","0","","0","N","","1","0","0","0","0","0","0","2","0","1","","","","N","","","","","","","","","",""
"2021118258","0822","1","0","0","0","0","0","1","0","0","5","1","","67","12","2021","4","39.95227","-75.165338","0822","6","0","0","0","0","0","1","0","0","","0","0","0","","","1","N","0","","39 57:08.171","","0","75 09:55.216","3","0","0","0","67301","0","0","0","N","0","0","0","3","67301","0","","1.0","","1","N","N","N","1","","1","0","0","","0","","","3","1","0","0","0","0","0","2","0","3","","03","","N","","","","","","","","","",""
"2021075939","0550","1","0","0","0","0","0","0","0","0","5","0","","67","8","2021","7","40.020747","-75.053282","0548","6","0","0","0","0","0","0","1","0","","0","0","0","","","1","N","0","","40 01:14.690","5","0","75 03:11.814","3","0","0","0","67301","0","0","0","N","0","0","0","1","67301","0","","6.0","628.0","1","N","N","N","0","","1","0","1","","0","N","","2","1","0","0","0","0","0","2","0","2","","03","","N","","","","","","","","","",""
"2021074742","1925","2","0","0","0","0","0","0","0","0","4","0","","67","8","2021","3","40.059513","-75.05199","1917","6","0","0","0","0","0","0","0","0","","0","0","0","","","0","","1","","40 03:34.246","","0","75 03:07.165","9","0","0","0","67301","0","0","0","N","0","0","0","5","67301","0","","1.0","","9","N","N","N","0","","0","0","0","","1","","","3","0","0","0","0","0","1","2","1","3","","07","","N","","","","","","","","","",""
"2021074647","0033","1","0","0","0","0","0","0","0","0","4","0","","67","8","2021","2","40.025643","-75.147556","0025","6","0","0","0","0","0","0","0","0","","0","0","0","","","1","N","0","","40 01:32.315","","0","75 08:51.200","3","0","0","0","67301","0","0","0","N","0","0","0","2","67301","0","","1.0","","1","N","N","N","0","","1","0","1","","0","","","2","1","1","0","0","0","0","2","0","2","","03","","N","","","","","","","","","",""
"2021075968","1151","3","0","0","0","0","0","0","0","0","4","0","","67","8","2021","5","39.967176","-75.205637","1150","6","0","0","0","1","0","0","0","0","","0","0","0","","","1","","1","","39 58:01.833","","0","75 12:20.294","3","0","0","0","67301","0","0","0","N","0","0","0","2","67301","0","","1.0","","1","N","N","N","0","","1","0","0","","2","","","3","1","1","0","0","0","0","2","0","3","","03","","N","","","","","","","","","",""
"2021078171","0023","1","0","0","0","0","0","0","0","0","8","0","","67","8","2021","3","39.994631","-75.094531","0020","6","0","0","0","0","0","0","0","0","","0","0","0","","","1","","1","","39 59:40.673","","0","75 05:40.311","3","0","0","0","67301","1","0","0","N","1","0","0","2","67301","0","","1.0","","1","N","N","N","0","","1","0","0","","2","","","2","1","0","0","0","0","0","2","0","1","","03","","N","","","","","","","","","",""
"2021073976","0752","1","0","0","0","0","0","0","0","0","4","0","","67","8","2021","2","40.057794","-75.008743","0748","6","0","0","0","0","0","1","0","0","","0","0","0","","","0","","1","","40 03:28.059","","0","75 00:31.473","0","0","0","0","67301","0","0","0","N","0","0","0","2","67301","0","","1.0","","1","N","N","N","0","","0","0","1","","2","","","2","0","0","0","0","0","0","2","0","2","","03","","N","","","","","","","","","",""
"2021076533","2055","1","0","0","0","0","0","0","0","0","1","0","","67","8","2021","6","40.06126","-75.139824","2050","6","0","0","0","0","0","0","0","0","","0","0","0","","","2","","1","","40 03:40.535","","0","75 08:23.366","3","0","0","0","67301","0","0","0","N","0","0","0","3","67301","0","","1.0","","1","N","N","N","0","","2","0","0","","2","","","2","2","0","0","0","0","0","2","0","2","","03","","N","","","","","","","","","",""
"2021074752","1809","1","0","0","0","0","0","0","0","0","4","0","","67","8","2021","2","39.953619","-75.231374","1809","6","0","0","0","0","0","0","0","0","","0","0","0","","","2","","1","","39 57:13.028","7","0","75 13:52.946","3","0","0","0","67301","0","0","0","N","0","0","0","4","67301","0","","1.0","1859.0","1","N","N","N","0","","2","0","1","","3","Y","","2","2","0","0","0","0","0","2","0","2","","","","N","","","","","","","","","",""
"2021119792","1140","0","0","0","0","0","0","0","0","0","7","1","","67","6","2021","6","39.96164","-75.153307","1109","6","0","0","0","0","0","1","0","0","","0","1","0","","","0","N","0","","39 57:41.903","4","1","75 09:11.906","0","0","0","0","67301","0","0","0","N","0","0","0","1","67301","0","","5.0","1530.0","1","N","N","N","0","","0","0","0","","8","N","","1","0","0","0","0","0","0","2","0","1","","","","N","","","","","","","","","",""
"2021075849","0449","0","0","0","0","0","0","0","0","0","2","0","","67","8","2021","7","39.975237","-75.188732","0444","6","0","0","0","0","0","0","0","0","","0","0","0","","","2","N","0","","39 58:30.854","","0","75 11:19.435","3","0","0","0","67301","0","0","0","N","0","0","0","2","67301","0","","1.0","","1","N","N","N","0","","2","0","2","","0","","","2","2","0","0","0","0","0","2","0","2","","","","N","","","","","","","","","",""
"2021120662","1313","1","0","0","0","0","0","0","0","0","4","0","","67","11","2021","1","39.993482","-75.171298","1304","6","0","0","0","0","0","1","1","0","","0","0","0","","","0","","1","","39 59:36.535","","0","75 10:16.672","0","0","0","0","67301","0","0","0","N","0","0","0","2","67301","0","","1.0","","1","N","N","N","0","","0","0","1","","3","","","2","0","0","0","0","0","0","2","0","2","","04","","N","","","","","","","","","",""
"2021076532","1730","0","0","0","0","0","0","0","0","0","4","0","","67","8","2021","1","39.980238","-75.174236","1725","6","0","0","0","0","0","1","0","0","","0","0","0","","","2","","2","","39 58:48.856","","0","75 10:27.249","3","0","0","0","67301","0","0","0","N","0","0","0","4","67301","0","","1.0","","1","N","N","N","0","","2","0","2","","3","","","2","2","3","0","0","0","0","2","0","2","","","","N","","","","","","","","","",""
"2021078641","2058","1","0","0","0","0","0","0","0","0","1","0","","67","8","2021","5","39.998139","-75.140917","2051","6","0","0","0","1","0","0","0","1","","0","0","0","","","2","Y","0","","39 59:53.300","","0","75 08:27.300","3","0","0","0","67301","0","0","0","N","0","0","0","3","67301","0","","1.0","","1","N","N","N","0","","2","0","1","","0","","","2","2","0","0","0","0","1","2","0","2","","04","","N","","","","","","","","","",""
"2021076271","0023","0","0","0","0","0","0","0","0","0","7","0","","67","8","2021","1","39.888861","-75.233306","0022","6","0","0","0","0","0","0","0","0","","0","0","0","","","1","N","0","","39 53:19.900","","0","75 13:59.900","8","0","0","1","67301","0","0","0","N","0","0","0","1","67301","0","","3.0","","1","N","N","N","0","","0","0","0","","0","","","1","1","0","0","0","1","0","2","0","1","","03","","N","","","","","","","","","",""
"2021077636","2336","0","0","0","0","0","0","0","0","0","4","0","","67","8","2021","2","40.035819","-75.149883","2336","6","0","0","0","0","0","0","0","0","","0","0","0","","","1","","2","","40 02:08.948","5","0","75 08:59.578","2","0","1","1","67301","0","0","0","N","0","0","0","2","67301","0","","1.0","50.0","1","N","N","N","0","","0","1","0","","2","Y","","2","1","0","0","0","0","0","2","1","2","","03","","N","","","","","","","","","",""
"2021114594","","1","0","0","0","0","0","0","0","0","1","0","","67","2","2021","4","40.012976","-75.119388","","6","0","0","0","0","0","1","0","0","","0","0","0","","","1","","1","","40 00:46.715","","0","75 07:09.796","8","0","0","0","67301","0","0","0","N","0","0","0","2","00000","0","","1.0","","1","N","N","N","0","","0","0","1","","2","","","2","1","0","0","0","1","0","2","0","2","","","","N","","","","","","","","","",""
"2021120946","0355","2","0","0","0","0","0","0","0","0","2","0","","67","12","2021","6","39.883695","-75.251582","0352","6","0","0","0","0","0","0","0","0","","0","0","0","","","2","","1","","39 53:01.302","","0","75 15:05.694","8","0","0","0","67301","0","0","0","N","0","0","0","2","67301","0","","1.0","","1","N","N","N","0","","0","0","0","","2","","","2","2","0","0","0","2","0","2","0","2","","03","","N","","","","","","","","","",""
"2021118583","1420","2","0","0","0","0","0","0","0","0","1","1","","67","12","2021","6","40.028913","-75.100588","1415","6","0","0","0","0","0","0","0","0","","0","1","0","","","1","","1","","40 01:44.088","","0","75 06:02.117","3","0","0","0","67301","0","0","0","N","0","0","0","4","67301","0","","1.0","","1","N","N","N","0","","1","0","1","","2","","","4","1","0","0","0","0","0","2","0","4","","03","","N","","","","","","","","","",""