"CRN","ARRIVAL_TM","AUTOMOBILE_COUNT","BELTED_DEATH_COUNT","BELTED_SUSP_SERIOUS_INJ_COUNT","BICYCLE_COUNT","BICYCLE_DEATH_COUNT","BICYCLE_SUSP_SERIOUS_INJ_COUNT","BUS_COUNT","CHLDPAS_DEATH_COUNT","CHLDPAS_SUSP_SERIOUS_INJ_COUNT","COLLISION_TYPE","COMM_VEH_COUNT","CONS_ZONE_SPD_LIM","COUNTY","CRASH_MONTH","CRASH_YEAR","DAY_OF_WEEK","DEC_LATITUDE","DEC_LONGITUDE","DISPATCH_TM","DISTRICT","DRIVER_COUNT_16YR","DRIVER_COUNT_17YR","DRIVER_COUNT_18YR","DRIVER_COUNT_19YR","DRIVER_COUNT_20YR","DRIVER_COUNT_50_64YR","DRIVER_COUNT_65_74YR","DRIVER_COUNT_75PLUS","EST_HRS_CLOSED","FATAL_COUNT","HEAVY_TRUCK_COUNT","HORSE_BUGGY_COUNT","HOUR_OF_DAY","ILLUMINATION","INJURY_COUNT","INTERSECTION_RELATED","INTERSECT_TYPE","LANE_CLOSED","LATITUDE","LN_CLOSE_DIR","LOCATION_TYPE","LONGITUDE","MAX_SEVERITY_LEVEL","MCYCLE_DEATH_COUNT","MCYCLE_SUSP_SERIOUS_INJ_COUNT","MOTORCYCLE_COUNT","MUNICIPALITY","NONMOTR_COUNT","NONMOTR_DEATH_COUNT","NONMOTR_SUSP_SERIOUS_INJ_COUNT","NTFY_HIWY_MAINT","PED_COUNT","PED_DEATH_COUNT","PED_SUSP_SERIOUS_INJ_COUNT","PERSON_COUNT","POLICE_AGCY","POSSIBLE_INJ_COUNT","RDWY_SURF_TYPE_CD","RELATION_TO_ROAD","ROADWAY_CLEARED","ROAD_CONDITION","SCH_BUS_IND","SCH_ZONE_IND","SECONDARY_CRASH","SMALL_TRUCK_COUNT","SPEC_JURIS_CD","SUSP_MINOR_INJ_COUNT","SUSP_SERIOUS_INJ_COUNT","SUV_COUNT","TCD_FUNC_CD","TCD_TYPE","TFC_DETOUR_IND","TIME_OF_DAY","TOTAL_UNITS","TOT_INJ_COUNT","UNBELTED_OCC_COUNT","UNB_DEATH_COUNT","UNB_SUSP_SERIOUS_INJ_COUNT","UNK_INJ_DEG_COUNT","UNK_INJ_PER_COUNT","URBAN_RURAL","VAN_COUNT","VEHICLE_COUNT","WEATHER1","WEATHER2","WORKERS_PRES","WORK_ZONE_IND","WORK_ZONE_LOC","WORK_ZONE_TYPE","WZ_CLOSE_DETOUR","WZ_FLAGGER","WZ_LAW_OFFCR_IND","WZ_LN_CLOSURE","WZ_MOVING","WZ_OTHER","WZ_SHLDER_MDN","WZ_WORKERS_INJ_KILLED"
"2021120132","1549","1","0","0","0","0","0","0","0","0","1","0","","67","12","2021","3","39.941113","-75.205515","1549","6","0","0","0","0","0","0","1","0","","0","0","0","","","1","N","0","","39 56:28.005","","0","75 12:19.855","4","0","0","0","67301","0","0","0","N","0","0","0","3","67301","1","","1.0","","1","N","N","N","0","","0","0","1","","0","","","2","1","3","0","0","0","0","2","0","2","","03","","N","","","","","","","","","",""
"2021077174","0944","1","0","0","0","0","0","0","0","0","4","0","","67","8","2021","6","40.026037","-75.146678","0944","6","0","0","0","0","0","0","0","0","","0","0","0","","","0","","1","","40 01:33.733","","0","75 08:48.040","9","0","0","0","67301","0","0","0","N","0","0","0","2","67301","0","","1.0","","99","N","N","N","0","","0","0","1","","2","","","2","0","0","0","0","0","1","2","0","2","","98","","N","","","","","","","","","",""
"2021075279","1130","1","0","0","0","0","0","0","0","0","8","0","","67","8","2021","2","39.945329","-75.151628","1100","6","0","0","0","0","0","0","0","0","","0","0","0","","","1","","1","","39 56:43.184","","0","75 09:05.860","3","0","0","0","67301","1","0","0","N","1","0","0","2","67301","0","","1.0","","1","N","N","N","0","","1","0","0","","2","","","2","1","0","0","0","0","0","2","0","1","","","","N","","","","","","","","","",""
"2021081561","1227","2","0","0","0","0","0","0","0","0","5","0","","67","8","2021","1","39.96028","-75.239748","1225","6","0","0","0","0","0","0","0","0","","0","0","0","","","1","","1","","39 57:37.009","","0","75 14:23.092","3","0","0","0","67301","0","0","0","N","0","0","0","2","67301","0","","1.0","","1","N","N","N","0","","1","0","1","","0","","","3","1","0","0","0","0","0","2","0","3","","","","N","","","","","","","","","",""
"2021076057","1502","1","0","0","1","0","0","0","0","0","8","0","","67","8","2021","3","39.942788","-75.165633","1501","6","0","0","0","0","0","0","0","0","","0","0","0","","","1","","1","","39 56:34.036","","0","75 09:56.277","4","0","0","0","67301","1","0","0","N","0","0","0","2","67301","1","","1.0","","1","N","N","N","0","","0","0","0","","2","","","2","1","0","0","0","0","0","2","0","1","","03","","N","","","","","","","","","",""
"2021077063","1354","1","0","0","0","0","0","0","0","0","1","0","","67","8","2021","3","40.104817","-75.032314","1344","6","0","0","0","0","0","2","0","0","","0","0","0","","","1","Y","0","","40 06:17.340","4","0","75 01:56.330","3","0","0","0","67301","0","0","0","N","0","0","0","2","67301","0","","1.0","1420.0","9","N","N","N","0","","1","0","1","","2","N","","2","1","0","0","0","0","0","2","0","2","","04","","N","","","","","","","","","",""
"2021076047","0000","1","0","0","0","0","0","0","0","0","2","0","","67","8","2021","7","40.112897","-75.004508","2350","6","0","0","0","1","0","0","0","0","","0","0","0","","","6","N","0","","40 06:46.430","3","0","75 00:16.230","8","0","0","0","67301","0","0","0","N","0","0","0","6","67301","0","","1.0","200.0","1","N","N","N","0","","0","0","1","","0","N","","2","6","0","0","0","6","0","2","0","2","","03","","N","","","","","","","","","",""
"2021075347","1533","1","0","0","1","0","1","0","0","0","8","0","","67","8","2021","4","40.057667","-75.149222","1533","6","0","0","0","0","0","0","0","0","","0","0","0","","","1","N","0","","40 03:27.600","","0","75 08:57.200","2","0","0","0","67301","1","0","1","N","0","0","0","2","67301","0","","1.0","","1","N","N","N","0","","0","1","0","","0","","","2","1","0","0","0","0","0","2","0","1","","03","","N","","","","","","","","","",""
"2021076269","2355","3","0","0","0","0","0","0","0","0","1","0","","67","8","2021","5","39.918662","-75.246894","2350","6","0","0","0","0","0","1","0","0","","0","0","0","","","0","","1","","39 55:07.184","","0","75 14:48.818","0","0","0","0","67301","0","0","0","N","0","0","0","3","67301","0","","1.0","","1","N","N","N","0","","0","0","0","","0","","","3","0","0","0","0","0","0","2","0","3","","03","","N","","","","","","","","","",""
"2021088768","0231","2","0","0","0","0","0","0","0","0","4","0","","67","8","2021","5","39.961674","-75.244871","0230","6","0","0","0","0","0","0","0","0","","0","0","0","","","1","","1","","39 57:42.026","","0","75 14:41.535","8","0","0","0","67301","0","0","0","N","0","0","0","3","67301","0","","1.0","","1","N","N","N","0","","0","0","1","","3","","","4","1","0","0","0","1","1","2","1","4","","03","","N","","","","","","","","","",""
"2021118448","0112","1","0","0","0","0","0","0","0","0","5","0","","67","12","2021","5","40.017454","-75.150414","0110","6","0","0","0","0","0","0","0","0","","0","0","0","","","0","N","0","","40 01:02.836","","0","75 09:01.490","0","0","0","0","67301","0","0","0","N","0","0","0","1","67301","0","","1.0","","9","N","N","N","0","","0","0","1","","0","","","2","0","0","0","0","0","0","2","0","2","","","","N","","","","","","","","","",""
"2021075101","1505","0","0","0","0","0","0","0","0","0","8","0","","67","8","2021","3","40.032297","-75.123536","1459","6","0","0","0","0","0","0","0","0","","0","0","0","","","1","N","0","","40 01:56.270","6","0","75 07:24.730","3","0","0","0","67301","1","0","0","N","1","0","0","2","67301","0","","1.0","1535.0","1","N","N","N","0","","1","0","0","","0","N","","2","1","0","0","0","0","0","2","1","1","","","","N","","","","","","","","","",""
"2021077145","0710","0","0","0","0","0","0","0","0","0","4","0","","67","8","2021","4","39.983434","-75.158572","0710","6","0","0","0","0","0","0","0","0","","0","0","0","","","0","","1","","39 59:00.364","","0","75 09:30.860","0","0","0","0","67301","0","0","0","N","0","0","0","2","67505","0","","1.0","","1","N","N","N","0","","0","0","2","","2","","","2","0","0","0","0","0","0","2","0","2","","","","N","","","","","","","","","",""
"2021118859","0308","1","0","0","0","0","0","0","0","0","7","0","","67","12","2021","6","39.94929","-75.19963","0302","6","0","0","0","0","0","0","0","0","","1","0","0","","","3","Y","0","","39 56:57.445","4","0","75 11:58.668","1","0","0","0","67301","0","0","0","N","0","0","0","4","67301","3","2","4.0","600.0","1","N","N","N","0","0","0","0","0","","1","Y","","1","3","4","1","0","0","0","2","0","1","","03","","N","","","","","","","","","",""
"2021074343","1156","0","0","0","0","0","0","0","0","0","8","0","","67","8","2021","2","40.043439","-75.076553","1151","6","0","0","0","0","0","1","0","0","","0","0","0","","","1","N","0","","40 02:36.380","","0","75 04:35.590","8","0","0","0","67301","1","0","0","N","1","0","0","2","67301","0","","1.0","","1","N","N","N","0","","0","0","0","","0","","","2","1","0","0","0","1","0","2","1","1","","03","","N","","","","","","","","","",""
"2021119797","1045","0","0","0","0","0","0","0","0","0","1","1","","67","7","2021","4","39.971874","-75.162658","1030","6","0","0","0","0","0","0","2","0","","0","1","0","","","2","","1","","39 58:18.746","3","0","75 09:45.567","3","0","0","0","67301","0","0","0","N","0","0","0","3","67301","0","","1.0","1205.0","1","N","N","N","0","","2","0","1","","2","Y","","2","2","1","0","0","0","0","2","0","2","","03","","N","","","","","","","","","",""
"2021075102","0750","1","0","0","0","0","0","0","0","0","4","0","","67","8","2021","4","40.045637","-75.128468","0740","6","0","0","0","0","0","0","0","0","","0","0","0","","","0","","1","","40 02:44.293","","0","75 07:42.484","9","0","0","0","67301","0","0","0","N","0","0","0","2","67301","0","","1.0","","1","N","N","N","0","","0","0","1","","2","","","2","0","0","0","0","0","2","2","0","2","","","","N","","","","","","","","","",""
"2021075317","2228","0","0","0","0","0","0","0","0","0","1","0","","67","8","2021","4","39.937253","-75.198787","2219","6","0","0","0","0","1","0","0","0","","0","0","0","","","1","N","0","","39 56:14.112","4","0","75 11:55.632","3","0","0","0","67301","0","0","0","N","0","0","0","6","68K01","0","","1.0","2300.0","1","N","N","N","0","","1","0","2","","0","N","","2","1","0","0","0","0","0","2","0","2","","","","N","","","","","","","","","",""
"2021075264","1545","1","0","0","0","0","0","0","0","0","7","0","","67","8","2021","5","39.976842","-75.120181","1538","6","0","0","0","0","0","0","0","0","","0","0","0","","","0","N","0","","39 58:36.630","","0","75 07:12.650","9","0","0","0","67301","0","0","0","N","0","0","0","1","67301","0","","4.0","","1","N","N","N","0","","0","0","0","","0","","","1","0","0","0","0","0","1","2","0","1","","03","","N","","","","","","","","","",""
"2021120679","0114","1","0","0","0","0","0","0","0","0","0","0","","67","11","2021","4","40.000281","-75.19515","0114","6","0","0","0","0","0","0","0","0","","0","0","0","","","0","N","0","","40 00:01.011","","0","75 11:42.539","0","0","0","0","67301","0","0","0","N","0","0","0","1","68K01","0","","1.0","","1","N","N","N","0","","0","0","0","","0","","","1","0","0","0","0","0","0","2","0","1","","03","","N","","","","","","","","","",""
"2021118427","2145","2","0","0","0","0","0","0","0","0","4","0","","67","12","2021","6","39.99566","-75.076706","2131","6","0","0","0","0","0","0","0","0","","0","0","0","","","0","N","0","","39 59:44.376","","0","75 04:36.142","9","0","0","0","67301","0","0","0","N","0","0","0","1","67301","0","","4.0","","1","N","N","N","0","","0","0","0","","0","","","2","0","0","0","0","0","1","2","0","2","","","","N","","","","","","","","","",""
"2021120670","1409","1","0","0","0","0","0","0","0","0","1","0","","67","11","2021","3","39.960116","-75.179821","1357","6","0","0","0","0","0","0","0","0","","0","0","0","","","0","N","0","","39 57:36.419","","0","75 10:47.357","9","0","0","0","67301","0","0","0","N","0","0","0","2","68K01","0","","1.0","","9","N","N","N","0","","0","0","0","","0","","","2","0","0","0","0","0","1","2","0","2","","03","","N","","","","","","","","","",""
"2021076214","1147","0","0","0","0","0","0","0","0","0","4","0","","67","8","2021","7","39.966122","-75.231819","1143","6","0","0","0","0","0","0","1","0","","0","0","0","","","0","N","0","","39 57:58.040","","7","75 13:54.550","0","0","0","0","67301","0","0","0","N","0","0","0","3","67301","0","","1.0","","1","N","N","N","0","","0","0","1","","0","","","2","0","0","0","0","0","0","2","1","2","","03","","N","","","","","","","","","",""
"2021076305","2254","2","0","0","0","0","0","0","0","0","4","0","","67","8","2021","1","40.067497","-75.179319","2254","6","0","0","0","0","0","0","0","0","","0","0","0","","","1","","1","","40 04:02.989","2","0","75 10:45.548","3","0","0","0","67301","0","0","0","N","0","0","0","3","67301","0","","1.0","20.0","1","N","N","N","0","","1","0","0","","2","Y","","2","1","0","0","0","0","0","2","0","2","","03","","N","","","","","","","","","",""
"2021075967","1108","0","0","0","1","0","0","0","0","0","8","0","","67","8","2021","7","40.031779","-75.216211","1104","6","0","0","0","0","0","0","0","0","","0","0","0","","","1","","1","","40 01:54.404","","0","75 12:58.359","3","0","0","0","67301","1","0","0","N","0","0","0","2","67301","0","","1.0","","1","N","N","N","0","","1","0","1","","3","","","2","1","0","0","0","0","0","2","0","1","","","","N","","","","","","","","","",""
"2021120596","2345","1","0","0","0","0","0","0","0","0","4","1","","67","12","2021","5","40.089564","-75.033613","2334","6","0","0","0","1","0","0","0","0","","0","1","0","","","0","","2","","40 05:22.431","","7","75 02:01.007","0","0","0","0","67301","0","0","0","N","0","0","0","2","67301","0","","1.0","","1","N","N","N","0","","0","0","0","","0","","","2","0","0","0","0","0","0","2","0","2","","03","","N","","","","","","","","","",""
"2021077144","2154","0","0","0","0","0","0","0","0","0","8","0","","67","8","2021","3","39.939674","-75.222944","2144","6","0","0","0","0","0","0","0","0","","0","0","0","","","1","","1","","39 56:22.826","","0","75 13:22.598","3","0","0","0","67301","1","0","0","N","1","0","0","2","67301","0","","1.0","","9","N","N","N","0","","1","0","1","","2","","","2","1","0","0","0","0","0","2","0","1","","07","","N","","","","","","","","","",""
"2021077123","2140","1","0","0","0","0","0","0","0","0","4","0","","67","8","2021","1","39.982549","-75.122701","2140","6","0","0","0","0","0","0","0","0","","0","0","0","","","0","","1","","39 58:57.176","","0","75 07:21.723","0","0","0","0","67301","0","0","0","N","0","0","0","2","67301","0","","1.0","","1","N","N","N","0","","0","0","0","","3","","","2","0","0","0","0","0","0","2","1","2","","03","","N","","","","","","","","","",""
"2021075643","1959","1","0","0","0","0","0","0","0","0","2","0","","67","8","2021","5","39.975486","-75.171164","1959","6","0","0","0","0","0","0","0","0","","0","0","0","","","2","N","0","","39 58:31.750","","0","75 10:16.190","3","0","0","0","67301","0","0","0","N","0","0","0","3","67301","0","","6.0","","1","N","N","N","0","","2","0","0","","0","","","2","2","0","0","0","0","0","2","0","2","","04","","N","","","","","","","","","",""
"2021120009","1010","1","0","0","0","0","0","0","0","0","5","1","","67","9","2021","5","39.92767","-75.19564","0949","6","0","0","0","0","0","0","0","0","","0","1","0","","","0","N","0","","39 55:39.612","","0","75 11:44.304","0","0","0","0","67301","0","0","0","N","0","0","0","2","68K01","0","","1.0","","9","N","N","N","0","","0","0","0","","0","","","2","0","0","0","0","0","0","2","0","2","","","","N","","","","","","","","","",""
"2021118416","0826","2","0","0","0","0","0","0","0","0","4","0","","67","12","2021","7","39.985357","-75.161384","0826","6","0","0","0","0","0","1","0","1","","0","0","0","","","2","","1","","39 59:07.285","","0","75 09:40.982","3","0","0","0","67301","0","0","0","N","0","0","0","4","67301","0","","1.0","","1","N","N","N","0","","2","0","0","","2","","","2","2","1","0","0","0","0","2","0","2","","","","N","","","","","","","","","",""
"2021075451","1010","2","0","0","0","0","0","0","0","0","5","0","","67","8","2021","4","39.988361","-75.185417","0951","6","0","0","0","0","0","0","0","0","","0","0","0","","","0","N","0","","39 59:18.100","","0","75 11:07.500","0","0","0","0","67301","0","0","0","N","0","0","0","1","67301","0","","6.0","","1","N","N","N","0","","0","0","0","","0","","","2","0","0","0","0","0","0","2","0","2","","03","","N","","","","","","","","","",""
"2021075925","0057","0","0","0","0","0","0","0","0","0","5","0","","67","8","2021","7","39.979381","-75.242533","0045","6","0","0","0","0","0","0","0","0","","0","0","0","","","0","N","0","","39 58:45.770","","0","75 14:33.120","9","0","0","0","67301","0","0","0","N","0","0","0","2","67301","0","","1.0","","1","N","N","N","0","","0","0","0","","0","","","2","0","1","0","0","0","1","2","2","2","","03","","N","","","","","","","","","",""
"2021074520","1524","1","0","0","0","0","0","0","0","0","4","0","","67","8","2021","2","39.990438","-75.127049","1516","6","0","0","0","1","0","0","0","0","","0","0","0","","","0","","1","","39 59:25.575","","0","75 07:37.375","0","0","0","0","67301","0","0","0","N","0","0","0","3","67301","0","","1.0","","1","N","N","N","0","","0","0","0","","2","","","2","0","0","0","0","0","0","2","0","2","","","","N","","","","","","","","","",""
"2021076218","2217","1","0","0","0","0","0","0","0","0","4","0","","67","8","2021","2","39.976455","-75.235322","2215","6","0","0","0","0","0","0","0","0","","0","0","0","","","1","","1","","39 58:35.237","7","0","75 14:07.159","2","0","1","1","67301","0","0","0","N","0","0","0","2","67301","0","","1.0","30.0","1","N","N","N","0","","0","1","0","","2","Y","","2","1","0","0","0","0","0","2","0","2","","","","N","","","","","","","","","",""
"2021118371","1751","0","0","0","0","0","0","0","0","0","5","0","","67","10","2021","1","39.8817","-75.246123","1746","6","0","0","0","0","0","1","0","0","","0","0","0","","","0","N","0","","39 52:54.120","","0","75 14:46.044","0","0","0","0","67301","0","0","0","N","0","0","0","2","68K01","0","","1.0","","1","N","N","N","1","","0","0","1","","0","","","2","0","0","0","0","0","0","2","0","2","","","","N","","","","","","","","","",""
"2021074991","2205","1","0","0","0","0","0","0","0","0","7","0","","67","8","2021","3","40.010536","-75.161177","2205","6","0","0","0","0","0","0","0","0","","0","0","0","","","0","N","0","","40 00:37.929","","0","75 09:40.236","9","0","0","0","67301","0","0","0","N","0","0","0","1","67301","0","","5.0","","9","N","N","N","0","","0","0","0","","0","","","1","0","0","0","0","0","1","2","0","1","","03","","N","","","","","","","","","",""
"2021077439","2341","1","0","0","1","0","0","0","0","0","8","0","","67","8","2021","6","39.997224","-75.131592","2341","6","0","0","0","0","0","0","0","0","","0","0","0","","","1","","1","","39 59:50.006","","0","75 07:53.731","3","0","0","0","67301","1","0","0","N","0","0","0","2","67301","0","","1.0","","1","N","N","N","0","","1","0","0","","0","","","2","1","0","0","0","0","0","2","0","1","","03","","N","","","","","","","","","",""
"2021076270","0212","1","0","0","0","0","0","0","0","0","4","0","","67","8","2021","6","39.937923","-75.23392","0202","6","0","0","0","0","0","0","0","0","","0","0","0","","","1","","1","","39 56:16.524","","0","75 14:02.111","3","0","0","0","67301","0","0","0","N","0","0","0","3","67301","0","","1.0","","1","N","N","N","0","","1","0","1","","2","","","2","1","0","0","0","0","0","2","0","2","","03","","N","","","","","","","","","",""
"2021119535","0019","0","0","0","0","0","0","0","0","0","7","0","","67","11","2021","1","39.961221","-75.182403","0016","6","0","0","0","0","0","0","0","0","","0","0","0","","","0","N","0","","39 57:40.397","3","0","75 10:56.651","0","0","0","0","67301","0","0","0","Y","0","0","0","2","68K01","0","","5.0","130.0","1","N","N","N","0","","0","0","1","","0","Y","","1","0","0","0","0","0","0","2","0","1","","03","","N","","","","","","","","","",""
"2021078746","1108","1","0","0","0","0","0","0","0","0","1","0","99","67","8","2021","2","39.953944","-75.139889","1108","6","0","0","0","0","0","0","3","1","","0","0","0","","","5","N","0","","39 57:14.200","4","3","75 08:23.600","3","0","0","0","67301","0","0","0","N","0","0","0","11","67501","3","","1.0","1204.0","1","N","N","Y","0","","2","0","2","","8","N","","4","5","0","0","0","0","4","2","1","4","","03","U","Y","4","1","","","U","Y","","","","N"
"2021079031","1546","0","0","0","0","0","0","0","0","0","1","0","","67","8","2021","6","39.993338","-75.084746","1544","6","0","0","0","0","0","0","0","0","","0","0","0","","","0","N","0","","39 59:36.017","","0","75 05:05.086","0","0","0","0","67301","0","0","0","N","0","0","0","2","68K01","0","","1.0","","1","N","N","N","1","","0","0","1","","0","","","2","0","0","0","0","0","0","2","0","2","","","","N","","","","","","","","","",""
"2021077425","1903","0","0","0","0","0","0","0","0","0","8","0","","67","8","2021","1","40.01585","-75.084164","1903","6","0","0","0","0","0","0","0","0","","0","0","0","","","1","N","0","","40 00:57.060","","0","75 05:02.990","3","0","0","0","67301","1","0","0","N","1","0","0","2","67301","0","","1.0","","1","N","N","N","0","","1","0","1","","0","","","2","1","0","0","0","0","0","2","0","1","","","","N","","","","","","","","","",""
"2021075271","2200","2","0","0","0","0","0","0","0","0","4","0","","67","8","2021","4","39.956562","-75.15133","2200","6","0","0","0","0","0","0","0","0","","0","0","0","","","0","","2","","39 57:23.624","","0","75 09:04.788","0","0","0","0","67301","0","0","0","N","0","0","0","2","67301","0","","1.0","","9","N","N","N","0","","0","0","0","","2","","","2","0","0","0","0","0","0","2","0","2","","04","","N","","","","","","","","","",""
"2021083593","1734","1","0","0","0","0","0","0","0","0","5","0","","67","8","2021","1","40.019642","-75.140272","1723","6","0","0","0","0","0","0","0","0","","0","0","0","","","0","N","0","","40 01:10.710","2","0","75 08:24.980","0","0","0","0","67301","0","0","0","N","0","0","0","1","67301","0","","6.0","1901.0","1","N","N","N","1","","0","0","2","","0","Y","","4","0","0","0","0","0","0","2","0","4","","","","N","","","","","","","","","",""
"2021077177","1136","3","0","0","0","0","0","0","0","0","1","0","","67","8","2021","3","40.044413","-75.143452","1136","6","0","0","0","0","0","0","1","0","","0","0","0","","","0","","1","","40 02:39.888","","0","75 08:36.428","0","0","0","0","67301","0","0","0","N","0","0","0","5","67301","0","","1.0","","1","N","N","N","0","","0","0","0","","2","","","4","0","0","0","0","0","0","2","1","4","","03","","N","","","","","","","","","",""
"2021081559","0935","2","0","0","0","0","0","0","0","0","4","0","","67","8","2021","1","39.960201","-75.239103","0905","6","0","0","0","0","0","0","0","0","","0","0","0","","","0","","1","","39 57:36.724","","0","75 14:20.772","9","0","0","0","67301","0","0","0","N","0","0","0","2","67301","0","","1.0","","1","N","N","N","0","","0","0","0","","2","","","2","0","0","0","0","0","1","2","0","2","","04","","N","","","","","","","","","",""
"2021119910","1747","1","0","0","0","0","0","0","0","0","1","0","","67","12","2021","1","39.982492","-75.207858","1743","6","0","0","0","0","1","0","0","0","","0","0","0","","","0","N","0","","39 58:56.970","3","0","75 12:28.290","0","0","0","0","67301","0","0","0","N","0","0","0","2","68K01","0","","1.0","1750.0","1","N","N","N","0","","0","0","1","","0","N","","2","0","1","0","0","0","0","2","0","2","","","","N","","","","","","","","","",""
"2021075746","0912","1","0","0","0","0","0","0","0","0","4","0","","67","8","2021","7","39.979568","-75.175986","0910","6","0","0","0","0","0","0","0","0","","0","0","0","","","1","","1","","39 58:46.445","1","0","75 10:33.551","3","0","0","0","67301","0","0","0","N","0","0","0","2","67301","0","","1.0","1055.0","1","N","N","N","0","","1","0","1","","2","N","","3","1","0","0","0","0","0","2","1","3","","03","","N","","","","","","","","","",""
"2021075191","2010","1","0","0","0","0","0","0","0","0","2","0","","67","8","2021","4","40.0094","-75.1085","2005","6","0","0","0","0","0","0","0","0","","0","0","0","","","0","N","0","","40 00:33.840","2","0","75 06:30.600","0","0","0","0","67301","0","0","0","N","0","0","0","1","67301","0","","6.0","910.0","9","N","N","N","0","","0","0","0","","0","N","","2","0","0","0","0","0","0","2","1","2","","","","N","","","","","","","","","",""
"2021105336","","0","0","0","0","0","0","0","0","0","5","0","","67","6","2021","6","40.015735","-75.153768","","6","0","0","0","0","0","0","1","0","","0","0","0","","","1","N","0","","40 00:56.647","","0","75 09:13.564","8","0","0","0","67301","0","0","0","N","0","0","0","6","00000","0","","1.0","","1","N","N","N","0","","0","0","2","","0","","","2","1","0","0","0","1","0","2","0","2","","","","N","","","","","","","","","",""
"2021078501","2051","1","0","0","0","0","0","0","0","0","4","0","","67","8","2021","5","39.957754","-75.219287","2051","6","0","0","0","1","0","0","0","0","","0","0","0","","","0","","1","","39 57:27.914","","0","75 13:09.434","0","0","0","0","67301","0","0","0","N","0","0","0","3","67301","0","","5.0","","1","N","N","N","1","","0","0","0","","2","","","2","0","3","0","0","0","0","2","0","2","","03","","N","","","","","","","","","",""
"2021105334","","1","0","0","0","0","0","0","0","0","1","0","","67","7","2021","6","39.898376","-75.210369","","6","0","0","0","0","1","0","0","0","","0","0","0","","","1","N","0","","39 53:54.155","","3","75 12:37.329","8","0","0","0","67301","0","0","0","N","0","0","0","4","00000","0","","1.0","","1","N","N","Y","0","","0","0","2","","0","","","4","1","0","0","0","1","0","2","0","4","","","","N","","","","","","","","","",""
"2021120690","1722","2","0","0","0","0","0","0","0","0","1","0","","67","11","2021","7","40.000614","-75.19479","1714","6","0","0","0","0","0","0","0","0","","0","0","0","","","1","N","0","","40 00:02.212","","0","75 11:41.244","3","0","0","0","67301","0","0","0","N","0","0","0","3","68K01","0","","1.0","","1","N","N","N","0","","1","0","0","","8","","","2","1","0","0","0","0","0","2","0","2","","","","N","","","","","","","","","",""
"2021074843","1745","1","0","0","0","0","0","0","0","0","4","0","","67","8","2021","3","39.978705","-75.108634","1742","6","0","0","0","0","0","0","0","0","","0","0","0","","","1","","1","","39 58:43.337","","0","75 06:31.082","3","0","0","0","67301","0","0","0","N","0","0","0","2","67301","0","","1.0","","1","N","N","N","1","","1","0","0","","2","","","2","1","2","0","0","0","0","2","0","2","","","","N","","","","","","","","","",""
"2021119588","1311","1","0","0","0","0","0","0","0","0","5","1","","67","11","2021","2","40.047073","-75.000838","1311","6","0","0","0","0","0","1","0","0","","0","1","0","","","0","N","0","","40 02:49.464","","0","75 00:03.018","0","0","0","0","67301","0","0","0","N","0","0","0","2","68K01","0","","3.0","","1","N","N","N","0","","0","0","0","","0","","","2","0","0","0","0","0","0","2","0","2","","","","N","","","","","","","","","",""
"2021119793","1545","5","0","0","0","0","0","0","0","0","5","0","","67","3","2021","5","40.062669","-75.042809","1533","6","0","0","0","0","0","1","0","0","","0","0","0","","","1","N","0","","40 03:45.607","2","0","75 02:34.112","3","0","0","0","67301","0","0","0","N","0","0","0","6","67301","0","","1.0","1530.0","1","N","N","N","0","","1","0","1","","0","N","","6","1","0","0","0","0","0","2","0","6","","03","","N","","","","","","","","","",""
"2021074719","0207","1","0","0","0","0","0","0","0","0","1","0","","67","8","2021","4","39.994051","-75.241624","0204","6","0","0","0","0","0","0","0","0","","0","0","0","","","2","","2","","39 59:38.583","","0","75 14:29.847","4","0","0","0","67301","0","0","0","N","0","0","0","3","67301","2","","1.0","","1","N","N","N","0","","0","0","1","","2","","","2","2","1","0","0","0","0","2","0","2","","","","N","","","","","","","","","",""
"2021074704","1725","2","0","0","0","0","0","0","0","0","1","0","","67","8","2021","3","40.015246","-75.177216","1725","6","0","0","0","0","0","0","0","0","","0","0","0","","","5","N","0","","40 00:54.886","","0","75 10:37.977","8","0","0","0","67301","0","0","0","N","0","0","0","5","67301","0","","1.0","","1","N","N","N","0","","0","0","0","","0","","","2","5","0","0","0","5","0","2","0","2","","03","","N","","","","","","","","","",""
"2021078170","0536","0","0","0","0","0","0","0","0","0","4","0","","67","8","2021","7","39.997467","-75.12129","0533","6","0","0","0","0","0","0","0","0","","0","0","0","","","2","","1","","39 59:50.882","","0","75 07:16.643","2","0","2","1","67301","0","0","0","N","0","0","0","3","67301","0","","1.0","","1","N","N","N","0","","0","2","0","","2","","","2","2","0","0","0","0","0","2","1","2","","03","","N","","","","","","","","","",""
"2021078716","1300","2","0","0","0","0","0","0","0","0","4","0","","67","8","2021","7","39.997108","-75.204737","1300","6","0","0","0","1","0","0","0","0","","0","0","0","","","2","","1","","39 59:49.588","","0","75 12:17.053","8","0","0","0","67301","0","0","0","N","0","0","0","3","67301","0","","1.0","","99","N","N","N","0","","0","0","0","","3","","","2","2","3","0","0","2","1","2","0","2","","","","N","","","","","","","","","",""
"2021119431","1347","1","0","0","0","0","0","0","0","0","4","0","","67","12","2021","2","39.916116","-75.238978","1344","6","0","0","0","0","0","0","0","0","","0","0","0","","","2","","1","","39 54:58.016","","0","75 14:20.319","3","0","0","0","67301","0","0","0","N","0","0","0","3","67301","0","","1.0","","1","N","N","N","0","","2","0","1","","2","","","2","2","0","0","0","0","1","2","0","2","","98","","N","","","","","","","","","",""