"CRN","ARRIVAL_TM","AUTOMOBILE_COUNT","BELTED_DEATH_COUNT","BELTED_SUSP_SERIOUS_INJ_COUNT","BICYCLE_COUNT","BICYCLE_DEATH_COUNT","BICYCLE_SUSP_SERIOUS_INJ_COUNT","BUS_COUNT","CHLDPAS_DEATH_COUNT","CHLDPAS_SUSP_SERIOUS_INJ_COUNT","COLLISION_TYPE","COMM_VEH_COUNT","CONS_ZONE_SPD_LIM","COUNTY","CRASH_MONTH","CRASH_YEAR","DAY_OF_WEEK","DEC_LATITUDE","DEC_LONGITUDE","DISPATCH_TM","DISTRICT","DRIVER_COUNT_16YR","DRIVER_COUNT_17YR","DRIVER_COUNT_18YR","DRIVER_COUNT_19YR","DRIVER_COUNT_20YR","DRIVER_COUNT_50_64YR","DRIVER_COUNT_65_74YR","DRIVER_COUNT_75PLUS","EST_HRS_CLOSED","FATAL_COUNT","HEAVY_TRUCK_COUNT","HORSE_BUGGY_COUNT","HOUR_OF_DAY","ILLUMINATION","INJURY_COUNT","INTERSECTION_RELATED","INTERSECT_TYPE","LANE_CLOSED","LATITUDE","LN_CLOSE_DIR","LOCATION_TYPE","LONGITUDE","MAX_SEVERITY_LEVEL","MCYCLE_DEATH_COUNT","MCYCLE_SUSP_SERIOUS_INJ_COUNT","MOTORCYCLE_COUNT","MUNICIPALITY","NONMOTR_COUNT","NONMOTR_DEATH_COUNT","NONMOTR_SUSP_SERIOUS_INJ_COUNT","NTFY_HIWY_MAINT","PED_COUNT","PED_DEATH_COUNT","PED_SUSP_SERIOUS_INJ_COUNT","PERSON_COUNT","POLICE_AGCY","POSSIBLE_INJ_COUNT","RDWY_SURF_TYPE_CD","RELATION_TO_ROAD","ROADWAY_CLEARED","ROAD_CONDITION","SCH_BUS_IND","SCH_ZONE_IND","SECONDARY_CRASH","SMALL_TRUCK_COUNT","SPEC_JURIS_CD","SUSP_MINOR_INJ_COUNT","SUSP_SERIOUS_INJ_COUNT","SUV_COUNT","TCD_FUNC_CD","TCD_TYPE","TFC_DETOUR_IND","TIME_OF_DAY","TOTAL_UNITS","TOT_INJ_COUNT","UNBELTED_OCC_COUNT","UNB_DEATH_COUNT","UNB_SUSP_SERIOUS_INJ_COUNT","UNK_INJ_DEG_COUNT","UNK_INJ_PER_COUNT","URBAN_RURAL","VAN_COUNT","VEHICLE_COUNT","WEATHER1","WEATHER2","WORKERS_PRES","WORK_ZONE_IND","WORK_ZONE_LOC","WORK_ZONE_TYPE","WZ_CLOSE_DETOUR","WZ_FLAGGER","WZ_LAW_OFFCR_IND","WZ_LN_CLOSURE","WZ_MOVING","WZ_OTHER","WZ_SHLDER_MDN","WZ_WORKERS_INJ_KILLED"
"2021120824","1937","2","0","0","0","0","0","0","0","0","4","0","","67","12","2021","5","40.019889","-75.156313","1937","6","0","0","0","0","0","0","0","0","","0","0","0","","","0","","2","","40 01:11.600","","0","75 09:22.727","9","0","0","0","67301","0","0","0","N","0","0","0","4","67301","0","","1.0","","1","N","N","N","0","","0","0","0","","3","","","2","0","0","0","0","0","1","2","0","2","","03","","N","","","","","","","","","",""
"2021119665","1530","1","0","0","0","0","0","0","0","0","8","0","","67","12","2021","3","39.978675","-75.157803","1530","6","0","0","0","0","0","0","0","0","","0","0","0","","","1","N","1","","39 58:43.230","","0","75 09:28.092","8","0","0","0","67301","1","0","0","N","1","0","0","2","67505","0","","1.0","","1","N","N","N","0","","0","0","0","","2","","","2","1","0","0","0","1","1","2","0","1","","03","","N","","","","","","","","","",""
"2021119799","1000","1","0","0","0","0","0","0","0","0","1","1","","67","6","2021","5","40.006969","-75.193097","0914","6","0","0","0","0","0","1","0","0","","0","1","0","","","0","N","0","","40 00:25.089","2","3","75 11:35.148","0","0","0","0","67301","0","0","0","N","0","0","0","4","67301","0","","1.0","1100.0","1","N","N","N","1","","0","0","0","","0","N","","3","0","0","0","0","0","0","2","0","3","","03","","N","","","","","","","","","",""
"2021076258","1010","1","0","0","0","0","0","0","0","0","8","0","","67","8","2021","2","40.054352","-75.193938","1007","6","0","0","0","0","0","0","0","0","","0","0","0","","","1","","1","","40 03:15.666","","0","75 11:38.176","3","0","0","0","67301","1","0","0","N","1","0","0","2","67301","0","","1.0","","1","N","N","N","0","","1","0","0","","2","","","2","1","0","0","0","0","0","2","0","1","","03","","N","","","","","","","","","",""
"2021109102","0912","2","0","0","0","0","0","0","0","0","5","0","","67","8","2021","2","39.955797","-75.203574","0910","6","0","1","0","0","0","0","0","0","","0","0","0","","","0","N","0","","39 57:20.869","","0","75 12:12.866","0","0","0","0","67301","0","0","0","N","0","0","0","3","67504","0","","1.0","","1","N","N","N","0","","0","0","0","","0","","","2","0","0","0","0","0","0","2","0","2","","03","","N","","","","","","","","","",""
"2021077447","0117","1","0","0","0","0","0","0","0","0","8","0","","67","8","2021","3","40.000029","-75.140723","0116","6","0","0","0","0","0","0","0","0","","0","0","0","","","1","N","0","","40 00:00.105","","0","75 08:26.602","2","0","0","0","67301","1","0","1","N","1","0","1","2","67301","0","","1.0","","9","N","N","N","0","","0","1","0","","0","","","2","1","0","0","0","0","0","2","0","1","","03","","N","","","","","","","","","",""
"2021118145","0915","1","0","0","0","0","0","0","0","0","1","1","","67","12","2021","6","39.939766","-75.164142","0911","6","0","0","0","0","0","0","0","1","","0","1","0","","","3","","1","","39 56:23.157","","0","75 09:50.911","8","0","0","0","67301","0","0","0","N","0","0","0","3","67301","0","","1.0","","1","N","N","N","0","","0","0","0","","3","","","2","3","0","0","0","3","0","2","0","2","","","","N","","","","","","","","","",""
"2021077124","1630","0","0","0","0","0","0","0","0","0","4","0","","67","8","2021","2","39.966238","-75.137009","1625","6","0","0","0","0","0","0","0","0","","0","0","0","","","0","","1","","39 57:58.456","","1","75 08:13.232","0","0","0","0","67301","0","0","0","N","0","0","0","2","67301","0","","1.0","","1","N","N","N","0","","0","0","2","","3","","","2","0","0","0","0","0","0","2","0","2","","03","","N","","","","","","","","","",""
"2021118388","0958","0","0","0","0","0","0","0","0","0","7","0","","67","11","2021","5","39.948155","-75.186219","0953","6","0","0","0","0","0","0","0","0","","0","0","0","","","0","N","0","","39 56:53.358","4","0","75 11:10.389","0","0","0","0","67301","0","0","0","N","0","0","0","1","68K01","0","","4.0","1010.0","1","N","N","N","0","","0","0","1","","0","N","","1","0","0","0","0","0","0","2","0","1","","","","N","","","","","","","","","",""
"2021119833","1205","2","0","0","0","0","0","0","0","0","2","0","","67","12","2021","1","39.99205","-75.188986","1203","6","0","0","0","0","0","0","0","0","","0","0","0","","","1","N","0","","39 59:31.380","","0","75 11:20.350","3","0","0","0","67301","0","0","0","N","0","0","0","2","67301","0","","1.0","","1","N","N","N","0","","1","0","0","","0","","","2","1","0","0","0","0","1","2","0","2","","04","","N","","","","","","","","","",""
"2021075848","2037","1","0","0","0","0","0","0","0","0","4","0","","67","8","2021","4","39.980979","-75.175711","2036","6","0","0","0","1","0","0","0","0","","0","0","0","","","6","","1","","39 58:51.524","","0","75 10:32.559","3","0","0","0","67301","0","0","0","N","0","0","0","6","67301","0","","1.0","","9","N","N","N","0","","6","0","1","","2","","","2","6","6","0","0","0","0","2","0","2","","","","N","","","","","","","","","",""
"2021077262","2200","2","0","0","0","0","0","0","0","0","4","0","","67","8","2021","1","39.904045","-75.240114","2151","6","0","0","0","0","0","0","0","0","","0","0","0","","","0","","5","","39 54:14.563","","0","75 14:24.409","0","0","0","0","67301","0","0","0","N","0","0","0","3","67301","0","","1.0","","1","N","N","N","0","","0","0","0","","2","","","2","0","0","0","0","0","0","2","0","2","","","","N","","","","","","","","","",""
"2021076090","2018","1","0","0","0","0","0","0","0","0","4","0","","67","8","2021","6","40.015043","-75.135168","2016","6","0","0","0","0","0","0","0","0","","0","0","0","","","2","","1","","40 00:54.154","","0","75 08:06.604","3","0","0","1","67301","0","0","0","N","0","0","0","3","67301","0","","1.0","","1","N","N","N","0","","2","0","0","","2","","","2","2","0","0","0","0","0","2","0","2","","","","N","","","","","","","","","",""
"2021077898","1314","1","0","0","1","0","0","0","0","0","8","0","","67","8","2021","4","40.027667","-75.228539","1311","6","0","0","0","0","0","0","1","0","","0","0","0","","","1","N","0","","40 01:39.600","","0","75 13:42.740","8","0","0","0","67301","1","0","0","N","0","0","0","2","67301","0","","1.0","","1","N","N","N","0","","0","0","0","","0","","","2","1","0","0","0","1","0","2","0","1","","03","","N","","","","","","","","","",""
"2021083468","1813","1","0","0","0","0","0","0","0","0","4","0","","67","8","2021","4","40.068204","-75.203306","1813","6","0","0","0","0","0","1","0","1","","0","0","0","","","0","","1","","40 04:05.534","","0","75 12:11.901","0","0","0","0","67301","0","0","0","N","0","0","0","2","67301","0","","1.0","","1","N","N","N","1","","0","0","0","","3","","","2","0","0","0","0","0","0","2","0","2","","03","","N","","","","","","","","","",""
"2021076129","1820","2","0","0","0","0","0","0","0","0","4","0","","67","8","2021","1","39.954858","-75.151138","1815","6","0","0","0","0","0","0","1","0","","0","0","0","","","1","","1","","39 57:17.490","","0","75 09:04.096","4","0","0","0","67301","0","0","0","N","0","0","0","3","67301","1","","1.0","","1","N","N","N","0","","0","0","0","","2","","","2","1","0","0","0","0","0","2","0","2","","03","","N","","","","","","","","","",""
"2021118096","0644","1","0","0","0","0","0","0","0","0","5","1","","67","11","2021","7","39.993666","-75.084787","0631","6","0","0","0","0","0","1","0","0","","0","1","0","","","1","N","0","","39 59:37.198","","0","75 05:05.234","4","0","0","0","67301","0","0","0","N","0","0","0","2","68K01","1","","1.0","","1","N","N","Y","0","","0","0","0","","0","","","2","1","0","0","0","0","0","2","0","2","","","","N","","","","","","","","","",""
"2021076219","0233","0","0","1","0","0","0","0","0","0","4","0","","67","8","2021","2","39.968117","-75.225136","0226","6","0","0","0","0","0","0","0","0","","0","0","0","","","2","","1","","39 58:05.221","","0","75 13:30.489","2","0","0","0","67301","0","0","0","N","0","0","0","2","67301","0","","1.0","","1","N","N","N","0","","1","1","2","","2","","","2","2","0","0","0","0","0","2","0","2","","","","N","","","","","","","","","",""
"2021119760","1146","3","0","0","0","0","0","0","0","0","5","0","","67","12","2021","3","39.973197","-75.212596","1143","6","0","0","0","0","0","0","0","0","","0","0","0","","","0","N","0","","39 58:23.508","4","0","75 12:45.347","0","0","0","0","67301","0","0","0","N","0","0","0","2","67301","0","","1.0","1220.0","1","N","N","N","0","","0","0","0","","0","N","","3","0","0","0","0","0","0","2","0","3","","","","N","","","","","","","","","",""
"2021104842","","0","0","1","0","0","0","0","0","0","1","0","","67","7","2021","6","40.025599","-75.121783","","6","0","0","0","0","0","0","0","0","","0","0","0","","","1","","2","","40 01:32.158","","0","75 07:18.417","2","0","0","0","67301","0","0","0","N","0","0","0","3","00000","0","","1.0","","1","N","N","N","0","","0","1","1","","0","","","2","1","0","0","0","0","0","2","0","2","","","","N","","","","","","","","","",""
"2021118343","1444","3","0","0","0","0","0","0","0","0","2","0","","67","11","2021","3","40.000873","-75.105427","1444","6","0","0","0","0","0","0","0","0","","0","0","0","","","2","","2","","40 00:03.142","","0","75 06:19.537","8","0","0","0","67301","0","0","0","N","0","0","0","3","67301","0","","1.0","","1","N","N","N","0","","0","0","0","","3","","","3","2","0","0","0","2","1","2","0","3","","","","N","","","","","","","","","",""
"2021077060","1825","1","0","0","0","0","0","0","0","0","5","0","","67","8","2021","2","39.915025","-75.167169","1814","6","0","0","0","0","0","0","0","0","","0","0","0","","","1","N","0","","39 54:54.090","","0","75 10:01.810","3","0","0","0","67301","0","0","0","N","0","0","0","1","67301","0","","6.0","","1","N","N","N","0","","1","0","0","","0","","","2","1","0","0","0","0","0","2","1","2","","04","","N","","","","","","","","","",""
"2021105772","","1","0","0","0","0","0","0","0","0","4","0","","67","9","2021","4","40.062969","-75.202143","","6","0","0","1","0","0","0","0","0","","0","0","0","","","1","","2","","40 03:46.688","","0","75 12:07.714","3","0","0","0","67301","0","0","0","N","0","0","0","2","00000","0","","1.0","","9","N","N","N","0","","1","0","1","","0","","","2","1","0","0","0","0","0","2","0","2","","","","N","","","","","","","","","",""
"2021077171","1208","2","0","0","0","0","0","0","0","0","4","0","","67","8","2021","4","40.025663","-75.154196","1208","6","0","0","0","0","0","0","1","0","","0","0","0","","","1","","1","","40 01:32.386","","0","75 09:15.105","3","0","0","0","67301","0","0","0","N","0","0","0","2","67301","0","","1.0","","1","N","N","N","0","","1","0","0","","2","","","2","1","0","0","0","0","1","2","0","2","","03","","N","","","","","","","","","",""
"2021077170","1057","0","0","0","0","0","0","0","0","0","4","0","","67","8","2021","4","40.038994","-75.148557","1056","6","0","0","0","0","0","0","0","1","","0","0","0","","","1","","2","","40 02:20.379","","0","75 08:54.805","3","0","0","0","67301","0","0","0","N","0","0","0","2","67301","0","","1.0","","1","N","N","N","0","","1","0","2","","0","","","2","1","0","0","0","0","0","2","0","2","","03","","N","","","","","","","","","",""
"2021075341","2330","1","0","0","0","0","0","0","0","0","4","0","","67","8","2021","4","40.040711","-75.158406","2325","6","0","0","0","0","0","0","0","0","","0","0","0","","","1","","2","","40 02:26.559","2","0","75 09:30.261","4","0","0","0","67301","0","0","0","N","0","0","0","2","67301","1","","1.0","30.0","9","N","N","N","0","","0","0","1","","3","N","","2","1","0","0","0","0","0","2","0","2","","","","N","","","","","","","","","",""
"2021074970","2304","0","0","0","0","0","0","0","0","0","1","0","","67","8","2021","3","39.962262","-75.182989","2254","6","0","0","0","0","1","0","0","0","","0","0","0","","","1","N","0","","39 57:44.142","","0","75 10:58.760","3","0","0","0","67301","0","0","0","N","0","0","0","2","68K01","0","","1.0","","9","N","N","N","0","","1","0","2","","0","","","2","1","0","0","0","0","0","2","0","2","","","","N","","","","","","","","","",""
"2021075822","0142","2","0","0","0","0","0","0","0","0","4","0","","67","8","2021","7","39.915393","-75.149707","0142","6","0","0","2","0","0","0","0","0","","0","0","0","","","0","","1","","39 54:55.414","","0","75 08:58.945","0","0","0","0","67301","0","0","0","N","0","0","0","2","67301","0","","1.0","","1","N","N","N","0","","0","0","0","","3","","","2","0","2","0","0","0","0","2","0","2","","03","","N","","","","","","","","","",""
"2021076259","1105","3","0","0","0","0","0","0","0","0","5","0","","67","8","2021","2","39.957598","-75.197701","1103","6","0","0","0","0","0","0","1","0","","0","0","0","","","2","N","0","","39 57:27.354","1","0","75 11:51.723","3","0","0","0","67301","0","0","0","N","0","0","0","2","67504","0","","6.0","1300.0","1","N","N","N","0","","2","0","1","","0","N","","4","2","0","0","0","0","0","2","0","4","","03","","N","","","","","","","","","",""
"2021118075","0110","2","0","0","0","0","0","1","0","0","5","1","","67","11","2021","1","39.976555","-75.196658","0058","6","0","0","0","0","0","1","0","0","","0","0","0","","","1","","6","","39 58:35.597","","2","75 11:47.969","8","0","0","0","67301","0","0","0","N","0","0","0","14","68K01","0","","7.0","","1","N","N","N","0","","0","0","0","","0","","","3","1","0","0","0","1","0","2","0","3","","03","","N","","","","","","","","","",""
"2021076045","1618","1","0","0","0","0","0","0","0","0","1","0","","67","8","2021","4","40.028318","-75.091663","1614","6","0","0","0","0","0","2","0","0","","0","0","0","","","1","N","0","","40 01:41.946","2","0","75 05:29.985","2","0","0","0","67301","0","0","0","N","0","0","0","3","67301","0","","1.0","1645.0","1","N","N","N","0","","0","1","1","","0","N","","4","1","0","0","0","0","0","2","1","3","","","","N","","","","","","","","","",""
"2021044227","2140","1","0","0","0","0","0","0","0","0","7","0","","67","5","2021","7","40.008618","-75.072236","2140","6","0","0","0","0","0","0","0","0","","0","0","0","","","0","N","0","","40 00:31.025","","0","75 04:20.051","0","0","0","0","67301","0","0","0","N","0","0","0","1","67301","0","","4.0","","1","N","N","N","0","","0","0","0","","0","","","1","0","0","0","0","0","0","2","0","1","","","","N","","","","","","","","","",""
"2021044213","1602","1","0","0","0","0","0","0","0","0","4","0","","67","5","2021","3","40.039656","-75.057406","1554","6","0","0","0","0","0","1","0","0","","0","0","0","","","1","N","0","","40 02:22.760","","7","75 03:26.660","3","0","0","0","67301","0","0","0","N","0","0","0","2","67301","0","","1.0","","1","N","N","N","0","","1","0","1","","0","","","2","1","0","0","0","0","0","2","0","2","","03","","N","","","","","","","","","",""
"2021048756","2046","1","0","0","0","0","0","0","0","0","1","0","","67","5","2021","5","40.120081","-75.021489","2041","6","0","0","0","0","0","1","0","0","","0","0","0","","","1","N","0","","40 07:12.290","","0","75 01:17.360","3","0","0","0","67301","0","0","0","N","0","0","0","1","67301","0","","6.0","","1","N","N","N","0","","1","0","1","","0","","","2","1","0","0","0","0","0","2","0","2","","03","","N","","","","","","","","","",""
"2021044630","2000","1","0","0","0","0","0","0","0","0","5","0","","67","5","2021","2","39.965472","-75.190417","1945","6","0","0","0","0","0","0","0","0","","0","0","0","","","0","N","0","","39 57:55.700","","0","75 11:25.500","9","0","0","0","67301","0","0","0","N","0","0","0","1","67507","0","","6.0","","99","N","N","Y","0","","0","0","1","","0","","","2","0","0","0","0","0","1","2","0","2","","03","","N","","","","","","","","","",""
"2021071552","0832","0","0","0","0","0","0","1","0","0","5","1","","67","7","2021","5","40.10184","-75.005317","0832","6","0","0","0","0","0","0","0","0","","0","0","0","","","1","N","0","","40 06:06.624","1","0","75 00:19.140","3","0","0","0","67301","0","0","0","N","0","0","0","7","67301","0","","1.0","834.0","1","N","N","N","0","","1","0","3","","0","N","","4","1","0","0","0","0","0","2","0","4","","","","N","","","","","","","","","",""
"2021042329","2129","2","0","0","0","0","0","0","0","0","4","0","","67","5","2021","1","40.023167","-75.061727","2127","6","0","0","0","0","1","0","0","0","","0","0","0","","","2","","1","","40 01:23.401","","0","75 03:42.217","3","0","0","0","67301","0","0","0","N","0","0","0","4","67301","0","","1.0","","9","N","Y","N","0","","2","0","2","","3","","","4","2","2","0","0","0","0","2","0","4","","04","","N","","","","","","","","","",""
"2021043121","1710","2","0","0","0","0","0","0","0","0","4","0","","67","5","2021","4","39.978304","-75.129952","1710","6","0","0","0","0","0","0","1","0","","0","0","0","","","0","","1","","39 58:41.894","3","0","75 07:47.827","0","0","0","0","67301","0","0","0","N","0","0","0","2","67301","0","","1.0","1716.0","1","N","N","N","0","","0","0","0","","3","Y","","2","0","2","0","0","0","0","2","0","2","","","","N","","","","","","","","","",""
"2021048760","2035","0","0","0","1","0","0","0","0","0","8","0","","67","5","2021","2","40.019966","-75.111637","2023","6","0","0","0","0","0","1","0","0","","0","0","0","","","1","","2","","40 01:11.877","","0","75 06:41.893","3","0","0","0","67301","1","0","0","N","0","0","0","2","67301","0","","1.0","","1","N","N","N","0","","1","0","1","","3","","","2","1","0","0","0","0","0","2","0","1","","03","","N","","","","","","","","","",""
"2021076058","1919","1","0","0","0","0","0","0","0","0","4","0","","67","8","2021","7","40.000631","-75.132891","1918","6","0","0","0","0","0","0","0","0","","0","0","0","","","0","","1","","40 00:02.271","","0","75 07:58.407","9","0","0","0","67301","0","0","0","N","0","0","0","2","67301","0","","1.0","","1","N","N","N","0","","0","0","1","","2","","","2","0","0","0","0","0","1","2","0","2","","03","","N","","","","","","","","","",""
"2021043123","1646","1","0","0","0","0","0","0","0","0","8","0","","67","5","2021","4","40.029133","-75.146793","1632","6","0","0","0","0","0","0","0","0","","0","0","0","","","1","","1","","40 01:44.879","","6","75 08:48.456","8","0","0","0","67301","1","0","0","N","1","0","0","2","67301","0","","1.0","","1","N","N","N","0","","0","0","0","","2","","","2","1","0","0","0","1","1","2","0","1","","","","N","","","","","","","","","",""
"2021048718","1910","0","0","0","0","0","0","0","0","0","5","0","","67","5","2021","6","39.911336","-75.242664","1855","6","0","0","0","0","0","0","0","0","","0","0","0","","","2","","5","","39 54:40.810","","0","75 14:33.592","8","0","0","0","67301","0","0","0","N","0","0","0","3","67508","0","","1.0","","1","","N","Y","0","","0","0","1","","2","","","2","2","0","0","0","2","0","2","0","2","","03","","N","","","","","","","","","",""
"2021043494","1723","2","0","0","0","0","0","0","0","0","1","0","","67","5","2021","4","39.996055","-75.155952","1723","6","0","0","0","0","0","1","0","0","","0","0","0","","","2","","2","","39 59:45.797","","0","75 09:21.427","3","0","0","0","67301","0","0","0","N","0","0","0","3","67301","1","","1.0","","1","N","N","Y","1","","1","0","0","","3","","","3","2","0","0","0","0","1","2","0","3","","","","N","","","","","","","","","",""
"2021071328","1951","2","0","0","0","0","0","0","0","0","1","0","","67","7","2021","7","40.022719","-75.148198","1951","6","0","0","0","0","0","0","0","0","","0","0","0","","","0","","1","","40 01:21.790","","0","75 08:53.512","9","0","0","0","67301","0","0","0","N","0","0","0","3","67301","0","","1.0","","99","N","N","N","0","","0","0","1","","2","U","","3","0","0","0","0","0","2","2","0","3","","98","","N","","","","","","","","","",""
"2021043488","0301","1","0","0","0","0","0","0","0","0","1","0","","67","5","2021","2","39.929089","-75.229336","0301","6","0","0","1","0","0","0","0","0","","0","0","0","","","1","N","0","","39 55:44.720","","0","75 13:45.610","8","0","0","0","67301","0","0","0","N","0","0","0","2","67301","0","","1.0","","1","N","N","N","0","","0","0","1","","0","","","2","1","1","0","0","1","1","2","0","2","","03","","N","","","","","","","","","",""
"2021044024","1945","1","0","0","0","0","0","0","0","0","1","0","","67","5","2021","4","39.975556","-75.120782","1945","6","0","0","1","0","0","0","0","0","","0","0","0","","","0","N","0","","39 58:32.003","","0","75 07:14.816","0","0","0","0","67301","0","0","0","N","0","0","0","2","67301","0","","1.0","","1","N","N","N","0","","0","0","1","","0","","","2","0","0","0","0","0","0","2","0","2","","","","N","","","","","","","","","",""
"2021048973","1602","2","0","0","0","0","0","0","0","0","1","0","35","67","5","2021","3","39.953778","-75.138944","1559","6","0","0","0","0","1","0","0","0","","0","0","0","","","1","N","0","","39 57:13.600","4","3","75 08:20.200","3","0","0","0","67301","0","0","0","N","0","0","0","4","67501","0","","1.0","1631.0","1","N","N","N","0","","1","0","1","","8","N","","4","1","0","0","0","0","1","2","1","4","","03","Y","Y","4","1","","","N","Y","","","","N"
"2021044761","2150","1","0","0","0","0","0","0","0","0","5","0","","67","5","2021","1","40.062642","-75.030847","2147","6","0","0","0","0","0","1","0","0","","0","0","0","","","0","N","0","","40 03:45.510","","0","75 01:51.050","0","0","0","0","67301","0","0","0","N","0","0","0","1","67301","0","","6.0","","1","N","N","N","0","","0","0","1","","0","","","2","0","0","0","0","0","0","2","0","2","","03","","N","","","","","","","","","",""
"2021057115","1046","2","0","0","0","0","0","0","0","0","4","0","","67","6","2021","5","39.911326","-75.242828","1046","6","0","0","0","0","0","0","0","0","","0","0","0","","","1","","1","","39 54:40.772","","0","75 14:34.179","8","0","0","0","67301","0","0","0","N","0","0","0","2","67301","0","","1.0","","1","N","N","N","0","","0","0","0","","2","","","2","1","0","0","0","1","1","2","0","2","","03","","N","","","","","","","","","",""
"2021045256","1046","2","0","0","0","0","0","0","0","0","1","1","","67","5","2021","2","40.055081","-75.125756","1045","6","0","0","0","0","0","2","0","0","","0","1","0","","","1","N","0","","40 03:18.293","3","0","75 07:32.722","3","0","0","0","67301","0","0","0","N","0","0","0","7","67301","0","","1.0","1120.0","1","N","N","N","0","","1","0","2","","0","Y","","5","1","4","0","0","0","0","2","0","5","","","","N","","","","","","","","","",""
"2021042345","1124","0","0","0","1","0","0","0","0","0","8","1","","67","5","2021","2","40.02528","-75.167469","1124","6","0","0","0","0","0","0","0","0","","0","1","0","","","1","N","0","","40 01:31.009","","0","75 10:02.887","3","0","0","0","67301","1","0","0","N","0","0","0","2","67301","0","","1.0","","1","N","N","N","0","","1","0","0","","0","","","2","1","0","0","0","0","0","2","0","1","","03","","N","","","","","","","","","",""
"2021044207","0815","1","0","0","0","0","0","0","0","0","8","0","","67","5","2021","7","40.077702","-75.070986","0809","6","0","0","0","0","0","1","0","0","","0","0","0","","","1","","1","","40 04:39.728","","0","75 04:15.550","3","0","0","0","67301","1","0","0","N","1","0","0","2","67301","0","","1.0","","1","N","N","N","0","","1","0","0","","2","","","2","1","0","0","0","0","0","2","0","1","","03","","N","","","","","","","","","",""
"2021071021","0503","2","0","0","0","0","0","0","0","0","5","0","","67","7","2021","7","39.971018","-75.156534","0500","6","0","0","0","0","0","0","0","0","","0","0","0","","","0","N","0","","39 58:15.664","","0","75 09:23.524","0","0","0","0","67301","0","0","0","N","0","0","0","2","67301","0","","1.0","","1","N","N","N","0","","0","0","0","","9","","","2","0","0","0","0","0","0","2","0","2","","03","","N","","","","","","","","","",""
"2021047526","0508","1","0","0","0","0","0","0","0","0","5","0","","67","5","2021","1","40.016521","-75.189019","0505","6","0","0","0","0","0","0","0","0","","0","0","0","","","0","N","0","","40 00:59.476","","0","75 11:20.470","0","0","0","0","67301","0","0","0","N","0","0","0","1","67301","0","","6.0","","1","N","N","N","0","","0","0","1","","0","","","2","0","0","0","0","0","0","2","0","2","","03","","N","","","","","","","","","",""
"2021072477","1822","1","0","0","0","0","0","0","0","0","4","1","","67","8","2021","1","39.916992","-75.231623","1820","6","0","0","0","0","0","0","0","0","","0","1","0","","","1","","1","","39 55:01.170","","0","75 13:53.842","3","0","0","0","67301","0","0","0","N","0","0","0","1","67301","0","","1.0","","99","N","N","N","0","","1","0","0","","0","","","3","1","0","0","0","0","0","2","1","3","","04","","N","","","","","","","","","",""
"2021076215","1856","1","0","0","0","0","0","0","0","0","4","0","","67","8","2021","7","39.968994","-75.230299","1856","6","0","0","0","0","0","1","0","0","","0","0","0","","","2","","1","","39 58:08.378","","0","75 13:49.076","3","0","0","0","67301","0","0","0","N","0","0","0","2","67301","0","","1.0","","1","N","N","N","0","","2","0","1","","3","","","2","2","0","0","0","0","0","2","0","2","","03","","N","","","","","","","","","",""
"2021078358","0500","1","0","0","0","0","0","0","0","0","1","0","","67","8","2021","3","40.018087","-75.168482","0447","6","0","0","0","0","0","0","1","0","","0","0","0","","","0","N","0","","40 01:05.114","","2","75 10:06.536","0","0","0","0","67301","0","0","0","N","0","0","0","2","67301","0","","1.0","","1","N","N","N","0","","0","0","1","","0","","","2","0","0","0","0","0","0","2","0","2","","03","","N","","","","","","","","","",""
"2021072664","0057","1","0","0","0","0","0","0","0","0","5","0","","67","8","2021","3","40.02773","-75.10997","0057","6","0","0","0","0","0","0","0","0","","0","0","0","","","0","","5","","40 01:39.827","3","0","75 06:35.893","0","0","0","0","67301","0","0","0","N","0","0","0","3","67301","0","","1.0","145.0","1","N","N","N","0","","0","0","1","","2","N","","2","0","0","0","0","0","0","2","0","2","","03","","N","","","","","","","","","",""
"2021045291","0925","0","0","0","0","0","0","0","0","0","4","0","","67","5","2021","6","40.029898","-75.087801","0920","6","0","0","0","0","0","0","1","0","","0","0","0","","","4","","1","","40 01:47.633","7","0","75 05:16.085","3","0","0","0","67301","0","0","0","N","0","0","0","4","67301","0","","1.0","100.0","1","N","N","N","0","","4","0","2","","2","Y","","3","4","0","0","0","0","0","2","1","3","","","","N","","","","","","","","","",""
"2021046797","0042","2","0","0","0","0","0","0","0","0","1","0","","67","5","2021","2","39.983944","-75.148028","0042","6","0","0","0","0","0","0","0","0","","0","0","0","","","1","N","0","","39 59:02.200","1","0","75 08:52.900","8","0","0","0","67301","0","0","0","N","0","0","0","3","67505","0","","6.0","135.0","1","N","N","N","0","","0","0","3","","0","Y","","6","1","0","0","0","1","0","2","1","6","","03","","N","","","","","","","","","",""
"2021044686","2327","1","0","0","0","0","0","0","0","0","5","0","","67","5","2021","3","39.962871","-75.183616","2324","6","0","0","0","0","0","1","0","0","","0","0","0","","","1","N","0","","39 57:46.337","","0","75 11:01.019","3","0","0","0","67301","0","0","0","N","0","0","0","6","68K01","0","","1.0","","1","N","N","N","0","","1","0","1","","0","","","2","1","0","0","0","0","0","2","0","2","","","","N","","","","","","","","","",""