"CRN","ARRIVAL_TM","AUTOMOBILE_COUNT","BELTED_DEATH_COUNT","BELTED_SUSP_SERIOUS_INJ_COUNT","BICYCLE_COUNT","BICYCLE_DEATH_COUNT","BICYCLE_SUSP_SERIOUS_INJ_COUNT","BUS_COUNT","CHLDPAS_DEATH_COUNT","CHLDPAS_SUSP_SERIOUS_INJ_COUNT","COLLISION_TYPE","COMM_VEH_COUNT","CONS_ZONE_SPD_LIM","COUNTY","CRASH_MONTH","CRASH_YEAR","DAY_OF_WEEK","DEC_LATITUDE","DEC_LONGITUDE","DISPATCH_TM","DISTRICT","DRIVER_COUNT_16YR","DRIVER_COUNT_17YR","DRIVER_COUNT_18YR","DRIVER_COUNT_19YR","DRIVER_COUNT_20YR","DRIVER_COUNT_50_64YR","DRIVER_COUNT_65_74YR","DRIVER_COUNT_75PLUS","EST_HRS_CLOSED","FATAL_COUNT","HEAVY_TRUCK_COUNT","HORSE_BUGGY_COUNT","HOUR_OF_DAY","ILLUMINATION","INJURY_COUNT","INTERSECTION_RELATED","INTERSECT_TYPE","LANE_CLOSED","LATITUDE","LN_CLOSE_DIR","LOCATION_TYPE","LONGITUDE","MAX_SEVERITY_LEVEL","MCYCLE_DEATH_COUNT","MCYCLE_SUSP_SERIOUS_INJ_COUNT","MOTORCYCLE_COUNT","MUNICIPALITY","NONMOTR_COUNT","NONMOTR_DEATH_COUNT","NONMOTR_SUSP_SERIOUS_INJ_COUNT","NTFY_HIWY_MAINT","PED_COUNT","PED_DEATH_COUNT","PED_SUSP_SERIOUS_INJ_COUNT","PERSON_COUNT","POLICE_AGCY","POSSIBLE_INJ_COUNT","RDWY_SURF_TYPE_CD","RELATION_TO_ROAD","ROADWAY_CLEARED","ROAD_CONDITION","SCH_BUS_IND","SCH_ZONE_IND","SECONDARY_CRASH","SMALL_TRUCK_COUNT","SPEC_JURIS_CD","SUSP_MINOR_INJ_COUNT","SUSP_SERIOUS_INJ_COUNT","SUV_COUNT","TCD_FUNC_CD","TCD_TYPE","TFC_DETOUR_IND","TIME_OF_DAY","TOTAL_UNITS","TOT_INJ_COUNT","UNBELTED_OCC_COUNT","UNB_DEATH_COUNT","UNB_SUSP_SERIOUS_INJ_COUNT","UNK_INJ_DEG_COUNT","UNK_INJ_PER_COUNT","URBAN_RURAL","VAN_COUNT","VEHICLE_COUNT","WEATHER1","WEATHER2","WORKERS_PRES","WORK_ZONE_IND","WORK_ZONE_LOC","WORK_ZONE_TYPE","WZ_CLOSE_DETOUR","WZ_FLAGGER","WZ_LAW_OFFCR_IND","WZ_LN_CLOSURE","WZ_MOVING","WZ_OTHER","WZ_SHLDER_MDN","WZ_WORKERS_INJ_KILLED"
"2021047246","1758","2","0","0","0","0","0","0","0","0","1","0","","67","5","2021","1","40.006455","-75.215193","1758","6","0","0","0","0","0","0","0","0","","0","0","0","","","3","N","0","","40 00:23.239","","0","75 12:54.695","3","0","0","0","67301","0","0","0","N","0","0","0","4","67301","0","","1.0","","1","N","N","N","0","","2","0","0","","0","","","2","3","0","0","0","1","0","2","0","2","","","","N","","","","","","","","","",""
"2021051248","1306","2","0","0","0","0","0","0","0","0","1","0","","67","5","2021","6","39.95341","-75.181583","1256","6","0","0","0","0","0","0","0","0","","0","0","0","","","1","N","0","","39 57:12.275","4","0","75 10:53.699","3","0","0","0","67301","0","0","0","N","0","0","0","5","68K01","0","","1.0","1315.0","1","N","N","N","0","","1","0","2","","0","N","","4","1","0","0","0","0","0","2","0","4","","","","N","","","","","","","","","",""
"2021050841","1434","1","0","0","0","0","0","0","0","0","1","0","","67","5","2021","1","39.998281","-75.127559","1430","6","0","0","0","0","0","0","0","0","","0","0","0","","","1","N","0","","39 59:53.813","","0","75 07:39.213","3","0","0","0","67301","0","0","0","N","0","0","0","2","67301","0","","1.0","","1","N","N","N","2","","1","0","2","","0","","","5","1","1","0","0","0","0","2","0","5","","03","","N","","","","","","","","","",""
"2021046387","0118","0","0","0","1","0","0","0","0","0","8","0","","67","5","2021","1","39.972953","-75.226117","0110","6","0","0","0","0","0","0","0","0","","0","0","0","","","1","","1","","39 58:22.631","","0","75 13:34.022","3","0","0","0","67301","1","0","0","N","0","0","0","2","67301","0","","1.0","","1","N","N","N","0","","1","0","1","","2","","","2","1","0","0","0","0","0","2","0","1","","03","","N","","","","","","","","","",""
"2021104285","0000","2","0","0","0","0","0","0","0","0","1","0","","67","8","2021","1","40.020496","-75.155315","2355","6","0","0","0","0","0","0","1","0","","0","0","0","","","3","N","0","","40 01:13.784","","3","75 09:19.133","3","0","0","0","67301","0","0","0","N","0","0","0","4","67301","0","","1.0","","1","N","N","N","0","","3","0","0","","0","","","2","3","0","0","0","0","1","2","0","2","","","","N","","","","","","","","","",""
"2021043235","2310","2","0","0","0","0","0","0","0","0","4","0","","67","5","2021","4","40.062754","-75.05766","2308","6","0","0","0","1","0","0","0","0","","0","0","0","","","2","","1","","40 03:45.914","","0","75 03:27.576","3","0","0","0","67301","0","0","0","N","0","0","0","5","67301","0","","1.0","","1","N","N","N","0","","2","0","0","","2","","","2","2","0","0","0","0","0","2","0","2","","03","","N","","","","","","","","","",""
"2021047286","1638","1","0","0","0","0","0","0","0","0","4","0","","67","5","2021","1","40.040768","-75.146335","1638","6","0","0","0","0","0","1","0","0","","0","0","0","","","1","","1","","40 02:26.763","","0","75 08:46.806","8","0","0","0","67301","0","0","0","N","0","0","0","2","67301","0","","1.0","","1","N","N","N","0","","0","0","1","","3","","","2","1","0","0","0","1","1","2","0","2","","03","","N","","","","","","","","","",""
"2021044132","1040","0","0","0","0","0","0","0","0","0","4","0","","67","5","2021","4","40.053176","-75.122127","1038","6","0","0","0","0","0","1","0","0","","0","0","0","","","1","","5","","40 03:11.434","","0","75 07:19.656","4","0","0","0","67301","0","0","0","N","0","0","0","2","67301","1","","1.0","","1","N","N","N","0","","0","0","2","","2","","","2","1","0","0","0","0","0","2","0","2","","03","","N","","","","","","","","","",""
"2021044442","2234","0","0","0","0","0","0","0","0","0","8","0","","67","5","2021","7","40.038425","-75.141859","2233","6","0","0","0","0","0","0","0","0","","0","0","0","","","1","","2","","40 02:18.329","","0","75 08:30.693","8","0","0","0","67301","1","0","0","N","1","0","0","2","67301","0","","1.0","","1","N","N","N","0","","0","0","0","","0","","","2","1","0","0","0","1","0","2","0","1","","03","","N","","","","","","","","","",""
"2021044051","0057","1","0","0","0","0","0","0","0","0","6","0","","67","5","2021","7","40.034297","-75.060692","0057","6","0","0","0","0","0","0","0","0","","0","0","0","","","1","N","0","","40 02:03.470","","0","75 03:38.490","4","0","0","0","67301","0","0","0","N","0","0","0","1","67301","1","","6.0","","1","N","N","N","0","","0","0","1","","0","","","2","1","1","0","0","0","0","2","0","2","","03","","N","","","","","","","","","",""
"2021051569","0815","2","0","0","0","0","0","0","0","0","6","0","","67","5","2021","7","39.999143","-75.134148","0810","6","0","0","0","0","0","0","0","0","","0","0","0","","","1","N","0","","39 59:56.916","","0","75 08:02.933","3","0","0","0","67301","0","0","0","N","0","0","0","1","67301","0","","6.0","","1","N","N","N","0","","1","0","2","","0","","","4","1","0","0","0","0","0","2","0","4","","03","","N","","","","","","","","","",""
"2021072337","1622","1","0","0","0","0","0","0","0","0","4","0","","67","7","2021","1","40.027617","-75.028389","1617","6","0","0","0","0","0","0","1","0","","1","0","0","","","3","N","0","","40 01:39.420","","0","75 01:42.201","1","0","0","0","67301","0","0","0","N","0","0","0","4","67301","0","2","1.0","","1","N","N","N","0","0","0","0","1","","0","","","2","3","0","0","0","3","0","2","0","2","","03","","N","","","","","","","","","",""
"2021043493","1821","1","0","0","0","0","0","0","0","0","4","0","","67","5","2021","3","39.996632","-75.162724","1813","6","0","0","0","0","0","1","0","0","","0","0","0","","","0","","2","","39 59:47.875","","0","75 09:45.806","9","0","0","0","67301","0","0","0","N","0","0","0","3","67301","0","","1.0","","1","N","N","N","0","","0","0","1","","3","","","2","0","0","0","0","0","3","2","0","2","","","","N","","","","","","","","","",""
"2021044617","2028","1","0","0","0","0","0","0","0","0","4","0","","67","5","2021","7","40.02121","-75.157651","2023","6","0","0","0","0","1","0","0","0","","0","0","0","","","2","","3","","40 01:16.355","","0","75 09:27.545","3","0","0","0","67301","0","0","0","N","0","0","0","3","67301","0","","1.0","","1","N","N","N","0","","2","0","1","","3","","","2","2","0","0","0","0","0","2","0","2","","03","","N","","","","","","","","","",""
"2021044890","1748","2","0","0","0","0","0","0","0","0","4","0","","67","5","2021","1","39.940325","-75.233618","1748","6","0","0","0","0","0","1","1","0","","0","0","0","","","0","","1","","39 56:25.170","","0","75 14:01.024","0","0","0","0","67301","0","0","0","N","0","0","0","2","67301","0","","1.0","","1","N","Y","N","0","","0","0","0","","2","","","2","0","1","0","0","0","0","2","0","2","","","","N","","","","","","","","","",""
"2021075411","1340","2","0","0","0","0","0","0","0","0","4","0","","67","8","2021","5","40.034364","-75.160428","1335","6","0","0","0","0","0","1","0","0","","0","0","0","","","2","","1","","40 02:03.710","7","0","75 09:37.540","3","0","0","0","67301","0","0","0","N","0","0","0","2","67301","0","","1.0","1408.0","1","N","N","N","0","","2","0","0","","3","N","","2","2","0","0","0","0","0","2","0","2","","","","N","","","","","","","","","",""
"2021074998","1650","1","0","0","0","0","0","0","0","0","4","0","","67","8","2021","4","40.018922","-75.049504","1650","6","0","0","0","0","0","0","0","0","","0","0","0","","","5","","1","","40 01:08.120","4","0","75 02:58.216","3","0","0","0","67301","0","0","0","N","0","0","0","5","67301","3","","1.0","25.0","1","N","N","N","0","","2","0","1","","3","N","","2","5","0","0","0","0","0","2","0","2","","","","N","","","","","","","","","",""
"2021120558","0544","0","0","0","0","0","0","0","0","0","7","0","","67","12","2021","5","39.986286","-75.215847","0534","6","0","0","0","0","0","1","0","0","","0","0","0","","","1","N","0","","39 59:10.630","","0","75 12:57.050","3","0","0","0","67301","0","0","0","Y","0","0","0","1","67301","0","","2.0","","1","N","N","N","0","","1","0","1","","0","","","1","1","0","0","0","0","0","2","0","1","","03","","N","","","","","","","","","",""
"2021072904","0844","1","0","0","0","0","0","0","0","0","5","0","","67","8","2021","5","40.043211","-75.121975","0844","6","0","0","0","0","0","0","0","0","","0","0","0","","","2","N","0","","40 02:35.560","","0","75 07:19.110","4","0","0","0","67301","0","0","0","N","0","0","0","3","67301","2","","1.0","","99","N","N","N","0","","0","0","1","","0","U","","2","2","2","0","0","0","1","2","0","2","","98","","N","","","","","","","","","",""
"2021049389","1138","0","0","0","0","0","0","0","0","0","7","0","","67","5","2021","7","40.040904","-75.005257","1138","6","0","0","0","0","0","0","0","0","","0","0","0","","","0","N","0","","40 02:27.254","2","0","75 00:18.926","0","0","0","0","67301","0","0","0","N","0","0","0","5","68K01","0","","4.0","1200.0","9","N","N","N","1","","0","0","0","","0","N","","1","0","0","0","0","0","0","2","0","1","","07","","N","","","","","","","","","",""
"2021043150","1500","1","0","0","0","0","0","0","0","0","8","0","","67","5","2021","4","40.056888","-75.188063","1453","6","0","0","0","0","0","1","0","0","","0","0","0","","","1","","1","","40 03:24.795","","0","75 11:17.028","3","0","0","0","67301","1","0","0","N","1","0","0","2","67301","0","","1.0","","1","N","N","N","0","","1","0","0","","2","","","2","1","1","0","0","0","0","2","0","1","","03","","N","","","","","","","","","",""
"2021105709","","1","0","0","0","0","0","0","0","0","5","0","","67","7","2021","6","39.943028","-75.151917","","6","0","0","0","0","0","0","0","0","","0","0","0","","","1","N","0","","39 56:34.900","","0","75 09:06.900","8","0","0","0","67301","0","0","0","N","0","0","0","2","00000","0","","1.0","","1","N","N","N","0","","0","0","1","","0","","","2","1","0","0","0","1","0","2","0","2","","","","N","","","","","","","","","",""
"2021045002","1015","2","0","0","0","0","0","0","0","0","1","0","","67","5","2021","2","39.9005","-75.205615","1003","6","0","0","0","0","0","0","1","0","","0","0","0","","","0","N","0","","39 54:01.800","","3","75 12:20.215","0","0","0","0","67301","0","0","0","N","0","0","0","4","67301","0","","1.0","","1","N","N","N","0","","0","0","2","","0","","","4","0","1","0","0","0","0","2","0","4","","03","","N","","","","","","","","","",""
"2021071364","1608","1","0","0","0","0","0","0","0","0","5","0","","67","7","2021","5","39.962371","-75.182847","1555","6","0","0","0","0","0","1","0","0","","0","1","0","","","0","N","0","","39 57:44.536","","0","75 10:58.248","0","0","0","0","67301","0","0","0","N","0","0","0","4","68K01","0","","1.0","","1","N","N","N","0","","0","0","1","","0","","","3","0","0","0","0","0","0","2","0","3","","","","N","","","","","","","","","",""
"2021119590","1744","0","0","0","0","0","0","0","0","0","1","0","","67","11","2021","2","39.982439","-75.099875","1734","6","0","0","0","0","0","0","0","0","","0","0","0","","","0","N","0","","39 58:56.781","1","0","75 05:59.549","0","0","0","0","67301","0","0","0","N","0","0","0","4","68K01","0","","1.0","1750.0","1","N","N","N","0","","0","0","2","","0","N","","3","0","0","0","0","0","0","2","1","3","","03","","N","","","","","","","","","",""
"2021045450","1554","3","0","0","0","0","0","0","0","0","1","0","","67","5","2021","2","40.05865","-75.131403","1550","6","0","0","0","0","0","0","1","0","","0","0","0","","","1","N","0","","40 03:31.139","4","0","75 07:53.049","3","0","0","0","67301","0","0","0","N","0","0","0","4","46102","0","","1.0","1618.0","1","N","N","N","0","","1","0","0","","0","N","","3","1","0","0","0","0","0","2","0","3","","","","N","","","","","","","","","",""
"2021044058","0035","2","0","0","0","0","0","0","0","0","5","1","","67","5","2021","6","39.986186","-75.238278","1229","6","0","0","0","0","0","0","0","0","","0","1","0","","","0","N","0","","39 59:10.270","","0","75 14:17.800","0","0","0","0","67301","0","0","0","N","0","0","0","1","67301","0","","6.0","","1","N","N","N","0","","0","0","1","","0","","","4","0","0","0","0","0","0","2","0","4","","03","","N","","","","","","","","","",""
"2021044885","0109","0","0","0","0","0","0","0","0","0","7","0","","67","5","2021","6","39.920914","-75.215039","0106","6","0","0","0","0","0","0","0","0","","0","0","0","","","1","N","0","","39 55:15.290","","0","75 12:54.140","2","0","0","0","67301","0","0","0","N","0","0","0","1","67301","0","","4.0","","1","N","N","N","0","","0","1","1","","0","","","1","1","0","0","0","0","0","2","0","1","","03","","N","","","","","","","","","",""
"2021049077","2155","1","0","0","0","0","0","0","0","0","4","0","","67","5","2021","7","39.997717","-75.123234","2145","6","0","0","0","0","0","0","0","0","","0","0","0","","","1","","1","","39 59:51.782","4","0","75 07:23.643","3","0","0","0","67301","0","0","0","N","0","0","0","2","67301","0","","1.0","2210.0","1","N","N","N","0","","1","0","1","","2","N","","3","1","1","0","0","0","0","2","1","3","","","","N","","","","","","","","","",""
"2021042618","0752","3","0","0","0","0","0","0","0","0","1","0","","67","5","2021","3","40.006779","-75.156711","0746","6","0","0","0","0","0","0","0","0","","0","0","0","","","2","","1","","40 00:24.404","","0","75 09:24.159","3","0","0","0","67301","0","0","0","N","0","0","0","3","67301","0","","1.0","","1","N","N","N","0","","2","0","0","","3","","","3","2","0","0","0","0","1","2","0","3","","03","","N","","","","","","","","","",""
"2021052664","0417","1","0","0","0","0","0","0","0","0","7","0","","67","5","2021","4","39.955489","-75.148111","0417","6","0","0","0","0","0","0","0","0","","0","0","0","","","1","N","0","","39 57:19.762","4","2","75 08:53.200","4","0","0","0","67301","0","0","0","N","0","0","0","1","67501","1","","4.0","19.0","1","N","N","N","0","","0","0","0","","0","N","","1","1","0","0","0","0","0","2","0","1","","","","N","","","","","","","","","",""
"2021041595","0222","1","0","0","0","0","0","0","0","0","4","0","","67","5","2021","1","40.022908","-75.148267","0217","6","0","0","0","0","0","0","0","0","","0","0","0","","","0","","5","","40 01:22.470","2","0","75 08:53.760","0","0","0","0","67301","0","0","0","N","0","0","0","2","67301","0","","1.0","315.0","1","N","N","Y","0","","0","0","1","","2","N","","2","0","0","0","0","0","0","2","0","2","","03","","N","","","","","","","","","",""
"2021046173","1410","0","0","0","0","0","0","0","0","0","8","0","","67","5","2021","4","40.027911","-75.137419","1404","6","0","0","0","0","0","0","0","0","","0","0","0","","","1","","1","","40 01:40.479","","0","75 08:14.708","3","0","0","0","67301","1","0","0","N","1","0","0","2","67301","0","","1.0","","1","N","N","N","0","","1","0","1","","3","","","2","1","0","0","0","0","0","2","0","1","","03","","N","","","","","","","","","",""
"2021044014","0940","3","0","0","0","0","0","0","0","0","5","0","","67","5","2021","5","39.9736","-75.238108","0935","6","0","0","0","0","0","0","0","0","","0","0","0","","","2","N","0","","39 58:24.960","","0","75 14:17.190","3","0","0","0","67301","0","0","0","N","0","0","0","3","67301","0","","6.0","","1","N","N","N","0","","2","0","2","","0","","","6","2","0","0","0","0","0","2","1","6","","","","N","","","","","","","","","",""
"2021045360","2051","2","0","0","0","0","0","0","0","0","1","0","","67","5","2021","2","39.959224","-75.172697","2037","6","0","0","0","0","0","1","0","0","","0","0","0","","","1","N","0","","39 57:33.207","","0","75 10:21.710","8","0","0","0","67301","0","0","0","N","0","0","0","2","68K01","0","","1.0","","1","N","N","N","0","","0","0","0","","0","","","2","1","0","0","0","1","0","2","0","2","","03","","N","","","","","","","","","",""
"2021048567","0910","1","0","0","0","0","0","0","0","0","8","0","","67","5","2021","6","39.976116","-75.226707","0900","6","0","0","0","0","0","0","0","0","","0","0","0","","","1","","5","","39 58:34.019","","0","75 13:36.144","3","0","0","0","67301","1","0","0","N","1","0","0","2","67301","0","","1.0","","1","N","N","N","0","","1","0","0","","2","","","2","1","0","0","0","0","0","2","0","1","","03","","N","","","","","","","","","",""
"2021046957","1900","0","0","0","0","0","0","0","0","0","2","0","","67","5","2021","7","40.021278","-75.147103","1855","6","0","0","0","0","0","0","0","0","","0","0","0","","","2","","5","","40 01:16.600","","0","75 08:49.570","3","0","0","0","67301","0","0","0","N","0","0","0","2","67301","0","","1.0","","1","N","N","N","0","","2","0","2","","9","","","2","2","0","0","0","0","0","2","0","2","","03","","N","","","","","","","","","",""
"2021071048","1736","1","0","0","0","0","0","0","0","0","8","0","","67","4","2021","3","39.962361","-75.229389","1736","6","0","0","0","0","0","0","0","0","","0","0","0","","","1","N","0","","39 57:44.500","","0","75 13:45.800","3","0","0","0","67301","1","0","0","N","1","0","0","2","67301","0","","1.0","","1","N","N","N","0","","1","0","0","","0","","","2","1","0","0","0","0","0","2","0","1","","03","","N","","","","","","","","","",""
"2021076033","1349","1","0","0","0","0","0","0","0","0","2","0","","67","8","2021","7","39.991058","-75.132619","1349","6","0","0","0","0","0","0","0","0","","0","0","0","","","1","N","0","","39 59:27.807","","7","75 07:57.427","3","0","0","0","67301","0","0","0","N","0","0","0","1","67301","0","","1.0","","1","N","N","N","0","","1","0","0","","0","","","2","1","0","0","0","0","0","2","0","2","","03","","N","","","","","","","","","",""
"2021049169","0123","2","0","0","0","0","0","0","0","0","1","0","","67","5","2021","7","40.047122","-75.097998","0113","6","0","0","0","0","0","0","0","0","","0","0","0","","","0","","1","","40 02:49.639","","0","75 05:52.794","0","0","0","0","67301","0","0","0","N","0","0","0","3","67301","0","","1.0","","9","N","N","N","1","","0","0","0","","2","","","3","0","1","0","0","0","0","2","0","3","","","","N","","","","","","","","","",""
"2021044613","0500","2","0","0","0","0","0","0","0","0","4","0","","67","5","2021","6","39.997105","-75.166412","0458","6","0","0","0","0","0","0","0","0","","0","0","0","","","0","","2","","39 59:49.577","","0","75 09:59.083","9","0","0","0","67301","0","0","0","N","0","0","0","2","67301","0","","1.0","","1","N","N","N","0","","0","0","1","","0","","","3","0","0","0","0","0","2","2","0","3","","03","","N","","","","","","","","","",""
"2021042611","1405","2","0","0","0","0","0","0","0","0","4","0","","67","5","2021","2","40.093335","-74.962074","1357","6","0","0","0","0","0","0","0","0","","0","0","0","","","2","","2","","40 05:36.005","1","7","74 57:43.465","3","0","0","0","67301","0","0","0","N","0","0","0","4","67301","0","","1.0","1515.0","1","N","N","N","0","","2","0","0","","2","N","","2","2","0","0","0","0","0","2","0","2","","04","","N","","","","","","","","","",""
"2021043240","0910","1","0","0","0","0","0","0","0","0","6","0","","67","5","2021","2","40.054649","-75.149706","0910","6","0","0","0","0","0","0","0","0","","0","0","0","","","2","","1","","40 03:16.736","","0","75 08:58.941","8","0","0","0","67301","0","0","0","N","0","0","0","4","67301","0","","1.0","","1","N","N","N","0","","0","0","2","","2","","","3","2","0","0","0","2","0","2","0","3","","04","","N","","","","","","","","","",""
"2021073084","1948","1","0","1","0","0","0","0","0","0","1","0","","67","8","2021","4","40.026327","-75.097388","1947","6","0","0","0","0","0","1","0","0","","0","0","0","","","2","Y","0","","40 01:34.777","","0","75 05:50.597","2","0","0","0","67301","0","0","0","N","0","0","0","2","67301","0","","1.0","","1","N","N","N","0","","0","1","0","","2","","","2","2","0","0","0","1","0","2","0","2","","03","","N","","","","","","","","","",""
"2021071432","0846","1","0","0","0","0","0","0","0","0","4","0","","67","7","2021","7","40.015958","-75.0755","0843","6","0","0","0","0","0","0","0","0","","0","0","0","","","0","N","0","","40 00:57.450","","0","75 04:31.800","9","0","0","0","67301","0","0","0","N","0","0","0","1","67301","0","","1.0","","1","N","N","N","0","","0","0","1","","0","","","2","0","0","0","0","0","1","2","0","2","","03","","N","","","","","","","","","",""
"2021120696","0431","1","0","0","0","0","0","0","0","0","7","0","","67","11","2021","5","39.960138","-75.180685","0425","6","0","0","0","0","0","0","0","0","","0","0","0","","","1","N","0","","39 57:36.495","3","0","75 10:50.466","4","0","0","0","67301","0","0","0","N","0","0","0","1","68K01","1","","4.0","440.0","1","N","N","N","0","","0","0","0","","0","N","","1","1","0","0","0","0","0","2","0","1","","","","N","","","","","","","","","",""
"2021071431","1340","0","0","0","0","0","0","0","0","0","7","0","","67","7","2021","4","40.022472","-75.06985","1340","6","0","0","0","0","0","0","0","0","","0","0","0","","","1","N","0","","40 01:20.900","","0","75 04:11.460","8","0","0","0","67301","0","0","0","N","0","0","0","1","67301","0","","5.0","","1","N","N","N","0","","0","0","1","","0","","","1","1","0","0","0","1","0","2","0","1","","03","","N","","","","","","","","","",""
"2021088769","0047","2","0","0","0","0","0","0","0","0","4","0","","67","8","2021","7","39.960201","-75.239103","0047","6","0","0","0","0","0","0","0","0","","0","0","0","","","0","","1","","39 57:36.724","","0","75 14:20.772","0","0","0","0","67301","0","0","0","N","0","0","0","3","67301","0","","1.0","","1","N","N","N","0","","0","0","0","","2","","","2","0","1","0","0","0","0","2","0","2","","03","","N","","","","","","","","","",""
"2021076217","2115","2","0","0","0","0","0","0","0","0","4","0","","67","8","2021","1","39.989749","-75.250783","2100","6","0","0","0","0","0","0","0","1","","0","0","0","","","0","","2","","39 59:23.096","","0","75 15:02.818","0","0","0","0","67301","0","0","0","N","0","0","0","2","67301","0","","1.0","","1","N","N","N","0","","0","0","0","","2","","","2","0","2","0","0","0","0","2","0","2","","03","","N","","","","","","","","","",""
"2021073355","1811","1","0","0","0","0","0","0","0","0","8","0","","67","8","2021","3","39.961361","-75.161561","1811","6","0","0","0","0","0","0","1","0","","0","0","0","","","1","","2","","39 57:40.899","","0","75 09:41.618","3","0","0","0","67301","1","0","0","N","1","0","0","2","67301","0","","1.0","","1","N","N","N","0","","1","0","0","","0","U","","2","1","0","0","0","0","0","2","0","1","","03","","N","","","","","","","","","",""
"2021043168","2215","1","0","0","0","0","0","0","0","0","4","0","","67","5","2021","2","40.022332","-75.130669","2215","6","0","0","0","0","0","0","0","0","","0","0","0","","","1","","1","","40 01:20.395","","0","75 07:50.408","3","0","0","0","67301","0","0","0","N","0","0","0","3","67301","0","","1.0","","1","N","N","N","0","","1","0","1","","3","","","2","1","0","0","0","0","0","2","0","2","","","","N","","","","","","","","","",""
"2021043997","1642","0","0","0","1","0","0","0","0","0","8","0","","67","5","2021","6","39.937831","-75.151649","1638","6","0","0","0","0","0","0","0","0","","0","0","0","","","1","","1","","39 56:16.193","","0","75 09:05.937","3","0","0","0","67301","1","0","0","N","0","0","0","2","67301","0","","1.0","","1","N","N","N","0","","1","0","0","","3","","","2","1","0","0","0","0","0","2","1","1","","","","N","","","","","","","","","",""
"2021043114","2236","1","0","0","0","0","0","0","0","0","8","0","","67","5","2021","4","39.954872","-75.202435","2235","6","0","0","0","0","0","0","0","0","","0","0","0","","","1","","1","","39 57:17.539","2","0","75 12:08.766","2","0","0","0","67301","1","0","1","N","1","0","1","3","67504","0","","1.0","2359.0","1","N","N","N","0","","0","1","0","","0","Y","","2","1","0","0","0","0","0","2","0","1","","03","","N","","","","","","","","","",""
"2021071085","0407","2","0","0","0","0","0","0","0","0","2","0","","67","7","2021","2","39.967819","-75.228129","0405","6","0","0","0","0","0","1","0","0","","0","0","0","","","2","","1","","39 58:04.150","","0","75 13:41.263","3","0","0","0","67301","0","0","0","N","0","0","0","3","67301","1","","1.0","","1","N","N","N","0","","1","0","0","","2","","","2","2","3","0","0","0","0","2","0","2","","03","","N","","","","","","","","","",""
"2021077184","2006","2","0","0","0","0","0","0","0","0","2","0","","67","8","2021","5","39.947253","-75.234","2005","6","0","0","0","0","0","0","0","0","","0","0","0","","","0","N","0","","39 56:50.112","","0","75 14:02.401","0","0","0","0","67301","0","0","0","N","0","0","0","2","67301","0","","1.0","","1","N","N","N","0","","0","0","0","","0","","","2","0","1","0","0","0","0","2","0","2","","03","","N","","","","","","","","","",""
"2021072700","0710","2","0","0","0","0","0","0","0","0","4","0","","67","8","2021","1","40.015696","-75.087204","0700","6","0","0","0","0","1","0","0","0","","0","0","0","","","1","N","1","","40 00:56.505","3","0","75 05:13.934","4","0","0","0","67301","0","0","0","N","0","0","0","2","67301","1","","1.0","100.0","1","N","N","N","0","","0","0","0","","3","Y","","2","1","0","0","0","0","0","2","0","2","","","","N","","","","","","","","","",""
"2021041591","0518","2","0","0","0","0","0","0","0","0","1","0","","67","5","2021","7","40.019414","-75.116114","0512","6","0","0","0","0","0","0","0","0","","0","0","0","","","0","N","0","","40 01:09.890","","0","75 06:58.010","9","0","0","0","67301","0","0","0","N","0","0","0","1","67301","0","","6.0","","9","N","N","N","0","","0","0","1","","0","","","3","0","0","0","0","0","1","2","0","3","","03","","N","","","","","","","","","",""
"2021077765","1610","1","0","0","0","0","0","0","0","0","1","0","","67","7","2021","7","40.044261","-75.002712","1610","6","0","0","0","0","0","0","0","0","","0","0","0","","","0","N","0","","40 02:39.339","","0","75 00:09.763","0","0","0","0","67301","0","0","0","N","0","0","0","2","68K01","0","","1.0","","9","N","N","N","0","","0","0","0","","0","","","2","0","0","0","0","0","0","2","1","2","","","","N","","","","","","","","","",""
"2021041740","0100","1","0","0","0","0","0","1","0","0","5","1","","67","5","2021","1","40.087611","-75.058401","0000","6","0","0","0","0","0","0","0","0","","0","0","0","","","1","N","0","","40 05:15.399","","0","75 03:30.243","8","0","0","0","67301","0","0","0","N","0","0","0","3","67301","0","","1.0","","1","N","N","Y","0","","0","0","1","","0","","","3","1","0","0","0","1","0","2","0","3","","","","N","","","","","","","","","",""
"2021033487","0525","1","0","0","0","0","0","0","0","0","7","0","","67","4","2021","6","40.084909","-75.209306","0523","6","0","0","0","0","0","0","0","0","","0","0","0","","","1","N","0","","40 05:05.672","","0","75 12:33.503","3","0","0","0","67301","0","0","0","N","0","0","0","1","46108","0","","5.0","","1","N","N","N","0","","1","0","0","","0","","","1","1","0","0","0","0","0","2","0","1","","","","N","","","","","","","","","",""
"2021044251","1222","0","0","0","0","0","0","0","0","0","1","0","","67","5","2021","7","39.984172","-75.218172","1216","6","0","0","0","0","0","0","0","0","","0","0","0","","","2","N","0","","39 59:03.020","","0","75 13:05.420","2","0","2","1","67301","0","0","0","N","0","0","0","3","67301","0","","1.0","","1","N","N","N","0","","0","2","0","","0","","","2","2","0","0","0","0","0","2","0","2","","03","","N","","","","","","","","","",""