"CRN","ARRIVAL_TM","AUTOMOBILE_COUNT","BELTED_DEATH_COUNT","BELTED_SUSP_SERIOUS_INJ_COUNT","BICYCLE_COUNT","BICYCLE_DEATH_COUNT","BICYCLE_SUSP_SERIOUS_INJ_COUNT","BUS_COUNT","CHLDPAS_DEATH_COUNT","CHLDPAS_SUSP_SERIOUS_INJ_COUNT","COLLISION_TYPE","COMM_VEH_COUNT","CONS_ZONE_SPD_LIM","COUNTY","CRASH_MONTH","CRASH_YEAR","DAY_OF_WEEK","DEC_LATITUDE","DEC_LONGITUDE","DISPATCH_TM","DISTRICT","DRIVER_COUNT_16YR","DRIVER_COUNT_17YR","DRIVER_COUNT_18YR","DRIVER_COUNT_19YR","DRIVER_COUNT_20YR","DRIVER_COUNT_50_64YR","DRIVER_COUNT_65_74YR","DRIVER_COUNT_75PLUS","EST_HRS_CLOSED","FATAL_COUNT","HEAVY_TRUCK_COUNT","HORSE_BUGGY_COUNT","HOUR_OF_DAY","ILLUMINATION","INJURY_COUNT","INTERSECTION_RELATED","INTERSECT_TYPE","LANE_CLOSED","LATITUDE","LN_CLOSE_DIR","LOCATION_TYPE","LONGITUDE","MAX_SEVERITY_LEVEL","MCYCLE_DEATH_COUNT","MCYCLE_SUSP_SERIOUS_INJ_COUNT","MOTORCYCLE_COUNT","MUNICIPALITY","NONMOTR_COUNT","NONMOTR_DEATH_COUNT","NONMOTR_SUSP_SERIOUS_INJ_COUNT","NTFY_HIWY_MAINT","PED_COUNT","PED_DEATH_COUNT","PED_SUSP_SERIOUS_INJ_COUNT","PERSON_COUNT","POLICE_AGCY","POSSIBLE_INJ_COUNT","RDWY_SURF_TYPE_CD","RELATION_TO_ROAD","ROADWAY_CLEARED","ROAD_CONDITION","SCH_BUS_IND","SCH_ZONE_IND","SECONDARY_CRASH","SMALL_TRUCK_COUNT","SPEC_JURIS_CD","SUSP_MINOR_INJ_COUNT","SUSP_SERIOUS_INJ_COUNT","SUV_COUNT","TCD_FUNC_CD","TCD_TYPE","TFC_DETOUR_IND","TIME_OF_DAY","TOTAL_UNITS","TOT_INJ_COUNT","UNBELTED_OCC_COUNT","UNB_DEATH_COUNT","UNB_SUSP_SERIOUS_INJ_COUNT","UNK_INJ_DEG_COUNT","UNK_INJ_PER_COUNT","URBAN_RURAL","VAN_COUNT","VEHICLE_COUNT","WEATHER1","WEATHER2","WORKERS_PRES","WORK_ZONE_IND","WORK_ZONE_LOC","WORK_ZONE_TYPE","WZ_CLOSE_DETOUR","WZ_FLAGGER","WZ_LAW_OFFCR_IND","WZ_LN_CLOSURE","WZ_MOVING","WZ_OTHER","WZ_SHLDER_MDN","WZ_WORKERS_INJ_KILLED"
"2021071433","1104","1","0","0","0","0","0","0","0","0","4","0","","67","7","2021","7","40.018161","-75.072289","1053","6","0","0","0","0","0","0","0","0","","0","0","0","","","0","N","0","","40 01:05.378","","0","75 04:20.242","0","0","0","0","67301","0","0","0","N","0","0","0","1","67301","0","","5.0","","1","N","N","N","1","","0","0","0","","0","","","2","0","0","0","0","0","0","2","0","2","","03","","N","","","","","","","","","",""
"2021074121","1603","0","0","0","0","0","0","0","0","0","4","0","","67","8","2021","1","39.92133","-75.146128","1600","6","0","0","0","0","0","0","1","0","","0","0","0","","","0","","1","","39 55:16.788","4","0","75 08:46.059","0","0","0","0","67301","0","0","0","N","0","0","0","2","67301","0","","1.0","1630.0","1","N","N","N","2","","0","0","0","","3","N","","2","0","0","0","0","0","0","2","0","2","","","","N","","","","","","","","","",""
"2021042342","1645","2","0","0","0","0","0","0","0","0","4","0","","67","5","2021","1","40.017498","-75.150319","1645","6","0","0","0","0","1","0","0","0","","0","0","0","","","6","","2","","40 01:02.993","","7","75 09:01.150","3","0","0","0","67301","0","0","0","N","0","0","0","8","67301","0","","1.0","","1","N","N","N","0","","6","0","0","","0","","","2","6","0","0","0","0","0","2","0","2","","","","N","","","","","","","","","",""
"2021048655","0745","2","0","0","0","0","0","0","0","0","4","0","","67","5","2021","6","40.009587","-75.089558","0738","6","0","0","0","0","0","0","0","0","","0","0","0","","","1","","3","","40 00:34.514","","1","75 05:22.410","3","0","0","0","67301","0","0","0","N","0","0","0","2","67301","0","","1.0","","1","N","N","N","0","","1","0","0","","3","","","2","1","0","0","0","0","0","2","0","2","","03","","N","","","","","","","","","",""
"2021077062","2009","1","0","0","0","0","0","0","0","0","5","0","","67","8","2021","7","40.071164","-75.058008","2006","6","0","0","0","0","0","0","0","0","","0","0","0","","","0","N","0","","40 04:16.190","","0","75 03:28.830","0","0","0","0","67301","0","0","0","N","0","0","0","1","67301","0","","6.0","","1","N","N","N","0","","0","0","1","","0","","","2","0","1","0","0","0","0","2","0","2","","","","N","","","","","","","","","",""
"2021043333","0750","0","0","0","0","0","0","0","0","0","4","0","","67","5","2021","5","40.070874","-75.179808","0735","6","0","0","0","0","0","0","0","0","","0","0","0","","","1","","2","","40 04:15.148","","0","75 10:47.310","3","0","0","0","67301","0","0","0","N","0","0","0","2","67301","0","","1.0","","1","N","N","N","0","","1","0","2","","3","","","2","1","0","0","0","0","1","2","0","2","","03","","N","","","","","","","","","",""
"2021045292","1009","2","0","0","0","0","0","0","0","0","5","0","","67","5","2021","1","40.035934","-75.042567","1006","6","0","0","0","0","0","0","0","0","","0","0","0","","","0","N","0","","40 02:09.361","","0","75 02:33.242","9","0","0","0","67301","0","0","0","N","0","0","0","1","67301","0","","6.0","","1","N","N","Y","0","","0","0","1","","0","","","3","0","0","0","0","0","1","2","0","3","","03","","N","","","","","","","","","",""
"2021070777","1240","1","0","0","0","0","0","0","0","0","5","1","","67","7","2021","5","39.925508","-75.193828","1130","6","0","0","1","0","0","1","0","0","","0","1","0","","","2","N","0","","39 55:31.827","","0","75 11:37.782","4","0","0","0","67301","0","0","0","N","0","0","0","5","67301","1","","1.0","","1","N","N","N","0","","0","0","0","","0","","","2","2","2","0","0","1","0","2","0","2","","","","N","","","","","","","","","",""
"2021075012","1951","2","0","0","0","0","0","0","0","0","4","0","","67","8","2021","3","40.032429","-75.069899","1951","6","0","0","0","0","0","0","0","0","","0","0","0","","","1","","1","","40 01:56.744","","0","75 04:11.636","3","0","0","0","67301","0","0","0","N","0","0","0","2","67301","0","","1.0","","1","N","N","N","0","","1","0","0","","3","","","2","1","0","0","0","0","0","2","0","2","","03","","N","","","","","","","","","",""
"2021044118","0147","1","0","0","0","0","0","0","0","0","5","0","","67","5","2021","7","39.987662","-75.155843","0145","6","0","0","0","0","0","0","0","0","","0","0","0","","","2","N","0","","39 59:15.582","1","0","75 09:21.036","4","0","0","0","67301","0","0","0","N","0","0","0","3","67301","2","","1.0","237.0","1","N","N","N","0","","0","0","1","","0","N","","2","2","0","0","0","0","1","2","0","2","","03","","N","","","","","","","","","",""
"2021041851","1022","0","0","0","0","0","0","0","0","0","7","0","","67","5","2021","1","39.956822","-75.173114","1018","6","0","0","0","0","0","0","0","0","","0","0","0","","","0","N","0","","39 57:24.560","","0","75 10:23.210","0","0","0","0","67301","0","0","0","N","0","0","0","2","67301","0","","5.0","","1","N","N","N","0","","0","0","1","","0","","","1","0","1","0","0","0","0","2","0","1","","","","N","","","","","","","","","",""
"2021042483","0800","1","0","0","0","0","0","0","0","0","4","0","","67","5","2021","3","40.068835","-75.17801","0756","6","0","0","0","1","0","0","0","0","","0","0","0","","","0","","1","","40 04:07.805","","0","75 10:40.836","0","0","0","0","67301","0","0","0","N","0","0","0","2","67301","0","","1.0","","1","N","N","N","0","","0","0","1","","3","","","2","0","0","0","0","0","0","2","0","2","","03","","N","","","","","","","","","",""
"2021072128","0849","2","0","0","0","0","0","0","0","0","7","0","","67","7","2021","7","40.037228","-75.012803","0838","6","0","0","1","0","0","0","0","0","","0","0","0","","","1","N","0","","40 02:14.022","1","0","75 00:46.089","8","0","0","0","67301","0","0","0","N","0","0","0","2","68K01","0","","4.0","929.0","1","N","N","N","0","","0","0","0","","0","N","","2","1","0","0","0","1","0","2","0","2","","","","N","","","","","","","","","",""
"2021072903","1850","2","0","0","0","0","0","0","0","0","4","0","","67","8","2021","3","40.060125","-75.1418","1850","6","0","0","0","1","0","0","0","0","","0","0","0","","","1","N","0","","40 03:36.450","","0","75 08:30.480","8","0","0","0","67301","0","0","0","N","0","0","0","2","67301","0","","1.0","","1","N","N","N","0","","0","0","0","","0","","","2","1","0","0","0","1","1","2","0","2","","03","","N","","","","","","","","","",""
"2021047342","1335","1","0","0","0","0","0","0","0","0","4","0","","67","5","2021","1","39.953605","-75.165047","1329","6","0","0","0","0","0","1","0","0","","0","0","0","","","0","","2","","39 57:12.978","2","6","75 09:54.168","9","0","0","0","67301","0","0","0","N","0","0","0","5","67508","0","","1.0","9999.0","1","N","N","Y","0","","0","0","1","","2","N","","2","0","1","0","0","0","1","2","0","2","","03","","N","","","","","","","","","",""
"2021044776","1636","1","0","0","0","0","0","0","0","0","4","0","","67","5","2021","7","40.02721","-75.114661","1629","6","0","0","0","0","0","0","0","0","","0","0","0","","","0","","1","","40 01:37.955","","0","75 06:52.779","0","0","0","0","67301","0","0","0","N","0","0","0","1","67301","0","","1.0","","1","N","N","N","0","","0","0","0","","0","","","2","0","0","0","0","0","0","2","1","2","","03","","N","","","","","","","","","",""
"2021078357","0235","2","0","0","0","0","0","0","0","0","6","0","","67","8","2021","3","40.022582","-75.178159","0229","6","0","0","0","0","0","0","0","0","","0","0","0","","","2","","1","","40 01:21.296","7","3","75 10:41.374","2","0","0","0","67301","0","0","0","N","0","0","0","4","67301","0","","1.0","430.0","9","N","N","N","0","","1","1","0","","1","Y","","2","2","0","0","0","0","0","2","0","2","","","","N","","","","","","","","","",""
"2021078212","2350","1","0","0","0","0","0","0","0","0","5","0","","67","8","2021","3","39.92625","-75.181083","2350","6","0","0","0","0","0","0","0","0","","0","0","0","","","1","N","0","","39 55:34.500","2","0","75 10:51.900","3","0","0","0","67301","0","0","0","N","0","0","0","1","67301","0","","6.0","2322.0","1","N","N","N","0","","1","0","1","","0","Y","","3","1","0","0","0","0","0","2","1","3","","","","N","","","","","","","","","",""
"2021072338","1345","1","0","0","0","0","0","0","0","0","8","0","","67","6","2021","4","40.003833","-75.124153","1343","6","0","0","0","0","0","0","0","0","","1","0","0","","","0","N","2","","40 00:13.798","2","0","75 07:26.950","1","0","0","0","67301","1","1","0","N","1","1","0","2","67301","0","2","2.0","1535.0","1","N","N","N","0","0","0","0","0","","0","Y","","2","0","0","0","0","0","1","2","0","1","","03","","N","","","","","","","","","",""
"2021075585","1318","0","0","0","0","0","0","0","0","0","4","0","","67","8","2021","6","40.044528","-75.193121","1318","6","0","0","0","0","0","2","0","0","","0","0","0","","","2","","1","","40 02:40.301","","0","75 11:35.235","3","0","0","0","67301","0","0","0","N","0","0","0","2","67301","0","","1.0","","1","N","N","N","0","","2","0","2","","2","","","2","2","0","0","0","0","0","2","0","2","","03","","N","","","","","","","","","",""
"2021072479","1635","0","0","0","0","0","0","0","0","0","1","1","","67","8","2021","3","39.918225","-75.208762","1632","6","0","0","0","0","0","0","0","0","","0","1","0","","","1","","2","","39 55:05.610","","0","75 12:31.544","3","0","0","0","67301","0","0","0","N","0","0","0","2","67301","0","","1.0","","1","N","N","N","1","","1","0","0","","2","","","2","1","0","0","0","0","0","2","0","2","","03","","N","","","","","","","","","",""
"2021048755","1344","4","0","0","0","0","0","0","0","0","1","0","","67","5","2021","5","40.055227","-75.053909","1331","6","0","0","0","0","1","0","0","0","","0","0","0","","","1","N","0","","40 03:18.816","","0","75 03:14.073","3","0","0","0","67301","0","0","0","N","0","0","0","5","67301","0","","1.0","","1","N","N","Y","0","","1","0","0","","0","","","4","1","0","0","0","0","1","2","0","4","","03","","N","","","","","","","","","",""
"2021044016","1907","1","0","0","0","0","0","0","0","0","4","0","","67","5","2021","5","39.976554","-75.158256","1903","6","0","0","0","0","0","2","0","0","","0","0","0","","","3","N","0","","39 58:35.593","","7","75 09:29.721","4","0","0","1","67301","0","0","0","N","0","0","0","3","67301","1","","1.0","","1","N","N","Y","0","","0","0","1","","3","","","3","3","2","0","0","2","0","2","0","3","","03","","N","","","","","","","","","",""
"2021046900","1929","1","0","0","0","0","0","0","0","0","8","0","","67","5","2021","6","39.928263","-75.170584","1923","6","0","0","0","0","0","0","0","0","","0","0","0","","","1","","1","","39 55:41.747","","0","75 10:14.103","3","0","0","0","67301","1","0","0","N","1","0","0","2","67301","0","","1.0","","1","N","N","N","0","","1","0","0","","3","","","2","1","0","0","0","0","0","2","0","1","","","","N","","","","","","","","","",""
"2021046137","0936","0","0","0","0","0","0","0","0","0","0","0","","67","5","2021","6","40.077617","-75.042636","0935","6","0","0","0","0","0","1","0","0","","0","0","0","","","1","N","0","","40 04:39.420","2","0","75 02:33.490","3","0","0","1","67301","0","0","0","N","0","0","0","1","67301","0","","1.0","1000.0","3","N","N","N","0","","1","0","0","","0","N","","1","1","0","0","0","0","0","2","0","1","","","","N","","","","","","","","","",""
"2021071868","0735","2","0","0","0","0","0","0","0","0","5","0","","67","5","2021","6","39.905027","-75.195598","0730","6","0","0","0","0","0","1","0","0","","0","0","0","","","1","N","0","","39 54:18.098","6","3","75 11:44.153","3","0","0","0","67301","0","0","0","N","0","0","0","2","67301","0","","1.0","800.0","1","N","N","N","0","","1","0","0","","0","N","","2","1","0","0","0","0","0","2","0","2","","03","","N","","","","","","","","","",""
"2021045202","1745","1","0","0","1","0","0","0","0","0","8","0","","67","5","2021","2","39.935838","-75.161773","1735","6","0","0","0","0","0","0","0","0","","0","0","0","","","1","","1","","39 56:09.016","","0","75 09:42.382","4","0","0","0","67301","1","0","0","N","0","0","0","2","67301","1","","1.0","","1","N","N","N","0","","0","0","0","","2","","","2","1","0","0","0","0","0","2","0","1","","03","","N","","","","","","","","","",""
"2021072782","1646","2","0","0","0","0","0","0","0","0","4","0","","67","8","2021","4","40.030129","-75.035161","1640","6","0","0","0","0","0","0","0","0","","0","0","0","","","0","","1","","40 01:48.464","","0","75 02:06.579","0","0","0","0","67301","0","0","0","N","0","0","0","3","67301","0","","1.0","","1","N","N","N","0","","0","0","0","","0","","","2","0","0","0","0","0","0","2","0","2","","","","N","","","","","","","","","",""
"2021049666","2127","0","0","0","0","0","0","0","0","0","5","0","","67","5","2021","5","39.957487","-75.149978","2127","6","0","0","0","0","0","0","0","0","","0","0","0","","","0","","3","","39 57:26.952","","2","75 08:59.920","0","0","0","1","67301","0","0","0","N","0","0","0","2","67501","0","","1.0","","1","N","N","N","0","","0","0","0","","4","","","2","0","0","0","0","0","0","2","0","2","","","","N","","","","","","","","","",""
"2021042493","2136","2","0","0","0","0","0","0","0","0","1","0","","67","5","2021","2","40.015247","-75.16985","2108","6","0","0","0","0","0","1","0","0","","0","0","0","","","2","","1","","40 00:54.888","","0","75 10:11.461","3","0","0","0","67301","0","0","0","N","0","0","0","4","67301","0","","1.0","","1","N","N","N","0","","2","0","0","","2","","","2","2","0","0","0","0","1","2","0","2","","03","","N","","","","","","","","","",""
"2021079789","0755","0","0","0","0","0","0","0","0","0","0","0","","67","8","2021","3","39.928671","-75.146425","0750","6","0","0","0","0","0","0","0","0","","0","0","0","","","1","N","0","","39 55:43.217","2","0","75 08:47.130","3","0","0","0","67301","0","0","0","N","0","0","0","1","68K01","0","","1.0","830.0","1","N","N","N","0","","1","0","2","","0","N","","2","1","0","0","0","0","0","2","0","2","","","","N","","","","","","","","","",""
"2021044027","0347","1","0","0","0","0","0","0","0","0","5","0","","67","5","2021","6","39.990353","-75.139333","0323","6","0","0","0","0","0","0","0","0","","0","0","0","","","1","N","0","","39 59:25.270","","0","75 08:21.600","4","0","0","0","67301","0","0","0","N","0","0","0","2","67301","1","","6.0","","1","N","N","N","0","","0","0","3","","0","","","4","1","0","0","0","0","0","2","0","4","","03","","N","","","","","","","","","",""
"2021071026","0224","1","0","0","0","0","0","0","0","0","1","0","","67","7","2021","4","39.944662","-75.165226","0220","6","0","0","0","0","0","0","0","0","","0","0","0","","","1","","1","","39 56:40.784","4","0","75 09:54.813","3","0","0","1","67301","0","0","0","N","0","0","0","3","67301","0","","1.0","500.0","1","N","N","Y","0","","1","0","0","","2","N","","2","1","0","0","0","0","1","2","0","2","","","","N","","","","","","","","","",""
"2021073032","0223","1","0","0","0","0","0","0","0","0","7","0","","67","8","2021","6","39.894133","-75.23654","0222","6","0","0","0","0","0","0","0","0","","0","0","0","","","1","N","0","","39 53:38.878","","0","75 14:11.543","3","0","0","0","67301","0","0","0","N","0","0","0","1","67301","0","","4.0","","1","N","N","N","0","","1","0","0","","0","","","1","1","0","0","0","0","0","2","0","1","","03","","N","","","","","","","","","",""
"2021077304","0955","0","0","0","0","0","0","0","0","0","8","0","","67","8","2021","4","39.947786","-75.167944","0954","6","0","0","0","0","0","0","0","0","","0","0","0","","","1","N","0","","39 56:52.030","","0","75 10:04.600","3","0","0","0","67301","1","0","0","N","1","0","0","1","67301","0","","1.0","","1","N","N","N","0","","1","0","0","","0","","","2","1","0","0","0","0","0","2","0","1","","03","","N","","","","","","","","","",""
"2021042057","1506","5","0","0","0","0","0","0","0","0","5","0","","67","5","2021","2","39.962111","-75.188278","1502","6","0","0","0","0","0","0","0","0","","0","0","0","","","1","N","0","","39 57:43.600","","0","75 11:17.800","3","0","0","0","67301","0","0","0","N","0","0","0","1","67507","0","","6.0","","1","N","N","Y","0","","1","0","1","","0","","","6","1","0","0","0","0","0","2","0","6","","","","N","","","","","","","","","",""
"2021050837","1232","2","0","0","0","0","0","0","0","0","4","0","","67","5","2021","2","40.007717","-75.102832","1227","6","0","0","0","0","0","0","0","0","","0","0","0","","","2","","1","","40 00:27.781","","0","75 06:10.196","8","0","0","0","67301","0","0","0","N","0","0","0","4","67301","0","","1.0","","1","N","N","N","0","","0","0","0","","2","","","2","2","0","0","0","2","2","2","0","2","","03","","N","","","","","","","","","",""
"2021043175","0132","2","0","0","0","0","0","0","0","0","1","0","","67","5","2021","4","40.052115","-75.141773","0129","6","0","0","0","0","0","1","0","0","","0","0","0","","","2","","1","","40 03:07.613","1","0","75 08:30.382","3","0","0","0","67301","0","0","0","N","0","0","0","2","67301","0","","1.0","200.0","1","N","N","N","0","","2","0","1","","2","N","","3","2","0","0","0","0","0","2","0","3","","03","","N","","","","","","","","","",""
"2021071885","2058","1","0","0","0","0","0","0","0","0","7","0","","67","7","2021","6","40.012567","-75.116006","2051","6","0","0","0","0","0","1","0","0","","1","0","0","","","1","N","0","","40 00:45.240","","0","75 06:57.620","1","0","0","0","67301","0","0","0","N","0","0","0","2","67301","0","2","5.0","","9","N","N","N","0","0","0","1","0","","0","","","1","1","0","0","0","0","0","2","0","1","","07","","N","","","","","","","","","",""
"2021044013","0839","2","0","0","0","0","0","0","0","0","4","0","","67","5","2021","5","39.970146","-75.237445","0834","6","0","0","0","0","0","0","0","0","","0","0","0","","","1","","1","","39 58:12.525","","0","75 14:14.801","3","0","0","0","67301","0","0","0","N","0","0","0","3","67301","0","","1.0","","1","N","N","N","0","","1","0","0","","2","","","2","1","0","0","0","0","0","2","0","2","","03","","N","","","","","","","","","",""
"2021043117","1610","0","0","0","0","0","0","0","0","0","4","0","","67","5","2021","4","40.059458","-75.190436","1605","6","0","0","0","0","0","0","0","1","","0","0","0","","","1","N","0","","40 03:34.050","","7","75 11:25.569","3","0","0","0","67301","0","0","0","N","0","0","0","2","67301","0","","6.0","","1","N","N","N","0","","1","0","2","","0","","","2","1","0","0","0","0","0","2","0","2","","","","N","","","","","","","","","",""
"2021072148","2016","0","0","0","0","0","0","0","0","0","7","0","","67","7","2021","4","39.922314","-75.147838","2009","6","0","0","0","0","0","0","0","0","","0","0","0","","","1","N","0","","39 55:20.331","1","0","75 08:52.218","8","0","0","0","67301","0","0","0","N","0","0","0","1","68K01","0","","3.0","2100.0","1","N","N","N","0","","0","0","1","","0","N","","1","1","0","0","0","1","0","2","0","1","","","","N","","","","","","","","","",""
"2021046286","1047","2","0","0","0","0","0","0","0","0","4","0","","67","5","2021","7","40.017346","-75.116248","1045","6","0","0","0","0","0","0","0","0","","0","0","0","","","0","","1","","40 01:02.444","","0","75 06:58.492","0","0","0","0","67301","0","0","0","N","0","0","0","2","67301","0","","1.0","","1","N","N","N","0","","0","0","0","","2","","","2","0","0","0","0","0","0","2","0","2","","03","","N","","","","","","","","","",""
"2021044250","0830","2","0","0","0","0","0","0","0","0","1","0","","67","5","2021","6","40.001084","-75.215384","0830","6","0","0","0","0","0","1","0","0","","0","0","0","","","0","","5","","40 00:03.902","","0","75 12:55.382","9","0","0","0","67301","0","0","0","N","0","0","0","4","67301","0","","1.0","","1","N","N","N","0","","0","0","1","","2","","","4","0","0","0","0","0","3","2","0","4","","03","","N","","","","","","","","","",""
"2021120435","0823","1","0","0","0","0","0","0","0","0","5","0","","67","10","2021","4","40.002536","-75.195014","0818","6","0","0","0","0","0","0","2","0","","0","0","0","","","0","N","0","","40 00:09.129","","0","75 11:42.051","0","0","0","0","67301","0","0","0","N","0","0","0","2","68K01","0","","1.0","","1","N","N","N","0","","0","0","0","","0","","","2","0","0","0","0","0","0","2","1","2","","03","","N","","","","","","","","","",""
"2021043158","0050","1","0","0","0","0","0","0","0","0","7","0","","67","5","2021","1","40.016739","-75.149503","0046","6","0","0","0","0","0","0","0","0","","0","0","0","","","0","N","0","","40 01:00.259","1","0","75 08:58.211","0","0","0","0","67301","0","0","0","N","0","0","0","1","67301","0","","3.0","150.0","1","N","N","N","0","","0","0","0","","0","N","","1","0","0","0","0","0","0","2","0","1","","03","","N","","","","","","","","","",""
"2021047280","0156","1","0","0","0","0","0","0","0","0","5","0","","67","5","2021","7","39.920613","-75.197288","0150","6","0","0","0","0","0","0","0","0","","0","0","0","","","0","N","0","","39 55:14.208","","0","75 11:50.237","9","0","0","1","67301","0","0","0","N","0","0","0","2","67301","0","","1.0","","1","N","N","N","0","","0","0","0","","0","","","2","0","0","0","0","0","1","2","0","2","","03","","N","","","","","","","","","",""
"2021046902","2115","0","0","0","0","0","0","0","0","0","4","0","","67","5","2021","1","40.030709","-75.093211","2106","6","0","0","0","0","0","0","0","0","","0","0","0","","","1","","1","","40 01:50.552","","0","75 05:35.559","3","0","0","1","67301","0","0","0","N","0","0","0","2","67301","0","","1.0","","1","N","N","N","1","","1","0","0","","3","","","2","1","0","0","0","0","0","2","0","2","","","","N","","","","","","","","","",""
"2021044880","0645","1","0","0","0","0","0","0","0","0","4","0","","67","5","2021","2","40.029253","-75.089966","0642","6","0","0","0","0","0","1","0","0","","0","0","0","","","2","","1","","40 01:45.310","2","0","75 05:23.878","3","0","0","0","67301","0","0","0","N","0","0","0","6","67301","1","","1.0","745.0","1","N","N","N","0","","1","0","0","","2","N","","2","2","0","0","0","0","0","2","1","2","","","","N","","","","","","","","","",""
"2021052979","0938","2","0","0","0","0","0","0","0","0","1","1","","67","5","2021","3","40.00355","-75.077371","0917","6","0","0","0","0","0","1","0","0","","0","1","0","","","0","N","0","","40 00:12.779","2","3","75 04:38.536","9","0","0","0","67301","0","0","0","N","0","0","0","4","68K01","0","","1.0","1033.0","1","N","N","N","0","","0","0","1","","0","N","","4","0","0","0","0","0","1","2","0","4","","","","N","","","","","","","","","",""
"2021055974","2121","0","0","0","0","0","0","0","0","0","8","0","","67","6","2021","7","40.069509","-75.059712","2019","6","0","0","0","0","0","0","0","0","","0","0","0","","","1","","2","","40 04:10.232","","0","75 03:34.963","4","0","0","0","67301","1","0","0","N","1","0","0","2","67301","1","","1.0","","1","N","N","N","0","","0","0","0","","3","","","2","1","1","0","0","0","0","2","1","1","","","","N","","","","","","","","","",""
"2021044882","0735","2","0","2","0","0","0","0","0","0","4","0","","67","5","2021","3","40.067836","-75.029121","0727","6","0","0","0","0","0","0","0","0","","0","0","0","","","2","N","0","","40 04:04.210","","7","75 01:44.837","2","0","0","0","67301","0","0","0","N","0","0","0","2","67301","0","","1.0","","1","N","N","N","0","","0","2","0","","0","","","2","2","0","0","0","0","0","2","0","2","","","","N","","","","","","","","","",""
"2021044327","2133","1","0","0","0","0","0","0","0","0","5","0","","67","5","2021","6","40.018274","-75.211313","2120","6","0","0","0","0","0","0","0","0","","0","0","0","","","0","N","0","","40 01:05.786","","0","75 12:40.728","9","0","0","0","67301","0","0","0","N","0","0","0","1","67301","0","","6.0","","1","N","N","N","2","","0","0","0","","0","","","3","0","0","0","0","0","1","2","0","3","","03","","N","","","","","","","","","",""
"2021078407","1957","2","0","0","0","0","0","0","0","0","1","0","","67","8","2021","4","40.037892","-75.139495","1955","6","0","0","0","0","0","1","0","0","","0","0","0","","","0","","1","","40 02:16.411","","0","75 08:22.183","0","0","0","0","67301","0","0","0","N","0","0","0","7","67301","0","","1.0","","1","N","N","N","1","","0","0","1","","2","","","5","0","0","0","0","0","0","2","1","5","","","","N","","","","","","","","","",""
"2021071671","0239","1","0","0","0","0","0","0","0","0","1","0","","67","7","2021","7","39.979088","-75.109316","0230","6","0","0","0","0","0","1","0","0","","0","0","0","","","0","N","0","","39 58:44.717","","0","75 06:33.538","0","0","0","0","67301","0","0","0","N","0","0","0","2","68K01","0","","1.0","","1","N","N","N","0","","0","0","1","","0","","","2","0","0","0","0","0","0","2","0","2","","03","","N","","","","","","","","","",""
"2021051165","1730","1","0","0","0","0","0","0","0","0","4","0","","67","5","2021","6","40.045064","-75.102817","1724","6","0","0","0","0","0","1","0","0","","0","0","0","","","0","","2","","40 02:42.230","","0","75 06:10.140","9","0","0","0","67301","0","0","0","N","0","0","0","2","67301","0","","1.0","","9","N","N","N","1","","0","0","0","","0","","","3","0","0","0","0","0","2","2","1","3","","04","","N","","","","","","","","","",""
"2021043338","0952","2","0","0","0","0","0","0","0","0","1","0","","67","5","2021","5","39.982618","-75.188382","0951","6","0","0","0","0","0","1","0","0","","0","0","0","","","0","","2","","39 58:57.424","","0","75 11:18.175","0","0","0","0","67301","0","0","0","N","0","0","0","4","67301","0","","1.0","","1","N","N","N","1","","0","0","0","","2","","","4","0","3","0","0","0","0","2","1","4","","04","","N","","","","","","","","","",""
"2021042481","1125","1","0","0","1","0","0","0","0","0","8","0","","67","5","2021","2","40.07225","-75.199242","1112","6","0","0","0","0","0","0","0","0","","0","0","0","","","1","","1","","40 04:20.100","","0","75 11:57.271","8","0","0","0","67301","1","0","0","N","0","0","0","2","67301","0","","1.0","","1","N","N","N","0","","0","0","0","","3","","","2","1","0","0","0","1","0","2","0","1","","03","","N","","","","","","","","","",""
"2021044052","2348","1","0","0","0","0","0","0","0","0","4","0","","67","5","2021","7","40.042153","-75.039168","2343","6","0","0","0","1","0","0","0","0","","0","0","0","","","0","","2","","40 02:31.750","1","0","75 02:21.004","0","0","0","0","67301","0","0","0","N","0","0","0","3","67301","0","","1.0","12.0","1","N","N","N","1","","0","0","0","","3","N","","2","0","0","0","0","0","0","2","0","2","","","","N","","","","","","","","","",""
"2021046953","0047","1","0","0","0","0","0","0","0","0","7","0","","67","5","2021","4","39.969783","-75.131835","0046","6","0","0","0","0","0","0","0","0","","0","0","0","","","0","","1","","39 58:11.220","","0","75 07:54.607","0","0","0","0","67301","0","0","0","N","0","0","0","1","67301","0","","4.0","","1","N","N","N","0","","0","0","0","","2","","","1","0","0","0","0","0","0","2","0","1","","03","","N","","","","","","","","","",""
"2021042744","1255","2","0","0","0","0","0","0","0","0","4","0","","67","5","2021","4","39.984437","-75.156547","0045","6","0","0","0","0","0","0","0","0","","0","0","0","","","0","N","0","","39 59:03.973","2","7","75 09:23.568","0","0","0","0","67301","0","0","0","N","0","0","0","2","67505","0","","1.0","110.0","1","","","N","0","","0","0","0","","0","N","","2","0","0","0","0","0","0","2","0","2","","98","","N","","","","","","","","","",""
"2021048995","1539","0","0","0","0","0","0","0","0","0","8","0","","67","5","2021","6","39.996967","-75.117401","1534","6","0","0","0","0","0","0","0","0","","0","0","0","","","1","","1","","39 59:49.080","","0","75 07:02.645","3","0","0","0","67301","1","0","0","N","1","0","0","2","67301","0","","1.0","","1","N","N","N","0","","1","0","0","","2","","","2","1","1","0","0","0","0","2","1","1","","","","N","","","","","","","","","",""