"CRN","ARRIVAL_TM","AUTOMOBILE_COUNT","BELTED_DEATH_COUNT","BELTED_SUSP_SERIOUS_INJ_COUNT","BICYCLE_COUNT","BICYCLE_DEATH_COUNT","BICYCLE_SUSP_SERIOUS_INJ_COUNT","BUS_COUNT","CHLDPAS_DEATH_COUNT","CHLDPAS_SUSP_SERIOUS_INJ_COUNT","COLLISION_TYPE","COMM_VEH_COUNT","CONS_ZONE_SPD_LIM","COUNTY","CRASH_MONTH","CRASH_YEAR","DAY_OF_WEEK","DEC_LATITUDE","DEC_LONGITUDE","DISPATCH_TM","DISTRICT","DRIVER_COUNT_16YR","DRIVER_COUNT_17YR","DRIVER_COUNT_18YR","DRIVER_COUNT_19YR","DRIVER_COUNT_20YR","DRIVER_COUNT_50_64YR","DRIVER_COUNT_65_74YR","DRIVER_COUNT_75PLUS","EST_HRS_CLOSED","FATAL_COUNT","HEAVY_TRUCK_COUNT","HORSE_BUGGY_COUNT","HOUR_OF_DAY","ILLUMINATION","INJURY_COUNT","INTERSECTION_RELATED","INTERSECT_TYPE","LANE_CLOSED","LATITUDE","LN_CLOSE_DIR","LOCATION_TYPE","LONGITUDE","MAX_SEVERITY_LEVEL","MCYCLE_DEATH_COUNT","MCYCLE_SUSP_SERIOUS_INJ_COUNT","MOTORCYCLE_COUNT","MUNICIPALITY","NONMOTR_COUNT","NONMOTR_DEATH_COUNT","NONMOTR_SUSP_SERIOUS_INJ_COUNT","NTFY_HIWY_MAINT","PED_COUNT","PED_DEATH_COUNT","PED_SUSP_SERIOUS_INJ_COUNT","PERSON_COUNT","POLICE_AGCY","POSSIBLE_INJ_COUNT","RDWY_SURF_TYPE_CD","RELATION_TO_ROAD","ROADWAY_CLEARED","ROAD_CONDITION","SCH_BUS_IND","SCH_ZONE_IND","SECONDARY_CRASH","SMALL_TRUCK_COUNT","SPEC_JURIS_CD","SUSP_MINOR_INJ_COUNT","SUSP_SERIOUS_INJ_COUNT","SUV_COUNT","TCD_FUNC_CD","TCD_TYPE","TFC_DETOUR_IND","TIME_OF_DAY","TOTAL_UNITS","TOT_INJ_COUNT","UNBELTED_OCC_COUNT","UNB_DEATH_COUNT","UNB_SUSP_SERIOUS_INJ_COUNT","UNK_INJ_DEG_COUNT","UNK_INJ_PER_COUNT","URBAN_RURAL","VAN_COUNT","VEHICLE_COUNT","WEATHER1","WEATHER2","WORKERS_PRES","WORK_ZONE_IND","WORK_ZONE_LOC","WORK_ZONE_TYPE","WZ_CLOSE_DETOUR","WZ_FLAGGER","WZ_LAW_OFFCR_IND","WZ_LN_CLOSURE","WZ_MOVING","WZ_OTHER","WZ_SHLDER_MDN","WZ_WORKERS_INJ_KILLED"
"2021052649","2338","1","0","0","0","0","0","0","0","0","7","0","","67","5","2021","1","39.955489","-75.148111","2337","6","0","0","0","0","0","0","0","0","","0","0","0","","","0","N","0","","39 57:19.762","4","2","75 08:53.200","0","0","0","0","67301","0","0","0","N","0","0","0","5","67501","0","","4.0","19.0","1","N","N","N","0","","0","0","1","","0","N","","2","0","0","0","0","0","0","2","0","2","","","","N","","","","","","","","","",""
"2021041850","1503","1","0","0","0","0","0","0","0","0","5","0","","67","5","2021","1","39.957799","-75.147108","1503","6","0","0","0","0","0","0","1","0","","0","0","0","","","1","","2","","39 57:28.076","","0","75 08:49.588","3","0","0","0","67301","0","0","0","N","0","0","0","2","67301","0","","1.0","","1","N","N","N","0","","1","0","1","","2","","","2","1","0","0","0","0","0","2","0","2","","","","N","","","","","","","","","",""
"2021071058","1100","1","0","0","0","0","0","0","0","0","4","1","","67","6","2021","4","39.965831","-75.233904","1057","6","0","0","1","0","0","0","1","0","","0","1","0","","","2","","1","","39 57:56.991","2","0","75 14:02.054","3","0","0","0","67301","0","0","0","N","0","0","0","4","67301","0","","1.0","1145.0","1","N","N","N","0","","2","0","2","","2","N","","5","2","0","0","0","0","0","2","1","5","","","","N","","","","","","","","","",""
"2021043317","1534","2","0","0","0","0","0","0","0","0","4","0","","67","5","2021","5","39.984086","-75.160053","1533","6","0","0","0","1","0","0","0","0","","0","0","0","","","1","","1","","39 59:02.710","1","0","75 09:36.190","8","0","0","0","67301","0","0","0","N","0","0","0","2","67505","0","","1.0","1600.0","1","N","N","N","0","","0","0","1","","3","Y","","3","1","0","0","0","1","0","2","0","3","","03","","N","","","","","","","","","",""
"2021072970","2215","0","0","0","0","0","0","0","0","0","0","0","","67","8","2021","4","39.973317","-75.119098","2214","6","0","0","0","0","0","0","0","0","","0","0","0","","","1","N","0","","39 58:23.941","","0","75 07:08.753","3","0","0","1","67301","0","0","0","N","0","0","0","1","67301","0","","1.0","","1","N","N","N","0","","1","0","0","","0","","","1","1","0","0","0","0","0","2","0","1","","","","N","","","","","","","","","",""
"2021033101","1322","0","0","0","0","0","0","0","0","0","7","0","","67","4","2021","2","39.981508","-75.266159","1320","6","0","0","0","0","0","0","0","0","","0","0","0","","","1","N","0","","39 58:53.428","2","0","75 15:58.171","8","0","0","0","67301","0","0","0","Y","0","0","0","1","46104","0","","5.0","30.0","1","N","N","N","0","","0","0","1","","0","N","","1","1","0","0","0","1","0","2","0","1","","","","N","","","","","","","","","",""
"2021045290","1237","2","0","0","0","0","0","0","0","0","4","0","","67","5","2021","5","40.032609","-75.05489","1235","6","0","0","0","0","0","0","0","0","","0","0","0","","","1","","1","","40 01:57.392","3","0","75 03:17.603","4","0","0","0","67301","0","0","0","N","0","0","0","2","67301","1","","1.0","1300.0","1","N","N","N","0","","0","0","1","","3","N","","3","1","1","0","0","0","0","2","0","3","","03","","N","","","","","","","","","",""
"2021071372","0224","2","0","0","0","0","0","0","0","0","2","0","","67","8","2021","1","39.927164","-75.226433","0220","6","0","0","0","0","0","0","0","0","","0","0","0","","","0","N","0","","39 55:37.790","","0","75 13:35.160","0","0","0","0","67301","0","0","0","N","0","0","0","1","67301","0","","1.0","","1","N","N","N","0","","0","0","0","","2","","","2","0","0","0","0","0","0","2","0","2","","03","","N","","","","","","","","","",""
"2021045756","1547","1","0","0","0","0","0","0","0","0","1","0","25","67","5","2021","2","39.992111","-75.077444","1547","6","0","0","0","0","0","0","1","0","","0","0","0","","","1","","7","","39 59:31.600","","8","75 04:38.800","3","0","0","0","67301","0","0","0","N","0","0","0","6","67501","0","","7.0","","1","N","N","N","0","","1","0","0","","0","","","2","1","0","0","0","0","0","2","1","2","","03","N","Y","3","1","Y","","N","","","","","N"
"2021044541","1835","1","0","0","0","0","0","0","0","0","4","0","","67","5","2021","1","40.029454","-75.08698","1831","6","0","0","0","0","0","0","0","0","","0","0","0","","","1","","1","","40 01:46.034","","0","75 05:13.128","8","0","0","1","67301","0","0","0","N","0","0","0","3","67301","0","","1.0","","1","N","N","N","1","","0","0","0","","2","","","3","1","0","0","0","1","1","2","0","3","","","","N","","","","","","","","","",""
"2021044367","0011","2","0","0","0","0","0","0","0","0","5","0","","67","5","2021","1","40.038697","-75.038678","0010","6","0","0","0","0","0","0","0","0","","0","0","0","","","0","N","0","","40 02:19.310","4","0","75 02:19.240","0","0","0","0","67301","0","0","0","N","0","0","0","2","67301","0","","6.0","130.0","1","N","N","N","0","","0","0","0","","0","N","","3","0","0","0","0","0","0","2","1","3","","","","N","","","","","","","","","",""
"2021042076","1559","0","0","0","0","0","0","0","0","0","8","0","","67","5","2021","1","40.028756","-75.037794","1558","6","0","0","0","0","0","0","0","0","","0","0","0","","","1","","1","","40 01:43.522","","0","75 02:16.058","3","0","0","0","67301","1","0","0","N","1","0","0","2","67301","0","","1.0","","9","N","N","N","0","","1","0","0","","0","","","2","1","0","0","0","0","0","2","1","1","","07","","N","","","","","","","","","",""
"2021044688","0701","2","0","0","0","0","0","0","0","0","7","0","","67","5","2021","4","39.969946","-75.125451","0649","6","0","0","0","0","0","1","0","0","","0","0","0","","","2","","7","","39 58:11.804","1","2","75 07:31.625","8","0","0","0","67301","0","0","0","N","0","0","0","3","68K01","0","","7.0","750.0","1","N","N","N","1","","0","0","0","","0","N","","3","2","0","0","0","2","0","2","0","3","","","","N","","","","","","","","","",""
"2021045255","0430","1","0","0","0","0","0","0","0","0","7","0","","67","5","2021","2","40.032857","-75.15764","0426","6","0","0","0","0","0","0","0","0","","0","0","0","","","1","","2","","40 01:58.285","","0","75 09:27.503","4","0","0","0","67301","0","0","0","N","0","0","0","1","67301","1","","4.0","","1","N","N","N","0","","0","0","0","","3","","","1","1","0","0","0","0","0","2","0","1","","03","","N","","","","","","","","","",""
"2021046134","1522","1","0","0","0","0","0","0","0","0","4","0","","67","5","2021","2","40.030593","-75.206962","1520","6","0","0","0","0","0","0","0","0","","0","0","0","","","3","","1","","40 01:50.134","","0","75 12:25.063","3","0","0","1","67301","0","0","0","N","0","0","0","4","67301","0","","1.0","","1","N","N","N","0","","1","0","0","","0","","","2","3","1","0","0","2","1","2","0","2","","03","","N","","","","","","","","","",""
"2021057143","1740","1","0","0","0","0","0","0","0","0","8","0","","67","6","2021","5","39.974305","-75.158761","1732","6","0","0","0","0","0","1","0","0","","0","0","0","","","1","N","0","","39 58:27.499","","0","75 09:31.539","8","0","0","0","67301","1","0","0","N","1","0","0","2","67301","0","","1.0","","1","N","N","N","0","","0","0","0","","0","","","2","1","0","0","0","1","0","2","0","1","","","","N","","","","","","","","","",""
"2021044386","0405","1","0","0","0","0","0","0","0","0","5","0","","67","5","2021","1","40.028547","-75.134267","0403","6","0","0","0","0","0","0","0","0","","0","0","0","","","0","N","0","","40 01:42.770","","0","75 08:03.360","0","0","0","0","67301","0","0","0","N","0","0","0","1","67301","0","","6.0","","1","N","N","N","0","","0","0","1","","0","","","3","0","0","0","0","0","0","2","1","3","","03","","N","","","","","","","","","",""
"2021041849","0458","0","0","0","0","0","0","0","0","0","5","0","","67","5","2021","1","40.043775","-75.059347","0448","6","0","0","0","0","0","0","0","0","","0","0","0","","","0","N","0","","40 02:37.590","","0","75 03:33.650","9","0","0","0","67301","0","0","0","N","0","0","0","1","67301","0","","6.0","","1","N","N","N","1","","0","0","1","","0","","","2","0","0","0","0","0","1","2","0","2","","03","","N","","","","","","","","","",""
"2021044220","1702","2","0","0","0","0","0","0","0","0","1","0","","67","5","2021","4","40.012687","-75.072617","1654","6","0","0","0","0","0","0","0","0","","0","0","0","","","1","","1","","40 00:45.674","","0","75 04:21.422","3","0","0","1","67301","0","0","0","N","0","0","0","3","67301","0","","1.0","","1","N","N","N","0","","1","0","0","","0","","","3","1","0","0","0","0","0","2","0","3","","03","","N","","","","","","","","","",""
"2021044021","1840","2","0","0","0","0","0","0","0","0","7","0","","67","5","2021","4","39.997583","-75.136361","1830","6","0","0","0","0","0","1","0","0","","0","0","0","","","0","N","0","","39 59:51.300","","0","75 08:10.900","9","0","0","0","67301","0","0","0","N","0","0","0","2","67301","0","","5.0","","1","N","N","N","0","","0","0","0","","0","","","2","0","0","0","0","0","2","2","0","2","","03","","N","","","","","","","","","",""
"2021072770","0836","2","0","0","0","0","0","1","0","0","5","1","","67","8","2021","1","39.949233","-75.163367","0836","6","0","0","0","0","1","1","0","0","","0","0","0","","","1","N","0","","39 56:57.239","","0","75 09:48.120","4","0","0","0","67301","0","0","0","N","0","0","0","3","67301","1","","1.0","","1","N","N","N","0","","0","0","0","","0","","","3","1","0","0","0","0","0","2","0","3","","","","N","","","","","","","","","",""
"2021072502","1324","1","0","0","0","0","0","0","0","0","1","0","","67","7","2021","6","39.976914","-75.198485","1324","6","0","0","0","0","0","2","0","0","","0","0","0","","","0","N","0","","39 58:36.892","4","0","75 11:54.547","0","0","0","0","67301","0","0","0","N","0","0","0","4","68K01","0","","1.0","10.0","1","N","N","N","0","","0","0","2","","0","N","","3","0","0","0","0","0","0","2","0","3","","","","N","","","","","","","","","",""
"2021055796","0550","0","0","0","0","0","0","0","0","0","4","0","","67","6","2021","1","40.025787","-75.132824","0526","6","0","0","0","0","0","0","0","0","","0","0","0","","","1","","1","","40 01:32.833","","0","75 07:58.166","8","0","0","0","67301","0","0","0","N","0","0","0","2","67301","0","","1.0","","1","N","N","N","0","","0","0","1","","2","","","2","1","0","0","0","1","0","2","0","2","","03","","N","","","","","","","","","",""
"2021044891","2340","1","0","0","0","0","0","0","0","0","7","0","","67","5","2021","2","39.929053","-75.220583","2340","6","0","0","0","0","0","0","0","0","","0","0","0","","","0","","1","","39 55:44.592","","0","75 13:14.099","0","0","0","0","67301","0","0","0","N","0","0","0","1","67301","0","","4.0","","1","N","N","N","0","","0","0","0","","2","","","1","0","0","0","0","0","0","2","0","1","","03","","N","","","","","","","","","",""
"2021046940","1618","1","0","0","0","0","0","0","0","0","4","0","","67","5","2021","6","39.951943","-75.2388","1618","6","0","0","0","0","0","1","0","0","","0","0","0","","","0","","1","","39 57:06.994","3","0","75 14:19.679","0","0","0","0","67301","0","0","0","N","0","0","0","2","67301","0","","1.0","1644.0","1","N","N","N","1","","0","0","0","","2","N","","2","0","0","0","0","0","0","2","0","2","","03","","N","","","","","","","","","",""
"2021045008","1601","1","0","0","0","0","0","0","0","0","4","0","","67","5","2021","1","40.006004","-75.091851","1553","6","0","0","0","0","1","0","0","0","","0","0","0","","","1","","5","","40 00:21.613","","0","75 05:30.664","3","0","0","0","67301","0","0","0","N","0","0","0","3","67301","0","","1.0","","1","N","N","N","0","","1","0","1","","2","","","2","1","0","0","0","0","0","2","0","2","","03","","N","","","","","","","","","",""
"2021042932","1318","2","0","0","0","0","0","0","0","0","4","0","","67","5","2021","2","39.979608","-75.165032","1315","6","0","0","0","0","0","0","0","0","","0","0","0","","","2","","1","","39 58:46.587","","0","75 09:54.116","3","0","0","0","67301","0","0","0","N","0","0","0","4","67301","0","","1.0","","1","N","N","N","0","","2","0","0","","3","","","2","2","0","0","0","0","0","2","0","2","","03","","N","","","","","","","","","",""
"2021041959","1945","0","0","0","0","0","0","0","0","0","4","0","","67","5","2021","1","39.988983","-75.173014","1934","6","0","0","0","0","0","0","0","0","","0","0","0","","","0","N","0","","39 59:20.340","","0","75 10:22.850","0","0","0","0","67301","0","0","0","N","0","0","0","1","67301","0","","4.0","","9","N","N","N","0","","0","0","2","","0","","","3","0","0","0","0","0","0","2","1","3","","07","","N","","","","","","","","","",""
"2021044003","1716","2","0","0","0","0","0","0","0","0","4","0","","67","5","2021","6","40.059716","-75.19066","1713","6","0","0","0","0","0","0","0","0","","0","0","0","","","0","N","0","","40 03:34.977","","7","75 11:26.375","0","0","0","0","67301","0","0","0","N","0","0","0","1","67301","0","","1.0","","1","N","N","N","0","","0","0","0","","0","","","2","0","0","0","0","0","0","2","0","2","","03","","N","","","","","","","","","",""
"2021073172","1915","1","0","0","0","0","0","0","0","0","4","0","","67","8","2021","3","40.058159","-75.130777","1909","6","0","0","0","0","0","0","0","0","","0","0","0","","","0","N","0","","40 03:29.374","","0","75 07:50.797","9","0","0","0","67301","0","0","0","N","0","0","0","2","67301","0","","1.0","","1","N","N","N","0","","0","0","0","","0","","","2","0","1","0","0","0","1","2","0","2","","","","N","","","","","","","","","",""
"2021045582","1220","1","0","0","0","0","0","0","0","0","8","0","","67","5","2021","2","40.074184","-75.203439","1213","6","0","0","0","0","0","0","0","0","","0","0","0","","","1","","1","","40 04:27.062","","0","75 12:12.380","3","0","0","0","67301","1","0","0","N","1","0","0","2","67301","0","","1.0","","1","N","N","N","0","","1","0","0","","2","","","2","1","0","0","0","0","0","2","0","1","","98","","N","","","","","","","","","",""
"2021046138","0920","1","0","0","0","0","0","0","0","0","1","0","","67","5","2021","4","39.947783","-75.23113","0916","6","0","0","0","0","0","0","0","0","","0","0","0","","","2","N","0","","39 56:52.017","","0","75 13:52.069","3","0","0","0","67301","0","0","0","N","0","0","0","4","67301","1","","1.0","","1","N","N","N","0","","1","0","0","","0","","","2","2","0","0","0","0","0","2","1","2","","03","","N","","","","","","","","","",""
"2021072780","1539","1","0","0","0","0","0","0","0","0","8","0","","67","8","2021","4","40.018122","-75.057308","1535","6","0","0","0","0","0","0","0","0","","0","0","0","","","1","N","0","","40 01:05.240","3","0","75 03:26.310","4","0","0","0","67301","1","0","0","N","1","0","0","1","67301","1","","1.0","1603.0","1","Y","N","N","0","","0","0","0","","0","N","","2","1","0","0","0","0","0","2","0","1","","","","N","","","","","","","","","",""
"2021043096","1725","3","0","0","0","0","0","0","0","0","1","0","","67","5","2021","4","39.986528","-75.170556","1720","6","0","0","0","0","0","0","0","0","","0","0","0","","","1","N","0","","39 59:11.500","","0","75 10:14.000","3","0","0","0","67301","0","0","0","N","0","0","0","2","67509","0","","1.0","","1","N","N","Y","0","","1","0","1","","0","","","5","1","0","0","0","0","0","2","0","5","","03","","N","","","","","","","","","",""
"2021041847","0436","0","0","0","0","0","0","0","0","0","7","0","","67","5","2021","1","40.033408","-75.09061","0427","6","0","0","0","0","0","0","0","0","","0","0","0","","","0","","1","","40 02:00.267","","0","75 05:26.196","9","0","0","0","67301","0","0","0","N","0","0","0","1","67301","0","","5.0","","1","N","N","N","0","","0","0","1","","2","","","1","0","0","0","0","0","1","2","0","1","","","","N","","","","","","","","","",""
"2021071925","0951","3","0","0","0","0","0","0","0","0","5","0","","67","7","2021","7","39.966456","-75.145917","0947","6","0","0","0","0","0","0","0","0","","0","0","0","","","0","N","0","","39 57:59.240","","0","75 08:45.300","9","0","0","0","67301","0","0","0","N","0","0","0","1","67301","0","","1.0","","1","N","N","N","0","","0","0","0","","0","","","3","0","0","0","0","0","1","2","0","3","","03","","N","","","","","","","","","",""
"2021045287","0054","1","0","0","0","0","0","0","0","0","4","0","","67","5","2021","2","40.044077","-75.1605","0049","6","0","0","0","0","0","0","0","0","","0","0","0","","","0","","2","","40 02:38.677","","0","75 09:37.800","9","0","0","0","67301","0","0","0","N","0","0","0","1","67301","0","","1.0","","1","N","N","N","0","","0","0","3","","3","","","4","0","0","0","0","0","1","2","0","4","","","","N","","","","","","","","","",""
"2021042610","1120","1","0","0","0","0","0","0","0","0","4","0","","67","5","2021","2","40.088993","-74.996422","1115","6","0","0","0","0","0","1","0","0","","0","0","0","","","2","","2","","40 05:20.374","1","0","74 59:47.119","3","0","0","0","67301","0","0","0","N","0","0","0","4","67301","0","","1.0","1240.0","1","N","N","N","0","","2","0","1","","3","N","","2","2","0","0","0","0","0","2","0","2","","","","N","","","","","","","","","",""
"2021063873","2107","1","0","0","0","0","0","0","0","0","7","0","","67","7","2021","7","39.952393","-75.188619","1935","6","0","0","0","0","0","0","0","0","","0","0","0","","","1","N","0","","39 57:08.614","4","0","75 11:19.028","3","0","0","0","67301","0","0","0","N","0","0","0","1","67504","0","","5.0","2107.0","1","N","N","N","0","","1","0","0","","0","N","","1","1","1","0","0","0","0","2","0","1","","03","","N","","","","","","","","","",""
"2021042488","1930","0","0","0","0","0","0","0","0","0","7","0","","67","5","2021","2","39.972075","-75.153867","1924","6","0","0","0","0","0","1","0","0","","0","0","0","","","1","N","0","","39 58:19.470","","0","75 09:13.920","8","0","0","0","67301","0","0","0","N","0","0","0","1","67301","0","","4.0","","1","N","N","N","1","","0","0","0","","0","","","1","1","0","0","0","1","0","2","0","1","","03","","N","","","","","","","","","",""
"2021072032","2049","1","0","0","0","0","0","0","0","0","4","0","","67","8","2021","2","40.025704","-75.087181","2044","6","0","0","0","0","0","0","0","0","","0","0","0","","","1","","1","","40 01:32.534","","0","75 05:13.851","3","0","0","0","67301","0","0","0","N","0","0","0","2","67301","0","","1.0","","1","N","N","N","0","","1","0","0","","3","","","2","1","0","0","0","0","0","2","0","2","","03","","N","","","","","","","","","",""
"2021070820","2040","1","0","0","0","0","0","0","0","0","7","0","","67","7","2021","4","40.01195","-75.111128","2037","6","0","0","0","0","0","0","0","0","","1","0","0","","","1","N","0","","40 00:43.020","6","0","75 06:40.060","1","0","0","0","67301","0","0","0","N","0","0","0","2","67301","0","2","4.0","300.0","9","N","Y","N","0","0","0","1","0","","0","Y","","1","1","1","1","0","0","0","2","0","1","","04","","N","","","","","","","","","",""
"2021043323","0945","0","0","0","0","0","0","0","0","0","8","0","","67","5","2021","5","39.953557","-75.173193","0936","6","0","0","0","0","0","1","0","0","","0","0","0","","","1","","1","","39 57:12.805","","0","75 10:23.496","3","0","0","0","67301","1","0","0","N","1","0","0","2","67301","0","","1.0","","1","N","N","N","0","","1","0","1","","2","","","2","1","0","0","0","0","0","2","0","1","","03","","N","","","","","","","","","",""
"2021045229","0216","1","0","0","0","0","0","0","0","0","8","0","","67","5","2021","2","39.961767","-75.156121","0214","6","0","0","0","0","0","0","0","0","","0","0","0","","","1","","1","","39 57:42.361","6","0","75 09:22.036","8","0","0","0","67301","1","0","0","N","1","0","0","2","67301","0","","1.0","220.0","1","N","N","N","0","","0","0","0","","2","Y","","2","1","0","0","0","1","0","2","0","1","","03","","N","","","","","","","","","",""
"2021072195","2350","1","0","1","0","0","0","0","0","0","1","0","","67","7","2021","7","39.947094","-75.142005","2346","6","0","0","0","0","0","0","0","0","","0","0","0","","","1","N","0","","39 56:49.540","","0","75 08:31.218","2","0","0","0","67301","0","0","0","N","0","0","0","3","68K01","0","","1.0","","9","N","N","N","0","","0","1","0","","0","","","2","1","0","0","0","0","1","2","0","2","","07","","N","","","","","","","","","",""
"2021048566","0255","2","0","0","0","0","0","0","0","0","1","0","","67","5","2021","7","39.949861","-75.234456","0250","6","0","0","0","0","0","0","0","0","","0","0","0","","","1","N","0","","39 56:59.500","","0","75 14:04.040","4","0","0","0","67301","0","0","0","N","0","0","0","1","67301","1","","1.0","","1","N","N","N","0","","0","0","0","","0","","","2","1","0","0","0","0","0","2","0","2","","03","","N","","","","","","","","","",""
"2021071853","1405","1","0","0","0","0","0","0","0","0","1","0","","67","8","2021","1","40.016482","-75.210669","1353","6","0","0","0","0","1","0","0","0","","0","0","0","","","1","N","0","","40 00:59.336","","0","75 12:38.409","4","0","0","0","67301","0","0","0","N","0","0","0","2","67301","1","","1.0","","9","N","N","N","0","","0","0","1","","0","","","2","1","0","0","0","0","0","2","0","2","","07","","N","","","","","","","","","",""
"2021043173","0017","2","0","0","0","0","0","0","0","0","4","0","","67","5","2021","4","40.026695","-75.117257","0013","6","0","0","0","0","0","0","0","0","","0","0","0","","","2","","1","","40 01:36.101","","0","75 07:02.125","4","0","0","0","67301","0","0","0","N","0","0","0","3","67301","2","","1.0","","1","N","N","N","0","","0","0","0","","2","","","2","2","0","0","0","0","1","2","0","2","","03","","N","","","","","","","","","",""
"2021044775","2300","2","0","0","0","0","0","0","0","0","5","0","","67","5","2021","6","40.044908","-75.157419","2257","6","0","0","0","0","0","0","0","0","","0","0","0","","","1","N","0","","40 02:41.670","","0","75 09:26.710","8","0","0","0","67301","0","0","0","N","0","0","0","1","67301","0","","6.0","","1","N","N","N","0","","0","0","3","","0","","","6","1","0","0","0","1","0","2","1","6","","","","N","","","","","","","","","",""
"2021043995","2109","1","0","0","0","0","0","0","0","0","4","0","","67","5","2021","6","40.035437","-75.108493","2058","6","0","0","0","0","0","0","0","0","","0","0","0","","","1","","1","","40 02:07.572","","0","75 06:30.576","8","0","0","0","67301","0","0","0","N","0","0","0","8","67301","0","","1.0","","1","N","N","N","0","","0","0","1","","1","","","2","1","0","0","0","1","1","2","0","2","","03","","N","","","","","","","","","",""
"2021071002","0248","1","0","0","0","0","0","0","0","0","4","0","","67","7","2021","7","40.077531","-75.179539","0243","6","0","0","0","0","0","0","0","0","","0","0","0","","","1","N","0","","40 04:39.110","","0","75 10:46.340","3","0","0","0","67301","0","0","0","N","0","0","0","1","67301","0","","1.0","","1","N","N","N","0","","1","0","2","","0","","","3","1","0","0","0","0","0","2","0","3","","03","","N","","","","","","","","","",""
"2021042616","0912","0","0","0","0","0","0","0","0","0","8","0","","67","5","2021","3","39.993948","-75.154613","0911","6","0","0","0","0","0","0","0","0","","0","0","0","","","1","","1","","39 59:38.214","","0","75 09:16.608","3","0","0","0","67301","1","0","0","N","1","0","0","2","67301","0","","1.0","","1","N","N","N","0","","1","0","0","","2","","","2","1","0","0","0","0","0","2","0","1","","03","","N","","","","","","","","","",""
"2021044325","0336","1","0","0","0","0","0","0","0","0","1","0","","67","5","2021","1","40.0491","-75.052947","0335","6","0","0","0","0","0","0","0","0","","0","0","0","","","0","N","0","","40 02:56.760","","0","75 03:10.610","0","0","0","0","67301","0","0","0","N","0","0","0","1","67301","0","","6.0","","1","N","N","N","0","","0","0","1","","0","","","2","0","0","0","0","0","0","2","0","2","","03","","N","","","","","","","","","",""
"2021059054","1420","0","0","0","0","0","0","0","0","0","4","0","","67","6","2021","2","40.01807","-75.064264","1415","6","0","0","0","0","0","0","0","0","","0","0","0","","","1","N","0","","40 01:05.051","","0","75 03:51.351","8","0","0","0","67301","0","0","0","N","0","0","0","2","67301","0","","1.0","","1","N","N","Y","0","","0","0","3","","0","","","3","1","0","0","0","1","0","2","0","3","","03","","N","","","","","","","","","",""
"2021072553","1547","1","0","0","0","0","0","0","0","0","7","0","","67","8","2021","3","39.890263","-75.220782","1547","6","0","0","0","0","0","0","0","0","","0","0","0","","","0","N","0","","39 53:24.945","","3","75 13:14.816","9","0","0","0","67301","0","0","0","N","0","0","0","1","68K01","0","","4.0","","99","N","N","N","0","","0","0","0","","0","","","1","0","0","0","0","0","1","2","0","1","","","","N","","","","","","","","","",""
"2021049078","2200","0","0","0","0","0","0","0","0","0","8","0","","67","5","2021","7","40.024165","-75.130356","2145","6","0","0","0","0","0","0","0","0","","0","0","0","","","1","","1","","40 01:26.993","","0","75 07:49.281","8","0","0","0","67301","1","0","0","N","1","0","0","2","67301","0","","1.0","","1","N","N","N","0","","0","0","0","","2","","","2","1","0","0","0","1","0","2","0","1","","","","N","","","","","","","","","",""
"2021044005","1840","0","0","0","0","0","0","0","0","0","7","0","","67","5","2021","6","40.071528","-75.191806","1835","6","0","0","0","0","0","1","0","0","","0","0","0","","","0","N","0","","40 04:17.500","1","0","75 11:30.500","0","0","0","0","67301","0","0","0","N","0","0","0","2","67301","0","","5.0","1848.0","1","N","N","N","0","","0","0","1","","0","N","","1","0","0","0","0","0","0","2","0","1","","03","","N","","","","","","","","","",""
"2021050831","0400","2","0","0","0","0","0","0","0","0","1","0","","67","5","2021","5","39.948383","-75.219253","0400","6","0","0","0","0","0","0","0","0","","0","0","0","","","1","","5","","39 56:54.179","","0","75 13:09.311","8","0","0","0","67301","0","0","0","N","0","0","0","2","67301","0","","1.0","","99","N","N","N","0","","0","0","0","","2","","","2","1","0","0","0","1","1","2","0","2","","03","","N","","","","","","","","","",""
"2021073134","0228","0","0","0","0","0","0","0","0","0","7","0","","67","7","2021","1","39.958181","-75.164273","0223","6","0","0","0","0","0","0","0","0","","0","0","0","","","0","N","7","","39 57:29.451","","0","75 09:51.381","9","0","0","0","67301","0","0","0","N","0","0","0","1","68K01","0","","4.0","","1","N","N","N","0","","0","0","1","","0","","","1","0","0","0","0","0","1","2","0","1","","","","N","","","","","","","","","",""
"2021043170","0100","3","0","0","0","0","0","0","0","0","2","0","","67","5","2021","3","39.999468","-75.125094","0058","6","0","0","0","0","0","0","0","0","","0","0","0","","","1","N","0","","39 59:58.083","","0","75 07:30.338","8","0","0","0","67301","0","0","0","N","0","0","0","2","67301","0","","1.0","","1","N","N","N","0","","0","0","0","","0","","","3","1","0","0","0","1","0","2","0","3","","03","","N","","","","","","","","","",""
"2021044006","0006","3","0","0","0","0","0","0","0","0","5","0","","67","5","2021","6","40.073183","-75.164033","2358","6","0","0","0","0","0","0","0","0","","0","0","0","","","0","N","0","","40 04:23.460","","0","75 09:50.520","9","0","0","0","67301","0","0","0","N","0","0","0","1","67301","0","","6.0","","1","N","N","N","0","","0","0","0","","0","","","3","0","0","0","0","0","1","2","0","3","","03","","N","","","","","","","","","",""