"CRN","ARRIVAL_TM","AUTOMOBILE_COUNT","BELTED_DEATH_COUNT","BELTED_SUSP_SERIOUS_INJ_COUNT","BICYCLE_COUNT","BICYCLE_DEATH_COUNT","BICYCLE_SUSP_SERIOUS_INJ_COUNT","BUS_COUNT","CHLDPAS_DEATH_COUNT","CHLDPAS_SUSP_SERIOUS_INJ_COUNT","COLLISION_TYPE","COMM_VEH_COUNT","CONS_ZONE_SPD_LIM","COUNTY","CRASH_MONTH","CRASH_YEAR","DAY_OF_WEEK","DEC_LATITUDE","DEC_LONGITUDE","DISPATCH_TM","DISTRICT","DRIVER_COUNT_16YR","DRIVER_COUNT_17YR","DRIVER_COUNT_18YR","DRIVER_COUNT_19YR","DRIVER_COUNT_20YR","DRIVER_COUNT_50_64YR","DRIVER_COUNT_65_74YR","DRIVER_COUNT_75PLUS","EST_HRS_CLOSED","FATAL_COUNT","HEAVY_TRUCK_COUNT","HORSE_BUGGY_COUNT","HOUR_OF_DAY","ILLUMINATION","INJURY_COUNT","INTERSECTION_RELATED","INTERSECT_TYPE","LANE_CLOSED","LATITUDE","LN_CLOSE_DIR","LOCATION_TYPE","LONGITUDE","MAX_SEVERITY_LEVEL","MCYCLE_DEATH_COUNT","MCYCLE_SUSP_SERIOUS_INJ_COUNT","MOTORCYCLE_COUNT","MUNICIPALITY","NONMOTR_COUNT","NONMOTR_DEATH_COUNT","NONMOTR_SUSP_SERIOUS_INJ_COUNT","NTFY_HIWY_MAINT","PED_COUNT","PED_DEATH_COUNT","PED_SUSP_SERIOUS_INJ_COUNT","PERSON_COUNT","POLICE_AGCY","POSSIBLE_INJ_COUNT","RDWY_SURF_TYPE_CD","RELATION_TO_ROAD","ROADWAY_CLEARED","ROAD_CONDITION","SCH_BUS_IND","SCH_ZONE_IND","SECONDARY_CRASH","SMALL_TRUCK_COUNT","SPEC_JURIS_CD","SUSP_MINOR_INJ_COUNT","SUSP_SERIOUS_INJ_COUNT","SUV_COUNT","TCD_FUNC_CD","TCD_TYPE","TFC_DETOUR_IND","TIME_OF_DAY","TOTAL_UNITS","TOT_INJ_COUNT","UNBELTED_OCC_COUNT","UNB_DEATH_COUNT","UNB_SUSP_SERIOUS_INJ_COUNT","UNK_INJ_DEG_COUNT","UNK_INJ_PER_COUNT","URBAN_RURAL","VAN_COUNT","VEHICLE_COUNT","WEATHER1","WEATHER2","WORKERS_PRES","WORK_ZONE_IND","WORK_ZONE_LOC","WORK_ZONE_TYPE","WZ_CLOSE_DETOUR","WZ_FLAGGER","WZ_LAW_OFFCR_IND","WZ_LN_CLOSURE","WZ_MOVING","WZ_OTHER","WZ_SHLDER_MDN","WZ_WORKERS_INJ_KILLED"
"2021046936","1736","2","0","0","0","0","0","0","0","0","4","0","","67","5","2021","7","39.965289","-75.201546","1735","6","0","0","0","0","0","1","0","0","","0","0","0","","","0","","1","","39 57:55.040","","0","75 12:05.565","9","0","0","0","67301","0","0","0","N","0","0","0","2","67301","0","","1.0","","1","N","N","N","0","","0","0","0","","3","","","2","0","1","0","0","0","1","2","0","2","","03","","N","","","","","","","","","",""
"2021050845","1927","2","0","0","0","0","0","0","0","0","1","0","","67","5","2021","6","40.015808","-75.141118","1927","6","0","0","0","0","0","1","0","0","","0","0","0","","","2","","1","","40 00:56.908","","0","75 08:28.024","3","0","0","2","67301","0","0","0","N","0","0","0","4","67301","0","","1.0","","1","N","N","N","0","","1","0","2","","2","","","6","2","0","0","0","1","0","2","0","6","","03","","N","","","","","","","","","",""
"2021071716","1611","1","0","0","0","0","0","0","0","0","7","0","","67","7","2021","5","39.939304","-75.1438","1549","6","0","0","0","0","0","1","0","0","","0","0","0","","","1","N","6","","39 56:21.493","","0","75 08:37.679","3","0","0","0","67301","0","0","0","N","0","0","0","1","68K01","0","","4.0","","1","N","N","N","0","","1","0","0","","0","","","1","1","1","0","0","0","0","2","0","1","","","","N","","","","","","","","","",""
"2021044049","0359","3","0","0","0","0","0","0","0","0","4","0","","67","5","2021","7","40.026898","-75.09724","0354","6","0","0","0","0","0","0","0","0","","0","0","0","","","1","","1","","40 01:36.832","2","0","75 05:50.065","3","0","0","0","67301","0","0","0","N","0","0","0","3","67301","0","","1.0","359.0","1","N","N","N","0","","1","0","0","","2","N","","3","1","0","0","0","0","0","2","0","3","","","","N","","","","","","","","","",""
"2021046287","1124","2","0","0","0","0","0","0","0","0","4","0","","67","5","2021","1","40.000221","-75.142173","1117","6","0","0","0","0","0","1","0","0","","0","0","0","","","1","","1","","40 00:00.797","","0","75 08:31.823","3","0","0","0","67301","0","0","0","N","0","0","0","2","67301","0","","1.0","","1","N","N","N","0","","1","0","0","","2","","","2","1","0","0","0","0","0","2","0","2","","03","","N","","","","","","","","","",""
"2021046941","1750","1","0","0","0","0","0","0","0","0","1","0","","67","5","2021","6","39.957996","-75.221232","1742","6","0","0","0","0","0","1","0","0","","0","0","0","","","1","","1","","39 57:28.785","","0","75 13:16.434","3","0","0","0","67301","0","0","0","N","0","0","0","2","67301","0","","1.0","","1","N","N","N","0","","1","0","1","","2","","","2","1","1","0","0","0","1","2","0","2","","98","","N","","","","","","","","","",""
"2021049280","1655","1","0","0","0","0","0","0","0","0","4","0","","67","5","2021","2","40.021723","-75.125668","1655","6","0","0","0","0","0","1","0","0","","0","0","0","","","2","","1","","40 01:18.202","","0","75 07:32.404","3","0","0","0","67301","0","0","0","N","0","0","0","4","67301","0","","1.0","","1","N","N","N","0","","2","0","1","","2","","","2","2","3","0","0","0","0","2","0","2","","03","","N","","","","","","","","","",""
"2021043486","1849","2","0","0","0","0","0","0","0","0","4","0","","67","5","2021","1","39.942826","-75.224161","1848","6","0","0","0","0","0","0","0","0","","0","0","0","","","0","","1","","39 56:34.173","","0","75 13:26.979","9","0","0","0","67301","0","0","0","N","0","0","0","2","67301","0","","1.0","","9","N","N","Y","0","","0","0","2","","3","","","4","0","1","0","0","0","1","2","0","4","","07","","N","","","","","","","","","",""
"2021047706","0440","2","0","0","0","0","0","0","0","0","4","0","","67","5","2021","1","39.958684","-75.239414","0438","6","0","0","0","0","0","0","0","0","","0","0","0","","","1","","1","","39 57:31.261","7","0","75 14:21.889","8","0","0","0","67301","0","0","0","N","0","0","0","2","67301","0","","1.0","546.0","1","N","Y","Y","0","","0","0","2","","2","Y","","4","1","0","0","0","1","0","2","0","4","","03","","N","","","","","","","","","",""
"2021045693","0619","1","0","0","0","0","0","0","0","0","4","0","","67","5","2021","2","40.01199","-75.175951","0619","6","0","0","0","0","0","0","0","0","","0","0","0","","","2","","1","","40 00:43.164","","0","75 10:33.422","3","0","0","0","67301","0","0","0","N","0","0","0","3","67301","0","","1.0","","1","N","N","N","0","","2","0","1","","2","","","2","2","0","0","0","0","0","2","0","2","","03","","N","","","","","","","","","",""
"2021044614","0730","0","0","0","0","0","0","0","0","0","7","0","","67","5","2021","7","40.014883","-75.206623","0711","6","0","0","0","0","0","1","0","0","","0","0","0","","","1","N","0","","40 00:53.580","7","3","75 12:23.843","3","0","0","0","67301","0","0","0","N","0","0","0","1","67301","0","","4.0","913.0","1","N","N","N","0","","1","0","1","","0","N","","1","1","1","0","0","0","0","2","0","1","","03","","N","","","","","","","","","",""
"2021070954","1552","1","0","0","0","0","0","0","0","0","7","0","","67","7","2021","6","40.01509","-75.085169","1548","6","0","0","0","0","0","0","0","0","","0","0","0","","","1","N","0","","40 00:54.325","","0","75 05:06.608","8","0","0","0","67301","0","0","0","N","0","0","0","1","67301","0","","4.0","","1","N","N","N","0","","0","0","0","","0","","","1","1","1","0","0","1","0","2","0","1","","","","N","","","","","","","","","",""
"2021071439","1700","0","0","0","0","0","0","1","0","0","4","1","","67","7","2021","2","39.997642","-75.146786","1645","6","0","0","0","0","0","1","0","0","","0","0","0","","","1","","1","","39 59:51.511","","0","75 08:48.429","4","0","0","0","67301","0","0","0","N","0","0","0","2","67508","1","","1.0","","1","N","N","Y","0","","0","0","1","","0","","","2","1","0","0","0","0","0","2","0","2","","03","","N","","","","","","","","","",""
"2021044886","0456","1","0","0","0","0","0","0","0","0","7","0","","67","5","2021","7","39.885806","-75.231611","0448","6","0","0","0","0","0","0","0","0","","0","0","0","","","0","N","0","","39 53:08.900","2","0","75 13:53.800","0","0","0","0","67301","0","0","0","N","0","0","0","1","67301","0","","4.0","554.0","1","N","N","N","0","","0","0","0","","0","N","","1","0","0","0","0","0","0","2","0","1","","","","N","","","","","","","","","",""
"2021073307","1224","0","0","0","0","0","0","0","0","0","1","0","45","67","8","2021","4","39.886463","-75.214492","1212","6","0","0","0","0","0","0","0","0","","0","0","0","","","1","N","0","","39 53:11.266","1","0","75 12:52.171","4","0","0","0","67301","0","0","0","N","0","0","0","5","68K01","1","","1.0","1240.0","1","N","N","N","0","","0","0","1","","0","N","","2","1","0","0","0","0","0","2","1","2","","","Y","Y","4","2","N","N","N","Y","N","N","N","N"
"2021073270","1130","1","0","0","0","0","0","0","0","0","4","0","","67","8","2021","6","40.120364","-75.017178","1123","6","0","0","0","0","0","1","0","0","","0","0","0","","","1","N","0","","40 07:13.309","","7","75 01:01.840","4","0","0","0","67301","0","0","0","N","0","0","0","2","67301","1","","1.0","","1","N","N","N","0","","0","0","1","","0","","","2","1","0","0","0","0","0","2","0","2","","","","N","","","","","","","","","",""
"2021076360","2355","1","0","0","0","0","0","0","0","0","5","1","","67","8","2021","5","40.099024","-74.986373","2355","6","0","0","0","0","0","0","0","0","","0","1","0","","","1","N","0","","40 05:56.487","","0","74 59:10.944","3","0","0","0","67301","0","0","0","N","0","0","0","1","67301","0","","6.0","","1","N","N","N","0","","1","0","0","","0","","","2","1","0","0","0","0","0","2","0","2","","03","","N","","","","","","","","","",""
"2021041963","1925","2","0","0","0","0","0","0","0","0","4","0","","67","5","2021","1","39.989177","-75.105073","1920","6","0","0","0","0","0","1","0","0","","0","0","0","","","0","","2","","39 59:21.037","5","0","75 06:18.262","0","0","0","0","67301","0","0","0","N","0","0","0","2","67301","0","","1.0","1850.0","9","N","N","Y","0","","0","0","1","","3","N","","3","0","0","0","0","0","0","2","0","3","","07","","N","","","","","","","","","",""
"2021045203","1903","2","0","0","0","0","0","0","0","0","4","0","","67","5","2021","2","40.088264","-74.9674","1900","6","0","0","0","0","0","0","0","0","","0","0","0","","","1","N","0","","40 05:17.750","3","7","74 58:02.640","3","0","0","0","67301","0","0","0","N","0","0","0","3","67301","0","","1.0","2035.0","1","N","N","N","0","","1","0","0","","3","N","","2","1","0","0","0","0","1","2","0","2","","03","","N","","","","","","","","","",""
"2021044828","0350","3","0","0","0","0","0","0","0","0","5","0","","67","5","2021","2","39.997917","-75.127425","0338","6","0","0","0","0","1","0","0","0","","0","0","0","","","0","N","0","","39 59:52.500","","0","75 07:38.730","0","0","0","0","67301","0","0","0","N","0","0","0","1","67301","0","","6.0","","1","N","N","N","0","","0","0","2","","0","","","5","0","0","0","0","0","0","2","0","5","","","","N","","","","","","","","","",""
"2021043116","2015","1","0","0","0","0","0","0","0","0","4","0","","67","5","2021","3","39.917867","-75.158739","2009","6","0","0","0","0","1","0","0","0","","0","0","0","","","3","","1","","39 55:04.321","3","0","75 09:31.460","8","0","0","0","67301","0","0","0","N","0","0","0","4","67301","0","","1.0","2015.0","99","N","N","N","0","","0","0","0","","3","Y","","2","3","0","0","0","3","0","2","1","2","","","","N","","","","","","","","","",""
"2021071363","1213","1","0","0","0","0","0","0","0","0","1","0","","67","7","2021","2","39.959702","-75.176441","1204","6","0","0","0","0","0","0","0","0","","0","0","0","","","1","N","0","","39 57:34.926","","0","75 10:35.187","3","0","0","0","67301","0","0","0","N","0","0","0","3","68K01","0","","1.0","","1","N","N","N","0","","1","0","2","","0","","","3","1","0","0","0","0","0","2","0","3","","03","","N","","","","","","","","","",""
"2021042287","0714","2","0","0","0","0","0","0","0","0","5","0","45","67","5","2021","1","39.995649","-75.083318","0709","6","0","0","0","0","0","1","0","0","","0","0","0","","","2","N","0","","39 59:44.338","2","1","75 04:59.944","8","0","0","0","67301","0","0","0","N","0","0","0","3","68K01","0","","1.0","750.0","1","N","N","N","0","","0","0","0","","0","N","","2","2","0","0","0","2","0","2","0","2","","03","N","Y","4","1","","","N","","","","Y","N"
"2021071482","2344","1","0","0","0","0","0","0","0","0","2","0","","67","8","2021","1","39.989136","-75.153747","2338","6","0","0","0","0","0","1","0","0","","0","0","0","","","0","N","0","","39 59:20.890","3","0","75 09:13.490","9","0","0","0","67301","0","0","0","N","0","0","0","1","67301","0","","1.0","24.0","9","N","N","N","0","","0","0","1","","0","Y","","2","0","0","0","0","0","1","2","0","2","","03","","N","","","","","","","","","",""
"2021053642","2057","0","0","0","0","0","0","0","0","0","4","0","","67","5","2021","5","39.994538","-75.146542","2052","6","0","0","0","0","0","0","0","0","","0","0","0","","","1","","1","","39 59:40.336","","0","75 08:47.551","8","0","0","0","67301","0","0","0","N","0","0","0","3","67301","0","","1.0","","1","N","N","N","1","","0","0","1","","3","","","2","1","0","0","0","1","0","2","0","2","","03","","N","","","","","","","","","",""
"2021051168","1310","0","0","0","0","0","0","0","0","0","4","0","","67","6","2021","5","40.029253","-75.089966","1305","6","0","0","0","0","0","0","0","0","","0","0","0","","","1","","2","","40 01:45.310","","0","75 05:23.878","3","0","0","0","67301","0","0","0","N","0","0","0","2","67301","0","","1.0","","1","N","N","N","0","","1","0","2","","2","","","2","1","0","0","0","0","0","2","0","2","","03","","N","","","","","","","","","",""
"2021071269","0902","1","0","0","0","0","0","0","0","0","4","0","","67","7","2021","7","39.990981","-75.12465","0845","6","0","0","0","0","0","0","0","0","","0","0","0","","","0","N","0","","39 59:27.530","","0","75 07:28.740","0","0","0","0","67301","0","0","0","N","0","0","0","1","67301","0","","1.0","","1","N","N","N","0","","0","0","1","","0","","","2","0","1","0","0","0","0","2","0","2","","04","","N","","","","","","","","","",""
"2021071189","0900","1","0","0","0","0","0","0","0","0","4","1","","67","7","2021","5","39.894555","-75.229568","0850","6","0","0","0","0","0","1","0","0","","0","1","0","","","3","","3","","39 53:40.398","4","0","75 13:46.445","3","0","0","0","67301","0","0","0","N","0","0","0","5","67301","0","","1.0","930.0","9","N","N","N","0","","3","0","0","","2","N","","2","3","0","0","0","0","0","2","0","2","","","","N","","","","","","","","","",""
"2021072538","0214","0","0","0","0","0","0","0","0","0","0","0","","67","8","2021","2","39.962943","-75.139386","0203","6","0","0","0","0","1","0","0","0","","0","0","0","","","1","N","0","","39 57:46.594","2","0","75 08:21.790","3","0","0","0","67301","0","0","0","N","0","0","0","1","68K01","0","","1.0","225.0","1","N","N","N","0","","1","0","1","","0","N","","1","1","0","0","0","0","0","2","0","1","","03","","N","","","","","","","","","",""
"2021043490","1355","1","0","0","0","0","0","0","0","0","7","0","","67","5","2021","5","39.934106","-75.168519","1354","6","0","0","0","0","0","0","0","1","","0","0","0","","","1","N","0","","39 56:02.780","","0","75 10:06.670","3","0","0","0","67301","0","0","0","N","0","0","0","1","67301","0","","5.0","","1","N","N","N","0","","1","0","1","","0","","","2","1","0","0","0","0","0","2","0","2","","03","","N","","","","","","","","","",""
"2021045357","1223","2","0","0","0","0","0","0","0","0","1","0","","67","5","2021","2","40.045928","-75.001816","1216","6","0","0","0","0","0","0","0","0","","0","0","0","","","0","","6","","40 02:45.339","2","2","75 00:06.539","0","0","0","0","67301","0","0","0","N","0","0","0","3","68K01","0","","7.0","1235.0","1","N","N","N","0","","0","0","0","","0","N","","2","0","0","0","0","0","0","2","0","2","","03","","N","","","","","","","","","",""
"2021044730","0855","1","0","0","0","0","0","0","0","0","1","0","","67","5","2021","2","39.977728","-75.201036","0840","6","0","0","0","0","0","0","0","0","","0","0","0","","","0","N","0","","39 58:39.822","4","0","75 12:03.731","0","0","0","0","67301","0","0","0","N","0","0","0","2","68K01","0","","1.0","900.0","1","N","N","N","0","","0","0","1","","0","N","","2","0","0","0","0","0","0","2","0","2","","03","","N","","","","","","","","","",""
"2021072783","1750","1","0","0","0","0","0","0","0","0","7","0","","67","8","2021","4","40.021286","-75.051561","1750","6","0","0","0","0","0","0","0","0","","0","0","0","","","0","N","0","","40 01:16.629","","0","75 03:05.619","0","0","0","0","67301","0","0","0","N","0","0","0","1","67301","0","","2.0","","1","N","N","N","0","","0","0","0","","0","","","1","0","0","0","0","0","0","2","0","1","","03","","N","","","","","","","","","",""
"2021043998","1820","1","0","0","0","0","0","0","0","0","2","0","","67","5","2021","6","39.922512","-75.170149","1815","6","0","0","0","0","0","0","0","0","","0","0","0","","","2","N","0","","39 55:21.043","","0","75 10:12.538","8","0","0","0","67301","0","0","0","N","0","0","0","3","67301","0","","6.0","","1","N","N","N","0","","0","0","1","","0","","","3","2","0","0","0","2","0","2","1","3","","03","","N","","","","","","","","","",""
"2021044060","0352","1","0","0","0","0","0","0","0","0","6","0","","67","5","2021","7","39.97069","-75.240551","0351","6","0","0","0","0","0","1","0","0","","0","0","0","","","0","N","0","","39 58:14.484","3","0","75 14:25.984","0","0","0","0","67301","0","0","0","N","0","0","0","2","67301","0","","6.0","500.0","1","N","N","N","0","","0","0","1","","0","N","","2","0","0","0","0","0","0","2","0","2","","","","N","","","","","","","","","",""
"2021072023","1858","2","0","0","0","0","0","0","0","0","4","0","","67","4","2021","1","39.955578","-75.233984","1858","6","0","0","0","0","0","1","0","0","","0","0","0","","","2","","1","","39 57:20.080","","0","75 14:02.342","3","0","0","0","67301","0","0","0","N","0","0","0","3","67301","1","","1.0","","1","N","N","N","0","","1","0","0","","2","","","2","2","0","0","0","0","1","2","0","2","","03","","N","","","","","","","","","",""
"2021044540","1751","1","0","0","0","0","0","0","0","0","4","0","","67","5","2021","1","40.03321","-75.072052","1750","6","0","0","0","0","0","0","0","0","","0","0","0","","","1","N","0","","40 01:59.556","","7","75 04:19.388","3","0","0","0","67301","0","0","0","N","0","0","0","3","67301","0","","1.0","","1","N","N","N","0","","1","0","1","","0","","","2","1","0","0","0","0","1","2","0","2","","03","","N","","","","","","","","","",""
"2021071434","1832","2","0","0","0","0","0","0","0","0","4","0","","67","8","2021","1","40.010174","-75.079816","1827","6","0","0","0","0","0","0","0","0","","0","0","0","","","3","N","0","","40 00:36.625","5","0","75 04:47.339","3","0","0","0","67301","0","0","0","N","0","0","0","6","67301","0","","1.0","2000.0","1","N","N","Y","0","","3","0","1","","0","Y","","3","3","1","0","0","0","0","2","0","3","","","","N","","","","","","","","","",""
"2021046174","0830","1","0","0","0","0","0","0","0","0","5","0","","67","5","2021","1","40.060064","-75.140086","0830","6","0","0","0","0","0","0","0","0","","0","0","0","","","1","N","0","","40 03:36.230","","0","75 08:24.310","4","0","0","0","67301","0","0","0","N","0","0","0","1","67301","1","","6.0","","1","N","N","N","1","","0","0","1","","0","","","3","1","0","0","0","0","0","2","0","3","","03","","N","","","","","","","","","",""
"2021072264","0120","0","0","0","0","0","0","0","0","0","7","0","","67","7","2021","4","40.079553","-74.999008","0120","6","0","0","0","0","0","0","0","0","","0","0","0","","","0","N","0","","40 04:46.390","","7","74 59:56.430","9","0","0","0","67301","0","0","0","N","0","0","0","1","67301","0","","2.0","","1","N","N","N","3","","0","0","0","","0","","","3","0","0","0","0","0","1","2","0","3","","03","","N","","","","","","","","","",""
"2021042492","1921","2","0","0","0","0","0","0","0","0","1","0","","67","5","2021","2","40.002612","-75.160798","1921","6","0","0","0","0","0","0","0","0","","0","0","0","","","1","","2","","40 00:09.402","","0","75 09:38.871","4","0","0","0","67301","0","0","0","N","0","0","0","2","67301","1","","1.0","","1","N","N","N","0","","0","0","0","","2","","","2","1","0","0","0","0","1","2","0","2","","","","N","","","","","","","","","",""
"2021042931","2200","0","0","0","0","0","0","0","0","0","1","0","","67","5","2021","3","40.037072","-75.158392","2200","6","0","0","0","0","0","0","0","0","","0","0","0","","","1","Y","0","","40 02:13.460","","0","75 09:30.210","3","0","0","0","67301","0","0","0","N","0","0","0","2","67301","0","","1.0","","1","N","N","N","1","","1","0","1","","2","","","2","1","0","0","0","0","0","2","0","2","","","","N","","","","","","","","","",""
"2021044879","0424","2","0","0","0","0","0","0","0","0","2","0","","67","5","2021","2","40.040558","-75.107874","0404","6","0","0","0","0","0","0","0","0","","0","0","0","","","1","N","0","","40 02:26.010","2","0","75 06:28.345","3","0","0","0","67301","0","0","0","N","0","0","0","1","67301","0","","6.0","605.0","1","N","N","N","0","","1","0","1","","0","N","","3","1","0","0","0","0","0","2","0","3","","03","","N","","","","","","","","","",""
"2021072971","1050","1","0","0","0","0","0","0","0","0","1","0","","67","8","2021","5","40.009718","-75.187234","1040","6","0","0","0","0","0","1","0","0","","0","0","0","","","1","","7","","40 00:34.985","","2","75 11:14.041","3","0","0","0","67301","0","0","0","N","0","0","0","1","67301","0","","1.0","","1","N","N","N","0","","1","0","0","","0","","","2","1","0","0","0","0","0","2","0","2","","03","","N","","","","","","","","","",""
"2021042344","0225","1","0","0","0","0","0","0","0","0","4","0","","67","5","2021","1","40.021627","-75.165121","0219","6","0","0","0","0","0","0","0","0","","0","0","0","","","1","","1","","40 01:17.857","","0","75 09:54.435","3","0","0","0","67301","0","0","0","N","0","0","0","4","67301","0","","1.0","","1","N","N","N","0","","1","0","1","","0","","","3","1","0","0","0","0","0","2","1","3","","03","","N","","","","","","","","","",""
"2021044017","2153","3","0","0","0","0","0","0","0","0","1","0","","67","5","2021","4","39.995464","-75.118153","2153","6","0","0","0","0","0","0","0","0","","0","0","0","","","0","N","0","","39 59:43.670","","0","75 07:05.350","0","0","0","0","67301","0","0","0","N","0","0","0","1","67301","0","","6.0","","1","N","N","N","1","","0","0","2","","0","","","8","0","1","0","0","0","0","2","2","8","","03","","N","","","","","","","","","",""
"2021072951","1721","1","0","0","0","0","0","0","0","0","5","0","","67","7","2021","7","39.976929","-75.113659","1708","6","0","0","0","0","0","0","0","0","","0","0","0","","","0","N","0","","39 58:36.944","2","0","75 06:49.172","9","0","0","0","67301","0","0","0","N","0","0","0","2","68K01","0","","1.0","1721.0","1","N","N","N","0","","0","0","0","","0","N","","2","0","0","0","0","0","1","2","0","2","","","","N","","","","","","","","","",""
"2021042603","1500","1","0","0","0","0","0","0","0","0","4","0","","67","5","2021","3","39.955776","-75.191091","1455","6","0","0","0","0","0","0","0","0","","0","0","0","","","0","N","0","","39 57:20.792","","0","75 11:27.927","9","0","0","0","67301","0","0","0","N","0","0","0","2","67507","0","","1.0","","1","N","N","N","0","","0","0","1","","0","","","2","0","0","0","0","0","1","2","0","2","","03","","N","","","","","","","","","",""
"2021044133","0840","1","0","0","1","0","1","0","0","0","8","0","","67","5","2021","6","40.029697","-75.18565","0834","6","0","0","0","0","0","0","0","0","","0","0","0","","","1","N","0","","40 01:46.910","","0","75 11:08.340","2","0","0","0","67301","1","0","1","N","0","0","0","2","67301","0","","1.0","","1","N","N","N","0","","0","1","0","","0","","","2","1","0","0","0","0","0","2","0","1","","03","","N","","","","","","","","","",""
"2021043171","2355","1","0","0","0","0","0","0","0","0","4","0","","67","5","2021","3","40.053175","-75.122124","2348","6","0","0","1","0","0","0","0","0","","0","0","0","","","2","","5","","40 03:11.431","3","0","75 07:19.646","3","0","0","0","67301","0","0","0","N","0","0","0","2","67301","0","","1.0","35.0","1","N","N","N","0","","2","0","1","","2","N","","2","2","0","0","0","0","0","2","0","2","","03","","N","","","","","","","","","",""
"2021045737","0826","2","0","0","0","0","0","0","0","0","5","0","","67","5","2021","2","40.000218","-75.195164","0822","6","0","0","0","0","0","1","0","0","","0","0","0","","","4","N","0","","40 00:00.783","3","0","75 11:42.590","8","0","0","0","67301","0","0","0","N","0","0","0","5","68K01","0","","1.0","855.0","1","N","N","N","1","","0","0","0","","0","N","","3","4","0","0","0","4","0","2","0","3","","","","N","","","","","","","","","",""
"2021043485","1656","2","0","0","0","0","0","0","0","0","4","0","","67","5","2021","1","39.920315","-75.225794","1656","6","0","0","0","0","0","0","0","0","","0","0","0","","","1","","1","","39 55:13.133","","0","75 13:32.858","3","0","0","0","67301","0","0","0","N","0","0","0","2","67301","0","","1.0","","1","N","N","N","0","","1","0","0","","3","","","2","1","0","0","0","0","0","2","0","2","","03","","N","","","","","","","","","",""
"2021042341","0640","3","0","0","0","0","0","0","0","0","2","0","","67","5","2021","1","39.994545","-75.159318","0635","6","0","0","0","0","0","2","0","0","","0","0","0","","","1","","1","","39 59:40.362","5","0","75 09:33.546","8","0","0","0","67301","0","0","0","N","0","0","0","4","67301","0","","1.0","755.0","1","N","N","N","0","","0","0","1","","2","Y","","4","1","0","0","0","1","1","2","0","4","","03","","N","","","","","","","","","",""
"2021042923","1500","3","0","0","0","0","0","0","0","0","4","0","","67","5","2021","4","39.983189","-75.156819","1457","6","0","0","0","0","0","0","1","0","","0","0","0","","","1","","1","","39 58:59.480","","0","75 09:24.548","3","0","0","0","67301","0","0","0","N","0","0","0","3","67505","0","","1.0","","1","N","N","N","0","","1","0","0","","2","","","3","1","0","0","0","0","0","2","0","3","","03","","N","","","","","","","","","",""
"2021042846","0910","0","0","0","0","0","0","0","0","0","6","0","","67","5","2021","3","40.015761","-75.075119","0902","6","0","0","0","0","0","0","0","0","","0","0","0","","","0","N","0","","40 00:56.740","","0","75 04:30.430","0","0","0","0","67301","0","0","0","N","0","0","0","1","67301","0","","6.0","","1","N","N","N","0","","0","0","1","","0","","","2","0","0","0","0","0","0","2","1","2","","03","","N","","","","","","","","","",""
"2021061845","0311","1","0","0","0","0","0","0","0","0","7","0","","67","5","2021","6","39.955768","-75.141601","0311","6","0","0","0","0","0","0","0","0","","0","0","0","","","0","N","0","","39 57:20.766","2","8","75 08:29.765","0","0","0","0","67301","0","0","0","N","0","0","0","4","68K01","0","","4.0","334.0","1","N","N","N","0","","0","0","0","","0","N","","1","0","2","0","0","0","0","2","0","1","","03","","N","","","","","","","","","",""
"2021044112","0520","1","0","0","0","0","0","0","0","0","1","0","","67","5","2021","5","39.93828","-75.198696","0514","6","0","0","0","0","0","2","0","0","","0","0","0","","","1","","1","","39 56:17.808","","0","75 11:55.304","3","0","0","0","67301","0","0","0","N","0","0","0","2","67301","0","","1.0","","1","N","N","N","0","","1","0","1","","2","","","2","1","0","0","0","0","0","2","0","2","","","","N","","","","","","","","","",""
"2021071934","1600","1","0","0","0","0","0","0","0","0","4","0","","67","7","2021","5","40.033684","-75.145797","1600","6","0","0","0","0","0","1","0","0","","1","0","0","","","0","N","1","","40 02:01.264","","0","75 08:44.868","1","1","0","1","67301","0","0","0","N","0","0","0","2","67301","0","2","3.0","","1","N","N","N","0","0","0","0","0","","2","","","2","0","1","0","0","0","0","2","0","2","","","","N","","","","","","","","","",""
"2021042863","1644","1","0","0","0","0","0","0","0","0","1","0","35","67","5","2021","1","39.911833","-75.167639","1644","6","0","0","0","0","0","1","0","0","","0","0","0","","","1","N","0","","39 54:42.600","4","3","75 10:03.500","4","0","0","0","67301","0","0","0","N","0","0","0","3","67501","1","","1.0","1730.0","1","N","N","N","0","","0","0","1","","7","N","","2","1","0","0","0","0","0","2","0","2","","03","Y","Y","2","1","","","Y","Y","","","","N"
"2021045418","2318","1","0","0","0","0","0","0","0","0","4","0","","67","5","2021","1","40.109273","-75.025555","2315","6","0","0","0","0","2","0","0","0","","0","0","0","","","1","","2","","40 06:33.384","","0","75 01:31.999","4","0","0","0","67301","0","0","0","N","0","0","0","2","67301","1","","1.0","","1","N","N","N","0","","0","0","1","","0","","","2","1","0","0","0","0","0","2","0","2","","","","N","","","","","","","","","",""
"2021043122","1721","0","0","0","0","0","0","0","0","0","4","0","","67","5","2021","3","40.03694","-75.145084","1721","6","0","0","0","0","0","1","0","0","","0","0","0","","","1","","2","","40 02:12.984","","0","75 08:42.301","3","0","0","0","67301","0","0","0","N","0","0","0","2","67301","0","","1.0","","1","N","N","N","0","","1","0","1","","2","","","2","1","0","0","0","0","0","2","1","2","","","","N","","","","","","","","","",""