"CRN","ARRIVAL_TM","AUTOMOBILE_COUNT","BELTED_DEATH_COUNT","BELTED_SUSP_SERIOUS_INJ_COUNT","BICYCLE_COUNT","BICYCLE_DEATH_COUNT","BICYCLE_SUSP_SERIOUS_INJ_COUNT","BUS_COUNT","CHLDPAS_DEATH_COUNT","CHLDPAS_SUSP_SERIOUS_INJ_COUNT","COLLISION_TYPE","COMM_VEH_COUNT","CONS_ZONE_SPD_LIM","COUNTY","CRASH_MONTH","CRASH_YEAR","DAY_OF_WEEK","DEC_LATITUDE","DEC_LONGITUDE","DISPATCH_TM","DISTRICT","DRIVER_COUNT_16YR","DRIVER_COUNT_17YR","DRIVER_COUNT_18YR","DRIVER_COUNT_19YR","DRIVER_COUNT_20YR","DRIVER_COUNT_50_64YR","DRIVER_COUNT_65_74YR","DRIVER_COUNT_75PLUS","EST_HRS_CLOSED","FATAL_COUNT","HEAVY_TRUCK_COUNT","HORSE_BUGGY_COUNT","HOUR_OF_DAY","ILLUMINATION","INJURY_COUNT","INTERSECTION_RELATED","INTERSECT_TYPE","LANE_CLOSED","LATITUDE","LN_CLOSE_DIR","LOCATION_TYPE","LONGITUDE","MAX_SEVERITY_LEVEL","MCYCLE_DEATH_COUNT","MCYCLE_SUSP_SERIOUS_INJ_COUNT","MOTORCYCLE_COUNT","MUNICIPALITY","NONMOTR_COUNT","NONMOTR_DEATH_COUNT","NONMOTR_SUSP_SERIOUS_INJ_COUNT","NTFY_HIWY_MAINT","PED_COUNT","PED_DEATH_COUNT","PED_SUSP_SERIOUS_INJ_COUNT","PERSON_COUNT","POLICE_AGCY","POSSIBLE_INJ_COUNT","RDWY_SURF_TYPE_CD","RELATION_TO_ROAD","ROADWAY_CLEARED","ROAD_CONDITION","SCH_BUS_IND","SCH_ZONE_IND","SECONDARY_CRASH","SMALL_TRUCK_COUNT","SPEC_JURIS_CD","SUSP_MINOR_INJ_COUNT","SUSP_SERIOUS_INJ_COUNT","SUV_COUNT","TCD_FUNC_CD","TCD_TYPE","TFC_DETOUR_IND","TIME_OF_DAY","TOTAL_UNITS","TOT_INJ_COUNT","UNBELTED_OCC_COUNT","UNB_DEATH_COUNT","UNB_SUSP_SERIOUS_INJ_COUNT","UNK_INJ_DEG_COUNT","UNK_INJ_PER_COUNT","URBAN_RURAL","VAN_COUNT","VEHICLE_COUNT","WEATHER1","WEATHER2","WORKERS_PRES","WORK_ZONE_IND","WORK_ZONE_LOC","WORK_ZONE_TYPE","WZ_CLOSE_DETOUR","WZ_FLAGGER","WZ_LAW_OFFCR_IND","WZ_LN_CLOSURE","WZ_MOVING","WZ_OTHER","WZ_SHLDER_MDN","WZ_WORKERS_INJ_KILLED"
"2021041594","0317","1","0","0","0","0","0","0","0","0","7","0","","67","5","2021","7","40.040361","-75.145889","0311","6","0","0","0","0","0","0","0","0","","0","0","0","","","0","N","0","","40 02:25.300","","0","75 08:45.200","0","0","0","0","67301","0","0","0","N","0","0","0","1","67301","0","","5.0","","9","N","N","N","0","","0","0","0","","0","","","1","0","0","0","0","0","0","2","0","1","","07","","N","","","","","","","","","",""
"2021044019","2145","1","0","0","0","0","0","0","0","0","4","0","","67","5","2021","5","40.007438","-75.100698","2143","6","0","0","0","0","0","1","0","0","","0","0","0","","","2","","1","","40 00:26.778","","0","75 06:02.514","3","0","0","0","67301","0","0","0","N","0","0","0","4","67301","0","","1.0","","1","N","N","N","0","","2","0","1","","2","","","2","2","3","0","0","0","0","2","0","2","","","","N","","","","","","","","","",""
"2021071055","1925","0","0","0","0","0","0","0","0","0","1","0","","67","6","2021","5","39.960561","-75.226794","1925","6","0","0","0","0","0","0","0","0","","0","1","0","","","1","N","0","","39 57:38.020","","0","75 13:36.460","2","0","1","1","67301","0","0","0","N","0","0","0","1","67301","0","","1.0","","1","N","N","N","0","","0","1","0","","0","","","2","1","0","0","0","0","0","2","0","2","","03","","N","","","","","","","","","",""
"2021072532","0027","2","0","0","0","0","0","0","0","0","1","0","","67","8","2021","1","39.982141","-75.100982","0027","6","0","0","0","0","0","0","0","0","","0","0","0","","","1","N","0","","39 58:55.709","2","0","75 06:03.535","8","0","0","0","67301","0","0","0","N","0","0","0","3","68K01","0","","1.0","45.0","1","Y","N","N","0","","0","0","0","","0","N","","2","1","0","0","0","1","0","2","0","2","","","","N","","","","","","","","","",""
"2021044106","0655","1","0","0","0","0","0","0","0","0","4","0","","67","5","2021","6","40.061755","-75.056066","0653","6","0","0","0","1","0","0","0","0","","0","0","0","","","1","","1","","40 03:42.317","","0","75 03:21.839","3","0","0","0","67301","0","0","0","N","0","0","0","2","67301","0","","1.0","","1","N","N","N","0","","1","0","1","","2","","","2","1","0","0","0","0","0","2","0","2","","03","","N","","","","","","","","","",""
"2021044437","2340","1","0","0","0","0","0","0","0","0","2","0","","67","5","2021","1","39.980872","-75.186169","2341","6","0","0","0","0","0","0","0","0","","0","0","0","","","0","N","0","","39 58:51.140","","0","75 11:10.210","9","0","0","0","67301","0","0","0","N","0","0","0","1","67301","0","","6.0","","1","N","N","N","0","","0","0","2","","0","","","3","0","0","0","0","0","1","2","0","3","","03","","N","","","","","","","","","",""
"2021056157","2054","0","0","0","0","0","0","0","0","0","1","0","","67","6","2021","4","39.941016","-75.20479","2054","6","0","0","0","0","0","1","0","0","","0","0","0","","","1","N","0","","39 56:27.659","","3","75 12:17.244","8","0","0","0","67301","0","0","0","N","0","0","0","3","67301","0","","1.0","","1","N","N","N","0","","0","0","1","","0","","","2","1","0","0","0","1","0","2","1","2","","","","N","","","","","","","","","",""
"2021044116","1153","2","0","0","0","0","0","0","0","0","4","0","","67","5","2021","6","39.976687","-75.266459","1153","6","0","1","0","0","0","0","0","0","","0","0","0","","","0","","1","","39 58:36.073","","0","75 15:59.252","0","0","0","0","67301","0","0","0","N","0","0","0","3","67301","0","","1.0","","1","N","N","N","0","","0","0","0","","2","","","2","0","2","0","0","0","0","2","0","2","","03","","N","","","","","","","","","",""
"2021071931","1916","2","0","0","0","0","0","0","0","0","5","0","","67","8","2021","2","39.996347","-75.149386","1914","6","0","0","0","0","0","1","0","0","","0","0","0","","","0","N","0","","39 59:46.850","","0","75 08:57.790","9","0","0","0","67301","0","0","0","N","0","0","0","1","67301","0","","6.0","","1","N","N","Y","0","","0","0","1","","0","","","3","0","0","0","0","0","1","2","0","3","","03","","N","","","","","","","","","",""
"2021044217","1607","0","0","0","0","0","0","0","0","0","1","0","","67","5","2021","4","40.050509","-75.035357","1547","6","0","0","0","0","0","0","0","0","","0","0","0","","","1","Y","0","","40 03:01.833","4","0","75 02:07.286","3","0","0","0","67301","0","0","0","N","0","0","0","4","67301","0","","1.0","0.0","1","N","N","N","1","","1","0","1","","2","N","","2","1","0","0","0","0","0","2","0","2","","03","","N","","","","","","","","","",""
"2021072643","0013","1","0","0","0","0","0","0","0","0","8","0","","67","7","2021","7","40.025511","-75.122391","0013","6","0","1","0","0","0","0","0","0","","0","0","0","","","1","N","0","","40 01:31.839","","0","75 07:20.608","2","0","0","0","67301","1","0","1","N","1","0","1","2","67301","0","","1.0","","9","N","N","N","0","","0","1","0","","2","","","2","1","0","0","0","0","0","2","0","1","","","","N","","","","","","","","","",""
"2021042612","0715","2","0","0","0","0","0","0","0","0","5","0","","67","5","2021","3","40.063306","-75.004194","0705","6","0","0","0","0","0","0","1","0","","0","0","0","","","1","N","0","","40 03:47.900","","7","75 00:15.100","8","0","0","0","67301","0","0","0","N","0","0","0","2","67301","0","","1.0","","1","N","N","N","0","","0","0","1","","0","","","3","1","0","0","0","1","0","2","0","3","","03","","N","","","","","","","","","",""
"2021049075","1920","0","0","0","0","0","0","0","0","0","8","0","","67","5","2021","7","40.007717","-75.139187","1915","6","0","0","0","0","0","0","0","0","","0","0","0","","","1","N","0","","40 00:27.781","4","0","75 08:21.072","3","0","0","0","67301","1","0","0","N","1","0","0","2","67301","0","","1.0","1940.0","1","N","N","N","0","","1","0","0","","0","Y","","2","1","0","0","0","0","0","2","1","1","","03","","N","","","","","","","","","",""
"2021044071","2328","2","0","0","0","0","0","0","0","0","5","0","","67","5","2021","7","40.026694","-75.152222","2323","6","0","0","0","0","0","0","0","0","","0","0","0","","","4","N","0","","40 01:36.100","6","0","75 09:08.000","3","0","0","0","67301","0","0","0","N","0","0","0","6","67301","0","","1.0","49.0","1","N","N","N","0","","4","0","2","","0","Y","","4","4","0","0","0","0","0","2","0","4","","03","","N","","","","","","","","","",""
"2021072209","1857","1","0","0","0","0","0","0","0","0","4","0","","67","8","2021","1","39.954566","-75.14472","1850","6","0","0","0","0","0","1","0","0","","0","0","0","","","0","","1","","39 57:16.437","","0","75 08:40.992","0","0","0","0","67301","0","0","0","N","0","0","0","2","67301","0","","1.0","","1","N","N","N","0","","0","0","1","","3","","","2","0","0","0","0","0","0","2","0","2","","04","","N","","","","","","","","","",""
"2021044615","1225","1","0","0","0","0","0","0","0","0","8","0","","67","5","2021","6","40.011956","-75.176015","1220","6","0","0","0","0","0","0","0","0","","0","0","0","","","1","","1","","40 00:43.041","","0","75 10:33.654","3","0","0","0","67301","1","0","0","N","1","0","0","2","67301","0","","1.0","","1","N","N","N","0","","1","0","0","","0","","","2","1","0","0","0","0","0","2","0","1","","03","","N","","","","","","","","","",""
"2021044025","1305","0","0","0","0","0","0","0","0","0","8","0","","67","5","2021","5","39.975709","-75.120489","1301","6","0","0","0","0","0","0","0","0","","0","0","0","","","1","N","0","","39 58:32.551","","0","75 07:13.760","4","0","0","0","67301","1","0","0","N","1","0","0","2","67301","1","","1.0","","1","N","N","N","0","","0","0","1","","0","","","2","1","0","0","0","0","0","2","0","1","","03","","N","","","","","","","","","",""
"2021044384","1215","1","0","0","0","0","0","0","0","0","5","0","","67","5","2021","1","39.970814","-75.146458","1203","6","0","0","0","0","0","0","0","0","","0","0","0","","","0","N","0","","39 58:14.930","2","0","75 08:47.250","0","0","0","0","67301","0","0","0","N","0","0","0","1","67301","0","","6.0","140.0","1","N","N","N","0","","0","0","1","","0","Y","","3","0","0","0","0","0","0","2","1","3","","","","N","","","","","","","","","",""
"2021045339","1650","2","0","0","0","0","0","0","0","0","5","0","","67","5","2021","5","39.993272","-75.200159","1631","6","0","0","0","0","0","0","2","0","","0","0","0","","","1","N","0","","39 59:35.778","3","0","75 12:00.572","8","0","0","0","67301","0","0","0","N","0","0","0","5","68K01","0","","1.0","1756.0","1","N","N","N","0","","0","0","3","","0","N","","5","1","0","0","0","1","0","2","0","5","","","","N","","","","","","","","","",""
"2021071066","1310","0","0","0","0","0","0","0","0","0","7","0","","67","7","2021","5","39.986431","-75.245906","1310","6","0","0","0","0","0","0","0","0","","0","0","0","","","0","N","0","","39 59:11.150","","0","75 14:45.260","9","0","0","0","67301","0","0","0","N","0","0","0","1","67301","0","","5.0","","1","N","N","N","0","","0","0","1","","0","","","1","0","0","0","0","0","1","2","0","1","","03","","N","","","","","","","","","",""
"2021042343","2200","2","0","0","0","0","0","0","0","0","4","0","","67","5","2021","1","40.009866","-75.166801","2149","6","0","0","0","0","0","0","0","0","","0","0","0","","","2","","1","","40 00:35.518","","0","75 10:00.484","4","0","0","0","67301","0","0","0","N","0","0","0","2","67301","2","","1.0","","1","N","N","N","0","","0","0","0","","2","","","2","2","2","0","0","0","0","2","0","2","","03","","N","","","","","","","","","",""
"2021048026","0201","0","0","0","0","0","0","0","0","0","7","0","","67","5","2021","7","40.005276","-75.195512","0154","6","0","0","0","0","0","1","0","0","","0","0","0","","","1","","7","","40 00:18.992","4","2","75 11:43.844","8","0","0","0","67301","0","0","0","Y","0","0","0","1","68K01","0","","7.0","415.0","1","N","N","N","1","","0","0","0","","0","Y","","1","1","0","0","0","1","0","2","0","1","","","","N","","","","","","","","","",""
"2021044073","0056","2","0","0","0","0","0","0","0","0","4","0","","67","5","2021","1","40.050407","-75.157887","0056","6","0","0","0","0","0","0","0","0","","0","0","0","","","0","","1","","40 03:01.465","","0","75 09:28.393","9","0","0","0","67301","0","0","0","N","0","0","0","2","67301","0","","1.0","","1","N","N","N","0","","0","0","0","","3","","","2","0","0","0","0","0","1","2","0","2","","03","","N","","","","","","","","","",""
"2021043237","1323","0","0","0","0","0","0","0","0","0","8","0","","67","5","2021","3","39.933156","-75.189143","1319","6","0","0","0","0","0","0","0","0","","0","0","0","","","1","","1","","39 55:59.363","","0","75 11:20.916","8","0","0","0","67301","1","0","0","N","1","0","0","2","67301","0","","1.0","","1","N","N","N","0","","0","0","1","","0","","","2","1","0","0","0","1","0","2","0","1","","04","","N","","","","","","","","","",""
"2021071799","0950","0","0","0","0","0","0","0","0","0","7","0","","67","7","2021","2","39.977708","-75.211169","0948","6","0","0","0","0","0","0","1","0","","1","0","0","","","0","N","0","","39 58:39.750","","0","75 12:40.210","1","0","0","0","67301","0","0","0","N","0","0","0","1","67301","0","2","4.0","","1","N","N","N","0","0","0","0","1","","3","","","1","0","0","0","0","0","0","2","0","1","","03","","N","","","","","","","","","",""
"2021071455","0555","0","0","0","0","0","0","1","0","0","1","1","","67","7","2021","2","40.048707","-75.051619","0534","6","0","0","0","0","0","0","0","0","","0","0","0","","","2","","2","","40 02:55.345","","0","75 03:05.828","4","0","0","0","67301","0","0","0","N","0","0","0","3","67508","2","","1.0","","1","N","N","Y","0","","0","0","0","","2","","","2","2","0","0","0","0","0","2","1","2","","03","","N","","","","","","","","","",""
"2021042620","1250","0","0","0","0","0","0","0","0","0","4","0","","67","5","2021","3","40.008023","-75.191884","1242","6","0","0","0","0","0","0","0","0","","0","0","0","","","0","","1","","40 00:28.881","","2","75 11:30.784","0","0","0","0","67301","0","0","0","N","0","0","0","2","67301","0","","1.0","","1","N","N","N","0","","0","0","2","","2","","","2","0","0","0","0","0","0","2","0","2","","","","N","","","","","","","","","",""
"2021044222","1042","2","0","0","0","0","0","0","0","0","5","0","","67","5","2021","6","40.000343","-75.067539","1030","6","0","0","0","0","0","2","0","0","","0","0","0","","","1","N","0","","40 00:01.233","7","0","75 04:03.142","3","0","0","0","67301","0","0","0","N","0","0","0","4","67301","0","","1.0","1333.0","1","N","Y","Y","1","","1","0","1","","0","N","","4","1","0","0","0","0","1","2","0","4","","","","N","","","","","","","","","",""
"2021042621","1300","2","0","0","0","0","0","0","0","0","5","0","","67","5","2021","3","40.028405","-75.165901","1250","6","0","0","0","0","0","0","0","0","","0","0","0","","","1","","2","","40 01:42.258","","0","75 09:57.243","3","0","0","0","67301","0","0","0","N","0","0","0","1","67301","0","","1.0","","1","N","N","N","0","","1","0","1","","0","","","3","1","0","0","0","0","0","2","0","3","","","","N","","","","","","","","","",""
"2021072265","2210","3","0","0","0","0","0","0","0","0","4","0","","67","7","2021","3","40.094958","-74.976392","2206","6","0","0","0","0","0","0","0","1","","0","0","0","","","1","N","0","","40 05:41.850","6","0","74 58:35.010","3","0","0","0","67301","0","0","0","N","0","0","0","2","67301","0","","1.0","30.0","1","N","N","N","0","","1","0","1","","0","N","","4","1","0","0","0","0","0","2","0","4","","","","N","","","","","","","","","",""
"2021044023","2046","1","0","0","0","0","0","0","0","0","4","0","","67","5","2021","3","39.974987","-75.134283","2046","6","0","0","0","1","0","0","0","0","","0","0","0","","","0","","1","","39 58:29.953","","0","75 08:03.418","9","0","0","0","67301","0","0","0","N","0","0","0","2","67301","0","","1.0","","1","N","N","N","0","","0","0","1","","3","","","2","0","1","0","0","0","1","2","0","2","","","","N","","","","","","","","","",""
"2021044889","0438","1","0","0","0","0","0","0","0","0","5","0","","67","5","2021","1","39.933258","-75.24068","0424","6","0","0","0","0","0","0","0","0","","0","0","0","","","1","N","0","","39 55:59.730","7","0","75 14:26.448","4","0","0","0","67301","0","0","0","N","0","0","0","3","67301","1","","1.0","530.0","1","N","N","Y","0","","0","0","1","","0","Y","","2","1","1","0","0","0","1","2","0","2","","03","","N","","","","","","","","","",""
"2021071001","1011","1","0","0","0","0","0","0","0","0","2","0","","67","7","2021","6","40.080855","-75.028774","1010","6","0","0","0","0","0","0","0","0","","0","0","0","","","1","","1","","40 04:51.077","","0","75 01:43.585","3","0","0","1","67301","0","0","0","N","0","0","0","2","67301","0","","1.0","","1","N","N","N","0","","1","0","0","","2","","","2","1","1","0","0","0","0","2","0","2","","03","","N","","","","","","","","","",""
"2021071047","2326","1","0","0","0","0","0","0","0","0","7","0","","67","4","2021","2","39.989758","-75.219486","2326","6","0","0","0","0","0","0","0","0","","0","0","0","","","0","N","0","","39 59:23.130","","0","75 13:10.150","0","0","0","0","67301","0","0","0","N","0","0","0","1","67301","0","","4.0","","1","N","N","N","0","","0","0","0","","0","","","1","0","0","0","0","0","0","2","0","1","","03","","N","","","","","","","","","",""
"2021064406","1859","2","0","0","0","0","0","0","0","0","4","0","","67","6","2021","2","40.029225","-75.174558","1853","6","0","0","0","0","0","0","0","0","","0","0","0","","","0","","1","","40 01:45.210","","0","75 10:28.410","0","0","0","0","67301","0","0","0","N","0","0","0","2","67301","0","","1.0","","1","N","N","N","0","","0","0","0","","2","","","2","0","0","0","0","0","0","2","0","2","","03","","N","","","","","","","","","",""
"2021064227","0232","0","0","0","0","0","0","0","0","0","4","0","","67","6","2021","1","39.919855","-75.227538","0232","6","0","0","0","0","0","1","0","0","","0","0","0","","","1","","1","","39 55:11.478","","0","75 13:39.136","3","0","0","0","67301","0","0","0","N","0","0","0","3","67301","0","","1.0","","1","N","N","N","1","","1","0","1","","2","","","2","1","0","0","0","0","0","2","0","2","","03","","N","","","","","","","","","",""
"2021075899","1244","1","0","0","0","0","0","0","0","0","1","0","","67","7","2021","1","39.97677","-75.19771","1218","6","0","0","0","0","0","0","0","0","","0","0","0","","","0","N","0","","39 58:36.373","","0","75 11:51.757","0","0","0","0","67301","0","0","0","N","0","0","0","2","68K01","0","","1.0","","1","N","N","N","0","","0","0","1","","0","","","2","0","0","0","0","0","0","2","0","2","","","","N","","","","","","","","","",""
"2021044542","0720","1","0","0","0","0","0","0","0","0","4","0","","67","5","2021","7","39.973747","-75.208095","0710","6","0","0","0","0","0","1","0","0","","0","0","0","","","1","N","0","","39 58:25.488","","0","75 12:29.142","3","0","0","0","67301","0","0","0","N","0","0","0","3","67301","0","","1.0","","1","N","N","N","0","","1","0","2","","0","","","3","1","0","0","0","0","0","2","0","3","","03","","N","","","","","","","","","",""
"2021075261","2008","0","0","0","0","0","0","0","0","0","8","0","","67","8","2021","1","40.011628","-75.133069","2008","6","0","0","0","0","0","0","0","0","","1","0","0","","","1","N","0","","40 00:41.860","","0","75 07:59.050","1","0","0","0","67301","2","1","1","N","2","1","1","3","67301","0","2","1.0","","9","N","N","N","0","0","0","1","0","","0","","","3","1","0","0","0","0","0","2","0","1","","04","","N","","","","","","","","","",""
"2021046146","0730","2","0","0","0","0","0","0","0","0","4","0","","67","5","2021","6","39.978597","-75.213624","0728","6","0","0","0","0","0","0","0","0","","0","0","0","","","1","","1","","39 58:42.950","","0","75 12:49.048","8","0","0","0","67301","0","0","0","N","0","0","0","2","67301","0","","1.0","","1","N","N","N","0","","0","0","0","","2","","","2","1","0","0","0","1","0","2","0","2","","03","","N","","","","","","","","","",""
"2021046950","1830","1","0","0","0","0","0","0","0","0","5","0","","67","5","2021","7","39.995671","-75.167974","1818","6","0","0","0","0","0","1","0","0","","0","0","0","","","1","N","0","","39 59:44.415","","0","75 10:04.705","3","0","0","1","67301","0","0","0","N","0","0","0","2","67301","0","","1.0","","1","N","N","Y","0","","1","0","1","","0","","","3","1","0","0","0","0","0","2","0","3","","","","N","","","","","","","","","",""
"2021054581","1637","2","0","0","0","0","0","0","0","0","1","0","","67","5","2021","2","40.070117","-75.00919","1623","6","0","0","0","1","0","0","0","1","","0","0","0","","","1","Y","0","","40 04:12.420","4","0","75 00:33.084","4","0","0","0","67301","0","0","0","N","0","0","0","5","67301","1","","1.0","1723.0","1","N","N","N","0","","0","0","1","","2","N","","3","1","0","0","0","0","0","2","0","3","","03","","N","","","","","","","","","",""
"2021071729","1845","0","0","0","0","0","0","0","0","0","5","0","","67","7","2021","6","40.012042","-75.111933","1845","6","0","0","0","0","0","0","0","0","","0","0","0","","","1","N","0","","40 00:43.350","","0","75 06:42.960","8","0","0","1","67301","0","0","0","N","0","0","0","3","67301","0","","1.0","","1","N","N","N","0","","0","0","1","","2","","","2","1","0","0","0","1","0","2","0","2","","03","","N","","","","","","","","","",""
"2021051412","1614","0","0","0","0","0","0","0","0","0","5","0","","67","5","2021","7","39.962785","-75.234532","1614","6","0","0","1","0","0","0","0","0","","0","0","0","","","2","","1","","39 57:46.025","","0","75 14:04.315","4","0","0","0","67301","0","0","0","N","0","0","0","3","67301","2","","1.0","","9","N","N","N","0","","0","0","2","","2","","","2","2","0","0","0","0","1","2","0","2","","07","","N","","","","","","","","","",""
"2021046935","0539","1","0","0","1","0","0","0","0","0","8","0","","67","5","2021","7","39.966285","-75.202851","0536","6","0","0","0","0","0","0","0","0","","0","0","0","","","1","","1","","39 57:58.627","","0","75 12:10.263","3","0","0","0","67301","1","0","0","N","0","0","0","2","67301","0","","1.0","","1","N","N","N","0","","1","0","0","","3","","","2","1","0","0","0","0","0","2","0","1","","","","N","","","","","","","","","",""
"2021064377","0853","2","0","0","0","0","0","0","0","0","4","0","","67","6","2021","3","40.022908","-75.148267","0848","6","0","0","0","0","0","0","0","0","","0","0","0","","","2","","5","","40 01:22.470","","0","75 08:53.760","3","0","0","0","67301","0","0","0","N","0","0","0","2","67301","0","","1.0","","1","N","N","N","0","","2","0","0","","2","","","2","2","0","0","0","0","0","2","0","2","","","","N","","","","","","","","","",""
"2021085189","2345","0","0","0","0","0","0","0","0","0","8","0","","67","9","2021","4","40.041695","-75.168704","2330","6","0","0","0","0","0","0","0","0","","1","0","0","","","0","","1","","40 02:30.102","","0","75 10:07.334","1","0","0","0","67301","1","1","0","N","1","1","0","2","67301","0","2","1.0","","9","N","N","N","0","0","0","0","0","","3","","","2","0","0","0","0","0","1","2","0","1","","07","","N","","","","","","","","","",""
"2021052987","0254","3","0","0","0","0","0","0","0","0","1","0","","67","5","2021","7","39.927429","-75.195574","0254","6","0","0","0","0","0","0","0","0","","0","0","0","","","2","N","0","","39 55:38.746","3","0","75 11:44.068","8","0","0","0","67301","0","0","0","N","0","0","0","3","68K01","0","","1.0","25.0","1","N","N","Y","0","","0","0","0","","0","N","","3","2","0","0","0","2","0","2","0","3","","03","","N","","","","","","","","","",""
"2021087760","0337","3","0","0","0","0","0","0","0","0","4","0","","67","9","2021","6","39.985939","-75.231647","0337","6","0","0","0","0","0","0","0","0","","0","0","0","","","0","N","0","","39 59:09.380","","0","75 13:53.930","0","0","0","0","67301","0","0","0","N","0","0","0","1","67301","0","","6.0","","1","N","N","N","0","","0","0","0","","2","","","4","0","1","0","0","0","0","2","0","4","","03","","N","","","","","","","","","",""
"2021071323","1555","1","0","0","0","0","0","0","0","0","4","0","","67","7","2021","7","40.046273","-75.057564","1550","6","0","0","0","0","0","0","0","0","","0","0","0","","","1","N","0","","40 02:46.581","","0","75 03:27.230","3","0","0","1","67301","0","0","0","N","0","0","0","3","67301","0","","1.0","","1","N","N","N","0","","1","0","1","","0","","","3","1","0","0","0","0","0","2","0","3","","03","","N","","","","","","","","","",""
"2021048129","0131","1","0","0","0","0","0","0","0","0","0","0","","67","5","2021","5","","","0131","6","0","0","0","0","0","0","0","0","","0","0","0","","","0","N","0","","","4","3","","0","0","0","0","67301","0","0","0","N","0","0","0","1","67501","0","","1.0","248.0","9","N","N","N","0","","0","0","0","","8","N","","1","0","0","0","0","0","0","1","0","1","","","","N","","","","","","","","","",""
"2021048844","1032","1","0","0","0","0","0","0","0","0","5","0","","67","5","2021","5","40.054278","-74.985774","1029","6","0","0","0","0","0","0","0","0","","0","0","0","","","3","N","0","","40 03:15.400","2","0","74 59:08.786","8","0","0","0","67301","0","0","0","Y","0","0","0","4","68K01","0","","1.0","1120.0","1","N","N","N","0","","0","0","1","","0","N","","2","3","0","0","0","3","0","2","0","2","","03","","N","","","","","","","","","",""
"2021059068","1105","1","0","0","0","0","0","0","0","0","7","0","","67","6","2021","7","","","1102","6","0","0","0","0","0","0","0","0","","0","0","0","","","0","N","0","","","3","3","","0","0","0","0","67301","0","0","0","N","0","0","0","3","67501","0","","3.0","1148.0","9","N","N","N","0","","0","0","0","","0","N","","1","0","0","0","0","0","0","1","0","1","","07","","N","","","","","","","","","",""
"2021071046","2108","1","0","0","0","0","0","0","0","0","4","0","","67","4","2021","5","39.963064","-75.224229","2108","6","0","0","0","0","0","0","0","0","","0","0","0","","","2","","1","","39 57:47.031","","0","75 13:27.224","3","0","0","1","67301","0","0","0","N","0","0","0","2","67301","0","","1.0","","1","N","N","N","0","","2","0","0","","2","","","2","2","0","0","0","0","0","2","0","2","","03","","N","","","","","","","","","",""
"2021044536","1430","1","0","0","0","0","0","0","0","0","1","0","","67","5","2021","7","39.967648","-75.160352","1425","6","0","0","0","0","0","1","0","0","","0","0","0","","","2","N","0","","39 58:03.532","2","0","75 09:37.268","3","0","0","0","67301","0","0","0","N","0","0","0","4","67301","0","","1.0","1450.0","1","N","N","N","0","","2","0","2","","0","N","","3","2","0","0","0","0","0","2","0","3","","03","","N","","","","","","","","","",""
"2021049070","0713","0","0","0","0","0","0","0","0","0","5","0","","67","5","2021","6","40.067887","-75.040108","0711","6","0","0","0","0","0","1","0","0","","0","0","0","","","2","N","0","","40 04:04.392","","6","75 02:24.388","4","0","0","0","67301","0","0","0","N","0","0","0","3","67301","2","","1.0","","1","N","N","N","0","","0","0","2","","0","","","2","2","0","0","0","0","0","2","0","2","","03","","N","","","","","","","","","",""
"2021050832","0402","1","0","0","0","0","0","0","0","0","1","0","","67","5","2021","1","39.962243","-75.246805","0402","6","0","0","0","0","0","1","0","0","","0","0","0","","","1","N","0","","39 57:44.075","","0","75 14:48.497","4","0","0","0","67301","0","0","0","N","0","0","0","2","67301","1","","1.0","","1","N","N","N","0","","0","0","0","","0","","","2","1","0","0","0","0","0","2","0","2","","03","","N","","","","","","","","","",""
"2021047835","0252","0","0","0","0","0","0","0","0","0","6","0","","67","5","2021","1","40.024383","-75.121619","0250","6","0","0","0","0","0","0","0","0","","0","0","0","","","0","N","0","","40 01:27.780","","0","75 07:17.830","0","0","0","0","67301","0","0","0","N","0","0","0","1","67301","0","","6.0","","1","N","N","N","0","","0","0","2","","0","","","2","0","0","0","0","0","0","2","0","2","","","","N","","","","","","","","","",""
"2021076209","1235","0","0","0","0","0","0","0","0","0","4","0","","67","8","2021","1","40.020543","-75.094977","1228","6","0","0","0","0","0","0","0","0","","0","0","0","","","3","N","0","","40 01:13.955","5","0","75 05:41.918","3","0","0","1","67301","0","0","0","N","0","0","0","4","67301","0","","1.0","1300.0","1","N","N","N","0","","3","0","1","","0","Y","","2","3","1","0","0","0","0","2","0","2","","03","","N","","","","","","","","","",""
"2021087580","1802","1","0","0","0","0","0","0","0","0","1","0","","67","8","2021","2","39.976811","-75.197924","1752","6","0","0","0","0","1","0","1","0","","0","0","0","","","1","N","0","","39 58:36.518","","0","75 11:52.528","4","0","0","0","67301","0","0","0","N","0","0","0","3","68K01","1","","1.0","","1","N","N","N","0","","0","0","1","","0","","","2","1","0","0","0","0","0","2","0","2","","","","N","","","","","","","","","",""
"2021051649","1255","1","0","0","0","0","0","0","0","0","4","0","","67","5","2021","7","40.02428","-75.130381","1255","6","0","0","0","0","0","1","0","0","","0","0","0","","","1","","1","","40 01:27.407","","0","75 07:49.370","3","0","0","0","67301","0","0","0","N","0","0","0","2","67301","0","","1.0","","99","N","N","N","0","","1","0","1","","2","","","2","1","2","0","0","0","1","2","0","2","","","","N","","","","","","","","","",""