"CRN","ARRIVAL_TM","AUTOMOBILE_COUNT","BELTED_DEATH_COUNT","BELTED_SUSP_SERIOUS_INJ_COUNT","BICYCLE_COUNT","BICYCLE_DEATH_COUNT","BICYCLE_SUSP_SERIOUS_INJ_COUNT","BUS_COUNT","CHLDPAS_DEATH_COUNT","CHLDPAS_SUSP_SERIOUS_INJ_COUNT","COLLISION_TYPE","COMM_VEH_COUNT","CONS_ZONE_SPD_LIM","COUNTY","CRASH_MONTH","CRASH_YEAR","DAY_OF_WEEK","DEC_LATITUDE","DEC_LONGITUDE","DISPATCH_TM","DISTRICT","DRIVER_COUNT_16YR","DRIVER_COUNT_17YR","DRIVER_COUNT_18YR","DRIVER_COUNT_19YR","DRIVER_COUNT_20YR","DRIVER_COUNT_50_64YR","DRIVER_COUNT_65_74YR","DRIVER_COUNT_75PLUS","EST_HRS_CLOSED","FATAL_COUNT","HEAVY_TRUCK_COUNT","HORSE_BUGGY_COUNT","HOUR_OF_DAY","ILLUMINATION","INJURY_COUNT","INTERSECTION_RELATED","INTERSECT_TYPE","LANE_CLOSED","LATITUDE","LN_CLOSE_DIR","LOCATION_TYPE","LONGITUDE","MAX_SEVERITY_LEVEL","MCYCLE_DEATH_COUNT","MCYCLE_SUSP_SERIOUS_INJ_COUNT","MOTORCYCLE_COUNT","MUNICIPALITY","NONMOTR_COUNT","NONMOTR_DEATH_COUNT","NONMOTR_SUSP_SERIOUS_INJ_COUNT","NTFY_HIWY_MAINT","PED_COUNT","PED_DEATH_COUNT","PED_SUSP_SERIOUS_INJ_COUNT","PERSON_COUNT","POLICE_AGCY","POSSIBLE_INJ_COUNT","RDWY_SURF_TYPE_CD","RELATION_TO_ROAD","ROADWAY_CLEARED","ROAD_CONDITION","SCH_BUS_IND","SCH_ZONE_IND","SECONDARY_CRASH","SMALL_TRUCK_COUNT","SPEC_JURIS_CD","SUSP_MINOR_INJ_COUNT","SUSP_SERIOUS_INJ_COUNT","SUV_COUNT","TCD_FUNC_CD","TCD_TYPE","TFC_DETOUR_IND","TIME_OF_DAY","TOTAL_UNITS","TOT_INJ_COUNT","UNBELTED_OCC_COUNT","UNB_DEATH_COUNT","UNB_SUSP_SERIOUS_INJ_COUNT","UNK_INJ_DEG_COUNT","UNK_INJ_PER_COUNT","URBAN_RURAL","VAN_COUNT","VEHICLE_COUNT","WEATHER1","WEATHER2","WORKERS_PRES","WORK_ZONE_IND","WORK_ZONE_LOC","WORK_ZONE_TYPE","WZ_CLOSE_DETOUR","WZ_FLAGGER","WZ_LAW_OFFCR_IND","WZ_LN_CLOSURE","WZ_MOVING","WZ_OTHER","WZ_SHLDER_MDN","WZ_WORKERS_INJ_KILLED"
"2021064228","0430","2","0","0","0","0","0","0","0","0","5","0","","67","6","2021","1","39.899567","-75.249353","0424","6","0","0","0","0","0","0","0","0","","0","0","0","","","0","N","0","","39 53:58.440","5","0","75 14:57.670","0","0","0","0","67301","0","0","0","N","0","0","0","1","67301","0","","6.0","630.0","1","N","N","N","0","","0","0","2","","0","Y","","4","0","0","0","0","0","0","2","0","4","","03","","N","","","","","","","","","",""
"2021087475","2308","2","0","0","0","0","0","0","0","0","4","0","","67","9","2021","3","40.043828","-75.053297","2316","6","0","0","0","0","0","0","0","0","","0","0","0","","","0","N","0","","40 02:37.782","","0","75 03:11.868","9","0","0","0","67301","0","0","0","N","0","0","0","2","67301","0","","1.0","","1","N","N","N","0","","0","0","0","","0","","","2","0","0","0","0","0","1","2","0","2","","","","N","","","","","","","","","",""
"2021047245","1630","1","0","0","0","0","0","0","0","0","5","0","","67","5","2021","2","40.049336","-75.014539","1623","6","0","0","0","0","0","1","0","1","","0","0","0","","","1","N","0","","40 02:57.610","4","0","75 00:52.340","4","0","0","0","67301","0","0","0","N","0","0","0","2","67301","1","","1.0","20.0","1","N","N","N","1","","0","0","2","","0","Y","","4","1","0","0","0","0","0","2","0","4","","03","","N","","","","","","","","","",""
"2021049857","2114","2","0","0","0","0","0","0","0","0","4","0","","67","5","2021","5","39.950925","-75.230654","2113","6","0","0","0","0","1","0","1","0","","0","0","0","","","1","","1","","39 57:03.330","","0","75 13:50.354","3","0","0","0","67301","0","0","0","N","0","0","0","5","67301","0","","1.0","","1","N","N","N","0","","1","0","0","","2","","","2","1","0","0","0","0","0","2","0","2","","03","","N","","","","","","","","","",""
"2021064376","0048","0","0","0","0","0","0","0","0","0","1","0","","67","6","2021","2","40.033693","-75.145909","0032","6","0","0","0","0","0","0","0","0","","0","0","0","","","1","","1","","40 02:01.293","","0","75 08:45.271","2","0","1","1","67301","0","0","0","N","0","0","0","2","67301","0","","1.0","","1","N","N","N","0","","0","1","0","","2","","","2","1","0","0","0","0","0","2","0","2","","","","N","","","","","","","","","",""
"2021049754","1700","1","0","0","1","0","0","0","0","0","8","0","","67","5","2021","1","39.972953","-75.226117","1655","6","0","0","0","0","0","0","0","0","","0","0","0","","","1","","1","","39 58:22.631","","0","75 13:34.022","3","0","0","0","67301","1","0","0","N","0","0","0","2","67301","0","","1.0","","1","N","N","N","0","","1","0","0","","2","","","2","1","0","0","0","0","0","2","0","1","","03","","N","","","","","","","","","",""
"2021044000","1543","1","0","0","0","0","0","0","0","0","1","0","","67","5","2021","5","40.092128","-74.964792","1539","6","0","0","0","0","0","0","0","0","","0","0","0","","","1","N","0","","40 05:31.662","2","0","74 57:53.251","4","0","0","0","67301","0","0","0","N","0","0","0","3","67301","1","","1.0","1631.0","1","N","N","N","0","","0","0","3","","0","N","","4","1","0","0","0","0","0","2","0","4","","03","","N","","","","","","","","","",""
"2021075780","0831","2","0","0","0","0","0","0","0","0","1","0","","67","8","2021","6","40.008218","-75.202316","0831","6","0","0","0","0","0","0","0","0","","0","0","0","","","0","N","0","","40 00:29.584","4","0","75 12:08.337","0","0","0","0","67301","0","0","0","N","0","0","0","3","68K01","0","","1.0","930.0","1","N","N","N","0","","0","0","1","","0","N","","3","0","0","0","0","0","0","2","0","3","","","","N","","","","","","","","","",""
"2021047659","0218","2","0","0","0","0","0","0","0","0","1","0","","67","5","2021","7","39.930681","-75.198879","0214","6","0","0","0","0","0","0","0","0","","0","0","0","","","4","N","0","","39 55:50.450","3","0","75 11:55.964","3","0","0","0","67301","0","0","0","N","0","0","0","4","68K01","0","","1.0","305.0","1","N","N","N","0","","4","0","0","","0","N","","2","4","3","0","0","0","0","2","0","2","","03","","N","","","","","","","","","",""
"2021064280","0103","2","0","0","0","0","0","0","0","0","6","0","","67","6","2021","2","39.9858","-75.213489","0102","6","0","1","0","0","0","0","0","0","","0","0","0","","","0","N","0","","39 59:08.880","","0","75 12:48.560","0","0","0","0","67301","0","0","0","N","0","0","0","4","67301","0","","1.0","","1","N","N","N","0","","0","0","0","","0","","","2","0","0","0","0","0","0","2","0","2","","","","N","","","","","","","","","",""
"2021087512","1620","0","0","0","0","0","0","0","0","0","2","0","","67","9","2021","1","39.923705","-75.164465","1614","6","0","0","0","0","0","1","0","0","","0","0","0","","","0","","1","","39 55:25.339","","0","75 09:52.075","9","0","0","0","67301","0","0","0","N","0","0","0","2","67301","0","","1.0","","1","N","N","N","0","","0","0","2","","2","","","2","0","0","0","0","0","1","2","0","2","","03","","N","","","","","","","","","",""
"2021077514","1100","1","0","0","0","0","0","0","0","0","4","0","","67","8","2021","1","40.017057","-75.158554","1100","6","0","0","0","0","0","1","0","0","","0","0","0","","","0","","2","","40 01:01.405","","0","75 09:30.794","9","0","0","0","67301","0","0","0","N","0","0","0","3","67301","0","","1.0","","1","N","N","N","0","","0","0","0","","3","","","2","0","0","0","0","0","1","2","0","2","","04","","N","","","","","","","","","",""
"2021064265","1235","1","0","0","0","0","0","0","0","0","1","0","","67","6","2021","2","40.018169","-75.061253","1231","6","0","0","0","0","0","0","0","0","","0","0","0","","","1","N","0","","40 01:05.410","1","0","75 03:40.510","3","0","0","0","67301","0","0","0","N","0","0","0","1","67301","0","","6.0","100.0","1","N","N","N","0","","1","0","1","","0","N","","2","1","0","0","0","0","0","2","0","2","","03","","N","","","","","","","","","",""
"2021049278","0835","1","0","0","0","0","0","0","0","0","4","0","","67","5","2021","7","39.969842","-75.241138","0824","6","0","0","1","0","0","1","0","0","","0","0","0","","","1","","1","","39 58:11.431","","0","75 14:28.096","8","0","0","0","67301","0","0","0","N","0","0","0","2","67301","0","","1.0","","9","N","N","N","0","","0","0","1","","3","","","2","1","0","0","0","1","0","2","0","2","","07","","N","","","","","","","","","",""
"2021064243","1344","0","0","0","0","0","0","0","0","0","7","0","","67","6","2021","3","40.052158","-75.184847","1338","6","0","0","0","0","0","0","0","1","","0","0","0","","","1","N","0","","40 03:07.770","","0","75 11:05.450","4","0","0","0","67301","0","0","0","N","0","0","0","1","67301","1","","4.0","","1","N","N","N","0","","0","0","1","","0","","","1","1","0","0","0","0","0","2","0","1","","03","","N","","","","","","","","","",""
"2021071345","1920","2","0","0","0","0","0","0","0","0","2","0","","67","7","2021","7","40.072142","-75.032961","1914","6","0","0","0","0","0","0","0","0","","0","0","0","","","1","","2","","40 04:19.712","","0","75 01:58.660","8","0","0","0","67301","0","0","0","N","0","0","0","3","67301","0","","1.0","","1","N","N","N","0","","0","0","0","","2","","","2","1","2","0","0","1","0","2","0","2","","03","","N","","","","","","","","","",""
"2021085452","1800","0","0","0","0","0","0","0","0","0","8","0","","67","9","2021","4","39.940325","-75.233618","1959","6","0","0","0","0","0","0","0","0","","0","0","0","","","1","","1","","39 56:25.170","","0","75 14:01.024","3","0","0","0","67301","1","0","0","N","1","0","0","2","67301","0","","1.0","","1","N","N","N","0","","1","0","0","","2","","","2","1","0","0","0","0","1","2","0","1","","03","","N","","","","","","","","","",""
"2021064316","1620","1","0","0","0","0","0","0","0","0","2","0","","67","6","2021","2","39.997616","-75.190868","1612","6","1","0","0","0","0","1","0","0","","0","0","0","","","5","N","0","","39 59:51.417","","0","75 11:27.124","3","0","0","0","67301","0","0","0","N","0","0","0","8","67301","1","","1.0","","1","N","N","N","1","","4","0","2","","0","","","4","5","0","0","0","0","0","2","0","4","","03","","N","","","","","","","","","",""
"2021064271","1207","0","0","0","0","0","0","0","0","0","4","0","","67","6","2021","4","40.03937","-75.033833","1154","6","0","0","0","0","0","0","0","0","","0","0","0","","","2","N","0","","40 02:21.732","","0","75 02:01.797","3","0","0","0","67301","0","0","0","N","0","0","0","5","67301","0","","1.0","","1","N","N","N","0","","2","0","1","","0","","","2","2","0","0","0","0","0","2","1","2","","03","","N","","","","","","","","","",""
"2021044767","","0","0","0","0","0","0","0","0","0","8","0","","67","5","2021","2","39.960198","-75.239082","","6","0","0","0","0","0","0","0","0","","0","0","0","","","1","","1","","39 57:36.714","","0","75 14:20.695","8","0","0","0","67301","1","0","0","N","1","0","0","2","67301","0","","1.0","","1","N","N","N","0","","0","0","0","","1","","","2","1","0","0","0","1","0","2","0","1","","03","","N","","","","","","","","","",""
"2021076412","","1","0","0","0","0","0","0","0","0","7","0","","67","8","2021","1","40.005837","-75.074826","","6","0","0","0","0","0","0","0","0","","0","0","0","","","0","N","0","","40 00:21.013","1","0","75 04:29.374","0","0","0","0","67301","0","0","0","N","0","0","0","1","68K01","0","","4.0","245.0","9","N","N","N","0","","0","0","0","","0","Y","","1","0","0","0","0","0","0","2","0","1","","","","N","","","","","","","","","",""
"2021054579","","0","0","0","1","0","0","0","0","0","8","0","","67","5","2021","7","40.041363","-75.028255","","6","0","0","0","0","0","0","0","0","","0","0","0","","","1","","1","","40 02:28.908","","0","75 01:41.719","3","0","0","0","67301","1","0","0","N","0","0","0","2","67301","0","","1.0","","1","N","N","N","0","","1","0","0","","2","","","2","1","0","0","0","0","0","2","1","1","","","","N","","","","","","","","","",""
"2021047248","","2","0","0","0","0","0","0","0","0","4","0","","67","5","2021","7","39.999084","-75.102046","","6","0","0","0","0","0","0","0","0","","0","0","0","","","1","","1","","39 59:56.702","","0","75 06:07.365","3","0","0","1","67301","0","0","0","N","0","0","0","2","67301","0","","1.0","","1","N","N","N","0","","1","0","0","","2","","","3","1","0","0","0","0","0","2","0","3","","03","","N","","","","","","","","","",""
"2021064164","","0","0","0","0","0","0","0","0","0","1","0","","67","6","2021","7","39.898016","-75.210952","","6","0","0","0","0","0","0","1","0","","0","0","0","","","1","N","0","","39 53:52.856","","3","75 12:39.428","4","0","0","0","67301","0","0","0","N","0","0","0","3","67301","1","","1.0","","1","N","N","N","0","","0","0","2","","0","","","3","1","0","0","0","0","0","2","0","3","","03","","N","","","","","","","","","",""
"2021047945","","2","0","0","0","0","0","0","0","0","8","0","","67","5","2021","3","39.994356","-75.121489","","6","0","0","0","0","0","0","0","0","","0","0","0","","","1","","1","","39 59:39.681","","0","75 07:17.360","3","0","0","0","67301","1","0","0","N","1","0","0","2","67301","0","","1.0","","1","N","N","N","0","","1","0","1","","0","","","4","1","0","0","0","0","1","2","0","3","","","","N","","","","","","","","","",""
"2021087589","","2","0","0","0","0","0","0","0","0","1","0","","67","8","2021","5","39.973572","-75.194035","","6","0","1","0","0","0","0","0","0","","0","0","0","","","1","N","0","","39 58:24.859","3","0","75 11:38.526","8","0","0","0","67301","0","0","0","N","0","0","0","3","68K01","0","","1.0","1007.0","1","N","N","N","0","","0","0","0","","0","N","","2","1","0","0","0","1","0","2","0","2","","","","N","","","","","","","","","",""
"2021047287","","1","0","0","0","0","0","0","0","0","4","0","","67","5","2021","2","40.051741","-75.152996","","6","0","0","0","0","0","0","0","0","","0","0","0","","","1","","1","","40 03:06.267","","0","75 09:10.785","3","0","0","0","67301","0","0","0","N","0","0","0","2","67301","0","","1.0","","4","N","N","Y","0","","1","0","1","","2","","","2","1","0","0","0","0","0","2","0","2","","","","N","","","","","","","","","",""
"2021052201","","1","0","0","0","0","0","0","0","0","7","0","","67","5","2021","1","39.960452","-75.181239","","6","0","0","0","0","0","0","0","0","","0","0","0","","","0","","7","","39 57:37.626","4","8","75 10:52.459","0","0","0","0","67301","0","0","0","N","0","0","0","2","68K01","0","","7.0","513.0","9","N","N","N","0","","0","0","0","","0","Y","","1","0","0","0","0","0","0","2","0","1","","07","","N","","","","","","","","","",""
"2021064246","","1","0","0","0","0","0","0","0","0","4","0","","67","6","2021","4","40.03696","-75.195005","","6","0","0","0","0","0","0","1","0","","0","0","0","","","3","","1","","40 02:13.057","","0","75 11:42.017","4","0","0","0","67301","0","0","0","N","0","0","0","3","67301","3","","1.0","","1","N","N","N","1","","0","0","1","","3","","","3","3","0","0","0","0","0","2","0","3","","03","","N","","","","","","","","","",""
"2021050559","","1","0","0","0","0","0","0","0","0","4","0","","67","5","2021","2","39.941033","-75.229542","","6","0","0","0","0","0","1","0","0","","0","0","0","","","1","","1","","39 56:27.718","","0","75 13:46.351","3","0","0","0","67301","0","0","0","N","0","0","0","2","67301","0","","1.0","","1","N","N","N","0","","1","0","1","","3","","","2","1","0","0","0","0","0","2","0","2","","03","","N","","","","","","","","","",""
"2021076508","","1","0","0","0","0","0","0","0","0","1","0","","67","8","2021","1","39.958498","-75.166757","","6","0","0","0","0","0","0","0","0","","0","0","0","","","0","N","0","","39 57:30.591","4","0","75 10:00.326","0","0","0","0","67301","0","0","0","N","0","0","0","2","68K01","0","","1.0","150.0","1","N","N","N","0","","0","0","1","","0","N","","2","0","1","0","0","0","0","2","0","2","","","","N","","","","","","","","","",""
"2021077021","","0","0","0","0","0","0","0","0","0","1","0","","67","6","2021","7","39.958367","-75.16668","","6","0","0","0","0","0","0","0","0","","0","0","0","","","0","N","0","","39 57:30.122","","0","75 10:00.049","0","0","0","0","67301","0","0","0","N","0","0","0","2","68K01","0","","1.0","","1","N","N","N","0","","0","0","2","","0","","","2","0","0","0","0","0","0","2","0","2","","03","","N","","","","","","","","","",""
"2021064385","","2","0","0","0","0","0","0","0","0","1","0","","67","6","2021","3","40.044981","-75.149672","","6","0","0","0","0","0","1","0","0","","0","0","0","","","1","","1","","40 02:41.931","","0","75 08:58.819","4","0","0","0","67301","0","0","0","N","0","0","0","2","67301","1","","1.0","","99","N","N","N","0","","0","0","0","","2","","","2","1","2","0","0","0","1","2","0","2","","","","N","","","","","","","","","",""
"2021064315","","2","0","0","0","0","0","0","0","0","4","0","","67","6","2021","2","39.975979","-75.159467","","6","0","0","0","0","0","0","0","0","","0","0","0","","","1","","1","","39 58:33.526","","0","75 09:34.081","3","0","0","0","67301","0","0","0","N","0","0","0","3","67301","0","","1.0","","1","N","N","N","0","","1","0","0","","3","","","2","1","0","0","0","0","0","2","0","2","","","","N","","","","","","","","","",""
"2021076939","","4","0","0","0","0","0","0","0","0","1","0","45","67","7","2021","4","40.013139","-75.057808","","6","0","0","0","0","0","1","0","0","","0","0","0","","","1","N","0","","40 00:47.301","1","0","75 03:28.109","8","0","0","0","67301","0","0","0","N","0","0","0","5","68K01","0","","1.0","800.0","1","N","N","N","0","","0","0","1","","0","N","","5","1","0","0","0","1","0","2","0","5","","","Y","Y","4","1","N","N","N","N","N","N","Y","N"
"2021076949","","0","0","0","0","0","0","0","0","0","5","0","","67","8","2021","1","39.975564","-75.194889","","6","0","0","0","0","0","0","0","0","","0","0","0","","","1","N","0","","39 58:32.029","3","0","75 11:41.602","8","0","0","0","67301","0","0","0","N","0","0","0","3","68K01","0","","1.0","330.0","1","N","N","N","0","","0","0","1","","0","N","","2","1","0","0","0","1","1","2","0","2","","","","N","","","","","","","","","",""
"2021050561","","1","0","0","0","0","0","0","0","0","7","0","","67","5","2021","1","39.893075","-75.224242","","6","0","0","0","0","0","0","0","0","","0","0","0","","","0","N","0","","39 53:35.070","","0","75 13:27.270","0","0","0","0","67301","0","0","0","N","0","0","0","1","67301","0","","9.0","","9","N","N","N","0","","0","0","0","","0","","","1","0","0","0","0","0","0","2","0","1","","04","","N","","","","","","","","","",""
"2021044611","","0","0","0","1","0","0","0","0","0","8","0","","67","5","2021","4","40.024323","-75.159737","","6","0","0","0","0","0","0","0","0","","0","0","0","","","1","N","0","","40 01:27.562","","0","75 09:35.054","3","0","0","0","67301","1","0","0","N","0","0","0","2","67301","0","","1.0","","1","N","N","N","0","","1","0","1","","0","","","2","1","1","0","0","0","1","2","0","1","","03","","N","","","","","","","","","",""
"2021064267","","2","0","0","0","0","0","0","0","0","1","0","","67","6","2021","2","40.038977","-75.044815","","6","0","0","0","0","0","0","0","0","","0","0","0","","","0","N","0","","40 02:20.318","","0","75 02:41.333","0","0","0","0","67301","0","0","0","N","0","0","0","2","67301","0","","1.0","","1","N","N","N","0","","0","0","0","","0","","","2","0","0","0","0","0","0","2","0","2","","","","N","","","","","","","","","",""
"2021071060","","0","0","0","0","0","0","0","0","0","5","0","","67","6","2021","2","39.96939","-75.245315","","6","0","0","0","0","0","0","0","0","","0","0","0","","","0","N","0","","39 58:09.803","","0","75 14:43.134","9","0","0","0","67301","0","0","0","N","0","0","0","1","67301","0","","6.0","","1","N","N","N","1","","0","0","1","","0","","","2","0","0","0","0","0","1","2","0","2","","03","","N","","","","","","","","","",""
"2021064217","","2","0","0","0","0","0","0","0","0","5","0","","67","6","2021","2","39.956447","-75.164443","","6","0","0","0","0","0","0","0","0","","0","0","0","","","0","","1","","39 57:23.209","2","0","75 09:51.995","0","0","0","0","67301","0","0","0","N","0","0","0","2","67301","0","","1.0","1800.0","1","N","N","N","0","","0","0","0","","2","N","","2","0","2","0","0","0","0","2","0","2","","","","N","","","","","","","","","",""
"2021048560","","2","0","0","0","0","0","0","0","0","4","0","","67","5","2021","4","39.916992","-75.173025","","6","0","0","0","0","0","0","0","0","","0","0","0","","","2","","1","","39 55:01.171","","7","75 10:22.890","3","0","0","0","67301","0","0","0","N","0","0","0","3","67301","0","","1.0","","9","N","N","N","0","","2","0","0","","2","","","2","2","1","0","0","0","0","2","0","2","","04","","N","","","","","","","","","",""
"2021047288","","1","0","0","0","0","0","0","0","0","4","0","","67","5","2021","2","40.026594","-75.123255","","6","0","0","0","0","0","1","0","0","","0","0","0","","","1","","1","","40 01:35.738","2","0","75 07:23.718","4","0","0","0","67301","0","0","0","N","0","0","0","3","67301","1","","1.0","1130.0","1","N","N","N","0","","0","0","2","","3","Y","","3","1","0","0","0","0","0","2","0","3","","04","","N","","","","","","","","","",""
"2021049074","","0","0","0","0","0","0","0","0","0","1","0","","67","5","2021","6","39.98628","-75.104371","","6","0","0","0","0","0","1","0","0","","0","0","0","","","2","","1","","39 59:10.608","","0","75 06:15.736","8","0","0","0","67301","0","0","0","N","0","0","0","3","67301","0","","1.0","","9","N","N","N","0","","0","0","2","","2","","","2","2","0","0","0","2","0","2","0","2","","04","","N","","","","","","","","","",""
"2021059559","","2","0","0","0","0","0","0","0","0","4","0","","67","6","2021","7","40.006928","-75.096796","","6","0","0","0","0","0","0","2","0","","0","0","0","","","1","","1","","40 00:24.940","","0","75 05:48.465","3","0","0","0","67301","0","0","0","N","0","0","0","3","67301","0","","1.0","","1","N","N","N","1","","1","0","0","","3","","","3","1","0","0","0","0","0","2","0","3","","03","","N","","","","","","","","","",""
"2021087414","","0","0","0","0","0","0","0","0","0","1","0","","67","9","2021","4","39.949709","-75.183915","","6","0","0","0","0","0","0","0","0","","0","0","0","","","2","N","0","","39 56:58.954","","0","75 11:02.095","8","0","0","0","67301","0","0","0","N","0","0","0","3","68K01","0","","1.0","","1","N","N","N","2","","0","0","1","","0","","","3","2","0","0","0","2","0","2","0","3","","","","N","","","","","","","","","",""
"2021051830","","2","0","0","0","0","0","0","0","0","4","0","","67","5","2021","5","40.018906","-75.14723","","6","0","0","1","0","0","0","0","0","","0","0","0","","","4","","1","","40 01:08.061","","0","75 08:50.029","3","0","0","0","67301","0","0","0","N","0","0","0","5","67301","0","","1.0","","1","N","N","Y","0","","4","0","0","","2","","","2","4","2","0","0","0","0","2","0","2","","03","","N","","","","","","","","","",""
"2021078131","","1","0","0","0","0","0","0","0","0","8","0","","67","8","2021","6","40.036507","-75.063127","","6","0","0","0","0","0","0","0","0","","0","0","0","","","1","N","0","","40 02:11.425","","0","75 03:47.256","3","0","0","0","67301","1","0","0","N","1","0","0","1","67301","0","","5.0","","1","N","N","N","0","","1","0","0","","0","","","2","1","0","0","0","0","0","2","0","1","","","","N","","","","","","","","","",""
"2021048140","","3","0","0","0","0","0","0","0","0","5","0","","67","5","2021","4","39.971452","-75.121096","","6","0","0","0","0","0","0","0","0","","0","0","0","","","0","","1","","39 58:17.228","1","2","75 07:15.945","0","0","0","0","67301","0","0","0","N","0","0","0","4","67301","0","","1.0","300.0","1","N","N","N","0","","0","0","0","","2","N","","3","0","0","0","0","0","0","2","0","3","","03","","N","","","","","","","","","",""
"2021048994","","2","0","0","0","0","0","0","0","0","1","0","","67","5","2021","5","40.068899","-75.007917","","6","0","0","0","0","0","0","0","0","","0","0","0","","","0","N","0","","40 04:08.035","","0","75 00:28.500","0","0","0","0","67301","0","0","0","N","0","0","0","2","67301","0","","1.0","","99","N","N","N","0","","0","0","0","","0","","","2","0","0","0","0","0","0","2","0","2","","03","","N","","","","","","","","","",""
"2021049627","","2","0","0","0","0","0","0","0","0","5","0","","67","5","2021","7","40.039498","-75.007471","","6","0","1","0","0","0","0","0","0","","0","0","0","","","0","N","0","","40 02:22.193","2","0","75 00:26.897","9","0","0","0","67301","0","0","0","N","0","0","0","5","68K01","0","","1.0","1212.0","9","N","N","N","0","","0","0","0","","0","N","","2","0","0","0","0","0","2","2","0","2","","","","N","","","","","","","","","",""
"2021048516","","0","0","0","0","0","0","0","0","0","1","0","","67","5","2021","3","39.968271","-75.128951","","6","0","0","0","0","2","0","0","0","","0","0","0","","","1","N","0","","39 58:05.774","","0","75 07:44.222","3","0","0","0","67301","0","0","0","N","0","0","0","4","68K01","0","","1.0","","1","N","N","N","1","","1","0","2","","0","","","4","1","0","0","0","0","0","2","1","4","","03","","N","","","","","","","","","",""
"2021049383","","0","0","0","0","0","0","0","0","0","7","0","","67","5","2021","7","39.892824","-75.224316","","6","0","0","0","0","0","0","0","0","","0","0","0","","","0","N","0","","39 53:34.167","2","8","75 13:27.538","0","0","0","0","67301","0","0","0","N","0","0","0","1","68K01","0","","4.0","830.0","9","N","N","N","0","","0","0","1","","0","N","","1","0","0","0","0","0","0","2","0","1","","07","","N","","","","","","","","","",""
"2021064309","","2","0","0","0","0","0","0","0","0","4","0","","67","6","2021","2","39.979172","-75.249038","","6","0","0","0","0","0","0","1","0","","0","0","0","","","2","","1","","39 58:45.019","","0","75 14:56.536","3","0","0","0","67301","0","0","0","N","0","0","0","2","67301","1","","1.0","","1","N","N","N","0","","1","0","0","","3","","","2","2","0","0","0","0","0","2","0","2","","","","N","","","","","","","","","",""
"2021070390","","0","0","0","0","0","0","0","0","0","8","0","","67","7","2021","4","39.953597","-75.165049","","6","0","0","0","0","0","0","0","0","","0","0","0","","","1","","1","","39 57:12.949","","0","75 09:54.175","8","0","0","0","67301","1","0","0","N","1","0","0","2","67301","0","","1.0","","1","N","N","N","0","","0","0","0","","2","","","2","1","0","0","0","1","0","2","0","1","","","","N","","","","","","","","","",""
"2021076439","","2","0","0","0","0","0","0","0","0","4","0","","67","8","2021","3","39.993317","-75.084762","","6","0","0","1","0","0","0","0","0","","0","0","0","","","0","N","0","","39 59:35.940","1","0","75 05:05.143","0","0","0","0","67301","0","0","0","N","0","0","0","2","68K01","0","","1.0","2330.0","9","N","N","N","0","","0","0","0","","0","Y","","2","0","0","0","0","0","0","2","0","2","","","","N","","","","","","","","","",""
"2021086043","","2","0","0","0","0","0","0","0","0","4","0","","67","9","2021","5","40.021588","-75.063216","","6","0","0","0","1","0","0","0","0","","1","0","0","","","0","","1","","40 01:17.718","","0","75 03:47.577","1","0","0","0","67301","1","1","0","N","1","1","0","3","67301","0","2","1.0","","1","N","N","N","0","0","0","0","0","","3","","","3","0","0","0","0","0","1","2","0","2","","03","","N","","","","","","","","","",""
"2021055876","","2","0","0","0","0","0","0","0","0","4","0","","67","5","2021","1","40.026257","-75.117151","","6","0","0","0","0","0","0","0","0","","0","0","0","","","0","","1","","40 01:34.526","","0","75 07:01.743","0","0","0","0","67301","0","0","0","N","0","0","0","2","67301","0","","1.0","","1","N","N","N","0","","0","0","1","","2","","","6","0","0","0","0","0","0","2","2","6","","03","","N","","","","","","","","","",""
"2021064285","","0","0","0","0","0","0","0","0","0","7","0","","67","6","2021","3","39.939539","-75.197561","","6","0","0","0","0","0","0","0","0","","0","0","0","","","1","N","0","","39 56:22.340","","0","75 11:51.220","3","0","0","0","67301","0","0","0","N","0","0","0","1","67301","0","","4.0","","1","N","N","N","1","","1","0","0","","0","","","1","1","0","0","0","0","0","2","0","1","","03","","N","","","","","","","","","",""
"2021048868","","0","0","0","0","0","0","0","0","0","4","0","","67","5","2021","4","39.911026","-75.230433","","6","0","0","0","0","0","1","0","0","","0","0","0","","","0","","1","","39 54:39.693","3","0","75 13:49.558","0","0","0","0","67301","0","0","0","N","0","0","0","3","67301","0","","1.0","100.0","9","N","N","N","1","","0","0","1","","2","Y","","2","0","0","0","0","0","0","2","0","2","","07","","N","","","","","","","","","",""
"2021047711","","2","0","0","0","0","0","0","0","0","4","0","","67","5","2021","3","39.971991","-75.149636","","6","0","0","0","0","0","0","0","0","","0","0","0","","","0","","1","","39 58:19.167","","0","75 08:58.689","0","0","0","0","67301","0","0","0","N","0","0","0","4","67301","0","","1.0","","1","N","N","N","0","","0","0","0","","3","","","2","0","0","0","0","0","0","2","0","2","","03","","N","","","","","","","","","",""
"2021041592","","0","0","0","0","0","0","0","0","0","1","0","","67","5","2021","1","40.011508","-75.135947","","6","0","0","0","0","0","1","0","0","","0","0","0","","","0","N","0","","40 00:41.430","","0","75 08:09.410","0","0","0","0","67301","0","0","0","N","0","0","0","3","67301","0","","1.0","","1","N","N","N","0","","0","0","3","","0","","","3","0","0","0","0","0","0","2","0","3","","03","","N","","","","","","","","","",""