"CRN","ARRIVAL_TM","AUTOMOBILE_COUNT","BELTED_DEATH_COUNT","BELTED_SUSP_SERIOUS_INJ_COUNT","BICYCLE_COUNT","BICYCLE_DEATH_COUNT","BICYCLE_SUSP_SERIOUS_INJ_COUNT","BUS_COUNT","CHLDPAS_DEATH_COUNT","CHLDPAS_SUSP_SERIOUS_INJ_COUNT","COLLISION_TYPE","COMM_VEH_COUNT","CONS_ZONE_SPD_LIM","COUNTY","CRASH_MONTH","CRASH_YEAR","DAY_OF_WEEK","DEC_LATITUDE","DEC_LONGITUDE","DISPATCH_TM","DISTRICT","DRIVER_COUNT_16YR","DRIVER_COUNT_17YR","DRIVER_COUNT_18YR","DRIVER_COUNT_19YR","DRIVER_COUNT_20YR","DRIVER_COUNT_50_64YR","DRIVER_COUNT_65_74YR","DRIVER_COUNT_75PLUS","EST_HRS_CLOSED","FATAL_COUNT","HEAVY_TRUCK_COUNT","HORSE_BUGGY_COUNT","HOUR_OF_DAY","ILLUMINATION","INJURY_COUNT","INTERSECTION_RELATED","INTERSECT_TYPE","LANE_CLOSED","LATITUDE","LN_CLOSE_DIR","LOCATION_TYPE","LONGITUDE","MAX_SEVERITY_LEVEL","MCYCLE_DEATH_COUNT","MCYCLE_SUSP_SERIOUS_INJ_COUNT","MOTORCYCLE_COUNT","MUNICIPALITY","NONMOTR_COUNT","NONMOTR_DEATH_COUNT","NONMOTR_SUSP_SERIOUS_INJ_COUNT","NTFY_HIWY_MAINT","PED_COUNT","PED_DEATH_COUNT","PED_SUSP_SERIOUS_INJ_COUNT","PERSON_COUNT","POLICE_AGCY","POSSIBLE_INJ_COUNT","RDWY_SURF_TYPE_CD","RELATION_TO_ROAD","ROADWAY_CLEARED","ROAD_CONDITION","SCH_BUS_IND","SCH_ZONE_IND","SECONDARY_CRASH","SMALL_TRUCK_COUNT","SPEC_JURIS_CD","SUSP_MINOR_INJ_COUNT","SUSP_SERIOUS_INJ_COUNT","SUV_COUNT","TCD_FUNC_CD","TCD_TYPE","TFC_DETOUR_IND","TIME_OF_DAY","TOTAL_UNITS","TOT_INJ_COUNT","UNBELTED_OCC_COUNT","UNB_DEATH_COUNT","UNB_SUSP_SERIOUS_INJ_COUNT","UNK_INJ_DEG_COUNT","UNK_INJ_PER_COUNT","URBAN_RURAL","VAN_COUNT","VEHICLE_COUNT","WEATHER1","WEATHER2","WORKERS_PRES","WORK_ZONE_IND","WORK_ZONE_LOC","WORK_ZONE_TYPE","WZ_CLOSE_DETOUR","WZ_FLAGGER","WZ_LAW_OFFCR_IND","WZ_LN_CLOSURE","WZ_MOVING","WZ_OTHER","WZ_SHLDER_MDN","WZ_WORKERS_INJ_KILLED"
"2021075962","","2","0","0","0","0","0","0","0","0","4","0","","67","8","2021","7","40.037242","-75.18698","","6","0","0","0","0","0","0","0","0","","0","0","0","","","0","N","0","","40 02:14.070","","0","75 11:13.128","0","0","0","0","67301","0","0","0","N","0","0","0","1","67301","0","","1.0","","1","N","N","N","0","","0","0","0","","0","","","2","0","0","0","0","0","0","2","0","2","","03","","N","","","","","","","","","",""
"2021075706","","0","0","0","0","0","0","0","0","0","8","0","","67","8","2021","7","40.012928","-75.174224","","6","0","0","0","0","0","0","0","0","","0","0","0","","","1","N","0","","40 00:46.542","","0","75 10:27.208","3","0","0","0","67301","1","0","0","N","1","0","0","2","67301","0","","1.0","","1","N","N","N","0","","1","0","0","","0","","","2","1","0","0","0","0","1","2","0","1","","03","","N","","","","","","","","","",""
"2021046928","","1","0","0","0","0","0","0","0","0","4","0","","67","5","2021","7","40.000643","-75.072513","","6","0","0","0","0","0","0","0","0","","0","0","0","","","1","","1","","40 00:02.314","7","0","75 04:21.046","3","0","0","0","67301","0","0","0","N","0","0","0","2","67301","0","","1.0","430.0","1","N","N","N","0","","1","0","3","","2","Y","","4","1","0","0","0","0","0","2","0","4","","03","","N","","","","","","","","","",""
"2021048759","","2","0","0","0","0","0","0","0","0","4","0","","67","5","2021","5","39.973618","-75.208341","","6","0","0","0","0","0","0","0","0","","0","0","0","","","1","N","0","","39 58:25.025","","0","75 12:30.028","3","0","0","0","67301","0","0","0","N","0","0","0","2","67301","0","","1.0","","1","N","N","N","0","","1","0","0","","0","","","3","1","0","0","0","0","1","2","0","3","","03","","N","","","","","","","","","",""
"2021076393","","1","0","0","0","0","0","0","0","0","5","0","","67","8","2021","5","39.923485","-75.147577","","6","0","0","0","0","0","1","0","0","","0","0","0","","","1","N","0","","39 55:24.545","2","0","75 08:51.277","3","0","0","0","67301","0","0","0","N","0","0","0","3","68K01","0","","1.0","715.0","1","N","N","N","0","","1","0","0","","0","N","","2","1","0","0","0","0","1","2","0","2","","03","","N","","","","","","","","","",""
"2021064273","","0","0","0","0","0","0","0","0","0","4","0","","67","6","2021","4","40.024164","-75.095536","","6","0","0","0","0","0","0","0","0","","0","0","0","","","1","","1","","40 01:26.990","1","0","75 05:43.929","3","0","0","0","67301","0","0","0","N","0","0","0","2","67301","0","","1.0","1945.0","1","N","N","N","1","","1","0","0","","2","N","","2","1","0","0","0","0","0","2","1","2","","03","","N","","","","","","","","","",""
"2021049749","","2","0","0","0","0","0","0","0","0","4","0","","67","5","2021","6","40.013178","-75.070421","","6","0","0","0","0","0","0","0","0","","0","0","0","","","1","","1","","40 00:47.439","","0","75 04:13.514","3","0","0","0","67301","0","0","0","N","0","0","0","3","67301","0","","1.0","","9","N","N","N","0","","1","0","0","","2","","","2","1","0","0","0","0","1","2","0","2","","07","","N","","","","","","","","","",""
"2021047284","","1","0","0","0","0","0","0","0","0","4","0","","67","5","2021","1","40.033265","-75.117881","","6","0","0","0","0","0","0","0","0","","0","0","0","","","1","","1","","40 01:59.754","","0","75 07:04.371","8","0","0","1","67301","0","0","0","N","0","0","0","2","67301","0","","1.0","","1","N","N","N","0","","0","0","0","","3","","","2","1","0","0","0","1","0","2","0","2","","03","","N","","","","","","","","","",""
"2021046065","","1","0","0","0","0","0","0","0","0","4","0","","67","5","2021","6","40.038922","-75.13762","","6","0","0","0","0","0","0","0","0","","0","0","0","","","0","","2","","40 02:20.119","2","0","75 08:15.432","0","0","0","0","67301","0","0","0","N","0","0","0","1","67301","0","","1.0","500.0","1","N","N","N","0","","0","0","1","","0","N","","2","0","0","0","0","0","0","2","0","2","","03","","N","","","","","","","","","",""
"2021058974","","2","0","0","0","0","0","0","0","0","5","0","","67","6","2021","7","39.955804","-75.203634","","6","0","0","0","0","0","1","0","0","","0","0","0","","","0","N","0","","39 57:20.896","","0","75 12:13.081","0","0","0","0","67301","0","0","0","N","0","0","0","1","67504","0","","6.0","","1","N","N","N","0","","0","0","0","","0","","","2","0","0","0","0","0","0","2","0","2","","03","","N","","","","","","","","","",""
"2021064283","","1","0","0","0","0","0","0","0","0","4","0","","67","6","2021","7","39.934039","-75.195963","","6","0","0","0","0","0","1","0","0","","0","0","0","","","0","","1","","39 56:02.542","","0","75 11:45.468","0","0","0","0","67301","0","0","0","N","0","0","0","2","67301","0","","1.0","","1","N","N","N","0","","0","0","0","","3","","","2","0","0","0","0","0","0","2","1","2","","03","","N","","","","","","","","","",""
"2021085696","","3","0","0","0","0","0","0","0","0","4","0","","67","9","2021","6","40.022351","-75.078135","","6","0","0","0","0","0","0","0","1","","0","0","0","","","0","","1","","40 01:20.463","","0","75 04:41.285","0","0","0","0","67301","0","0","0","N","0","0","0","3","67301","0","","1.0","","1","N","N","Y","0","","0","0","0","","2","","","3","0","0","0","0","0","0","2","0","3","","03","","N","","","","","","","","","",""
"2021049381","","1","0","0","0","0","0","0","0","0","0","0","","67","5","2021","6","40.045867","-75.001858","","6","0","0","0","0","0","0","0","0","","0","0","0","","","0","N","0","","40 02:45.122","","0","75 00:06.687","0","0","0","0","67301","0","0","0","Y","0","0","0","2","68K01","0","","1.0","","9","N","N","N","0","","0","0","0","","0","","","1","0","0","0","0","0","0","2","0","1","","04","","N","","","","","","","","","",""
"2021046570","","2","0","0","0","0","0","0","0","0","1","0","","67","5","2021","1","39.985417","-75.15975","","6","0","0","0","0","1","0","0","0","","0","0","0","","","0","N","0","","39 59:07.500","","0","75 09:35.100","0","0","0","0","67301","0","0","0","N","0","0","0","3","67505","0","","1.0","","1","N","N","N","0","","0","0","0","","0","","","2","0","2","0","0","0","0","2","0","2","","","","N","","","","","","","","","",""
"2021064319","","1","0","0","1","0","0","0","0","0","8","0","","67","6","2021","3","39.97319","-75.159004","","6","0","0","0","0","0","0","0","0","","0","0","0","","","1","","1","","39 58:23.483","","0","75 09:32.415","3","0","0","0","67301","1","0","0","N","0","0","0","2","67301","0","","1.0","","1","N","N","N","0","","1","0","0","","2","","","2","1","1","0","0","0","0","2","0","1","","03","","N","","","","","","","","","",""
"2021048561","","0","0","0","0","0","0","0","0","0","4","0","","67","5","2021","1","40.046784","-75.070288","","6","0","0","0","0","0","0","0","0","","0","0","0","","","1","","1","","40 02:48.424","","0","75 04:13.037","3","0","0","0","67301","0","0","0","N","0","0","0","2","67301","0","","1.0","","1","N","N","N","0","","1","0","0","","2","","","2","1","0","0","0","0","0","2","1","2","","03","","N","","","","","","","","","",""
"2021047712","","3","0","0","0","0","0","0","0","0","4","0","","67","5","2021","3","40.034746","-75.130874","","6","0","0","0","0","0","1","0","0","","0","0","0","","","3","","1","","40 02:05.085","5","0","75 07:51.146","3","0","0","0","67301","0","0","0","N","0","0","0","5","67301","0","","1.0","710.0","1","N","N","N","0","","2","0","1","","2","Y","","4","3","0","0","0","1","0","2","0","4","","","","N","","","","","","","","","",""
"2021076257","","1","0","0","0","0","0","0","0","0","5","1","","67","8","2021","7","40.101614","-74.998147","","6","0","0","0","0","0","1","0","0","","0","1","0","","","0","N","0","","40 06:05.810","4","0","74 59:53.330","9","0","0","0","67301","0","0","0","N","0","0","0","1","67301","0","","6.0","30.0","1","N","N","N","1","","0","0","1","","0","Y","","4","0","0","0","0","0","1","2","0","4","","03","","N","","","","","","","","","",""
"2021070394","","0","0","0","0","0","0","0","0","0","4","0","","67","7","2021","5","39.941618","-75.220167","","6","0","0","0","0","0","0","0","0","","0","1","0","","","1","","1","","39 56:29.823","","0","75 13:12.601","8","0","0","0","67301","0","0","0","N","0","0","0","2","67301","0","","1.0","","1","N","N","Y","0","","0","0","2","","2","","","3","1","0","0","0","1","0","2","0","3","","03","","N","","","","","","","","","",""
"2021047285","","3","0","0","0","0","0","0","0","0","5","0","","67","5","2021","1","40.025011","-75.135019","","6","0","0","0","0","0","0","0","0","","0","0","0","","","0","N","0","","40 01:30.040","","0","75 08:06.070","9","0","0","0","67301","0","0","0","N","0","0","0","1","67301","0","","6.0","","1","N","N","N","0","","0","0","1","","0","","","4","0","0","0","0","0","1","2","0","4","","03","","N","","","","","","","","","",""
"2021049172","","1","0","0","0","0","0","0","0","0","8","0","","67","5","2021","6","39.949351","-75.164318","","6","0","0","0","0","0","0","0","0","","0","0","0","","","1","","1","","39 56:57.663","","0","75 09:51.544","4","0","0","0","67301","1","0","0","N","1","0","0","2","67301","1","","1.0","","9","N","N","N","0","","0","0","0","","2","","","2","1","0","0","0","0","0","2","0","1","","07","","N","","","","","","","","","",""
"2021047520","","2","0","1","0","0","0","0","0","0","6","0","","67","5","2021","2","39.909156","-75.244808","","6","0","0","0","0","0","1","0","0","","0","0","0","","","2","N","0","","39 54:32.960","","0","75 14:41.310","2","0","0","0","67301","0","0","0","N","0","0","0","2","67301","1","","6.0","","1","N","N","N","0","","0","1","0","","0","","","2","2","0","0","0","0","0","2","0","2","","03","","N","","","","","","","","","",""
"2021046567","","0","0","0","0","0","0","0","0","0","5","0","","67","5","2021","1","39.955306","-75.147472","","6","0","0","0","0","0","0","0","0","","0","0","0","","","1","N","0","","39 57:19.100","4","3","75 08:50.900","4","0","0","0","67301","0","0","0","N","0","0","0","4","67501","1","","1.0","32.0","1","N","N","N","0","","0","0","2","","8","N","","2","1","0","0","0","0","0","2","0","2","","","","N","","","","","","","","","",""
"2021048873","","0","0","0","1","0","0","0","0","0","8","0","","67","5","2021","5","39.974119","-75.204313","","6","0","0","0","0","0","0","0","0","","0","0","0","","","1","","1","","39 58:26.830","","0","75 12:15.528","4","0","0","0","67301","1","0","0","N","0","0","0","2","67301","1","","1.0","","1","N","N","N","0","","0","0","1","","2","","","2","1","0","0","0","0","0","2","0","1","","03","","N","","","","","","","","","",""
"2021076241","","0","0","0","0","0","0","0","0","0","7","1","","67","8","2021","6","39.996328","-75.201603","","6","0","0","0","0","0","1","0","0","","0","1","0","","","1","N","0","","39 59:46.780","","0","75 12:05.770","3","0","0","0","67301","0","0","0","N","0","0","0","1","67301","0","","5.0","","3","N","N","N","0","","1","0","0","","0","","","1","1","0","0","0","0","0","2","0","1","","03","","N","","","","","","","","","",""
"2021044429","","2","0","0","0","0","0","0","0","0","4","0","","67","5","2021","7","40.045593","-75.071436","","6","0","0","0","1","0","1","1","0","","0","0","0","","","1","","1","","40 02:44.136","5","0","75 04:17.168","4","0","0","0","67301","0","0","0","N","0","0","0","3","67301","1","","1.0","1200.0","1","N","N","N","0","","0","0","1","","2","N","","3","1","2","0","0","0","0","2","0","3","","03","","N","","","","","","","","","",""
"2021046920","","2","0","0","0","0","0","0","0","0","4","0","","67","5","2021","1","39.918416","-75.208098","","6","0","0","0","0","0","0","0","0","","0","0","0","","","0","N","0","","39 55:06.298","","7","75 12:29.154","0","0","0","0","67301","0","0","0","N","0","0","0","2","67301","0","","1.0","","1","N","N","N","0","","0","0","0","","0","","","2","0","0","0","0","0","0","2","0","2","","","","N","","","","","","","","","",""
"2021053936","","0","0","0","0","0","0","0","0","0","4","0","","67","5","2021","6","39.95762","-75.145687","","6","0","0","0","0","0","0","0","0","","0","0","0","","","1","","1","","39 57:27.432","","0","75 08:44.473","3","0","0","0","67301","0","0","0","N","0","0","0","6","67301","0","","1.0","","1","N","N","N","1","","1","0","1","","2","","","2","1","2","0","0","0","0","2","0","2","","03","","N","","","","","","","","","",""
"2021087415","","0","0","0","0","0","0","0","0","0","1","0","","67","9","2021","4","39.906538","-75.149859","","6","0","0","0","0","0","0","1","0","","0","0","0","","","0","N","0","","39 54:23.538","","0","75 08:59.494","0","0","0","0","67301","0","0","0","N","0","0","0","2","68K01","0","","1.0","","1","N","N","N","0","","0","0","2","","0","","","2","0","0","0","0","0","0","2","0","2","","","","N","","","","","","","","","",""
"2021047829","","1","0","0","0","0","0","0","0","0","4","0","","67","5","2021","3","40.033146","-75.10696","","6","0","0","0","0","0","0","0","0","","0","0","0","","","2","","1","","40 01:59.326","","0","75 06:25.057","3","0","0","0","67301","0","0","0","N","0","0","0","5","67301","0","","1.0","","1","N","N","N","0","","1","0","1","","2","","","2","2","0","0","0","1","3","2","0","2","","","","N","","","","","","","","","",""
"2021048220","","0","0","1","0","0","0","0","0","0","4","0","","67","5","2021","5","40.033626","-75.046786","","6","0","0","0","0","0","0","1","0","","0","0","0","","","3","","1","","40 02:01.052","7","0","75 02:48.431","2","0","0","0","67301","0","0","0","N","0","0","0","3","67301","0","","1.0","354.0","9","N","N","N","0","","2","1","2","","2","Y","","2","3","2","0","0","0","0","2","0","2","","03","","N","","","","","","","","","",""
"2021070476","","1","0","0","0","0","0","0","0","0","4","0","","67","7","2021","4","39.976452","-75.184157","","6","0","0","0","0","0","0","0","0","","0","0","0","","","0","","1","","39 58:35.227","","0","75 11:02.965","0","0","0","0","67301","0","0","0","N","0","0","0","3","67301","0","","1.0","","1","N","N","N","0","","0","0","1","","3","","","2","0","0","0","0","0","0","2","0","2","","03","","N","","","","","","","","","",""
"2021044798","","1","0","0","0","0","0","0","0","0","1","0","","67","5","2021","2","40.013283","-75.069947","","6","0","0","0","0","0","0","0","0","","0","0","0","","","0","N","0","","40 00:47.817","","0","75 04:11.809","0","0","0","0","67301","0","0","0","N","0","0","0","1","67301","0","","6.0","","1","N","N","N","0","","0","0","2","","0","","","3","0","0","0","0","0","0","2","0","3","","03","","N","","","","","","","","","",""
"2021075798","","0","0","0","0","0","0","0","0","0","5","1","","67","8","2021","6","40.009514","-75.078642","","6","0","0","0","0","0","0","0","0","","0","1","0","","","0","N","0","","40 00:34.250","3","0","75 04:43.110","0","0","0","0","67301","0","0","0","N","0","0","0","1","67301","0","","1.0","1530.0","1","N","N","N","0","","0","0","1","","0","Y","","2","0","1","0","0","0","0","2","0","2","","03","","N","","","","","","","","","",""
"2021053241","","0","0","0","0","0","0","0","0","0","5","0","","67","5","2021","6","39.977632","-75.201178","","6","0","0","0","0","0","0","0","0","","0","0","0","","","0","N","0","","39 58:39.474","","0","75 12:04.240","0","0","0","0","67301","0","0","0","N","0","0","0","2","68K01","0","","1.0","","9","N","N","N","1","","0","0","1","","0","","","2","0","0","0","0","0","0","2","0","2","","","","N","","","","","","","","","",""
"2021046908","","3","0","0","0","0","0","0","0","0","3","0","","67","5","2021","1","39.94175","-75.149139","","6","0","0","0","0","0","0","0","0","","0","0","0","","","2","N","0","","39 56:30.300","","0","75 08:56.900","3","0","0","0","67301","2","0","0","N","2","0","0","4","67301","0","","6.0","","1","N","N","N","0","","2","0","0","","0","","","5","2","1","0","0","0","0","2","0","3","","03","","N","","","","","","","","","",""
"2021076456","","2","0","0","0","0","0","0","0","0","5","0","","67","8","2021","5","40.035425","-75.017306","","6","0","0","0","0","0","0","0","0","","0","0","0","","","0","N","0","","40 02:07.530","1","0","75 01:02.302","0","0","0","0","67301","0","0","0","N","0","0","0","2","68K01","0","","1.0","752.0","1","N","N","N","0","","0","0","0","","0","N","","2","0","0","0","0","0","0","2","0","2","","","","N","","","","","","","","","",""
"2021048757","","2","0","0","0","0","0","0","0","0","4","0","","67","5","2021","6","40.039575","-75.045738","","6","0","0","0","0","0","0","0","1","","0","0","0","","","1","","1","","40 02:22.471","","0","75 02:44.657","4","0","0","0","67301","0","0","0","N","0","0","0","3","67301","1","","1.0","","1","N","N","N","0","","0","0","0","","2","","","2","1","0","0","0","0","0","2","0","2","","","","N","","","","","","","","","",""
"2021071469","","0","0","0","0","0","0","0","0","0","4","0","","67","8","2021","1","39.973174","-75.159008","","6","0","0","0","1","0","0","0","0","","0","0","0","","","4","","1","","39 58:23.425","2","0","75 09:32.427","8","0","0","0","67301","0","0","0","N","0","0","0","4","67301","0","","1.0","2015.0","1","N","N","N","0","","0","0","2","","2","N","","2","4","0","0","0","4","0","2","0","2","","","","N","","","","","","","","","",""
"2021077891","","1","0","0","0","0","0","0","0","0","1","0","","67","8","2021","4","39.970984","-75.156275","","6","0","0","0","0","0","0","0","0","","0","0","0","","","0","N","0","","39 58:15.543","","0","75 09:22.590","0","0","0","0","67301","0","0","0","N","0","0","0","2","67301","0","","1.0","","1","N","N","N","0","","0","0","0","","2","","","2","0","0","0","0","0","0","2","0","2","","03","","N","","","","","","","","","",""
"2021048138","","1","0","0","0","0","0","0","0","0","2","0","","67","5","2021","5","40.04585","-75.082514","","6","0","0","0","1","0","0","0","0","","0","0","0","","","2","N","0","","40 02:45.060","2","0","75 04:57.050","3","0","0","0","67301","0","0","0","N","0","0","0","3","67301","0","","1.0","145.0","9","N","N","N","0","","2","0","2","","0","N","","4","2","0","0","0","0","0","2","0","4","","","","N","","","","","","","","","",""
"2021049182","","2","0","0","0","0","0","0","0","0","4","0","","67","5","2021","6","40.026327","-75.137098","","6","0","0","0","0","0","0","0","0","","0","0","0","","","1","","1","","40 01:34.777","","0","75 08:13.552","3","0","0","0","67301","0","0","0","N","0","0","0","7","67301","0","","1.0","","9","N","N","N","0","","1","0","0","","3","","","2","1","0","0","0","0","0","2","0","2","","","","N","","","","","","","","","",""
"2021053131","","1","0","0","0","0","0","0","0","0","8","0","","67","5","2021","7","39.996438","-75.113451","","6","0","0","0","0","0","1","0","0","","0","0","0","","","1","","5","","39 59:47.175","","1","75 06:48.425","8","0","0","0","67301","1","0","0","N","1","0","0","2","67508","0","","1.0","","1","N","N","Y","0","","0","0","0","","2","","","2","1","0","0","0","1","0","2","0","1","","03","","N","","","","","","","","","",""
"2021048758","","2","0","0","0","0","0","0","0","0","4","0","","67","5","2021","5","39.95906","-75.203602","","6","0","0","0","0","0","0","0","0","","0","0","0","","","0","","1","","39 57:32.616","4","0","75 12:12.967","0","0","0","0","67301","0","0","0","N","0","0","0","3","67301","0","","1.0","30.0","1","N","N","Y","0","","0","0","0","","3","N","","2","0","0","0","0","0","0","2","0","2","","03","","N","","","","","","","","","",""
"2021077647","","0","0","0","1","0","0","0","0","0","8","0","","67","8","2021","2","39.959923","-75.224883","","6","0","0","0","0","0","0","0","0","","0","0","0","","","1","","1","","39 57:35.722","","0","75 13:29.578","4","0","0","0","67301","1","0","0","N","0","0","0","1","67301","1","","1.0","","1","N","N","N","0","","0","0","1","","2","","","2","1","0","0","0","0","0","2","0","1","","03","","N","","","","","","","","","",""
"2021046922","","1","0","0","0","0","0","0","0","0","4","0","","67","5","2021","7","40.060908","-75.164132","","6","0","0","0","0","0","0","0","0","","0","0","0","","","1","","1","","40 03:39.269","5","0","75 09:50.875","3","0","0","0","67301","0","0","0","N","0","0","0","3","67301","0","","1.0","525.0","1","N","N","N","0","","1","0","1","","2","Y","","2","1","1","0","0","0","0","2","0","2","","03","","N","","","","","","","","","",""
"2021054212","","1","0","0","0","0","0","0","0","0","4","0","","67","5","2021","5","40.080783","-75.028366","","6","0","0","0","0","0","0","0","0","","0","0","0","","","1","","1","","40 04:50.820","2","0","75 01:42.117","3","0","0","0","67301","0","0","0","N","0","0","0","2","67301","0","","1.0","2030.0","1","N","N","N","0","","1","0","0","","2","Y","","2","1","0","0","0","0","0","2","1","2","","","","N","","","","","","","","","",""
"2021048499","","0","0","0","0","0","0","0","0","0","1","0","","67","5","2021","7","39.959462","-75.174524","","6","0","0","0","0","0","0","0","0","","0","0","0","","","0","N","0","","39 57:34.063","","0","75 10:28.286","9","0","0","0","67301","0","0","0","N","0","0","0","4","68K01","0","","1.0","","1","N","N","N","0","","0","0","2","","0","","","3","0","0","0","0","0","1","2","0","3","","03","","N","","","","","","","","","",""
"2021049081","","2","0","0","0","0","0","0","0","0","4","0","","67","5","2021","6","40.0262","-75.16915","","6","0","0","0","0","0","0","0","0","","0","0","0","","","4","","1","","40 01:34.321","","0","75 10:08.941","3","0","0","0","67301","0","0","0","N","0","0","0","4","67301","0","","1.0","","9","N","N","N","0","","4","0","0","","2","","","2","4","0","0","0","0","0","2","0","2","","07","","N","","","","","","","","","",""
"2021047705","","0","0","0","1","0","0","0","0","0","8","0","","67","5","2021","2","40.11296","-75.023011","","6","0","0","0","0","0","0","0","0","","0","0","0","","","1","","1","","40 06:46.657","","0","75 01:22.840","3","0","0","0","67301","1","0","0","N","0","0","0","2","67301","0","","1.0","","1","N","N","N","1","","1","0","0","","2","","","2","1","1","0","0","0","0","2","0","1","","03","","N","","","","","","","","","",""
"2021048503","","0","0","0","0","0","0","0","0","0","7","0","45","67","5","2021","1","39.898756","-75.180344","","6","0","0","0","0","0","1","0","0","","0","0","0","","","0","N","0","","39 53:55.520","","0","75 10:49.240","0","0","0","0","67301","0","0","0","N","0","0","0","4","68K01","0","","1.0","","1","N","N","N","0","","0","0","1","","0","","","1","0","0","0","0","0","0","2","0","1","","","N","Y","4","1","","","N","Y","","Y","Y","N"
"2021078061","","1","0","0","0","0","0","0","0","0","1","0","","67","8","2021","3","39.937989","-75.144086","","6","0","0","0","0","0","0","0","0","","0","0","0","","","3","N","0","","39 56:16.759","","0","75 08:38.709","4","0","0","0","67301","0","0","0","N","0","0","0","4","68K01","3","","1.0","","1","N","N","N","0","","0","0","1","","0","","","2","3","0","0","0","0","0","2","0","2","","","","N","","","","","","","","","",""
"2021064409","","1","0","0","0","0","0","0","0","0","7","0","","67","6","2021","4","40.012799","-75.183435","","6","0","0","0","0","0","1","0","0","","0","0","0","","","1","N","0","","40 00:46.076","","0","75 11:00.365","2","0","0","0","67301","0","0","0","N","0","0","0","1","67301","0","","5.0","","1","N","N","N","0","","0","1","0","","0","","","1","1","0","0","0","0","0","2","0","1","","","","N","","","","","","","","","",""
"2021077158","","1","0","0","0","0","0","0","0","0","4","0","","67","8","2021","7","39.944939","-75.148423","","6","0","0","0","0","0","0","0","0","","0","0","0","","","0","","1","","39 56:41.782","4","0","75 08:54.322","0","0","0","0","67301","0","0","0","N","0","0","0","2","67301","0","","1.0","2130.0","1","N","N","N","0","","0","0","1","","2","Y","","2","0","0","0","0","0","0","2","0","2","","03","","N","","","","","","","","","",""
"2021087454","","1","0","0","0","0","0","0","0","0","2","0","","67","9","2021","1","39.995817","-75.120814","","6","0","0","0","0","0","0","0","0","","0","1","0","","","0","N","0","","39 59:44.940","3","0","75 07:14.930","0","0","0","0","67301","0","0","0","N","0","0","0","1","67301","0","","1.0","336.0","1","N","N","N","0","","0","0","0","","0","N","","2","0","0","0","0","0","0","2","0","2","","03","","N","","","","","","","","","",""
"2021049071","","1","0","0","0","0","0","0","0","0","4","0","","67","5","2021","7","40.045861","-75.182191","","6","0","0","0","0","0","0","0","0","","0","0","0","","","0","","1","","40 02:45.100","","0","75 10:55.887","9","0","0","0","67301","0","0","0","N","0","0","0","2","67301","0","","1.0","","9","N","N","N","0","","0","0","0","","2","","","2","0","2","0","0","0","1","2","1","2","","07","","N","","","","","","","","","",""
"2021046334","","1","0","0","0","0","0","0","0","0","4","0","","67","5","2021","6","40.036688","-75.132483","","6","0","0","0","0","2","0","0","0","","0","0","0","","","2","","1","","40 02:12.076","","0","75 07:56.939","3","0","0","0","67301","0","0","0","N","0","0","0","3","67301","0","","1.0","","1","N","N","N","0","","2","0","1","","2","","","2","2","0","0","0","0","0","2","0","2","","03","","N","","","","","","","","","",""
"2021064349","","2","0","0","0","0","0","0","0","0","2","0","","67","6","2021","2","40.008789","-75.127067","","6","0","0","0","0","0","1","0","0","","0","0","0","","","3","N","0","","40 00:31.640","","0","75 07:37.440","2","0","0","0","67301","0","0","0","N","0","0","0","3","67301","0","","1.0","","1","N","N","N","0","","2","1","0","","0","","","2","3","0","0","0","0","0","2","0","2","","03","","N","","","","","","","","","",""
"2021070466","","2","0","0","0","0","0","0","0","0","3","0","","67","7","2021","4","39.955499","-75.24211","","6","0","0","0","0","0","0","0","0","","0","0","0","","","4","","1","","39 57:19.796","","0","75 14:31.596","8","0","0","0","67301","0","0","0","N","0","0","0","5","67301","0","","1.0","","1","N","N","N","0","","0","0","0","","3","","","2","4","0","0","0","4","0","2","0","2","","04","","N","","","","","","","","","",""
"2021047831","","1","0","0","0","0","0","0","0","0","5","0","","67","5","2021","3","39.963779","-75.161166","","6","0","0","0","0","0","0","0","0","","0","0","0","","","0","","2","","39 57:49.605","","0","75 09:40.199","9","0","0","0","67301","0","0","0","N","0","0","0","2","67301","0","","1.0","","1","N","Y","N","0","","0","0","1","","2","","","2","0","0","0","0","0","1","2","0","2","","03","","N","","","","","","","","","",""
"2021054796","","0","0","0","0","0","0","0","0","0","5","0","","67","5","2021","6","39.99123","-75.203855","","6","0","0","0","0","0","0","0","0","","0","0","0","","","1","N","0","","39 59:28.427","3","0","75 12:13.877","8","0","0","0","67301","0","0","0","N","0","0","0","7","68K01","0","","1.0","2022.0","1","N","N","N","0","","0","0","4","","0","N","","4","1","0","0","0","1","0","2","0","4","","03","","N","","","","","","","","","",""
"2021049743","","2","0","0","0","0","0","0","0","0","1","0","","67","5","2021","7","39.937923","-75.23392","","6","0","0","0","0","0","0","0","0","","0","0","0","","","0","","1","","39 56:16.524","","0","75 14:02.111","9","0","0","0","67301","0","0","0","N","0","0","0","3","67301","0","","1.0","","9","N","N","N","0","","0","0","0","","2","","","2","0","1","0","0","0","2","2","0","2","","04","","N","","","","","","","","","",""
"2021064210","","1","0","0","0","0","0","0","0","0","1","0","","67","6","2021","7","40.043652","-75.021864","","6","0","0","0","0","0","0","0","0","","0","0","0","","","1","","2","","40 02:37.146","","0","75 01:18.710","8","0","0","0","67301","0","0","0","N","0","0","0","2","67301","0","","1.0","","1","N","N","N","0","","0","0","1","","2","","","2","1","0","0","0","1","1","2","0","2","","03","","N","","","","","","","","","",""