"CRN","ARRIVAL_TM","AUTOMOBILE_COUNT","BELTED_DEATH_COUNT","BELTED_SUSP_SERIOUS_INJ_COUNT","BICYCLE_COUNT","BICYCLE_DEATH_COUNT","BICYCLE_SUSP_SERIOUS_INJ_COUNT","BUS_COUNT","CHLDPAS_DEATH_COUNT","CHLDPAS_SUSP_SERIOUS_INJ_COUNT","COLLISION_TYPE","COMM_VEH_COUNT","CONS_ZONE_SPD_LIM","COUNTY","CRASH_MONTH","CRASH_YEAR","DAY_OF_WEEK","DEC_LATITUDE","DEC_LONGITUDE","DISPATCH_TM","DISTRICT","DRIVER_COUNT_16YR","DRIVER_COUNT_17YR","DRIVER_COUNT_18YR","DRIVER_COUNT_19YR","DRIVER_COUNT_20YR","DRIVER_COUNT_50_64YR","DRIVER_COUNT_65_74YR","DRIVER_COUNT_75PLUS","EST_HRS_CLOSED","FATAL_COUNT","HEAVY_TRUCK_COUNT","HORSE_BUGGY_COUNT","HOUR_OF_DAY","ILLUMINATION","INJURY_COUNT","INTERSECTION_RELATED","INTERSECT_TYPE","LANE_CLOSED","LATITUDE","LN_CLOSE_DIR","LOCATION_TYPE","LONGITUDE","MAX_SEVERITY_LEVEL","MCYCLE_DEATH_COUNT","MCYCLE_SUSP_SERIOUS_INJ_COUNT","MOTORCYCLE_COUNT","MUNICIPALITY","NONMOTR_COUNT","NONMOTR_DEATH_COUNT","NONMOTR_SUSP_SERIOUS_INJ_COUNT","NTFY_HIWY_MAINT","PED_COUNT","PED_DEATH_COUNT","PED_SUSP_SERIOUS_INJ_COUNT","PERSON_COUNT","POLICE_AGCY","POSSIBLE_INJ_COUNT","RDWY_SURF_TYPE_CD","RELATION_TO_ROAD","ROADWAY_CLEARED","ROAD_CONDITION","SCH_BUS_IND","SCH_ZONE_IND","SECONDARY_CRASH","SMALL_TRUCK_COUNT","SPEC_JURIS_CD","SUSP_MINOR_INJ_COUNT","SUSP_SERIOUS_INJ_COUNT","SUV_COUNT","TCD_FUNC_CD","TCD_TYPE","TFC_DETOUR_IND","TIME_OF_DAY","TOTAL_UNITS","TOT_INJ_COUNT","UNBELTED_OCC_COUNT","UNB_DEATH_COUNT","UNB_SUSP_SERIOUS_INJ_COUNT","UNK_INJ_DEG_COUNT","UNK_INJ_PER_COUNT","URBAN_RURAL","VAN_COUNT","VEHICLE_COUNT","WEATHER1","WEATHER2","WORKERS_PRES","WORK_ZONE_IND","WORK_ZONE_LOC","WORK_ZONE_TYPE","WZ_CLOSE_DETOUR","WZ_FLAGGER","WZ_LAW_OFFCR_IND","WZ_LN_CLOSURE","WZ_MOVING","WZ_OTHER","WZ_SHLDER_MDN","WZ_WORKERS_INJ_KILLED"
"2021047742","","1","0","0","0","0","0","0","0","0","7","0","","67","5","2021","3","39.961579","-75.154231","","6","0","0","0","0","0","0","0","0","","0","0","0","","","0","N","0","","39 57:41.683","","0","75 09:15.230","0","0","0","0","67301","0","0","0","N","0","0","0","1","67301","0","","4.0","","1","N","N","N","0","","0","0","0","","0","","","1","0","0","0","0","0","0","2","0","1","","03","","N","","","","","","","","","",""
"2021047741","","1","0","0","0","0","0","0","0","0","5","0","","67","5","2021","7","39.946062","-75.141625","","6","0","0","1","0","0","0","0","0","","0","0","0","","","0","N","0","","39 56:45.824","","0","75 08:29.849","0","0","0","0","67301","0","0","0","N","0","0","0","5","67301","0","","1.0","","1","N","N","N","0","","0","0","1","","0","","","2","0","0","0","0","0","0","2","0","2","","03","","N","","","","","","","","","",""
"2021047385","","1","0","0","0","0","0","0","0","0","4","0","","67","5","2021","1","39.915472","-75.137911","","6","0","0","0","0","0","0","0","0","","0","0","0","","","0","N","0","","39 54:55.698","","7","75 08:16.478","0","0","0","1","67301","0","0","0","N","0","0","0","2","67301","0","","1.0","","1","N","N","N","0","","0","0","0","","0","","","2","0","0","0","0","0","0","2","0","2","","03","","N","","","","","","","","","",""
"2021048218","","1","0","0","0","0","0","0","0","0","4","0","","67","5","2021","4","40.057794","-75.008743","","6","0","0","0","0","0","0","1","0","","0","0","0","","","1","","1","","40 03:28.059","","0","75 00:31.473","3","0","0","0","67301","0","0","0","N","0","0","0","2","67301","0","","1.0","","1","N","N","N","0","","1","0","1","","2","","","2","1","0","0","0","0","0","2","0","2","","03","","N","","","","","","","","","",""
"2021076399","","1","0","0","0","0","0","0","0","0","7","0","","67","8","2021","6","40.026814","-75.025786","","6","0","0","0","0","0","0","0","0","","0","0","0","","","1","N","0","","40 01:36.531","","0","75 01:32.829","4","0","0","0","67301","0","0","0","N","0","0","0","1","68K01","1","","4.0","","1","N","N","N","0","","0","0","0","","0","","","1","1","0","0","0","0","0","2","0","1","","","","N","","","","","","","","","",""
"2021048110","","1","0","0","0","0","0","0","0","0","4","0","","67","5","2021","1","39.958465","-75.225185","","6","0","0","0","0","0","0","0","0","","0","0","0","","","0","","1","","39 57:30.474","","0","75 13:30.666","9","0","0","0","67301","0","0","0","N","0","0","0","3","67301","0","","1.0","","1","N","N","N","0","","0","0","1","","2","","","2","0","0","0","0","0","1","2","0","2","","","","N","","","","","","","","","",""
"2021049183","","2","0","0","0","0","0","0","0","0","1","0","","67","5","2021","6","40.027214","-75.114526","","6","0","0","0","0","0","2","0","0","","0","0","0","","","3","","1","","40 01:37.970","","0","75 06:52.293","3","0","0","0","67301","0","0","0","N","0","0","0","4","67301","0","","1.0","","9","N","N","N","0","","3","0","1","","0","","","3","3","0","0","0","0","0","2","0","3","","","","N","","","","","","","","","",""
"2021076068","","1","0","0","0","0","0","0","0","0","4","0","","67","8","2021","4","40.025017","-75.116513","","6","0","0","0","0","0","1","0","0","","0","0","0","","","1","","1","","40 01:30.061","","0","75 06:59.446","3","0","0","0","67301","0","0","0","N","0","0","0","2","67301","0","","1.0","","1","N","N","N","0","","1","0","1","","3","","","2","1","0","0","0","0","0","2","0","2","","","","N","","","","","","","","","",""
"2021077125","","1","0","0","0","0","0","0","0","0","4","0","","67","8","2021","2","39.970559","-75.14996","","6","0","0","0","0","1","0","1","0","","0","0","0","","","1","","1","","39 58:14.012","","0","75 08:59.857","4","0","0","0","67301","0","0","0","N","0","0","0","4","67301","1","","1.0","","1","N","N","N","0","","0","0","1","","2","","","2","1","0","0","0","0","0","2","0","2","","03","","N","","","","","","","","","",""
"2021064307","","3","0","0","0","0","0","0","0","0","2","0","","67","6","2021","1","39.974368","-75.239942","","6","0","0","0","0","0","0","0","0","","0","0","0","","","0","","1","","39 58:27.724","","0","75 14:23.791","0","0","0","0","67301","0","0","0","N","0","0","0","2","67301","0","","1.0","","1","N","N","N","0","","0","0","2","","3","","","5","0","0","0","0","0","0","2","0","5","","03","","N","","","","","","","","","",""
"2021076626","","1","0","0","0","0","0","0","0","0","1","0","","67","8","2021","2","40.057391","-75.174694","","6","0","0","0","1","0","1","0","0","","0","0","0","","","2","N","0","","40 03:26.608","","0","75 10:28.900","3","0","0","0","67301","0","0","0","N","0","0","0","4","67301","0","","1.0","","1","N","N","N","0","","2","0","1","","0","","","3","2","0","0","0","0","1","2","0","3","","","","N","","","","","","","","","",""
"2021047525","","1","0","0","0","0","0","0","0","0","4","0","","67","5","2021","7","40.009563","-75.153638","","6","0","0","0","0","0","1","0","0","","0","0","0","","","1","","1","","40 00:34.427","","0","75 09:13.095","3","0","0","1","67301","0","0","0","N","0","0","0","2","67301","0","","1.0","","1","N","N","N","0","","1","0","0","","3","","","2","1","0","0","0","0","0","2","0","2","","","","N","","","","","","","","","",""
"2021049277","","2","0","0","0","0","0","0","0","0","4","0","","67","5","2021","5","39.991604","-75.228061","","6","0","0","0","0","0","0","1","0","","0","0","0","","","0","","1","","39 59:29.774","","0","75 13:41.019","0","0","0","0","67301","0","0","0","N","0","0","0","2","67301","0","","1.0","","1","N","N","N","0","","0","0","0","","3","","","2","0","1","0","0","0","0","2","0","2","","","","N","","","","","","","","","",""
"2021049187","","0","0","0","0","0","0","0","0","0","1","0","","67","5","2021","6","40.024687","-75.130598","","6","0","0","0","0","0","0","0","0","","0","0","0","","","2","","1","","40 01:28.873","","0","75 07:50.152","3","0","0","0","67301","0","0","0","N","0","0","0","3","67301","0","","1.0","","9","N","N","N","0","","2","0","2","","2","","","3","2","1","0","0","0","0","2","1","3","","07","","N","","","","","","","","","",""
"2021066087","","2","0","0","0","0","0","0","0","0","1","0","","67","5","2021","7","39.958497","-75.167772","","6","0","0","0","0","0","1","0","0","","0","0","0","","","1","N","0","","39 57:30.590","","0","75 10:03.978","4","0","0","0","67301","0","0","0","N","0","0","0","2","68K01","1","","1.0","","9","N","N","N","0","","0","0","0","","0","","","2","1","0","0","0","0","0","2","0","2","","07","","N","","","","","","","","","",""
"2021077264","","1","0","0","0","0","0","0","0","0","7","0","","67","8","2021","3","39.907243","-75.228027","","6","0","0","0","0","0","0","0","0","","0","0","0","","","0","Y","1","","39 54:26.074","","0","75 13:40.897","9","0","0","0","67301","0","0","0","N","0","0","0","1","67301","0","","5.0","","1","N","N","N","0","","0","0","0","","3","","","1","0","0","0","0","0","1","2","0","1","","03","","N","","","","","","","","","",""
"2021048924","","2","0","0","0","0","0","0","0","0","5","0","","67","5","2021","6","39.949819","-75.221692","","6","0","0","0","0","0","0","0","0","","0","0","0","","","0","N","0","","39 56:59.350","3","0","75 13:18.090","0","0","0","0","67301","0","0","0","N","0","0","0","1","67301","0","","6.0","800.0","1","N","N","N","0","","0","0","1","","0","Y","","3","0","1","0","0","0","0","2","0","3","","03","","N","","","","","","","","","",""
"2021048654","","0","0","0","0","0","0","0","0","0","8","0","","67","5","2021","5","40.030129","-75.035161","","6","0","0","0","0","0","0","0","0","","0","0","0","","","1","","1","","40 01:48.464","","0","75 02:06.579","3","0","0","0","67301","1","0","0","N","1","0","0","2","67301","0","","1.0","","1","N","Y","N","0","","1","0","1","","2","","","2","1","1","0","0","0","0","2","0","1","","03","","N","","","","","","","","","",""
"2021048102","","1","0","0","0","0","0","0","0","0","1","0","","67","5","2021","3","39.960173","-75.137197","","6","0","0","0","1","0","0","0","0","","0","0","0","","","0","","2","","39 57:36.624","","0","75 08:13.909","0","0","0","0","67301","0","0","0","N","0","0","0","2","67301","0","","1.0","","1","N","N","N","0","","0","0","0","","2","","","2","0","0","0","0","0","0","2","1","2","","03","","N","","","","","","","","","",""
"2021048111","","1","0","0","0","0","0","0","0","0","5","0","","67","5","2021","1","39.974181","-75.158788","","6","0","0","0","0","0","0","0","0","","0","0","0","","","1","N","0","","39 58:27.052","","0","75 09:31.637","4","0","0","0","67301","0","0","0","N","0","0","0","3","67301","1","","1.0","","1","N","N","N","0","","0","0","1","","0","","","2","1","0","0","0","0","0","2","0","2","","","","N","","","","","","","","","",""
"2021047524","","0","0","0","0","0","0","0","0","0","4","0","","67","5","2021","1","39.991031","-75.101639","","6","0","0","0","0","0","1","0","0","","0","0","0","","","1","","1","","39 59:27.713","1","0","75 06:05.900","2","0","1","1","67301","0","0","0","N","0","0","0","3","67301","0","","1.0","2200.0","1","N","N","N","0","","0","1","1","","2","N","","3","1","0","0","0","0","0","2","1","3","","03","","N","","","","","","","","","",""
"2021047833","","2","0","0","0","0","0","0","0","0","4","0","","67","5","2021","3","39.971955","-75.241112","","6","0","0","0","0","1","0","0","0","","0","0","0","","","1","","2","","39 58:19.037","","0","75 14:28.003","3","0","0","0","67301","0","0","0","N","0","0","0","2","67301","0","","1.0","","1","N","N","N","0","","1","0","0","","3","","","2","1","1","0","0","0","0","2","0","2","","03","","N","","","","","","","","","",""
"2021047839","","2","0","0","0","0","0","0","0","0","5","0","","67","5","2021","7","39.998787","-75.131406","","6","0","0","0","0","0","0","0","0","","0","0","0","","","0","N","0","","39 59:55.633","","0","75 07:53.063","0","0","0","0","67301","0","0","0","N","0","0","0","2","67301","0","","6.0","","1","N","N","N","0","","0","0","1","","0","","","3","0","0","0","0","0","0","2","0","3","","","","N","","","","","","","","","",""
"2021048107","","0","0","0","1","0","0","0","0","0","8","0","","67","5","2021","4","40.008817","-75.080761","","6","0","0","0","0","0","0","0","0","","0","0","0","","","1","N","0","","40 00:31.740","","0","75 04:50.740","3","0","0","0","67301","1","0","0","N","0","0","0","2","67301","0","","1.0","","9","N","N","N","0","","1","0","0","","0","","","2","1","0","0","0","0","0","2","0","1","","","","N","","","","","","","","","",""
"2021077034","","1","0","0","0","0","0","0","0","0","4","0","","67","7","2021","3","40.016305","-75.051912","","6","0","0","0","0","0","1","0","0","","0","0","0","","","1","N","0","","40 00:58.697","2","0","75 03:06.882","3","0","0","0","67301","0","0","0","N","0","0","0","2","68K01","0","","1.0","30.0","1","N","N","N","0","","1","0","1","","0","N","","2","1","1","0","0","0","0","2","0","2","","03","","N","","","","","","","","","",""
"2021075966","","0","0","0","0","0","0","0","0","0","8","1","","67","7","2021","4","40.067364","-75.240178","","6","0","0","0","0","0","0","0","0","","0","1","0","","","2","","2","","40 04:02.511","","0","75 14:24.642","2","0","0","0","67301","1","0","1","N","1","0","1","2","67301","0","","1.0","","1","N","N","N","0","","0","2","1","","0","","","3","2","1","0","1","0","0","2","0","2","","03","","N","","","","","","","","","",""
"2021077889","","0","0","0","0","0","0","1","0","0","5","2","","67","8","2021","3","40.024094","-75.035084","","6","0","0","0","0","0","0","0","0","","0","1","0","","","5","N","0","","40 01:26.739","","7","75 02:06.304","4","0","0","0","67301","0","0","0","N","0","0","0","8","67301","5","","1.0","","1","N","N","N","0","","0","0","0","","0","","","2","5","0","0","0","0","0","2","0","2","","04","","N","","","","","","","","","",""
"2021060038","","0","0","0","0","0","0","0","0","0","4","0","","67","6","2021","3","","","","6","0","0","0","0","0","1","0","0","","0","0","0","","","0","N","0","","","2","6","","0","0","0","0","67301","0","0","0","N","0","0","0","2","67505","0","","1.0","645.0","1","N","N","N","0","","0","0","1","","0","N","","2","0","0","0","0","0","0","1","1","2","","03","","N","","","","","","","","","",""
"2021046917","","1","0","0","1","0","0","0","0","0","8","0","","67","5","2021","7","39.965198","-75.160883","","6","0","0","0","0","0","0","0","0","","0","0","0","","","1","","1","","39 57:54.712","","0","75 09:39.179","4","0","0","0","67301","1","0","0","N","0","0","0","2","67301","1","","1.0","","1","N","N","N","0","","0","0","0","","2","","","2","1","0","0","0","0","0","2","0","1","","03","","N","","","","","","","","","",""
"2021049068","","1","0","0","0","0","0","0","0","0","6","0","","67","5","2021","6","40.058177","-75.052608","","6","0","0","1","0","0","1","0","0","","0","0","0","","","1","N","0","","40 03:29.438","","0","75 03:09.390","8","0","0","0","67301","0","0","0","N","0","0","0","2","67301","0","","1.0","","9","N","N","N","0","","0","0","1","","0","","","2","1","0","0","0","1","0","2","0","2","","04","","N","","","","","","","","","",""
"2021069795","","1","0","0","0","0","0","0","0","0","8","0","","67","7","2021","4","39.950594","-75.145581","","6","0","0","0","0","0","0","0","0","","0","0","0","","","1","N","0","","39 57:02.140","","0","75 08:44.090","4","0","0","0","67301","1","0","0","N","1","0","0","2","67301","1","","1.0","","1","N","N","N","1","","0","0","0","","0","","","3","1","0","0","0","0","0","2","0","2","","03","","N","","","","","","","","","",""
"2021049467","","3","0","0","0","0","0","0","0","0","5","0","","67","5","2021","2","39.969919","-75.217122","","6","0","0","0","0","0","0","0","0","","0","0","0","","","0","N","0","","39 58:11.710","","0","75 13:01.640","0","0","0","0","67301","0","0","0","N","0","0","0","2","67301","0","","1.0","","1","N","N","N","0","","0","0","1","","0","","","4","0","0","0","0","0","0","2","0","4","","","","N","","","","","","","","","",""
"2021052554","","2","0","0","0","0","0","0","0","0","1","0","","67","5","2021","7","39.959407","-75.17408","","6","0","0","0","0","0","0","0","0","","0","0","0","","","0","N","0","","39 57:33.865","4","0","75 10:26.687","9","0","0","0","67301","0","0","0","N","0","0","0","4","68K01","0","","1.0","25.0","1","N","N","N","0","","0","0","1","","0","N","","4","0","0","0","0","0","1","2","0","4","","","","N","","","","","","","","","",""
"2021047390","","1","0","0","0","0","0","0","0","0","1","0","","67","5","2021","2","39.954555","-75.181298","","6","0","0","0","0","0","1","0","1","","0","0","0","","","0","","1","","39 57:16.399","","0","75 10:52.674","9","0","0","0","67301","0","0","0","N","0","0","0","2","67301","0","","1.0","","1","N","N","N","0","","0","0","1","","2","","","2","0","0","0","0","0","2","2","0","2","","04","","N","","","","","","","","","",""
"2021076598","","1","0","1","0","0","0","0","0","0","4","1","","67","8","2021","6","40.040323","-75.058538","","6","0","0","0","0","0","0","0","0","","0","1","0","","","1","","1","","40 02:25.164","1","0","75 03:30.737","2","0","0","0","67301","0","0","0","N","0","0","0","2","67301","0","","1.0","1614.0","1","N","N","N","0","","0","1","0","","2","Y","","2","1","0","0","0","0","0","2","0","2","","03","","N","","","","","","","","","",""
"2021047710","","1","0","0","0","0","0","0","0","0","4","0","","67","5","2021","2","39.986644","-75.146396","","6","0","0","0","0","0","0","0","0","","0","0","0","","","1","","1","","39 59:11.918","","0","75 08:47.027","3","0","0","0","67301","0","0","0","N","0","0","0","2","67301","0","","1.0","","1","N","N","N","0","","1","0","1","","3","","","2","1","1","0","0","0","0","2","0","2","","03","","N","","","","","","","","","",""
"2021057919","","1","0","0","0","0","0","0","0","0","4","0","","67","5","2021","7","39.973295","-75.234718","","6","0","0","0","0","0","1","0","0","","0","0","0","","","0","","1","","39 58:23.861","","0","75 14:04.984","0","0","0","0","67301","0","0","0","N","0","0","0","3","67301","0","","1.0","","9","N","N","N","0","","0","0","1","","2","","","2","0","0","0","0","0","0","2","0","2","","07","","N","","","","","","","","","",""
"2021048630","","2","0","0","0","0","0","0","0","0","4","0","","67","5","2021","6","39.952083","-75.205584","","6","0","0","0","0","0","0","0","0","","0","0","0","","","0","","1","","39 57:07.498","","0","75 12:20.102","0","0","0","0","67301","0","0","0","N","0","0","0","3","67504","0","","1.0","","98","N","N","N","0","","0","0","0","","2","","","2","0","0","0","0","0","0","2","0","2","","03","","N","","","","","","","","","",""
"2021076487","","1","0","0","0","0","0","0","0","0","1","0","","67","8","2021","6","39.986377","-75.091803","","6","0","0","0","0","0","0","0","0","","0","0","0","","","2","N","0","","39 59:10.956","","0","75 05:30.489","4","0","0","0","67301","0","0","0","N","0","0","0","3","68K01","2","","1.0","","1","N","N","N","0","","0","0","0","","0","","","2","2","0","0","0","0","1","2","0","2","","","","N","","","","","","","","","",""
"2021076446","","1","0","0","0","0","0","0","0","0","4","0","","67","8","2021","4","39.957239","-75.151601","","6","0","0","0","0","0","0","0","0","","0","0","0","","","1","N","0","","39 57:26.060","3","0","75 09:05.764","4","0","0","0","67301","0","0","0","N","0","0","0","2","68K01","1","","1.0","1520.0","1","N","N","N","1","","0","0","0","","0","N","","2","1","0","0","0","0","0","2","0","2","","","","N","","","","","","","","","",""
"2021085648","","1","0","0","0","0","0","0","0","0","8","0","","67","9","2021","7","39.983186","-75.175222","","6","0","0","0","0","0","0","0","0","","0","0","0","","","1","N","0","","39 58:59.470","","0","75 10:30.800","3","0","0","0","67301","1","0","0","N","1","0","0","2","67301","0","","1.0","","1","N","N","N","0","","1","0","0","","0","","","2","1","0","0","0","0","0","2","0","1","","03","","N","","","","","","","","","",""
"2021047243","","1","0","0","0","0","0","0","0","0","4","0","","67","5","2021","1","39.953441","-75.155414","","6","0","0","0","0","0","0","0","0","","0","0","0","","","1","N","0","","39 57:12.388","","7","75 09:19.490","3","0","0","1","67301","0","0","0","N","0","0","0","2","67301","0","","1.0","","1","N","N","N","0","","1","0","0","","0","","","2","1","0","0","0","0","0","2","0","2","","03","","N","","","","","","","","","",""
"2021046925","","2","0","0","0","0","0","0","0","0","5","0","","67","5","2021","1","40.026412","-75.160328","","6","0","0","0","0","0","0","0","0","","0","0","0","","","0","N","0","","40 01:35.083","","0","75 09:37.182","0","0","0","0","67301","0","0","0","N","0","0","0","1","67301","0","","6.0","","1","N","N","N","0","","0","0","0","","0","","","2","0","0","0","0","0","0","2","0","2","","03","","N","","","","","","","","","",""
"2021049185","","1","0","0","0","0","0","0","0","0","8","0","","67","5","2021","6","40.032131","-75.133487","","6","0","0","0","0","0","0","0","0","","0","0","0","","","1","","1","","40 01:55.671","","0","75 08:00.553","3","0","0","0","67301","1","0","0","N","1","0","0","2","67301","0","","1.0","","9","N","N","N","0","","1","0","1","","3","","","3","1","0","0","0","0","0","2","0","2","","","","N","","","","","","","","","",""
"2021050569","","1","0","0","0","0","0","0","0","0","5","0","","67","5","2021","7","39.95725","-75.247444","","6","0","0","0","0","0","1","0","0","","0","0","0","","","0","N","0","","39 57:26.100","","0","75 14:50.800","9","0","0","0","67301","0","0","0","N","0","0","0","2","67301","0","","6.0","","9","N","N","N","0","","0","0","0","","0","","","2","0","0","0","0","0","1","2","1","2","","07","","N","","","","","","","","","",""
"2021076516","","2","0","0","0","0","0","0","0","0","5","1","","67","5","2021","7","39.980081","-75.105893","","6","0","0","0","0","0","0","0","0","","0","1","0","","","2","N","0","","39 58:48.290","2","0","75 06:21.216","8","0","0","0","67301","0","0","0","N","0","0","0","4","68K01","0","","1.0","47.0","9","N","N","N","0","","0","0","0","","0","N","","3","2","1","0","0","2","0","2","0","3","","","","N","","","","","","","","","",""
"2021049170","","1","0","0","0","0","0","0","0","0","4","0","","67","5","2021","6","40.070742","-75.24119","","6","0","0","0","1","0","0","1","0","","0","0","0","","","0","","1","","40 04:14.672","","0","75 14:28.285","0","0","0","0","67301","0","0","0","N","0","0","0","2","67301","0","","1.0","","9","N","N","N","0","","0","0","1","","2","","","2","0","0","0","0","0","0","2","0","2","","07","","N","","","","","","","","","",""
"2021071343","","1","0","0","0","0","0","0","0","0","7","0","","67","7","2021","7","40.107383","-74.995083","","6","0","0","0","0","0","0","0","0","","1","0","0","","","0","N","0","","40 06:26.577","","2","74 59:42.297","1","0","0","0","67301","0","0","0","N","0","0","0","1","67301","0","2","5.0","","99","N","N","N","0","0","0","0","0","","0","","","1","0","1","1","0","0","0","2","0","1","","","","N","","","","","","","","","",""
"2021076213","","2","0","0","0","0","0","0","0","0","4","0","","67","8","2021","5","39.966827","-75.241778","","6","0","0","0","1","0","0","0","0","","0","0","0","","","1","","1","","39 58:00.577","","0","75 14:30.400","3","0","0","0","67301","0","0","0","N","0","0","0","3","67301","0","","1.0","","1","N","N","N","0","","1","0","0","","3","","","2","1","1","0","0","0","0","2","0","2","","03","","N","","","","","","","","","",""
"2021047840","","1","0","0","0","0","0","0","0","0","7","0","","67","5","2021","1","40.017161","-75.125286","","6","0","0","0","0","0","0","0","0","","0","0","0","","","1","N","0","","40 01:01.780","","0","75 07:31.030","3","0","0","0","67301","0","0","0","N","0","0","0","1","67301","0","","6.0","","1","N","N","N","0","","1","0","0","","0","","","1","1","0","0","0","0","0","2","0","1","","03","","N","","","","","","","","","",""
"2021048869","","0","0","0","0","0","0","0","0","0","4","0","","67","5","2021","4","39.920152","-75.230172","","6","0","0","0","0","0","0","0","0","","0","0","0","","","4","","1","","39 55:12.547","","0","75 13:48.619","4","0","0","0","67301","0","0","0","N","0","0","0","5","67301","1","","1.0","","1","N","N","Y","0","","0","0","1","","2","","","2","4","0","0","0","3","0","2","1","2","","","","N","","","","","","","","","",""
"2021064174","","2","0","0","0","0","0","0","0","0","2","0","","67","6","2021","1","40.046833","-75.055944","","6","0","0","0","0","0","0","0","0","","0","0","0","","","1","N","0","","40 02:48.600","","7","75 03:21.400","2","0","0","0","67301","0","0","0","N","0","0","0","2","67301","0","","1.0","","1","N","N","N","0","","0","1","0","","0","","","2","1","0","0","0","0","0","2","0","2","","","","N","","","","","","","","","",""
"2021076210","","1","0","0","0","0","0","0","0","0","7","0","","67","8","2021","1","40.018714","-75.101733","","6","0","0","0","0","0","0","0","0","","0","0","0","","","0","","2","","40 01:07.371","","0","75 06:06.238","9","0","0","0","67301","0","0","0","N","0","0","0","2","67301","0","","4.0","","1","N","N","N","0","","0","0","0","","3","","","1","0","2","0","0","0","2","2","0","1","","","","N","","","","","","","","","",""
"2021049151","","2","0","0","0","0","0","0","0","0","1","0","","67","5","2021","7","39.917914","-75.147624","","6","0","0","0","0","0","0","0","0","","0","0","0","","","2","N","0","","39 55:04.491","","3","75 08:51.445","3","0","0","0","67301","0","0","0","N","0","0","0","2","68K01","0","","1.0","","9","N","N","N","0","","2","0","0","","0","","","2","2","0","0","0","0","0","2","0","2","","","","N","","","","","","","","","",""
"2021048877","","2","0","0","0","0","0","0","0","0","4","0","","67","5","2021","6","39.994314","-75.191792","","6","0","0","0","0","0","1","0","0","","0","0","0","","","0","","3","","39 59:39.530","","0","75 11:30.450","0","0","0","0","67301","0","0","0","N","0","0","0","2","67301","0","","1.0","","9","N","N","N","0","","0","0","0","","0","","","2","0","0","0","0","0","0","2","0","2","","04","","N","","","","","","","","","",""
"2021064187","","0","0","0","0","0","0","0","0","0","8","0","","67","6","2021","7","39.899487","-75.175451","","6","0","0","0","0","0","0","0","0","","0","0","0","","","1","","3","","39 53:58.152","","2","75 10:31.625","3","0","0","0","67301","2","0","0","N","2","0","0","3","67301","0","","1.0","","1","N","N","N","1","","1","0","0","","1","","","3","1","1","0","0","0","0","2","0","1","","03","","N","","","","","","","","","",""
"2021049171","","1","0","0","0","0","0","0","0","0","4","0","","67","5","2021","6","40.062522","-75.042874","","6","0","0","0","0","0","0","0","1","","0","0","0","","","3","","1","","40 03:45.079","","0","75 02:34.348","3","0","0","0","67301","0","0","0","N","0","0","0","3","67301","1","","1.0","","9","N","N","N","0","","1","0","1","","2","","","2","3","0","0","0","1","0","2","0","2","","","","N","","","","","","","","","",""
"2021077901","","2","0","0","0","0","0","0","0","0","2","0","","67","8","2021","5","40.027457","-75.062384","","6","0","0","0","0","1","1","0","0","","0","0","0","","","3","","1","","40 01:38.846","","0","75 03:44.583","8","0","0","0","67301","0","0","0","N","0","0","0","3","67301","0","","1.0","","1","N","N","N","0","","0","0","0","","2","","","2","3","0","0","0","3","0","2","0","2","","03","","N","","","","","","","","","",""
"2021046921","","1","0","0","0","0","0","0","0","0","5","0","","67","5","2021","1","39.927972","-75.233792","","6","0","0","0","0","0","1","0","0","","0","0","0","","","1","N","0","","39 55:40.700","","0","75 14:01.650","2","0","0","0","67301","1","0","1","N","1","0","1","4","67301","0","","1.0","","1","N","N","Y","1","","0","1","0","","0","","","3","1","2","0","0","0","2","2","0","2","","03","","N","","","","","","","","","",""
"2021050562","","2","0","0","0","0","0","0","0","0","5","0","","67","5","2021","1","39.9427","-75.215864","","6","0","0","0","0","0","0","0","0","","0","0","0","","","0","N","0","","39 56:33.720","","0","75 12:57.110","0","0","0","0","67301","0","0","0","N","0","0","0","1","67301","0","","6.0","","8","N","N","N","0","","0","0","1","","0","","","3","0","0","0","0","0","0","2","0","3","","07","","N","","","","","","","","","",""
"2021049174","","2","0","0","0","0","0","0","0","0","4","0","","67","5","2021","6","39.984711","-75.161527","","6","0","0","0","0","0","1","0","0","","0","0","0","","","1","","1","","39 59:04.959","","0","75 09:41.497","3","0","0","0","67301","0","0","0","N","0","0","0","2","67301","0","","1.0","","9","N","N","Y","0","","1","0","1","","3","","","3","1","0","0","0","0","0","2","0","3","","04","","N","","","","","","","","","",""
"2021064209","","1","0","0","0","0","0","0","0","0","7","0","","67","6","2021","7","40.092944","-75.013194","","6","0","0","0","0","0","0","0","0","","0","0","0","","","1","","9","","40 05:34.600","","0","75 00:47.500","3","0","0","0","67301","0","0","0","N","0","0","0","1","67301","0","","4.0","","1","N","N","N","0","","1","0","0","","6","","","1","1","0","0","0","0","0","2","0","1","","03","","N","","","","","","","","","",""