"CRN","ARRIVAL_TM","AUTOMOBILE_COUNT","BELTED_DEATH_COUNT","BELTED_SUSP_SERIOUS_INJ_COUNT","BICYCLE_COUNT","BICYCLE_DEATH_COUNT","BICYCLE_SUSP_SERIOUS_INJ_COUNT","BUS_COUNT","CHLDPAS_DEATH_COUNT","CHLDPAS_SUSP_SERIOUS_INJ_COUNT","COLLISION_TYPE","COMM_VEH_COUNT","CONS_ZONE_SPD_LIM","COUNTY","CRASH_MONTH","CRASH_YEAR","DAY_OF_WEEK","DEC_LATITUDE","DEC_LONGITUDE","DISPATCH_TM","DISTRICT","DRIVER_COUNT_16YR","DRIVER_COUNT_17YR","DRIVER_COUNT_18YR","DRIVER_COUNT_19YR","DRIVER_COUNT_20YR","DRIVER_COUNT_50_64YR","DRIVER_COUNT_65_74YR","DRIVER_COUNT_75PLUS","EST_HRS_CLOSED","FATAL_COUNT","HEAVY_TRUCK_COUNT","HORSE_BUGGY_COUNT","HOUR_OF_DAY","ILLUMINATION","INJURY_COUNT","INTERSECTION_RELATED","INTERSECT_TYPE","LANE_CLOSED","LATITUDE","LN_CLOSE_DIR","LOCATION_TYPE","LONGITUDE","MAX_SEVERITY_LEVEL","MCYCLE_DEATH_COUNT","MCYCLE_SUSP_SERIOUS_INJ_COUNT","MOTORCYCLE_COUNT","MUNICIPALITY","NONMOTR_COUNT","NONMOTR_DEATH_COUNT","NONMOTR_SUSP_SERIOUS_INJ_COUNT","NTFY_HIWY_MAINT","PED_COUNT","PED_DEATH_COUNT","PED_SUSP_SERIOUS_INJ_COUNT","PERSON_COUNT","POLICE_AGCY","POSSIBLE_INJ_COUNT","RDWY_SURF_TYPE_CD","RELATION_TO_ROAD","ROADWAY_CLEARED","ROAD_CONDITION","SCH_BUS_IND","SCH_ZONE_IND","SECONDARY_CRASH","SMALL_TRUCK_COUNT","SPEC_JURIS_CD","SUSP_MINOR_INJ_COUNT","SUSP_SERIOUS_INJ_COUNT","SUV_COUNT","TCD_FUNC_CD","TCD_TYPE","TFC_DETOUR_IND","TIME_OF_DAY","TOTAL_UNITS","TOT_INJ_COUNT","UNBELTED_OCC_COUNT","UNB_DEATH_COUNT","UNB_SUSP_SERIOUS_INJ_COUNT","UNK_INJ_DEG_COUNT","UNK_INJ_PER_COUNT","URBAN_RURAL","VAN_COUNT","VEHICLE_COUNT","WEATHER1","WEATHER2","WORKERS_PRES","WORK_ZONE_IND","WORK_ZONE_LOC","WORK_ZONE_TYPE","WZ_CLOSE_DETOUR","WZ_FLAGGER","WZ_LAW_OFFCR_IND","WZ_LN_CLOSURE","WZ_MOVING","WZ_OTHER","WZ_SHLDER_MDN","WZ_WORKERS_INJ_KILLED"
"2021046335","","0","0","0","0","0","0","0","0","0","5","0","","67","5","2021","6","40.039778","-75.120417","","6","0","0","0","1","0","0","0","0","","0","0","0","","","1","N","0","","40 02:23.200","1","0","75 07:13.500","3","0","0","0","67301","0","0","0","N","0","0","0","1","67301","0","","6.0","2000.0","1","N","N","N","0","","1","0","1","","0","N","","2","1","1","0","0","0","0","2","1","2","","","","N","","","","","","","","","",""
"2021078093","","2","0","0","0","0","0","0","0","0","1","0","","67","8","2021","4","39.995093","-75.083731","","6","0","0","0","0","0","1","0","0","","0","0","0","","","0","N","0","","39 59:42.336","2","0","75 05:01.432","0","0","0","0","67301","0","0","0","N","0","0","0","2","68K01","0","","1.0","1803.0","1","N","N","N","0","","0","0","0","","0","N","","2","0","0","0","0","0","0","2","0","2","","","","N","","","","","","","","","",""
"2021050839","","1","0","0","0","0","0","0","0","0","7","0","","67","5","2021","7","40.0019","-75.106119","","6","0","0","0","0","0","0","0","0","","0","0","0","","","0","N","0","","40 00:06.840","","0","75 06:22.030","0","0","0","0","67301","0","0","0","N","0","0","0","1","67301","0","","4.0","","9","N","N","N","0","","0","0","0","","0","","","1","0","0","0","0","0","0","2","0","1","","07","","N","","","","","","","","","",""
"2021049066","","1","0","0","0","0","0","0","0","0","1","0","","67","5","2021","2","40.037828","-75.109235","","6","0","0","0","0","0","0","0","0","","0","0","0","","","1","N","0","","40 02:16.181","","0","75 06:33.245","3","0","0","0","67301","0","0","0","N","0","0","0","2","67301","0","","1.0","","1","N","N","N","0","","1","0","1","","0","","","2","1","0","0","0","0","0","2","0","2","","","","N","","","","","","","","","",""
"2021050600","","3","0","0","0","0","0","0","0","0","5","0","","67","5","2021","3","39.966106","-75.197914","","6","0","0","0","0","0","0","0","0","","0","0","0","","","0","N","0","","39 57:57.980","","0","75 11:52.490","9","0","0","0","67301","0","0","0","N","0","0","0","1","67301","0","","6.0","","1","N","N","N","0","","0","0","1","","0","","","4","0","0","0","0","0","1","2","0","4","","03","","N","","","","","","","","","",""
"2021059514","","1","0","0","0","0","0","0","0","0","5","0","","67","6","2021","1","39.95762","-75.145687","","6","0","0","0","0","0","0","0","0","","0","0","0","","","0","","1","","39 57:27.432","","0","75 08:44.473","0","0","0","0","67301","0","0","0","N","0","0","0","2","67301","0","","1.0","","1","N","N","Y","0","","0","0","2","","2","","","3","0","0","0","0","0","0","2","0","3","","03","","N","","","","","","","","","",""
"2021046622","","1","0","0","0","0","0","0","0","0","7","0","","67","5","2021","1","40.006458","-75.151865","","6","0","0","0","0","0","0","0","0","","0","0","0","","","0","N","0","","40 00:23.250","2","0","75 09:06.715","9","0","0","0","67301","0","0","0","Y","0","0","0","1","67505","0","","4.0","930.0","1","N","N","Y","0","","0","0","1","","0","Y","","2","0","0","0","0","0","1","2","0","2","","","","N","","","","","","","","","",""
"2021049276","","3","0","0","0","0","0","0","0","0","1","0","","67","5","2021","7","39.955157","-75.162907","","6","0","0","0","0","1","0","0","0","","0","0","0","","","3","N","0","","39 57:18.566","","0","75 09:46.466","3","0","0","0","67301","0","0","0","N","0","0","0","6","67301","0","","1.0","","9","N","N","N","0","","3","0","1","","0","","","4","3","0","0","0","0","0","2","0","4","","07","","N","","","","","","","","","",""
"2021076507","","3","0","0","0","0","0","0","0","0","1","0","","67","8","2021","1","40.013045","-75.05836","","6","0","0","0","0","0","0","0","0","","0","0","0","","","2","N","0","","40 00:46.962","2","0","75 03:30.096","4","0","0","0","67301","0","0","0","N","0","0","0","7","68K01","1","","1.0","130.0","1","N","N","N","0","","0","0","0","","0","N","","3","2","3","0","0","1","0","2","0","3","","","","N","","","","","","","","","",""
"2021046952","","1","0","0","0","0","0","0","0","0","5","0","","67","5","2021","1","39.981258","-75.108511","","6","0","0","0","0","0","1","0","0","","0","0","0","","","0","N","0","","39 58:52.530","","0","75 06:30.640","0","0","0","0","67301","0","0","0","N","0","0","0","1","67301","0","","6.0","","1","N","N","N","1","","0","0","0","","0","","","2","0","1","0","0","0","0","2","0","2","","03","","N","","","","","","","","","",""
"2021064284","","1","0","0","0","0","0","0","0","0","4","0","","67","6","2021","7","39.942995","-75.175449","","6","0","0","0","0","0","0","0","0","","0","0","0","","","1","","1","","39 56:34.783","","0","75 10:31.617","3","0","0","0","67301","0","0","0","N","0","0","0","2","67301","0","","1.0","","9","N","N","N","0","","1","0","0","","3","","","2","1","0","0","0","0","0","2","1","2","","04","","N","","","","","","","","","",""
"2021049147","","1","0","0","0","0","0","0","0","0","7","0","","67","5","2021","7","39.960452","-75.181239","","6","0","0","0","0","1","0","0","0","","0","0","0","","","1","","7","","39 57:37.626","3","2","75 10:52.459","4","0","0","0","67301","0","0","0","N","0","0","0","1","68K01","1","","7.0","140.0","9","N","N","N","0","","0","0","0","","0","N","","1","1","0","0","0","0","0","2","0","1","","","","N","","","","","","","","","",""
"2021064378","","2","0","0","0","0","0","0","0","0","4","0","","67","6","2021","3","40.030714","-75.1224","","6","0","0","0","0","0","0","0","0","","0","0","0","","","0","","1","","40 01:50.570","","0","75 07:20.640","0","0","0","0","67301","0","0","0","N","0","0","0","2","67301","0","","1.0","","1","N","N","N","0","","0","0","0","","2","","","2","0","0","0","0","0","0","2","0","2","","","","N","","","","","","","","","",""
"2021049073","","1","0","0","0","0","0","0","0","0","4","0","","67","5","2021","7","39.974451","-75.158729","","6","0","0","0","0","0","1","0","0","","0","0","0","","","2","","1","","39 58:28.024","","0","75 09:31.424","4","0","0","0","67301","0","0","0","N","0","0","0","2","67301","2","","1.0","","9","N","N","N","0","","0","0","1","","2","","","2","2","0","0","0","0","0","2","0","2","","07","","N","","","","","","","","","",""
"2021050011","","3","0","0","0","0","0","0","0","0","1","0","50","67","5","2021","1","39.898769","-75.180268","","6","0","0","0","0","0","2","0","0","","0","0","0","","","1","N","0","","39 53:55.568","2","0","75 10:48.965","3","0","0","0","67301","0","0","0","N","0","0","0","5","68K01","0","","1.0","100.0","1","N","N","N","0","","1","0","1","","0","N","","4","1","0","0","0","0","0","2","0","4","","","N","Y","4","1","","","N","Y","","","","N"
"2021048876","","1","0","0","0","0","0","0","0","0","4","0","","67","5","2021","5","39.97343","-75.160756","","6","0","0","0","0","0","0","0","0","","0","0","0","","","0","","1","","39 58:24.348","","0","75 09:38.721","0","0","0","0","67301","0","0","0","N","0","0","0","4","67301","0","","1.0","","1","N","N","N","0","","0","0","1","","2","","","2","0","0","0","0","0","0","2","0","2","","","","N","","","","","","","","","",""
"2021075631","","1","0","0","0","0","0","0","0","0","4","1","","67","8","2021","5","40.031197","-75.035978","","6","0","0","0","0","0","0","0","0","","0","1","0","","","0","","2","","40 01:52.309","","0","75 02:09.521","0","0","0","0","67301","0","0","0","N","0","0","0","3","67301","0","","1.0","","1","N","N","N","0","","0","0","1","","3","","","3","0","0","0","0","0","0","2","0","3","","03","","N","","","","","","","","","",""
"2021046931","","0","0","0","0","0","0","0","0","0","5","0","","67","5","2021","7","40.001383","-75.065499","","6","0","0","0","0","0","0","0","0","","0","0","0","","","0","N","0","","40 00:04.978","","0","75 03:55.798","0","0","0","0","67301","0","0","0","N","0","0","0","1","67301","0","","6.0","","1","N","N","N","1","","0","0","0","","0","","","2","0","0","0","0","0","0","2","1","2","","03","","N","","","","","","","","","",""
"2021046949","","1","0","0","0","0","0","0","0","0","8","0","","67","5","2021","7","39.992822","-75.182181","","6","0","0","0","0","0","0","0","0","","0","0","0","","","1","N","0","","39 59:34.160","","0","75 10:55.850","3","0","0","0","67301","1","0","0","N","1","0","0","2","67301","0","","1.0","","1","N","N","N","0","","1","0","0","","0","","","2","1","0","0","0","0","0","2","0","1","","04","","N","","","","","","","","","",""
"2021049748","","2","0","0","0","0","0","0","0","0","4","0","","67","5","2021","6","40.036361","-75.037647","","6","0","0","0","0","0","0","0","0","","0","0","0","","","4","","1","","40 02:10.898","2","0","75 02:15.528","4","0","0","0","67301","0","0","0","N","0","0","0","5","67301","4","","1.0","1600.0","9","N","N","N","0","","0","0","0","","3","N","","2","4","0","0","0","0","0","2","0","2","","","","N","","","","","","","","","",""
"2021053665","","2","0","0","0","0","0","0","0","0","4","0","","67","5","2021","3","40.025237","-75.140636","","6","0","0","0","0","0","0","0","0","","0","0","0","","","0","","2","","40 01:30.853","","0","75 08:26.289","0","0","0","0","67301","0","0","0","N","0","0","0","1","67301","0","","1.0","","1","N","N","N","0","","0","0","0","","3","","","2","0","0","0","0","0","0","2","0","2","","","","N","","","","","","","","","",""
"2021087100","","1","0","0","0","0","0","0","0","0","8","0","","67","9","2021","4","40.036873","-75.040669","","6","0","0","1","0","0","0","0","0","","0","0","0","","","1","","1","","40 02:12.744","","0","75 02:26.410","4","0","0","0","67301","1","0","0","N","1","0","0","2","67301","1","","1.0","","1","N","N","N","0","","0","0","0","","2","","","2","1","1","0","0","0","0","2","0","1","","","","N","","","","","","","","","",""
"2021048225","","1","0","0","0","0","0","0","0","0","8","0","","67","5","2021","4","39.992567","-75.144326","","6","0","0","0","0","0","0","0","0","","0","0","0","","","1","N","0","","39 59:33.241","","7","75 08:39.573","3","0","0","0","67301","1","0","0","N","1","0","0","2","67301","0","","1.0","","1","N","N","N","0","","1","0","0","","0","","","2","1","0","0","0","0","0","2","0","1","","03","","N","","","","","","","","","",""
"2021059315","","0","0","0","0","0","0","0","0","0","1","0","","67","6","2021","7","39.998189","-75.167014","","6","0","0","0","0","0","0","0","0","","0","0","0","","","0","N","0","","39 59:53.480","","0","75 10:01.250","0","0","0","0","67301","0","0","0","N","0","0","0","1","67301","0","","6.0","","1","N","N","N","1","","0","0","2","","0","","","3","0","1","0","0","0","0","2","0","3","","","","N","","","","","","","","","",""
"2021049625","","0","0","0","0","0","0","0","0","0","7","0","","67","5","2021","7","40.01017","-75.063296","","6","0","0","0","0","0","0","0","0","","0","0","0","","","0","N","0","","40 00:36.611","1","0","75 03:47.867","0","0","0","0","67301","0","0","0","N","0","0","0","3","68K01","0","","3.0","935.0","9","N","N","N","0","","0","0","1","","0","N","","1","0","0","0","0","0","0","2","0","1","","","","N","","","","","","","","","",""
"2021075670","","1","0","0","0","0","0","0","0","0","4","0","","67","8","2021","5","40.026956","-75.151408","","6","0","0","0","0","0","0","0","0","","0","0","0","","","0","N","0","","40 01:37.040","","0","75 09:05.070","0","0","0","0","67301","0","0","0","N","0","0","0","1","67301","0","","1.0","","9","N","N","N","0","","0","0","0","","0","","","2","0","0","0","0","0","0","2","0","2","","03","","N","","","","","","","","","",""
"2021064293","","1","0","0","0","0","0","0","0","0","4","0","","67","6","2021","2","39.959263","-75.231478","","6","0","0","0","0","0","0","0","0","","0","0","0","","","0","N","0","","39 57:33.345","","7","75 13:53.320","0","0","0","0","67301","0","0","0","N","0","0","0","2","67301","0","","1.0","","1","N","N","N","0","","0","0","1","","0","","","2","0","0","0","0","0","0","2","0","2","","03","","N","","","","","","","","","",""
"2021049342","","2","0","0","0","0","0","0","0","0","4","0","","67","5","2021","7","40.051741","-75.152996","","6","0","0","0","1","0","0","0","0","","0","0","0","","","0","","1","","40 03:06.267","","0","75 09:10.785","9","0","0","0","67301","0","0","0","N","0","0","0","3","67301","0","","1.0","","9","N","N","N","0","","0","0","0","","2","","","2","0","0","0","0","0","1","2","0","2","","07","","N","","","","","","","","","",""
"2021086270","","1","0","0","0","0","0","0","0","0","1","0","","67","9","2021","2","40.100389","-75.022597","","6","0","0","0","0","0","1","0","0","","0","0","0","","","1","N","0","","40 06:01.400","3","0","75 01:21.350","3","0","0","0","67301","0","0","0","N","0","0","0","3","67301","0","","1.0","1448.0","1","N","N","N","0","","1","0","1","","2","N","","2","1","0","0","0","0","0","2","0","2","","03","","N","","","","","","","","","",""
"2021078076","","2","0","0","0","0","0","0","0","0","5","0","","67","8","2021","7","39.995921","-75.083116","","6","0","0","0","0","0","1","0","0","","0","0","0","","","0","N","0","","39 59:45.314","2","0","75 04:59.218","0","0","0","0","67301","0","0","0","N","0","0","0","3","68K01","0","","1.0","2355.0","1","N","N","Y","0","","0","0","0","","0","N","","2","0","0","0","0","0","0","2","0","2","","","","N","","","","","","","","","",""
"2021085739","","1","0","0","0","0","0","1","0","0","4","1","","67","9","2021","6","40.001801","-75.154489","","6","0","0","0","0","0","1","0","0","","0","0","0","","","1","","1","","40 00:06.482","","0","75 09:16.159","3","0","0","0","67301","1","0","0","N","1","0","0","2","67301","0","","1.0","","1","Y","N","N","0","","1","0","0","","0","","","3","1","0","0","0","0","0","2","0","2","","03","","N","","","","","","","","","",""
"2021047527","","1","0","0","0","0","0","0","0","0","4","0","","67","5","2021","2","40.022599","-75.157286","","6","0","0","0","0","0","1","0","0","","0","0","0","","","0","","2","","40 01:21.357","3","0","75 09:26.231","0","0","0","0","67301","0","0","0","N","0","0","0","2","67301","0","","1.0","901.0","1","N","N","N","0","","0","0","1","","3","N","","2","0","0","0","0","0","0","2","0","2","","","","N","","","","","","","","","",""
"2021047944","","2","0","0","0","0","0","0","0","0","1","0","","67","5","2021","3","39.959601","-75.234203","","6","0","0","0","1","0","0","0","0","","0","0","0","","","1","N","0","","39 57:34.563","","0","75 14:03.132","3","0","0","0","67301","0","0","0","N","0","0","0","5","67301","0","","1.0","","1","N","N","N","0","","1","0","0","","0","","","2","1","0","0","0","0","0","2","0","2","","03","","N","","","","","","","","","",""
"2021064167","","1","0","0","0","0","0","0","0","0","8","0","","67","6","2021","3","39.925684","-75.179861","","6","0","0","0","0","0","0","0","0","","0","0","0","","","1","","2","","39 55:32.464","","0","75 10:47.498","3","0","0","0","67301","1","0","0","N","1","0","0","2","67301","0","","1.0","","1","N","N","N","0","","1","0","0","","0","","","2","1","0","0","0","0","0","2","0","1","","03","","N","","","","","","","","","",""
"2021082150","","1","0","0","0","0","0","0","0","0","4","0","","67","8","2021","2","40.058157","-75.043024","","6","0","0","1","0","0","0","0","1","","1","0","0","","","0","N","1","","40 03:29.364","4","0","75 02:34.886","1","0","0","0","67301","0","0","0","N","0","0","0","2","67301","0","2","1.0","1050.0","1","N","N","N","0","0","0","0","1","","2","N","","2","0","0","0","0","0","1","2","0","2","","03","","N","","","","","","","","","",""
"2021047477","","0","0","0","0","0","0","0","0","0","5","0","","67","5","2021","3","40.001777","-75.152757","","6","0","0","0","0","0","0","0","1","","0","0","0","","","2","N","0","","40 00:06.396","1","0","75 09:09.924","8","0","0","0","67301","0","0","0","N","0","0","0","2","67505","0","","6.0","1410.0","1","N","N","Y","0","","0","0","2","","0","Y","","2","2","0","0","0","2","0","2","0","2","","03","","N","","","","","","","","","",""
"2021048875","","1","0","0","0","0","0","0","0","0","8","0","","67","5","2021","5","39.976286","-75.261153","","6","0","0","0","0","0","0","0","0","","0","0","0","","","1","N","0","","39 58:34.630","","0","75 15:40.150","4","0","0","0","67301","1","0","0","N","1","0","0","2","67301","1","","1.0","","1","N","N","N","0","","0","0","0","","0","","","2","1","0","0","0","0","0","2","0","1","","03","","N","","","","","","","","","",""
"2021050560","","1","0","0","0","0","0","0","0","0","4","0","","67","5","2021","3","39.92301","-75.231284","","6","0","0","0","0","0","1","0","0","","0","0","0","","","2","","2","","39 55:22.837","","0","75 13:52.623","4","0","0","0","67301","0","0","0","N","0","0","0","2","67301","2","","1.0","","1","N","N","N","0","","0","0","1","","3","","","2","2","0","0","0","0","0","2","0","2","","04","","N","","","","","","","","","",""
"2021069838","","2","0","0","0","0","0","0","0","0","4","0","","67","5","2021","6","40.030667","-75.037822","","6","0","0","0","1","0","1","0","0","","0","0","0","","","2","","2","","40 01:50.400","","0","75 02:16.160","8","0","0","0","67301","0","0","0","N","0","0","0","2","67301","0","","1.0","","1","N","N","N","0","","0","0","0","","0","","","2","2","0","0","0","2","0","2","0","2","","03","","N","","","","","","","","","",""
"2021048652","","0","0","0","0","0","0","0","0","0","4","0","","67","5","2021","5","40.04387","-75.228536","","6","0","0","0","0","0","1","0","0","","0","0","0","","","1","","2","","40 02:37.932","","7","75 13:42.728","3","0","0","0","67301","0","0","0","N","0","0","0","2","67301","0","","1.0","","1","N","N","N","0","","1","0","2","","2","","","2","1","0","0","0","0","0","2","0","2","","03","","N","","","","","","","","","",""
"2021049382","","1","0","0","0","0","0","0","0","0","7","0","","67","5","2021","7","39.886693","-75.214939","","6","0","0","0","0","0","0","0","0","","0","0","0","","","0","N","0","","39 53:12.093","1","3","75 12:53.780","0","0","0","0","67301","0","0","0","N","0","0","0","1","68K01","0","","3.0","715.0","9","N","N","N","0","","0","0","0","","0","N","","1","0","0","0","0","0","0","2","0","1","","07","","N","","","","","","","","","",""
"2021046951","","3","0","0","0","0","0","0","0","0","4","0","","67","5","2021","1","39.989258","-75.166616","","6","0","0","0","1","0","1","0","0","","0","0","0","","","2","","1","","39 59:21.330","3","0","75 09:59.816","8","0","0","0","67301","0","0","0","N","0","0","0","3","67301","0","","1.0","945.0","1","N","N","N","0","","0","0","0","","3","N","","3","2","0","0","0","2","1","2","0","3","","03","","N","","","","","","","","","",""
"2021050840","","1","0","0","0","0","0","0","0","0","7","0","","67","5","2021","1","39.982148","-75.116901","","6","0","0","0","0","0","0","0","0","","0","0","0","","","1","N","0","","39 58:55.731","","1","75 07:00.845","8","0","0","0","67301","0","0","0","N","0","0","0","1","67301","0","","4.0","","9","N","N","N","0","","0","0","0","","0","","","1","1","0","0","0","1","0","2","0","1","","07","","N","","","","","","","","","",""
"2021078063","","2","0","0","0","0","0","0","0","0","1","0","50","67","8","2021","5","39.964718","-75.185241","","6","0","0","0","1","0","0","0","0","","0","0","0","","","0","N","0","","39 57:52.985","","0","75 11:06.867","0","0","0","0","67301","0","0","0","N","0","0","0","3","68K01","0","","1.0","","1","N","N","N","0","","0","0","1","","0","","","3","0","0","0","0","0","0","2","0","3","","","Y","Y","4","1","Y","N","Y","Y","N","N","Y","N"
"2021076404","","1","0","0","0","0","0","0","0","0","5","0","45","67","8","2021","7","40.010352","-75.062879","","6","0","0","0","0","0","0","0","0","","0","0","0","","","0","N","0","","40 00:37.268","","0","75 03:46.363","0","0","0","0","67301","0","0","0","N","0","0","0","2","68K01","0","","1.0","","1","N","N","N","0","","0","0","1","","0","","","2","0","0","0","0","0","0","2","0","2","","","Y","Y","4","1","N","N","N","Y","Y","N","Y","N"
"2021051170","","1","0","0","0","0","0","0","0","0","4","0","","67","5","2021","4","39.951094","-75.153569","","6","0","0","2","0","0","0","0","0","","0","0","0","","","2","","1","","39 57:03.940","3","0","75 09:12.848","3","0","0","0","67301","1","0","0","N","1","0","0","8","67301","0","","1.0","130.0","9","N","N","N","0","","2","0","1","","2","Y","","3","2","0","0","0","0","0","2","0","2","","04","","N","","","","","","","","","",""
"2021046924","","2","0","0","0","0","0","0","0","0","4","0","","67","5","2021","7","40.064435","-75.153498","","6","0","0","0","0","0","0","0","0","","0","0","0","","","1","","5","","40 03:51.966","","0","75 09:12.592","3","0","0","0","67301","0","0","0","N","0","0","0","2","67301","0","","1.0","","1","N","N","N","0","","1","0","0","","2","","","2","1","2","0","0","0","0","2","0","2","","03","","N","","","","","","","","","",""
"2021046946","","1","0","0","0","0","0","0","0","0","5","0","","67","5","2021","7","39.962255","-75.242882","","6","0","0","0","0","0","0","0","0","","0","0","0","","","0","N","0","","39 57:44.117","","0","75 14:34.376","9","0","0","0","67301","0","0","0","N","0","0","0","2","67301","0","","6.0","","1","N","N","N","0","","0","0","2","","0","","","3","0","0","0","0","0","1","2","0","3","","03","","N","","","","","","","","","",""
"2021049859","","0","0","0","0","0","0","0","0","0","5","0","","67","5","2021","7","39.959722","-75.2415","","6","0","0","0","0","0","1","0","0","","0","0","0","","","2","N","0","","39 57:35.000","5","0","75 14:29.400","4","0","0","0","67301","1","0","0","Y","1","0","0","2","67301","2","","6.0","100.0","9","N","N","N","0","","0","0","0","","0","N","","3","2","0","0","0","0","0","2","2","2","","04","","N","","","","","","","","","",""
"2021048219","","0","0","0","0","0","0","0","0","0","4","0","","67","5","2021","4","39.958512","-75.165602","","6","0","0","0","0","0","1","0","0","","0","0","0","","","1","","1","","39 57:30.644","1","3","75 09:56.168","3","0","0","0","67301","0","0","0","N","0","0","0","2","67301","0","","1.0","30.0","1","N","N","N","0","","1","0","1","","2","Y","","2","1","0","0","0","0","0","2","1","2","","04","","N","","","","","","","","","",""
"2021039303","","0","0","0","0","0","0","0","0","0","7","0","","67","4","2021","6","40.030747","-75.099253","","6","0","0","0","0","0","0","1","0","","0","0","0","","","0","N","0","","40 01:50.690","","7","75 05:57.310","0","0","0","0","67301","0","0","0","N","0","0","0","1","67301","0","","5.0","","1","N","N","N","0","","0","0","1","","0","","","1","0","0","0","0","0","0","2","0","1","","","","N","","","","","","","","","",""
"2021048596","","3","0","0","0","0","0","0","0","0","5","0","","67","5","2021","4","40.032109","-75.082077","","6","0","0","2","0","0","0","0","0","","0","0","0","","","1","N","0","","40 01:55.593","1","0","75 04:55.476","3","0","0","0","67301","0","0","0","N","0","0","0","6","67301","0","","1.0","400.0","1","N","N","N","0","","1","0","0","","0","Y","","3","1","0","0","0","0","2","2","0","3","","03","","N","","","","","","","","","",""
"2021044120","","2","0","0","0","0","0","0","0","0","1","0","","67","4","2021","6","40.025511","-75.122391","","6","0","0","0","0","0","0","0","0","","0","0","0","","","1","","1","","40 01:31.839","","0","75 07:20.608","3","0","0","0","67301","0","0","0","N","0","0","0","2","67301","0","","1.0","","1","N","N","N","0","","1","0","0","","2","","","2","1","1","0","0","0","0","2","0","2","","03","","N","","","","","","","","","",""
"2021066648","","0","0","0","0","0","0","0","0","0","7","1","","67","7","2021","5","40.031556","-75.021525","","6","0","0","0","0","0","0","0","0","","0","1","0","","","0","N","0","","40 01:53.603","2","0","75 01:17.491","0","0","0","0","67301","0","0","0","N","0","0","0","1","68K01","0","","4.0","100.0","9","N","N","N","0","","0","0","0","","0","N","","1","0","0","0","0","0","0","2","0","1","","","","N","","","","","","","","","",""
"2021049067","","1","0","0","0","0","0","0","0","0","4","0","","67","5","2021","4","40.041334","-75.106702","","6","0","0","0","0","0","1","0","0","","0","0","0","","","1","","1","","40 02:28.801","1","0","75 06:24.126","8","0","0","0","67301","0","0","0","N","0","0","0","3","67301","0","","1.0","2200.0","9","N","N","N","0","","0","0","1","","2","N","","3","1","0","0","0","1","0","2","1","3","","04","","N","","","","","","","","","",""
"2021078067","","0","0","0","0","0","0","0","0","0","7","0","","67","8","2021","6","39.989174","-75.08761","","6","0","0","0","0","0","0","0","0","","0","0","0","","","0","N","0","","39 59:21.026","1","0","75 05:15.397","0","0","0","0","67301","0","0","0","N","0","0","0","3","68K01","0","","4.0","315.0","1","N","N","N","0","","0","0","1","","0","N","","1","0","0","0","0","0","0","2","0","1","","","","N","","","","","","","","","",""
"2021037480","","2","0","0","0","0","0","0","0","0","4","0","","67","4","2021","7","40.022833","-75.148284","","6","0","0","0","0","0","0","0","0","","0","0","0","","","0","","5","","40 01:22.197","","0","75 08:53.823","9","0","0","0","67301","0","0","0","N","0","0","0","3","67301","0","","1.0","","1","N","N","N","0","","0","0","0","","2","","","2","0","2","0","0","0","2","2","0","2","","03","","N","","","","","","","","","",""
"2021036786","","1","0","0","0","0","0","0","0","0","1","0","","67","4","2021","6","40.025633","-75.07219","","6","0","0","0","0","0","0","0","0","","0","0","0","","","1","Y","0","","40 01:32.277","","0","75 04:19.885","3","0","0","0","67301","0","0","0","N","0","0","0","3","67301","0","","1.0","","1","N","N","N","0","","1","0","1","","2","","","2","1","0","0","0","0","0","2","0","2","","","","N","","","","","","","","","",""
"2021038461","","2","0","0","0","0","0","0","0","0","2","0","","67","4","2021","3","39.967306","-75.171556","","6","0","0","0","0","0","1","0","0","","0","0","0","","","0","N","0","","39 58:02.300","","0","75 10:17.600","0","0","0","0","67301","0","0","0","N","0","0","0","2","67301","0","","1.0","","1","N","N","N","0","","0","0","0","","0","","","2","0","0","0","0","0","0","2","0","2","","03","","N","","","","","","","","","",""
"2021040016","","2","0","0","0","0","0","0","0","0","1","0","","67","4","2021","6","40.026578","-75.068001","","6","0","0","0","0","0","2","0","0","","0","0","0","","","1","","3","","40 01:35.682","","0","75 04:04.802","4","0","0","0","67301","0","0","0","N","0","0","0","3","67301","1","","1.0","","1","N","N","N","0","","0","0","0","","2","","","2","1","0","0","0","0","0","2","0","2","","03","","N","","","","","","","","","",""
"2021038767","","1","0","0","0","0","0","0","0","0","1","0","","67","4","2021","5","40.022456","-75.156275","","6","0","0","0","0","0","0","0","0","","0","0","0","","","0","N","0","","40 01:20.840","3","0","75 09:22.590","0","0","0","0","67301","0","0","0","N","0","0","0","2","67301","0","","6.0","1830.0","1","N","N","N","0","","0","0","0","","0","Y","","3","0","1","0","0","0","0","2","1","2","","03","","N","","","","","","","","","",""
"2021039653","","2","0","0","0","0","0","0","0","0","4","0","","67","4","2021","6","39.998423","-75.140854","","6","0","0","0","0","0","0","0","0","","0","0","0","","","1","","1","","39 59:54.322","","0","75 08:27.074","3","0","0","0","67301","0","0","0","N","0","0","0","2","67301","0","","1.0","","99","N","N","N","0","","1","0","0","","2","","","2","1","0","0","0","0","1","2","0","2","","","","N","","","","","","","","","",""
"2021036992","","3","0","0","0","0","0","0","0","0","4","0","","67","4","2021","6","40.044023","-75.146961","","6","0","0","0","0","0","0","1","0","","0","0","0","","","1","","1","","40 02:38.482","","0","75 08:49.059","8","0","0","0","67301","0","0","0","N","0","0","0","3","67301","0","","1.0","","1","N","N","N","0","","0","0","1","","3","","","4","1","0","0","0","1","0","2","0","4","","03","","N","","","","","","","","","",""