"CRN","ARRIVAL_TM","AUTOMOBILE_COUNT","BELTED_DEATH_COUNT","BELTED_SUSP_SERIOUS_INJ_COUNT","BICYCLE_COUNT","BICYCLE_DEATH_COUNT","BICYCLE_SUSP_SERIOUS_INJ_COUNT","BUS_COUNT","CHLDPAS_DEATH_COUNT","CHLDPAS_SUSP_SERIOUS_INJ_COUNT","COLLISION_TYPE","COMM_VEH_COUNT","CONS_ZONE_SPD_LIM","COUNTY","CRASH_MONTH","CRASH_YEAR","DAY_OF_WEEK","DEC_LATITUDE","DEC_LONGITUDE","DISPATCH_TM","DISTRICT","DRIVER_COUNT_16YR","DRIVER_COUNT_17YR","DRIVER_COUNT_18YR","DRIVER_COUNT_19YR","DRIVER_COUNT_20YR","DRIVER_COUNT_50_64YR","DRIVER_COUNT_65_74YR","DRIVER_COUNT_75PLUS","EST_HRS_CLOSED","FATAL_COUNT","HEAVY_TRUCK_COUNT","HORSE_BUGGY_COUNT","HOUR_OF_DAY","ILLUMINATION","INJURY_COUNT","INTERSECTION_RELATED","INTERSECT_TYPE","LANE_CLOSED","LATITUDE","LN_CLOSE_DIR","LOCATION_TYPE","LONGITUDE","MAX_SEVERITY_LEVEL","MCYCLE_DEATH_COUNT","MCYCLE_SUSP_SERIOUS_INJ_COUNT","MOTORCYCLE_COUNT","MUNICIPALITY","NONMOTR_COUNT","NONMOTR_DEATH_COUNT","NONMOTR_SUSP_SERIOUS_INJ_COUNT","NTFY_HIWY_MAINT","PED_COUNT","PED_DEATH_COUNT","PED_SUSP_SERIOUS_INJ_COUNT","PERSON_COUNT","POLICE_AGCY","POSSIBLE_INJ_COUNT","RDWY_SURF_TYPE_CD","RELATION_TO_ROAD","ROADWAY_CLEARED","ROAD_CONDITION","SCH_BUS_IND","SCH_ZONE_IND","SECONDARY_CRASH","SMALL_TRUCK_COUNT","SPEC_JURIS_CD","SUSP_MINOR_INJ_COUNT","SUSP_SERIOUS_INJ_COUNT","SUV_COUNT","TCD_FUNC_CD","TCD_TYPE","TFC_DETOUR_IND","TIME_OF_DAY","TOTAL_UNITS","TOT_INJ_COUNT","UNBELTED_OCC_COUNT","UNB_DEATH_COUNT","UNB_SUSP_SERIOUS_INJ_COUNT","UNK_INJ_DEG_COUNT","UNK_INJ_PER_COUNT","URBAN_RURAL","VAN_COUNT","VEHICLE_COUNT","WEATHER1","WEATHER2","WORKERS_PRES","WORK_ZONE_IND","WORK_ZONE_LOC","WORK_ZONE_TYPE","WZ_CLOSE_DETOUR","WZ_FLAGGER","WZ_LAW_OFFCR_IND","WZ_LN_CLOSURE","WZ_MOVING","WZ_OTHER","WZ_SHLDER_MDN","WZ_WORKERS_INJ_KILLED"
"2021060040","","1","0","0","0","0","0","1","0","0","1","1","","67","6","2021","2","40.002531","-75.223568","","6","0","0","0","1","0","1","0","0","","0","0","0","","","1","N","0","","40 00:09.111","","0","75 13:24.843","3","0","0","0","67301","0","0","0","N","0","0","0","2","67508","0","","1.0","","1","N","N","Y","0","","1","0","0","","0","","","2","1","0","0","0","0","0","2","0","2","","03","","N","","","","","","","","","",""
"2021066086","","1","0","0","0","0","0","0","0","0","1","0","45","67","5","2021","5","40.01765","-75.048707","","6","0","0","0","0","0","1","0","0","","0","0","0","","","0","N","0","","40 01:03.541","1","3","75 02:55.344","0","0","0","0","67301","0","0","0","N","0","0","0","3","68K01","0","","1.0","1024.0","1","N","N","Y","1","","0","0","0","","0","N","","3","0","0","0","0","0","0","2","1","3","","03","N","Y","4","1","","","N","","","","Y","N"
"2021068399","","1","0","0","0","0","0","0","0","0","5","1","45","67","7","2021","3","40.010751","-75.062504","","6","0","0","0","0","0","0","0","0","","0","1","0","","","0","N","0","","40 00:38.704","","0","75 03:45.016","0","0","0","0","67301","0","0","0","N","0","0","0","2","68K01","0","","1.0","","1","N","N","N","0","","0","0","0","","0","","","2","0","0","0","0","0","0","2","0","2","","","Y","Y","4","1","N","N","N","N","N","Y","Y","N"
"2021077369","","0","0","0","0","0","0","0","0","0","1","0","","67","8","2021","1","39.927361","-75.146716","","6","0","0","0","0","0","0","0","0","","0","0","0","","","2","N","0","","39 55:38.501","","0","75 08:48.178","3","0","0","0","67301","0","0","0","N","0","0","0","3","68K01","0","","1.0","","1","N","N","N","0","","1","0","2","","0","","","2","2","0","0","0","1","0","2","0","2","","","","N","","","","","","","","","",""
"2021037723","","2","0","0","0","0","0","0","0","0","4","0","","67","4","2021","1","40.042208","-75.078939","","6","0","0","0","0","0","0","0","0","","0","0","0","","","1","","1","","40 02:31.948","","0","75 04:44.181","3","0","0","0","67301","0","0","0","N","0","0","0","2","67301","0","","1.0","","1","N","N","N","0","","1","0","0","","3","","","3","1","0","0","0","0","0","2","0","3","","03","","N","","","","","","","","","",""
"2021038456","","1","0","0","0","0","0","0","0","0","7","0","","67","4","2021","2","40.094165","-75.015406","","6","0","0","0","0","0","0","0","0","","0","0","0","","","1","N","0","","40 05:38.993","1","0","75 00:55.461","2","0","0","0","67301","0","0","0","N","0","0","0","1","67301","0","","3.0","1530.0","1","N","N","N","0","","0","1","0","","0","Y","","1","1","0","0","0","0","0","2","0","1","","","","N","","","","","","","","","",""
"2021037149","","1","0","0","0","0","0","0","0","0","5","0","35","67","4","2021","7","39.912222","-75.1705","","6","0","0","0","0","0","0","1","0","","0","0","0","","","1","","6","","39 54:44.000","4","8","75 10:13.800","3","0","0","0","67301","0","0","0","N","0","0","0","2","67501","0","","1.0","2110.0","1","N","N","N","0","","1","0","1","","4","N","","2","1","0","0","0","0","0","2","0","2","","03","N","Y","4","1","","","N","Y","","","","N"
"2021037077","","2","0","0","0","0","0","0","0","0","4","0","","67","4","2021","6","40.038894","-75.034913","","6","0","0","0","0","1","0","0","1","","0","0","0","","","1","","2","","40 02:20.018","","0","75 02:05.687","8","0","0","0","67301","0","0","0","N","0","0","0","2","67301","0","","1.0","","1","N","N","N","0","","0","0","0","","3","","","2","1","0","0","0","1","0","2","0","2","","03","","N","","","","","","","","","",""
"2021038464","","2","0","0","0","0","0","0","0","0","7","0","","67","4","2021","3","40.037528","-75.167833","","6","0","0","0","0","0","0","0","0","","0","0","0","","","0","N","0","","40 02:15.100","","0","75 10:04.200","0","0","0","0","67301","0","0","0","N","0","0","0","1","67301","0","","4.0","","1","N","N","N","0","","0","0","2","","0","","","4","0","0","0","0","0","0","2","0","4","","03","","N","","","","","","","","","",""
"2021037797","","1","0","0","0","0","0","0","0","0","8","0","","67","4","2021","3","39.954079","-75.189725","","6","0","0","0","0","0","0","1","0","","0","0","0","","","1","","1","","39 57:14.683","4","0","75 11:23.010","8","0","0","0","67301","1","0","0","N","1","0","0","2","67507","0","","1.0","830.0","1","N","N","N","0","","0","0","0","","2","N","","2","1","0","0","0","1","0","2","0","1","","","","N","","","","","","","","","",""
"2021038493","","0","0","0","0","0","0","0","0","0","4","0","","67","4","2021","3","39.984161","-75.119634","","6","0","0","0","0","0","1","0","0","","0","0","0","","","1","","2","","39 59:02.978","","0","75 07:10.683","3","0","0","1","67301","0","0","0","N","0","0","0","2","67301","0","","1.0","","1","N","N","N","0","","1","0","1","","0","","","2","1","0","0","0","0","0","2","0","2","","","","N","","","","","","","","","",""
"2021059081","","0","0","0","0","0","0","0","0","0","7","0","","67","6","2021","3","39.99487","-75.083612","","6","0","0","0","0","0","0","0","0","","0","0","0","","","1","N","0","","39 59:41.533","","0","75 05:01.003","4","0","0","0","67301","0","0","0","N","0","0","0","1","68K01","1","","4.0","","9","N","N","N","0","","0","0","0","","0","","","1","1","0","0","0","0","0","2","1","1","","","","N","","","","","","","","","",""
"2021037301","","1","0","0","0","0","0","0","0","0","4","0","","67","4","2021","6","40.005516","-75.105344","","6","0","0","0","0","0","1","0","0","","0","0","0","","","1","","1","","40 00:19.857","","0","75 06:19.237","8","0","0","1","67301","0","0","0","N","0","0","0","2","67301","0","","1.0","","1","N","N","N","0","","0","0","0","","2","","","2","1","0","0","0","1","0","2","0","2","","","","N","","","","","","","","","",""
"2021039051","","0","0","0","0","0","0","0","0","0","1","0","","67","4","2021","5","40.083719","-75.039068","","6","0","0","0","0","0","1","0","0","","0","0","0","","","2","Y","0","","40 05:01.388","","0","75 02:20.643","3","0","0","0","67301","0","0","0","N","0","0","0","2","67301","0","","1.0","","1","N","N","N","0","","1","0","1","","2","","","2","2","0","0","0","1","0","2","1","2","","03","","N","","","","","","","","","",""
"2021017107","","0","0","0","0","0","0","0","0","0","7","0","","67","2","2021","5","39.933183","-75.237601","","6","0","0","0","0","0","0","0","0","","0","0","0","","","1","N","0","","39 55:59.458","","0","75 14:15.363","3","0","0","0","67301","0","0","0","N","0","0","0","1","67301","0","","5.0","","7","N","N","N","0","","1","0","1","","0","","","1","1","0","0","0","0","0","2","0","1","","09","","N","","","","","","","","","",""
"2021038501","","2","0","0","0","0","0","0","0","0","1","0","","67","4","2021","3","40.016181","-75.175671","","6","0","0","0","0","0","1","0","0","","0","0","0","","","3","N","0","","40 00:58.251","","3","75 10:32.416","4","0","0","0","67301","0","0","0","N","0","0","0","7","67301","3","","1.0","","1","N","N","N","1","","0","0","0","","0","","","3","3","7","0","0","0","0","2","0","3","","03","","N","","","","","","","","","",""
"2021037186","","0","0","0","0","0","0","0","0","0","4","0","","67","4","2021","7","40.048179","-75.142744","","6","0","0","0","0","0","0","0","0","","0","0","0","","","1","N","0","","40 02:53.445","","7","75 08:33.878","3","0","0","0","67301","0","0","0","N","0","0","0","2","67301","0","","1.0","","1","N","N","N","0","","1","0","0","","0","","","2","1","0","0","0","0","1","2","1","2","","03","","N","","","","","","","","","",""
"2021038608","","1","0","0","0","0","0","0","0","0","1","0","","67","4","2021","4","40.017","-75.149972","","6","0","0","0","0","0","0","1","0","","0","0","0","","","1","N","0","","40 01:01.200","","7","75 08:59.900","3","0","0","0","67301","0","0","0","N","0","0","0","2","67301","0","","1.0","","1","N","N","N","0","","1","0","1","","0","","","2","1","1","0","0","0","0","2","0","2","","03","","N","","","","","","","","","",""
"2021041149","","1","0","0","0","0","0","0","0","0","4","0","","67","4","2021","5","39.97507","-75.23338","","6","0","0","0","0","0","0","0","0","","0","0","0","","","0","","1","","39 58:30.252","","0","75 14:00.168","0","0","0","0","67301","0","0","0","N","0","0","0","2","67301","0","","1.0","","9","N","N","N","0","","0","0","1","","3","","","2","0","0","0","0","0","0","2","0","2","","","","N","","","","","","","","","",""
"2021037731","","1","0","0","0","0","0","0","0","0","4","0","","67","4","2021","2","40.004023","-75.17172","","6","0","0","0","0","0","0","0","0","","0","0","0","","","4","","1","","40 00:14.481","","0","75 10:18.192","4","0","0","0","67301","0","0","0","N","0","0","0","5","67301","4","","1.0","","1","N","N","N","0","","0","0","2","","3","","","3","4","0","0","0","0","0","2","0","3","","03","","N","","","","","","","","","",""
"2021041086","","4","0","0","0","0","0","0","0","0","1","0","","67","4","2021","3","39.998349","-75.128074","","6","0","0","0","0","0","0","0","0","","0","0","0","","","1","N","0","","39 59:54.058","","0","75 07:41.066","4","0","0","0","67301","0","0","0","N","0","0","0","1","67301","1","","6.0","","1","N","N","N","0","","0","0","2","","0","","","6","1","0","0","0","0","0","2","0","6","","98","","N","","","","","","","","","",""
"2021038734","","1","0","0","0","0","0","0","0","0","4","0","","67","4","2021","4","40.045023","-75.007954","","6","0","0","0","0","0","0","0","0","","0","0","0","","","2","","2","","40 02:42.082","","0","75 00:28.635","3","0","0","0","67301","0","0","0","N","0","0","0","3","67301","1","","1.0","","1","N","N","N","0","","1","0","0","","2","","","2","2","1","0","0","0","0","2","1","2","","03","","N","","","","","","","","","",""
"2021037078","","1","0","0","0","0","0","0","0","0","4","0","","67","4","2021","7","40.030668","-75.061662","","6","0","0","0","0","0","0","0","0","","0","0","0","","","1","","1","","40 01:50.404","4","0","75 03:41.983","3","0","0","0","67301","0","0","0","N","0","0","0","3","67301","0","","1.0","1304.0","1","N","N","Y","0","","1","0","2","","2","Y","","3","1","0","0","0","0","0","2","0","3","","","","N","","","","","","","","","",""
"2021040629","","0","0","0","0","0","0","0","0","0","7","0","","67","4","2021","1","39.901163","-75.153006","","6","0","0","0","0","0","0","0","0","","0","0","0","","","0","N","0","","39 54:04.186","","3","75 09:10.821","0","0","0","0","67301","0","0","0","N","0","0","0","2","68K01","0","","4.0","","9","N","N","N","0","","0","0","1","","0","","","1","0","0","0","0","0","0","2","0","1","","","","N","","","","","","","","","",""
"2021037293","","1","0","0","0","0","0","0","0","0","4","0","","67","4","2021","7","40.032139","-75.107917","","6","0","0","0","0","0","1","0","0","","0","0","0","","","2","","2","","40 01:55.700","","0","75 06:28.500","3","0","0","1","67301","0","0","0","N","0","0","0","3","67301","0","","1.0","","1","N","N","N","0","","2","0","0","","0","","","2","2","0","0","0","0","0","2","0","2","","03","","N","","","","","","","","","",""
"2021038476","","1","0","0","0","0","0","0","0","0","4","0","","67","4","2021","2","39.977704","-75.161444","","6","0","0","0","0","0","0","0","0","","0","0","0","","","0","","1","","39 58:39.733","","0","75 09:41.198","0","0","0","0","67301","0","0","0","N","0","0","0","2","67301","0","","1.0","","1","N","N","N","0","","0","0","1","","2","","","2","0","2","0","0","0","0","2","0","2","","","","N","","","","","","","","","",""
"2021040017","","1","0","0","0","0","0","0","0","0","1","0","","67","4","2021","6","40.016414","-75.073181","","6","0","0","0","0","0","0","0","0","","0","0","0","","","0","N","0","","40 00:59.090","","0","75 04:23.450","0","0","0","0","67301","0","0","0","N","0","0","0","1","67301","0","","6.0","","1","N","N","N","0","","0","0","1","","0","","","2","0","0","0","0","0","0","2","0","2","","03","","N","","","","","","","","","",""
"2021068232","","0","0","0","0","0","0","0","0","0","1","0","","67","7","2021","7","39.956791","-75.154209","","6","0","0","0","0","0","1","0","0","","0","0","0","","","2","N","0","","39 57:24.448","","0","75 09:15.151","4","0","0","0","67301","0","0","0","N","0","0","0","3","68K01","2","","1.0","","9","N","N","N","0","","0","0","2","","0","","","2","2","2","0","0","0","0","2","0","2","","","","N","","","","","","","","","",""
"2021038377","","1","0","0","0","0","0","0","0","0","1","0","35","67","4","2021","4","39.911417","-75.165417","","6","0","0","0","0","1","0","0","0","","0","0","0","","","0","N","0","","39 54:41.100","","3","75 09:55.500","0","0","0","0","67301","0","0","0","N","0","0","0","2","67501","0","","1.0","","1","N","N","N","0","","0","0","1","","0","","","2","0","0","0","0","0","0","2","0","2","","","N","Y","4","1","","","N","Y","Y","","","N"
"2021039650","","3","0","0","0","0","0","0","0","0","5","0","","67","4","2021","6","39.979961","-75.237386","","6","0","0","0","0","0","0","0","0","","0","0","0","","","0","N","0","","39 58:47.860","","0","75 14:14.590","9","0","0","0","67301","0","0","0","N","0","0","0","1","67301","0","","6.0","","1","N","N","N","0","","0","0","2","","0","","","5","0","0","0","0","0","1","2","0","5","","03","","N","","","","","","","","","",""
"2021038561","","2","0","0","0","0","0","0","0","0","1","0","","67","4","2021","3","40.000522","-75.194817","","6","0","0","0","0","0","0","0","0","","0","0","0","","","1","N","0","","40 00:01.880","","0","75 11:41.340","3","0","0","0","67301","0","0","0","N","0","0","0","3","68K01","0","","1.0","","1","N","N","N","0","","1","0","0","","0","","","2","1","0","0","0","0","0","2","0","2","","","","N","","","","","","","","","",""
"2021038469","","0","0","0","0","0","0","0","0","0","7","0","","67","4","2021","4","","","","6","0","0","0","0","0","1","0","0","","0","0","0","","","1","N","0","","","","0","","3","0","0","0","67301","0","0","0","N","0","0","0","1","67301","0","","4.0","","1","N","N","N","0","","1","0","1","","0","","","1","1","0","0","0","0","0","1","0","1","","03","","N","","","","","","","","","",""
"2021037298","","0","0","0","0","0","0","0","0","0","1","0","","67","4","2021","7","40.029833","-75.087659","","6","0","0","0","0","0","0","0","0","","0","0","0","","","1","","1","","40 01:47.398","","0","75 05:15.572","2","0","1","1","67301","0","0","0","N","0","0","0","2","67301","0","","1.0","","1","N","N","N","1","","0","1","0","","2","","","2","1","0","0","0","0","0","2","0","2","","","","N","","","","","","","","","",""
"2021068336","","0","0","0","0","0","0","0","0","0","7","0","","67","7","2021","4","39.968594","-75.128862","","6","0","0","0","0","0","0","0","0","","0","0","0","","","0","N","0","","39 58:06.938","2","0","75 07:43.902","0","0","0","0","67301","0","0","0","N","0","0","0","1","68K01","0","","3.0","2105.0","9","N","N","N","0","","0","0","1","","0","N","","1","0","0","0","0","0","0","2","0","1","","","","N","","","","","","","","","",""
"2021050847","","1","0","0","0","0","0","0","0","0","6","0","","67","5","2021","1","40.018774","-75.19014","","6","0","0","0","0","0","0","0","0","","0","0","0","","","4","N","0","","40 01:07.588","","0","75 11:24.503","3","0","0","0","67301","0","0","0","N","0","0","0","5","67301","0","","1.0","","9","N","N","N","0","","4","0","1","","0","","","2","4","0","0","0","0","1","2","0","2","","04","","N","","","","","","","","","",""
"2021039594","","1","0","0","0","0","0","0","0","0","4","0","","67","4","2021","3","39.973555","-75.208899","","6","0","0","0","0","0","0","0","0","","0","0","0","","","1","","2","","39 58:24.797","","0","75 12:32.036","2","0","0","0","67301","0","0","0","N","0","0","0","2","67301","0","","1.0","","1","N","N","N","0","","0","1","0","","2","","","2","1","0","0","0","0","0","2","0","2","","","","N","","","","","","","","","",""
"2021038453","","2","0","0","0","0","0","0","0","0","4","0","","67","4","2021","3","39.937174","-75.161492","","6","0","0","0","0","0","0","0","0","","0","0","0","","","1","","1","","39 56:13.826","","0","75 09:41.371","3","0","0","0","67301","0","0","0","N","0","0","0","3","67301","0","","1.0","","1","N","N","N","0","","1","0","0","","2","","","2","1","0","0","0","0","0","2","0","2","","03","","N","","","","","","","","","",""
"2021072641","","1","0","0","0","0","0","0","0","0","1","0","","67","7","2021","7","40.010898","-75.12088","","6","0","0","0","0","0","0","0","0","","0","0","0","","","0","N","0","","40 00:39.234","","0","75 07:15.169","0","0","0","1","67301","0","0","0","N","0","0","0","2","67301","0","","1.0","","1","N","N","N","0","","0","0","0","","0","","","2","0","0","0","0","0","0","2","0","2","","03","","N","","","","","","","","","",""
"2021067624","","1","0","0","0","0","0","0","0","0","1","0","","67","7","2021","4","39.979319","-75.204021","","6","0","0","0","0","0","0","1","0","","0","0","0","","","2","N","0","","39 58:45.549","","0","75 12:14.477","3","0","0","0","67301","0","0","0","N","0","0","0","5","68K01","0","","1.0","","1","N","N","N","0","","1","0","1","","8","","","3","2","0","0","0","1","2","2","0","3","","","","N","","","","","","","","","",""
"2021039362","","1","0","0","0","0","0","0","0","0","1","0","35","67","4","2021","3","39.919917","-75.189806","","6","0","0","0","0","0","0","0","0","","0","0","0","","","0","","6","","39 55:11.700","","8","75 11:23.300","0","0","0","0","67301","0","0","0","N","0","0","0","2","67501","0","","1.0","","1","N","N","N","0","","0","0","1","","3","","","3","0","0","0","0","0","0","2","0","2","","","Y","Y","4","1","","","N","Y","Y","","Y","N"
"2021042336","","1","0","0","0","0","0","0","0","0","4","0","","67","5","2021","7","40.009832","-75.166871","","6","0","0","0","0","0","0","0","1","","0","0","0","","","1","","1","","40 00:35.396","5","0","75 10:00.737","3","0","0","0","67301","0","0","0","N","0","0","0","2","67301","0","","1.0","38.0","1","N","N","N","0","","1","0","1","","1","Y","","2","1","0","0","0","0","0","2","0","2","","03","","N","","","","","","","","","",""
"2021041095","","1","0","0","0","0","0","0","0","0","2","0","","67","4","2021","4","40.022928","-75.136988","","6","0","0","0","0","0","0","0","0","","0","0","0","","","2","","1","","40 01:22.541","","0","75 08:13.158","3","0","0","0","67301","0","0","0","N","0","0","0","4","67301","0","","1.0","","99","N","N","N","0","","2","0","0","","2","","","2","2","0","0","0","0","0","2","0","2","","","","N","","","","","","","","","",""
"2021038601","","0","0","0","0","0","0","0","0","0","8","0","","67","4","2021","3","39.945352","-75.23964","","6","0","0","0","0","0","1","0","0","","0","0","0","","","1","","2","","39 56:43.267","","0","75 14:22.705","4","0","0","0","67301","1","0","0","N","1","0","0","2","67301","1","","1.0","","1","N","N","N","0","","0","0","1","","0","","","2","1","0","0","0","0","0","2","0","1","","03","","N","","","","","","","","","",""
"2021038485","","2","0","0","0","0","0","0","0","0","4","0","","67","4","2021","7","40.01914","-75.126978","","6","0","0","0","0","0","0","0","0","","0","0","0","","","1","","2","","40 01:08.904","1","0","75 07:37.120","8","0","0","0","67301","0","0","0","N","0","0","0","2","67301","0","","1.0","1043.0","1","N","N","Y","0","","0","0","3","","3","N","","5","1","0","0","0","1","1","2","0","5","","","","N","","","","","","","","","",""
"2021038478","","2","0","0","0","0","0","0","0","0","4","0","","67","4","2021","3","39.988753","-75.187038","","6","0","0","0","0","0","1","0","0","","0","0","0","","","1","","1","","39 59:19.512","","0","75 11:13.337","4","0","0","0","67301","0","0","0","N","0","0","0","2","67301","1","","1.0","","1","N","N","N","0","","0","0","0","","2","","","2","1","0","0","0","0","1","2","0","2","","03","","N","","","","","","","","","",""
"2021078128","","1","0","0","0","0","0","0","0","0","4","0","","67","8","2021","3","39.974014","-75.162237","","6","0","0","0","0","0","0","0","0","","0","0","0","","","1","","1","","39 58:26.450","","0","75 09:44.053","4","0","0","0","67301","0","0","0","N","0","0","0","2","67301","1","","1.0","","1","N","N","N","0","","0","0","0","","3","","","2","1","0","0","0","0","1","2","0","2","","04","","N","","","","","","","","","",""
"2021059197","","1","0","0","0","0","0","0","0","0","5","0","","67","6","2021","4","39.889543","-75.219081","","6","0","0","0","0","1","0","0","0","","0","0","0","","","2","N","0","","39 53:22.354","2","0","75 13:08.693","8","0","0","0","67301","0","0","0","N","0","0","0","3","68K01","0","","1.0","2310.0","1","N","N","N","0","","0","0","1","","0","N","","2","2","0","0","0","2","1","2","0","2","","","","N","","","","","","","","","",""
"2021038597","","0","0","0","0","0","0","0","0","0","4","0","","67","4","2021","2","39.901167","-75.240333","","6","0","0","1","0","0","0","0","0","","0","0","0","","","1","","1","","39 54:04.200","","7","75 14:25.200","4","0","0","0","67301","0","0","0","N","0","0","0","2","67301","1","","1.0","","1","N","N","N","0","","0","0","2","","3","","","2","1","0","0","0","0","0","2","0","2","","03","","N","","","","","","","","","",""
"2021049180","","0","0","0","0","0","0","0","0","0","4","0","","67","5","2021","2","40.049518","-75.146477","","6","0","0","0","0","0","1","0","0","","0","0","0","","","3","","1","","40 02:58.263","","0","75 08:47.316","4","0","0","0","67301","0","0","0","N","0","0","0","3","67301","1","","1.0","","1","N","N","N","0","","0","0","2","","0","","","2","3","0","0","0","2","0","2","0","2","","03","","N","","","","","","","","","",""
"2021038910","","1","0","0","0","0","0","0","0","0","1","0","","67","4","2021","6","39.962185","-75.242314","","6","0","0","0","0","0","1","0","0","","0","0","0","","","0","Y","0","","39 57:43.866","","1","75 14:32.329","0","0","0","0","67301","0","0","0","N","0","0","0","2","67301","0","","1.0","","1","N","N","N","0","","0","0","1","","2","","","2","0","0","0","0","0","0","2","0","2","","03","","N","","","","","","","","","",""
"2021039383","","2","0","0","0","0","0","0","0","0","4","0","","67","4","2021","6","39.989366","-75.143667","","6","0","0","0","0","0","0","0","0","","0","0","0","","","1","","1","","39 59:21.717","3","0","75 08:37.201","3","0","0","0","67301","0","0","0","N","0","0","0","2","67301","0","","1.0","1635.0","1","N","N","N","0","","1","0","2","","3","Y","","4","1","0","0","0","0","0","2","0","4","","03","","N","","","","","","","","","",""
"2021037758","","0","0","0","0","0","0","0","0","0","4","0","","67","4","2021","2","40.034979","-75.078477","","6","0","0","0","0","0","0","0","0","","0","0","0","","","0","","1","","40 02:05.924","","0","75 04:42.517","0","0","0","0","67301","0","0","0","N","0","0","0","2","67301","0","","1.0","","1","N","N","N","1","","0","0","1","","3","","","2","0","0","0","0","0","0","2","0","2","","03","","N","","","","","","","","","",""
"2021038155","","1","0","0","0","0","0","0","0","0","5","0","","67","4","2021","4","39.979593","-75.164915","","6","0","0","0","0","0","0","0","0","","0","0","0","","","0","N","0","","39 58:46.533","","0","75 09:53.695","0","0","0","0","67301","0","0","0","N","0","0","0","1","67505","0","","6.0","","1","N","N","N","0","","0","0","1","","0","","","2","0","0","0","0","0","0","2","0","2","","03","","N","","","","","","","","","",""
"2021048871","","1","0","0","0","0","0","0","0","0","4","0","","67","5","2021","5","39.940467","-75.226382","","6","0","0","0","0","0","0","0","0","","0","0","0","","","1","","1","","39 56:25.681","","0","75 13:34.975","8","0","0","1","67301","0","0","0","N","0","0","0","3","67301","0","","1.0","","1","N","N","N","0","","0","0","0","","0","","","2","1","0","0","0","1","0","2","0","2","","03","","N","","","","","","","","","",""
"2021039308","","2","0","0","0","0","0","0","0","0","4","0","","67","4","2021","6","40.005023","-75.136398","","6","0","0","1","0","0","0","0","0","","0","0","0","","","0","","3","","40 00:18.082","","0","75 08:11.032","0","0","0","0","67301","0","0","0","N","0","0","0","2","67301","0","","1.0","","1","N","N","N","0","","0","0","0","","3","","","2","0","0","0","0","0","0","2","0","2","","","","N","","","","","","","","","",""
"2021039302","","1","0","0","0","0","0","0","0","0","4","0","","67","4","2021","5","40.046006","-75.095992","","6","0","0","0","0","0","1","0","0","","0","0","0","","","1","","1","","40 02:45.621","","0","75 05:45.571","8","0","0","0","67301","0","0","0","N","0","0","0","3","67301","0","","1.0","","9","N","N","N","0","","0","0","1","","3","","","2","1","0","0","0","1","1","2","0","2","","","","N","","","","","","","","","",""
"2021037233","","0","0","0","0","0","0","0","0","0","4","0","","67","4","2021","6","40.055608","-75.181295","","6","0","0","0","0","0","0","1","0","","0","0","0","","","1","","2","","40 03:20.188","","0","75 10:52.662","3","0","0","0","67301","0","0","0","N","0","0","0","2","67301","0","","1.0","","1","N","N","N","1","","1","0","1","","3","","","2","1","0","0","0","0","1","2","0","2","","","","N","","","","","","","","","",""
"2021077890","","0","0","0","0","0","0","0","0","0","0","1","","67","8","2021","5","40.018101","-75.047234","","6","0","0","0","0","0","0","0","0","","0","1","0","","","0","N","0","","40 01:05.164","5","0","75 02:50.043","0","0","0","0","67301","0","0","0","N","0","0","0","1","67301","0","","1.0","1900.0","1","N","N","N","0","","0","0","0","","0","Y","","1","0","0","0","0","0","0","2","0","1","","03","","N","","","","","","","","","",""
"2021038055","","1","0","0","0","0","0","0","0","0","7","0","","67","4","2021","1","39.960452","-75.181239","","6","0","0","0","0","0","0","0","0","","0","0","0","","","0","","7","","39 57:37.626","4","8","75 10:52.459","0","0","0","0","67301","0","0","0","N","0","0","0","1","68K01","0","","3.0","300.0","9","N","N","N","0","","0","0","0","","0","N","","1","0","0","0","0","0","0","2","0","1","","07","","N","","","","","","","","","",""
"2021068206","","1","0","0","0","0","0","0","0","0","1","0","","67","7","2021","7","40.027649","-75.024857","","6","0","0","0","1","1","0","0","0","","0","0","0","","","0","N","0","","40 01:39.538","2","0","75 01:29.485","0","0","0","0","67301","0","0","0","N","0","0","0","2","68K01","0","","1.0","1400.0","1","N","N","N","0","","0","0","1","","0","N","","2","0","0","0","0","0","0","2","0","2","","","","N","","","","","","","","","",""
"2021068080","","0","0","0","0","0","0","0","0","0","1","0","","67","7","2021","3","39.957915","-75.162176","","6","0","0","0","0","0","1","0","0","","0","0","0","","","0","N","0","","39 57:28.494","","0","75 09:43.835","0","0","0","0","67301","0","0","0","N","0","0","0","5","68K01","0","","1.0","","1","N","N","N","0","","0","0","2","","0","","","3","0","0","0","0","0","0","2","1","3","","03","","N","","","","","","","","","",""
"2021037720","","1","0","0","0","0","0","0","0","0","4","0","","67","4","2021","2","39.963779","-75.189119","","6","0","0","0","0","0","0","0","0","","0","0","0","","","0","","2","","39 57:49.605","","0","75 11:20.829","0","0","0","0","67301","0","0","0","N","0","0","0","1","67507","0","","1.0","","1","N","N","N","0","","0","0","1","","0","","","2","0","0","0","0","0","0","2","0","2","","03","","N","","","","","","","","","",""