"CRN","ARRIVAL_TM","AUTOMOBILE_COUNT","BELTED_DEATH_COUNT","BELTED_SUSP_SERIOUS_INJ_COUNT","BICYCLE_COUNT","BICYCLE_DEATH_COUNT","BICYCLE_SUSP_SERIOUS_INJ_COUNT","BUS_COUNT","CHLDPAS_DEATH_COUNT","CHLDPAS_SUSP_SERIOUS_INJ_COUNT","COLLISION_TYPE","COMM_VEH_COUNT","CONS_ZONE_SPD_LIM","COUNTY","CRASH_MONTH","CRASH_YEAR","DAY_OF_WEEK","DEC_LATITUDE","DEC_LONGITUDE","DISPATCH_TM","DISTRICT","DRIVER_COUNT_16YR","DRIVER_COUNT_17YR","DRIVER_COUNT_18YR","DRIVER_COUNT_19YR","DRIVER_COUNT_20YR","DRIVER_COUNT_50_64YR","DRIVER_COUNT_65_74YR","DRIVER_COUNT_75PLUS","EST_HRS_CLOSED","FATAL_COUNT","HEAVY_TRUCK_COUNT","HORSE_BUGGY_COUNT","HOUR_OF_DAY","ILLUMINATION","INJURY_COUNT","INTERSECTION_RELATED","INTERSECT_TYPE","LANE_CLOSED","LATITUDE","LN_CLOSE_DIR","LOCATION_TYPE","LONGITUDE","MAX_SEVERITY_LEVEL","MCYCLE_DEATH_COUNT","MCYCLE_SUSP_SERIOUS_INJ_COUNT","MOTORCYCLE_COUNT","MUNICIPALITY","NONMOTR_COUNT","NONMOTR_DEATH_COUNT","NONMOTR_SUSP_SERIOUS_INJ_COUNT","NTFY_HIWY_MAINT","PED_COUNT","PED_DEATH_COUNT","PED_SUSP_SERIOUS_INJ_COUNT","PERSON_COUNT","POLICE_AGCY","POSSIBLE_INJ_COUNT","RDWY_SURF_TYPE_CD","RELATION_TO_ROAD","ROADWAY_CLEARED","ROAD_CONDITION","SCH_BUS_IND","SCH_ZONE_IND","SECONDARY_CRASH","SMALL_TRUCK_COUNT","SPEC_JURIS_CD","SUSP_MINOR_INJ_COUNT","SUSP_SERIOUS_INJ_COUNT","SUV_COUNT","TCD_FUNC_CD","TCD_TYPE","TFC_DETOUR_IND","TIME_OF_DAY","TOTAL_UNITS","TOT_INJ_COUNT","UNBELTED_OCC_COUNT","UNB_DEATH_COUNT","UNB_SUSP_SERIOUS_INJ_COUNT","UNK_INJ_DEG_COUNT","UNK_INJ_PER_COUNT","URBAN_RURAL","VAN_COUNT","VEHICLE_COUNT","WEATHER1","WEATHER2","WORKERS_PRES","WORK_ZONE_IND","WORK_ZONE_LOC","WORK_ZONE_TYPE","WZ_CLOSE_DETOUR","WZ_FLAGGER","WZ_LAW_OFFCR_IND","WZ_LN_CLOSURE","WZ_MOVING","WZ_OTHER","WZ_SHLDER_MDN","WZ_WORKERS_INJ_KILLED"
"2021038598","","1","0","0","0","0","0","0","0","0","4","0","","67","4","2021","2","39.919569","-75.24022","","6","0","0","0","0","0","0","0","0","","0","0","0","","","1","","1","","39 55:10.448","","0","75 14:24.792","3","0","0","0","67301","0","0","0","N","0","0","0","4","67301","0","","1.0","","1","N","N","N","0","","1","0","1","","2","","","2","1","0","0","0","0","0","2","0","2","","98","","N","","","","","","","","","",""
"2021068217","","2","0","0","0","0","0","0","0","0","4","0","","67","7","2021","2","39.970981","-75.193228","","6","0","0","0","0","2","0","1","0","","0","0","0","","","1","N","0","","39 58:15.532","3","0","75 11:35.619","3","0","0","0","67301","0","0","0","N","0","0","0","5","68K01","0","","1.0","2030.0","9","N","N","N","0","","1","0","1","","0","N","","3","1","0","0","0","0","0","2","0","3","","","","N","","","","","","","","","",""
"2021038491","","1","0","0","0","0","0","0","0","0","4","0","","67","4","2021","2","39.984727","-75.144049","","6","0","0","0","0","0","0","0","0","","0","0","0","","","1","","1","","39 59:05.017","","0","75 08:38.576","4","0","0","0","67301","0","0","0","N","0","0","0","2","67301","1","","1.0","","1","N","N","N","0","","0","0","1","","2","","","2","1","0","0","0","0","0","2","0","2","","","","N","","","","","","","","","",""
"2021039338","","0","0","0","0","0","0","0","0","0","5","0","","67","4","2021","4","40.05123","-75.050694","","6","0","0","0","0","0","1","0","0","","0","0","0","","","7","N","0","","40 03:04.427","","0","75 03:02.499","3","0","0","0","67301","0","0","0","N","0","0","0","7","67301","0","","1.0","","1","N","N","Y","0","","6","0","2","","0","","","2","7","4","0","0","1","0","2","0","2","","03","","N","","","","","","","","","",""
"2021038213","","0","0","0","0","0","0","0","0","0","7","0","","67","4","2021","3","39.887623","-75.216496","","6","0","0","0","0","0","0","0","0","","0","0","0","","","0","N","0","","39 53:15.442","","3","75 12:59.385","9","0","0","0","67301","0","0","0","N","0","0","0","1","68K01","0","","1.0","","1","N","N","N","0","","0","0","1","","0","","","1","0","0","0","0","0","1","2","0","1","","","","N","","","","","","","","","",""
"2021076467","","2","0","0","0","0","0","0","0","0","1","0","","67","8","2021","5","39.958297","-75.166093","","6","0","0","0","0","1","0","0","0","","0","0","0","","","0","N","0","","39 57:29.869","","0","75 09:57.934","0","0","0","0","67301","0","0","0","N","0","0","0","4","68K01","0","","3.0","","1","N","N","N","0","","0","0","1","","0","","","3","0","0","0","0","0","0","2","0","3","","","","N","","","","","","","","","",""
"2021038497","","1","0","0","0","0","0","0","0","0","7","0","","67","4","2021","7","40.015589","-75.176003","","6","0","0","0","0","0","0","0","0","","0","0","0","","","0","N","0","","40 00:56.120","","0","75 10:33.610","0","0","0","0","67301","0","0","0","N","0","0","0","1","67301","0","","6.0","","1","N","N","N","0","","0","0","0","","0","","","1","0","0","0","0","0","0","2","0","1","","03","","N","","","","","","","","","",""
"2021038612","","1","0","0","0","0","0","0","0","0","5","0","","67","4","2021","5","39.998523","-75.153613","","6","0","0","0","0","0","0","0","0","","0","0","0","","","1","","2","","39 59:54.682","","0","75 09:13.006","4","0","0","0","67301","0","0","0","N","0","0","0","3","67301","1","","1.0","","9","N","N","N","0","","0","0","1","","2","","","2","1","0","0","0","0","0","2","0","2","","","","N","","","","","","","","","",""
"2021067919","","1","0","0","0","0","0","0","0","0","7","0","","67","7","2021","4","39.995151","-75.197792","","6","0","0","0","0","0","0","0","0","","0","0","0","","","1","N","0","","39 59:42.544","","0","75 11:52.052","8","0","0","0","67301","0","0","0","N","0","0","0","1","68K01","0","","5.0","","1","N","N","N","0","","0","0","0","","0","","","1","1","1","0","0","1","0","2","0","1","","03","","N","","","","","","","","","",""
"2021041853","","1","0","0","0","0","0","0","0","0","8","0","","67","4","2021","5","39.970113","-75.213609","","6","0","0","0","0","0","0","1","0","","0","0","0","","","1","N","0","","39 58:12.406","","0","75 12:48.991","3","0","0","0","67301","1","0","0","N","1","0","0","2","67301","0","","1.0","","1","N","N","N","0","","1","0","0","","0","","","2","1","0","0","0","0","0","2","0","1","","03","","N","","","","","","","","","",""
"2021038058","","0","0","0","0","0","0","0","0","0","7","0","","67","4","2021","1","40.00736","-75.069696","","6","0","0","0","0","0","0","0","0","","0","0","0","","","1","N","0","","40 00:26.497","1","2","75 04:10.906","8","0","0","0","67301","0","0","0","Y","0","0","0","1","68K01","0","","4.0","1830.0","1","N","N","N","0","","0","0","1","","0","N","","1","1","0","0","0","1","0","2","0","1","","03","","N","","","","","","","","","",""
"2021048106","","0","0","0","0","0","0","0","0","0","7","0","","67","5","2021","3","40.001564","-75.081258","","6","0","0","0","0","0","0","0","0","","0","0","0","","","2","N","0","","40 00:05.631","1","0","75 04:52.529","3","0","0","0","67301","0","0","0","N","0","0","0","2","67301","0","","4.0","1818.0","1","N","N","N","0","","1","0","1","","0","N","","1","2","2","0","0","1","0","2","0","1","","03","","N","","","","","","","","","",""
"2021038766","","1","0","0","0","0","0","0","0","0","4","0","","67","4","2021","3","40.053585","-75.141452","","6","0","0","0","0","0","0","0","0","","0","0","0","","","1","","5","","40 03:12.905","","0","75 08:29.228","3","0","0","0","67301","0","0","0","N","0","0","0","2","67301","0","","1.0","","99","N","N","N","0","","1","0","1","","2","","","2","1","0","0","0","0","1","2","0","2","","","","N","","","","","","","","","",""
"2021067920","","1","0","0","0","0","0","0","0","0","1","0","","67","6","2021","6","39.956976","-75.153116","","6","0","0","0","0","0","0","0","0","","0","0","0","","","0","N","0","","39 57:25.113","4","0","75 09:11.219","0","0","0","0","67301","0","0","0","N","0","0","0","2","68K01","0","","1.0","1705.0","1","N","N","N","0","","0","0","1","","0","N","","2","0","1","0","0","0","0","2","0","2","","","","N","","","","","","","","","",""
"2021068397","","1","0","0","0","0","0","0","0","0","7","0","","67","7","2021","2","39.879014","-75.248956","","6","0","0","0","0","1","0","0","0","","0","0","0","","","1","N","0","","39 52:44.451","1","0","75 14:56.241","8","0","0","0","67301","0","0","0","Y","0","0","0","2","68K01","0","","4.0","1110.0","1","N","N","N","0","","0","0","0","","0","N","","1","1","1","0","0","1","0","2","0","1","","","","N","","","","","","","","","",""
"2021067745","","1","0","0","0","0","0","0","0","0","0","0","","67","7","2021","1","39.878514","-75.249884","","6","0","0","0","0","0","0","0","0","","0","0","0","","","0","N","0","","39 52:42.650","1","0","75 14:59.583","9","0","0","0","67301","0","0","0","N","0","0","0","1","68K01","0","","1.0","104.0","8","N","N","N","0","","0","0","0","","0","N","","1","0","1","0","0","0","1","2","0","1","","07","","N","","","","","","","","","",""
"2021036988","","0","0","0","1","0","0","0","0","0","8","0","","67","4","2021","6","40.026393","-75.097546","","6","0","0","0","0","0","0","0","0","","0","0","0","","","1","","1","","40 01:35.013","","0","75 05:51.166","3","0","0","0","67301","1","0","0","N","0","0","0","2","67301","0","","1.0","","1","N","N","N","0","","1","0","0","","2","","","2","1","0","0","0","0","1","2","0","1","","03","","N","","","","","","","","","",""
"2021038737","","1","0","0","0","0","0","0","0","0","4","0","","67","4","2021","4","39.969037","-75.160042","","6","0","0","0","0","0","0","0","0","","0","0","0","","","1","","1","","39 58:08.534","2","0","75 09:36.152","3","0","0","0","67301","0","0","0","N","0","0","0","3","67301","0","","1.0","30.0","1","N","N","N","0","","1","0","1","","2","N","","2","1","0","0","0","0","0","2","0","2","","04","","N","","","","","","","","","",""
"2021039553","","1","0","0","0","0","0","0","0","0","8","0","","67","4","2021","3","39.947778","-75.227413","","6","0","0","0","0","0","0","0","0","","0","0","0","","","1","","1","","39 56:52.000","","0","75 13:38.688","3","0","0","0","67301","1","0","0","N","1","0","0","2","67301","0","","1.0","","1","N","N","N","0","","1","0","0","","2","","","2","1","0","0","0","0","0","2","0","1","","03","","N","","","","","","","","","",""
"2021038603","","1","0","0","0","0","0","0","0","0","4","0","","67","4","2021","4","40.019228","-75.044921","","6","0","0","0","0","0","0","0","0","","0","0","0","","","1","","2","","40 01:09.219","","0","75 02:41.715","3","0","0","0","67301","0","0","0","N","0","0","0","2","67301","0","","1.0","","1","N","N","N","0","","1","0","1","","2","","","2","1","0","0","0","0","0","2","0","2","","03","","N","","","","","","","","","",""
"2021037410","","1","0","0","0","0","0","0","0","0","4","0","","67","4","2021","1","40.051944","-75.140707","","6","0","0","0","0","0","1","0","0","","0","0","0","","","2","","1","","40 03:06.998","","0","75 08:26.545","3","0","0","0","67301","0","0","0","N","0","0","0","3","67301","0","","1.0","","1","N","N","Y","0","","2","0","1","","3","","","2","2","0","0","0","0","0","2","0","2","","","","N","","","","","","","","","",""
"2021060902","","1","0","0","0","0","0","0","0","0","7","0","","67","6","2021","3","40.001506","-75.194959","","6","0","0","0","0","0","0","0","0","","0","0","0","","","0","N","0","","40 00:05.423","","0","75 11:41.854","0","0","0","0","67301","0","0","0","N","0","0","0","1","68K01","0","","4.0","","1","N","N","N","0","","0","0","0","","0","","","1","0","0","0","0","0","0","2","0","1","","03","","N","","","","","","","","","",""
"2021036901","","2","0","0","0","0","0","0","0","0","4","0","","67","4","2021","6","40.047885","-75.060344","","6","0","0","0","0","0","0","0","1","","0","0","0","","","1","N","0","","40 02:52.387","","7","75 03:37.239","3","0","0","0","67301","0","0","0","N","0","0","0","3","67301","0","","1.0","","1","N","N","N","0","","1","0","0","","0","","","2","1","0","0","0","0","0","2","0","2","","03","","N","","","","","","","","","",""
"2021048870","","0","0","0","0","0","0","0","0","0","4","0","","67","5","2021","5","39.943837","-75.237835","","6","0","0","0","0","0","0","0","0","","0","1","0","","","1","","1","","39 56:37.812","7","0","75 14:16.207","3","0","0","1","67301","0","0","0","N","0","0","0","2","67301","0","","1.0","1900.0","1","N","N","N","0","","1","0","0","","2","Y","","2","1","0","0","0","0","0","2","0","2","","03","","N","","","","","","","","","",""
"2021038606","","0","0","0","0","0","0","0","0","0","8","0","","67","4","2021","4","39.956353","-75.244778","","6","0","0","0","0","0","0","0","0","","0","0","0","","","1","N","0","","39 57:22.870","","0","75 14:41.200","3","0","0","0","67301","1","0","0","N","1","0","0","3","67301","0","","1.0","","1","N","N","N","0","","1","0","1","","0","","","2","1","0","0","0","0","0","2","0","1","","03","","N","","","","","","","","","",""
"2021038457","","3","0","0","0","0","0","0","0","0","5","0","","67","4","2021","4","40.08285","-74.967689","","6","0","0","0","0","0","0","0","0","","0","0","0","","","1","N","0","","40 04:58.260","","0","74 58:03.680","3","0","0","0","67301","0","0","0","N","0","0","0","3","67301","0","","1.0","","1","N","N","N","0","","1","0","1","","0","","","4","1","0","0","0","0","0","2","0","4","","03","","N","","","","","","","","","",""
"2021037553","","1","0","0","0","0","0","0","0","0","1","0","","67","4","2021","7","40.023021","-75.036135","","6","0","0","0","0","0","0","1","0","","0","0","0","","","0","N","0","","40 01:22.874","","0","75 02:10.085","0","0","0","0","67301","0","0","0","N","0","0","0","5","68K01","0","","1.0","","1","N","N","N","1","","0","0","1","","0","","","3","0","0","0","0","0","0","2","0","3","","","","N","","","","","","","","","",""
"2021037304","","1","0","0","0","0","0","0","0","0","4","0","","67","4","2021","7","40.020228","-75.148743","","6","0","0","0","0","0","1","0","0","","0","0","0","","","2","","5","","40 01:12.821","","0","75 08:55.476","3","0","0","0","67301","0","0","0","N","0","0","0","2","67301","0","","1.0","","1","N","N","N","0","","2","0","1","","2","","","2","2","0","0","0","0","0","2","0","2","","03","","N","","","","","","","","","",""
"2021048521","","1","0","0","0","0","0","0","0","0","1","0","45","67","5","2021","4","40.021879","-75.039615","","6","0","0","0","0","0","0","0","0","","0","0","0","","","0","N","0","","40 01:18.766","","0","75 02:22.614","0","0","0","0","67301","0","0","0","N","0","0","0","5","68K01","0","","1.0","","1","N","N","N","1","","0","0","0","","0","","","2","0","0","0","0","0","0","2","0","2","","03","N","Y","2","1","","","N","","","Y","","N"
"2021066654","","1","0","0","0","0","0","0","0","0","4","0","","67","7","2021","5","39.965291","-75.185696","","6","0","0","0","0","0","0","0","0","","0","1","0","","","0","N","6","","39 57:55.047","","2","75 11:08.504","0","0","0","0","67301","0","0","0","N","0","0","0","1","68K01","0","","1.0","","1","N","N","N","0","","0","0","0","","4","","","2","0","0","0","0","0","0","2","0","2","","03","","N","","","","","","","","","",""
"2021068072","","3","0","0","0","0","0","0","0","0","1","0","","67","7","2021","2","39.995437","-75.197766","","6","0","0","0","0","0","1","0","0","","0","0","0","","","6","N","0","","39 59:43.573","3","0","75 11:51.959","8","0","0","0","67301","0","0","0","N","0","0","0","10","68K01","0","","1.0","2150.0","9","N","N","N","0","","0","0","1","","0","N","","4","6","3","0","0","6","0","2","0","4","","03","","N","","","","","","","","","",""
"2021068059","","0","0","0","0","0","0","0","0","0","1","2","55","67","7","2021","4","39.896296","-75.191385","","6","0","0","0","0","0","0","0","0","","0","0","0","","","0","N","0","","39 53:46.667","1","3","75 11:28.985","0","0","0","0","67301","0","0","0","N","0","0","0","4","68K01","0","","1.0","30.0","1","N","N","N","2","","0","0","0","","0","N","","2","0","0","0","0","0","0","2","0","2","","","Y","Y","4","2","N","N","Y","Y","Y","N","Y","N"
"2021038502","","0","0","0","0","0","0","0","0","0","8","0","","67","4","2021","4","40.024069","-75.179861","","6","0","0","0","0","0","0","0","0","","0","0","0","","","1","","2","","40 01:26.647","","0","75 10:47.500","2","0","0","0","67301","1","0","1","N","1","0","1","2","67301","0","","1.0","","1","N","N","N","0","","0","1","0","","0","","","2","1","0","0","0","0","0","2","0","1","","03","","N","","","","","","","","","",""
"2021037267","","1","0","0","0","0","0","0","0","0","7","0","","67","4","2021","7","39.976284","-75.195418","","6","0","0","0","0","0","0","0","0","","0","0","0","","","0","N","0","","39 58:34.624","3","0","75 11:43.506","0","0","0","0","67301","0","0","0","N","0","0","0","1","68K01","0","","4.0","625.0","1","N","N","N","0","","0","0","0","","0","N","","1","0","0","0","0","0","0","2","0","1","","","","N","","","","","","","","","",""
"2021037197","","2","0","0","0","0","0","0","0","0","1","0","35","67","4","2021","7","39.91992","-75.18978","","6","0","0","0","0","0","1","0","0","","0","0","0","","","2","","6","","39 55:11.712","","8","75 11:23.208","3","0","0","0","67301","0","0","0","N","0","0","0","3","67501","1","","1.0","","1","N","N","N","0","","1","0","0","","3","","","2","2","0","0","0","0","0","2","0","2","","03","N","Y","2","1","","","N","","","","Y","N"
"2021037601","","1","0","1","0","0","0","0","0","0","5","0","","67","4","2021","2","39.963278","-75.198683","","6","0","0","0","0","0","0","0","0","","0","0","0","","","1","N","0","","39 57:47.800","3","0","75 11:55.260","2","0","0","0","67301","0","0","0","N","0","0","0","1","67301","0","","6.0","1040.0","1","N","N","N","0","","0","1","3","","0","Y","","4","1","0","0","0","0","0","2","0","4","","03","","N","","","","","","","","","",""
"2021038494","","0","0","0","0","0","0","0","0","0","8","0","","67","4","2021","3","39.988174","-75.128478","","6","0","0","0","0","0","0","0","0","","0","0","0","","","1","","2","","39 59:17.426","","1","75 07:42.520","3","0","0","0","67301","1","0","0","N","1","0","0","2","67301","0","","1.0","","1","N","N","N","0","","1","0","0","","0","","","2","1","0","0","0","0","0","2","1","1","","03","","N","","","","","","","","","",""
"2021037300","","2","0","0","0","0","0","0","0","0","4","0","","67","4","2021","7","39.987821","-75.180584","","6","0","0","0","0","0","1","0","0","","0","0","0","","","1","","1","","39 59:16.154","","0","75 10:50.102","3","0","0","0","67301","0","0","0","N","0","0","0","2","67301","0","","1.0","","1","N","N","N","0","","1","0","0","","2","","","3","1","1","0","0","0","0","2","1","3","","04","","N","","","","","","","","","",""
"2021039456","","1","0","0","0","0","0","0","0","0","4","0","","67","4","2021","3","39.951094","-75.153569","","6","0","0","0","0","0","0","0","0","","0","0","0","","","1","","1","","39 57:03.940","","0","75 09:12.848","8","0","0","0","67301","0","0","0","N","0","0","0","2","67301","0","","1.0","","1","N","N","N","0","","0","0","0","","2","","","2","1","0","0","0","1","1","2","0","2","","03","","N","","","","","","","","","",""
"2021075971","","2","0","0","0","0","0","0","0","0","2","0","","67","8","2021","7","39.995817","-75.092476","","6","0","0","0","0","0","0","0","0","","0","0","0","","","2","N","0","","39 59:44.940","2","7","75 05:32.915","8","0","0","0","67301","0","0","0","N","0","0","0","4","67301","0","","1.0","1220.0","1","N","N","N","0","","0","0","0","","2","Y","","2","2","0","0","0","2","1","2","0","2","","03","","N","","","","","","","","","",""
"2021038735","","0","0","0","0","0","0","0","0","0","4","0","","67","4","2021","4","40.074316","-75.034824","","6","0","0","0","0","0","1","0","0","","0","0","0","","","0","","1","","40 04:27.539","1","0","75 02:05.367","0","0","0","0","67301","0","0","0","N","0","0","0","4","67301","0","","1.0","1250.0","1","N","N","N","1","","0","0","1","","2","Y","","2","0","0","0","0","0","0","2","0","2","","","","N","","","","","","","","","",""
"2021041276","","1","0","0","0","0","0","0","0","0","4","0","","67","4","2021","6","39.923738","-75.178023","","6","0","0","0","0","0","0","0","0","","0","0","0","","","0","","2","","39 55:25.456","","0","75 10:40.882","9","0","0","0","67301","0","0","0","N","0","0","0","2","67301","0","","1.0","","1","N","N","N","0","","0","0","4","","3","","","5","0","2","0","0","0","1","2","0","5","","03","","N","","","","","","","","","",""
"2021067454","","0","0","0","0","0","0","0","0","0","1","0","","67","7","2021","1","39.997551","-75.081641","","6","0","0","0","0","0","0","0","0","","0","0","0","","","0","N","7","","39 59:51.182","1","2","75 04:53.908","9","0","0","0","67301","0","0","0","N","0","0","0","2","68K01","0","","1.0","504.0","9","N","N","N","0","","0","0","2","","0","N","","2","0","0","0","0","0","2","2","0","2","","","","N","","","","","","","","","",""
"2021039276","","1","0","0","0","0","0","0","0","0","1","0","","67","4","2021","6","39.957721","-75.160721","","6","0","0","0","0","0","0","0","0","","0","0","0","","","1","N","0","","39 57:27.797","","0","75 09:38.594","8","0","0","0","67301","0","0","0","N","0","0","0","2","68K01","0","","1.0","","1","N","N","N","0","","0","0","1","","0","","","2","1","0","0","0","1","0","2","0","2","","03","","N","","","","","","","","","",""
"2021059488","","0","0","0","0","0","0","0","0","0","7","0","","67","6","2021","1","40.00825","-75.202403","","6","0","0","0","0","1","0","0","0","","0","0","0","","","0","N","0","","40 00:29.701","","0","75 12:08.649","0","0","0","0","67301","0","0","0","N","0","0","0","1","68K01","0","","1.0","","1","N","N","N","0","","0","0","1","","0","","","1","0","0","0","0","0","0","2","0","1","","03","","N","","","","","","","","","",""
"2021041087","","1","0","0","0","0","0","0","0","0","8","0","","67","4","2021","5","39.986746","-75.116779","","6","0","0","0","0","0","0","0","0","","0","0","0","","","1","","1","","39 59:12.285","","0","75 07:00.404","8","0","0","0","67301","1","0","0","N","1","0","0","2","67301","0","","1.0","","99","N","N","N","0","","0","0","0","","0","","","2","1","0","0","0","1","0","2","0","1","","","","N","","","","","","","","","",""
"2021066655","","1","0","0","0","0","0","0","0","0","1","0","","67","7","2021","6","39.992076","-75.202116","","6","0","0","1","0","0","0","1","0","","0","0","0","","","2","N","0","","39 59:31.472","","0","75 12:07.618","3","0","0","0","67301","0","0","0","N","0","0","0","3","68K01","1","","1.0","","1","N","N","N","0","","1","0","1","","0","","","2","2","0","0","0","0","0","2","0","2","","","","N","","","","","","","","","",""
"2021039024","","1","0","0","0","0","0","0","0","0","7","0","","67","4","2021","5","39.975848","-75.194857","","6","0","0","0","0","0","0","0","0","","0","0","0","","","1","N","0","","39 58:33.053","","0","75 11:41.486","3","0","0","0","67301","0","0","0","N","0","0","0","1","68K01","0","","2.0","","1","N","N","N","0","","1","0","0","","0","","","1","1","0","0","0","0","0","2","0","1","","","","N","","","","","","","","","",""
"2021037381","","0","0","0","0","0","0","0","0","0","8","0","","67","4","2021","1","39.946942","-75.166547","","6","0","0","0","0","0","0","0","0","","0","0","0","","","1","N","0","","39 56:48.990","2","0","75 09:59.570","2","0","0","0","67301","1","0","1","N","1","0","1","2","67301","0","","1.0","2258.0","1","N","N","N","0","","0","1","1","","0","Y","","2","1","0","0","0","0","0","2","0","1","","03","","N","","","","","","","","","",""
"2021041589","","0","0","0","0","0","0","0","0","0","5","0","","67","5","2021","7","40.013719","-75.147228","","6","0","0","0","0","0","0","0","0","","0","0","0","","","0","N","0","","40 00:49.390","","0","75 08:50.020","9","0","0","0","67301","0","0","0","N","0","0","0","1","67301","0","","6.0","","1","N","N","N","1","","0","0","1","","0","","","3","0","0","0","0","0","1","2","1","3","","","","N","","","","","","","","","",""
"2021037231","","2","0","0","0","0","0","0","0","0","4","0","","67","4","2021","7","39.911708","-75.172371","","6","0","0","0","0","0","0","0","0","","0","0","0","","","2","","1","","39 54:42.148","","0","75 10:20.534","3","0","0","0","67301","0","0","0","N","0","0","0","2","67301","0","","1.0","","1","N","N","N","0","","2","0","0","","2","","","2","2","1","0","0","0","0","2","0","2","","","","N","","","","","","","","","",""
"2021037155","","1","0","0","1","0","0","0","0","0","8","0","","67","4","2021","6","40.036753","-75.040739","","6","0","0","0","0","0","0","0","0","","0","0","0","","","1","","1","","40 02:12.310","","0","75 02:26.659","8","0","0","0","67301","1","0","0","N","0","0","0","2","67301","0","","1.0","","1","N","N","N","0","","0","0","0","","2","","","2","1","0","0","0","1","0","2","0","1","","03","","N","","","","","","","","","",""
"2021040369","","1","0","0","0","0","0","0","0","0","5","0","","67","4","2021","1","39.934628","-75.171314","","6","0","0","0","0","0","0","0","0","","0","0","0","","","0","N","0","","39 56:04.660","","0","75 10:16.730","0","0","0","0","67301","0","0","0","N","0","0","0","1","67301","0","","6.0","","1","N","N","N","0","","0","0","1","","0","","","3","0","0","0","0","0","0","2","1","3","","03","","N","","","","","","","","","",""
"2021076432","","3","0","0","0","0","0","0","0","0","1","0","","67","8","2021","3","40.016554","-75.051409","","6","0","0","0","0","1","0","0","0","","0","0","0","","","3","N","0","","40 00:59.593","2","0","75 03:05.072","8","0","0","0","67301","0","0","0","N","0","0","0","5","68K01","0","","1.0","1350.0","1","N","N","N","0","","0","0","1","","0","N","","4","3","0","0","0","3","0","2","0","4","","","","N","","","","","","","","","",""
"2021041235","","1","0","0","0","0","0","0","0","0","7","0","","67","5","2021","7","39.948856","-75.141968","","6","0","0","0","0","0","1","0","0","","0","0","0","","","1","N","0","","39 56:55.881","2","0","75 08:31.085","8","0","0","0","67301","0","0","0","N","0","0","0","1","68K01","0","","4.0","15.0","1","N","N","N","0","","0","0","0","","0","N","","1","1","0","0","0","1","0","2","0","1","","","","N","","","","","","","","","",""
"2021037385","","1","0","0","0","0","0","0","0","0","4","0","","67","4","2021","1","40.015873","-75.153841","","6","0","0","0","0","0","1","0","0","","0","0","0","","","3","","1","","40 00:57.144","5","0","75 09:13.828","3","0","0","0","67301","0","0","0","N","0","0","0","4","67301","1","","1.0","1845.0","1","N","N","N","0","","2","0","2","","2","N","","3","3","1","0","0","0","0","2","0","3","","03","","N","","","","","","","","","",""
"2021037235","","1","0","0","0","0","0","0","0","0","4","0","","67","4","2021","6","39.997493","-75.09706","","6","0","0","0","0","0","1","0","0","","0","0","0","","","2","","2","","39 59:50.974","","0","75 05:49.416","3","0","0","0","67301","0","0","0","N","0","0","0","2","67301","0","","1.0","","1","N","N","N","0","","2","0","0","","0","","","2","2","0","0","0","0","0","2","1","2","","03","","N","","","","","","","","","",""
"2021038203","","1","0","0","0","0","0","0","0","0","1","0","","67","4","2021","1","39.958791","-75.169112","","6","0","0","0","0","1","0","0","0","","0","0","0","","","1","N","0","","39 57:31.648","4","0","75 10:08.802","8","0","0","0","67301","0","0","0","N","0","0","0","3","68K01","0","","1.0","1803.0","1","N","N","N","0","","0","0","2","","0","N","","3","1","0","0","0","1","0","2","0","3","","","","N","","","","","","","","","",""
"2021036989","","2","0","0","0","0","0","0","0","0","4","0","","67","4","2021","6","39.951446","-75.234844","","6","0","0","0","0","0","0","0","0","","0","0","0","","","0","","1","","39 57:05.205","","0","75 14:05.438","0","0","0","0","67301","0","0","0","N","0","0","0","2","67301","0","","1.0","","1","N","N","N","0","","0","0","0","","2","","","2","0","0","0","0","0","0","2","0","2","","03","","N","","","","","","","","","",""
"2021039306","","1","0","0","1","0","1","0","0","0","8","0","","67","4","2021","6","40.022705","-75.133512","","6","0","0","0","0","0","0","0","0","","0","0","0","","","1","","1","","40 01:21.738","","0","75 08:00.643","2","0","0","0","67301","1","0","1","N","0","0","0","2","67301","0","","1.0","","1","N","N","N","0","","0","1","0","","2","","","2","1","0","0","0","0","1","2","0","1","","","","N","","","","","","","","","",""
"2021038607","","1","0","0","0","0","0","0","0","0","4","0","","67","4","2021","3","40.011198","-75.105442","","6","0","0","0","0","0","0","0","0","","0","0","0","","","1","","1","","40 00:40.313","","0","75 06:19.592","8","0","0","1","67301","0","0","0","N","0","0","0","2","67301","0","","1.0","","1","N","N","N","0","","0","0","0","","0","","","2","1","0","0","0","1","0","2","0","2","","03","","N","","","","","","","","","",""
"2021038480","","0","0","0","0","0","0","0","0","0","6","0","","67","4","2021","2","39.994748","-75.101554","","6","0","0","0","0","0","0","0","0","","0","0","0","","","1","","2","","39 59:41.092","","0","75 06:05.594","3","0","0","1","67301","0","0","0","N","0","0","0","2","67301","0","","1.0","","1","N","N","N","0","","1","0","1","","0","","","2","1","0","0","0","0","0","2","0","2","","03","","N","","","","","","","","","",""