"CRN","ARRIVAL_TM","AUTOMOBILE_COUNT","BELTED_DEATH_COUNT","BELTED_SUSP_SERIOUS_INJ_COUNT","BICYCLE_COUNT","BICYCLE_DEATH_COUNT","BICYCLE_SUSP_SERIOUS_INJ_COUNT","BUS_COUNT","CHLDPAS_DEATH_COUNT","CHLDPAS_SUSP_SERIOUS_INJ_COUNT","COLLISION_TYPE","COMM_VEH_COUNT","CONS_ZONE_SPD_LIM","COUNTY","CRASH_MONTH","CRASH_YEAR","DAY_OF_WEEK","DEC_LATITUDE","DEC_LONGITUDE","DISPATCH_TM","DISTRICT","DRIVER_COUNT_16YR","DRIVER_COUNT_17YR","DRIVER_COUNT_18YR","DRIVER_COUNT_19YR","DRIVER_COUNT_20YR","DRIVER_COUNT_50_64YR","DRIVER_COUNT_65_74YR","DRIVER_COUNT_75PLUS","EST_HRS_CLOSED","FATAL_COUNT","HEAVY_TRUCK_COUNT","HORSE_BUGGY_COUNT","HOUR_OF_DAY","ILLUMINATION","INJURY_COUNT","INTERSECTION_RELATED","INTERSECT_TYPE","LANE_CLOSED","LATITUDE","LN_CLOSE_DIR","LOCATION_TYPE","LONGITUDE","MAX_SEVERITY_LEVEL","MCYCLE_DEATH_COUNT","MCYCLE_SUSP_SERIOUS_INJ_COUNT","MOTORCYCLE_COUNT","MUNICIPALITY","NONMOTR_COUNT","NONMOTR_DEATH_COUNT","NONMOTR_SUSP_SERIOUS_INJ_COUNT","NTFY_HIWY_MAINT","PED_COUNT","PED_DEATH_COUNT","PED_SUSP_SERIOUS_INJ_COUNT","PERSON_COUNT","POLICE_AGCY","POSSIBLE_INJ_COUNT","RDWY_SURF_TYPE_CD","RELATION_TO_ROAD","ROADWAY_CLEARED","ROAD_CONDITION","SCH_BUS_IND","SCH_ZONE_IND","SECONDARY_CRASH","SMALL_TRUCK_COUNT","SPEC_JURIS_CD","SUSP_MINOR_INJ_COUNT","SUSP_SERIOUS_INJ_COUNT","SUV_COUNT","TCD_FUNC_CD","TCD_TYPE","TFC_DETOUR_IND","TIME_OF_DAY","TOTAL_UNITS","TOT_INJ_COUNT","UNBELTED_OCC_COUNT","UNB_DEATH_COUNT","UNB_SUSP_SERIOUS_INJ_COUNT","UNK_INJ_DEG_COUNT","UNK_INJ_PER_COUNT","URBAN_RURAL","VAN_COUNT","VEHICLE_COUNT","WEATHER1","WEATHER2","WORKERS_PRES","WORK_ZONE_IND","WORK_ZONE_LOC","WORK_ZONE_TYPE","WZ_CLOSE_DETOUR","WZ_FLAGGER","WZ_LAW_OFFCR_IND","WZ_LN_CLOSURE","WZ_MOVING","WZ_OTHER","WZ_SHLDER_MDN","WZ_WORKERS_INJ_KILLED"
"2021059189","","1","0","0","0","0","0","0","0","0","1","0","","67","6","2021","1","39.949354","-75.141866","","6","0","0","0","0","0","1","0","0","","0","0","0","","","2","N","0","","39 56:57.673","","0","75 08:30.716","3","0","0","0","67301","0","0","0","N","0","0","0","4","68K01","0","","1.0","","1","N","N","N","0","","1","0","2","","8","","","3","2","0","0","0","1","0","2","0","3","","","","N","","","","","","","","","",""
"2021038834","","0","0","0","0","0","0","0","0","0","8","0","","67","4","2021","4","39.983789","-75.177744","","6","0","0","0","0","0","0","0","0","","0","0","0","","","1","N","0","","39 59:01.640","","0","75 10:39.880","3","0","0","0","67301","1","0","0","N","1","0","0","2","67301","0","","1.0","","1","N","N","N","0","","1","0","1","","0","","","2","1","0","0","0","0","0","2","0","1","","03","","N","","","","","","","","","",""
"2021039458","","1","0","0","0","0","0","0","0","0","1","0","","67","4","2021","6","39.964315","-75.183622","","6","0","0","0","0","0","1","0","0","","0","0","0","","","1","N","0","","39 57:51.534","","3","75 11:01.038","3","0","0","0","67301","0","0","0","N","0","0","0","2","67301","0","","1.0","","1","N","N","N","0","","1","0","1","","0","","","2","1","0","0","0","0","0","2","0","2","","03","","N","","","","","","","","","",""
"2021038736","","1","0","0","0","0","0","0","0","0","1","0","","67","4","2021","3","39.967442","-75.181344","","6","0","0","0","0","0","1","0","0","","0","0","0","","","2","N","0","","39 58:02.790","","0","75 10:52.838","4","0","0","1","67301","0","0","0","N","0","0","0","3","67301","1","","1.0","","1","N","N","N","1","","0","0","0","","0","","","3","2","1","0","0","1","0","2","0","3","","","","N","","","","","","","","","",""
"2021048563","","1","0","0","0","0","0","0","0","0","2","0","","67","5","2021","3","40.064411","-75.239673","","6","0","0","0","0","0","1","0","0","","0","0","0","","","2","N","0","","40 03:51.879","2","0","75 14:22.823","3","0","0","0","67301","0","0","0","N","0","0","0","3","67301","1","","1.0","200.0","1","N","N","N","0","","1","0","2","","2","Y","","3","2","1","0","0","0","1","2","0","3","","03","","N","","","","","","","","","",""
"2021068220","","1","0","0","0","0","0","0","0","0","5","0","","67","7","2021","4","39.985914","-75.208235","","6","0","0","0","0","0","0","0","0","","0","0","0","","","0","N","0","","39 59:09.290","3","0","75 12:29.646","9","0","0","0","67301","0","0","0","N","0","0","0","2","68K01","0","","1.0","2255.0","1","N","N","N","0","","0","0","0","","0","N","","2","0","0","0","0","0","1","2","0","2","","","","N","","","","","","","","","",""
"2021042333","","1","0","0","0","0","0","0","0","0","4","0","","67","4","2021","6","40.020858","-75.148713","","6","0","0","0","0","0","1","0","0","","0","0","0","","","3","","2","","40 01:15.088","","0","75 08:55.365","3","0","0","0","67301","0","0","0","N","0","0","0","4","67301","0","","1.0","","1","N","N","N","0","","3","0","1","","3","","","2","3","0","0","0","0","0","2","0","2","","","","N","","","","","","","","","",""
"2021037299","","1","0","0","0","0","0","0","0","0","4","0","","67","4","2021","7","39.94917","-75.241405","","6","0","0","0","0","0","0","0","0","","0","0","0","","","1","","1","","39 56:57.011","","0","75 14:29.058","3","0","0","0","67301","0","0","0","N","0","0","0","3","67301","0","","1.0","","1","N","N","N","0","","1","0","1","","3","","","3","1","0","0","0","0","0","2","1","3","","03","","N","","","","","","","","","",""
"2021039554","","1","0","0","0","0","0","0","0","0","5","0","","67","5","2021","7","39.957005","-75.22584","","6","0","0","0","0","0","0","0","0","","0","0","0","","","1","N","0","","39 57:25.218","","0","75 13:33.024","3","0","0","0","67301","0","0","0","N","0","0","0","2","67301","0","","6.0","","1","N","N","N","0","","1","0","0","","0","","","3","1","0","0","0","0","0","2","1","2","","03","","N","","","","","","","","","",""
"2021039209","","1","0","0","0","0","0","0","0","0","4","0","","67","4","2021","4","39.988323","-75.135532","","6","0","0","0","1","0","0","0","0","","0","0","0","","","1","","1","","39 59:17.962","","0","75 08:07.915","3","0","0","0","67301","0","0","0","N","0","0","0","3","67301","0","","1.0","","1","N","N","N","0","","1","0","0","","2","","","2","1","0","0","0","0","0","2","1","2","","","","N","","","","","","","","","",""
"2021037185","","2","0","0","0","0","0","0","0","0","4","0","","67","4","2021","6","40.052271","-75.151646","","6","0","1","0","0","0","0","0","0","","0","0","0","","","1","","1","","40 03:08.176","","0","75 09:05.927","8","0","0","0","67301","0","0","0","N","0","0","0","3","67301","0","","1.0","","1","N","N","N","0","","0","0","0","","3","","","2","1","0","0","0","1","0","2","0","2","","03","","N","","","","","","","","","",""
"2021067435","","1","0","0","0","0","0","0","0","0","7","0","","67","7","2021","2","40.033056","-75.020762","","6","0","0","0","0","0","0","0","0","","0","0","0","","","0","N","0","","40 01:59.003","2","3","75 01:14.742","9","0","0","0","67301","0","0","0","N","0","0","0","1","68K01","0","","4.0","2029.0","8","N","N","N","0","","0","0","0","","0","N","","1","0","0","0","0","0","1","2","0","1","","","","N","","","","","","","","","",""
"2021039464","","1","0","0","0","0","0","0","0","0","4","0","","67","4","2021","6","39.992933","-75.113837","","6","0","0","0","0","0","0","0","0","","0","0","0","","","1","","1","","39 59:34.558","","0","75 06:49.813","3","0","0","0","67301","0","0","0","N","0","0","0","2","67301","0","","1.0","","9","N","N","N","0","","1","0","0","","2","","","2","1","0","0","0","0","0","2","0","2","","07","","N","","","","","","","","","",""
"2021066585","","1","0","0","0","0","0","0","0","0","7","0","","67","7","2021","1","39.960022","-75.192565","","6","0","0","0","1","0","0","0","0","","0","0","0","","","1","N","2","","39 57:36.079","","0","75 11:33.233","3","0","0","0","67301","0","0","0","N","0","0","0","1","67507","0","","5.0","","1","N","N","N","0","","1","0","0","","2","N","","1","1","0","0","0","0","0","2","0","1","","","","N","","","","","","","","","",""
"2021040557","","1","0","0","0","0","0","0","0","0","4","0","","67","4","2021","4","39.955489","-75.21359","","6","0","0","0","0","1","0","0","0","","0","0","0","","","1","","1","","39 57:19.761","","0","75 12:48.923","3","0","0","1","67301","0","0","0","N","0","0","0","2","67301","0","","1.0","","1","N","N","N","0","","1","0","0","","2","","","2","1","0","0","0","0","0","2","0","2","","","","N","","","","","","","","","",""
"2021039847","","1","0","0","0","0","0","0","0","0","1","0","","67","4","2021","6","39.983534","-75.097909","","6","0","0","0","0","0","0","1","0","","0","0","0","","","0","N","0","","39 59:00.723","2","3","75 05:52.471","0","0","0","0","67301","0","0","0","N","0","0","0","4","68K01","0","","1.0","1424.0","1","N","N","N","1","","0","0","2","","0","N","","4","0","0","0","0","0","0","2","0","4","","03","","N","","","","","","","","","",""
"2021047031","","0","0","0","0","0","0","0","0","0","7","0","","67","4","2021","3","39.89821","-75.183534","","6","0","0","0","0","0","0","0","0","","0","0","0","","","1","N","0","","39 53:53.557","2","3","75 11:00.722","8","0","0","1","67301","0","0","0","N","0","0","0","1","68K01","0","","3.0","1700.0","1","N","N","N","0","","0","0","0","","0","N","","1","1","0","0","0","1","0","2","0","1","","03","","N","","","","","","","","","",""
"2021067650","","0","0","0","0","0","0","0","0","0","1","0","","67","7","2021","3","39.892019","-75.224082","","6","0","0","0","0","0","0","1","0","","0","0","0","","","3","N","0","","39 53:31.268","1","0","75 13:26.696","3","0","0","0","67301","0","0","0","N","0","0","0","4","68K01","0","","1.0","1500.0","1","N","N","N","0","","2","0","2","","0","N","","3","3","0","0","0","1","0","2","1","3","","","","N","","","","","","","","","",""
"2021038465","","0","0","0","0","0","0","0","0","0","5","0","","67","4","2021","4","40.038086","-75.176667","","6","0","0","0","0","0","0","0","0","","0","0","0","","","1","N","0","","40 02:17.110","","0","75 10:36.001","3","0","0","0","67301","1","0","0","N","1","0","0","2","67301","0","","1.0","","1","N","N","N","0","","1","0","2","","0","","","3","1","0","0","0","0","0","2","0","2","","","","N","","","","","","","","","",""
"2021038489","","2","0","0","0","0","0","0","0","0","4","0","","67","4","2021","1","39.983436","-75.119145","","6","0","1","0","0","0","0","0","0","","0","0","0","","","0","","1","","39 59:00.370","","0","75 07:08.921","0","0","0","0","67301","0","0","0","N","0","0","0","2","67301","0","","1.0","","9","N","N","N","0","","0","0","0","","2","","","2","0","0","0","0","0","0","2","0","2","","07","","N","","","","","","","","","",""
"2021039649","","2","0","0","0","0","0","0","0","0","5","0","","67","4","2021","6","39.961697","-75.225603","","6","0","0","0","0","0","0","0","0","","0","0","0","","","0","N","0","","39 57:42.110","","0","75 13:32.170","0","0","0","0","67301","0","0","0","N","0","0","0","1","67301","0","","6.0","","9","N","N","N","0","","0","0","1","","0","","","4","0","0","0","0","0","0","2","1","4","","07","","N","","","","","","","","","",""
"2021041574","","1","0","0","0","0","0","0","0","0","4","0","","67","4","2021","2","39.993744","-75.108661","","6","0","0","0","0","0","0","0","0","","0","0","0","","","0","","1","","39 59:37.479","","0","75 06:31.178","0","0","0","0","67301","0","0","0","N","0","0","0","2","67301","0","","1.0","","1","N","N","N","0","","0","0","1","","3","","","2","0","0","0","0","0","0","2","0","2","","","","N","","","","","","","","","",""
"2021036902","","1","0","0","0","0","0","0","0","0","5","0","","67","4","2021","6","39.995967","-75.20805","","6","0","0","0","0","0","0","0","0","","0","0","0","","","2","N","0","","39 59:45.480","","0","75 12:28.980","8","0","0","0","67301","0","0","0","N","0","0","0","3","67301","0","","6.0","","1","N","N","N","1","","0","0","0","","0","","","2","2","0","0","0","2","1","2","0","2","","03","","N","","","","","","","","","",""
"2021068333","","1","0","0","0","0","0","0","0","0","1","0","","67","7","2021","4","39.886148","-75.206698","","6","0","0","0","0","0","1","0","0","","0","0","0","","","0","N","0","","39 53:10.134","1","3","75 12:24.114","0","0","0","0","67301","0","0","0","N","0","0","0","2","68K01","0","","1.0","1800.0","1","N","N","N","0","","0","0","1","","0","N","","2","0","0","0","0","0","0","2","0","2","","03","","N","","","","","","","","","",""
"2021067628","","0","0","0","0","0","0","0","0","0","1","0","","67","7","2021","5","39.971914","-75.122492","","6","0","0","0","0","0","0","0","0","","0","0","0","","","1","N","0","","39 58:18.889","1","0","75 07:20.972","8","0","0","0","67301","0","0","0","N","0","0","0","3","68K01","0","","1.0","1840.0","1","N","N","N","0","","0","0","2","","8","N","","3","1","0","0","0","1","0","2","0","3","","","","N","","","","","","","","","",""
"2021038470","","0","0","0","0","0","0","0","0","0","7","0","","67","4","2021","4","40.034629","-75.071139","","6","0","0","0","0","0","0","0","0","","0","0","0","","","1","","1","","40 02:04.664","1","0","75 04:16.099","8","0","0","0","67301","0","0","0","N","0","0","0","1","67301","0","","4.0","200.0","1","N","N","N","1","","0","0","0","","2","N","","1","1","0","0","0","1","0","2","0","1","","03","","N","","","","","","","","","",""
"2021037759","","2","0","0","0","0","0","0","0","0","5","0","","67","4","2021","2","40.036818","-75.063593","","6","0","0","0","0","0","0","0","0","","0","0","0","","","0","N","0","","40 02:12.545","1","0","75 03:48.933","0","0","0","0","67301","0","0","0","N","0","0","0","2","67301","0","","1.0","2210.0","1","N","N","N","0","","0","0","0","","0","N","","2","0","2","0","0","0","0","2","0","2","","03","","N","","","","","","","","","",""
"2021039463","","1","0","0","0","0","0","0","0","0","4","0","","67","4","2021","4","40.012451","-75.102546","","6","0","0","0","0","0","0","0","0","","0","0","0","","","1","","2","","40 00:44.823","","0","75 06:09.165","3","0","0","0","67301","0","0","0","N","0","0","0","2","67301","0","","1.0","","1","N","N","N","0","","1","0","1","","3","","","2","1","0","0","0","0","0","2","0","2","","03","","N","","","","","","","","","",""
"2021068388","","1","0","0","0","0","0","0","0","0","7","0","","67","7","2021","1","39.960149","-75.180741","","6","0","0","0","0","0","0","0","0","","0","0","0","","","2","N","0","","39 57:36.536","","0","75 10:50.669","3","0","0","0","67301","0","0","0","Y","0","0","0","3","68K01","0","","2.0","","9","N","N","N","0","","2","0","0","","0","","","1","2","0","0","0","0","0","2","0","1","","","","N","","","","","","","","","",""
"2021056158","","1","0","0","0","0","0","0","0","0","4","0","","67","4","2021","4","39.956963","-75.225502","","6","0","0","0","0","0","1","0","0","","0","0","0","","","2","","1","","39 57:25.067","","0","75 13:31.807","8","0","0","0","67301","0","0","0","N","0","0","0","3","67301","0","","1.0","","1","N","N","N","0","","0","0","1","","2","","","2","2","3","0","0","2","0","2","0","2","","03","","N","","","","","","","","","",""
"2021037411","","0","0","0","0","0","0","0","0","0","4","0","","67","4","2021","2","40.035578","-75.123858","","6","0","0","0","0","0","0","0","0","","0","0","0","","","5","","1","","40 02:08.080","","0","75 07:25.887","3","0","0","0","67301","0","0","0","N","0","0","0","7","67301","0","","1.0","","1","N","N","N","0","","5","0","1","","2","","","2","5","0","0","0","0","0","2","1","2","","04","","N","","","","","","","","","",""
"2021037603","","2","0","0","0","0","0","0","0","0","1","0","","67","4","2021","1","39.986903","-75.160861","","6","0","0","0","0","0","0","0","0","","0","0","0","","","3","N","0","","39 59:12.850","","0","75 09:39.100","3","0","0","0","67301","0","0","0","N","0","0","0","9","67301","0","","1.0","","1","N","N","Y","0","","3","0","1","","0","","","3","3","0","0","0","0","0","2","0","3","","","","N","","","","","","","","","",""
"2021037760","","1","0","0","0","0","0","0","0","0","7","0","","67","4","2021","2","40.009582","-75.064135","","6","0","0","0","0","0","0","0","0","","0","0","0","","","0","","2","","40 00:34.496","","0","75 03:50.887","0","0","0","0","67301","0","0","0","N","0","0","0","1","67301","0","","4.0","","1","N","N","N","0","","0","0","0","","0","","","1","0","0","0","0","0","0","2","0","1","","03","","N","","","","","","","","","",""
"2021076510","","1","0","0","0","0","0","0","0","0","7","0","","67","8","2021","1","39.960271","-75.18082","","6","0","0","0","0","1","0","0","0","","0","0","0","","","1","N","0","","39 57:36.977","4","0","75 10:50.951","4","0","0","0","67301","0","0","0","N","0","0","0","1","68K01","1","","2.0","353.0","1","N","N","N","0","","0","0","0","","0","N","","1","1","0","0","0","0","0","2","0","1","","","","N","","","","","","","","","",""
"2021068226","","2","0","0","0","0","0","0","0","0","1","0","","67","7","2021","6","39.944801","-75.191237","","6","0","0","0","0","0","0","0","0","","0","0","0","","","1","N","0","","39 56:41.285","","0","75 11:28.454","3","0","0","0","67301","0","0","0","N","0","0","0","3","68K01","0","","1.0","","1","N","N","N","0","","1","0","1","","0","","","3","1","0","0","0","0","0","2","0","3","","","","N","","","","","","","","","",""
"2021038594","","0","0","0","0","0","0","0","0","0","1","0","","67","4","2021","7","39.939088","-75.235104","","6","0","0","0","1","0","0","0","0","","0","0","0","","","1","N","0","","39 56:20.717","","0","75 14:06.373","8","0","0","1","67301","0","0","0","N","0","0","0","2","67301","0","","1.0","","1","N","N","N","0","","0","0","1","","0","","","2","1","0","0","0","1","0","2","0","2","","03","","N","","","","","","","","","",""
"2021037757","","1","0","0","0","0","0","0","0","0","7","0","","67","4","2021","7","40.044277","-75.089006","","6","0","0","0","0","0","0","0","0","","0","0","0","","","3","","3","","40 02:39.397","2","0","75 05:20.423","3","0","0","0","67301","0","0","0","N","0","0","0","3","67301","1","","4.0","1223.0","9","N","N","N","0","","2","0","0","","2","Y","","1","3","0","0","0","0","0","2","0","1","","04","","N","","","","","","","","","",""
"2021049620","","0","0","0","0","0","0","0","0","0","7","0","","67","5","2021","6","39.893753","-75.195797","","6","0","0","0","0","0","0","0","0","","0","0","0","","","1","N","0","","39 53:37.510","2","3","75 11:44.869","3","0","0","0","67301","0","0","0","N","0","0","0","1","68K01","0","","4.0","2334.0","9","N","N","N","0","","1","0","1","","0","N","","1","1","0","0","0","0","0","2","0","1","","","","N","","","","","","","","","",""
"2021037724","","2","0","0","0","0","0","0","0","0","4","0","","67","4","2021","1","40.041774","-75.061084","","6","0","0","0","0","0","1","0","0","","0","0","0","","","1","","1","","40 02:30.387","","0","75 03:39.901","3","0","0","0","67301","0","0","0","N","0","0","0","2","67301","0","","1.0","","1","N","N","N","0","","1","0","0","","2","","","3","1","0","0","0","0","0","2","1","3","","","","N","","","","","","","","","",""
"2021038909","","0","0","0","0","0","0","0","0","0","8","0","","67","4","2021","5","39.957457","-75.225398","","6","0","0","0","0","0","0","0","0","","0","0","0","","","1","N","0","","39 57:26.846","2","0","75 13:31.431","2","0","0","0","67301","1","0","1","N","1","0","1","2","67301","0","","1.0","1344.0","1","N","N","N","0","","0","1","1","","0","Y","","2","1","0","0","0","0","0","2","0","1","","04","","N","","","","","","","","","",""
"2021041960","","3","0","0","0","0","0","0","0","0","5","0","","67","4","2021","6","39.993361","-75.125519","","6","0","0","0","0","0","0","0","0","","0","0","0","","","2","N","0","","39 59:36.100","6","0","75 07:31.870","3","0","0","0","67301","0","0","0","N","0","0","0","2","67301","0","","6.0","1457.0","1","N","N","N","0","","2","0","0","","0","Y","","3","2","0","0","0","0","0","2","0","3","","","","N","","","","","","","","","",""
"2021070359","1925","3","0","0","0","0","0","0","0","0","4","0","","67","7","2021","3","40.035286","-75.076906","1919","6","0","0","0","0","0","0","0","0","","0","0","0","","","0","N","0","","40 02:07.030","3","0","75 04:36.860","0","0","0","0","67301","0","0","0","N","0","0","0","1","67301","0","","1.0","1950.0","1","N","N","Y","0","","0","0","1","","0","Y","","4","0","0","0","0","0","0","2","0","4","","03","","N","","","","","","","","","",""
"2021039207","1720","1","0","0","0","0","0","0","0","0","4","0","","67","4","2021","4","40.023101","-75.124014","1713","6","0","0","0","0","0","0","0","0","","0","0","0","","","1","","1","","40 01:23.163","","0","75 07:26.450","8","0","0","1","67301","0","0","0","N","0","0","0","2","67301","0","","1.0","","1","N","N","N","0","","0","0","0","","3","","","2","1","0","0","0","1","0","2","0","2","","","","N","","","","","","","","","",""
"2021042326","1522","1","0","0","0","0","0","0","0","0","1","0","","67","4","2021","3","39.924051","-75.167149","1522","6","0","0","0","0","0","0","0","0","","0","0","0","","","1","Y","0","","39 55:26.585","","0","75 10:01.736","3","0","0","0","67301","0","0","0","N","0","0","0","2","67301","0","","1.0","","1","N","N","N","0","","1","0","1","","2","","","2","1","1","0","0","0","1","2","0","2","","","","N","","","","","","","","","",""
"2021060704","1824","3","0","0","0","0","0","0","0","0","1","0","","67","6","2021","1","39.958322","-75.16539","1823","6","0","0","0","0","1","0","0","0","","0","0","0","","","0","N","0","","39 57:29.959","4","0","75 09:55.404","0","0","0","0","67301","0","0","0","N","0","0","0","3","68K01","0","","1.0","1842.0","1","N","N","N","0","","0","0","0","","0","N","","3","0","0","0","0","0","0","2","0","3","","","","N","","","","","","","","","",""
"2021058982","0150","0","0","0","0","0","0","0","0","0","2","0","","67","6","2021","7","39.90681","-75.17384","0150","6","0","0","0","0","0","0","0","0","","0","0","0","","","0","Y","0","","39 54:24.516","2","0","75 10:25.824","0","0","0","0","67301","0","0","0","N","0","0","0","0","67505","0","","5.0","330.0","1","N","N","N","0","","0","0","1","","0","Y","","1","0","0","0","0","0","0","2","0","1","","03","","N","","","","","","","","","",""
"2021038477","0235","1","0","0","0","0","0","0","0","0","7","0","99","67","4","2021","3","39.989549","-75.168855","0234","6","0","0","0","0","0","0","0","0","","0","0","0","","","0","","1","","39 59:22.375","7","0","75 10:07.877","0","0","0","0","67301","0","0","0","N","0","0","0","1","67301","0","","4.0","0.0","1","N","N","N","0","","0","0","0","","2","Y","","1","0","0","0","0","0","0","2","0","1","","03","U","Y","4","1","","","U","","","","","N"
"2021037384","1615","1","0","0","0","0","0","0","0","0","7","0","","67","4","2021","1","40.006326","-75.193945","1607","6","0","0","0","0","0","1","0","0","","0","0","0","","","1","","7","","40 00:22.773","","8","75 11:38.203","3","0","0","0","67301","0","0","0","N","0","0","0","2","67301","0","","7.0","","1","N","N","N","0","","1","0","0","","0","","","2","1","1","0","0","0","0","2","1","2","","03","","N","","","","","","","","","",""
"2021038830","1355","1","0","0","0","0","0","0","0","0","4","0","","67","4","2021","5","40.041919","-75.074975","1348","6","0","0","0","0","0","0","1","0","","0","0","0","","","1","","5","","40 02:30.909","","0","75 04:29.910","8","0","0","0","67301","0","0","0","N","0","0","0","2","67301","0","","1.0","","9","N","N","N","0","","0","0","1","","2","","","2","1","0","0","0","1","1","2","0","2","","07","","N","","","","","","","","","",""
"2021039307","0606","1","0","0","0","0","0","0","0","0","4","0","","67","4","2021","6","40.017799","-75.132142","0559","6","0","0","0","0","0","0","0","0","","0","0","0","","","0","","1","","40 01:04.076","4","0","75 07:55.711","0","0","0","0","67301","0","0","0","N","0","0","0","2","67301","0","","1.0","100.0","1","N","N","N","0","","0","0","1","","3","Y","","3","0","0","0","0","0","0","2","1","3","","03","","N","","","","","","","","","",""
"2021036904","0815","2","0","0","0","0","0","0","0","0","4","0","","67","4","2021","6","40.019505","-75.149008","0809","6","0","0","0","0","0","0","0","0","","0","0","0","","","0","","2","","40 01:10.218","","0","75 08:56.428","9","0","0","0","67301","0","0","0","N","0","0","0","2","67301","0","","1.0","","1","N","N","N","0","","0","0","0","","2","","","2","0","0","0","0","0","1","2","0","2","","","","N","","","","","","","","","",""
"2021068238","2141","1","0","0","0","0","0","0","0","0","4","0","","67","7","2021","3","40.004212","-75.076577","2141","6","0","0","0","0","0","1","0","0","","0","0","0","","","0","N","0","","40 00:15.163","1","0","75 04:35.676","0","0","0","0","67301","0","0","0","N","0","0","0","3","68K01","0","","1.0","2159.0","1","N","N","N","0","","0","0","1","","8","N","","2","0","0","0","0","0","0","2","0","2","","","","N","","","","","","","","","",""
"2021041307","1310","1","0","0","0","0","0","0","0","0","8","0","","67","5","2021","7","40.03154","-75.121232","1304","6","0","0","0","0","0","0","0","0","","0","0","0","","","1","","1","","40 01:53.543","","0","75 07:16.435","8","0","0","0","67301","1","0","0","N","1","0","0","2","67301","0","","1.0","","1","N","N","N","0","","0","0","0","","0","","","2","1","0","0","0","1","1","2","0","1","","03","","N","","","","","","","","","",""
"2021038458","1741","0","0","0","0","0","0","0","0","0","5","0","","67","4","2021","4","40.04875","-75.005361","1737","6","0","0","0","0","0","0","1","0","","0","0","0","","","0","N","0","","40 02:55.500","5","0","75 00:19.300","0","0","0","0","67301","0","0","0","N","0","0","0","3","67301","0","","6.0","30.0","1","N","N","N","0","","0","0","2","","0","Y","","2","0","0","0","0","0","0","2","0","2","","03","","N","","","","","","","","","",""
"2021038488","2025","0","0","0","1","0","0","0","0","0","8","0","","67","4","2021","7","40.020348","-75.114115","2013","6","0","0","0","0","0","0","0","0","","0","0","0","","","1","","1","","40 01:13.253","","0","75 06:50.813","3","0","0","1","67301","1","0","0","N","0","0","0","2","67301","0","","1.0","","1","N","N","N","0","","1","0","0","","2","","","2","1","0","0","0","0","1","2","0","1","","03","","N","","","","","","","","","",""
"2021059522","2245","0","0","0","0","0","0","0","0","0","8","0","","67","6","2021","7","39.988728","-75.187608","2234","6","0","0","0","0","0","0","0","0","","0","0","0","","","1","N","0","","39 59:19.420","","0","75 11:15.390","8","0","0","0","67301","1","0","0","N","1","0","0","1","67301","0","","1.0","","1","N","N","N","0","","0","0","0","","0","","","2","1","0","0","0","1","0","2","0","1","","03","","N","","","","","","","","","",""
"2021038600","1849","1","0","0","0","0","0","0","0","0","5","0","","67","4","2021","2","39.922639","-75.235556","1848","6","0","0","0","0","0","0","0","0","","0","0","0","","","1","N","0","","39 55:21.500","","0","75 14:08.000","3","0","0","0","67301","0","0","0","N","0","0","0","1","67301","0","","6.0","","1","N","N","N","1","","1","0","0","","0","","","2","1","0","0","0","0","0","2","0","2","","","","N","","","","","","","","","",""
"2021076137","2136","2","0","1","0","0","0","0","0","0","4","0","","67","8","2021","5","39.929014","-75.24086","2129","6","0","0","0","0","0","0","0","0","","0","0","0","","","1","N","1","","39 55:44.452","","0","75 14:27.097","2","0","0","0","67301","0","0","0","N","0","0","0","1","67301","0","","1.0","","1","N","N","N","0","","0","1","0","","0","","","2","1","0","0","0","0","0","2","0","2","","03","","N","","","","","","","","","",""
"2021037561","0338","0","0","0","0","0","0","0","0","0","7","0","","67","4","2021","1","40.007176","-75.07285","0322","6","0","1","0","0","0","0","0","0","","0","0","0","","","0","N","0","","40 00:25.832","1","0","75 04:22.259","0","0","0","0","67301","0","0","0","N","0","0","0","1","68K01","0","","3.0","403.0","9","N","N","N","0","","0","0","1","","0","N","","1","0","0","0","0","0","0","2","0","1","","07","","N","","","","","","","","","",""
"2021038383","2345","2","0","0","0","0","0","0","0","0","5","0","","67","4","2021","4","39.956203","-75.180541","2345","6","0","0","1","0","0","0","0","0","","0","0","0","","","0","N","0","","39 57:22.330","1","1","75 10:49.948","0","0","0","0","67301","0","0","0","Y","0","0","0","3","67507","0","","1.0","100.0","1","N","N","Y","0","","0","0","1","","0","Y","","3","0","0","0","0","0","0","2","0","3","","","","N","","","","","","","","","",""
"2021038473","1235","2","0","0","0","0","0","0","0","0","1","0","","67","4","2021","2","39.962635","-75.246728","1228","6","0","0","0","0","0","0","0","0","","0","0","0","","","2","","1","","39 57:45.487","","0","75 14:48.219","4","0","0","0","67301","0","0","0","N","0","0","0","3","67301","1","","1.0","","1","N","N","N","0","","0","0","0","","2","","","2","2","0","0","0","1","0","2","0","2","","03","","N","","","","","","","","","",""
"2021041096","1655","2","0","0","0","0","0","0","0","0","4","0","","67","4","2021","6","40.021125","-75.139925","1600","6","0","0","0","0","0","1","0","0","","0","0","0","","","2","","1","","40 01:16.051","","0","75 08:23.731","3","0","0","0","67301","0","0","0","N","0","0","0","2","67301","1","","1.0","","1","N","N","N","0","","1","0","0","","2","","","2","2","0","0","0","0","0","2","0","2","","03","","N","","","","","","","","","",""