"CRN","ARRIVAL_TM","AUTOMOBILE_COUNT","BELTED_DEATH_COUNT","BELTED_SUSP_SERIOUS_INJ_COUNT","BICYCLE_COUNT","BICYCLE_DEATH_COUNT","BICYCLE_SUSP_SERIOUS_INJ_COUNT","BUS_COUNT","CHLDPAS_DEATH_COUNT","CHLDPAS_SUSP_SERIOUS_INJ_COUNT","COLLISION_TYPE","COMM_VEH_COUNT","CONS_ZONE_SPD_LIM","COUNTY","CRASH_MONTH","CRASH_YEAR","DAY_OF_WEEK","DEC_LATITUDE","DEC_LONGITUDE","DISPATCH_TM","DISTRICT","DRIVER_COUNT_16YR","DRIVER_COUNT_17YR","DRIVER_COUNT_18YR","DRIVER_COUNT_19YR","DRIVER_COUNT_20YR","DRIVER_COUNT_50_64YR","DRIVER_COUNT_65_74YR","DRIVER_COUNT_75PLUS","EST_HRS_CLOSED","FATAL_COUNT","HEAVY_TRUCK_COUNT","HORSE_BUGGY_COUNT","HOUR_OF_DAY","ILLUMINATION","INJURY_COUNT","INTERSECTION_RELATED","INTERSECT_TYPE","LANE_CLOSED","LATITUDE","LN_CLOSE_DIR","LOCATION_TYPE","LONGITUDE","MAX_SEVERITY_LEVEL","MCYCLE_DEATH_COUNT","MCYCLE_SUSP_SERIOUS_INJ_COUNT","MOTORCYCLE_COUNT","MUNICIPALITY","NONMOTR_COUNT","NONMOTR_DEATH_COUNT","NONMOTR_SUSP_SERIOUS_INJ_COUNT","NTFY_HIWY_MAINT","PED_COUNT","PED_DEATH_COUNT","PED_SUSP_SERIOUS_INJ_COUNT","PERSON_COUNT","POLICE_AGCY","POSSIBLE_INJ_COUNT","RDWY_SURF_TYPE_CD","RELATION_TO_ROAD","ROADWAY_CLEARED","ROAD_CONDITION","SCH_BUS_IND","SCH_ZONE_IND","SECONDARY_CRASH","SMALL_TRUCK_COUNT","SPEC_JURIS_CD","SUSP_MINOR_INJ_COUNT","SUSP_SERIOUS_INJ_COUNT","SUV_COUNT","TCD_FUNC_CD","TCD_TYPE","TFC_DETOUR_IND","TIME_OF_DAY","TOTAL_UNITS","TOT_INJ_COUNT","UNBELTED_OCC_COUNT","UNB_DEATH_COUNT","UNB_SUSP_SERIOUS_INJ_COUNT","UNK_INJ_DEG_COUNT","UNK_INJ_PER_COUNT","URBAN_RURAL","VAN_COUNT","VEHICLE_COUNT","WEATHER1","WEATHER2","WORKERS_PRES","WORK_ZONE_IND","WORK_ZONE_LOC","WORK_ZONE_TYPE","WZ_CLOSE_DETOUR","WZ_FLAGGER","WZ_LAW_OFFCR_IND","WZ_LN_CLOSURE","WZ_MOVING","WZ_OTHER","WZ_SHLDER_MDN","WZ_WORKERS_INJ_KILLED"
"2021041069","1247","2","0","0","0","0","0","0","0","0","5","0","","67","5","2021","7","40.059851","-75.15013","1247","6","0","0","0","0","0","1","0","0","","0","0","0","","","1","","1","","40 03:35.463","","0","75 09:00.467","8","0","0","0","67301","0","0","0","N","0","0","0","2","67301","0","","1.0","","1","N","N","N","0","","0","0","0","","2","","","2","1","0","0","0","1","1","2","0","2","","98","","N","","","","","","","","","",""
"2021038468","1445","0","0","0","0","0","0","0","0","0","5","0","","67","4","2021","1","40.021152","-75.094375","1440","6","0","0","0","0","0","0","0","0","","0","0","0","","","0","N","0","","40 01:16.146","","0","75 05:39.750","0","0","0","0","67301","0","0","0","N","0","0","0","1","67301","0","","6.0","","1","N","N","N","0","","0","0","2","","0","","","2","0","0","0","0","0","0","2","0","2","","03","","N","","","","","","","","","",""
"2021037563","0606","0","0","0","0","0","0","0","0","0","7","0","","67","4","2021","1","39.95688","-75.15306","0556","6","0","0","0","0","0","1","0","0","","0","0","0","","","0","N","0","","39 57:24.769","3","0","75 09:11.017","0","0","0","0","67301","0","0","0","N","0","0","0","1","68K01","0","","3.0","30.0","9","N","N","N","0","","0","0","0","","0","N","","1","0","0","0","0","0","0","2","1","1","","","","N","","","","","","","","","",""
"2021037294","1705","2","0","0","0","0","0","0","0","0","6","0","","67","4","2021","7","40.072808","-75.075736","1653","6","0","0","0","0","0","0","0","0","","0","0","0","","","1","N","0","","40 04:22.110","3","0","75 04:32.648","3","0","0","0","67301","0","0","0","N","0","0","0","3","67301","0","","1.0","100.0","1","N","N","N","0","","1","0","1","","0","N","","3","1","0","0","0","0","0","2","0","3","","03","","N","","","","","","","","","",""
"2021037409","2010","4","0","0","0","0","0","0","0","0","4","0","","67","4","2021","1","40.044427","-75.14356","2005","6","0","0","0","0","0","1","0","0","","0","0","0","","","3","","1","","40 02:39.937","2","0","75 08:36.816","3","0","0","0","67301","0","0","0","N","0","0","0","4","67301","0","","1.0","2100.0","1","N","N","Y","0","","3","0","0","","2","Y","","4","3","2","0","0","0","1","2","0","4","","","","N","","","","","","","","","",""
"2021036991","0842","2","0","0","0","0","0","0","0","0","4","0","","67","4","2021","6","40.02488","-75.147834","0842","6","0","0","0","0","0","0","0","0","","0","0","0","","","1","N","0","","40 01:29.567","","7","75 08:52.202","8","0","0","0","67301","0","0","0","N","0","0","0","3","67301","0","","1.0","","1","N","N","N","0","","0","0","0","","0","","","2","1","0","0","0","1","0","2","0","2","","04","","N","","","","","","","","","",""
"2021041075","1527","1","0","0","0","0","0","0","0","0","8","0","","67","4","2021","6","40.037951","-75.03772","1526","6","0","0","0","0","0","0","0","0","","0","0","0","","","1","N","0","","40 02:16.622","","0","75 02:15.792","3","0","0","0","67301","1","0","0","N","1","0","0","2","67301","0","","1.0","","1","N","N","N","0","","1","0","0","","0","","","2","1","0","0","0","0","0","2","0","1","","03","","N","","","","","","","","","",""
"2021038490","0855","1","0","0","0","0","0","0","0","0","4","0","","67","4","2021","2","39.970153","-75.145021","0825","6","0","0","0","0","0","0","0","0","","0","0","0","","","1","","1","","39 58:12.552","","0","75 08:42.076","3","0","0","0","67301","0","0","0","N","0","0","0","2","67301","0","","1.0","","1","N","N","N","0","","1","0","1","","2","","","2","1","0","0","0","0","0","2","0","2","","03","","N","","","","","","","","","",""
"2021068204","0046","0","0","0","0","0","0","0","0","0","1","0","","67","7","2021","7","40.029939","-75.022244","0027","6","0","0","0","0","0","1","0","0","","0","0","0","","","3","N","0","","40 01:47.782","1","0","75 01:20.079","3","0","0","0","67301","0","0","0","N","0","0","0","3","68K01","0","","1.0","25.0","1","N","N","N","0","","3","0","2","","0","Y","","2","3","0","0","0","0","0","2","0","2","","03","","N","","","","","","","","","",""
"2021038816","0825","2","0","0","0","0","0","0","0","0","4","0","","67","4","2021","6","40.00468","-75.152126","0820","6","0","0","0","0","0","0","0","0","","0","0","0","","","0","","1","","40 00:16.847","","0","75 09:07.652","0","0","0","0","67301","0","0","0","N","0","0","0","3","67505","0","","1.0","","1","N","N","Y","0","","0","0","0","","2","","","2","0","0","0","0","0","0","2","0","2","","03","","N","","","","","","","","","",""
"2021076440","0632","1","0","0","0","0","0","0","0","0","7","1","","67","8","2021","4","39.877456","-75.253243","0624","6","0","0","0","0","0","1","0","0","","0","1","0","","","2","N","0","","39 52:38.840","2","0","75 15:11.675","4","0","0","0","67301","0","0","0","N","0","0","0","3","68K01","2","","3.0","710.0","1","N","N","N","0","","0","0","0","","0","N","","2","2","0","0","0","0","0","2","0","2","","","","N","","","","","","","","","",""
"2021038596","0031","2","0","0","0","0","0","0","0","0","1","0","","67","4","2021","1","39.939018","-75.232391","0031","6","0","0","0","0","0","0","0","0","","0","0","0","","","1","","1","","39 56:20.464","","0","75 13:56.607","3","0","0","0","67301","0","0","0","N","0","0","0","3","67301","0","","1.0","","1","N","N","N","0","","1","0","0","","2","","","2","1","0","0","0","0","0","2","0","2","","","","N","","","","","","","","","",""
"2021046684","1502","2","0","0","0","0","0","0","0","0","4","0","","67","5","2021","1","39.975868","-75.158557","1500","6","0","0","0","0","0","0","0","0","","0","0","0","","","3","","1","","39 58:33.126","","0","75 09:30.804","8","0","0","0","67301","0","0","0","N","0","0","0","5","67505","0","","1.0","","1","N","N","N","0","","0","0","0","","2","","","2","3","0","0","0","3","1","2","0","2","","03","","N","","","","","","","","","",""
"2021038455","1628","0","0","0","0","0","0","0","0","0","4","0","","67","4","2021","4","39.95762","-75.145687","1627","6","0","0","0","0","0","1","1","0","","0","0","0","","","1","","1","","39 57:27.432","4","0","75 08:44.473","8","0","0","0","67301","0","0","0","N","0","0","0","2","67301","0","","1.0","1659.0","1","N","N","N","1","","0","0","1","","2","N","","2","1","1","0","0","1","0","2","0","2","","03","","N","","","","","","","","","",""
"2021039048","1849","2","0","0","0","0","0","0","0","0","5","0","","67","4","2021","4","39.959428","-75.146989","1848","6","0","0","0","0","0","0","0","0","","0","0","0","","","0","N","0","","39 57:33.942","1","0","75 08:49.159","0","0","0","0","67301","0","0","0","N","0","0","0","2","67301","0","","1.0","1940.0","1","N","N","N","0","","0","0","0","","0","N","","2","0","0","0","0","0","0","2","0","2","","03","","N","","","","","","","","","",""
"2021046926","1914","2","0","0","0","0","0","0","0","0","5","0","","67","5","2021","1","40.061606","-75.154733","1908","6","0","0","0","0","0","0","0","0","","0","0","0","","","1","N","0","","40 03:41.780","","0","75 09:17.040","3","0","0","0","67301","0","0","0","N","0","0","0","2","67301","0","","6.0","","1","N","N","N","0","","1","0","0","","0","","","2","1","0","0","0","0","0","2","0","2","","","","N","","","","","","","","","",""
"2021038913","1717","1","0","0","0","0","0","0","0","0","4","0","","67","4","2021","5","39.987397","-75.140257","1717","6","0","0","0","0","0","0","0","0","","0","0","0","","","0","","1","","39 59:14.629","","0","75 08:24.925","0","0","0","0","67301","0","0","0","N","0","0","0","2","67301","0","","1.0","","1","N","N","N","0","","0","0","1","","3","","","2","0","0","0","0","0","0","2","0","2","","04","","N","","","","","","","","","",""
"2021038212","1601","3","0","0","0","0","0","0","0","0","1","0","45","67","4","2021","3","39.89871","-75.171521","1556","6","0","0","1","0","0","0","0","0","","0","0","0","","","3","","6","","39 53:55.357","","2","75 10:17.474","3","0","0","0","67301","0","0","0","N","0","0","0","4","68K01","0","","7.0","","1","N","N","N","0","","3","0","0","","3","","","3","3","1","0","0","0","0","2","0","3","","","N","Y","4","1","","","N","","","","Y","N"
"2021078859","1233","2","0","0","0","0","0","0","0","0","5","0","","67","8","2021","6","40.006071","-75.193561","1227","6","0","0","0","0","0","1","0","0","","0","0","0","","","2","","3","","40 00:21.857","3","8","75 11:36.821","8","0","0","0","67301","0","0","0","N","0","0","0","6","68K01","0","","1.0","1323.0","1","N","N","N","0","","0","0","0","","0","N","","2","2","1","0","0","2","0","2","0","2","","","","N","","","","","","","","","",""
"2021077305","1220","2","0","0","0","0","0","0","0","0","1","0","","67","8","2021","4","39.963101","-75.167062","1215","6","0","0","0","0","0","1","0","0","","0","0","0","","","0","N","0","","39 57:47.165","3","0","75 10:01.422","0","0","0","0","67301","0","0","0","N","0","0","0","3","67301","0","","1.0","200.0","1","N","N","N","0","","0","0","1","","0","N","","3","0","0","0","0","0","0","2","0","3","","03","","N","","","","","","","","","",""
"2021123362","2149","1","0","0","0","0","0","0","0","0","98","0","","67","12","2021","4","39.997515","-75.081667","2138","6","0","0","0","0","0","0","0","0","","0","0","0","","","0","N","0","","39 59:51.053","1","0","75 04:54.002","0","0","0","0","67301","0","0","0","N","0","0","0","1","68K01","0","","1.0","2157.0","9","N","N","N","0","","0","0","0","","0","N","","1","0","0","0","0","0","0","2","0","1","","","","N","","","","","","","","","",""
"2021122712","0709","1","0","0","0","0","0","0","0","0","7","0","","67","12","2021","6","39.887838","-75.216842","0655","6","0","0","0","0","0","0","0","0","","0","0","0","","","1","N","0","","39 53:16.215","","0","75 13:00.631","8","0","0","0","67301","0","0","0","N","0","0","0","1","68K01","0","","4.0","","1","N","N","N","0","","0","0","0","","0","","","1","1","1","0","0","1","0","2","0","1","","","","N","","","","","","","","","",""
"2021078578","1233","0","0","0","0","0","0","0","0","0","4","0","","67","8","2021","5","40.059501","-75.080546","1233","6","0","0","0","0","0","0","0","0","","0","0","0","","","1","","1","","40 03:34.205","","0","75 04:49.964","3","0","0","0","67301","0","0","0","N","0","0","0","2","67301","0","","1.0","","1","N","N","N","0","","1","0","2","","2","","","2","1","0","0","0","0","1","2","0","2","","03","","N","","","","","","","","","",""
"2021122918","1815","2","0","0","0","0","0","0","0","0","1","0","","67","12","2021","2","39.959783","-75.178076","1756","6","0","0","0","0","0","1","0","0","","0","0","0","","","0","N","0","","39 57:35.220","3","0","75 10:41.072","0","0","0","0","67301","0","0","0","N","0","0","0","3","68K01","0","","1.0","1900.0","1","N","N","N","0","","0","0","1","","0","N","","3","0","0","0","0","0","0","2","0","3","","","","N","","","","","","","","","",""
"2021077892","0120","2","0","0","0","0","0","0","0","0","5","0","","67","8","2021","5","39.97835","-75.166617","0118","6","0","0","0","0","0","0","0","0","","0","0","0","","","0","N","0","","39 58:42.060","4","0","75 09:59.820","0","0","0","0","67301","0","0","0","N","0","0","0","1","67301","0","","6.0","216.0","1","N","N","N","0","","0","0","1","","0","Y","","3","0","1","0","0","0","0","2","0","3","","03","","N","","","","","","","","","",""
"2021123584","2006","2","0","0","0","0","0","0","0","0","1","0","","67","12","2021","4","39.997408","-75.081984","1935","6","0","0","0","0","0","0","0","0","","0","0","0","","","1","N","7","","39 59:50.669","","2","75 04:55.143","4","0","0","0","67301","0","0","0","N","0","0","0","2","68K01","1","","1.0","","1","N","N","N","0","","0","0","0","","0","","","2","1","0","0","0","0","0","2","0","2","","","","N","","","","","","","","","",""
"2021122956","0148","1","0","0","0","0","0","0","0","0","5","0","","67","12","2021","3","39.950667","-75.183073","0130","6","0","0","0","0","1","0","0","0","","0","0","0","","","1","N","0","","39 57:02.400","","0","75 10:59.061","3","0","0","0","67301","0","0","0","N","0","0","0","2","68K01","0","","1.0","","1","N","N","N","0","","1","0","0","","0","","","2","1","0","0","0","0","1","2","0","2","","03","","N","","","","","","","","","",""
"2021077900","1614","0","0","0","0","0","0","0","0","0","8","0","","67","8","2021","5","40.019506","-75.055683","1613","6","0","0","0","0","0","1","0","0","","0","0","0","","","1","","1","","40 01:10.221","","0","75 03:20.460","8","0","0","0","67301","1","0","0","N","1","0","0","2","67301","0","","1.0","","1","N","N","N","0","","0","0","1","","2","","","2","1","0","0","0","1","0","2","0","1","","03","","N","","","","","","","","","",""
"2021081132","1845","2","0","0","0","0","0","0","0","0","4","0","","67","8","2021","5","39.966705","-75.240825","1840","6","0","0","0","0","0","1","0","0","","0","0","0","","","1","","1","","39 58:00.137","","0","75 14:26.970","4","0","0","0","67301","0","0","0","N","0","0","0","2","67301","1","","1.0","","1","N","N","N","0","","0","0","0","","3","","","2","1","0","0","0","0","0","2","0","2","","","","N","","","","","","","","","",""
"2021118009","","1","0","0","0","0","0","0","0","0","1","0","","67","5","2021","4","40.00275","-75.194455","","6","0","0","0","0","0","1","0","0","","0","0","0","","","1","N","0","","40 00:09.900","","0","75 11:40.037","4","0","0","0","67301","0","0","0","N","0","0","0","2","00000","1","","1.0","","1","N","N","N","0","","0","0","0","","0","","","2","1","0","0","0","0","0","2","1","2","","","","N","","","","","","","","","",""
"2021077265","0900","1","0","0","0","0","0","0","0","0","5","0","","67","8","2021","4","39.938393","-75.234281","0854","6","0","0","0","0","0","1","0","0","","0","0","0","","","0","N","0","","39 56:18.216","","0","75 14:03.411","0","0","0","0","67301","0","0","0","N","0","0","0","2","67301","0","","6.0","","1","N","N","N","0","","0","0","1","","0","","","2","0","0","0","0","0","0","2","0","2","","","","N","","","","","","","","","",""
"2021123363","2149","2","0","0","0","0","0","0","0","0","1","0","","67","12","2021","4","39.998044","-75.081283","2138","6","0","0","0","0","0","0","0","1","","0","0","0","","","0","N","0","","39 59:52.957","1","0","75 04:52.617","0","0","0","0","67301","0","0","0","N","0","0","0","1","68K01","0","","1.0","2157.0","9","N","N","Y","0","","0","0","0","","0","N","","2","0","0","0","0","0","0","2","0","2","","","","N","","","","","","","","","",""
"2021123389","0723","1","0","0","0","0","0","0","0","0","5","0","","67","12","2021","2","40.024142","-75.031763","0713","6","0","0","0","0","0","0","0","0","","0","0","0","","","0","N","0","","40 01:26.912","2","0","75 01:54.346","0","0","0","0","67301","0","0","0","N","0","0","0","2","68K01","0","","2.0","731.0","1","N","N","N","1","","0","0","0","","0","N","","2","0","1","0","0","0","0","2","0","2","","","","N","","","","","","","","","",""
"2021079195","0235","1","0","0","0","0","0","0","0","0","4","0","","67","8","2021","1","40.100142","-75.008407","0227","6","0","0","0","0","0","0","0","0","","0","0","0","","","1","","1","","40 06:00.511","","0","75 00:30.266","3","0","0","0","67301","0","0","0","N","0","0","0","6","67301","0","","1.0","","9","N","N","N","0","","1","0","0","","2","","","2","1","0","0","0","0","0","2","1","2","","","","N","","","","","","","","","",""
"2021121859","0256","0","0","0","0","0","0","0","0","0","1","1","","67","10","2021","6","39.977016","-75.112764","0252","6","0","0","0","0","0","0","0","0","","0","1","0","","","2","N","0","","39 58:37.258","1","0","75 06:45.952","3","0","0","0","67301","0","0","0","N","0","0","0","4","68K01","0","","1.0","430.0","1","N","N","Y","0","","2","0","1","","0","N","","2","2","0","0","0","0","0","2","0","2","","","","N","","","","","","","","","",""
"2021108975","0522","0","0","0","0","0","0","1","0","0","4","1","","67","11","2021","2","40.039826","-75.144452","0520","6","0","0","0","0","0","0","0","0","","0","0","0","","","1","","1","","40 02:23.374","1","0","75 08:40.028","3","0","0","0","67301","0","0","0","N","0","0","0","2","67508","0","","1.0","9999.0","1","N","N","Y","0","","1","0","1","","2","N","","2","1","0","0","0","0","0","2","0","2","","03","","N","","","","","","","","","",""
"2021081039","1300","1","0","0","0","0","0","0","0","0","4","0","","67","8","2021","2","40.054429","-75.147899","1300","6","0","0","0","1","0","0","0","0","","0","0","0","","","1","","1","","40 03:15.944","","0","75 08:52.436","4","0","0","0","67301","0","0","0","N","0","0","0","2","67301","1","","1.0","","1","N","N","N","0","","0","0","0","","3","","","2","1","0","0","0","0","1","2","0","2","","","","N","","","","","","","","","",""
"2021123575","0804","1","0","0","0","0","0","0","0","0","7","0","","67","12","2021","4","39.980586","-75.197952","0742","6","0","0","0","0","0","0","0","0","","0","0","0","","","1","","2","","39 58:50.109","","0","75 11:52.626","4","0","0","0","67301","0","0","0","N","0","0","0","1","67301","1","","5.0","","9","N","N","N","0","","0","0","0","","2","","","1","1","0","0","0","0","0","2","0","1","","03","","N","","","","","","","","","",""
"2021078173","0105","1","0","0","0","0","0","0","0","0","4","0","","67","8","2021","6","39.994206","-75.107791","0104","6","0","0","0","0","0","0","0","0","","0","0","0","","","0","","1","","39 59:39.142","","0","75 06:28.047","0","0","0","0","67301","0","0","0","N","0","0","0","2","67301","0","","1.0","","1","N","N","N","0","","0","0","0","","2","","","2","0","0","0","0","0","0","2","1","2","","03","","N","","","","","","","","","",""
"2021121366","0627","2","0","0","0","0","0","0","0","0","1","1","","67","12","2021","5","39.959981","-75.178639","0620","6","0","0","0","0","0","2","0","0","","0","1","0","","","2","N","0","","39 57:35.932","4","0","75 10:43.099","8","0","0","0","67301","0","0","0","N","0","0","0","3","68K01","0","","1.0","730.0","9","N","N","N","0","","0","0","0","","0","N","","3","2","0","0","0","2","0","2","0","3","","","","N","","","","","","","","","",""
"2021078623","1545","1","0","0","0","0","0","0","0","0","4","0","","67","8","2021","1","40.024658","-75.054508","1541","6","0","0","0","0","0","1","0","0","","0","0","0","","","0","","1","","40 01:28.770","","0","75 03:16.227","0","0","0","0","67301","0","0","0","N","0","0","0","2","67301","0","","1.0","","1","N","N","N","0","","0","0","1","","2","","","2","0","0","0","0","0","0","2","0","2","","03","","N","","","","","","","","","",""
"2021078805","0113","0","0","0","0","0","0","0","0","0","7","0","","67","8","2021","1","39.957722","-75.148833","0110","6","0","0","0","0","0","1","0","0","","0","0","0","","","1","N","0","","39 57:27.800","","1","75 08:55.800","3","0","0","0","67301","0","0","0","N","0","0","0","1","67301","0","","4.0","","9","N","N","N","0","","1","0","1","","0","","","1","1","0","0","0","0","0","2","0","1","","07","","N","","","","","","","","","",""
"2021121765","1811","0","0","0","0","0","0","0","0","0","8","0","","67","11","2021","6","40.011144","-75.108125","1809","6","0","0","0","0","0","1","0","0","","1","0","0","","","0","N","0","","40 00:40.120","5","0","75 06:29.250","1","0","0","0","67301","1","1","0","N","1","1","0","2","67301","0","2","1.0","2100.0","1","N","N","N","0","0","0","0","1","","0","Y","","2","0","0","0","0","0","0","2","0","1","","03","","N","","","","","","","","","",""
"2021077994","0744","1","0","0","1","0","0","0","0","0","8","0","","67","8","2021","5","39.953178","-75.170008","0742","6","0","0","0","0","0","0","0","0","","0","0","0","","","1","","1","","39 57:11.441","","0","75 10:12.028","3","0","0","0","67301","1","0","0","N","0","0","0","2","67301","0","","1.0","","1","N","N","N","0","","1","0","0","","2","","","2","1","0","0","0","0","0","2","0","1","","03","","N","","","","","","","","","",""
"2021121358","1336","1","0","0","0","0","0","0","0","0","4","0","","67","11","2021","3","39.904294","-75.150305","1336","6","0","0","0","0","0","0","1","0","","0","0","0","","","1","N","0","","39 54:15.458","2","0","75 09:01.097","3","0","0","0","67301","0","0","0","Y","0","0","0","3","68K01","0","","1.0","1345.0","1","N","N","N","0","","1","0","2","","0","Y","","3","1","0","0","0","0","0","2","0","3","","","","N","","","","","","","","","",""
"2021083038","1149","0","0","0","0","0","0","0","0","0","8","0","","67","8","2021","6","40.035741","-75.081016","1145","6","0","0","0","0","0","0","0","0","","0","0","0","","","1","","1","","40 02:08.666","","0","75 04:51.659","8","0","0","0","67301","1","0","0","N","1","0","0","3","67301","0","","1.0","","1","N","N","Y","0","","0","0","2","","2","","","3","1","0","0","0","1","0","2","0","2","","03","","N","","","","","","","","","",""
"2021080382","1500","1","0","0","0","0","0","0","0","0","1","0","","67","8","2021","1","40.021739","-75.139756","1500","6","0","0","0","0","0","0","0","0","","0","0","0","","","1","","1","","40 01:18.260","","0","75 08:23.123","4","0","0","0","67301","0","0","0","N","0","0","0","2","67301","1","","1.0","","99","N","N","N","0","","0","0","1","","2","","","2","1","2","0","0","0","1","2","0","2","","","","N","","","","","","","","","",""
"2021078213","1122","0","0","0","0","0","0","0","0","0","4","0","","67","8","2021","6","39.962727","-75.203921","1120","6","0","0","0","0","0","0","0","0","","0","0","0","","","0","","1","","39 57:45.818","","0","75 12:14.114","0","0","0","0","67301","0","0","0","N","0","0","0","2","67301","0","","1.0","","9","N","N","N","1","","0","0","1","","3","","","2","0","2","0","0","0","0","2","0","2","","","","N","","","","","","","","","",""
"2021120981","0137","1","0","0","0","0","0","0","0","0","5","0","","67","12","2021","7","40.037191","-75.07953","0135","6","0","0","0","0","0","0","0","0","","0","0","0","","","0","N","0","","40 02:13.886","1","0","75 04:46.307","0","0","0","0","67301","0","0","0","N","0","0","0","1","67301","0","","1.0","230.0","9","N","N","N","0","","0","0","2","","0","N","","3","0","0","0","0","0","0","2","0","3","","","","N","","","","","","","","","",""
"2021078300","1323","0","0","0","0","0","0","0","0","0","0","0","","67","8","2021","7","39.908972","-75.150861","1321","6","0","0","0","0","0","0","0","0","","0","0","0","","","1","N","0","","39 54:32.300","4","3","75 09:03.100","3","0","0","1","67301","0","0","0","N","0","0","0","1","67501","0","","1.0","1335.0","1","N","N","N","0","","1","0","0","","8","N","","1","1","0","0","0","0","0","2","0","1","","","","N","","","","","","","","","",""
"2021089295","1510","1","0","0","0","0","0","0","0","0","1","0","","67","8","2021","4","39.890806","-75.222083","1448","6","0","0","0","0","0","0","0","0","","0","0","0","","","0","N","0","","39 53:26.903","1","2","75 13:19.500","0","0","0","0","67301","0","0","0","N","0","0","0","3","68K01","0","","1.0","1510.0","1","N","N","N","1","","0","0","1","","0","Y","","3","0","0","0","0","0","0","2","0","3","","","","N","","","","","","","","","",""
"2021121005","0312","2","0","0","0","0","0","0","0","0","4","0","","67","12","2021","7","40.074164","-75.18702","0309","6","0","0","0","0","0","0","0","0","","0","0","0","","","0","","2","","40 04:26.990","","0","75 11:13.272","0","0","0","0","67301","0","0","0","N","0","0","0","2","67301","0","","1.0","","9","N","N","N","0","","0","0","0","","3","","","2","0","0","0","0","0","0","2","0","2","","05","","N","","","","","","","","","",""
"2021102944","0226","2","0","0","0","0","0","0","0","0","5","0","","67","8","2021","5","40.000581","-75.138344","0224","6","0","0","0","0","0","0","0","0","","0","0","0","","","1","N","0","","40 00:02.090","","0","75 08:18.040","3","0","0","0","67301","0","0","0","N","0","0","0","1","67301","0","","6.0","","1","N","N","Y","0","","1","0","1","","0","","","3","1","1","0","0","0","0","2","0","3","","03","","N","","","","","","","","","",""
"2021079208","1210","1","0","0","0","0","0","0","0","0","4","0","","67","8","2021","2","40.066425","-75.018733","1200","6","0","0","0","0","0","0","0","0","","0","0","0","","","1","","2","","40 03:59.130","","7","75 01:07.438","4","0","0","1","67301","0","0","0","N","0","0","0","2","67301","1","","1.0","","1","N","N","N","0","","0","0","0","","0","","","2","1","0","0","0","0","0","2","0","2","","03","","N","","","","","","","","","",""
"2021121667","0450","1","0","0","0","0","0","1","0","0","4","1","","67","12","2021","1","40.031731","-75.178861","0421","6","0","0","0","0","0","0","0","0","","0","0","0","","","2","","1","","40 01:54.231","","0","75 10:43.900","8","0","0","0","67301","0","0","0","N","0","0","0","3","67301","0","","1.0","","1","N","N","N","0","","0","0","1","","2","","","3","2","1","0","0","2","0","2","0","3","","03","","N","","","","","","","","","",""
"2021121071","0102","0","0","0","0","0","0","0","0","0","7","0","","67","11","2021","4","39.98127","-75.206901","0058","6","0","0","0","0","0","0","0","0","","0","0","0","","","1","N","0","","39 58:52.573","3","0","75 12:24.842","4","0","0","0","67301","0","0","0","N","0","0","0","1","68K01","1","","4.0","128.0","1","N","N","N","0","","0","0","1","","0","N","","1","1","1","0","0","0","0","2","0","1","","","","N","","","","","","","","","",""
"2021081312","1256","2","0","0","0","0","0","0","0","0","5","0","","67","8","2021","5","39.997842","-75.0802","1242","6","0","0","0","0","0","0","0","0","","0","0","0","","","0","N","0","","39 59:52.230","2","0","75 04:48.720","0","0","0","0","67301","0","0","0","N","0","0","0","1","67301","0","","6.0","1256.0","1","N","N","N","0","","0","0","1","","0","Y","","3","0","0","0","0","0","0","2","0","3","","","","N","","","","","","","","","",""
"2021085690","1143","1","0","0","0","0","0","0","0","0","7","0","","67","8","2021","6","40.026183","-75.096856","1129","6","0","0","0","0","0","0","0","0","","0","0","0","","","0","","1","","40 01:34.260","","0","75 05:48.680","0","0","0","0","67301","0","0","0","N","0","0","0","1","67301","0","","3.0","","1","N","N","N","0","","0","0","0","","0","","","1","0","0","0","0","0","0","2","0","1","","03","","N","","","","","","","","","",""
"2021079235","1156","1","0","0","0","0","0","0","0","0","4","0","","67","8","2021","2","40.030591","-75.146585","1153","6","0","0","0","0","0","1","0","0","","0","0","0","","","0","","1","","40 01:50.128","","0","75 08:47.706","0","0","0","0","67301","0","0","0","N","0","0","0","2","67301","0","","1.0","","1","N","N","N","0","","0","0","1","","2","","","2","0","0","0","0","0","0","2","0","2","","03","","N","","","","","","","","","",""
"2021121751","0235","1","0","0","0","0","0","0","0","0","7","0","","67","12","2021","3","40.000498","-75.186827","0214","6","0","0","0","0","0","1","0","0","","1","0","0","","","0","N","0","","40 00:01.792","","0","75 11:12.577","1","0","0","0","67301","0","0","0","N","0","0","0","1","67301","0","2","4.0","","1","N","N","N","0","0","0","0","0","","2","","","1","0","1","1","0","0","0","2","0","1","","03","","N","","","","","","","","","",""
"2021080385","2308","2","0","0","0","0","0","0","0","0","1","0","","67","8","2021","3","40.010012","-75.186009","2301","6","0","0","0","0","0","0","0","0","","0","0","0","","","0","N","0","","40 00:36.042","1","0","75 11:09.633","0","0","0","0","67301","0","0","0","N","0","0","0","2","67301","0","","1.0","2325.0","1","N","N","N","0","","0","0","0","","0","N","","2","0","0","0","0","0","0","2","0","2","","03","","N","","","","","","","","","",""