"CRN","ARRIVAL_TM","AUTOMOBILE_COUNT","BELTED_DEATH_COUNT","BELTED_SUSP_SERIOUS_INJ_COUNT","BICYCLE_COUNT","BICYCLE_DEATH_COUNT","BICYCLE_SUSP_SERIOUS_INJ_COUNT","BUS_COUNT","CHLDPAS_DEATH_COUNT","CHLDPAS_SUSP_SERIOUS_INJ_COUNT","COLLISION_TYPE","COMM_VEH_COUNT","CONS_ZONE_SPD_LIM","COUNTY","CRASH_MONTH","CRASH_YEAR","DAY_OF_WEEK","DEC_LATITUDE","DEC_LONGITUDE","DISPATCH_TM","DISTRICT","DRIVER_COUNT_16YR","DRIVER_COUNT_17YR","DRIVER_COUNT_18YR","DRIVER_COUNT_19YR","DRIVER_COUNT_20YR","DRIVER_COUNT_50_64YR","DRIVER_COUNT_65_74YR","DRIVER_COUNT_75PLUS","EST_HRS_CLOSED","FATAL_COUNT","HEAVY_TRUCK_COUNT","HORSE_BUGGY_COUNT","HOUR_OF_DAY","ILLUMINATION","INJURY_COUNT","INTERSECTION_RELATED","INTERSECT_TYPE","LANE_CLOSED","LATITUDE","LN_CLOSE_DIR","LOCATION_TYPE","LONGITUDE","MAX_SEVERITY_LEVEL","MCYCLE_DEATH_COUNT","MCYCLE_SUSP_SERIOUS_INJ_COUNT","MOTORCYCLE_COUNT","MUNICIPALITY","NONMOTR_COUNT","NONMOTR_DEATH_COUNT","NONMOTR_SUSP_SERIOUS_INJ_COUNT","NTFY_HIWY_MAINT","PED_COUNT","PED_DEATH_COUNT","PED_SUSP_SERIOUS_INJ_COUNT","PERSON_COUNT","POLICE_AGCY","POSSIBLE_INJ_COUNT","RDWY_SURF_TYPE_CD","RELATION_TO_ROAD","ROADWAY_CLEARED","ROAD_CONDITION","SCH_BUS_IND","SCH_ZONE_IND","SECONDARY_CRASH","SMALL_TRUCK_COUNT","SPEC_JURIS_CD","SUSP_MINOR_INJ_COUNT","SUSP_SERIOUS_INJ_COUNT","SUV_COUNT","TCD_FUNC_CD","TCD_TYPE","TFC_DETOUR_IND","TIME_OF_DAY","TOTAL_UNITS","TOT_INJ_COUNT","UNBELTED_OCC_COUNT","UNB_DEATH_COUNT","UNB_SUSP_SERIOUS_INJ_COUNT","UNK_INJ_DEG_COUNT","UNK_INJ_PER_COUNT","URBAN_RURAL","VAN_COUNT","VEHICLE_COUNT","WEATHER1","WEATHER2","WORKERS_PRES","WORK_ZONE_IND","WORK_ZONE_LOC","WORK_ZONE_TYPE","WZ_CLOSE_DETOUR","WZ_FLAGGER","WZ_LAW_OFFCR_IND","WZ_LN_CLOSURE","WZ_MOVING","WZ_OTHER","WZ_SHLDER_MDN","WZ_WORKERS_INJ_KILLED"
"2021080110","0238","3","0","0","0","0","0","0","0","0","5","0","","67","8","2021","4","39.97015","-75.232483","0236","6","0","0","0","0","0","0","0","0","","0","0","0","","","0","N","0","","39 58:12.540","","0","75 13:56.940","0","0","0","0","67301","0","0","0","N","0","0","0","1","67301","0","","6.0","","1","N","N","N","0","","0","0","0","","0","","","3","0","0","0","0","0","0","2","0","3","","","","N","","","","","","","","","",""
"2021081858","1715","1","0","0","0","0","0","0","0","0","4","0","","67","8","2021","6","39.990944","-75.101578","1713","6","0","0","1","0","0","0","0","0","","0","0","0","","","1","","1","","39 59:27.397","1","0","75 06:05.681","4","0","0","0","67301","0","0","0","N","0","0","0","3","67301","1","","1.0","1800.0","1","N","N","N","0","","0","0","1","","2","N","","2","1","0","0","0","0","2","2","0","2","","","","N","","","","","","","","","",""
"2021121671","0943","0","0","0","0","0","0","0","0","0","5","0","","67","11","2021","6","39.948998","-75.141939","0933","6","0","0","0","0","0","0","0","0","","0","0","0","","","0","N","0","","39 56:56.393","","0","75 08:30.980","9","0","0","0","67301","0","0","0","N","0","0","0","3","68K01","0","","1.0","","9","N","N","Y","1","","0","0","1","","0","","","3","0","0","0","0","0","1","2","0","3","","07","","N","","","","","","","","","",""
"2021080761","0120","1","0","0","0","0","0","0","0","0","8","0","","67","8","2021","6","39.987644","-75.187281","0115","6","0","0","0","0","0","0","0","0","","0","0","0","","","1","","2","","39 59:15.517","","0","75 11:14.212","2","0","0","0","67301","1","0","1","N","1","0","1","2","67301","0","","1.0","","1","N","N","N","0","","0","1","0","","0","","","2","1","0","0","0","0","0","2","0","1","","03","","N","","","","","","","","","",""
"2021080461","0600","1","0","0","0","0","0","0","0","0","1","0","","67","8","2021","5","39.981242","-75.266754","0555","6","0","0","0","0","0","0","0","0","","0","0","0","","","0","N","0","","39 58:52.472","","7","75 16:00.316","0","0","0","0","67301","0","0","0","N","0","0","0","2","67301","0","","1.0","","1","N","N","N","1","","0","0","0","","0","","","2","0","0","0","0","0","0","2","0","2","","03","","N","","","","","","","","","",""
"2021079608","1510","1","0","0","1","0","0","0","0","0","8","0","","67","8","2021","2","39.984124","-75.188052","1507","6","0","0","0","0","0","0","0","0","","0","0","0","","","1","","2","","39 59:02.847","","0","75 11:16.987","3","0","0","0","67301","1","0","0","N","0","0","0","2","67301","0","","1.0","","1","N","N","N","0","","1","0","0","","2","","","2","1","0","0","0","0","0","2","0","1","","03","","N","","","","","","","","","",""
"2021080887","1125","1","0","0","0","0","0","0","0","0","4","0","","67","8","2021","6","39.956808","-75.233732","1118","6","0","0","0","0","0","0","0","0","","0","0","0","","","1","","1","","39 57:24.508","","0","75 14:01.435","4","0","0","0","67301","0","0","0","N","0","0","0","3","67301","1","","1.0","","1","N","N","N","0","","0","0","1","","3","","","2","1","0","0","0","0","1","2","0","2","","03","","N","","","","","","","","","",""
"2021103178","2215","1","0","0","0","0","0","0","0","0","4","0","","67","8","2021","7","40.012858","-75.141592","2215","6","0","0","0","0","0","0","0","0","","0","0","0","","","1","","5","","40 00:46.290","","0","75 08:29.730","2","0","1","1","67301","0","0","0","N","0","0","0","2","67301","0","","1.0","","1","N","N","N","0","","0","1","0","","2","","","2","1","0","0","0","0","0","2","0","2","","03","","N","","","","","","","","","",""
"2021077682","1634","2","0","0","0","0","0","0","0","0","5","0","","67","8","2021","4","39.935194","-75.217583","1634","6","0","0","0","0","0","1","0","0","","0","0","0","","","0","N","0","","39 56:06.700","","0","75 13:03.300","0","0","0","0","67301","0","0","0","N","0","0","0","1","67301","0","","6.0","","1","N","N","N","0","","0","0","1","","0","","","3","0","0","0","0","0","0","2","0","3","","03","","N","","","","","","","","","",""
"2021123680","1150","1","0","0","0","0","0","0","0","0","5","0","","67","12","2021","6","40.083528","-74.969903","1141","6","0","0","0","0","0","0","0","0","","0","0","0","","","1","N","0","","40 05:00.700","","0","74 58:11.650","3","0","0","1","67301","0","0","0","N","0","0","0","2","67301","0","","1.0","","1","N","N","N","0","","1","0","0","","0","","","2","1","0","0","0","0","0","2","0","2","","","","N","","","","","","","","","",""
"2021080452","1632","2","0","0","0","0","0","0","0","0","1","0","","67","8","2021","5","39.96249","-75.206823","1626","6","0","0","1","0","0","0","0","0","","0","0","0","","","4","","1","","39 57:44.963","","0","75 12:24.561","3","0","0","0","67301","0","0","0","N","0","0","0","7","67301","3","","1.0","","1","N","N","N","1","","1","0","0","","2","","","4","4","0","0","0","0","1","2","1","4","","","","N","","","","","","","","","",""
"2021078408","2210","2","0","0","0","0","0","0","0","0","1","0","","67","8","2021","6","40.051546","-75.1501","2210","6","0","0","0","0","0","1","0","0","","0","0","0","","","1","","1","","40 03:05.564","","0","75 09:00.360","4","0","0","0","67301","0","0","0","N","0","0","0","2","67301","1","","1.0","","1","N","N","N","0","","0","0","0","","2","","","2","1","0","0","0","0","0","2","0","2","","","","N","","","","","","","","","",""
"2021123364","1801","0","0","0","0","0","0","0","0","0","1","0","","67","12","2021","5","39.980276","-75.205281","1740","6","0","0","0","0","0","2","0","0","","0","0","0","","","0","N","0","","39 58:48.995","","0","75 12:19.010","0","0","0","0","67301","0","0","0","N","0","0","0","2","68K01","0","","1.0","","1","N","N","N","0","","0","0","2","","0","","","2","0","0","0","0","0","0","2","0","2","","","","N","","","","","","","","","",""
"2021079632","0630","2","0","0","0","0","0","0","0","0","4","0","","67","8","2021","7","40.074316","-75.034824","0621","6","0","0","0","0","0","0","0","1","","0","0","0","","","1","","1","","40 04:27.539","","0","75 02:05.367","3","0","0","0","67301","0","0","0","N","0","0","0","2","67301","0","","1.0","","1","N","N","N","0","","1","0","0","","2","","","2","1","0","0","0","0","0","2","0","2","","03","","N","","","","","","","","","",""
"2021084024","0740","1","0","0","0","0","0","0","0","0","7","0","","67","8","2021","5","39.974133","-75.204551","0730","6","0","0","0","0","0","0","0","0","","0","0","0","","","1","N","0","","39 58:26.880","","0","75 12:16.385","4","0","0","0","67301","0","0","0","N","0","0","0","1","67508","1","","4.0","","1","N","N","Y","0","","0","0","0","","0","","","1","1","0","0","0","0","0","2","0","1","","03","","N","","","","","","","","","",""
"2021080955","0443","0","0","0","0","0","0","0","0","0","5","0","","67","8","2021","5","39.917979","-75.210079","0443","6","0","0","0","0","0","1","0","0","","0","0","0","","","1","N","0","","39 55:04.723","","0","75 12:36.285","4","0","0","0","67301","0","0","0","N","0","0","0","2","67301","1","","1.0","","1","N","N","N","1","","0","0","1","","0","","","2","1","1","0","0","0","0","2","0","2","","03","","N","","","","","","","","","",""
"2021080121","0243","1","0","0","0","0","0","0","0","0","7","0","","67","8","2021","5","39.977211","-75.226752","0238","6","0","0","0","0","1","0","0","0","","0","0","0","","","0","","1","","39 58:37.959","","0","75 13:36.308","0","0","0","0","67301","0","0","0","N","0","0","0","1","67301","0","","4.0","","1","N","N","N","0","","0","0","0","","2","","","1","0","1","0","0","0","0","2","0","1","","03","","N","","","","","","","","","",""
"2021121732","2301","1","0","0","0","0","0","0","0","0","5","0","","67","12","2021","7","39.96119","-75.139955","2235","6","0","0","0","0","0","0","0","0","","0","0","0","","","0","N","0","","39 57:40.283","","0","75 08:23.838","0","0","0","0","67301","0","0","0","N","0","0","0","3","68K01","0","","1.0","","1","N","N","N","0","","0","0","1","","0","","","2","0","0","0","0","0","0","2","0","2","","03","","N","","","","","","","","","",""
"2021122344","0208","1","0","0","0","0","0","0","0","0","8","0","","67","10","2021","6","39.97935","-75.203855","0206","6","0","0","0","0","0","0","0","0","","1","0","0","","","0","N","0","","39 58:45.661","4","0","75 12:13.878","1","0","0","0","67301","1","1","0","N","1","1","0","2","68K01","0","1","1.0","445.0","1","N","N","N","0","0","0","0","0","","0","N","","2","0","0","0","0","0","0","2","0","1","","","","N","","","","","","","","","",""
"2021114649","","2","0","0","0","0","0","0","0","0","4","0","","67","6","2021","2","39.940151","-75.216372","","6","0","0","0","0","0","0","0","0","","0","0","0","","","2","","1","","39 56:24.543","","0","75 12:58.939","8","0","0","0","67301","0","0","0","N","0","0","0","3","00000","0","","1.0","","1","N","N","N","0","","0","0","0","","2","","","2","2","1","0","0","2","0","2","0","2","","","","N","","","","","","","","","",""
"2021078699","1626","1","0","0","0","0","0","0","0","0","4","0","","67","8","2021","1","39.917293","-75.174584","1623","6","0","0","0","0","0","0","0","0","","0","0","0","","","0","","1","","39 55:02.254","","0","75 10:28.502","9","0","0","0","67301","0","0","0","N","0","0","0","2","67301","0","","1.0","","1","N","N","N","0","","0","0","1","","2","","","2","0","0","0","0","0","1","2","0","2","","03","","N","","","","","","","","","",""
"2021121650","0045","0","0","0","0","0","0","0","0","0","99","0","","67","8","2021","2","39.904131","-75.240911","0041","6","0","0","0","0","0","0","0","0","","1","0","0","","","0","N","0","","39 54:14.870","2","0","75 14:27.280","1","1","0","1","67301","0","0","0","N","0","0","0","1","67301","0","2","1.0","100.0","1","N","N","N","0","0","0","0","0","","0","N","","1","0","0","0","0","0","0","2","0","1","","03","","N","","","","","","","","","",""
"2021121717","0506","1","0","0","0","0","0","0","0","0","7","0","","67","12","2021","7","39.982068","-75.207425","0452","6","0","0","0","0","0","0","0","0","","0","0","0","","","1","N","0","","39 58:55.446","4","0","75 12:26.731","8","0","0","0","67301","0","0","0","N","0","0","0","1","68K01","0","","3.0","500.0","9","N","N","N","0","","0","0","0","","0","N","","1","1","0","0","0","1","0","2","0","1","","","","N","","","","","","","","","",""
"2021103181","0302","0","0","0","0","0","0","0","0","0","4","0","","67","8","2021","1","40.010821","-75.126649","0259","6","0","0","0","0","0","0","0","0","","0","0","0","","","1","","1","","40 00:38.955","","0","75 07:35.936","8","0","0","0","67301","0","0","0","N","0","0","0","2","67301","0","","1.0","","9","N","N","N","1","","0","0","1","","2","","","2","1","0","0","0","1","0","2","0","2","","98","","N","","","","","","","","","",""
"2021078515","0120","1","0","0","0","0","0","0","0","0","5","0","","67","8","2021","1","40.044496","-75.008745","0114","6","0","0","0","0","0","0","0","0","","0","0","0","","","1","N","0","","40 02:40.185","1","0","75 00:31.482","8","0","0","0","67301","0","0","0","N","0","0","0","1","67301","0","","6.0","100.0","9","N","N","N","0","","0","0","2","","0","N","","3","1","0","0","0","1","0","2","0","3","","","","N","","","","","","","","","",""
"2021079881","1740","1","0","0","0","0","0","0","0","0","1","0","","67","8","2021","2","39.92119","-75.193294","1730","6","0","0","1","0","0","0","0","0","","0","0","0","","","1","N","0","","39 55:16.285","","0","75 11:35.860","3","0","0","0","67301","0","0","0","N","0","0","0","3","67301","0","","1.0","","1","N","N","N","0","","1","0","0","","0","","","2","1","2","0","0","0","0","2","1","2","","03","","N","","","","","","","","","",""
"2021078237","2232","1","0","0","0","0","0","0","0","0","4","0","","67","8","2021","5","39.986017","-75.154066","2231","6","0","0","0","0","0","0","0","0","","0","0","0","","","1","","1","","39 59:09.661","7","0","75 09:14.636","8","0","0","0","67301","0","0","0","N","0","0","0","2","67505","0","","1.0","2232.0","1","N","N","Y","0","","0","0","1","","2","Y","","2","1","0","0","0","1","0","2","0","2","","03","","N","","","","","","","","","",""
"2021079858","2302","1","0","0","0","0","0","0","0","0","4","0","","67","8","2021","3","39.978885","-75.159432","2300","6","0","0","0","1","0","0","0","0","","0","0","0","","","1","","1","","39 58:43.987","","0","75 09:33.954","4","0","0","0","67301","0","0","0","N","0","0","0","2","67301","1","","1.0","","1","N","N","N","0","","0","0","0","","2","","","2","1","0","0","0","0","0","2","1","2","","03","","N","","","","","","","","","",""
"2021080383","1430","1","0","0","0","0","0","0","0","0","5","0","","67","8","2021","1","40.045786","-75.154053","1430","6","0","0","0","0","0","0","0","0","","0","0","0","","","1","N","0","","40 02:44.830","","0","75 09:14.590","4","0","0","0","67301","0","0","0","N","0","0","0","2","67301","1","","1.0","","99","N","N","N","0","","0","0","1","","0","","","2","1","2","0","0","0","1","2","0","2","","","","N","","","","","","","","","",""
"2021078590","1120","4","0","0","0","0","0","0","0","0","4","0","","67","8","2021","1","40.004023","-75.17172","1117","6","0","0","0","0","0","1","0","0","","0","0","0","","","2","","1","","40 00:14.481","6","0","75 10:18.192","3","0","0","0","67301","0","0","0","N","0","0","0","2","67301","0","","1.0","1200.0","1","N","N","N","0","","2","0","1","","3","Y","","5","2","1","0","0","0","0","2","0","5","","03","","N","","","","","","","","","",""
"2021077893","0004","1","0","0","0","0","0","0","0","0","1","0","","67","8","2021","5","39.98979","-75.158788","2358","6","0","0","0","0","0","0","0","0","","0","0","0","","","1","","1","","39 59:23.243","","0","75 09:31.636","8","0","0","0","67301","0","0","0","N","0","0","0","3","67301","0","","1.0","","1","N","N","N","0","","0","0","1","","2","","","3","1","1","0","0","1","0","2","0","3","","03","","N","","","","","","","","","",""
"2021121133","0539","2","0","0","0","0","0","0","0","0","6","0","","67","12","2021","7","40.043733","-75.168192","0533","6","0","0","0","0","0","0","0","0","","0","0","0","","","1","N","0","","40 02:37.440","","0","75 10:05.490","2","0","0","0","67301","0","0","0","N","0","0","0","1","67301","0","","5.0","","9","N","N","N","1","","0","1","0","","0","","","3","1","1","0","1","0","0","2","0","3","","","","N","","","","","","","","","",""
"2021079933","2208","2","0","0","0","0","0","0","0","0","4","0","","67","8","2021","3","39.949145","-75.247497","2208","6","0","0","1","0","0","0","0","0","","0","0","0","","","1","","1","","39 56:56.921","6","0","75 14:50.989","3","0","0","0","67301","0","0","0","N","0","0","0","2","67301","0","","1.0","2322.0","1","N","N","N","0","","1","0","0","","3","N","","2","1","2","0","0","0","0","2","0","2","","03","","N","","","","","","","","","",""
"2021079222","0955","1","0","0","0","0","0","0","0","0","8","0","","67","8","2021","6","39.985322","-75.100353","0948","6","0","0","0","0","0","0","0","0","","0","0","0","","","1","N","0","","39 59:07.160","","0","75 06:01.270","3","0","0","0","67301","1","0","0","N","1","0","0","2","67301","0","","1.0","","9","N","N","N","0","","1","0","0","","0","","","2","1","1","0","0","0","0","2","0","1","","","","N","","","","","","","","","",""
"2021121195","0630","1","0","0","0","0","0","0","0","0","1","0","","67","12","2021","6","40.008217","-75.203131","0622","6","0","0","0","0","0","1","0","0","","0","0","0","","","2","N","0","","40 00:29.581","3","0","75 12:11.273","4","0","0","0","67301","0","0","0","N","0","0","0","3","68K01","2","","1.0","647.0","1","N","N","N","0","","0","0","1","","0","Y","","2","2","0","0","0","0","0","2","0","2","","","","N","","","","","","","","","",""
"2021121360","1805","2","0","0","0","0","0","0","0","0","1","0","","67","11","2021","3","39.984877","-75.208348","1759","6","0","0","0","0","0","0","0","0","","0","0","0","","","0","N","0","","39 59:05.557","","0","75 12:30.051","0","0","0","0","67301","0","0","0","N","0","0","0","3","68K01","0","","1.0","","1","N","N","N","0","","0","0","1","","0","","","3","0","0","0","0","0","0","2","0","3","","","","N","","","","","","","","","",""
"2021080370","1700","1","0","0","1","0","0","0","0","0","8","0","","67","8","2021","5","39.920406","-75.162503","1650","6","0","0","0","0","0","0","0","0","","0","0","0","","","1","N","0","","39 55:13.460","","0","75 09:45.010","3","0","0","0","67301","1","0","0","N","0","0","0","2","67301","0","","1.0","","1","N","N","N","0","","1","0","0","","0","","","2","1","0","0","0","0","0","2","0","1","","03","","N","","","","","","","","","",""
"2021121767","0246","1","0","0","0","0","0","0","0","0","7","0","","67","12","2021","1","40.008011","-75.191828","0242","6","0","0","0","0","0","0","0","0","","0","0","0","","","1","","6","","40 00:28.839","","8","75 11:30.581","2","0","0","0","67301","0","0","0","N","0","0","0","1","67301","0","","4.0","","1","N","N","N","0","","0","1","0","","0","","","1","1","0","0","0","0","0","2","0","1","","03","","N","","","","","","","","","",""
"2021079260","0850","1","0","0","0","0","0","0","0","0","8","0","","67","8","2021","2","39.963713","-75.161048","0832","6","0","0","0","0","0","0","0","0","","0","0","0","","","1","","2","","39 57:49.365","","0","75 09:39.773","3","0","0","0","67301","1","0","0","N","1","0","0","2","67301","0","","1.0","","9","N","N","N","0","","1","0","0","","2","","","2","1","0","0","0","0","0","2","0","1","","","","N","","","","","","","","","",""
"2021086720","1545","0","0","0","0","0","0","0","0","0","4","0","","67","8","2021","7","39.904045","-75.240114","1515","6","0","0","0","0","0","1","0","0","","0","0","0","","","3","","1","","39 54:14.563","","0","75 14:24.409","3","0","0","0","67301","0","0","0","N","0","0","0","3","67508","2","","1.0","","1","N","N","Y","0","","1","0","1","","2","N","","2","3","2","0","0","0","0","2","0","2","","03","","N","","","","","","","","","",""
"2021080572","1739","1","0","0","0","0","0","0","0","0","1","0","","67","8","2021","2","39.989651","-75.107345","1738","6","0","0","0","0","0","0","0","0","","0","0","0","","","1","","1","","39 59:22.742","","0","75 06:26.442","3","0","0","0","67301","0","0","0","N","0","0","0","3","67301","0","","1.0","","1","N","N","N","0","","1","0","1","","2","","","2","1","0","0","0","0","0","2","0","2","","03","","N","","","","","","","","","",""
"2021123370","1729","2","0","0","0","0","0","0","0","0","1","0","","67","12","2021","1","39.98066","-75.104285","1727","6","0","0","0","0","0","0","0","0","","0","0","0","","","0","N","0","","39 58:50.375","2","0","75 06:15.427","9","0","0","0","67301","0","0","0","N","0","0","0","5","68K01","0","","1.0","1735.0","1","N","N","N","0","","0","0","0","","0","N","","3","0","0","0","0","0","1","2","0","3","","","","N","","","","","","","","","",""
"2021083273","1957","1","0","0","0","0","0","0","0","0","4","0","","67","8","2021","5","40.0262","-75.16915","1957","6","0","0","0","0","0","0","0","0","","0","0","0","","","0","","1","","40 01:34.321","","0","75 10:08.941","9","0","0","0","67301","0","0","0","N","0","0","0","2","67301","0","","1.0","","1","N","N","N","0","","0","0","1","","2","","","2","0","1","0","0","0","1","2","0","2","","03","","N","","","","","","","","","",""
"2021121019","1121","3","0","0","0","0","0","0","0","0","2","0","","67","12","2021","5","40.042875","-75.096222","1121","6","0","0","0","1","0","0","0","0","","0","0","0","","","1","N","0","","40 02:34.350","","0","75 05:46.400","4","0","0","0","67301","0","0","0","N","0","0","0","2","67301","1","","1.0","","1","N","N","N","0","","0","0","0","","0","","","3","1","2","0","0","0","0","2","0","3","","03","","N","","","","","","","","","",""
"2021077805","0035","4","0","0","0","0","0","0","0","0","5","0","","67","8","2021","5","39.986497","-75.125306","0028","6","0","0","0","0","0","0","0","0","","0","0","0","","","1","N","0","","39 59:11.390","","0","75 07:31.100","3","0","0","0","67301","0","0","0","N","0","0","0","2","67301","0","","6.0","","1","N","N","N","0","","1","0","0","","0","","","4","1","0","0","0","0","0","2","0","4","","03","","N","","","","","","","","","",""
"2021121408","1237","3","0","0","0","0","0","0","0","0","5","0","","67","12","2021","1","40.055419","-75.169883","1230","6","0","0","0","0","0","0","0","0","","0","0","0","","","0","N","0","","40 03:19.510","","0","75 10:11.580","9","0","0","0","67301","0","0","0","N","0","0","0","1","67301","0","","1.0","","1","N","N","N","0","","0","0","0","","0","","","3","0","0","0","0","0","1","2","0","3","","","","N","","","","","","","","","",""
"2021077974","1955","0","0","0","0","0","0","0","0","0","8","0","","67","8","2021","5","40.056252","-75.167511","1950","6","0","0","0","0","0","0","1","0","","0","0","0","","","1","","2","","40 03:22.508","","0","75 10:03.038","3","0","0","0","67301","1","0","0","N","1","0","0","2","67301","0","","1.0","","1","N","N","N","0","","1","0","1","","2","","","2","1","0","0","0","0","0","2","0","1","","","","N","","","","","","","","","",""
"2021080956","1954","1","0","0","0","0","0","0","0","0","4","0","","67","8","2021","5","39.916116","-75.238978","1947","6","0","0","0","0","0","0","0","0","","0","0","0","","","3","","1","","39 54:58.016","","0","75 14:20.319","4","0","0","0","67301","0","0","0","N","0","0","0","3","67301","3","","1.0","","1","N","N","N","0","","0","0","1","","2","","","2","3","0","0","0","0","0","2","0","2","","03","","N","","","","","","","","","",""
"2021121322","1422","1","0","0","0","0","0","0","0","0","8","0","","67","12","2021","7","40.038109","-75.176686","1422","6","0","0","0","0","0","0","0","0","","0","0","0","","","1","N","0","","40 02:17.194","","0","75 10:36.069","4","0","0","0","67301","1","0","0","N","1","0","0","2","67301","1","","6.0","","9","N","N","N","0","","0","0","0","","0","","","2","1","1","0","0","0","0","2","0","1","","04","","N","","","","","","","","","",""
"2021078445","0922","1","0","0","0","0","0","0","0","0","4","0","","67","8","2021","6","39.967095","-75.206655","0922","6","0","0","0","0","0","0","0","0","","0","0","0","","","1","","1","","39 58:01.543","","0","75 12:23.959","3","0","0","0","67301","0","0","0","N","0","0","0","3","67301","0","","1.0","","9","N","N","N","0","","1","0","1","","3","","","2","1","0","0","0","0","0","2","0","2","","03","","N","","","","","","","","","",""
"2021079196","1601","1","0","0","0","0","0","0","0","0","4","0","","67","8","2021","1","40.129225","-75.024888","1550","6","0","0","0","0","0","0","0","2","","0","0","0","","","0","","1","","40 07:45.210","","0","75 01:29.597","0","0","0","0","67301","0","0","0","N","0","0","0","3","67301","0","","1.0","","1","N","N","N","0","","0","0","2","","2","","","3","0","0","0","0","0","0","2","0","3","","04","","N","","","","","","","","","",""
"2021078778","0956","1","0","0","0","0","0","0","0","0","7","0","","67","8","2021","6","39.892947","-75.223642","0956","6","0","0","0","1","0","0","0","0","","0","0","0","","","1","N","0","","39 53:34.610","3","0","75 13:25.110","3","0","0","0","67301","0","0","0","N","0","0","0","1","67301","0","","4.0","1045.0","9","N","N","N","0","","1","0","0","","0","Y","","1","1","0","0","0","0","0","2","0","1","","04","","N","","","","","","","","","",""
"2021079565","0004","4","0","0","0","0","0","0","0","0","1","0","","67","8","2021","6","39.979358","-75.107297","2356","6","0","0","0","1","0","1","0","0","","0","0","0","","","0","N","0","","39 58:45.688","1","0","75 06:26.268","0","0","0","0","67301","0","0","0","N","0","0","0","9","68K01","0","","1.0","54.0","1","N","N","N","0","","0","0","1","","0","N","","5","0","0","0","0","0","0","2","0","5","","","","N","","","","","","","","","",""
"2021079711","0338","0","0","0","1","0","1","0","0","0","8","0","","67","8","2021","4","40.053817","-75.143186","0335","6","0","0","0","0","0","0","0","0","","0","0","0","","","1","","2","","40 03:13.741","","0","75 08:35.469","2","0","0","0","67301","1","0","1","N","0","0","0","2","67301","0","","1.0","","1","N","N","N","0","","0","1","0","","0","","","2","1","0","0","0","0","0","2","1","1","","","","N","","","","","","","","","",""
"2021121368","0910","1","0","0","0","0","0","0","0","0","1","0","","67","12","2021","5","39.94591","-75.142259","0905","6","0","0","0","0","0","0","1","0","","0","0","0","","","0","N","0","","39 56:45.276","1","0","75 08:32.131","0","0","0","0","67301","0","0","0","N","0","0","0","3","68K01","0","","1.0","915.0","1","N","N","N","0","","0","0","2","","0","N","","3","0","0","0","0","0","0","2","0","3","","03","","N","","","","","","","","","",""
"2021080886","1700","1","0","0","0","0","0","0","0","0","4","0","","67","8","2021","6","39.916511","-75.169295","1653","6","0","0","0","0","0","1","0","0","","0","0","0","","","2","","1","","39 54:59.439","","0","75 10:09.463","4","0","0","0","67301","0","0","0","N","0","0","0","4","67301","2","","1.0","","1","N","N","N","0","","0","0","1","","2","","","2","2","0","0","0","0","0","2","0","2","","03","","N","","","","","","","","","",""
"2021079726","0020","2","0","0","0","0","0","0","0","0","4","0","","67","8","2021","3","39.957784","-75.241635","0018","6","0","0","0","0","0","0","0","0","","0","0","0","","","0","","1","","39 57:28.022","","0","75 14:29.886","0","0","0","0","67301","0","0","0","N","0","0","0","2","67301","0","","1.0","","1","N","N","N","0","","0","0","1","","3","","","3","0","0","0","0","0","0","2","0","3","","03","","N","","","","","","","","","",""
"2021079134","1606","0","0","0","0","0","0","0","0","0","4","0","","67","8","2021","2","39.9837","-75.184783","1605","6","0","0","0","0","0","0","0","0","","0","0","0","","","1","","1","","39 59:01.320","","0","75 11:05.218","4","0","0","0","67301","0","0","0","N","0","0","0","2","67301","1","","1.0","","1","N","N","N","0","","0","0","2","","3","","","2","1","0","0","0","0","0","2","0","2","","03","","N","","","","","","","","","",""
"2021078632","1728","1","0","0","0","0","0","0","0","0","4","0","","67","8","2021","7","39.943107","-75.215286","1712","6","0","0","0","0","0","3","0","0","","0","0","0","","","3","","1","","39 56:35.185","","0","75 12:55.029","2","0","0","0","67301","0","0","0","N","0","0","0","4","67301","1","","1.0","","1","N","N","N","0","","1","1","2","","1","","","3","3","0","0","0","0","0","2","0","3","","","","N","","","","","","","","","",""
"2021121033","1532","2","0","0","0","0","0","0","0","0","4","0","","67","11","2021","7","39.991043","-75.168557","1527","6","0","0","0","0","0","0","0","1","","0","0","0","","","1","","1","","39 59:27.754","","0","75 10:06.805","3","0","0","0","67301","0","0","0","N","0","0","0","3","67301","0","","1.0","","1","N","N","N","0","","1","0","0","","2","","","2","1","1","0","0","0","0","2","0","2","","","","N","","","","","","","","","",""
"2021078897","0743","2","0","0","0","0","0","0","0","0","4","0","","67","8","2021","2","39.971253","-75.227216","0741","6","0","0","0","0","0","0","0","0","","0","0","0","","","2","","1","","39 58:16.510","7","0","75 13:37.977","3","0","0","0","67301","0","0","0","N","0","0","0","2","67301","0","","1.0","810.0","9","N","N","N","0","","2","0","0","","2","Y","","2","2","0","0","0","0","0","2","0","2","","07","","N","","","","","","","","","",""
"2021114618","","1","0","0","0","0","0","0","0","0","4","1","","67","6","2021","2","39.954413","-75.148071","","6","0","0","0","0","0","1","0","0","","0","1","0","","","2","","1","","39 57:15.887","","2","75 08:53.056","8","0","0","0","67301","0","0","0","N","0","0","0","6","00000","0","","1.0","","1","N","N","N","0","","0","0","0","","2","","","2","2","0","0","0","2","0","2","0","2","","","","N","","","","","","","","","",""