"CRN","ARRIVAL_TM","AUTOMOBILE_COUNT","BELTED_DEATH_COUNT","BELTED_SUSP_SERIOUS_INJ_COUNT","BICYCLE_COUNT","BICYCLE_DEATH_COUNT","BICYCLE_SUSP_SERIOUS_INJ_COUNT","BUS_COUNT","CHLDPAS_DEATH_COUNT","CHLDPAS_SUSP_SERIOUS_INJ_COUNT","COLLISION_TYPE","COMM_VEH_COUNT","CONS_ZONE_SPD_LIM","COUNTY","CRASH_MONTH","CRASH_YEAR","DAY_OF_WEEK","DEC_LATITUDE","DEC_LONGITUDE","DISPATCH_TM","DISTRICT","DRIVER_COUNT_16YR","DRIVER_COUNT_17YR","DRIVER_COUNT_18YR","DRIVER_COUNT_19YR","DRIVER_COUNT_20YR","DRIVER_COUNT_50_64YR","DRIVER_COUNT_65_74YR","DRIVER_COUNT_75PLUS","EST_HRS_CLOSED","FATAL_COUNT","HEAVY_TRUCK_COUNT","HORSE_BUGGY_COUNT","HOUR_OF_DAY","ILLUMINATION","INJURY_COUNT","INTERSECTION_RELATED","INTERSECT_TYPE","LANE_CLOSED","LATITUDE","LN_CLOSE_DIR","LOCATION_TYPE","LONGITUDE","MAX_SEVERITY_LEVEL","MCYCLE_DEATH_COUNT","MCYCLE_SUSP_SERIOUS_INJ_COUNT","MOTORCYCLE_COUNT","MUNICIPALITY","NONMOTR_COUNT","NONMOTR_DEATH_COUNT","NONMOTR_SUSP_SERIOUS_INJ_COUNT","NTFY_HIWY_MAINT","PED_COUNT","PED_DEATH_COUNT","PED_SUSP_SERIOUS_INJ_COUNT","PERSON_COUNT","POLICE_AGCY","POSSIBLE_INJ_COUNT","RDWY_SURF_TYPE_CD","RELATION_TO_ROAD","ROADWAY_CLEARED","ROAD_CONDITION","SCH_BUS_IND","SCH_ZONE_IND","SECONDARY_CRASH","SMALL_TRUCK_COUNT","SPEC_JURIS_CD","SUSP_MINOR_INJ_COUNT","SUSP_SERIOUS_INJ_COUNT","SUV_COUNT","TCD_FUNC_CD","TCD_TYPE","TFC_DETOUR_IND","TIME_OF_DAY","TOTAL_UNITS","TOT_INJ_COUNT","UNBELTED_OCC_COUNT","UNB_DEATH_COUNT","UNB_SUSP_SERIOUS_INJ_COUNT","UNK_INJ_DEG_COUNT","UNK_INJ_PER_COUNT","URBAN_RURAL","VAN_COUNT","VEHICLE_COUNT","WEATHER1","WEATHER2","WORKERS_PRES","WORK_ZONE_IND","WORK_ZONE_LOC","WORK_ZONE_TYPE","WZ_CLOSE_DETOUR","WZ_FLAGGER","WZ_LAW_OFFCR_IND","WZ_LN_CLOSURE","WZ_MOVING","WZ_OTHER","WZ_SHLDER_MDN","WZ_WORKERS_INJ_KILLED"
"2021083039","1004","2","0","0","0","0","0","0","0","0","4","0","","67","8","2021","5","40.014806","-75.085544","1002","6","0","0","0","0","0","0","2","0","","0","0","0","","","3","","1","","40 00:53.302","","1","75 05:07.958","3","0","0","0","67301","0","0","0","N","0","0","0","3","67301","0","","1.0","","1","N","N","N","0","","3","0","0","","1","","","2","3","3","0","0","0","0","2","0","2","","03","","N","","","","","","","","","",""
"2021077906","0830","0","0","0","0","0","0","0","0","0","7","0","","67","8","2021","6","40.016375","-75.211222","0828","6","0","0","0","0","0","0","0","0","","0","0","0","","","0","N","0","","40 00:58.950","","0","75 12:40.400","0","0","0","0","67301","0","0","0","N","0","0","0","1","67301","0","","4.0","","9","N","N","N","1","","0","0","0","","0","","","1","0","0","0","0","0","0","2","0","1","","07","","N","","","","","","","","","",""
"2021103180","0456","0","0","0","0","0","0","0","0","0","4","0","","67","8","2021","7","40.019019","-75.147199","0446","6","0","0","0","0","0","0","0","0","","0","0","0","","","2","","1","","40 01:08.467","","0","75 08:49.916","3","0","0","0","67301","0","0","0","N","0","0","0","2","67301","0","","1.0","","1","N","N","N","0","","2","0","2","","2","","","2","2","0","0","0","0","0","2","0","2","","03","","N","","","","","","","","","",""
"2021080406","1815","1","0","0","0","0","0","0","0","0","4","0","","67","8","2021","5","39.928163","-75.150704","1812","6","0","0","0","0","0","1","0","0","","0","0","0","","","1","","1","","39 55:41.386","","0","75 09:02.534","8","0","0","1","67301","0","0","0","N","0","0","0","2","67301","0","","1.0","","1","N","N","N","0","","0","0","0","","2","","","2","1","0","0","0","1","0","2","0","2","","03","","N","","","","","","","","","",""
"2021103179","0044","1","0","0","0","0","0","0","0","0","5","0","","67","8","2021","7","40.021125","-75.139925","0038","6","0","0","0","0","0","0","0","0","","0","0","0","","","1","","1","","40 01:16.051","","0","75 08:23.731","3","0","0","1","67301","0","0","0","N","0","0","0","2","67301","0","","1.0","","1","N","N","N","0","","1","0","0","","2","","","2","1","0","0","0","0","0","2","0","2","","03","","N","","","","","","","","","",""
"2021077652","1101","0","0","0","0","0","0","0","0","0","4","0","","67","8","2021","5","40.010279","-75.159199","1042","6","0","0","0","0","0","0","1","0","","0","0","0","","","1","","1","","40 00:37.006","","0","75 09:33.116","3","0","0","0","67301","0","0","0","N","0","0","0","2","67301","0","","1.0","","1","N","N","N","0","","1","0","2","","2","","","2","1","0","0","0","0","0","2","0","2","","","","N","","","","","","","","","",""
"2021078797","1324","1","0","0","0","0","0","0","0","0","4","0","","67","8","2021","1","40.035003","-75.173723","1324","6","0","0","0","0","0","0","0","1","","0","0","0","","","0","","1","","40 02:06.009","","0","75 10:25.403","0","0","0","0","67301","0","0","0","N","0","0","0","2","67301","0","","1.0","","9","N","N","N","0","","0","0","1","","2","","","2","0","0","0","0","0","0","2","0","2","","98","","N","","","","","","","","","",""
"2021079194","2119","1","0","0","0","0","0","0","0","0","4","0","","67","8","2021","7","40.112981","-75.023115","2119","6","0","0","0","0","0","1","0","0","","0","0","0","","","2","","1","","40 06:46.730","","0","75 01:23.213","3","0","0","0","67301","0","0","0","N","0","0","0","2","67301","0","","1.0","","9","N","N","N","0","","2","0","1","","2","","","2","2","1","0","0","0","0","2","0","2","","","","N","","","","","","","","","",""
"2021079151","0225","1","0","0","0","0","0","0","0","0","4","0","","67","8","2021","7","40.02415","-75.133203","0213","6","0","0","0","0","0","0","0","0","","0","0","0","","","1","","1","","40 01:26.939","","0","75 07:59.530","3","0","0","0","67301","0","0","0","N","0","0","0","3","67301","0","","1.0","","1","N","N","N","0","","1","0","0","","2","","","2","1","0","0","0","0","0","2","0","2","","03","","N","","","","","","","","","",""
"2021121003","0235","0","0","0","0","0","0","0","0","0","7","1","","67","12","2021","7","40.064275","-75.081219","0229","6","0","0","0","0","0","0","0","0","","0","1","0","","","1","","11","","40 03:51.390","","0","75 04:52.390","4","0","0","0","67301","0","0","0","N","0","0","0","2","67301","1","","4.0","","8","N","N","N","0","","0","0","0","","3","","","1","1","0","0","0","0","0","2","0","1","","07","","N","","","","","","","","","",""
"2021114623","","2","0","0","0","0","0","0","0","0","3","0","","67","6","2021","6","","","","6","0","0","0","0","0","0","0","0","","0","0","0","","","0","N","0","","","","7","","0","0","0","0","67301","0","0","0","N","0","0","0","2","00000","0","","1.0","","1","N","N","N","0","","0","0","0","","9","","","2","0","0","0","0","0","0","1","0","2","","","","N","","","","","","","","","",""
"2021102943","0250","0","0","0","0","0","0","0","0","0","4","0","","67","8","2021","1","40.006764","-75.13157","0245","6","0","0","0","0","0","0","0","0","","0","0","0","","","1","","1","","40 00:24.352","","0","75 07:53.653","3","0","0","0","67301","0","0","0","N","0","0","0","2","67301","0","","1.0","","9","N","N","N","0","","1","0","1","","2","","","2","1","1","0","0","0","0","2","0","2","","07","","N","","","","","","","","","",""
"2021079209","1249","0","0","0","0","0","0","0","0","0","4","0","","67","8","2021","1","40.031295","-75.066206","1244","6","0","0","0","0","0","0","0","0","","0","0","0","","","2","","1","","40 01:52.663","","0","75 03:58.341","3","0","0","0","67301","0","0","0","N","0","0","0","5","67301","0","","1.0","","1","N","N","Y","0","","2","0","3","","3","","","3","2","0","0","0","0","1","2","0","3","","04","","N","","","","","","","","","",""
"2021123432","1520","1","0","0","0","0","0","1","0","0","4","1","","67","12","2021","5","40.008796","-75.147623","1520","6","0","0","0","0","0","2","0","0","","0","0","0","","","3","","1","","40 00:31.666","1","0","75 08:51.441","4","0","0","0","67301","0","0","0","N","0","0","0","8","67301","3","","1.0","1600.0","1","Y","N","N","0","","0","0","1","","2","N","","3","3","1","0","0","0","1","2","0","3","","03","","N","","","","","","","","","",""
"2021081452","0959","0","0","0","0","0","0","0","0","0","8","0","","67","8","2021","4","40.030274","-75.034879","0955","6","0","0","0","1","0","0","0","0","","0","0","0","","","1","N","0","","40 01:48.987","","0","75 02:05.566","3","0","0","0","67301","1","0","0","N","1","0","0","2","67301","0","","1.0","","1","N","N","N","0","","1","0","1","","0","","","2","1","0","0","0","0","0","2","0","1","","03","","N","","","","","","","","","",""
"2021081828","1710","1","0","0","0","0","0","0","0","0","4","0","","67","8","2021","3","39.945766","-75.166775","1641","6","0","0","0","0","0","2","0","0","","0","0","0","","","1","","1","","39 56:44.757","","0","75 10:00.390","4","0","0","0","67301","0","0","0","N","0","0","0","2","67301","1","","1.0","","1","N","N","Y","0","","0","0","1","","2","","","2","1","0","0","0","0","0","2","0","2","","","","N","","","","","","","","","",""
"2021122110","0022","2","0","0","0","0","0","0","0","0","4","0","","67","11","2021","4","39.956769","-75.211372","0015","6","0","0","0","0","0","0","0","0","","1","0","0","","","1","","1","","39 57:24.367","","0","75 12:40.940","1","0","0","0","67301","0","0","0","N","0","0","0","2","67301","0","2","1.0","","1","N","N","N","0","0","0","1","0","","2","","","2","1","0","0","0","0","0","2","0","2","","03","","N","","","","","","","","","",""
"2021080316","1839","2","0","0","0","0","0","0","0","0","4","0","","67","8","2021","3","40.034635","-75.063837","1838","6","0","0","0","0","0","0","0","0","","0","0","0","","","1","N","0","","40 02:04.687","2","7","75 03:49.812","8","0","0","0","67301","0","0","0","N","0","0","0","2","67301","0","","1.0","1838.0","1","N","N","N","0","","0","0","0","","0","N","","2","1","1","0","0","1","0","2","0","2","","03","","N","","","","","","","","","",""
"2021123376","2058","0","0","0","0","0","0","0","0","0","7","0","","67","12","2021","2","39.982801","-75.207851","2045","6","0","0","0","0","0","0","0","0","","0","0","0","","","1","N","0","","39 58:58.082","4","0","75 12:28.263","8","0","0","0","67301","0","0","0","N","0","0","0","1","68K01","0","","4.0","2120.0","9","N","N","N","0","","0","0","1","","0","N","","1","1","1","0","0","1","0","2","0","1","","","","N","","","","","","","","","",""
"2021078489","1427","0","0","0","0","0","0","0","0","0","4","0","","67","8","2021","7","39.992457","-75.173139","1406","6","0","0","0","0","0","1","0","0","","0","0","0","","","0","","1","","39 59:32.845","1","0","75 10:23.300","0","0","0","0","67301","0","0","0","N","0","0","0","2","67301","0","","1.0","1453.0","1","N","N","N","0","","0","0","2","","3","Y","","2","0","0","0","0","0","0","2","0","2","","03","","N","","","","","","","","","",""
"2021079727","2337","2","0","0","0","0","0","0","0","0","5","0","","67","8","2021","3","39.975731","-75.160255","2333","6","0","0","0","0","0","0","0","0","","0","0","0","","","0","N","0","","39 58:32.631","","0","75 09:36.918","0","0","0","0","67301","0","0","0","N","0","0","0","1","67301","0","","6.0","","1","N","N","N","0","","0","0","0","","0","","","2","0","1","0","0","0","0","2","0","2","","03","","N","","","","","","","","","",""
"2021085506","2050","0","0","0","0","0","0","1","0","0","8","1","","67","8","2021","5","39.948106","-75.154252","2040","6","0","0","0","0","0","0","0","0","","0","0","0","","","1","","1","","39 56:53.182","","0","75 09:15.307","4","0","0","0","67301","1","0","0","N","1","0","0","2","67508","1","","1.0","","1","N","N","Y","0","","0","0","0","","2","","","2","1","0","0","0","0","0","2","0","1","","03","","N","","","","","","","","","",""
"2021077557","2315","2","0","0","0","0","0","0","0","0","4","0","","67","8","2021","4","39.970359","-75.16055","2314","6","0","0","0","0","0","0","0","0","","0","0","0","","","0","","1","","39 58:13.292","","0","75 09:37.979","9","0","0","0","67301","0","0","0","N","0","0","0","2","67301","0","","1.0","","1","N","N","N","0","","0","0","0","","3","","","2","0","0","0","0","0","2","2","0","2","","","","N","","","","","","","","","",""
"2021079857","1520","2","0","0","0","0","0","0","0","0","1","0","","67","8","2021","4","39.987539","-75.165906","1515","6","0","0","0","0","0","0","0","0","","0","0","0","","","1","N","0","","39 59:15.140","","0","75 09:57.260","3","0","0","0","67301","0","0","0","N","0","0","0","1","67301","0","","6.0","","1","N","N","N","0","","1","0","1","","0","","","3","1","0","0","0","0","0","2","0","3","","03","","N","","","","","","","","","",""
"2021123507","0138","5","0","0","0","0","0","0","0","0","5","0","","67","12","2021","4","39.971128","-75.165506","0133","6","0","0","0","0","0","0","0","0","","0","0","0","","","2","N","0","","39 58:16.059","6","0","75 09:55.823","3","0","0","0","67301","0","0","0","N","0","0","0","2","67301","0","","1.0","330.0","1","N","N","N","0","","2","0","0","","0","Y","","5","2","0","0","0","0","0","2","0","5","","03","","N","","","","","","","","","",""
"2021114628","","1","0","0","0","0","0","0","0","0","1","0","","67","6","2021","6","40.029056","-75.089722","","6","0","0","0","0","0","0","0","0","","0","0","0","","","4","","1","","40 01:44.600","","0","75 05:23.000","8","0","0","0","67301","0","0","0","N","0","0","0","5","00000","0","","1.0","","1","N","N","N","0","","0","0","1","","2","","","2","4","0","0","0","4","0","2","0","2","","","","N","","","","","","","","","",""
"2021078417","2235","2","0","0","0","0","0","0","0","0","4","0","","67","8","2021","5","39.958731","-75.227156","2234","6","0","0","0","1","0","0","0","0","","0","0","0","","","4","","1","","39 57:31.430","","0","75 13:37.762","2","0","0","0","67301","0","0","0","N","0","0","0","4","67301","3","","1.0","","1","N","N","N","0","","0","1","0","","2","","","2","4","0","0","0","0","0","2","0","2","","03","","N","","","","","","","","","",""
"2021122015","0025","0","0","0","0","0","0","0","0","0","7","0","","67","12","2021","4","40.021022","-75.076392","0023","6","0","0","0","0","0","0","0","0","","0","0","0","","","1","N","0","","40 01:15.680","","0","75 04:35.010","3","0","0","0","67301","0","0","0","N","0","0","0","1","67301","0","","5.0","","1","N","N","N","0","","1","0","1","","0","","","1","1","1","0","0","0","0","2","0","1","","03","","N","","","","","","","","","",""
"2021077920","0843","1","0","0","0","0","0","0","0","0","4","0","","67","8","2021","6","39.97359","-75.151918","0832","6","0","1","0","0","0","0","0","0","","0","0","0","","","1","","1","","39 58:24.923","","0","75 09:06.904","3","0","0","0","67301","0","0","0","N","0","0","0","2","67301","0","","1.0","","9","N","N","N","0","","1","0","1","","2","","","2","1","0","0","0","0","0","2","0","2","","04","","N","","","","","","","","","",""
"2021122733","0153","0","0","0","0","0","0","0","0","0","7","1","","67","12","2021","7","39.958292","-75.166054","0149","6","0","0","0","0","0","0","0","0","","0","1","0","","","0","N","0","","39 57:29.852","","0","75 09:57.793","0","0","0","0","67301","0","0","0","N","0","0","0","1","68K01","0","","4.0","","9","N","N","N","0","","0","0","0","","0","","","1","0","0","0","0","0","0","2","0","1","","","","N","","","","","","","","","",""
"2021081354","1705","1","0","0","0","0","0","0","0","0","4","0","","67","8","2021","6","39.9334","-75.143883","1703","6","0","0","0","0","0","0","1","0","","0","0","0","","","0","N","0","","39 56:00.240","","0","75 08:37.980","0","0","0","0","67301","0","0","0","N","0","0","0","3","67301","0","","1.0","","1","N","N","N","0","","0","0","0","","0","","","2","0","0","0","0","0","0","2","1","2","","","","N","","","","","","","","","",""
"2021122517","1705","0","0","0","0","0","0","0","0","0","1","0","","67","12","2021","3","40.044671","-75.026324","1702","6","0","0","0","0","0","1","0","0","","0","0","0","","","0","","2","","40 02:40.815","","0","75 01:34.766","0","0","0","0","67301","0","0","0","N","0","0","0","1","67301","0","","1.0","","1","N","N","N","1","","0","0","1","","3","","","2","0","0","0","0","0","0","2","0","2","","","","N","","","","","","","","","",""
"2021121196","0706","2","0","0","0","0","0","0","0","0","1","0","","67","12","2021","6","39.994924","-75.083857","0655","6","0","0","0","0","0","0","0","0","","0","0","0","","","0","N","0","","39 59:41.725","2","0","75 05:01.886","0","0","0","0","67301","0","0","0","N","0","0","0","2","68K01","0","","3.0","750.0","1","N","N","N","0","","0","0","0","","0","N","","2","0","0","0","0","0","0","2","0","2","","","","N","","","","","","","","","",""
"2021121384","1914","1","0","0","0","0","0","0","0","0","1","0","","67","12","2021","5","39.960054","-75.179267","1833","6","0","0","0","0","0","0","0","0","","0","0","0","","","1","N","0","","39 57:36.193","4","0","75 10:45.361","4","0","0","0","67301","0","0","0","N","0","0","0","2","68K01","1","","1.0","1640.0","1","N","N","N","0","","0","0","1","","0","N","","2","1","0","0","0","0","0","2","0","2","","","","N","","","","","","","","","",""
"2021121680","1803","1","0","0","0","0","0","0","0","0","7","0","","67","11","2021","7","40.049915","-74.992606","1738","6","0","0","0","0","0","0","0","0","","0","0","0","","","0","N","0","","40 02:59.693","1","0","74 59:33.381","0","0","0","0","67301","0","0","0","N","0","0","0","1","68K01","0","","4.0","1850.0","1","N","N","N","0","","0","0","0","","0","N","","1","0","0","0","0","0","0","2","0","1","","","","N","","","","","","","","","",""
"2021080727","0211","1","0","0","0","0","0","0","0","0","7","0","","67","8","2021","4","40.018304","-75.048941","0211","6","0","0","0","0","0","0","0","0","","0","0","0","","","3","N","0","","40 01:05.894","","0","75 02:56.189","3","0","0","0","67301","0","0","0","N","0","0","0","3","67301","0","","3.0","","1","N","N","N","0","","2","0","0","","0","","","1","3","0","0","0","1","0","2","0","1","","03","","N","","","","","","","","","",""
"2021080996","1850","1","0","0","0","0","0","0","0","0","4","0","","67","8","2021","6","40.021529","-75.051773","1844","6","0","0","0","0","0","1","0","0","","0","0","0","","","1","","1","","40 01:17.505","","0","75 03:06.381","3","0","0","0","67301","0","0","0","N","0","0","0","2","67301","0","","1.0","","1","N","N","N","0","","1","0","0","","2","","","2","1","0","0","0","0","0","2","1","2","","03","","N","","","","","","","","","",""
"2021121676","1727","0","0","0","0","0","0","0","0","0","1","0","","67","11","2021","1","39.958521","-75.166953","1727","6","0","0","0","0","0","0","1","0","","0","0","0","","","3","N","0","","39 57:30.675","3","0","75 10:01.032","4","0","0","0","67301","0","0","0","N","0","0","0","11","68K01","2","","1.0","1810.0","1","N","N","N","1","","0","0","1","","0","Y","","2","3","8","0","0","1","0","2","0","2","","","","N","","","","","","","","","",""
"2021121705","1959","1","0","0","0","0","0","0","0","0","5","0","","67","12","2021","5","40.006154","-75.197844","1946","6","0","0","0","0","0","0","0","0","","0","0","0","","","1","N","0","","40 00:22.156","","0","75 11:52.237","8","0","0","0","67301","0","0","0","N","0","0","0","2","68K01","0","","1.0","","1","N","N","N","0","","0","0","0","","8","","","2","1","0","0","0","1","1","2","0","2","","","","N","","","","","","","","","",""
"2021121073","0018","1","0","0","0","0","0","0","0","0","1","1","","67","11","2021","5","40.004672","-75.194998","0009","6","0","0","0","0","0","0","1","0","","0","1","0","","","2","N","0","","40 00:16.819","4","0","75 11:41.993","3","0","0","0","67301","0","0","0","N","0","0","0","3","68K01","0","","1.0","45.0","1","N","N","N","0","","2","0","0","","0","N","","2","2","0","0","0","0","0","2","0","2","","03","","N","","","","","","","","","",""
"2021096331","0540","3","0","0","0","0","0","0","0","0","5","0","","67","8","2021","1","39.953447","-75.248686","0531","6","0","0","0","0","0","0","0","0","","0","0","0","","","0","N","0","","39 57:12.409","","0","75 14:55.269","0","0","0","0","67301","0","0","0","N","0","0","0","3","67301","0","","1.0","","9","N","N","N","0","","0","0","0","","0","","","3","0","1","0","0","0","0","2","0","3","","07","","N","","","","","","","","","",""
"2021121298","0745","2","0","0","0","0","0","0","0","0","2","0","","67","12","2021","7","40.029178","-75.187797","0731","6","0","0","0","0","0","0","0","0","","0","0","0","","","1","N","0","","40 01:45.040","3","0","75 11:16.070","3","0","0","0","67301","0","0","0","N","0","0","0","2","67301","0","","1.0","45.0","9","N","N","N","0","","1","0","0","","2","N","","2","1","0","0","0","0","0","2","0","2","","05","","N","","","","","","","","","",""
"2021123461","0045","2","0","0","0","0","0","0","0","0","5","0","","67","11","2021","2","39.996694","-75.115274","0045","6","0","0","0","0","0","0","0","0","","0","0","0","","","0","N","0","","39 59:48.100","","0","75 06:54.987","0","0","0","0","67301","0","0","0","N","0","0","0","1","67301","0","","1.0","","1","N","N","N","0","","0","0","3","","0","","","5","0","1","0","0","0","0","2","0","5","","03","","N","","","","","","","","","",""
"2021121197","1512","1","0","0","0","0","0","0","0","0","1","0","","67","12","2021","6","39.959495","-75.174788","1512","6","0","0","0","0","0","0","1","0","","0","0","0","","","0","N","0","","39 57:34.181","","0","75 10:29.237","0","0","0","0","67301","0","0","0","N","0","0","0","2","68K01","0","","1.0","","1","N","N","N","0","","0","0","1","","0","","","2","0","0","0","0","0","0","2","0","2","","03","","N","","","","","","","","","",""
"2021097466","1418","0","0","0","0","0","0","0","0","0","1","0","","67","9","2021","5","40.007096","-75.199213","1409","6","0","0","0","0","0","0","0","0","","0","0","0","","","1","N","0","","40 00:25.544","","0","75 11:57.168","4","0","0","0","67301","0","0","0","N","0","0","0","3","68K01","1","","1.0","","1","N","N","N","0","","0","0","2","","0","","","2","1","0","0","0","0","0","2","0","2","","","","N","","","","","","","","","",""
"2021121691","0143","0","0","0","0","0","0","0","0","0","8","0","","67","12","2021","5","39.988848","-75.206647","0133","6","0","0","0","0","0","0","0","0","","0","0","0","","","1","N","0","","39 59:19.852","","0","75 12:23.930","8","0","0","0","67301","1","0","0","N","1","0","0","2","68K01","0","","2.0","","9","N","N","Y","1","","0","0","0","","0","","","3","1","0","0","0","1","1","2","0","2","","","","N","","","","","","","","","",""
"2021122946","2348","0","0","0","0","0","0","0","0","0","7","0","","67","12","2021","1","39.890511","-75.220654","2338","6","0","0","0","0","0","0","0","0","","0","0","0","","","1","N","7","","39 53:25.838","2","0","75 13:14.353","8","0","0","0","67301","0","0","0","N","0","0","0","1","68K01","0","","4.0","10.0","1","N","N","N","0","","0","0","1","","0","N","","1","1","1","0","0","1","0","2","0","1","","","","N","","","","","","","","","",""
"2021123557","0240","1","0","0","0","0","0","0","0","0","7","0","","67","12","2021","5","39.999625","-75.190584","0240","6","0","1","0","0","0","0","0","0","","0","0","0","","","1","","2","","39 59:58.649","7","0","75 11:26.101","3","0","0","0","67301","0","0","0","N","0","0","0","1","67301","0","","5.0","330.0","1","N","N","N","0","","1","0","0","","1","N","","1","1","0","0","0","0","0","2","0","1","","03","","N","","","","","","","","","",""
"2021114637","","1","0","0","0","0","0","0","0","0","1","0","","67","6","2021","4","40.005806","-75.1705","","6","0","0","0","0","0","0","0","0","","0","0","0","","","2","Y","0","","40 00:20.900","","0","75 10:13.800","3","0","0","0","67301","0","0","0","N","0","0","0","5","00000","0","","1.0","","1","N","N","N","0","","2","0","1","","2","","","2","2","0","0","0","0","0","2","0","2","","","","N","","","","","","","","","",""
"2021080225","1250","1","0","0","0","0","0","0","0","0","4","0","","67","8","2021","3","40.020554","-75.116263","1247","6","0","0","0","0","0","1","0","0","","0","0","0","","","1","","5","","40 01:13.994","","0","75 06:58.546","3","0","0","0","67301","0","0","0","N","0","0","0","2","67301","0","","1.0","","1","N","N","N","0","","1","0","1","","2","","","2","1","0","0","0","0","0","2","0","2","","03","","N","","","","","","","","","",""
"2021123216","0744","1","0","0","0","0","0","0","0","0","5","1","","67","12","2021","4","39.978887","-75.159446","0744","6","0","0","0","1","0","0","0","0","","0","1","0","","","0","N","0","","39 58:43.993","","0","75 09:34.005","0","0","0","0","67301","0","0","0","N","0","0","0","1","67301","0","","6.0","","1","N","N","N","0","","0","0","0","","0","","","2","0","0","0","0","0","0","2","0","2","","03","","N","","","","","","","","","",""
"2021119764","","0","0","0","0","0","0","0","0","0","1","0","","67","3","2021","5","39.958122","-75.209408","","6","0","0","0","0","0","1","0","0","","0","0","0","","","1","","1","","39 57:29.240","","0","75 12:33.868","8","0","0","0","67301","0","0","0","N","0","0","0","2","00000","0","","1.0","","1","N","N","N","0","","0","0","1","","2","","","2","1","0","0","0","1","0","2","0","2","","","","N","","","","","","","","","",""
"2021121910","1215","2","0","0","0","0","0","0","0","0","1","0","","67","12","2021","7","39.988617","-75.207007","1206","6","0","0","0","0","0","0","0","0","","0","0","0","","","1","N","0","","39 59:19.020","","0","75 12:25.225","8","0","0","0","67301","0","0","0","N","0","0","0","9","68K01","0","","1.0","","1","N","N","N","0","","0","0","1","","0","","","3","1","1","0","0","1","0","2","0","3","","","","N","","","","","","","","","",""
"2021122025","1445","1","0","0","0","0","0","0","0","0","4","0","","67","12","2021","6","40.00868","-75.068855","1445","6","0","0","0","0","0","0","0","0","","0","0","0","","","1","","1","","40 00:31.249","","0","75 04:07.877","4","0","0","0","67301","0","0","0","N","0","0","0","2","67301","1","","1.0","","99","N","N","N","0","","0","0","1","","2","","","2","1","2","0","0","0","1","2","0","2","","","","N","","","","","","","","","",""
"2021078972","1850","1","0","0","0","0","0","0","0","0","8","0","","67","8","2021","6","39.942033","-75.227078","1842","6","0","0","0","0","0","0","0","0","","0","0","0","","","1","N","0","","39 56:31.320","","0","75 13:37.480","4","0","0","0","67301","1","0","0","N","1","0","0","2","67301","1","","1.0","","1","N","N","N","0","","0","0","0","","0","","","2","1","0","0","0","0","0","2","0","1","","03","","N","","","","","","","","","",""
"2021121367","0852","1","0","0","0","0","0","0","0","0","1","0","","67","12","2021","5","39.912242","-75.148724","0833","6","0","0","0","0","0","1","0","0","","0","0","0","","","2","N","0","","39 54:44.070","2","0","75 08:55.407","8","0","0","0","67301","0","0","0","N","0","0","0","4","68K01","0","","1.0","855.0","1","N","N","N","1","","0","0","0","","8","N","","2","2","0","0","0","2","0","2","0","2","","","","N","","","","","","","","","",""
"2021079130","1704","1","0","0","0","0","0","0","0","0","4","0","","67","8","2021","2","40.054292","-75.071552","1649","6","0","0","0","0","0","0","0","0","","0","0","0","","","1","","1","","40 03:15.451","","0","75 04:17.588","3","0","0","0","67301","0","0","0","N","0","0","0","2","67301","0","","1.0","","9","N","N","N","0","","1","0","1","","2","","","2","1","1","0","0","0","0","2","0","2","","04","","N","","","","","","","","","",""
"2021080709","0317","2","0","0","0","0","0","0","0","0","4","0","","67","8","2021","6","40.032343","-75.169226","0315","6","0","0","0","0","0","1","0","0","","0","0","0","","","0","","2","","40 01:56.436","","0","75 10:09.214","0","0","0","0","67301","0","0","0","N","0","0","0","2","67301","0","","1.0","","9","N","N","N","0","","0","0","0","","3","","","3","0","2","0","0","0","0","2","1","3","","07","","N","","","","","","","","","",""
"2021080179","1033","0","0","0","0","0","0","0","0","0","1","0","","67","8","2021","5","39.980213","-75.157468","1030","6","0","0","0","0","0","0","0","0","","0","0","0","","","1","","1","","39 58:48.767","","0","75 09:26.884","3","0","0","0","67301","0","0","0","N","0","0","0","2","67505","0","","1.0","","1","N","N","N","1","","1","0","1","","2","","","2","1","0","0","0","0","0","2","0","2","","03","","N","","","","","","","","","",""
"2021080384","2140","1","0","0","0","0","0","0","0","0","1","0","","67","8","2021","2","40.042115","-75.112764","2140","6","0","0","0","0","0","0","0","0","","0","0","0","","","3","N","0","","40 02:31.615","","3","75 06:45.950","4","0","0","0","67301","0","0","0","N","0","0","0","4","67301","3","","1.0","","99","N","N","N","0","","0","0","1","","0","","","2","3","4","0","0","0","1","2","0","2","","","","N","","","","","","","","","",""
"2021078971","0229","1","0","0","0","0","0","0","0","0","7","0","","67","8","2021","6","39.91625","-75.225778","0222","6","0","0","0","0","0","0","0","0","","0","0","0","","","0","","2","","39 54:58.500","","0","75 13:32.800","0","0","0","0","67301","0","0","0","N","0","0","0","1","67301","0","","5.0","","9","N","N","N","0","","0","0","0","","2","","","1","0","0","0","0","0","0","2","0","1","","07","","N","","","","","","","","","",""