"CRN","ARRIVAL_TM","AUTOMOBILE_COUNT","BELTED_DEATH_COUNT","BELTED_SUSP_SERIOUS_INJ_COUNT","BICYCLE_COUNT","BICYCLE_DEATH_COUNT","BICYCLE_SUSP_SERIOUS_INJ_COUNT","BUS_COUNT","CHLDPAS_DEATH_COUNT","CHLDPAS_SUSP_SERIOUS_INJ_COUNT","COLLISION_TYPE","COMM_VEH_COUNT","CONS_ZONE_SPD_LIM","COUNTY","CRASH_MONTH","CRASH_YEAR","DAY_OF_WEEK","DEC_LATITUDE","DEC_LONGITUDE","DISPATCH_TM","DISTRICT","DRIVER_COUNT_16YR","DRIVER_COUNT_17YR","DRIVER_COUNT_18YR","DRIVER_COUNT_19YR","DRIVER_COUNT_20YR","DRIVER_COUNT_50_64YR","DRIVER_COUNT_65_74YR","DRIVER_COUNT_75PLUS","EST_HRS_CLOSED","FATAL_COUNT","HEAVY_TRUCK_COUNT","HORSE_BUGGY_COUNT","HOUR_OF_DAY","ILLUMINATION","INJURY_COUNT","INTERSECTION_RELATED","INTERSECT_TYPE","LANE_CLOSED","LATITUDE","LN_CLOSE_DIR","LOCATION_TYPE","LONGITUDE","MAX_SEVERITY_LEVEL","MCYCLE_DEATH_COUNT","MCYCLE_SUSP_SERIOUS_INJ_COUNT","MOTORCYCLE_COUNT","MUNICIPALITY","NONMOTR_COUNT","NONMOTR_DEATH_COUNT","NONMOTR_SUSP_SERIOUS_INJ_COUNT","NTFY_HIWY_MAINT","PED_COUNT","PED_DEATH_COUNT","PED_SUSP_SERIOUS_INJ_COUNT","PERSON_COUNT","POLICE_AGCY","POSSIBLE_INJ_COUNT","RDWY_SURF_TYPE_CD","RELATION_TO_ROAD","ROADWAY_CLEARED","ROAD_CONDITION","SCH_BUS_IND","SCH_ZONE_IND","SECONDARY_CRASH","SMALL_TRUCK_COUNT","SPEC_JURIS_CD","SUSP_MINOR_INJ_COUNT","SUSP_SERIOUS_INJ_COUNT","SUV_COUNT","TCD_FUNC_CD","TCD_TYPE","TFC_DETOUR_IND","TIME_OF_DAY","TOTAL_UNITS","TOT_INJ_COUNT","UNBELTED_OCC_COUNT","UNB_DEATH_COUNT","UNB_SUSP_SERIOUS_INJ_COUNT","UNK_INJ_DEG_COUNT","UNK_INJ_PER_COUNT","URBAN_RURAL","VAN_COUNT","VEHICLE_COUNT","WEATHER1","WEATHER2","WORKERS_PRES","WORK_ZONE_IND","WORK_ZONE_LOC","WORK_ZONE_TYPE","WZ_CLOSE_DETOUR","WZ_FLAGGER","WZ_LAW_OFFCR_IND","WZ_LN_CLOSURE","WZ_MOVING","WZ_OTHER","WZ_SHLDER_MDN","WZ_WORKERS_INJ_KILLED"
"2021121070","0925","0","0","0","0","0","0","0","0","0","1","0","","67","11","2021","3","40.002309","-75.078352","0853","6","0","0","0","0","0","0","0","0","","0","0","0","","","0","N","0","","40 00:08.312","","0","75 04:42.067","0","0","0","0","67301","0","0","0","N","0","0","0","8","68K01","0","","1.0","","1","N","N","N","0","","0","0","1","","0","","","2","0","0","0","0","0","0","2","1","2","","","","N","","","","","","","","","",""
"2021079725","0445","2","0","0","0","0","0","0","0","0","4","0","","67","8","2021","2","39.959215","-75.231094","0443","6","0","1","0","0","0","0","0","0","","0","0","0","","","0","","1","","39 57:33.175","","0","75 13:51.938","0","0","0","0","67301","0","0","0","N","0","0","0","2","67301","0","","1.0","","9","N","N","N","0","","0","0","0","","2","","","2","0","0","0","0","0","0","2","0","2","","07","","N","","","","","","","","","",""
"2021079624","1037","2","0","0","0","0","0","0","0","0","4","0","","67","8","2021","7","40.043911","-75.009622","1037","6","0","0","1","0","0","0","0","0","","0","0","0","","","1","","1","","40 02:38.081","","0","75 00:34.638","3","0","0","0","67301","0","0","0","N","0","0","0","3","67301","0","","1.0","","9","N","N","N","0","","1","0","0","","3","","","2","1","0","0","0","0","0","2","0","2","","07","","N","","","","","","","","","",""
"2021077469","2340","1","0","0","0","0","0","0","0","0","4","0","","67","8","2021","5","39.999682","-75.174286","2332","6","0","0","0","0","0","1","0","0","","0","0","0","","","2","","1","","39 59:58.855","","0","75 10:27.429","3","0","0","0","67301","0","0","0","N","0","0","0","2","67301","0","","1.0","","1","N","N","N","0","","1","0","1","","3","","","2","2","0","0","0","1","0","2","0","2","","03","","N","","","","","","","","","",""
"2021086373","1050","0","0","0","0","0","0","1","0","0","1","1","","67","8","2021","6","39.991861","-75.169833","1036","6","0","0","0","0","0","0","0","0","","0","0","0","","","1","N","0","","39 59:30.700","","0","75 10:11.400","8","0","0","0","67301","0","0","0","N","0","0","0","3","67508","0","","6.0","","1","N","N","Y","0","","0","0","0","","0","","","2","1","0","0","0","1","0","2","0","2","","03","","N","","","","","","","","","",""
"2021078391","2057","2","0","0","0","0","0","0","0","0","1","0","","67","8","2021","5","40.021613","-75.14844","2053","6","0","0","0","0","0","0","0","0","","0","0","0","","","2","N","0","","40 01:17.808","","0","75 08:54.384","3","0","0","0","67301","0","0","0","N","0","0","0","3","67301","0","","1.0","","1","N","N","N","0","","2","0","0","","0","","","2","2","0","0","0","0","0","2","0","2","","03","","N","","","","","","","","","",""
"2021080800","1810","2","0","0","0","0","0","0","0","0","1","0","","67","8","2021","1","40.018438","-75.149133","1810","6","0","0","0","0","0","0","0","0","","0","0","0","","","0","","1","","40 01:06.376","","0","75 08:56.880","9","0","0","0","67301","0","0","0","N","0","0","0","3","67301","0","","1.0","","99","N","N","N","0","","0","0","0","","2","","","2","0","3","0","0","0","1","2","0","2","","","","N","","","","","","","","","",""
"2021079849","0950","0","0","0","0","0","0","0","0","0","8","0","","67","8","2021","3","39.967953","-75.159383","0950","6","0","0","0","0","0","0","0","0","","0","0","0","","","1","N","0","","39 58:04.630","3","0","75 09:33.780","3","0","0","0","67301","1","0","0","N","1","0","0","2","67301","0","","1.0","30.0","1","N","N","N","0","","1","0","0","","0","Y","","2","1","0","0","0","0","0","2","1","1","","03","","N","","","","","","","","","",""
"2021119771","","0","0","0","0","0","0","0","0","0","4","0","","67","6","2021","2","39.975156","-75.188114","","6","0","0","0","0","0","0","0","0","","0","0","0","","","1","","1","","39 58:30.561","","0","75 11:17.209","8","0","0","0","67301","0","0","0","N","0","0","0","2","00000","0","","1.0","","1","N","N","N","0","","0","0","1","","2","","","2","1","0","0","0","1","0","2","0","2","","","","N","","","","","","","","","",""
"2021122609","2145","1","0","0","0","0","0","1","0","0","1","1","","67","12","2021","1","39.914889","-75.156622","2110","6","0","0","0","0","0","0","0","0","","0","0","0","","","1","","2","","39 54:53.602","","0","75 09:23.839","8","0","0","0","67301","0","0","0","N","0","0","0","3","67508","0","","1.0","","1","","","Y","0","","0","0","0","","2","","","2","1","0","0","0","1","0","2","0","2","","03","","N","","","","","","","","","",""
"2021077916","0928","2","0","0","0","0","0","0","0","0","4","0","","67","8","2021","6","39.957823","-75.147242","0926","6","0","0","0","0","0","0","0","0","","0","0","0","","","2","","1","","39 57:28.162","1","0","75 08:50.070","3","0","0","0","67301","0","0","0","N","0","0","0","4","67301","0","","1.0","1015.0","9","N","N","N","1","","2","0","1","","2","N","","4","2","0","0","0","0","0","2","0","4","","07","","N","","","","","","","","","",""
"2021080111","2300","0","0","0","0","0","0","0","0","0","8","0","","67","8","2021","4","40.027669","-75.147436","2300","6","0","0","0","0","0","0","0","0","","0","0","0","","","1","N","0","","40 01:39.610","","0","75 08:50.770","4","0","0","0","67301","1","0","0","N","1","0","0","2","67301","1","","1.0","","1","N","N","N","0","","0","0","1","","0","","","2","1","0","0","0","0","0","2","0","1","","03","","N","","","","","","","","","",""
"2021123645","1550","0","0","0","0","0","0","0","0","0","8","0","","67","12","2021","3","40.041186","-75.139478","1545","6","0","0","0","0","0","0","1","0","","0","0","0","","","1","N","0","","40 02:28.270","","0","75 08:22.120","8","0","0","0","67301","1","0","0","N","1","0","0","2","67301","0","","1.0","","1","N","N","N","0","","0","0","1","","0","","","2","1","0","0","0","1","0","2","0","1","","","","N","","","","","","","","","",""
"2021095801","1155","1","0","0","0","0","0","0","0","0","4","0","","67","10","2021","6","40.073397","-75.16905","1155","6","0","0","0","0","0","1","0","0","","0","0","0","","","1","Y","0","","40 04:24.230","","0","75 10:08.580","3","0","0","0","67301","0","0","0","N","0","0","0","2","67301","0","","1.0","","1","N","N","N","0","","1","0","1","","3","","","2","1","0","0","0","0","0","2","0","2","","","","N","","","","","","","","","",""
"2021096262","0621","1","0","0","0","0","0","0","0","0","7","0","","67","10","2021","1","39.956647","-75.143386","0613","6","0","0","0","0","0","0","0","0","","0","0","0","","","0","N","0","","39 57:23.930","3","0","75 08:36.188","0","0","0","0","67301","0","0","0","N","0","0","0","1","68K01","0","","4.0","625.0","9","N","N","N","0","","0","0","0","","0","N","","1","0","0","0","0","0","0","2","0","1","","07","","N","","","","","","","","","",""
"2021080919","1700","1","0","0","0","0","0","0","0","0","1","0","","67","8","2021","5","39.954667","-75.226222","1700","6","0","0","0","1","0","1","0","0","","0","0","0","","","1","N","0","","39 57:16.800","","0","75 13:34.400","3","0","0","0","67301","0","0","0","N","0","0","0","2","67301","0","","1.0","","1","N","N","N","0","","1","0","1","","0","","","2","1","0","0","0","0","1","2","0","2","","03","","N","","","","","","","","","",""
"2021097208","1905","0","0","0","0","0","0","0","0","0","8","0","","67","10","2021","1","40.052589","-75.156919","1905","6","0","0","0","0","0","0","0","0","","0","0","0","","","1","N","0","","40 03:09.320","","0","75 09:24.910","8","0","0","0","67301","1","0","0","N","1","0","0","2","67301","0","","1.0","","9","N","N","N","0","","0","0","1","","3","","","2","1","0","0","0","1","0","2","0","1","","07","","N","","","","","","","","","",""
"2021097676","2047","1","0","0","0","0","0","0","0","0","1","0","","67","8","2021","5","40.052333","-74.987963","2030","6","0","0","0","0","0","1","0","0","","0","0","0","","","1","N","0","","40 03:08.400","2","0","74 59:16.667","3","0","0","0","67301","0","0","0","N","0","0","0","2","68K01","0","","1.0","2122.0","1","N","N","N","0","","1","0","1","","0","N","","2","1","0","0","0","0","1","2","0","2","","03","","N","","","","","","","","","",""
"2021096101","0927","0","0","0","0","0","0","0","0","0","7","0","","67","10","2021","1","39.977506","-75.18979","0927","6","0","0","0","0","0","0","0","0","","0","0","0","","","0","N","0","","39 58:39.022","","0","75 11:23.244","0","0","0","0","67301","0","0","0","N","0","0","0","1","67301","0","","1.0","","9","N","N","N","1","","0","0","0","","0","","","1","0","0","0","0","0","0","2","0","1","","","","N","","","","","","","","","",""
"2021078730","0010","2","0","0","0","0","0","0","0","0","4","0","","67","8","2021","1","40.025376","-75.073317","0004","6","0","0","0","0","0","0","0","0","","0","0","0","","","5","","1","","40 01:31.355","6","0","75 04:23.942","3","0","0","0","67301","0","0","0","N","0","0","0","6","67301","0","","1.0","55.0","9","N","N","N","0","","5","0","0","","2","Y","","2","5","0","0","0","0","0","2","0","2","","","","N","","","","","","","","","",""
"2021081436","0718","0","0","0","0","0","0","0","0","0","4","0","","67","8","2021","3","39.923905","-75.222104","0714","6","0","0","0","0","0","0","0","0","","0","0","0","","","1","","1","","39 55:26.057","","0","75 13:19.574","3","0","0","0","67301","0","0","0","N","0","0","0","2","67301","0","","1.0","","1","N","N","N","0","","1","0","2","","2","","","2","1","0","0","0","0","0","2","0","2","","03","","N","","","","","","","","","",""
"2021080508","0816","2","0","0","0","0","0","0","0","0","4","0","","67","8","2021","6","39.961476","-75.149798","0815","6","0","0","1","0","0","1","0","0","","0","0","0","","","1","","1","","39 57:41.313","","0","75 08:59.272","4","0","0","0","67301","0","0","0","N","0","0","0","2","67301","1","","1.0","","1","N","N","N","0","","0","0","0","","2","","","2","1","0","0","0","0","0","2","0","2","","03","","N","","","","","","","","","",""
"2021097482","1451","0","0","0","0","0","0","0","0","0","1","0","","67","10","2021","1","39.958545","-75.168172","1440","6","0","0","0","0","0","0","0","0","","0","0","0","","","0","N","0","","39 57:30.762","","0","75 10:05.419","0","0","0","0","67301","0","0","0","N","0","0","0","5","68K01","0","","1.0","","1","N","N","N","0","","0","0","2","","0","","","2","0","0","0","0","0","0","2","0","2","","","","N","","","","","","","","","",""
"2021080693","1935","1","0","0","1","0","0","0","0","0","8","0","","67","8","2021","3","39.945985","-75.184235","1930","6","0","0","0","0","0","0","0","0","","0","0","0","","","1","","5","","39 56:45.546","","0","75 11:03.246","8","0","0","0","67301","1","0","0","N","0","0","0","3","67301","0","","1.0","","1","N","N","N","0","","0","0","0","","2","","","2","1","2","0","0","1","0","2","0","1","","","","N","","","","","","","","","",""
"2021104287","1911","0","0","0","0","0","0","0","0","0","1","0","","67","8","2021","6","40.007333","-75.127361","1910","6","0","0","0","0","0","0","0","0","","0","0","0","","","0","N","0","","40 00:26.400","","0","75 07:38.500","0","0","0","0","67301","0","0","0","N","0","0","0","2","67301","0","","6.0","","1","N","N","N","0","","0","0","1","","0","","","2","0","0","0","0","0","0","2","1","2","","","","N","","","","","","","","","",""
"2021095722","0620","1","0","0","0","0","0","0","0","0","7","0","","67","10","2021","1","40.041586","-75.138961","0618","6","0","0","0","0","0","0","0","0","","0","0","0","","","1","N","0","","40 02:29.710","5","0","75 08:20.260","3","0","0","0","67301","0","0","0","N","0","0","0","1","67301","0","","5.0","832.0","1","N","N","N","0","","1","0","0","","0","Y","","1","1","0","0","0","0","0","2","0","1","","","","N","","","","","","","","","",""
"2021121517","0255","1","0","0","0","0","0","0","0","0","5","0","","67","12","2021","1","40.036758","-75.062813","0251","6","0","0","1","0","0","0","0","0","","0","0","0","","","0","N","0","","40 02:12.328","1","0","75 03:46.128","0","0","0","0","67301","0","0","0","N","0","0","0","1","67301","0","","1.0","500.0","1","N","N","N","0","","0","0","0","","2","Y","","2","0","0","0","0","0","0","2","0","2","","03","","N","","","","","","","","","",""
"2021114685","","0","0","0","0","0","0","0","0","0","4","0","","67","7","2021","5","39.918134","-75.170977","","6","0","0","0","0","0","0","0","0","","0","0","0","","","0","","1","","39 55:05.284","","0","75 10:15.516","0","0","0","1","67301","0","0","0","N","0","0","0","2","00000","0","","1.0","","1","N","N","N","0","","0","0","1","","2","","","2","0","0","0","0","0","0","2","0","2","","","","N","","","","","","","","","",""
"2021121630","1758","1","0","0","0","0","0","0","0","0","1","0","","67","12","2021","3","39.999444","-75.190513","1742","6","0","0","0","1","0","0","0","1","","0","0","0","","","3","N","0","","39 59:57.998","","0","75 11:25.847","4","0","0","0","67301","0","0","0","N","0","0","0","6","67301","3","","1.0","","1","N","N","N","0","","0","0","1","","2","U","","2","3","0","0","0","0","1","2","0","2","","03","","N","","","","","","","","","",""
"2021080160","1057","1","0","0","0","0","0","0","0","0","4","0","","67","8","2021","5","39.978988","-75.160225","1053","6","0","1","1","0","0","0","0","0","","0","0","0","","","2","","1","","39 58:44.355","","0","75 09:36.809","4","0","0","0","67301","0","0","0","N","0","0","0","4","67505","2","","1.0","","1","N","N","N","0","","0","0","2","","3","","","3","2","0","0","0","0","0","2","0","3","","03","","N","","","","","","","","","",""
"2021097817","2031","2","0","0","0","0","0","0","0","0","5","0","","67","8","2021","7","39.946291","-75.142177","2026","6","0","0","0","0","0","0","1","0","","0","0","0","","","2","N","0","","39 56:46.648","1","0","75 08:31.837","8","0","0","0","67301","0","0","0","N","0","0","0","3","68K01","0","","1.0","2115.0","1","N","N","N","0","","0","0","0","","0","N","","2","2","1","0","0","2","0","2","0","2","","","","N","","","","","","","","","",""
"2021079223","1304","1","0","0","0","0","0","0","0","0","6","0","","67","8","2021","6","40.009469","-75.110483","1304","6","0","0","1","0","0","0","0","0","","0","0","0","","","0","N","0","","40 00:34.090","","0","75 06:37.740","9","0","0","0","67301","0","0","0","N","0","0","0","2","67301","0","","1.0","","9","N","N","N","0","","0","0","1","","0","","","2","0","0","0","0","0","1","2","0","2","","07","","N","","","","","","","","","",""
"2021114609","","1","0","0","0","0","0","0","0","0","5","0","","67","5","2021","6","39.968597","-75.127964","","6","0","0","0","0","0","0","0","0","","0","0","0","","","0","N","0","","39 58:06.948","","0","75 07:40.670","0","0","0","0","67301","0","0","0","N","0","0","0","3","00000","0","","1.0","","1","N","N","N","0","","0","0","1","","0","","","2","0","2","0","0","0","0","2","0","2","","","","N","","","","","","","","","",""
"2021121720","0552","1","0","0","0","0","0","0","0","0","4","0","","67","12","2021","7","39.960997","-75.181976","0552","6","0","0","0","0","0","1","0","0","","0","0","0","","","0","N","0","","39 57:39.590","4","0","75 10:55.112","0","0","0","0","67301","0","0","0","N","0","0","0","2","68K01","0","","4.0","600.0","9","N","N","Y","0","","0","0","1","","0","N","","2","0","0","0","0","0","0","2","0","2","","07","","N","","","","","","","","","",""
"2021077908","1322","1","0","0","0","0","0","0","0","0","4","0","","67","8","2021","5","40.015232","-75.155221","1317","6","0","0","0","0","0","0","1","0","","0","0","0","","","1","","2","","40 00:54.834","","0","75 09:18.795","3","0","0","0","67301","0","0","0","N","0","0","0","2","67301","0","","1.0","","1","N","Y","N","0","","1","0","1","","2","","","2","1","0","0","0","0","0","2","0","2","","","","N","","","","","","","","","",""
"2021079708","0804","2","0","0","0","0","0","0","0","0","5","0","","67","8","2021","3","40.039074","-75.017839","0759","6","0","0","0","0","0","1","0","0","","0","0","0","","","2","","2","","40 02:20.668","","7","75 01:04.222","3","0","0","0","67301","0","0","0","N","0","0","0","3","67301","0","","1.0","","1","N","N","N","1","","2","0","0","","0","","","3","2","0","0","0","0","0","2","0","3","","03","","N","","","","","","","","","",""
"2021105356","1748","1","0","0","0","0","0","0","0","0","5","1","","67","11","2021","2","39.902876","-75.224653","1744","6","0","0","0","0","0","1","0","0","","0","1","0","","","1","N","0","","39 54:10.354","","0","75 13:28.749","3","0","0","0","67301","0","0","0","N","0","0","0","4","67301","0","","1.0","","1","N","N","Y","0","","1","0","1","","0","","","3","1","0","0","0","0","0","2","0","3","","03","","N","","","","","","","","","",""
"2021079150","0430","2","0","0","0","0","0","0","0","0","4","0","","67","8","2021","1","39.94981","-75.15549","0430","6","0","0","0","0","0","0","0","0","","0","0","0","","","0","","1","","39 56:59.317","","0","75 09:19.765","9","0","0","0","67301","0","0","0","N","0","0","0","3","67301","0","","1.0","","9","N","N","N","0","","0","0","0","","2","","","2","0","0","0","0","0","1","2","0","2","","07","","N","","","","","","","","","",""
"2021077795","1633","1","0","0","0","0","0","0","0","0","4","0","","67","8","2021","5","39.979155","-75.137469","1631","6","0","0","0","0","0","0","0","0","","0","0","0","","","1","","1","","39 58:44.957","","0","75 08:14.888","8","0","0","0","67301","0","0","0","N","0","0","0","4","67301","0","","1.0","","1","N","N","N","0","","0","0","2","","2","","","3","1","3","0","0","1","0","2","0","3","","03","","N","","","","","","","","","",""
"2021105374","1814","1","0","0","0","0","0","0","0","0","8","0","","67","4","2021","3","40.015407","-75.137986","1814","6","0","0","0","0","0","0","0","0","","0","0","0","","","1","","1","","40 00:55.465","","0","75 08:16.749","8","0","0","0","67301","1","0","0","N","1","0","0","2","67301","0","","1.0","","1","N","N","N","0","","0","0","0","","0","","","2","1","0","0","0","1","0","2","0","1","","","","N","","","","","","","","","",""
"2021079710","0603","2","0","0","0","0","0","0","0","0","2","0","","67","8","2021","3","40.036722","-75.132747","0557","6","0","0","0","0","0","0","0","0","","0","0","0","","","0","N","0","","40 02:12.199","","0","75 07:57.890","0","0","0","0","67301","0","0","0","N","0","0","0","1","67301","0","","6.0","","1","N","N","N","0","","0","0","3","","0","","","5","0","0","0","0","0","0","2","0","5","","","","N","","","","","","","","","",""
"2021122518","2344","1","0","0","0","0","0","0","0","0","4","0","","67","12","2021","5","39.947413","-75.239751","2343","6","0","0","0","0","0","1","0","0","","0","0","0","","","1","","1","","39 56:50.686","","0","75 14:23.103","8","0","0","0","67301","0","0","0","N","0","0","0","2","67301","0","","1.0","","1","N","N","N","0","","0","0","2","","2","","","3","1","1","0","0","1","1","2","0","3","","03","","N","","","","","","","","","",""
"2021097703","1144","1","0","0","0","0","0","0","0","0","1","0","","67","10","2021","1","40.008085","-75.202754","1137","6","0","0","0","0","0","1","0","0","","0","0","0","","","2","N","0","","40 00:29.106","","0","75 12:09.915","8","0","0","0","67301","0","0","0","N","0","0","0","3","68K01","0","","1.0","","1","N","N","N","0","","0","0","1","","0","","","2","2","0","0","0","2","0","2","0","2","","","","N","","","","","","","","","",""
"2021104776","1720","1","0","0","0","0","0","0","0","0","7","0","","67","10","2021","1","39.935869","-75.225533","1706","6","0","0","0","0","0","0","0","0","","0","0","0","","","0","N","0","","39 56:09.129","","0","75 13:31.917","9","0","0","0","67301","0","0","0","N","0","0","0","1","67301","0","","5.0","","1","N","N","N","0","","0","0","0","","0","","","1","0","0","0","0","0","1","2","0","1","","03","","N","","","","","","","","","",""
"2021080537","0932","0","0","0","0","0","0","0","0","0","0","0","","67","8","2021","1","40.031304","-75.021623","0928","6","0","0","0","0","0","0","0","0","","0","0","0","","","1","N","0","","40 01:52.695","2","0","75 01:17.844","8","0","0","0","67301","0","0","0","N","0","0","0","1","68K01","0","","1.0","1000.0","9","N","N","N","0","","0","0","1","","0","N","","1","1","0","0","0","1","0","2","0","1","","04","","N","","","","","","","","","",""
"2021095956","1043","1","0","0","0","0","0","0","0","0","4","1","","67","10","2021","6","39.933519","-75.223061","1043","6","0","0","0","0","0","0","0","0","","0","1","0","","","0","N","0","","39 56:00.670","6","0","75 13:23.020","0","0","0","0","67301","0","0","0","N","0","0","0","2","67301","0","","1.0","1207.0","1","N","N","N","0","","0","0","0","","0","Y","","2","0","0","0","0","0","0","2","0","2","","","","N","","","","","","","","","",""
"2021078557","1803","3","0","0","0","0","0","0","0","0","4","0","","67","8","2021","7","39.958557","-75.160057","1757","6","0","0","0","0","0","0","0","0","","0","0","0","","","0","","1","","39 57:30.804","","0","75 09:36.205","0","0","0","0","67301","0","0","0","N","0","0","0","2","67301","0","","1.0","","9","N","N","Y","0","","0","0","0","","3","","","3","0","0","0","0","0","0","2","0","3","","04","","N","","","","","","","","","",""
"2021079236","0917","3","0","0","0","0","0","0","0","0","4","0","","67","8","2021","2","40.01313","-75.152385","0917","6","0","0","0","0","0","0","0","0","","0","0","0","","","1","","3","","40 00:47.268","","0","75 09:08.585","3","0","0","0","67301","0","0","0","N","0","0","0","2","67301","0","","1.0","","9","N","N","N","0","","1","0","0","","3","","","3","1","0","0","0","0","0","2","0","3","","","","N","","","","","","","","","",""
"2021079286","1735","3","0","0","0","0","0","0","0","0","5","0","","67","8","2021","7","39.938314","-75.142102","1724","6","0","1","0","0","0","1","0","0","","0","0","0","","","0","Y","0","","39 56:17.930","","0","75 08:31.568","0","0","0","0","67301","0","0","0","N","0","0","0","3","67301","0","","1.0","","9","N","N","N","0","","0","0","0","","2","","","3","0","0","0","0","0","0","2","0","3","","07","","N","","","","","","","","","",""
"2021083226","2013","2","0","0","0","0","0","0","0","0","4","0","","67","8","2021","4","39.921144","-75.193801","2012","6","1","0","0","0","0","0","0","0","","0","0","0","","","0","","1","","39 55:16.119","","0","75 11:37.683","0","0","0","0","67301","0","0","0","N","0","0","0","2","67301","0","","1.0","","1","N","N","N","0","","0","0","0","","2","","","2","0","0","0","0","0","0","2","0","2","","03","","N","","","","","","","","","",""
"2021106850","1845","0","0","0","0","0","0","0","0","0","8","0","","67","10","2021","1","39.95194","-75.159916","1843","6","0","0","0","0","0","0","0","0","","0","0","0","","","1","","1","","39 57:06.984","","0","75 09:35.699","3","0","0","0","67301","1","0","0","N","1","0","0","2","67301","0","","1.0","","1","N","N","N","0","","1","0","1","","2","","","2","1","0","0","0","0","1","2","0","1","","03","","N","","","","","","","","","",""
"2021122793","0210","1","0","0","0","0","0","0","0","0","8","0","","67","12","2021","4","40.007194","-75.154986","0207","6","0","0","0","0","0","1","0","0","","0","0","0","","","1","N","0","","40 00:25.900","","0","75 09:17.950","3","0","0","0","67301","1","0","0","N","1","0","0","2","67301","0","","1.0","","1","N","N","N","0","","1","0","0","","9","","","2","1","1","0","0","0","0","2","0","1","","04","","N","","","","","","","","","",""
"2021078221","0415","1","0","0","0","0","0","0","0","0","4","0","","67","8","2021","7","39.956553","","0412","6","0","0","0","0","0","1","0","0","","0","0","0","","","1","","5","","39 57:23.590","","2","75 09:4.860","3","0","0","0","67301","0","0","0","N","0","0","0","2","67301","0","","1.0","","1","N","N","N","0","","1","0","1","","2","","","2","1","0","0","0","0","0","2","0","2","","","","N","","","","","","","","","",""
"2021096646","1731","2","0","0","0","0","0","0","0","0","1","0","","67","10","2021","2","40.009022","-75.082547","1717","6","0","0","0","0","0","1","0","0","","0","0","0","","","1","N","0","","40 00:32.479","","0","75 04:57.170","3","0","0","0","67301","0","0","0","N","0","0","0","3","67301","0","","1.0","","1","N","N","N","0","","1","0","0","","0","","","2","1","0","0","0","0","2","2","0","2","","","","N","","","","","","","","","",""
"2021072969","1900","0","0","0","0","0","0","0","0","0","2","0","","67","8","2021","4","40.011978","-75.135854","1900","6","0","0","0","0","0","0","0","0","","0","0","0","","","1","N","1","","40 00:43.119","","0","75 08:09.074","3","0","0","0","67301","0","0","0","N","0","0","0","1","67301","0","","4.0","","1","N","N","N","1","","1","0","3","","2","","","4","1","0","0","0","0","0","2","0","4","","04","","N","","","","","","","","","",""
"2021123529","0946","1","0","0","0","0","0","0","0","0","5","1","","67","12","2021","5","40.025009","-75.03309","0942","6","0","0","0","0","0","1","0","0","","0","1","0","","","0","","1","","40 01:30.034","","0","75 01:59.123","0","0","0","0","67301","0","0","0","N","0","0","0","2","67301","0","","1.0","","1","N","N","N","0","","0","0","0","","0","","","2","0","0","0","0","0","0","2","0","2","","","","N","","","","","","","","","",""
"2021123127","2201","1","0","0","0","0","0","0","0","0","8","0","","67","12","2021","2","40.060124","-75.188656","2200","6","0","0","0","0","0","1","0","0","","1","0","0","","","0","","2","","40 03:36.447","","0","75 11:19.163","1","0","0","0","67301","1","1","0","N","1","1","0","2","67301","0","2","1.0","","1","N","N","N","1","0","0","0","0","","3","","","3","0","0","0","0","0","0","2","0","2","","03","","N","","","","","","","","","",""
"2021080813","2236","2","0","0","0","0","0","0","0","0","4","0","","67","8","2021","6","39.955022","-75.168","2234","6","0","0","0","0","0","0","0","0","","0","0","0","","","2","","1","","39 57:18.079","2","0","75 10:04.799","3","0","0","0","67301","0","0","0","N","0","0","0","3","67301","1","","1.0","15.0","1","N","N","N","0","","1","0","0","","2","N","","2","2","0","0","0","0","0","2","0","2","","03","","N","","","","","","","","","",""
"2021097490","0318","1","0","0","0","0","0","0","0","0","5","1","","67","10","2021","3","39.997819","-75.081446","0315","6","0","0","0","0","0","1","0","0","","0","1","0","","","0","N","0","","39 59:52.148","1","3","75 04:53.207","0","0","0","0","67301","0","0","0","N","0","0","0","2","68K01","0","","1.0","330.0","9","N","N","N","0","","0","0","0","","0","N","","2","0","0","0","0","0","0","2","0","2","","","","N","","","","","","","","","",""
"2021122325","1208","0","0","0","0","0","0","0","0","0","1","0","","67","12","2021","1","39.987074","-75.122475","1203","6","0","0","0","0","0","1","1","0","","0","0","0","","","1","N","0","","39 59:13.467","","0","75 07:20.910","3","0","0","1","67301","0","0","0","N","0","0","0","2","67301","0","","1.0","","1","N","N","N","0","","1","0","1","","0","","","2","1","0","0","0","0","0","2","0","2","","","","N","","","","","","","","","",""
"2021120661","0733","0","0","0","0","0","0","0","0","0","1","1","","67","10","2021","4","39.942933","-75.193148","0733","6","0","0","0","0","0","0","0","0","","0","1","0","","","0","N","0","","39 56:34.558","3","0","75 11:35.332","0","0","0","0","67301","0","0","0","N","0","0","0","2","68K01","0","","1.0","748.0","1","N","N","N","0","","0","0","1","","0","N","","2","0","0","0","0","0","0","2","0","2","","","","N","","","","","","","","","",""