"CRN","ARRIVAL_TM","AUTOMOBILE_COUNT","BELTED_DEATH_COUNT","BELTED_SUSP_SERIOUS_INJ_COUNT","BICYCLE_COUNT","BICYCLE_DEATH_COUNT","BICYCLE_SUSP_SERIOUS_INJ_COUNT","BUS_COUNT","CHLDPAS_DEATH_COUNT","CHLDPAS_SUSP_SERIOUS_INJ_COUNT","COLLISION_TYPE","COMM_VEH_COUNT","CONS_ZONE_SPD_LIM","COUNTY","CRASH_MONTH","CRASH_YEAR","DAY_OF_WEEK","DEC_LATITUDE","DEC_LONGITUDE","DISPATCH_TM","DISTRICT","DRIVER_COUNT_16YR","DRIVER_COUNT_17YR","DRIVER_COUNT_18YR","DRIVER_COUNT_19YR","DRIVER_COUNT_20YR","DRIVER_COUNT_50_64YR","DRIVER_COUNT_65_74YR","DRIVER_COUNT_75PLUS","EST_HRS_CLOSED","FATAL_COUNT","HEAVY_TRUCK_COUNT","HORSE_BUGGY_COUNT","HOUR_OF_DAY","ILLUMINATION","INJURY_COUNT","INTERSECTION_RELATED","INTERSECT_TYPE","LANE_CLOSED","LATITUDE","LN_CLOSE_DIR","LOCATION_TYPE","LONGITUDE","MAX_SEVERITY_LEVEL","MCYCLE_DEATH_COUNT","MCYCLE_SUSP_SERIOUS_INJ_COUNT","MOTORCYCLE_COUNT","MUNICIPALITY","NONMOTR_COUNT","NONMOTR_DEATH_COUNT","NONMOTR_SUSP_SERIOUS_INJ_COUNT","NTFY_HIWY_MAINT","PED_COUNT","PED_DEATH_COUNT","PED_SUSP_SERIOUS_INJ_COUNT","PERSON_COUNT","POLICE_AGCY","POSSIBLE_INJ_COUNT","RDWY_SURF_TYPE_CD","RELATION_TO_ROAD","ROADWAY_CLEARED","ROAD_CONDITION","SCH_BUS_IND","SCH_ZONE_IND","SECONDARY_CRASH","SMALL_TRUCK_COUNT","SPEC_JURIS_CD","SUSP_MINOR_INJ_COUNT","SUSP_SERIOUS_INJ_COUNT","SUV_COUNT","TCD_FUNC_CD","TCD_TYPE","TFC_DETOUR_IND","TIME_OF_DAY","TOTAL_UNITS","TOT_INJ_COUNT","UNBELTED_OCC_COUNT","UNB_DEATH_COUNT","UNB_SUSP_SERIOUS_INJ_COUNT","UNK_INJ_DEG_COUNT","UNK_INJ_PER_COUNT","URBAN_RURAL","VAN_COUNT","VEHICLE_COUNT","WEATHER1","WEATHER2","WORKERS_PRES","WORK_ZONE_IND","WORK_ZONE_LOC","WORK_ZONE_TYPE","WZ_CLOSE_DETOUR","WZ_FLAGGER","WZ_LAW_OFFCR_IND","WZ_LN_CLOSURE","WZ_MOVING","WZ_OTHER","WZ_SHLDER_MDN","WZ_WORKERS_INJ_KILLED"
"2021121178","1421","1","0","0","0","0","0","0","0","0","1","1","","67","11","2021","2","39.979378","-75.204112","1415","6","0","0","0","1","0","1","0","0","","0","1","0","","","2","N","0","","39 58:45.760","3","0","75 12:14.804","8","0","0","0","67301","0","0","0","N","0","0","0","5","68K01","0","","1.0","1521.0","1","N","N","N","1","","0","0","2","","0","N","","5","2","0","0","0","2","0","2","0","5","","","","N","","","","","","","","","",""
"2021121968","2226","1","0","0","0","0","0","0","0","0","7","0","","67","12","2021","1","39.897076","-75.189198","2213","6","0","0","0","1","0","0","0","0","","0","0","0","","","0","N","0","","39 53:49.473","1","0","75 11:21.113","0","0","0","0","67301","0","0","0","N","0","0","0","1","68K01","0","","4.0","2245.0","1","N","N","N","0","","0","0","0","","0","N","","1","0","0","0","0","0","0","2","0","1","","","","N","","","","","","","","","",""
"2021097825","2324","0","0","0","0","0","0","0","0","0","4","0","","67","9","2021","4","39.989601","-75.087558","2310","6","0","0","0","0","0","0","0","0","","0","0","0","","","2","N","0","","39 59:22.563","2","0","75 05:15.209","3","0","0","0","67301","0","0","0","N","0","0","0","3","68K01","0","","1.0","15.0","1","N","N","N","0","","1","0","2","","0","N","","2","2","0","0","0","1","0","2","0","2","","03","","N","","","","","","","","","",""
"2021077635","1130","1","0","0","0","0","0","0","0","0","4","0","","67","8","2021","4","39.971138","-75.134408","1112","6","0","0","0","0","0","0","0","0","","0","0","0","","","0","N","0","","39 58:16.096","5","0","75 08:03.867","0","0","0","0","67301","0","0","0","N","0","0","0","5","67301","0","","1.0","1235.0","1","N","N","N","0","","0","0","1","","0","Y","","2","0","0","0","0","0","0","2","0","2","","03","","N","","","","","","","","","",""
"2021121641","1613","0","0","0","0","0","0","1","0","0","8","1","","67","12","2021","7","40.040189","-75.144373","1613","6","0","0","0","0","0","1","0","0","","0","0","0","","","1","N","0","","40 02:24.681","","0","75 08:39.743","8","0","0","0","67301","1","0","0","N","1","0","0","2","67301","0","","1.0","","1","N","N","N","0","","0","0","0","","0","","","2","1","0","0","0","1","0","2","0","1","","04","","N","","","","","","","","","",""
"2021121693","0858","1","0","0","0","0","0","0","0","0","1","0","","67","12","2021","5","39.95715","-75.152279","0834","6","0","0","0","0","0","0","0","0","","0","0","0","","","1","N","0","","39 57:25.740","","0","75 09:08.205","3","0","0","0","67301","0","0","0","N","0","0","0","2","68K01","0","","1.0","","1","N","N","N","0","","1","0","0","","0","","","2","1","0","0","0","0","0","2","0","2","","","","N","","","","","","","","","",""
"2021107242","1925","0","0","0","0","0","0","0","0","0","5","0","","67","10","2021","6","39.956721","-75.223546","1920","6","0","0","0","0","0","0","0","0","","0","0","0","","","1","","2","","39 57:24.197","","99","75 13:24.767","8","0","0","0","67301","0","0","0","N","0","0","0","3","67301","0","","1.0","","1","N","N","N","0","","0","0","1","","2","","","2","1","0","0","0","1","1","2","0","2","","","","N","","","","","","","","","",""
"2021103182","0154","1","0","0","0","0","0","0","0","0","4","0","","67","8","2021","4","40.010121","-75.121438","0152","6","0","0","0","0","0","0","0","0","","0","0","0","","","2","","1","","40 00:36.436","6","0","75 07:17.178","2","0","1","1","67301","0","0","0","N","0","0","0","2","67301","0","","1.0","420.0","1","N","N","N","0","","1","1","1","","2","Y","","3","2","0","0","0","0","0","2","0","3","","","","N","","","","","","","","","",""
"2021097242","1514","3","0","0","0","0","0","0","0","0","5","0","","67","9","2021","2","39.973328","-75.120553","1514","6","0","0","0","0","0","1","0","0","","0","0","0","","","0","N","0","","39 58:23.980","2","0","75 07:13.990","0","0","0","0","67301","0","0","0","N","0","0","0","4","68K01","0","","1.0","1600.0","1","N","N","N","1","","0","0","0","","0","Y","","4","0","0","0","0","0","0","2","0","4","","","","N","","","","","","","","","",""
"2021123639","1940","0","0","0","0","0","0","0","0","0","4","0","","67","12","2021","2","40.035268","-75.145564","1933","6","0","0","0","0","0","2","0","0","","0","0","0","","","2","","1","","40 02:06.964","","0","75 08:44.032","3","0","0","0","67301","0","0","0","N","0","0","0","2","67301","0","","1.0","","1","N","N","N","0","","2","0","2","","2","","","2","2","0","0","0","0","0","2","0","2","","03","","N","","","","","","","","","",""
"2021054563","0946","2","0","0","0","0","0","0","0","0","1","0","","67","6","2021","2","40.002934","-75.222939","0942","6","0","0","0","0","0","0","0","0","","0","0","0","","","0","N","0","","40 00:10.561","2","0","75 13:22.579","0","0","0","0","67301","0","0","0","N","0","0","0","3","46104","0","","1.0","1000.0","1","N","N","N","0","","0","0","1","","0","N","","3","0","0","0","0","0","0","2","0","3","","","","N","","","","","","","","","",""
"2021080314","1510","1","0","0","0","0","0","0","0","0","8","0","","67","8","2021","4","39.9185","-75.150289","1505","6","0","0","0","0","1","0","0","0","","0","0","0","","","1","N","0","","39 55:06.600","","0","75 09:01.040","3","0","0","0","67301","1","0","0","N","1","0","0","2","67301","0","","1.0","","1","N","N","N","0","","1","0","0","","0","","","2","1","0","0","0","0","0","2","0","1","","03","","N","","","","","","","","","",""
"2021105921","1023","1","0","0","0","0","0","1","0","0","5","2","45","67","9","2021","4","39.950969","-75.141056","1019","6","0","0","0","0","0","0","0","0","","0","1","0","","","0","N","0","","39 57:03.489","1","0","75 08:27.800","0","0","0","0","67301","0","0","0","N","0","0","0","6","68K01","0","","1.0","25.0","1","Y","N","N","0","","0","0","0","","0","N","","3","0","0","0","0","0","0","2","0","3","","03","Y","Y","3","2","N","N","N","Y","N","N","N","N"
"2021119765","","0","0","0","0","0","0","0","0","0","5","0","","67","4","2021","5","39.998497","-75.232145","","6","0","0","0","0","0","0","0","0","","0","0","0","","","1","","2","","39 59:54.588","","0","75 13:55.723","8","0","0","0","67301","0","0","0","N","0","0","0","2","00000","0","","1.0","","1","N","N","N","0","","0","0","2","","0","","","2","1","0","0","0","1","0","2","0","2","","","","N","","","","","","","","","",""
"2021079224","1220","2","0","0","0","0","0","0","0","0","4","0","","67","8","2021","6","40.002576","-75.099728","1200","6","0","0","0","1","0","0","0","0","","0","0","0","","","3","","5","","40 00:09.273","6","0","75 05:59.019","2","0","0","0","67301","1","0","1","N","1","0","1","3","67301","1","","1.0","1245.0","9","N","N","Y","0","","1","1","0","","2","N","","3","3","2","0","0","0","0","2","0","2","","07","","N","","","","","","","","","",""
"2021077773","1644","0","0","0","0","0","0","0","0","0","4","0","","67","8","2021","5","39.965289","-75.201546","1643","6","0","0","0","0","0","1","0","0","","0","0","0","","","0","","1","","39 57:55.040","","0","75 12:05.565","0","0","0","0","67301","0","0","0","N","0","0","0","2","67301","0","","1.0","","1","N","N","N","1","","0","0","1","","3","","","2","0","0","0","0","0","0","2","0","2","","","","N","","","","","","","","","",""
"2021097258","0737","1","0","0","0","0","0","0","0","0","1","0","","67","9","2021","4","39.890655","-75.199891","0713","6","0","0","0","0","0","1","0","0","","0","0","0","","","0","N","0","","39 53:26.357","","3","75 11:59.608","0","0","0","0","67301","0","0","0","N","0","0","0","2","68K01","0","","1.0","","1","N","N","N","1","","0","0","0","","0","","","2","0","0","0","0","0","0","2","0","2","","","","N","","","","","","","","","",""
"2021123593","0553","0","0","0","0","0","0","0","0","0","1","0","","67","12","2021","2","39.967708","-75.189533","0553","6","0","0","0","0","0","0","0","0","","0","0","0","","","1","N","0","","39 58:03.750","4","0","75 11:22.319","8","0","0","0","67301","0","0","0","N","0","0","0","3","68K01","0","","1.0","637.0","1","N","N","N","0","","0","0","2","","0","N","","2","1","0","0","0","1","2","2","0","2","","","","N","","","","","","","","","",""
"2021103652","1335","0","0","0","0","0","0","0","0","0","8","0","","67","10","2021","5","40.041798","-75.046212","1328","6","0","0","0","0","0","1","0","0","","0","0","0","","","1","","1","","40 02:30.474","","0","75 02:46.362","3","0","0","0","67301","1","0","0","N","1","0","0","2","67301","0","","1.0","","1","N","N","N","1","","1","0","0","","3","","","2","1","0","0","0","0","0","2","0","1","","03","","N","","","","","","","","","",""
"2021096221","0416","2","0","0","0","0","0","0","0","0","1","0","","67","9","2021","1","40.006065","-75.074538","0416","6","0","0","0","0","1","0","0","0","","0","0","0","","","3","N","0","","40 00:21.835","1","0","75 04:28.337","3","0","0","0","67301","0","0","0","N","0","0","0","4","68K01","0","","1.0","430.0","1","N","N","N","0","","1","0","0","","0","N","","2","3","0","0","0","2","0","2","0","2","","","","N","","","","","","","","","",""
"2021097863","0409","0","0","0","0","0","0","0","0","0","7","0","","67","10","2021","3","39.996124","-75.082684","0408","6","0","0","0","0","0","0","0","0","","0","0","0","","","0","N","0","","39 59:46.046","","0","75 04:57.664","0","0","0","0","67301","0","0","0","N","0","0","0","1","68K01","0","","3.0","","9","N","N","N","0","","0","0","1","","0","","","1","0","0","0","0","0","0","2","0","1","","","","N","","","","","","","","","",""
"2021096240","1124","1","0","0","0","0","0","0","0","0","5","1","","67","10","2021","4","40.007354","-75.199954","1115","6","0","0","0","0","0","2","0","0","","0","0","0","","","0","N","0","","40 00:26.473","","0","75 11:59.833","0","0","0","0","67301","0","0","0","N","0","0","0","4","68K01","0","","3.0","","1","N","N","N","1","","0","0","0","","0","","","2","0","0","0","0","0","0","2","0","2","","","","N","","","","","","","","","",""
"2021097559","0201","1","0","0","0","0","0","0","0","0","4","0","","67","10","2021","6","39.994631","-75.094531","0158","6","0","0","0","0","0","0","0","0","","0","0","0","","","1","","1","","39 59:40.673","","0","75 05:40.311","8","0","0","0","67301","0","0","0","N","0","0","0","1","67301","0","","1.0","","1","N","N","N","1","","0","0","0","","2","","","2","1","0","0","0","1","0","2","0","2","","03","","N","","","","","","","","","",""
"2021097086","2210","2","0","0","0","0","0","0","0","0","4","0","","67","10","2021","2","39.964247","-75.200653","2206","6","0","0","0","0","0","0","0","0","","0","0","0","","","0","N","0","","39 57:51.290","3","0","75 12:02.350","0","0","0","0","67301","0","0","0","N","0","0","0","1","67301","0","","1.0","2310.0","1","N","N","Y","0","","0","0","1","","0","N","","3","0","0","0","0","0","0","2","0","3","","03","","N","","","","","","","","","",""
"2021096124","0823","1","0","0","0","0","0","0","0","0","1","0","","67","9","2021","5","39.992038","-75.202186","0814","6","0","0","0","0","0","1","0","1","","0","1","0","","","1","N","0","","39 59:31.338","3","0","75 12:07.871","3","0","0","0","67301","0","0","0","N","0","0","0","5","68K01","0","","1.0","845.0","1","N","N","N","0","","1","0","1","","0","N","","3","1","1","0","0","0","0","2","0","3","","03","","N","","","","","","","","","",""
"2021097706","1659","0","0","0","0","0","0","0","0","0","1","0","","67","10","2021","1","39.993477","-75.084644","1647","6","0","0","0","0","0","0","0","0","","0","0","0","","","0","N","0","","39 59:36.516","","0","75 05:04.720","0","0","0","0","67301","0","0","0","N","0","0","0","5","68K01","0","","1.0","","1","N","N","N","0","","0","0","2","","0","","","2","0","0","0","0","0","0","2","0","2","","","","N","","","","","","","","","",""
"2021082957","1748","1","0","0","0","0","0","0","0","0","1","0","","67","4","2021","1","39.995495","-75.238745","1742","6","0","0","0","1","0","0","0","0","","0","0","0","","","0","Y","0","","39 59:43.783","2","0","75 14:19.481","0","0","0","0","67301","0","0","0","N","0","0","0","5","46104","0","","1.0","1845.0","1","N","N","N","0","","0","0","1","","2","N","","3","0","0","0","0","0","0","2","1","3","","","","N","","","","","","","","","",""
"2021097563","0640","1","0","0","0","0","0","0","0","0","4","0","","67","10","2021","1","40.000018","-75.100307","0640","6","0","0","0","0","0","0","0","0","","0","0","0","","","1","","1","","40 00:00.064","","0","75 06:01.105","8","0","0","0","67301","0","0","0","N","0","0","0","1","67301","0","","1.0","","1","N","N","N","0","","0","0","1","","3","U","","2","1","0","0","0","1","0","2","0","2","","","","N","","","","","","","","","",""
"2021096118","2014","1","0","0","0","0","0","0","0","0","5","0","","67","9","2021","7","39.982879","-75.098927","1956","6","0","0","0","0","0","0","0","0","","0","0","0","","","0","N","0","","39 58:58.364","","0","75 05:56.138","0","0","0","0","67301","0","0","0","N","0","0","0","2","68K01","0","","1.0","","1","N","N","N","0","","0","0","1","","0","","","2","0","0","0","0","0","0","2","0","2","","","","N","","","","","","","","","",""
"2021097633","1625","0","0","0","0","0","0","0","0","0","7","1","","67","10","2021","4","39.958997","-75.157333","1617","6","0","0","0","0","0","1","0","0","","0","1","0","","","0","N","0","","39 57:32.390","4","1","75 09:26.400","0","0","0","0","67301","0","0","0","N","0","0","0","1","67301","0","","5.0","2000.0","1","N","N","N","0","","0","0","0","","8","Y","","1","0","0","0","0","0","0","2","0","1","","04","","N","","","","","","","","","",""
"2021096212","1321","1","0","0","0","0","0","0","0","0","1","1","","67","10","2021","5","39.921661","-75.190202","1318","6","0","0","0","0","0","1","0","0","","0","1","0","","","2","","5","","39 55:17.980","3","8","75 11:24.727","8","0","0","0","67301","0","0","0","N","0","0","0","3","67301","0","","1.0","1350.0","1","N","N","N","0","","0","0","0","","2","N","","2","2","0","0","0","2","0","2","0","2","","","","N","","","","","","","","","",""
"2021097442","0449","1","0","0","0","0","0","0","0","0","7","0","","67","9","2021","1","40.026934","-75.02557","0447","6","0","0","0","0","1","0","0","0","","0","0","0","","","1","N","0","","40 01:36.964","","0","75 01:32.053","8","0","0","0","67301","0","0","0","N","0","0","0","1","68K01","0","","4.0","","1","N","N","N","0","","0","0","0","","0","","","1","1","0","0","0","1","0","2","0","1","","","","N","","","","","","","","","",""
"2021096220","0108","1","0","0","0","0","0","0","0","0","7","0","","67","9","2021","7","40.041293","-75.004796","0055","6","0","0","0","0","0","0","0","0","","0","0","0","","","0","N","0","","40 02:28.654","","0","75 00:17.265","0","0","0","0","67301","0","0","0","N","0","0","0","1","68K01","0","","5.0","","1","N","N","N","0","","0","0","0","","0","","","1","0","0","0","0","0","0","2","0","1","","03","","N","","","","","","","","","",""
"2021095718","0422","1","0","0","0","0","0","0","0","0","4","1","","67","10","2021","1","39.952948","-75.151553","0420","6","0","0","0","0","1","0","0","0","","0","0","0","","","1","","1","","39 57:10.614","4","0","75 09:05.590","3","0","0","0","67301","0","0","0","N","0","0","0","3","67301","0","","1.0","610.0","1","N","N","N","1","","1","0","0","","2","Y","","2","1","0","0","0","0","0","2","0","2","","03","","N","","","","","","","","","",""
"2021095784","1345","2","0","0","0","0","0","0","0","0","4","0","","67","10","2021","6","39.954266","-75.139488","1340","6","0","0","0","0","0","0","0","0","","0","0","0","","","0","","2","","39 57:15.358","","0","75 08:22.158","0","0","0","0","67301","0","0","0","N","0","0","0","2","67301","0","","1.0","","1","N","N","N","0","","0","0","0","","0","","","2","0","0","0","0","0","0","2","0","2","","03","","N","","","","","","","","","",""
"2021097271","1129","1","0","0","0","0","0","0","0","0","1","1","","67","10","2021","7","40.008805","-75.069374","1117","6","0","0","0","0","0","0","0","0","","0","1","0","","","0","N","0","","40 00:31.699","2","3","75 04:09.747","0","0","0","0","67301","0","0","0","Y","0","0","0","2","68K01","0","","1.0","1255.0","1","N","N","N","0","","0","0","0","","8","N","","2","0","0","0","0","0","0","2","0","2","","","","N","","","","","","","","","",""
"2021097950","2347","1","0","0","0","0","0","0","0","0","4","0","","67","10","2021","4","40.030709","-75.093211","2342","6","0","0","0","0","0","0","0","0","","0","0","0","","","1","","5","","40 01:50.552","7","0","75 05:35.559","3","0","0","0","67301","0","0","0","N","0","0","0","4","67301","0","","1.0","145.0","1","N","N","N","0","","1","0","1","","0","N","","2","1","0","0","0","0","0","2","0","2","","","","N","","","","","","","","","",""
"2021097257","0644","1","0","0","0","0","0","0","0","0","1","0","","67","9","2021","4","39.960024","-75.179924","0631","6","0","0","0","0","0","0","0","0","","0","0","0","","","0","N","7","","39 57:36.087","4","2","75 10:47.726","0","0","0","0","67301","0","0","0","N","0","0","0","2","68K01","0","","1.0","700.0","1","N","N","N","0","","0","0","1","","0","N","","2","0","0","0","0","0","0","2","0","2","","","","N","","","","","","","","","",""
"2021097262","1226","1","0","0","0","0","0","0","0","0","1","0","","67","9","2021","5","39.978311","-75.202473","1132","6","0","0","0","0","0","0","0","0","","0","0","0","","","2","N","0","","39 58:41.919","","0","75 12:08.903","4","0","0","0","67301","0","0","0","N","0","0","0","3","68K01","2","","1.0","","1","N","N","N","0","","0","0","1","","0","","","2","2","0","0","0","0","0","2","0","2","","","","N","","","","","","","","","",""
"2021097214","0345","0","0","0","0","0","0","0","0","0","4","0","","67","10","2021","1","39.959603","-75.195643","0330","6","0","0","0","0","0","0","0","0","","1","0","0","","","1","N","1","","39 57:34.572","1","0","75 11:44.314","1","0","0","0","67301","0","0","0","N","0","0","0","3","67301","0","2","1.0","345.0","1","N","N","N","0","0","0","1","1","","2","N","","2","1","0","0","0","0","0","2","0","1","","","","N","","","","","","","","","",""
"2021097564","0822","0","0","0","0","0","0","0","0","0","4","0","","67","10","2021","3","40.011825","-75.097751","0818","6","0","0","0","1","0","0","0","0","","0","0","0","","","3","","1","","40 00:42.571","","0","75 05:51.903","3","0","0","0","67301","0","0","0","N","0","0","0","3","67301","0","","1.0","","1","N","N","N","1","","2","0","1","","2","","","2","3","0","0","0","1","0","2","0","2","","","","N","","","","","","","","","",""
"2021096242","1328","1","0","0","0","0","0","0","0","0","1","0","","67","10","2021","4","40.050996","-74.989666","1305","6","0","0","0","0","0","1","0","0","","0","0","0","","","0","N","0","","40 03:03.584","","0","74 59:22.799","0","0","0","0","67301","0","0","0","N","0","0","0","4","68K01","0","","3.0","","1","N","N","N","0","","0","0","1","","0","","","2","0","0","0","0","0","0","2","0","2","","","","N","","","","","","","","","",""
"2021099123","0845","1","0","0","0","0","0","0","0","0","7","0","","67","10","2021","2","39.938847","-75.157361","0845","6","0","0","0","0","0","0","0","0","","0","0","0","","","0","N","0","","39 56:19.850","","0","75 09:26.500","0","0","0","0","67301","0","0","0","N","0","0","0","1","67301","0","","6.0","","1","N","N","N","0","","0","0","0","","9","","","1","0","0","0","0","0","0","2","0","1","","","","N","","","","","","","","","",""
"2021097634","1548","0","0","0","0","0","0","0","0","0","7","0","","67","10","2021","2","39.893651","-75.220946","1538","6","0","0","0","0","0","0","0","0","","1","0","0","","","0","N","0","","39 53:37.144","","3","75 13:15.406","1","1","0","1","67301","0","0","0","N","0","0","0","1","67301","0","2","4.0","","1","N","N","N","0","0","0","0","0","","0","","","1","0","0","0","0","0","0","2","0","1","","04","","N","","","","","","","","","",""
"2021097557","0110","0","0","0","0","0","0","0","0","0","8","0","","67","9","2021","1","39.997342","-75.120319","0104","6","0","0","0","0","0","0","0","0","","0","0","0","","","1","","1","","39 59:50.432","","0","75 07:13.150","3","0","0","0","67301","1","0","0","N","1","0","0","1","67301","0","","1.0","","1","N","N","N","0","","1","0","0","","0","","","2","1","0","0","0","0","0","2","0","1","","03","","N","","","","","","","","","",""
"2021096121","1730","2","0","0","0","0","0","0","0","0","5","0","","67","9","2021","3","40.003143","-75.077486","1726","6","0","0","0","0","0","1","0","0","","0","0","0","","","1","N","0","","40 00:11.315","","0","75 04:38.950","3","0","0","0","67301","0","0","0","N","0","0","0","6","68K01","0","","1.0","","1","N","N","N","0","","1","0","0","","0","","","3","1","0","0","0","0","0","2","1","3","","","","N","","","","","","","","","",""
"2021097705","1237","1","0","0","0","0","0","0","0","0","7","0","","67","10","2021","1","39.968099","-75.190404","1227","6","0","0","0","0","0","0","0","0","","0","0","0","","","1","N","0","","39 58:05.157","4","0","75 11:25.455","8","0","0","0","67301","0","0","0","N","0","0","0","1","68K01","0","","3.0","100.0","1","N","N","N","0","","0","0","0","","0","N","","2","1","0","0","0","1","0","2","0","1","","03","","N","","","","","","","","","",""
"2021097197","1625","0","0","0","0","0","0","1","0","0","5","1","","67","10","2021","5","40.073222","-75.202661","1605","6","0","0","0","0","0","1","0","0","","0","0","0","","","1","","1","","40 04:23.600","","0","75 12:09.578","4","0","0","0","67301","0","0","0","N","0","0","0","3","67508","1","","1.0","","1","N","N","Y","0","","0","0","0","","0","","","2","1","0","0","0","0","0","2","0","2","","03","","N","","","","","","","","","",""
"2021097091","0302","2","0","0","0","0","0","0","0","0","1","0","","67","10","2021","1","40.034763","-75.071053","0259","6","0","0","0","0","0","0","0","0","","0","0","0","","","1","","11","","40 02:05.146","","0","75 04:15.791","4","0","0","0","67301","0","0","0","N","0","0","0","1","67301","1","","1.0","","9","N","N","N","0","","0","0","0","","2","","","2","1","0","0","0","0","0","2","0","2","","04","","N","","","","","","","","","",""
"2021095400","1647","0","0","0","0","0","0","1","0","0","2","1","","67","10","2021","5","39.97956","-75.164664","1647","6","0","0","0","0","0","1","0","0","","0","0","0","","","1","N","0","","39 58:46.416","6","0","75 09:52.790","3","0","0","0","67301","0","0","0","N","0","0","0","2","67301","0","","1.0","1730.0","1","N","N","N","0","","1","0","2","","0","Y","","3","1","0","0","0","0","0","2","0","3","","03","","N","","","","","","","","","",""
"2021097355","1804","2","0","0","0","0","0","0","0","0","2","0","","67","10","2021","3","40.022698","-75.037428","1754","6","0","0","0","0","0","0","0","0","","0","0","0","","","1","N","0","","40 01:21.713","5","0","75 02:14.742","4","0","0","0","67301","0","0","0","N","0","0","0","1","67301","1","","1.0","1910.0","1","N","N","N","0","","0","0","0","","0","Y","","2","1","0","0","0","0","0","2","0","2","","04","","N","","","","","","","","","",""
"2021097489","2146","1","0","0","0","0","0","0","0","0","7","0","","67","10","2021","2","39.949146","-75.141909","2139","6","0","0","0","0","1","0","0","0","","0","0","0","","","1","N","0","","39 56:56.925","","0","75 08:30.871","3","0","0","0","67301","0","0","0","N","0","0","0","1","68K01","0","","4.0","","1","N","N","N","0","","1","0","0","","0","","","1","1","0","0","0","0","0","2","0","1","","","","N","","","","","","","","","",""
"2021099027","","0","0","0","0","0","0","0","0","0","4","0","","67","10","2021","1","39.926484","-75.235405","","6","0","0","0","0","0","0","0","0","","0","0","0","","","0","N","0","","39 55:35.341","","0","75 14:07.459","9","0","0","0","67301","0","0","0","N","0","0","0","1","67301","0","","1.0","","1","N","N","N","0","","0","0","1","","0","","","2","0","0","0","0","0","1","2","0","2","","03","","N","","","","","","","","","",""
"2021075628","","1","0","0","1","0","0","0","0","0","8","0","","67","8","2021","4","40.061395","-74.993093","","6","0","0","0","0","0","1","0","0","","0","0","0","","","1","N","0","","40 03:41.023","","0","74 59:35.136","3","0","0","0","67301","1","0","0","N","0","0","0","2","67301","0","","1.0","","1","N","N","N","0","","1","0","0","","0","","","2","1","0","0","0","0","0","2","0","1","","03","","N","","","","","","","","","",""
"2021100311","","0","0","0","0","0","0","0","0","0","7","0","","67","9","2021","3","40.004363","-75.194989","","6","0","0","0","0","0","0","0","0","","1","0","0","","","1","N","0","","40 00:15.708","4","8","75 11:41.959","1","0","0","0","67301","0","0","0","N","0","0","0","2","68K01","0","1","7.0","430.0","1","N","N","N","0","0","0","0","1","","0","Y","","1","1","0","0","0","1","0","2","0","1","","03","","N","","","","","","","","","",""
"2021097884","","0","0","0","0","0","0","0","0","0","7","1","","67","10","2021","1","39.963862","-75.184267","","6","0","0","0","0","0","1","0","0","","0","1","0","","","0","N","7","","39 57:49.902","4","2","75 11:03.361","0","0","0","0","67301","0","0","0","N","0","0","0","1","68K01","0","","2.0","400.0","9","N","N","N","0","","0","0","0","","0","N","","1","0","0","0","0","0","0","2","0","1","","","","N","","","","","","","","","",""
"2021097674","","0","0","0","0","0","0","0","0","0","7","0","","67","8","2021","1","39.910441","-75.149108","","6","0","0","0","0","0","0","0","0","","1","0","0","","","1","N","0","","39 54:37.587","","0","75 08:56.790","1","0","0","0","67301","0","0","0","Y","0","0","0","2","68K01","0","2","4.0","","1","N","N","N","0","0","0","1","1","","0","","","1","1","2","1","1","0","0","2","0","1","","","","N","","","","","","","","","",""
"2021095952","","0","0","0","0","0","0","0","0","0","8","0","","67","10","2021","4","39.929718","-75.219641","","6","0","0","0","0","0","0","0","0","","0","0","0","","","1","N","0","","39 55:46.984","6","0","75 13:10.709","3","0","0","0","67301","1","0","0","N","1","0","0","2","67301","0","","1.0","1440.0","1","N","N","N","1","","1","0","0","","0","N","","2","1","0","0","0","0","0","2","0","1","","","","N","","","","","","","","","",""
"2021096741","","0","0","0","0","0","0","0","0","0","4","0","","67","10","2021","2","40.044886","-75.080374","","6","0","0","0","0","0","0","0","0","","0","0","0","","","2","","1","","40 02:41.591","","0","75 04:49.345","3","0","0","0","67301","0","0","0","N","0","0","0","2","67301","0","","1.0","","1","N","N","N","0","","2","0","2","","2","","","2","2","0","0","0","0","0","2","0","2","","04","","N","","","","","","","","","",""
"2021096119","","0","0","0","0","0","0","0","0","0","1","0","","67","9","2021","2","39.946586","-75.142385","","6","0","0","0","0","0","1","0","0","","0","0","0","","","0","N","0","","39 56:47.708","2","0","75 08:32.586","0","0","0","0","67301","0","0","0","N","0","0","0","2","68K01","0","","1.0","1920.0","1","N","N","Y","1","","0","0","1","","0","Y","","2","0","0","0","0","0","0","2","0","2","","","","N","","","","","","","","","",""
"2021096116","","2","0","0","0","0","0","0","0","0","1","0","","67","9","2021","6","39.956951","-75.154895","","6","0","0","0","0","0","1","0","0","","0","0","0","","","0","N","0","","39 57:25.025","4","0","75 09:17.621","9","0","0","0","67301","0","0","0","N","0","0","0","3","68K01","0","","1.0","1925.0","1","N","N","N","1","","0","0","0","","0","N","","3","0","0","0","0","0","1","2","0","3","","","","N","","","","","","","","","",""
"2021096645","","1","0","0","0","0","0","0","0","0","7","0","","67","10","2021","1","40.037797","-75.037908","","6","0","0","0","0","0","0","0","0","","0","0","0","","","0","","1","","40 02:16.070","","0","75 02:16.468","0","0","0","0","67301","0","0","0","N","0","0","0","0","67301","0","","5.0","","1","N","N","N","0","","0","0","0","","0","","","1","0","0","0","0","0","0","2","0","1","","","","N","","","","","","","","","",""