"CRN","ARRIVAL_TM","AUTOMOBILE_COUNT","BELTED_DEATH_COUNT","BELTED_SUSP_SERIOUS_INJ_COUNT","BICYCLE_COUNT","BICYCLE_DEATH_COUNT","BICYCLE_SUSP_SERIOUS_INJ_COUNT","BUS_COUNT","CHLDPAS_DEATH_COUNT","CHLDPAS_SUSP_SERIOUS_INJ_COUNT","COLLISION_TYPE","COMM_VEH_COUNT","CONS_ZONE_SPD_LIM","COUNTY","CRASH_MONTH","CRASH_YEAR","DAY_OF_WEEK","DEC_LATITUDE","DEC_LONGITUDE","DISPATCH_TM","DISTRICT","DRIVER_COUNT_16YR","DRIVER_COUNT_17YR","DRIVER_COUNT_18YR","DRIVER_COUNT_19YR","DRIVER_COUNT_20YR","DRIVER_COUNT_50_64YR","DRIVER_COUNT_65_74YR","DRIVER_COUNT_75PLUS","EST_HRS_CLOSED","FATAL_COUNT","HEAVY_TRUCK_COUNT","HORSE_BUGGY_COUNT","HOUR_OF_DAY","ILLUMINATION","INJURY_COUNT","INTERSECTION_RELATED","INTERSECT_TYPE","LANE_CLOSED","LATITUDE","LN_CLOSE_DIR","LOCATION_TYPE","LONGITUDE","MAX_SEVERITY_LEVEL","MCYCLE_DEATH_COUNT","MCYCLE_SUSP_SERIOUS_INJ_COUNT","MOTORCYCLE_COUNT","MUNICIPALITY","NONMOTR_COUNT","NONMOTR_DEATH_COUNT","NONMOTR_SUSP_SERIOUS_INJ_COUNT","NTFY_HIWY_MAINT","PED_COUNT","PED_DEATH_COUNT","PED_SUSP_SERIOUS_INJ_COUNT","PERSON_COUNT","POLICE_AGCY","POSSIBLE_INJ_COUNT","RDWY_SURF_TYPE_CD","RELATION_TO_ROAD","ROADWAY_CLEARED","ROAD_CONDITION","SCH_BUS_IND","SCH_ZONE_IND","SECONDARY_CRASH","SMALL_TRUCK_COUNT","SPEC_JURIS_CD","SUSP_MINOR_INJ_COUNT","SUSP_SERIOUS_INJ_COUNT","SUV_COUNT","TCD_FUNC_CD","TCD_TYPE","TFC_DETOUR_IND","TIME_OF_DAY","TOTAL_UNITS","TOT_INJ_COUNT","UNBELTED_OCC_COUNT","UNB_DEATH_COUNT","UNB_SUSP_SERIOUS_INJ_COUNT","UNK_INJ_DEG_COUNT","UNK_INJ_PER_COUNT","URBAN_RURAL","VAN_COUNT","VEHICLE_COUNT","WEATHER1","WEATHER2","WORKERS_PRES","WORK_ZONE_IND","WORK_ZONE_LOC","WORK_ZONE_TYPE","WZ_CLOSE_DETOUR","WZ_FLAGGER","WZ_LAW_OFFCR_IND","WZ_LN_CLOSURE","WZ_MOVING","WZ_OTHER","WZ_SHLDER_MDN","WZ_WORKERS_INJ_KILLED"
"2021097834","","1","0","0","0","0","0","0","0","0","7","0","","67","9","2021","1","39.932948","-75.200029","","6","0","0","0","0","0","0","0","0","","0","0","0","","","0","N","0","","39 55:58.612","","0","75 12:00.103","9","0","0","0","67301","0","0","0","N","0","0","0","1","68K01","0","","2.0","","1","N","N","N","0","","0","0","0","","0","","","1","0","0","0","0","0","1","2","0","1","","","","N","","","","","","","","","",""
"2021055398","","0","0","0","0","0","0","0","0","0","7","0","","67","6","2021","2","39.909861","-75.156444","","6","0","0","0","0","0","0","0","0","","0","0","0","","","0","N","0","","39 54:35.500","3","3","75 09:23.200","0","0","0","0","67301","0","0","0","N","0","0","0","3","67501","0","","3.0","2323.0","9","N","N","N","1","","0","0","0","","0","Y","","1","0","0","0","0","0","0","2","0","1","","","","N","","","","","","","","","",""
"2021081067","","1","0","0","0","0","0","0","0","0","2","0","","67","8","2021","7","39.958843","-75.247527","","6","0","0","0","0","0","0","0","0","","0","0","0","","","1","N","0","","39 57:31.835","","0","75 14:51.097","4","0","0","0","67301","0","0","0","N","0","0","0","1","67301","1","","1.0","","1","N","N","N","0","","0","0","2","","0","","","3","1","0","0","0","0","0","2","0","3","","03","","N","","","","","","","","","",""
"2021096125","","1","0","0","0","0","0","0","0","0","1","0","45","67","10","2021","7","39.985078","-75.094668","","6","0","0","1","0","0","0","0","0","","0","0","0","","","2","N","0","","39 59:06.281","2","0","75 05:40.805","3","0","0","0","67301","0","0","0","N","0","0","0","3","68K01","0","","1.0","350.0","1","N","N","N","0","","2","0","1","","0","N","","2","2","0","0","0","0","0","2","0","2","","","Y","Y","4","1","N","N","Y","Y","Y","N","Y","N"
"2021081636","","3","0","0","0","0","0","0","0","0","1","0","","67","8","2021","2","40.005987","-75.074638","","6","0","0","0","0","0","1","0","0","","0","0","0","","","0","N","0","","40 00:21.553","1","0","75 04:28.696","0","0","0","0","67301","0","0","0","N","0","0","0","4","68K01","0","","1.0","2345.0","1","N","N","N","0","","0","0","1","","0","N","","4","0","0","0","0","0","0","2","0","4","","","","N","","","","","","","","","",""
"2021064333","","1","0","0","0","0","0","0","0","0","7","0","","67","6","2021","3","40.002694","-75.10595","","6","0","0","0","0","0","0","0","0","","0","0","0","","","2","N","0","","40 00:09.700","","0","75 06:21.420","3","0","0","0","67301","0","0","0","N","0","0","0","2","67301","0","","4.0","","1","N","N","N","0","","1","0","0","","0","","","1","2","2","0","0","1","0","2","0","1","","03","","N","","","","","","","","","",""
"2021081945","","0","0","0","0","0","0","0","0","0","8","0","","67","8","2021","7","39.914518","-75.153803","","6","0","0","0","0","0","0","0","0","","0","0","0","","","1","N","0","","39 54:52.264","","0","75 09:13.691","3","0","0","0","67301","1","0","0","N","1","0","0","1","67301","0","","1.0","","1","N","N","N","0","","1","0","0","","2","","","2","1","0","0","0","0","0","2","0","1","","03","","N","","","","","","","","","",""
"2021054938","","1","0","0","1","0","0","0","0","0","8","0","","67","6","2021","2","39.967446","-75.180896","","6","0","0","0","0","0","1","0","0","","0","0","0","","","1","","3","","39 58:02.804","","0","75 10:51.224","3","0","0","0","67301","1","0","0","N","0","0","0","2","67301","0","","1.0","","1","N","N","N","0","","1","0","0","","2","","","2","1","0","0","0","0","0","2","0","1","","04","","N","","","","","","","","","",""
"2021070368","","1","0","0","0","0","0","0","0","0","4","0","","67","7","2021","3","39.937579","-75.142091","","6","0","0","1","0","0","0","0","0","","0","0","0","","","1","N","0","","39 56:15.286","2","7","75 08:31.527","3","0","0","1","67301","0","0","0","N","0","0","0","2","67301","0","","1.0","1020.0","1","N","N","N","0","","1","0","0","","0","N","","2","1","1","0","0","0","0","2","0","2","","03","","N","","","","","","","","","",""
"2021057502","","2","0","0","0","0","0","0","0","0","4","0","","67","6","2021","7","39.977768","-75.21345","","6","0","0","0","0","0","0","0","0","","0","0","0","","","2","","1","","39 58:39.965","","0","75 12:48.419","8","0","0","0","67301","0","0","0","N","0","0","0","4","67301","0","","1.0","","1","N","N","N","0","","0","0","1","","2","","","3","2","1","0","0","2","1","2","0","3","","03","","N","","","","","","","","","",""
"2021056727","","0","0","0","0","0","0","0","0","0","7","0","","67","6","2021","4","39.951617","-75.141004","","6","0","0","0","0","0","0","0","0","","0","0","0","","","0","N","0","","39 57:05.820","1","0","75 08:27.615","0","0","0","0","67301","0","0","0","N","0","0","0","1","68K01","0","","4.0","10.0","1","N","N","N","0","","0","0","1","","0","N","","1","0","0","0","0","0","0","2","0","1","","","","N","","","","","","","","","",""
"2021037833","","0","0","0","0","0","0","0","0","0","7","0","","67","4","2021","2","40.003655","-75.221416","","6","0","0","0","0","0","0","0","0","","0","0","0","","","0","N","0","","40 00:13.157","","7","75 13:17.096","0","0","0","0","67301","0","0","0","N","0","0","0","1","46104","0","","4.0","","1","N","N","N","0","","0","0","1","","0","","","1","0","0","0","0","0","0","2","0","1","","03","","N","","","","","","","","","",""
"2021064345","","0","0","0","0","0","0","0","0","0","2","0","","67","6","2021","7","40.002233","-75.120853","","6","0","0","0","0","0","1","0","0","","0","0","0","","","2","N","0","","40 00:08.040","","0","75 07:15.070","8","0","0","2","67301","0","0","0","N","0","0","0","3","67301","0","","1.0","","99","N","N","N","0","","0","0","1","","0","","","3","2","0","0","0","2","1","2","0","3","","03","","N","","","","","","","","","",""
"2021053528","","1","0","0","0","0","0","0","0","0","7","0","","67","6","2021","3","39.912639","-75.170167","","6","0","0","0","0","0","0","0","0","","0","0","0","","","0","N","0","","39 54:45.500","3","2","75 10:12.600","0","0","0","0","67301","0","0","0","N","0","0","0","1","67501","0","","4.0","1442.0","9","N","N","N","0","","0","0","0","","0","N","","1","0","0","0","0","0","0","2","0","1","","03","","N","","","","","","","","","",""
"2021055087","","1","0","0","0","0","0","0","0","0","4","0","","67","6","2021","4","39.95656","-75.241884","","6","0","0","0","0","0","0","0","0","","0","0","0","","","1","","1","","39 57:23.616","","0","75 14:30.782","3","0","0","0","67301","0","0","0","N","0","0","0","2","67301","0","","1.0","","1","N","N","N","0","","1","0","0","","2","","","2","1","0","0","0","0","0","2","0","2","","","","N","","","","","","","","","",""
"2021054467","","1","0","0","0","0","0","0","0","0","1","0","","67","6","2021","1","40.047023","-74.992772","","6","0","0","0","0","0","0","0","0","","0","0","0","","","1","","1","","40 02:49.281","","0","74 59:33.980","3","0","0","0","67301","0","0","0","N","0","0","0","2","67301","0","","1.0","","1","N","N","N","1","","1","0","0","","2","","","2","1","0","0","0","0","0","2","0","2","","04","","N","","","","","","","","","",""
"2021054654","","1","0","0","0","0","0","0","0","0","1","0","55","67","6","2021","6","39.972509","-75.122112","","6","0","0","0","0","0","1","0","0","","0","0","0","","","1","N","0","","39 58:21.031","","3","75 07:19.602","4","0","0","0","67301","0","0","0","N","0","0","0","4","68K01","1","","1.0","","9","N","N","N","0","","0","0","1","","0","","","2","1","0","0","0","0","0","2","0","2","","","N","Y","4","1","","","N","","","","Y","N"
"2021055767","","2","0","0","0","0","0","0","0","0","4","0","","67","6","2021","2","39.957931","-75.164145","","6","0","0","0","0","0","0","0","0","","0","0","0","","","3","","5","","39 57:28.550","","2","75 09:50.921","3","0","0","0","67301","0","0","0","N","0","0","0","8","67301","2","","1.0","","1","N","N","N","0","","1","0","1","","2","","","3","3","0","0","0","0","0","2","0","3","","03","","N","","","","","","","","","",""
"2021098185","","0","0","0","0","0","0","0","0","0","3","0","","67","10","2021","4","39.960566","-75.229884","","6","0","0","0","0","0","0","0","0","","0","1","0","","","0","N","0","","39 57:38.037","","0","75 13:47.581","0","0","0","0","67301","0","0","0","N","0","0","0","2","67301","0","","1.0","","1","N","N","N","0","","0","0","1","","0","","","2","0","0","0","0","0","0","2","0","2","","","","N","","","","","","","","","",""
"2021081325","","2","0","0","0","0","0","0","0","0","4","0","","67","8","2021","1","40.040306","-75.058571","","6","0","0","0","0","0","0","0","0","","0","0","0","","","1","N","1","","40 02:25.101","","0","75 03:30.855","8","0","0","0","67301","0","0","0","N","0","0","0","2","67301","0","","1.0","","1","N","N","N","0","","0","0","0","","2","","","2","1","0","0","0","1","0","2","0","2","","","","N","","","","","","","","","",""
"2021097476","","1","0","0","0","0","0","0","0","0","7","0","","67","10","2021","7","39.941955","-75.143323","","6","0","0","0","0","0","0","0","0","","0","0","0","","","1","N","0","","39 56:31.038","2","0","75 08:35.964","4","0","0","0","67301","0","0","0","N","0","0","0","2","68K01","1","","3.0","1600.0","1","N","N","N","0","","0","0","0","","0","N","","1","1","0","0","0","0","0","2","0","1","","","","N","","","","","","","","","",""
"2021097229","","2","0","0","0","0","0","0","0","0","4","0","","67","10","2021","3","40.00468","-75.152126","","6","0","0","1","0","0","0","0","0","","0","0","0","","","0","","1","","40 00:16.847","","99","75 09:07.652","9","0","0","0","67301","0","0","0","N","0","0","0","2","67505","0","","1.0","","1","N","N","N","0","","0","0","0","","2","","","2","0","0","0","0","0","2","2","0","2","","03","","N","","","","","","","","","",""
"2021055236","","0","0","0","0","0","0","0","0","0","1","0","","67","6","2021","3","40.041936","-75.188861","","6","0","0","0","0","0","0","0","0","","0","0","0","","","0","N","0","","40 02:30.970","","0","75 11:19.900","0","0","0","0","67301","0","0","0","N","0","0","0","2","67301","0","","1.0","","1","N","N","N","0","","0","0","2","","0","","","2","0","0","0","0","0","0","2","0","2","","03","","N","","","","","","","","","",""
"2021054466","","0","0","0","1","0","0","0","0","0","8","0","","67","6","2021","1","39.95577","-75.15905","","6","0","0","0","0","0","0","0","0","","0","0","0","","","1","","1","","39 57:20.771","","0","75 09:32.581","3","0","0","0","67301","1","0","0","N","0","0","0","2","67301","0","","1.0","","1","N","N","N","0","","1","0","1","","2","","","2","1","0","0","0","0","0","2","0","1","","03","","N","","","","","","","","","",""
"2021095766","","1","0","0","0","0","0","0","0","0","5","0","","67","10","2021","6","39.990199","-75.184635","","6","0","0","0","0","0","0","1","0","","0","0","0","","","1","N","0","","39 59:24.716","","0","75 11:04.686","3","0","0","0","67301","0","0","0","N","0","0","0","1","67301","0","","1.0","","1","N","N","N","0","","1","0","1","","0","","","2","1","1","0","0","0","0","2","0","2","","03","","N","","","","","","","","","",""
"2021082359","","2","0","0","0","0","0","0","0","0","2","0","","67","8","2021","2","39.963042","-75.236516","","6","0","0","0","0","0","0","0","0","","0","0","0","","","2","","1","","39 57:46.951","","0","75 14:11.457","4","0","0","0","67301","0","0","0","N","0","0","0","2","67301","2","","4.0","","1","N","N","N","0","","0","0","0","","3","","","2","2","0","0","0","0","0","2","0","2","","03","","N","","","","","","","","","",""
"2021036348","","2","0","0","0","0","0","0","0","0","4","0","","67","4","2021","1","39.990608","-75.249178","","6","0","0","0","0","0","0","0","0","","0","0","0","","","0","","1","","39 59:26.187","","0","75 14:57.041","9","0","0","0","67301","0","0","0","N","0","0","0","2","46104","0","","1.0","","1","N","N","N","0","","0","0","0","","2","","","2","0","0","0","0","0","1","2","0","2","","","","N","","","","","","","","","",""
"2021073880","","1","0","0","0","0","0","0","0","0","4","0","","67","6","2021","5","40.034002","-75.040745","","6","0","0","0","0","0","0","0","0","","0","0","0","","","1","","1","","40 02:02.407","","0","75 02:26.681","3","0","0","0","67301","0","0","0","N","0","0","0","2","67301","0","","1.0","","1","N","N","N","0","","1","0","1","","3","","","2","1","0","0","0","0","0","2","0","2","","03","","N","","","","","","","","","",""
"2021097080","","1","0","0","0","0","0","0","0","0","5","0","","67","10","2021","3","40.034169","-75.145172","","6","0","0","0","0","0","0","0","0","","0","0","0","","","1","N","0","","40 02:03.010","","0","75 08:42.620","8","0","0","0","67301","0","0","0","N","0","0","0","1","67301","0","","1.0","","1","N","N","N","1","","0","0","1","","0","U","","3","1","0","0","0","1","0","2","0","3","","03","","N","","","","","","","","","",""
"2021057138","","1","0","0","0","0","0","0","0","0","4","0","","67","6","2021","5","39.954454","-75.246377","","6","0","0","0","1","0","1","0","0","","0","0","0","","","3","","1","","39 57:16.034","","0","75 14:46.957","3","0","0","0","67301","0","0","0","N","0","0","0","3","67301","0","","1.0","","1","N","N","N","1","","3","0","0","","3","","","2","3","1","0","0","0","0","2","0","2","","","","N","","","","","","","","","",""
"2021064272","","2","0","0","0","0","0","0","0","0","4","0","","67","6","2021","4","40.035385","-75.049764","","6","0","0","0","0","0","0","0","0","","0","0","0","","","0","","1","","40 02:07.385","","0","75 02:59.150","0","0","0","0","67301","0","0","0","N","0","0","0","3","67301","0","","1.0","","1","N","N","N","0","","0","0","0","","2","","","2","0","0","0","0","0","0","2","0","2","","","","N","","","","","","","","","",""
"2021052836","","1","0","0","0","0","0","0","0","0","7","0","55","67","6","2021","3","39.899213","-75.175163","","6","0","0","0","0","0","1","0","0","","0","0","0","","","0","N","0","","39 53:57.165","2","3","75 10:30.588","0","0","0","0","67301","0","0","0","N","0","0","0","2","68K01","0","","7.0","200.0","1","N","N","N","0","","0","0","0","","0","N","","2","0","0","0","0","0","0","2","1","2","","","N","Y","4","1","","","N","","","","Y","N"
"2021053588","","1","0","0","0","0","0","0","0","0","7","0","","67","6","2021","3","39.908569","-75.248392","","6","0","0","0","0","0","0","0","0","","0","0","0","","","0","N","0","","39 54:30.850","","0","75 14:54.210","0","0","0","0","67301","0","0","0","N","0","0","0","1","67301","0","","5.0","","9","N","Y","N","0","","0","0","0","","0","","","1","0","0","0","0","0","0","2","0","1","","04","","N","","","","","","","","","",""
"2021053591","","1","0","0","0","0","0","0","0","0","2","0","","67","6","2021","5","39.93695","-75.218181","","6","0","0","0","0","0","1","0","0","","0","0","0","","","1","N","0","","39 56:13.020","","0","75 13:05.450","4","0","0","0","67301","0","0","0","N","0","0","0","1","67301","1","","6.0","","1","N","N","N","0","","0","0","1","","0","","","3","1","0","0","0","0","0","2","1","3","","03","","N","","","","","","","","","",""
"2021096406","","2","0","0","0","0","0","0","0","0","1","0","","67","9","2021","5","39.959923","-75.224883","","6","0","0","0","0","0","0","0","0","","0","0","0","","","1","","1","","39 57:35.722","","0","75 13:29.578","3","0","0","0","67301","0","0","0","N","0","0","0","2","67301","0","","1.0","","9","N","N","N","0","","1","0","0","","2","","","2","1","0","0","0","0","0","2","0","2","","04","","N","","","","","","","","","",""
"2021095762","","1","0","0","0","0","0","1","0","0","4","1","","67","10","2021","6","40.037901","-75.139533","","6","0","0","0","0","0","0","0","0","","0","0","0","","","1","","1","","40 02:16.442","","0","75 08:22.318","4","0","0","0","67301","0","0","0","N","0","0","0","3","67508","1","","1.0","","1","N","N","Y","0","","0","0","0","","2","","","2","1","0","0","0","0","0","2","0","2","","03","","N","","","","","","","","","",""
"2021097929","","0","0","0","0","0","0","0","0","0","8","0","","67","10","2021","3","39.959923","-75.224883","","6","0","0","0","0","0","0","0","0","","0","0","0","","","1","","1","","39 57:35.722","","0","75 13:29.578","2","0","0","0","67301","1","0","1","N","1","0","1","1","67301","0","","1.0","","1","N","N","N","0","","0","1","0","","2","","","2","1","0","0","0","0","0","2","0","1","","03","","N","","","","","","","","","",""
"2021097217","","0","0","0","0","0","0","0","0","0","2","1","","67","10","2021","3","40.04738","-75.155656","","6","0","0","0","0","0","1","0","0","","0","1","0","","","1","","1","","40 02:50.568","","0","75 09:20.361","3","0","0","0","67301","0","0","0","N","0","0","0","4","67301","0","","1.0","","1","N","N","N","0","","1","0","0","","3","","","2","1","0","0","0","0","0","2","1","2","","03","","N","","","","","","","","","",""
"2021081818","","0","0","0","0","0","0","0","0","0","0","0","","67","8","2021","2","39.973507","-75.119036","","6","0","0","0","0","0","0","0","0","","0","0","0","","","1","N","0","","39 58:24.625","","0","75 07:08.531","3","0","0","1","67301","0","0","0","N","0","0","0","1","67301","0","","1.0","","1","N","N","N","0","","1","0","0","","0","","","1","1","0","0","0","0","0","2","0","1","","","","N","","","","","","","","","",""
"2021055238","","2","0","0","0","0","0","0","0","0","6","0","","67","6","2021","7","39.994115","-75.155922","","6","0","0","0","0","0","1","0","0","","0","0","0","","","2","N","0","","39 59:38.815","","0","75 09:21.319","8","0","0","0","67301","0","0","0","N","0","0","0","3","67301","0","","1.0","","1","N","N","N","0","","0","0","0","","0","","","2","2","0","0","0","2","1","2","0","2","","03","","N","","","","","","","","","",""
"2021096477","","0","0","0","0","0","0","0","0","0","8","0","","67","9","2021","3","39.992015","-75.139259","","6","0","0","0","0","0","0","0","0","","0","0","0","","","1","","1","","39 59:31.253","","0","75 08:21.331","2","0","0","0","67301","1","0","1","N","1","0","1","1","67301","0","","1.0","","1","N","N","N","0","","0","1","0","","0","","","2","1","0","0","0","0","0","2","0","1","","03","","N","","","","","","","","","",""
"2021056201","","2","0","0","0","0","0","0","0","0","3","0","","67","6","2021","5","39.967869","-75.148622","","6","0","0","0","0","0","0","0","0","","0","0","0","","","0","N","0","","39 58:04.330","","0","75 08:55.040","9","0","0","0","67301","0","0","0","N","0","0","0","1","67301","0","","6.0","","1","N","N","N","1","","0","0","0","","0","","","4","0","0","0","0","0","1","2","1","4","","03","","N","","","","","","","","","",""
"2021096743","","0","0","0","0","0","0","0","0","0","4","1","","67","10","2021","6","40.008804","-75.068894","","6","0","0","0","0","0","0","0","0","","0","1","0","","","1","","1","","40 00:31.696","","0","75 04:08.017","3","0","0","0","67301","0","0","0","N","0","0","0","2","67301","0","","1.0","","1","N","N","N","1","","1","0","0","","0","","","2","1","0","0","0","0","0","2","0","2","","03","","N","","","","","","","","","",""
"2021055770","","1","0","0","0","0","0","0","0","0","4","0","","67","6","2021","5","39.96766","-75.230084","","6","0","0","0","0","0","0","1","0","","0","0","0","","","2","","1","","39 58:03.576","5","0","75 13:48.302","3","0","0","0","67301","0","0","0","N","0","0","0","2","67301","1","","1.0","1150.0","1","N","N","N","0","","1","0","1","","3","N","","3","2","0","0","0","0","0","2","1","3","","03","","N","","","","","","","","","",""
"2021042989","","1","0","0","0","0","0","0","0","0","5","0","","67","4","2021","5","40.059232","-75.132325","","6","0","0","0","0","0","0","0","1","","0","0","0","","","1","N","0","","40 03:33.236","4","7","75 07:56.371","8","0","0","1","67301","0","0","0","N","0","0","0","3","46102","0","","1.0","1846.0","1","N","N","N","0","","0","0","0","","0","N","","2","1","0","0","0","1","0","2","0","2","","","","N","","","","","","","","","",""
"2021055880","","2","0","0","0","0","0","0","0","0","4","0","","67","6","2021","2","40.024506","-75.147807","","6","0","0","0","0","0","0","0","0","","0","0","0","","","1","","1","","40 01:28.221","","0","75 08:52.104","3","0","0","0","67301","0","0","0","N","0","0","0","2","67301","0","","1.0","","1","N","N","Y","0","","1","0","0","","2","","","2","1","0","0","0","0","0","2","0","2","","04","","N","","","","","","","","","",""
"2021096045","","1","0","0","0","0","0","0","0","0","4","0","","67","10","2021","1","40.041774","-75.061084","","6","0","0","0","0","0","0","0","0","","0","0","0","","","0","","1","","40 02:30.387","","0","75 03:39.901","0","0","0","0","67301","0","0","0","N","0","0","0","2","67301","0","","1.0","","9","N","N","N","1","","0","0","0","","2","","","2","0","0","0","0","0","0","2","0","2","","07","","N","","","","","","","","","",""
"2021053626","","1","0","0","0","0","0","0","0","0","4","0","","67","6","2021","5","39.991174","-75.181518","","6","0","0","0","0","0","0","0","0","","0","0","0","","","2","","1","","39 59:28.227","","0","75 10:53.466","4","0","0","0","67301","0","0","0","N","0","0","0","5","67301","2","","1.0","","1","N","N","N","0","","0","0","1","","2","","","2","2","0","0","0","0","0","2","0","2","","04","","N","","","","","","","","","",""
"2021055764","","2","0","0","0","0","0","0","0","0","4","0","","67","6","2021","3","39.917293","-75.174584","","6","0","0","0","0","0","0","0","0","","0","0","0","","","1","","1","","39 55:02.254","","0","75 10:28.502","4","0","0","0","67301","0","0","0","N","0","0","0","2","67301","1","","1.0","","1","N","N","N","0","","0","0","0","","2","","","2","1","0","0","0","0","0","2","0","2","","","","N","","","","","","","","","",""
"2021057253","","1","0","0","1","0","0","0","0","0","8","0","","67","6","2021","4","40.031583","-75.046889","","6","0","0","0","0","0","0","0","0","","0","0","0","","","1","N","0","","40 01:53.700","","0","75 02:48.800","3","0","0","0","67301","1","0","0","N","0","0","0","2","67301","0","","1.0","","1","N","N","N","0","","1","0","0","","0","","","2","1","0","0","0","0","0","2","0","1","","","","N","","","","","","","","","",""
"2021097455","","1","0","0","0","0","0","0","0","0","7","0","","67","9","2021","5","40.039513","-75.006958","","6","0","0","0","0","0","0","0","0","","0","0","0","","","2","N","0","","40 02:22.248","1","0","75 00:25.049","8","0","0","0","67301","0","0","0","N","0","0","0","2","68K01","0","","2.0","1350.0","9","N","N","N","1","","0","0","0","","0","N","","2","2","1","0","0","2","0","2","0","2","","","","N","","","","","","","","","",""
"2021087436","","1","0","0","0","0","0","0","0","0","8","0","","67","9","2021","1","39.924281","-75.237467","","6","0","0","0","0","0","0","0","0","","0","0","0","","","1","N","0","","39 55:27.410","","0","75 14:14.880","3","0","0","0","67301","1","0","0","N","1","0","0","2","67301","0","","1.0","","1","N","N","N","0","","1","0","0","","0","U","","2","1","0","0","0","0","0","2","0","1","","03","","N","","","","","","","","","",""
"2021095836","","1","0","0","0","0","0","0","0","0","2","0","","67","10","2021","7","40.020378","-75.16278","","6","0","0","0","0","0","0","0","0","","0","0","0","","","1","","2","","40 01:13.362","3","0","75 09:46.009","2","0","1","1","67301","0","0","0","N","0","0","0","2","67301","0","","1.0","1106.0","1","N","N","N","0","","0","1","0","","3","Y","","2","1","0","0","0","0","1","2","0","2","","","","N","","","","","","","","","",""
"2021057152","","1","0","0","0","0","0","0","0","0","4","0","","67","6","2021","5","39.984246","-75.114514","","6","0","0","0","1","0","0","0","0","","0","0","0","","","0","","1","","39 59:03.287","","0","75 06:52.252","9","0","0","0","67301","0","0","0","N","0","0","0","2","67301","0","","1.0","","1","N","N","N","0","","0","0","1","","3","","","2","0","0","0","0","0","1","2","0","2","","03","","N","","","","","","","","","",""
"2021056200","","1","0","0","0","0","0","0","0","0","1","0","","67","6","2021","7","39.952462","-75.226439","","6","0","0","0","0","0","0","0","0","","0","0","0","","","0","N","0","","39 57:08.864","","0","75 13:35.179","0","0","0","0","67301","0","0","0","N","0","0","0","1","67301","0","","6.0","","1","N","N","N","1","","0","0","0","","0","","","2","0","0","0","0","0","0","2","0","2","","03","","N","","","","","","","","","",""
"2021075653","","2","0","0","0","0","0","0","0","0","4","0","","67","8","2021","1","39.908239","-75.188856","","6","0","0","0","0","0","1","0","0","","0","0","0","","","3","N","0","","39 54:29.659","","7","75 11:19.883","3","0","0","0","67301","0","0","0","N","0","0","0","3","67301","0","","1.0","","1","N","N","N","0","","3","0","0","","0","","","2","3","3","0","0","0","0","2","0","2","","03","","N","","","","","","","","","",""
"2021087737","","1","0","0","0","0","0","0","0","0","7","0","","67","9","2021","1","39.995664","-75.154236","","6","0","0","0","0","0","0","0","0","","0","0","0","","","4","N","0","","39 59:44.391","","0","75 09:15.250","3","0","0","0","67301","0","0","0","N","0","0","0","4","67301","0","","5.0","","1","N","N","N","0","","2","0","0","","2","","","1","4","0","0","0","2","0","2","0","1","","03","","N","","","","","","","","","",""
"2021054719","","0","0","0","0","0","0","0","0","0","4","0","","67","6","2021","5","40.013256","-75.108686","","6","0","0","0","0","0","1","0","0","","0","0","0","","","0","","1","","40 00:47.721","","0","75 06:31.269","0","0","0","0","67301","0","0","0","N","0","0","0","2","67301","0","","1.0","","1","N","N","N","0","","0","0","2","","3","","","2","0","0","0","0","0","0","2","0","2","","","","N","","","","","","","","","",""
"2021085516","","0","0","0","0","0","0","0","0","0","6","1","","67","9","2021","6","39.891942","-75.241906","","6","0","0","0","0","0","2","0","0","","0","1","0","","","2","","2","","39 53:30.990","2","0","75 14:30.862","3","0","0","0","67301","0","0","0","N","0","0","0","5","67301","0","","1.0","1730.0","1","N","N","N","0","","2","0","2","","2","N","","4","2","0","0","0","0","0","2","1","4","","","","N","","","","","","","","","",""
"2021082083","","1","0","0","0","0","0","0","0","0","7","0","","67","8","2021","2","40.039881","-75.006321","","6","0","0","0","0","0","0","0","0","","0","0","0","","","0","N","0","","40 02:23.573","","0","75 00:22.755","0","0","0","0","67301","0","0","0","N","0","0","0","2","68K01","0","","4.0","","9","N","N","N","0","","0","0","0","","0","","","1","0","0","0","0","0","0","2","0","1","","","","N","","","","","","","","","",""
"2021057499","","0","0","0","0","0","0","0","0","0","5","0","","67","6","2021","5","40.055819","-75.084008","","6","0","0","0","0","0","1","0","0","","0","0","0","","","0","N","0","","40 03:20.950","","0","75 05:02.430","0","0","0","0","67301","0","0","0","N","0","0","0","1","67301","0","","6.0","","1","N","N","N","1","","0","0","0","","0","","","2","0","0","0","0","0","0","2","1","2","","03","","N","","","","","","","","","",""
"2021058885","","2","0","0","0","0","0","0","0","0","1","0","","67","6","2021","4","40.021401","-75.041562","","6","0","0","0","0","0","0","0","0","","0","0","0","","","1","N","0","","40 01:17.044","","2","75 02:29.623","8","0","0","0","67301","0","0","0","N","0","0","0","3","68K01","0","","1.0","","1","N","N","N","0","","0","0","1","","0","","","3","1","0","0","0","1","0","2","0","3","","03","","N","","","","","","","","","",""