"CRN","ARRIVAL_TM","AUTOMOBILE_COUNT","BELTED_DEATH_COUNT","BELTED_SUSP_SERIOUS_INJ_COUNT","BICYCLE_COUNT","BICYCLE_DEATH_COUNT","BICYCLE_SUSP_SERIOUS_INJ_COUNT","BUS_COUNT","CHLDPAS_DEATH_COUNT","CHLDPAS_SUSP_SERIOUS_INJ_COUNT","COLLISION_TYPE","COMM_VEH_COUNT","CONS_ZONE_SPD_LIM","COUNTY","CRASH_MONTH","CRASH_YEAR","DAY_OF_WEEK","DEC_LATITUDE","DEC_LONGITUDE","DISPATCH_TM","DISTRICT","DRIVER_COUNT_16YR","DRIVER_COUNT_17YR","DRIVER_COUNT_18YR","DRIVER_COUNT_19YR","DRIVER_COUNT_20YR","DRIVER_COUNT_50_64YR","DRIVER_COUNT_65_74YR","DRIVER_COUNT_75PLUS","EST_HRS_CLOSED","FATAL_COUNT","HEAVY_TRUCK_COUNT","HORSE_BUGGY_COUNT","HOUR_OF_DAY","ILLUMINATION","INJURY_COUNT","INTERSECTION_RELATED","INTERSECT_TYPE","LANE_CLOSED","LATITUDE","LN_CLOSE_DIR","LOCATION_TYPE","LONGITUDE","MAX_SEVERITY_LEVEL","MCYCLE_DEATH_COUNT","MCYCLE_SUSP_SERIOUS_INJ_COUNT","MOTORCYCLE_COUNT","MUNICIPALITY","NONMOTR_COUNT","NONMOTR_DEATH_COUNT","NONMOTR_SUSP_SERIOUS_INJ_COUNT","NTFY_HIWY_MAINT","PED_COUNT","PED_DEATH_COUNT","PED_SUSP_SERIOUS_INJ_COUNT","PERSON_COUNT","POLICE_AGCY","POSSIBLE_INJ_COUNT","RDWY_SURF_TYPE_CD","RELATION_TO_ROAD","ROADWAY_CLEARED","ROAD_CONDITION","SCH_BUS_IND","SCH_ZONE_IND","SECONDARY_CRASH","SMALL_TRUCK_COUNT","SPEC_JURIS_CD","SUSP_MINOR_INJ_COUNT","SUSP_SERIOUS_INJ_COUNT","SUV_COUNT","TCD_FUNC_CD","TCD_TYPE","TFC_DETOUR_IND","TIME_OF_DAY","TOTAL_UNITS","TOT_INJ_COUNT","UNBELTED_OCC_COUNT","UNB_DEATH_COUNT","UNB_SUSP_SERIOUS_INJ_COUNT","UNK_INJ_DEG_COUNT","UNK_INJ_PER_COUNT","URBAN_RURAL","VAN_COUNT","VEHICLE_COUNT","WEATHER1","WEATHER2","WORKERS_PRES","WORK_ZONE_IND","WORK_ZONE_LOC","WORK_ZONE_TYPE","WZ_CLOSE_DETOUR","WZ_FLAGGER","WZ_LAW_OFFCR_IND","WZ_LN_CLOSURE","WZ_MOVING","WZ_OTHER","WZ_SHLDER_MDN","WZ_WORKERS_INJ_KILLED"
"2021097879","","0","0","0","0","0","0","0","0","0","7","0","","67","10","2021","7","40.007748","-75.201789","","6","0","0","0","0","0","0","0","0","","0","0","0","","","1","N","7","","40 00:27.893","3","0","75 12:06.440","3","0","0","0","67301","0","0","0","Y","0","0","0","1","68K01","0","","2.0","113.0","1","N","N","N","1","","1","0","0","","0","Y","","1","1","0","0","0","0","0","2","0","1","","","","N","","","","","","","","","",""
"2021096423","","1","0","0","0","0","0","0","0","0","5","0","","67","9","2021","3","39.970139","-75.12516","","6","0","0","0","0","0","0","0","0","","0","0","0","","","1","N","0","","39 58:12.501","1","0","75 07:30.576","8","0","0","0","67301","0","0","0","N","0","0","0","2","68K01","0","","1.0","2030.0","1","N","N","N","0","","0","0","1","","0","Y","","2","1","0","0","0","1","0","2","0","2","","","","N","","","","","","","","","",""
"2021055392","","1","0","0","0","0","0","0","0","0","4","0","","67","6","2021","7","40.021294","-75.160219","","6","0","0","0","0","0","0","1","0","","0","0","0","","","4","","1","","40 01:16.660","2","0","75 09:36.790","4","0","0","0","67301","0","0","0","N","0","0","0","5","67301","1","","1.0","130.0","1","N","N","N","0","","0","0","1","","2","Y","","2","4","0","0","0","3","1","2","0","2","","","","N","","","","","","","","","",""
"2021085889","","0","0","0","0","0","0","0","0","0","7","0","","67","8","2021","7","40.046752","-75.000763","","6","0","0","0","0","0","0","0","0","","0","0","0","","","0","N","7","","40 02:48.306","","0","75 00:02.745","9","0","0","0","67301","0","0","0","Y","0","0","0","1","68K01","0","","4.0","","1","N","N","N","0","","0","0","1","","0","","","1","0","0","0","0","0","1","2","0","1","","","","N","","","","","","","","","",""
"2021058820","","0","0","0","0","0","0","0","0","0","1","0","","67","6","2021","1","40.020725","-75.140022","","6","0","0","0","0","1","0","0","0","","0","0","0","","","0","Y","0","","40 01:14.610","","0","75 08:24.080","0","0","0","0","67301","0","0","0","N","0","0","0","3","67301","0","","1.0","","1","N","N","N","0","","0","0","2","","2","","","3","0","2","0","0","0","0","2","0","3","","","","N","","","","","","","","","",""
"2021055883","","1","0","0","0","0","0","0","0","0","2","0","","67","6","2021","4","40.03471","-75.116959","","6","0","0","0","0","0","0","0","0","","0","0","0","","","2","N","0","","40 02:04.957","6","0","75 07:01.054","8","0","0","0","67301","0","0","0","N","0","0","0","3","67301","0","","1.0","1119.0","1","N","N","N","0","","0","0","3","","0","Y","","4","2","0","0","0","2","1","2","0","4","","03","","N","","","","","","","","","",""
"2021096231","","0","0","0","0","0","0","0","0","0","1","0","","67","10","2021","1","39.89994","-75.160157","","6","0","0","0","0","0","0","0","0","","0","0","0","","","0","N","0","","39 53:59.784","","0","75 09:36.566","0","0","0","0","67301","0","0","0","N","0","0","0","4","68K01","0","","1.0","","1","N","N","N","1","","0","0","1","","0","","","2","0","0","0","0","0","0","2","0","2","","03","","N","","","","","","","","","",""
"2021059417","","1","0","0","0","0","0","0","0","0","5","0","","67","6","2021","7","40.017728","-75.086481","","6","0","0","0","0","0","0","0","0","","0","0","0","","","1","N","0","","40 01:03.820","2","0","75 05:11.330","3","0","0","0","67301","0","0","0","N","0","0","0","2","67301","0","","6.0","2145.0","1","N","N","N","0","","1","0","1","","0","Y","","2","1","0","0","0","0","0","2","0","2","","","","N","","","","","","","","","",""
"2021081015","","3","0","0","0","0","0","0","0","0","5","0","","67","8","2021","6","39.922098","-75.152029","","6","0","0","0","0","0","0","1","0","","0","0","0","","","1","N","0","","39 55:19.552","4","0","75 09:07.305","3","0","0","0","67301","0","0","0","N","0","0","0","1","67301","0","","6.0","1530.0","9","N","N","N","0","","1","0","0","","0","Y","","3","1","0","0","0","0","0","2","0","3","","04","","N","","","","","","","","","",""
"2021095884","","1","0","0","0","0","0","0","0","0","7","0","","67","10","2021","7","40.009718","-75.187234","","6","0","0","0","0","0","0","0","0","","0","0","0","","","0","","7","","40 00:34.985","","2","75 11:14.041","0","0","0","0","67301","0","0","0","N","0","0","0","1","67301","0","","7.0","","1","N","N","N","0","","0","0","0","","0","","","1","0","0","0","0","0","0","2","0","1","","03","","N","","","","","","","","","",""
"2021076216","","2","0","0","0","0","0","0","0","0","4","0","","67","8","2021","7","39.998304","-75.232561","","6","0","0","0","0","0","1","0","1","","0","0","0","","","1","N","0","","39 59:53.896","","7","75 13:57.219","3","0","0","0","67301","0","0","0","N","0","0","0","2","67301","0","","1.0","","1","N","N","N","0","","1","0","0","","0","","","2","1","0","0","0","0","0","2","0","2","","03","","N","","","","","","","","","",""
"2021064368","","1","0","0","0","0","0","0","0","0","4","0","","67","6","2021","1","40.028525","-75.14233","","6","0","0","0","0","0","0","1","0","","0","0","0","","","0","","1","","40 01:42.690","","0","75 08:32.387","9","0","0","0","67301","0","0","0","N","0","0","0","3","67301","0","","1.0","","1","N","N","N","0","","0","0","1","","3","","","2","0","0","0","0","0","3","2","0","2","","","","N","","","","","","","","","",""
"2021080684","","1","0","0","0","0","0","1","0","0","4","1","","67","8","2021","6","39.959725","-75.19521","","6","0","0","0","0","0","0","0","0","","0","0","0","","","1","","1","","39 57:35.010","6","0","75 11:42.756","4","0","0","0","67301","0","0","0","N","0","0","0","3","67507","1","","1.0","1931.0","1","Y","N","N","0","","0","0","0","","3","Y","","2","1","0","0","0","0","0","2","0","2","","03","","N","","","","","","","","","",""
"2021057137","","3","0","0","0","0","0","0","0","0","6","0","","67","6","2021","2","39.960428","-75.230847","","6","0","0","0","0","0","0","0","0","","0","0","0","","","1","N","0","","39 57:37.540","","0","75 13:51.050","8","0","0","0","67301","0","0","0","N","0","0","0","3","67301","0","","1.0","","1","N","N","N","0","","0","0","1","","0","","","4","1","1","0","0","1","1","2","0","4","","03","","N","","","","","","","","","",""
"2021051827","","2","0","0","0","0","0","0","0","0","5","0","","67","6","2021","1","40.028064","-75.161865","","6","0","0","0","0","0","0","0","0","","0","0","0","","","1","N","0","","40 01:41.030","","0","75 09:42.713","4","0","0","0","67301","0","0","0","N","0","0","0","1","67301","1","","6.0","","1","N","N","N","0","","0","0","1","","0","","","3","1","0","0","0","0","0","2","0","3","","","","N","","","","","","","","","",""
"2021052661","","1","0","0","0","0","0","0","0","0","4","0","","67","6","2021","3","39.963097","-75.189939","","6","0","0","0","0","0","0","0","0","","0","0","0","","","1","","1","","39 57:47.150","","0","75 11:23.780","4","0","0","0","67301","0","0","0","N","0","0","0","2","67507","1","","1.0","","9","N","N","N","0","","0","0","1","","2","","","2","1","0","0","0","0","0","2","0","2","","03","","N","","","","","","","","","",""
"2021082423","","1","0","0","0","0","0","0","0","0","5","1","","67","8","2021","1","39.978969","-75.109631","","6","0","0","0","0","0","0","0","0","","0","1","0","","","0","N","0","","39 58:44.290","2","0","75 06:34.673","9","0","0","0","67301","0","0","0","N","0","0","0","3","68K01","0","","1.0","349.0","9","N","N","N","0","","0","0","1","","0","N","","3","0","0","0","0","0","1","2","0","3","","","","N","","","","","","","","","",""
"2021057465","","2","0","0","0","0","0","0","0","0","1","0","","67","6","2021","6","40.036608","-75.064461","","6","0","0","0","0","0","0","0","0","","0","0","0","","","2","","1","","40 02:11.789","","0","75 03:52.061","3","0","0","0","67301","0","0","0","N","0","0","0","4","67301","0","","1.0","","1","N","N","N","0","","2","0","1","","2","","","3","2","0","0","0","0","0","2","0","3","","03","","N","","","","","","","","","",""
"2021053765","","2","0","0","0","0","0","0","0","0","1","0","","67","6","2021","5","40.07445","-75.169119","","6","0","0","2","0","0","0","0","0","","0","0","0","","","0","N","0","","40 04:28.020","1","0","75 10:08.830","0","0","0","0","67301","0","0","0","N","0","0","0","2","67301","0","","1.0","2110.0","1","N","N","N","1","","0","0","3","","0","Y","","6","0","0","0","0","0","0","2","0","6","","03","","N","","","","","","","","","",""
"2021079861","","0","0","0","0","0","0","0","0","0","6","1","","67","8","2021","4","39.979163","-75.161584","","6","0","0","0","0","0","0","1","0","","0","1","0","","","1","N","0","","39 58:44.986","","0","75 09:41.703","4","0","0","0","67301","0","0","0","N","0","0","0","3","67505","1","","1.0","","1","N","N","N","0","","0","0","1","","0","","","2","1","0","0","0","0","0","2","0","2","","03","","N","","","","","","","","","",""
"2021055391","","1","0","0","0","0","0","0","0","0","8","0","","67","6","2021","3","39.992287","-75.142195","","6","0","0","0","0","0","0","0","0","","0","0","0","","","1","","1","","39 59:32.233","","0","75 08:31.901","3","0","0","0","67301","1","0","0","N","1","0","0","2","67301","0","","1.0","","1","N","N","N","0","","1","0","0","","2","","","2","1","0","0","0","0","1","2","0","1","","03","","N","","","","","","","","","",""
"2021053672","","1","0","0","0","0","0","0","0","0","1","0","","67","6","2021","5","40.039047","-75.144609","","6","0","0","0","0","0","0","0","0","","0","0","0","","","1","","1","","40 02:20.569","","0","75 08:40.591","3","0","0","0","67301","0","0","0","N","0","0","0","2","67301","0","","1.0","","1","N","N","N","0","","1","0","1","","2","","","2","1","0","0","0","0","1","2","0","2","","03","","N","","","","","","","","","",""
"2021055481","","3","0","0","0","0","0","0","0","0","5","0","","67","6","2021","2","39.917389","-75.175472","","6","0","0","0","0","1","0","0","0","","0","0","0","","","0","N","0","","39 55:02.600","4","0","75 10:31.700","0","0","0","0","67301","0","0","0","N","0","0","0","1","67301","0","","3.0","640.0","1","N","N","N","0","","0","0","1","","0","N","","5","0","0","0","0","0","0","2","1","5","","03","","N","","","","","","","","","",""
"2021082102","","1","0","0","0","0","0","0","0","0","7","0","","67","8","2021","7","40.010163","-75.063314","","6","0","0","0","0","0","0","0","0","","0","0","0","","","1","N","0","","40 00:36.585","1","0","75 03:47.929","3","0","0","0","67301","0","0","0","N","0","0","0","1","68K01","0","","4.0","10.0","9","N","N","N","0","","1","0","0","","0","N","","1","1","0","0","0","0","0","2","0","1","","","","N","","","","","","","","","",""
"2021054465","","2","0","0","0","0","0","0","0","0","5","0","","67","6","2021","1","40.046447","-75.062611","","6","0","0","0","0","0","0","0","0","","0","0","0","","","0","N","0","","40 02:47.210","","0","75 03:45.400","0","0","0","0","67301","0","0","0","N","0","0","0","1","67301","0","","6.0","","1","N","N","N","0","","0","0","0","","0","","","2","0","1","0","0","0","0","2","0","2","","03","","N","","","","","","","","","",""
"2021057112","","1","0","0","0","0","0","0","0","0","2","0","","67","6","2021","4","39.939844","-75.211391","","6","0","0","0","0","0","0","0","0","","0","0","0","","","2","","1","","39 56:23.438","","0","75 12:41.008","3","0","0","0","67301","0","0","0","N","0","0","0","3","67301","0","","1.0","","1","N","N","N","0","","2","0","1","","2","","","2","2","0","0","0","0","0","2","0","2","","03","","N","","","","","","","","","",""
"2021081877","","1","0","0","0","0","0","0","0","0","7","0","","67","8","2021","7","39.994903","-75.198264","","6","0","0","0","0","0","0","0","0","","0","0","0","","","1","N","0","","39 59:41.652","","0","75 11:53.752","4","0","0","0","67301","0","0","0","N","0","0","0","3","68K01","1","","4.0","","1","N","N","N","0","","0","0","0","","0","","","1","1","2","0","0","0","0","2","0","1","","","","N","","","","","","","","","",""
"2021081357","","0","0","0","0","0","0","0","0","0","1","0","","67","8","2021","4","40.007242","-75.192896","","6","0","0","0","0","0","1","0","0","","0","0","0","","","1","N","0","","40 00:26.072","","0","75 11:34.426","3","0","0","0","67301","0","0","0","N","0","0","0","2","67301","0","","1.0","","1","N","N","N","2","","1","0","0","","0","","","2","1","0","0","0","0","0","2","0","2","","03","","N","","","","","","","","","",""
"2021054961","","1","0","0","0","0","0","0","0","0","6","0","35","67","6","2021","2","39.91225","-75.172056","","6","0","0","0","0","0","0","0","0","","0","0","0","","","0","N","0","","39 54:44.100","3","3","75 10:19.400","0","0","0","0","67301","0","0","0","N","0","0","0","2","67501","0","","1.0","2215.0","9","N","N","N","0","","0","0","1","","0","N","","2","0","0","0","0","0","0","2","0","2","","","N","Y","4","1","","","N","Y","","","Y","N"
"2021081906","","1","0","0","0","0","0","0","0","0","4","0","","67","8","2021","5","40.009165","-75.067753","","6","0","0","0","0","0","0","0","0","","0","0","0","","","1","N","0","","40 00:32.995","2","0","75 04:03.911","8","0","0","0","67301","0","0","0","N","0","0","0","2","68K01","0","","1.0","350.0","1","N","N","N","0","","0","0","1","","0","N","","2","1","0","0","0","1","0","2","0","2","","03","","N","","","","","","","","","",""
"2021057119","","2","0","0","0","0","0","0","0","0","5","0","","67","6","2021","6","39.925003","-75.221525","","6","0","0","0","0","0","0","0","0","","0","0","0","","","1","N","0","","39 55:30.012","","0","75 13:17.491","8","0","0","0","67301","0","0","0","N","0","0","0","1","67301","0","","6.0","","1","N","N","N","0","","0","0","0","","0","","","2","1","0","0","0","1","0","2","0","2","","","","N","","","","","","","","","",""
"2021054108","","1","0","0","0","0","0","0","0","0","4","0","","67","6","2021","4","39.993952","-75.149091","","6","0","0","0","0","0","0","1","0","","0","0","0","","","1","","1","","39 59:38.227","1","0","75 08:56.727","4","0","0","0","67301","0","0","0","N","0","0","0","2","67301","1","","1.0","1319.0","1","N","N","N","0","","0","0","1","","3","Y","","2","1","0","0","0","0","0","2","0","2","","03","","N","","","","","","","","","",""
"2021053564","","1","0","0","0","0","0","0","0","0","4","0","","67","6","2021","5","40.035437","-75.108493","","6","0","0","0","0","0","0","0","0","","0","0","0","","","0","","1","","40 02:07.572","4","0","75 06:30.576","9","0","0","0","67301","0","0","0","N","0","0","0","2","67301","0","","1.0","900.0","1","N","N","N","1","","0","0","0","","2","N","","2","0","0","0","0","0","1","2","0","2","","","","N","","","","","","","","","",""
"2021058231","","2","0","0","0","0","0","0","0","0","1","0","","67","6","2021","5","39.948336","-75.142074","","6","0","0","0","0","0","1","0","0","","0","0","0","","","1","N","0","","39 56:54.011","2","0","75 08:31.468","8","0","0","0","67301","0","0","0","N","0","0","0","3","68K01","0","","1.0","2034.0","1","N","N","N","0","","0","0","1","","0","N","","3","1","0","0","0","1","0","2","0","3","","","","N","","","","","","","","","",""
"2021053572","","1","0","0","0","0","0","0","0","0","4","0","","67","6","2021","4","39.950967","-75.151982","","6","0","0","0","0","1","0","0","0","","0","0","0","","","1","","1","","39 57:03.480","","0","75 09:07.134","8","0","0","1","67301","0","0","0","N","0","0","0","2","67301","0","","1.0","","1","N","N","N","0","","0","0","0","","2","","","2","1","0","0","0","1","0","2","0","2","","03","","N","","","","","","","","","",""
"2021053618","","1","0","0","0","0","0","0","0","0","4","0","","67","6","2021","3","39.937275","-75.176702","","6","0","0","0","0","0","0","0","0","","0","0","0","","","2","","5","","39 56:14.189","","0","75 10:36.127","3","0","0","0","67301","0","0","0","N","0","0","0","2","67301","1","","1.0","","1","N","N","N","0","","1","0","1","","3","","","2","2","0","0","0","0","0","2","0","2","","03","","N","","","","","","","","","",""
"2021082470","","1","0","0","0","0","0","0","0","0","7","0","","67","9","2021","4","39.957126","-75.152369","","6","0","0","0","0","0","0","0","0","","0","0","0","","","2","N","0","","39 57:25.653","4","0","75 09:08.529","3","0","0","0","67301","0","0","0","N","0","0","0","2","68K01","0","","2.0","623.0","9","N","N","N","0","","2","0","0","","0","N","","1","2","0","0","0","0","0","2","0","1","","","","N","","","","","","","","","",""
"2021057094","","1","0","0","0","0","0","0","0","0","4","0","","67","6","2021","1","40.047134","-75.059054","","6","0","0","0","0","0","0","0","0","","0","0","0","","","1","N","0","","40 02:49.682","","7","75 03:32.595","8","0","0","1","67301","0","0","0","N","0","0","0","2","67301","0","","1.0","","1","N","N","N","0","","0","0","0","","3","","","2","1","0","0","0","1","0","2","0","2","","03","","N","","","","","","","","","",""
"2021054019","","1","0","0","0","0","0","0","0","0","1","0","","67","6","2021","7","40.029616","-75.103469","","6","0","0","0","0","1","0","0","0","","0","0","0","","","1","N","0","","40 01:46.616","","0","75 06:12.488","2","0","0","0","67301","0","0","0","N","0","0","0","2","67301","0","","1.0","","1","N","N","N","0","","0","1","1","","0","","","2","1","0","0","0","0","0","2","0","2","","03","","N","","","","","","","","","",""
"2021057155","","0","0","0","0","0","0","0","0","0","8","0","","67","6","2021","7","39.990587","-75.10462","","6","0","0","0","0","0","0","0","0","","0","0","0","","","1","","2","","39 59:26.113","","0","75 06:16.632","2","0","0","1","67301","1","0","1","N","1","0","1","2","67301","0","","4.0","","1","N","N","N","0","","0","1","0","","0","","","2","1","0","0","0","0","0","2","0","1","","03","","N","","","","","","","","","",""
"2021082266","","2","0","0","0","0","0","0","0","0","1","0","","67","8","2021","2","39.900013","-75.206707","","6","0","0","0","0","0","0","0","0","","1","0","0","","","3","N","0","","39 54:00.045","6","3","75 12:24.144","1","0","0","0","67301","0","0","0","N","0","0","0","7","67301","0","1","1.0","247.0","9","N","N","N","0","0","3","0","1","","0","Y","","3","3","1","1","0","0","2","2","0","3","","07","","N","","","","","","","","","",""
"2021055589","","0","0","0","0","0","0","0","0","0","8","0","","67","6","2021","4","40.036341","-75.175286","","6","0","0","0","0","0","0","1","0","","0","0","0","","","1","N","0","","40 02:10.826","","0","75 10:31.030","8","0","0","0","67301","1","0","0","N","1","0","0","2","67301","0","","6.0","","1","N","N","N","0","","0","0","1","","0","","","2","1","0","0","0","1","0","2","0","1","","","","N","","","","","","","","","",""
"2021057826","","0","0","0","0","0","0","0","0","0","0","0","","67","6","2021","1","39.936219","-75.199614","","6","0","0","0","0","0","0","0","0","","0","0","0","","","1","N","0","","39 56:10.390","","3","75 11:58.611","3","0","0","0","67301","0","0","0","N","0","0","0","1","68K01","0","","1.0","","1","N","N","N","0","","1","0","1","","0","","","1","1","0","0","0","0","0","2","0","1","","","","N","","","","","","","","","",""
"2021081666","","1","0","0","0","0","0","0","0","0","5","0","","67","8","2021","6","40.005855","-75.075052","","6","0","0","0","1","0","1","0","0","","0","0","0","","","1","N","0","","40 00:21.078","","0","75 04:30.186","3","0","0","0","67301","0","0","0","N","0","0","0","2","68K01","0","","1.0","","1","N","N","N","0","","1","0","1","","0","","","2","1","0","0","0","0","0","2","0","2","","","","N","","","","","","","","","",""
"2021081635","","2","0","0","0","0","0","0","0","0","1","0","","67","8","2021","3","40.008251","-75.203227","","6","0","0","0","0","0","1","0","0","","0","0","0","","","0","N","0","","40 00:29.705","","0","75 12:11.616","0","0","0","0","67301","0","0","0","N","0","0","0","2","68K01","0","","1.0","","1","N","N","N","0","","0","0","0","","0","","","2","0","0","0","0","0","0","2","0","2","","03","","N","","","","","","","","","",""
"2021055765","","2","0","0","0","0","0","0","0","0","5","0","","67","6","2021","4","40.034327","-75.074953","","6","0","0","0","0","0","0","0","0","","0","0","0","","","2","","5","","40 02:03.577","","0","75 04:29.830","3","0","0","0","67301","0","0","0","N","0","0","0","2","67301","1","","1.0","","1","N","N","N","0","","1","0","0","","2","","","2","2","0","0","0","0","0","2","0","2","","03","","N","","","","","","","","","",""
"2021080986","","2","0","0","0","0","0","0","0","0","4","0","","67","3","2021","1","40.018922","-75.049504","","6","0","0","0","0","0","0","1","0","","0","0","0","","","0","","1","","40 01:08.120","","0","75 02:58.216","0","0","0","0","67301","0","0","0","N","0","0","0","3","67301","0","","1.0","","1","N","N","N","0","","0","0","0","","3","","","2","0","0","0","0","0","0","2","0","2","","03","","N","","","","","","","","","",""
"2021081235","","1","0","0","0","0","0","0","0","0","8","0","","67","8","2021","1","40.030129","-75.035161","","6","0","0","0","0","0","0","0","0","","0","0","0","","","1","","1","","40 01:48.464","4","0","75 02:06.579","3","0","0","0","67301","1","0","0","N","1","0","0","2","67301","0","","1.0","1740.0","1","N","N","N","0","","1","0","0","","2","N","","2","1","0","0","0","0","0","2","0","1","","03","","N","","","","","","","","","",""
"2021055881","","1","0","0","0","0","0","0","0","0","8","0","","67","6","2021","2","40.029502","-75.146713","","6","0","0","0","0","0","0","0","0","","0","0","0","","","1","","1","","40 01:46.206","","0","75 08:48.166","8","0","0","0","67301","1","0","0","N","1","0","0","2","67301","0","","1.0","","99","N","N","N","0","","0","0","0","","2","","","2","1","1","0","0","1","1","2","0","1","","","","N","","","","","","","","","",""
"2021052486","","1","0","0","0","0","0","0","0","0","8","0","","67","6","2021","3","39.954325","-75.198628","","6","0","0","0","0","1","0","0","0","","0","0","0","","","1","N","0","","39 57:15.570","","0","75 11:55.062","8","0","0","0","67301","1","0","0","N","1","0","0","2","67504","0","","1.0","","1","N","N","N","0","","0","0","0","","0","","","2","1","1","0","0","1","0","2","0","1","","04","","N","","","","","","","","","",""
"2021064177","","0","0","0","0","0","0","0","0","0","4","0","","67","6","2021","4","40.035689","-75.108559","","6","0","0","0","0","0","0","1","0","","0","0","0","","","1","N","0","","40 02:08.481","","7","75 06:30.814","8","0","0","0","67301","0","0","0","N","0","0","0","3","67301","0","","1.0","","1","N","N","N","0","","0","0","2","","0","","","2","1","0","0","0","1","2","2","0","2","","03","","N","","","","","","","","","",""
"2021065369","","3","0","0","0","0","0","0","0","0","7","0","45","67","6","2021","3","39.980511","-75.104631","","6","0","0","0","0","0","0","0","0","","0","0","0","","","1","N","0","","39 58:49.838","2","0","75 06:16.671","3","0","0","0","67301","0","0","0","N","0","0","0","3","68K01","0","","4.0","2355.0","1","N","N","N","0","","1","0","0","","8","N","","3","1","1","0","0","0","1","2","0","3","","","N","Y","4","1","","","N","Y","","","Y","N"
"2021064322","","1","0","0","0","0","0","0","0","0","7","0","","67","6","2021","4","39.99163","-75.154969","","6","0","0","0","0","0","0","0","0","","0","0","0","","","0","N","0","","39 59:29.867","","0","75 09:17.889","9","0","0","0","67301","0","0","0","N","0","0","0","1","67301","0","","3.0","","1","N","N","N","0","","0","0","0","","0","","","1","0","0","0","0","0","1","2","0","1","","03","","N","","","","","","","","","",""
"2021056448","","0","0","0","0","0","0","0","0","0","5","0","","67","6","2021","4","39.899065","-75.173959","","6","0","0","0","0","0","0","0","0","","0","0","0","","","0","","7","","39 53:56.633","2","2","75 10:26.251","0","0","0","0","67301","0","0","0","N","0","0","0","2","68K01","0","","7.0","46.0","1","N","N","N","0","","0","0","1","","0","N","","2","0","0","0","0","0","0","2","1","2","","","","N","","","","","","","","","",""
"2021058568","","2","0","0","0","0","0","0","0","0","1","0","","67","6","2021","2","39.945148","-75.190807","","6","0","0","0","0","0","2","0","0","","0","0","0","","","1","N","0","","39 56:42.534","3","0","75 11:26.904","8","0","0","0","67301","0","0","0","N","0","0","0","4","68K01","0","","1.0","1610.0","1","N","N","N","0","","0","0","1","","0","N","","3","1","0","0","0","1","0","2","0","3","","03","","N","","","","","","","","","",""
"2021053663","","1","0","0","0","0","0","0","0","0","5","0","","67","6","2021","3","39.970141","-75.144304","","6","0","0","0","0","0","0","0","0","","0","0","0","","","0","N","0","","39 58:12.506","4","0","75 08:39.494","9","0","0","0","67301","0","0","0","N","0","0","0","1","67301","0","","6.0","400.0","1","N","N","N","0","","0","0","4","","0","N","","6","0","0","0","0","0","1","2","1","6","","03","","N","","","","","","","","","",""
"2021081600","","1","0","0","0","0","0","0","0","0","1","0","","67","8","2021","5","39.976702","-75.196453","","6","0","0","0","0","0","1","0","0","","0","0","0","","","0","N","0","","39 58:36.126","","0","75 11:47.230","0","0","0","0","67301","0","0","0","N","0","0","0","2","68K01","0","","1.0","","1","N","N","N","0","","0","0","1","","8","","","2","0","0","0","0","0","0","2","0","2","","","","N","","","","","","","","","",""
"2021063250","","2","0","0","0","0","0","0","0","0","1","0","","67","6","2021","5","39.958026","-75.140745","","6","0","0","0","0","0","1","0","0","","0","0","0","","","0","N","0","","39 57:28.894","1","0","75 08:26.682","0","0","0","0","67301","0","0","0","N","0","0","0","2","68K01","0","","1.0","1822.0","1","N","N","N","0","","0","0","0","","0","N","","2","0","0","0","0","0","0","2","0","2","","","","N","","","","","","","","","",""
"2021053937","","1","0","0","1","0","0","0","0","0","8","0","","67","6","2021","5","39.950194","-75.157028","","6","0","0","0","0","0","0","0","0","","0","0","0","","","1","N","0","","39 57:00.700","","0","75 09:25.300","8","0","0","0","67301","1","0","0","N","0","0","0","2","67301","0","","1.0","","1","N","N","N","0","","0","0","0","","0","","","2","1","0","0","0","1","0","2","0","1","","","","N","","","","","","","","","",""
"2021057459","","1","0","0","0","0","0","0","0","0","6","0","","67","6","2021","5","40.03302","-75.207987","","6","0","0","0","0","0","1","0","0","","0","0","0","","","0","N","0","","40 01:58.871","","0","75 12:28.753","0","0","0","0","67301","0","0","0","N","0","0","0","1","67301","0","","6.0","","1","N","N","N","1","","0","0","2","","0","","","4","0","1","0","0","0","0","2","0","4","","03","","N","","","","","","","","","",""
"2021055085","","1","0","0","0","0","0","0","0","0","1","0","","67","6","2021","2","40.033806","-75.046382","","6","0","0","0","0","0","1","0","0","","0","0","0","","","0","N","0","","40 02:01.700","","0","75 02:46.975","0","0","0","0","67301","0","0","0","N","0","0","0","3","67301","0","","1.0","","1","N","N","N","0","","0","0","0","","0","","","2","0","0","0","0","0","0","2","1","2","","","","N","","","","","","","","","",""
"2021064194","","2","0","0","0","0","0","0","0","0","5","0","","67","6","2021","3","40.019878","-75.205722","","6","0","0","0","0","0","0","0","0","","0","0","0","","","1","N","0","","40 01:11.560","5","0","75 12:20.600","8","0","0","0","67301","0","0","0","N","0","0","0","1","67301","0","","6.0","700.0","9","N","N","N","0","","0","0","0","","0","N","","2","1","0","0","0","1","0","2","0","2","","","","N","","","","","","","","","",""