"CRN","ARRIVAL_TM","AUTOMOBILE_COUNT","BELTED_DEATH_COUNT","BELTED_SUSP_SERIOUS_INJ_COUNT","BICYCLE_COUNT","BICYCLE_DEATH_COUNT","BICYCLE_SUSP_SERIOUS_INJ_COUNT","BUS_COUNT","CHLDPAS_DEATH_COUNT","CHLDPAS_SUSP_SERIOUS_INJ_COUNT","COLLISION_TYPE","COMM_VEH_COUNT","CONS_ZONE_SPD_LIM","COUNTY","CRASH_MONTH","CRASH_YEAR","DAY_OF_WEEK","DEC_LATITUDE","DEC_LONGITUDE","DISPATCH_TM","DISTRICT","DRIVER_COUNT_16YR","DRIVER_COUNT_17YR","DRIVER_COUNT_18YR","DRIVER_COUNT_19YR","DRIVER_COUNT_20YR","DRIVER_COUNT_50_64YR","DRIVER_COUNT_65_74YR","DRIVER_COUNT_75PLUS","EST_HRS_CLOSED","FATAL_COUNT","HEAVY_TRUCK_COUNT","HORSE_BUGGY_COUNT","HOUR_OF_DAY","ILLUMINATION","INJURY_COUNT","INTERSECTION_RELATED","INTERSECT_TYPE","LANE_CLOSED","LATITUDE","LN_CLOSE_DIR","LOCATION_TYPE","LONGITUDE","MAX_SEVERITY_LEVEL","MCYCLE_DEATH_COUNT","MCYCLE_SUSP_SERIOUS_INJ_COUNT","MOTORCYCLE_COUNT","MUNICIPALITY","NONMOTR_COUNT","NONMOTR_DEATH_COUNT","NONMOTR_SUSP_SERIOUS_INJ_COUNT","NTFY_HIWY_MAINT","PED_COUNT","PED_DEATH_COUNT","PED_SUSP_SERIOUS_INJ_COUNT","PERSON_COUNT","POLICE_AGCY","POSSIBLE_INJ_COUNT","RDWY_SURF_TYPE_CD","RELATION_TO_ROAD","ROADWAY_CLEARED","ROAD_CONDITION","SCH_BUS_IND","SCH_ZONE_IND","SECONDARY_CRASH","SMALL_TRUCK_COUNT","SPEC_JURIS_CD","SUSP_MINOR_INJ_COUNT","SUSP_SERIOUS_INJ_COUNT","SUV_COUNT","TCD_FUNC_CD","TCD_TYPE","TFC_DETOUR_IND","TIME_OF_DAY","TOTAL_UNITS","TOT_INJ_COUNT","UNBELTED_OCC_COUNT","UNB_DEATH_COUNT","UNB_SUSP_SERIOUS_INJ_COUNT","UNK_INJ_DEG_COUNT","UNK_INJ_PER_COUNT","URBAN_RURAL","VAN_COUNT","VEHICLE_COUNT","WEATHER1","WEATHER2","WORKERS_PRES","WORK_ZONE_IND","WORK_ZONE_LOC","WORK_ZONE_TYPE","WZ_CLOSE_DETOUR","WZ_FLAGGER","WZ_LAW_OFFCR_IND","WZ_LN_CLOSURE","WZ_MOVING","WZ_OTHER","WZ_SHLDER_MDN","WZ_WORKERS_INJ_KILLED"
"2021053615","","4","0","0","0","0","0","0","0","0","5","0","","67","6","2021","5","39.963853","-75.193489","","6","0","0","0","0","0","0","0","0","","0","0","0","","","0","N","0","","39 57:49.870","","0","75 11:36.560","9","0","0","0","67301","0","0","0","N","0","0","0","1","67301","0","","6.0","","1","N","N","N","0","","0","0","3","","0","","","7","0","0","0","0","0","1","2","0","7","","03","","N","","","","","","","","","",""
"2021054211","","0","0","0","0","0","0","0","0","0","1","0","","67","6","2021","7","39.962","-75.148056","","6","0","0","0","0","0","0","0","0","","0","0","0","","","1","N","0","","39 57:43.200","","0","75 08:53.000","3","0","0","0","67301","0","0","0","N","0","0","0","1","67301","0","","6.0","","1","N","N","N","0","","1","0","1","","0","","","2","1","0","0","0","0","0","2","0","2","","","","N","","","","","","","","","",""
"2021082631","","1","0","0","0","0","0","0","0","0","7","0","","67","6","2021","2","39.913139","-75.17875","","6","0","0","0","0","0","0","0","0","","0","0","0","","","0","N","0","","39 54:47.300","","3","75 10:43.500","0","0","0","0","67301","0","0","0","N","0","0","0","1","67501","0","","4.0","","9","N","N","Y","0","","0","0","0","","0","","","1","0","0","0","0","0","0","2","0","1","","","","N","","","","","","","","","",""
"2021064242","","0","0","0","0","0","0","0","0","0","4","0","","67","6","2021","3","40.065889","-75.176518","","6","0","0","0","0","0","1","0","0","","0","0","0","","","0","","1","","40 03:57.202","","0","75 10:35.464","0","0","0","0","67301","0","0","0","N","0","0","0","2","67301","0","","1.0","","1","N","N","N","0","","0","0","2","","3","","","2","0","0","0","0","0","0","2","0","2","","03","","N","","","","","","","","","",""
"2021062446","","1","0","0","0","0","0","0","0","0","7","0","","67","6","2021","3","39.993553","-75.084588","","6","0","0","0","0","0","0","0","0","","0","0","0","","","0","N","0","","39 59:36.791","","0","75 05:04.518","0","0","0","0","67301","0","0","0","N","0","0","0","1","68K01","0","","3.0","","9","N","N","N","0","","0","0","0","","0","","","1","0","0","0","0","0","0","2","0","1","","","","N","","","","","","","","","",""
"2021054213","","1","0","0","0","0","0","0","0","0","6","0","","67","6","2021","4","40.051394","-75.000997","","6","0","0","0","0","0","0","1","0","","0","0","0","","","0","N","0","","40 03:05.019","6","0","75 00:03.589","0","0","0","0","67301","0","0","0","N","0","0","0","3","67301","0","","1.0","1045.0","1","N","N","N","0","","0","0","1","","0","Y","","2","0","0","0","0","0","0","2","0","2","","03","","N","","","","","","","","","",""
"2021054020","","0","0","0","1","0","0","0","0","0","8","0","","67","6","2021","6","39.958503","-75.148724","","6","0","0","0","0","0","0","1","0","","0","0","0","","","1","","1","","39 57:30.611","","0","75 08:55.408","3","0","0","0","67301","1","0","0","N","0","0","0","2","67301","0","","1.0","","9","N","N","N","0","","1","0","0","","3","","","2","1","0","0","0","0","0","2","1","1","","04","","N","","","","","","","","","",""
"2021087406","","1","0","0","0","0","0","0","0","0","4","0","","67","9","2021","2","40.039039","-75.100726","","6","0","0","0","0","0","1","0","0","","0","0","0","","","1","N","2","","40 02:20.540","2","0","75 06:02.612","8","0","0","0","67301","0","0","0","N","0","0","0","2","68K01","0","","1.0","1500.0","1","N","N","N","0","","0","0","1","","0","N","","2","1","0","0","0","1","0","2","0","2","","","","N","","","","","","","","","",""
"2021056155","","2","0","0","0","0","0","0","0","0","1","0","","67","6","2021","4","39.905135","-75.195044","","6","0","0","1","0","1","0","0","0","","0","0","0","","","1","N","0","","39 54:18.485","","0","75 11:42.157","8","0","0","0","67301","0","0","0","N","0","0","0","3","67301","0","","1.0","","1","N","N","N","0","","0","0","1","","0","","","3","1","3","0","0","1","0","2","0","3","","03","","N","","","","","","","","","",""
"2021071691","","1","0","0","0","0","0","0","0","0","7","0","","67","6","2021","4","40.028544","-75.023438","","6","0","0","0","0","0","0","0","0","","0","0","0","","","0","N","0","","40 01:42.760","2","0","75 01:24.376","0","0","0","0","67301","0","0","0","N","0","0","0","1","68K01","0","","3.0","930.0","1","N","N","N","0","","0","0","0","","0","N","","1","0","0","0","0","0","0","2","0","1","","03","","N","","","","","","","","","",""
"2021060680","","1","0","0","0","0","0","0","0","0","5","0","45","67","6","2021","6","40.009188","-75.066818","","6","0","0","0","0","0","0","0","0","","0","0","0","","","0","N","0","","40 00:33.076","","0","75 04:00.543","0","0","0","0","67301","0","0","0","N","0","0","0","2","68K01","0","","1.0","","1","N","N","N","1","","0","0","0","","0","","","2","0","0","0","0","0","0","2","0","2","","03","N","Y","2","1","","","N","","","","Y","N"
"2021081327","","0","0","0","0","0","0","0","0","0","4","0","","67","8","2021","1","40.021917","-75.089789","","6","0","0","0","0","0","0","0","0","","0","0","0","","","2","N","0","","40 01:18.900","3","0","75 05:23.240","4","0","0","0","67301","0","0","0","N","0","0","0","2","67301","2","","1.0","1820.0","1","N","N","N","0","","0","0","1","","0","Y","","3","2","2","0","0","0","0","2","0","3","","04","","N","","","","","","","","","",""
"2021054111","","0","0","0","0","0","0","0","0","0","8","0","","67","6","2021","3","40.011956","-75.176015","","6","0","0","0","0","0","0","0","0","","0","0","0","","","1","","1","","40 00:43.041","","0","75 10:33.654","3","0","0","0","67301","1","0","0","N","1","0","0","2","67301","0","","1.0","","1","N","N","N","0","","1","0","1","","1","","","2","1","0","0","0","0","1","2","0","1","","03","","N","","","","","","","","","",""
"2021054640","","1","0","0","0","0","0","0","0","0","1","0","","67","6","2021","4","39.943688","-75.142698","","6","0","0","0","0","0","1","0","0","","0","0","0","","","1","N","0","","39 56:37.275","","0","75 08:33.712","8","0","0","0","67301","0","0","0","N","0","0","0","2","68K01","0","","1.0","","1","N","N","N","0","","0","0","1","","0","","","2","1","0","0","0","1","0","2","0","2","","","","N","","","","","","","","","",""
"2021081864","","1","0","0","0","0","0","0","0","0","1","0","","67","7","2021","5","40.018634","-75.047299","","6","0","0","0","0","0","0","0","0","","0","0","0","","","1","N","0","","40 01:07.081","2","0","75 02:50.277","8","0","0","0","67301","0","0","0","N","0","0","0","2","68K01","0","","1.0","30.0","1","N","N","N","1","","0","0","0","","0","N","","2","1","0","0","0","1","0","2","0","2","","03","","N","","","","","","","","","",""
"2021054116","","0","0","0","0","0","0","0","0","0","0","0","","67","6","2021","7","40.001666","-75.190369","","6","0","0","0","0","0","0","0","0","","0","0","0","","","2","N","0","","40 00:05.998","","0","75 11:25.328","2","0","2","1","67301","0","0","0","N","0","0","0","2","67301","0","","1.0","","1","N","N","N","0","","0","2","0","","0","","","1","2","0","0","0","0","0","2","0","1","","03","","N","","","","","","","","","",""
"2021054288","","0","0","0","0","0","0","0","0","0","4","0","","67","6","2021","3","40.099146","-74.986864","","6","0","0","0","0","0","0","0","0","","0","0","0","","","0","","1","","40 05:56.927","","2","74 59:12.712","0","0","0","0","67301","0","0","0","N","0","0","0","2","67301","0","","1.0","","1","N","N","N","0","","0","0","1","","2","","","2","0","0","0","0","0","0","2","1","2","","03","","N","","","","","","","","","",""
"2021059078","","1","0","0","0","0","0","0","0","0","1","0","","67","6","2021","4","39.957864","-75.161794","","6","0","0","0","0","0","1","0","0","","0","0","0","","","1","N","0","","39 57:28.311","","0","75 09:42.460","4","0","0","0","67301","0","0","0","N","0","0","0","3","68K01","1","","1.0","","1","N","N","N","1","","0","0","1","","0","","","3","1","0","0","0","0","0","2","0","3","","","","N","","","","","","","","","",""
"2021087741","","0","0","0","0","0","0","0","0","0","7","0","25","67","9","2021","4","40.015238","-75.1699","","6","0","0","1","0","0","0","0","0","","0","0","0","","","1","","1","","40 00:54.856","3","0","75 10:11.639","3","0","0","0","67301","0","0","0","N","0","0","0","1","67301","0","","4.0","1125.0","1","N","N","N","0","","1","0","1","","2","Y","","1","1","0","0","0","0","0","2","0","1","","","Y","Y","4","2","N","N","Y","N","Y","N","Y","N"
"2021055081","","1","0","0","0","0","0","0","0","0","1","0","","67","6","2021","4","40.026356","-75.097491","","6","0","0","1","0","0","0","0","0","","0","0","0","","","0","","1","","40 01:34.881","","0","75 05:50.967","9","0","0","0","67301","0","0","0","N","0","0","0","3","67301","0","","1.0","","1","N","N","N","0","","0","0","1","","2","","","2","0","0","0","0","0","2","2","0","2","","03","","N","","","","","","","","","",""
"2021054982","","2","0","0","0","0","0","0","0","0","4","0","","67","6","2021","2","39.952436","-75.162543","","6","0","0","0","0","0","0","0","0","","0","0","0","","","0","","3","","39 57:08.768","","0","75 09:45.156","0","0","0","0","67301","0","0","0","N","0","0","0","2","67301","0","","1.0","","1","N","N","N","0","","0","0","0","","2","","","2","0","0","0","0","0","0","2","0","2","","04","","N","","","","","","","","","",""
"2021054644","","1","0","0","0","0","0","0","0","0","7","0","35","67","6","2021","5","39.91175","-75.166972","","6","0","0","0","0","0","0","0","0","","0","0","0","","","1","N","0","","39 54:42.300","4","3","75 10:01.100","3","0","0","0","67301","0","0","0","N","0","0","0","1","67501","0","","4.0","1739.0","1","N","N","N","0","","1","0","0","","0","N","","1","1","0","0","0","0","0","2","0","1","","03","N","Y","2","1","","","N","Y","","","","N"
"2021054287","","2","0","0","0","0","0","0","0","0","4","0","","67","6","2021","7","39.945139","-75.150044","","6","0","0","0","0","0","0","0","0","","0","0","0","","","1","","1","","39 56:42.500","","0","75 09:00.158","3","0","0","0","67301","0","0","0","N","0","0","0","3","67301","0","","1.0","","1","N","N","Y","0","","1","0","1","","2","","","4","1","1","0","0","0","0","2","0","4","","03","","N","","","","","","","","","",""
"2021080510","","1","0","0","0","0","0","0","0","0","1","1","","67","8","2021","5","40.104705","-74.993058","","6","0","0","1","0","0","0","0","0","","0","1","0","","","0","N","0","","40 06:16.939","","0","74 59:35.007","0","0","0","0","67301","0","0","0","N","0","0","0","4","67301","0","","1.0","","1","N","N","N","0","","0","0","0","","0","","","2","0","1","0","0","0","0","2","0","2","","03","","N","","","","","","","","","",""
"2021087300","","1","0","0","0","0","0","0","0","0","4","0","","67","9","2021","4","40.094139","-75.014586","","6","0","0","0","0","1","0","1","0","","0","0","0","","","1","N","0","","40 05:38.900","3","7","75 00:52.510","3","0","0","0","67301","0","0","0","N","0","0","0","3","67301","0","","1.0","1630.0","1","N","N","N","1","","1","0","1","","0","N","","3","1","0","0","0","0","0","2","0","3","","03","","N","","","","","","","","","",""
"2021054109","","0","0","0","0","0","0","0","0","0","4","0","","67","6","2021","3","40.009232","-75.15778","","6","0","0","0","0","0","0","0","0","","0","0","0","","","3","","1","","40 00:33.235","","0","75 09:28.008","3","0","0","0","67301","0","0","0","N","0","0","0","6","67301","1","","1.0","","9","N","N","N","0","","2","0","2","","3","","","2","3","0","0","0","0","1","2","0","2","","","","N","","","","","","","","","",""
"2021081028","","1","0","0","0","0","0","0","0","0","8","0","","67","8","2021","6","40.032917","-75.026169","","6","0","0","0","0","0","0","0","0","","0","0","0","","","1","N","0","","40 01:58.500","","0","75 01:34.210","8","0","0","0","67301","1","0","0","N","1","0","0","2","67301","0","","1.0","","1","N","N","N","0","","0","0","0","","0","","","2","1","0","0","0","1","0","2","0","1","","","","N","","","","","","","","","",""
"2021053669","","2","0","0","0","0","0","0","0","0","4","0","","67","6","2021","3","40.028683","-75.117741","","6","0","0","0","0","0","0","0","0","","0","0","0","","","1","","1","","40 01:43.257","","0","75 07:03.868","8","0","0","0","67301","0","0","0","N","0","0","0","2","67301","0","","1.0","","1","N","N","N","0","","0","0","0","","2","","","3","1","0","0","0","1","1","2","1","3","","","","N","","","","","","","","","",""
"2021069825","","2","0","0","0","0","0","0","0","0","6","0","","67","6","2021","4","40.052814","-75.175222","","6","0","0","0","0","1","0","0","0","","0","0","0","","","1","N","0","","40 03:10.130","","0","75 10:30.800","4","0","0","0","67301","0","0","0","N","0","0","0","2","67301","1","","1.0","","9","N","N","N","0","","0","0","0","","0","","","2","1","0","0","0","0","0","2","0","2","","03","","N","","","","","","","","","",""
"2021058737","","1","0","0","0","0","0","0","0","0","4","0","","67","6","2021","1","40.004551","-75.132065","","6","0","0","0","0","0","0","0","0","","0","0","0","","","2","","1","","40 00:16.383","7","0","75 07:55.433","3","0","0","0","67301","0","0","0","N","0","0","0","2","67301","0","","1.0","1730.0","1","N","N","N","0","","2","0","1","","2","Y","","2","2","1","0","0","0","0","2","0","2","","04","","N","","","","","","","","","",""
"2021055975","","3","0","0","0","0","0","0","0","0","4","0","","67","6","2021","4","39.969999","-75.163109","","6","0","0","0","0","0","0","0","0","","0","0","0","","","0","","1","","39 58:11.995","","0","75 09:47.193","9","0","0","0","67301","0","0","0","N","0","0","0","2","67301","0","","1.0","","1","N","N","N","0","","0","0","0","","3","","","3","0","0","0","0","0","1","2","0","3","","03","","N","","","","","","","","","",""
"2021082104","","1","0","0","0","0","0","0","0","0","7","0","","67","8","2021","7","39.90771","-75.149386","","6","0","0","0","0","0","0","0","0","","0","0","0","","","0","N","0","","39 54:27.757","","0","75 08:57.789","0","0","0","0","67301","0","0","0","N","0","0","0","1","68K01","0","","2.0","","1","N","N","N","0","","0","0","0","","0","","","1","0","0","0","0","0","0","2","0","1","","03","","N","","","","","","","","","",""
"2021053768","","2","0","0","0","0","0","0","0","0","1","0","","67","6","2021","6","39.972919","-75.160864","","6","0","0","0","0","0","1","0","0","","0","0","0","","","0","N","0","","39 58:22.510","","0","75 09:39.110","0","0","0","0","67301","0","0","0","N","0","0","0","1","67301","0","","6.0","","1","N","N","N","0","","0","0","1","","0","","","3","0","0","0","0","0","0","2","0","3","","03","","N","","","","","","","","","",""
"2021058676","","1","0","0","0","0","0","0","0","0","1","0","","67","6","2021","6","40.097536","-74.970342","","6","0","0","0","0","0","1","0","0","","0","0","0","","","0","N","0","","40 05:51.130","","0","74 58:13.230","0","0","0","0","67301","0","0","0","N","0","0","0","1","67301","0","","6.0","","1","N","N","N","0","","0","0","2","","0","","","3","0","0","0","0","0","0","2","0","3","","03","","N","","","","","","","","","",""
"2021057101","","0","0","0","0","0","0","0","0","0","4","0","","67","6","2021","6","40.040156","-75.214146","","6","0","0","0","0","0","1","0","0","","0","0","0","","","0","","2","","40 02:24.561","","0","75 12:50.924","0","0","0","0","67301","0","0","0","N","0","0","0","3","67301","0","","1.0","","9","N","N","N","0","","0","0","2","","2","","","2","0","0","0","0","0","0","2","0","2","","07","","N","","","","","","","","","",""
"2021055386","","2","0","0","0","0","0","0","0","0","4","0","","67","6","2021","3","40.128198","-75.023172","","6","0","0","0","0","0","0","1","0","","0","0","0","","","2","","2","","40 07:41.512","","0","75 01:23.418","3","0","0","0","67301","0","0","0","N","0","0","0","3","67301","0","","1.0","","1","N","N","N","0","","2","0","0","","3","","","2","2","0","0","0","0","0","2","0","2","","03","","N","","","","","","","","","",""
"2021080775","","0","0","0","0","0","0","0","0","0","3","1","","67","8","2021","5","40.020117","-75.132177","","6","0","0","0","0","0","0","0","0","","0","1","0","","","1","","1","","40 01:12.421","","0","75 07:55.837","3","0","0","0","67301","0","0","0","N","0","0","0","2","67301","0","","1.0","","1","N","N","N","0","","1","0","1","","3","","","2","1","0","0","0","0","0","2","0","2","","03","","N","","","","","","","","","",""
"2021071056","","0","0","0","0","0","0","0","0","0","1","0","","67","6","2021","5","39.982711","-75.24126","","6","0","0","0","0","0","0","0","0","","0","0","0","","","2","N","0","","39 58:57.761","4","0","75 14:28.536","3","0","0","0","67301","0","0","0","N","0","0","0","2","67301","0","","1.0","30.0","1","N","N","N","0","","2","0","3","","0","N","","3","2","0","0","0","0","0","2","0","3","","","","N","","","","","","","","","",""
"2021053664","","2","0","0","0","0","0","0","0","0","4","0","","67","6","2021","3","39.979155","-75.137469","","6","0","0","0","0","0","0","0","0","","0","0","0","","","1","","1","","39 58:44.957","","0","75 08:14.888","4","0","0","0","67301","0","0","0","N","0","0","0","2","67301","1","","1.0","","1","N","N","N","0","","0","0","0","","2","","","2","1","2","0","0","0","0","2","0","2","","03","","N","","","","","","","","","",""
"2021080774","","0","0","0","0","0","0","0","0","0","7","0","","67","8","2021","6","40.10707","-74.995835","","6","0","0","0","0","0","0","0","0","","0","0","0","","","0","N","0","","40 06:25.451","","0","74 59:45.006","0","0","0","0","67301","0","0","0","N","0","0","0","2","67301","0","","2.0","","1","N","N","N","0","","0","0","1","","0","","","1","0","0","0","0","0","0","2","0","1","","03","","N","","","","","","","","","",""
"2021080772","","1","0","0","0","0","0","1","0","0","1","1","","67","8","2021","2","","","","6","0","0","0","0","0","1","0","0","","0","0","0","","","1","N","0","","","","7","","8","0","0","0","67301","0","0","0","N","0","0","0","3","67508","0","","1.0","","1","N","N","Y","0","","0","0","0","","2","","","2","1","0","0","0","1","0","1","0","2","","03","","N","","","","","","","","","",""
"2021054582","","0","0","0","0","0","0","0","0","0","8","0","","67","6","2021","1","39.950198","-75.171116","","6","0","0","0","0","0","0","0","0","","0","0","0","","","1","N","0","","39 57:00.713","","0","75 10:16.016","3","0","0","0","67301","1","0","0","N","1","0","0","2","67301","0","","1.0","","1","N","N","N","0","","1","0","1","","0","","","2","1","0","0","0","0","0","2","0","1","","04","","N","","","","","","","","","",""
"2021081560","","1","0","0","0","0","0","0","0","0","5","1","","67","7","2021","1","39.994282","-75.198913","","6","0","0","0","0","0","0","0","0","","0","1","0","","","0","N","0","","39 59:39.416","","0","75 11:56.087","0","0","0","0","67301","0","0","0","N","0","0","0","2","68K01","0","","1.0","","1","N","N","N","0","","0","0","0","","0","","","2","0","0","0","0","0","0","2","0","2","","","","N","","","","","","","","","",""
"2021051933","","2","0","0","0","0","0","0","0","0","1","0","","67","6","2021","2","39.95462","-75.206636","","6","0","0","0","0","0","0","0","0","","0","0","0","","","0","N","0","","39 57:16.633","4","0","75 12:23.891","0","0","0","0","67301","0","0","0","N","0","0","0","1","67301","0","","6.0","345.0","1","N","N","N","0","","0","0","2","","0","Y","","5","0","0","0","0","0","0","2","1","5","","03","","N","","","","","","","","","",""
"2021059516","","1","0","0","0","0","0","0","0","0","4","0","","67","6","2021","1","39.966979","-75.160347","","6","0","0","0","0","0","0","0","0","","0","0","0","","","0","","1","","39 58:01.123","","0","75 09:37.248","0","0","0","0","67301","0","0","0","N","0","0","0","2","67301","0","","1.0","","1","N","N","N","0","","0","0","1","","2","","","2","0","0","0","0","0","0","2","0","2","","03","","N","","","","","","","","","",""
"2021080773","","0","0","0","0","0","0","0","0","0","5","1","","67","8","2021","6","40.114106","-74.98751","","6","0","0","0","0","0","1","0","0","","0","1","0","","","1","N","0","","40 06:50.781","","0","74 59:15.037","3","0","0","0","67301","0","0","0","N","0","0","0","2","67301","0","","1.0","","1","N","N","N","0","","1","0","1","","0","","","2","1","0","0","0","0","0","2","0","2","","","","N","","","","","","","","","",""
"2021055090","","1","0","0","0","0","0","0","0","0","4","0","","67","6","2021","2","39.996481","-75.186899","","6","0","0","0","0","0","0","0","0","","0","0","0","","","2","","1","","39 59:47.333","","0","75 11:12.836","3","0","0","0","67301","0","0","0","N","0","0","0","4","67301","0","","1.0","","1","N","N","N","0","","2","0","1","","3","","","2","2","0","0","0","0","0","2","0","2","","03","","N","","","","","","","","","",""
"2021055089","","2","0","0","0","0","0","0","0","0","6","0","","67","6","2021","7","39.984233","-75.178233","","6","0","0","0","0","0","0","0","0","","0","0","0","","","0","N","0","","39 59:03.240","1","0","75 10:41.640","9","0","0","0","67301","0","0","0","N","0","0","0","2","67301","0","","6.0","2300.0","1","N","N","N","0","","0","0","0","","0","Y","","2","0","1","0","0","0","1","2","0","2","","03","","N","","","","","","","","","",""
"2021053594","","2","0","0","0","0","0","0","0","0","4","0","","67","6","2021","3","40.030259","-75.165512","","6","0","0","0","0","0","0","0","0","","0","0","0","","","0","","2","","40 01:48.932","","0","75 09:55.843","9","0","0","0","67301","0","0","0","N","0","0","0","1","67301","0","","1.0","","9","N","N","N","0","","0","0","0","","3","","","2","0","0","0","0","0","1","2","0","2","","04","","N","","","","","","","","","",""
"2021055234","","1","0","0","0","0","0","0","0","0","4","0","","67","6","2021","2","39.947938","-75.162367","","6","0","0","0","1","0","0","0","0","","0","0","0","","","0","","1","","39 56:52.576","1","0","75 09:44.521","0","0","0","0","67301","0","0","0","N","0","0","0","5","67301","0","","1.0","2030.0","1","N","N","N","0","","0","0","0","","2","N","","2","0","0","0","0","0","0","2","1","2","","03","","N","","","","","","","","","",""
"2021053573","","0","0","0","0","0","0","0","0","0","1","0","","67","6","2021","4","39.958657","-75.137628","","6","0","0","0","0","0","1","0","0","","0","0","0","","","1","N","0","","39 57:31.166","","0","75 08:15.461","3","0","0","0","67301","0","0","0","N","0","0","0","2","67301","0","","1.0","","1","N","N","N","0","","1","0","0","","0","","","2","1","0","0","0","0","0","2","2","2","","03","","N","","","","","","","","","",""
"2021054371","","1","0","0","0","0","0","0","0","0","4","0","","67","6","2021","7","39.937864","-75.1667","","6","0","0","0","0","0","0","0","0","","0","0","0","","","1","","1","","39 56:16.309","","0","75 10:00.119","3","0","0","0","67301","0","0","0","N","0","0","0","3","67301","0","","1.0","","1","N","N","N","0","","1","0","1","","2","","","2","1","0","0","0","0","0","2","0","2","","03","","N","","","","","","","","","",""
"2021054583","","0","0","0","0","0","0","0","0","0","8","0","","67","6","2021","2","39.964306","-75.220111","","6","0","0","0","0","0","0","0","0","","0","0","0","","","1","N","0","","39 57:51.500","","0","75 13:12.400","4","0","0","0","67301","1","0","0","N","1","0","0","2","67301","1","","1.0","","1","N","N","N","0","","0","0","1","","0","","","2","1","0","0","0","0","0","2","0","1","","","","N","","","","","","","","","",""
"2021054939","","2","0","0","0","0","0","0","0","0","4","0","","67","6","2021","1","39.986776","-75.147419","","6","0","0","0","0","0","0","0","0","","0","0","0","","","0","","1","","39 59:12.392","","0","75 08:50.707","0","0","0","0","67301","0","0","0","N","0","0","0","2","67301","0","","1.0","","1","N","N","N","0","","0","0","1","","2","","","3","0","0","0","0","0","0","2","0","3","","03","","N","","","","","","","","","",""
"2021055053","","0","0","0","0","0","0","0","0","0","7","0","","67","6","2021","3","39.984681","-75.156494","","6","0","0","0","0","0","0","0","0","","0","0","0","","","0","","1","","39 59:04.850","","0","75 09:23.377","0","0","0","0","67301","0","0","0","N","0","0","0","1","67505","0","","5.0","","1","N","N","N","0","","0","0","1","","2","","","2","0","1","0","0","0","0","2","0","1","","03","","N","","","","","","","","","",""
"2021080792","","1","0","0","0","0","0","1","0","0","4","1","","67","8","2021","3","40.013178","-75.070421","","6","0","0","0","0","0","1","0","1","","0","0","0","","","3","","1","","40 00:47.439","","0","75 04:13.514","4","0","0","0","67301","0","0","0","N","0","0","0","5","67508","3","","1.0","","1","N","N","Y","0","","0","0","0","","2","","","2","3","0","0","0","0","1","2","0","2","","03","","N","","","","","","","","","",""
"2021082358","","0","0","0","0","0","0","0","0","0","5","0","","67","8","2021","1","39.979624","-75.231938","","6","0","0","0","0","0","0","0","0","","0","0","0","","","0","N","0","","39 58:46.648","","0","75 13:54.978","0","0","0","0","67301","0","0","0","N","0","0","0","1","67301","0","","6.0","","1","N","N","N","1","","0","0","1","","0","","","2","0","0","0","0","0","0","2","0","2","","03","","N","","","","","","","","","",""
"2021078503","","1","0","0","0","0","0","0","0","0","1","1","","67","8","2021","6","39.909111","-75.152528","","6","0","0","0","0","0","2","0","0","","0","1","0","","","0","N","0","","39 54:32.800","3","3","75 09:09.100","0","0","0","0","67301","0","0","0","N","0","0","0","3","67501","0","","1.0","934.0","1","N","N","Y","1","","0","0","0","","0","N","","3","0","0","0","0","0","0","2","0","3","","","","N","","","","","","","","","",""
"2021054112","","3","0","0","0","0","0","0","0","0","4","0","","67","6","2021","5","40.006034","-75.179085","","6","0","0","0","0","0","2","0","0","","0","0","0","","","2","N","0","","40 00:21.721","","7","75 10:44.707","3","0","0","0","67301","0","0","0","N","0","0","0","3","67301","0","","1.0","","1","N","N","N","0","","2","0","0","","0","","","3","2","1","0","0","0","0","2","0","3","","03","","N","","","","","","","","","",""
"2021055772","","1","0","0","0","0","0","0","0","0","1","0","","67","6","2021","3","39.980282","-75.181611","","6","0","0","0","0","0","0","0","0","","0","0","0","","","1","","1","","39 58:49.015","","0","75 10:53.799","3","0","0","0","67301","0","0","0","N","0","0","0","2","67301","0","","1.0","","1","N","N","N","1","","1","0","0","","0","","","2","1","0","0","0","0","1","2","0","2","","03","","N","","","","","","","","","",""
"2021057703","","2","0","0","0","0","0","0","0","0","4","0","","67","6","2021","6","40.066748","-75.178014","","6","0","0","0","0","1","0","0","0","","0","0","0","","","1","","1","","40 04:00.293","","0","75 10:40.850","4","0","0","0","67301","0","0","0","N","0","0","0","3","67301","1","","1.0","","99","N","N","N","0","","0","0","0","","2","","","2","1","3","0","0","0","2","2","0","2","","","","N","","","","","","","","","",""
"2021071061","","1","0","0","1","0","0","0","0","0","8","0","","67","6","2021","2","39.965831","-75.233904","","6","0","0","0","0","0","0","0","0","","0","0","0","","","1","","1","","39 57:56.991","","0","75 14:02.054","3","0","0","0","67301","1","0","0","N","0","0","0","2","67301","0","","1.0","","1","N","N","N","0","","1","0","0","","2","","","2","1","0","0","0","0","0","2","0","1","","03","","N","","","","","","","","","",""
"2021057463","","3","0","0","0","0","0","0","0","0","1","0","","67","6","2021","4","40.057947","-74.99878","","6","0","0","0","0","0","1","0","0","","0","0","0","","","1","Y","0","","40 03:28.608","","0","74 59:55.609","8","0","0","0","67301","0","0","0","N","0","0","0","7","67301","0","","1.0","","1","N","N","N","0","","0","0","0","","2","","","3","1","0","0","0","1","0","2","0","3","","03","","N","","","","","","","","","",""