"CRN","ARRIVAL_TM","AUTOMOBILE_COUNT","BELTED_DEATH_COUNT","BELTED_SUSP_SERIOUS_INJ_COUNT","BICYCLE_COUNT","BICYCLE_DEATH_COUNT","BICYCLE_SUSP_SERIOUS_INJ_COUNT","BUS_COUNT","CHLDPAS_DEATH_COUNT","CHLDPAS_SUSP_SERIOUS_INJ_COUNT","COLLISION_TYPE","COMM_VEH_COUNT","CONS_ZONE_SPD_LIM","COUNTY","CRASH_MONTH","CRASH_YEAR","DAY_OF_WEEK","DEC_LATITUDE","DEC_LONGITUDE","DISPATCH_TM","DISTRICT","DRIVER_COUNT_16YR","DRIVER_COUNT_17YR","DRIVER_COUNT_18YR","DRIVER_COUNT_19YR","DRIVER_COUNT_20YR","DRIVER_COUNT_50_64YR","DRIVER_COUNT_65_74YR","DRIVER_COUNT_75PLUS","EST_HRS_CLOSED","FATAL_COUNT","HEAVY_TRUCK_COUNT","HORSE_BUGGY_COUNT","HOUR_OF_DAY","ILLUMINATION","INJURY_COUNT","INTERSECTION_RELATED","INTERSECT_TYPE","LANE_CLOSED","LATITUDE","LN_CLOSE_DIR","LOCATION_TYPE","LONGITUDE","MAX_SEVERITY_LEVEL","MCYCLE_DEATH_COUNT","MCYCLE_SUSP_SERIOUS_INJ_COUNT","MOTORCYCLE_COUNT","MUNICIPALITY","NONMOTR_COUNT","NONMOTR_DEATH_COUNT","NONMOTR_SUSP_SERIOUS_INJ_COUNT","NTFY_HIWY_MAINT","PED_COUNT","PED_DEATH_COUNT","PED_SUSP_SERIOUS_INJ_COUNT","PERSON_COUNT","POLICE_AGCY","POSSIBLE_INJ_COUNT","RDWY_SURF_TYPE_CD","RELATION_TO_ROAD","ROADWAY_CLEARED","ROAD_CONDITION","SCH_BUS_IND","SCH_ZONE_IND","SECONDARY_CRASH","SMALL_TRUCK_COUNT","SPEC_JURIS_CD","SUSP_MINOR_INJ_COUNT","SUSP_SERIOUS_INJ_COUNT","SUV_COUNT","TCD_FUNC_CD","TCD_TYPE","TFC_DETOUR_IND","TIME_OF_DAY","TOTAL_UNITS","TOT_INJ_COUNT","UNBELTED_OCC_COUNT","UNB_DEATH_COUNT","UNB_SUSP_SERIOUS_INJ_COUNT","UNK_INJ_DEG_COUNT","UNK_INJ_PER_COUNT","URBAN_RURAL","VAN_COUNT","VEHICLE_COUNT","WEATHER1","WEATHER2","WORKERS_PRES","WORK_ZONE_IND","WORK_ZONE_LOC","WORK_ZONE_TYPE","WZ_CLOSE_DETOUR","WZ_FLAGGER","WZ_LAW_OFFCR_IND","WZ_LN_CLOSURE","WZ_MOVING","WZ_OTHER","WZ_SHLDER_MDN","WZ_WORKERS_INJ_KILLED"
"2021055879","","1","0","0","0","0","0","0","0","0","4","0","","67","6","2021","7","40.021418","-75.148483","","6","0","0","0","0","0","0","0","0","","0","0","0","","","1","","2","","40 01:17.105","","0","75 08:54.538","3","0","0","0","67301","0","0","0","N","0","0","0","3","67301","0","","1.0","","1","N","N","N","0","","1","0","2","","2","","","3","1","0","0","0","0","0","2","0","3","","03","","N","","","","","","","","","",""
"2021055088","","0","0","0","0","0","0","0","0","0","4","0","","67","6","2021","5","39.961192","-75.240918","","6","0","0","0","0","0","0","0","0","","0","0","0","","","1","","1","","39 57:40.291","1","0","75 14:27.304","3","0","0","1","67301","0","0","0","N","0","0","0","2","67301","0","","1.0","1730.0","1","N","N","N","0","","1","0","1","","3","Y","","2","1","1","0","0","0","0","2","0","2","","03","","N","","","","","","","","","",""
"2021056729","","0","0","0","0","0","0","0","0","0","1","0","","67","6","2021","5","39.999782","-75.080458","","6","0","0","0","0","0","0","0","0","","0","0","0","","","0","N","0","","39 59:59.215","","8","75 04:49.648","0","0","0","0","67301","0","0","0","N","0","0","0","2","68K01","0","","1.0","","1","N","N","N","0","","0","0","1","","0","","","2","0","0","0","0","0","0","2","1","2","","03","","N","","","","","","","","","",""
"2021052646","","1","0","0","0","0","0","0","0","0","8","0","","67","6","2021","3","39.951273","-75.199133","","6","0","0","0","0","0","0","0","0","","0","0","0","","","1","","1","","39 57:04.584","","0","75 11:56.878","3","0","0","0","67301","1","0","0","N","1","0","0","2","67504","0","","1.0","","9","N","N","N","0","","1","0","0","","2","","","2","1","1","0","0","0","0","2","0","1","","04","","N","","","","","","","","","",""
"2021064408","","2","0","0","0","0","0","0","0","0","4","0","","67","6","2021","4","40.024314","-75.161267","","6","0","0","0","0","0","0","0","0","","0","0","0","","","0","","1","","40 01:27.530","","0","75 09:40.561","0","0","0","0","67301","0","0","0","N","0","0","0","4","67301","0","","1.0","","1","N","N","N","0","","0","0","0","","3","","","2","0","0","0","0","0","0","2","0","2","","","","N","","","","","","","","","",""
"2021054709","","1","0","0","0","0","0","0","0","0","4","0","","67","6","2021","1","39.894612","-75.236717","","6","0","0","0","0","0","1","0","0","","0","0","0","","","1","","1","","39 53:40.603","","0","75 14:12.181","8","0","0","0","67301","0","0","0","N","0","0","0","2","67301","0","","1.0","","1","N","N","N","0","","0","0","1","","2","","","2","1","1","0","0","1","0","2","0","2","","03","","N","","","","","","","","","",""
"2021073733","","0","0","0","1","0","0","0","0","0","8","0","","67","6","2021","3","39.97699","-75.155999","","6","0","0","0","0","0","0","0","0","","0","0","0","","","1","","1","","39 58:37.164","","0","75 09:21.596","3","0","0","0","67301","1","0","0","N","0","0","0","2","67301","0","","1.0","","1","N","N","N","0","","1","0","1","","2","","","2","1","1","0","0","0","0","2","0","1","","03","","N","","","","","","","","","",""
"2021055874","","1","0","0","0","0","0","0","0","0","3","0","","67","6","2021","2","39.921488","-75.191131","","6","0","0","0","0","0","1","0","0","","0","0","0","","","0","N","0","","39 55:17.356","","1","75 11:28.070","0","0","0","0","67301","0","0","0","N","0","0","0","2","67301","0","","1.0","","1","N","N","N","0","","0","0","1","","0","","","2","0","0","0","0","0","0","2","0","2","","03","","N","","","","","","","","","",""
"2021054717","","1","0","0","0","0","0","0","0","0","4","0","","67","6","2021","1","39.953744","-75.240475","","6","0","0","0","0","0","0","0","0","","0","0","0","","","1","","1","","39 57:13.478","","0","75 14:25.709","4","0","0","0","67301","0","0","0","N","0","0","0","3","67301","1","","1.0","","1","N","N","N","0","","0","0","1","","1","","","2","1","1","0","0","0","0","2","0","2","","03","","N","","","","","","","","","",""
"2021054290","","3","0","0","0","0","0","0","0","0","1","0","","67","6","2021","1","39.943651","-75.165554","","6","0","0","0","0","1","1","0","0","","0","0","0","","","0","","1","","39 56:37.145","","0","75 09:55.996","0","0","0","0","67301","0","0","0","N","0","0","0","3","67301","0","","1.0","","1","N","N","N","0","","0","0","0","","2","","","3","0","0","0","0","0","0","2","0","3","","","","N","","","","","","","","","",""
"2021081589","","1","0","0","0","0","0","0","0","0","5","0","","67","8","2021","1","39.923702","-75.191835","","6","0","0","0","0","0","0","0","0","","0","0","0","","","0","N","5","","39 55:25.328","3","0","75 11:30.606","0","0","0","0","67301","0","0","0","Y","0","0","0","1","68K01","0","","1.0","1915.0","1","N","N","N","0","","0","0","1","","8","N","","2","0","0","0","0","0","0","2","0","2","","03","","N","","","","","","","","","",""
"2021053608","","1","0","0","0","0","0","0","0","0","4","0","","67","6","2021","3","40.037203","-75.053008","","6","0","0","0","0","0","1","0","0","","0","0","0","","","1","","1","","40 02:13.930","1","0","75 03:10.828","3","0","0","0","67301","0","0","0","N","0","0","0","3","67301","0","","1.0","1625.0","9","N","N","N","1","","1","0","0","","2","Y","","2","1","0","0","0","0","1","2","0","2","","07","","N","","","","","","","","","",""
"2021081675","","1","0","0","0","0","0","0","0","0","7","0","","67","8","2021","7","40.042869","-75.003454","","6","0","0","0","0","0","0","0","0","","0","0","0","","","0","N","0","","40 02:34.329","","0","75 00:12.434","0","0","0","0","67301","0","0","0","N","0","0","0","1","68K01","0","","2.0","","9","N","N","N","0","","0","0","0","","0","","","1","0","0","0","0","0","0","2","0","1","","","","N","","","","","","","","","",""
"2021055083","","1","0","0","0","0","0","0","0","0","4","0","","67","6","2021","1","40.031002","-75.063072","","6","0","0","0","0","0","0","0","0","","0","0","0","","","0","","3","","40 01:51.607","1","0","75 03:47.058","0","0","0","0","67301","0","0","0","N","0","0","0","2","67301","0","","1.0","100.0","1","N","N","N","0","","0","0","1","","0","N","","2","0","0","0","0","0","0","2","0","2","","","","N","","","","","","","","","",""
"2021054712","","0","0","0","0","0","0","0","0","0","7","0","","67","6","2021","2","40.057646","-75.162154","","6","0","0","0","0","0","1","0","0","","0","0","0","","","1","","1","","40 03:27.527","","0","75 09:43.755","3","0","0","0","67301","0","0","0","N","0","0","0","1","67301","0","","5.0","","1","N","N","N","0","","1","0","1","","2","","","1","1","0","0","0","0","0","2","0","1","","03","","N","","","","","","","","","",""
"2021053678","","0","0","0","0","0","0","0","0","0","4","0","","67","6","2021","5","40.01224","-75.150481","","6","0","0","0","0","0","0","0","1","","0","0","0","","","1","","1","","40 00:44.064","","0","75 09:01.733","3","0","0","1","67301","0","0","0","N","0","0","0","2","67301","0","","1.0","","1","N","N","N","1","","1","0","0","","2","","","2","1","1","0","0","0","0","2","0","2","","03","","N","","","","","","","","","",""
"2021082450","","1","0","0","0","0","0","0","0","0","1","0","","67","8","2021","2","39.93824","-75.143644","","6","0","0","0","0","0","0","0","0","","0","0","0","","","0","N","0","","39 56:17.665","","0","75 08:37.120","0","0","0","0","67301","0","0","0","N","0","0","0","2","68K01","0","","1.0","","1","N","N","N","0","","0","0","0","","0","","","2","0","1","0","0","0","0","2","1","2","","","","N","","","","","","","","","",""
"2021055244","","1","0","0","0","0","0","0","0","0","5","0","","67","6","2021","2","40.048838","-75.114651","","6","0","0","0","0","0","0","0","0","","0","0","0","","","0","N","0","","40 02:55.815","","0","75 06:52.743","0","0","0","0","67301","0","0","0","N","0","0","0","2","67301","0","","1.0","","99","N","N","N","0","","0","0","0","","0","","","2","0","1","0","0","0","0","2","1","2","","","","N","","","","","","","","","",""
"2021080764","","2","0","0","0","0","0","0","0","0","1","0","","67","8","2021","7","40.007554","-75.191788","","6","0","0","0","0","0","0","0","0","","0","0","0","","","0","N","0","","40 00:27.194","","0","75 11:30.437","0","0","0","0","67301","0","0","0","N","0","0","0","4","67301","0","","1.0","","1","N","N","N","0","","0","0","1","","0","","","3","0","0","0","0","0","0","2","0","3","","03","","N","","","","","","","","","",""
"2021053769","","1","0","0","0","0","0","0","0","0","4","0","","67","6","2021","6","39.994145","-75.156155","","6","0","0","0","0","0","0","0","0","","0","0","0","","","1","","1","","39 59:38.922","","0","75 09:22.157","3","0","0","0","67301","0","0","0","N","0","0","0","3","67301","0","","1.0","","9","N","N","N","0","","1","0","0","","2","","","2","1","0","0","0","0","0","2","1","2","","07","","N","","","","","","","","","",""
"2021056160","","1","0","0","0","0","0","0","0","0","4","0","","67","6","2021","5","39.984697","-75.15663","","6","0","0","0","0","0","0","0","0","","0","0","0","","","3","","1","","39 59:04.910","2","0","75 09:23.867","4","0","0","0","67301","0","0","0","N","0","0","0","5","67505","3","","1.0","2351.0","1","N","N","N","0","","0","0","1","","2","N","","2","3","0","0","0","0","0","2","0","2","","03","","N","","","","","","","","","",""
"2021057153","","0","0","0","0","0","0","0","0","0","7","0","","67","6","2021","2","40.002286","-75.110028","","6","0","0","0","0","0","0","0","0","","0","0","0","","","1","","2","","40 00:08.230","","0","75 06:36.101","3","0","0","0","67301","0","0","0","N","0","0","0","1","67301","0","","4.0","","1","N","N","N","0","","1","0","0","","3","","","1","1","1","0","0","0","0","2","1","1","","","","N","","","","","","","","","",""
"2021064290","","1","0","0","0","0","0","0","0","0","8","0","","67","6","2021","1","39.961522","-75.243599","","6","0","0","0","0","0","0","0","0","","0","0","0","","","1","","2","","39 57:41.479","","0","75 14:36.956","2","0","0","0","67301","1","0","1","N","1","0","1","2","67301","0","","1.0","","1","N","N","N","0","","0","1","0","","3","","","2","1","0","0","0","0","0","2","0","1","","","","N","","","","","","","","","",""
"2021055235","","0","0","0","0","0","0","0","0","0","7","0","","67","6","2021","1","40.088726","-75.034133","","6","0","0","0","0","0","0","0","0","","0","0","0","","","2","N","0","","40 05:19.412","","0","75 02:02.877","3","0","0","0","67301","0","0","0","N","0","0","0","2","67301","1","","4.0","","1","N","N","N","0","","1","0","1","","0","","","1","2","0","0","0","0","0","2","0","1","","","","N","","","","","","","","","",""
"2021081593","","1","0","0","0","0","0","0","0","0","1","0","","67","8","2021","3","39.987665","-75.089774","","6","0","0","0","0","0","0","1","0","","0","0","0","","","1","N","0","","39 59:15.595","","0","75 05:23.185","4","0","0","0","67301","0","0","0","N","0","0","0","3","68K01","1","","1.0","","1","N","N","N","0","","0","0","1","","0","","","2","1","0","0","0","0","0","2","0","2","","","","N","","","","","","","","","",""
"2021054936","","1","0","0","0","0","0","0","0","0","4","0","","67","6","2021","5","39.9067","-75.183391","","6","0","0","0","0","0","1","0","1","","0","0","0","","","1","","2","","39 54:24.119","","7","75 11:00.207","3","0","0","0","67301","0","0","0","N","0","0","0","2","67301","0","","1.0","","1","N","N","N","1","","1","0","0","","2","","","2","1","0","0","0","0","0","2","0","2","","","","N","","","","","","","","","",""
"2021054585","","0","0","0","0","0","0","0","0","0","5","0","","67","6","2021","1","39.97295","-75.144389","","6","0","0","0","0","0","1","0","0","","0","0","0","","","1","N","0","","39 58:22.620","","0","75 08:39.800","4","0","0","0","67301","0","0","0","N","0","0","0","3","67301","1","","1.0","","1","N","N","N","0","","0","0","1","","0","","","2","1","1","0","0","0","0","2","0","2","","03","","N","","","","","","","","","",""
"2021068199","","1","0","0","0","0","0","0","0","0","5","0","","67","6","2021","1","39.965399","-75.186019","","6","0","0","0","0","0","1","0","0","","0","0","0","","","1","","7","","39 57:55.435","3","2","75 11:09.669","2","0","1","1","67301","0","0","0","N","0","0","0","2","68K01","0","","7.0","1830.0","1","N","N","N","0","","0","1","0","","0","N","","2","1","0","0","0","0","0","2","0","2","","","","N","","","","","","","","","",""
"2021057503","","1","0","0","0","0","0","0","0","0","6","0","","67","6","2021","7","39.982344","-75.225297","","6","0","0","0","0","0","0","0","0","","0","0","0","","","0","N","0","","39 58:56.440","","0","75 13:31.070","9","0","0","0","67301","0","0","0","N","0","0","0","3","67301","0","","1.0","","1","N","N","N","1","","0","0","0","","0","","","2","0","0","0","0","0","1","2","0","2","","03","","N","","","","","","","","","",""
"2021055325","","0","0","0","0","0","0","0","0","0","7","0","","67","6","2021","3","39.954221","-75.18121","","6","0","0","0","0","0","0","0","0","","0","0","0","","","0","N","0","","39 57:15.197","","0","75 10:52.357","0","0","0","0","67301","0","0","0","N","0","0","0","3","68K01","0","","3.0","","1","N","N","N","0","","0","0","1","","0","","","1","0","0","0","0","0","0","2","0","1","","03","","N","","","","","","","","","",""
"2021055766","","1","0","0","0","0","0","0","0","0","5","0","","67","6","2021","4","40.094617","-75.015761","","6","0","0","0","0","0","0","0","0","","0","0","0","","","1","N","0","","40 05:40.620","","0","75 00:56.740","8","0","0","0","67301","0","0","0","N","0","0","0","2","67301","0","","1.0","","1","N","N","N","0","","0","0","1","","0","","","2","1","0","0","0","1","0","2","0","2","","03","","N","","","","","","","","","",""
"2021057166","","2","0","0","0","0","0","0","0","0","2","0","","67","6","2021","3","40.032731","-75.140572","","6","0","0","0","0","0","0","0","0","","0","0","0","","","1","N","0","","40 01:57.830","","0","75 08:26.060","8","0","0","0","67301","0","0","0","N","0","0","0","2","67301","0","","1.0","","1","N","N","N","0","","0","0","1","","0","","","3","1","0","0","0","1","0","2","0","3","","03","","N","","","","","","","","","",""
"2021077759","","1","0","0","0","0","0","0","0","0","7","0","","67","6","2021","5","40.047849","-74.999396","","6","0","0","0","1","0","0","0","0","","0","0","0","","","0","N","0","","40 02:52.258","3","3","74 59:57.824","0","0","0","0","67301","0","0","0","N","0","0","0","1","68K01","0","","4.0","2015.0","1","N","N","N","0","","0","0","0","","0","N","","1","0","0","0","0","0","0","2","0","1","","","","N","","","","","","","","","",""
"2021064221","","2","0","0","0","0","0","0","0","0","4","0","","67","6","2021","7","39.897624","-75.252377","","6","0","0","0","0","0","0","1","0","","0","0","0","","","1","","1","","39 53:51.445","","0","75 15:08.556","3","0","0","0","67301","0","0","0","N","0","0","0","2","67301","0","","1.0","","1","N","N","N","0","","1","0","0","","2","","","2","1","0","0","0","0","1","2","0","2","","03","","N","","","","","","","","","",""
"2021053764","","0","0","0","0","0","0","0","0","0","8","0","","67","6","2021","6","40.07002","-75.031148","","6","0","0","0","0","0","0","0","0","","0","0","0","","","1","N","0","","40 04:12.073","","0","75 01:52.133","8","0","0","0","67301","1","0","0","N","1","0","0","2","67301","0","","1.0","","1","N","N","N","0","","0","0","1","","0","","","2","1","0","0","0","1","0","2","0","1","","03","","N","","","","","","","","","",""
"2021057136","","1","0","0","0","0","0","0","0","0","4","0","","67","6","2021","3","39.93828","-75.198696","","6","0","0","0","0","0","1","0","0","","0","0","0","","","1","","1","","39 56:17.808","","0","75 11:55.304","3","0","0","0","67301","0","0","0","N","0","0","0","3","67301","0","","1.0","","1","N","N","N","1","","1","0","0","","2","","","3","1","0","0","0","0","0","2","1","3","","","","N","","","","","","","","","",""
"2021064211","","1","0","0","0","0","0","0","0","0","1","0","","67","6","2021","1","40.071522","-75.030042","","6","0","0","0","0","0","0","0","0","","0","0","0","","","0","N","0","","40 04:17.480","","0","75 01:48.150","0","0","0","0","67301","0","0","0","N","0","0","0","1","67301","0","","6.0","","1","N","N","N","0","","0","0","1","","0","","","2","0","0","0","0","0","0","2","0","2","","03","","N","","","","","","","","","",""
"2021070362","","0","0","0","0","0","0","0","0","0","5","0","","67","7","2021","5","39.920083","-75.156056","","6","0","0","0","0","0","0","1","0","","0","0","0","","","0","N","0","","39 55:12.300","","0","75 09:21.800","0","0","0","0","67301","0","0","0","N","0","0","0","1","67301","0","","6.0","","1","N","N","N","0","","0","0","1","","0","","","2","0","0","0","0","0","0","2","1","2","","","","N","","","","","","","","","",""
"2021081324","","1","0","0","0","0","0","0","0","0","8","0","","67","8","2021","4","39.916829","-75.171324","","6","0","0","0","0","0","0","0","0","","0","0","0","","","1","","1","","39 55:00.583","","0","75 10:16.768","4","0","0","0","67301","1","0","0","N","1","0","0","2","67301","1","","1.0","","1","N","N","N","0","","0","0","0","","2","","","2","1","0","0","0","0","0","2","0","1","","03","","N","","","","","","","","","",""
"2021054296","","3","0","0","0","0","0","0","0","0","4","0","","67","6","2021","6","40.002286","-75.110028","","6","0","0","0","0","0","1","0","0","","0","0","0","","","0","","2","","40 00:08.230","","0","75 06:36.101","0","0","0","0","67301","0","0","0","N","0","0","0","2","67301","0","","1.0","","1","N","N","N","0","","0","0","0","","1","","","3","0","1","0","0","0","0","2","0","3","","03","","N","","","","","","","","","",""
"2021080763","","1","0","0","0","0","0","0","0","0","8","0","","67","8","2021","7","40.031738","-75.168166","","6","0","0","0","0","0","0","0","0","","0","0","0","","","1","N","0","","40 01:54.256","","0","75 10:05.399","3","0","0","0","67301","1","0","0","N","1","0","0","2","67301","0","","1.0","","9","N","N","N","0","","1","0","0","","0","","","2","1","0","0","0","0","1","2","0","1","","","","N","","","","","","","","","",""
"2021069750","","1","0","0","0","0","0","0","0","0","4","0","","67","7","2021","2","40.046175","-75.102994","","6","0","0","0","0","0","0","0","0","","0","0","0","","","1","N","0","","40 02:46.230","","0","75 06:10.780","3","0","0","0","67301","0","0","0","N","0","0","0","2","67301","0","","1.0","","1","N","N","N","0","","1","0","0","","0","","","2","1","0","0","0","0","0","2","1","2","","03","","N","","","","","","","","","",""
"2021055875","","2","0","0","0","0","0","0","0","0","4","0","","67","6","2021","2","40.037767","-75.081298","","6","0","0","0","0","0","0","0","0","","0","0","0","","","1","","1","","40 02:15.961","","0","75 04:52.672","8","0","0","0","67301","0","0","0","N","0","0","0","3","67301","0","","1.0","","1","N","N","Y","1","","0","0","0","","2","","","3","1","0","0","0","1","0","2","0","3","","04","","N","","","","","","","","","",""
"2021069835","","1","0","0","0","0","0","0","0","0","1","0","","67","7","2021","3","40.062588","-75.17079","","6","0","0","0","0","0","1","1","0","","0","0","0","","","2","","1","","40 03:45.318","","0","75 10:14.844","3","0","0","0","67301","0","0","0","N","0","0","0","3","67301","0","","1.0","","1","N","N","N","0","","2","0","1","","2","","","2","2","0","0","0","0","1","2","0","2","","03","","N","","","","","","","","","",""
"2021055231","","1","0","0","0","0","0","0","0","0","8","0","","67","6","2021","7","39.910729","-75.165661","","6","0","0","0","0","0","0","0","0","","0","0","0","","","1","","1","","39 54:38.625","","0","75 09:56.378","2","0","0","0","67301","1","0","1","N","1","0","1","2","67301","0","","1.0","","1","N","N","N","0","","0","1","0","","2","","","2","1","0","0","0","0","0","2","0","1","","03","","N","","","","","","","","","",""
"2021085796","","1","0","0","0","0","0","0","0","0","7","0","","67","9","2021","6","39.889786","-75.219473","","6","0","0","0","0","0","0","0","0","","0","0","0","","","0","N","0","","39 53:23.231","","0","75 13:10.102","0","0","0","0","67301","0","0","0","N","0","0","0","1","68K01","0","","2.0","","1","N","N","N","0","","0","0","0","","0","","","1","0","0","0","0","0","0","2","0","1","","","","N","","","","","","","","","",""
"2021081925","","1","0","0","0","0","0","0","0","0","1","0","","67","8","2021","7","39.990311","-75.205071","","6","0","0","0","0","0","1","0","0","","0","0","0","","","2","N","0","","39 59:25.118","","0","75 12:18.256","3","0","0","0","67301","0","0","0","Y","0","0","0","5","68K01","0","","1.0","","1","N","N","N","0","","1","0","1","","0","","","2","2","4","0","0","1","0","2","0","2","","","","N","","","","","","","","","",""
"2021054671","","1","0","0","0","0","0","0","0","0","5","0","45","67","6","2021","1","39.967473","-75.13263","","6","0","0","0","0","0","1","0","0","","0","0","0","","","1","N","0","","39 58:02.901","2","0","75 07:57.467","3","0","0","0","67301","0","0","0","N","0","0","0","5","68K01","0","","1.0","231.0","1","N","N","N","0","","1","0","1","","0","N","","2","1","0","0","0","0","1","2","0","2","","","N","Y","4","1","","","N","Y","","","Y","N"
"2021090951","","0","0","0","0","0","0","0","0","0","8","0","","67","9","2021","6","39.944269","-75.222292","","6","0","0","0","0","0","0","1","0","","0","0","0","","","1","N","0","","39 56:39.370","","0","75 13:20.250","2","0","0","0","67301","1","0","1","N","1","0","1","2","67301","0","","1.0","","1","N","N","N","0","","0","1","1","","0","","","2","1","0","0","0","0","0","2","0","1","","03","","N","","","","","","","","","",""
"2021092177","","0","0","0","0","0","0","0","0","0","7","1","","67","9","2021","2","40.014078","-75.199844","","6","0","0","0","0","0","0","1","0","","0","1","0","","","0","N","0","","40 00:50.680","3","0","75 11:59.440","0","0","0","0","67301","0","0","0","N","0","0","0","1","67301","0","","5.0","1900.0","1","N","N","N","0","","0","0","0","","0","Y","","1","0","0","0","0","0","0","2","0","1","","03","","N","","","","","","","","","",""
"2021081735","","1","0","0","0","0","0","0","0","0","4","0","","67","8","2021","2","39.999779","-75.104463","","6","0","0","0","0","0","0","0","0","","0","0","0","","","0","","2","","39 59:59.205","","0","75 06:16.065","9","0","0","0","67301","0","0","0","N","0","0","0","2","67301","0","","1.0","","1","N","N","N","0","","0","0","1","","3","","","2","0","0","0","0","0","1","2","0","2","","03","","N","","","","","","","","","",""
"2021058046","","1","0","0","0","0","0","0","0","0","7","0","","67","6","2021","4","39.914899","-75.148041","","6","0","0","0","0","0","0","0","0","","0","0","0","","","0","N","0","","39 54:53.635","","3","75 08:52.948","0","0","0","0","67301","0","0","0","N","0","0","0","1","68K01","0","","3.0","","1","N","N","N","0","","0","0","0","","0","","","1","0","0","0","0","0","0","2","0","1","","","","N","","","","","","","","","",""
"2021055084","","1","0","0","0","0","0","0","0","0","4","0","","67","6","2021","2","40.024164","-75.095536","","6","0","0","0","0","0","1","0","0","","0","0","0","","","0","","1","","40 01:26.990","","0","75 05:43.929","0","0","0","0","67301","0","0","0","N","0","0","0","2","67301","0","","1.0","","1","N","N","N","0","","0","0","1","","2","","","2","0","0","0","0","0","0","2","0","2","","","","N","","","","","","","","","",""
"2021066638","","1","0","0","0","0","0","0","0","0","1","0","","67","7","2021","1","39.957444","-75.147278","","6","0","0","0","0","0","0","0","0","","0","0","0","","","5","N","0","","39 57:26.800","","4","75 08:50.200","3","0","0","0","67301","0","0","0","N","0","0","0","5","67501","0","","1.0","","1","N","N","N","0","","5","0","1","","0","","","2","5","0","0","0","0","0","2","0","2","","","","N","","","","","","","","","",""
"2021059526","","1","0","0","0","0","0","0","0","0","2","0","","67","6","2021","7","40.036833","-75.133597","","6","0","0","0","0","0","1","0","0","","0","0","0","","","1","N","0","","40 02:12.597","","0","75 08:00.949","4","0","0","0","67301","0","0","0","N","0","0","0","2","67301","1","","1.0","","1","N","N","N","0","","0","0","1","","0","","","2","1","1","0","0","0","0","2","0","2","","03","","N","","","","","","","","","",""
"2021070470","","2","0","0","0","0","0","0","0","0","1","0","","67","7","2021","3","39.979413","-75.225333","","6","0","0","0","0","0","1","0","0","","0","0","0","","","1","","1","","39 58:45.886","","0","75 13:31.197","3","0","0","0","67301","0","0","0","N","0","0","0","2","67301","0","","1.0","","1","N","N","N","0","","1","0","0","","2","","","2","1","0","0","0","0","0","2","0","2","","03","","N","","","","","","","","","",""
"2021090696","","1","0","0","0","0","0","0","0","0","5","1","","67","8","2021","1","39.965667","-75.18615","","6","0","0","0","0","0","1","0","0","","0","1","0","","","0","N","0","","39 57:56.402","4","0","75 11:10.139","0","0","0","0","67301","0","0","0","N","0","0","0","2","68K01","0","","1.0","45.0","1","N","N","N","0","","0","0","0","","0","N","","2","0","0","0","0","0","0","2","0","2","","03","","N","","","","","","","","","",""
"2021091269","","3","0","0","0","0","0","0","0","0","2","0","","67","9","2021","2","40.00221","-75.1577","","6","0","0","0","0","0","0","0","0","","0","0","0","","","1","N","2","","40 00:07.957","","0","75 09:27.721","8","0","0","0","67301","0","0","0","N","0","0","0","3","67505","0","","1.0","","1","N","N","Y","0","","0","0","0","","2","","","3","1","0","0","0","1","0","2","0","3","","03","","N","","","","","","","","","",""
"2021085178","","1","0","0","0","0","0","0","0","0","4","0","","67","7","2021","6","40.032248","-75.036836","","6","0","0","0","1","0","0","0","0","","0","0","0","","","3","","1","","40 01:56.091","","0","75 02:12.611","3","0","0","0","67301","0","0","0","N","0","0","0","3","67301","0","","1.0","","1","N","N","N","0","","3","0","1","","2","","","2","3","0","0","0","0","0","2","0","2","","","","N","","","","","","","","","",""
"2021064381","","1","0","0","0","0","0","0","0","0","1","0","","67","6","2021","4","40.022719","-75.148198","","6","0","0","0","0","0","0","0","0","","0","0","0","","","0","","5","","40 01:21.790","1","0","75 08:53.512","0","0","0","0","67301","0","0","0","N","0","0","0","4","67301","0","","1.0","433.0","1","N","N","N","0","","0","0","1","","2","Y","","2","0","4","0","0","0","0","2","0","2","","03","","N","","","","","","","","","",""
"2021083158","","2","0","0","0","0","0","0","0","0","4","0","","67","8","2021","2","40.092066","-74.977841","","6","0","1","0","0","0","1","0","0","","0","0","0","","","1","N","0","","40 05:31.439","4","0","74 58:40.227","3","0","0","0","67301","0","0","0","N","0","0","0","3","67301","0","","1.0","730.0","1","N","N","N","0","","1","0","1","","0","N","","3","1","0","0","0","0","0","2","0","3","","03","","N","","","","","","","","","",""
"2021064229","","0","0","0","0","0","0","0","0","0","4","0","","67","6","2021","2","39.924713","-75.235563","","6","0","0","0","0","0","0","0","0","","0","0","0","","","0","","1","","39 55:28.966","3","0","75 14:08.026","0","0","0","0","67301","0","0","0","N","0","0","0","2","67301","0","","1.0","758.0","1","N","N","N","0","","0","0","1","","2","N","","2","0","0","0","0","0","0","2","0","2","","03","","N","","","","","","","","","",""