"CRN","ARRIVAL_TM","AUTOMOBILE_COUNT","BELTED_DEATH_COUNT","BELTED_SUSP_SERIOUS_INJ_COUNT","BICYCLE_COUNT","BICYCLE_DEATH_COUNT","BICYCLE_SUSP_SERIOUS_INJ_COUNT","BUS_COUNT","CHLDPAS_DEATH_COUNT","CHLDPAS_SUSP_SERIOUS_INJ_COUNT","COLLISION_TYPE","COMM_VEH_COUNT","CONS_ZONE_SPD_LIM","COUNTY","CRASH_MONTH","CRASH_YEAR","DAY_OF_WEEK","DEC_LATITUDE","DEC_LONGITUDE","DISPATCH_TM","DISTRICT","DRIVER_COUNT_16YR","DRIVER_COUNT_17YR","DRIVER_COUNT_18YR","DRIVER_COUNT_19YR","DRIVER_COUNT_20YR","DRIVER_COUNT_50_64YR","DRIVER_COUNT_65_74YR","DRIVER_COUNT_75PLUS","EST_HRS_CLOSED","FATAL_COUNT","HEAVY_TRUCK_COUNT","HORSE_BUGGY_COUNT","HOUR_OF_DAY","ILLUMINATION","INJURY_COUNT","INTERSECTION_RELATED","INTERSECT_TYPE","LANE_CLOSED","LATITUDE","LN_CLOSE_DIR","LOCATION_TYPE","LONGITUDE","MAX_SEVERITY_LEVEL","MCYCLE_DEATH_COUNT","MCYCLE_SUSP_SERIOUS_INJ_COUNT","MOTORCYCLE_COUNT","MUNICIPALITY","NONMOTR_COUNT","NONMOTR_DEATH_COUNT","NONMOTR_SUSP_SERIOUS_INJ_COUNT","NTFY_HIWY_MAINT","PED_COUNT","PED_DEATH_COUNT","PED_SUSP_SERIOUS_INJ_COUNT","PERSON_COUNT","POLICE_AGCY","POSSIBLE_INJ_COUNT","RDWY_SURF_TYPE_CD","RELATION_TO_ROAD","ROADWAY_CLEARED","ROAD_CONDITION","SCH_BUS_IND","SCH_ZONE_IND","SECONDARY_CRASH","SMALL_TRUCK_COUNT","SPEC_JURIS_CD","SUSP_MINOR_INJ_COUNT","SUSP_SERIOUS_INJ_COUNT","SUV_COUNT","TCD_FUNC_CD","TCD_TYPE","TFC_DETOUR_IND","TIME_OF_DAY","TOTAL_UNITS","TOT_INJ_COUNT","UNBELTED_OCC_COUNT","UNB_DEATH_COUNT","UNB_SUSP_SERIOUS_INJ_COUNT","UNK_INJ_DEG_COUNT","UNK_INJ_PER_COUNT","URBAN_RURAL","VAN_COUNT","VEHICLE_COUNT","WEATHER1","WEATHER2","WORKERS_PRES","WORK_ZONE_IND","WORK_ZONE_LOC","WORK_ZONE_TYPE","WZ_CLOSE_DETOUR","WZ_FLAGGER","WZ_LAW_OFFCR_IND","WZ_LN_CLOSURE","WZ_MOVING","WZ_OTHER","WZ_SHLDER_MDN","WZ_WORKERS_INJ_KILLED"
"2021091826","","1","0","0","0","0","0","1","0","0","4","1","","67","9","2021","2","39.957324","-75.152279","","6","0","0","0","0","0","1","0","0","","0","0","0","","","1","","5","","39 57:26.368","2","2","75 09:08.204","8","0","0","0","67301","0","0","0","N","0","0","0","3","67508","0","","1.0","9999.0","1","N","N","Y","0","","0","0","0","","2","N","","2","1","0","0","0","1","0","2","0","2","","03","","N","","","","","","","","","",""
"2021081438","","1","0","0","0","0","0","0","0","0","8","0","","67","8","2021","2","39.925553","-75.235697","","6","0","0","0","0","0","0","0","0","","0","0","0","","","1","N","0","","39 55:31.990","","0","75 14:08.510","4","0","0","0","67301","1","0","0","N","1","0","0","2","67301","1","","1.0","","1","N","N","N","0","","0","0","0","","0","","","2","1","0","0","0","0","0","2","0","1","","03","","N","","","","","","","","","",""
"2021054708","","1","0","0","0","0","0","0","0","0","4","0","","67","6","2021","5","39.93482","-75.229938","","6","0","0","0","0","0","0","0","0","","0","0","0","","","1","","2","","39 56:05.351","","0","75 13:47.776","3","0","0","0","67301","0","0","0","N","0","0","0","2","67301","0","","1.0","","1","N","N","N","1","","1","0","0","","3","","","2","1","0","0","0","0","0","2","0","2","","03","","N","","","","","","","","","",""
"2021081392","","1","0","0","0","0","0","0","0","0","7","0","","67","7","2021","7","39.931768","-75.199877","","6","0","0","0","0","0","0","0","0","","0","0","0","","","0","N","0","","39 55:54.366","3","0","75 11:59.557","9","0","0","0","67301","0","0","0","N","0","0","0","1","68K01","0","","2.0","759.0","1","N","N","N","0","","0","0","0","","0","N","","1","0","0","0","0","0","1","2","0","1","","","","N","","","","","","","","","",""
"2021057134","","2","0","0","0","0","0","0","0","0","4","0","","67","6","2021","6","40.022744","-75.089899","","6","0","0","0","0","0","0","0","0","","0","0","0","","","2","","1","","40 01:21.878","","0","75 05:23.636","4","0","0","0","67301","0","0","0","N","0","0","0","3","67301","2","","1.0","","1","N","N","N","0","","0","0","0","","3","","","2","2","3","0","0","0","1","2","0","2","","03","","N","","","","","","","","","",""
"2021081304","","3","0","0","0","0","0","0","0","0","4","0","","67","8","2021","2","39.960658","-75.1872","","6","0","0","0","0","0","0","0","0","","0","0","0","","","0","N","0","","39 57:38.370","","0","75 11:13.920","0","0","0","0","67301","0","0","0","N","0","0","0","1","67507","0","","1.0","","1","N","N","Y","0","","0","0","0","","0","","","3","0","0","0","0","0","0","2","0","3","","03","","N","","","","","","","","","",""
"2021054713","","1","0","0","0","0","0","0","0","0","4","0","","67","6","2021","2","40.057616","-75.152523","","6","0","0","0","0","0","0","1","0","","0","0","0","","","1","","3","","40 03:27.417","5","0","75 09:09.082","3","0","0","0","67301","0","0","0","N","0","0","0","3","67301","0","","1.0","1500.0","1","N","N","N","0","","1","0","0","","3","Y","","2","1","0","0","0","0","0","2","1","2","","03","","N","","","","","","","","","",""
"2021087225","","2","0","0","0","0","0","0","0","0","1","0","","67","9","2021","4","40.074464","-75.03495","","6","0","0","0","0","0","1","0","0","","0","0","0","","","2","","1","","40 04:28.071","2","0","75 02:05.821","8","0","0","0","67301","0","0","0","N","0","0","0","4","67301","0","","1.0","1225.0","1","N","N","N","0","","0","0","0","","2","N","","2","2","0","0","0","2","0","2","0","2","","03","","N","","","","","","","","","",""
"2021070384","","3","0","0","0","0","0","0","0","0","5","0","","67","7","2021","6","39.941156","-75.149742","","6","0","0","0","0","0","0","0","0","","0","0","0","","","0","N","0","","39 56:28.160","","0","75 08:59.070","0","0","0","0","67301","0","0","0","N","0","0","0","1","67301","0","","6.0","","1","N","N","N","0","","0","0","0","","0","","","3","0","0","0","0","0","0","2","0","3","","03","","N","","","","","","","","","",""
"2021058109","","2","0","0","0","0","0","0","0","0","5","0","","67","6","2021","6","39.931486","-75.159494","","6","0","0","0","0","0","1","0","0","","0","0","0","","","0","N","0","","39 55:53.350","1","0","75 09:34.180","0","0","0","0","67301","0","0","0","N","0","0","0","1","67301","0","","6.0","120.0","1","N","N","N","0","","0","0","0","","0","Y","","2","0","0","0","0","0","0","2","0","2","","03","","N","","","","","","","","","",""
"2021069813","","1","0","0","0","0","0","0","0","0","7","0","","67","6","2021","5","39.9473","-75.176471","","6","0","0","0","0","0","0","0","1","","0","0","0","","","2","","2","","39 56:50.279","","0","75 10:35.295","3","0","0","0","67301","0","0","0","N","0","0","0","2","67301","0","","5.0","","1","N","N","N","0","","2","0","0","","3","","","1","2","0","0","0","0","0","2","0","1","","03","","N","","","","","","","","","",""
"2021056199","","3","0","0","0","0","0","0","0","0","6","0","","67","6","2021","5","39.955844","-75.229603","","6","0","0","0","0","0","0","0","0","","0","0","0","","","0","N","0","","39 57:21.040","","0","75 13:46.570","0","0","0","0","67301","0","0","0","N","0","0","0","2","67301","0","","6.0","","1","N","N","N","0","","0","0","0","","0","","","3","0","0","0","0","0","0","2","0","3","","03","","N","","","","","","","","","",""
"2021059703","","1","0","0","0","0","0","0","0","0","4","0","","67","6","2021","2","40.00468","-75.152126","","6","0","0","0","0","1","1","0","0","","0","0","0","","","0","","1","","40 00:16.847","","0","75 09:07.652","0","0","0","0","67301","0","0","0","N","0","0","0","3","67505","0","","1.0","","1","N","N","N","0","","0","0","1","","2","","","2","0","1","0","0","0","0","2","0","2","","03","","N","","","","","","","","","",""
"2021060906","","1","0","0","0","0","0","0","0","0","1","0","","67","6","2021","5","39.995919","-75.082836","","6","0","0","0","0","0","0","0","0","","0","0","0","","","1","N","0","","39 59:45.307","1","3","75 04:58.208","8","0","0","1","67301","0","0","0","N","0","0","0","2","68K01","0","","1.0","1525.0","1","N","N","N","0","","0","0","0","","0","N","","2","1","0","0","0","1","0","2","0","2","","","","N","","","","","","","","","",""
"2021081369","","2","0","0","0","0","0","0","0","0","5","1","","67","8","2021","6","39.955131","-75.230364","","6","0","0","0","0","0","0","0","0","","0","1","0","","","0","N","0","","39 57:18.470","6","0","75 13:49.310","0","0","0","0","67301","0","0","0","N","0","0","0","1","67301","0","","6.0","130.0","1","N","N","N","0","","0","0","1","","0","Y","","4","0","0","0","0","0","0","2","0","4","","03","","N","","","","","","","","","",""
"2021054114","","1","0","0","0","0","0","0","0","0","1","0","","67","6","2021","6","40.016857","-75.151858","","6","0","0","0","0","0","0","0","1","","0","0","0","","","1","N","0","","40 01:00.686","","7","75 09:06.689","3","0","0","0","67301","0","0","0","N","0","0","0","3","67301","0","","1.0","","9","N","N","N","0","","1","0","2","","0","","","3","1","0","0","0","0","0","2","0","3","","04","","N","","","","","","","","","",""
"2021055549","","0","0","0","0","0","0","0","0","0","8","0","","67","6","2021","4","40.00468","-75.152126","","6","0","0","0","0","0","0","0","0","","0","0","0","","","1","","1","","40 00:16.847","","0","75 09:07.652","8","0","0","0","67301","1","0","0","N","1","0","0","2","67505","0","","4.0","","1","N","N","Y","0","","0","0","1","","2","","","3","1","0","0","0","1","0","2","0","1","","03","","N","","","","","","","","","",""
"2021054110","","0","0","0","0","0","0","0","0","0","8","0","","67","6","2021","3","40.009244","-75.151133","","6","0","0","0","0","0","0","0","0","","0","0","0","","","1","","1","","40 00:33.277","","0","75 09:04.079","8","0","0","0","67301","1","0","0","N","1","0","0","2","67301","0","","1.0","","1","N","N","N","0","","0","0","0","","2","","","2","1","0","0","0","1","1","2","0","1","","","","N","","","","","","","","","",""
"2021069895","","1","0","0","0","0","0","0","0","0","7","0","","67","7","2021","5","39.988823","-75.127295","","6","0","0","0","0","0","0","0","0","","0","0","0","","","0","","5","","39 59:19.762","","1","75 07:38.262","9","0","0","0","67301","0","0","0","N","0","0","0","1","67301","0","","4.0","","1","N","N","N","0","","0","0","0","","1","","","1","0","0","0","0","0","1","2","0","1","","03","","N","","","","","","","","","",""
"2021069836","","1","0","0","0","0","0","0","0","0","4","0","","67","7","2021","4","40.044528","-75.193121","","6","0","0","0","0","0","0","0","0","","0","0","0","","","1","","1","","40 02:40.301","","0","75 11:35.235","3","0","0","0","67301","0","0","0","N","0","0","0","2","67301","0","","1.0","","9","N","N","N","0","","1","0","1","","2","","","2","1","0","0","0","0","0","2","0","2","","04","","N","","","","","","","","","",""
"2021070936","","0","0","0","0","0","0","0","0","0","0","0","45","67","7","2021","1","39.98157","-75.10225","","6","0","0","0","0","0","1","0","0","","0","0","0","","","1","","6","","39 58:53.653","2","2","75 06:08.101","2","0","1","1","67301","0","0","0","N","0","0","0","1","68K01","0","","7.0","1745.0","1","N","N","N","0","","0","1","0","","0","Y","","1","1","0","0","0","0","0","2","0","1","","03","N","Y","4","1","","","N","","","","Y","N"
"2021054468","","1","0","0","0","0","0","0","0","0","4","0","","67","6","2021","1","39.994608","-75.159819","","6","0","0","0","0","0","0","0","0","","0","0","0","","","1","","5","","39 59:40.590","3","0","75 09:35.349","4","0","0","0","67301","0","0","0","N","0","0","0","2","67301","1","","1.0","310.0","1","N","N","N","0","","0","0","1","","1","N","","2","1","0","0","0","0","0","2","0","2","","","","N","","","","","","","","","",""
"2021054715","","0","0","0","0","0","0","0","0","0","8","0","","67","6","2021","5","39.946562","-75.246007","","6","0","0","0","0","0","0","0","0","","0","0","0","","","1","","1","","39 56:47.623","","0","75 14:45.625","3","0","0","0","67301","1","0","0","N","1","0","0","2","67301","0","","1.0","","1","N","N","N","1","","1","0","0","","2","","","2","1","0","0","0","0","0","2","0","1","","03","","N","","","","","","","","","",""
"2021055348","","3","0","1","0","0","0","0","0","0","5","0","","67","6","2021","7","39.993902","-75.199353","","6","0","0","0","0","0","1","0","0","","0","0","0","","","5","N","0","","39 59:38.048","3","0","75 11:57.672","2","0","0","0","67301","0","0","0","N","0","0","0","7","68K01","3","","1.0","2210.0","1","N","N","N","0","","0","1","1","","0","N","","4","5","1","0","0","1","2","2","0","4","","","","N","","","","","","","","","",""
"2021082804","","1","0","0","0","0","0","0","0","0","4","0","","67","8","2021","6","40.047047","-75.087637","","6","0","0","0","0","0","0","0","0","","0","0","0","","","1","N","2","","40 02:49.370","","0","75 05:15.493","8","0","0","0","67301","0","0","0","N","0","0","0","2","67301","0","","1.0","","9","N","N","N","0","","0","0","1","","3","","","2","1","0","0","0","1","0","2","0","2","","04","","N","","","","","","","","","",""
"2021057126","","2","0","0","0","0","0","0","0","0","4","0","","67","6","2021","6","40.044832","-75.163781","","6","0","0","0","0","0","0","0","0","","0","0","0","","","2","","1","","40 02:41.396","","0","75 09:49.613","3","0","0","0","67301","0","0","0","N","0","0","0","3","67301","0","","1.0","","1","N","N","N","0","","2","0","0","","3","","","3","2","0","0","0","0","0","2","1","3","","","","N","","","","","","","","","",""
"2021081279","","1","0","0","0","0","0","0","0","0","7","0","","67","8","2021","1","40.015561","-75.084736","","6","0","0","0","0","0","0","0","0","","0","0","0","","","1","N","0","","40 00:56.019","","0","75 05:05.051","8","0","0","0","67301","0","0","0","N","0","0","0","1","67301","0","","2.0","","1","N","N","N","0","","0","0","0","","9","","","1","1","0","0","0","1","0","2","0","1","","","","N","","","","","","","","","",""
"2021066669","","0","0","0","0","0","0","0","0","0","5","0","","67","7","2021","5","40.023249","-75.034103","","6","0","0","0","0","0","0","0","0","","0","0","0","","","3","N","0","","40 01:23.695","1","3","75 02:02.771","8","0","0","0","67301","0","0","0","N","0","0","0","8","68K01","0","","1.0","2015.0","1","N","N","N","0","","0","0","2","","0","N","","2","3","0","0","0","3","0","2","0","2","","04","","N","","","","","","","","","",""
"2021070770","","0","0","0","0","0","0","0","0","0","5","0","","67","7","2021","1","39.903896","-75.19784","","6","0","0","0","0","0","1","0","0","","0","0","0","","","3","N","0","","39 54:14.026","","0","75 11:52.225","3","0","0","0","67301","0","0","0","N","0","0","0","5","67301","1","","1.0","","1","N","N","N","0","","1","0","4","","0","","","4","3","0","0","0","1","0","2","0","4","","","","N","","","","","","","","","",""
"2021069823","","3","0","0","0","0","0","0","0","0","5","0","","67","7","2021","2","39.921178","-75.242136","","6","0","0","0","0","0","0","0","0","","0","0","0","","","0","N","0","","39 55:16.240","","0","75 14:31.690","0","0","0","0","67301","0","0","0","N","0","0","0","1","67301","0","","6.0","","1","N","N","N","0","","0","0","0","","0","","","3","0","0","0","0","0","0","2","0","3","","03","","N","","","","","","","","","",""
"2021070433","","2","0","0","0","0","0","0","0","0","1","0","","67","7","2021","6","40.022534","-75.036698","","6","0","0","0","0","0","0","0","0","","0","0","0","","","1","N","0","","40 01:21.123","","0","75 02:12.112","3","0","0","0","67301","0","0","0","N","0","0","0","4","67301","0","","1.0","","1","N","N","N","0","","1","0","0","","0","","","2","1","0","0","0","0","0","2","0","2","","","","N","","","","","","","","","",""
"2021092899","","1","0","0","0","0","0","0","0","0","5","2","","67","9","2021","7","39.994796","-75.083952","","6","0","0","0","0","0","1","0","0","","0","2","0","","","3","N","0","","39 59:41.267","2","0","75 05:02.227","3","0","0","0","67301","0","0","0","N","0","0","0","9","68K01","2","","1.0","1530.0","1","N","N","N","0","","1","0","2","","0","N","","5","3","2","0","0","0","0","2","0","5","","","","N","","","","","","","","","",""
"2021081697","","0","0","0","0","0","0","0","0","0","1","1","","67","5","2021","5","40.009088","-75.067375","","6","0","0","0","0","0","0","0","0","","0","1","0","","","0","N","0","","40 00:32.718","","3","75 04:02.549","9","0","0","0","67301","0","0","0","N","0","0","0","2","68K01","0","","1.0","","1","N","N","N","0","","0","0","1","","0","","","2","0","0","0","0","0","1","2","0","2","","03","","N","","","","","","","","","",""
"2021064239","","1","0","0","0","0","0","0","0","0","4","0","","67","6","2021","2","40.074164","-75.18702","","6","0","0","0","0","0","1","0","0","","0","0","0","","","1","","2","","40 04:26.990","","0","75 11:13.272","8","0","0","0","67301","0","0","0","N","0","0","0","2","67301","0","","1.0","","1","N","N","N","0","","0","0","1","","0","","","2","1","0","0","0","1","0","2","0","2","","","","N","","","","","","","","","",""
"2021057144","","2","0","0","0","0","0","0","0","0","4","0","","67","6","2021","6","39.971038","-75.155724","","6","0","0","0","0","0","0","0","0","","0","0","0","","","2","","1","","39 58:15.737","","0","75 09:20.607","3","0","0","0","67301","0","0","0","N","0","0","0","6","67301","0","","1.0","","1","N","N","N","0","","2","0","0","","2","","","2","2","0","0","0","0","0","2","0","2","","03","","N","","","","","","","","","",""
"2021070454","","2","0","0","0","0","0","0","0","0","4","0","","67","7","2021","7","39.942284","-75.184468","","6","0","0","0","0","0","0","0","0","","0","0","0","","","2","","5","","39 56:32.222","","0","75 11:04.084","3","0","0","0","67301","0","0","0","N","0","0","0","3","67301","0","","1.0","","9","N","N","N","0","","2","0","0","","2","","","2","2","0","0","0","0","0","2","0","2","","07","","N","","","","","","","","","",""
"2021069868","","2","0","0","0","0","0","0","0","0","1","0","","67","7","2021","1","39.958334","-75.236585","","6","0","0","0","0","0","0","0","0","","0","0","0","","","2","N","0","","39 57:30.002","","0","75 14:11.705","4","0","0","0","67301","0","0","0","N","0","0","0","2","67301","2","","6.0","","9","N","N","N","0","","0","0","0","","0","","","2","2","2","0","0","0","0","2","0","2","","07","","N","","","","","","","","","",""
"2021054372","","0","0","0","1","0","0","0","0","0","8","0","","67","6","2021","6","39.96184","-75.157538","","6","0","0","0","0","0","0","0","0","","0","0","0","","","1","","5","","39 57:42.623","4","0","75 09:27.136","3","0","0","0","67301","1","0","0","N","0","0","0","2","67301","0","","1.0","1005.0","1","N","N","N","0","","1","0","0","","2","N","","2","1","0","0","0","0","0","2","1","1","","04","","N","","","","","","","","","",""
"2021057158","","2","0","0","0","0","0","0","0","0","1","0","","67","6","2021","4","40.010409","-75.099371","","6","0","0","0","0","0","0","1","0","","0","0","0","","","2","","1","","40 00:37.472","","0","75 05:57.735","8","0","0","0","67301","0","0","0","N","0","0","0","3","67301","0","","1.0","","1","N","N","N","0","","0","0","0","","0","","","2","2","0","0","0","2","1","2","0","2","","03","","N","","","","","","","","","",""
"2021081606","","1","0","0","0","0","0","0","0","0","1","0","","67","8","2021","7","39.95971","-75.176504","","6","0","0","0","0","0","1","0","0","","0","0","0","","","1","N","0","","39 57:34.955","","0","75 10:35.415","4","0","0","0","67301","0","0","0","N","0","0","0","3","68K01","1","","1.0","","1","N","N","N","1","","0","0","0","","8","","","2","1","0","0","0","0","0","2","0","2","","03","","N","","","","","","","","","",""
"2021059055","","0","0","0","0","0","0","0","0","0","7","0","","67","6","2021","5","40.045465","-75.139431","","6","0","0","0","0","0","0","0","0","","0","0","0","","","0","","2","","40 02:43.674","","0","75 08:21.951","0","0","0","0","67301","0","0","0","N","0","0","0","1","67301","0","","4.0","","1","N","N","N","0","","0","0","1","","3","","","1","0","0","0","0","0","0","2","0","1","","03","","N","","","","","","","","","",""
"2021054285","","1","0","0","0","0","0","0","0","0","6","0","","67","6","2021","6","40.06425","-75.070592","","6","0","0","0","0","0","0","0","0","","0","0","0","","","0","N","0","","40 03:51.300","","0","75 04:14.130","0","0","0","0","67301","0","0","0","N","0","0","0","2","67301","0","","1.0","","1","N","N","N","0","","0","0","0","","0","","","2","0","0","0","0","0","0","2","0","2","","","","N","","","","","","","","","",""
"2021091721","","1","0","0","0","0","0","0","0","0","4","0","","67","9","2021","3","39.983911","-75.24478","","6","0","0","0","0","0","0","0","0","","0","0","0","","","2","N","0","","39 59:02.080","","7","75 14:41.207","3","0","0","0","67301","0","0","0","N","0","0","0","2","67301","0","","1.0","","1","N","N","N","0","","2","0","1","","0","","","2","2","0","0","0","0","0","2","0","2","","03","","N","","","","","","","","","",""
"2021091973","","2","0","0","0","0","0","0","0","0","4","0","","67","9","2021","4","40.043333","-75.161349","","6","0","0","0","0","0","0","0","0","","0","0","0","","","1","","1","","40 02:36.000","","0","75 09:40.857","8","0","0","0","67301","0","0","0","N","0","0","0","2","67301","0","","1.0","","1","N","N","N","0","","0","0","0","","2","","","2","1","1","0","0","1","1","2","0","2","","03","","N","","","","","","","","","",""
"2021053563","","1","0","0","0","0","0","0","0","0","1","0","","67","6","2021","4","40.029428","-75.106157","","6","0","0","0","0","0","0","0","0","","0","0","0","","","1","N","0","","40 01:45.941","2","0","75 06:22.166","8","0","0","0","67301","0","0","0","N","0","0","0","1","67301","0","","1.0","1300.0","1","N","N","N","0","","0","0","0","","0","N","","2","1","0","0","0","1","0","2","1","2","","","","N","","","","","","","","","",""
"2021059122","","0","0","0","0","0","0","0","0","0","4","0","","67","6","2021","7","40.023685","-75.092612","","6","0","0","0","0","0","0","0","0","","0","0","0","","","1","","1","","40 01:25.267","","0","75 05:33.402","3","0","0","0","67301","0","0","0","N","0","0","0","3","67301","0","","1.0","","1","N","N","N","0","","1","0","2","","2","","","2","1","0","0","0","0","0","2","0","2","","","","N","","","","","","","","","",""
"2021057467","","0","0","0","0","0","0","0","0","0","4","0","","67","6","2021","4","39.947413","-75.239751","","6","0","0","0","0","0","1","0","0","","0","0","0","","","1","","1","","39 56:50.686","","0","75 14:23.103","3","0","0","1","67301","0","0","0","N","0","0","0","2","67301","0","","1.0","","1","N","N","N","0","","1","0","1","","2","","","2","1","0","0","0","0","0","2","0","2","","","","N","","","","","","","","","",""
"2021053611","","1","0","0","0","0","0","0","0","0","4","0","","67","6","2021","3","40.030793","-75.041184","","6","0","0","0","0","0","0","0","0","","0","0","0","","","1","","1","","40 01:50.853","","0","75 02:28.264","3","0","0","0","67301","0","0","0","N","0","0","0","3","67301","0","","1.0","","9","N","N","N","0","","1","0","1","","3","","","2","1","0","0","0","0","0","2","0","2","","07","","N","","","","","","","","","",""
"2021081633","","0","0","0","0","0","0","0","0","0","5","0","","67","8","2021","3","39.968955","-75.127079","","6","0","0","0","0","0","0","0","0","","0","0","0","","","0","N","0","","39 58:08.237","1","0","75 07:37.483","0","0","0","0","67301","0","0","0","N","0","0","0","1","68K01","0","","4.0","310.0","1","N","N","N","0","","0","0","0","","0","N","","1","0","0","0","0","0","0","2","1","1","","","","N","","","","","","","","","",""
"2021069791","","1","0","0","0","0","0","0","0","0","4","0","","67","7","2021","3","39.954661","-75.149521","","6","0","0","0","0","0","0","0","0","","0","0","0","","","1","","5","","39 57:16.781","","2","75 08:58.276","8","0","0","0","67301","0","0","0","N","0","0","0","2","67301","0","","1.0","","1","N","N","N","0","","0","0","1","","2","","","2","1","0","0","0","1","0","2","0","2","","","","N","","","","","","","","","",""
"2021057914","","1","0","0","0","0","0","0","0","0","4","0","","67","6","2021","4","39.953744","-75.240475","","6","0","0","0","0","0","0","0","0","","0","0","0","","","0","","1","","39 57:13.478","","0","75 14:25.709","0","0","0","0","67301","0","0","0","N","0","0","0","2","67301","0","","1.0","","1","N","N","N","0","","0","0","0","","2","","","2","0","0","0","0","0","0","2","0","2","","03","","N","","","","","","","","","",""
"2021080918","","1","0","0","0","0","0","0","0","0","8","0","","67","8","2021","2","39.945969","-75.241186","","6","0","0","0","0","0","0","0","0","","0","0","0","","","1","N","0","","39 56:45.489","","0","75 14:28.271","3","0","0","0","67301","1","0","0","N","1","0","0","1","67301","0","","1.0","","9","N","N","N","0","","1","0","0","","0","U","","2","1","0","0","0","0","0","2","0","1","","","","N","","","","","","","","","",""
"2021080995","","2","0","0","0","0","0","0","0","0","4","0","","67","8","2021","1","39.984949","-75.158241","","6","0","0","0","1","0","0","0","0","","0","0","0","","","0","","1","","39 59:05.816","2","0","75 09:29.666","0","0","0","0","67301","0","0","0","N","0","0","0","2","67505","0","","1.0","330.0","1","N","N","N","0","","0","0","0","","2","N","","2","0","0","0","0","0","0","2","0","2","","03","","N","","","","","","","","","",""
"2021082111","","1","0","0","0","0","0","0","0","0","5","0","","67","8","2021","1","39.897672","-75.185779","","6","0","0","0","0","0","0","0","0","","0","0","0","","","1","N","0","","39 53:51.620","1","3","75 11:08.803","3","0","0","0","67301","0","0","0","N","0","0","0","2","68K01","0","","1.0","2330.0","1","N","N","N","0","","1","0","0","","0","N","","2","1","0","0","0","0","1","2","0","2","","03","","N","","","","","","","","","",""
"2021064372","","0","0","0","0","0","0","0","0","0","4","0","","67","6","2021","1","40.028148","-75.155282","","6","0","0","0","0","0","0","0","0","","0","0","0","","","1","","2","","40 01:41.332","","0","75 09:19.015","3","0","0","1","67301","0","0","0","N","0","0","0","1","67301","0","","1.0","","1","N","N","N","0","","1","0","0","","3","","","2","1","0","0","0","0","0","2","1","2","","","","N","","","","","","","","","",""
"2021081133","","1","0","0","0","0","0","0","0","0","1","0","","67","8","2021","5","39.961998","-75.240725","","6","0","0","0","0","0","1","0","0","","0","0","0","","","2","","1","","39 57:43.192","","0","75 14:26.610","8","0","0","0","67301","0","0","0","N","0","0","0","3","67301","0","","1.0","","1","N","N","N","1","","0","0","0","","2","","","2","2","0","0","0","2","0","2","0","2","","","","N","","","","","","","","","",""
"2021070503","","1","0","0","0","0","0","0","0","0","6","0","","67","7","2021","6","39.9911","-75.123131","","6","0","0","0","0","0","0","0","0","","0","0","0","","","1","N","0","","39 59:27.960","5","1","75 07:23.270","3","0","0","0","67301","0","0","0","N","0","0","0","3","67301","0","","6.0","1240.0","1","N","N","N","1","","1","0","1","","0","Y","","3","1","0","0","0","0","0","2","0","3","","03","","N","","","","","","","","","",""
"2021057116","","2","0","0","0","0","0","0","0","0","4","0","","67","6","2021","6","39.923905","-75.222104","","6","0","0","0","0","0","0","0","0","","0","0","0","","","1","","1","","39 55:26.057","","0","75 13:19.574","3","0","0","0","67301","0","0","0","N","0","0","0","2","67301","0","","1.0","","1","N","N","N","0","","1","0","0","","2","","","2","1","0","0","0","0","0","2","0","2","","","","N","","","","","","","","","",""
"2021086018","","1","0","0","0","0","0","0","0","0","4","1","90","67","9","2021","4","40.021763","-75.126053","","6","0","0","0","0","0","0","0","0","","0","1","0","","","1","N","1","","40 01:18.346","3","0","75 07:33.790","3","0","0","0","67301","0","0","0","N","0","0","0","1","67301","0","","1.0","1245.0","1","N","N","N","0","","1","0","0","","8","N","","2","1","1","0","0","0","0","2","0","2","","04","Y","Y","2","1","N","N","N","Y","N","N","N","N"
"2021069898","","1","0","0","0","0","0","0","0","0","4","0","","67","7","2021","6","39.971717","-75.125888","","6","0","0","0","0","0","1","0","0","","0","0","0","","","1","","1","","39 58:18.181","","0","75 07:33.198","3","0","0","0","67301","0","0","0","N","0","0","0","2","67301","0","","1.0","","1","N","N","N","0","","1","0","1","","2","","","2","1","0","0","0","0","0","2","0","2","","","","N","","","","","","","","","",""
"2021090602","","1","0","0","0","0","0","0","0","0","8","0","","67","9","2021","6","40.0282","-75.132303","","6","0","0","0","0","0","0","0","0","","0","0","0","","","1","N","0","","40 01:41.520","","0","75 07:56.290","2","0","0","0","67301","1","0","1","N","1","0","1","2","67301","0","","9.0","","1","N","N","N","0","","0","1","0","","0","","","2","1","0","0","0","0","1","2","0","1","","03","","N","","","","","","","","","",""
"2021070549","","2","0","0","0","0","0","0","0","0","4","0","","67","7","2021","5","40.009257","-75.151239","","6","0","0","0","0","0","0","0","0","","0","0","0","","","0","","1","","40 00:33.325","","0","75 09:04.460","0","0","0","0","67301","0","0","0","N","0","0","0","3","67301","0","","1.0","","1","N","N","N","0","","0","0","0","","2","","","2","0","1","0","0","0","0","2","0","2","","98","","N","","","","","","","","","",""