"CRN","ARRIVAL_TM","AUTOMOBILE_COUNT","BELTED_DEATH_COUNT","BELTED_SUSP_SERIOUS_INJ_COUNT","BICYCLE_COUNT","BICYCLE_DEATH_COUNT","BICYCLE_SUSP_SERIOUS_INJ_COUNT","BUS_COUNT","CHLDPAS_DEATH_COUNT","CHLDPAS_SUSP_SERIOUS_INJ_COUNT","COLLISION_TYPE","COMM_VEH_COUNT","CONS_ZONE_SPD_LIM","COUNTY","CRASH_MONTH","CRASH_YEAR","DAY_OF_WEEK","DEC_LATITUDE","DEC_LONGITUDE","DISPATCH_TM","DISTRICT","DRIVER_COUNT_16YR","DRIVER_COUNT_17YR","DRIVER_COUNT_18YR","DRIVER_COUNT_19YR","DRIVER_COUNT_20YR","DRIVER_COUNT_50_64YR","DRIVER_COUNT_65_74YR","DRIVER_COUNT_75PLUS","EST_HRS_CLOSED","FATAL_COUNT","HEAVY_TRUCK_COUNT","HORSE_BUGGY_COUNT","HOUR_OF_DAY","ILLUMINATION","INJURY_COUNT","INTERSECTION_RELATED","INTERSECT_TYPE","LANE_CLOSED","LATITUDE","LN_CLOSE_DIR","LOCATION_TYPE","LONGITUDE","MAX_SEVERITY_LEVEL","MCYCLE_DEATH_COUNT","MCYCLE_SUSP_SERIOUS_INJ_COUNT","MOTORCYCLE_COUNT","MUNICIPALITY","NONMOTR_COUNT","NONMOTR_DEATH_COUNT","NONMOTR_SUSP_SERIOUS_INJ_COUNT","NTFY_HIWY_MAINT","PED_COUNT","PED_DEATH_COUNT","PED_SUSP_SERIOUS_INJ_COUNT","PERSON_COUNT","POLICE_AGCY","POSSIBLE_INJ_COUNT","RDWY_SURF_TYPE_CD","RELATION_TO_ROAD","ROADWAY_CLEARED","ROAD_CONDITION","SCH_BUS_IND","SCH_ZONE_IND","SECONDARY_CRASH","SMALL_TRUCK_COUNT","SPEC_JURIS_CD","SUSP_MINOR_INJ_COUNT","SUSP_SERIOUS_INJ_COUNT","SUV_COUNT","TCD_FUNC_CD","TCD_TYPE","TFC_DETOUR_IND","TIME_OF_DAY","TOTAL_UNITS","TOT_INJ_COUNT","UNBELTED_OCC_COUNT","UNB_DEATH_COUNT","UNB_SUSP_SERIOUS_INJ_COUNT","UNK_INJ_DEG_COUNT","UNK_INJ_PER_COUNT","URBAN_RURAL","VAN_COUNT","VEHICLE_COUNT","WEATHER1","WEATHER2","WORKERS_PRES","WORK_ZONE_IND","WORK_ZONE_LOC","WORK_ZONE_TYPE","WZ_CLOSE_DETOUR","WZ_FLAGGER","WZ_LAW_OFFCR_IND","WZ_LN_CLOSURE","WZ_MOVING","WZ_OTHER","WZ_SHLDER_MDN","WZ_WORKERS_INJ_KILLED"
"2021082623","","1","0","0","0","0","0","0","0","0","1","1","","67","8","2021","6","40.002389","-75.122472","","6","0","0","0","0","0","2","0","0","","0","1","0","","","1","N","0","","40 00:08.600","","0","75 07:20.900","3","0","0","0","67301","0","0","0","N","0","0","0","2","67301","0","","1.0","","9","N","N","N","0","","1","0","0","","0","","","2","1","0","0","0","0","0","2","0","2","","","","N","","","","","","","","","",""
"2021082038","","0","0","0","0","0","0","0","0","0","8","0","","67","8","2021","6","40.005375","-75.168092","","6","0","0","0","0","0","0","0","0","","0","0","0","","","1","N","0","","40 00:19.350","","0","75 10:05.130","3","0","0","0","67301","1","0","0","N","1","0","0","2","67301","0","","1.0","","1","N","Y","N","1","","1","0","0","","0","","","2","1","0","0","0","0","0","2","0","1","","","","N","","","","","","","","","",""
"2021057113","","3","0","0","0","0","0","0","0","0","5","0","","67","6","2021","5","39.943122","-75.227003","","6","0","0","0","0","0","0","0","0","","0","0","0","","","0","N","0","","39 56:35.240","","0","75 13:37.210","0","0","0","0","67301","0","0","0","N","0","0","0","2","67301","0","","6.0","","1","N","N","N","1","","0","0","0","","0","","","4","0","0","0","0","0","0","2","0","4","","03","","N","","","","","","","","","",""
"2021055387","","2","0","0","0","0","0","0","0","0","1","0","","67","6","2021","3","40.111233","-75.01925","","6","0","0","0","0","0","0","0","1","","0","0","0","","","2","N","0","","40 06:40.440","","0","75 01:09.300","3","0","0","0","67301","0","0","0","N","0","0","0","2","67301","0","","6.0","","1","N","N","Y","0","","1","0","0","","0","","","2","2","0","0","0","1","0","2","0","2","","","","N","","","","","","","","","",""
"2021083901","","3","0","0","0","0","0","0","0","0","1","0","","67","6","2021","2","39.955894","-75.236422","","6","0","0","0","0","0","0","0","0","","0","0","0","","","3","N","0","","39 57:21.220","","0","75 14:11.120","3","0","0","0","67301","0","0","0","N","0","0","0","3","67301","0","","1.0","","1","N","N","N","1","","1","0","0","","0","","","4","3","0","0","0","2","0","2","0","4","","03","","N","","","","","","","","","",""
"2021053671","","2","0","0","0","0","0","0","0","0","4","0","","67","6","2021","4","40.039076","-75.144733","","6","0","0","0","1","0","0","0","0","","0","0","0","","","1","","1","","40 02:20.672","7","0","75 08:41.040","3","0","0","0","67301","0","0","0","N","0","0","0","3","67301","0","","1.0","755.0","1","N","N","N","0","","1","0","0","","2","Y","","2","1","1","0","0","0","0","2","0","2","","03","","N","","","","","","","","","",""
"2021054214","","1","0","0","0","0","0","0","0","0","7","0","","67","6","2021","7","40.095613","-74.959476","","6","0","0","0","0","0","0","0","0","","0","0","0","","","0","N","0","","40 05:44.206","5","0","74 57:34.114","9","0","0","0","67301","0","0","0","N","0","0","0","1","67301","0","","4.0","1430.0","1","N","N","N","0","","0","0","0","","0","Y","","1","0","0","0","0","0","1","2","0","1","","03","","N","","","","","","","","","",""
"2021087537","","1","0","0","0","0","0","0","0","0","5","1","","67","9","2021","6","40.042728","-75.158314","","6","0","0","0","0","0","0","0","0","","0","1","0","","","1","N","0","","40 02:33.820","","0","75 09:29.930","3","0","0","0","67301","0","0","0","N","0","0","0","1","67301","0","","1.0","","1","N","N","N","0","","1","0","0","","0","","","2","1","0","0","0","0","0","2","0","2","","","","N","","","","","","","","","",""
"2021085737","","2","0","0","0","0","0","0","0","0","4","0","","67","9","2021","6","40.016994","-75.188321","","6","0","0","0","0","0","0","0","0","","0","0","0","","","0","","1","","40 01:01.180","1","0","75 11:17.957","0","0","0","0","67301","0","0","0","N","0","0","0","3","67301","0","","1.0","830.0","1","N","N","N","0","","0","0","0","","2","Y","","2","0","0","0","0","0","0","2","0","2","","03","","N","","","","","","","","","",""
"2021053614","","1","0","0","0","0","0","0","0","0","5","0","","67","6","2021","3","39.985975","-75.214928","","6","0","0","0","0","0","1","0","0","","0","0","0","","","0","N","0","","39 59:09.510","","0","75 12:53.740","0","0","0","0","67301","0","0","0","N","0","0","0","3","67301","0","","1.0","","9","N","N","N","1","","0","0","0","","0","","","3","0","0","0","0","0","0","2","1","3","","04","","N","","","","","","","","","",""
"2021057159","","1","0","0","0","0","0","0","0","0","1","0","","67","6","2021","6","40.013043","-75.119472","","6","0","0","0","0","0","0","0","0","","0","0","0","","","2","","1","","40 00:46.955","","0","75 07:10.098","3","0","0","0","67301","0","0","0","N","0","0","0","4","67301","0","","1.0","","1","N","N","N","0","","2","0","2","","2","","","3","2","0","0","0","0","0","2","0","3","","03","","N","","","","","","","","","",""
"2021055079","","2","0","0","0","0","0","0","0","0","5","0","","67","6","2021","2","39.915722","-75.152194","","6","0","0","0","0","0","0","0","0","","0","0","0","","","0","N","0","","39 54:56.600","","0","75 09:07.900","9","0","0","0","67301","0","0","0","N","0","0","0","1","67301","0","","6.0","","1","N","N","N","0","","0","0","1","","0","","","3","0","0","0","0","0","1","2","0","3","","","","N","","","","","","","","","",""
"2021069797","","1","0","0","0","0","0","0","0","0","4","0","","67","7","2021","6","40.090985","-75.032671","","6","0","0","1","1","0","0","0","0","","0","0","0","","","1","","2","","40 05:27.547","","0","75 01:57.615","2","0","1","1","67301","0","0","0","N","0","0","0","3","67301","0","","1.0","","1","N","N","N","0","","0","1","0","","2","","","2","1","0","0","0","0","0","2","0","2","","03","","N","","","","","","","","","",""
"2021077017","","1","0","0","0","0","0","0","0","0","1","0","","67","6","2021","3","39.950707","-75.141608","","6","0","0","1","0","0","0","0","0","","0","0","0","","","0","N","0","","39 57:02.545","","0","75 08:29.789","9","0","0","0","67301","0","0","0","N","0","0","0","3","68K01","0","","1.0","","8","N","N","N","1","","0","0","0","","0","","","3","0","0","0","0","0","1","2","0","3","","07","","N","","","","","","","","","",""
"2021069853","","2","0","0","0","0","0","0","0","0","5","0","","67","7","2021","7","39.960799","-75.224695","","6","0","0","0","0","0","0","0","0","","0","0","0","","","0","","2","","39 57:38.878","","0","75 13:28.901","9","0","0","0","67301","0","0","0","N","0","0","0","1","67301","0","","1.0","","9","N","N","N","0","","0","0","0","","2","","","2","0","0","0","0","0","1","2","0","2","","03","","N","","","","","","","","","",""
"2021055086","","1","0","0","0","0","0","0","0","0","1","0","","67","6","2021","5","39.958029","-75.209368","","6","0","0","0","0","0","0","0","0","","0","0","0","","","1","","1","","39 57:28.905","","0","75 12:33.724","8","0","0","0","67301","0","0","0","N","0","0","0","2","67301","0","","1.0","","1","N","N","N","0","","0","0","1","","2","","","3","1","0","0","0","1","0","2","0","2","","03","","N","","","","","","","","","",""
"2021062694","","0","0","0","0","0","0","0","0","0","0","0","","67","6","2021","5","39.88568","-75.243175","","6","0","0","0","0","0","1","0","0","","0","0","0","","","1","N","0","","39 53:08.449","1","0","75 14:35.430","8","0","0","1","67301","0","0","0","N","0","0","0","1","68K01","0","","1.0","1540.0","1","N","N","N","0","","0","0","0","","0","N","","1","1","0","0","0","1","0","2","0","1","","","","N","","","","","","","","","",""
"2021064263","","1","0","0","0","0","0","0","0","0","4","0","","67","6","2021","2","40.022621","-75.055563","","6","0","0","0","0","0","0","0","0","","0","0","0","","","1","","1","","40 01:21.435","3","0","75 03:20.025","3","0","0","0","67301","0","0","0","N","0","0","0","2","67301","0","","1.0","920.0","1","N","N","N","0","","1","0","1","","3","N","","2","1","0","0","0","0","0","2","0","2","","03","","N","","","","","","","","","",""
"2021069845","","1","0","0","0","0","0","0","0","0","8","0","","67","7","2021","5","40.041456","-75.036189","","6","0","0","0","0","0","0","0","0","","0","0","0","","","1","N","0","","40 02:29.240","3","0","75 02:10.280","8","0","0","0","67301","1","0","0","N","1","0","0","2","67301","0","","1.0","2134.0","1","N","N","N","0","","0","0","0","","0","Y","","2","1","0","0","0","1","0","2","0","1","","","","N","","","","","","","","","",""
"2021069819","","0","0","0","0","0","0","0","0","0","6","0","","67","7","2021","7","39.921699","-75.231043","","6","0","0","0","0","0","0","0","0","","0","0","0","","","0","N","0","","39 55:18.117","","0","75 13:51.754","0","0","0","0","67301","0","0","0","N","0","0","0","1","67301","0","","6.0","","1","N","N","N","0","","0","0","3","","0","","","3","0","0","0","0","0","0","2","0","3","","03","","N","","","","","","","","","",""
"2021060030","","0","0","0","0","0","0","0","0","0","8","0","","67","6","2021","6","39.996438","-75.113451","","6","0","0","0","0","0","0","0","0","","0","0","0","","","1","","5","","39 59:47.175","","1","75 06:48.425","8","0","0","0","67301","1","0","0","N","1","0","0","2","67508","0","","1.0","","1","N","N","Y","0","","0","0","0","","2","","","2","1","0","0","0","1","0","2","0","1","","03","","N","","","","","","","","","",""
"2021070424","","0","0","0","0","0","0","0","0","0","7","0","","67","7","2021","4","40.016786","-75.08361","","6","0","0","0","0","0","0","0","0","","0","0","0","","","0","","5","","40 01:00.430","","1","75 05:00.995","0","0","0","0","67301","0","0","0","N","0","0","0","1","67301","0","","4.0","","1","N","N","N","0","","0","0","1","","2","","","1","0","0","0","0","0","0","2","0","1","","03","","N","","","","","","","","","",""
"2021055977","","1","0","0","0","0","0","0","0","0","4","0","","67","6","2021","5","39.984286","-75.161622","","6","0","0","0","1","0","0","0","0","","0","0","0","","","1","","1","","39 59:03.429","","0","75 09:41.838","4","0","0","0","67301","0","0","0","N","0","0","0","2","67301","1","","1.0","","1","N","N","N","0","","0","0","1","","3","","","2","1","0","0","0","0","0","2","0","2","","03","","N","","","","","","","","","",""
"2021055882","","1","0","0","0","0","0","0","0","0","4","0","","67","6","2021","3","40.037331","-75.125066","","6","0","0","0","0","0","0","0","0","","0","0","0","","","0","","1","","40 02:14.391","","0","75 07:30.237","9","0","0","0","67301","0","0","0","N","0","0","0","4","67301","0","","1.0","","99","N","N","N","1","","0","0","0","","3","","","2","0","4","0","0","0","4","2","0","2","","","","N","","","","","","","","","",""
"2021060705","","1","0","0","0","0","0","0","0","0","5","0","","67","6","2021","1","39.887006","-75.205218","","6","0","0","0","0","0","1","0","0","","0","0","0","","","0","N","0","","39 53:13.222","","3","75 12:18.783","9","0","0","0","67301","0","0","0","N","0","0","0","2","68K01","0","","1.0","","1","N","N","N","0","","0","0","0","","0","","","2","0","0","0","0","0","1","2","1","2","","03","","N","","","","","","","","","",""
"2021070373","","1","0","0","0","0","0","0","0","0","1","0","99","67","7","2021","4","39.950162","-75.140693","","6","0","0","0","0","0","0","0","0","","0","0","0","","","1","N","0","","39 57:00.583","1","0","75 08:26.494","4","0","0","0","67301","0","0","0","N","0","0","0","2","67301","1","","1.0","115.0","1","N","N","N","1","","0","0","0","","2","N","","2","1","1","0","0","0","0","2","0","2","","03","U","Y","4","1","","","U","Y","","","","N"
"2021079484","","0","0","0","0","0","0","0","0","0","7","0","","67","7","2021","7","40.014193","-75.055716","","6","0","0","0","0","0","0","0","0","","0","0","0","","","1","N","0","","40 00:51.094","","0","75 03:20.577","2","0","1","1","67301","0","0","0","N","0","0","0","1","68K01","0","","4.0","","1","N","N","N","0","","0","1","0","","0","","","1","1","0","0","0","0","0","2","0","1","","","","N","","","","","","","","","",""
"2021056198","","1","0","0","0","0","0","0","0","0","4","0","","67","6","2021","4","40.031296","-75.085058","","6","0","0","0","0","0","0","0","0","","0","0","0","","","0","","5","","40 01:52.664","1","0","75 05:06.208","0","0","0","0","67301","0","0","0","N","0","0","0","2","67301","0","","1.0","230.0","1","N","N","N","0","","0","0","1","","2","N","","2","0","0","0","0","0","0","2","0","2","","03","","N","","","","","","","","","",""
"2021076781","","1","0","0","0","0","0","0","0","0","0","1","","67","8","2021","3","39.905528","-75.130694","","6","0","0","0","0","0","1","0","0","","0","1","0","","","0","N","0","","39 54:19.900","4","3","75 07:50.500","0","0","0","0","67301","0","0","0","N","0","0","0","2","67501","0","","1.0","1125.0","1","N","N","N","0","","0","0","0","","0","N","","2","0","1","0","0","0","0","2","0","2","","","","N","","","","","","","","","",""
"2021055484","","1","0","0","0","0","0","0","0","0","4","0","","67","6","2021","3","39.986182","-75.159607","","6","0","0","0","0","0","0","0","0","","0","0","0","","","2","","2","","39 59:10.255","1","0","75 09:34.585","2","0","2","1","67301","0","0","0","N","0","0","0","2","67301","0","","1.0","1545.0","1","N","N","N","0","","0","2","0","","3","Y","","2","2","0","0","0","0","0","2","0","2","","","","N","","","","","","","","","",""
"2021055422","","1","0","0","0","0","0","0","0","0","4","0","","67","6","2021","3","39.992787","-75.158171","","6","0","0","0","0","0","0","0","0","","0","0","0","","","6","","1","","39 59:34.033","4","0","75 09:29.415","3","0","0","0","67301","0","0","0","N","0","0","0","6","67301","0","","1.0","1.0","1","N","N","N","0","","6","0","1","","3","Y","","2","6","1","0","0","0","0","2","0","2","","","","N","","","","","","","","","",""
"2021055232","","0","0","0","0","0","0","0","0","0","8","0","","67","6","2021","2","39.915899","-75.164491","","6","0","0","0","0","0","0","0","0","","0","0","0","","","1","","1","","39 54:57.236","","0","75 09:52.167","3","0","0","0","67301","1","0","0","N","1","0","0","2","67301","0","","1.0","","1","N","N","N","1","","1","0","0","","2","","","2","1","0","0","0","0","0","2","0","1","","04","","N","","","","","","","","","",""
"2021054286","","2","0","0","0","0","0","0","0","0","4","0","","67","6","2021","7","40.037802","-75.074462","","6","0","0","0","0","0","1","0","1","","0","0","0","","","1","","1","","40 02:16.088","","0","75 04:28.064","3","0","0","0","67301","0","0","0","N","0","0","0","2","67301","0","","1.0","","1","N","N","N","0","","1","0","1","","2","","","5","1","0","0","0","0","0","2","2","5","","","","N","","","","","","","","","",""
"2021070513","","1","0","0","0","0","0","0","0","0","4","0","","67","7","2021","6","40.004705","-75.152241","","6","0","0","0","0","0","0","0","0","","0","0","0","","","1","","1","","40 00:16.937","1","0","75 09:08.069","2","0","1","1","67301","0","0","0","N","0","0","0","3","67301","0","","1.0","2115.0","1","N","N","N","0","","0","1","0","","2","Y","","2","1","0","0","0","0","0","2","0","2","","03","","N","","","","","","","","","",""
"2021081272","","1","0","0","0","0","0","0","0","0","7","0","","67","8","2021","2","40.024508","-75.079322","","6","0","0","0","0","0","0","0","0","","0","0","0","","","0","N","0","","40 01:28.230","","0","75 04:45.560","0","0","0","0","67301","0","0","0","N","0","0","0","0","67301","0","","5.0","","1","N","N","N","0","","0","0","0","","0","","","1","0","0","0","0","0","0","2","0","1","","03","","N","","","","","","","","","",""
"2021080703","","2","0","0","0","0","0","0","0","0","4","0","","67","8","2021","6","40.004705","-75.152241","","6","0","0","0","0","0","0","1","0","","0","0","0","","","0","N","1","","40 00:16.937","","0","75 09:08.069","0","0","0","0","67301","0","0","0","N","0","0","0","4","67505","0","","1.0","","1","N","N","N","0","","0","0","0","","2","","","2","0","0","0","0","0","0","2","0","2","","03","","N","","","","","","","","","",""
"2021057129","","2","0","0","0","0","0","0","0","0","1","0","","67","6","2021","6","40.040628","-75.169796","","6","0","0","0","0","0","0","2","0","","0","0","0","","","1","","5","","40 02:26.260","","0","75 10:11.265","8","0","0","0","67301","0","0","0","N","0","0","0","4","67301","0","","1.0","","1","N","N","N","0","","0","0","1","","2","","","3","1","0","0","0","1","3","2","0","3","","","","N","","","","","","","","","",""
"2021055401","","1","0","0","0","0","0","0","0","0","2","0","","67","6","2021","3","39.961361","-75.192083","","6","0","0","0","0","0","0","0","0","","0","0","0","","","0","N","0","","39 57:40.900","6","0","75 11:31.500","0","0","0","0","67301","0","0","0","N","0","0","0","4","67507","0","","1.0","20.0","1","N","N","N","0","","0","0","1","","0","Y","","2","0","0","0","0","0","0","2","0","2","","03","","N","","","","","","","","","",""
"2021054509","","2","0","0","0","0","0","0","0","0","5","0","","67","6","2021","2","40.042714","-75.119856","","6","0","0","0","0","0","0","0","0","","0","0","0","","","0","N","0","","40 02:33.770","","0","75 07:11.480","9","0","0","0","67301","0","0","0","N","0","0","0","1","67301","0","","6.0","","1","N","N","N","0","","0","0","2","","0","","","4","0","0","0","0","0","1","2","0","4","","","","N","","","","","","","","","",""
"2021054983","","3","0","0","0","0","0","0","0","0","8","0","","67","6","2021","6","40.044101","-75.162594","","6","0","0","0","0","0","0","0","0","","0","0","0","","","1","N","0","","40 02:38.763","7","0","75 09:45.340","2","0","0","0","67301","1","0","1","N","1","0","1","2","67301","0","","1.0","1441.0","9","N","N","N","0","","0","1","0","","0","Y","","5","1","0","0","0","0","0","2","1","4","","04","","N","","","","","","","","","",""
"2021080109","","0","0","0","0","0","0","0","0","0","4","0","","67","8","2021","4","40.058854","-75.047459","","6","0","0","0","0","0","1","0","0","","0","0","0","","","1","","1","","40 03:31.874","","0","75 02:50.852","8","0","0","0","67301","0","0","0","N","0","0","0","3","67301","0","","1.0","","1","N","N","N","1","","0","0","1","","3","","","2","1","0","0","0","1","0","2","0","2","","","","N","","","","","","","","","",""
"2021085939","","1","0","0","0","0","0","0","0","0","8","0","","67","9","2021","1","39.980213","-75.157468","","6","0","0","0","0","0","0","0","0","","0","0","0","","","1","N","1","","39 58:48.767","","0","75 09:26.884","8","0","0","0","67301","1","0","0","N","1","0","0","1","67505","0","","1.0","","1","N","N","N","0","","0","0","0","","2","","","2","1","0","0","0","1","0","2","0","1","","03","","N","","","","","","","","","",""
"2021071923","","0","0","0","0","0","0","0","0","0","1","0","","67","7","2021","6","39.959873","-75.177797","","6","0","0","0","0","0","1","0","0","","0","0","0","","","1","N","0","","39 57:35.543","4","0","75 10:40.069","3","0","0","0","67301","0","0","0","N","0","0","0","4","68K01","0","","1.0","15.0","1","N","N","N","0","","1","0","2","","0","N","","2","1","0","0","0","0","1","2","0","2","","","","N","","","","","","","","","",""
"2021064270","","1","0","0","0","0","0","0","0","0","1","0","","67","6","2021","3","40.02911","-75.105293","","6","0","0","0","0","0","1","0","0","","0","0","0","","","2","","3","","40 01:44.795","1","0","75 06:19.055","3","0","0","0","67301","0","0","0","N","0","0","0","2","67301","0","","1.0","20.0","1","N","N","N","0","","2","0","1","","2","Y","","2","2","0","0","0","0","0","2","0","2","","03","","N","","","","","","","","","",""
"2021085735","","2","0","0","0","0","0","0","0","0","1","0","","67","9","2021","3","40.012446","-75.168835","","6","0","0","0","0","0","1","0","0","","0","0","0","","","1","N","0","","40 00:44.804","","0","75 10:07.806","3","0","0","0","67301","0","0","0","N","0","0","0","3","67301","0","","1.0","","1","N","N","N","0","","1","0","0","","0","U","","2","1","0","0","0","0","1","2","0","2","","","","N","","","","","","","","","",""
"2021054506","","1","0","0","0","0","0","0","0","0","4","0","","67","6","2021","1","40.036904","-75.079806","","6","0","0","0","0","0","1","0","0","","0","0","0","","","2","","1","","40 02:12.854","1","0","75 04:47.301","3","0","0","0","67301","0","0","0","N","0","0","0","3","67301","0","","1.0","345.0","1","N","N","N","0","","2","0","1","","2","N","","2","2","3","0","0","0","0","2","0","2","","","","N","","","","","","","","","",""
"2021064404","","1","0","0","0","0","0","0","0","0","4","0","","67","6","2021","1","40.01168","-75.163048","","6","0","0","0","0","0","0","0","0","","0","0","0","","","2","","1","","40 00:42.048","","0","75 09:46.973","8","0","0","0","67301","0","0","0","N","0","0","0","3","67301","0","","1.0","","1","N","N","N","0","","0","0","1","","3","","","2","2","0","0","0","2","1","2","0","2","","03","","N","","","","","","","","","",""
"2021081909","","2","0","0","0","0","0","0","0","0","5","0","","67","8","2021","5","39.971586","-75.122273","","6","0","0","0","0","0","0","0","0","","0","0","0","","","1","N","7","","39 58:17.711","","2","75 07:20.181","8","0","0","0","67301","0","0","0","Y","0","0","0","2","68K01","0","","1.0","","1","N","N","N","0","","0","0","0","","0","","","2","1","0","0","0","1","1","2","0","2","","","","N","","","","","","","","","",""
"2021072646","","2","0","0","0","0","0","0","0","0","5","0","","67","7","2021","4","40.008074","-75.141965","","6","0","0","0","0","0","0","0","0","","0","0","0","","","0","N","0","","40 00:29.066","","0","75 08:31.075","0","0","0","0","67301","0","0","0","N","0","0","0","2","67301","0","","1.0","","1","N","N","N","0","","0","0","0","","0","","","2","0","1","0","0","0","0","2","0","2","","03","","N","","","","","","","","","",""
"2021087113","","1","0","0","0","0","0","0","0","0","5","0","","67","7","2021","1","39.954828","-75.225946","","6","0","0","0","0","0","0","0","0","","0","0","0","","","0","N","0","","39 57:17.379","","0","75 13:33.407","0","0","0","0","67301","0","0","0","N","0","0","0","2","67301","0","","1.0","","1","N","N","N","1","","0","0","0","","0","","","2","0","1","0","0","0","0","2","0","2","","03","","N","","","","","","","","","",""
"2021072645","","2","0","0","0","0","0","0","0","0","5","0","","67","7","2021","1","40.0101","-75.142369","","6","0","0","0","0","0","0","0","0","","0","0","0","","","0","N","0","","40 00:36.360","","0","75 08:32.530","0","0","0","0","67301","0","0","0","N","0","0","0","1","67301","0","","6.0","","1","N","N","N","0","","0","0","1","","0","","","3","0","0","0","0","0","0","2","0","3","","","","N","","","","","","","","","",""
"2021071079","","2","0","0","0","0","0","0","0","0","4","0","","67","7","2021","2","39.973768","-75.245294","","6","0","0","0","0","0","1","0","0","","0","0","0","","","0","","1","","39 58:25.565","","0","75 14:43.057","0","0","0","0","67301","0","0","0","N","0","0","0","2","67301","0","","1.0","","1","N","N","N","0","","0","0","0","","2","","","2","0","0","0","0","0","0","2","0","2","","03","","N","","","","","","","","","",""
"2021058739","","0","0","0","0","0","0","0","0","0","4","0","","67","6","2021","1","40.016994","-75.188321","","6","0","0","0","0","0","0","1","0","","0","0","0","","","1","","1","","40 01:01.180","1","0","75 11:17.957","3","0","0","0","67301","0","0","0","N","0","0","0","2","67301","0","","1.0","45.0","1","N","N","N","0","","1","0","1","","2","N","","2","1","0","0","0","0","0","2","1","2","","","","N","","","","","","","","","",""
"2021055482","","1","0","0","0","0","0","0","0","0","4","0","","67","6","2021","3","39.986747","-75.207556","","6","0","0","0","0","0","0","0","0","","0","0","0","","","1","","1","","39 59:12.288","","2","75 12:27.201","3","0","0","0","67301","0","0","0","N","0","0","0","2","67301","0","","1.0","","1","N","N","N","0","","1","0","1","","2","","","2","1","0","0","0","0","0","2","0","2","","","","N","","","","","","","","","",""
"2021064380","","1","0","0","0","0","0","0","0","0","4","0","","67","6","2021","3","40.035351","-75.132773","","6","0","0","0","0","0","0","0","0","","0","0","0","","","1","","1","","40 02:07.263","","0","75 07:57.982","4","0","0","0","67301","0","0","0","N","0","0","0","2","67301","1","","1.0","","1","N","N","N","0","","0","0","0","","3","","","2","1","0","0","0","0","0","2","1","2","","03","","N","","","","","","","","","",""
"2021076650","","1","0","0","0","0","0","0","0","0","4","0","","67","7","2021","7","39.958202","-75.235514","","6","0","0","0","0","0","0","0","0","","0","0","0","","","0","","1","","39 57:29.526","","0","75 14:07.849","0","0","0","0","67301","0","0","0","N","0","0","0","2","67301","0","","1.0","","1","N","N","N","0","","0","0","0","","2","","","2","0","1","0","0","0","0","2","1","2","","","","N","","","","","","","","","",""
"2021081213","","1","0","0","0","0","0","0","0","0","7","0","","67","8","2021","7","39.885855","-75.212758","","6","0","0","0","0","0","0","0","0","","0","0","0","","","1","N","0","","39 53:09.078","","0","75 12:45.928","3","0","0","0","67301","0","0","0","Y","0","0","0","1","68K01","0","","4.0","","9","N","N","N","0","","1","0","0","","1","","","1","1","0","0","0","0","0","2","0","1","","","","N","","","","","","","","","",""
"2021070517","","1","0","0","0","0","0","0","0","0","1","0","","67","7","2021","3","40.013223","-75.150268","","6","0","0","0","0","0","1","0","0","","0","0","0","","","1","N","0","","40 00:47.603","","0","75 09:00.964","3","0","0","0","67301","0","0","0","N","0","0","0","3","67301","0","","1.0","","1","N","N","N","1","","1","0","0","","0","","","2","1","0","0","0","0","1","2","0","2","","03","","N","","","","","","","","","",""
"2021064308","","1","0","0","0","0","0","0","0","0","5","0","","67","6","2021","2","39.980603","-75.221553","","6","0","0","0","0","0","0","1","0","","0","0","0","","","2","N","0","","39 58:50.170","","0","75 13:17.590","3","0","0","0","67301","0","0","0","N","0","0","0","3","67301","0","","1.0","","1","N","N","N","0","","2","0","1","","0","","","2","2","0","0","0","0","0","2","0","2","","03","","N","","","","","","","","","",""
"2021070350","","2","0","0","0","0","0","0","0","0","4","0","","67","7","2021","7","40.047122","-75.097998","","6","0","0","0","0","0","0","0","0","","0","0","0","","","0","","1","","40 02:49.639","","0","75 05:52.794","0","0","0","0","67301","0","0","0","N","0","0","0","4","67301","0","","1.0","","1","N","N","N","0","","0","0","0","","2","","","2","0","0","0","0","0","0","2","0","2","","03","","N","","","","","","","","","",""
"2021069927","","1","0","0","0","0","0","0","0","0","4","0","","67","7","2021","6","40.024122","-75.185758","","6","0","0","0","0","1","0","1","0","","0","0","0","","","0","N","0","","40 01:26.840","","7","75 11:08.730","0","0","0","0","67301","0","0","0","N","0","0","0","2","67301","0","","1.0","","1","N","N","N","1","","0","0","0","","0","","","2","0","0","0","0","0","0","2","0","2","","03","","N","","","","","","","","","",""
"2021070431","","1","0","0","0","0","0","0","0","0","5","0","","67","7","2021","6","40.0098","-75.088467","","6","0","0","0","0","0","0","0","0","","0","0","0","","","0","N","0","","40 00:35.280","","0","75 05:18.480","0","0","0","0","67301","0","0","0","N","0","0","0","1","67301","0","","6.0","","1","N","N","N","1","","0","0","0","","0","","","2","0","1","0","0","0","0","2","0","2","","03","","N","","","","","","","","","",""
"2021085488","","1","0","0","0","0","0","0","0","0","2","0","","67","9","2021","6","40.004215","-75.18364","","6","0","0","0","0","0","0","0","0","","0","0","0","","","1","","1","","40 00:15.174","5","99","75 11:01.104","3","0","0","0","67301","0","0","0","N","0","0","0","2","67301","0","","1.0","45.0","1","N","N","N","0","","1","0","2","","0","N","","3","1","0","0","0","0","1","2","0","3","","03","","N","","","","","","","","","",""