"CRN","ARRIVAL_TM","AUTOMOBILE_COUNT","BELTED_DEATH_COUNT","BELTED_SUSP_SERIOUS_INJ_COUNT","BICYCLE_COUNT","BICYCLE_DEATH_COUNT","BICYCLE_SUSP_SERIOUS_INJ_COUNT","BUS_COUNT","CHLDPAS_DEATH_COUNT","CHLDPAS_SUSP_SERIOUS_INJ_COUNT","COLLISION_TYPE","COMM_VEH_COUNT","CONS_ZONE_SPD_LIM","COUNTY","CRASH_MONTH","CRASH_YEAR","DAY_OF_WEEK","DEC_LATITUDE","DEC_LONGITUDE","DISPATCH_TM","DISTRICT","DRIVER_COUNT_16YR","DRIVER_COUNT_17YR","DRIVER_COUNT_18YR","DRIVER_COUNT_19YR","DRIVER_COUNT_20YR","DRIVER_COUNT_50_64YR","DRIVER_COUNT_65_74YR","DRIVER_COUNT_75PLUS","EST_HRS_CLOSED","FATAL_COUNT","HEAVY_TRUCK_COUNT","HORSE_BUGGY_COUNT","HOUR_OF_DAY","ILLUMINATION","INJURY_COUNT","INTERSECTION_RELATED","INTERSECT_TYPE","LANE_CLOSED","LATITUDE","LN_CLOSE_DIR","LOCATION_TYPE","LONGITUDE","MAX_SEVERITY_LEVEL","MCYCLE_DEATH_COUNT","MCYCLE_SUSP_SERIOUS_INJ_COUNT","MOTORCYCLE_COUNT","MUNICIPALITY","NONMOTR_COUNT","NONMOTR_DEATH_COUNT","NONMOTR_SUSP_SERIOUS_INJ_COUNT","NTFY_HIWY_MAINT","PED_COUNT","PED_DEATH_COUNT","PED_SUSP_SERIOUS_INJ_COUNT","PERSON_COUNT","POLICE_AGCY","POSSIBLE_INJ_COUNT","RDWY_SURF_TYPE_CD","RELATION_TO_ROAD","ROADWAY_CLEARED","ROAD_CONDITION","SCH_BUS_IND","SCH_ZONE_IND","SECONDARY_CRASH","SMALL_TRUCK_COUNT","SPEC_JURIS_CD","SUSP_MINOR_INJ_COUNT","SUSP_SERIOUS_INJ_COUNT","SUV_COUNT","TCD_FUNC_CD","TCD_TYPE","TFC_DETOUR_IND","TIME_OF_DAY","TOTAL_UNITS","TOT_INJ_COUNT","UNBELTED_OCC_COUNT","UNB_DEATH_COUNT","UNB_SUSP_SERIOUS_INJ_COUNT","UNK_INJ_DEG_COUNT","UNK_INJ_PER_COUNT","URBAN_RURAL","VAN_COUNT","VEHICLE_COUNT","WEATHER1","WEATHER2","WORKERS_PRES","WORK_ZONE_IND","WORK_ZONE_LOC","WORK_ZONE_TYPE","WZ_CLOSE_DETOUR","WZ_FLAGGER","WZ_LAW_OFFCR_IND","WZ_LN_CLOSURE","WZ_MOVING","WZ_OTHER","WZ_SHLDER_MDN","WZ_WORKERS_INJ_KILLED"
"2021069732","","2","0","0","0","0","0","0","0","0","1","0","","67","7","2021","1","39.914861","-75.176722","","6","0","0","0","0","0","0","0","0","","0","0","0","","","0","N","0","","39 54:53.500","","0","75 10:36.200","0","0","0","0","67301","0","0","0","N","0","0","0","1","67301","0","","6.0","","1","N","N","N","0","","0","0","0","","0","","","2","0","0","0","0","0","0","2","0","2","","03","","N","","","","","","","","","",""
"2021069824","","2","0","0","0","0","0","0","0","0","4","0","","67","7","2021","2","39.917183","-75.246303","","6","0","0","0","0","0","0","0","0","","0","0","0","","","2","","1","","39 55:01.859","","0","75 14:46.691","2","0","0","0","67301","0","0","0","N","0","0","0","3","67301","0","","1.0","","1","N","N","N","0","","1","1","0","","2","","","2","2","2","0","1","0","0","2","0","2","","03","","N","","","","","","","","","",""
"2021070456","","0","0","0","0","0","0","0","0","0","4","0","","67","7","2021","4","39.938271","-75.19856","","6","0","0","0","0","0","0","0","0","","0","0","0","","","2","","1","","39 56:17.777","","0","75 11:54.817","8","0","0","0","67301","0","0","0","N","0","0","0","2","67301","0","","1.0","","1","N","N","N","0","","0","0","2","","2","","","2","2","0","0","0","2","0","2","0","2","","03","","N","","","","","","","","","",""
"2021070464","","1","0","0","0","0","0","0","0","0","2","0","","67","7","2021","2","39.956144","-75.228297","","6","0","0","0","0","0","0","0","0","","0","0","0","","","1","N","0","","39 57:22.120","","0","75 13:41.870","3","0","0","0","67301","0","0","0","N","0","0","0","2","67301","0","","6.0","","1","N","N","N","0","","1","0","0","","0","","","2","1","0","0","0","0","0","2","1","2","","98","","N","","","","","","","","","",""
"2021070472","","1","0","0","0","0","0","0","0","0","1","0","","67","7","2021","4","39.981417","-75.223296","","6","0","0","0","0","0","0","0","0","","0","0","0","","","1","N","0","","39 58:53.102","","0","75 13:23.865","3","0","0","0","67301","0","0","0","N","0","0","0","3","67301","0","","6.0","","1","N","N","N","0","","1","0","0","","0","","","2","1","0","0","0","0","0","2","1","2","","03","","N","","","","","","","","","",""
"2021069801","","1","0","0","0","0","0","0","0","0","7","0","","67","7","2021","2","40.100946","-75.007238","","6","0","0","0","0","0","0","0","0","","0","0","0","","","1","N","0","","40 06:03.406","","0","75 00:26.058","8","0","0","0","67301","0","0","0","N","0","0","0","1","67301","0","","3.0","","1","N","N","N","0","","0","0","0","","0","","","1","1","0","0","0","1","0","2","0","1","","","","N","","","","","","","","","",""
"2021092066","","0","0","0","0","0","0","0","0","0","0","0","","67","9","2021","4","39.891657","-75.237572","","6","0","0","0","0","1","0","0","0","","0","0","0","","","2","N","0","","39 53:29.965","","0","75 14:15.259","8","0","0","0","67301","0","0","0","N","0","0","0","2","68K01","0","","1.0","","9","N","N","N","0","","0","0","1","","0","","","1","2","0","0","0","2","0","2","0","1","","","","N","","","","","","","","","",""
"2021069744","","1","0","0","0","0","0","0","0","0","1","0","","67","7","2021","7","40.028317","-75.109623","","6","0","0","0","0","0","1","0","0","","0","0","0","","","2","Y","0","","40 01:41.941","2","0","75 06:34.641","8","0","0","0","67301","0","0","0","N","0","0","0","4","67301","0","","1.0","1015.0","1","N","N","Y","0","","0","0","2","","2","Y","","3","2","0","0","0","2","1","2","0","3","","","","N","","","","","","","","","",""
"2021091624","","1","0","0","0","0","0","0","0","0","1","0","","67","8","2021","2","39.953613","-75.140935","","6","0","0","0","1","0","0","0","0","","0","0","0","","","1","N","0","","39 57:13.006","","0","75 08:27.367","3","0","0","0","67301","0","0","0","N","0","0","0","3","68K01","0","","1.0","","1","N","N","N","0","","1","0","1","","0","","","2","1","0","0","0","0","0","2","0","2","","","","N","","","","","","","","","",""
"2021069829","","1","0","0","0","0","0","0","0","0","1","0","","67","7","2021","7","40.060992","-75.180853","","6","0","0","0","0","0","0","0","0","","0","0","0","","","0","N","0","","40 03:39.570","","0","75 10:51.070","0","0","0","0","67301","0","0","0","N","0","0","0","1","67301","0","","6.0","","1","N","N","N","0","","0","0","2","","0","","","3","0","0","0","0","0","0","2","0","3","","03","","N","","","","","","","","","",""
"2021064399","","2","0","0","0","0","0","0","0","0","4","0","","67","6","2021","7","39.998655","-75.178221","","6","0","0","0","0","0","0","0","0","","0","0","0","","","1","","5","","39 59:55.159","","0","75 10:41.596","4","0","0","0","67301","0","0","0","N","0","0","0","2","67301","1","","1.0","","99","N","N","N","0","","0","0","0","","2","","","2","1","2","0","0","0","1","2","0","2","","","","N","","","","","","","","","",""
"2021069811","","1","0","0","0","0","0","0","0","0","1","0","","67","7","2021","5","39.954195","-75.169788","","6","0","0","0","0","0","0","0","0","","0","0","0","","","0","","1","","39 57:15.101","","0","75 10:11.237","9","0","0","0","67301","0","0","0","N","0","0","0","2","67301","0","","1.0","","1","N","N","N","0","","0","0","1","","2","","","2","0","0","0","0","0","2","2","0","2","","03","","N","","","","","","","","","",""
"2021070478","","2","0","0","0","0","0","0","0","0","1","0","","67","7","2021","5","39.989186","-75.158925","","6","0","0","0","0","0","0","0","0","","0","0","0","","","0","N","0","","39 59:21.070","","0","75 09:32.130","0","0","0","0","67301","0","0","0","N","0","0","0","3","67301","0","","1.0","","1","N","N","N","0","","0","0","0","","0","","","2","0","2","0","0","0","0","2","0","2","","","","N","","","","","","","","","",""
"2021093365","","1","0","0","0","0","0","1","0","0","4","1","","67","9","2021","2","40.053183","-75.153611","","6","0","0","0","0","0","0","0","0","","0","0","0","","","1","","5","","40 03:11.460","","0","75 09:12.998","3","0","0","0","67301","0","0","0","N","0","0","0","11","67301","0","","1.0","","1","Y","N","N","0","","1","0","0","","3","","","2","1","0","0","0","0","0","2","0","2","","","","N","","","","","","","","","",""
"2021085454","","1","0","0","0","0","0","0","0","0","4","0","","67","9","2021","5","39.918482","-75.208274","","6","0","0","0","0","0","0","0","0","","0","0","0","","","1","Y","0","","39 55:06.536","","3","75 12:29.788","3","0","0","0","67301","0","0","0","N","0","0","0","4","67301","0","","1.0","","1","N","N","N","0","","1","0","0","","0","","","2","1","0","0","0","0","3","2","0","2","","04","","N","","","","","","","","","",""
"2021069832","","3","0","0","0","0","0","0","0","0","6","0","","67","7","2021","7","40.073283","-75.161175","","6","0","0","0","0","0","0","0","0","","0","0","0","","","0","N","0","","40 04:23.820","","0","75 09:40.230","0","0","0","0","67301","0","0","0","N","0","0","0","1","67301","0","","6.0","","9","N","N","N","0","","0","0","0","","0","","","3","0","0","0","0","0","0","2","0","3","","","","N","","","","","","","","","",""
"2021064291","","1","0","0","0","0","0","0","0","0","8","0","","67","6","2021","2","39.961185","-75.24707","","6","0","0","0","0","0","1","0","0","","0","0","0","","","1","","2","","39 57:40.266","","0","75 14:49.451","3","0","0","0","67301","1","0","0","N","1","0","0","2","67301","0","","1.0","","1","N","N","N","0","","1","0","0","","2","","","2","1","0","0","0","0","0","2","0","1","","03","","N","","","","","","","","","",""
"2021068240","","1","0","0","0","0","0","0","0","0","1","0","","67","7","2021","4","39.956919","-75.154592","","6","0","0","0","1","0","0","0","0","","0","0","0","","","0","N","0","","39 57:24.909","","0","75 09:16.530","0","0","0","0","67301","0","0","0","N","0","0","0","3","68K01","0","","1.0","","1","N","N","N","0","","0","0","2","","0","","","3","0","0","0","0","0","0","2","0","3","","","","N","","","","","","","","","",""
"2021091836","","0","0","0","0","0","0","0","0","0","7","0","","67","9","2021","1","39.981487","-75.200504","","6","0","0","0","0","0","0","0","0","","1","0","0","","","0","N","0","","39 58:53.354","","0","75 12:01.815","1","1","0","1","67301","0","0","0","N","0","0","0","1","67301","0","2","5.0","","1","N","N","N","0","0","0","0","0","","0","","","1","0","0","0","0","0","0","2","0","1","","03","","N","","","","","","","","","",""
"2021059519","","2","0","0","0","0","0","0","0","0","4","0","","67","6","2021","1","40.054897","-75.154485","","6","0","0","0","0","0","0","1","0","","0","0","0","","","2","","5","","40 03:17.629","6","0","75 09:16.145","3","0","0","0","67301","0","0","0","N","0","0","0","3","67301","0","","1.0","1930.0","1","N","N","N","0","","2","0","2","","2","Y","","4","2","0","0","0","0","1","2","0","4","","03","","N","","","","","","","","","",""
"2021090840","","0","0","0","0","0","0","0","0","0","5","1","25","67","9","2021","3","40.018139","-75.047728","","6","0","0","0","0","0","1","1","0","","0","1","0","","","1","N","0","","40 01:05.299","","0","75 02:51.819","8","0","0","0","67301","0","0","0","N","0","0","0","2","68K01","0","","4.0","","1","N","N","N","0","","0","0","0","","0","","","2","1","0","0","0","1","0","2","0","2","","03","Y","Y","4","1","N","N","N","N","N","Y","Y","Y"
"2021071648","","0","0","0","0","0","0","0","0","0","5","0","","67","7","2021","6","39.893334","-75.230719","","6","0","0","0","0","0","1","1","0","","0","0","0","","","1","N","0","","39 53:36.004","2","0","75 13:50.590","4","0","0","0","67301","0","0","0","N","0","0","0","3","68K01","1","","1.0","1710.0","1","N","N","Y","0","","0","0","1","","0","N","","2","1","0","0","0","0","0","2","1","2","","","","N","","","","","","","","","",""
"2021069925","","2","0","0","0","0","0","0","0","0","1","0","","67","7","2021","5","40.004375","-75.174454","","6","0","0","0","0","0","0","0","0","","0","0","0","","","1","Y","0","","40 00:15.750","","0","75 10:28.036","3","0","0","0","67301","0","0","0","N","0","0","0","3","67301","0","","1.0","","1","N","N","N","0","","1","0","0","","2","","","2","1","0","0","0","0","0","2","0","2","","03","","N","","","","","","","","","",""
"2021064379","","0","0","0","0","0","0","0","0","0","4","0","","67","6","2021","3","40.035351","-75.132773","","6","0","0","0","0","0","1","0","0","","0","0","0","","","1","","1","","40 02:07.263","","0","75 07:57.982","3","0","0","0","67301","0","0","0","N","0","0","0","2","67301","0","","1.0","","1","N","N","N","0","","1","0","0","","3","","","2","1","0","0","0","0","1","2","1","2","","","","N","","","","","","","","","",""
"2021064278","","1","0","0","0","0","0","0","0","0","4","0","","67","6","2021","7","39.96898","-75.217001","","6","0","0","0","0","0","0","0","0","","0","0","0","","","1","","1","","39 58:08.327","","0","75 13:01.203","4","0","0","0","67301","0","0","0","N","0","0","0","2","67301","1","","1.0","","1","N","N","N","0","","0","0","1","","1","","","2","1","0","0","0","0","0","2","0","2","","","","N","","","","","","","","","",""
"2021086354","","1","0","0","0","0","0","0","0","0","2","0","","67","9","2021","2","40.060398","-74.990435","","6","0","0","0","0","0","0","0","1","","0","0","0","","","2","","1","","40 03:37.434","","0","74 59:25.565","3","0","0","0","67301","0","0","0","N","0","0","0","2","67301","0","","1.0","","1","N","N","N","0","","2","0","1","","2","","","2","2","0","0","0","0","0","2","0","2","","03","","N","","","","","","","","","",""
"2021070501","","1","0","0","0","0","0","0","0","0","8","0","","67","7","2021","1","39.993953","-75.118055","","6","0","0","0","0","0","2","0","0","","0","0","0","","","1","","1","","39 59:38.230","","1","75 07:04.998","3","0","0","0","67301","1","0","0","N","1","0","0","3","67301","0","","1.0","","1","N","N","N","0","","1","0","0","","2","","","3","1","0","0","0","0","0","2","1","2","","98","","N","","","","","","","","","",""
"2021069915","","0","0","0","1","0","1","0","0","0","8","0","","67","7","2021","6","40.020835","-75.14861","","6","0","0","0","0","0","0","0","0","","0","0","0","","","1","N","0","","40 01:15.007","","0","75 08:54.997","2","0","0","0","67301","1","0","1","N","0","0","0","2","67301","0","","1.0","","1","N","N","N","1","","0","1","0","","0","","","2","1","0","0","0","0","0","2","0","1","","","","N","","","","","","","","","",""
"2021070380","","2","0","0","0","0","0","0","0","0","4","0","","67","7","2021","5","40.080855","-75.028774","","6","0","0","0","0","0","0","0","0","","0","0","0","","","0","","1","","40 04:51.077","","0","75 01:43.585","0","0","0","0","67301","0","0","0","N","0","0","0","2","67301","0","","1.0","","1","N","N","N","0","","0","0","0","","1","","","2","0","2","0","0","0","0","2","0","2","","03","","N","","","","","","","","","",""
"2021069082","","2","0","0","0","0","0","0","0","0","7","0","","67","7","2021","4","40.010139","-75.063371","","6","0","0","1","0","0","1","0","0","","0","0","0","","","1","N","0","","40 00:36.499","1","0","75 03:48.136","3","0","0","0","67301","0","0","0","N","0","0","0","2","68K01","0","","2.0","2032.0","9","N","N","N","0","","1","0","0","","0","N","","2","1","0","0","0","0","0","2","0","2","","","","N","","","","","","","","","",""
"2021086764","","4","0","0","0","0","0","0","0","0","6","0","","67","8","2021","6","39.925608","-75.179244","","6","0","0","0","0","0","1","0","0","","0","0","0","","","1","N","0","","39 55:32.190","","0","75 10:45.278","2","0","0","0","67301","0","0","0","N","0","0","0","1","67301","0","","6.0","","1","N","N","N","0","","0","1","0","","2","","","4","1","0","0","0","0","0","2","0","4","","","","N","","","","","","","","","",""
"2021070381","","1","0","0","0","0","0","0","0","0","4","0","","67","7","2021","7","40.095361","-75.016083","","6","0","0","0","0","0","0","1","0","","0","0","0","","","1","N","0","","40 05:43.300","","7","75 00:57.900","3","0","0","0","67301","0","0","0","N","0","0","0","2","67301","0","","1.0","","1","N","N","N","0","","1","0","1","","0","","","2","1","0","0","0","0","0","2","0","2","","03","","N","","","","","","","","","",""
"2021071081","","1","0","0","0","0","0","0","0","0","1","0","","67","7","2021","3","40.00853","-75.210732","","6","0","0","0","0","0","1","0","0","","0","0","0","","","1","","1","","40 00:30.708","","0","75 12:38.635","4","0","0","0","67301","0","0","0","N","0","0","0","3","67301","1","","1.0","","1","N","N","N","0","","0","0","0","","2","","","2","1","0","0","0","0","0","2","1","2","","03","","N","","","","","","","","","",""
"2021085515","","1","0","0","0","0","0","0","0","0","4","1","","67","9","2021","5","39.883638","-75.251633","","6","0","0","0","0","0","0","0","0","","0","1","0","","","1","","2","","39 53:01.097","","2","75 15:05.879","3","0","0","0","67301","0","0","0","N","0","0","0","2","67301","0","","1.0","","9","N","N","N","0","","1","0","0","","2","","","2","1","0","0","0","0","0","2","0","2","","07","","N","","","","","","","","","",""
"2021070486","","1","0","0","0","0","0","0","0","0","1","0","","67","7","2021","7","39.978303","-75.164536","","6","0","0","0","0","0","0","0","0","","0","0","0","","","1","N","0","","39 58:41.890","","0","75 09:52.330","4","0","0","0","67301","0","0","0","N","0","0","0","1","67301","1","","6.0","","1","N","N","N","0","","0","0","1","","0","","","2","1","0","0","0","0","0","2","0","2","","03","","N","","","","","","","","","",""
"2021069900","","1","0","0","0","0","0","0","0","0","6","0","","67","7","2021","7","39.978742","-75.120111","","6","0","0","0","0","0","0","0","0","","0","0","0","","","0","N","0","","39 58:43.470","","0","75 07:12.400","0","0","0","0","67301","0","0","0","N","0","0","0","1","67301","0","","6.0","","9","N","N","N","0","","0","0","2","","0","","","3","0","0","0","0","0","0","2","0","3","","07","","N","","","","","","","","","",""
"2021066567","","2","0","0","0","0","0","0","0","0","4","0","","67","7","2021","1","39.984506","-75.159957","","6","0","0","0","0","0","0","0","0","","0","0","0","","","0","","1","","39 59:04.221","","0","75 09:35.845","0","0","0","0","67301","0","0","0","N","0","0","0","3","67505","0","","1.0","","1","N","N","N","0","","0","0","0","","3","","","2","0","0","0","0","0","0","2","0","2","","03","","N","","","","","","","","","",""
"2021064218","","1","0","0","0","0","0","0","0","0","4","0","","67","6","2021","3","39.967403","-75.178634","","6","0","0","0","0","0","0","0","0","","0","0","0","","","0","","1","","39 58:02.652","","0","75 10:43.082","0","0","0","0","67301","0","0","0","N","0","0","0","2","67301","0","","1.0","","1","N","N","N","1","","0","0","0","","2","","","2","0","0","0","0","0","0","2","0","2","","03","","N","","","","","","","","","",""
"2021070480","","1","0","0","0","0","0","0","0","0","7","0","","67","7","2021","5","39.98925","-75.1565","","6","0","0","0","0","0","0","0","0","","0","0","0","","","0","N","0","","39 59:21.300","7","0","75 09:23.400","0","0","0","0","67301","0","0","0","N","0","0","0","2","67301","0","","4.0","1000.0","1","N","N","N","0","","0","0","1","","0","Y","","2","0","2","0","0","0","0","2","0","2","","03","","N","","","","","","","","","",""
"2021069800","","2","0","0","0","0","0","0","0","0","5","0","","67","7","2021","2","40.072414","-75.044678","","6","0","0","0","0","0","0","0","0","","0","0","0","","","0","Y","0","","40 04:20.690","","0","75 02:40.840","0","0","0","0","67301","0","0","0","N","0","0","0","1","67301","0","","6.0","","1","N","N","N","0","","0","0","0","","0","","","2","0","1","0","0","0","0","2","0","2","","03","","N","","","","","","","","","",""
"2021070403","","1","0","0","0","0","0","0","0","0","5","0","","67","7","2021","6","40.040622","-75.181578","","6","0","0","0","0","0","0","0","0","","0","0","0","","","0","N","0","","40 02:26.240","6","0","75 10:53.680","9","0","0","0","67301","0","0","0","N","0","0","0","1","67301","0","","6.0","600.0","1","N","N","N","2","","0","0","2","","0","Y","","5","0","0","0","0","0","1","2","0","5","","03","","N","","","","","","","","","",""
"2021086782","","1","0","0","0","0","0","0","0","0","7","0","","67","9","2021","4","40.060495","-75.190694","","6","0","0","0","0","0","0","0","0","","0","0","0","","","1","N","0","","40 03:37.782","6","0","75 11:26.498","3","0","0","0","67301","0","0","0","N","0","0","0","1","67301","0","","5.0","130.0","1","N","N","N","0","","1","0","0","","0","Y","","1","1","0","0","0","0","0","2","0","1","","","","N","","","","","","","","","",""
"2021069914","","2","0","0","0","0","0","0","0","0","2","0","","67","7","2021","6","40.030204","-75.118458","","6","0","0","0","0","0","1","0","0","","0","0","0","","","1","","1","","40 01:48.734","","99","75 07:06.449","3","0","0","0","67301","0","0","0","N","0","0","0","2","67301","0","","1.0","","1","N","N","N","0","","1","0","0","","2","","","2","1","0","0","0","0","0","2","0","2","","03","","N","","","","","","","","","",""
"2021064331","","2","0","0","0","0","0","0","0","0","4","0","","67","6","2021","7","39.993353","-75.096973","","6","0","0","0","0","0","1","0","0","","0","0","0","","","0","","1","","39 59:36.071","","0","75 05:49.104","0","0","0","0","67301","0","0","0","N","0","0","0","2","67301","0","","1.0","","1","N","N","N","0","","0","0","0","","2","","","2","0","2","0","0","0","0","2","0","2","","03","","N","","","","","","","","","",""
"2021069804","","1","0","0","0","0","0","0","0","0","1","0","","67","7","2021","1","40.060139","-75.009371","","6","0","0","0","0","0","0","0","0","","0","0","0","","","0","N","0","","40 03:36.499","","0","75 00:33.735","0","0","0","0","67301","0","0","0","N","0","0","0","3","67301","0","","1.0","","1","N","N","N","0","","0","0","1","","0","","","2","0","0","0","0","0","0","2","0","2","","03","","N","","","","","","","","","",""
"2021070465","","1","0","0","0","0","0","0","0","0","4","0","","67","7","2021","2","39.955331","-75.231948","","6","0","0","0","1","0","1","0","0","","0","0","0","","","0","","1","","39 57:19.191","","0","75 13:55.012","0","0","0","0","67301","0","0","0","N","0","0","0","2","67301","0","","1.0","","1","N","N","Y","0","","0","0","1","","2","","","3","0","0","0","0","0","0","2","1","3","","03","","N","","","","","","","","","",""
"2021072644","","0","0","0","0","0","0","0","0","0","5","0","","67","7","2021","1","40.014219","-75.140419","","6","0","0","0","0","0","0","0","0","","0","0","0","","","0","N","0","","40 00:51.190","","0","75 08:25.510","0","0","0","0","67301","0","0","0","N","0","0","0","1","67301","0","","6.0","","1","N","N","N","0","","0","0","1","","0","","","2","0","0","0","0","0","0","2","1","2","","03","","N","","","","","","","","","",""
"2021069859","","2","0","0","0","0","0","0","0","0","4","0","","67","7","2021","5","39.957583","-75.205976","","6","0","0","0","0","0","1","0","0","","0","0","0","","","0","","1","","39 57:27.300","","0","75 12:21.515","9","0","0","0","67301","0","0","0","N","0","0","0","3","67301","0","","1.0","","1","N","N","N","0","","0","0","0","","2","","","2","0","0","0","0","0","1","2","0","2","","03","","N","","","","","","","","","",""
"2021085691","","1","0","0","0","0","0","0","0","0","4","0","","67","9","2021","6","40.025673","-75.031643","","6","0","0","0","0","0","1","1","0","","0","0","0","","","2","N","1","","40 01:32.421","","0","75 01:53.914","3","0","0","1","67301","0","0","0","N","0","0","0","3","67301","0","","1.0","","1","N","N","N","0","","2","0","0","","0","","","2","2","0","0","0","0","0","2","0","2","","03","","N","","","","","","","","","",""
"2021069899","","0","0","0","0","0","0","0","0","0","7","0","","67","7","2021","7","39.970259","-75.124158","","6","0","0","0","0","0","1","0","0","","0","0","0","","","0","N","0","","39 58:12.931","2","0","75 07:26.968","9","0","0","0","67301","0","0","0","N","0","0","0","1","67301","0","","4.0","1759.0","1","N","N","N","0","","0","0","1","","0","N","","1","0","0","0","0","0","1","2","0","1","","","","N","","","","","","","","","",""
"2021092879","","2","0","0","0","0","0","0","0","0","7","0","","67","9","2021","6","40.026983","-75.026102","","6","0","0","0","0","0","0","0","0","","0","0","0","","","1","N","0","","40 01:37.139","","0","75 01:33.968","3","0","0","0","67301","0","0","0","N","0","0","0","2","68K01","0","","4.0","","1","N","N","N","0","","1","0","0","","0","","","2","1","0","0","0","0","0","2","0","2","","","","N","","","","","","","","","",""
"2021091760","","1","0","0","0","0","0","0","0","0","4","0","","67","9","2021","4","40.043731","-75.127006","","6","0","0","0","0","0","0","0","0","","0","0","0","","","0","N","0","","40 02:37.430","","0","75 07:37.220","0","0","0","0","67301","0","0","0","N","0","0","0","1","67301","0","","1.0","","1","N","N","N","0","","0","0","1","","0","","","2","0","1","0","0","0","0","2","0","2","","03","","N","","","","","","","","","",""
"2021069867","","0","0","0","0","0","0","0","0","0","8","0","","67","7","2021","1","39.961185","-75.24707","","6","0","0","0","0","0","0","0","0","","0","0","0","","","1","","2","","39 57:40.266","3","0","75 14:49.451","8","0","0","0","67301","1","0","0","N","1","0","0","2","67301","0","","1.0","120.0","9","N","N","N","1","","0","0","0","","2","N","","2","1","0","0","0","1","0","2","0","1","","07","","N","","","","","","","","","",""
"2021069831","","0","0","0","0","0","0","0","0","0","7","0","","67","7","2021","7","40.058464","-75.199719","","6","0","0","0","0","0","0","0","0","","0","0","0","","","0","N","0","","40 03:30.470","","0","75 11:58.990","0","0","0","0","67301","0","0","0","N","0","0","0","1","67301","0","","2.0","","9","N","N","N","0","","0","0","1","","0","","","1","0","0","0","0","0","0","2","0","1","","03","","N","","","","","","","","","",""
"2021092868","","1","0","0","0","0","0","0","0","0","5","1","99","67","8","2021","5","39.995153","-75.19779","","6","0","0","0","0","0","0","1","0","","0","1","0","","","2","N","0","","39 59:42.552","4","0","75 11:52.044","8","0","0","0","67301","0","0","0","N","0","0","0","4","68K01","0","","1.0","1600.0","1","N","N","Y","0","","0","0","0","","0","N","","3","2","0","0","0","2","0","2","1","3","","","Y","Y","4","2","N","N","N","N","Y","N","N","N"
"2021070434","","1","0","0","0","0","0","0","0","0","1","0","","67","7","2021","6","40.018379","-75.082138","","6","0","0","0","1","0","0","0","0","","0","0","0","","","2","N","0","","40 01:06.163","","0","75 04:55.698","4","0","0","0","67301","0","0","0","N","0","0","0","4","67301","2","","1.0","","1","N","N","N","0","","0","0","1","","0","","","2","2","0","0","0","0","0","2","0","2","","03","","N","","","","","","","","","",""
"2021092404","","1","0","0","1","0","0","0","0","0","8","1","25","67","9","2021","5","39.955313","-75.187111","","6","0","0","0","0","0","1","0","0","","0","1","0","","","1","","2","","39 57:19.125","4","0","75 11:13.598","3","0","0","0","67301","1","0","0","N","0","0","0","3","67507","0","","1.0","1326.0","1","N","N","Y","0","","1","0","0","","2","N","","3","1","0","0","0","0","0","2","0","2","","04","U","Y","5","1","","","Y","Y","","","","N"
"2021064173","","1","0","0","0","0","0","0","0","0","4","0","","67","6","2021","7","40.045972","-75.054583","","6","0","0","0","0","0","0","0","1","","0","0","0","","","2","","1","","40 02:45.500","","7","75 03:16.500","3","0","0","0","67301","0","0","0","N","0","0","0","2","67301","0","","1.0","","1","N","N","N","0","","2","0","1","","3","","","2","2","0","0","0","0","0","2","0","2","","","","N","","","","","","","","","",""
"2021090677","","1","0","0","0","0","0","0","0","0","1","0","","67","9","2021","6","39.916215","-75.245583","","6","0","0","0","0","0","0","0","0","","0","0","0","","","0","N","0","","39 54:58.373","","0","75 14:44.097","9","0","0","0","67301","0","0","0","N","0","0","0","2","67301","0","","1.0","","1","N","N","N","0","","0","0","1","","0","","","2","0","1","0","0","0","1","2","0","2","","03","","N","","","","","","","","","",""
"2021086067","","1","0","0","0","0","0","0","0","0","2","0","","67","9","2021","3","39.95768","-75.162367","","6","0","0","0","0","0","1","0","0","","1","0","0","","","0","N","5","","39 57:27.649","5","8","75 09:44.521","1","1","0","1","67301","0","0","0","N","0","0","0","2","67301","0","2","1.0","700.0","1","N","N","N","0","0","0","0","0","","2","Y","","2","0","0","0","0","0","0","2","0","2","","03","","N","","","","","","","","","",""
"2021087112","","2","0","0","0","0","0","0","0","0","5","0","","67","7","2021","3","39.957058","-75.223478","","6","0","0","0","0","0","0","0","0","","0","0","0","","","0","N","0","","39 57:25.410","","0","75 13:24.520","0","0","0","0","67301","0","0","0","N","0","0","0","1","67301","0","","6.0","","1","N","N","N","0","","0","0","1","","0","","","3","0","1","0","0","0","0","2","0","3","","03","","N","","","","","","","","","",""
"2021070524","","2","0","0","0","0","0","0","0","0","4","0","","67","7","2021","2","39.97359","-75.151918","","6","0","0","0","0","0","0","1","0","","0","0","0","","","1","","1","","39 58:24.923","","0","75 09:06.904","3","0","0","0","67301","0","0","0","N","0","0","0","2","67301","0","","1.0","","1","N","N","N","0","","1","0","0","","2","","","2","1","0","0","0","0","1","2","0","2","","03","","N","","","","","","","","","",""