"CRN","ARRIVAL_TM","AUTOMOBILE_COUNT","BELTED_DEATH_COUNT","BELTED_SUSP_SERIOUS_INJ_COUNT","BICYCLE_COUNT","BICYCLE_DEATH_COUNT","BICYCLE_SUSP_SERIOUS_INJ_COUNT","BUS_COUNT","CHLDPAS_DEATH_COUNT","CHLDPAS_SUSP_SERIOUS_INJ_COUNT","COLLISION_TYPE","COMM_VEH_COUNT","CONS_ZONE_SPD_LIM","COUNTY","CRASH_MONTH","CRASH_YEAR","DAY_OF_WEEK","DEC_LATITUDE","DEC_LONGITUDE","DISPATCH_TM","DISTRICT","DRIVER_COUNT_16YR","DRIVER_COUNT_17YR","DRIVER_COUNT_18YR","DRIVER_COUNT_19YR","DRIVER_COUNT_20YR","DRIVER_COUNT_50_64YR","DRIVER_COUNT_65_74YR","DRIVER_COUNT_75PLUS","EST_HRS_CLOSED","FATAL_COUNT","HEAVY_TRUCK_COUNT","HORSE_BUGGY_COUNT","HOUR_OF_DAY","ILLUMINATION","INJURY_COUNT","INTERSECTION_RELATED","INTERSECT_TYPE","LANE_CLOSED","LATITUDE","LN_CLOSE_DIR","LOCATION_TYPE","LONGITUDE","MAX_SEVERITY_LEVEL","MCYCLE_DEATH_COUNT","MCYCLE_SUSP_SERIOUS_INJ_COUNT","MOTORCYCLE_COUNT","MUNICIPALITY","NONMOTR_COUNT","NONMOTR_DEATH_COUNT","NONMOTR_SUSP_SERIOUS_INJ_COUNT","NTFY_HIWY_MAINT","PED_COUNT","PED_DEATH_COUNT","PED_SUSP_SERIOUS_INJ_COUNT","PERSON_COUNT","POLICE_AGCY","POSSIBLE_INJ_COUNT","RDWY_SURF_TYPE_CD","RELATION_TO_ROAD","ROADWAY_CLEARED","ROAD_CONDITION","SCH_BUS_IND","SCH_ZONE_IND","SECONDARY_CRASH","SMALL_TRUCK_COUNT","SPEC_JURIS_CD","SUSP_MINOR_INJ_COUNT","SUSP_SERIOUS_INJ_COUNT","SUV_COUNT","TCD_FUNC_CD","TCD_TYPE","TFC_DETOUR_IND","TIME_OF_DAY","TOTAL_UNITS","TOT_INJ_COUNT","UNBELTED_OCC_COUNT","UNB_DEATH_COUNT","UNB_SUSP_SERIOUS_INJ_COUNT","UNK_INJ_DEG_COUNT","UNK_INJ_PER_COUNT","URBAN_RURAL","VAN_COUNT","VEHICLE_COUNT","WEATHER1","WEATHER2","WORKERS_PRES","WORK_ZONE_IND","WORK_ZONE_LOC","WORK_ZONE_TYPE","WZ_CLOSE_DETOUR","WZ_FLAGGER","WZ_LAW_OFFCR_IND","WZ_LN_CLOSURE","WZ_MOVING","WZ_OTHER","WZ_SHLDER_MDN","WZ_WORKERS_INJ_KILLED"
"2021073468","","2","0","0","0","0","0","0","0","0","1","0","50","67","7","2021","1","39.986327","-75.207984","","6","0","0","0","1","0","0","0","0","","0","0","0","","","2","N","0","","39 59:10.776","4","0","75 12:28.744","3","0","0","0","67301","0","0","0","N","0","0","0","7","68K01","0","","1.0","630.0","1","N","N","N","0","","2","0","1","","0","Y","","3","2","0","0","0","0","0","2","0","3","","","N","Y","4","1","","","N","","","","Y","N"
"2021093413","","2","0","0","0","0","0","0","0","0","1","0","","67","9","2021","6","39.968505","-75.191274","","6","0","0","1","0","0","0","0","0","","0","0","0","","","0","N","0","","39 58:06.619","3","0","75 11:28.586","0","0","0","0","67301","0","0","0","N","0","0","0","3","68K01","0","","1.0","2025.0","1","N","N","N","0","","0","0","0","","0","Y","","2","0","0","0","0","0","0","2","0","2","","","","N","","","","","","","","","",""
"2021069566","","3","0","0","0","0","0","0","0","0","1","0","45","67","7","2021","4","40.015525","-75.053484","","6","0","0","0","0","0","0","0","0","","0","0","0","","","0","N","0","","40 00:55.890","2","0","75 03:12.543","0","0","0","0","67301","0","0","0","N","0","0","0","3","68K01","0","","1.0","715.0","1","N","N","N","0","","0","0","0","","8","N","","3","0","0","0","0","0","0","2","0","3","","","N","Y","4","1","","","N","Y","Y","","Y","N"
"2021070393","","0","0","0","0","0","0","0","0","0","4","0","","67","7","2021","4","39.930996","-75.217373","","6","0","0","0","0","0","1","0","0","","0","0","0","","","0","","1","","39 55:51.586","4","0","75 13:02.544","0","0","0","0","67301","0","0","0","N","0","0","0","2","67301","0","","1.0","1320.0","1","N","N","Y","0","","0","0","2","","3","N","","2","0","0","0","0","0","0","2","0","2","","03","","N","","","","","","","","","",""
"2021070361","","2","0","0","0","0","0","0","0","0","1","0","","67","7","2021","4","39.91632","-75.167028","","6","0","0","0","0","0","0","0","0","","0","0","0","","","0","N","0","","39 54:58.752","","0","75 10:01.302","0","0","0","0","67301","0","0","0","N","0","0","0","1","67301","0","","6.0","","1","N","N","N","0","","0","0","0","","0","","","2","0","0","0","0","0","0","2","0","2","","03","","N","","","","","","","","","",""
"2021092872","","1","0","0","0","0","0","0","0","0","5","0","","67","9","2021","5","39.899051","-75.168385","","6","0","0","0","0","0","0","0","0","","0","0","0","","","0","N","0","","39 53:56.582","","0","75 10:06.186","0","0","0","0","67301","0","0","0","N","0","0","0","2","68K01","0","","1.0","","1","N","N","N","1","","0","0","0","","0","","","2","0","0","0","0","0","0","2","0","2","","","","N","","","","","","","","","",""
"2021091824","","1","0","0","1","1","0","0","0","0","8","0","","67","9","2021","5","40.059549","-75.080487","","6","0","0","0","0","1","0","0","0","","1","0","0","","","0","","1","","40 03:34.377","","0","75 04:49.754","1","0","0","0","67301","1","1","0","N","0","0","0","2","67301","0","2","1.0","","9","N","N","N","0","0","0","0","0","","2","","","2","0","1","0","0","0","0","2","0","1","","","","N","","","","","","","","","",""
"2021064189","","1","0","0","0","0","0","0","0","0","4","0","","67","6","2021","2","39.931978","-75.151315","","6","0","0","0","0","0","0","1","0","","0","0","0","","","0","","1","","39 55:55.120","3","0","75 09:04.733","0","0","0","0","67301","0","0","0","N","0","0","0","1","67301","0","","1.0","1545.0","1","N","N","N","0","","0","0","1","","3","Y","","3","0","0","0","0","0","0","2","1","3","","","","N","","","","","","","","","",""
"2021071080","","2","0","0","0","0","0","0","0","0","1","0","","67","7","2021","3","39.972067","-75.234122","","6","0","0","0","0","0","1","0","0","","0","0","0","","","0","N","0","","39 58:19.440","","0","75 14:02.840","0","0","0","0","67301","0","0","0","N","0","0","0","1","67301","0","","1.0","","1","N","N","N","0","","0","0","0","","0","","","3","0","1","0","0","0","0","2","1","3","","","","N","","","","","","","","","",""
"2021070537","","1","0","0","0","0","0","0","0","0","5","0","","67","7","2021","5","40.050478","-75.155056","","6","0","0","0","0","0","0","0","0","","0","0","0","","","0","N","0","","40 03:01.720","","0","75 09:18.200","9","0","0","0","67301","0","0","0","N","0","0","0","1","67301","0","","6.0","","1","N","N","N","0","","0","0","1","","0","","","3","0","0","0","0","0","1","2","1","3","","03","","N","","","","","","","","","",""
"2021091063","","2","0","0","0","0","0","0","0","0","4","0","","67","9","2021","5","40.01014","-75.121561","","6","0","0","0","1","0","0","0","0","","0","0","0","","","2","","1","","40 00:36.504","","0","75 07:17.621","3","0","0","0","67301","0","0","0","N","0","0","0","2","67301","0","","1.0","","9","N","N","N","0","","2","0","0","","2","","","2","2","0","0","0","0","0","2","0","2","","04","","N","","","","","","","","","",""
"2021069812","","1","0","0","0","0","0","0","0","0","4","0","","67","7","2021","7","39.958266","-75.167273","","6","0","0","0","0","0","0","1","0","","0","0","0","","","0","","1","","39 57:29.757","","3","75 10:02.184","0","0","0","0","67301","0","0","0","N","0","0","0","2","67301","0","","1.0","","1","N","N","N","0","","0","0","1","","2","","","2","0","0","0","0","0","0","2","0","2","","03","","N","","","","","","","","","",""
"2021093580","","1","0","0","0","0","0","0","0","0","7","0","","67","10","2021","1","40.063486","-74.985225","","6","0","0","0","0","0","0","0","0","","0","0","0","","","0","N","0","","40 03:48.549","1","0","74 59:06.809","9","0","0","0","67301","0","0","0","N","0","0","0","1","67301","0","","5.0","100.0","1","N","N","N","0","","0","0","0","","8","N","","1","0","0","0","0","0","1","2","0","1","","04","","N","","","","","","","","","",""
"2021069917","","1","0","0","0","0","0","0","0","0","4","0","","67","7","2021","1","40.024436","-75.146915","","6","0","0","0","0","0","1","0","0","","0","0","0","","","1","","1","","40 01:27.969","","0","75 08:48.894","3","0","0","0","67301","0","0","0","N","0","0","0","3","67301","0","","1.0","","1","N","N","N","0","","1","0","0","","2","","","2","1","0","0","0","0","0","2","1","2","","03","","N","","","","","","","","","",""
"2021070363","","2","0","0","0","0","0","0","0","0","1","0","","67","7","2021","5","39.936691","-75.155146","","6","0","0","0","0","0","0","0","0","","0","0","0","","","1","","3","","39 56:12.087","","0","75 09:18.525","3","0","0","0","67301","0","0","0","N","0","0","0","2","67301","0","","1.0","","1","N","N","N","0","","1","0","0","","3","","","2","1","0","0","0","0","0","2","0","2","","03","","N","","","","","","","","","",""
"2021090534","","1","0","0","0","0","0","0","0","0","4","0","","67","9","2021","6","40.005172","-75.178795","","6","0","0","0","0","0","0","0","0","","0","0","0","","","1","N","0","","40 00:18.618","","0","75 10:43.663","3","0","0","0","67301","0","0","0","N","0","0","0","2","67301","0","","1.0","","1","N","N","N","0","","1","0","1","","2","U","","2","1","0","0","0","0","1","2","0","2","","","","N","","","","","","","","","",""
"2021070349","","1","0","0","0","0","0","0","0","0","4","0","","67","7","2021","6","40.045593","-75.071436","","6","0","0","0","0","0","1","0","0","","0","0","0","","","0","","1","","40 02:44.136","1","0","75 04:17.168","0","0","0","0","67301","0","0","0","N","0","0","0","2","67301","0","","1.0","30.0","1","N","N","N","0","","0","0","1","","2","N","","2","0","2","0","0","0","0","2","0","2","","03","","N","","","","","","","","","",""
"2021069752","","2","0","0","0","0","0","0","0","0","4","0","","67","7","2021","2","40.030041","-75.103207","","6","0","0","0","0","0","0","0","0","","0","0","0","","","1","","1","","40 01:48.146","","0","75 06:11.546","8","0","0","0","67301","0","0","0","N","0","0","0","2","67301","0","","1.0","","99","N","N","N","0","","0","0","0","","9","","","2","1","0","0","0","1","1","2","0","2","","03","","N","","","","","","","","","",""
"2021073534","","0","0","0","0","0","0","0","0","0","4","0","","67","7","2021","5","40.099985","-75.008299","","6","0","0","0","0","0","1","1","0","","0","0","0","","","0","","1","","40 05:59.946","","0","75 00:29.876","0","0","0","0","67301","0","0","0","N","0","0","0","2","67301","0","","1.0","","1","N","N","Y","0","","0","0","2","","2","","","2","0","0","0","0","0","0","2","0","2","","03","","N","","","","","","","","","",""
"2021070603","","1","0","0","0","0","0","0","0","0","5","0","","67","7","2021","7","39.986006","-75.208067","","6","0","0","0","0","0","0","0","0","","0","0","0","","","1","N","0","","39 59:09.621","4","0","75 12:29.040","8","0","0","0","67301","0","0","0","N","0","0","0","3","68K01","0","","1.0","1930.0","1","N","N","N","0","","0","0","1","","0","N","","2","1","0","0","0","1","0","2","0","2","","","","N","","","","","","","","","",""
"2021070392","","1","0","0","1","0","0","0","0","0","8","0","","67","7","2021","6","39.950976","-75.177356","","6","0","0","0","0","0","0","0","0","","0","0","0","","","1","","1","","39 57:03.513","","0","75 10:38.483","8","0","0","0","67301","1","0","0","N","0","0","0","2","67301","0","","1.0","","1","N","N","N","0","","0","0","0","","2","","","2","1","0","0","0","1","0","2","0","1","","","","N","","","","","","","","","",""
"2021092687","","3","0","0","0","0","0","0","0","0","2","0","","67","9","2021","5","39.984377","-75.203161","","6","0","0","0","0","0","0","0","0","","0","0","0","","","3","N","0","","39 59:03.756","2","0","75 12:11.381","3","0","0","0","67301","0","0","0","N","0","0","0","4","67301","1","","1.0","2100.0","1","N","N","N","0","","2","0","0","","0","N","","3","3","0","0","0","0","0","2","0","3","","03","","N","","","","","","","","","",""
"2021093086","","0","0","0","0","0","0","0","0","0","1","0","","67","9","2021","5","40.030503","-75.145911","","6","0","0","0","0","0","1","0","0","","0","1","0","","","1","Y","0","","40 01:49.810","","0","75 08:45.280","3","0","0","0","67301","0","0","0","N","0","0","0","4","67301","0","","1.0","","1","N","N","N","0","","1","0","1","","2","","","2","1","0","0","0","0","0","2","0","2","","03","","N","","","","","","","","","",""
"2021090536","","2","0","0","0","0","0","0","0","0","4","0","","67","9","2021","7","40.003919","-75.149187","","6","0","0","0","0","0","0","0","0","","0","0","0","","","1","N","1","","40 00:14.108","","0","75 08:57.073","8","0","0","0","67301","0","0","0","N","0","0","0","3","67505","0","","1.0","","1","N","N","N","0","","0","0","0","","2","N","","2","1","0","0","0","1","0","2","0","2","","","","N","","","","","","","","","",""
"2021069737","","1","0","0","0","0","0","0","0","0","4","0","","67","7","2021","5","40.06144","-75.083856","","6","0","0","1","0","1","0","0","0","","0","0","0","","","1","","1","","40 03:41.185","","0","75 05:01.882","3","0","0","0","67301","0","0","0","N","0","0","0","3","67301","0","","1.0","","1","N","N","N","0","","1","0","1","","2","","","2","1","0","0","0","0","0","2","0","2","","03","","N","","","","","","","","","",""
"2021069803","","1","0","0","0","0","0","0","0","0","4","0","","67","7","2021","7","40.056395","-75.018986","","6","0","0","0","0","0","0","0","1","","0","0","0","","","1","","1","","40 03:23.021","","0","75 01:08.349","3","0","0","0","67301","0","0","0","N","0","0","0","2","67301","0","","1.0","","1","N","N","N","0","","1","0","1","","2","","","2","1","0","0","0","0","0","2","0","2","","03","","N","","","","","","","","","",""
"2021070396","","1","0","0","0","0","0","0","0","0","1","0","","67","7","2021","5","39.894618","-75.218782","","6","0","0","0","0","0","0","0","0","","0","0","0","","","1","N","0","","39 53:40.626","4","3","75 13:07.616","3","0","0","0","67301","0","0","0","N","0","0","0","4","67301","0","","1.0","5.0","1","N","N","N","0","","1","0","1","","0","N","","2","1","0","0","0","0","0","2","0","2","","03","","N","","","","","","","","","",""
"2021087399","","0","0","0","0","0","0","0","0","0","0","0","","67","9","2021","7","40.017274","-75.049955","","6","0","0","0","0","0","1","0","0","","0","0","0","","","1","N","0","","40 01:02.185","2","0","75 02:59.837","2","0","1","1","67301","0","0","0","N","0","0","0","1","68K01","0","","1.0","20.0","1","N","N","N","0","","0","1","0","","0","N","","1","1","0","0","0","0","0","2","0","1","","03","","N","","","","","","","","","",""
"2021072878","","0","0","0","0","0","0","0","0","0","4","0","","67","7","2021","7","39.996842","-75.116434","","6","0","0","0","0","0","1","0","0","","0","0","0","","","0","","2","","39 59:48.632","","0","75 06:59.164","0","0","0","0","67301","0","0","0","N","0","0","0","2","67301","0","","1.0","","1","N","N","N","0","","0","0","2","","3","","","2","0","0","0","0","0","0","2","0","2","","03","","N","","","","","","","","","",""
"2021064359","","0","0","0","0","0","0","0","0","0","8","0","","67","6","2021","3","39.967889","-75.141917","","6","0","0","0","0","0","0","0","0","","0","0","0","","","2","N","0","","39 58:04.400","","0","75 08:30.900","8","0","0","0","67301","2","0","0","N","2","0","0","3","67301","0","","1.0","","1","N","N","N","0","","0","0","0","","0","","","3","2","0","0","0","2","0","2","1","1","","03","","N","","","","","","","","","",""
"2021071213","","0","0","0","0","0","0","0","0","0","1","0","45","67","7","2021","1","39.974677","-75.117196","","6","0","0","0","0","0","0","0","0","","0","0","0","","","0","N","0","","39 58:28.838","1","3","75 07:01.907","0","0","0","0","67301","0","0","0","N","0","0","0","4","68K01","0","","1.0","2024.0","1","N","N","N","0","","0","0","4","","0","N","","4","0","0","0","0","0","0","2","0","4","","","N","Y","4","1","","","N","","","","Y","N"
"2021085182","","1","0","0","0","0","0","0","0","0","4","1","","67","9","2021","3","39.980367","-75.170923","","6","0","0","1","0","0","0","0","0","","0","1","0","","","0","","1","","39 58:49.322","","0","75 10:15.323","0","0","0","0","67301","0","0","0","N","0","0","0","3","67301","0","","1.0","","1","N","N","N","0","","0","0","0","","2","","","2","0","3","0","0","0","0","2","0","2","","03","","N","","","","","","","","","",""
"2021062312","","1","0","0","0","0","0","0","0","0","1","0","","67","6","2021","1","39.899895","-75.160526","","6","0","0","0","0","0","0","0","0","","0","0","0","","","1","N","0","","39 53:59.621","1","3","75 09:37.894","2","0","1","1","67301","0","0","0","N","0","0","0","2","68K01","0","","1.0","2030.0","1","N","N","N","0","","0","1","0","","0","N","","2","1","0","0","0","0","0","2","0","2","","","","N","","","","","","","","","",""
"2021070525","","2","0","0","0","0","0","0","0","0","4","0","","67","7","2021","7","39.980118","-75.133168","","6","0","0","0","0","0","1","0","0","","0","0","0","","","0","","1","","39 58:48.424","","1","75 07:59.404","0","0","0","0","67301","0","0","0","N","0","0","0","2","67301","0","","1.0","","1","N","N","N","0","","0","0","0","","2","","","2","0","0","0","0","0","0","2","0","2","","03","","N","","","","","","","","","",""
"2021090567","","2","0","0","0","0","0","0","0","0","1","0","","67","9","2021","6","39.927459","-75.146472","","6","0","0","0","0","0","0","1","0","","0","0","0","","","2","N","0","","39 55:38.853","","0","75 08:47.300","8","0","0","0","67301","0","0","0","N","0","0","0","4","68K01","0","","1.0","","1","N","N","N","0","","0","0","1","","0","","","3","2","0","0","0","2","0","2","0","3","","03","","N","","","","","","","","","",""
"2021091991","","1","0","0","0","0","0","0","0","0","1","0","","67","9","2021","1","40.027605","-75.092674","","6","0","0","0","1","0","0","0","0","","0","0","0","","","0","N","0","","40 01:39.377","2","0","75 05:33.625","0","0","0","0","67301","0","0","0","N","0","0","0","2","67301","0","","1.0","2210.0","1","N","N","N","1","","0","0","0","","0","N","","2","0","0","0","0","0","0","2","0","2","","","","N","","","","","","","","","",""
"2021059234","","2","0","0","0","0","0","0","0","0","4","0","","67","6","2021","7","40.077392","-75.024314","","6","0","0","0","0","0","0","0","0","","0","0","0","","","2","N","0","","40 04:38.610","","7","75 01:27.530","3","0","0","0","67301","0","0","0","N","0","0","0","3","67301","1","","1.0","","1","N","N","N","0","","1","0","0","","3","","","2","2","0","0","0","0","1","2","0","2","","04","","N","","","","","","","","","",""
"2021057185","","2","0","0","0","0","0","0","0","0","1","0","35","67","6","2021","5","39.954333","-75.142056","","6","0","0","0","0","0","0","0","0","","0","0","0","","","1","N","0","","39 57:15.600","","3","75 08:31.400","4","0","0","0","67301","0","0","0","N","0","0","0","5","67501","1","","1.0","","1","N","N","N","0","","0","0","1","","2","","","3","1","0","0","0","0","0","2","0","3","","03","Y","Y","8","1","","","N","Y","Y","","","N"
"2021090675","","1","0","0","0","0","0","0","0","0","1","0","","67","9","2021","6","39.941134","-75.237528","","6","0","0","0","0","0","0","0","0","","0","0","0","","","0","N","0","","39 56:28.084","2","0","75 14:15.100","0","0","0","0","67301","0","0","0","N","0","0","0","4","67301","0","","1.0","1245.0","1","N","N","N","0","","0","0","1","","0","N","","2","0","0","0","0","0","0","2","0","2","","03","","N","","","","","","","","","",""
"2021064279","","0","0","0","0","0","0","0","0","0","1","0","","67","6","2021","7","40.004702","-75.194949","","6","0","0","0","0","0","1","0","0","","0","0","0","","","2","N","0","","40 00:16.928","","8","75 11:41.818","4","0","0","0","67301","0","0","0","N","0","0","0","3","67301","2","","1.0","","9","N","N","N","0","","0","0","1","","0","","","2","2","0","0","0","0","1","2","1","2","","","","N","","","","","","","","","",""
"2021071720","","1","0","0","0","0","0","0","0","0","1","0","","67","7","2021","1","39.878687","-75.249544","","6","0","0","0","0","0","0","0","0","","0","0","0","","","0","N","0","","39 52:43.274","","0","75 14:58.360","0","0","0","0","67301","0","0","0","N","0","0","0","4","68K01","0","","2.0","","9","N","N","N","0","","0","0","1","","0","","","2","0","0","0","0","0","0","2","0","2","","","","N","","","","","","","","","",""
"2021070467","","1","0","0","0","0","0","0","0","0","8","0","","67","7","2021","7","39.956314","-75.239905","","6","0","0","0","0","0","1","0","0","","0","0","0","","","1","","1","","39 57:22.730","","0","75 14:23.657","3","0","0","0","67301","1","0","0","N","1","0","0","2","67301","0","","1.0","","1","N","N","N","0","","1","0","0","","2","","","2","1","0","0","0","0","0","2","0","1","","03","","N","","","","","","","","","",""
"2021093040","","1","0","0","0","0","0","0","0","0","8","0","","67","9","2021","5","40.098108","-75.030345","","6","0","0","0","0","0","0","0","0","","0","0","0","","","1","","2","","40 05:53.190","3","0","75 01:49.243","4","0","0","0","67301","1","0","0","N","1","0","0","2","67301","1","","1.0","30.0","1","N","N","N","0","","0","0","0","","2","Y","","2","1","0","0","0","0","0","2","0","1","","","","N","","","","","","","","","",""
"2021087765","","1","0","0","0","0","0","0","0","0","7","0","","67","9","2021","2","40.026888","-75.025654","","6","0","0","0","0","0","0","0","0","","0","0","0","","","1","N","0","","40 01:36.795","1","0","75 01:32.356","4","0","0","0","67301","0","0","0","N","0","0","0","1","68K01","1","","4.0","1905.0","1","N","N","N","0","","0","0","0","","0","N","","1","1","0","0","0","0","0","2","0","1","","","","N","","","","","","","","","",""
"2021069761","","0","0","0","0","0","0","0","0","0","5","0","","67","7","2021","6","40.033894","-75.233996","","6","0","0","0","0","0","0","0","0","","0","0","0","","","1","","2","","40 02:02.018","5","0","75 14:02.385","8","0","0","0","67301","0","0","0","N","0","0","0","3","67301","0","","1.0","15.0","1","N","N","N","1","","0","0","1","","3","N","","2","1","0","0","0","1","0","2","0","2","","03","","N","","","","","","","","","",""
"2021085512","","1","0","0","0","0","0","1","0","0","2","1","","67","8","2021","6","39.994704","-75.094595","","6","0","0","0","0","0","0","0","0","","0","0","0","","","2","","1","","39 59:40.935","","0","75 05:40.542","4","0","0","0","67301","0","0","0","N","0","0","0","4","67508","1","","1.0","","1","N","N","Y","0","","0","0","0","","2","","","2","2","0","0","0","1","0","2","0","2","","02","","N","","","","","","","","","",""
"2021064259","","0","0","0","0","0","0","0","0","0","5","0","","67","6","2021","7","40.004332","-75.07741","","6","0","0","0","0","0","0","0","0","","0","0","0","","","1","","1","","40 00:15.595","","0","75 04:38.676","3","0","0","0","67301","0","0","0","N","0","0","0","3","67301","0","","1.0","","99","N","N","N","0","","1","0","3","","2","","","3","1","0","0","0","0","0","2","0","3","","04","","N","","","","","","","","","",""
"2021064172","","3","0","0","0","0","0","0","0","0","5","0","","67","6","2021","7","40.029368","-75.105913","","6","0","0","0","0","0","1","0","0","","0","0","0","","","2","N","0","","40 01:45.725","2","0","75 06:21.286","3","0","0","0","67301","0","0","0","N","0","0","0","5","67301","0","","1.0","100.0","1","N","N","N","0","","2","0","2","","2","N","","5","2","1","0","0","0","0","2","0","5","","","","N","","","","","","","","","",""
"2021090341","","1","0","0","0","0","0","0","0","0","7","0","","67","9","2021","7","40.053328","-75.055054","","6","0","0","0","0","0","0","0","0","","0","0","0","","","1","N","0","","40 03:11.982","","0","75 03:18.194","3","0","0","0","67301","0","0","0","N","0","0","0","1","67301","0","","4.0","","1","N","N","N","0","","1","0","0","","0","","","1","1","0","0","0","0","0","2","0","1","","03","","N","","","","","","","","","",""
"2021059521","","1","0","0","0","0","0","0","0","0","7","0","","67","6","2021","1","40.061032","-75.208361","","6","0","0","0","1","0","0","0","0","","0","0","0","","","1","","3","","40 03:39.715","6","0","75 12:30.099","3","0","0","0","67301","0","0","0","N","0","0","0","2","67301","0","","4.0","730.0","1","N","N","N","0","","1","0","0","","0","N","","1","1","0","0","0","0","0","2","0","1","","03","","N","","","","","","","","","",""
"2021070516","","2","0","0","0","0","0","0","0","0","4","0","","67","7","2021","3","39.990833","-75.130907","","6","0","0","0","0","0","0","0","0","","0","0","0","","","2","","1","","39 59:26.999","4","0","75 07:51.264","3","0","0","0","67301","0","0","0","N","0","0","0","3","67301","0","","1.0","1926.0","1","N","N","N","0","","2","0","0","","2","Y","","2","2","0","0","0","0","0","2","0","2","","03","","N","","","","","","","","","",""
"2021085440","","2","0","0","0","0","0","0","0","0","2","0","","67","9","2021","6","40.00812","-75.072672","","6","0","0","0","0","0","0","0","0","","0","0","0","","","0","","1","","40 00:29.232","2","0","75 04:21.619","0","0","0","0","67301","0","0","0","N","0","0","0","2","67301","0","","1.0","439.0","1","N","N","N","0","","0","0","0","","2","N","","2","0","0","0","0","0","0","2","0","2","","","","N","","","","","","","","","",""
"2021070534","","2","0","0","0","0","0","0","0","0","3","0","","67","7","2021","7","40.038528","-75.123611","","6","0","0","0","0","0","0","0","0","","0","0","0","","","1","N","0","","40 02:18.700","","0","75 07:25.000","3","0","0","0","67301","0","0","0","N","0","0","0","3","67301","0","","4.0","","99","N","N","N","0","","1","0","0","","0","","","2","1","0","0","0","0","1","2","0","2","","","","N","","","","","","","","","",""
"2021070506","","0","0","0","0","0","0","0","0","0","8","0","","67","7","2021","5","39.996764","-75.128169","","6","0","0","0","0","0","0","0","0","","0","0","0","","","1","","2","","39 59:48.350","","0","75 07:41.408","2","0","0","0","67301","1","0","1","N","1","0","1","2","67301","0","","1.0","","99","N","N","N","0","","0","1","0","","0","","","2","1","0","0","0","0","0","2","0","1","","","","N","","","","","","","","","",""
"2021064382","","1","0","0","0","0","0","0","0","0","8","0","","67","6","2021","4","40.041052","-75.129488","","6","0","0","0","0","0","0","0","0","","0","0","0","","","1","","1","","40 02:27.787","","0","75 07:46.156","3","0","0","0","67301","1","0","0","N","1","0","0","2","67301","0","","1.0","","1","N","N","N","0","","1","0","0","","2","","","2","1","0","0","0","0","0","2","0","1","","","","N","","","","","","","","","",""
"2021069728","","1","0","0","0","0","0","0","0","0","4","0","","67","7","2021","1","39.9067","-75.183391","","6","0","0","0","0","0","0","0","0","","0","0","0","","","0","","2","","39 54:24.119","","0","75 11:00.207","0","0","0","0","67301","0","0","0","N","0","0","0","3","67301","0","","1.0","","1","N","N","N","0","","0","0","1","","2","","","2","0","1","0","0","0","0","2","0","2","","","","N","","","","","","","","","",""
"2021070499","","1","0","0","0","0","0","0","0","0","5","0","","67","7","2021","5","40.013553","-75.097384","","6","0","0","0","0","0","0","0","0","","0","0","0","","","1","N","0","","40 00:48.792","","0","75 05:50.584","8","0","0","0","67301","0","0","0","N","0","0","0","2","67301","0","","1.0","","1","N","N","Y","1","","0","0","1","","0","","","4","1","0","0","0","1","0","2","0","4","","98","","N","","","","","","","","","",""
"2021069880","","0","0","0","0","0","0","0","0","0","4","1","","67","7","2021","7","39.992889","-75.167764","","6","0","0","0","0","0","0","0","0","","0","1","0","","","1","N","0","","39 59:34.400","","7","75 10:03.950","3","0","0","0","67301","0","0","0","N","0","0","0","4","67301","0","","1.0","","9","N","N","N","0","","1","0","1","","0","","","2","1","0","0","0","0","0","2","0","2","","","","N","","","","","","","","","",""
"2021070395","","0","0","0","0","0","0","0","0","0","4","0","","67","7","2021","5","39.926459","-75.233085","","6","0","0","0","0","0","0","0","0","","0","0","0","","","1","","1","","39 55:35.252","","0","75 13:59.106","3","0","0","0","67301","0","0","0","N","0","0","0","3","67301","0","","1.0","","1","N","N","N","0","","1","0","1","","2","","","2","1","0","0","0","0","0","2","1","2","","03","","N","","","","","","","","","",""
"2021086257","","1","0","0","0","0","0","0","0","0","4","0","","67","9","2021","4","40.027357","-75.145026","","6","0","0","0","0","0","2","0","0","","0","0","0","","","1","","1","","40 01:38.485","","0","75 08:42.093","3","0","0","0","67301","1","0","0","N","1","0","0","4","67301","0","","1.0","","99","N","N","N","1","","1","0","1","","3","U","","4","1","1","0","0","0","1","2","0","3","","","","N","","","","","","","","","",""
"2021059515","","1","0","0","0","0","0","0","0","0","4","0","","67","6","2021","1","39.95762","-75.145687","","6","0","0","0","0","0","0","0","0","","0","0","0","","","1","","1","","39 57:27.432","2","0","75 08:44.473","3","0","0","0","67301","0","0","0","N","0","0","0","2","67301","0","","1.0","1230.0","1","N","N","N","0","","1","0","1","","2","Y","","2","1","0","0","0","0","0","2","0","2","","03","","N","","","","","","","","","",""
"2021092202","","0","0","0","0","0","0","0","0","0","4","1","","67","9","2021","4","39.989063","-75.089618","","6","0","0","0","0","0","1","0","0","","0","1","0","","","0","","1","","39 59:20.627","2","0","75 05:22.626","0","0","0","0","67301","0","0","0","N","0","0","0","2","67301","0","","1.0","445.0","1","N","N","N","0","","0","0","1","","2","N","","2","0","0","0","0","0","0","2","0","2","","03","","N","","","","","","","","","",""