"CRN","ARRIVAL_TM","AUTOMOBILE_COUNT","BELTED_DEATH_COUNT","BELTED_SUSP_SERIOUS_INJ_COUNT","BICYCLE_COUNT","BICYCLE_DEATH_COUNT","BICYCLE_SUSP_SERIOUS_INJ_COUNT","BUS_COUNT","CHLDPAS_DEATH_COUNT","CHLDPAS_SUSP_SERIOUS_INJ_COUNT","COLLISION_TYPE","COMM_VEH_COUNT","CONS_ZONE_SPD_LIM","COUNTY","CRASH_MONTH","CRASH_YEAR","DAY_OF_WEEK","DEC_LATITUDE","DEC_LONGITUDE","DISPATCH_TM","DISTRICT","DRIVER_COUNT_16YR","DRIVER_COUNT_17YR","DRIVER_COUNT_18YR","DRIVER_COUNT_19YR","DRIVER_COUNT_20YR","DRIVER_COUNT_50_64YR","DRIVER_COUNT_65_74YR","DRIVER_COUNT_75PLUS","EST_HRS_CLOSED","FATAL_COUNT","HEAVY_TRUCK_COUNT","HORSE_BUGGY_COUNT","HOUR_OF_DAY","ILLUMINATION","INJURY_COUNT","INTERSECTION_RELATED","INTERSECT_TYPE","LANE_CLOSED","LATITUDE","LN_CLOSE_DIR","LOCATION_TYPE","LONGITUDE","MAX_SEVERITY_LEVEL","MCYCLE_DEATH_COUNT","MCYCLE_SUSP_SERIOUS_INJ_COUNT","MOTORCYCLE_COUNT","MUNICIPALITY","NONMOTR_COUNT","NONMOTR_DEATH_COUNT","NONMOTR_SUSP_SERIOUS_INJ_COUNT","NTFY_HIWY_MAINT","PED_COUNT","PED_DEATH_COUNT","PED_SUSP_SERIOUS_INJ_COUNT","PERSON_COUNT","POLICE_AGCY","POSSIBLE_INJ_COUNT","RDWY_SURF_TYPE_CD","RELATION_TO_ROAD","ROADWAY_CLEARED","ROAD_CONDITION","SCH_BUS_IND","SCH_ZONE_IND","SECONDARY_CRASH","SMALL_TRUCK_COUNT","SPEC_JURIS_CD","SUSP_MINOR_INJ_COUNT","SUSP_SERIOUS_INJ_COUNT","SUV_COUNT","TCD_FUNC_CD","TCD_TYPE","TFC_DETOUR_IND","TIME_OF_DAY","TOTAL_UNITS","TOT_INJ_COUNT","UNBELTED_OCC_COUNT","UNB_DEATH_COUNT","UNB_SUSP_SERIOUS_INJ_COUNT","UNK_INJ_DEG_COUNT","UNK_INJ_PER_COUNT","URBAN_RURAL","VAN_COUNT","VEHICLE_COUNT","WEATHER1","WEATHER2","WORKERS_PRES","WORK_ZONE_IND","WORK_ZONE_LOC","WORK_ZONE_TYPE","WZ_CLOSE_DETOUR","WZ_FLAGGER","WZ_LAW_OFFCR_IND","WZ_LN_CLOSURE","WZ_MOVING","WZ_OTHER","WZ_SHLDER_MDN","WZ_WORKERS_INJ_KILLED"
"2021092736","","1","0","0","0","0","0","0","0","0","4","1","","67","9","2021","1","39.958422","-75.167139","","6","0","0","0","0","0","1","0","0","","0","1","0","","","0","N","0","","39 57:30.319","","0","75 10:01.702","0","0","0","0","67301","0","0","0","N","0","0","0","2","68K01","0","","1.0","","1","N","N","N","0","","0","0","0","","0","","","2","0","0","0","0","0","0","2","0","2","","","","N","","","","","","","","","",""
"2021067845","","2","0","0","0","0","0","0","0","0","5","0","","67","7","2021","7","39.940727","-75.143524","","6","0","0","0","0","0","0","0","0","","0","0","0","","","5","N","0","","39 56:26.618","2","0","75 08:36.687","4","0","0","0","67301","0","0","0","N","0","0","0","5","68K01","5","","1.0","156.0","1","N","N","N","0","","0","0","0","","0","N","","2","5","0","0","0","0","0","2","0","2","","","","N","","","","","","","","","",""
"2021070412","","1","0","0","0","0","0","0","0","0","4","0","","67","7","2021","7","40.035003","-75.173723","","6","0","0","0","0","0","1","0","0","","0","0","0","","","1","","1","","40 02:06.009","","0","75 10:25.403","8","0","0","0","67301","0","0","0","N","0","0","0","2","67301","0","","1.0","","1","N","N","N","0","","0","0","0","","2","","","2","1","0","0","0","1","1","2","1","2","","","","N","","","","","","","","","",""
"2021070519","","1","0","0","0","0","0","0","0","0","4","0","","67","7","2021","6","40.026261","-75.117167","","6","0","0","1","0","0","0","0","0","","0","0","0","","","1","","1","","40 01:34.539","","0","75 07:01.801","3","0","0","0","67301","0","0","0","N","0","0","0","3","67301","0","","1.0","","1","N","N","N","0","","1","0","1","","2","","","2","1","0","0","0","0","0","2","0","2","","03","","N","","","","","","","","","",""
"2021064594","","2","0","0","0","0","0","0","0","0","5","0","","67","7","2021","6","39.899878","-75.16066","","6","0","0","0","0","0","0","0","0","","0","0","0","","","1","N","0","","39 53:59.562","","3","75 09:38.375","3","0","0","0","67301","0","0","0","N","0","0","0","2","68K01","0","","1.0","","1","N","N","N","0","","1","0","0","","0","","","2","1","0","0","0","0","0","2","0","2","","03","","N","","","","","","","","","",""
"2021065431","","1","0","0","0","0","0","0","0","0","5","1","","67","7","2021","7","40.008789","-75.069431","","6","0","0","0","0","1","0","0","0","","0","1","0","","","2","N","0","","40 00:31.640","1","3","75 04:09.951","3","0","0","0","67301","0","0","0","N","0","0","0","7","68K01","0","","1.0","45.0","1","N","N","N","0","","2","0","1","","0","N","","3","2","0","0","0","0","0","2","0","3","","","","N","","","","","","","","","",""
"2021036233","","2","0","0","0","0","0","0","0","0","4","0","","67","4","2021","3","39.970556","-75.149879","","6","0","0","0","0","0","0","0","0","","0","0","0","","","5","","1","","39 58:14.003","","0","75 08:59.563","2","0","0","0","67301","5","0","1","N","5","0","1","7","67301","2","","1.0","","1","N","N","N","0","","0","1","0","","2","","","7","5","2","0","0","2","0","2","0","2","","03","","N","","","","","","","","","",""
"2021069814","","0","0","0","1","0","0","0","0","0","8","0","","67","7","2021","1","39.946348","-75.171493","","6","0","0","0","0","0","0","0","0","","0","0","0","","","1","","1","","39 56:46.851","","0","75 10:17.373","8","0","0","0","67301","1","0","0","N","0","0","0","2","67301","0","","1.0","","99","N","N","N","0","","0","0","1","","2","","","2","1","0","0","0","1","0","2","0","1","","","","N","","","","","","","","","",""
"2021047523","","1","0","0","0","0","0","0","0","0","4","0","","67","5","2021","6","39.994196","-75.111355","","6","0","0","0","0","0","0","0","0","","0","0","0","","","0","","1","","39 59:39.104","","0","75 06:40.879","0","0","0","0","67301","0","0","0","N","0","0","0","2","67301","0","","1.0","","1","N","N","N","0","","0","0","1","","2","","","2","0","1","0","0","0","0","2","0","2","","03","","N","","","","","","","","","",""
"2021075118","","1","0","0","0","0","0","0","0","0","8","0","","67","7","2021","1","40.015931","-75.153871","","6","0","0","0","0","0","0","0","0","","1","0","0","","","0","","1","","40 00:57.350","","0","75 09:13.935","1","0","0","0","67301","1","1","0","N","1","1","0","2","67301","0","2","1.0","","1","N","N","N","0","0","0","0","0","","2","","","2","0","0","0","0","0","0","2","0","1","","04","","N","","","","","","","","","",""
"2021070422","","2","0","0","0","0","0","0","0","0","4","0","","67","7","2021","7","40.012552","-75.073222","","6","0","0","0","0","0","2","0","0","","0","0","0","","","3","","1","","40 00:45.188","","0","75 04:23.599","3","0","0","0","67301","0","0","0","N","0","0","0","4","67301","0","","1.0","","1","N","N","N","0","","3","0","1","","2","","","3","3","0","0","0","0","0","2","0","3","","03","","N","","","","","","","","","",""
"2021075189","","1","0","0","0","0","0","1","0","0","4","1","","67","7","2021","4","39.956354","-75.214493","","6","0","0","0","0","0","0","0","0","","0","0","0","","","2","","1","","39 57:22.874","","0","75 12:52.174","8","0","0","0","67301","0","0","0","N","0","0","0","4","67301","0","","1.0","","1","N","N","N","0","","0","0","1","","3","","","3","2","0","0","0","2","0","2","0","3","","03","","N","","","","","","","","","",""
"2021079447","","2","0","0","0","0","0","0","0","0","4","0","","67","8","2021","3","40.00468","-75.152126","","6","0","0","0","0","1","0","0","0","","0","0","0","","","1","","1","","40 00:16.847","","0","75 09:07.652","8","0","0","0","67301","0","0","0","N","0","0","0","2","67505","0","","1.0","","1","N","N","N","0","","0","0","0","","2","","","2","1","0","0","0","1","0","2","0","2","","03","","N","","","","","","","","","",""
"2021036668","","2","0","0","0","0","0","0","0","0","4","0","","67","4","2021","1","39.986164","-75.10427","","6","0","0","0","0","0","0","0","0","","0","0","0","","","0","N","0","","39 59:10.189","","0","75 06:15.371","0","0","0","0","67301","0","0","0","N","0","0","0","2","67301","0","","1.0","","1","N","N","N","0","","0","0","3","","0","","","5","0","0","0","0","0","0","2","0","5","","","","N","","","","","","","","","",""
"2021036787","","1","0","0","0","0","0","0","0","0","4","0","","67","4","2021","3","39.960207","-75.190892","","6","0","0","0","0","0","0","0","0","","0","0","0","","","3","","1","","39 57:36.745","","0","75 11:27.211","3","0","0","0","67301","0","0","0","N","0","0","0","3","67301","0","","1.0","","1","N","N","N","0","","3","0","3","","2","","","4","3","0","0","0","0","0","2","0","4","","","","N","","","","","","","","","",""
"2021070398","","1","0","0","0","0","0","0","0","0","8","0","","67","7","2021","6","39.912861","-75.243778","","6","0","0","0","0","0","0","0","0","","0","0","0","","","1","N","0","","39 54:46.300","","0","75 14:37.600","3","0","0","0","67301","1","0","0","N","1","0","0","2","67301","0","","1.0","","1","N","N","N","0","","1","0","0","","0","","","2","1","0","0","0","0","0","2","0","1","","03","","N","","","","","","","","","",""
"2021064198","","1","0","0","0","0","0","0","0","0","4","0","","67","6","2021","2","39.95762","-75.145687","","6","0","0","0","0","0","2","0","0","","0","0","0","","","1","","1","","39 57:27.432","","0","75 08:44.473","8","0","0","0","67301","0","0","0","N","0","0","0","4","67301","0","","1.0","","1","N","N","N","0","","0","0","2","","2","","","3","1","0","0","0","1","0","2","0","3","","03","","N","","","","","","","","","",""
"2021093362","","2","0","0","0","0","0","0","0","0","4","0","","67","10","2021","6","40.011158","-75.112367","","6","0","0","0","1","0","1","0","0","","0","0","0","","","0","N","0","","40 00:40.170","","7","75 06:44.520","9","0","0","0","67301","0","0","0","N","0","0","0","3","67301","0","","1.0","","1","N","N","N","0","","0","0","0","","0","","","2","0","0","0","0","0","1","2","0","2","","03","","N","","","","","","","","","",""
"2021036659","","1","0","0","0","0","0","0","0","0","1","0","","67","4","2021","2","39.944134","-75.228163","","6","0","0","0","0","0","0","0","0","","0","0","0","","","1","","1","","39 56:38.882","","0","75 13:41.386","3","0","0","0","67301","0","0","0","N","0","0","0","4","67301","0","","1.0","","1","N","N","N","0","","1","0","1","","3","","","3","1","2","0","0","0","0","2","1","3","","","","N","","","","","","","","","",""
"2021092064","","2","0","0","0","0","0","0","0","0","1","0","","67","8","2021","2","39.951511","-75.182597","","6","0","0","0","0","0","0","0","0","","0","0","0","","","1","N","0","","39 57:05.441","4","0","75 10:57.350","8","0","0","0","67301","0","0","0","N","0","0","0","3","68K01","0","","1.0","2034.0","1","N","N","N","0","","0","0","1","","0","N","","3","1","0","0","0","1","0","2","0","3","","","","N","","","","","","","","","",""
"2021064358","","0","0","0","0","0","0","0","0","0","8","0","","67","6","2021","4","39.991","-75.139481","","6","0","0","0","0","0","0","0","0","","0","0","0","","","1","N","0","","39 59:27.600","","0","75 08:22.130","3","0","0","0","67301","1","0","0","N","1","0","0","1","67301","0","","1.0","","1","N","N","N","0","","1","0","0","","0","","","2","1","0","0","0","0","0","2","0","1","","03","","N","","","","","","","","","",""
"2021070324","","1","0","0","0","0","0","0","0","0","4","0","","67","7","2021","6","39.918341","-75.182793","","6","0","0","0","0","0","0","0","1","","0","0","0","","","1","","2","","39 55:06.027","","0","75 10:58.054","3","0","0","0","67301","0","0","0","N","0","0","0","2","67301","0","","1.0","","1","N","N","N","0","","1","0","1","","2","","","2","1","0","0","0","0","0","2","0","2","","03","","N","","","","","","","","","",""
"2021037728","","1","0","0","0","0","0","0","0","0","4","0","","67","4","2021","5","39.979428","-75.225323","","6","0","0","0","0","0","0","0","0","","0","0","0","","","3","","1","","39 58:45.940","","0","75 13:31.164","3","0","0","0","67301","0","0","0","N","0","0","0","4","67301","0","","1.0","","1","N","N","Y","0","","3","0","0","","2","","","2","3","0","0","0","0","0","2","1","2","","03","","N","","","","","","","","","",""
"2021092398","","2","0","0","0","0","0","0","0","0","3","0","","67","9","2021","5","39.980445","-75.159234","","6","0","0","0","0","0","1","0","0","","0","0","0","","","1","","1","","39 58:49.603","","0","75 09:33.243","3","0","0","0","67301","0","0","0","N","0","0","0","2","67505","0","","1.0","","1","N","N","N","0","","1","0","0","","2","","","2","1","0","0","0","0","0","2","0","2","","03","","N","","","","","","","","","",""
"2021093355","","0","0","0","0","0","0","0","0","0","7","1","","67","9","2021","4","39.958997","-75.157344","","6","0","0","0","0","0","1","0","0","","0","1","0","","","0","N","0","","39 57:32.390","4","1","75 09:26.440","0","0","0","0","67301","0","0","0","N","0","0","0","2","67301","0","","5.0","0.0","1","N","N","N","0","","0","0","0","","8","Y","","1","0","0","0","0","0","0","2","0","1","","03","","N","","","","","","","","","",""
"2021064314","","1","0","0","0","0","0","0","0","0","8","0","","67","6","2021","7","39.987857","-75.155801","","6","0","0","0","0","0","0","0","0","","0","0","0","","","1","","1","","39 59:16.284","","0","75 09:20.883","3","0","0","0","67301","1","0","0","N","1","0","0","2","67301","0","","1.0","","1","N","N","N","0","","1","0","0","","2","","","2","1","0","0","0","0","0","2","0","1","","03","","N","","","","","","","","","",""
"2021070399","","1","0","0","0","0","0","0","0","0","4","0","","67","7","2021","7","39.921054","-75.224167","","6","0","0","0","0","0","1","0","0","","0","0","0","","","1","","1","","39 55:15.795","","0","75 13:27.001","3","0","0","0","67301","0","0","0","N","0","0","0","2","67301","0","","1.0","","1","N","N","N","0","","1","0","1","","2","","","2","1","1","0","0","0","0","2","0","2","","03","","N","","","","","","","","","",""
"2021073550","","0","0","0","0","0","0","0","0","0","7","0","","67","7","2021","4","40.078354","-75.030923","","6","0","0","0","0","0","1","0","1","","0","0","0","","","1","N","0","","40 04:42.075","","0","75 01:51.323","8","0","0","0","67301","0","0","0","N","0","0","0","2","67301","0","","3.0","","9","N","N","N","1","","0","0","1","","0","","","2","1","0","0","0","1","0","2","0","2","","04","","N","","","","","","","","","",""
"2021064245","","2","0","0","0","0","0","0","0","0","4","0","","67","6","2021","4","40.065839","-75.150838","","6","0","0","0","0","0","1","0","0","","0","0","0","","","2","","1","","40 03:57.020","","0","75 09:03.016","3","0","0","0","67301","0","0","0","N","0","0","0","3","67301","0","","1.0","","1","N","N","N","0","","2","0","0","","3","","","2","2","0","0","0","0","1","2","0","2","","","","N","","","","","","","","","",""
"2021071077","","1","0","0","0","0","0","0","0","0","4","0","","67","7","2021","7","39.994177","-75.235459","","6","0","0","0","0","0","2","0","0","","0","0","0","","","1","","2","","39 59:39.037","","0","75 14:07.652","3","0","0","0","67301","0","0","0","N","0","0","0","2","67301","0","","1.0","","1","N","N","N","0","","1","0","1","","0","","","2","1","0","0","0","0","0","2","0","2","","03","","N","","","","","","","","","",""
"2021070409","","1","0","0","0","0","0","0","0","0","5","0","","67","7","2021","7","40.07145","-75.180872","","6","0","0","0","0","0","0","0","0","","0","0","0","","","0","N","0","","40 04:17.220","2","0","75 10:51.140","0","0","0","0","67301","0","0","0","N","0","0","0","1","67301","0","","6.0","345.0","1","N","N","N","1","","0","0","2","","0","Y","","4","0","0","0","0","0","0","2","0","4","","03","","N","","","","","","","","","",""
"2021093418","","1","0","0","0","0","0","0","0","0","1","0","","67","9","2021","7","39.959849","-75.17761","","6","0","0","1","0","0","0","0","0","","0","0","0","","","0","N","0","","39 57:35.457","4","0","75 10:39.397","0","0","0","0","67301","0","0","0","N","0","0","0","4","68K01","0","","1.0","2122.0","1","N","N","N","0","","0","0","1","","0","N","","2","0","0","0","0","0","0","2","0","2","","","","N","","","","","","","","","",""
"2021036231","","2","0","0","0","0","0","0","0","0","1","0","","67","4","2021","1","39.996781","-75.141208","","6","0","0","0","0","0","0","0","0","","0","0","0","","","0","N","0","","39 59:48.410","","0","75 08:28.350","0","0","0","0","67301","0","0","0","N","0","0","0","1","67301","0","","6.0","","1","N","N","N","0","","0","0","1","","0","","","3","0","0","0","0","0","0","2","0","3","","","","N","","","","","","","","","",""
"2021037476","","2","0","0","0","0","0","0","0","0","4","0","","67","4","2021","6","39.956314","-75.239905","","6","0","0","0","1","0","0","0","0","","0","0","0","","","1","","1","","39 57:22.730","3","0","75 14:23.657","8","0","0","0","67301","0","0","0","N","0","0","0","4","67301","0","","1.0","2225.0","1","N","N","Y","0","","0","0","1","","2","N","","3","1","0","0","0","1","0","2","0","3","","","","N","","","","","","","","","",""
"2021036068","","1","0","0","0","0","0","0","0","0","4","0","","67","4","2021","6","39.977363","-75.227077","","6","0","0","0","0","0","0","0","0","","0","0","0","","","1","","3","","39 58:38.507","","0","75 13:37.478","3","0","0","0","67301","0","0","0","N","0","0","0","2","67301","0","","1.0","","1","N","N","N","0","","1","0","1","","2","","","2","1","0","0","0","0","0","2","0","2","","04","","N","","","","","","","","","",""
"2021069870","","2","0","0","0","0","0","0","0","0","4","0","","67","7","2021","1","39.945858","-75.240283","","6","0","0","0","0","0","0","0","0","","0","0","0","","","1","","5","","39 56:45.089","4","0","75 14:25.018","8","0","0","0","67301","0","0","0","N","0","0","0","4","67301","0","","1.0","35.0","9","N","N","N","0","","0","0","0","","2","Y","","2","1","0","0","0","1","1","2","0","2","","","","N","","","","","","","","","",""
"2021059310","","2","0","0","0","0","0","0","0","0","2","0","","67","6","2021","1","40.044627","-75.07246","","6","0","0","0","0","0","0","0","0","","0","0","0","","","3","N","0","","40 02:40.656","5","0","75 04:20.855","8","0","0","0","67301","0","0","0","N","0","0","0","4","67301","0","","1.0","40.0","1","N","N","N","0","","0","0","1","","0","Y","","3","3","0","0","0","3","0","2","0","3","","03","","N","","","","","","","","","",""
"2021070405","","1","0","0","0","0","0","0","0","0","5","0","","67","7","2021","4","40.067107","-75.158149","","6","0","0","0","0","1","0","0","0","","0","0","0","","","1","N","0","","40 04:01.584","","99","75 09:29.336","4","0","0","1","67301","0","0","0","N","0","0","0","2","67301","1","","6.0","","1","N","N","N","0","","0","0","0","","0","","","2","1","0","0","0","0","0","2","0","2","","","","N","","","","","","","","","",""
"2021035606","","3","0","0","0","0","0","0","0","0","5","0","","67","4","2021","6","39.976889","-75.119565","","6","0","0","0","0","0","0","0","0","","0","0","0","","","2","N","0","","39 58:36.800","","0","75 07:10.433","3","0","0","0","67301","0","0","0","N","0","0","0","5","67301","0","","1.0","","1","N","N","N","0","","2","0","1","","0","","","4","2","0","0","0","0","1","2","0","4","","03","","N","","","","","","","","","",""
"2021036660","","1","0","0","0","0","0","0","0","0","8","0","","67","4","2021","2","39.918532","-75.225906","","6","0","0","0","0","0","0","0","0","","0","0","0","","","1","","1","","39 55:06.715","","0","75 13:33.263","3","0","0","0","67301","1","0","0","N","1","0","0","2","67301","0","","1.0","","1","N","N","N","0","","1","0","0","","2","","","2","1","0","0","0","0","0","2","0","1","","03","","N","","","","","","","","","",""
"2021035516","","0","0","0","0","0","0","0","0","0","8","0","","67","4","2021","2","39.953148","-75.161233","","6","0","0","0","0","0","0","0","0","","0","0","0","","","1","","1","","39 57:11.332","","6","75 09:40.440","3","0","0","0","67301","1","0","0","N","1","0","0","2","67301","0","","1.0","","1","N","N","N","0","","1","0","1","","2","","","2","1","1","0","0","0","1","2","0","1","","03","","N","","","","","","","","","",""
"2021070679","","1","0","0","0","0","0","0","0","0","7","0","","67","7","2021","1","40.081485","-74.966073","","6","0","0","0","0","0","0","0","0","","0","0","0","","","0","N","0","","40 04:53.345","4","0","74 57:57.862","0","0","0","0","67301","0","0","0","N","0","0","0","2","67301","0","","2.0","2230.0","9","N","N","N","0","","0","0","0","","0","Y","","1","0","0","0","0","0","0","2","0","1","","07","","N","","","","","","","","","",""
"2021070391","","0","0","0","0","0","0","0","0","0","8","0","","67","7","2021","6","39.949941","-75.169052","","6","0","0","0","0","0","0","0","0","","0","0","0","","","1","","1","","39 56:59.788","","0","75 10:08.586","2","0","0","0","67301","1","0","1","N","1","0","1","2","67301","0","","1.0","","1","N","N","N","1","","0","1","0","","2","","","2","1","0","0","0","0","0","2","0","1","","03","","N","","","","","","","","","",""
"2021064300","","3","0","0","0","0","0","0","0","0","4","0","","67","6","2021","3","39.974814","-75.234397","","6","0","0","0","0","0","0","0","0","","0","0","0","","","0","N","0","","39 58:29.330","","99","75 14:03.830","0","0","0","0","67301","0","0","0","N","0","0","0","0","67301","0","","4.0","","9","N","N","Y","0","","0","0","0","","0","","","3","0","0","0","0","0","0","2","0","3","","07","","N","","","","","","","","","",""
"2021045447","","0","0","0","0","0","0","0","0","0","7","0","","67","5","2021","3","39.970152","-75.22855","","6","0","0","0","0","0","1","0","0","","0","0","0","","","2","","1","","39 58:12.547","","0","75 13:42.780","3","0","0","0","67301","0","0","0","N","0","0","0","2","67301","0","","4.0","","1","N","N","N","0","","2","0","0","","3","","","2","2","0","0","0","0","0","2","1","1","","","","N","","","","","","","","","",""
"2021064311","","0","0","0","0","0","0","0","0","0","5","0","","67","6","2021","4","39.972894","-75.231056","","6","0","0","0","0","0","0","0","0","","0","0","0","","","0","N","0","","39 58:22.420","1","0","75 13:51.800","0","0","0","0","67301","0","0","0","N","0","0","0","2","67301","0","","6.0","2054.0","1","N","N","N","0","","0","0","2","","0","N","","2","0","0","0","0","0","0","2","0","2","","03","","N","","","","","","","","","",""
"2021091082","","4","0","0","0","0","0","0","0","0","1","0","","67","9","2021","1","39.979334","-75.225381","","6","0","0","1","0","0","0","0","0","","0","0","0","","","2","N","0","","39 58:45.602","","0","75 13:31.370","3","0","0","0","67301","0","0","0","N","0","0","0","3","67301","0","","6.0","","1","N","N","N","0","","2","0","0","","2","","","4","2","3","0","0","0","0","2","0","4","","03","","N","","","","","","","","","",""
"2021064176","","1","0","0","0","0","0","0","0","0","5","0","","67","6","2021","3","40.036472","-75.078778","","6","0","0","0","0","0","0","0","0","","0","0","0","","","0","N","0","","40 02:11.300","","0","75 04:43.600","0","0","0","0","67301","0","0","0","N","0","0","0","1","67301","0","","6.0","","1","N","N","N","0","","0","0","1","","0","","","2","0","0","0","0","0","0","2","0","2","","","","N","","","","","","","","","",""
"2021070411","","0","0","0","1","0","0","0","0","0","8","0","","67","7","2021","7","40.077976","-75.210666","","6","0","0","0","0","0","0","1","0","","0","0","0","","","1","","1","","40 04:40.713","","0","75 12:38.397","3","0","0","0","67301","1","0","0","N","0","0","0","2","67301","0","","1.0","","1","N","N","N","0","","1","0","1","","2","","","2","1","0","0","0","0","0","2","0","1","","","","N","","","","","","","","","",""
"2021069889","","2","0","0","0","0","0","0","0","0","1","0","","67","7","2021","6","39.996696","-75.115285","","6","0","0","0","0","0","0","0","0","","0","0","0","","","1","N","0","","39 59:48.105","","0","75 06:55.025","3","0","0","0","67301","0","0","0","N","0","0","0","4","67301","0","","1.0","","1","N","N","N","0","","1","0","1","","0","","","3","1","0","0","0","0","0","2","0","3","","","","N","","","","","","","","","",""
"2021065587","","0","0","0","0","0","0","0","0","0","8","0","","67","6","2021","2","39.953359","-75.163292","","6","0","0","0","0","0","0","0","0","","0","0","0","","","1","","1","","39 57:12.091","","0","75 09:47.852","4","0","0","1","67301","1","0","0","N","1","0","0","2","67508","1","","1.0","","1","N","N","Y","0","","0","0","0","","2","","","2","1","0","0","0","0","1","2","0","1","","03","","N","","","","","","","","","",""
"2021064640","","1","0","0","0","0","0","0","0","0","5","0","","67","7","2021","6","40.016931","-75.050648","","6","0","0","0","0","0","0","0","0","","0","0","0","","","0","N","0","","40 01:00.950","2","0","75 03:02.332","0","0","0","0","67301","0","0","0","N","0","0","0","7","68K01","0","","1.0","10.0","1","N","N","N","0","","0","0","1","","0","N","","2","0","0","0","0","0","0","2","0","2","","03","","N","","","","","","","","","",""
"2021082126","","2","0","0","0","0","0","0","0","0","5","0","","67","7","2021","2","39.968199","-75.129185","","6","0","0","0","0","1","0","0","0","","0","0","0","","","1","N","0","","39 58:05.518","1","0","75 07:45.066","8","0","0","0","67301","0","0","0","N","0","0","0","2","68K01","0","","1.0","35.0","1","N","N","N","0","","0","0","0","","0","N","","2","1","1","0","0","1","1","2","0","2","","03","","N","","","","","","","","","",""
"2021069830","","1","0","0","0","0","0","0","0","0","5","0","","67","7","2021","7","40.058506","-75.199531","","6","0","0","0","0","0","0","0","0","","0","0","0","","","1","N","0","","40 03:30.620","","0","75 11:58.310","4","0","0","0","67301","0","0","0","N","0","0","0","3","67301","1","","1.0","","9","N","N","N","0","","0","0","1","","0","","","2","1","0","0","0","0","0","2","0","2","","","","N","","","","","","","","","",""
"2021046914","","2","0","0","0","0","0","0","0","0","5","0","","67","5","2021","6","40.049529","-74.988539","","6","0","0","0","0","0","0","1","0","","0","0","0","","","1","N","0","","40 02:58.306","","0","74 59:18.740","8","0","0","0","67301","0","0","0","N","0","0","0","1","67301","0","","6.0","","1","N","N","N","2","","0","0","0","","0","","","4","1","0","0","0","1","0","2","0","4","","03","","N","","","","","","","","","",""
"2021036595","","1","0","0","0","0","0","0","0","0","1","0","","67","4","2021","5","39.962931","-75.191344","","6","0","0","0","0","0","0","0","0","","0","0","0","","","0","","1","","39 57:46.553","","0","75 11:28.839","0","0","0","0","67301","0","0","0","N","0","0","0","2","67301","0","","1.0","","1","N","N","N","0","","0","0","1","","2","","","2","0","0","0","0","0","0","2","0","2","","03","","N","","","","","","","","","",""
"2021064582","","1","0","0","0","0","0","0","0","0","5","0","","67","7","2021","5","39.924682","-75.147077","","6","0","0","0","0","0","0","0","0","","0","0","0","","","0","N","0","","39 55:28.855","1","0","75 08:49.477","0","0","0","0","67301","0","0","0","N","0","0","0","5","68K01","0","","1.0","1115.0","1","N","N","N","0","","0","0","0","","0","N","","2","0","0","0","0","0","0","2","1","2","","","","N","","","","","","","","","",""
"2021070438","","1","0","0","0","0","0","0","0","0","5","0","","67","7","2021","7","40.019472","-75.079194","","6","0","0","0","0","0","0","0","0","","0","0","0","","","0","N","0","","40 01:10.100","2","0","75 04:45.100","0","0","0","0","67301","0","0","0","N","0","0","0","1","67301","0","","6.0","1800.0","1","N","N","N","0","","0","0","1","","0","Y","","2","0","0","0","0","0","0","2","0","2","","03","","N","","","","","","","","","",""
"2021070427","","1","0","0","0","0","0","0","0","0","5","1","","67","7","2021","5","40.027311","-75.109539","","6","0","0","0","0","0","0","0","0","","0","1","0","","","0","N","0","","40 01:38.320","","0","75 06:34.340","0","0","0","0","67301","0","0","0","N","0","0","0","1","67301","0","","6.0","","1","N","N","N","0","","0","0","0","","0","","","2","0","0","0","0","0","0","2","0","2","","03","","N","","","","","","","","","",""
"2021069793","","1","0","0","0","0","0","0","0","0","4","0","","67","7","2021","4","39.961664","-75.156101","","6","0","0","0","0","0","2","0","0","","0","0","0","","","1","","1","","39 57:41.990","1","0","75 09:21.963","4","0","0","0","67301","0","0","0","N","0","0","0","3","67301","1","","1.0","200.0","1","N","N","N","0","","0","0","1","","2","Y","","2","1","0","0","0","0","0","2","0","2","","","","N","","","","","","","","","",""
"2021064220","","1","0","0","0","0","0","0","0","0","4","0","","67","2","2021","6","39.929501","-75.218424","","6","0","0","0","0","0","0","0","1","","0","0","0","","","1","","1","","39 55:46.204","","0","75 13:06.328","4","0","0","0","67301","0","0","0","N","0","0","0","2","67301","1","","1.0","","9","N","N","N","0","","0","0","1","","3","","","2","1","0","0","0","0","0","2","0","2","","10","","N","","","","","","","","","",""
"2021035563","","0","0","0","0","0","0","0","0","0","4","0","","67","4","2021","7","40.026503","-75.04216","","6","0","0","0","0","0","0","0","0","","0","0","0","","","1","","1","","40 01:35.410","","0","75 02:31.777","3","0","0","0","67301","0","0","0","N","0","0","0","2","67301","0","","1.0","","1","N","N","N","1","","1","0","0","","3","","","2","1","0","0","0","0","0","2","0","2","","03","","N","","","","","","","","","",""
"2021073441","","2","0","0","0","0","0","0","0","0","4","0","","67","8","2021","6","39.95881","-75.162121","","6","0","0","0","0","1","0","0","0","","0","0","0","","","2","","1","","39 57:31.716","2","0","75 09:43.635","3","0","0","0","67301","0","0","0","N","0","0","0","2","67301","0","","1.0","1710.0","1","N","N","N","0","","2","0","0","","0","N","","2","2","0","0","0","0","0","2","0","2","","03","","N","","","","","","","","","",""