"CRN","ARRIVAL_TM","AUTOMOBILE_COUNT","BELTED_DEATH_COUNT","BELTED_SUSP_SERIOUS_INJ_COUNT","BICYCLE_COUNT","BICYCLE_DEATH_COUNT","BICYCLE_SUSP_SERIOUS_INJ_COUNT","BUS_COUNT","CHLDPAS_DEATH_COUNT","CHLDPAS_SUSP_SERIOUS_INJ_COUNT","COLLISION_TYPE","COMM_VEH_COUNT","CONS_ZONE_SPD_LIM","COUNTY","CRASH_MONTH","CRASH_YEAR","DAY_OF_WEEK","DEC_LATITUDE","DEC_LONGITUDE","DISPATCH_TM","DISTRICT","DRIVER_COUNT_16YR","DRIVER_COUNT_17YR","DRIVER_COUNT_18YR","DRIVER_COUNT_19YR","DRIVER_COUNT_20YR","DRIVER_COUNT_50_64YR","DRIVER_COUNT_65_74YR","DRIVER_COUNT_75PLUS","EST_HRS_CLOSED","FATAL_COUNT","HEAVY_TRUCK_COUNT","HORSE_BUGGY_COUNT","HOUR_OF_DAY","ILLUMINATION","INJURY_COUNT","INTERSECTION_RELATED","INTERSECT_TYPE","LANE_CLOSED","LATITUDE","LN_CLOSE_DIR","LOCATION_TYPE","LONGITUDE","MAX_SEVERITY_LEVEL","MCYCLE_DEATH_COUNT","MCYCLE_SUSP_SERIOUS_INJ_COUNT","MOTORCYCLE_COUNT","MUNICIPALITY","NONMOTR_COUNT","NONMOTR_DEATH_COUNT","NONMOTR_SUSP_SERIOUS_INJ_COUNT","NTFY_HIWY_MAINT","PED_COUNT","PED_DEATH_COUNT","PED_SUSP_SERIOUS_INJ_COUNT","PERSON_COUNT","POLICE_AGCY","POSSIBLE_INJ_COUNT","RDWY_SURF_TYPE_CD","RELATION_TO_ROAD","ROADWAY_CLEARED","ROAD_CONDITION","SCH_BUS_IND","SCH_ZONE_IND","SECONDARY_CRASH","SMALL_TRUCK_COUNT","SPEC_JURIS_CD","SUSP_MINOR_INJ_COUNT","SUSP_SERIOUS_INJ_COUNT","SUV_COUNT","TCD_FUNC_CD","TCD_TYPE","TFC_DETOUR_IND","TIME_OF_DAY","TOTAL_UNITS","TOT_INJ_COUNT","UNBELTED_OCC_COUNT","UNB_DEATH_COUNT","UNB_SUSP_SERIOUS_INJ_COUNT","UNK_INJ_DEG_COUNT","UNK_INJ_PER_COUNT","URBAN_RURAL","VAN_COUNT","VEHICLE_COUNT","WEATHER1","WEATHER2","WORKERS_PRES","WORK_ZONE_IND","WORK_ZONE_LOC","WORK_ZONE_TYPE","WZ_CLOSE_DETOUR","WZ_FLAGGER","WZ_LAW_OFFCR_IND","WZ_LN_CLOSURE","WZ_MOVING","WZ_OTHER","WZ_SHLDER_MDN","WZ_WORKERS_INJ_KILLED"
"2021035619","","1","0","0","0","0","0","0","0","0","4","0","","67","4","2021","7","40.023278","-75.1585","","6","0","0","0","0","0","1","0","0","","0","0","0","","","1","N","0","","40 01:23.800","","7","75 09:30.600","3","0","0","0","67301","0","0","0","N","0","0","0","2","67301","0","","1.0","","1","N","N","N","0","","1","0","1","","0","","","2","1","0","0","0","0","0","2","0","2","","","","N","","","","","","","","","",""
"2021075045","","2","0","0","0","0","0","0","0","0","4","0","","67","8","2021","4","40.013922","-75.139149","","6","0","0","0","0","0","0","0","0","","0","0","0","","","1","","1","","40 00:50.119","","0","75 08:20.936","3","0","0","0","67301","0","0","0","N","0","0","0","2","67301","0","","1.0","","1","N","N","N","0","","1","0","0","","3","","","2","1","0","0","0","0","0","2","0","2","","","","N","","","","","","","","","",""
"2021090680","","1","0","0","0","0","0","1","0","0","5","1","","67","9","2021","4","40.008551","-75.150611","","6","0","0","0","0","0","1","0","0","","0","0","0","","","1","N","0","","40 00:30.783","","0","75 09:02.201","4","0","0","0","67301","0","0","0","N","0","0","0","2","67301","1","","1.0","","99","N","N","N","0","","0","0","0","","0","","","2","1","1","0","0","0","1","2","0","2","","","","N","","","","","","","","","",""
"2021064795","","0","0","0","0","0","0","0","0","0","4","0","","67","6","2021","7","39.973778","-75.1947","","6","0","0","0","0","0","0","0","0","","1","0","0","","","1","N","0","","39 58:25.600","","0","75 11:40.920","1","1","0","1","67301","0","0","0","N","0","0","0","3","67301","0","2","1.0","","1","N","N","N","0","0","0","0","1","","0","","","2","1","0","0","0","1","0","2","0","2","","03","","N","","","","","","","","","",""
"2021075117","","0","0","0","0","0","0","0","0","0","8","1","","67","8","2021","5","40.078818","-74.998575","","6","0","0","0","0","0","1","0","0","","1","1","0","","","0","","2","","40 04:43.744","2","0","74 59:54.869","1","0","0","0","67301","1","1","0","N","1","1","0","2","67301","0","2","1.0","1622.0","1","N","N","N","0","0","0","0","0","","2","Y","","2","0","1","0","0","0","0","2","0","1","","03","","N","","","","","","","","","",""
"2021035565","","1","0","0","0","0","0","0","0","0","4","0","","67","4","2021","1","40.031292","-75.070977","","6","0","0","0","0","0","0","0","0","","0","0","0","","","1","","11","","40 01:52.651","","0","75 04:15.517","2","0","1","1","67301","0","0","0","N","0","0","0","2","67301","0","","1.0","","1","N","N","N","0","","0","1","0","","3","","","2","1","0","0","0","0","0","2","0","2","","03","","N","","","","","","","","","",""
"2021070481","","1","0","0","0","0","0","0","0","0","4","0","","67","7","2021","5","39.991335","-75.170793","","6","0","0","0","0","0","0","0","0","","0","0","0","","","0","","1","","39 59:28.806","","0","75 10:14.854","0","0","0","0","67301","0","0","0","N","0","0","0","2","67301","0","","1.0","","1","N","N","N","0","","0","0","1","","2","","","2","0","1","0","0","0","0","2","0","2","","04","","N","","","","","","","","","",""
"2021070423","","1","0","0","0","0","0","0","0","0","5","0","","67","7","2021","3","40.035089","-75.039158","","6","0","0","0","0","0","0","0","0","","0","0","0","","","0","Y","0","","40 02:06.319","7","0","75 02:20.968","0","0","0","0","67301","0","0","0","N","0","0","0","3","67301","0","","1.0","100.0","1","N","N","N","0","","0","0","1","","2","Y","","3","0","0","0","0","0","0","2","1","3","","03","","N","","","","","","","","","",""
"2021064548","","2","0","0","0","0","0","0","0","0","98","0","","67","6","2021","1","40.002013","-75.194964","","6","0","0","0","0","0","1","0","0","","0","0","0","","","0","N","0","","40 00:07.248","3","0","75 11:41.869","9","0","0","0","67301","0","0","0","N","0","0","0","2","68K01","0","","4.0","1933.0","1","N","N","Y","0","","0","0","0","","0","N","","2","0","0","0","0","0","1","2","0","2","","","","N","","","","","","","","","",""
"2021074376","","1","0","0","0","0","0","0","0","0","4","0","","67","7","2021","6","39.957711","-75.160646","","6","0","0","0","0","0","0","0","0","","0","0","0","","","1","N","0","","39 57:27.761","4","0","75 09:38.324","8","0","0","0","67301","0","0","0","N","0","0","0","5","68K01","0","","1.0","2000.0","1","N","N","N","0","","0","0","1","","0","N","","2","1","0","0","0","1","0","2","0","2","","03","","N","","","","","","","","","",""
"2021090998","","0","0","0","0","0","0","0","0","0","1","2","25","67","5","2021","6","39.978294","-75.109714","","6","0","0","0","0","0","1","0","0","","0","2","0","","","1","N","0","","39 58:41.858","5","0","75 06:34.971","8","0","0","0","67301","0","0","0","N","0","0","0","3","67301","0","","1.0","1316.0","1","N","N","N","1","","0","0","0","","0","Y","","3","1","0","0","0","1","0","2","0","3","","04","N","Y","3","1","N","N","N","N","N","Y","N","N"
"2021070461","","1","0","0","0","0","0","0","0","0","5","0","","67","7","2021","7","39.932017","-75.180231","","6","0","0","0","0","0","0","0","0","","0","0","0","","","1","N","0","","39 55:55.260","","0","75 10:48.830","3","0","0","0","67301","0","0","0","N","0","0","0","1","67301","0","","6.0","","1","N","N","N","1","","1","0","1","","0","","","4","1","0","0","0","0","0","2","1","4","","","","N","","","","","","","","","",""
"2021048109","","1","0","0","0","0","0","0","0","0","4","0","","67","5","2021","5","39.950925","-75.230654","","6","0","0","0","0","0","0","0","0","","0","0","0","","","1","","1","","39 57:03.330","","0","75 13:50.354","3","0","0","0","67301","0","0","0","N","0","0","0","2","67301","0","","1.0","","1","N","N","N","0","","1","0","0","","2","","","2","1","0","0","0","0","0","2","0","2","","03","","N","","","","","","","","","",""
"2021069799","","0","0","0","0","0","0","0","0","0","4","0","","67","7","2021","2","40.1339","-75.008633","","6","0","0","0","0","0","1","0","0","","0","0","0","","","1","N","0","","40 08:02.040","","7","75 00:31.080","4","0","0","0","67301","0","0","0","N","0","0","0","2","67301","1","","1.0","","1","N","N","N","1","","0","0","1","","3","","","2","1","0","0","0","0","0","2","0","2","","03","","N","","","","","","","","","",""
"2021046652","","0","0","0","0","0","0","0","0","0","1","0","","67","5","2021","5","39.95945","-75.174429","","6","0","0","0","0","0","1","0","0","","0","0","0","","","0","N","0","","39 57:34.021","4","0","75 10:27.943","0","0","0","0","67301","0","0","0","N","0","0","0","2","68K01","0","","1.0","2340.0","1","N","N","N","0","","0","0","1","","0","N","","2","0","0","0","0","0","0","2","1","2","","03","","N","","","","","","","","","",""
"2021093033","","1","0","0","0","0","0","0","0","0","4","0","","67","10","2021","7","39.928041","-75.219284","","6","0","0","0","0","0","2","0","0","","0","0","0","","","1","","1","","39 55:40.948","","0","75 13:09.423","4","0","0","0","67301","0","0","0","N","0","0","0","2","67301","1","","2.0","","1","N","N","N","0","","0","0","1","","2","","","2","1","0","0","0","0","0","2","0","2","","","","N","","","","","","","","","",""
"2021064212","","1","0","0","0","0","0","0","0","0","1","0","","67","6","2021","2","40.08799","-74.965659","","6","0","0","0","0","0","0","0","0","","0","0","0","","","1","","1","","40 05:16.764","","0","74 57:56.372","8","0","0","0","67301","0","0","0","N","0","0","0","2","67301","0","","1.0","","1","N","N","N","0","","0","0","1","","2","","","2","1","0","0","0","1","0","2","0","2","","03","","N","","","","","","","","","",""
"2021070539","","2","0","0","0","0","0","0","0","0","5","0","","67","7","2021","5","40.023299","-75.148179","","6","0","0","0","0","0","0","0","0","","0","0","0","","","4","N","0","","40 01:23.877","2","0","75 08:53.445","3","0","0","0","67301","0","0","0","N","0","0","0","5","67301","0","","1.0","1420.0","1","N","N","N","0","","4","0","1","","0","N","","3","4","0","0","0","0","0","2","0","3","","03","","N","","","","","","","","","",""
"2021064188","","1","0","0","0","0","0","0","0","0","8","0","","67","6","2021","1","39.923095","-75.159735","","6","0","0","0","0","0","0","0","0","","0","0","0","","","1","","1","","39 55:23.141","","0","75 09:35.045","3","0","0","0","67301","1","0","0","N","1","0","0","2","67301","0","","1.0","","1","N","N","N","0","","1","0","0","","2","","","2","1","0","0","0","0","0","2","0","1","","03","","N","","","","","","","","","",""
"2021047837","","3","0","0","0","0","0","0","0","0","2","0","","67","5","2021","5","40.022553","-75.130669","","6","0","0","0","0","0","0","0","0","","0","0","0","","","0","N","0","","40 01:21.190","","0","75 07:50.410","0","0","0","0","67301","0","0","0","N","0","0","0","1","67301","0","","6.0","","1","N","N","N","0","","0","0","0","","0","","","3","0","0","0","0","0","0","2","0","3","","03","","N","","","","","","","","","",""
"2021069740","","1","0","0","0","0","0","0","0","0","4","0","","67","7","2021","7","40.044621","-75.054672","","6","0","0","0","0","0","1","0","0","","0","0","0","","","1","","1","","40 02:40.636","","0","75 03:16.819","3","0","0","0","67301","0","0","0","N","0","0","0","2","67301","0","","1.0","","1","N","N","N","0","","1","0","0","","2","","","2","1","0","0","0","0","0","2","1","2","","03","","N","","","","","","","","","",""
"2021070547","","0","0","0","0","0","0","0","0","0","0","0","","67","7","2021","1","40.029028","-75.168097","","6","0","0","0","0","0","0","0","0","","0","0","0","","","1","Y","0","","40 01:44.500","2","0","75 10:05.150","3","0","0","1","67301","0","0","0","N","0","0","0","1","67301","0","","1.0","2030.0","1","N","N","N","0","","1","0","0","","0","N","","1","1","0","0","0","0","0","2","0","1","","","","N","","","","","","","","","",""
"2021036669","","0","0","0","0","0","0","0","0","0","8","0","","67","4","2021","5","39.992692","-75.12034","","6","0","0","0","0","0","0","0","0","","0","0","0","","","1","","5","","39 59:33.691","","1","75 07:13.223","4","0","0","0","67301","1","0","0","N","1","0","0","2","67301","1","","1.0","","1","N","N","N","0","","0","0","1","","2","","","2","1","1","0","0","0","0","2","0","1","","03","","N","","","","","","","","","",""
"2021035532","","2","0","0","0","0","0","0","0","0","4","0","","67","4","2021","6","39.959972","-75.173778","","6","0","0","0","0","1","0","0","0","","0","0","0","","","0","","1","","39 57:35.900","","0","75 10:25.600","0","0","0","0","67301","0","0","0","N","0","0","0","2","67301","0","","1.0","","1","N","N","N","0","","0","0","0","","2","","","2","0","0","0","0","0","0","2","0","2","","03","","N","","","","","","","","","",""
"2021035605","","1","0","0","0","0","0","0","0","0","7","0","","67","4","2021","6","39.984949","-75.133276","","6","0","0","0","0","0","0","0","0","","0","0","0","","","0","","1","","39 59:05.818","","0","75 07:59.794","0","0","0","0","67301","0","0","0","N","0","0","0","1","67301","0","","4.0","","9","N","N","N","0","","0","0","0","","0","","","1","0","0","0","0","0","0","2","0","1","","07","","N","","","","","","","","","",""
"2021064321","","1","0","0","0","0","0","0","0","0","8","0","","67","6","2021","4","39.991509","-75.160063","","6","0","0","0","0","0","0","0","0","","0","0","0","","","1","","2","","39 59:29.432","","0","75 09:36.226","3","0","0","0","67301","1","0","0","N","1","0","0","2","67301","0","","1.0","","1","N","N","N","0","","1","0","0","","2","","","2","1","1","0","0","0","0","2","0","1","","03","","N","","","","","","","","","",""
"2021064264","","2","0","0","0","0","0","0","0","0","5","0","","67","6","2021","2","40.038059","-75.043053","","6","0","0","0","0","0","0","0","0","","0","0","0","","","2","N","0","","40 02:17.013","4","0","75 02:34.989","4","0","0","0","67301","0","0","0","N","0","0","0","3","67301","2","","1.0","1226.0","1","N","N","N","0","","0","0","3","","0","N","","5","2","0","0","0","0","0","2","0","5","","03","","N","","","","","","","","","",""
"2021059561","","2","0","0","0","0","0","0","0","0","5","0","","67","6","2021","1","40.000669","-75.108925","","6","0","0","0","0","0","0","0","0","","0","0","0","","","0","N","0","","40 00:02.410","","0","75 06:32.130","0","0","0","0","67301","0","0","0","N","0","0","0","1","67301","0","","6.0","","1","N","N","N","0","","0","0","1","","0","","","3","0","1","0","0","0","0","2","0","3","","03","","N","","","","","","","","","",""
"2021064296","","2","0","0","0","0","0","0","0","0","4","0","","67","6","2021","4","39.958529","-75.247674","","6","0","0","0","0","0","0","0","0","","0","0","0","","","3","","2","","39 57:30.706","","0","75 14:51.628","3","0","0","0","67301","0","0","0","N","0","0","0","3","67301","0","","1.0","","1","N","N","N","0","","3","0","0","","3","","","2","3","2","0","0","0","0","2","0","2","","98","","N","","","","","","","","","",""
"2021069798","","0","0","0","0","0","0","0","0","0","4","0","","67","7","2021","7","40.101317","-75.025897","","6","0","0","0","0","0","1","0","0","","0","0","0","","","1","N","0","","40 06:04.740","","7","75 01:33.230","3","0","0","0","67301","0","0","0","N","0","0","0","2","67301","0","","1.0","","9","N","N","N","0","","1","0","2","","3","","","2","1","0","0","0","0","0","2","0","2","","07","","N","","","","","","","","","",""
"2021021102","","3","0","0","0","0","0","0","0","0","5","0","","67","2","2021","7","39.99113","-75.248076","","6","0","0","0","0","0","0","0","0","","0","0","0","","","1","N","0","","39 59:28.068","2","0","75 14:53.073","3","0","0","0","67301","0","0","0","Y","0","0","0","3","46104","0","","1.0","2150.0","1","N","N","Y","0","","1","0","0","","0","N","","3","1","0","0","0","0","0","2","0","3","","","","N","","","","","","","","","",""
"2021070533","","1","0","0","0","0","0","0","0","0","4","0","","67","7","2021","7","40.029438","-75.153379","","6","0","0","0","0","0","0","0","0","","0","0","0","","","0","","2","","40 01:45.976","2","0","75 09:12.164","0","0","0","0","67301","0","0","0","N","0","0","0","2","67301","0","","1.0","1030.0","1","N","N","N","0","","0","0","1","","0","Y","","2","0","0","0","0","0","0","2","0","2","","03","","N","","","","","","","","","",""
"2021093169","","1","0","0","0","0","0","0","0","0","5","0","","67","9","2021","1","39.915591","-75.147863","","6","0","0","0","0","0","0","0","0","","0","0","0","","","0","N","0","","39 54:56.126","","0","75 08:52.306","0","0","0","0","67301","0","0","0","N","0","0","0","2","68K01","0","","1.0","","1","N","N","N","0","","0","0","1","","8","","","2","0","0","0","0","0","0","2","0","2","","","","N","","","","","","","","","",""
"2021064230","","3","0","0","0","0","0","0","0","0","4","0","","67","6","2021","2","39.923833","-75.224936","","6","0","0","0","0","0","0","0","0","","0","0","0","","","1","","1","","39 55:25.798","","0","75 13:29.769","3","0","0","0","67301","0","0","0","N","0","0","0","2","67301","0","","1.0","","1","N","N","N","0","","1","0","1","","2","","","4","1","0","0","0","0","0","2","0","4","","03","","N","","","","","","","","","",""
"2021070502","","0","0","0","0","0","0","0","0","0","8","0","","67","7","2021","4","39.99605","-75.126011","","6","0","0","0","0","0","0","0","0","","0","0","0","","","1","N","0","","39 59:45.780","","0","75 07:33.640","3","0","0","0","67301","1","0","0","N","1","0","0","2","67301","0","","1.0","","1","N","N","N","1","","1","0","0","","0","","","2","1","0","0","0","0","1","2","0","1","","03","","N","","","","","","","","","",""
"2021045953","","1","0","0","0","0","0","0","0","0","4","0","","67","5","2021","4","40.04976","-75.142288","","6","0","0","0","0","0","0","0","0","","0","0","0","","","2","N","0","","40 02:59.135","","7","75 08:32.237","4","0","0","0","67301","0","0","0","N","0","0","0","3","67301","2","","1.0","","99","N","N","N","0","","0","0","1","","0","","","2","2","3","0","0","0","1","2","0","2","","","","N","","","","","","","","","",""
"2021090693","","1","0","0","0","0","0","0","0","0","7","0","","67","8","2021","4","40.041334","-75.004434","","6","0","0","0","0","0","0","0","0","","0","0","0","","","0","N","0","","40 02:28.803","1","0","75 00:15.964","9","0","0","0","67301","0","0","0","N","0","0","0","1","68K01","0","","4.0","2245.0","9","N","N","N","0","","0","0","0","","0","N","","1","0","1","0","0","0","1","2","0","1","","","","N","","","","","","","","","",""
"2021070475","","1","0","0","0","0","0","0","0","0","4","0","","67","7","2021","1","39.973972","-75.153444","","6","0","0","0","0","0","0","0","0","","0","0","0","","","0","N","0","","39 58:26.300","","0","75 09:12.400","0","0","0","0","67301","0","0","0","N","0","0","0","1","67301","0","","1.0","","1","N","N","N","0","","0","0","1","","0","","","2","0","0","0","0","0","0","2","0","2","","03","","N","","","","","","","","","",""
"2021066440","","2","0","0","0","0","0","0","0","0","4","0","","67","7","2021","7","39.977607","-75.160654","","6","0","0","0","0","0","0","0","0","","0","0","0","","","0","","1","","39 58:39.385","7","0","75 09:38.355","0","0","0","0","67301","0","0","0","N","0","0","0","5","67505","0","","1.0","20.0","9","N","N","N","0","","0","0","0","","3","N","","2","0","0","0","0","0","0","2","0","2","","","","N","","","","","","","","","",""
"2021067640","","2","0","0","0","0","0","0","0","0","1","0","","67","7","2021","1","39.98961","-75.08755","","6","0","0","0","1","1","0","0","0","","0","0","0","","","0","N","0","","39 59:22.597","","0","75 05:15.181","0","0","0","0","67301","0","0","0","N","0","0","0","2","68K01","0","","1.0","","1","N","N","Y","0","","0","0","0","","8","","","2","0","0","0","0","0","0","2","0","2","","","","N","","","","","","","","","",""
"2021050211","","1","0","0","0","0","0","0","0","0","4","0","","67","5","2021","6","40.053585","-75.141452","","6","0","0","0","0","0","0","0","0","","0","0","0","","","0","","1","","40 03:12.905","","0","75 08:29.228","9","0","0","0","67301","0","0","0","N","0","0","0","2","67301","0","","1.0","","1","N","N","N","0","","0","0","1","","2","","","2","0","1","0","0","0","1","2","0","2","","","","N","","","","","","","","","",""
"2021041586","","0","0","0","0","0","0","0","0","0","4","0","","67","4","2021","5","40.010471","-75.136173","","6","0","0","0","0","0","1","0","0","","0","0","0","","","0","","1","","40 00:37.695","","0","75 08:10.222","0","0","0","0","67301","0","0","0","N","0","0","0","2","67301","0","","1.0","","1","N","N","N","1","","0","0","0","","3","","","2","0","0","0","0","0","0","2","1","2","","03","","N","","","","","","","","","",""
"2021091197","","1","0","0","0","0","0","0","0","0","5","1","","67","9","2021","2","39.978807","-75.203013","","6","0","0","0","0","0","0","0","0","","0","1","0","","","1","N","0","","39 58:43.706","4","0","75 12:10.846","3","0","0","0","67301","0","0","0","N","0","0","0","3","68K01","0","","1.0","330.0","1","N","N","N","0","","1","0","0","","0","N","","2","1","0","0","0","0","0","2","0","2","","03","","N","","","","","","","","","",""
"2021064165","","2","0","0","0","0","0","0","0","0","4","0","","67","6","2021","1","39.923079","-75.182743","","6","0","0","0","0","0","1","0","0","","0","0","0","","","0","N","0","","39 55:23.085","6","0","75 10:57.876","9","0","0","0","67301","0","0","0","N","0","0","0","6","67301","0","","1.0","30.0","1","N","N","N","0","","0","0","0","","0","Y","","2","0","0","0","0","0","3","2","0","2","","","","N","","","","","","","","","",""
"2021066686","","0","0","0","0","0","0","0","0","0","1","0","","67","7","2021","7","39.965211","-75.185797","","6","0","0","0","0","0","1","0","0","","0","0","0","","","0","N","0","","39 57:54.761","","0","75 11:08.869","0","0","0","0","67301","0","0","0","N","0","0","0","3","68K01","0","","1.0","","1","N","N","N","0","","0","0","2","","0","","","2","0","0","0","0","0","0","2","0","2","","","","N","","","","","","","","","",""
"2021070523","","2","0","0","0","0","0","0","0","0","4","0","","67","7","2021","7","39.98171","-75.145237","","6","0","0","0","0","0","0","0","0","","0","0","0","","","0","","1","","39 58:54.156","4","0","75 08:42.853","0","0","0","0","67301","0","0","0","N","0","0","0","2","67301","0","","1.0","1855.0","1","N","N","N","0","","0","0","0","","3","N","","2","0","0","0","0","0","0","2","0","2","","03","","N","","","","","","","","","",""
"2021092075","","1","0","0","0","0","0","0","0","0","5","0","","67","9","2021","2","40.01153","-75.060672","","6","0","0","0","0","0","1","0","0","","0","0","0","","","1","N","0","","40 00:41.508","1","0","75 03:38.418","8","0","0","0","67301","0","0","0","N","0","0","0","3","68K01","0","","1.0","2330.0","1","N","N","N","0","","0","0","1","","0","N","","2","1","0","0","0","1","0","2","0","2","","","","N","","","","","","","","","",""
"2021036656","","0","0","0","0","0","0","0","0","0","7","0","","67","4","2021","7","39.939008","-75.235007","","6","0","0","0","0","0","0","1","0","","0","0","0","","","1","N","0","","39 56:20.427","","0","75 14:06.026","3","0","0","0","67301","0","0","0","N","0","0","0","1","67301","0","","2.0","","1","N","N","N","0","","1","0","1","","0","","","1","1","0","0","0","0","0","2","0","1","","03","","N","","","","","","","","","",""
"2021066112","","1","0","0","0","0","0","0","0","0","1","0","","67","7","2021","3","39.957594","-75.160438","","6","0","0","0","0","1","0","0","0","","0","0","0","","","1","N","0","","39 57:27.338","","0","75 09:37.576","3","0","0","0","67301","0","0","0","N","0","0","0","5","68K01","0","","1.0","","1","N","N","N","0","","1","0","1","","0","","","2","1","0","0","0","0","0","2","0","2","","","","N","","","","","","","","","",""
"2021071083","","1","0","0","0","0","0","0","0","0","4","0","","67","7","2021","5","39.977363","-75.227077","","6","0","0","0","0","0","1","0","0","","0","0","0","","","1","","3","","39 58:38.507","2","0","75 13:37.478","8","0","0","0","67301","0","0","0","N","0","0","0","3","67301","0","","1.0","1930.0","1","N","N","N","0","","0","0","1","","2","Y","","2","1","0","0","0","1","0","2","0","2","","","","N","","","","","","","","","",""
"2021069926","","0","0","0","0","0","0","0","0","0","1","0","","67","7","2021","5","40.009454","-75.187766","","6","0","0","0","0","0","0","0","0","","0","0","0","","","1","N","0","","40 00:34.033","1","0","75 11:15.956","3","0","0","0","67301","0","0","0","N","0","0","0","3","67301","0","","1.0","2035.0","1","N","N","N","0","","1","0","2","","0","N","","2","1","0","0","0","0","0","2","0","2","","03","","N","","","","","","","","","",""
"2021035547","","0","0","0","0","0","0","0","0","0","5","0","","67","4","2021","1","40.054706","-75.173261","","6","0","0","0","0","0","0","0","0","","0","0","0","","","0","N","0","","40 03:16.940","","0","75 10:23.740","9","0","0","0","67301","0","0","0","N","0","0","0","1","67301","0","","6.0","","1","N","N","N","0","","0","0","4","","0","","","4","0","0","0","0","0","1","2","0","4","","","","N","","","","","","","","","",""
"2021037303","","1","0","0","0","0","0","0","0","0","4","0","","67","4","2021","6","40.012119","-75.112539","","6","0","1","0","0","0","0","0","0","","0","0","0","","","1","N","0","","40 00:43.630","","7","75 06:45.140","3","0","0","0","67301","0","0","0","N","0","0","0","3","67301","0","","1.0","","1","N","N","N","0","","1","0","1","","0","","","2","1","0","0","0","0","0","2","0","2","","03","","N","","","","","","","","","",""
"2021069083","","3","0","0","0","0","0","0","0","0","1","0","","67","7","2021","4","39.957117","-75.156179","","6","0","0","0","0","0","0","0","0","","0","0","0","","","1","N","0","","39 57:25.622","4","0","75 09:22.243","8","0","0","0","67301","0","0","0","N","0","0","0","4","68K01","0","","1.0","2300.0","1","N","N","N","0","","0","0","0","","0","N","","3","1","0","0","0","1","0","2","0","3","","","","N","","","","","","","","","",""
"2021070535","","0","0","0","0","0","0","0","0","0","4","0","","67","7","2021","7","40.034076","-75.12402","","6","0","0","0","0","1","0","1","0","","0","0","0","","","1","","1","","40 02:02.673","","0","75 07:26.472","8","0","0","0","67301","0","0","0","N","0","0","0","3","67301","0","","1.0","","1","N","N","N","0","","0","0","2","","3","","","2","1","0","0","0","1","1","2","0","2","","","","N","","","","","","","","","",""
"2021093042","","1","0","0","0","0","0","0","0","0","1","0","","67","9","2021","5","39.942183","-75.142979","","6","0","0","0","0","0","0","0","0","","0","0","0","","","0","N","0","","39 56:31.859","","0","75 08:34.724","0","0","0","0","67301","0","0","0","N","0","0","0","2","68K01","0","","1.0","","9","N","N","N","0","","0","0","1","","8","","","2","0","0","0","0","0","0","2","0","2","","","","N","","","","","","","","","",""
"2021069759","","0","0","0","0","0","0","0","0","0","4","0","","67","7","2021","3","39.933853","-75.155759","","6","0","0","0","0","0","0","0","0","","0","0","0","","","0","","1","","39 56:01.870","","0","75 09:20.732","0","0","0","0","67301","0","0","0","N","0","0","0","2","67301","0","","1.0","","1","N","N","N","0","","0","0","2","","3","","","2","0","0","0","0","0","0","2","0","2","","03","","N","","","","","","","","","",""
"2021070322","","2","0","0","0","0","0","0","0","0","4","0","","67","7","2021","5","39.921949","-75.188811","","6","0","0","0","0","0","0","0","0","","0","0","0","","","2","","2","","39 55:19.017","","0","75 11:19.719","3","0","0","0","67301","0","0","0","N","0","0","0","2","67301","0","","1.0","","1","N","N","N","0","","2","0","0","","2","","","2","2","0","0","0","0","0","2","0","2","","03","","N","","","","","","","","","",""
"2021046954","","1","0","0","0","0","0","0","0","0","7","0","","67","5","2021","3","39.965332","-75.134399","","6","0","0","0","0","0","0","0","0","","0","0","0","","","0","","3","","39 57:55.194","","0","75 08:03.835","0","0","0","0","67301","0","0","0","N","0","0","0","1","67301","0","","4.0","","1","N","N","N","0","","0","0","0","","0","","","1","0","0","0","0","0","0","2","0","1","","03","","N","","","","","","","","","",""
"2021045947","","1","0","0","0","0","0","0","0","0","4","0","","67","5","2021","4","39.978769","-75.230097","","6","0","0","0","0","0","0","0","0","","0","0","0","","","2","","3","","39 58:43.568","","0","75 13:48.350","3","0","0","2","67301","0","0","0","N","0","0","0","3","67301","0","","1.0","","1","N","N","N","0","","2","0","0","","0","","","3","2","0","0","0","0","0","2","0","3","","","","N","","","","","","","","","",""
"2021092255","","1","0","0","0","0","0","0","0","0","7","0","","67","9","2021","5","39.904061","-75.240291","","6","0","0","0","0","0","0","0","0","","0","0","0","","","0","","1","","39 54:14.619","","0","75 14:25.049","0","0","0","0","67301","0","0","0","N","0","0","0","1","67301","0","","3.0","","1","N","N","N","0","","0","0","0","","2","","","1","0","1","0","0","0","0","2","0","1","","03","","N","","","","","","","","","",""
"2021064354","","1","0","0","0","0","0","0","0","0","7","0","","67","6","2021","7","39.969153","-75.148378","","6","0","0","0","0","0","0","0","0","","0","0","0","","","0","N","0","","39 58:08.950","","0","75 08:54.160","0","0","0","0","67301","0","0","0","N","0","0","0","1","67301","0","","4.0","","1","N","N","N","0","","0","0","0","","0","","","1","0","0","0","0","0","0","2","0","1","","03","","N","","","","","","","","","",""