"CRN","ARRIVAL_TM","AUTOMOBILE_COUNT","BELTED_DEATH_COUNT","BELTED_SUSP_SERIOUS_INJ_COUNT","BICYCLE_COUNT","BICYCLE_DEATH_COUNT","BICYCLE_SUSP_SERIOUS_INJ_COUNT","BUS_COUNT","CHLDPAS_DEATH_COUNT","CHLDPAS_SUSP_SERIOUS_INJ_COUNT","COLLISION_TYPE","COMM_VEH_COUNT","CONS_ZONE_SPD_LIM","COUNTY","CRASH_MONTH","CRASH_YEAR","DAY_OF_WEEK","DEC_LATITUDE","DEC_LONGITUDE","DISPATCH_TM","DISTRICT","DRIVER_COUNT_16YR","DRIVER_COUNT_17YR","DRIVER_COUNT_18YR","DRIVER_COUNT_19YR","DRIVER_COUNT_20YR","DRIVER_COUNT_50_64YR","DRIVER_COUNT_65_74YR","DRIVER_COUNT_75PLUS","EST_HRS_CLOSED","FATAL_COUNT","HEAVY_TRUCK_COUNT","HORSE_BUGGY_COUNT","HOUR_OF_DAY","ILLUMINATION","INJURY_COUNT","INTERSECTION_RELATED","INTERSECT_TYPE","LANE_CLOSED","LATITUDE","LN_CLOSE_DIR","LOCATION_TYPE","LONGITUDE","MAX_SEVERITY_LEVEL","MCYCLE_DEATH_COUNT","MCYCLE_SUSP_SERIOUS_INJ_COUNT","MOTORCYCLE_COUNT","MUNICIPALITY","NONMOTR_COUNT","NONMOTR_DEATH_COUNT","NONMOTR_SUSP_SERIOUS_INJ_COUNT","NTFY_HIWY_MAINT","PED_COUNT","PED_DEATH_COUNT","PED_SUSP_SERIOUS_INJ_COUNT","PERSON_COUNT","POLICE_AGCY","POSSIBLE_INJ_COUNT","RDWY_SURF_TYPE_CD","RELATION_TO_ROAD","ROADWAY_CLEARED","ROAD_CONDITION","SCH_BUS_IND","SCH_ZONE_IND","SECONDARY_CRASH","SMALL_TRUCK_COUNT","SPEC_JURIS_CD","SUSP_MINOR_INJ_COUNT","SUSP_SERIOUS_INJ_COUNT","SUV_COUNT","TCD_FUNC_CD","TCD_TYPE","TFC_DETOUR_IND","TIME_OF_DAY","TOTAL_UNITS","TOT_INJ_COUNT","UNBELTED_OCC_COUNT","UNB_DEATH_COUNT","UNB_SUSP_SERIOUS_INJ_COUNT","UNK_INJ_DEG_COUNT","UNK_INJ_PER_COUNT","URBAN_RURAL","VAN_COUNT","VEHICLE_COUNT","WEATHER1","WEATHER2","WORKERS_PRES","WORK_ZONE_IND","WORK_ZONE_LOC","WORK_ZONE_TYPE","WZ_CLOSE_DETOUR","WZ_FLAGGER","WZ_LAW_OFFCR_IND","WZ_LN_CLOSURE","WZ_MOVING","WZ_OTHER","WZ_SHLDER_MDN","WZ_WORKERS_INJ_KILLED"
"2021036338","","0","0","0","0","0","0","0","0","0","4","0","","67","4","2021","5","40.002626","-75.124413","","6","0","0","0","0","0","1","0","0","","0","0","0","","","0","","1","","40 00:09.455","","0","75 07:27.886","0","0","0","0","67301","0","0","0","N","0","0","0","2","67301","0","","1.0","","1","N","N","N","0","","0","0","1","","2","","","2","0","0","0","0","0","0","2","0","2","","03","","N","","","","","","","","","",""
"2021045583","","2","0","0","0","0","0","0","0","0","5","0","","67","5","2021","3","40.025303","-75.044482","","6","0","0","0","0","0","0","0","0","","0","0","0","","","2","N","0","","40 01:31.090","5","0","75 02:40.134","3","0","0","0","67301","0","0","0","N","0","0","0","4","67301","0","","1.0","100.0","1","N","N","N","1","","2","0","2","","0","N","","5","2","0","0","0","0","0","2","0","5","","03","","N","","","","","","","","","",""
"2021041582","","1","0","0","0","0","0","0","0","0","4","0","","67","4","2021","7","39.99999","-75.140498","","6","0","0","0","0","0","0","0","0","","0","0","0","","","1","","1","","39 59:59.964","","3","75 08:25.794","4","0","0","1","67301","0","0","0","N","0","0","0","4","67301","1","","1.0","","1","N","N","N","0","","0","0","0","","2","","","2","1","0","0","0","0","0","2","0","2","","03","","N","","","","","","","","","",""
"2021046913","","0","0","0","0","0","0","0","0","0","8","0","","67","5","2021","6","40.064853","-75.020271","","6","0","0","0","0","0","0","1","0","","0","0","0","","","1","","2","","40 03:53.472","5","0","75 01:12.976","3","0","0","0","67301","1","0","0","N","1","0","0","3","67301","0","","1.0","1616.0","1","N","N","N","0","","1","0","1","","3","N","","2","1","0","0","0","0","0","2","0","1","","03","","N","","","","","","","","","",""
"2021073583","","0","0","0","0","0","0","0","0","0","0","0","","67","8","2021","6","39.967829","-75.189816","","6","0","0","0","0","0","0","0","0","","0","0","0","","","0","N","0","","39 58:04.184","4","0","75 11:23.336","0","0","0","0","67301","0","0","0","N","0","0","0","1","68K01","0","","1.0","743.0","1","N","N","N","0","","0","0","1","","0","N","","1","0","0","0","0","0","0","2","0","1","","","","N","","","","","","","","","",""
"2021075492","","0","0","0","0","0","0","0","0","0","7","0","","67","8","2021","5","40.045928","-75.001816","","6","0","0","0","0","0","0","0","0","","0","0","0","","","0","N","7","","40 02:45.339","","2","75 00:06.539","9","0","0","0","67301","0","0","0","Y","0","0","0","1","68K01","0","","2.0","","1","N","N","N","0","","0","0","1","","0","","","1","0","0","0","0","0","1","2","0","1","","","","N","","","","","","","","","",""
"2021073695","","1","0","0","0","0","0","0","0","0","4","1","","67","7","2021","2","39.957965","-75.140748","","6","0","0","0","0","0","1","0","0","","0","0","0","","","0","N","0","","39 57:28.673","1","0","75 08:26.694","9","0","0","0","67301","0","0","0","N","0","0","0","3","68K01","0","","1.0","740.0","1","N","N","N","1","","0","0","0","","0","Y","","2","0","0","0","0","0","1","2","0","2","","","","N","","","","","","","","","",""
"2021035732","","0","0","0","0","0","0","0","0","0","8","0","","67","4","2021","2","39.958325","-75.225214","","6","0","0","0","0","0","0","0","0","","0","0","0","","","1","N","0","","39 57:29.971","","0","75 13:30.772","3","0","0","0","67301","1","0","0","N","1","0","0","2","67301","0","","1.0","","1","N","N","N","0","","1","0","0","","0","","","2","1","0","0","0","0","0","2","1","1","","03","","N","","","","","","","","","",""
"2021053644","","2","0","0","0","0","0","0","0","0","4","0","","67","5","2021","5","40.012956","-75.119053","","6","0","0","1","0","1","0","0","0","","0","0","0","","","1","N","0","","40 00:46.640","","7","75 07:08.590","3","0","0","0","67301","0","0","0","N","0","0","0","2","67301","0","","1.0","","1","N","N","N","0","","1","0","0","","0","","","2","1","0","0","0","0","0","2","0","2","","03","","N","","","","","","","","","",""
"2021064256","","1","0","0","0","0","0","0","0","0","4","0","","67","7","2021","7","40.025856","-75.159331","","6","0","0","0","0","0","0","0","0","","0","0","0","","","2","N","0","","40 01:33.080","","0","75 09:33.590","3","0","0","0","67301","0","0","0","N","0","0","0","5","67301","0","","1.0","","1","N","N","N","0","","2","0","1","","0","","","2","2","2","0","0","0","0","2","0","2","","03","","N","","","","","","","","","",""
"2021073839","","4","0","0","0","0","0","0","0","0","5","1","","67","8","2021","6","39.976147","-75.180006","","6","0","0","0","0","0","0","0","0","","0","1","0","","","0","N","0","","39 58:34.130","","0","75 10:48.020","9","0","0","0","67301","0","0","0","N","0","0","0","1","67301","0","","6.0","","1","N","N","Y","0","","0","0","4","","0","","","9","0","0","0","0","0","1","2","0","9","","","","N","","","","","","","","","",""
"2021073840","","0","0","0","0","0","0","0","0","0","8","1","","67","8","2021","7","39.977031","-75.165636","","6","0","0","0","0","0","0","0","0","","0","1","0","","","2","N","0","","39 58:37.310","","0","75 09:56.290","2","0","0","0","67301","2","0","1","N","2","0","1","3","67301","0","","1.0","","1","N","N","N","0","","1","1","1","","0","","","4","2","0","0","0","0","0","2","0","2","","","","N","","","","","","","","","",""
"2021035899","","3","0","0","0","0","0","0","0","0","1","0","","67","4","2021","7","40.009278","-75.069361","","6","0","0","0","0","0","0","0","0","","0","0","0","","","0","N","0","","40 00:33.400","2","0","75 04:09.700","0","0","0","0","67301","0","0","0","N","0","0","0","2","67301","0","","1.0","1115.0","1","N","N","N","0","","0","0","1","","0","Y","","4","0","2","0","0","0","0","2","0","4","","03","","N","","","","","","","","","",""
"2021064203","","2","0","0","0","0","0","0","0","0","4","0","","67","7","2021","1","39.951708","-75.158027","","6","0","0","0","0","0","0","0","0","","0","0","0","","","0","N","0","","39 57:06.150","4","0","75 09:28.898","0","0","0","0","67301","0","0","0","N","0","0","0","2","67301","0","","1.0","49.0","1","N","N","N","0","","0","0","0","","0","N","","2","0","0","0","0","0","0","2","0","2","","","","N","","","","","","","","","",""
"2021073460","","1","0","0","0","0","0","0","0","0","8","0","","67","8","2021","6","40.074609","-75.035074","","6","0","0","0","0","1","0","0","0","","0","0","0","","","2","","1","","40 04:28.594","2","0","75 02:06.267","2","0","0","0","67301","2","0","2","N","2","0","2","3","67301","0","","1.0","1455.0","1","N","N","N","0","","0","2","0","","2","Y","","3","2","0","0","0","0","0","2","0","1","","","","N","","","","","","","","","",""
"2021038460","","1","0","0","0","0","0","0","0","0","8","0","","67","4","2021","6","39.963393","-75.169408","","6","0","0","0","0","0","1","0","0","","0","0","0","","","1","","1","","39 57:48.214","","0","75 10:09.870","8","0","0","0","67301","1","0","0","N","1","0","0","2","67301","0","","1.0","","99","N","N","N","0","","0","0","0","","2","","","2","1","0","0","0","1","0","2","0","1","","","","N","","","","","","","","","",""
"2021048223","","1","0","0","0","0","0","0","0","0","4","0","","67","5","2021","6","39.991699","-75.185608","","6","0","0","0","0","0","1","0","0","","0","0","0","","","2","","1","","39 59:30.115","","0","75 11:08.190","3","0","0","0","67301","0","0","0","N","0","0","0","3","67301","0","","1.0","","1","N","N","N","0","","2","0","1","","2","","","2","2","0","0","0","0","1","2","0","2","","03","","N","","","","","","","","","",""
"2021035528","","2","0","0","0","0","0","0","0","0","4","0","","67","4","2021","6","40.056416","-75.012801","","6","0","0","0","0","0","0","1","0","","0","0","0","","","1","","1","","40 03:23.098","","0","75 00:46.082","3","0","0","0","67301","0","0","0","N","0","0","0","2","67301","0","","1.0","","1","N","N","N","0","","1","0","0","","2","","","2","1","0","0","0","0","0","2","0","2","","04","","N","","","","","","","","","",""
"2021074714","","1","0","0","0","0","0","0","0","0","4","0","","67","8","2021","2","40.073123","-75.047628","","6","0","0","0","0","0","0","1","0","","0","0","0","","","0","","2","","40 04:23.244","","0","75 02:51.460","0","0","0","0","67301","0","0","0","N","0","0","0","3","67301","0","","1.0","","1","N","N","N","0","","0","0","2","","0","","","3","0","0","0","0","0","0","2","0","3","","03","","N","","","","","","","","","",""
"2021036227","","1","0","0","0","0","0","0","0","0","7","0","","67","4","2021","4","40.039953","-75.059678","","6","0","0","0","0","0","0","0","0","","0","0","0","","","1","","2","","40 02:23.829","2","0","75 03:34.840","3","0","0","0","67301","0","0","0","N","0","0","0","1","67301","0","","4.0","758.0","1","N","N","N","0","","1","0","0","","0","N","","1","1","0","0","0","0","0","2","0","1","","","","N","","","","","","","","","",""
"2021074831","","1","0","0","0","0","0","0","0","0","7","0","","67","8","2021","3","40.056369","-75.197115","","6","0","0","0","0","0","0","0","0","","0","0","0","","","0","","3","","40 03:22.927","","0","75 11:49.613","0","0","0","0","67301","0","0","0","N","0","0","0","0","67301","0","","4.0","","9","N","N","N","0","","0","0","0","","0","","","1","0","0","0","0","0","0","2","0","1","","","","N","","","","","","","","","",""
"2021075263","","5","0","0","0","0","0","0","0","0","5","0","","67","8","2021","3","39.975247","-75.147244","","6","0","0","0","0","0","0","0","0","","0","0","0","","","0","N","0","","39 58:30.890","1","0","75 08:50.080","0","0","0","0","67301","0","0","0","N","0","0","0","1","67301","0","","1.0","257.0","1","N","N","N","0","","0","0","0","","0","N","","5","0","0","0","0","0","0","2","0","5","","03","","N","","","","","","","","","",""
"2021053636","","2","0","0","0","0","0","0","0","0","4","0","","67","4","2021","4","40.021739","-75.139756","","6","0","0","0","0","0","0","0","0","","0","0","0","","","1","","5","","40 01:18.260","","0","75 08:23.123","3","0","0","0","67301","0","0","0","N","0","0","0","2","67301","0","","1.0","","1","N","N","N","0","","1","0","0","","2","","","2","1","2","0","0","0","0","2","0","2","","03","","N","","","","","","","","","",""
"2021050367","","2","0","0","0","0","0","0","0","0","4","0","","67","5","2021","3","40.016257","-75.077835","","6","0","0","0","0","0","0","0","0","","0","0","0","","","1","","1","","40 00:58.525","","0","75 04:40.206","4","0","0","0","67301","0","0","0","N","0","0","0","4","67301","1","","1.0","","1","N","N","N","0","","0","0","0","","3","","","2","1","0","0","0","0","0","2","0","2","","03","","N","","","","","","","","","",""
"2021064752","","1","0","0","0","0","0","0","0","0","1","0","","67","7","2021","2","39.955506","-75.188284","","6","0","0","0","0","0","1","0","0","","0","0","0","","","1","N","0","","39 57:19.821","","0","75 11:17.823","4","0","0","0","67301","0","0","0","N","0","0","0","1","67507","1","","1.0","","1","N","N","N","0","","0","0","1","","7","","","2","1","0","0","0","0","0","2","0","2","","","","N","","","","","","","","","",""
"2021035617","","1","0","0","0","0","0","0","0","0","4","0","","67","4","2021","6","40.051774","-75.153818","","6","0","0","0","1","0","0","0","0","","0","0","0","","","0","","1","","40 03:06.386","","0","75 09:13.744","9","0","0","0","67301","0","0","0","N","0","0","0","2","67301","0","","1.0","","1","N","N","N","1","","0","0","0","","3","","","2","0","0","0","0","0","1","2","0","2","","","","N","","","","","","","","","",""
"2021035561","","2","0","0","0","0","0","0","0","0","4","0","","67","4","2021","6","40.021765","-75.088188","","6","0","0","0","0","0","0","1","0","","0","0","0","","","1","","1","","40 01:18.354","","0","75 05:17.476","3","0","0","0","67301","0","0","0","N","0","0","0","3","67301","0","","1.0","","1","N","N","N","0","","1","0","1","","3","","","3","1","2","0","0","0","1","2","0","3","","03","","N","","","","","","","","","",""
"2021064591","","1","0","0","0","0","0","0","0","0","7","0","","67","7","2021","5","40.035183","-75.017782","","6","0","0","0","0","0","0","0","0","","0","0","0","","","0","N","0","","40 02:06.658","1","0","75 01:04.016","0","0","0","0","67301","0","0","0","N","0","0","0","1","68K01","0","","2.0","17.0","1","N","N","N","0","","0","0","0","","0","N","","1","0","0","0","0","0","0","2","0","1","","","","N","","","","","","","","","",""
"2021037473","","1","0","0","0","0","0","0","0","0","8","0","","67","4","2021","6","39.917404","-75.234085","","6","0","0","0","0","0","0","0","0","","0","0","0","","","1","","1","","39 55:02.654","3","0","75 14:02.705","2","0","0","0","67301","1","0","1","N","1","0","1","2","67301","0","","1.0","100.0","1","N","N","N","0","","0","1","0","","0","Y","","2","1","0","0","0","0","0","2","0","1","","03","","N","","","","","","","","","",""
"2021036265","","0","0","0","0","0","0","0","0","0","5","0","","67","4","2021","1","40.039933","-75.057897","","6","0","0","0","0","0","0","0","0","","0","0","0","","","0","N","0","","40 02:23.760","3","0","75 03:28.430","9","0","0","0","67301","0","0","0","N","0","0","0","1","67301","0","","6.0","100.0","1","N","N","N","0","","0","0","3","","0","N","","3","0","0","0","0","0","1","2","0","3","","03","","N","","","","","","","","","",""
"2021046141","","0","0","0","1","0","0","0","0","0","8","0","","67","5","2021","5","39.942651","-75.236421","","6","0","0","0","0","0","1","0","0","","0","0","0","","","1","","1","","39 56:33.543","","0","75 14:11.115","3","0","0","0","67301","1","0","0","N","0","0","0","2","67301","0","","1.0","","1","N","N","N","0","","1","0","1","","2","","","2","1","0","0","0","0","0","2","0","1","","03","","N","","","","","","","","","",""
"2021045943","","2","0","0","0","0","0","0","0","0","1","0","","67","5","2021","3","39.958058","-75.162286","","6","0","0","0","0","0","0","0","0","","0","0","0","","","0","","1","","39 57:29.007","","3","75 09:44.230","0","0","0","0","67301","0","0","0","N","0","0","0","4","67301","0","","1.0","","1","N","N","N","0","","0","0","0","","2","","","2","0","3","0","0","0","0","2","0","2","","03","","N","","","","","","","","","",""
"2021046910","","0","0","0","0","0","0","0","0","0","8","0","","67","5","2021","6","40.122567","-75.023783","","6","0","0","0","0","0","0","1","0","","0","0","0","","","1","N","0","","40 07:21.240","4","0","75 01:25.620","3","0","0","0","67301","1","0","0","N","1","0","0","2","67301","0","","1.0","2100.0","1","N","N","N","0","","1","0","1","","0","Y","","2","1","0","0","0","0","0","2","0","1","","","","N","","","","","","","","","",""
"2021037594","","1","0","0","0","0","0","0","0","0","4","0","","67","4","2021","2","40.036732","-75.064498","","6","0","0","0","0","0","0","0","0","","0","0","0","","","1","","1","","40 02:12.235","","0","75 03:52.193","4","0","0","0","67301","0","0","0","N","0","0","0","3","67301","1","","1.0","","1","N","N","N","0","","0","0","1","","2","","","2","1","1","0","0","0","0","2","0","2","","03","","N","","","","","","","","","",""
"2021036570","","1","0","0","0","0","0","0","0","0","4","0","","67","4","2021","1","40.094773","-75.015326","","6","0","0","0","0","1","0","0","0","","0","0","0","","","0","","1","","40 05:41.184","","0","75 00:55.174","0","0","0","0","67301","0","0","0","N","0","0","0","3","67301","0","","1.0","","1","N","N","N","0","","0","0","1","","2","","","2","0","0","0","0","0","0","2","0","2","","03","","N","","","","","","","","","",""
"2021035603","","0","0","0","0","0","0","0","0","0","7","0","","67","4","2021","7","40.023464","-75.126949","","6","0","0","0","0","0","0","0","0","","0","0","0","","","1","","11","","40 01:24.470","1","0","75 07:37.016","8","0","0","0","67301","0","0","0","N","0","0","0","1","67301","0","","4.0","1217.0","1","N","N","N","0","","0","0","1","","0","Y","","1","1","0","0","0","1","0","2","0","1","","","","N","","","","","","","","","",""
"2021064344","","1","0","0","0","0","0","0","0","0","1","0","","67","6","2021","1","40.018067","-75.110853","","6","0","0","0","0","0","1","0","0","","0","0","0","","","1","N","0","","40 01:05.040","","0","75 06:39.070","3","0","0","0","67301","0","0","0","N","0","0","0","2","67301","0","","1.0","","1","N","N","N","0","","1","0","1","","0","","","2","1","0","0","0","0","1","2","0","2","","","","N","","","","","","","","","",""
"2021036267","","0","0","0","0","0","0","0","0","0","1","0","","67","4","2021","4","39.997304","-75.073506","","6","0","0","0","0","0","1","0","0","","0","0","0","","","1","","1","","39 59:50.294","","0","75 04:24.621","3","0","0","0","67301","0","0","0","N","0","0","0","2","67301","0","","1.0","","1","N","N","N","0","","1","0","2","","2","","","2","1","0","0","0","0","0","2","0","2","","03","","N","","","","","","","","","",""
"2021074393","","1","0","0","0","0","0","0","0","0","1","0","","67","8","2021","3","39.942605","-75.193472","","6","0","0","1","0","0","0","0","0","","0","0","0","","","0","N","0","","39 56:33.377","3","0","75 11:36.500","0","0","0","0","67301","0","0","0","N","0","0","0","3","68K01","0","","1.0","1545.0","1","N","N","N","0","","0","0","2","","0","N","","3","0","1","0","0","0","0","2","0","3","","","","N","","","","","","","","","",""
"2021035869","","1","0","0","0","0","0","0","0","0","2","0","","67","4","2021","3","40.059722","-75.080361","","6","0","0","0","0","0","0","0","0","","0","0","0","","","0","N","0","","40 03:35.000","","0","75 04:49.300","0","0","0","0","67301","0","0","0","N","0","0","0","1","67301","0","","6.0","","1","N","N","N","1","","0","0","1","","0","","","3","0","1","0","0","0","0","2","0","3","","","","N","","","","","","","","","",""
"2021036939","","1","0","0","0","0","0","0","0","0","4","0","","67","4","2021","4","39.971171","-75.22795","","6","0","0","0","0","1","0","0","0","","0","0","0","","","0","","2","","39 58:16.215","","0","75 13:40.619","0","0","0","0","67301","0","0","0","N","0","0","0","3","67301","0","","1.0","","1","N","N","N","0","","0","0","0","","3","","","2","0","2","0","0","0","0","2","0","2","","03","","N","","","","","","","","","",""
"2021064317","","1","0","0","0","0","0","0","0","0","4","0","","67","6","2021","2","39.988892","-75.151834","","6","0","0","0","0","0","1","0","0","","0","0","0","","","2","","1","","39 59:20.011","","0","75 09:06.602","3","0","0","0","67301","0","0","0","N","0","0","0","6","67301","1","","1.0","","1","N","N","N","0","","1","0","1","","3","","","2","2","0","0","0","0","0","2","0","2","","03","","N","","","","","","","","","",""
"2021045422","","2","0","0","0","0","0","0","0","0","1","0","","67","5","2021","3","40.084208","-75.048047","","6","0","0","0","0","0","0","0","0","","0","0","0","","","1","N","0","","40 05:03.150","","0","75 02:52.970","3","0","0","0","67301","0","0","0","N","0","0","0","1","67301","0","","6.0","","1","N","N","N","1","","1","0","1","","0","","","4","1","0","0","0","0","0","2","0","4","","","","N","","","","","","","","","",""
"2021034344","","4","0","0","0","0","0","0","0","0","5","0","","67","4","2021","5","39.976028","-75.161806","","6","0","0","0","0","0","1","0","0","","0","0","0","","","0","N","0","","39 58:33.700","1","0","75 09:42.500","0","0","0","0","67301","0","0","0","N","0","0","0","2","67505","0","","6.0","1800.0","1","N","N","N","0","","0","0","0","","0","Y","","4","0","0","0","0","0","0","2","0","4","","03","","N","","","","","","","","","",""
"2021064398","","0","0","0","0","0","0","0","0","0","7","1","","67","6","2021","6","39.998935","-75.156799","","6","0","0","0","0","0","0","0","0","","0","1","0","","","0","","1","","39 59:56.166","6","1","75 09:24.476","0","0","0","0","67301","0","0","0","N","0","0","0","1","67301","0","","5.0","2300.0","1","N","N","N","0","","0","0","0","","0","Y","","1","0","0","0","0","0","0","2","0","1","","03","","N","","","","","","","","","",""
"2021035583","","1","0","0","0","0","0","0","0","0","4","0","","67","4","2021","6","39.978769","-75.230097","","6","0","0","0","0","0","1","0","0","","0","0","0","","","1","","3","","39 58:43.568","","0","75 13:48.350","4","0","0","0","67301","0","0","0","N","0","0","0","2","67301","1","","1.0","","1","N","N","N","0","","0","0","0","","0","","","2","1","0","0","0","0","0","2","0","2","","03","","N","","","","","","","","","",""
"2021075192","","1","0","0","0","0","0","0","0","0","7","0","","67","8","2021","1","40.003635","-75.190516","","6","0","0","0","0","0","0","0","0","","1","0","0","","","1","N","0","","40 00:13.086","5","0","75 11:25.859","1","1","0","1","67301","0","0","0","N","0","0","0","3","67301","1","2","4.0","2125.0","1","N","N","N","0","0","0","0","0","","0","Y","","2","1","0","0","0","0","0","2","0","2","","03","","N","","","","","","","","","",""
"2021066088","","2","0","0","0","0","0","0","0","0","1","0","","67","5","2021","1","39.89183","-75.236586","","6","0","0","0","0","0","1","0","0","","0","0","0","","","0","N","0","","39 53:30.588","","0","75 14:11.711","0","0","0","0","67301","0","0","0","N","0","0","0","2","68K01","0","","1.0","","9","N","N","N","0","","0","0","0","","0","","","2","0","0","0","0","0","0","2","0","2","","07","","N","","","","","","","","","",""
"2021074765","","0","0","0","0","0","0","0","0","0","4","0","","67","7","2021","5","39.956813","-75.153484","","6","0","0","0","0","0","0","0","0","","0","0","0","","","0","N","0","","39 57:24.528","3","0","75 09:12.544","0","0","0","0","67301","0","0","0","N","0","0","0","3","68K01","0","","1.0","1820.0","9","N","N","N","0","","0","0","2","","0","Y","","2","0","0","0","0","0","0","2","0","2","","","","N","","","","","","","","","",""
"2021036412","","1","0","0","0","0","0","0","0","0","7","0","55","67","4","2021","1","39.898855","-75.171978","","6","0","0","0","0","0","0","0","0","","0","0","0","","","0","N","0","","39 53:55.879","","0","75 10:19.120","9","0","0","0","67301","0","0","0","N","0","0","0","1","68K01","0","","3.0","","1","N","N","N","0","","0","0","0","","0","","","1","0","0","0","0","0","1","2","0","1","","03","N","Y","2","1","","","N","","","","Y","N"
"2021045612","","2","0","0","0","0","0","0","0","0","5","0","","67","5","2021","4","40.050092","-75.160092","","6","0","0","0","0","0","0","0","0","","0","0","0","","","0","N","0","","40 03:00.330","","0","75 09:36.330","0","0","0","0","67301","0","0","0","N","0","0","0","1","67301","0","","6.0","","1","N","N","N","0","","0","0","2","","0","","","4","0","0","0","0","0","0","2","0","4","","03","","N","","","","","","","","","",""
"2021036596","","3","0","0","0","0","0","0","0","0","5","0","","67","4","2021","1","40.023137","-75.148106","","6","0","0","0","0","0","0","0","0","","0","0","0","","","0","N","0","","40 01:23.292","","0","75 08:53.183","0","0","0","0","67301","0","0","0","N","0","0","0","2","67301","0","","1.0","","1","N","N","N","0","","0","0","1","","0","","","4","0","2","0","0","0","0","2","0","4","","03","","N","","","","","","","","","",""
"2021064205","","0","0","0","0","0","0","0","0","0","0","0","","67","6","2021","3","40.090849","-75.03287","","6","0","0","0","0","0","0","0","0","","0","0","0","","","1","N","0","","40 05:27.057","2","0","75 01:58.333","3","0","0","1","67301","0","0","0","N","0","0","0","1","67301","0","","1.0","1720.0","1","N","N","N","0","","1","0","0","","0","N","","1","1","0","0","0","0","0","2","0","1","","03","","N","","","","","","","","","",""
"2021035572","","0","0","0","0","0","0","0","0","0","4","0","","67","4","2021","6","39.940204","-75.200688","","6","0","0","0","0","0","0","0","0","","0","0","0","","","1","","2","","39 56:24.735","","0","75 12:02.476","3","0","0","0","67301","0","0","0","N","0","0","0","3","67301","0","","1.0","","1","N","N","N","0","","1","0","2","","2","","","2","1","0","0","0","0","0","2","0","2","","04","","N","","","","","","","","","",""
"2021036597","","0","0","0","0","0","0","0","0","0","4","0","","67","4","2021","2","40.023047","-75.13708","","6","0","0","0","0","0","1","0","0","","0","0","0","","","1","","1","","40 01:22.969","","0","75 08:13.488","3","0","0","0","67301","0","0","0","N","0","0","0","3","67301","0","","1.0","","1","N","N","N","1","","1","0","1","","2","","","2","1","0","0","0","0","0","2","0","2","","04","","N","","","","","","","","","",""
"2021075354","","1","0","0","0","0","0","0","0","0","8","0","","67","8","2021","5","40.080855","-75.028774","","6","0","0","0","0","0","0","0","0","","0","0","0","","","1","N","1","","40 04:51.077","","0","75 01:43.585","3","0","0","0","67301","1","0","0","N","1","0","0","2","67301","0","","1.0","","1","N","N","N","0","","1","0","0","","2","","","2","1","0","0","0","0","0","2","0","1","","03","","N","","","","","","","","","",""
"2021064199","","1","0","0","0","0","0","0","0","0","2","0","","67","6","2021","3","39.954615","-75.149531","","6","0","0","0","0","1","0","0","0","","0","0","0","","","0","","2","","39 57:16.613","3","0","75 08:58.311","0","0","0","0","67301","0","0","0","N","0","0","0","3","67301","0","","1.0","802.0","1","N","N","N","0","","0","0","2","","2","N","","3","0","0","0","0","0","0","2","0","3","","03","","N","","","","","","","","","",""
"2021035546","","1","0","0","0","0","0","0","0","0","3","0","","67","4","2021","7","40.073592","-75.174622","","6","0","0","0","0","0","0","0","0","","0","0","0","","","1","N","0","","40 04:24.930","","0","75 10:28.640","3","0","0","0","67301","0","0","0","N","0","0","0","3","67301","0","","1.0","","1","N","N","N","0","","1","0","1","","0","","","2","1","1","0","0","0","2","2","0","2","","03","","N","","","","","","","","","",""
"2021064415","","1","0","0","0","0","0","0","0","0","8","0","","67","7","2021","7","39.999528","-75.166711","","6","0","0","0","0","0","0","0","0","","0","0","0","","","1","N","0","","39 59:58.300","","0","75 10:00.160","3","0","0","0","67301","1","0","0","N","1","0","0","2","67301","0","","1.0","","9","N","N","N","0","","1","0","0","","0","","","2","1","0","0","0","0","1","2","0","1","","07","","N","","","","","","","","","",""
"2021036599","","2","0","0","0","0","0","0","0","0","1","0","","67","4","2021","5","40.044804","-75.143367","","6","0","0","0","1","0","0","0","0","","0","0","0","","","0","N","0","","40 02:41.293","","7","75 08:36.121","0","0","0","0","67301","0","0","0","N","0","0","0","2","67301","0","","1.0","","1","N","N","N","0","","0","0","0","","0","","","2","0","0","0","0","0","0","2","0","2","","04","","N","","","","","","","","","",""
"2021074589","","1","0","0","0","0","0","0","0","0","5","2","","67","7","2021","5","39.88274","-75.244955","","6","0","1","0","0","0","0","0","0","","0","2","0","","","1","N","6","","39 52:57.865","2","0","75 14:41.838","8","0","0","0","67301","0","0","0","N","0","0","0","4","68K01","0","","1.0","1500.0","9","N","N","N","0","","0","0","0","","0","N","","3","1","0","0","0","1","0","2","0","3","","","","N","","","","","","","","","",""
"2021035591","","2","0","0","0","0","0","0","0","0","5","0","","67","4","2021","2","39.994389","-75.182306","","6","0","0","0","0","0","0","0","0","","0","0","0","","","0","N","0","","39 59:39.800","","0","75 10:56.300","0","0","0","0","67301","0","0","0","N","0","0","0","1","67301","0","","6.0","","1","N","N","N","0","","0","0","0","","0","","","3","0","0","0","0","0","0","2","1","3","","03","","N","","","","","","","","","",""