"CRN","ARRIVAL_TM","AUTOMOBILE_COUNT","BELTED_DEATH_COUNT","BELTED_SUSP_SERIOUS_INJ_COUNT","BICYCLE_COUNT","BICYCLE_DEATH_COUNT","BICYCLE_SUSP_SERIOUS_INJ_COUNT","BUS_COUNT","CHLDPAS_DEATH_COUNT","CHLDPAS_SUSP_SERIOUS_INJ_COUNT","COLLISION_TYPE","COMM_VEH_COUNT","CONS_ZONE_SPD_LIM","COUNTY","CRASH_MONTH","CRASH_YEAR","DAY_OF_WEEK","DEC_LATITUDE","DEC_LONGITUDE","DISPATCH_TM","DISTRICT","DRIVER_COUNT_16YR","DRIVER_COUNT_17YR","DRIVER_COUNT_18YR","DRIVER_COUNT_19YR","DRIVER_COUNT_20YR","DRIVER_COUNT_50_64YR","DRIVER_COUNT_65_74YR","DRIVER_COUNT_75PLUS","EST_HRS_CLOSED","FATAL_COUNT","HEAVY_TRUCK_COUNT","HORSE_BUGGY_COUNT","HOUR_OF_DAY","ILLUMINATION","INJURY_COUNT","INTERSECTION_RELATED","INTERSECT_TYPE","LANE_CLOSED","LATITUDE","LN_CLOSE_DIR","LOCATION_TYPE","LONGITUDE","MAX_SEVERITY_LEVEL","MCYCLE_DEATH_COUNT","MCYCLE_SUSP_SERIOUS_INJ_COUNT","MOTORCYCLE_COUNT","MUNICIPALITY","NONMOTR_COUNT","NONMOTR_DEATH_COUNT","NONMOTR_SUSP_SERIOUS_INJ_COUNT","NTFY_HIWY_MAINT","PED_COUNT","PED_DEATH_COUNT","PED_SUSP_SERIOUS_INJ_COUNT","PERSON_COUNT","POLICE_AGCY","POSSIBLE_INJ_COUNT","RDWY_SURF_TYPE_CD","RELATION_TO_ROAD","ROADWAY_CLEARED","ROAD_CONDITION","SCH_BUS_IND","SCH_ZONE_IND","SECONDARY_CRASH","SMALL_TRUCK_COUNT","SPEC_JURIS_CD","SUSP_MINOR_INJ_COUNT","SUSP_SERIOUS_INJ_COUNT","SUV_COUNT","TCD_FUNC_CD","TCD_TYPE","TFC_DETOUR_IND","TIME_OF_DAY","TOTAL_UNITS","TOT_INJ_COUNT","UNBELTED_OCC_COUNT","UNB_DEATH_COUNT","UNB_SUSP_SERIOUS_INJ_COUNT","UNK_INJ_DEG_COUNT","UNK_INJ_PER_COUNT","URBAN_RURAL","VAN_COUNT","VEHICLE_COUNT","WEATHER1","WEATHER2","WORKERS_PRES","WORK_ZONE_IND","WORK_ZONE_LOC","WORK_ZONE_TYPE","WZ_CLOSE_DETOUR","WZ_FLAGGER","WZ_LAW_OFFCR_IND","WZ_LN_CLOSURE","WZ_MOVING","WZ_OTHER","WZ_SHLDER_MDN","WZ_WORKERS_INJ_KILLED"
"2021050208","","0","0","0","0","0","0","0","0","0","4","0","","67","5","2021","6","39.988495","-75.160727","","6","0","0","0","0","0","0","0","0","","0","0","0","","","2","","1","","39 59:18.582","","0","75 09:38.617","3","0","0","0","67301","0","0","0","N","0","0","0","2","67301","0","","1.0","","1","N","N","N","0","","2","0","2","","2","","","2","2","1","0","0","0","0","2","0","2","","04","","N","","","","","","","","","",""
"2021035525","","1","0","0","0","0","0","0","0","0","4","0","","67","4","2021","6","40.058997","-75.044079","","6","0","0","0","0","0","2","0","0","","0","0","0","","","1","","1","","40 03:32.389","4","0","75 02:38.685","3","0","0","0","67301","0","0","0","N","0","0","0","2","67301","0","","1.0","1555.0","1","N","N","N","0","","1","0","0","","2","N","","2","1","0","0","0","0","0","2","1","2","","","","N","","","","","","","","","",""
"2021074698","","0","0","0","0","0","0","0","0","0","4","1","","67","8","2021","2","40.033908","-75.074273","","6","0","0","0","0","0","0","0","0","","0","1","0","","","1","","1","","40 02:02.069","","0","75 04:27.384","3","0","0","0","67301","0","0","0","N","0","0","0","2","67301","0","","1.0","","1","N","N","N","0","","1","0","1","","2","","","2","1","0","0","0","0","0","2","0","2","","03","","N","","","","","","","","","",""
"2021045579","","0","0","0","0","0","0","0","0","0","1","0","","67","5","2021","3","40.097242","-75.030433","","6","0","0","0","0","0","0","0","0","","0","0","0","","","1","N","0","","40 05:50.070","1","0","75 01:49.557","2","0","1","1","67301","0","0","0","N","0","0","0","1","67301","0","","6.0","2015.0","1","N","N","N","1","","0","1","0","","0","Y","","2","1","0","0","0","0","0","2","0","2","","","","N","","","","","","","","","",""
"2021064373","","0","0","0","0","0","0","1","0","0","4","2","","67","6","2021","2","40.03593","-75.126605","","6","0","0","0","0","0","0","0","0","","0","1","0","","","7","","1","","40 02:09.349","6","0","75 07:35.777","2","0","0","0","67301","0","0","0","N","0","0","0","8","67301","0","","1.0","1415.0","1","N","N","N","0","","5","2","0","","3","Y","","2","7","2","0","1","0","0","2","0","2","","03","","N","","","","","","","","","",""
"2021035984","","1","0","0","0","0","0","0","0","0","4","0","","67","4","2021","3","40.02067","-75.148646","","6","0","0","0","0","0","1","0","0","","0","0","0","","","1","","2","","40 01:14.412","","0","75 08:55.127","3","0","0","0","67301","0","0","0","N","0","0","0","8","67301","0","","1.0","","1","N","N","N","0","","1","0","1","","0","","","2","1","0","0","0","0","0","2","0","2","","03","","N","","","","","","","","","",""
"2021048104","","2","0","0","0","0","0","0","0","0","1","0","","67","5","2021","6","40.027588","-75.087103","","6","0","0","0","0","0","0","0","0","","0","0","0","","","1","","1","","40 01:39.316","","0","75 05:13.570","3","0","0","0","67301","0","0","0","N","0","0","0","4","67301","0","","1.0","","1","N","N","N","0","","1","0","1","","3","","","3","1","0","0","0","0","0","2","0","3","","","","N","","","","","","","","","",""
"2021074999","","2","0","0","0","0","0","0","0","0","2","0","","67","8","2021","4","40.018898","-75.072606","","6","0","0","0","0","0","0","0","0","","0","0","0","","","0","","2","","40 01:08.034","","0","75 04:21.383","0","0","0","0","67301","0","0","0","N","0","0","0","2","67301","0","","1.0","","1","N","N","N","1","","0","0","0","","3","","","3","0","0","0","0","0","0","2","0","3","","","","N","","","","","","","","","",""
"2021065428","","2","0","0","0","0","0","0","0","0","5","0","","67","7","2021","7","39.977205","-75.112425","","6","0","0","1","1","0","0","0","0","","0","0","0","","","0","N","0","","39 58:37.938","1","0","75 06:44.729","0","0","0","0","67301","0","0","0","N","0","0","0","3","68K01","0","","1.0","110.0","1","N","N","N","0","","0","0","0","","0","N","","3","0","0","0","0","0","0","2","0","2","","","","N","","","","","","","","","",""
"2021036785","","1","0","0","0","0","0","0","0","0","4","0","","67","4","2021","5","40.027881","-75.060153","","6","0","0","0","0","0","0","0","0","","0","0","0","","","1","","1","","40 01:40.371","","0","75 03:36.552","3","0","0","0","67301","0","0","0","N","0","0","0","2","67301","0","","1.0","","1","N","N","N","0","","1","0","1","","2","","","2","1","0","0","0","0","1","2","0","2","","03","","N","","","","","","","","","",""
"2021074001","","0","0","0","0","0","0","0","0","0","5","1","","67","8","2021","6","39.930222","-75.19844","","6","0","0","0","0","0","1","0","0","","0","1","0","","","0","N","0","","39 55:48.800","","0","75 11:54.385","9","0","0","0","67301","0","0","0","N","0","0","0","2","68K01","0","","1.0","","1","N","N","N","0","","0","0","1","","0","","","2","0","0","0","0","0","1","2","0","2","","","","N","","","","","","","","","",""
"2021036071","","1","0","0","0","0","0","0","0","0","8","0","","67","4","2021","3","39.981437","-75.239355","","6","0","0","0","0","0","0","0","0","","0","0","0","","","1","","1","","39 58:53.173","","0","75 14:21.677","3","0","0","0","67301","1","0","0","N","1","0","0","2","67301","0","","1.0","","1","N","N","N","0","","1","0","0","","2","","","2","1","0","0","0","0","0","2","0","1","","","","N","","","","","","","","","",""
"2021064260","","1","0","0","0","0","0","0","0","0","7","0","","67","6","2021","7","40.045295","-75.05109","","6","0","0","0","0","0","0","0","0","","0","0","0","","","1","","1","","40 02:43.063","","0","75 03:03.923","3","0","0","0","67301","0","0","0","N","0","0","0","1","67301","0","","2.0","","1","N","N","N","0","","1","0","0","","0","","","1","1","0","0","0","0","0","2","0","1","","","","N","","","","","","","","","",""
"2021074570","","0","0","0","0","0","0","0","0","0","7","0","","67","8","2021","1","40.037184","-75.012917","","6","0","0","0","0","0","0","0","0","","0","0","0","","","0","N","0","","40 02:13.863","","0","75 00:46.500","0","0","0","0","67301","0","0","0","N","0","0","0","1","68K01","0","","2.0","","9","N","N","N","1","","0","0","0","","0","","","1","0","0","0","0","0","0","2","0","1","","","","N","","","","","","","","","",""
"2021065169","","0","0","0","0","0","0","0","0","0","4","1","","67","6","2021","3","40.005516","-75.105344","","6","0","0","0","0","0","1","0","0","","1","1","0","","","0","","1","","40 00:19.857","6","0","75 06:19.237","1","1","0","1","67301","0","0","0","N","0","0","0","2","67301","0","2","1.0","2300.0","1","N","N","N","0","0","0","0","0","","2","Y","","2","0","0","0","0","0","0","2","0","2","","03","","N","","","","","","","","","",""
"2021035292","","2","0","0","0","0","0","0","0","0","1","0","","67","4","2021","2","39.955612","-75.189821","","6","0","0","0","0","0","0","0","0","","0","0","0","","","1","Y","0","","39 57:20.203","3","0","75 11:23.355","3","0","0","0","67301","0","0","0","N","0","0","0","2","67507","0","","1.0","1830.0","1","N","N","N","0","","1","0","0","","2","N","","2","1","0","0","0","0","0","2","0","2","","03","","N","","","","","","","","","",""
"2021075143","","1","0","0","0","0","0","0","0","0","4","0","","67","8","2021","4","39.973059","-75.193726","","6","0","0","0","0","0","0","0","0","","0","0","0","","","0","N","0","","39 58:23.013","4","0","75 11:37.415","9","0","0","0","67301","0","0","0","N","0","0","0","2","68K01","0","","1.0","1000.0","1","N","N","N","0","","0","0","0","","0","N","","2","0","0","0","0","0","1","2","0","2","","","","N","","","","","","","","","",""
"2021035514","","2","0","0","0","0","0","0","0","0","4","0","","67","4","2021","7","39.965269","-75.153732","","6","0","0","0","0","0","1","0","0","","0","0","0","","","1","","1","","39 57:54.968","","0","75 09:13.435","3","0","0","0","67301","0","0","0","N","0","0","0","2","67301","0","","1.0","","1","N","N","N","0","","1","0","0","","3","","","2","1","0","0","0","0","1","2","0","2","","03","","N","","","","","","","","","",""
"2021064400","","1","0","0","0","0","0","0","0","0","1","0","","67","6","2021","1","40.007196","-75.192339","","6","0","0","0","0","0","0","1","0","","0","0","0","","","2","N","0","","40 00:25.904","1","3","75 11:32.420","3","0","0","0","67301","0","0","0","N","0","0","0","5","67301","0","","1.0","1209.0","1","N","N","N","1","","2","0","0","","0","N","","2","2","0","0","0","0","0","2","0","2","","","","N","","","","","","","","","",""
"2021064412","","3","0","0","0","0","0","0","0","0","4","0","","67","7","2021","6","40.009585","-75.180418","","6","0","0","0","0","0","1","0","0","","0","0","0","","","1","","2","","40 00:34.506","","0","75 10:49.505","3","0","0","0","67301","0","0","0","N","0","0","0","3","67301","0","","1.0","","1","N","N","N","0","","1","0","0","","2","","","3","1","0","0","0","0","0","2","0","3","","","","N","","","","","","","","","",""
"2021045836","","0","0","0","0","0","0","0","0","0","4","0","","67","5","2021","5","39.970556","-75.149879","","6","0","0","0","0","0","0","0","0","","0","0","0","","","0","","1","","39 58:14.003","","0","75 08:59.563","0","0","0","0","67301","0","0","0","N","0","0","0","2","67301","0","","1.0","","1","N","N","N","0","","0","0","1","","2","","","2","0","1","0","0","0","0","2","1","2","","03","","N","","","","","","","","","",""
"2021075654","","1","0","0","0","0","0","0","0","0","5","0","","67","8","2021","4","39.919656","-75.178914","","6","0","0","0","0","0","0","0","0","","0","0","0","","","1","N","0","","39 55:10.760","","0","75 10:44.090","3","0","0","0","67301","0","0","0","N","0","0","0","2","67301","0","","1.0","","1","N","N","N","0","","1","0","1","","3","","","2","1","0","0","0","0","0","2","0","2","","03","","N","","","","","","","","","",""
"2021036230","","0","0","0","0","0","0","0","0","0","8","0","","67","4","2021","3","39.953667","-75.218556","","6","0","0","0","0","0","1","0","0","","0","0","0","","","1","N","0","","39 57:13.200","","0","75 13:06.800","3","0","0","0","67301","1","0","0","N","1","0","0","2","67301","0","","1.0","","1","N","N","N","0","","1","0","1","","0","","","2","1","1","0","0","0","0","2","0","1","","03","","N","","","","","","","","","",""
"2021048045","","0","0","0","0","0","0","0","0","0","0","0","","67","5","2021","5","40.038751","-75.009329","","6","0","0","0","0","0","0","0","0","","0","0","0","","","1","N","0","","40 02:19.504","2","0","75 00:33.584","2","0","1","1","67301","0","0","0","N","0","0","0","1","68K01","0","","1.0","30.0","1","N","N","N","0","","0","1","0","","0","N","","1","1","0","0","0","0","0","2","0","1","","","","N","","","","","","","","","",""
"2021064346","","0","0","0","0","0","0","0","0","0","2","0","","67","6","2021","2","39.99926","-75.135059","","6","0","0","0","0","0","0","0","0","","0","0","0","","","0","N","0","","39 59:57.337","","0","75 08:06.212","0","0","0","0","67301","0","0","0","N","0","0","0","2","67301","0","","1.0","","1","N","N","N","0","","0","0","3","","0","","","3","0","0","0","0","0","0","2","0","3","","03","","N","","","","","","","","","",""
"2021045424","","1","0","0","0","0","0","0","0","0","8","0","","67","5","2021","3","39.929053","-75.220583","","6","0","0","0","0","0","0","0","0","","0","0","0","","","2","","1","","39 55:44.592","","0","75 13:14.099","3","0","0","0","67301","2","0","0","N","2","0","0","3","67301","1","","1.0","","1","N","N","N","0","","1","0","0","","2","","","3","2","0","0","0","0","0","2","0","1","","03","","N","","","","","","","","","",""
"2021046899","","1","0","0","0","0","0","0","0","0","1","0","","67","5","2021","6","39.902865","-75.200141","","6","0","0","0","0","0","0","1","0","","0","0","0","","","2","N","0","","39 54:10.315","3","3","75 12:00.508","4","0","0","0","67301","0","0","0","N","0","0","0","7","67301","2","","1.0","1816.0","1","N","N","N","0","","0","0","2","","0","N","","3","2","1","0","0","0","0","2","0","3","","03","","N","","","","","","","","","",""
"2021065739","","0","0","0","0","0","0","0","0","0","5","0","","67","6","2021","6","39.973802","-75.118883","","6","0","0","0","0","0","0","0","0","","0","0","0","","","2","N","0","","39 58:25.686","1","0","75 07:07.978","3","0","0","0","67301","0","0","0","N","0","0","0","3","68K01","0","","1.0","948.0","1","N","N","N","1","","1","0","0","","0","Y","","2","2","0","0","0","1","0","2","0","2","","","","N","","","","","","","","","",""
"2021035609","","1","0","0","0","0","0","0","0","0","4","0","","67","4","2021","2","39.989174","-75.142187","","6","0","0","0","0","0","0","0","0","","0","0","0","","","0","","1","","39 59:21.026","","0","75 08:31.873","0","0","0","0","67301","0","0","0","N","0","0","0","3","67301","0","","1.0","","1","N","N","N","1","","0","0","1","","3","","","3","0","0","0","0","0","0","2","0","3","","03","","N","","","","","","","","","",""
"2021035731","","2","0","0","0","0","0","0","0","0","4","0","","67","4","2021","7","39.965702","-75.197843","","6","0","0","0","0","0","0","0","0","","0","0","0","","","0","","1","","39 57:56.527","","0","75 11:52.234","0","0","0","0","67301","0","0","0","N","0","0","0","2","67301","0","","1.0","","1","N","N","N","0","","0","0","0","","3","","","2","0","1","0","0","0","0","2","0","2","","03","","N","","","","","","","","","",""
"2021046180","","0","0","0","1","0","0","0","0","0","8","0","","67","5","2021","4","40.005072","-75.182606","","6","0","0","0","0","0","0","0","0","","0","0","0","","","1","","1","","40 00:18.260","","0","75 10:57.380","3","0","0","0","67301","1","0","0","N","0","0","0","2","67301","0","","1.0","","1","N","N","N","0","","1","0","1","","0","","","2","1","0","0","0","0","0","2","0","1","","03","","N","","","","","","","","","",""
"2021074578","","4","0","0","0","0","0","0","0","0","1","0","","67","8","2021","2","39.95833","-75.165451","","6","0","0","0","0","0","1","3","0","","0","0","0","","","1","N","0","","39 57:29.987","4","0","75 09:55.623","8","0","0","0","67301","0","0","0","N","0","0","0","5","68K01","0","","1.0","20.0","1","N","N","N","0","","0","0","0","","0","Y","","4","1","0","0","0","1","0","2","0","4","","03","","N","","","","","","","","","",""
"2021036572","","1","0","0","0","0","0","0","0","0","1","0","","67","4","2021","5","40.09173","-75.018","","6","0","0","0","0","0","0","1","0","","0","0","0","","","1","N","0","","40 05:30.227","1","0","75 01:04.801","8","0","0","0","67301","0","0","0","N","0","0","0","3","67301","0","","1.0","1640.0","1","N","N","N","0","","0","0","1","","0","N","","2","1","0","0","0","1","1","2","0","2","","","","N","","","","","","","","","",""
"2021035579","","2","0","0","0","0","0","0","0","0","4","0","","67","4","2021","7","39.956473","-75.221535","","6","0","0","0","0","0","0","0","0","","0","0","0","","","0","","1","","39 57:23.301","","0","75 13:17.525","0","0","0","0","67301","0","0","0","N","0","0","0","4","67301","0","","1.0","","1","N","N","N","0","","0","0","0","","2","","","2","0","0","0","0","0","0","2","0","2","","03","","N","","","","","","","","","",""
"2021036333","","2","0","0","0","0","0","0","0","0","1","0","","67","4","2021","4","39.906538","-75.193837","","6","0","0","0","0","0","0","0","0","","0","0","0","","","1","N","0","","39 54:23.537","","0","75 11:37.812","8","0","0","0","67301","0","0","0","N","0","0","0","2","67301","0","","1.0","","9","N","N","N","0","","0","0","0","","0","","","2","1","0","0","0","1","0","2","0","2","","04","","N","","","","","","","","","",""
"2021036072","","0","0","0","0","0","0","0","0","0","8","0","","67","4","2021","2","39.994556","-75.17275","","6","0","0","0","0","0","1","0","0","","0","0","0","","","1","N","0","","39 59:40.400","","0","75 10:21.900","4","0","0","0","67301","1","0","0","N","1","0","0","2","67301","1","","1.0","","1","N","N","N","0","","0","0","0","","0","","","2","1","0","0","0","0","0","2","1","1","","98","","N","","","","","","","","","",""
"2021065443","","1","0","0","0","0","0","0","0","0","1","0","","67","7","2021","1","39.958182","-75.164283","","6","0","0","0","0","0","0","0","0","","0","0","0","","","1","N","0","","39 57:29.456","4","1","75 09:51.419","4","0","0","0","67301","0","0","0","N","0","0","0","3","68K01","1","","1.0","20.0","1","N","N","N","0","","0","0","1","","0","N","","2","1","0","0","0","0","0","2","0","2","","","","N","","","","","","","","","",""
"2021050836","","1","0","0","0","0","0","0","0","0","4","0","","67","5","2021","4","39.991448","-75.122507","","6","0","0","0","0","0","0","0","0","","0","0","0","","","0","","5","","39 59:29.212","","1","75 07:21.025","0","0","0","0","67301","0","0","0","N","0","0","0","2","67301","0","","1.0","","1","N","N","N","0","","0","0","1","","2","","","2","0","0","0","0","0","0","2","0","2","","03","","N","","","","","","","","","",""
"2021039005","","1","0","0","0","0","0","0","0","0","7","0","","67","4","2021","7","40.023306","-75.033472","","6","0","0","0","0","0","0","0","0","","0","0","0","","","2","","7","","40 01:23.900","","2","75 02:00.500","3","0","0","0","67301","0","0","0","N","0","0","0","2","68K01","1","","4.0","","1","N","N","N","0","","1","0","0","","0","","","1","2","0","0","0","0","0","2","0","1","","","","N","","","","","","","","","",""
"2021075144","","1","0","0","0","0","0","0","0","0","4","0","","67","8","2021","4","39.973062","-75.193727","","6","0","0","0","0","0","0","0","0","","0","0","0","","","0","N","0","","39 58:23.023","","0","75 11:37.418","9","0","0","0","67301","0","0","0","N","0","0","0","2","68K01","0","","1.0","","1","N","N","N","0","","0","0","0","","0","","","2","0","0","0","0","0","1","2","0","2","","","","N","","","","","","","","","",""
"2021046916","","0","0","0","0","0","0","0","0","0","4","0","","67","5","2021","6","39.964407","-75.176261","","6","0","0","0","0","0","1","0","0","","0","0","0","","","0","","5","","39 57:51.864","","0","75 10:34.539","0","0","0","0","67301","0","0","0","N","0","0","0","3","67301","0","","1.0","","1","N","N","N","0","","0","0","2","","2","","","2","0","0","0","0","0","0","2","0","2","","03","","N","","","","","","","","","",""
"2021035529","","1","0","0","0","0","0","0","0","0","4","0","","67","4","2021","7","40.080806","-75.028554","","6","0","0","0","0","0","1","0","0","","0","0","0","","","1","","1","","40 04:50.903","1","0","75 01:42.794","3","0","0","0","67301","0","0","0","N","0","0","0","3","67301","0","","1.0","1430.0","1","N","N","N","0","","1","0","1","","2","Y","","2","1","0","0","0","0","0","2","0","2","","","","N","","","","","","","","","",""
"2021038483","","1","0","0","0","0","0","0","0","0","1","0","","67","4","2021","4","40.001431","-75.114975","","6","0","0","0","0","0","1","0","0","","0","0","0","","","0","N","0","","40 00:05.150","","0","75 06:53.910","9","0","0","0","67301","0","0","0","N","0","0","0","3","67301","0","","1.0","","1","N","N","N","0","","0","0","1","","0","","","4","0","1","0","0","0","1","2","2","4","","07","","N","","","","","","","","","",""
"2021064261","","2","0","0","0","0","0","0","0","0","4","0","","67","6","2021","1","40.018922","-75.049504","","6","0","0","0","1","0","0","0","0","","0","0","0","","","2","","1","","40 01:08.120","","0","75 02:58.216","3","0","0","0","67301","0","0","0","N","0","0","0","2","67301","0","","9.0","","1","N","N","N","0","","2","0","0","","0","","","2","2","0","0","0","0","0","2","0","2","","03","","N","","","","","","","","","",""
"2021073707","","0","0","0","0","0","0","0","0","0","1","0","","67","8","2021","4","39.998426","-75.081003","","6","0","0","0","0","0","0","0","0","","0","0","0","","","0","N","0","","39 59:54.333","1","0","75 04:51.610","9","0","0","0","67301","0","0","0","N","0","0","0","2","68K01","0","","4.0","2128.0","1","N","N","N","0","","0","0","1","","0","N","","2","0","0","0","0","0","1","2","0","2","","","","N","","","","","","","","","",""
"2021064266","","0","0","0","0","0","0","0","0","0","2","0","","67","6","2021","2","40.018836","-75.102675","","6","0","0","0","0","0","0","1","0","","0","0","0","","","1","N","0","","40 01:07.810","","0","75 06:09.630","3","0","0","0","67301","0","0","0","N","0","0","0","2","67301","0","","1.0","","1","N","N","N","0","","1","0","2","","0","","","2","1","0","0","0","0","0","2","0","2","","03","","N","","","","","","","","","",""
"2021035562","","1","0","0","0","0","0","0","0","0","4","0","","67","4","2021","7","40.028574","-75.079065","","6","0","0","0","0","0","0","0","0","","0","0","0","","","1","","1","","40 01:42.866","3","0","75 04:44.633","3","0","0","0","67301","0","0","0","N","0","0","0","2","67301","0","","1.0","145.0","1","N","N","N","0","","1","0","0","","3","N","","2","1","0","0","0","0","1","2","0","2","","","","N","","","","","","","","","",""
"2021049746","","1","0","0","0","0","0","0","0","0","4","0","","67","5","2021","6","40.038056","-75.038167","","6","0","0","1","0","0","0","0","0","","0","0","0","","","1","N","0","","40 02:17.000","","0","75 02:17.400","3","0","0","1","67301","0","0","0","N","0","0","0","2","67301","0","","1.0","","1","N","N","N","0","","1","0","0","","0","","","2","1","0","0","0","0","0","2","0","2","","03","","N","","","","","","","","","",""
"2021064324","","1","0","0","0","0","0","0","0","0","2","0","","67","7","2021","5","39.980851","-75.162378","","6","0","0","0","0","0","0","0","0","","0","0","0","","","0","","2","","39 58:51.063","","0","75 09:44.559","0","0","0","0","67301","0","0","0","N","0","0","0","2","67301","0","","1.0","","1","N","N","N","1","","0","0","0","","2","","","2","0","0","0","0","0","0","2","0","2","","03","","N","","","","","","","","","",""
"2021064596","","1","0","0","0","0","0","0","0","0","5","0","","67","7","2021","7","39.966206","-75.186989","","6","0","0","0","0","0","0","0","0","","0","0","0","","","2","N","0","","39 57:58.343","3","0","75 11:13.160","4","0","0","0","67301","0","0","0","N","0","0","0","3","68K01","2","","1.0","145.0","1","N","N","N","0","","0","0","0","","0","N","","2","2","0","0","0","0","1","2","0","2","","","","N","","","","","","","","","",""
"2021046142","","1","0","0","0","0","0","0","0","0","5","0","","67","5","2021","5","39.913611","-75.227028","","6","0","0","0","0","0","0","0","0","","0","0","0","","","1","N","0","","39 54:49.000","","0","75 13:37.300","3","0","0","0","67301","0","0","0","N","0","0","0","2","67301","0","","1.0","","1","N","N","N","0","","1","0","1","","0","","","2","1","0","0","0","0","0","2","0","2","","03","","N","","","","","","","","","",""
"2021045585","","1","0","0","0","0","0","0","0","0","4","0","","67","5","2021","4","40.058218","-75.140486","","6","0","0","0","0","0","0","0","0","","0","0","0","","","1","","1","","40 03:29.584","","0","75 08:25.749","8","0","0","0","67301","0","0","0","N","0","0","0","2","67301","0","","1.0","","99","N","N","N","1","","0","0","0","","2","","","2","1","2","0","0","1","1","2","0","2","","","","N","","","","","","","","","",""
"2021038593","","0","0","0","0","0","0","0","0","0","5","1","","67","4","2021","6","39.917299","-75.213755","","6","0","0","0","0","0","0","0","0","","0","1","0","","","1","N","0","","39 55:02.276","","0","75 12:49.518","3","0","0","1","67301","0","0","0","N","0","0","0","2","67301","0","","1.0","","1","N","N","N","0","","1","0","0","","0","","","2","1","0","0","0","0","0","2","0","2","","","","N","","","","","","","","","",""
"2021064362","","1","0","0","0","0","0","0","0","0","4","0","","67","5","2021","6","40.026711","-75.117288","","6","0","0","0","0","0","0","0","1","","1","0","0","","","2","N","1","","40 01:36.158","7","0","75 07:02.238","1","0","0","0","67301","0","0","0","N","0","0","0","3","67301","0","2","1.0","645.0","1","N","N","N","1","0","1","1","0","","2","Y","","2","2","0","0","0","0","0","2","0","2","","03","","N","","","","","","","","","",""
"2021075412","","2","0","0","0","0","0","0","0","0","2","0","","67","8","2021","5","40.061292","-75.172057","","6","0","0","0","0","0","1","0","0","","0","0","0","","","0","","2","","40 03:40.652","","0","75 10:19.404","0","0","0","0","67301","0","0","0","N","0","0","0","3","67301","0","","1.0","","1","N","N","N","0","","0","0","0","","3","","","2","0","0","0","0","0","0","2","0","2","","03","","N","","","","","","","","","",""
"2021036672","","2","0","0","0","0","0","0","0","0","4","0","","67","4","2021","6","40.030538","-75.166014","","6","0","0","0","0","0","0","0","0","","0","0","0","","","2","N","0","","40 01:49.937","5","0","75 09:57.649","3","0","0","0","67301","0","0","0","N","0","0","0","3","67301","0","","1.0","207.0","1","N","N","Y","0","","2","0","1","","0","Y","","4","2","0","0","0","0","0","2","1","4","","03","","N","","","","","","","","","",""
"2021075376","","1","0","0","0","0","0","0","0","0","4","0","","67","8","2021","4","39.973234","-75.212225","","6","0","0","0","0","0","0","0","0","","0","0","0","","","0","","1","","39 58:23.644","","0","75 12:44.010","0","0","0","0","67301","0","0","0","N","0","0","0","3","67301","0","","1.0","","1","N","N","N","0","","0","0","1","","2","","","2","0","0","0","0","0","0","2","0","2","","","","N","","","","","","","","","",""
"2021075099","","1","0","0","0","0","0","0","0","0","4","0","","67","8","2021","3","40.029375","-75.212658","","6","0","0","0","0","0","0","0","0","","0","0","0","","","1","N","0","","40 01:45.750","","0","75 12:45.570","4","0","0","0","67301","0","0","0","N","0","0","0","3","67301","1","","1.0","","1","N","N","N","0","","0","0","1","","0","","","2","1","0","0","0","0","1","2","0","2","","03","","N","","","","","","","","","",""
"2021036661","","1","0","0","0","0","0","0","0","0","4","0","","67","4","2021","3","39.91798","-75.217984","","6","0","0","0","0","0","1","0","0","","0","0","0","","","1","N","0","","39 55:04.727","","0","75 13:04.743","3","0","0","0","67301","0","0","0","N","0","0","0","3","67301","0","","1.0","","1","N","N","N","0","","1","0","0","","0","","","2","1","0","0","0","0","0","2","1","2","","03","","N","","","","","","","","","",""
"2021045586","","0","0","0","0","0","0","0","0","0","8","0","","67","5","2021","3","40.027075","-75.123464","","6","0","0","0","0","0","0","0","0","","0","0","0","","","1","N","0","","40 01:37.470","","0","75 07:24.470","3","0","0","0","67301","1","0","0","N","1","0","0","2","67301","0","","1.0","","1","N","N","N","1","","1","0","0","","0","","","2","1","0","0","0","0","0","2","0","1","","03","","N","","","","","","","","","",""
"2021035729","","1","0","0","1","0","0","0","0","0","8","0","","67","4","2021","1","40.067108","-75.007685","","6","0","0","0","0","0","0","0","0","","0","0","0","","","1","","2","","40 04:01.588","","0","75 00:27.666","3","0","0","0","67301","1","0","0","N","0","0","0","2","67301","0","","1.0","","1","N","N","N","0","","1","0","0","","0","","","2","1","0","0","0","0","0","2","0","1","","03","","N","","","","","","","","","",""
"2021035522","","0","0","0","0","0","0","0","0","0","5","0","","67","4","2021","7","40.062522","-75.042874","","6","0","0","0","0","0","1","0","0","","0","0","0","","","2","","1","","40 03:45.079","2","0","75 02:34.348","8","0","0","2","67301","0","0","0","N","0","0","0","3","67301","0","","1.0","1440.0","1","N","N","N","0","","0","0","0","","2","N","","2","2","0","0","0","2","0","2","0","2","","","","N","","","","","","","","","",""
"2021036336","","1","0","0","0","0","0","0","0","0","1","0","","67","4","2021","5","39.986392","-75.15612","","6","0","0","0","0","0","0","0","0","","0","0","0","","","1","N","0","","39 59:11.011","1","0","75 09:22.033","8","0","0","0","67301","0","0","0","N","0","0","0","2","67301","0","","1.0","206.0","1","N","N","N","1","","0","0","0","","0","Y","","2","1","0","0","0","1","0","2","0","2","","03","","N","","","","","","","","","",""