"CRN","ARRIVAL_TM","AUTOMOBILE_COUNT","BELTED_DEATH_COUNT","BELTED_SUSP_SERIOUS_INJ_COUNT","BICYCLE_COUNT","BICYCLE_DEATH_COUNT","BICYCLE_SUSP_SERIOUS_INJ_COUNT","BUS_COUNT","CHLDPAS_DEATH_COUNT","CHLDPAS_SUSP_SERIOUS_INJ_COUNT","COLLISION_TYPE","COMM_VEH_COUNT","CONS_ZONE_SPD_LIM","COUNTY","CRASH_MONTH","CRASH_YEAR","DAY_OF_WEEK","DEC_LATITUDE","DEC_LONGITUDE","DISPATCH_TM","DISTRICT","DRIVER_COUNT_16YR","DRIVER_COUNT_17YR","DRIVER_COUNT_18YR","DRIVER_COUNT_19YR","DRIVER_COUNT_20YR","DRIVER_COUNT_50_64YR","DRIVER_COUNT_65_74YR","DRIVER_COUNT_75PLUS","EST_HRS_CLOSED","FATAL_COUNT","HEAVY_TRUCK_COUNT","HORSE_BUGGY_COUNT","HOUR_OF_DAY","ILLUMINATION","INJURY_COUNT","INTERSECTION_RELATED","INTERSECT_TYPE","LANE_CLOSED","LATITUDE","LN_CLOSE_DIR","LOCATION_TYPE","LONGITUDE","MAX_SEVERITY_LEVEL","MCYCLE_DEATH_COUNT","MCYCLE_SUSP_SERIOUS_INJ_COUNT","MOTORCYCLE_COUNT","MUNICIPALITY","NONMOTR_COUNT","NONMOTR_DEATH_COUNT","NONMOTR_SUSP_SERIOUS_INJ_COUNT","NTFY_HIWY_MAINT","PED_COUNT","PED_DEATH_COUNT","PED_SUSP_SERIOUS_INJ_COUNT","PERSON_COUNT","POLICE_AGCY","POSSIBLE_INJ_COUNT","RDWY_SURF_TYPE_CD","RELATION_TO_ROAD","ROADWAY_CLEARED","ROAD_CONDITION","SCH_BUS_IND","SCH_ZONE_IND","SECONDARY_CRASH","SMALL_TRUCK_COUNT","SPEC_JURIS_CD","SUSP_MINOR_INJ_COUNT","SUSP_SERIOUS_INJ_COUNT","SUV_COUNT","TCD_FUNC_CD","TCD_TYPE","TFC_DETOUR_IND","TIME_OF_DAY","TOTAL_UNITS","TOT_INJ_COUNT","UNBELTED_OCC_COUNT","UNB_DEATH_COUNT","UNB_SUSP_SERIOUS_INJ_COUNT","UNK_INJ_DEG_COUNT","UNK_INJ_PER_COUNT","URBAN_RURAL","VAN_COUNT","VEHICLE_COUNT","WEATHER1","WEATHER2","WORKERS_PRES","WORK_ZONE_IND","WORK_ZONE_LOC","WORK_ZONE_TYPE","WZ_CLOSE_DETOUR","WZ_FLAGGER","WZ_LAW_OFFCR_IND","WZ_LN_CLOSURE","WZ_MOVING","WZ_OTHER","WZ_SHLDER_MDN","WZ_WORKERS_INJ_KILLED"
"2021064250","","1","0","0","0","0","0","0","0","0","7","0","","67","7","2021","6","40.071091","-75.185586","","6","0","0","0","0","0","0","0","0","","0","0","0","","","0","N","0","","40 04:15.928","5","0","75 11:08.109","0","0","0","0","67301","0","0","0","N","0","0","0","1","67301","0","","5.0","1100.0","1","N","N","N","0","","0","0","0","","0","Y","","1","0","0","0","0","0","0","2","0","1","","03","","N","","","","","","","","","",""
"2021042614","","1","0","0","0","0","0","0","0","0","1","0","","67","5","2021","7","39.983752","-75.188134","","6","0","0","0","0","0","0","0","1","","0","0","0","","","1","Y","0","","39 59:01.506","","0","75 11:17.281","8","0","0","0","67301","0","0","0","N","0","0","0","2","67301","0","","1.0","","1","N","N","N","0","","0","0","1","","2","","","2","1","1","0","0","1","0","2","0","2","","03","","N","","","","","","","","","",""
"2021075600","","2","0","0","0","0","0","0","0","0","1","0","","67","8","2021","7","39.936785","-75.19929","","6","0","0","0","0","0","1","0","0","","0","0","0","","","0","N","0","","39 56:12.426","","0","75 11:57.443","0","0","0","0","67301","0","0","0","N","0","0","0","5","68K01","0","","1.0","","9","N","N","N","0","","0","0","1","","0","","","3","0","0","0","0","0","0","2","0","3","","","","N","","","","","","","","","",""
"2021070320","","0","0","0","0","0","0","0","0","0","4","1","","67","7","2021","3","39.927647","-75.175555","","6","0","0","0","0","0","0","0","0","","0","1","0","","","0","","1","","39 55:39.529","","0","75 10:31.998","0","0","0","0","67301","0","0","0","N","0","0","0","1","67301","0","","1.0","","1","N","N","N","1","","0","0","0","","3","","","2","0","0","0","0","0","0","2","0","2","","03","","N","","","","","","","","","",""
"2021045934","","2","0","0","0","0","0","0","0","0","4","0","","67","5","2021","5","39.978693","-75.157938","","6","0","0","0","0","0","0","0","0","","0","0","0","","","0","","1","","39 58:43.293","5","0","75 09:28.577","0","0","0","0","67301","0","0","0","N","0","0","0","3","67505","0","","1.0","2118.0","1","N","N","N","0","","0","0","0","","2","N","","2","0","0","0","0","0","0","2","0","2","","","","N","","","","","","","","","",""
"2021064325","","0","0","0","0","0","0","0","0","0","8","0","","67","7","2021","6","39.982806","-75.177753","","6","0","0","0","0","0","0","0","0","","0","0","0","","","1","N","0","","39 58:58.100","","0","75 10:39.910","3","0","0","0","67301","1","0","0","N","1","0","0","2","67301","0","","1.0","","9","N","N","N","0","","1","0","0","","0","","","2","1","0","0","0","0","1","2","0","1","","07","","N","","","","","","","","","",""
"2021039645","","0","0","0","1","0","0","0","0","0","8","0","","67","5","2021","1","39.913365","-75.165093","","6","0","0","0","0","0","0","0","0","","0","0","0","","","1","","1","","39 54:48.114","","0","75 09:54.334","3","0","0","0","67301","1","0","0","N","0","0","0","2","67301","0","","1.0","","1","N","N","N","0","","1","0","1","","2","","","2","1","1","0","0","0","0","2","0","1","","03","","N","","","","","","","","","",""
"2021070387","","1","0","0","0","0","0","0","0","0","4","0","","67","7","2021","2","40.068807","-75.006611","","6","0","0","0","1","0","0","1","0","","0","0","0","","","1","N","0","","40 04:07.706","3","7","75 00:23.801","3","0","0","0","67301","0","0","0","N","0","0","0","2","67301","0","","1.0","30.0","1","N","N","N","1","","1","0","0","","0","Y","","2","1","0","0","0","0","1","2","0","2","","03","","N","","","","","","","","","",""
"2021045826","","2","0","0","0","0","0","0","0","0","5","0","","67","5","2021","3","39.979731","-75.175947","","6","0","0","0","0","0","0","0","0","","0","0","0","","","0","N","0","","39 58:47.030","","0","75 10:33.410","0","0","0","0","67301","0","0","0","N","0","0","0","1","67301","0","","6.0","","1","N","N","N","0","","0","0","0","","0","","","2","0","0","0","0","0","0","2","0","2","","03","","N","","","","","","","","","",""
"2021075164","","1","0","0","0","0","0","0","0","0","1","0","","67","8","2021","4","39.958645","-75.169001","","6","0","0","0","0","0","0","0","0","","0","0","0","","","0","N","0","","39 57:31.122","3","0","75 10:08.403","0","0","0","0","67301","0","0","0","N","0","0","0","3","68K01","0","","1.0","800.0","1","N","N","N","0","","0","0","2","","0","N","","3","0","0","0","0","0","0","2","0","3","","","","N","","","","","","","","","",""
"2021041253","","1","0","0","0","0","0","0","0","0","1","0","","67","5","2021","5","39.976753","-75.113996","","6","0","0","0","0","0","1","0","0","","0","0","0","","","0","N","0","","39 58:36.309","2","3","75 06:50.384","0","0","0","0","67301","0","0","0","N","0","0","0","2","68K01","0","","1.0","1840.0","1","N","N","N","0","","0","0","1","","0","N","","2","0","0","0","0","0","0","2","0","2","","03","","N","","","","","","","","","",""
"2021034416","","1","0","0","0","0","0","0","0","0","5","0","35","67","4","2021","5","39.9115","-75.1665","","6","0","0","0","0","0","1","1","0","","0","0","0","","","1","","6","","39 54:41.400","3","8","75 09:59.400","8","0","0","0","67301","0","0","0","N","0","0","0","2","67501","0","","1.0","2354.0","1","N","N","N","0","","0","0","1","","3","N","","2","1","0","0","0","1","0","2","0","2","","03","N","Y","4","1","","","N","Y","","","Y","N"
"2021039648","","2","0","0","0","0","0","0","0","0","4","0","","67","5","2021","1","39.951446","-75.234844","","6","0","0","0","0","0","0","0","0","","0","0","0","","","0","","1","","39 57:05.205","","0","75 14:05.438","0","0","0","0","67301","0","0","0","N","0","0","0","2","67301","0","","1.0","","1","N","N","N","0","","0","0","0","","2","","","2","0","0","0","0","0","0","2","0","2","","03","","N","","","","","","","","","",""
"2021034468","","1","0","0","0","0","0","0","0","0","5","0","","67","4","2021","5","39.983972","-75.151083","","6","0","0","0","0","0","0","0","0","","0","0","0","","","0","N","0","","39 59:02.300","","0","75 09:03.900","0","0","0","0","67301","0","0","0","N","0","0","0","2","67505","0","","6.0","","1","N","N","N","0","","0","0","2","","0","","","3","0","0","0","0","0","0","2","0","3","","","","N","","","","","","","","","",""
"2021045300","","1","0","0","0","0","0","0","0","0","1","0","","67","5","2021","4","39.955569","-75.189487","","6","0","0","0","0","0","1","1","0","","0","0","0","","","1","","1","","39 57:20.049","","0","75 11:22.152","3","0","0","0","67301","0","0","0","N","0","0","0","4","67507","0","","1.0","","1","N","N","N","0","","1","0","2","","2","","","3","1","1","0","0","0","0","2","0","3","","03","","N","","","","","","","","","",""
"2021041583","","1","0","0","0","0","0","0","0","0","4","0","","67","4","2021","7","39.993952","-75.149091","","6","0","0","0","1","0","0","0","0","","0","0","0","","","1","","1","","39 59:38.227","","0","75 08:56.727","3","0","0","0","67301","0","0","0","N","0","0","0","2","67301","0","","1.0","","1","N","N","N","0","","1","0","1","","3","","","2","1","0","0","0","0","0","2","0","2","","","","N","","","","","","","","","",""
"2021065967","","0","0","0","0","0","0","0","0","0","4","0","","67","7","2021","6","39.981953","-75.101399","","6","0","0","0","0","0","0","0","0","","0","0","0","","","0","N","0","","39 58:55.032","","0","75 06:05.038","9","0","0","0","67301","0","0","0","N","0","0","0","2","68K01","0","","1.0","","1","N","N","N","1","","0","0","0","","0","","","2","0","0","0","0","0","1","2","0","2","","","","N","","","","","","","","","",""
"2021035560","","2","0","0","0","0","0","0","0","0","1","0","","67","4","2021","6","40.02389","-75.110596","","6","0","0","0","0","0","1","0","0","","0","0","0","","","0","N","0","","40 01:26.003","","0","75 06:38.145","9","0","0","0","67301","0","0","0","N","0","0","0","2","67301","0","","6.0","","1","N","N","N","0","","0","0","1","","0","","","3","0","0","0","0","0","2","2","0","3","","03","","N","","","","","","","","","",""
"2021070369","","2","0","0","0","0","0","0","0","0","5","0","","67","7","2021","1","40.020553","-75.211286","","6","0","0","0","0","0","0","0","0","","0","0","0","","","1","N","0","","40 01:13.990","5","0","75 12:40.630","3","0","0","0","67301","0","0","0","N","0","0","0","1","67301","0","","6.0","2102.0","1","N","N","N","0","","1","0","0","","0","Y","","2","1","0","0","0","0","0","2","0","2","","03","","N","","","","","","","","","",""
"2021036784","","1","0","0","0","0","0","0","0","0","4","0","","67","4","2021","3","40.025974","-75.041765","","6","0","0","0","0","0","0","0","0","","0","0","0","","","1","","1","","40 01:33.506","","0","75 02:30.353","3","0","0","0","67301","0","0","0","N","0","0","0","3","67301","0","","1.0","","1","N","N","N","0","","1","0","1","","3","","","2","1","0","0","0","0","0","2","0","2","","98","","N","","","","","","","","","",""
"2021069828","","1","0","0","0","0","0","0","0","0","2","0","","67","7","2021","6","40.076544","-75.174154","","6","0","0","0","0","0","0","0","0","","0","0","0","","","0","","1","","40 04:35.558","","0","75 10:26.954","9","0","0","0","67301","0","0","0","N","0","0","0","2","67301","0","","1.0","","1","N","N","N","0","","0","0","1","","3","","","2","0","0","0","0","0","1","2","0","2","","03","","N","","","","","","","","","",""
"2021040155","","1","0","0","0","0","0","0","0","0","4","0","","67","5","2021","7","39.918225","-75.208762","","6","0","0","0","0","0","0","0","0","","0","0","0","","","3","","2","","39 55:05.610","","0","75 12:31.544","3","0","0","0","67301","0","0","0","N","0","0","0","3","67301","0","","1.0","","1","N","N","N","0","","3","0","1","","2","","","2","3","0","0","0","0","0","2","0","2","","03","","N","","","","","","","","","",""
"2021075613","","1","0","0","0","0","0","0","0","0","1","1","","67","8","2021","5","40.00355","-75.195214","","6","0","0","0","0","0","1","0","0","","0","0","0","","","1","N","6","","40 00:12.779","3","2","75 11:42.771","8","0","0","0","67301","0","0","0","N","0","0","0","2","68K01","0","","1.0","15.0","1","N","N","N","1","","0","0","0","","0","Y","","2","1","0","0","0","1","0","2","0","2","","03","","N","","","","","","","","","",""
"2021064168","","1","0","0","0","0","0","0","0","0","4","0","","67","7","2021","5","39.905757","-75.193824","","6","0","0","0","0","0","0","0","0","","0","0","0","","","1","","1","","39 54:20.725","3","0","75 11:37.765","4","0","0","0","67301","0","0","0","N","0","0","0","7","67301","1","","1.0","30.0","9","N","N","N","0","","0","0","1","","2","Y","","2","1","0","0","0","0","0","2","0","2","","","","N","","","","","","","","","",""
"2021047707","","0","0","0","0","0","0","0","0","0","8","0","","67","5","2021","3","39.948693","-75.227223","","6","0","0","0","0","0","0","0","0","","0","0","0","","","1","N","0","","39 56:55.295","","0","75 13:38.002","2","0","0","0","67301","1","0","1","N","1","0","1","3","67301","0","","1.0","","1","N","N","N","0","","0","1","0","","0","","","3","1","0","0","0","0","2","2","0","2","","03","","N","","","","","","","","","",""
"2021035602","","1","0","0","0","0","0","0","0","0","4","0","","67","4","2021","7","40.000473","-75.119614","","6","0","0","0","0","0","1","0","0","","0","0","0","","","1","","1","","40 00:01.702","","0","75 07:10.610","3","0","0","0","67301","0","0","0","N","0","0","0","3","67301","0","","1.0","","1","N","N","N","0","","1","0","1","","3","","","2","1","0","0","0","0","0","2","0","2","","03","","N","","","","","","","","","",""
"2021040445","","0","0","0","0","0","0","0","0","0","8","0","","67","5","2021","3","40.043228","-75.182364","","6","0","0","0","0","0","0","0","0","","0","0","0","","","1","N","0","","40 02:35.620","","0","75 10:56.510","3","0","0","0","67301","1","0","0","N","1","0","0","2","67301","0","","1.0","","1","N","N","N","0","","1","0","1","","0","","","2","1","0","0","0","0","0","2","0","1","","03","","N","","","","","","","","","",""
"2021074703","","1","0","0","0","0","0","0","0","0","4","0","","67","8","2021","1","40.049152","-75.145824","","6","0","0","0","0","0","0","0","1","","0","0","0","","","0","","2","","40 02:56.947","","0","75 08:44.966","9","0","0","0","67301","0","0","0","N","0","0","0","2","67301","0","","1.0","","99","N","N","N","0","","0","0","1","","0","U","","2","0","0","0","0","0","1","2","0","2","","98","","N","","","","","","","","","",""
"2021035900","","2","0","0","0","0","0","0","0","0","2","0","","67","4","2021","7","40.034179","-75.04415","","6","0","0","0","0","0","0","0","0","","0","0","0","","","0","N","0","","40 02:03.043","3","0","75 02:38.940","9","0","0","0","67301","0","0","0","N","0","0","0","1","67301","0","","6.0","100.0","1","N","N","N","0","","0","0","0","","0","N","","3","0","0","0","0","0","1","2","1","3","","03","","N","","","","","","","","","",""
"2021038459","","2","0","0","0","0","0","0","0","0","4","0","","67","4","2021","6","39.967436","-75.179588","","6","1","0","0","0","0","0","0","0","","0","0","0","","","0","","1","","39 58:02.768","3","0","75 10:46.516","0","0","0","0","67301","0","0","0","N","0","0","0","6","67301","0","","1.0","2145.0","1","N","N","N","0","","0","0","0","","2","Y","","2","0","6","0","0","0","0","2","0","2","","","","N","","","","","","","","","",""
"2021070571","","2","0","0","0","0","0","0","0","0","1","0","","67","7","2021","3","39.949311","-75.18446","","6","0","0","0","0","0","0","0","0","","0","0","0","","","0","N","0","","39 56:57.519","","0","75 11:04.056","0","0","0","0","67301","0","0","0","N","0","0","0","2","68K01","0","","1.0","","1","N","N","N","0","","0","0","0","","0","","","2","0","0","0","0","0","0","2","0","2","","","","N","","","","","","","","","",""
"2021039934","","1","0","0","0","0","0","0","0","0","8","0","","67","5","2021","2","39.9552","-75.225869","","6","0","0","0","0","0","0","0","0","","0","0","0","","","1","","1","","39 57:18.720","","0","75 13:33.128","8","0","0","0","67301","1","0","0","N","1","0","0","2","67301","0","","1.0","","1","N","N","N","0","","0","0","0","","3","","","2","1","0","0","0","1","0","2","0","1","","","","N","","","","","","","","","",""
"2021075353","","2","0","0","0","0","0","0","0","0","1","0","","67","8","2021","1","40.027984","-75.110231","","6","0","0","0","0","0","1","0","0","","0","0","0","","","2","N","0","","40 01:40.744","","0","75 06:36.833","3","0","0","0","67301","0","0","0","N","0","0","0","2","67301","0","","1.0","","1","N","N","N","0","","2","0","0","","0","U","","2","2","0","0","0","0","0","2","0","2","","","","N","","","","","","","","","",""
"2021045331","","1","0","0","0","0","0","0","0","0","1","0","","67","5","2021","7","40.004945","-75.195205","","6","0","0","0","0","0","0","0","0","","0","0","0","","","1","N","0","","40 00:17.803","4","0","75 11:42.738","8","0","0","0","67301","0","0","0","N","0","0","0","2","68K01","0","","1.0","700.0","1","N","N","N","0","","0","0","1","","0","N","","2","1","0","0","0","1","0","2","0","2","","","","N","","","","","","","","","",""
"2021065774","","1","0","1","0","0","0","0","0","0","1","2","","67","7","2021","3","39.935103","-75.144738","","6","0","0","0","0","0","2","0","0","","0","2","0","","","4","N","0","","39 56:06.370","1","0","75 08:41.058","2","0","0","0","67301","0","0","0","N","0","0","0","6","68K01","0","","1.0","1415.0","1","N","N","N","0","","3","1","0","","0","N","","3","4","0","0","0","0","0","2","0","3","","","","N","","","","","","","","","",""
"2021035853","","2","0","0","0","0","0","0","0","0","1","0","45","67","4","2021","2","40.010387","-75.06326","","6","0","0","0","0","0","0","0","0","","0","0","0","","","1","N","0","","40 00:37.393","2","3","75 03:47.736","3","0","0","0","67301","0","0","0","N","0","0","0","3","68K01","0","","1.0","30.0","1","N","N","N","0","","1","0","1","","0","N","","3","1","0","0","0","0","1","2","0","3","","","N","Y","4","1","","","N","Y","","","Y","N"
"2021073448","","0","0","0","0","0","0","0","0","0","0","0","","67","8","2021","4","40.084787","-74.96907","","6","0","0","0","0","0","1","0","0","","0","0","0","","","1","N","0","","40 05:05.234","","0","74 58:08.653","8","0","0","1","67301","0","0","0","N","0","0","0","1","67301","0","","1.0","","1","N","N","N","0","","0","0","0","","0","","","1","1","0","0","0","1","0","2","0","1","","03","","N","","","","","","","","","",""
"2021069549","","2","0","0","0","0","0","0","0","0","4","0","","67","7","2021","7","39.905776","-75.15001","","6","0","0","0","0","0","0","0","0","","0","0","0","","","0","N","0","","39 54:20.792","","0","75 09:00.037","9","0","0","0","67301","0","0","0","N","0","0","0","2","68K01","0","","1.0","","1","N","N","N","0","","0","0","0","","0","","","2","0","0","0","0","0","1","2","0","2","","","","N","","","","","","","","","",""
"2021039593","","2","0","0","0","0","0","0","0","0","4","0","","67","5","2021","7","39.970844","-75.207292","","6","0","0","0","0","0","0","0","0","","0","0","0","","","1","","1","","39 58:15.038","","0","75 12:26.251","3","0","0","0","67301","0","0","0","N","0","0","0","2","67301","0","","1.0","","1","N","N","N","0","","1","0","1","3","3","","","3","1","0","0","0","0","0","2","0","3","","03","","N","","","","","","","","","",""
"2021039590","","2","0","0","0","0","0","0","0","0","5","0","","67","5","2021","1","39.922864","-75.179817","","6","0","0","0","1","0","0","0","0","","0","0","0","","","0","N","0","","39 55:22.310","","0","75 10:47.340","0","0","0","0","67301","0","0","0","N","0","0","0","1","67301","0","","1.0","","1","N","N","N","0","","0","0","0","0","0","","","3","0","0","0","0","0","0","2","1","3","","","","N","","","","","","","","","",""
"2021036601","","1","0","0","0","0","0","0","0","0","1","0","","67","4","2021","6","39.951795","-75.190182","","6","0","0","0","0","0","0","0","0","","0","0","0","","","2","N","0","","39 57:06.463","1","0","75 11:24.654","8","0","0","0","67301","0","0","0","N","0","0","0","3","67504","0","","6.0","550.0","1","N","N","N","0","","0","0","0","0","0","N","","2","2","3","0","0","2","0","2","1","2","","03","","N","","","","","","","","","",""
"2021069817","","0","0","0","0","0","0","1","0","0","8","1","","67","7","2021","3","39.93243","-75.224588","","6","0","0","0","0","0","1","0","0","","0","0","0","","","1","","1","","39 55:56.749","7","0","75 13:28.517","2","0","0","0","67301","1","0","1","N","1","0","1","2","67301","0","","1.0","1800.0","1","N","N","N","0","","0","1","0","3","1","Y","","2","1","0","0","0","0","0","2","0","1","","03","","N","","","","","","","","","",""
"2021041280","","1","0","0","0","0","0","0","0","0","4","0","","67","5","2021","6","40.003814","-75.157356","","6","0","0","0","0","0","0","0","0","","0","0","0","","","3","","1","","40 00:13.730","","0","75 09:26.481","3","0","0","0","67301","0","0","0","N","0","0","0","5","67301","0","","1.0","","1","N","N","N","0","","3","0","1","3","3","","","3","3","0","0","0","0","1","2","1","3","","03","","N","","","","","","","","","",""
"2021044011","","1","0","0","1","0","0","0","0","0","8","0","","67","5","2021","7","39.981522","-75.224059","","6","0","0","0","0","0","1","0","0","","0","0","0","","","1","","1","","39 58:53.480","","0","75 13:26.612","3","0","0","0","67301","1","0","0","N","0","0","0","2","67301","0","","1.0","","1","N","N","N","0","","1","0","0","3","2","","","2","1","0","0","0","0","0","2","0","1","","03","","N","","","","","","","","","",""
"2021046943","","0","0","0","0","0","0","0","0","0","2","0","","67","5","2021","3","39.951278","-75.238944","","6","0","0","0","0","0","1","0","0","","0","0","0","","","1","N","0","","39 57:04.600","","0","75 14:20.200","8","0","0","0","67301","0","0","0","N","0","0","0","2","67301","0","","1.0","","1","N","N","N","0","","0","0","2","0","0","","","2","1","0","0","0","1","0","2","0","2","","03","","N","","","","","","","","","",""
"2021017111","","2","0","0","0","0","0","0","0","0","4","0","","67","2","2021","1","40.00853","-75.210732","","6","0","0","0","0","0","1","0","0","","0","0","0","","","2","","1","","40 00:30.708","2","0","75 12:38.635","8","0","0","0","67301","0","0","0","N","0","0","0","4","46104","0","","1.0","45.0","1","N","N","Y","0","","0","0","1","3","2","N","","3","2","0","0","0","2","0","2","0","3","","03","","N","","","","","","","","","",""
"2021070372","","0","0","0","0","0","0","0","0","0","1","1","","67","7","2021","3","39.954405","-75.163068","","6","0","0","0","0","0","0","0","0","","0","1","0","","","0","","1","","39 57:15.859","","0","75 09:47.045","0","0","0","0","67301","0","0","0","N","0","0","0","2","67301","0","","1.0","","1","N","N","N","0","","0","0","1","3","2","","","2","0","2","0","0","0","0","2","0","2","","03","","N","","","","","","","","","",""
"2021033968","","4","0","0","0","0","0","0","0","0","1","0","","67","4","2021","1","39.992239","-75.245697","","6","0","0","0","0","0","1","0","0","","0","0","0","","","2","N","1","","39 59:32.062","2","0","75 14:44.509","3","0","0","0","67301","0","0","0","N","0","0","0","4","46104","0","","1.0","100.0","1","N","N","N","0","","2","0","0","3","2","N","","4","2","0","0","0","0","0","2","0","4","","","","N","","","","","","","","","",""
"2021073492","","0","0","0","0","0","0","0","0","0","7","0","","67","8","2021","6","40.048631","-74.998563","","6","0","0","0","0","0","1","0","0","","0","0","0","","","0","N","6","","40 02:55.073","","2","74 59:54.825","0","0","0","0","67301","0","0","0","Y","0","0","0","1","68K01","0","","2.0","","1","N","N","N","1","","0","0","0","0","0","","","1","0","0","0","0","0","0","2","0","1","","","","N","","","","","","","","","",""
"2021041076","","1","0","0","0","0","0","0","0","0","5","0","","67","5","2021","4","40.018203","-75.074922","","6","0","0","0","0","0","1","0","0","","0","0","0","","","1","N","0","","40 01:05.530","","0","75 04:29.720","3","0","0","0","67301","0","0","0","N","0","0","0","1","67301","0","","6.0","","1","N","N","N","0","","1","0","3","0","0","","","5","1","0","0","0","0","0","2","1","5","","","","N","","","","","","","","","",""
"2021040758","","1","0","0","0","0","0","0","0","0","1","0","","67","5","2021","5","39.95299","-75.202953","","6","0","0","0","0","0","0","1","0","","0","0","0","","","0","N","0","","39 57:10.763","","0","75 12:10.631","0","0","0","0","67301","0","0","0","N","0","0","0","2","67504","0","","6.0","","1","N","N","N","1","","0","0","0","0","0","","","2","0","0","0","0","0","0","2","0","2","","03","","N","","","","","","","","","",""
"2021044765","","1","0","0","0","0","0","0","0","0","4","0","","67","5","2021","6","39.958242","-75.223208","","6","0","0","0","0","0","2","0","0","","0","0","0","","","0","","1","","39 57:29.670","","0","75 13:23.548","9","0","0","0","67301","0","0","0","N","0","0","0","5","67301","0","","1.0","","9","N","N","N","0","","0","0","0","3","2","","","2","0","0","0","0","0","2","2","1","2","","04","","N","","","","","","","","","",""
"2021069851","","2","0","0","0","0","0","0","0","0","1","0","","67","7","2021","7","39.968169","-75.225145","","6","0","0","0","0","0","0","0","0","","0","0","0","","","1","","1","","39 58:05.407","","0","75 13:30.521","4","0","0","0","67301","0","0","0","N","0","0","0","2","67301","1","","1.0","","1","N","N","N","0","","0","0","0","3","2","","","2","1","0","0","0","0","0","2","0","2","","03","","N","","","","","","","","","",""
"2021040443","","1","0","0","0","0","0","0","0","0","5","0","","67","5","2021","7","40.062595","-75.239379","","6","0","0","0","0","0","0","0","0","","0","0","0","","","1","","3","","40 03:45.343","2","0","75 14:21.763","3","0","0","0","67301","0","0","0","N","0","0","0","2","67301","0","","1.0","1800.0","1","N","N","N","0","","1","0","1","0","0","Y","","2","1","0","0","0","0","0","2","0","2","","03","","N","","","","","","","","","",""
"2021073935","","2","0","0","0","0","0","0","0","0","5","0","","67","8","2021","6","39.985064","-75.238658","","6","0","0","0","0","0","0","0","0","","0","0","0","","","0","N","0","","39 59:06.230","","0","75 14:19.170","0","0","0","0","67301","0","0","0","N","0","0","0","1","67301","0","","6.0","","1","N","N","N","0","","0","0","0","0","0","","","2","0","0","0","0","0","0","2","0","2","","98","","N","","","","","","","","","",""
"2021044010","","1","0","0","0","0","0","0","0","0","6","0","","67","5","2021","5","39.987503","-75.216181","","6","0","0","0","0","0","0","0","0","","0","0","0","","","3","N","0","","39 59:15.010","","0","75 12:58.253","3","0","0","0","67301","0","0","0","N","0","0","0","4","67301","0","","1.0","","1","N","N","N","0","","3","0","1","0","0","","","2","3","0","0","0","0","1","2","0","2","","","","N","","","","","","","","","",""
"2021040666","","1","0","0","0","0","0","0","0","0","7","0","","67","5","2021","3","39.959989","-75.178698","","6","0","0","0","0","0","0","0","0","","0","0","0","","","0","N","0","","39 57:35.960","4","3","75 10:43.314","0","0","0","0","67301","0","0","0","N","0","0","0","1","68K01","0","","4.0","330.0","9","N","N","N","0","","0","0","0","0","0","N","","1","0","0","0","0","0","0","2","0","1","","","","N","","","","","","","","","",""
"2021039733","","1","0","0","0","0","0","0","0","0","4","0","","67","5","2021","1","40.122413","-74.99892","","6","0","0","0","0","0","1","0","0","","0","0","0","","","1","","2","","40 07:20.686","6","0","74 59:56.111","8","0","0","1","67301","0","0","0","N","0","0","0","3","67301","0","","1.0","30.0","1","N","N","N","0","","0","0","0","3","3","Y","","2","1","0","0","0","1","0","2","0","2","","","","N","","","","","","","","","",""
"2021067873","","2","0","0","0","0","0","1","0","0","4","1","","67","7","2021","3","39.974821","-75.198444","","6","0","0","0","0","0","0","0","0","","0","0","0","","","1","","2","","39 58:29.354","","2","75 11:54.397","8","0","0","0","67301","0","0","0","N","0","0","0","4","67508","0","","1.0","","1","N","N","Y","0","","0","0","0","3","2","","","4","1","0","0","0","1","0","2","0","4","","03","","N","","","","","","","","","",""
"2021036781","","0","0","0","0","0","0","0","0","0","5","0","","67","4","2021","4","40.058944","-75.050414","","6","0","0","0","0","0","0","0","0","","0","0","0","","","0","N","0","","40 03:32.200","","0","75 03:01.490","0","0","0","0","67301","0","0","0","N","0","0","0","1","67301","0","","6.0","","1","N","N","N","0","","0","0","1","0","0","","","3","0","1","0","0","0","0","2","2","3","","03","","N","","","","","","","","","",""
"2021039806","","0","0","0","0","0","0","0","0","0","7","0","","67","4","2021","7","39.890417","-75.220278","","6","0","0","0","0","0","0","0","0","","0","0","0","","","1","","7","","39 53:25.500","2","8","75 13:13.000","3","0","0","0","67301","0","0","0","Y","0","0","0","1","68K01","0","","7.0","132.0","1","N","N","N","0","","1","0","0","0","0","N","","1","1","0","0","0","0","0","2","1","1","","","","N","","","","","","","","","",""
"2021042338","","2","0","0","0","0","0","0","0","0","4","0","","67","5","2021","3","40.01529","-75.149926","","6","0","0","0","1","0","1","0","0","","0","0","0","","","4","","1","","40 00:55.044","","0","75 08:59.732","2","0","0","0","67301","0","0","0","N","0","0","0","7","67301","0","","1.0","","1","N","N","N","2","","1","1","1","3","2","","","5","4","3","0","1","2","0","2","0","5","","03","","N","","","","","","","","","",""