"CRN","ARRIVAL_TM","AUTOMOBILE_COUNT","BELTED_DEATH_COUNT","BELTED_SUSP_SERIOUS_INJ_COUNT","BICYCLE_COUNT","BICYCLE_DEATH_COUNT","BICYCLE_SUSP_SERIOUS_INJ_COUNT","BUS_COUNT","CHLDPAS_DEATH_COUNT","CHLDPAS_SUSP_SERIOUS_INJ_COUNT","COLLISION_TYPE","COMM_VEH_COUNT","CONS_ZONE_SPD_LIM","COUNTY","CRASH_MONTH","CRASH_YEAR","DAY_OF_WEEK","DEC_LATITUDE","DEC_LONGITUDE","DISPATCH_TM","DISTRICT","DRIVER_COUNT_16YR","DRIVER_COUNT_17YR","DRIVER_COUNT_18YR","DRIVER_COUNT_19YR","DRIVER_COUNT_20YR","DRIVER_COUNT_50_64YR","DRIVER_COUNT_65_74YR","DRIVER_COUNT_75PLUS","EST_HRS_CLOSED","FATAL_COUNT","HEAVY_TRUCK_COUNT","HORSE_BUGGY_COUNT","HOUR_OF_DAY","ILLUMINATION","INJURY_COUNT","INTERSECTION_RELATED","INTERSECT_TYPE","LANE_CLOSED","LATITUDE","LN_CLOSE_DIR","LOCATION_TYPE","LONGITUDE","MAX_SEVERITY_LEVEL","MCYCLE_DEATH_COUNT","MCYCLE_SUSP_SERIOUS_INJ_COUNT","MOTORCYCLE_COUNT","MUNICIPALITY","NONMOTR_COUNT","NONMOTR_DEATH_COUNT","NONMOTR_SUSP_SERIOUS_INJ_COUNT","NTFY_HIWY_MAINT","PED_COUNT","PED_DEATH_COUNT","PED_SUSP_SERIOUS_INJ_COUNT","PERSON_COUNT","POLICE_AGCY","POSSIBLE_INJ_COUNT","RDWY_SURF_TYPE_CD","RELATION_TO_ROAD","ROADWAY_CLEARED","ROAD_CONDITION","SCH_BUS_IND","SCH_ZONE_IND","SECONDARY_CRASH","SMALL_TRUCK_COUNT","SPEC_JURIS_CD","SUSP_MINOR_INJ_COUNT","SUSP_SERIOUS_INJ_COUNT","SUV_COUNT","TCD_FUNC_CD","TCD_TYPE","TFC_DETOUR_IND","TIME_OF_DAY","TOTAL_UNITS","TOT_INJ_COUNT","UNBELTED_OCC_COUNT","UNB_DEATH_COUNT","UNB_SUSP_SERIOUS_INJ_COUNT","UNK_INJ_DEG_COUNT","UNK_INJ_PER_COUNT","URBAN_RURAL","VAN_COUNT","VEHICLE_COUNT","WEATHER1","WEATHER2","WORKERS_PRES","WORK_ZONE_IND","WORK_ZONE_LOC","WORK_ZONE_TYPE","WZ_CLOSE_DETOUR","WZ_FLAGGER","WZ_LAW_OFFCR_IND","WZ_LN_CLOSURE","WZ_MOVING","WZ_OTHER","WZ_SHLDER_MDN","WZ_WORKERS_INJ_KILLED"
"2021041097","","2","0","0","0","0","0","0","0","0","1","0","","67","5","2021","3","40.031689","-75.130011","","6","0","0","0","0","0","1","0","0","","0","0","0","","","2","N","0","","40 01:54.080","","0","75 07:48.040","4","0","0","0","67301","0","0","0","N","0","0","0","3","67301","2","","1.0","","1","N","N","N","0","","0","0","1","0","0","","","3","2","1","0","0","0","0","2","0","3","","03","","N","","","","","","","","","",""
"2021047642","","1","0","0","0","0","0","0","0","0","1","0","","67","5","2021","4","40.009664","-75.065333","","6","0","0","0","1","0","0","0","0","","0","0","0","","","0","N","0","","40 00:34.792","","0","75 03:55.198","0","0","0","0","67301","0","0","0","N","0","0","0","2","68K01","0","","1.0","","1","N","N","N","0","","0","0","1","3","8","","","2","0","0","0","0","0","0","2","0","2","","","","N","","","","","","","","","",""
"2021064653","","1","0","0","0","0","0","0","0","0","1","0","","67","7","2021","7","39.974728","-75.194209","","6","0","0","0","1","0","0","0","0","","0","0","0","","","4","N","0","","39 58:29.019","","0","75 11:39.151","3","0","0","0","67301","0","0","0","N","0","0","0","6","68K01","0","","1.0","","1","N","N","N","0","","4","0","1","0","0","","","2","4","0","0","0","0","0","2","0","2","","","","N","","","","","","","","","",""
"2021073512","","2","0","0","0","0","0","0","0","0","4","0","","67","8","2021","7","39.932469","-75.193539","","6","0","0","0","0","0","0","0","0","","0","0","0","","","0","N","0","","39 55:56.890","","0","75 11:36.740","0","0","0","0","67301","0","0","0","N","0","0","0","2","67301","0","","1.0","","1","N","N","N","0","","0","0","0","0","0","","","2","0","0","0","0","0","0","2","0","2","","","","N","","","","","","","","","",""
"2021070609","","0","0","0","0","0","0","0","0","0","4","0","","67","7","2021","4","40.008391","-75.070224","","6","0","0","0","0","0","1","0","0","","0","0","0","","","1","N","0","","40 00:30.209","1","0","75 04:12.807","3","0","0","0","67301","0","0","0","N","0","0","0","1","68K01","0","","4.0","710.0","1","N","N","N","0","","1","0","1","0","0","Y","","1","1","0","0","0","0","0","2","0","1","","","","N","","","","","","","","","",""
"2021069661","","4","0","0","0","0","0","0","0","0","1","0","","67","7","2021","2","40.001983","-75.22496","","6","0","0","0","0","0","1","0","1","","0","0","0","","","2","N","0","","40 00:07.138","","0","75 13:29.857","3","0","0","0","67301","0","0","0","N","0","0","0","5","46104","1","","1.0","","1","N","N","N","0","","1","0","0","0","0","","","4","2","1","0","0","0","0","2","0","4","","","","N","","","","","","","","","",""
"2021070551","","0","0","0","0","0","0","0","0","0","7","0","","67","7","2021","6","39.998314","-75.190818","","6","0","0","0","0","0","0","0","0","","0","0","0","","","1","N","0","","39 59:53.932","","0","75 11:26.945","3","0","0","0","67301","0","0","0","N","0","0","0","1","67301","0","","3.0","","1","N","N","N","0","","1","0","0","0","0","","","1","1","0","0","0","0","0","2","0","1","","03","","N","","","","","","","","","",""
"2021045720","","2","0","0","0","0","0","0","0","0","1","0","","67","5","2021","7","39.924904","-75.193303","","6","0","0","0","0","0","2","0","0","","0","0","0","","","1","N","0","","39 55:29.654","3","0","75 11:35.890","4","0","0","0","67301","0","0","0","N","0","0","0","4","68K01","1","","1.0","700.0","9","N","N","N","0","","0","0","2","0","0","Y","","4","1","0","0","0","0","0","2","0","4","","","","N","","","","","","","","","",""
"2021036074","","1","0","0","0","0","0","0","0","0","4","0","","67","4","2021","4","39.980751","-75.161586","","6","0","0","0","0","0","1","0","0","","0","0","0","","","1","","1","","39 58:50.704","","0","75 09:41.710","3","0","0","0","67301","0","0","0","N","0","0","0","2","67301","0","","1.0","","1","N","N","Y","0","","1","0","1","3","3","","","2","1","1","0","0","0","0","2","0","2","","","","N","","","","","","","","","",""
"2021074234","","1","0","0","0","0","0","0","0","0","5","1","","67","7","2021","4","40.016873","-75.050764","","6","0","0","0","0","0","0","0","0","","0","1","0","","","0","N","0","","40 01:00.742","","0","75 03:02.751","9","0","0","0","67301","0","0","0","N","0","0","0","3","68K01","0","","1.0","","1","N","N","N","1","","0","0","0","0","0","","","3","0","0","0","0","0","1","2","0","3","","","","N","","","","","","","","","",""
"2021070904","","1","0","0","0","0","0","0","0","0","7","0","","67","7","2021","4","39.920591","-75.147952","","6","0","0","0","1","0","0","0","0","","0","0","0","","","0","N","0","","39 55:14.128","1","0","75 08:52.627","0","0","0","0","67301","0","0","0","N","0","0","0","1","68K01","0","","4.0","1608.0","1","N","N","N","0","","0","0","0","0","0","N","","1","0","0","0","0","0","0","2","0","1","","03","","N","","","","","","","","","",""
"2021043148","","0","0","0","0","0","0","0","0","0","7","0","","67","5","2021","7","39.921776","-75.190481","","6","0","0","0","0","0","0","0","0","","0","0","0","","","0","N","0","","39 55:18.392","1","1","75 11:25.730","0","0","0","0","67301","0","0","0","N","0","0","0","1","67301","0","","4.0","20.0","1","N","N","N","0","","0","0","1","0","0","N","","1","0","0","0","0","0","0","2","0","1","","03","","N","","","","","","","","","",""
"2021070437","","2","0","0","0","0","0","0","0","0","4","1","","67","7","2021","7","40.008621","-75.068836","","6","0","0","0","0","0","0","0","0","","0","1","0","","","2","","1","","40 00:31.034","","0","75 04:07.810","3","0","0","0","67301","0","0","0","N","0","0","0","4","67301","0","","1.0","","1","N","N","N","0","","2","0","0","3","2","","","3","2","0","0","0","0","0","2","0","3","","03","","N","","","","","","","","","",""
"2021041581","","2","0","0","0","0","0","0","0","0","5","0","","67","4","2021","6","40.017627","-75.116171","","6","0","0","0","0","0","0","0","0","","0","0","0","","","1","N","0","","40 01:03.458","","0","75 06:58.216","3","0","0","0","67301","0","0","0","N","0","0","0","2","67301","0","","1.0","","1","N","N","N","1","","1","0","1","0","0","","","4","1","1","0","0","0","0","2","0","4","","03","","N","","","","","","","","","",""
"2021070544","","0","0","0","0","0","0","0","0","0","4","0","","67","7","2021","1","40.039672","-75.123086","","6","0","0","0","0","0","0","0","0","","0","0","0","","","1","N","0","","40 02:22.820","","0","75 07:23.110","3","0","0","1","67301","0","0","0","N","0","0","0","2","67301","0","","1.0","","1","N","N","N","0","","1","0","1","0","0","","","2","1","0","0","0","0","0","2","0","2","","","","N","","","","","","","","","",""
"2021070430","","0","0","0","0","0","0","0","0","0","6","1","","67","7","2021","6","40.030044","-75.073544","","6","0","0","0","0","0","0","0","0","","0","1","0","","","1","N","0","","40 01:48.159","","0","75 04:24.760","3","0","0","0","67301","0","0","0","N","0","0","0","1","67301","0","","6.0","","1","N","N","N","0","","1","0","1","0","0","","","2","1","0","0","0","0","0","2","0","2","","03","","N","","","","","","","","","",""
"2021074352","","0","0","0","0","0","0","0","0","0","1","0","","67","8","2021","3","40.059464","-75.06935","","6","0","0","0","0","0","0","1","0","","0","0","0","","","1","N","0","","40 03:34.070","","0","75 04:09.660","3","0","0","0","67301","0","0","0","N","0","0","0","1","67301","0","","1.0","","1","N","N","N","0","","1","0","2","0","0","","","2","1","0","0","0","0","0","2","0","2","","03","","N","","","","","","","","","",""
"2021035623","","2","0","0","0","0","0","0","0","0","4","0","","67","4","2021","1","40.018608","-75.183092","","6","0","0","0","0","0","0","0","0","","0","0","0","","","1","","1","","40 01:06.988","","0","75 10:59.131","3","0","0","0","67301","0","0","0","N","0","0","0","3","67301","0","","1.0","","1","N","N","N","0","","1","0","1","3","3","","","3","1","0","0","0","0","0","2","0","3","","03","","N","","","","","","","","","",""
"2021065575","","1","0","0","0","0","0","1","0","0","1","1","","67","7","2021","1","39.983212","-75.15695","","6","0","0","0","0","0","1","0","0","","0","0","0","","","1","","1","","39 58:59.563","2","0","75 09:25.021","4","0","0","0","67301","0","0","0","N","0","0","0","3","67508","1","","1.0","9999.0","1","N","N","Y","0","","0","0","0","3","2","N","","2","1","0","0","0","0","0","2","0","2","","03","","N","","","","","","","","","",""
"2021064642","","2","0","0","0","0","0","0","0","0","7","0","","67","7","2021","7","39.957314","-75.151316","","6","0","0","0","0","0","0","0","0","","0","0","0","","","1","N","0","","39 57:26.331","","0","75 09:04.737","8","0","0","0","67301","0","0","0","N","0","0","0","2","68K01","0","","3.0","","1","N","N","N","0","","0","0","0","0","0","","","2","1","0","0","0","1","0","2","0","2","","03","","N","","","","","","","","","",""
"2021040667","","1","0","0","0","0","0","0","0","0","7","0","","67","5","2021","3","39.933137","-75.200011","","6","0","0","0","0","0","0","0","0","","0","0","0","","","0","N","0","","39 55:59.293","4","0","75 12:00.041","9","0","0","0","67301","0","0","0","N","0","0","0","1","68K01","0","","3.0","255.0","9","N","N","N","0","","0","0","0","0","0","N","","1","0","0","0","0","0","1","2","0","1","","07","","N","","","","","","","","","",""
"2021041105","","1","0","0","0","0","0","0","0","0","4","0","","67","5","2021","5","40.009009","-75.156218","","6","0","0","0","0","0","1","0","0","","0","0","0","","","1","","2","","40 00:32.432","","0","75 09:22.384","3","0","0","0","67301","0","0","0","N","0","0","0","2","67301","0","","1.0","","1","N","N","N","0","","1","0","1","3","3","","","2","1","0","0","0","0","0","2","0","2","","03","","N","","","","","","","","","",""
"2021036079","","0","0","0","0","0","0","0","0","0","8","0","","67","4","2021","3","39.992393","-75.142188","","6","0","0","0","0","0","0","0","0","","0","0","0","","","1","","1","","39 59:32.614","","0","75 08:31.878","3","0","0","0","67301","1","0","0","N","1","0","0","2","67301","0","","1.0","","1","N","N","N","0","","1","0","0","3","2","","","2","1","0","0","0","0","0","2","0","1","","03","","N","","","","","","","","","",""
"2021036744","","1","0","0","0","0","0","0","0","0","1","0","","67","4","2021","5","39.959779","-75.17804","","6","0","0","0","0","0","0","0","0","","0","0","0","","","1","N","0","","39 57:35.204","3","3","75 10:40.943","4","0","0","0","67301","0","0","0","N","0","0","0","2","68K01","1","","1.0","817.0","1","N","N","N","0","","0","0","1","0","0","N","","2","1","0","0","0","0","0","2","0","2","","03","","N","","","","","","","","","",""
"2021039741","","1","0","0","0","0","0","0","0","0","4","0","","67","5","2021","2","39.970158","-75.145059","","6","0","0","0","0","0","0","0","0","","0","0","0","","","1","","1","","39 58:12.569","","0","75 08:42.214","3","0","0","0","67301","0","0","0","N","0","0","0","3","67301","0","","1.0","","1","N","N","N","0","","1","0","1","3","2","","","2","1","0","0","0","0","0","2","0","2","","03","","N","","","","","","","","","",""
"2021040368","","1","0","0","0","0","0","0","0","0","6","0","","67","5","2021","1","40.070194","-75.172111","","6","0","0","0","0","0","0","0","0","","0","0","0","","","1","N","0","","40 04:12.700","","0","75 10:19.600","3","0","0","0","67301","0","0","0","N","0","0","0","1","67301","0","","6.0","","1","N","N","Y","0","","1","0","2","0","0","","","3","1","0","0","0","0","0","2","0","3","","03","","N","","","","","","","","","",""
"2021070618","","1","0","0","0","0","0","0","0","0","4","0","","67","7","2021","4","39.980392","-75.117888","","6","0","0","0","0","0","1","0","0","","0","0","0","","","2","N","0","","39 58:49.412","","0","75 07:04.397","2","0","0","0","67301","0","0","0","N","0","0","0","2","67301","0","","6.0","","1","N","N","N","0","","1","1","3","0","0","","","4","2","0","0","0","0","0","2","0","4","","","","N","","","","","","","","","",""
"2021041308","","1","0","0","0","0","0","0","0","0","4","0","","67","5","2021","3","40.045306","-75.123528","","6","0","0","0","0","0","0","0","0","","0","0","0","","","1","","1","","40 02:43.100","","0","75 07:24.700","3","0","0","1","67301","0","0","0","N","0","0","0","2","67301","0","","1.0","","1","N","N","N","0","","1","0","0","0","0","","","2","1","0","0","0","0","0","2","0","2","","03","","N","","","","","","","","","",""
"2021050426","","2","0","0","0","0","0","0","0","0","5","0","","67","5","2021","2","40.054666","-74.984973","","6","0","0","0","0","0","0","0","0","","0","0","0","","","0","N","0","","40 03:16.799","1","0","74 59:05.902","0","0","0","0","67301","0","0","0","N","0","0","0","1","68K01","0","","2.0","100.0","8","N","N","N","0","","0","0","0","0","0","N","","2","0","0","0","0","0","0","2","0","2","","","","N","","","","","","","","","",""
"2021069873","","2","0","0","0","0","0","0","0","0","2","0","","67","7","2021","5","39.980672","-75.268036","","6","0","0","0","0","0","0","0","1","","0","0","0","","","3","N","0","","39 58:50.418","3","7","75 16:04.930","3","0","0","0","67301","0","0","0","N","0","0","0","3","67301","0","","1.0","1315.0","1","N","N","N","0","","3","0","0","3","2","N","","2","3","0","0","0","0","0","2","0","2","","03","","N","","","","","","","","","",""
"2021074920","","1","0","0","0","0","0","0","0","0","1","1","","67","8","2021","2","39.927471","-75.14647","","6","0","0","0","0","0","0","0","0","","0","1","0","","","0","N","0","","39 55:38.895","1","0","75 08:47.291","0","0","0","0","67301","0","0","0","N","0","0","0","2","68K01","0","","1.0","1645.0","1","N","N","N","0","","0","0","0","0","0","N","","2","0","0","0","0","0","0","2","0","2","","","","N","","","","","","","","","",""
"2021045719","","1","0","0","0","0","0","0","0","0","1","0","","67","5","2021","6","39.97616","-75.114363","","6","0","0","0","0","0","0","0","0","","0","0","0","","","1","N","0","","39 58:34.175","1","0","75 06:51.705","8","0","0","0","67301","2","0","0","N","2","0","0","3","68K01","0","","1.0","120.0","1","N","N","N","1","","0","0","0","0","0","N","","5","1","0","0","0","1","1","2","0","3","","","","N","","","","","","","","","",""
"2021057700","","1","0","0","0","0","0","0","0","0","4","0","","67","5","2021","1","40.039531","-75.084418","","6","0","0","0","0","0","1","0","0","","0","0","0","","","1","","1","","40 02:22.311","1","0","75 05:03.904","4","0","0","0","67301","0","0","0","N","0","0","0","3","67301","1","","1.0","1808.0","1","N","N","N","0","","0","0","1","3","2","Y","","2","1","2","0","0","0","0","2","0","2","","03","","N","","","","","","","","","",""
"2021074304","","0","0","0","0","0","0","0","0","0","1","1","","67","8","2021","3","39.982546","-75.24685","","6","0","0","0","0","0","1","0","0","","0","1","0","","","2","N","0","","39 58:57.164","1","0","75 14:48.660","3","0","0","0","67301","0","0","0","N","0","0","0","2","67301","0","","6.0","226.0","1","N","N","N","0","","2","0","1","0","0","N","","2","2","0","0","0","0","0","2","0","2","","03","","N","","","","","","","","","",""
"2021046934","","3","0","0","0","0","0","0","0","0","1","0","","67","5","2021","6","39.970297","-75.205859","","6","0","0","0","1","0","0","0","0","","0","0","0","","","1","","1","","39 58:13.069","","0","75 12:21.092","3","0","0","0","67301","0","0","0","N","0","0","0","3","67301","0","","1.0","","1","N","N","N","0","","1","0","0","3","3","","","3","1","1","0","0","0","0","2","0","3","","03","","N","","","","","","","","","",""
"2021039552","","1","0","0","0","0","0","0","0","0","4","0","","67","5","2021","7","39.970093","-75.16875","","6","0","0","0","0","1","0","0","0","","0","0","0","","","1","","1","","39 58:12.334","","0","75 10:07.499","3","0","0","0","67301","0","0","0","N","0","0","0","2","67301","0","","1.0","","1","N","N","N","0","","1","0","1","3","3","","","2","1","2","0","0","0","0","2","0","2","","98","","N","","","","","","","","","",""
"2021074699","","1","0","0","0","0","0","0","0","0","7","0","","67","8","2021","2","39.938168","-75.234062","","6","0","0","0","0","0","0","0","0","","0","0","0","","","0","N","0","","39 56:17.406","","0","75 14:02.624","9","0","0","0","67301","0","0","0","N","0","0","0","1","67301","0","","9.0","","1","N","N","N","0","","0","0","0","3","2","","","1","0","0","0","0","0","1","2","0","1","","03","","N","","","","","","","","","",""
"2021035132","","0","0","0","0","0","0","0","0","0","7","0","","67","4","2021","1","39.964747","-75.196177","","6","0","0","0","0","0","1","0","0","","0","0","0","","","1","","1","","39 57:53.089","","0","75 11:46.237","8","0","0","0","67301","0","0","0","N","0","0","0","1","67507","0","","4.0","","1","N","N","N","0","","0","0","1","0","0","","","1","1","0","0","0","1","0","2","0","1","","03","","N","","","","","","","","","",""
"2021042484","","0","0","0","0","0","0","0","0","0","4","0","","67","5","2021","6","40.031969","-75.055469","","6","0","0","0","0","0","0","0","0","","0","0","0","","","0","","1","","40 01:55.088","3","0","75 03:19.688","0","0","0","0","67301","0","0","0","N","0","0","0","2","67301","0","","1.0","2200.0","9","N","N","N","0","","0","0","1","3","3","N","","2","0","0","0","0","0","0","2","1","2","","04","","N","","","","","","","","","",""
"2021042330","","0","0","0","0","0","0","0","0","0","8","0","","67","5","2021","5","39.963672","-75.240408","","6","0","0","0","0","0","0","0","0","","0","0","0","","","1","N","0","","39 57:49.220","","0","75 14:25.470","3","0","0","0","67301","1","0","0","N","1","0","0","2","67301","0","","1.0","","1","N","N","N","0","","1","0","1","0","0","","","2","1","0","0","0","0","0","2","0","1","","","","N","","","","","","","","","",""
"2021046284","","1","0","0","0","0","0","0","0","0","4","0","","67","5","2021","5","39.922647","-75.185174","","6","0","0","0","0","0","0","0","0","","0","0","0","","","0","","1","","39 55:21.529","","0","75 11:06.627","0","0","0","0","67301","0","0","0","N","0","0","0","2","67301","0","","1.0","","1","N","N","N","0","","0","0","1","3","2","","","2","0","0","0","0","0","0","2","0","2","","","","N","","","","","","","","","",""
"2021046063","","1","0","0","0","0","0","0","0","0","4","0","","67","5","2021","5","40.027194","-75.151242","","6","0","0","0","0","0","0","0","0","","0","0","0","","","0","","1","","40 01:37.898","","0","75 09:04.471","9","0","0","0","67301","0","0","0","N","0","0","0","3","67301","0","","1.0","","1","N","N","N","0","","0","0","1","3","2","","","2","0","0","0","0","0","3","2","0","2","","03","","N","","","","","","","","","",""
"2021040444","","2","0","0","0","0","0","0","0","0","1","0","","67","5","2021","1","39.964028","-75.173692","","6","0","0","0","0","0","1","0","0","","0","0","0","","","1","Y","0","","39 57:50.502","4","0","75 10:25.290","4","0","0","0","67301","0","0","0","N","0","0","0","5","67301","1","","1.0","2048.0","1","N","N","Y","0","","0","0","1","3","2","N","","4","1","2","0","0","0","0","2","1","4","","","","N","","","","","","","","","",""
"2021069846","","0","0","0","0","0","0","0","0","0","2","0","","67","7","2021","6","40.026936","-75.065761","","6","0","0","0","1","0","0","0","0","","0","0","0","","","2","N","0","","40 01:36.971","2","0","75 03:56.741","3","0","0","0","67301","0","0","0","N","0","0","0","3","67301","0","","1.0","1930.0","1","N","N","N","0","","2","0","2","0","0","N","","2","2","0","0","0","0","0","2","0","2","","","","N","","","","","","","","","",""
"2021040692","","0","0","0","1","0","0","0","0","0","8","0","","67","5","2021","3","40.040834","-75.014432","","6","0","0","0","0","0","0","0","0","","0","0","0","","","1","","2","","40 02:27.002","","0","75 00:51.956","8","0","0","0","67301","1","0","0","N","0","0","0","2","67301","0","","1.0","","1","N","N","N","0","","0","0","1","3","3","","","2","1","0","0","0","1","0","2","0","1","","","","N","","","","","","","","","",""
"2021039864","","1","0","0","0","0","0","0","0","0","1","0","","67","5","2021","7","39.910861","-75.152806","","6","0","0","0","0","0","0","0","0","","0","0","0","","","0","N","0","","39 54:39.100","1","2","75 09:10.100","9","0","0","0","67301","0","0","0","N","0","0","0","2","68K01","0","","1.0","10.0","1","N","N","N","1","","0","0","0","0","0","N","","2","0","0","0","0","0","1","2","0","2","","03","","N","","","","","","","","","",""
"2021070429","","2","0","0","0","0","0","0","0","0","2","0","","67","7","2021","5","40.043977","-75.053556","","6","0","0","0","0","1","1","0","0","","0","0","0","","","1","N","0","","40 02:38.316","","0","75 03:12.802","3","0","0","0","67301","0","0","0","N","0","0","0","3","67301","0","","1.0","","1","N","N","N","0","","1","0","1","0","0","","","3","1","0","0","0","0","0","2","0","3","","03","","N","","","","","","","","","",""
"2021070754","","3","0","0","0","0","0","0","0","0","4","0","","67","7","2021","4","40.00625","-75.164464","","6","0","0","0","0","0","0","0","0","","0","0","0","","","0","N","0","","40 00:22.500","6","0","75 09:52.070","0","0","0","0","67301","0","0","0","N","0","0","0","1","67301","0","","1.0","1400.0","1","N","N","N","0","","0","0","0","0","0","Y","","3","0","0","0","0","0","0","2","0","3","","03","","N","","","","","","","","","",""
"2021069874","","2","0","0","0","0","0","0","0","0","4","0","","67","7","2021","6","39.964336","-75.246364","","6","0","0","0","0","0","1","0","0","","0","0","0","","","0","N","0","","39 57:51.608","1","0","75 14:46.912","9","0","0","0","67301","0","0","0","N","0","0","0","3","67301","0","","1.0","2325.0","1","N","N","N","0","","0","0","0","0","0","N","","2","0","0","0","0","0","2","2","0","2","","03","","N","","","","","","","","","",""
"2021035549","","2","0","0","0","0","0","0","0","0","4","0","","67","4","2021","1","40.060067","-75.166377","","6","0","0","0","0","0","0","0","0","","0","0","0","","","2","N","0","","40 03:36.240","","0","75 09:58.957","3","0","0","0","67301","0","0","0","N","0","0","0","2","67301","0","","1.0","","1","N","N","N","0","","2","0","0","0","0","","","2","2","0","0","0","0","0","2","0","2","","03","","N","","","","","","","","","",""
"2021064313","","0","0","0","0","0","0","0","0","0","8","0","","67","6","2021","7","39.993273","-75.154607","","6","0","0","0","0","0","0","0","0","","0","0","0","","","1","N","0","","39 59:35.782","","7","75 09:16.585","3","0","0","0","67301","1","0","0","N","1","0","0","1","67301","0","","1.0","","1","N","N","N","0","","1","0","1","0","0","","","2","1","0","0","0","0","0","2","0","1","","04","","N","","","","","","","","","",""
"2021045685","","1","0","0","0","0","0","0","0","0","4","0","","67","5","2021","3","39.982561","-75.17937","","6","0","0","0","0","0","1","0","0","","0","0","0","","","1","","2","","39 58:57.219","1","0","75 10:45.732","4","0","0","0","67301","0","0","0","N","0","0","0","2","67301","1","","1.0","1215.0","1","N","N","N","0","","0","0","1","3","3","Y","","2","1","0","0","0","0","0","2","0","2","","03","","N","","","","","","","","","",""
"2021040693","","1","0","0","0","0","0","0","0","0","8","0","","67","5","2021","3","39.924889","-75.234333","","6","0","0","0","0","0","0","0","0","","0","0","0","","","1","N","0","","39 55:29.600","","0","75 14:03.600","3","0","0","0","67301","1","0","0","N","1","0","0","2","67301","0","","1.0","","1","N","N","N","0","","1","0","0","0","0","","","2","1","0","0","0","0","0","2","0","1","","03","","N","","","","","","","","","",""
"2021073552","","1","0","0","0","0","0","0","0","0","4","1","","67","7","2021","5","39.988153","-75.232692","","6","0","0","0","0","0","1","0","0","","0","1","0","","","1","N","0","","39 59:17.350","","7","75 13:57.690","3","0","0","0","67301","0","0","0","N","0","0","0","2","67301","0","","1.0","","1","N","N","N","0","","1","0","0","3","2","","","2","1","0","0","0","0","0","2","0","2","","98","","N","","","","","","","","","",""
"2021047257","","2","0","0","0","0","0","0","0","0","1","0","","67","5","2021","5","39.909694","-75.154417","","6","0","0","0","0","0","0","0","0","","0","0","0","","","0","N","0","","39 54:34.900","4","5","75 09:15.900","0","0","0","0","67301","0","0","0","N","0","0","0","3","67501","0","","1.0","335.0","1","N","N","N","0","","0","0","0","0","0","N","","2","0","0","0","0","0","0","2","0","2","","","","N","","","","","","","","","",""
"2021075380","","2","0","0","0","0","0","0","0","0","4","0","","67","8","2021","6","40.029911","-75.103076","","6","0","0","0","0","0","0","0","0","","0","0","0","","","0","","2","","40 01:47.679","","0","75 06:11.073","9","0","0","0","67301","0","0","0","N","0","0","0","2","67301","0","","1.0","","1","N","N","N","0","","0","0","0","3","2","","","2","0","0","0","0","0","1","2","0","2","","03","","N","","","","","","","","","",""
"2021041745","","1","0","0","0","0","0","0","0","0","4","0","","67","5","2021","7","40.004481","-75.175277","","6","0","0","0","0","1","0","0","0","","0","0","0","","","1","","2","","40 00:16.132","","0","75 10:30.996","3","0","0","1","67301","0","0","0","N","0","0","0","3","67301","0","","1.0","","1","N","N","N","0","","1","0","0","3","2","","","2","1","0","0","0","0","0","2","0","2","","04","","N","","","","","","","","","",""
"2021044130","","1","0","0","0","0","0","0","0","0","5","0","","67","5","2021","4","40.006436","-75.149603","","6","0","0","0","0","0","0","1","0","","0","0","0","","","0","N","0","","40 00:23.170","","0","75 08:58.570","9","0","0","0","67301","0","0","0","N","0","0","0","2","67301","0","","1.0","","9","N","N","N","0","","0","0","1","0","0","","","2","0","0","0","0","0","1","2","0","2","","04","","N","","","","","","","","","",""
"2021036081","","2","0","1","0","0","0","0","0","0","4","0","","67","4","2021","2","40.019694","-75.184329","","6","0","0","0","0","0","0","0","0","","0","0","0","","","1","","1","","40 01:10.898","6","0","75 11:03.583","2","0","0","0","67301","0","0","0","N","0","0","0","3","67301","0","","1.0","117.0","1","N","N","N","0","","0","1","0","3","2","N","","2","1","0","0","0","0","0","2","0","2","","03","","N","","","","","","","","","",""
"2021075043","","1","0","0","0","0","0","0","0","0","8","0","","67","8","2021","3","40.010769","-75.150801","","6","0","0","1","0","0","0","0","0","","0","0","0","","","1","N","0","","40 00:38.770","","0","75 09:02.883","2","0","0","0","67301","1","0","1","N","1","0","1","2","67301","0","","1.0","","1","N","N","N","0","","0","1","0","3","2","","","2","1","0","0","0","0","0","2","0","1","","03","","N","","","","","","","","","",""
"2021073832","","1","0","0","0","0","0","0","0","0","7","0","","67","8","2021","1","40.006221","-75.197001","","6","0","0","0","0","0","0","0","0","","0","0","0","","","0","N","0","","40 00:22.394","","0","75 11:49.204","0","0","0","0","67301","0","0","0","N","0","0","0","1","68K01","0","","5.0","","9","N","N","N","0","","0","0","0","0","0","","","1","0","0","0","0","0","0","2","0","1","","04","","N","","","","","","","","","",""
"2021065458","","1","0","0","0","0","0","0","0","0","1","0","","67","7","2021","2","40.055156","-74.984947","","6","0","0","1","0","0","2","0","0","","0","0","0","","","0","N","0","","40 03:18.560","","0","74 59:05.810","0","0","0","0","67301","0","0","0","N","0","0","0","4","68K01","0","","1.0","","9","N","N","N","0","","0","0","3","0","0","","","4","0","0","0","0","0","0","2","0","4","","04","","N","","","","","","","","","",""