"CRN","ARRIVAL_TM","AUTOMOBILE_COUNT","BELTED_DEATH_COUNT","BELTED_SUSP_SERIOUS_INJ_COUNT","BICYCLE_COUNT","BICYCLE_DEATH_COUNT","BICYCLE_SUSP_SERIOUS_INJ_COUNT","BUS_COUNT","CHLDPAS_DEATH_COUNT","CHLDPAS_SUSP_SERIOUS_INJ_COUNT","COLLISION_TYPE","COMM_VEH_COUNT","CONS_ZONE_SPD_LIM","COUNTY","CRASH_MONTH","CRASH_YEAR","DAY_OF_WEEK","DEC_LATITUDE","DEC_LONGITUDE","DISPATCH_TM","DISTRICT","DRIVER_COUNT_16YR","DRIVER_COUNT_17YR","DRIVER_COUNT_18YR","DRIVER_COUNT_19YR","DRIVER_COUNT_20YR","DRIVER_COUNT_50_64YR","DRIVER_COUNT_65_74YR","DRIVER_COUNT_75PLUS","EST_HRS_CLOSED","FATAL_COUNT","HEAVY_TRUCK_COUNT","HORSE_BUGGY_COUNT","HOUR_OF_DAY","ILLUMINATION","INJURY_COUNT","INTERSECTION_RELATED","INTERSECT_TYPE","LANE_CLOSED","LATITUDE","LN_CLOSE_DIR","LOCATION_TYPE","LONGITUDE","MAX_SEVERITY_LEVEL","MCYCLE_DEATH_COUNT","MCYCLE_SUSP_SERIOUS_INJ_COUNT","MOTORCYCLE_COUNT","MUNICIPALITY","NONMOTR_COUNT","NONMOTR_DEATH_COUNT","NONMOTR_SUSP_SERIOUS_INJ_COUNT","NTFY_HIWY_MAINT","PED_COUNT","PED_DEATH_COUNT","PED_SUSP_SERIOUS_INJ_COUNT","PERSON_COUNT","POLICE_AGCY","POSSIBLE_INJ_COUNT","RDWY_SURF_TYPE_CD","RELATION_TO_ROAD","ROADWAY_CLEARED","ROAD_CONDITION","SCH_BUS_IND","SCH_ZONE_IND","SECONDARY_CRASH","SMALL_TRUCK_COUNT","SPEC_JURIS_CD","SUSP_MINOR_INJ_COUNT","SUSP_SERIOUS_INJ_COUNT","SUV_COUNT","TCD_FUNC_CD","TCD_TYPE","TFC_DETOUR_IND","TIME_OF_DAY","TOTAL_UNITS","TOT_INJ_COUNT","UNBELTED_OCC_COUNT","UNB_DEATH_COUNT","UNB_SUSP_SERIOUS_INJ_COUNT","UNK_INJ_DEG_COUNT","UNK_INJ_PER_COUNT","URBAN_RURAL","VAN_COUNT","VEHICLE_COUNT","WEATHER1","WEATHER2","WORKERS_PRES","WORK_ZONE_IND","WORK_ZONE_LOC","WORK_ZONE_TYPE","WZ_CLOSE_DETOUR","WZ_FLAGGER","WZ_LAW_OFFCR_IND","WZ_LN_CLOSURE","WZ_MOVING","WZ_OTHER","WZ_SHLDER_MDN","WZ_WORKERS_INJ_KILLED"
"2021053643","","2","0","0","0","0","0","0","0","0","4","0","","67","5","2021","3","39.99999","-75.153145","","6","0","0","0","0","0","0","0","0","","0","0","0","","","2","","1","","39 59:59.964","1","0","75 09:11.322","4","0","0","0","67301","0","0","0","N","0","0","0","2","67301","2","","1.0","1935.0","1","N","N","N","0","","0","0","0","3","2","Y","","2","2","0","0","0","0","0","2","0","2","","","","N","","","","","","","","","",""
"2021036788","","3","0","0","0","0","0","0","0","0","5","0","","67","4","2021","3","39.976216","-75.158333","","6","0","0","0","0","0","0","0","0","","0","0","0","","","0","N","0","","39 58:34.379","","0","75 09:29.997","0","0","0","0","67301","0","0","0","N","0","0","0","2","67301","0","","1.0","","1","N","N","N","0","","0","0","0","0","0","","","3","0","0","0","0","0","0","2","0","3","","03","","N","","","","","","","","","",""
"2021040900","","1","0","0","0","0","0","0","0","0","4","0","","67","5","2021","5","39.948883","-75.189669","","6","0","0","0","0","0","0","1","0","","0","0","0","","","0","","2","","39 56:55.978","","3","75 11:22.808","0","0","0","0","67301","0","0","0","N","0","0","0","2","67504","0","","1.0","","1","N","N","N","1","","0","0","0","3","2","","","2","0","0","0","0","0","0","2","0","2","","03","","N","","","","","","","","","",""
"2021054937","","0","0","0","0","0","0","0","0","0","8","0","","67","6","2021","1","39.953716","-75.157621","","6","0","0","0","0","0","0","0","0","","0","0","0","","","1","N","0","","39 57:13.378","","0","75 09:27.435","8","0","0","0","67301","1","0","0","N","1","0","0","2","67301","0","","1.0","","1","N","N","N","0","","0","0","0","0","0","","","2","1","1","0","0","1","0","2","1","1","","","","N","","","","","","","","","",""
"2021040970","","2","0","0","0","0","0","0","0","0","1","0","","67","5","2021","6","39.983472","-75.158917","","6","0","0","0","0","0","0","0","0","","0","0","0","","","0","N","0","","39 59:00.500","4","0","75 09:32.100","0","0","0","0","67301","0","0","0","N","0","0","0","2","67505","0","","1.0","230.0","1","N","N","N","0","","0","0","1","0","0","Y","","3","0","2","0","0","0","0","2","0","3","","98","","N","","","","","","","","","",""
"2021070483","","2","0","0","0","0","0","0","0","0","1","0","","67","7","2021","6","39.993986","-75.182536","","6","0","0","0","0","0","0","0","0","","0","0","0","","","0","N","0","","39 59:38.350","","0","75 10:57.130","0","0","0","0","67301","0","0","0","N","0","0","0","0","67301","0","","2.0","","1","N","N","N","0","","0","0","1","0","0","","","3","0","0","0","0","0","0","2","0","3","","03","","N","","","","","","","","","",""
"2021070548","","0","0","0","0","0","0","0","0","0","1","2","","67","7","2021","3","40.017908","-75.171702","","6","0","0","0","0","0","1","0","0","","0","2","0","","","0","","6","","40 01:04.467","","2","75 10:18.128","9","0","0","0","67301","0","0","0","N","0","0","0","2","67301","0","","7.0","","1","N","N","N","0","","0","0","0","3","4","","","2","0","0","0","0","0","2","2","0","2","","03","","N","","","","","","","","","",""
"2021040647","","1","0","0","0","0","0","0","0","0","7","0","","67","5","2021","7","40.000201","-75.195168","","6","0","0","0","1","0","0","0","0","","0","0","0","","","1","N","0","","40 00:00.724","","0","75 11:42.606","4","0","0","0","67301","0","0","0","N","0","0","0","1","68K01","1","","3.0","","1","N","N","N","0","","0","0","0","0","0","","","1","1","0","0","0","0","0","2","0","1","","","","N","","","","","","","","","",""
"2021070432","","1","0","0","0","0","0","0","0","0","2","0","","67","7","2021","6","40.018114","-75.064178","","6","0","0","0","0","0","0","0","0","","0","0","0","","","1","N","0","","40 01:05.211","","0","75 03:51.040","3","0","0","0","67301","0","0","0","N","0","0","0","1","67301","0","","1.0","","1","N","N","N","0","","1","0","1","0","0","","","2","1","0","0","0","0","0","2","0","2","","03","","N","","","","","","","","","",""
"2021040340","","2","0","0","0","0","0","0","0","0","4","0","","67","5","2021","7","39.921042","-75.228921","","6","0","0","0","0","1","0","0","0","","0","0","0","","","2","","1","","39 55:15.752","","0","75 13:44.116","3","0","0","0","67301","0","0","0","N","0","0","0","3","67301","0","","1.0","","1","N","N","N","0","","2","0","0","3","2","","","2","2","0","0","0","0","0","2","0","2","","03","","N","","","","","","","","","",""
"2021041066","","0","0","0","1","0","0","0","0","0","8","0","","67","5","2021","4","40.041363","-75.028255","","6","0","0","0","0","0","0","0","0","","0","0","0","","","1","","1","","40 02:28.908","2","0","75 01:41.719","3","0","0","0","67301","1","0","0","N","0","0","0","2","67301","0","","1.0","2120.0","1","N","N","N","0","","1","0","1","3","2","N","","2","1","0","0","0","0","0","2","0","1","","03","","N","","","","","","","","","",""
"2021041072","","1","0","0","0","0","0","0","0","0","2","0","","67","5","2021","5","40.043281","-75.164553","","6","0","0","0","0","0","0","0","0","","0","0","0","","","0","N","0","","40 02:35.810","","0","75 09:52.390","0","0","0","0","67301","0","0","0","N","0","0","0","2","67301","0","","1.0","","1","N","N","N","0","","0","0","1","0","0","","","3","0","0","0","0","0","0","2","1","3","","03","","N","","","","","","","","","",""
"2021073977","","1","0","0","0","0","0","0","0","0","1","1","","67","7","2021","4","39.961444","-75.139843","","6","0","0","0","0","0","0","0","0","","0","1","0","","","0","N","0","","39 57:41.197","1","0","75 08:23.436","0","0","0","0","67301","0","0","0","N","0","0","0","2","68K01","0","","4.0","1315.0","1","N","N","N","0","","0","0","0","0","0","Y","","2","0","0","0","0","0","0","2","0","2","","","","N","","","","","","","","","",""
"2021039592","","1","0","0","0","0","0","0","0","0","5","0","","67","5","2021","7","40.043917","-75.095333","","6","0","0","0","0","0","0","0","0","","0","0","0","","","0","N","0","","40 02:38.100","","0","75 05:43.200","0","0","0","0","67301","0","0","0","N","0","0","0","1","67301","0","","6.0","","1","N","N","N","0","","0","0","1","0","0","","","2","0","0","0","0","0","0","2","0","2","","03","","N","","","","","","","","","",""
"2021041065","","3","0","0","0","0","0","0","0","0","5","0","","67","5","2021","4","40.062556","-75.022611","","6","0","0","0","0","0","0","0","0","","0","0","0","","","1","N","0","","40 03:45.200","","0","75 01:21.400","3","0","0","0","67301","0","0","0","N","0","0","0","1","67301","0","","6.0","","1","N","N","Y","0","","1","0","1","0","0","","","4","1","0","0","0","0","0","2","0","4","","","","N","","","","","","","","","",""
"2021042276","","1","0","0","0","0","0","0","0","0","7","0","","67","5","2021","7","39.97289","-75.120674","","6","0","0","0","0","0","0","0","0","","0","0","0","","","0","N","0","","39 58:22.403","","0","75 07:14.426","0","0","0","0","67301","0","0","0","N","0","0","0","1","68K01","0","","4.0","","8","N","N","N","0","","0","0","0","0","0","","","1","0","0","0","0","0","0","2","0","1","","","","N","","","","","","","","","",""
"2021039666","","2","0","0","0","0","0","0","0","0","4","0","","67","5","2021","2","39.955569","-75.189487","","6","0","0","0","0","0","1","0","0","","0","0","0","","","1","","1","","39 57:20.049","4","0","75 11:22.152","3","0","0","0","67301","0","0","0","N","0","0","0","2","67507","0","","1.0","1135.0","1","N","N","N","0","","1","0","0","3","2","N","","2","1","0","0","0","0","0","2","0","2","","","","N","","","","","","","","","",""
"2021039428","","1","0","0","0","0","0","0","0","0","1","0","","67","5","2021","1","39.980111","-75.153722","","6","0","0","0","0","0","0","0","0","","0","0","0","","","1","N","0","","39 58:48.400","","0","75 09:13.400","3","0","0","0","67301","0","0","0","N","0","0","0","2","67505","0","","1.0","","1","N","N","N","0","","1","0","1","0","0","","","2","1","0","0","0","0","0","2","0","2","","","","N","","","","","","","","","",""
"2021069911","","1","0","0","0","0","0","0","0","0","6","0","","67","7","2021","3","40.026327","-75.137098","","6","0","0","0","0","0","0","1","0","","0","0","0","","","0","","1","","40 01:34.777","","0","75 08:13.552","9","0","0","0","67301","0","0","0","N","0","0","0","2","67301","0","","1.0","","99","N","N","N","0","","0","0","1","9","3","U","","2","0","0","0","0","0","2","2","0","2","","","","N","","","","","","","","","",""
"2021041653","","4","0","0","0","0","0","0","0","0","1","0","","67","5","2021","3","39.997167","-75.118959","","6","0","1","0","0","0","0","0","0","","0","0","0","","","2","N","0","","39 59:49.802","3","0","75 07:08.252","2","0","0","0","67301","1","0","1","N","1","0","1","4","67301","0","","1.0","130.0","1","N","N","N","0","","1","1","0","0","0","N","","5","2","3","0","0","0","0","2","0","4","","03","","N","","","","","","","","","",""
"2021040694","","1","0","0","0","0","0","0","0","0","4","0","","67","5","2021","4","39.977018","-75.119418","","6","0","0","0","0","0","0","0","0","","0","0","0","","","2","N","0","","39 58:37.266","","7","75 07:09.906","3","0","0","0","67301","0","0","0","N","0","0","0","4","67301","0","","1.0","","1","N","N","N","0","","2","0","1","0","0","","","2","2","0","0","0","0","0","2","0","2","","","","N","","","","","","","","","",""
"2021044127","","1","0","0","0","0","0","0","0","0","5","0","","67","5","2021","4","40.008653","-75.14665","","6","0","0","0","0","0","0","0","0","","0","0","0","","","0","N","2","","40 00:31.150","","0","75 08:47.939","0","0","0","0","67301","0","0","0","N","0","0","0","1","67301","0","","2.0","","1","N","N","N","0","","0","0","0","0","0","","","3","0","0","0","0","0","0","2","1","2","","","","N","","","","","","","","","",""
"2021041080","","0","0","0","0","0","0","0","0","0","1","0","","67","5","2021","5","39.973555","-75.208899","","6","0","0","0","0","0","0","0","0","","0","0","0","","","1","","2","","39 58:24.797","","0","75 12:32.036","2","0","1","1","67301","0","0","0","N","0","0","0","2","67301","0","","1.0","","1","N","N","N","1","","0","1","0","3","2","","","2","1","0","0","0","0","0","2","0","2","","03","","N","","","","","","","","","",""
"2021069842","","1","0","0","0","0","0","0","0","0","4","1","","67","7","2021","5","40.02888","-75.106009","","6","0","0","0","0","0","0","0","0","","0","1","0","","","0","","1","","40 01:43.967","7","0","75 06:21.632","0","0","0","0","67301","0","0","0","N","0","0","0","2","67301","0","","1.0","1348.0","1","N","N","N","0","","0","0","0","3","2","N","","2","0","0","0","0","0","0","2","0","2","","","","N","","","","","","","","","",""
"2021041278","","4","0","0","0","0","0","0","0","0","4","0","","67","5","2021","2","40.051741","-75.152996","","6","0","0","0","0","0","0","0","0","","0","0","0","","","2","","1","","40 03:06.267","","0","75 09:10.785","2","0","0","0","67301","0","0","0","N","0","0","0","2","67301","1","","1.0","","9","N","N","Y","0","","0","1","1","3","2","","","5","2","0","0","0","0","0","2","0","5","","","","N","","","","","","","","","",""
"2021053639","","2","0","0","0","0","0","0","0","0","5","0","","67","5","2021","4","40.025704","-75.121886","","6","0","0","0","0","0","0","1","0","","0","0","0","","","0","N","0","","40 01:32.534","","0","75 07:18.788","0","0","0","0","67301","0","0","0","N","0","0","0","5","67301","0","","1.0","","1","N","N","N","0","","0","0","3","0","0","","","5","0","0","0","0","0","0","2","0","5","","04","","N","","","","","","","","","",""
"2021041650","","2","0","0","0","0","0","0","0","0","4","0","","67","5","2021","7","40.045333","-75.182833","","6","0","0","0","0","0","0","0","1","","0","0","0","","","1","N","0","","40 02:43.200","","7","75 10:58.200","4","0","0","0","67301","0","0","0","N","0","0","0","2","67301","1","","1.0","","1","N","N","Y","0","","0","0","1","0","0","","","3","1","0","0","0","0","0","2","0","3","","03","","N","","","","","","","","","",""
"2021042274","","1","0","0","0","0","0","0","0","0","7","0","","67","5","2021","7","39.97585","-75.11495","","6","0","0","0","0","0","0","0","0","","0","0","0","","","0","N","0","","39 58:33.061","","0","75 06:53.819","0","0","0","0","67301","0","0","0","N","0","0","0","2","68K01","0","","4.0","","8","N","N","N","0","","0","0","0","0","0","","","1","0","0","0","0","0","0","2","0","1","","","","N","","","","","","","","","",""
"2021069841","","0","0","0","0","0","0","0","0","0","1","0","","67","7","2021","5","40.045043","-75.053313","","6","0","0","0","0","0","0","0","0","","0","0","0","","","0","N","0","","40 02:42.154","","0","75 03:11.927","0","0","0","0","67301","0","0","0","N","0","0","0","3","67301","0","","1.0","","1","N","N","N","0","","0","0","3","0","0","","","3","0","0","0","0","0","0","2","0","3","","03","","N","","","","","","","","","",""
"2021040346","","4","0","0","0","0","0","0","0","0","5","0","","67","5","2021","2","39.988333","-75.170611","","6","0","0","0","0","0","0","0","0","","0","0","0","","","0","N","0","","39 59:18.000","","0","75 10:14.200","0","0","0","0","67301","0","0","0","N","0","0","0","1","67301","0","","6.0","","1","N","N","N","0","","0","0","0","0","0","","","4","0","0","0","0","0","0","2","0","4","","03","","N","","","","","","","","","",""
"2021045678","","2","0","0","0","0","0","0","0","0","4","0","","67","5","2021","5","39.948423","-75.176228","","6","0","0","0","0","0","1","0","0","","0","0","0","","","0","","1","","39 56:54.321","","0","75 10:34.422","0","0","0","0","67301","0","0","0","N","0","0","0","4","67301","0","","1.0","","1","N","N","N","0","","0","0","0","3","2","","","2","0","1","0","0","0","0","2","0","2","","03","","N","","","","","","","","","",""
"2021041647","","2","0","0","0","0","0","0","0","0","4","0","","67","5","2021","4","40.096478","-75.017417","","6","0","0","0","0","0","2","0","0","","0","0","0","","","1","N","0","","40 05:47.320","","7","75 01:02.700","4","0","0","0","67301","0","0","0","N","0","0","0","3","67301","1","","1.0","","9","N","N","N","0","","0","0","0","0","0","","","2","1","0","0","0","0","0","2","0","2","","04","","N","","","","","","","","","",""
"2021041024","","0","0","0","0","0","0","0","0","0","1","0","","67","5","2021","3","39.908972","-75.151389","","6","0","0","0","0","0","0","0","0","","0","0","0","","","1","N","0","","39 54:32.300","","3","75 09:05.000","3","0","0","0","67301","0","0","0","N","0","0","0","2","67501","0","","1.0","","1","N","N","N","2","","1","0","0","0","0","","","2","1","0","0","0","0","0","2","0","2","","03","","N","","","","","","","","","",""
"2021039737","","0","0","0","0","0","0","0","0","0","5","0","","67","5","2021","1","40.01097","-75.060849","","6","0","1","0","0","0","0","0","0","","0","0","0","","","1","N","0","","40 00:39.492","","0","75 03:39.055","3","0","0","2","67301","0","0","0","N","0","0","0","2","67301","0","","1.0","","1","N","N","N","0","","1","0","0","0","0","","","2","1","0","0","0","0","0","2","0","2","","03","","N","","","","","","","","","",""
"2021041237","","1","0","0","0","0","0","0","0","0","7","0","","67","5","2021","1","40.037027","-75.013327","","6","0","0","0","0","0","0","0","0","","0","0","0","","","1","N","0","","40 02:13.297","","0","75 00:47.976","3","0","0","0","67301","0","0","0","N","0","0","0","1","68K01","0","","3.0","","1","N","N","N","0","","1","0","0","0","0","","","1","1","0","0","0","0","0","2","0","1","","","","N","","","","","","","","","",""
"2021045870","","2","0","0","0","0","0","0","0","0","1","0","","67","5","2021","7","40.005293","-75.195531","","6","0","0","0","0","0","0","0","0","","0","0","0","","","1","N","0","","40 00:19.053","","0","75 11:43.910","3","0","0","0","67301","0","0","0","N","0","0","0","1","68K01","0","","2.0","","9","N","N","Y","0","","1","0","0","0","0","","","2","1","0","0","0","0","0","2","0","2","","","","N","","","","","","","","","",""
"2021039736","","1","0","0","0","0","0","0","0","0","5","0","","67","5","2021","1","40.029639","-75.044867","","6","0","0","0","0","0","0","0","0","","0","0","0","","","0","N","0","","40 01:46.700","","0","75 02:41.520","9","0","0","0","67301","0","0","0","N","0","0","0","1","67301","0","","6.0","","1","N","N","Y","0","","0","0","1","0","0","","","3","0","0","0","0","0","1","2","1","3","","03","","N","","","","","","","","","",""
"2021039898","","2","0","0","0","0","0","0","0","0","2","0","","67","5","2021","1","39.990139","-75.161472","","6","0","0","0","0","0","0","0","0","","0","0","0","","","0","N","0","","39 59:24.500","","0","75 09:41.300","0","0","0","0","67301","0","0","0","N","0","0","0","1","67301","0","","6.0","","1","N","N","N","0","","0","0","1","0","0","","","4","0","0","0","0","0","0","2","1","4","","98","","N","","","","","","","","","",""
"2021039457","","1","0","0","0","0","0","0","0","0","4","0","","67","5","2021","7","40.084681","-75.025077","","6","0","0","0","0","0","0","0","0","","0","0","0","","","1","","1","","40 05:04.850","5","0","75 01:30.277","8","0","0","0","67301","0","0","0","N","0","0","0","3","67301","0","","1.0","30.0","1","N","N","N","0","","0","0","1","3","2","Y","","2","1","0","0","0","1","0","2","0","2","","","","N","","","","","","","","","",""
"2021041089","","0","0","0","0","0","0","0","0","0","1","0","","67","5","2021","2","39.995056","-75.114333","","6","0","0","0","0","0","0","0","0","","0","0","0","","","0","N","0","","39 59:42.200","","0","75 06:51.600","0","0","0","0","67301","0","0","0","N","0","0","0","2","67301","0","","1.0","","1","N","N","N","1","","0","0","0","0","0","","","2","0","0","0","0","0","0","2","1","2","","03","","N","","","","","","","","","",""
"2021069117","","1","0","0","0","0","0","0","0","0","1","0","","67","7","2021","7","40.021124","-75.041888","","6","0","0","0","0","0","1","0","0","","0","0","0","","","2","N","0","","40 01:16.046","","0","75 02:30.798","3","0","0","0","67301","0","0","0","N","0","0","0","4","68K01","0","","1.0","","1","N","N","N","0","","1","0","1","0","0","","","2","2","0","0","0","1","0","2","0","2","","","","N","","","","","","","","","",""
"2021044129","","1","0","0","0","0","0","0","0","0","2","0","","67","5","2021","5","40.000219","-75.149323","","6","0","0","0","0","0","0","0","0","","0","0","0","","","0","","3","","40 00:00.788","","0","75 08:57.562","9","0","0","0","67301","0","0","0","N","0","0","0","2","67301","0","","1.0","","1","N","N","N","0","","0","0","1","3","3","","","2","0","0","0","0","0","1","2","0","2","","","","N","","","","","","","","","",""
"2021047595","","3","0","0","0","0","0","0","0","0","5","0","","67","5","2021","3","39.904589","-75.150245","","6","0","0","1","0","0","0","0","0","","0","0","0","","","1","N","0","","39 54:16.522","2","0","75 09:00.882","8","0","0","0","67301","0","0","0","N","0","0","0","4","68K01","0","","1.0","919.0","1","N","N","N","0","","0","0","1","0","0","N","","4","1","0","0","0","1","0","2","0","4","","03","","N","","","","","","","","","",""
"2021041064","","1","0","0","0","0","0","0","0","0","4","0","","67","5","2021","4","40.082861","-75.000556","","6","0","0","0","0","0","0","0","0","","0","0","0","","","0","N","0","","40 04:58.300","","7","75 00:02.000","0","0","0","0","67301","0","0","0","N","0","0","0","2","67301","0","","1.0","","1","N","N","N","0","","0","0","1","0","0","","","2","0","0","0","0","0","0","2","0","2","","03","","N","","","","","","","","","",""
"2021070347","","0","0","0","0","0","0","0","0","0","4","0","","67","7","2021","5","40.044","-75.102649","","6","0","0","0","0","0","1","0","1","","0","0","0","","","1","","1","","40 02:38.401","4","0","75 06:09.537","2","0","0","0","67301","0","0","0","N","0","0","0","3","67301","0","","1.0","100.0","1","N","N","N","1","","0","1","2","3","2","N","","3","1","0","0","0","0","0","2","0","3","","03","","N","","","","","","","","","",""
"2021041808","","2","0","0","0","0","0","0","0","0","5","0","","67","5","2021","7","40.037675","-75.011623","","6","0","0","0","0","0","0","0","0","","0","0","0","","","0","N","0","","40 02:15.631","","0","75 00:41.844","0","0","0","0","67301","0","0","0","N","0","0","0","3","68K01","0","","1.0","","9","N","N","N","0","","0","0","0","0","0","","","3","0","0","0","0","0","0","2","1","3","","07","","N","","","","","","","","","",""
"2021069767","","0","0","0","0","0","0","0","0","0","6","0","","67","6","2021","2","39.965773","-75.186469","","6","0","0","0","0","0","1","0","0","","0","0","0","","","1","N","0","","39 57:56.783","","0","75 11:11.288","3","0","0","0","67301","0","0","0","N","0","0","0","2","68K01","0","","1.0","","1","N","N","N","0","","1","0","2","0","0","","","2","1","0","0","0","0","0","2","0","2","","","","N","","","","","","","","","",""
"2021070497","","3","0","0","0","0","0","0","0","0","5","0","","67","7","2021","4","40.003481","-75.101539","","6","0","0","0","0","0","0","0","0","","0","0","0","","","0","N","0","","40 00:12.530","","0","75 06:05.540","0","0","0","0","67301","0","0","0","N","0","0","0","1","67301","0","","1.0","","1","N","N","N","0","","0","0","0","0","0","","","3","0","1","0","0","0","0","2","0","3","","03","","N","","","","","","","","","",""
"2021041461","","2","0","0","0","0","0","0","0","0","1","0","","67","5","2021","7","40.101831","-75.013782","","6","0","0","0","0","0","1","0","0","","0","0","0","","","1","","1","","40 06:06.591","","0","75 00:49.615","3","0","0","0","67301","0","0","0","N","0","0","0","2","67301","0","","1.0","","1","N","N","N","0","","1","0","2","3","3","","","4","1","0","0","0","0","0","2","0","4","","","","N","","","","","","","","","",""
"2021041077","","1","0","0","0","0","0","0","0","0","4","0","","67","5","2021","5","40.042316","-75.050651","","6","0","0","0","0","0","0","0","0","","0","0","0","","","0","","1","","40 02:32.336","","0","75 03:02.342","0","0","0","0","67301","0","0","0","N","0","0","0","2","67301","0","","1.0","","1","N","N","N","0","","0","0","1","3","2","","","2","0","0","0","0","0","0","2","0","2","","03","","N","","","","","","","","","",""
"2021075629","","2","0","0","0","0","0","0","0","0","2","0","","67","8","2021","6","40.093864","-74.979694","","6","0","0","0","0","1","0","0","0","","0","0","0","","","0","","1","","40 05:37.912","","0","74 58:46.898","0","0","0","0","67301","0","0","0","N","0","0","0","2","67301","0","","1.0","","1","N","N","N","0","","0","0","0","3","2","","","2","0","0","0","0","0","0","2","0","2","","03","","N","","","","","","","","","",""
"2021041060","","1","0","0","0","0","0","0","0","0","4","0","","67","5","2021","5","39.958132","-75.150458","","6","0","0","0","0","0","0","0","0","","0","0","0","","","0","","1","","39 57:29.275","1","0","75 09:01.648","0","0","0","0","67301","0","0","0","N","0","0","0","2","67301","0","","1.0","1200.0","1","N","N","N","0","","0","0","1","3","2","N","","2","0","2","0","0","0","0","2","0","2","","03","","N","","","","","","","","","",""
"2021048222","","1","0","0","0","0","0","0","0","0","2","0","","67","5","2021","4","39.992361","-75.168806","","6","0","0","0","0","0","0","0","0","","0","0","0","","","0","N","0","","39 59:32.500","","0","75 10:07.700","9","0","0","0","67301","0","0","0","N","0","0","0","1","67301","0","","6.0","","1","N","N","N","1","","0","0","2","0","0","","","4","0","0","0","0","0","1","2","0","4","","03","","N","","","","","","","","","",""
"2021046144","","0","0","0","0","0","0","0","0","0","8","0","","67","5","2021","6","39.924713","-75.235563","","6","0","0","0","0","0","0","0","0","","0","0","0","","","1","","1","","39 55:28.966","","0","75 14:08.026","3","0","0","0","67301","1","0","0","N","1","0","0","2","67301","0","","1.0","","1","N","N","N","0","","1","0","0","0","0","","","2","1","0","0","0","0","0","2","0","1","","","","N","","","","","","","","","",""
"2021046939","","0","0","0","0","0","0","0","0","0","1","0","","67","5","2021","7","39.952385","-75.248903","","6","0","0","0","0","0","1","0","0","","0","0","0","","","0","N","0","","39 57:08.586","","0","75 14:56.050","0","0","0","0","67301","0","0","0","N","0","0","0","4","67301","0","","1.0","","1","N","N","N","1","","0","0","1","0","0","","","2","0","0","0","0","0","0","2","0","2","","04","","N","","","","","","","","","",""
"2021069903","","2","0","0","0","0","0","0","0","0","4","0","","67","7","2021","3","39.969323","-75.14323","","6","0","0","0","0","0","0","0","0","","0","0","0","","","0","","1","","39 58:09.564","","0","75 08:35.628","0","0","0","0","67301","0","0","0","N","0","0","0","2","67301","0","","1.0","","1","N","N","N","0","","0","0","0","3","3","","","2","0","2","0","0","0","0","2","0","2","","03","","N","","","","","","","","","",""
"2021070389","","0","0","0","0","0","0","0","0","0","2","1","","67","7","2021","4","40.094541","-75.015043","","6","0","0","0","0","0","1","0","0","","0","1","0","","","0","","1","","40 05:40.347","1","0","75 00:54.154","0","0","0","0","67301","0","0","0","N","0","0","0","2","67301","0","","1.0","1238.0","1","N","N","N","0","","0","0","1","3","2","Y","","2","0","0","0","0","0","0","2","0","2","","03","","N","","","","","","","","","",""
"2021041081","","1","0","0","0","0","0","0","0","0","1","0","","67","5","2021","2","39.942133","-75.168475","","6","0","0","0","0","0","0","0","1","","0","0","0","","","2","N","0","","39 56:31.680","4","0","75 10:06.510","3","0","0","0","67301","0","0","0","N","0","0","0","2","67301","0","","6.0","1300.0","1","N","N","Y","0","","2","0","1","0","0","Y","","2","2","0","0","0","0","0","2","0","2","","98","","N","","","","","","","","","",""
"2021042242","","0","0","0","0","0","0","0","0","0","7","0","","67","5","2021","5","39.943581","-75.192546","","6","0","0","0","0","0","0","0","0","","0","0","0","","","0","","7","","39 56:36.891","3","2","75 11:33.166","0","0","0","0","67301","0","0","0","Y","0","0","0","1","68K01","0","","7.0","1130.0","1","N","N","N","0","","0","0","1","0","0","N","","1","0","0","0","0","0","0","2","0","1","","","","N","","","","","","","","","",""
"2021070462","","1","0","0","0","0","0","0","0","0","2","0","","67","7","2021","7","39.94118","-75.205156","","6","0","0","0","0","0","0","0","1","","0","0","0","","","1","N","0","","39 56:28.247","","3","75 12:18.563","3","0","0","0","67301","0","0","0","N","0","0","0","2","67301","0","","1.0","","1","N","N","N","1","","1","0","0","0","0","","","2","1","2","0","0","0","0","2","0","2","","98","","N","","","","","","","","","",""
"2021039149","","0","0","0","0","0","0","0","0","0","4","0","","67","5","2021","7","40.035857","-75.077662","","6","0","0","0","0","0","1","0","0","","0","0","0","","","1","","1","","40 02:09.085","","0","75 04:39.583","3","0","0","0","67301","0","0","0","N","0","0","0","2","67301","0","","1.0","","1","N","N","N","0","","1","0","1","3","2","","","2","1","0","0","0","0","0","2","0","2","","03","","N","","","","","","","","","",""
"2021069768","","1","0","0","0","0","0","0","0","0","7","0","","67","6","2021","2","39.986478","-75.208094","","6","0","0","0","0","0","0","0","0","","0","0","0","","","0","N","0","","39 59:11.321","3","0","75 12:29.139","0","0","0","0","67301","0","0","0","N","0","0","0","1","68K01","0","","3.0","250.0","1","N","N","N","0","","0","0","0","0","0","N","","1","0","0","0","0","0","0","2","0","1","","","","N","","","","","","","","","",""