"CRN","ARRIVAL_TM","AUTOMOBILE_COUNT","BELTED_DEATH_COUNT","BELTED_SUSP_SERIOUS_INJ_COUNT","BICYCLE_COUNT","BICYCLE_DEATH_COUNT","BICYCLE_SUSP_SERIOUS_INJ_COUNT","BUS_COUNT","CHLDPAS_DEATH_COUNT","CHLDPAS_SUSP_SERIOUS_INJ_COUNT","COLLISION_TYPE","COMM_VEH_COUNT","CONS_ZONE_SPD_LIM","COUNTY","CRASH_MONTH","CRASH_YEAR","DAY_OF_WEEK","DEC_LATITUDE","DEC_LONGITUDE","DISPATCH_TM","DISTRICT","DRIVER_COUNT_16YR","DRIVER_COUNT_17YR","DRIVER_COUNT_18YR","DRIVER_COUNT_19YR","DRIVER_COUNT_20YR","DRIVER_COUNT_50_64YR","DRIVER_COUNT_65_74YR","DRIVER_COUNT_75PLUS","EST_HRS_CLOSED","FATAL_COUNT","HEAVY_TRUCK_COUNT","HORSE_BUGGY_COUNT","HOUR_OF_DAY","ILLUMINATION","INJURY_COUNT","INTERSECTION_RELATED","INTERSECT_TYPE","LANE_CLOSED","LATITUDE","LN_CLOSE_DIR","LOCATION_TYPE","LONGITUDE","MAX_SEVERITY_LEVEL","MCYCLE_DEATH_COUNT","MCYCLE_SUSP_SERIOUS_INJ_COUNT","MOTORCYCLE_COUNT","MUNICIPALITY","NONMOTR_COUNT","NONMOTR_DEATH_COUNT","NONMOTR_SUSP_SERIOUS_INJ_COUNT","NTFY_HIWY_MAINT","PED_COUNT","PED_DEATH_COUNT","PED_SUSP_SERIOUS_INJ_COUNT","PERSON_COUNT","POLICE_AGCY","POSSIBLE_INJ_COUNT","RDWY_SURF_TYPE_CD","RELATION_TO_ROAD","ROADWAY_CLEARED","ROAD_CONDITION","SCH_BUS_IND","SCH_ZONE_IND","SECONDARY_CRASH","SMALL_TRUCK_COUNT","SPEC_JURIS_CD","SUSP_MINOR_INJ_COUNT","SUSP_SERIOUS_INJ_COUNT","SUV_COUNT","TCD_FUNC_CD","TCD_TYPE","TFC_DETOUR_IND","TIME_OF_DAY","TOTAL_UNITS","TOT_INJ_COUNT","UNBELTED_OCC_COUNT","UNB_DEATH_COUNT","UNB_SUSP_SERIOUS_INJ_COUNT","UNK_INJ_DEG_COUNT","UNK_INJ_PER_COUNT","URBAN_RURAL","VAN_COUNT","VEHICLE_COUNT","WEATHER1","WEATHER2","WORKERS_PRES","WORK_ZONE_IND","WORK_ZONE_LOC","WORK_ZONE_TYPE","WZ_CLOSE_DETOUR","WZ_FLAGGER","WZ_LAW_OFFCR_IND","WZ_LN_CLOSURE","WZ_MOVING","WZ_OTHER","WZ_SHLDER_MDN","WZ_WORKERS_INJ_KILLED"
"2021039651","","1","0","0","0","0","0","0","0","0","2","0","","67","5","2021","7","40.010232","-75.098089","","6","0","0","0","0","0","0","0","0","","0","0","0","","","4","","1","","40 00:36.834","","0","75 05:53.119","3","0","0","0","67301","0","0","0","N","0","0","0","4","67301","0","","1.0","","1","N","N","N","0","","4","0","1","3","2","","","2","4","0","0","0","0","0","2","0","2","","03","","N","","","","","","","","","",""
"2021043324","","1","0","0","0","0","0","0","0","0","4","0","","67","5","2021","2","39.944694","-75.226342","","6","0","0","0","0","0","0","0","0","","0","0","0","","","5","","2","","39 56:40.900","","0","75 13:34.830","4","0","0","0","67301","0","0","0","N","0","0","0","8","67301","5","","1.0","","1","N","N","N","0","","0","0","1","3","3","","","2","5","0","0","0","0","1","2","0","2","","","","N","","","","","","","","","",""
"2021041593","","0","0","0","0","0","0","0","0","0","8","0","","67","5","2021","6","39.96444","-75.134259","","6","0","0","0","0","0","0","0","0","","0","0","0","","","1","","1","","39 57:51.984","","0","75 08:03.331","3","0","0","0","67301","1","0","0","N","1","0","0","2","67301","0","","1.0","","9","N","N","N","0","","1","0","1","3","2","","","2","1","0","0","0","0","0","2","0","1","","07","","N","","","","","","","","","",""
"2021073809","","1","0","0","0","0","0","0","0","0","7","0","","67","8","2021","7","40.003592","-75.190506","","6","0","0","1","0","0","0","0","0","","0","0","0","","","4","N","0","","40 00:12.931","2","0","75 11:25.822","3","0","0","0","67301","0","0","0","N","0","0","0","4","67301","0","","4.0","1030.0","1","N","N","Y","0","","4","0","0","0","0","N","","1","4","0","0","0","0","0","2","0","1","","","","N","","","","","","","","","",""
"2021039333","","2","0","0","0","0","0","0","0","0","5","0","","67","5","2021","1","39.95775","-75.190139","","6","0","0","0","0","0","0","0","0","","0","0","0","","","0","N","0","","39 57:27.900","","0","75 11:24.500","0","0","0","0","67301","0","0","0","N","0","0","0","1","67507","0","","6.0","","1","N","N","Y","0","","0","0","1","0","0","","","3","0","0","0","0","0","0","2","0","3","","03","","N","","","","","","","","","",""
"2021041277","","1","0","0","0","0","0","0","0","0","4","0","","67","5","2021","6","39.953723","-75.23228","","6","0","0","0","0","0","2","0","0","","0","0","0","","","1","","1","","39 57:13.402","","0","75 13:56.207","3","0","0","0","67301","0","0","0","N","0","0","0","3","67301","0","","1.0","","1","N","N","N","0","","1","0","1","3","3","","","3","1","0","0","0","0","0","2","1","3","","03","","N","","","","","","","","","",""
"2021042740","","3","0","0","0","0","0","0","0","0","4","0","","67","5","2021","4","39.960442","-75.241062","","6","0","0","0","0","0","0","0","0","","0","0","0","","","1","","1","","39 57:37.591","","0","75 14:27.822","3","0","0","0","67301","0","0","0","N","0","0","0","3","67301","0","","1.0","","8","N","N","N","0","","1","0","0","3","2","","","3","1","0","0","0","0","0","2","0","3","","04","","N","","","","","","","","","",""
"2021069708","","0","0","0","0","0","0","0","0","0","4","0","","67","7","2021","7","40.063808","-75.172901","","6","0","0","0","0","0","1","0","0","","1","0","0","","","0","N","1","","40 03:49.709","7","0","75 10:22.442","1","1","0","1","67301","0","0","0","N","0","0","0","3","67301","0","2","1.0","530.0","1","N","N","N","0","0","0","0","1","3","2","Y","","2","0","1","0","0","0","0","2","0","2","","03","","N","","","","","","","","","",""
"2021042030","","2","0","0","0","0","0","0","0","0","1","0","45","67","5","2021","7","39.980277","-75.105259","","6","0","0","0","0","0","1","0","0","","0","0","0","","","2","N","0","","39 58:48.996","2","3","75 06:18.931","4","0","0","0","67301","0","0","0","N","0","0","0","4","68K01","2","","1.0","30.0","1","N","N","N","0","","0","0","0","0","0","N","","2","2","0","0","0","0","1","2","0","2","","","N","Y","4","1","","","N","Y","","","Y","N"
"2021041103","","2","0","0","0","0","0","0","0","0","4","0","","67","5","2021","3","40.017181","-75.171849","","6","0","0","0","0","0","1","0","0","","0","0","0","","","0","N","0","","40 01:01.852","","0","75 10:18.657","0","0","0","0","67301","0","0","0","N","0","0","0","2","67301","0","","1.0","","1","N","N","N","0","","0","0","0","0","0","","","2","0","0","0","0","0","0","2","0","2","","03","","N","","","","","","","","","",""
"2021042267","","1","0","0","0","0","0","0","0","0","7","0","","67","5","2021","6","40.030946","-75.021777","","6","0","0","0","0","0","0","0","0","","0","0","0","","","0","N","0","","40 01:51.407","","3","75 01:18.397","0","0","0","0","67301","0","0","0","N","0","0","0","1","68K01","0","","3.0","","9","N","N","N","0","","0","0","0","0","0","","","1","0","0","0","0","0","0","2","0","1","","","","N","","","","","","","","","",""
"2021070379","","1","0","0","0","0","0","0","0","0","4","1","","67","7","2021","4","40.107379","-75.028214","","6","0","0","0","0","0","0","1","0","","0","1","0","","","0","","2","","40 06:26.565","","0","75 01:41.570","9","0","0","0","67301","0","0","0","N","0","0","0","2","67301","0","","1.0","","1","N","N","N","0","","0","0","1","3","3","","","3","0","0","0","0","0","1","2","0","3","","","","N","","","","","","","","","",""
"2021042024","","1","0","0","0","0","0","0","0","0","7","0","","67","5","2021","6","40.030101","-75.022154","","6","0","0","0","0","0","0","0","0","","0","0","0","","","0","N","0","","40 01:48.364","2","3","75 01:19.754","0","0","0","0","67301","0","0","0","N","0","0","0","1","68K01","0","","4.0","25.0","9","N","N","N","0","","0","0","0","0","0","N","","1","0","0","0","0","0","0","2","0","1","","07","","N","","","","","","","","","",""
"2021040450","","1","0","0","0","0","0","0","0","0","7","0","","67","5","2021","4","39.977447","-75.126214","","6","0","0","0","0","0","0","0","0","","0","0","0","","","1","N","0","","39 58:38.810","","0","75 07:34.370","4","0","0","0","67301","0","0","0","N","0","0","0","1","67301","1","","5.0","","1","N","N","N","0","","0","0","0","0","0","","","1","1","1","0","0","0","0","2","0","1","","03","","N","","","","","","","","","",""
"2021041648","","2","0","0","0","0","0","0","0","0","4","0","","67","5","2021","5","39.927258","-75.236326","","6","0","0","0","0","0","0","0","0","","0","0","0","","","0","","1","","39 55:38.128","","0","75 14:10.774","0","0","0","0","67301","0","0","0","N","0","0","0","2","67301","0","","1.0","","1","N","N","N","0","","0","0","0","3","3","","","2","0","2","0","0","0","0","2","0","2","","03","","N","","","","","","","","","",""
"2021070442","","1","0","0","0","0","0","0","0","0","7","0","","67","7","2021","2","40.00853","-75.091526","","6","0","0","0","0","0","0","0","0","","0","0","0","","","1","N","1","","40 00:30.707","","0","75 05:29.493","4","0","0","0","67301","0","0","0","N","0","0","0","3","67301","1","","4.0","","1","N","N","N","0","","0","0","0","3","2","","","1","1","0","0","0","0","1","2","0","1","","","","N","","","","","","","","","",""
"2021041061","","2","0","0","0","0","0","0","0","0","1","0","","67","5","2021","4","40.102141","-75.039179","","6","0","0","0","0","0","1","0","0","","0","0","0","","","1","Y","0","","40 06:07.709","","0","75 02:21.046","3","0","0","0","67301","0","0","0","N","0","0","0","2","67301","0","","1.0","","1","N","N","N","0","","1","0","0","3","2","","","2","1","0","0","0","0","0","2","0","2","","04","","N","","","","","","","","","",""
"2021041375","","0","0","0","0","0","0","0","0","0","8","0","","67","5","2021","1","39.986924","-75.161045","","6","0","0","0","0","0","0","0","0","","0","0","0","","","1","","1","","39 59:12.926","","0","75 09:39.762","8","0","0","0","67301","1","0","0","N","1","0","0","2","67301","0","","1.0","","1","N","N","N","0","","0","0","1","3","2","","","2","1","1","0","0","1","0","2","0","1","","03","","N","","","","","","","","","",""
"2021069100","","1","0","0","0","0","0","0","0","0","1","0","","67","7","2021","6","39.926554","-75.194758","","6","1","0","0","0","0","2","0","0","","0","0","0","","","3","N","0","","39 55:35.595","3","0","75 11:41.129","4","0","0","0","67301","0","0","0","N","0","0","0","8","68K01","3","","1.0","2140.0","1","N","N","N","2","","0","0","2","0","0","N","","5","3","0","0","0","0","0","2","0","5","","","","N","","","","","","","","","",""
"2021053666","","2","0","0","0","0","0","0","0","0","6","0","","67","6","2021","5","40.028708","-75.146887","","6","0","0","0","0","0","0","0","0","","0","0","0","","","0","N","0","","40 01:43.347","","0","75 08:48.792","9","0","0","0","67301","0","0","0","N","0","0","0","1","67301","0","","6.0","","9","N","N","N","0","","0","0","0","0","0","","","2","0","0","0","0","0","1","2","0","2","","","","N","","","","","","","","","",""
"2021073451","","1","0","0","0","0","0","0","0","0","8","0","","67","8","2021","6","39.983225","-75.171956","","6","0","0","0","0","0","0","0","0","","0","0","0","","","1","N","0","","39 58:59.610","","0","75 10:19.040","2","0","0","0","67301","1","0","1","N","1","0","1","1","67301","0","","1.0","","1","N","N","N","0","","0","1","0","0","0","","","2","1","0","0","0","0","0","2","0","1","","03","","N","","","","","","","","","",""
"2021069159","","1","0","0","0","0","0","0","0","0","5","1","45","67","7","2021","3","40.005611","-75.075337","","6","0","0","0","0","0","1","0","0","","0","1","0","","","0","N","0","","40 00:20.198","2","0","75 04:31.213","0","0","0","0","67301","0","0","0","N","0","0","0","3","68K01","0","","1.0","825.0","1","N","N","N","0","","0","0","1","0","0","N","","3","0","0","0","0","0","0","2","0","3","","","N","Y","2","1","","","N","","","","Y","N"
"2021042843","","0","0","0","0","0","0","0","0","0","7","0","","67","5","2021","6","39.904045","-75.240114","","6","0","0","0","0","0","0","0","0","","0","0","0","","","1","","1","","39 54:14.563","","0","75 14:24.409","3","0","0","1","67301","0","0","0","N","0","0","0","1","67301","0","","4.0","","1","N","N","N","0","","1","0","0","3","2","","","1","1","0","0","0","0","0","2","0","1","","03","","N","","","","","","","","","",""
"2021069179","","1","0","0","0","0","0","0","0","0","1","0","","67","7","2021","5","39.970078","-75.125923","","6","0","0","0","0","0","0","0","0","","0","0","0","","","0","N","0","","39 58:12.280","","0","75 07:33.321","0","0","0","0","67301","0","0","0","N","0","0","0","2","68K01","0","","1.0","","1","N","N","N","0","","0","0","1","0","0","","","2","0","0","0","0","0","0","2","0","2","","","","N","","","","","","","","","",""
"2021070515","","0","0","0","0","0","0","0","0","0","8","0","","67","7","2021","5","40.021716","-75.139801","","6","0","0","0","0","0","0","0","0","","0","0","0","","","1","","1","","40 01:18.177","","0","75 08:23.284","2","0","0","0","67301","1","0","1","N","1","0","1","1","67301","0","","1.0","","1","N","N","N","0","","0","1","0","3","2","U","","2","1","0","0","0","0","0","2","0","1","","03","","N","","","","","","","","","",""
"2021070522","","1","0","0","0","0","0","0","0","0","1","0","","67","7","2021","6","40.015144","-75.147203","","6","0","0","0","0","0","0","0","0","","0","0","0","","","1","N","0","","40 00:54.520","","0","75 08:49.930","4","0","0","0","67301","0","0","0","N","0","0","0","2","67301","1","","1.0","","1","N","N","N","0","","0","0","1","3","2","U","","2","1","0","0","0","0","1","2","0","2","","","","N","","","","","","","","","",""
"2021044012","","0","0","0","0","0","0","0","0","0","8","0","","67","5","2021","7","39.976706","-75.241983","","6","0","0","0","0","0","1","0","0","","0","0","0","","","1","N","0","","39 58:36.140","","0","75 14:31.140","3","0","0","0","67301","1","0","0","N","1","0","0","2","67301","0","","1.0","","1","N","N","N","0","","1","0","1","0","0","","","2","1","0","0","0","0","0","2","0","1","","","","N","","","","","","","","","",""
"2021054711","","2","0","0","0","0","0","0","0","0","4","0","","67","6","2021","2","39.940486","-75.231628","","6","0","0","0","0","0","0","0","0","","0","0","0","","","1","N","0","","39 56:25.750","","0","75 13:53.860","8","0","0","0","67301","0","0","0","N","0","0","0","1","67301","0","","1.0","","1","N","N","N","0","","0","0","0","0","0","","","2","1","0","0","0","1","0","2","0","2","","03","","N","","","","","","","","","",""
"2021041422","","2","0","0","0","0","0","0","0","0","1","0","","67","5","2021","4","39.944618","-75.191186","","6","0","0","0","0","0","0","0","0","","0","0","0","","","1","N","0","","39 56:40.623","","2","75 11:28.269","3","0","0","0","67301","0","0","0","N","0","0","0","5","68K01","0","","1.0","","1","N","N","N","0","","1","0","1","0","0","","","3","1","0","0","0","0","0","2","0","3","","","","N","","","","","","","","","",""
"2021039652","","1","0","0","0","0","0","0","0","0","6","0","","67","5","2021","1","39.989519","-75.118329","","6","0","0","0","0","0","1","0","0","","0","0","0","","","0","","2","","39 59:22.267","","0","75 07:05.986","0","0","0","0","67301","0","0","0","N","0","0","0","2","67301","0","","1.0","","1","N","N","N","0","","0","0","2","0","0","","","3","0","2","0","0","0","0","2","0","3","","03","","N","","","","","","","","","",""
"2021075339","","1","0","0","0","0","0","0","0","0","7","0","","67","8","2021","2","39.976468","-75.13504","","6","0","0","0","0","0","0","0","0","","0","0","0","","","0","N","2","","39 58:35.284","","0","75 08:06.143","0","0","0","0","67301","0","0","0","N","0","0","0","1","67301","0","","5.0","","1","N","N","N","0","","0","0","0","0","0","","","1","0","0","0","0","0","0","2","0","1","","03","","N","","","","","","","","","",""
"2021069809","","1","0","0","0","0","0","0","0","0","8","0","","67","7","2021","5","39.951859","-75.171915","","6","0","0","0","0","0","0","0","0","","0","0","0","","","1","","1","","39 57:06.693","","0","75 10:18.895","8","0","0","0","67301","1","0","0","N","1","0","0","1","67301","0","","1.0","","1","N","N","N","0","","0","0","0","3","2","U","","2","1","0","0","0","1","0","2","0","1","","03","","N","","","","","","","","","",""
"2021044008","","1","0","0","0","0","0","0","0","0","4","0","","67","5","2021","6","39.967819","-75.22813","","6","0","0","0","0","0","0","1","0","","0","0","0","","","3","","1","","39 58:04.148","2","0","75 13:41.267","3","0","0","0","67301","0","0","0","N","0","0","0","3","67301","0","","1.0","1000.0","1","N","N","N","0","","3","0","2","3","2","Y","","3","3","0","0","0","0","0","2","0","3","","03","","N","","","","","","","","","",""
"2021040454","","2","0","0","0","0","0","0","0","0","4","0","","67","5","2021","4","39.976176","-75.160962","","6","0","0","0","0","0","0","0","0","","0","0","0","","","0","","1","","39 58:34.232","","0","75 09:39.464","0","0","0","0","67301","0","0","0","N","0","0","0","2","67505","0","","1.0","","9","N","N","N","0","","0","0","0","3","3","","","2","0","0","0","0","0","0","2","0","2","","07","","N","","","","","","","","","",""
"2021041090","","1","0","0","0","0","0","0","0","0","4","0","","67","5","2021","3","39.990543","-75.127864","","6","0","0","0","0","0","1","0","0","","0","0","0","","","1","N","0","","39 59:25.955","","7","75 07:40.312","3","0","0","0","67301","0","0","0","N","0","0","0","2","67301","0","","1.0","","1","N","N","N","0","","1","0","1","0","0","","","2","1","0","0","0","0","0","2","0","2","","03","","N","","","","","","","","","",""
"2021070374","","1","0","0","0","0","0","0","0","0","8","0","","67","7","2021","3","39.945732","-75.154781","","6","0","0","0","0","0","1","0","0","","0","0","0","","","1","","1","","39 56:44.634","","0","75 09:17.213","3","0","0","0","67301","1","0","0","N","1","0","0","2","67301","0","","1.0","","1","N","N","N","0","","1","0","0","3","2","","","2","1","0","0","0","0","0","2","0","1","","03","","N","","","","","","","","","",""
"2021039556","","1","0","0","0","0","0","0","0","0","5","0","","67","5","2021","1","39.997999","-75.187562","","6","0","0","0","0","0","1","0","0","","0","0","0","","","1","N","0","","39 59:52.796","","0","75 11:15.222","3","0","0","0","67301","0","0","0","N","0","0","0","3","67301","0","","1.0","","1","N","N","N","0","","1","0","1","0","0","","","2","1","0","0","0","0","0","2","0","2","","03","","N","","","","","","","","","",""
"2021069909","","2","0","0","0","0","0","0","0","0","2","0","","67","7","2021","2","40.038972","-75.150035","","6","0","0","0","0","0","0","0","0","","0","0","0","","","1","","1","","40 02:20.299","","0","75 09:00.127","3","0","0","0","67301","0","0","0","N","0","0","0","2","67301","0","","1.0","","9","N","N","N","0","","1","0","0","3","2","U","","2","1","0","0","0","0","1","2","0","2","","04","","N","","","","","","","","","",""
"2021070681","","2","0","0","0","0","0","0","0","0","5","0","","67","7","2021","1","40.065469","-75.019656","","6","0","0","0","0","0","0","0","0","","0","0","0","","","1","N","0","","40 03:55.690","","0","75 01:10.760","3","0","0","0","67301","0","0","0","N","0","0","0","1","67301","0","","1.0","","1","N","N","N","0","","1","0","0","0","0","","","2","1","0","0","0","0","0","2","0","2","","03","","N","","","","","","","","","",""
"2021070348","","1","0","0","0","0","0","0","0","0","8","0","","67","7","2021","6","40.054351","-75.071655","","6","0","0","0","0","0","0","0","0","","0","0","0","","","1","","1","","40 03:15.663","","0","75 04:17.959","2","0","0","0","67301","1","0","1","N","1","0","1","2","67301","0","","1.0","","1","N","N","N","0","","0","1","0","3","2","","","2","1","0","0","0","0","0","2","0","1","","","","N","","","","","","","","","",""
"2021045463","","1","0","0","0","0","0","0","0","0","4","0","","67","5","2021","1","40.004199","-75.099379","","6","0","0","0","0","0","0","0","0","","0","0","0","","","1","","1","","40 00:15.118","","1","75 05:57.764","2","0","1","1","67301","0","0","0","N","0","0","0","2","67301","0","","1.0","","1","N","N","N","0","","0","1","0","3","1","","","2","1","0","0","0","0","0","2","0","2","","","","N","","","","","","","","","",""
"2021039069","","1","0","0","0","0","0","0","0","0","4","0","","67","5","2021","7","39.977806","-75.162221","","6","0","0","0","1","0","0","0","0","","0","0","0","","","0","","1","","39 58:40.101","4","0","75 09:43.997","0","0","0","0","67301","0","0","0","N","0","0","0","3","67505","0","","1.0","300.0","1","N","N","N","0","","0","0","3","3","3","Y","","4","0","0","0","0","0","0","2","0","4","","03","","N","","","","","","","","","",""
"2021041390","","1","0","0","0","0","0","0","0","0","4","0","","67","5","2021","7","39.982517","-75.151592","","6","0","0","0","0","0","1","0","0","","0","0","0","","","2","","1","","39 58:57.061","","0","75 09:05.731","3","0","0","0","67301","0","0","0","N","0","0","0","4","67505","0","","1.0","","1","N","N","N","1","","1","0","0","3","2","","","2","2","0","0","0","1","1","2","0","2","","04","","N","","","","","","","","","",""
"2021039901","","3","0","0","0","0","0","0","0","0","1","1","","67","5","2021","2","40.031728","-75.168149","","6","0","0","0","0","0","1","1","0","","0","1","0","","","0","N","0","","40 01:54.220","","0","75 10:05.337","9","0","0","0","67301","0","0","0","N","0","0","0","6","67301","0","","1.0","","1","N","N","N","0","","0","0","0","0","0","","","4","0","0","0","0","0","5","2","0","4","","","","N","","","","","","","","","",""
"2021070520","","2","0","0","0","0","0","1","0","0","4","1","","67","7","2021","6","39.999745","-75.138532","","6","0","0","0","0","0","1","0","0","","0","0","0","","","6","","1","","39 59:59.082","6","0","75 08:18.715","2","0","0","0","67301","0","0","0","N","0","0","0","6","67301","5","","1.0","900.0","1","N","N","N","1","","0","1","0","3","2","Y","","4","6","1","0","1","0","0","2","0","4","","03","","N","","","","","","","","","",""
"2021040448","","2","0","0","0","0","0","0","0","0","1","0","","67","5","2021","4","39.96742","-75.225012","","6","0","0","0","0","0","0","0","0","","0","0","0","","","1","N","0","","39 58:02.711","","0","75 13:30.043","4","0","0","0","67301","0","0","0","N","0","0","0","2","67301","1","","1.0","","1","N","N","N","0","","0","0","0","0","0","","","3","1","1","0","0","0","1","2","1","3","","","","N","","","","","","","","","",""
"2021048488","","0","0","0","0","0","0","0","0","0","0","0","","67","5","2021","5","39.977392","-75.200046","","6","0","0","0","0","0","0","0","0","","0","0","0","","","1","N","0","","39 58:38.612","4","0","75 12:00.164","8","0","0","1","67301","0","0","0","N","0","0","0","1","68K01","0","","1.0","30.0","1","N","N","N","0","","0","0","0","0","0","N","","1","1","0","0","0","1","0","2","0","1","","","","N","","","","","","","","","",""
"2021069390","","1","0","0","0","0","0","0","0","0","4","0","","67","7","2021","3","40.048","-74.99912","","6","0","0","0","0","1","0","1","0","","0","0","0","","","1","N","0","","40 02:52.800","1","0","74 59:56.833","3","0","0","0","67301","0","0","0","Y","0","0","0","2","68K01","0","","4.0","1030.0","1","N","N","N","0","","1","0","1","0","0","Y","","2","1","1","0","0","0","0","2","0","2","","","","N","","","","","","","","","",""
"2021050170","","2","0","0","0","0","0","0","0","0","1","0","","67","5","2021","6","39.978048","-75.153248","","6","0","0","0","0","0","0","0","0","","0","0","0","","","0","N","0","","39 58:40.974","","0","75 09:11.694","0","0","0","0","67301","0","0","0","N","0","0","0","1","67505","0","","6.0","","1","N","N","Y","0","","0","0","1","0","0","","","3","0","0","0","0","0","0","2","0","3","","","","N","","","","","","","","","",""
"2021053640","","1","0","0","0","0","0","0","0","0","1","0","","67","5","2021","6","40.005878","-75.149766","","6","0","0","0","0","0","0","0","0","","0","0","0","","","1","","5","","40 00:21.160","","0","75 08:59.157","4","0","0","0","67301","0","0","0","N","0","0","0","2","67301","1","","1.0","","1","N","N","N","0","","0","0","0","3","2","","","2","1","0","0","0","0","0","2","0","2","","","","N","","","","","","","","","",""
"2021070344","","1","0","0","0","0","0","0","0","0","1","0","","67","7","2021","2","40.053212","-75.069664","","6","0","0","0","0","0","1","0","0","","0","0","0","","","1","N","0","","40 03:11.563","","0","75 04:10.790","3","0","0","0","67301","0","0","0","N","0","0","0","3","67301","0","","1.0","","1","N","N","N","0","","1","0","2","0","0","","","3","1","0","0","0","0","0","2","0","3","","03","","N","","","","","","","","","",""
"2021065613","","1","0","0","0","0","0","0","0","0","5","0","","67","7","2021","5","39.946109","-75.19802","","6","0","0","0","0","0","2","0","0","","0","0","0","","","0","N","1","","39 56:45.994","","0","75 11:52.872","0","0","0","0","67301","0","0","0","N","0","0","0","2","67504","0","","1.0","","1","N","N","N","1","","0","0","0","3","2","","","2","0","0","0","0","0","0","2","0","2","","","","N","","","","","","","","","",""
"2021051897","","0","0","0","0","0","0","0","0","0","8","0","","67","5","2021","5","39.925378","-75.225813","","6","0","0","0","0","0","0","0","0","","0","0","0","","","1","","2","","39 55:31.362","","0","75 13:32.927","8","0","0","0","67301","1","0","0","N","1","0","0","2","67508","0","","1.0","","1","N","N","Y","0","","0","0","0","0","0","","","2","1","0","0","0","1","0","2","0","1","","03","","N","","","","","","","","","",""
"2021070530","","2","0","0","0","0","0","0","0","0","5","1","","67","7","2021","3","39.987739","-75.142894","","6","0","0","0","0","0","0","0","0","","0","1","0","","","0","N","0","","39 59:15.860","","0","75 08:34.420","9","0","0","0","67301","0","0","0","N","0","0","0","1","67301","0","","6.0","","1","N","N","N","0","","0","0","0","0","0","","","3","0","0","0","0","0","1","2","0","3","","03","","N","","","","","","","","","",""
"2021040553","","0","0","0","0","0","0","0","0","0","8","0","","67","5","2021","4","39.946056","-75.156278","","6","0","0","0","0","0","1","0","0","","0","0","0","","","1","N","0","","39 56:45.800","","0","75 09:22.600","3","0","0","0","67301","1","0","0","N","1","0","0","2","67301","0","","4.0","","9","N","N","N","1","","1","0","0","0","0","","","2","1","1","0","0","0","0","2","0","1","","07","","N","","","","","","","","","",""
"2021039076","","1","0","0","0","0","0","0","0","0","4","0","","67","5","2021","7","39.98558","-75.156298","","6","0","0","0","1","0","0","0","0","","0","0","0","","","0","N","0","","39 59:08.087","","0","75 09:22.671","0","0","0","0","67301","0","0","0","N","0","0","0","2","67505","0","","1.0","","1","N","N","N","0","","0","0","1","0","0","","","2","0","0","0","0","0","0","2","0","2","","03","","N","","","","","","","","","",""
"2021041088","","0","0","0","0","0","0","0","0","0","5","0","","67","5","2021","1","39.994083","-75.126269","","6","0","0","0","0","0","0","0","0","","0","0","0","","","0","N","0","","39 59:38.700","1","0","75 07:34.570","0","0","0","0","67301","0","0","0","N","0","0","0","8","67301","0","","6.0","1430.0","1","N","N","N","0","","0","0","2","0","0","Y","","2","0","0","0","0","0","0","2","0","2","","03","","N","","","","","","","","","",""
"2021070484","","1","0","0","0","0","0","0","0","0","7","0","","67","7","2021","7","39.975096","-75.158585","","6","0","0","0","0","0","0","0","0","","0","0","0","","","0","N","0","","39 58:30.347","","0","75 09:30.905","0","0","0","0","67301","0","0","0","N","0","0","0","0","67301","0","","5.0","","1","N","N","N","0","","0","0","0","0","0","","","1","0","0","0","0","0","0","2","0","1","","","","N","","","","","","","","","",""
"2021041102","","0","0","0","0","0","0","0","0","0","4","0","","67","5","2021","5","40.025873","-75.153793","","6","0","0","0","0","0","0","1","0","","0","0","0","","","0","","1","","40 01:33.142","","0","75 09:13.654","9","0","0","0","67301","0","0","0","N","0","0","0","2","67301","0","","1.0","","99","N","N","N","0","","0","0","2","3","3","","","2","0","2","0","0","0","1","2","0","2","","","","N","","","","","","","","","",""
"2021041067","","1","0","0","0","0","0","0","0","0","8","0","99","67","5","2021","2","40.052391","-75.007889","","6","0","0","0","0","0","0","0","0","","0","0","0","","","1","","1","","40 03:08.606","","0","75 00:28.400","8","0","0","0","67301","1","0","0","N","1","0","0","2","67301","0","","1.0","","99","N","N","N","0","","0","0","0","3","2","","","2","1","0","0","0","1","0","2","0","1","","","Y","Y","8","2","","Y","N","","","","","Y"
"2021042006","","0","0","0","0","0","0","0","0","0","7","0","","67","5","2021","5","39.959344","-75.180679","","6","0","0","0","0","0","0","0","0","","0","0","0","","","1","N","0","","39 57:33.638","4","0","75 10:50.445","8","0","0","0","67301","0","0","0","N","0","0","0","1","68K01","0","","4.0","30.0","1","N","N","N","0","","0","0","1","0","0","N","","1","1","1","0","0","1","0","2","0","1","","03","","N","","","","","","","","","",""
"2021064339","","2","0","0","0","0","0","0","0","0","1","0","","67","6","2021","3","40.009819","-75.112653","","6","0","0","0","0","0","0","0","0","","0","0","0","","","1","N","0","","40 00:35.350","","0","75 06:45.550","8","0","0","0","67301","0","0","0","N","0","0","0","3","67301","0","","1.0","","9","N","N","N","0","","0","0","0","0","0","","","2","1","0","0","0","1","0","2","0","2","","04","","N","","","","","","","","","",""
"2021044233","","0","0","0","0","0","0","0","0","0","4","0","","67","5","2021","2","39.991883","-75.233669","","6","0","0","0","0","0","1","0","0","","0","0","0","","","1","","1","","39 59:30.778","2","0","75 14:01.208","3","0","0","0","67301","0","0","0","N","0","0","0","4","67301","0","","1.0","1800.0","9","N","N","N","0","","1","0","2","3","2","Y","","2","1","0","0","0","0","2","2","0","2","","07","","N","","","","","","","","","",""