"CRN","ARRIVAL_TM","AUTOMOBILE_COUNT","BELTED_DEATH_COUNT","BELTED_SUSP_SERIOUS_INJ_COUNT","BICYCLE_COUNT","BICYCLE_DEATH_COUNT","BICYCLE_SUSP_SERIOUS_INJ_COUNT","BUS_COUNT","CHLDPAS_DEATH_COUNT","CHLDPAS_SUSP_SERIOUS_INJ_COUNT","COLLISION_TYPE","COMM_VEH_COUNT","CONS_ZONE_SPD_LIM","COUNTY","CRASH_MONTH","CRASH_YEAR","DAY_OF_WEEK","DEC_LATITUDE","DEC_LONGITUDE","DISPATCH_TM","DISTRICT","DRIVER_COUNT_16YR","DRIVER_COUNT_17YR","DRIVER_COUNT_18YR","DRIVER_COUNT_19YR","DRIVER_COUNT_20YR","DRIVER_COUNT_50_64YR","DRIVER_COUNT_65_74YR","DRIVER_COUNT_75PLUS","EST_HRS_CLOSED","FATAL_COUNT","HEAVY_TRUCK_COUNT","HORSE_BUGGY_COUNT","HOUR_OF_DAY","ILLUMINATION","INJURY_COUNT","INTERSECTION_RELATED","INTERSECT_TYPE","LANE_CLOSED","LATITUDE","LN_CLOSE_DIR","LOCATION_TYPE","LONGITUDE","MAX_SEVERITY_LEVEL","MCYCLE_DEATH_COUNT","MCYCLE_SUSP_SERIOUS_INJ_COUNT","MOTORCYCLE_COUNT","MUNICIPALITY","NONMOTR_COUNT","NONMOTR_DEATH_COUNT","NONMOTR_SUSP_SERIOUS_INJ_COUNT","NTFY_HIWY_MAINT","PED_COUNT","PED_DEATH_COUNT","PED_SUSP_SERIOUS_INJ_COUNT","PERSON_COUNT","POLICE_AGCY","POSSIBLE_INJ_COUNT","RDWY_SURF_TYPE_CD","RELATION_TO_ROAD","ROADWAY_CLEARED","ROAD_CONDITION","SCH_BUS_IND","SCH_ZONE_IND","SECONDARY_CRASH","SMALL_TRUCK_COUNT","SPEC_JURIS_CD","SUSP_MINOR_INJ_COUNT","SUSP_SERIOUS_INJ_COUNT","SUV_COUNT","TCD_FUNC_CD","TCD_TYPE","TFC_DETOUR_IND","TIME_OF_DAY","TOTAL_UNITS","TOT_INJ_COUNT","UNBELTED_OCC_COUNT","UNB_DEATH_COUNT","UNB_SUSP_SERIOUS_INJ_COUNT","UNK_INJ_DEG_COUNT","UNK_INJ_PER_COUNT","URBAN_RURAL","VAN_COUNT","VEHICLE_COUNT","WEATHER1","WEATHER2","WORKERS_PRES","WORK_ZONE_IND","WORK_ZONE_LOC","WORK_ZONE_TYPE","WZ_CLOSE_DETOUR","WZ_FLAGGER","WZ_LAW_OFFCR_IND","WZ_LN_CLOSURE","WZ_MOVING","WZ_OTHER","WZ_SHLDER_MDN","WZ_WORKERS_INJ_KILLED"
"2021043326","","3","0","0","0","0","0","0","0","0","6","0","","67","5","2021","6","39.945028","-75.231767","","6","0","0","0","0","0","0","0","0","","0","0","0","","","0","N","0","","39 56:42.100","","0","75 13:54.360","0","0","0","0","67301","0","0","0","N","0","0","0","2","67301","0","","1.0","","1","N","N","N","0","","0","0","1","0","0","","","5","0","0","0","0","0","0","2","1","5","","03","","N","","","","","","","","","",""
"2021042275","","1","0","0","0","0","0","0","0","0","7","0","","67","5","2021","7","40.037813","-75.011914","","6","0","0","0","0","0","0","0","0","","0","0","0","","","0","N","0","","40 02:16.126","","0","75 00:42.892","0","0","0","0","67301","0","0","0","N","0","0","0","1","68K01","0","","4.0","","8","N","N","N","0","","0","0","0","0","0","","","1","0","0","0","0","0","0","2","0","1","","07","","N","","","","","","","","","",""
"2021039899","","3","0","0","0","0","0","0","0","0","5","0","","67","5","2021","7","40.012561","-75.161145","","6","0","0","0","0","0","0","0","0","","0","0","0","","","2","N","0","","40 00:45.220","","0","75 09:40.121","4","0","0","0","67301","0","0","0","N","0","0","0","8","67301","1","","1.0","","1","N","N","N","0","","0","0","1","0","0","","","4","2","0","0","0","1","1","2","0","4","","03","","N","","","","","","","","","",""
"2021069184","","0","0","0","0","0","0","0","0","0","1","0","","67","7","2021","7","39.959912","-75.1781","","6","0","0","0","0","0","1","1","0","","0","0","0","","","1","N","0","","39 57:35.683","1","0","75 10:41.159","3","0","0","0","67301","0","0","0","N","0","0","0","4","68K01","0","","1.0","1610.0","1","N","N","N","1","","1","0","1","0","0","N","","2","1","0","0","0","0","0","2","0","2","","","","N","","","","","","","","","",""
"2021070545","","1","0","0","0","0","0","0","0","0","4","0","","67","7","2021","7","40.027644","-75.14723","","6","0","0","0","0","0","1","0","0","","0","0","0","","","1","","1","","40 01:39.520","","0","75 08:50.028","8","0","0","0","67301","0","0","0","N","0","0","0","2","67301","0","","1.0","","99","N","N","N","0","","0","0","1","3","2","U","","3","1","0","0","0","1","1","2","0","3","","","","N","","","","","","","","","",""
"2021040342","","0","0","0","0","0","0","0","0","0","1","0","","67","5","2021","1","39.914278","-75.2215","","6","0","0","0","0","0","0","1","0","","0","0","0","","","1","","2","","39 54:51.400","","0","75 13:17.400","3","0","0","0","67301","0","0","0","N","0","0","0","3","67301","0","","1.0","","1","N","N","N","0","","1","0","2","3","2","","","3","1","0","0","0","0","0","2","1","3","","","","N","","","","","","","","","",""
"2021070205","","0","0","0","0","0","0","0","0","0","5","0","","67","5","2021","5","40.042194","-75.164722","","6","0","0","0","0","0","0","0","0","","0","0","0","","","0","N","0","","40 02:31.900","","0","75 09:53.000","0","0","0","0","67301","0","0","0","N","0","0","0","1","67301","0","","6.0","","1","N","N","Y","0","","0","0","1","0","0","","","2","0","0","0","0","0","0","2","1","2","","03","","N","","","","","","","","","",""
"2021046933","","1","0","0","0","0","0","0","0","0","4","0","","67","5","2021","3","39.964512","-75.204522","","6","0","0","0","0","0","0","0","0","","0","0","0","","","0","","2","","39 57:52.244","","0","75 12:16.279","0","0","0","0","67301","0","0","0","N","0","0","0","2","67301","0","","1.0","","1","N","N","N","0","","0","0","1","0","0","","","2","0","1","0","0","0","0","2","0","2","","03","","N","","","","","","","","","",""
"2021042251","","1","0","0","0","0","0","0","0","0","1","0","45","67","5","2021","5","40.009186","-75.06683","","6","0","0","0","0","0","1","0","0","","0","0","0","","","1","N","0","","40 00:33.068","1","0","75 04:00.589","8","0","0","0","67301","0","0","0","N","0","0","0","2","68K01","0","","1.0","1924.0","1","N","N","N","0","","0","0","1","0","0","N","","2","1","0","0","0","1","0","2","0","2","","","N","Y","4","1","","","N","Y","","","Y","N"
"2021044766","","1","0","0","0","0","0","0","0","0","4","0","","67","5","2021","7","39.953336","-75.183775","","6","0","0","0","0","0","0","0","0","","0","0","0","","","1","","1","","39 57:12.011","","0","75 11:01.589","3","0","0","0","67301","0","0","0","N","0","0","0","3","67301","0","","1.0","","9","N","N","N","0","","1","0","1","3","2","","","2","1","0","0","0","0","2","2","0","2","","04","","N","","","","","","","","","",""
"2021070402","","2","0","0","0","0","0","0","0","0","4","0","","67","7","2021","1","39.921919","-75.243014","","6","0","0","0","0","0","0","0","0","","0","0","0","","","0","N","0","","39 55:18.910","","0","75 14:34.850","9","0","0","0","67301","0","0","0","N","0","0","0","1","67301","0","","6.0","","9","N","N","N","0","","0","0","1","0","0","","","3","0","0","0","0","0","1","2","0","3","","03","","N","","","","","","","","","",""
"2021041962","","2","0","0","0","0","0","0","0","0","5","0","","67","5","2021","6","39.994119","-75.116608","","6","0","0","0","0","0","0","0","0","","0","0","0","","","0","N","0","","39 59:38.830","","0","75 06:59.790","0","0","0","0","67301","0","0","0","N","0","0","0","1","67301","0","","6.0","","1","N","N","N","0","","0","0","1","0","0","","","3","0","0","0","0","0","0","2","0","3","","03","","N","","","","","","","","","",""
"2021041462","","2","0","0","0","0","0","0","0","0","4","0","","67","5","2021","6","40.060129","-75.153765","","6","0","0","0","0","0","0","0","0","","0","0","0","","","1","","1","","40 03:36.464","","0","75 09:13.553","3","0","0","0","67301","0","0","0","N","0","0","0","3","67301","0","","1.0","","9","N","N","N","0","","1","0","0","3","2","","","2","1","0","0","0","0","1","2","0","2","","98","","N","","","","","","","","","",""
"2021055243","","0","0","0","0","0","0","0","0","0","8","0","","67","6","2021","6","40.021757","-75.148409","","6","0","0","0","0","0","0","0","0","","0","0","0","","","1","N","0","","40 01:18.325","","0","75 08:54.271","8","0","0","0","67301","1","0","0","N","1","0","0","2","67301","0","","1.0","","1","N","N","N","0","","0","0","1","0","0","","","2","1","0","0","0","1","0","2","0","1","","98","","N","","","","","","","","","",""
"2021039738","","3","0","0","0","0","0","0","0","0","1","0","","67","5","2021","1","40.039923","-75.032104","","6","0","0","0","0","0","0","0","0","","0","0","0","","","0","N","0","","40 02:23.721","","0","75 01:55.574","0","0","0","0","67301","0","0","0","N","0","0","0","1","67301","0","","6.0","","1","N","N","N","0","","0","0","1","0","0","","","4","0","0","0","0","0","0","2","0","4","","03","","N","","","","","","","","","",""
"2021045460","","3","0","0","0","0","0","0","0","0","4","0","","67","5","2021","3","39.989098","-75.113723","","6","0","0","0","0","0","1","0","0","","0","0","0","","","1","","2","","39 59:20.752","7","0","75 06:49.402","3","0","0","0","67301","0","0","0","N","0","0","0","2","67301","0","","1.0","1930.0","1","N","N","N","0","","1","0","1","0","0","N","","4","1","2","0","0","0","0","2","0","4","","03","","N","","","","","","","","","",""
"2021041651","","2","0","0","0","0","0","0","0","0","4","0","","67","5","2021","7","39.971446","-75.159371","","6","0","0","0","0","0","0","0","0","","0","0","0","","","3","","1","","39 58:17.205","","0","75 09:33.736","4","0","0","0","67301","1","0","0","N","1","0","0","3","67301","1","","1.0","","1","N","N","Y","0","","0","0","0","3","2","","","3","3","0","0","0","2","0","2","0","2","","03","","N","","","","","","","","","",""
"2021039935","","2","0","0","0","0","0","0","0","0","2","0","","67","5","2021","2","40.049164","-75.150681","","6","0","0","0","0","0","0","0","0","","0","0","0","","","1","N","0","","40 02:56.990","2","0","75 09:02.450","3","0","0","0","67301","0","0","0","N","0","0","0","2","67301","0","","1.0","105.0","9","N","N","N","0","","1","0","0","0","0","Y","","2","1","0","0","0","0","0","2","0","2","","07","","N","","","","","","","","","",""
"2021039933","","2","0","0","0","0","0","0","0","0","4","0","","67","5","2021","1","39.953154","-75.248748","","6","0","0","1","0","0","0","0","0","","0","0","0","","","1","","2","","39 57:11.353","","0","75 14:55.491","3","0","0","0","67301","0","0","0","N","0","0","0","2","67301","0","","1.0","","1","N","N","N","0","","1","0","0","3","2","","","2","1","0","0","0","0","0","2","0","2","","03","","N","","","","","","","","","",""
"2021070057","","2","0","0","0","0","0","0","0","0","5","0","","67","7","2021","7","39.97076","-75.193003","","6","0","0","0","1","0","1","0","0","","0","0","0","","","0","N","0","","39 58:14.736","4","0","75 11:34.809","0","0","0","0","67301","0","0","0","N","0","0","0","3","68K01","0","","1.0","340.0","1","N","N","N","0","","0","0","0","0","0","N","","2","0","0","0","0","0","0","2","0","2","","","","N","","","","","","","","","",""
"2021041884","","1","0","0","0","0","0","0","0","0","4","0","","67","5","2021","5","40.007403","-75.078111","","6","0","0","0","0","0","0","0","0","","0","0","0","","","1","","1","","40 00:26.651","","0","75 04:41.199","3","0","0","0","67301","0","0","0","N","0","0","0","2","67301","0","","1.0","","1","N","N","N","0","","1","0","1","3","2","","","2","1","0","0","0","0","0","2","0","2","","","","N","","","","","","","","","",""
"2021069884","","1","0","0","0","0","0","0","0","0","7","0","","67","7","2021","7","40.001306","-75.113964","","6","0","0","0","0","0","0","0","0","","0","0","0","","","0","N","0","","40 00:04.700","","0","75 06:50.270","9","0","0","0","67301","0","0","0","N","0","0","0","2","67301","0","","5.0","","1","N","N","N","0","","0","0","0","0","0","","","1","0","0","0","0","0","2","2","0","1","","","","N","","","","","","","","","",""
"2021040344","","1","0","0","0","0","0","0","0","0","5","0","","67","5","2021","2","39.925194","-75.228194","","6","0","0","0","0","0","0","0","0","","0","0","0","","","0","N","0","","39 55:30.700","","0","75 13:41.500","0","0","0","0","67301","0","0","0","N","0","0","0","1","67301","0","","1.0","","9","N","N","N","0","","0","0","1","0","0","","","2","0","1","0","0","0","0","2","0","2","","04","","N","","","","","","","","","",""
"2021069086","","1","0","0","0","0","0","0","0","0","1","0","","67","7","2021","5","39.958345","-75.180388","","6","0","0","0","0","0","0","0","0","","0","0","0","","","2","N","7","","39 57:30.041","4","2","75 10:49.395","3","0","0","0","67301","0","0","0","N","0","0","0","4","68K01","0","","1.0","1610.0","1","N","N","N","0","","2","0","2","0","0","Y","","3","2","0","0","0","0","0","2","0","3","","","","N","","","","","","","","","",""
"2021069103","","1","0","0","0","0","0","0","0","0","7","0","","67","7","2021","7","39.959439","-75.140525","","6","0","0","0","0","0","0","0","0","","0","0","0","","","0","N","0","","39 57:33.982","1","0","75 08:25.889","0","0","0","0","67301","0","0","0","N","0","0","0","1","68K01","0","","4.0","155.0","1","N","N","N","0","","0","0","0","0","0","N","","1","0","0","0","0","0","0","2","0","1","","","","N","","","","","","","","","",""
"2021073599","","1","0","0","0","0","0","0","0","0","1","0","","67","7","2021","5","39.955294","-75.212009","","6","0","0","1","0","0","1","0","0","","0","0","0","","","0","N","0","","39 57:19.057","4","0","75 12:43.233","0","0","0","0","67301","0","0","0","N","0","0","0","2","67301","0","","1.0","100.0","9","N","N","N","0","","0","0","1","0","0","N","","2","0","0","0","0","0","0","2","0","2","","07","","N","","","","","","","","","",""
"2021043327","","1","0","0","0","0","0","0","0","0","4","0","","67","5","2021","7","39.938455","-75.229243","","6","0","0","0","0","0","0","0","0","","0","0","0","","","0","","1","","39 56:18.437","","0","75 13:45.274","0","0","0","0","67301","0","0","0","N","0","0","0","2","67301","0","","1.0","","1","N","N","N","0","","0","0","1","3","3","","","2","0","0","0","0","0","0","2","0","2","","","","N","","","","","","","","","",""
"2021069805","","1","0","0","0","0","0","0","0","0","4","0","","67","7","2021","2","40.083521","-74.974531","","6","0","0","0","0","0","0","0","0","","0","0","0","","","2","N","0","","40 05:00.676","","0","74 58:28.312","3","0","0","0","67301","0","0","0","N","0","0","0","2","67301","0","","1.0","","1","N","N","N","0","","2","0","1","0","0","","","2","2","0","0","0","0","0","2","0","2","","","","N","","","","","","","","","",""
"2021069858","","2","0","0","0","0","0","0","0","0","5","2","","67","7","2021","5","39.937261","-75.191814","","6","0","0","0","0","0","0","0","0","","0","2","0","","","1","N","0","","39 56:14.140","","0","75 11:30.530","3","0","0","0","67301","0","0","0","N","0","0","0","4","67301","0","","1.0","","1","N","N","N","0","","1","0","2","0","0","","","6","1","0","0","0","0","0","2","0","6","","03","","N","","","","","","","","","",""
"2021051067","","2","0","0","0","0","0","0","0","0","5","0","","67","6","2021","5","39.967746","-75.245656","","6","0","0","0","0","0","0","0","0","","0","0","0","","","2","N","0","","39 58:03.887","","0","75 14:44.362","4","0","0","0","67301","0","0","0","N","0","0","0","2","67301","1","","6.0","","1","N","N","N","0","","0","0","3","0","0","","","5","2","0","0","0","1","0","2","0","5","","03","","N","","","","","","","","","",""
"2021051069","","1","0","0","0","0","0","0","0","0","4","0","","67","6","2021","3","39.99891","-75.168489","","6","0","0","0","0","1","0","0","0","","0","0","0","","","0","","1","","39 59:56.075","","0","75 10:06.560","9","0","0","0","67301","0","0","0","N","0","0","0","4","67301","0","","1.0","","1","N","N","N","0","","0","0","1","3","2","","","2","0","0","0","0","0","1","2","0","2","","04","","N","","","","","","","","","",""
"2021079997","","1","0","0","0","0","0","0","0","0","7","0","","67","8","2021","5","40.028534","-75.02345","","6","0","0","0","0","0","0","0","0","","0","0","0","","","0","N","0","","40 01:42.724","","0","75 01:24.421","9","0","0","0","67301","0","0","0","Y","0","0","0","1","68K01","0","","7.0","","1","N","N","N","0","","0","0","0","0","0","","","1","0","0","0","0","0","1","2","0","1","","","","N","","","","","","","","","",""
"2021079817","","0","0","0","0","0","0","0","0","0","5","0","","67","8","2021","7","39.898966","-75.169119","","6","0","0","0","0","0","0","0","0","","0","0","0","","","0","N","0","","39 53:56.279","","0","75 10:08.827","0","0","0","0","67301","0","0","0","N","0","0","0","2","68K01","0","","1.0","","9","N","N","N","0","","0","0","2","0","0","","","2","0","0","0","0","0","0","2","0","2","","","","N","","","","","","","","","",""
"2021070376","","2","0","0","0","0","0","0","0","0","4","0","","67","7","2021","3","39.968117","-75.160105","","6","0","0","0","0","0","0","0","0","","0","0","0","","","1","","1","","39 58:05.221","","0","75 09:36.378","3","0","0","0","67301","0","0","0","N","0","0","0","2","67301","0","","1.0","","1","N","N","N","0","","1","0","0","9","3","","","2","1","0","0","0","0","0","2","0","2","","03","","N","","","","","","","","","",""
"2021069808","","2","0","0","0","0","0","0","0","0","1","0","","67","7","2021","5","39.961389","-75.175163","","6","0","0","0","0","0","0","0","0","","0","0","0","","","2","N","0","","39 57:41.002","3","0","75 10:30.586","4","0","0","0","67301","0","0","0","N","0","0","0","3","67301","2","","1.0","1710.0","1","N","N","N","0","","0","0","0","3","2","N","","2","2","0","0","0","0","0","2","0","2","","","","N","","","","","","","","","",""
"2021051930","","0","0","0","0","0","0","0","0","0","4","0","","67","6","2021","6","40.128935","-75.008739","","6","0","0","0","0","0","0","0","0","","0","0","0","","","0","","1","","40 07:44.165","","0","75 00:31.460","9","0","0","0","67301","0","0","0","N","0","0","0","2","67301","0","","1.0","","9","N","N","N","0","","0","0","2","3","3","","","2","0","0","0","0","0","1","2","0","2","","04","","N","","","","","","","","","",""
"2021053584","","1","0","0","0","0","0","0","0","0","4","0","","67","6","2021","1","39.912591","-75.242235","","6","0","0","0","0","0","1","0","0","","0","0","0","","","0","","2","","39 54:45.327","","0","75 14:32.045","0","0","0","0","67301","0","0","0","N","0","0","0","2","67301","0","","1.0","","1","N","N","N","0","","0","0","0","3","3","","","2","0","0","0","0","0","0","2","0","2","","03","","N","","","","","","","","","",""
"2021043242","","1","0","0","0","0","0","0","0","0","8","0","","67","5","2021","5","40.033431","-75.131492","","6","0","0","0","0","0","0","0","0","","0","0","0","","","1","N","0","","40 02:00.350","","0","75 07:53.370","8","0","0","0","67301","1","0","0","N","1","0","0","2","67301","0","","1.0","","1","N","N","N","0","","0","0","0","0","0","","","2","1","0","0","0","1","0","2","0","1","","03","","N","","","","","","","","","",""
"2021053566","","0","0","0","1","0","0","0","0","0","8","0","","67","6","2021","5","39.941667","-75.149389","","6","0","0","0","0","0","0","0","0","","0","0","0","","","1","N","0","","39 56:30.000","","0","75 08:57.800","8","0","0","0","67301","1","0","0","N","0","0","0","2","67301","0","","1.0","","9","N","N","N","0","","0","0","1","0","0","","","2","1","0","0","0","1","0","2","0","1","","07","","N","","","","","","","","","",""
"2021041100","","1","0","0","0","0","0","0","0","0","4","0","","67","5","2021","4","40.027194","-75.151242","","6","0","0","0","0","0","1","0","0","","0","0","0","","","0","","1","","40 01:37.898","","0","75 09:04.471","9","0","0","0","67301","0","0","0","N","0","0","0","2","67301","0","","1.0","","9","N","N","N","0","","0","0","1","3","2","","","2","0","0","0","0","0","1","2","0","2","","07","","N","","","","","","","","","",""
"2021052229","","1","0","0","0","0","0","0","0","0","7","0","","67","6","2021","6","40.052308","-74.987999","","6","0","0","0","0","0","0","0","0","","0","0","0","","","1","N","0","","40 03:08.309","5","0","74 59:16.798","3","0","0","0","67301","0","0","0","Y","0","0","0","2","68K01","0","","3.0","30.0","1","N","N","N","0","","1","0","1","0","0","N","","2","1","0","0","0","0","0","2","0","2","","","","N","","","","","","","","","",""
"2021078209","","2","0","0","0","0","0","0","0","0","5","0","","67","8","2021","7","39.930475","-75.168294","","6","0","0","0","0","0","1","1","0","","0","0","0","","","0","N","0","","39 55:49.711","2","0","75 10:05.860","0","0","0","0","67301","0","0","0","N","0","0","0","3","67505","0","","1.0","650.0","1","N","N","N","0","","0","0","0","0","0","N","","2","0","2","0","0","0","0","2","0","2","","","","N","","","","","","","","","",""
"2021042844","","1","0","0","1","0","0","0","0","0","8","0","","67","5","2021","6","40.070611","-75.056944","","6","0","0","0","0","0","0","0","0","","0","0","0","","","1","N","0","","40 04:14.200","","0","75 03:25.000","3","0","0","0","67301","1","0","0","N","0","0","0","2","67301","0","","1.0","","1","N","N","N","0","","1","0","0","0","0","","","2","1","0","0","0","0","0","2","0","1","","03","","N","","","","","","","","","",""
"2021041371","","2","0","0","0","0","0","0","0","0","4","0","","67","5","2021","6","39.914079","-75.149676","","6","0","0","0","0","0","0","0","0","","0","0","0","","","2","N","0","","39 54:50.684","4","7","75 08:58.835","3","0","0","0","67301","0","0","0","N","0","0","0","2","67301","0","","1.0","1035.0","1","N","N","N","0","","2","0","0","0","0","N","","2","2","0","0","0","0","0","2","0","2","","","","N","","","","","","","","","",""
"2021075490","","0","0","0","0","0","0","0","0","0","1","0","","67","8","2021","5","39.963626","-75.184044","","6","0","0","0","0","0","1","0","0","","0","0","0","","","0","N","0","","39 57:49.054","4","0","75 11:02.558","0","0","0","0","67301","0","0","0","N","0","0","0","5","68K01","0","","1.0","20.0","1","N","N","N","0","","0","0","1","0","0","Y","","3","0","0","0","0","0","0","2","2","3","","03","","N","","","","","","","","","",""
"2021070400","","1","0","0","0","0","0","0","0","0","2","0","","67","7","2021","7","39.918422","-75.225608","","6","0","0","0","0","0","0","0","0","","0","0","0","","","2","Y","0","","39 55:06.320","","0","75 13:32.190","3","0","0","0","67301","0","0","0","N","0","0","0","2","67301","1","","6.0","","1","N","N","N","0","","1","0","3","3","2","","","4","2","0","0","0","0","0","2","0","4","","","","N","","","","","","","","","",""
"2021053581","","2","0","0","0","0","0","0","0","0","5","0","","67","6","2021","7","39.939289","-75.2292","","6","0","0","0","0","0","0","0","0","","0","0","0","","","0","N","0","","39 56:21.440","","0","75 13:45.120","0","0","0","0","67301","0","0","0","N","0","0","0","1","67301","0","","6.0","","1","N","N","N","0","","0","0","1","0","0","","","4","0","0","0","0","0","0","2","1","4","","","","N","","","","","","","","","",""
"2021054293","","2","0","0","0","0","0","0","0","0","4","0","","67","6","2021","6","39.997424","-75.102411","","6","0","0","0","1","0","0","0","0","","0","0","0","","","1","","1","","39 59:50.727","","0","75 06:08.680","3","0","0","0","67301","0","0","0","N","0","0","0","2","67301","0","","1.0","","1","N","N","N","0","","1","0","1","3","2","","","3","1","0","0","0","0","0","2","0","3","","03","","N","","","","","","","","","",""
"2021069764","","2","0","0","0","0","0","0","0","0","4","0","","67","4","2021","5","39.961186","-75.142328","","6","0","0","0","0","0","0","0","0","","0","0","0","","","1","","1","","39 57:40.269","","0","75 08:32.382","4","0","0","0","67301","0","0","0","N","0","0","0","2","67301","1","","1.0","","1","N","N","N","0","","0","0","0","3","3","","","2","1","0","0","0","0","0","2","0","2","","03","","N","","","","","","","","","",""
"2021041806","","1","0","0","0","0","0","0","0","0","7","0","","67","5","2021","6","39.933337","-75.199993","","6","0","0","0","0","0","0","0","0","","0","0","0","","","0","N","0","","39 56:00.013","","0","75 11:59.975","0","0","0","0","67301","0","0","0","N","0","0","0","1","68K01","0","","3.0","","9","N","N","N","0","","0","0","0","0","0","","","1","0","0","0","0","0","0","2","0","1","","07","","N","","","","","","","","","",""
"2021053658","","1","0","0","0","0","0","0","0","0","1","0","","67","6","2021","1","39.999066","-75.133546","","6","0","0","0","0","0","0","0","0","","0","0","0","","","2","N","0","","39 59:56.637","","0","75 08:00.764","8","0","0","0","67301","0","0","0","N","0","0","0","9","67301","0","","1.0","","1","N","N","N","0","","0","0","1","0","0","","","3","2","0","0","0","2","1","2","0","3","","","","N","","","","","","","","","",""
"2021050602","","1","0","0","0","0","0","0","0","0","4","0","","67","6","2021","4","39.973836","-75.206419","","6","0","0","0","0","0","1","0","0","","0","0","0","","","1","","1","","39 58:25.808","","0","75 12:23.108","3","0","0","0","67301","0","0","0","N","0","0","0","3","67301","0","","1.0","","1","N","N","N","0","","1","0","0","3","2","","","2","1","0","0","0","0","0","2","0","2","","","","N","","","","","","","","","",""
"2021041091","","0","0","0","1","0","0","0","0","0","8","0","","67","5","2021","4","39.992088","-75.099614","","6","0","0","0","0","0","0","0","0","","0","0","0","","","1","N","0","","39 59:31.515","","0","75 05:58.609","3","0","0","0","67301","1","0","0","N","0","0","0","2","67301","0","","1.0","","1","N","N","N","0","","1","0","0","0","0","","","2","1","0","0","0","0","0","2","0","1","","03","","N","","","","","","","","","",""
"2021040153","","1","0","0","0","0","0","0","0","0","6","0","","67","5","2021","1","40.016957","-75.211375","","6","0","0","0","0","0","0","0","0","","0","0","0","","","1","N","0","","40 01:01.046","1","3","75 12:40.950","8","0","0","1","67301","0","0","0","N","0","0","0","3","67301","0","","1.0","1705.0","1","N","N","N","0","","0","0","0","0","0","N","","2","1","0","0","0","1","0","2","0","2","","","","N","","","","","","","","","",""
"2021069155","","0","0","0","0","0","0","0","0","0","7","0","","67","7","2021","1","39.962829","-75.183283","","6","0","0","0","0","0","0","0","0","","0","0","0","","","1","N","0","","39 57:46.184","","0","75 10:59.817","3","0","0","0","67301","0","0","0","N","0","0","0","1","68K01","0","","2.0","","1","N","N","N","1","","1","0","0","0","0","","","1","1","0","0","0","0","0","2","0","1","","","","N","","","","","","","","","",""
"2021041369","","1","0","0","0","0","0","0","0","0","1","0","","67","5","2021","2","40.069752","-75.06946","","6","0","0","0","0","0","0","0","0","","0","0","0","","","0","N","0","","40 04:11.108","","0","75 04:10.055","0","0","0","0","67301","0","0","0","N","0","0","0","1","67301","0","","6.0","","9","N","N","N","0","","0","0","1","0","0","","","2","0","1","0","0","0","0","2","0","2","","07","","N","","","","","","","","","",""
"2021049753","","1","0","0","0","0","0","0","0","0","4","0","","67","5","2021","1","39.974821","-75.198444","","6","0","0","0","0","1","0","0","0","","0","0","0","","","1","","2","","39 58:29.354","","7","75 11:54.397","3","0","0","0","67301","0","0","0","N","0","0","0","2","67301","0","","1.0","","1","N","N","N","0","","1","0","1","3","2","","","2","1","0","0","0","0","0","2","0","2","","03","","N","","","","","","","","","",""
"2021049751","","1","0","0","0","0","0","0","0","0","4","0","","67","5","2021","1","40.007909","-75.0852","","6","0","0","0","0","0","0","0","0","","0","0","0","","","1","","2","","40 00:28.472","","0","75 05:06.719","3","0","0","0","67301","0","0","0","N","0","0","0","2","67301","0","","1.0","","9","N","N","N","0","","1","0","0","3","3","","","2","1","0","0","0","0","0","2","1","2","","07","","N","","","","","","","","","",""
"2021070011","","1","0","0","0","0","0","0","0","0","5","0","","67","7","2021","4","39.898171","-75.183782","","6","0","0","0","0","0","0","0","1","","0","0","0","","","0","N","0","","39 53:53.415","","0","75 11:01.614","9","0","0","0","67301","0","0","0","N","0","0","0","3","68K01","0","","1.0","","1","N","N","N","0","","0","0","2","0","0","","","3","0","1","0","0","0","1","2","0","3","","","","N","","","","","","","","","",""
"2021079977","","1","0","0","0","0","0","0","0","0","1","1","","67","8","2021","2","39.9457","-75.189912","","6","0","0","0","0","0","0","0","0","","0","1","0","","","0","N","0","","39 56:44.519","","0","75 11:23.684","0","0","0","0","67301","0","0","0","N","0","0","0","2","68K01","0","","1.0","","1","N","N","N","0","","0","0","0","0","0","","","2","0","0","0","0","0","0","2","0","2","","","","N","","","","","","","","","",""
"2021051298","","1","0","0","0","0","0","0","0","0","1","0","","67","6","2021","3","39.943156","-75.192927","","6","0","0","0","0","0","0","0","0","","0","0","0","","","1","N","0","","39 56:35.362","3","0","75 11:34.537","3","0","0","0","67301","0","0","0","N","0","0","0","2","68K01","0","","1.0","1655.0","1","N","N","N","0","","1","0","1","0","0","N","","2","1","0","0","0","0","0","2","0","2","","","","N","","","","","","","","","",""
"2021050106","","0","0","0","0","0","0","0","0","0","7","0","","67","6","2021","3","40.067015","-75.156291","","6","0","0","0","0","0","0","0","0","","0","0","0","","","0","","1","","40 04:01.254","","0","75 09:22.647","9","0","0","0","67301","0","0","0","N","0","0","0","1","67301","0","","4.0","","1","N","N","N","0","","0","0","1","3","2","","","1","0","0","0","0","0","1","2","0","1","","03","","N","","","","","","","","","",""