"CRN","ARRIVAL_TM","AUTOMOBILE_COUNT","BELTED_DEATH_COUNT","BELTED_SUSP_SERIOUS_INJ_COUNT","BICYCLE_COUNT","BICYCLE_DEATH_COUNT","BICYCLE_SUSP_SERIOUS_INJ_COUNT","BUS_COUNT","CHLDPAS_DEATH_COUNT","CHLDPAS_SUSP_SERIOUS_INJ_COUNT","COLLISION_TYPE","COMM_VEH_COUNT","CONS_ZONE_SPD_LIM","COUNTY","CRASH_MONTH","CRASH_YEAR","DAY_OF_WEEK","DEC_LATITUDE","DEC_LONGITUDE","DISPATCH_TM","DISTRICT","DRIVER_COUNT_16YR","DRIVER_COUNT_17YR","DRIVER_COUNT_18YR","DRIVER_COUNT_19YR","DRIVER_COUNT_20YR","DRIVER_COUNT_50_64YR","DRIVER_COUNT_65_74YR","DRIVER_COUNT_75PLUS","EST_HRS_CLOSED","FATAL_COUNT","HEAVY_TRUCK_COUNT","HORSE_BUGGY_COUNT","HOUR_OF_DAY","ILLUMINATION","INJURY_COUNT","INTERSECTION_RELATED","INTERSECT_TYPE","LANE_CLOSED","LATITUDE","LN_CLOSE_DIR","LOCATION_TYPE","LONGITUDE","MAX_SEVERITY_LEVEL","MCYCLE_DEATH_COUNT","MCYCLE_SUSP_SERIOUS_INJ_COUNT","MOTORCYCLE_COUNT","MUNICIPALITY","NONMOTR_COUNT","NONMOTR_DEATH_COUNT","NONMOTR_SUSP_SERIOUS_INJ_COUNT","NTFY_HIWY_MAINT","PED_COUNT","PED_DEATH_COUNT","PED_SUSP_SERIOUS_INJ_COUNT","PERSON_COUNT","POLICE_AGCY","POSSIBLE_INJ_COUNT","RDWY_SURF_TYPE_CD","RELATION_TO_ROAD","ROADWAY_CLEARED","ROAD_CONDITION","SCH_BUS_IND","SCH_ZONE_IND","SECONDARY_CRASH","SMALL_TRUCK_COUNT","SPEC_JURIS_CD","SUSP_MINOR_INJ_COUNT","SUSP_SERIOUS_INJ_COUNT","SUV_COUNT","TCD_FUNC_CD","TCD_TYPE","TFC_DETOUR_IND","TIME_OF_DAY","TOTAL_UNITS","TOT_INJ_COUNT","UNBELTED_OCC_COUNT","UNB_DEATH_COUNT","UNB_SUSP_SERIOUS_INJ_COUNT","UNK_INJ_DEG_COUNT","UNK_INJ_PER_COUNT","URBAN_RURAL","VAN_COUNT","VEHICLE_COUNT","WEATHER1","WEATHER2","WORKERS_PRES","WORK_ZONE_IND","WORK_ZONE_LOC","WORK_ZONE_TYPE","WZ_CLOSE_DETOUR","WZ_FLAGGER","WZ_LAW_OFFCR_IND","WZ_LN_CLOSURE","WZ_MOVING","WZ_OTHER","WZ_SHLDER_MDN","WZ_WORKERS_INJ_KILLED"
"2021041059","","1","0","0","0","0","0","0","0","0","4","0","","67","5","2021","3","39.919517","-75.157898","","6","0","0","0","0","0","1","0","0","","0","0","0","","","1","","2","","39 55:10.261","1","0","75 09:28.432","8","0","0","0","67301","0","0","0","N","0","0","0","3","67301","0","","1.0","1416.0","99","N","N","N","0","","0","0","1","3","3","N","","2","1","0","0","0","1","1","2","0","2","","","","N","","","","","","","","","",""
"2021070386","","1","0","0","0","0","0","0","0","0","7","0","","67","7","2021","7","40.075832","-75.033352","","6","0","0","0","0","0","0","0","0","","0","0","0","","","1","N","0","","40 04:32.996","1","0","75 02:00.066","3","0","0","0","67301","0","0","0","N","0","0","0","1","67301","0","","5.0","1030.0","1","N","N","N","0","","1","0","0","0","0","N","","1","1","0","0","0","0","0","2","0","1","","03","","N","","","","","","","","","",""
"2021078559","","0","0","0","0","0","0","0","0","0","8","0","","67","8","2021","7","40.028549","-75.057919","","6","0","0","0","0","0","0","0","0","","0","1","0","","","1","","1","","40 01:42.775","","0","75 03:28.507","8","0","0","0","67301","1","0","0","N","1","0","0","1","67301","0","","1.0","","1","N","N","N","0","","0","0","0","3","2","","","2","1","0","0","0","1","0","2","0","1","","04","","N","","","","","","","","","",""
"2021041084","","2","0","0","0","0","0","0","0","0","4","0","","67","5","2021","3","39.986664","-75.250626","","6","0","0","0","0","0","1","0","0","","0","0","0","","","0","","1","","39 59:11.992","","0","75 15:02.255","9","0","0","0","67301","0","0","0","N","0","0","0","3","67301","0","","1.0","","1","N","N","N","0","","0","0","1","3","3","","","3","0","0","0","0","0","1","2","0","3","","03","","N","","","","","","","","","",""
"2021039647","","2","0","0","0","0","0","0","0","0","4","0","","67","5","2021","7","40.063842","-75.147465","","6","0","0","0","0","0","1","1","0","","0","0","0","","","1","","1","","40 03:49.831","","0","75 08:50.874","3","0","0","0","67301","0","0","0","N","0","0","0","2","67301","0","","1.0","","1","N","N","N","0","","1","0","0","3","3","","","2","1","0","0","0","0","0","2","0","2","","03","","N","","","","","","","","","",""
"2021039591","","0","0","0","0","0","0","0","0","0","5","0","","67","5","2021","1","39.920272","-75.184008","","6","0","0","0","0","0","0","0","0","","0","0","0","","","1","N","0","","39 55:12.980","7","0","75 11:02.430","3","0","0","0","67301","0","0","0","N","0","0","0","1","67301","0","","6.0","300.0","1","N","N","N","0","","1","0","3","0","0","N","","3","1","0","0","0","0","0","2","0","3","","03","","N","","","","","","","","","",""
"2021057149","","1","0","0","0","0","0","0","0","0","2","0","","67","6","2021","5","39.997758","-75.102703","","6","0","0","0","0","0","0","0","0","","0","0","0","","","1","N","0","","39 59:51.930","","0","75 06:09.730","8","0","0","0","67301","0","0","0","N","0","0","0","4","67301","0","","1.0","","9","N","N","N","0","","0","0","1","0","0","","","2","1","0","0","0","1","0","2","0","2","","07","","N","","","","","","","","","",""
"2021053649","","1","0","0","0","0","0","0","0","0","1","0","","67","6","2021","3","40.009784","-75.12168","","6","0","0","0","0","0","0","0","0","","0","0","0","","","0","Y","0","","40 00:35.224","","0","75 07:18.048","9","0","0","0","67301","0","0","0","N","0","0","0","2","67301","0","","1.0","","1","N","N","N","0","","0","0","1","3","2","","","2","0","0","0","0","0","1","2","0","2","","03","","N","","","","","","","","","",""
"2021079812","","1","0","0","0","0","0","0","0","0","7","0","","67","8","2021","6","39.950175","-75.141704","","6","0","0","0","0","1","0","0","0","","0","0","0","","","0","N","0","","39 57:00.629","2","0","75 08:30.133","0","0","0","0","67301","0","0","0","N","0","0","0","4","68K01","0","","4.0","2328.0","1","N","N","N","0","","0","0","0","0","0","N","","1","0","0","0","0","0","0","2","0","1","","","","N","","","","","","","","","",""
"2021041279","","1","0","0","0","0","0","0","0","0","5","0","","67","5","2021","3","40.022409","-75.138378","","6","0","0","0","0","0","0","0","0","","0","0","0","","","2","N","0","","40 01:20.673","","6","75 08:18.162","3","0","0","0","67301","0","0","0","N","0","0","0","3","67301","0","","1.0","","1","N","N","N","0","","2","0","1","0","0","","","2","2","1","0","0","0","0","2","0","2","","03","","N","","","","","","","","","",""
"2021070421","","0","0","0","0","0","0","0","0","0","8","0","","67","6","2021","3","40.016825","-75.076178","","6","0","0","0","0","0","1","0","0","","0","0","0","","","1","N","0","","40 01:00.570","","0","75 04:34.240","8","0","0","0","67301","1","0","0","N","1","0","0","2","67301","0","","1.0","","1","N","N","N","1","","0","0","0","0","0","","","2","1","1","0","0","1","0","2","0","1","","03","","N","","","","","","","","","",""
"2021050133","","0","0","0","0","0","0","0","0","0","4","0","","67","6","2021","3","40.053316","-75.069664","","6","0","0","0","0","1","0","0","0","","0","0","0","","","0","","1","","40 03:11.937","","0","75 04:10.789","0","0","0","0","67301","0","0","0","N","0","0","0","3","67301","0","","1.0","","1","N","N","N","0","","0","0","2","3","2","","","2","0","0","0","0","0","0","2","0","2","","03","","N","","","","","","","","","",""
"2021053637","","0","0","0","0","0","0","0","0","0","1","0","","67","5","2021","2","40.005108","-75.127869","","6","0","0","0","0","0","0","0","0","","0","0","0","","","1","N","0","","40 00:18.390","","3","75 07:40.330","3","0","0","0","67301","0","0","0","N","0","0","0","3","67301","0","","1.0","","1","N","N","N","0","","1","0","3","0","0","","","3","1","0","0","0","0","0","2","0","3","","04","","N","","","","","","","","","",""
"2021039381","","1","0","0","0","0","0","0","0","0","4","0","","67","5","2021","1","39.952578","-75.148464","","6","0","0","0","0","0","0","0","0","","0","0","0","","","1","","1","","39 57:09.282","1","0","75 08:54.470","3","0","0","0","67301","0","0","0","N","0","0","0","3","67301","0","","1.0","300.0","1","N","N","N","0","","1","0","1","3","2","Y","","2","1","0","0","0","0","0","2","0","2","","","","N","","","","","","","","","",""
"2021050368","","3","0","0","0","0","0","0","0","0","5","0","","67","6","2021","3","40.028808","-75.135919","","6","0","0","0","0","0","0","0","0","","0","0","0","","","0","N","0","","40 01:43.710","1","0","75 08:09.310","0","0","0","0","67301","0","0","0","N","0","0","0","1","67301","0","","6.0","1100.0","1","N","N","N","0","","0","0","0","0","0","Y","","3","0","0","0","0","0","0","2","0","3","","03","","N","","","","","","","","","",""
"2021050566","","0","0","0","0","0","0","0","0","0","4","0","","67","6","2021","3","39.938719","-75.224301","","6","0","0","0","0","0","0","0","0","","0","0","0","","","1","","1","","39 56:19.388","5","0","75 13:27.483","3","0","0","0","67301","0","0","0","N","0","0","0","2","67301","0","","1.0","1800.0","1","N","N","N","0","","1","0","3","3","2","N","","3","1","0","0","0","0","0","2","0","3","","","","N","","","","","","","","","",""
"2021050603","","2","0","0","0","0","0","0","0","0","4","0","","67","6","2021","4","39.985572","-75.127863","","6","0","0","0","0","0","0","0","0","","0","0","0","","","1","","1","","39 59:08.059","3","0","75 07:40.306","8","0","0","0","67301","0","0","0","N","0","0","0","2","67301","0","","1.0","300.0","1","N","N","N","0","","0","0","1","3","3","N","","3","1","0","0","0","1","0","2","0","3","","","","N","","","","","","","","","",""
"2021052239","","2","0","0","0","0","0","0","0","0","1","0","45","67","6","2021","7","39.968068","-75.129644","","6","0","0","0","0","0","0","1","0","","0","0","0","","","1","N","0","","39 58:05.045","1","0","75 07:46.717","3","0","0","0","67301","0","0","0","N","0","0","0","4","68K01","0","","1.0","1600.0","1","N","N","N","0","","1","0","0","0","0","N","","3","1","0","0","0","0","0","2","1","3","","","N","Y","4","1","","","N","","","","Y","N"
"2021069894","","3","0","0","0","0","0","0","0","0","5","1","","67","7","2021","2","40.025804","-75.120388","","6","0","0","0","0","0","0","0","0","","0","1","0","","","0","N","0","","40 01:32.895","1","0","75 07:13.395","0","0","0","0","67301","0","0","0","N","0","0","0","2","67301","0","","1.0","2000.0","1","N","N","N","0","","0","0","0","0","0","N","","4","0","0","0","0","0","0","2","0","4","","03","","N","","","","","","","","","",""
"2021074019","","1","0","0","0","0","0","0","0","0","4","0","","67","8","2021","1","40.056416","-75.012801","","6","0","0","0","0","0","1","0","0","","0","0","0","","","1","","1","","40 03:23.098","","0","75 00:46.082","3","0","0","0","67301","0","0","0","N","0","0","0","4","67301","0","","1.0","","1","N","N","N","0","","1","0","1","3","2","","","2","1","0","0","0","0","0","2","0","2","","03","","N","","","","","","","","","",""
"2021070498","","0","0","0","0","0","0","0","0","0","8","0","","67","7","2021","4","40.008271","-75.098509","","6","0","0","0","0","0","0","0","0","","0","0","0","","","1","N","0","","40 00:29.774","","0","75 05:54.631","3","0","0","0","67301","1","0","0","N","1","0","0","1","67301","0","","6.0","","1","N","N","N","0","","1","0","1","0","0","","","2","1","0","0","0","0","0","2","0","1","","03","","N","","","","","","","","","",""
"2021073496","","0","0","0","0","0","0","0","0","0","1","0","","67","7","2021","7","39.924181","-75.19246","","6","0","0","0","0","0","0","0","0","","0","0","0","","","1","N","0","","39 55:27.052","4","0","75 11:32.857","2","0","0","0","67301","1","0","1","N","1","0","1","3","68K01","0","","1.0","1635.0","1","N","N","N","0","","0","1","0","0","0","Y","","3","1","1","0","0","0","0","2","2","2","","","","N","","","","","","","","","",""
"2021080128","","0","0","0","0","0","0","0","0","0","8","0","","67","8","2021","7","39.95194","-75.159916","","6","0","0","0","0","0","0","0","0","","0","0","0","","","1","","1","","39 57:06.984","","0","75 09:35.699","3","0","0","0","67301","1","0","0","N","1","0","0","2","67301","0","","1.0","","1","N","N","N","1","","1","0","0","3","2","","","2","1","0","0","0","0","1","2","0","1","","03","","N","","","","","","","","","",""
"2021053613","","2","0","0","0","0","0","0","0","0","5","0","","67","6","2021","1","39.966611","-75.21375","","6","0","0","0","0","0","0","0","0","","0","0","0","","","0","N","0","","39 57:59.800","","0","75 12:49.500","0","0","0","0","67301","0","0","0","N","0","0","0","1","67301","0","","6.0","","1","N","N","Y","0","","0","0","2","0","0","","","4","0","1","0","0","0","0","2","0","4","","03","","N","","","","","","","","","",""
"2021041106","","0","0","0","0","0","0","0","0","0","5","0","","67","5","2021","5","39.997503","-75.167164","","6","0","0","0","0","0","0","0","0","","0","0","0","","","0","N","0","","39 59:51.010","5","0","75 10:01.790","0","0","0","0","67301","0","0","0","N","0","0","0","1","67301","0","","6.0","2229.0","1","N","N","N","0","","0","0","1","0","0","Y","","2","0","0","0","0","0","0","2","1","2","","03","","N","","","","","","","","","",""
"2021080535","","1","0","0","0","0","0","0","0","0","7","0","","67","8","2021","1","39.907971","-75.149574","","6","0","0","0","0","0","0","0","0","","0","0","0","","","0","N","0","","39 54:28.696","","0","75 08:58.468","0","0","0","0","67301","0","0","0","N","0","0","0","1","68K01","0","","4.0","","9","N","N","N","0","","0","0","0","0","0","","","1","0","0","0","0","0","0","2","0","1","","03","","N","","","","","","","","","",""
"2021051864","","0","0","0","0","0","0","0","0","0","5","0","","67","6","2021","1","40.056708","-75.011703","","6","0","0","0","1","0","0","0","0","","0","0","0","","","1","N","0","","40 03:24.147","4","0","75 00:42.132","3","0","0","0","67301","0","0","0","N","0","0","0","2","67301","0","","1.0","1315.0","1","N","N","N","0","","1","0","3","0","0","Y","","4","1","0","0","0","0","0","2","1","4","","03","","N","","","","","","","","","",""
"2021055769","","3","0","0","0","0","0","0","0","0","4","0","","67","6","2021","1","40.000267","-75.228371","","6","0","0","0","0","0","1","0","0","","0","0","0","","","1","","2","","40 00:00.960","5","0","75 13:42.137","3","0","0","0","67301","0","0","0","N","0","0","0","4","67301","0","","1.0","1420.0","1","N","N","N","0","","1","0","1","3","3","Y","","4","1","0","0","0","0","0","2","0","4","","03","","N","","","","","","","","","",""
"2021054292","","2","0","0","0","0","0","0","0","0","4","0","","67","6","2021","5","39.99696","-75.129612","","6","0","0","0","0","0","0","0","0","","0","0","0","","","2","","1","","39 59:49.055","","0","75 07:46.603","4","0","0","0","67301","0","0","0","N","0","0","0","3","67301","1","","1.0","","99","N","N","N","0","","0","0","0","3","3","","","2","2","0","0","0","1","1","2","0","2","","07","","N","","","","","","","","","",""
"2021039465","","1","0","0","0","0","0","0","0","0","4","0","","67","5","2021","7","39.990417","-75.1245","","6","0","0","0","0","0","0","0","0","","0","0","0","","","1","","2","","39 59:25.500","","1","75 07:28.200","2","0","0","0","67301","0","0","0","N","0","0","0","7","67301","0","","1.0","","1","N","N","N","0","","0","1","0","3","3","","","2","1","0","0","0","0","0","2","1","2","","03","","N","","","","","","","","","",""
"2021079618","","1","0","0","0","0","0","1","0","0","4","1","","67","8","2021","2","40.031468","-75.17235","","6","0","0","0","0","0","1","0","0","","0","0","0","","","3","","1","","40 01:53.284","7","0","75 10:20.459","3","0","0","0","67301","0","0","0","N","0","0","0","7","67301","0","","1.0","2125.0","1","N","N","N","0","","2","0","0","3","2","Y","","2","3","0","0","0","1","1","2","0","2","","03","","N","","","","","","","","","",""
"2021079186","","0","0","0","0","0","0","0","0","0","2","0","","67","8","2021","3","40.037994","-75.130264","","6","0","0","0","0","0","0","0","0","","0","0","0","","","0","N","0","","40 02:16.780","","0","75 07:48.950","0","0","0","0","67301","0","0","0","N","0","0","0","0","67301","0","","6.0","","1","N","N","N","0","","0","0","2","0","0","","","2","0","0","0","0","0","0","2","0","2","","03","","N","","","","","","","","","",""
"2021040311","","1","0","0","0","0","0","0","0","0","7","0","","67","5","2021","2","39.95713","-75.156272","","6","0","0","0","0","0","0","0","0","","0","0","0","","","1","N","0","","39 57:25.667","4","0","75 09:22.579","3","0","0","0","67301","0","0","0","N","0","0","0","1","68K01","0","","4.0","349.0","1","N","N","N","0","","1","0","0","0","0","N","","1","1","0","0","0","0","0","2","0","1","","","","N","","","","","","","","","",""
"2021070541","","0","0","0","0","0","0","0","0","0","8","0","","67","7","2021","6","40.03902","-75.14449","","6","0","0","0","0","0","1","0","0","","0","0","0","","","1","N","0","","40 02:20.471","","0","75 08:40.164","8","0","0","0","67301","1","0","0","N","1","0","0","2","67301","0","","1.0","","1","N","N","N","0","","0","0","1","0","0","","","2","1","0","0","0","1","0","2","0","1","","","","N","","","","","","","","","",""
"2021047709","","1","0","0","1","0","0","0","0","0","8","0","","67","5","2021","6","39.989502","-75.144509","","6","0","0","0","0","0","0","0","0","","0","0","0","","","1","","1","","39 59:22.207","","0","75 08:40.232","8","0","0","0","67301","1","0","0","N","0","0","0","2","67301","0","","1.0","","1","N","N","N","0","","0","0","0","3","2","","","2","1","0","0","0","1","0","2","0","1","","03","","N","","","","","","","","","",""
"2021073825","","2","0","0","0","0","0","0","0","0","5","0","","67","8","2021","6","39.959439","-75.174341","","6","0","0","0","0","0","0","0","0","","0","0","0","","","0","N","0","","39 57:33.981","","0","75 10:27.626","0","0","0","0","67301","0","0","0","N","0","0","0","2","68K01","0","","1.0","","1","N","N","N","0","","0","0","0","0","0","","","2","0","0","0","0","0","0","2","0","2","","","","N","","","","","","","","","",""
"2021041374","","0","0","0","0","0","0","0","0","0","1","0","","67","5","2021","5","39.95844","-75.237444","","6","0","0","0","0","0","1","1","0","","0","0","0","","","1","","1","","39 57:30.385","","0","75 14:14.799","3","0","0","0","67301","0","0","0","N","0","0","0","2","67301","0","","1.0","","1","N","N","N","1","","1","0","1","3","2","","","2","1","0","0","0","0","0","2","0","2","","03","","N","","","","","","","","","",""
"2021058816","","2","0","0","0","0","0","0","0","0","1","0","","67","6","2021","6","39.948856","-75.217086","","6","0","0","0","0","0","0","0","0","","0","0","0","","","2","N","0","","39 56:55.880","","0","75 13:01.510","3","0","0","0","67301","0","0","0","N","0","0","0","4","67301","0","","1.0","","9","N","N","N","0","","2","0","1","0","0","","","3","2","0","0","0","0","0","2","0","3","","03","","N","","","","","","","","","",""
"2021039732","","1","0","0","0","0","0","0","0","0","8","0","","67","5","2021","7","40.04278","-75.086196","","6","0","0","0","0","0","0","0","0","","0","0","0","","","1","N","0","","40 02:34.008","","0","75 05:10.307","3","0","0","0","67301","1","0","0","N","1","0","0","2","67301","0","","1.0","","1","N","N","N","0","","1","0","0","9","9","","","2","1","1","0","0","0","0","2","0","1","","","","N","","","","","","","","","",""
"2021062677","","1","0","0","0","0","0","0","0","0","4","0","","67","7","2021","4","39.975573","-75.156318","","6","0","0","0","0","0","0","1","0","","0","0","0","","","1","","1","","39 58:32.062","","0","75 09:22.744","8","0","0","0","67301","0","0","0","N","0","0","0","2","67509","0","","1.0","","1","N","N","N","1","","0","0","0","3","2","","","2","1","0","0","0","1","0","2","0","2","","03","","N","","","","","","","","","",""
"2021051166","","2","0","0","0","0","0","0","0","0","4","0","","67","6","2021","4","40.047122","-75.097998","","6","0","0","0","0","0","0","0","0","","0","0","0","","","1","","1","","40 02:49.639","1","0","75 05:52.794","3","0","0","0","67301","0","0","0","N","0","0","0","2","67301","0","","1.0","2037.0","1","N","N","N","0","","1","0","0","3","2","N","","2","1","0","0","0","0","0","2","0","2","","","","N","","","","","","","","","",""
"2021041101","","2","0","0","0","0","0","0","0","0","7","0","","67","5","2021","5","40.045519","-75.143211","","6","0","0","0","0","0","0","0","0","","0","0","0","","","0","N","0","","40 02:43.868","","0","75 08:35.560","0","0","0","0","67301","0","0","0","N","0","0","0","1","67301","0","","5.0","","1","N","N","N","0","","0","0","0","0","0","","","2","0","0","0","0","0","0","2","0","2","","03","","N","","","","","","","","","",""
"2021051643","","0","0","0","0","0","0","0","0","0","4","0","","67","6","2021","6","40.087537","-74.971134","","6","0","0","0","0","0","0","1","0","","0","0","0","","","1","","1","","40 05:15.133","","2","74 58:16.083","4","0","0","0","67301","0","0","0","N","0","0","0","2","67301","1","","1.0","","1","N","N","N","0","","0","0","2","3","1","","","2","1","0","0","0","0","0","2","0","2","","04","","N","","","","","","","","","",""
"2021051931","","1","0","0","0","0","0","0","0","0","4","0","","67","6","2021","1","40.089186","-75.021009","","6","0","0","0","0","0","2","0","0","","0","0","0","","","1","","1","","40 05:21.068","","0","75 01:15.633","3","0","0","0","67301","0","0","0","N","0","0","0","3","67301","0","","1.0","","1","N","N","N","0","","1","0","1","1","2","","","3","1","0","0","0","0","0","2","1","3","","03","","N","","","","","","","","","",""
"2021042073","","1","0","0","0","0","0","0","0","0","4","0","","67","5","2021","6","40.047473","-75.01405","","6","0","0","0","0","0","1","0","0","","0","0","0","","","1","","2","","40 02:50.904","2","0","75 00:50.580","4","0","0","0","67301","0","0","0","N","0","0","0","2","67301","1","","1.0","1800.0","1","N","N","N","0","","0","0","1","3","3","Y","","2","1","1","0","0","0","0","2","0","2","","04","","N","","","","","","","","","",""
"2021044893","","2","0","0","0","0","0","0","0","0","4","0","","67","5","2021","3","40.076528","-75.19494","","6","0","0","0","0","0","0","0","0","","0","0","0","","","0","","1","","40 04:35.501","","0","75 11:41.783","9","0","0","0","67301","0","0","0","N","0","0","0","3","67301","0","","1.0","","1","N","N","N","0","","0","0","0","3","2","","","2","0","0","0","0","0","1","2","0","2","","03","","N","","","","","","","","","",""
"2021069189","","0","0","0","0","0","0","0","0","0","7","0","","67","7","2021","2","39.890231","-75.220196","","6","0","0","0","0","0","0","0","0","","0","0","0","","","1","N","0","","39 53:24.830","2","0","75 13:12.705","3","0","0","0","67301","0","0","0","N","0","0","0","1","68K01","0","","4.0","2148.0","1","N","N","N","0","","1","0","1","0","0","N","","1","1","0","0","0","0","0","2","0","1","","","","N","","","","","","","","","",""
"2021049341","","1","0","0","0","0","0","0","0","0","4","0","","67","5","2021","1","39.970586","-75.150888","","6","0","0","0","0","0","0","0","0","","0","0","0","","","2","","1","","39 58:14.110","4","1","75 09:03.197","3","0","0","0","67301","0","0","0","N","0","0","0","2","67301","1","","1.0","1210.0","9","N","N","N","0","","1","0","1","3","3","N","","2","2","0","0","0","0","0","2","0","2","","","","N","","","","","","","","","",""
"2021080315","","2","0","0","0","0","0","0","0","0","4","0","","67","8","2021","3","40.035118","-75.069504","","6","0","0","0","0","0","0","0","0","","0","0","0","","","1","","1","","40 02:06.425","1","0","75 04:10.216","8","0","0","0","67301","0","0","0","N","0","0","0","1","67301","0","","1.0","1704.0","1","N","N","N","0","","0","0","0","3","2","N","","2","1","0","0","0","1","0","2","0","2","","03","","N","","","","","","","","","",""
"2021070397","","1","0","0","0","0","0","0","0","0","4","0","","67","7","2021","6","39.924186","-75.224397","","6","0","0","0","0","0","0","0","0","","0","0","0","","","0","N","0","","39 55:27.070","","0","75 13:27.830","0","0","0","0","67301","0","0","0","N","0","0","0","2","67301","0","","1.0","","1","N","N","N","0","","0","0","1","0","0","","","2","0","2","0","0","0","0","2","0","2","","03","","N","","","","","","","","","",""
"2021041073","","1","0","0","0","0","0","0","0","0","4","0","","67","5","2021","1","40.029761","-75.05581","","6","0","0","0","0","0","0","0","0","","0","0","0","","","0","N","0","","40 01:47.138","","7","75 03:20.915","0","0","0","0","67301","0","0","0","N","0","0","0","2","67301","0","","1.0","","1","N","N","N","0","","0","0","1","0","0","","","2","0","2","0","0","0","0","2","0","2","","03","","N","","","","","","","","","",""
"2021051862","","1","0","0","0","0","0","0","0","0","4","0","","67","6","2021","1","39.917989","-75.180003","","6","0","0","0","0","0","1","0","0","","0","0","0","","","1","N","0","","39 55:04.760","4","7","75 10:48.010","8","0","0","0","67301","0","0","0","N","0","0","0","2","67301","0","","1.0","728.0","1","N","N","N","0","","0","0","1","0","0","Y","","2","1","0","0","0","1","1","2","0","2","","03","","N","","","","","","","","","",""
"2021050680","","6","0","0","0","0","0","0","0","0","6","0","","67","6","2021","3","40.068444","-75.051472","","6","0","0","0","0","0","0","0","0","","0","0","0","","","1","N","0","","40 04:06.400","","7","75 03:05.300","4","0","0","0","67301","0","0","0","N","0","0","0","4","67301","1","","1.0","","1","N","N","Y","0","","0","0","0","0","0","","","6","1","0","0","0","0","2","2","0","6","","","","N","","","","","","","","","",""
"2021051172","","0","0","0","0","0","0","0","0","0","1","0","","67","6","2021","3","39.965035","-75.160761","","6","0","0","0","0","0","1","0","0","","0","0","0","","","1","N","0","","39 57:54.126","","0","75 09:38.740","8","0","0","0","67301","0","0","0","N","0","0","0","3","67301","0","","1.0","","1","N","N","N","0","","0","0","1","0","0","","","3","1","0","0","0","1","1","2","2","3","","03","","N","","","","","","","","","",""
"2021053619","","3","0","0","0","0","0","0","0","0","5","0","","67","6","2021","1","39.955328","-75.215714","","6","0","0","0","0","0","1","0","0","","0","0","0","","","0","N","0","","39 57:19.180","","0","75 12:56.570","0","0","0","0","67301","0","0","0","N","0","0","0","4","67301","0","","1.0","","1","N","N","N","0","","0","0","0","0","0","","","4","0","4","0","0","0","0","2","1","4","","98","","N","","","","","","","","","",""
"2021042015","","1","0","0","0","0","0","0","0","0","1","0","","67","5","2021","6","39.963314","-75.138711","","6","0","0","0","0","1","1","0","0","","0","0","0","","","1","N","0","","39 57:47.930","1","0","75 08:19.359","3","0","0","0","67301","0","0","0","N","0","0","0","3","68K01","0","","1.0","10.0","1","N","N","N","0","","1","0","2","0","0","N","","3","1","0","0","0","0","0","2","0","3","","","","N","","","","","","","","","",""
"2021039896","","1","0","0","0","0","0","0","0","0","7","0","","67","5","2021","2","40.075583","-75.051458","","6","0","0","0","0","0","0","0","0","","0","0","0","","","1","N","0","","40 04:32.100","7","0","75 03:05.250","3","0","0","0","67301","0","0","0","N","0","0","0","1","67301","0","","4.0","130.0","1","N","N","N","0","","1","0","0","0","0","Y","","1","1","1","0","0","0","0","2","0","1","","","","N","","","","","","","","","",""
"2021070669","","1","0","0","0","0","0","0","0","0","4","0","","67","7","2021","5","40.044597","-75.120412","","6","0","0","0","0","0","0","0","0","","0","0","0","","","0","N","0","","40 02:40.548","","0","75 07:13.483","0","0","0","0","67301","0","0","0","N","0","0","0","1","67301","0","","4.0","","1","N","N","N","0","","0","0","1","0","0","","","2","0","0","0","0","0","0","2","0","2","","","","N","","","","","","","","","",""
"2021070640","","2","0","0","0","0","0","0","0","0","4","0","","67","7","2021","5","40.01828","-75.148777","","6","0","0","0","0","0","0","0","0","","0","0","0","","","1","N","0","","40 01:05.807","4","0","75 08:55.596","4","0","0","0","67301","0","0","0","N","0","0","0","2","67505","1","","1.0","1145.0","9","N","N","N","0","","0","0","0","0","0","N","","2","1","0","0","0","0","1","2","0","2","","","","N","","","","","","","","","",""
"2021057805","","1","0","0","0","0","0","0","0","0","5","0","","67","6","2021","6","39.960098","-75.179663","","6","0","0","0","0","0","0","0","0","","0","0","0","","","3","N","0","","39 57:36.354","4","3","75 10:46.785","3","0","0","0","67301","0","0","0","N","0","0","0","3","68K01","0","","1.0","20.0","1","N","N","N","0","","3","0","2","0","0","Y","","3","3","0","0","0","0","0","2","0","3","","03","","N","","","","","","","","","",""
"2021051646","","2","0","0","0","0","0","0","0","0","1","0","","67","6","2021","1","39.963116","-75.202264","","6","0","0","0","0","1","0","0","0","","0","0","0","","","2","","1","","39 57:47.216","6","0","75 12:08.151","3","0","0","0","67301","0","0","0","N","0","0","0","3","67301","0","","1.0","345.0","1","N","N","N","0","","2","0","0","3","2","Y","","3","2","0","0","0","0","0","2","1","3","","03","","N","","","","","","","","","",""
"2021050828","","2","0","0","0","0","0","0","0","0","4","0","","67","6","2021","5","40.097156","-75.018134","","6","0","0","0","0","0","1","0","0","","0","0","0","","","1","","1","","40 05:49.760","6","0","75 01:05.283","3","0","0","0","67301","0","0","0","N","0","0","0","4","67301","0","","1.0","15.0","9","N","N","N","0","","1","0","2","3","2","N","","4","1","0","0","0","0","0","2","0","4","","04","","N","","","","","","","","","",""