"CRN","ARRIVAL_TM","AUTOMOBILE_COUNT","BELTED_DEATH_COUNT","BELTED_SUSP_SERIOUS_INJ_COUNT","BICYCLE_COUNT","BICYCLE_DEATH_COUNT","BICYCLE_SUSP_SERIOUS_INJ_COUNT","BUS_COUNT","CHLDPAS_DEATH_COUNT","CHLDPAS_SUSP_SERIOUS_INJ_COUNT","COLLISION_TYPE","COMM_VEH_COUNT","CONS_ZONE_SPD_LIM","COUNTY","CRASH_MONTH","CRASH_YEAR","DAY_OF_WEEK","DEC_LATITUDE","DEC_LONGITUDE","DISPATCH_TM","DISTRICT","DRIVER_COUNT_16YR","DRIVER_COUNT_17YR","DRIVER_COUNT_18YR","DRIVER_COUNT_19YR","DRIVER_COUNT_20YR","DRIVER_COUNT_50_64YR","DRIVER_COUNT_65_74YR","DRIVER_COUNT_75PLUS","EST_HRS_CLOSED","FATAL_COUNT","HEAVY_TRUCK_COUNT","HORSE_BUGGY_COUNT","HOUR_OF_DAY","ILLUMINATION","INJURY_COUNT","INTERSECTION_RELATED","INTERSECT_TYPE","LANE_CLOSED","LATITUDE","LN_CLOSE_DIR","LOCATION_TYPE","LONGITUDE","MAX_SEVERITY_LEVEL","MCYCLE_DEATH_COUNT","MCYCLE_SUSP_SERIOUS_INJ_COUNT","MOTORCYCLE_COUNT","MUNICIPALITY","NONMOTR_COUNT","NONMOTR_DEATH_COUNT","NONMOTR_SUSP_SERIOUS_INJ_COUNT","NTFY_HIWY_MAINT","PED_COUNT","PED_DEATH_COUNT","PED_SUSP_SERIOUS_INJ_COUNT","PERSON_COUNT","POLICE_AGCY","POSSIBLE_INJ_COUNT","RDWY_SURF_TYPE_CD","RELATION_TO_ROAD","ROADWAY_CLEARED","ROAD_CONDITION","SCH_BUS_IND","SCH_ZONE_IND","SECONDARY_CRASH","SMALL_TRUCK_COUNT","SPEC_JURIS_CD","SUSP_MINOR_INJ_COUNT","SUSP_SERIOUS_INJ_COUNT","SUV_COUNT","TCD_FUNC_CD","TCD_TYPE","TFC_DETOUR_IND","TIME_OF_DAY","TOTAL_UNITS","TOT_INJ_COUNT","UNBELTED_OCC_COUNT","UNB_DEATH_COUNT","UNB_SUSP_SERIOUS_INJ_COUNT","UNK_INJ_DEG_COUNT","UNK_INJ_PER_COUNT","URBAN_RURAL","VAN_COUNT","VEHICLE_COUNT","WEATHER1","WEATHER2","WORKERS_PRES","WORK_ZONE_IND","WORK_ZONE_LOC","WORK_ZONE_TYPE","WZ_CLOSE_DETOUR","WZ_FLAGGER","WZ_LAW_OFFCR_IND","WZ_LN_CLOSURE","WZ_MOVING","WZ_OTHER","WZ_SHLDER_MDN","WZ_WORKERS_INJ_KILLED"
"2021041590","","2","0","0","0","0","0","0","0","0","4","0","","67","5","2021","5","40.010149","-75.121555","","6","0","0","0","0","0","0","0","0","","0","0","0","","","1","","1","","40 00:36.538","","0","75 07:17.597","3","0","0","0","67301","0","0","0","N","0","0","0","3","67301","0","","1.0","","1","N","N","N","0","","1","0","0","3","2","","","2","1","1","0","0","0","0","2","0","2","","","","N","","","","","","","","","",""
"2021070058","","1","0","0","0","0","0","0","0","0","7","0","","67","7","2021","2","40.004015","-75.194639","","6","0","0","0","0","0","0","0","0","","0","0","0","","","1","N","0","","40 00:14.453","1","0","75 11:40.701","8","0","0","0","67301","0","0","0","N","0","0","0","2","68K01","0","","2.0","255.0","1","N","N","N","0","","0","0","0","0","0","N","","2","1","1","0","0","1","1","2","0","2","","","","N","","","","","","","","","",""
"2021080493","","1","0","0","0","0","0","1","0","0","5","1","","67","8","2021","5","40.009818","-75.155638","","6","0","0","0","0","0","1","0","0","","0","0","0","","","0","N","0","","40 00:35.346","6","0","75 09:20.295","0","0","0","0","67301","0","0","0","N","0","0","0","2","67301","0","","1.0","2330.0","1","N","N","N","0","","0","0","0","0","0","Y","","2","0","0","0","0","0","0","2","0","2","","03","","N","","","","","","","","","",""
"2021080538","","1","0","0","0","0","0","0","0","0","7","0","","67","8","2021","1","40.039732","-75.007029","","6","0","1","0","0","0","0","0","0","","0","0","0","","","0","N","0","","40 02:23.036","","0","75 00:25.306","0","0","0","0","67301","0","0","0","N","0","0","0","1","68K01","0","","4.0","","9","N","N","N","0","","0","0","0","0","0","","","1","0","0","0","0","0","0","2","0","1","","","","N","","","","","","","","","",""
"2021049431","","1","0","0","0","0","0","0","0","0","5","0","","67","5","2021","2","39.984949","-75.158241","","6","0","0","0","0","0","0","0","0","","0","0","0","","","0","","1","","39 59:05.816","2","0","75 09:29.666","0","0","0","0","67301","0","0","0","N","0","0","0","2","67505","0","","1.0","100.0","1","N","N","N","0","","0","0","1","3","2","Y","","2","0","2","0","0","0","0","2","0","2","","04","","N","","","","","","","","","",""
"2021051485","","0","0","0","0","0","0","0","0","0","5","0","","67","6","2021","6","39.969611","-75.168053","","6","0","0","0","0","0","0","0","0","","0","0","0","","","0","N","0","","39 58:10.600","","0","75 10:04.990","0","0","0","0","67301","0","0","0","N","0","0","0","1","67301","0","","6.0","","9","N","N","N","0","","0","0","1","0","0","","","2","0","0","0","0","0","0","2","0","2","","","","N","","","","","","","","","",""
"2021052299","","4","0","0","0","0","0","0","0","0","6","0","","67","6","2021","2","40.027653","-75.143342","","6","0","0","0","0","0","0","0","0","","0","0","0","","","0","N","0","","40 01:39.550","1","0","75 08:36.030","0","0","0","0","67301","0","0","0","N","0","0","0","1","67301","0","","6.0","545.0","1","N","N","N","0","","0","0","0","0","0","N","","4","0","0","0","0","0","0","2","0","4","","","","N","","","","","","","","","",""
"2021053638","","2","0","0","0","0","0","0","0","0","4","0","","67","5","2021","3","40.000185","-75.129436","","6","0","0","0","0","0","1","0","0","","0","0","0","","","0","","1","","40 00:00.666","","0","75 07:45.969","9","0","0","0","67301","0","0","0","N","0","0","0","2","67301","0","","1.0","","1","N","N","N","0","","0","0","1","3","3","","","4","0","0","0","0","0","1","2","1","4","","","","N","","","","","","","","","",""
"2021047059","","2","0","0","0","0","0","0","0","0","5","0","","67","5","2021","7","39.993781","-75.150756","","6","0","0","0","0","0","0","0","0","","0","0","0","","","0","N","0","","39 59:37.610","","0","75 09:02.720","0","0","0","0","67301","0","0","0","N","0","0","0","1","67301","0","","6.0","","1","N","N","Y","0","","0","0","1","0","0","","","3","0","0","0","0","0","0","2","0","3","","03","","N","","","","","","","","","",""
"2021040015","","1","0","0","0","0","0","0","0","0","4","0","","67","5","2021","3","39.957321","-75.152234","","6","0","0","0","0","0","0","0","0","","0","0","0","","","0","","1","","39 57:26.357","","0","75 09:08.042","0","0","0","0","67301","0","0","0","N","0","0","0","2","67301","0","","1.0","","9","N","N","N","0","","0","0","0","3","2","","","2","0","0","0","0","0","0","2","0","2","","07","","N","","","","","","","","","",""
"2021045622","","0","0","0","0","0","0","0","0","0","4","0","","67","5","2021","4","39.995896","-75.169711","","6","0","0","0","0","0","1","0","0","","0","0","0","","","1","","2","","39 59:45.224","","0","75 10:10.961","3","0","0","1","67301","0","0","0","N","0","0","0","2","67301","0","","1.0","","1","N","N","N","1","","1","0","0","3","3","","","2","1","0","0","0","0","0","2","0","2","","03","","N","","","","","","","","","",""
"2021050517","","1","0","0","0","0","0","0","0","0","7","0","","67","5","2021","1","40.037765","-75.012046","","6","0","1","0","0","0","0","0","0","","0","0","0","","","0","N","0","","40 02:15.954","","0","75 00:43.364","0","0","0","0","67301","0","0","0","N","0","0","0","1","68K01","0","","3.0","","9","N","N","N","0","","0","0","0","0","0","","","1","0","0","0","0","0","0","2","0","1","","","","N","","","","","","","","","",""
"2021053623","","3","0","0","0","0","0","0","0","0","4","0","","67","6","2021","1","39.975348","-75.245499","","6","0","0","0","0","0","0","0","0","","0","0","0","","","3","","1","","39 58:31.251","","0","75 14:43.798","2","0","0","0","67301","0","0","0","N","0","0","0","3","67301","0","","1.0","","1","N","N","N","0","","0","3","0","3","2","","","3","3","3","0","3","0","0","2","0","3","","03","","N","","","","","","","","","",""
"2021040152","","2","0","0","0","0","0","0","0","0","1","0","","67","5","2021","1","40.029833","-75.229356","","6","0","0","0","0","0","1","1","0","","0","0","0","","","2","Y","0","","40 01:47.400","","0","75 13:45.680","8","0","0","0","67301","0","0","0","N","0","0","0","3","67301","0","","1.0","","1","N","N","N","0","","0","0","0","3","2","","","2","2","0","0","0","2","0","2","0","2","","03","","N","","","","","","","","","",""
"2021052279","","3","0","0","0","0","0","0","0","0","7","0","","67","6","2021","1","39.949554","-75.16595","","6","0","0","0","0","0","0","0","0","","0","0","0","","","1","","1","","39 56:58.396","","0","75 09:57.421","3","0","0","0","67301","0","0","0","N","0","0","0","1","67301","0","","5.0","","1","N","N","N","0","","1","0","0","3","2","","","3","1","1","0","0","0","0","2","0","3","","03","","N","","","","","","","","","",""
"2021050990","","1","0","0","0","0","0","0","0","0","4","0","","67","6","2021","5","39.985547","-75.162945","","6","0","0","0","0","0","1","0","0","","0","0","0","","","1","","1","","39 59:07.969","","0","75 09:46.601","3","0","0","0","67301","0","0","0","N","0","0","0","2","67505","0","","1.0","","9","N","N","Y","0","","1","0","1","3","2","","","2","1","0","0","0","0","0","2","0","2","","07","","N","","","","","","","","","",""
"2021073826","","0","0","0","0","0","0","0","0","0","5","1","","67","8","2021","6","39.960933","-75.181906","","6","0","0","0","0","0","0","0","0","","0","1","0","","","1","N","0","","39 57:39.359","","0","75 10:54.861","4","0","0","0","67301","0","0","0","N","0","0","0","2","68K01","1","","1.0","","1","N","N","N","0","","0","0","0","0","0","","","2","1","0","0","0","0","1","2","0","2","","","","N","","","","","","","","","",""
"2021040011","","0","0","0","0","0","0","0","0","0","5","0","","67","5","2021","2","40.031753","-75.102747","","6","0","0","0","0","0","1","0","0","","0","0","0","","","1","N","0","","40 01:54.310","","0","75 06:09.890","3","0","0","0","67301","0","0","0","N","0","0","0","3","67301","0","","1.0","","1","N","N","N","0","","1","0","2","0","0","","","2","1","1","0","0","0","0","2","0","2","","03","","N","","","","","","","","","",""
"2021050984","","2","0","0","0","0","0","0","0","0","4","0","","67","5","2021","5","39.991512","-75.136139","","6","0","0","0","0","0","0","0","0","","0","0","0","","","1","","1","","39 59:29.442","","0","75 08:10.101","3","0","0","0","67301","0","0","0","N","0","0","0","5","67301","0","","1.0","","1","N","N","N","0","","1","0","0","3","2","","","2","1","0","0","0","0","2","2","0","2","","03","","N","","","","","","","","","",""
"2021041070","","1","0","0","0","0","0","0","0","0","4","0","","67","5","2021","4","40.046243","-75.166073","","6","0","0","0","0","0","0","0","0","","0","0","0","","","2","","1","","40 02:46.473","","0","75 09:57.863","3","0","0","0","67301","0","0","0","N","0","0","0","3","67301","0","","1.0","","1","N","N","N","0","","2","0","1","3","3","","","2","2","0","0","0","0","1","2","0","2","","","","N","","","","","","","","","",""
"2021069338","","1","0","0","0","0","0","0","0","0","1","0","","67","7","2021","2","39.956844","-75.153263","","6","0","0","0","0","0","0","1","0","","0","0","0","","","0","N","0","","39 57:24.638","","0","75 09:11.746","0","0","0","0","67301","0","0","0","N","0","0","0","2","68K01","0","","1.0","","1","N","N","N","0","","0","0","1","0","0","","","2","0","0","0","0","0","0","2","0","2","","","","N","","","","","","","","","",""
"2021050564","","0","0","0","0","0","0","0","0","0","5","0","","67","5","2021","2","39.924042","-75.227707","","6","0","0","0","0","0","0","0","0","","0","0","0","","","1","","1","","39 55:26.552","6","0","75 13:39.745","3","0","0","1","67301","0","0","0","N","0","0","0","2","67301","0","","1.0","1700.0","1","N","N","N","0","","1","0","0","3","2","Y","","2","1","0","0","0","0","0","2","0","2","","03","","N","","","","","","","","","",""
"2021049742","","0","0","0","0","0","0","0","0","0","4","0","","67","5","2021","1","40.105161","-75.032846","","6","0","0","0","0","0","0","0","0","","0","0","0","","","1","","1","","40 06:18.580","7","0","75 01:58.246","8","0","0","0","67301","0","0","0","N","0","0","0","4","67301","0","","1.0","2110.0","9","N","N","N","0","","0","0","2","3","2","N","","2","1","0","0","0","1","2","2","0","2","","04","","N","","","","","","","","","",""
"2021051742","","3","0","0","0","0","0","0","0","0","5","0","","67","6","2021","7","39.979301","-75.162653","","6","0","0","0","0","0","0","0","0","","0","0","0","","","1","","1","","39 58:45.483","","0","75 09:45.551","4","0","0","0","67301","0","0","0","N","0","0","0","2","67301","1","","1.0","","1","N","N","Y","0","","0","0","1","3","2","","","4","1","1","0","0","0","0","2","0","4","","03","","N","","","","","","","","","",""
"2021069897","","1","0","0","0","0","0","0","0","0","8","0","","67","7","2021","6","39.979511","-75.118368","","6","0","0","0","0","0","0","0","0","","0","0","0","","","1","N","0","","39 58:46.241","","0","75 07:06.123","4","0","0","0","67301","1","0","0","N","1","0","0","2","67301","1","","1.0","","1","N","N","N","0","","0","0","0","0","0","","","2","1","0","0","0","0","0","2","0","1","","03","","N","","","","","","","","","",""
"2021040018","","2","0","0","0","0","0","0","0","0","4","0","","67","5","2021","3","40.005592","-75.103281","","6","0","0","0","0","0","1","0","0","","0","0","0","","","0","","1","","40 00:20.131","","0","75 06:11.812","0","0","0","0","67301","0","0","0","N","0","0","0","2","67301","0","","1.0","","9","N","N","N","0","","0","0","0","3","2","","","2","0","0","0","0","0","0","2","0","2","","07","","N","","","","","","","","","",""
"2021054294","","1","0","0","0","0","0","0","0","0","5","0","","67","6","2021","6","39.994828","-75.108342","","6","0","0","0","0","0","0","0","0","","0","0","0","","","0","N","0","","39 59:41.380","3","0","75 06:30.030","9","0","0","0","67301","0","0","0","N","0","0","0","1","67301","0","","6.0","320.0","1","N","N","N","0","","0","0","2","0","0","Y","","3","0","0","0","0","0","1","2","0","3","","03","","N","","","","","","","","","",""
"2021052000","","1","0","0","0","0","0","0","0","0","1","0","","67","6","2021","4","39.975171","-75.11625","","6","0","0","0","0","0","1","0","0","","0","0","0","","","2","N","0","","39 58:30.616","1","0","75 06:58.500","2","0","0","0","67301","0","0","0","N","0","0","0","3","68K01","0","","1.0","2359.0","1","N","N","N","0","","1","1","1","0","0","Y","","2","2","1","0","1","0","0","2","0","2","","03","","N","","","","","","","","","",""
"2021051336","","0","0","0","0","0","0","0","0","0","8","0","","67","6","2021","5","40.042363","-75.056863","","6","0","0","0","0","0","0","0","0","","0","0","0","","","1","N","0","","40 02:32.505","","0","75 03:24.706","2","0","0","0","67301","1","0","1","N","1","0","1","2","67301","0","","1.0","","9","N","N","N","0","","0","1","1","3","2","","","2","1","0","0","0","0","0","2","0","1","","07","","N","","","","","","","","","",""
"2021069827","","0","0","0","0","0","0","0","0","0","7","0","","67","7","2021","6","40.044286","-75.158256","","6","0","0","0","0","0","0","0","0","","0","0","0","","","0","N","0","","40 02:39.430","","0","75 09:29.720","0","0","0","0","67301","0","0","0","N","0","0","0","1","67301","0","","5.0","","1","N","N","N","0","","0","0","1","0","0","","","1","0","0","0","0","0","0","2","0","1","","","","N","","","","","","","","","",""
"2021070546","","0","0","0","0","0","0","0","0","0","1","0","","67","7","2021","3","40.020309","-75.142201","","6","0","0","0","0","0","1","0","0","","0","0","0","","","0","N","0","","40 01:13.113","","0","75 08:31.924","0","0","0","0","67301","0","0","0","N","0","0","0","2","67301","0","","1.0","","1","N","N","N","1","","0","0","1","0","0","","","2","0","0","0","0","0","0","2","0","2","","03","","N","","","","","","","","","",""
"2021041846","","1","0","0","0","0","0","0","0","0","5","0","","67","5","2021","7","40.056389","-75.088934","","6","0","0","0","0","0","0","0","0","","0","0","0","","","0","N","0","","40 03:23.001","","0","75 05:20.163","0","0","0","0","67301","0","0","0","N","0","0","0","1","67301","0","","6.0","","9","N","N","N","0","","0","0","2","0","0","","","3","0","0","0","0","0","0","2","0","3","","04","","N","","","","","","","","","",""
"2021051653","","1","0","0","0","0","0","0","0","0","2","0","","67","6","2021","7","40.004139","-75.17262","","6","0","0","0","0","0","1","0","0","","0","0","0","","","3","N","0","","40 00:14.899","6","0","75 10:21.431","3","0","0","0","67301","0","0","0","N","0","0","0","3","67301","1","","1.0","1005.0","1","N","N","N","0","","2","0","1","0","0","Y","","2","3","1","0","0","0","0","2","0","2","","03","","N","","","","","","","","","",""
"2021045607","","1","0","0","0","0","0","0","0","0","7","0","","67","5","2021","3","40.048194","-74.99725","","6","0","0","0","0","0","0","0","0","","0","0","0","","","0","","3","","40 02:53.500","","2","74 59:50.100","0","0","0","0","67301","0","0","0","N","0","0","0","1","67301","0","","4.0","","1","N","N","N","0","","0","0","0","0","0","","","1","0","0","0","0","0","0","2","0","1","","03","","N","","","","","","","","","",""
"2021047149","","0","0","0","0","0","0","0","0","0","7","0","","67","5","2021","7","40.011078","-75.061482","","6","0","0","0","0","0","0","0","0","","0","0","0","","","1","N","0","","40 00:39.882","1","0","75 03:41.334","4","0","0","0","67301","0","0","0","N","0","0","0","1","68K01","1","","3.0","100.0","9","N","N","N","0","","0","0","1","0","0","N","","1","1","0","0","0","0","0","2","0","1","","07","","N","","","","","","","","","",""
"2021070507","","1","0","0","0","0","0","0","0","0","8","0","","67","7","2021","1","40.004158","-75.093883","","6","0","0","0","0","0","0","0","0","","0","0","0","","","1","N","0","","40 00:14.969","2","3","75 05:37.977","2","0","0","0","67301","1","0","1","N","1","0","1","2","67301","0","","1.0","910.0","1","N","N","N","0","","0","1","0","0","0","N","","2","1","0","0","0","0","1","2","0","1","","03","","N","","","","","","","","","",""
"2021053624","","2","0","0","0","0","0","0","0","0","4","0","","67","6","2021","2","39.986524","-75.157896","","6","0","0","0","0","0","0","0","0","","0","0","0","","","0","","1","","39 59:11.485","","0","75 09:28.427","0","0","0","0","67301","0","0","0","N","0","0","0","2","67301","0","","1.0","","1","N","N","N","0","","0","0","0","3","2","","","2","0","2","0","0","0","0","2","0","2","","04","","N","","","","","","","","","",""
"2021042337","","1","0","0","0","0","0","0","0","0","4","0","","67","5","2021","1","40.024341","-75.165752","","6","0","0","0","0","0","0","0","0","","0","0","0","","","1","N","0","","40 01:27.628","","0","75 09:56.706","3","0","0","0","67301","0","0","0","N","0","0","0","5","67301","0","","1.0","","1","N","N","N","0","","1","0","0","0","0","","","2","1","0","0","0","0","0","2","1","2","","03","","N","","","","","","","","","",""
"2021079142","","1","0","0","0","0","0","0","0","0","1","0","","67","8","2021","1","40.004672","-75.152248","","6","0","0","0","0","0","1","0","0","","0","0","0","","","2","N","1","","40 00:16.819","","0","75 09:08.094","4","0","0","0","67301","0","0","0","N","0","0","0","3","67505","2","","1.0","","1","N","N","N","0","","0","0","1","3","2","","","2","2","3","0","0","0","0","2","0","2","","03","","N","","","","","","","","","",""
"2021070493","","0","0","0","0","0","0","0","0","0","7","0","","67","7","2021","3","39.994914","-75.1163","","6","0","0","0","0","0","0","0","0","","0","0","0","","","0","N","0","","39 59:41.690","","0","75 06:58.680","9","0","0","0","67301","0","0","0","N","0","0","0","2","67301","0","","6.0","","1","N","N","N","0","","0","0","1","0","0","","","1","0","1","0","0","0","1","2","0","1","","04","","N","","","","","","","","","",""
"2021070444","","1","0","0","0","0","0","0","0","0","7","0","","67","7","2021","4","40.022153","-75.080011","","6","0","0","0","0","0","0","0","0","","0","0","0","","","2","N","0","","40 01:19.750","","0","75 04:48.040","3","0","0","0","67301","0","0","0","N","0","0","0","2","67301","0","","5.0","","1","N","N","N","0","","2","0","0","0","0","","","1","2","0","0","0","0","0","2","0","1","","","","N","","","","","","","","","",""
"2021069341","","1","0","0","0","0","0","0","0","0","1","0","","67","7","2021","2","39.939395","-75.14378","","6","0","0","0","0","0","0","0","0","","0","0","0","","","0","N","0","","39 56:21.821","","0","75 08:37.608","0","0","0","0","67301","0","0","0","N","0","0","0","4","68K01","0","","1.0","","1","N","N","N","1","","0","0","0","0","0","","","2","0","0","0","0","0","0","2","0","2","","","","N","","","","","","","","","",""
"2021039557","","1","0","0","0","0","0","0","0","0","4","0","","67","5","2021","1","39.991492","-75.148312","","6","0","0","0","0","0","1","0","0","","0","0","0","","","0","","1","","39 59:29.371","","0","75 08:53.923","9","0","0","0","67301","0","0","0","N","0","0","0","2","67301","0","","1.0","","1","N","N","N","0","","0","0","0","3","2","","","2","0","0","0","0","0","1","2","1","2","","04","","N","","","","","","","","","",""
"2021051175","","1","0","0","0","0","0","0","0","0","2","0","","67","6","2021","5","40.055038","-75.157574","","6","0","0","0","0","0","0","0","0","","0","0","0","","","1","","5","","40 03:18.135","","0","75 09:27.265","3","0","0","0","67301","0","0","0","N","0","0","0","3","67301","0","","1.0","","9","N","N","N","0","","1","0","1","3","2","","","2","1","0","0","0","0","1","2","0","2","","","","N","","","","","","","","","",""
"2021079633","","1","0","0","0","0","0","0","0","0","7","0","","67","8","2021","5","40.024768","-75.091554","","6","0","0","0","0","0","0","0","0","","0","0","0","","","1","","2","","40 01:29.164","","0","75 05:29.593","3","0","0","0","67301","0","0","0","N","0","0","0","1","67301","0","","2.0","","9","N","N","N","0","","1","0","0","3","3","","","1","1","0","0","0","0","0","2","0","1","","07","","N","","","","","","","","","",""
"2021052066","","3","0","0","0","0","0","0","0","0","5","0","","67","6","2021","2","39.951064","-75.241031","","6","0","0","1","0","0","0","0","0","","0","0","0","","","0","N","0","","39 57:03.830","","0","75 14:27.710","0","0","0","0","67301","0","0","0","N","0","0","0","1","67301","0","","6.0","","1","N","N","N","0","","0","0","0","0","0","","","4","0","0","0","0","0","0","2","1","4","","03","","N","","","","","","","","","",""
"2021054295","","3","0","0","0","0","0","0","0","0","6","0","","67","6","2021","1","40.007267","-75.104969","","6","0","0","0","0","0","0","0","0","","0","0","0","","","1","N","0","","40 00:26.160","","0","75 06:17.890","4","0","0","0","67301","0","0","0","N","0","0","0","1","67301","1","","6.0","","1","N","N","N","0","","0","0","1","0","0","","","5","1","0","0","0","0","0","2","1","5","","03","","N","","","","","","","","","",""
"2021050833","","2","0","0","0","0","0","0","0","0","1","0","","67","6","2021","3","39.99721","-75.187648","","6","0","0","0","0","0","0","1","0","","0","0","0","","","1","Y","0","","39 59:49.956","","0","75 11:15.532","8","0","0","0","67301","0","0","0","N","0","0","0","3","67301","0","","1.0","","1","N","N","N","0","","0","0","1","3","2","","","3","1","0","0","0","1","2","2","0","3","","","","N","","","","","","","","","",""
"2021053656","","1","0","0","0","0","0","0","0","0","4","0","","67","6","2021","5","40.020905","-75.119106","","6","0","0","1","0","0","0","0","0","","0","0","0","","","1","","2","","40 01:15.258","6","0","75 07:08.781","3","0","0","1","67301","0","0","0","N","0","0","0","2","67301","0","","1.0","1900.0","9","N","N","N","0","","1","0","0","3","3","Y","","2","1","0","0","0","0","0","2","0","2","","","","N","","","","","","","","","",""
"2021051596","","3","0","0","0","0","0","0","0","0","4","0","","67","6","2021","7","39.946123","-75.157911","","6","0","0","0","0","0","0","0","0","","0","0","0","","","2","","1","","39 56:46.042","3","0","75 09:28.479","3","0","0","0","67301","0","0","0","N","0","0","0","2","67301","0","","1.0","159.0","1","N","N","N","0","","2","0","2","3","2","Y","","5","2","0","0","0","0","0","2","0","5","","03","","N","","","","","","","","","",""
"2021051868","","2","0","0","0","0","0","0","0","0","4","0","","67","6","2021","1","40.054746","-75.151295","","6","0","0","0","0","0","0","0","0","","0","0","0","","","2","","1","","40 03:17.085","","0","75 09:04.662","2","0","0","0","67301","0","0","0","N","0","0","0","2","67301","0","","1.0","","1","N","N","N","0","","1","1","0","3","3","","","2","2","0","0","0","0","0","2","0","2","","03","","N","","","","","","","","","",""
"2021055237","","2","0","0","0","0","0","0","0","0","1","0","","67","6","2021","6","39.986826","-75.156164","","6","0","0","0","0","0","1","0","0","","0","0","0","","","1","Y","0","","39 59:12.573","","0","75 09:22.192","4","0","0","0","67301","0","0","0","N","0","0","0","4","67301","1","","1.0","","1","N","N","N","0","","0","0","1","3","2","","","4","1","0","0","0","0","0","2","1","4","","03","","N","","","","","","","","","",""
"2021050843","","1","0","0","0","0","0","0","0","0","5","0","","67","6","2021","4","40.005592","-75.103281","","6","0","0","0","0","0","0","0","0","","0","0","0","","","1","","1","","40 00:20.131","","0","75 06:11.812","3","0","0","0","67301","0","0","0","N","0","0","0","2","67301","0","","1.0","","1","N","N","N","0","","1","0","0","3","1","","","2","1","1","0","0","0","0","2","0","2","","03","","N","","","","","","","","","",""
"2021064323","","1","0","0","0","0","0","0","0","0","4","0","","67","6","2021","4","39.99576","-75.184363","","6","0","0","0","1","0","0","0","0","","0","0","0","","","1","","2","","39 59:44.736","","0","75 11:03.706","8","0","0","1","67301","0","0","0","N","0","0","0","1","67301","0","","4.0","","1","N","N","N","0","","0","0","0","0","0","","","2","1","0","0","0","1","0","2","0","2","","03","","N","","","","","","","","","",""
"2021079774","","1","0","0","0","0","0","0","0","0","1","0","","67","8","2021","1","39.972361","-75.193669","","6","0","0","0","0","0","0","0","0","","0","0","0","","","0","N","0","","39 58:20.501","3","0","75 11:37.209","0","0","0","0","67301","0","0","0","N","0","0","0","2","68K01","0","","1.0","35.0","9","N","N","Y","0","","0","0","1","0","0","N","","2","0","0","0","0","0","0","2","0","2","","","","N","","","","","","","","","",""
"2021060662","","1","0","0","0","0","0","0","0","0","1","0","","67","6","2021","6","39.932159","-75.145415","","6","0","0","0","0","0","1","0","0","","0","0","0","","","1","N","0","","39 55:55.773","","3","75 08:43.495","4","0","0","0","67301","0","0","0","N","0","0","0","2","68K01","1","","1.0","","9","N","N","N","0","","0","0","1","0","0","","","2","1","0","0","0","0","0","2","0","2","","","","N","","","","","","","","","",""
"2021078488","","1","0","0","0","0","0","0","0","0","8","0","","67","8","2021","2","39.988495","-75.160727","","6","0","0","0","0","0","1","0","0","","0","0","0","","","1","","2","","39 59:18.582","","0","75 09:38.617","3","0","0","0","67301","1","0","0","N","1","0","0","2","67301","0","","1.0","","1","N","N","N","0","","1","0","0","3","2","","","2","1","0","0","0","0","0","2","0","1","","03","","N","","","","","","","","","",""
"2021051737","","2","0","0","0","0","0","0","0","0","4","0","","67","6","2021","7","39.962324","-75.155997","","6","0","0","0","0","0","0","0","0","","0","0","0","","","0","","1","","39 57:44.366","","0","75 09:21.589","0","0","0","0","67301","0","0","0","N","0","0","0","2","67301","0","","1.0","","1","N","N","N","0","","0","0","0","0","0","","","2","0","0","0","0","0","0","2","0","2","","03","","N","","","","","","","","","",""
"2021079932","","1","0","0","0","0","0","0","0","0","2","0","","67","8","2021","3","39.934464","-75.233022","","6","0","0","0","0","0","0","0","0","","0","0","0","","","1","N","0","","39 56:04.070","","0","75 13:58.880","4","0","0","0","67301","0","0","0","N","0","0","0","1","67301","1","","1.0","","1","N","N","N","0","","0","0","1","3","2","","","2","1","0","0","0","0","0","2","0","2","","","","N","","","","","","","","","",""
"2021053660","","0","0","0","0","0","0","0","0","0","1","0","","67","6","2021","5","40.002626","-75.124413","","6","0","0","0","0","0","2","0","0","","0","0","0","","","1","","1","","40 00:09.455","","0","75 07:27.886","3","0","0","0","67301","0","0","0","N","0","0","0","3","67301","0","","9.0","","1","N","N","N","0","","1","0","3","3","2","","","3","1","0","0","0","0","2","2","0","3","","03","","N","","","","","","","","","",""
"2021057161","","2","0","0","0","0","0","0","0","0","4","0","","67","6","2021","7","40.054656","-75.141242","","6","0","0","0","0","0","0","0","0","","0","0","0","","","1","","3","","40 03:16.760","","0","75 08:28.471","8","0","0","0","67301","0","0","0","N","0","0","0","3","67301","0","","1.0","","1","N","N","N","0","","0","0","1","3","2","","","3","1","0","0","0","1","0","2","0","3","","03","","N","","","","","","","","","",""
"2021080381","","2","0","0","0","0","0","0","0","0","4","0","","67","8","2021","7","40.028683","-75.117741","","6","0","0","0","0","0","0","0","0","","0","0","0","","","0","","1","","40 01:43.257","7","0","75 07:03.868","9","0","0","0","67301","0","0","0","N","0","0","0","3","67301","0","","1.0","2105.0","9","N","N","N","0","","0","0","0","3","2","N","","2","0","0","0","0","0","3","2","0","2","","","","N","","","","","","","","","",""