"CRN","ARRIVAL_TM","AUTOMOBILE_COUNT","BELTED_DEATH_COUNT","BELTED_SUSP_SERIOUS_INJ_COUNT","BICYCLE_COUNT","BICYCLE_DEATH_COUNT","BICYCLE_SUSP_SERIOUS_INJ_COUNT","BUS_COUNT","CHLDPAS_DEATH_COUNT","CHLDPAS_SUSP_SERIOUS_INJ_COUNT","COLLISION_TYPE","COMM_VEH_COUNT","CONS_ZONE_SPD_LIM","COUNTY","CRASH_MONTH","CRASH_YEAR","DAY_OF_WEEK","DEC_LATITUDE","DEC_LONGITUDE","DISPATCH_TM","DISTRICT","DRIVER_COUNT_16YR","DRIVER_COUNT_17YR","DRIVER_COUNT_18YR","DRIVER_COUNT_19YR","DRIVER_COUNT_20YR","DRIVER_COUNT_50_64YR","DRIVER_COUNT_65_74YR","DRIVER_COUNT_75PLUS","EST_HRS_CLOSED","FATAL_COUNT","HEAVY_TRUCK_COUNT","HORSE_BUGGY_COUNT","HOUR_OF_DAY","ILLUMINATION","INJURY_COUNT","INTERSECTION_RELATED","INTERSECT_TYPE","LANE_CLOSED","LATITUDE","LN_CLOSE_DIR","LOCATION_TYPE","LONGITUDE","MAX_SEVERITY_LEVEL","MCYCLE_DEATH_COUNT","MCYCLE_SUSP_SERIOUS_INJ_COUNT","MOTORCYCLE_COUNT","MUNICIPALITY","NONMOTR_COUNT","NONMOTR_DEATH_COUNT","NONMOTR_SUSP_SERIOUS_INJ_COUNT","NTFY_HIWY_MAINT","PED_COUNT","PED_DEATH_COUNT","PED_SUSP_SERIOUS_INJ_COUNT","PERSON_COUNT","POLICE_AGCY","POSSIBLE_INJ_COUNT","RDWY_SURF_TYPE_CD","RELATION_TO_ROAD","ROADWAY_CLEARED","ROAD_CONDITION","SCH_BUS_IND","SCH_ZONE_IND","SECONDARY_CRASH","SMALL_TRUCK_COUNT","SPEC_JURIS_CD","SUSP_MINOR_INJ_COUNT","SUSP_SERIOUS_INJ_COUNT","SUV_COUNT","TCD_FUNC_CD","TCD_TYPE","TFC_DETOUR_IND","TIME_OF_DAY","TOTAL_UNITS","TOT_INJ_COUNT","UNBELTED_OCC_COUNT","UNB_DEATH_COUNT","UNB_SUSP_SERIOUS_INJ_COUNT","UNK_INJ_DEG_COUNT","UNK_INJ_PER_COUNT","URBAN_RURAL","VAN_COUNT","VEHICLE_COUNT","WEATHER1","WEATHER2","WORKERS_PRES","WORK_ZONE_IND","WORK_ZONE_LOC","WORK_ZONE_TYPE","WZ_CLOSE_DETOUR","WZ_FLAGGER","WZ_LAW_OFFCR_IND","WZ_LN_CLOSURE","WZ_MOVING","WZ_OTHER","WZ_SHLDER_MDN","WZ_WORKERS_INJ_KILLED"
"2021053676","","1","0","0","0","0","0","0","0","0","5","0","","67","6","2021","2","40.01719","-75.149512","","6","0","0","0","0","0","0","0","0","","0","0","0","","","0","Y","0","","40 01:01.885","","0","75 08:58.243","9","0","0","0","67301","0","0","0","N","0","0","0","3","67301","0","","1.0","","1","N","N","N","0","","0","0","1","3","2","","","3","0","1","0","0","0","1","2","1","3","","03","","N","","","","","","","","","",""
"2021046054","","1","0","0","0","0","0","0","0","0","4","0","","67","5","2021","3","40.014849","-75.206492","","6","0","0","0","0","1","0","0","0","","0","0","0","","","2","","1","","40 00:53.458","","2","75 12:23.372","8","0","0","0","67301","0","0","0","N","0","0","0","3","67301","0","","1.0","","1","N","N","N","0","","0","0","1","3","3","","","2","2","0","0","0","2","0","2","0","2","","03","","N","","","","","","","","","",""
"2021050213","","1","0","0","1","0","0","0","0","0","8","0","","67","6","2021","3","40.027579","-75.147244","","6","0","0","1","0","0","0","0","0","","0","0","0","","","1","","1","","40 01:39.286","","0","75 08:50.079","3","0","0","0","67301","1","0","0","N","0","0","0","2","67301","0","","1.0","","1","N","N","N","0","","1","0","0","3","2","","","2","1","0","0","0","0","0","2","0","1","","","","N","","","","","","","","","",""
"2021049855","","1","0","0","0","0","0","0","0","0","8","0","","67","6","2021","3","39.930028","-75.155167","","6","0","0","0","0","0","0","0","0","","0","0","0","","","1","N","0","","39 55:48.100","","0","75 09:18.600","8","0","0","0","67301","1","0","0","N","1","0","0","2","67301","0","","1.0","","1","N","Y","N","0","","0","0","0","0","0","","","2","1","0","0","0","1","0","2","0","1","","","","N","","","","","","","","","",""
"2021080512","","1","0","0","0","0","0","0","0","0","1","0","","67","8","2021","5","39.958998","-75.170811","","6","0","0","0","0","0","0","0","0","","0","0","0","","","1","N","0","","39 57:32.391","4","0","75 10:14.919","8","0","0","0","67301","0","0","0","N","0","0","0","3","68K01","0","","1.0","2029.0","1","N","N","N","0","","0","0","1","0","0","N","","2","1","1","0","0","1","0","2","0","2","","","","N","","","","","","","","","",""
"2021045548","","0","0","0","0","0","0","0","0","0","1","0","","67","5","2021","3","39.957866","-75.162477","","6","0","0","0","0","0","0","0","0","","0","0","0","","","3","N","0","","39 57:28.316","","0","75 09:44.918","8","0","0","0","67301","0","0","0","N","0","0","0","6","68K01","0","","1.0","","1","N","N","N","0","","0","0","2","0","0","","","2","3","0","0","0","3","0","2","0","2","","03","","N","","","","","","","","","",""
"2021053602","","2","0","0","0","0","0","0","0","0","5","0","","67","6","2021","7","40.037361","-75.032806","","6","0","0","0","0","0","0","0","0","","0","0","0","","","0","N","0","","40 02:14.500","","0","75 01:58.100","0","0","0","0","67301","0","0","0","N","0","0","0","1","67301","0","","6.0","","1","N","N","N","0","","0","0","1","0","0","","","3","0","1","0","0","0","0","2","0","3","","","","N","","","","","","","","","",""
"2021054837","","1","0","0","0","0","0","0","0","0","7","0","99","67","6","2021","7","39.982499","-75.100189","","6","0","0","0","0","0","0","0","0","","0","0","0","","","0","N","0","","39 58:56.998","2","0","75 06:00.680","0","0","0","0","67301","0","0","0","N","0","0","0","1","68K01","0","","4.0","825.0","1","N","N","N","0","","0","0","0","3","8","N","","1","0","0","0","0","0","0","2","0","1","","","U","Y","4","1","","","U","","","","Y","N"
"2021052023","","2","0","0","0","0","0","0","0","0","1","0","","67","6","2021","7","39.959461","-75.174513","","6","0","0","0","0","0","0","0","0","","0","0","0","","","0","N","0","","39 57:34.058","","0","75 10:28.248","0","0","0","0","67301","0","0","0","N","0","0","0","3","68K01","0","","1.0","","1","N","N","N","0","","0","0","1","0","0","","","3","0","0","0","0","0","0","2","0","3","","03","","N","","","","","","","","","",""
"2021051068","","0","0","0","0","0","0","0","0","0","8","0","","67","6","2021","3","40.027986","-75.149716","","6","0","0","0","0","0","0","0","0","","0","0","0","","","1","","1","","40 01:40.749","","0","75 08:58.977","3","0","0","0","67301","1","0","0","N","1","0","0","2","67301","0","","1.0","","1","N","N","N","0","","1","0","0","0","0","","","2","1","0","0","0","0","0","2","1","1","","03","","N","","","","","","","","","",""
"2021053616","","4","0","0","0","0","0","0","0","0","5","0","","67","6","2021","1","39.9401","-75.166842","","6","0","0","0","0","0","0","0","0","","0","0","0","","","0","N","0","","39 56:24.360","","0","75 10:00.630","0","0","0","0","67301","0","0","0","N","0","0","0","1","67301","0","","6.0","","1","N","N","Y","0","","0","0","0","0","0","","","5","0","1","0","0","0","0","2","1","5","","03","","N","","","","","","","","","",""
"2021053673","","1","0","0","0","0","0","0","0","0","4","0","","67","6","2021","7","40.017979","-75.155001","","6","0","0","0","0","0","0","0","0","","0","0","0","","","2","","1","","40 01:04.726","2","0","75 09:18.002","3","0","0","0","67301","0","0","0","N","0","0","0","2","67301","0","","1.0","2130.0","1","N","N","N","0","","1","0","1","3","2","Y","","2","2","0","0","0","1","0","2","0","2","","","","N","","","","","","","","","",""
"2021053578","","0","0","0","0","0","0","0","0","0","4","0","","67","6","2021","4","39.947236","-75.226833","","6","0","0","0","0","0","0","0","0","","0","0","0","","","0","","1","","39 56:50.048","","0","75 13:36.599","0","0","0","0","67301","0","0","0","N","0","0","0","2","67301","0","","1.0","","1","N","N","N","0","","0","0","2","3","2","","","2","0","0","0","0","0","0","2","0","2","","03","","N","","","","","","","","","",""
"2021074965","","1","0","0","0","0","0","0","0","0","1","0","","67","8","2021","3","39.95797","-75.1626","","6","0","0","1","0","0","1","0","0","","0","0","0","","","0","N","0","","39 57:28.691","4","0","75 09:45.360","0","0","0","0","67301","0","0","0","N","0","0","0","3","68K01","0","","1.0","1822.0","1","N","N","N","0","","0","0","1","0","0","N","","2","0","0","0","0","0","0","2","0","2","","","","N","","","","","","","","","",""
"2021052064","","0","0","0","0","0","0","0","0","0","1","0","","67","6","2021","1","40.050667","-75.173272","","6","0","0","0","0","0","0","0","0","","0","0","0","","","3","","1","","40 03:02.401","","0","75 10:23.780","3","0","0","0","67301","0","0","0","N","0","0","0","8","67301","0","","1.0","","1","N","N","N","0","","1","0","1","3","2","","","2","3","0","0","0","2","5","2","1","2","","03","","N","","","","","","","","","",""
"2021046061","","2","0","0","0","0","0","0","0","0","4","0","","67","5","2021","3","40.057525","-75.149283","","6","0","0","0","0","0","0","0","1","","0","0","0","","","1","","1","","40 03:27.090","","0","75 08:57.418","3","0","0","0","67301","0","0","0","N","0","0","0","3","67301","0","","1.0","","1","N","N","N","0","","1","0","0","3","2","","","2","1","1","0","0","0","0","2","0","2","","","","N","","","","","","","","","",""
"2021051490","","1","0","0","0","0","0","0","0","0","7","0","","67","6","2021","7","40.003329","-75.166336","","6","0","0","0","0","0","0","0","0","","0","0","0","","","0","N","0","","40 00:11.986","","0","75 09:58.809","0","0","0","0","67301","0","0","0","N","0","0","0","2","67301","0","","4.0","","1","N","N","N","0","","0","0","0","3","2","","","1","0","0","0","0","0","0","2","0","1","","03","","N","","","","","","","","","",""
"2021050212","","2","0","0","0","0","0","0","0","0","1","0","","67","5","2021","2","40.035139","-75.132056","","6","0","0","0","0","0","1","0","0","","0","0","0","","","1","N","0","","40 02:06.500","","0","75 07:55.400","3","0","0","0","67301","0","0","0","N","0","0","0","2","67301","0","","1.0","","99","N","N","N","0","","1","0","0","0","0","","","2","1","2","0","0","0","1","2","0","2","","","","N","","","","","","","","","",""
"2021053569","","1","0","0","0","0","0","0","0","0","4","0","","67","6","2021","2","39.919396","-75.170834","","6","0","0","0","0","0","1","0","0","","0","0","0","","","0","","1","","39 55:09.827","1","0","75 10:15.002","0","0","0","0","67301","0","0","0","N","0","0","0","5","67301","0","","1.0","1305.0","1","N","N","N","0","","0","0","1","3","2","N","","2","0","1","0","0","0","0","2","0","2","","","","N","","","","","","","","","",""
"2021078436","","2","0","0","0","0","0","0","0","0","2","0","","67","8","2021","6","40.037664","-75.042522","","6","0","1","0","0","0","0","0","0","","0","0","0","","","2","","1","","40 02:15.591","","0","75 02:33.078","3","0","0","0","67301","0","0","0","N","0","0","0","4","67301","0","","1.0","","1","N","N","N","1","","2","0","0","3","3","","","3","2","0","0","0","0","0","2","0","3","","03","","N","","","","","","","","","",""
"2021079663","","0","0","0","1","0","1","0","0","0","8","0","","67","8","2021","3","40.114858","-75.03125","","6","0","0","0","0","0","1","0","0","","0","0","0","","","1","","1","","40 06:53.488","5","0","75 01:52.500","2","0","0","0","67301","1","0","1","N","0","0","0","2","67301","0","","1.0","2012.0","1","N","N","N","0","","0","1","1","3","3","Y","","2","1","0","0","0","0","0","2","0","1","","03","","N","","","","","","","","","",""
"2021053646","","2","0","0","0","0","0","0","0","0","1","0","","67","5","2021","2","39.996119","-75.136403","","6","0","0","0","0","0","0","0","0","","0","0","0","","","1","N","0","","39 59:46.030","","0","75 08:11.050","8","0","0","0","67301","0","0","0","N","0","0","0","1","67301","0","","6.0","","1","N","N","N","0","","0","0","0","0","0","","","2","1","1","0","0","1","0","2","0","2","","","","N","","","","","","","","","",""
"2021049756","","2","0","0","0","0","0","0","0","0","4","0","","67","5","2021","1","39.972323","-75.248868","","6","0","0","0","0","0","0","0","0","","0","0","0","","","3","","1","","39 58:20.364","","0","75 14:55.925","3","0","0","0","67301","0","0","0","N","0","0","0","3","67301","0","","1.0","","1","N","N","N","0","","2","0","0","3","2","","","3","3","0","0","0","1","0","2","1","3","","04","","N","","","","","","","","","",""
"2021064342","","1","0","0","0","0","0","0","0","0","4","0","","67","6","2021","7","40.009204","-75.150818","","6","0","0","0","0","0","1","0","0","","0","0","0","","","0","","1","","40 00:33.133","","0","75 09:02.943","0","0","0","0","67301","0","0","0","N","0","0","0","3","67301","0","","1.0","","1","N","N","N","0","","0","0","2","3","2","","","3","0","0","0","0","0","0","2","0","3","","03","","N","","","","","","","","","",""
"2021080155","","1","0","0","0","0","0","0","0","0","4","1","","67","8","2021","4","39.930508","-75.168288","","6","0","0","0","0","0","0","0","0","","0","1","0","","","0","","1","","39 55:49.827","","0","75 10:05.835","9","0","0","0","67301","0","0","0","N","0","0","0","2","67301","0","","1.0","","1","N","N","N","0","","0","0","0","3","2","","","2","0","0","0","0","0","1","2","0","2","","03","","N","","","","","","","","","",""
"2021051567","","1","0","0","0","0","0","0","0","0","4","0","","67","6","2021","6","40.001054","-75.226699","","6","0","0","0","0","0","0","0","0","","0","0","0","","","1","N","0","","40 00:03.794","","7","75 13:36.117","3","0","0","0","67301","0","0","0","N","0","0","0","2","67301","0","","1.0","","99","N","N","Y","0","","1","0","1","0","0","","","2","1","0","0","0","0","0","2","0","2","","","","N","","","","","","","","","",""
"2021079133","","1","0","0","0","0","0","0","0","0","4","0","","67","8","2021","2","39.984697","-75.15663","","6","0","0","0","0","0","1","0","0","","0","0","0","","","1","Y","1","","39 59:04.910","","0","75 09:23.867","4","0","0","0","67301","0","0","0","N","0","0","0","3","67301","1","","1.0","","9","N","N","N","1","","0","0","0","0","0","","","2","1","0","0","0","0","0","2","0","2","","04","","N","","","","","","","","","",""
"2021053571","","0","0","0","0","0","0","0","0","0","8","0","","67","6","2021","1","39.953949","-75.159464","","6","0","0","0","0","0","0","0","0","","0","0","0","","","1","","1","","39 57:14.217","","0","75 09:34.069","3","0","0","0","67301","1","0","0","N","1","0","0","2","67301","0","","1.0","","1","N","N","N","0","","1","0","1","3","2","","","2","1","0","0","0","0","0","2","0","1","","03","","N","","","","","","","","","",""
"2021078355","","2","0","0","0","0","0","0","0","0","1","0","","67","8","2021","2","40.017973","-75.170974","","6","0","0","0","0","0","0","0","0","","0","0","0","","","0","N","0","","40 01:04.701","","2","75 10:15.507","9","0","0","0","67301","0","0","0","N","0","0","0","2","67301","0","","1.0","","1","N","N","N","0","","0","0","0","0","0","","","2","0","0","0","0","0","1","2","0","2","","03","","N","","","","","","","","","",""
"2021051486","","1","0","0","0","0","0","0","0","0","4","0","","67","6","2021","5","39.933477","-75.215566","","6","0","0","0","0","0","1","0","0","","0","0","0","","","1","","3","","39 56:00.517","","7","75 12:56.036","3","0","0","0","67301","0","0","0","N","0","0","0","2","67301","0","","1.0","","9","N","N","N","0","","1","0","1","3","2","","","2","1","0","0","0","0","1","2","0","2","","07","","N","","","","","","","","","",""
"2021078405","","0","0","0","0","0","0","0","0","0","7","0","","67","8","2021","7","40.067069","-75.195767","","6","0","0","0","0","1","0","0","0","","0","0","0","","","1","N","0","","40 04:01.450","","0","75 11:44.760","8","0","0","0","67301","0","0","0","N","0","0","0","1","67301","0","","5.0","","9","N","N","N","0","","0","0","1","0","0","","","1","1","0","0","0","1","0","2","0","1","","07","","N","","","","","","","","","",""
"2021050109","","1","0","0","0","0","0","0","0","0","8","0","","67","5","2021","2","39.995905","-75.095656","","6","0","0","0","0","0","0","0","0","","0","0","0","","","1","N","0","","39 59:45.257","","0","75 05:44.362","8","0","0","0","67301","1","0","0","N","1","0","0","2","67301","0","","1.0","","1","N","N","N","0","","0","0","0","0","0","","","2","1","1","0","0","1","0","2","0","1","","03","","N","","","","","","","","","",""
"2021051828","","0","0","0","0","0","0","0","0","0","4","0","","67","5","2021","2","40.02958","-75.103989","","6","0","0","0","0","0","0","0","0","","0","0","0","","","1","","3","","40 01:46.488","","0","75 06:14.359","2","0","0","0","67301","0","0","0","N","0","0","0","4","67301","0","","1.0","","99","N","N","N","0","","0","1","2","9","2","","","2","1","3","0","1","0","2","2","0","2","","","","N","","","","","","","","","",""
"2021051488","","2","0","0","0","0","0","0","0","0","4","0","","67","6","2021","7","40.080337","-75.178032","","6","0","0","0","0","0","0","0","0","","0","0","0","","","0","","1","","40 04:49.213","","0","75 10:40.915","0","0","0","0","67301","0","0","0","N","0","0","0","2","67301","0","","1.0","","99","N","N","N","0","","0","0","0","3","3","","","2","0","0","0","0","0","0","2","0","2","","03","","N","","","","","","","","","",""
"2021050572","","2","0","0","0","0","0","0","0","0","6","0","","67","6","2021","4","40.018331","-75.201867","","6","0","0","0","0","0","0","0","1","","0","0","0","","","1","N","0","","40 01:05.990","5","0","75 12:06.720","8","0","0","0","67301","0","0","0","N","0","0","0","2","67301","0","","1.0","1407.0","1","N","N","N","0","","0","0","0","0","0","Y","","2","1","0","0","0","1","0","2","0","2","","03","","N","","","","","","","","","",""
"2021059416","","1","0","0","0","0","0","0","0","0","4","0","","67","6","2021","7","40.007909","-75.0852","","6","0","0","0","0","0","1","0","0","","0","0","0","","","0","","2","","40 00:28.472","2","0","75 05:06.719","0","0","0","0","67301","0","0","0","N","0","0","0","2","67301","0","","1.0","2100.0","1","N","N","N","0","","0","0","1","3","3","N","","2","0","2","0","0","0","0","2","0","2","","03","","N","","","","","","","","","",""
"2021053647","","1","0","0","0","0","0","0","0","0","4","0","","67","5","2021","2","40.002896","-75.124355","","6","0","0","0","0","0","1","0","0","","0","0","0","","","1","N","0","","40 00:10.426","","7","75 07:27.677","3","0","0","1","67301","0","0","0","N","0","0","0","2","67301","0","","1.0","","1","N","N","N","0","","1","0","0","3","2","","","2","1","1","0","0","0","0","2","0","2","","03","","N","","","","","","","","","",""
"2021056086","","1","0","0","0","0","0","0","0","0","7","0","","67","6","2021","7","39.8918","-75.237271","","6","0","0","0","0","0","0","0","0","","0","0","0","","","1","N","0","","39 53:30.480","2","0","75 14:14.175","4","0","0","0","67301","0","0","0","Y","0","0","0","1","68K02","1","","4.0","2245.0","1","N","N","N","0","","0","0","0","0","0","N","","1","1","0","0","0","0","0","2","0","1","","","","N","","","","","","","","","",""
"2021056437","","0","0","0","0","0","0","0","0","0","1","0","","67","6","2021","5","39.95087","-75.14107","","6","0","0","0","0","0","0","0","0","","0","0","0","","","1","","7","","39 57:03.131","1","2","75 08:27.851","4","0","0","0","67301","0","0","0","N","0","0","0","2","68K01","1","","7.0","200.0","1","N","N","N","0","","0","0","1","0","0","N","","2","1","0","0","0","0","0","2","1","2","","03","","N","","","","","","","","","",""
"2021049744","","1","0","0","0","0","0","0","0","0","1","0","","67","5","2021","2","39.944886","-75.221553","","6","0","0","0","0","0","0","0","0","","0","0","0","","","1","","11","","39 56:41.589","","0","75 13:17.590","8","0","0","0","67301","0","0","0","N","0","0","0","1","67301","0","","1.0","","1","N","N","N","0","","0","0","0","0","0","","","2","1","0","0","0","1","0","2","1","2","","03","","N","","","","","","","","","",""
"2021053620","","0","0","0","0","0","0","0","0","0","8","0","","67","6","2021","2","39.953664","-75.235542","","6","0","0","0","0","0","0","0","0","","0","0","0","","","1","N","0","","39 57:13.190","","0","75 14:07.950","3","0","0","0","67301","1","0","0","N","1","0","0","2","67301","0","","1.0","","1","N","N","N","0","","1","0","1","0","0","","","2","1","0","0","0","0","0","2","0","1","","","","N","","","","","","","","","",""
"2021053607","","2","0","0","0","0","0","0","0","0","4","0","","67","6","2021","2","40.036793","-75.033921","","6","0","0","0","0","0","0","0","0","","0","0","0","","","0","","1","","40 02:12.456","","0","75 02:02.116","0","0","0","0","67301","0","0","0","N","0","0","0","2","67301","0","","1.0","","1","N","N","N","0","","0","0","0","3","3","","","2","0","0","0","0","0","0","2","0","2","","03","","N","","","","","","","","","",""
"2021053580","","0","0","0","0","0","0","0","0","0","4","0","","67","6","2021","6","39.918554","-75.225852","","6","0","0","0","0","0","0","1","0","","0","0","0","","","1","","1","","39 55:06.796","","0","75 13:33.067","3","0","0","1","67301","0","0","0","N","0","0","0","3","67301","0","","1.0","","1","N","N","N","0","","1","0","1","3","2","","","2","1","0","0","0","0","0","2","0","2","","03","","N","","","","","","","","","",""
"2021051327","","2","0","0","0","0","0","0","0","0","4","0","","67","6","2021","6","39.956629","-75.198022","","6","0","0","0","1","0","0","0","0","","0","0","0","","","0","","1","","39 57:23.865","","0","75 11:52.879","9","0","0","0","67301","0","0","0","N","0","0","0","3","67504","0","","1.0","","1","N","N","N","0","","0","0","0","3","2","","","2","0","0","0","0","0","1","2","0","2","","03","","N","","","","","","","","","",""
"2021046135","","2","0","0","0","0","0","0","0","0","5","0","","67","5","2021","3","40.023642","-75.211486","","6","0","0","0","0","0","0","0","0","","0","0","0","","","0","N","0","","40 01:25.110","2","0","75 12:41.350","9","0","0","0","67301","0","0","0","N","0","0","0","1","67301","0","","6.0","2035.0","1","N","N","N","0","","0","0","1","0","0","Y","","3","0","0","0","0","0","1","2","0","3","","03","","N","","","","","","","","","",""
"2021047244","","0","0","0","0","0","0","0","0","0","5","0","","67","5","2021","6","40.091227","-74.976823","","6","0","0","0","0","1","1","0","0","","0","0","0","","","0","N","0","","40 05:28.418","4","0","74 58:36.562","0","0","0","0","67301","0","0","0","N","0","0","0","2","67301","0","","1.0","2320.0","1","N","N","N","1","","0","0","1","0","0","N","","2","0","0","0","0","0","0","2","0","2","","03","","N","","","","","","","","","",""
"2021073395","","1","0","0","0","0","0","0","0","0","8","0","","67","8","2021","7","40.023117","-75.158011","","6","0","0","0","0","0","0","0","0","","0","0","0","","","1","N","0","","40 01:23.220","","0","75 09:28.840","3","0","0","0","67301","1","0","0","N","1","0","0","1","67301","0","","5.0","","1","N","N","N","0","","1","0","0","0","0","","","2","1","0","0","0","0","0","2","0","1","","03","","N","","","","","","","","","",""
"2021051363","","1","0","0","0","0","0","0","0","0","5","0","","67","6","2021","6","39.937442","-75.181978","","6","0","0","0","0","0","0","0","0","","0","0","0","","","0","N","0","","39 56:14.790","","0","75 10:55.120","9","0","0","0","67301","0","0","0","N","0","0","0","1","67301","0","","6.0","","9","N","N","N","0","","0","0","0","0","0","","","2","0","0","0","0","0","1","2","0","2","","","","N","","","","","","","","","",""
"2021049413","","0","0","0","0","0","0","0","0","0","8","0","","67","5","2021","1","40.045765","-75.165297","","6","0","0","0","0","0","0","0","0","","0","0","0","","","1","N","0","","40 02:44.754","","0","75 09:55.069","4","0","0","0","67301","1","0","0","N","1","0","0","2","67301","1","","1.0","","9","N","N","N","0","","0","0","1","0","0","","","2","1","0","0","0","0","0","2","0","1","","07","","N","","","","","","","","","",""
"2021036471","","3","0","0","0","0","0","0","0","0","4","0","","67","4","2021","4","39.905757","-75.193824","","6","0","0","0","0","0","0","0","0","","0","0","0","","","1","","1","","39 54:20.725","","0","75 11:37.765","8","0","0","0","67301","0","0","0","N","0","0","0","3","67301","0","","1.0","","9","N","N","N","0","","0","0","0","3","2","","","3","1","2","0","0","1","0","2","0","3","","07","","N","","","","","","","","","",""
"2021053667","","0","0","0","0","0","0","0","0","0","8","0","","67","6","2021","5","40.029589","-75.138369","","6","0","0","0","0","0","0","0","0","","0","0","0","","","1","N","0","","40 01:46.520","","0","75 08:18.130","8","0","0","0","67301","1","0","0","N","1","0","0","2","67301","0","","1.0","","9","N","N","N","0","","0","0","0","0","0","","","2","1","0","0","0","1","1","2","0","1","","","","N","","","","","","","","","",""
"2021057807","","1","0","0","0","0","0","0","0","0","5","0","","67","6","2021","1","39.958076","-75.164233","","6","0","0","0","0","0","0","0","0","","0","0","0","","","1","N","0","","39 57:29.075","","0","75 09:51.238","3","0","0","0","67301","0","0","0","N","0","0","0","4","68K01","0","","1.0","","1","N","N","N","0","","1","0","1","0","0","","","2","1","0","0","0","0","0","2","0","2","","","","N","","","","","","","","","",""
"2021053561","","1","0","0","0","0","0","0","0","0","5","0","","67","6","2021","2","40.028871","-75.100268","","6","0","0","0","0","0","0","0","0","","0","0","0","","","0","N","0","","40 01:43.937","","0","75 06:00.966","0","0","0","0","67301","0","0","0","N","0","0","0","2","67301","0","","1.0","","1","N","N","N","0","","0","0","0","0","0","","","2","0","0","0","0","0","0","2","0","2","","03","","N","","","","","","","","","",""
"2021052065","","1","0","0","0","0","0","0","0","0","2","0","","67","6","2021","1","40.033578","-75.182068","","6","0","0","0","0","0","0","0","0","","0","0","0","","","0","","2","","40 02:00.881","5","0","75 10:55.445","0","0","0","0","67301","0","0","0","N","0","0","0","2","67301","0","","1.0","2245.0","1","N","N","N","0","","0","0","1","0","0","Y","","2","0","0","0","0","0","0","2","0","2","","03","","N","","","","","","","","","",""
"2021050362","","1","0","0","0","0","0","0","0","0","4","0","","67","6","2021","3","40.045997","-75.082334","","6","0","0","0","0","0","1","0","0","","0","0","0","","","1","","1","","40 02:45.589","1","0","75 04:56.402","3","0","0","0","67301","0","0","0","N","0","0","0","4","67301","0","","1.0","900.0","1","N","N","Y","0","","1","0","2","3","2","N","","3","1","0","0","0","0","1","2","0","3","","","","N","","","","","","","","","",""
"2021053604","","0","0","0","0","0","0","0","0","0","8","0","","67","6","2021","1","40.022222","-75.093972","","6","0","0","0","0","0","0","0","0","","0","0","0","","","1","N","0","","40 01:20.000","","0","75 05:38.300","3","0","0","0","67301","1","0","0","N","1","0","0","2","67301","0","","1.0","","1","N","N","N","0","","1","0","1","0","0","","","2","1","0","0","0","0","0","2","0","1","","","","N","","","","","","","","","",""
"2021050364","","1","0","0","0","0","0","0","0","0","1","0","","67","6","2021","3","39.915098","-75.157561","","6","0","0","0","0","0","1","0","0","","0","0","0","","","1","N","0","","39 54:54.354","","0","75 09:27.221","3","0","0","0","67301","0","0","0","N","0","0","0","3","67301","0","","1.0","","1","N","N","N","0","","1","0","1","0","0","","","2","1","0","0","0","0","0","2","0","2","","03","","N","","","","","","","","","",""
"2021053651","","1","0","0","0","0","0","0","0","0","4","0","","67","6","2021","3","40.001585","-75.152798","","6","0","0","0","0","0","0","0","0","","0","0","0","","","1","","1","","40 00:05.705","","0","75 09:10.074","3","0","0","1","67301","0","0","0","N","0","0","0","2","67301","0","","1.0","","1","N","N","N","0","","1","0","0","3","2","","","2","1","0","0","0","0","0","2","0","2","","","","N","","","","","","","","","",""
"2021053677","","2","0","0","0","0","0","0","0","0","4","0","","67","6","2021","2","40.009232","-75.15778","","6","0","0","0","1","0","0","0","0","","0","0","0","","","2","","1","","40 00:33.235","","0","75 09:28.008","3","0","0","0","67301","0","0","0","N","0","0","0","2","67301","0","","1.0","","1","N","N","N","0","","2","0","0","3","3","","","2","2","2","0","0","0","0","2","0","2","","98","","N","","","","","","","","","",""
"2021051487","","0","0","0","0","0","0","0","0","0","4","0","","67","6","2021","6","39.922656","-75.219261","","6","0","0","0","0","1","0","0","0","","0","0","0","","","3","N","0","","39 55:21.560","","7","75 13:09.340","3","0","0","0","67301","0","0","0","N","0","0","0","3","67301","0","","1.0","","1","N","N","N","0","","3","0","1","0","0","","","2","3","3","0","0","0","0","2","1","2","","03","","N","","","","","","","","","",""
"2021078506","0920","1","0","0","0","0","0","0","0","0","1","0","","67","8","2021","6","39.992764","-75.140061","0910","6","0","0","0","0","0","0","0","0","","0","0","0","","","0","N","0","","39 59:33.950","","0","75 08:24.220","0","0","0","0","67301","0","0","0","N","0","0","0","0","67301","0","","6.0","","9","N","N","Y","0","","0","0","1","","0","U","","2","0","0","0","0","0","0","2","0","2","","07","","N","","","","","","","","","",""
"2021051741","1420","2","0","0","0","0","0","0","0","0","1","0","","67","6","2021","4","39.985458","-75.258546","1400","6","0","0","0","0","0","0","0","0","","0","0","0","","","1","","2","","39 59:07.647","","0","75 15:30.765","4","0","0","0","67301","0","0","0","N","0","0","0","2","67301","1","","1.0","","1","N","N","N","0","","0","0","0","","2","","","2","1","1","0","0","0","0","2","0","2","","03","","N","","","","","","","","","",""
"2021051744","1044","1","0","0","0","0","0","0","0","0","8","0","","67","6","2021","7","39.993194","-75.161444","1034","6","0","0","0","0","0","0","0","0","","0","0","0","","","1","N","0","","39 59:35.500","","0","75 09:41.200","8","0","0","0","67301","1","0","0","N","1","0","0","2","67301","0","","1.0","","1","N","N","N","0","","0","0","0","","0","","","2","1","0","0","0","1","0","2","0","1","","03","","N","","","","","","","","","",""