"CRN","ARRIVAL_TM","AUTOMOBILE_COUNT","BELTED_DEATH_COUNT","BELTED_SUSP_SERIOUS_INJ_COUNT","BICYCLE_COUNT","BICYCLE_DEATH_COUNT","BICYCLE_SUSP_SERIOUS_INJ_COUNT","BUS_COUNT","CHLDPAS_DEATH_COUNT","CHLDPAS_SUSP_SERIOUS_INJ_COUNT","COLLISION_TYPE","COMM_VEH_COUNT","CONS_ZONE_SPD_LIM","COUNTY","CRASH_MONTH","CRASH_YEAR","DAY_OF_WEEK","DEC_LATITUDE","DEC_LONGITUDE","DISPATCH_TM","DISTRICT","DRIVER_COUNT_16YR","DRIVER_COUNT_17YR","DRIVER_COUNT_18YR","DRIVER_COUNT_19YR","DRIVER_COUNT_20YR","DRIVER_COUNT_50_64YR","DRIVER_COUNT_65_74YR","DRIVER_COUNT_75PLUS","EST_HRS_CLOSED","FATAL_COUNT","HEAVY_TRUCK_COUNT","HORSE_BUGGY_COUNT","HOUR_OF_DAY","ILLUMINATION","INJURY_COUNT","INTERSECTION_RELATED","INTERSECT_TYPE","LANE_CLOSED","LATITUDE","LN_CLOSE_DIR","LOCATION_TYPE","LONGITUDE","MAX_SEVERITY_LEVEL","MCYCLE_DEATH_COUNT","MCYCLE_SUSP_SERIOUS_INJ_COUNT","MOTORCYCLE_COUNT","MUNICIPALITY","NONMOTR_COUNT","NONMOTR_DEATH_COUNT","NONMOTR_SUSP_SERIOUS_INJ_COUNT","NTFY_HIWY_MAINT","PED_COUNT","PED_DEATH_COUNT","PED_SUSP_SERIOUS_INJ_COUNT","PERSON_COUNT","POLICE_AGCY","POSSIBLE_INJ_COUNT","RDWY_SURF_TYPE_CD","RELATION_TO_ROAD","ROADWAY_CLEARED","ROAD_CONDITION","SCH_BUS_IND","SCH_ZONE_IND","SECONDARY_CRASH","SMALL_TRUCK_COUNT","SPEC_JURIS_CD","SUSP_MINOR_INJ_COUNT","SUSP_SERIOUS_INJ_COUNT","SUV_COUNT","TCD_FUNC_CD","TCD_TYPE","TFC_DETOUR_IND","TIME_OF_DAY","TOTAL_UNITS","TOT_INJ_COUNT","UNBELTED_OCC_COUNT","UNB_DEATH_COUNT","UNB_SUSP_SERIOUS_INJ_COUNT","UNK_INJ_DEG_COUNT","UNK_INJ_PER_COUNT","URBAN_RURAL","VAN_COUNT","VEHICLE_COUNT","WEATHER1","WEATHER2","WORKERS_PRES","WORK_ZONE_IND","WORK_ZONE_LOC","WORK_ZONE_TYPE","WZ_CLOSE_DETOUR","WZ_FLAGGER","WZ_LAW_OFFCR_IND","WZ_LN_CLOSURE","WZ_MOVING","WZ_OTHER","WZ_SHLDER_MDN","WZ_WORKERS_INJ_KILLED"
"2021080052","1415","1","0","0","0","0","0","0","0","0","1","0","","67","8","2021","2","39.898118","-75.210724","1415","6","0","0","0","0","0","0","0","0","","0","0","0","","","2","N","0","","39 53:53.225","","3","75 12:38.606","3","0","0","0","67301","0","0","0","N","0","0","0","2","67301","0","","1.0","","1","N","N","N","0","","1","0","0","","0","","","2","2","0","0","0","1","0","2","0","2","","","","N","","","","","","","","","",""
"2021079984","1301","1","0","0","0","0","0","0","0","0","7","0","","67","8","2021","4","39.999639","-75.219413","1301","6","0","0","0","0","0","0","0","0","","0","0","0","","","0","N","0","","39 59:58.702","","0","75 13:09.888","0","0","0","0","67301","0","0","0","N","0","0","0","1","68K01","0","","2.0","","1","N","N","N","0","","0","0","1","","0","","","2","0","0","0","0","0","0","2","0","2","","03","","N","","","","","","","","","",""
"2021051863","1307","2","0","0","0","0","0","0","0","0","4","0","","67","6","2021","7","40.080153","-74.997251","1305","6","0","0","0","0","0","1","0","0","","0","0","0","","","0","","2","","40 04:48.550","2","0","74 59:50.104","0","0","0","0","67301","0","0","0","N","0","0","0","4","67301","0","","1.0","1400.0","1","N","N","N","0","","0","0","0","","2","Y","","2","0","0","0","0","0","0","2","0","2","","03","","N","","","","","","","","","",""
"2021051415","2028","0","0","0","0","0","0","0","0","0","4","0","","67","6","2021","4","40.021125","-75.139925","2028","6","0","0","0","0","0","0","0","0","","0","0","0","","","0","","1","","40 01:16.051","","0","75 08:23.731","9","0","0","0","67301","0","0","0","N","0","0","0","3","67301","0","","1.0","","1","N","N","N","0","","0","0","3","","2","","","3","0","0","0","0","0","1","2","0","3","","03","","N","","","","","","","","","",""
"2021050601","0004","1","0","0","0","0","0","0","0","0","5","0","","67","6","2021","3","39.9749","-75.197734","0000","6","0","0","0","0","0","0","0","0","","0","0","0","","","1","N","0","","39 58:29.641","","0","75 11:51.843","3","0","0","1","67301","0","0","0","N","0","0","0","2","67301","0","","1.0","","1","N","N","N","0","","1","0","0","","0","","","2","1","0","0","0","0","0","2","0","2","","","","N","","","","","","","","","",""
"2021080534","0716","0","0","0","0","0","0","0","0","0","7","0","","67","8","2021","1","39.957258","-75.1519","0714","6","0","0","0","0","0","0","0","0","","0","0","0","","","1","N","0","","39 57:26.128","4","0","75 09:06.839","8","0","0","0","67301","0","0","0","N","0","0","0","1","68K01","0","","2.0","720.0","9","N","N","N","0","","0","0","1","","0","N","","1","1","0","0","0","1","0","2","0","1","","07","","N","","","","","","","","","",""
"2021053598","0809","2","0","0","0","0","0","0","0","0","4","0","","67","6","2021","5","40.036661","-75.048579","0808","6","0","0","0","0","0","0","0","0","","0","0","0","","","1","","1","","40 02:11.979","","0","75 02:54.884","4","0","0","0","67301","0","0","0","N","0","0","0","3","67301","1","","1.0","","9","N","N","N","0","","0","0","0","","3","","","2","1","0","0","0","0","0","2","0","2","","","","N","","","","","","","","","",""
"2021054216","2016","1","0","0","0","0","0","0","0","0","1","0","","67","6","2021","1","39.964618","-75.224508","2015","6","0","0","0","0","0","0","0","0","","0","0","0","","","1","N","0","","39 57:52.624","","0","75 13:28.228","3","0","0","0","67301","0","0","0","N","0","0","0","4","67301","0","","1.0","","1","N","N","N","0","","1","0","1","","0","","","2","1","2","0","0","0","0","2","0","2","","03","","N","","","","","","","","","",""
"2021080705","2059","2","0","0","0","0","0","0","0","0","4","0","","67","8","2021","5","39.995888","-75.182099","2050","6","0","0","0","0","0","0","0","0","","0","0","0","","","0","","1","","39 59:45.196","","0","75 10:55.556","9","0","0","0","67301","0","0","0","N","0","0","0","2","67301","0","","1.0","","1","N","N","N","0","","0","0","0","","3","","","2","0","0","0","0","0","1","2","0","2","","03","","N","","","","","","","","","",""
"2021079995","2220","1","0","0","0","0","0","0","0","0","7","0","","67","8","2021","5","39.996276","-75.197094","2216","6","0","0","0","0","0","0","0","0","","0","0","0","","","1","N","0","","39 59:46.592","3","0","75 11:49.537","3","0","0","0","67301","0","0","0","N","0","0","0","1","68K01","0","","4.0","2300.0","1","N","N","N","0","","1","0","0","","0","N","","1","1","0","0","0","0","0","2","0","1","","","","N","","","","","","","","","",""
"2021050565","0730","2","0","0","0","0","0","0","0","0","4","0","","67","6","2021","3","39.927808","-75.236981","0727","6","0","0","0","0","0","0","0","0","","0","0","0","","","1","","1","","39 55:40.109","","0","75 14:13.130","3","0","0","0","67301","0","0","0","N","0","0","0","2","67301","0","","1.0","","1","N","N","N","0","","1","0","0","","2","","","2","1","0","0","0","0","0","2","0","2","","03","","N","","","","","","","","","",""
"2021073618","0116","1","0","0","0","0","0","0","0","0","5","0","","67","8","2021","7","40.034103","-75.128944","0113","6","0","0","0","0","0","0","0","0","","0","0","0","","","0","N","0","","40 02:02.770","","0","75 07:44.200","0","0","0","0","67301","0","0","0","N","0","0","0","2","67301","0","","1.0","","1","N","N","N","0","","0","0","2","","0","","","3","0","2","0","0","0","0","2","0","3","","","","N","","","","","","","","","",""
"2021087448","0106","1","0","0","0","0","0","0","0","0","1","0","","67","9","2021","7","39.997842","-75.104406","0104","6","0","0","0","0","0","0","0","0","","0","0","0","","","0","N","0","","39 59:52.230","","0","75 06:15.860","0","0","0","0","67301","0","0","0","N","0","0","0","2","67301","0","","1.0","","1","N","N","N","0","","0","0","1","","2","","","2","0","2","0","0","0","0","2","0","2","","03","","N","","","","","","","","","",""
"2021070420","1629","1","0","0","0","0","0","0","0","0","5","0","","67","6","2021","3","40.014711","-75.077506","1629","6","0","0","0","0","0","1","0","0","","0","0","0","","","0","N","0","","40 00:52.960","","0","75 04:39.020","0","0","0","0","67301","0","0","0","N","0","0","0","1","67301","0","","6.0","","1","N","N","N","1","","0","0","0","","0","","","2","0","0","0","0","0","0","2","0","2","","03","","N","","","","","","","","","",""
"2021051177","1608","0","0","0","0","0","0","0","0","0","8","0","","67","6","2021","5","39.954533","-75.23423","1607","6","0","0","0","0","0","0","0","0","","0","0","0","","","1","","1","","39 57:16.318","","0","75 14:03.227","3","0","0","0","67301","1","0","0","N","1","0","0","2","67301","0","","1.0","","1","N","N","N","0","","1","0","1","","2","","","2","1","0","0","0","0","0","2","0","1","","","","N","","","","","","","","","",""
"2021053582","1612","2","0","0","0","0","0","0","0","0","4","0","","67","6","2021","7","39.939355","-75.217504","1612","6","0","0","0","0","0","0","0","0","","0","0","0","","","1","","1","","39 56:21.677","","0","75 13:03.014","3","0","0","0","67301","0","0","0","N","0","0","0","2","67301","0","","1.0","","1","N","N","N","0","","1","0","0","","2","","","2","1","1","0","0","0","1","2","0","2","","03","","N","","","","","","","","","",""
"2021079631","0522","1","0","0","0","0","0","0","0","0","6","1","","67","8","2021","7","40.049935","-75.086218","0515","6","0","0","0","0","0","0","0","0","","0","1","0","","","0","N","0","","40 02:59.765","","0","75 05:10.386","0","0","0","0","67301","0","0","0","N","0","0","0","1","67301","0","","1.0","","1","N","N","N","0","","0","0","0","","0","","","2","0","0","0","0","0","0","2","0","2","","03","","N","","","","","","","","","",""
"2021051597","0238","2","0","0","0","0","0","0","0","0","5","0","","67","6","2021","6","39.9738","-75.206735","0238","6","0","0","0","0","0","0","0","0","","0","0","0","","","1","N","0","","39 58:25.679","7","0","75 12:24.246","3","0","0","0","67301","0","0","0","N","0","0","0","2","67301","0","","1.0","600.0","9","N","N","N","0","","1","0","0","","0","Y","","3","1","0","0","0","0","0","2","1","3","","07","","N","","","","","","","","","",""
"2021064219","1548","0","0","0","0","0","0","0","0","0","8","0","","67","6","2021","4","39.948689","-75.172592","1541","6","0","0","0","0","0","0","0","0","","0","0","0","","","1","","2","","39 56:55.280","","0","75 10:21.330","8","0","0","0","67301","1","0","0","N","1","0","0","2","67301","0","","1.0","","1","N","N","N","0","","0","0","1","","3","","","2","1","1","0","0","1","0","2","0","1","","","","N","","","","","","","","","",""
"2021045428","1810","0","0","0","0","0","0","0","0","0","4","0","","67","5","2021","3","40.007393","-75.078188","1807","6","0","0","0","0","0","1","0","0","","0","0","0","","","0","","1","","40 00:26.614","2","0","75 04:41.477","0","0","0","0","67301","0","0","0","N","0","0","0","4","67301","0","","1.0","1925.0","1","N","N","N","0","","0","0","2","","2","N","","2","0","3","0","0","0","0","2","0","2","","03","","N","","","","","","","","","",""
"2021080137","1410","1","0","0","0","0","0","0","0","0","5","1","","67","8","2021","2","40.010372","-75.147335","1350","6","0","0","0","0","0","1","0","0","","0","1","0","","","0","","2","","40 00:37.339","5","0","75 08:50.406","0","0","0","0","67301","0","0","0","N","0","0","0","1","67301","0","","1.0","1515.0","1","N","N","N","0","","0","0","0","","0","Y","","2","0","0","0","0","0","0","2","0","2","","03","","N","","","","","","","","","",""
"2021061848","2042","1","0","0","0","0","0","0","0","0","5","0","","67","6","2021","1","40.003008","-75.077589","2040","6","0","0","0","0","0","1","0","0","","0","0","0","","","0","N","0","","40 00:10.830","","3","75 04:39.321","0","0","0","0","67301","0","0","0","N","0","0","0","5","68K01","0","","1.0","","1","N","N","N","0","","0","0","1","","0","","","3","0","0","0","0","0","0","2","1","3","","","","N","","","","","","","","","",""
"2021078346","0155","1","0","0","0","0","0","0","0","0","4","0","","67","8","2021","1","40.002775","-75.184273","0151","6","0","0","0","0","0","0","0","0","","0","0","0","","","1","N","0","","40 00:09.989","2","0","75 11:03.383","8","0","0","0","67301","0","0","0","N","0","0","0","3","67301","0","","1.0","225.0","1","N","N","N","0","","0","0","1","","0","N","","2","1","0","0","0","1","0","2","0","2","","03","","N","","","","","","","","","",""
"2021051650","0805","0","0","0","0","0","0","0","0","0","7","0","","67","6","2021","7","39.995649","-75.143165","0757","6","0","0","0","0","0","1","0","0","","0","0","0","","","0","","1","","39 59:44.336","","0","75 08:35.393","9","0","0","0","67301","0","0","0","N","0","0","0","1","67301","0","","5.0","","1","N","N","N","1","","0","0","0","","0","","","1","0","0","0","0","0","1","2","0","1","","03","","N","","","","","","","","","",""
"2021080515","1952","1","0","0","0","0","0","0","0","0","1","0","","67","8","2021","2","39.994363","-75.084274","1937","6","0","0","0","0","0","0","0","0","","0","0","0","","","0","N","0","","39 59:39.706","2","0","75 05:03.387","0","0","0","0","67301","0","0","0","N","0","0","0","2","68K01","0","","1.0","30.0","1","N","N","N","0","","0","0","1","","0","N","","2","0","0","0","0","0","0","2","0","2","","03","","N","","","","","","","","","",""
"2021051489","0252","0","0","0","0","0","0","0","0","0","5","0","","67","6","2021","5","40.032994","-75.059447","0246","6","0","0","0","0","0","0","0","0","","0","0","0","","","0","N","0","","40 01:58.780","","0","75 03:34.010","0","0","0","0","67301","0","0","0","N","0","0","0","1","67301","0","","6.0","","1","N","N","N","0","","0","0","2","","0","","","3","0","0","0","0","0","0","2","1","3","","03","","N","","","","","","","","","",""
"2021049757","1630","0","0","0","0","0","0","0","0","0","8","0","","67","5","2021","2","39.994631","-75.094531","1627","6","0","0","0","0","0","0","0","0","","0","0","0","","","1","","1","","39 59:40.673","","0","75 05:40.311","3","0","0","0","67301","1","0","0","N","1","0","0","2","67301","0","","1.0","","1","N","N","N","1","","1","0","0","","2","","","2","1","1","0","0","0","0","2","0","1","","03","","N","","","","","","","","","",""
"2021075146","0853","0","0","0","0","0","0","0","0","0","5","0","","67","8","2021","6","39.898938","-75.178552","0815","6","0","0","0","0","0","0","0","0","","0","0","0","","","1","N","0","","39 53:56.178","","0","75 10:42.788","4","0","0","0","67301","0","0","0","N","0","0","0","2","68K01","1","","1.0","","1","N","N","N","0","","0","0","1","","0","","","2","1","0","0","0","0","1","2","0","2","","","","N","","","","","","","","","",""
"2021079207","1107","1","0","0","0","0","0","0","0","0","4","1","","67","8","2021","7","40.052316","-75.007986","1104","6","0","0","0","0","0","0","0","0","","0","1","0","","","1","","1","","40 03:08.339","","0","75 00:28.750","3","0","0","0","67301","0","0","0","N","0","0","0","4","67301","0","","1.0","","1","N","N","N","0","","1","0","0","","2","","","2","1","0","0","0","0","0","2","0","2","","03","","N","","","","","","","","","",""
"2021057913","2125","2","0","0","0","0","0","0","0","0","4","0","","67","6","2021","5","39.955991","-75.217645","2135","6","0","0","0","0","0","1","0","0","","0","0","0","","","1","","1","","39 57:21.568","","0","75 13:03.523","3","0","0","0","67301","0","0","0","N","0","0","0","2","67301","0","","1.0","","9","N","N","N","0","","1","0","0","","2","","","2","1","0","0","0","0","0","2","0","2","","07","","N","","","","","","","","","",""
"2021046062","2149","1","0","0","0","0","0","0","0","0","5","0","","67","5","2021","4","40.029937","-75.153268","2146","6","0","0","0","1","0","0","0","0","","0","0","0","","","1","","5","","40 01:47.773","","0","75 09:11.764","3","0","0","0","67301","0","0","0","N","0","0","0","2","67301","0","","1.0","","1","N","N","Y","0","","1","0","1","","2","","","2","1","0","0","0","0","0","2","0","2","","","","N","","","","","","","","","",""
"2021051648","0955","0","0","0","1","0","0","0","0","0","8","0","","67","6","2021","7","39.97773","-75.226476","0950","6","0","0","0","0","0","0","0","0","","0","0","0","","","1","","2","","39 58:39.829","","0","75 13:35.313","4","0","0","0","67301","1","0","0","N","0","0","0","2","67301","1","","1.0","","1","N","N","N","0","","0","0","1","","3","","","2","1","0","0","0","0","0","2","0","1","","03","","N","","","","","","","","","",""
"2021048480","2017","1","0","0","0","0","0","0","0","0","0","0","","67","5","2021","4","40.002893","-75.077678","2015","6","0","0","0","0","0","0","0","0","","0","0","0","","","1","N","0","","40 00:10.413","","3","75 04:39.639","8","0","0","0","67301","0","0","0","N","0","0","0","1","68K01","0","","1.0","","1","N","N","N","0","","0","0","0","","8","","","1","1","0","0","0","1","0","2","0","1","","","","N","","","","","","","","","",""
"2021070489","2205","1","0","0","0","0","0","0","0","0","7","0","","67","6","2021","7","40.019822","-75.110512","2200","6","0","0","0","0","0","0","0","0","","0","0","0","","","0","","2","","40 01:11.359","","0","75 06:37.843","0","0","0","0","67301","0","0","0","N","0","0","0","1","67301","0","","4.0","","1","N","N","N","0","","0","0","0","","2","","","1","0","1","0","0","0","0","2","0","1","","03","","N","","","","","","","","","",""
"2021053587","1944","0","0","0","0","0","0","0","0","0","8","0","","67","6","2021","2","39.919329","-75.234411","1944","6","0","0","0","0","0","0","0","0","","0","0","0","","","1","","2","","39 55:09.583","","0","75 14:03.880","8","0","0","0","67301","1","0","0","N","1","0","0","2","67301","0","","1.0","","1","N","N","N","1","","0","0","0","","0","","","2","1","0","0","0","1","0","2","0","1","","03","","N","","","","","","","","","",""
"2021057167","1544","2","0","0","0","0","0","0","0","0","4","0","","67","6","2021","7","40.021538","-75.139814","1544","6","0","0","0","0","0","0","0","0","","0","0","0","","","2","","1","","40 01:17.537","","0","75 08:23.331","8","0","0","0","67301","0","0","0","N","0","0","0","2","67301","0","","1.0","","1","N","N","N","0","","0","0","0","","2","","","2","2","0","0","0","2","0","2","0","2","","03","","N","","","","","","","","","",""
"2021053654","0555","0","0","0","0","0","0","0","0","0","8","0","","67","6","2021","5","40.008796","-75.147623","0550","6","0","0","0","0","0","0","0","0","","0","0","0","","","1","","1","","40 00:31.666","","0","75 08:51.441","8","0","0","0","67301","1","0","0","N","1","0","0","2","67301","0","","1.0","","9","N","N","N","0","","0","0","0","","2","","","2","1","0","0","0","1","0","2","0","1","","04","","N","","","","","","","","","",""
"2021050844","0721","2","0","0","0","0","0","0","0","0","4","0","","67","6","2021","5","39.995168","-75.112208","0719","6","0","0","0","0","0","1","0","0","","0","0","0","","","0","","1","","39 59:42.604","3","0","75 06:43.950","0","0","0","0","67301","0","0","0","N","0","0","0","2","67301","0","","1.0","100.0","9","N","N","N","0","","0","0","0","","2","N","","2","0","0","0","0","0","0","2","0","2","","07","","N","","","","","","","","","",""
"2021064401","1625","1","0","0","1","0","0","0","0","0","8","0","","67","6","2021","1","40.029261","-75.163771","1606","6","0","0","0","0","0","0","0","0","","0","0","0","","","1","","1","","40 01:45.341","","0","75 09:49.577","3","0","0","0","67301","1","0","0","N","0","0","0","2","67301","0","","1.0","","1","N","N","N","0","","1","0","0","","2","","","2","1","0","0","0","0","0","2","0","1","","03","","N","","","","","","","","","",""
"2021080551","2045","0","0","0","0","0","0","0","0","0","1","0","","67","7","2021","1","39.968242","-75.129044","2030","6","0","0","0","0","0","1","0","0","","0","0","0","","","2","N","0","","39 58:05.672","","0","75 07:44.558","8","0","0","0","67301","0","0","0","N","0","0","0","3","68K01","0","","1.0","","1","N","N","N","0","","0","0","1","","0","","","2","2","0","0","0","2","1","2","0","2","","03","","N","","","","","","","","","",""
"2021074611","2029","1","0","0","0","0","0","1","0","0","4","1","","67","8","2021","7","40.058997","-75.044079","2022","6","0","0","0","0","0","1","0","0","","0","0","0","","","3","","1","","40 03:32.389","","0","75 02:38.685","3","0","0","0","67301","0","0","0","N","0","0","0","7","67301","0","","1.0","","1","N","N","N","1","","3","0","0","","2","","","3","3","0","0","0","0","0","2","0","3","","03","","N","","","","","","","","","",""
"2021079694","0021","1","0","0","0","0","0","0","0","0","1","0","","67","8","2021","4","39.99175","-75.140281","0020","6","0","0","0","0","0","0","0","0","","0","0","0","","","1","N","0","","39 59:30.300","","0","75 08:25.010","4","0","0","0","67301","0","0","0","N","0","0","0","1","67301","1","","6.0","","1","N","N","N","1","","0","0","0","","0","","","2","1","0","0","0","0","0","2","0","2","","03","","N","","","","","","","","","",""
"2021074390","0901","0","0","0","0","0","0","0","0","0","7","0","","67","7","2021","7","39.887942","-75.217011","0901","6","0","0","0","0","0","0","0","0","","0","0","0","","","1","N","0","","39 53:16.592","1","0","75 13:01.240","8","0","0","0","67301","0","0","0","N","0","0","0","1","68K01","0","","2.0","945.0","1","N","N","N","0","","0","0","1","","0","N","","1","1","1","0","0","1","0","2","0","1","","","","N","","","","","","","","","",""
"2021048484","0942","0","0","0","0","0","0","0","0","0","1","0","","67","5","2021","5","39.960068","-75.179394","0941","6","0","0","0","0","0","0","0","0","","0","0","0","","","0","N","0","","39 57:36.245","4","0","75 10:45.819","0","0","0","0","67301","0","0","0","N","0","0","0","3","68K01","0","","1.0","1030.0","1","N","N","N","0","","0","0","1","","0","N","","2","0","0","0","0","0","0","2","1","2","","","","N","","","","","","","","","",""
"2021078708","1748","1","0","0","0","0","0","0","0","0","2","0","","67","8","2021","1","39.978668","-75.215834","1740","6","0","0","0","0","0","0","0","0","","0","0","0","","","0","N","0","","39 58:43.203","","0","75 12:57.003","0","0","0","0","67301","0","0","0","N","0","0","0","2","67301","0","","2.0","","1","N","N","N","0","","0","0","1","","0","","","2","0","0","0","0","0","0","2","0","2","","03","","N","","","","","","","","","",""
"2021045952","1910","2","0","0","0","0","0","0","0","0","1","0","","67","5","2021","5","40.029937","-75.153268","1910","6","0","0","0","0","0","1","0","0","","0","0","0","","","1","","5","","40 01:47.773","","0","75 09:11.764","4","0","0","0","67301","0","0","0","N","0","0","0","2","67301","1","","1.0","","99","N","N","N","0","","0","0","0","","2","","","2","1","2","0","0","0","1","2","0","2","","","","N","","","","","","","","","",""
"2021055116","0840","1","0","0","0","0","0","0","0","0","6","0","","67","6","2021","2","39.996519","-75.113841","0830","6","0","0","0","0","0","0","0","0","","0","0","0","","","1","","2","","39 59:47.470","","0","75 06:49.828","8","0","0","0","67301","0","0","0","N","0","0","0","3","67508","0","","1.0","","1","N","N","Y","0","","0","0","0","","0","","","2","1","0","0","0","1","0","2","1","2","","03","","N","","","","","","","","","",""
"2021045230","2320","1","0","0","0","0","0","0","0","0","4","0","","67","5","2021","3","39.9732","-75.183769","2318","6","0","0","0","0","0","0","0","0","","0","0","0","","","1","","1","","39 58:23.520","","0","75 11:01.568","4","0","0","0","67301","0","0","0","N","0","0","0","2","67301","1","","1.0","","1","N","N","N","1","","0","0","0","","2","","","2","1","0","0","0","0","1","2","0","2","","03","","N","","","","","","","","","",""
"2021050107","1405","2","0","0","0","0","0","0","0","0","4","0","","67","6","2021","3","40.065559","-75.179201","1400","6","0","0","0","0","0","0","1","0","","0","0","0","","","1","","1","","40 03:56.012","","0","75 10:45.123","3","0","0","0","67301","0","0","0","N","0","0","0","3","67301","0","","1.0","","1","N","N","N","0","","1","0","0","","3","","","2","1","0","0","0","0","0","2","0","2","","","","N","","","","","","","","","",""
"2021069765","2000","1","0","0","0","0","0","0","0","0","7","0","","67","5","2021","2","39.962057","-75.161408","1951","6","0","0","0","0","0","0","0","0","","0","0","0","","","1","N","0","","39 57:43.406","","0","75 09:41.067","3","0","0","0","67301","0","0","0","N","0","0","0","2","67301","0","","4.0","","1","N","N","N","0","","1","0","0","","0","","","1","1","0","0","0","0","0","2","0","1","","03","","N","","","","","","","","","",""
"2021057165","1217","1","0","0","0","0","0","0","0","0","4","0","","67","6","2021","1","40.048777","-75.114545","1217","6","0","0","0","0","0","1","0","0","","0","0","0","","","1","","2","","40 02:55.597","","0","75 06:52.362","8","0","0","0","67301","0","0","0","N","0","0","0","2","67301","0","","1.0","","1","N","N","N","0","","0","0","1","","3","","","2","1","0","0","0","1","1","2","0","2","","03","","N","","","","","","","","","",""
"2021065763","1934","1","0","0","0","0","0","0","0","0","7","0","","67","7","2021","6","39.976555","-75.196661","1924","6","0","0","0","0","0","1","0","0","","0","0","0","","","1","N","7","","39 58:35.599","4","2","75 11:47.980","3","0","0","0","67301","0","0","0","N","0","0","0","1","68K01","0","","4.0","2029.0","1","N","N","N","0","","1","0","0","","0","Y","","1","1","1","0","0","0","0","2","0","1","","","","N","","","","","","","","","",""
"2021051832","2010","0","0","0","0","0","0","0","0","0","7","0","","67","6","2021","5","40.033211","-75.149303","2000","6","0","0","0","0","0","0","0","0","","0","0","0","","","0","N","0","","40 01:59.560","5","0","75 08:57.490","0","0","0","0","67301","0","0","0","N","0","0","0","1","67301","0","","4.0","100.0","8","N","N","N","0","","0","0","1","","0","Y","","1","0","0","0","0","0","0","2","0","1","","","","N","","","","","","","","","",""
"2021079769","0515","1","0","0","0","0","0","0","0","0","4","0","","67","8","2021","6","40.045256","-75.001896","0514","6","0","0","0","0","0","1","0","0","","0","0","0","","","3","N","0","","40 02:42.922","","0","75 00:06.825","3","0","0","0","67301","0","0","0","N","0","0","0","3","68K01","1","","1.0","","1","N","N","N","0","","2","0","1","","0","","","2","3","0","0","0","0","0","2","0","2","","","","N","","","","","","","","","",""
"2021051179","2322","0","0","0","0","0","0","0","0","0","4","0","","67","6","2021","5","39.990868","-75.155282","2320","6","0","0","0","0","0","0","0","0","","0","0","0","","","1","","1","","39 59:27.126","","0","75 09:19.014","8","0","0","0","67301","0","0","0","N","0","0","0","2","67301","0","","1.0","","9","N","N","N","0","","0","0","0","","2","","","2","1","0","0","0","1","0","2","1","2","","07","","N","","","","","","","","","",""
"2021053661","0820","1","0","0","1","0","0","0","0","0","8","0","","67","6","2021","2","39.975432","-75.132594","0815","6","0","0","0","0","0","0","0","0","","0","0","0","","","1","","1","","39 58:31.554","","0","75 07:57.337","3","0","0","0","67301","1","0","0","N","0","0","0","2","67301","0","","1.0","","1","N","N","N","0","","1","0","0","","2","","","2","1","1","0","0","0","0","2","0","1","","03","","N","","","","","","","","","",""
"2021033230","0931","0","0","0","0","0","0","0","0","0","4","0","","67","4","2021","2","40.097156","-75.018134","0923","6","0","0","0","0","0","1","0","0","","0","0","0","","","1","","1","","40 05:49.760","","0","75 01:05.283","8","0","0","0","67301","0","0","0","N","0","0","0","3","67301","0","","1.0","","9","N","N","N","0","","0","0","2","","2","","","2","1","0","0","0","1","0","2","0","2","","","","N","","","","","","","","","",""
"2021035614","0400","0","0","0","0","0","0","0","0","0","5","0","","67","4","2021","4","40.021639","-75.149694","0400","6","0","0","0","0","0","0","0","0","","0","0","0","","","2","N","0","","40 01:17.900","","0","75 08:58.900","3","0","0","0","67301","0","0","0","N","0","0","0","2","67301","0","","6.0","","1","N","N","N","0","","2","0","2","","0","","","3","2","2","0","0","0","0","2","0","3","","03","","N","","","","","","","","","",""
"2021078174","0135","2","0","0","0","0","0","0","0","0","7","0","","67","8","2021","6","40.01045","-75.103603","0134","6","0","0","0","0","0","0","0","0","","0","0","0","","","0","N","0","","40 00:37.620","","0","75 06:12.970","9","0","0","0","67301","0","0","0","N","0","0","0","1","67301","0","","2.0","","1","N","N","N","0","","0","0","0","","0","","","2","0","1","0","0","0","1","2","0","2","","03","","N","","","","","","","","","",""
"2021062721","1704","1","0","0","0","0","0","0","0","0","1","0","","67","6","2021","4","39.942766","-75.193313","1629","6","0","0","0","0","0","1","0","0","","0","0","0","","","2","N","0","","39 56:33.956","","0","75 11:35.927","3","0","0","0","67301","0","0","0","N","0","0","0","4","68K01","1","","1.0","","1","N","N","N","1","","1","0","2","","0","","","4","2","0","0","0","0","0","2","0","4","","","","N","","","","","","","","","",""
"2021078385","0455","2","0","0","0","0","0","0","0","0","2","0","","67","8","2021","6","40.004175","-75.178639","0448","6","0","0","0","0","0","0","0","0","","0","0","0","","","1","N","0","","40 00:15.030","","0","75 10:43.100","3","0","0","0","67301","0","0","0","N","0","0","0","2","67301","0","","1.0","","1","N","N","N","0","","1","0","0","","0","","","2","1","0","0","0","0","1","2","0","2","","03","","N","","","","","","","","","",""