"CRN","ARRIVAL_TM","AUTOMOBILE_COUNT","BELTED_DEATH_COUNT","BELTED_SUSP_SERIOUS_INJ_COUNT","BICYCLE_COUNT","BICYCLE_DEATH_COUNT","BICYCLE_SUSP_SERIOUS_INJ_COUNT","BUS_COUNT","CHLDPAS_DEATH_COUNT","CHLDPAS_SUSP_SERIOUS_INJ_COUNT","COLLISION_TYPE","COMM_VEH_COUNT","CONS_ZONE_SPD_LIM","COUNTY","CRASH_MONTH","CRASH_YEAR","DAY_OF_WEEK","DEC_LATITUDE","DEC_LONGITUDE","DISPATCH_TM","DISTRICT","DRIVER_COUNT_16YR","DRIVER_COUNT_17YR","DRIVER_COUNT_18YR","DRIVER_COUNT_19YR","DRIVER_COUNT_20YR","DRIVER_COUNT_50_64YR","DRIVER_COUNT_65_74YR","DRIVER_COUNT_75PLUS","EST_HRS_CLOSED","FATAL_COUNT","HEAVY_TRUCK_COUNT","HORSE_BUGGY_COUNT","HOUR_OF_DAY","ILLUMINATION","INJURY_COUNT","INTERSECTION_RELATED","INTERSECT_TYPE","LANE_CLOSED","LATITUDE","LN_CLOSE_DIR","LOCATION_TYPE","LONGITUDE","MAX_SEVERITY_LEVEL","MCYCLE_DEATH_COUNT","MCYCLE_SUSP_SERIOUS_INJ_COUNT","MOTORCYCLE_COUNT","MUNICIPALITY","NONMOTR_COUNT","NONMOTR_DEATH_COUNT","NONMOTR_SUSP_SERIOUS_INJ_COUNT","NTFY_HIWY_MAINT","PED_COUNT","PED_DEATH_COUNT","PED_SUSP_SERIOUS_INJ_COUNT","PERSON_COUNT","POLICE_AGCY","POSSIBLE_INJ_COUNT","RDWY_SURF_TYPE_CD","RELATION_TO_ROAD","ROADWAY_CLEARED","ROAD_CONDITION","SCH_BUS_IND","SCH_ZONE_IND","SECONDARY_CRASH","SMALL_TRUCK_COUNT","SPEC_JURIS_CD","SUSP_MINOR_INJ_COUNT","SUSP_SERIOUS_INJ_COUNT","SUV_COUNT","TCD_FUNC_CD","TCD_TYPE","TFC_DETOUR_IND","TIME_OF_DAY","TOTAL_UNITS","TOT_INJ_COUNT","UNBELTED_OCC_COUNT","UNB_DEATH_COUNT","UNB_SUSP_SERIOUS_INJ_COUNT","UNK_INJ_DEG_COUNT","UNK_INJ_PER_COUNT","URBAN_RURAL","VAN_COUNT","VEHICLE_COUNT","WEATHER1","WEATHER2","WORKERS_PRES","WORK_ZONE_IND","WORK_ZONE_LOC","WORK_ZONE_TYPE","WZ_CLOSE_DETOUR","WZ_FLAGGER","WZ_LAW_OFFCR_IND","WZ_LN_CLOSURE","WZ_MOVING","WZ_OTHER","WZ_SHLDER_MDN","WZ_WORKERS_INJ_KILLED"
"2021062502","1934","0","0","0","0","0","0","0","0","0","1","0","","67","7","2021","5","40.005937","-75.074954","1908","6","0","0","0","0","0","0","0","0","","0","0","0","","","1","N","0","","40 00:21.373","","0","75 04:29.833","3","0","0","0","67301","0","0","0","N","0","0","0","2","68K01","0","","1.0","","9","N","N","N","1","","1","0","1","","0","","","2","1","0","0","0","0","0","2","0","2","","","","N","","","","","","","","","",""
"2021050365","1650","0","0","0","0","0","0","0","0","0","8","0","","67","6","2021","3","39.9153","-75.159789","1646","6","0","0","0","0","0","1","0","0","","0","0","0","","","1","","1","","39 54:55.080","","0","75 09:35.241","3","0","0","0","67301","1","0","0","N","1","0","0","2","67301","0","","1.0","","1","N","N","N","0","","1","0","1","","2","","","2","1","0","0","0","0","0","2","0","1","","03","","N","","","","","","","","","",""
"2021053653","1250","1","0","0","0","0","0","0","0","0","4","0","","67","6","2021","3","40.021723","-75.125668","1239","6","0","0","0","0","0","0","0","0","","0","0","0","","","1","","1","","40 01:18.202","","0","75 07:32.404","3","0","0","0","67301","0","0","0","N","0","0","0","2","67301","0","","1.0","","1","N","N","N","0","","1","0","1","","2","","","2","1","0","0","0","0","1","2","0","2","","03","","N","","","","","","","","","",""
"2021034145","2213","2","0","0","0","0","0","0","0","0","1","0","","67","4","2021","4","39.905889","-75.132917","2212","6","0","0","0","0","0","0","0","0","","0","0","0","","","2","N","0","","39 54:21.200","4","3","75 07:58.500","8","0","0","0","67301","0","0","0","N","0","0","0","3","67501","0","","1.0","2250.0","9","N","N","N","0","","0","0","0","","0","N","","2","2","0","0","0","2","0","2","0","2","","04","","N","","","","","","","","","",""
"2021051647","1756","0","0","0","0","0","0","0","0","0","7","0","","67","5","2021","2","39.972159","-75.216995","1741","6","0","0","0","0","0","0","0","0","","0","0","0","","","1","N","0","","39 58:19.774","","0","75 13:01.181","4","0","0","0","67301","0","0","0","N","0","0","0","1","67301","1","","4.0","","1","N","N","N","0","","0","0","0","","0","","","1","1","0","0","0","0","0","2","1","1","","03","","N","","","","","","","","","",""
"2021051932","1629","1","0","0","0","0","0","0","0","0","4","0","","67","6","2021","6","39.971044","-75.184986","1621","6","0","0","0","0","0","0","0","0","","0","0","0","","","0","N","0","","39 58:15.760","1","0","75 11:05.950","0","0","0","0","67301","0","0","0","N","0","0","0","2","67301","0","","1.0","1840.0","9","N","N","N","0","","0","0","1","","0","N","","2","0","0","0","0","0","0","2","0","2","","","","N","","","","","","","","","",""
"2021062321","1527","1","0","0","0","0","0","0","0","0","4","0","","67","7","2021","5","39.969645","-75.1259","1510","6","0","0","0","0","0","0","0","1","","0","0","0","","","2","N","0","","39 58:10.722","1","0","75 07:33.239","3","0","0","0","67301","0","0","0","N","0","0","0","2","68K01","0","","4.0","1545.0","1","N","N","N","0","","1","0","1","","0","N","","2","2","0","0","0","1","0","2","0","2","","","","N","","","","","","","","","",""
"2021049785","1602","1","0","0","0","0","0","0","0","0","1","0","","67","5","2021","2","39.909667","-75.153972","1602","6","0","0","0","0","0","0","0","0","","0","0","0","","","0","N","0","","39 54:34.800","","5","75 09:14.300","0","0","0","0","67301","0","0","0","N","0","0","0","3","67501","0","","1.0","","1","N","N","N","0","","0","0","1","","0","","","2","0","0","0","0","0","0","2","0","2","","03","","N","","","","","","","","","",""
"2021050363","1654","2","0","0","0","0","0","0","0","0","4","0","","67","6","2021","3","40.038049","-75.109354","1639","6","0","0","0","0","0","0","0","0","","0","0","0","","","2","N","0","","40 02:16.976","","7","75 06:33.673","3","0","0","0","67301","0","0","0","N","0","0","0","2","67301","0","","1.0","","1","N","N","N","0","","2","0","0","","3","","","2","2","0","0","0","0","0","2","0","2","","","","N","","","","","","","","","",""
"2021036569","1748","0","0","0","0","0","0","0","0","0","1","0","","67","4","2021","5","40.041919","-75.074975","1747","6","0","0","0","0","0","1","0","0","","0","0","0","","","1","","5","","40 02:30.909","1","0","75 04:29.910","3","0","0","0","67301","0","0","0","N","0","0","0","2","67301","0","","1.0","1754.0","1","N","N","N","0","","1","0","1","","2","N","","2","1","0","0","0","0","0","2","1","2","","04","","N","","","","","","","","","",""
"2021035536","0102","1","0","0","0","0","0","0","0","0","4","0","","67","4","2021","4","39.923905","-75.222104","0100","6","0","0","0","0","0","0","0","0","","0","0","0","","","1","","1","","39 55:26.057","","0","75 13:19.574","3","0","0","0","67301","0","0","0","N","0","0","0","2","67301","0","","1.0","","1","N","N","N","0","","1","0","0","","2","","","2","1","0","0","0","0","0","2","0","2","","","","N","","","","","","","","","",""
"2021080531","0752","0","0","0","0","0","0","0","0","0","7","0","","67","8","2021","7","40.00421","-75.076579","0750","6","0","0","0","0","0","0","0","0","","0","0","0","","","0","N","0","","40 00:15.155","1","0","75 04:35.684","0","0","0","0","67301","0","0","0","N","0","0","0","1","68K01","0","","2.0","820.0","1","N","N","N","0","","0","0","1","","0","N","","1","0","0","0","0","0","0","2","0","1","","03","","N","","","","","","","","","",""
"2021062912","0134","0","0","0","0","0","0","0","0","0","7","1","","67","7","2021","6","40.045258","-75.001895","0110","6","0","0","0","0","0","0","0","0","","0","1","0","","","0","","7","","40 02:42.930","","2","75 00:06.821","9","0","0","0","67301","0","0","0","Y","0","0","0","1","68K01","0","","7.0","","9","N","N","N","0","","0","0","0","","0","","","1","0","0","0","0","0","1","2","0","1","","","","N","","","","","","","","","",""
"2021051338","0945","1","0","0","0","0","0","0","0","0","8","0","","67","6","2021","5","39.995615","-75.16754","0939","6","0","0","0","0","0","0","0","0","","0","0","0","","","1","","1","","39 59:44.213","","0","75 10:03.144","3","0","0","0","67301","1","0","0","N","1","0","0","2","67301","0","","1.0","","1","N","N","N","0","","1","0","0","","2","","","2","1","0","0","0","0","0","2","0","1","","03","","N","","","","","","","","","",""
"2021038686","1954","1","0","0","0","0","0","0","0","0","7","0","","67","4","2021","3","39.941147","-75.143454","1943","6","0","0","0","0","0","0","0","0","","0","0","0","","","0","N","0","","39 56:28.129","2","0","75 08:36.436","0","0","0","0","67301","0","0","0","N","0","0","0","1","68K01","0","","4.0","130.0","1","N","N","N","0","","0","0","0","","0","Y","","1","0","1","0","0","0","0","2","0","1","","03","","N","","","","","","","","","",""
"2021078045","2304","2","0","0","0","0","0","0","0","0","5","1","","67","7","2021","5","39.877644","-75.252676","2302","6","0","0","0","0","0","0","0","0","","0","1","0","","","0","N","0","","39 52:39.520","2","0","75 15:09.634","0","0","0","0","67301","0","0","0","N","0","0","0","3","68K02","0","","1.0","115.0","1","N","N","N","0","","0","0","0","","0","N","","3","0","0","0","0","0","0","2","0","3","","03","","N","","","","","","","","","",""
"2021053601","0908","1","0","0","1","0","0","0","0","0","8","0","","67","6","2021","7","39.99858","-75.070996","0902","6","0","0","1","0","0","0","0","0","","0","0","0","","","1","","1","","39 59:54.888","","0","75 04:15.587","8","0","0","0","67301","1","0","0","N","0","0","0","2","67301","0","","1.0","","1","N","N","N","0","","0","0","0","","2","","","2","1","0","0","0","1","0","2","0","1","","03","","N","","","","","","","","","",""
"2021064258","2229","0","0","0","0","0","0","1","0","0","8","1","","67","6","2021","6","40.037024","-75.062025","2224","6","0","0","0","0","0","0","1","0","","0","0","0","","","1","N","0","","40 02:13.288","","0","75 03:43.290","3","0","0","0","67301","1","0","0","N","1","0","0","2","67301","0","","1.0","","1","N","N","N","0","","1","0","0","","0","","","2","1","0","0","0","0","0","2","0","1","","03","","N","","","","","","","","","",""
"2021035613","0230","0","0","0","0","0","0","0","0","0","7","0","","67","4","2021","4","40.047","-75.151056","0226","6","0","0","0","0","0","0","0","0","","0","0","0","","","0","N","0","","40 02:49.200","","0","75 09:03.800","0","0","0","0","67301","0","0","0","N","0","0","0","3","67301","0","","4.0","","1","N","N","N","1","","0","0","1","","0","","","2","0","3","0","0","0","0","2","0","2","","03","","N","","","","","","","","","",""
"2021035621","1311","2","0","0","0","0","0","0","0","0","5","0","","67","4","2021","5","40.013973","-75.157949","1307","6","0","0","0","0","0","0","0","1","","0","0","0","","","1","","1","","40 00:50.303","4","0","75 09:28.618","3","0","0","0","67301","0","0","0","N","0","0","0","2","67301","0","","1.0","1345.0","1","N","Y","N","0","","1","0","0","","0","Y","","2","1","0","0","0","0","0","2","0","2","","04","","N","","","","","","","","","",""
"2021050842","1630","3","0","0","0","0","0","0","0","0","5","0","","67","6","2021","4","39.995272","-75.112044","1630","6","0","0","0","0","0","0","0","1","","0","0","0","","","0","N","0","","39 59:42.980","","0","75 06:43.360","9","0","0","0","67301","0","0","0","N","0","0","0","3","67301","0","","1.0","","1","N","N","N","0","","0","0","1","","0","","","4","0","0","0","0","0","1","2","0","4","","98","","N","","","","","","","","","",""
"2021053648","1157","1","0","0","0","0","0","0","0","0","8","0","","67","6","2021","3","39.993685","-75.152589","1156","6","0","0","0","0","0","0","0","0","","0","0","0","","","1","N","0","","39 59:37.267","","0","75 09:09.322","4","0","0","0","67301","1","0","0","N","1","0","0","2","67301","1","","1.0","","1","N","N","N","0","","0","0","0","","0","","","2","1","0","0","0","0","0","2","0","1","","03","","N","","","","","","","","","",""
"2021051865","1035","0","0","0","0","0","0","0","0","0","4","0","","67","6","2021","3","40.028315","-75.120036","1035","6","0","0","0","0","0","0","0","0","","0","0","0","","","1","","1","","40 01:41.935","1","0","75 07:12.129","8","0","0","1","67301","0","0","0","N","0","0","0","2","67301","0","","1.0","1132.0","1","N","N","N","1","","0","0","0","","2","N","","2","1","0","0","0","1","0","2","0","2","","","","N","","","","","","","","","",""
"2021049764","1930","1","0","0","0","0","0","0","0","0","1","0","","67","5","2021","1","40.018207","-75.169989","1917","6","0","0","0","0","0","0","0","0","","0","0","0","","","1","N","0","","40 01:05.546","","0","75 10:11.960","3","0","0","0","67301","0","0","0","N","0","0","0","3","67301","0","","1.0","","1","N","N","N","0","","1","0","2","","0","","","3","1","0","0","0","0","0","2","0","3","","07","","N","","","","","","","","","",""
"2021035719","1607","4","0","0","0","0","0","0","0","0","4","0","","67","4","2021","3","39.983637","-75.160147","1604","6","0","0","0","0","0","0","0","0","","0","0","0","","","0","","1","","39 59:01.093","","0","75 09:36.529","0","0","0","0","67301","0","0","0","N","0","0","0","2","67505","0","","1.0","","1","N","N","Y","0","","0","0","1","","2","","","5","0","0","0","0","0","0","2","0","5","","03","","N","","","","","","","","","",""
"2021064310","2013","0","0","0","0","0","0","0","0","0","7","1","","67","6","2021","2","39.991475","-75.225628","1853","6","0","0","0","0","0","0","0","0","","0","1","0","","","0","N","0","","39 59:29.310","3","1","75 13:32.260","0","0","0","0","67301","0","0","0","N","0","0","0","1","67301","0","","5.0","2202.0","1","N","N","N","0","","0","0","0","","8","N","","1","0","0","0","0","0","0","2","0","1","","","","N","","","","","","","","","",""
"2021054291","2259","1","0","0","0","0","0","0","0","0","4","0","","67","6","2021","5","39.99696","-75.129612","2258","6","0","0","0","0","0","0","0","0","","0","0","0","","","2","","1","","39 59:49.055","","0","75 07:46.603","3","0","0","0","67301","0","0","0","N","0","0","0","4","67301","1","","1.0","","9","N","N","N","0","","1","0","1","","3","","","2","2","2","0","0","0","2","2","0","2","","07","","N","","","","","","","","","",""
"2021051167","1245","1","0","0","1","0","0","0","0","0","8","0","","67","6","2021","5","40.041304","-75.075568","1242","6","0","0","0","0","0","1","0","0","","0","0","0","","","1","N","0","","40 02:28.694","","0","75 04:32.043","3","0","0","0","67301","1","0","0","N","0","0","0","2","67301","0","","6.0","","1","N","N","N","0","","1","0","0","","0","","","2","1","0","0","0","0","0","2","0","1","","","","N","","","","","","","","","",""
"2021062017","1045","0","0","0","0","0","0","0","0","0","0","1","","67","7","2021","2","39.908583","-75.15125","1043","6","0","0","0","0","0","0","0","0","","0","1","0","","","0","","2","","39 54:30.900","4","2","75 09:04.500","0","0","0","0","67301","0","0","0","N","0","0","0","1","67501","0","","1.0","1350.0","1","N","N","N","0","","0","0","0","","0","Y","","1","0","0","0","0","0","0","2","0","1","","","","N","","","","","","","","","",""
"2021051413","0900","2","0","0","0","0","0","0","0","0","1","0","","67","6","2021","5","40.000544","-75.215583","0852","6","0","0","0","0","0","0","0","0","","0","0","0","","","3","N","0","","40 00:01.960","","0","75 12:56.100","3","0","0","0","67301","0","0","0","N","0","0","0","4","67301","0","","1.0","","9","N","N","N","0","","2","0","2","","0","","","4","3","0","0","0","1","1","2","0","4","","04","","N","","","","","","","","","",""
"2021064240","1804","1","0","0","0","0","0","0","0","0","2","0","","67","6","2021","1","40.044178","-75.162719","1804","6","0","0","0","0","0","0","0","0","","0","0","0","","","1","","1","","40 02:39.040","","0","75 09:45.790","3","0","0","0","67301","0","0","0","N","0","0","0","3","67301","0","","1.0","","1","N","N","N","0","","1","0","0","","2","","","2","1","0","0","0","0","1","2","0","2","","03","","N","","","","","","","","","",""
"2021053668","1820","2","0","0","0","0","0","0","0","0","4","0","","67","6","2021","2","40.045755","-75.14316","1820","6","0","0","1","0","0","0","0","0","","0","0","0","","","0","","2","","40 02:44.717","","0","75 08:35.375","9","0","0","0","67301","0","0","0","N","0","0","0","2","67301","0","","1.0","","99","N","N","N","0","","0","0","0","","3","","","2","0","0","0","0","0","1","2","0","2","","","","N","","","","","","","","","",""
"2021053579","1645","0","0","0","0","0","0","0","0","0","4","0","","67","6","2021","5","39.913006","-75.240336","1638","6","0","0","0","0","0","0","1","0","","0","0","0","","","2","","1","","39 54:46.821","","0","75 14:25.209","3","0","0","0","67301","0","0","0","N","0","0","0","2","67301","0","","1.0","","1","N","N","N","0","","2","0","2","","2","","","2","2","0","0","0","0","0","2","0","2","","03","","N","","","","","","","","","",""
"2021064334","1028","0","0","0","0","0","0","0","0","0","0","0","","67","7","2021","7","39.995342","-75.111908","1028","6","0","1","0","0","0","0","0","0","","0","0","0","","","0","N","0","","39 59:43.230","","0","75 06:42.870","0","0","0","0","67301","0","0","0","N","0","0","0","1","67301","0","","3.0","","1","N","N","N","0","","0","0","1","","0","","","1","0","0","0","0","0","0","2","0","1","","03","","N","","","","","","","","","",""
"2021035494","0031","2","0","0","0","0","0","0","0","0","4","0","","67","4","2021","3","40.035918","-75.088134","0017","6","0","0","0","1","0","0","1","0","","0","0","0","","","0","","1","","40 02:09.304","3","0","75 05:17.282","0","0","0","0","67301","0","0","0","N","0","0","0","2","67301","0","","1.0","135.0","1","N","N","N","0","","0","0","1","","3","N","","3","0","0","0","0","0","0","2","0","3","","03","","N","","","","","","","","","",""
"2021035733","1608","2","0","0","0","0","0","0","0","0","4","0","","67","4","2021","3","40.035213","-75.145462","1605","6","0","0","0","0","0","0","0","0","","0","0","0","","","1","","1","","40 02:06.768","6","0","75 08:43.662","3","0","0","0","67301","0","0","0","N","0","0","0","3","67301","0","","1.0","1730.0","1","N","N","N","0","","1","0","1","","2","Y","","3","1","0","0","0","0","0","2","0","3","","03","","N","","","","","","","","","",""
"2021064867","0105","1","0","0","0","0","0","0","0","0","7","0","","67","7","2021","6","39.988443","-75.088388","0105","6","0","0","0","0","0","0","0","0","","0","0","0","","","0","N","0","","39 59:18.396","1","0","75 05:18.197","0","0","0","0","67301","0","0","0","N","0","0","0","1","68K01","0","","4.0","140.0","9","N","N","N","0","","0","0","0","","0","N","","1","0","0","0","0","0","0","2","0","1","","","","N","","","","","","","","","",""
"2021033844","0453","2","0","0","0","0","0","0","0","0","4","0","","67","4","2021","3","39.970354","-75.235708","0450","6","0","0","0","0","0","0","0","0","","0","0","0","","","0","","1","","39 58:13.274","","0","75 14:08.548","9","0","0","0","67301","0","0","0","N","0","0","0","2","67301","0","","1.0","","9","N","N","N","0","","0","0","0","","2","","","2","0","0","0","0","0","1","2","0","2","","04","","N","","","","","","","","","",""
"2021033767","0343","0","0","0","0","0","0","0","0","0","7","0","","67","4","2021","2","39.987511","-75.090028","0313","6","0","0","0","0","0","0","0","0","","0","0","0","","","0","N","0","","39 59:15.040","2","0","75 05:24.102","0","0","0","0","67301","0","0","0","N","0","0","0","1","68K01","0","","3.0","350.0","9","N","N","N","0","","0","0","1","","0","N","","1","0","0","0","0","0","0","2","0","1","","","","N","","","","","","","","","",""
"2021035611","1858","1","0","0","0","0","0","0","0","0","4","0","","67","4","2021","2","40.041","-75.141226","1858","6","0","0","0","0","0","0","0","0","","0","0","0","","","2","","1","","40 02:27.600","2","0","75 08:28.413","4","0","0","0","67301","0","0","0","N","0","0","0","3","67301","2","","1.0","1915.0","1","N","N","N","0","","0","0","1","","3","N","","2","2","0","0","0","0","0","2","0","2","","03","","N","","","","","","","","","",""
"2021062335","2029","1","0","0","0","0","0","0","0","0","7","0","","67","7","2021","7","39.904319","-75.150117","2024","6","0","0","0","0","0","1","0","0","","0","0","0","","","0","N","0","","39 54:15.550","","0","75 09:00.420","0","0","0","0","67301","0","0","0","N","0","0","0","1","68K01","0","","4.0","","9","N","N","N","0","","0","0","0","","0","","","1","0","0","0","0","0","0","2","0","1","","","","N","","","","","","","","","",""
"2021035538","1905","2","0","0","0","0","0","0","0","0","4","0","","67","4","2021","5","39.92165","-75.242695","1905","6","0","0","0","0","0","0","0","0","","0","0","0","","","9","","1","","39 55:17.939","","0","75 14:33.701","8","0","0","0","67301","0","0","0","N","0","0","0","9","67301","0","","1.0","","1","N","N","N","0","","0","0","0","","2","","","3","9","0","0","0","9","0","2","1","3","","03","","N","","","","","","","","","",""
"2021064166","0845","1","0","0","0","0","0","0","0","0","1","0","","67","6","2021","2","39.903633","-75.198431","0841","6","0","0","0","0","1","0","0","0","","0","0","0","","","1","N","0","","39 54:13.077","","3","75 11:54.350","4","0","0","0","67301","0","0","0","N","0","0","0","2","67301","1","","1.0","","1","N","N","N","0","","0","0","0","","0","","","2","1","0","0","0","0","0","2","1","2","","03","","N","","","","","","","","","",""
"2021062746","0254","1","0","0","0","0","0","0","0","0","7","0","","67","7","2021","7","39.972697","-75.193431","0249","6","0","0","0","0","0","0","0","0","","0","0","0","","","1","N","0","","39 58:21.708","4","2","75 11:36.352","8","0","0","0","67301","0","0","0","N","0","0","0","1","68K01","0","","4.0","330.0","1","N","N","N","0","","0","0","0","","0","N","","1","1","0","0","0","1","0","2","0","1","","","","N","","","","","","","","","",""
"2021036903","1338","2","0","0","0","0","0","0","0","0","1","0","","67","4","2021","5","40.010821","-75.126649","1334","6","0","0","0","0","1","0","0","0","","0","0","0","","","1","","1","","40 00:38.955","4","0","75 07:35.936","3","0","0","0","67301","0","0","0","N","0","0","0","3","67301","0","","1.0","1450.0","1","N","N","N","0","","1","0","0","","2","N","","3","1","0","0","0","0","0","2","1","3","","03","","N","","","","","","","","","",""
"2021062510","1152","1","0","0","0","0","0","0","0","0","1","0","","67","7","2021","7","39.95949","-75.174749","1146","6","0","0","0","0","1","0","1","0","","0","0","0","","","0","N","0","","39 57:34.164","4","0","75 10:29.098","0","0","0","0","67301","0","0","0","N","0","0","0","2","68K01","0","","1.0","1223.0","1","N","N","N","0","","0","0","1","","0","N","","2","0","0","0","0","0","0","2","0","2","","","","N","","","","","","","","","",""
"2021064639","1955","1","0","0","0","0","0","0","0","0","1","0","","67","7","2021","6","39.89777","-75.185205","1947","6","0","0","0","0","0","0","0","0","","0","0","0","","","0","N","0","","39 53:51.972","1","0","75 11:06.739","0","0","0","0","67301","0","0","0","N","0","0","0","2","68K01","0","","1.0","2000.0","1","N","N","N","0","","0","0","1","","0","Y","","2","0","0","0","0","0","0","2","0","2","","","","N","","","","","","","","","",""
"2021035566","1728","1","0","0","0","0","0","0","0","0","4","0","","67","4","2021","1","40.023591","-75.092708","1723","6","0","0","0","0","0","0","0","0","","0","0","0","","","0","","1","","40 01:24.926","","0","75 05:33.748","0","0","0","0","67301","0","0","0","N","0","0","0","2","67301","0","","1.0","","1","N","N","N","0","","0","0","1","","2","","","2","0","0","0","0","0","0","2","0","2","","","","N","","","","","","","","","",""
"2021035590","0401","2","0","0","0","0","0","0","0","0","5","0","","67","4","2021","2","39.992806","-75.182083","0358","6","0","0","0","0","0","0","0","0","","0","0","0","","","0","N","0","","39 59:34.100","","0","75 10:55.500","0","0","0","0","67301","0","0","0","N","0","0","0","1","67301","0","","6.0","","1","N","N","N","1","","0","0","1","","0","","","4","0","0","0","0","0","0","2","0","4","","03","","N","","","","","","","","","",""
"2021062710","0241","1","0","0","0","0","0","0","0","0","7","0","","67","6","2021","2","39.901836","-75.151787","0229","6","0","0","0","0","0","0","0","0","","0","0","0","","","1","N","0","","39 54:06.609","","0","75 09:06.433","4","0","0","0","67301","0","0","0","N","0","0","0","1","68K01","1","","4.0","","1","N","N","N","0","","0","0","0","","0","","","1","1","0","0","0","0","0","2","0","1","","","","N","","","","","","","","","",""
"2021035577","1248","2","0","0","0","0","0","0","0","0","4","0","","67","4","2021","4","39.957511","-75.217339","1248","6","0","0","0","0","0","0","1","0","","0","0","0","","","1","","1","","39 57:27.041","","0","75 13:02.421","3","0","0","0","67301","0","0","0","N","0","0","0","3","67301","0","","1.0","","1","N","N","N","0","","1","0","0","","2","","","2","1","0","0","0","0","0","2","0","2","","04","","N","","","","","","","","","",""
"2021036573","2300","1","0","0","0","0","0","0","0","0","4","0","","67","4","2021","4","40.003814","-75.157356","2300","6","0","0","0","0","0","1","0","0","","0","0","0","","","1","","1","","40 00:13.730","","0","75 09:26.481","3","0","0","0","67301","0","0","0","N","0","0","0","2","67301","0","","1.0","","99","N","N","N","0","","1","0","1","","3","","","2","1","0","0","0","0","0","2","0","2","","03","","N","","","","","","","","","",""
"2021035496","2040","2","0","0","0","0","0","0","0","0","4","0","","67","4","2021","4","40.045593","-75.071436","2037","6","0","0","0","0","0","0","0","0","","0","0","0","","","0","","1","","40 02:44.136","2","0","75 04:17.168","0","0","0","0","67301","0","0","0","N","0","0","0","2","67301","0","","1.0","2100.0","9","N","N","N","0","","0","0","0","","2","N","","2","0","0","0","0","0","0","2","0","2","","04","","N","","","","","","","","","",""
"2021063131","1559","1","0","0","0","0","0","0","0","0","4","0","","67","6","2021","4","39.958485","-75.166656","1557","6","0","0","0","0","0","2","0","0","","0","0","0","","","1","N","0","","39 57:30.547","","0","75 09:59.960","4","0","0","0","67301","0","0","0","N","0","0","0","4","68K01","1","","1.0","","1","N","N","N","0","","0","0","2","","0","","","3","1","0","0","0","0","1","2","0","3","","","","N","","","","","","","","","",""
"2021035571","1440","0","0","0","0","0","0","0","0","0","8","0","","67","4","2021","5","39.935638","-75.17902","1440","6","0","0","0","0","0","0","0","0","","0","0","0","","","1","","1","","39 56:08.298","","0","75 10:44.471","2","0","0","0","67301","1","0","1","N","1","0","1","2","67301","0","","1.0","","1","N","N","N","0","","0","1","1","","2","","","2","1","1","0","0","0","0","2","0","1","","03","","N","","","","","","","","","",""
"2021035575","1850","2","0","0","0","0","0","0","0","0","4","0","","67","4","2021","3","39.955058","-75.229782","1850","6","0","0","0","0","0","0","0","0","","0","0","0","","","2","","1","","39 57:18.208","5","0","75 13:47.215","3","0","0","0","67301","0","0","0","N","0","0","0","2","67301","0","","1.0","2000.0","1","N","N","N","0","","1","0","0","","2","N","","2","2","2","0","0","1","0","2","0","2","","03","","N","","","","","","","","","",""
"2021062521","2253","2","0","0","0","0","0","0","0","0","1","0","","67","7","2021","1","39.991394","-75.203514","2253","6","0","0","0","0","0","0","0","0","","0","0","0","","","1","N","0","","39 59:29.019","3","0","75 12:12.650","8","0","0","0","67301","0","0","0","N","0","0","0","2","68K01","0","","1.0","2322.0","1","N","N","N","0","","0","0","0","","0","N","","2","1","0","0","0","1","0","2","0","2","","03","","N","","","","","","","","","",""
"2021063511","1646","1","0","0","0","0","0","0","0","0","1","0","","67","7","2021","4","39.961024","-75.181756","1621","6","0","0","0","0","0","1","0","0","","0","0","0","","","0","N","0","","39 57:39.687","4","0","75 10:54.321","0","0","0","0","67301","0","0","0","N","0","0","0","3","68K01","0","","1.0","1650.0","1","N","N","N","0","","0","0","2","","0","Y","","3","0","0","0","0","0","0","2","0","3","","03","","N","","","","","","","","","",""
"2021036671","1558","2","0","0","0","0","0","0","0","0","4","0","","67","4","2021","5","40.010723","-75.162622","1552","6","0","0","0","0","0","0","0","1","","0","0","0","","","2","","1","","40 00:38.603","","0","75 09:45.439","3","0","0","0","67301","0","0","0","N","0","0","0","3","67301","0","","1.0","","1","N","N","N","0","","2","0","0","","3","","","2","2","0","0","0","0","0","2","0","2","","03","","N","","","","","","","","","",""
"2021064252","0717","0","0","0","0","0","0","0","0","0","8","0","","67","7","2021","7","40.044558","-75.163337","0717","6","0","0","0","0","0","0","0","0","","0","0","0","","","1","","2","","40 02:40.409","","0","75 09:48.012","3","0","0","0","67301","1","0","0","N","1","0","0","1","67301","0","","1.0","","1","N","N","N","0","","1","0","1","","0","","","2","1","0","0","0","0","0","2","0","1","","","","N","","","","","","","","","",""
"2021043157","0606","2","0","0","0","0","0","0","0","0","4","0","","67","4","2021","4","40.008796","-75.147623","0602","6","0","0","0","0","0","1","0","0","","0","0","0","","","4","","1","","40 00:31.666","7","0","75 08:51.441","3","0","0","0","67301","0","0","0","N","0","0","0","4","67301","0","","1.0","605.0","1","N","N","N","0","","1","0","0","","2","Y","","2","4","2","0","0","3","0","2","0","2","","03","","N","","","","","","","","","",""