"CRN","ARRIVAL_TM","AUTOMOBILE_COUNT","BELTED_DEATH_COUNT","BELTED_SUSP_SERIOUS_INJ_COUNT","BICYCLE_COUNT","BICYCLE_DEATH_COUNT","BICYCLE_SUSP_SERIOUS_INJ_COUNT","BUS_COUNT","CHLDPAS_DEATH_COUNT","CHLDPAS_SUSP_SERIOUS_INJ_COUNT","COLLISION_TYPE","COMM_VEH_COUNT","CONS_ZONE_SPD_LIM","COUNTY","CRASH_MONTH","CRASH_YEAR","DAY_OF_WEEK","DEC_LATITUDE","DEC_LONGITUDE","DISPATCH_TM","DISTRICT","DRIVER_COUNT_16YR","DRIVER_COUNT_17YR","DRIVER_COUNT_18YR","DRIVER_COUNT_19YR","DRIVER_COUNT_20YR","DRIVER_COUNT_50_64YR","DRIVER_COUNT_65_74YR","DRIVER_COUNT_75PLUS","EST_HRS_CLOSED","FATAL_COUNT","HEAVY_TRUCK_COUNT","HORSE_BUGGY_COUNT","HOUR_OF_DAY","ILLUMINATION","INJURY_COUNT","INTERSECTION_RELATED","INTERSECT_TYPE","LANE_CLOSED","LATITUDE","LN_CLOSE_DIR","LOCATION_TYPE","LONGITUDE","MAX_SEVERITY_LEVEL","MCYCLE_DEATH_COUNT","MCYCLE_SUSP_SERIOUS_INJ_COUNT","MOTORCYCLE_COUNT","MUNICIPALITY","NONMOTR_COUNT","NONMOTR_DEATH_COUNT","NONMOTR_SUSP_SERIOUS_INJ_COUNT","NTFY_HIWY_MAINT","PED_COUNT","PED_DEATH_COUNT","PED_SUSP_SERIOUS_INJ_COUNT","PERSON_COUNT","POLICE_AGCY","POSSIBLE_INJ_COUNT","RDWY_SURF_TYPE_CD","RELATION_TO_ROAD","ROADWAY_CLEARED","ROAD_CONDITION","SCH_BUS_IND","SCH_ZONE_IND","SECONDARY_CRASH","SMALL_TRUCK_COUNT","SPEC_JURIS_CD","SUSP_MINOR_INJ_COUNT","SUSP_SERIOUS_INJ_COUNT","SUV_COUNT","TCD_FUNC_CD","TCD_TYPE","TFC_DETOUR_IND","TIME_OF_DAY","TOTAL_UNITS","TOT_INJ_COUNT","UNBELTED_OCC_COUNT","UNB_DEATH_COUNT","UNB_SUSP_SERIOUS_INJ_COUNT","UNK_INJ_DEG_COUNT","UNK_INJ_PER_COUNT","URBAN_RURAL","VAN_COUNT","VEHICLE_COUNT","WEATHER1","WEATHER2","WORKERS_PRES","WORK_ZONE_IND","WORK_ZONE_LOC","WORK_ZONE_TYPE","WZ_CLOSE_DETOUR","WZ_FLAGGER","WZ_LAW_OFFCR_IND","WZ_LN_CLOSURE","WZ_MOVING","WZ_OTHER","WZ_SHLDER_MDN","WZ_WORKERS_INJ_KILLED"
"2021033229","0935","2","0","0","0","0","0","0","0","0","4","0","","67","4","2021","2","40.097156","-75.018134","0932","6","0","0","0","0","0","1","0","0","","0","0","0","","","0","","1","","40 05:49.760","","0","75 01:05.283","0","0","0","0","67301","0","0","0","N","0","0","0","2","67301","0","","1.0","","9","N","N","N","0","","0","0","0","","2","","","2","0","0","0","0","0","0","2","0","2","","","","N","","","","","","","","","",""
"2021064281","0153","2","0","0","0","0","0","0","0","0","4","0","","67","6","2021","2","39.985686","-75.213269","0153","6","0","0","0","1","0","0","0","0","","0","1","0","","","1","N","0","","39 59:08.470","","0","75 12:47.770","3","0","0","0","67301","0","0","0","N","0","0","0","4","67301","0","","1.0","","1","N","N","N","0","","1","0","0","","0","","","3","1","0","0","0","0","0","2","0","3","","","","N","","","","","","","","","",""
"2021035550","0947","1","0","0","0","0","0","0","0","0","8","0","","67","4","2021","5","40.066612","-75.196376","0945","6","0","0","0","0","0","0","0","1","","0","0","0","","","1","","1","","40 03:59.804","","0","75 11:46.952","4","0","0","0","67301","1","0","0","N","1","0","0","2","67301","1","","1.0","","99","N","N","N","0","","0","0","0","","2","","","2","1","0","0","0","0","0","2","0","1","","","","N","","","","","","","","","",""
"2021035607","1333","1","0","0","0","0","0","0","0","0","4","0","","67","4","2021","7","39.970158","-75.145059","1333","6","0","0","0","0","1","0","0","0","","0","0","0","","","0","","1","","39 58:12.569","","0","75 08:42.214","0","0","0","0","67301","0","0","0","N","0","0","0","3","67301","0","","1.0","","1","N","N","N","0","","0","0","1","","2","","","2","0","3","0","0","0","0","2","0","2","","03","","N","","","","","","","","","",""
"2021060479","1636","0","0","0","0","0","0","1","0","0","4","1","","67","6","2021","2","39.947712","-75.151093","1633","6","0","0","0","0","0","1","0","0","","0","0","0","","","0","","1","","39 56:51.762","","0","75 09:03.936","0","0","0","0","67301","0","0","0","N","0","0","0","5","67508","0","","1.0","","1","N","N","Y","0","","0","0","1","","2","","","2","0","2","0","0","0","0","2","0","2","","03","","N","","","","","","","","","",""
"2021033997","1414","2","0","0","0","0","0","0","0","0","3","0","","67","4","2021","3","39.990944","-75.1618","1411","6","0","0","0","0","0","1","0","0","","0","0","0","","","1","N","0","","39 59:27.400","","0","75 09:42.480","3","0","0","0","67301","0","0","0","N","0","0","0","2","67301","0","","1.0","","1","N","N","N","0","","1","0","0","","0","","","2","1","1","0","0","0","0","2","0","2","","03","","N","","","","","","","","","",""
"2021035558","2000","0","0","0","0","0","0","0","0","0","4","0","","67","4","2021","5","40.030122","-75.067394","1958","6","0","0","0","0","0","0","0","0","","0","0","0","","","3","","2","","40 01:48.440","","0","75 04:02.620","3","0","0","0","67301","0","0","0","N","0","0","0","3","67301","0","","1.0","","1","N","N","N","0","","3","0","1","","3","","","2","3","0","0","0","0","0","2","0","2","","03","","N","","","","","","","","","",""
"2021037474","1807","1","0","0","0","0","0","0","0","0","5","0","","67","4","2021","6","40.039208","-75.059552","1730","6","0","0","0","0","0","0","0","0","","0","0","0","","","1","N","0","","40 02:21.150","","0","75 03:34.386","3","0","0","0","67301","0","0","0","N","0","0","0","2","67301","0","","1.0","","1","N","N","N","0","","1","0","1","","0","","","2","1","0","0","0","0","0","2","0","2","","03","","N","","","","","","","","","",""
"2021037252","1915","1","0","0","0","0","0","0","0","0","1","0","","67","4","2021","3","39.947919","-75.186573","1852","6","0","0","0","0","0","1","0","0","","0","0","0","","","2","","6","","39 56:52.509","","2","75 11:11.661","8","0","0","0","67301","0","0","0","N","0","0","0","3","68K01","0","","7.0","","1","N","N","N","0","","0","0","1","","4","","","2","2","0","0","0","2","0","2","0","2","","03","","N","","","","","","","","","",""
"2021033496","2339","2","0","0","0","0","0","0","0","0","4","0","","67","4","2021","2","40.102486","-75.028736","2321","6","0","0","0","0","2","0","0","0","","0","0","0","","","1","","1","","40 06:08.948","","0","75 01:43.450","3","0","0","0","67301","0","0","0","N","0","0","0","2","67301","0","","1.0","","9","N","N","N","0","","1","0","0","","2","","","2","1","0","0","0","0","1","2","0","2","","","","N","","","","","","","","","",""
"2021035554","1550","0","0","0","0","0","0","0","0","0","1","0","","67","4","2021","3","40.032514","-75.080809","1540","6","0","0","0","0","0","0","0","0","","0","0","0","","","1","","1","","40 01:57.052","1","0","75 04:50.912","8","0","0","0","67301","0","0","0","N","0","0","0","2","67301","0","","1.0","1610.0","1","N","N","N","1","","0","0","1","","2","N","","2","1","0","0","0","1","0","2","0","2","","","","N","","","","","","","","","",""
"2021035586","1652","2","0","0","0","0","0","0","0","0","4","0","","67","4","2021","5","39.976176","-75.160962","1652","6","0","0","0","0","0","1","0","0","","0","0","0","","","2","","1","","39 58:34.232","","0","75 09:39.464","3","0","0","0","67301","0","0","0","N","0","0","0","3","67301","1","","1.0","","1","N","N","N","0","","1","0","0","","3","","","2","2","0","0","0","0","0","2","0","2","","","","N","","","","","","","","","",""
"2021062916","0831","1","0","0","0","0","0","0","0","0","7","0","","67","7","2021","6","39.976425","-75.196201","0831","6","0","0","0","1","0","0","0","0","","0","0","0","","","0","N","0","","39 58:35.129","","0","75 11:46.322","0","0","0","0","67301","0","0","0","N","0","0","0","1","68K01","0","","3.0","","1","N","N","N","0","","0","0","0","","0","","","1","0","0","0","0","0","0","2","0","1","","","","N","","","","","","","","","",""
"2021034103","2317","0","0","0","0","0","0","0","0","0","7","0","","67","4","2021","2","39.995577","-75.197648","2310","6","0","0","0","0","0","0","0","0","","0","0","0","","","1","N","0","","39 59:44.077","","0","75 11:51.532","2","0","1","1","67301","0","0","0","Y","0","0","0","1","68K01","0","","2.0","","3","N","N","N","0","","0","1","0","","8","","","1","1","0","0","0","0","0","2","0","1","","","","N","","","","","","","","","",""
"2021064357","2114","0","0","0","0","0","0","0","0","0","1","0","","67","6","2021","3","39.987186","-75.145589","2111","6","0","0","0","0","0","0","0","0","","0","0","0","","","1","N","0","","39 59:13.870","5","0","75 08:44.120","3","0","0","0","67301","0","0","0","N","0","0","0","1","67301","0","","1.0","2300.0","1","N","N","N","0","","1","0","2","","0","Y","","2","1","0","0","0","0","0","2","0","2","","03","","N","","","","","","","","","",""
"2021033841","2216","0","0","0","0","0","0","0","0","0","4","0","","67","4","2021","3","40.045674","-75.031529","2212","6","0","0","0","1","0","1","0","0","","0","0","0","","","1","","1","","40 02:44.428","","0","75 01:53.506","3","0","0","0","67301","0","0","0","N","0","0","0","2","67301","0","","1.0","","1","N","N","N","0","","1","0","2","","2","","","2","1","0","0","0","0","0","2","0","2","","03","","N","","","","","","","","","",""
"2021037600","0150","1","0","0","0","0","0","0","0","0","4","0","","67","4","2021","7","40.035164","-75.184808","0150","6","0","0","0","0","0","0","0","0","","0","0","0","","","1","N","0","","40 02:06.590","","7","75 11:05.307","3","0","0","0","67301","0","0","0","N","0","0","0","2","67301","0","","1.0","","1","N","N","N","0","","1","0","1","","0","","","2","1","1","0","0","0","0","2","0","2","","03","","N","","","","","","","","","",""
"2021064184","2225","1","0","0","0","0","0","0","0","0","1","0","","67","7","2021","1","40.038311","-75.109616","2214","6","0","0","0","0","0","1","0","0","","0","0","0","","","1","N","0","","40 02:17.921","","0","75 06:34.619","3","0","0","0","67301","0","0","0","N","0","0","0","3","67301","0","","1.0","","1","N","N","N","0","","1","0","1","","0","","","2","1","0","0","0","0","1","2","0","2","","","","N","","","","","","","","","",""
"2021035594","1538","0","0","0","0","0","0","0","0","0","4","0","","67","4","2021","2","39.98804","-75.105911","1536","6","0","0","0","0","0","0","1","0","","0","0","0","","","1","","1","","39 59:16.945","","0","75 06:21.281","3","0","0","0","67301","0","0","0","N","0","0","0","3","67301","0","","1.0","","1","N","N","N","0","","1","0","2","","2","","","2","1","1","0","0","0","0","2","0","2","","03","","N","","","","","","","","","",""
"2021035425","0123","4","0","0","0","0","0","0","0","0","5","0","","67","4","2021","3","39.986333","-75.161167","0122","6","0","0","0","0","0","0","0","0","","0","0","0","","","0","N","0","","39 59:10.800","2","0","75 09:40.200","0","0","0","0","67301","0","0","0","N","0","0","0","1","67505","0","","6.0","230.0","1","N","N","N","0","","0","0","1","","0","N","","5","0","0","0","0","0","0","2","0","5","","03","","N","","","","","","","","","",""
"2021035499","0100","2","0","0","0","0","0","0","0","0","4","0","","67","4","2021","7","40.029391","-75.106274","0058","6","0","0","0","0","0","0","0","0","","0","0","0","","","2","N","0","","40 01:45.807","4","7","75 06:22.587","3","0","0","0","67301","0","0","0","N","0","0","0","2","67301","0","","1.0","125.0","1","N","N","N","0","","2","0","0","","0","N","","2","2","0","0","0","0","0","2","0","2","","03","","N","","","","","","","","","",""
"2021035541","1924","2","0","0","0","0","0","0","0","0","4","0","","67","4","2021","4","40.06369","-75.200149","1911","6","0","0","0","0","0","0","0","0","","0","0","0","","","1","","2","","40 03:49.283","","0","75 12:00.536","3","0","0","0","67301","0","0","0","N","0","0","0","2","67301","0","","1.0","","9","N","N","N","0","","1","0","0","","3","","","2","1","0","0","0","0","0","2","0","2","","07","","N","","","","","","","","","",""
"2021035588","0800","1","0","0","0","0","0","0","0","0","4","0","","67","4","2021","6","39.979368","-75.174388","0800","6","0","0","0","0","0","0","0","0","","0","0","0","","","0","","1","","39 58:45.724","","0","75 10:27.796","0","0","0","0","67301","0","0","0","N","0","0","0","2","67301","0","","1.0","","1","N","N","N","0","","0","0","1","","2","","","2","0","0","0","0","0","0","2","0","2","","98","","N","","","","","","","","","",""
"2021035612","2153","0","0","0","0","0","0","0","0","0","2","0","","67","4","2021","3","40.029297","-75.122708","2144","6","0","0","0","0","0","0","0","0","","0","0","0","","","1","N","0","","40 01:45.470","1","0","75 07:21.750","4","0","0","0","67301","0","0","0","N","0","0","0","1","67301","1","","6.0","2217.0","1","N","N","N","1","","0","0","2","","0","Y","","3","1","0","0","0","0","0","2","0","3","","04","","N","","","","","","","","","",""
"2021036780","0750","0","0","0","0","0","0","0","0","0","1","0","","67","4","2021","4","40.083756","-75.039025","0742","6","0","0","0","0","0","1","0","0","","0","0","0","","","1","Y","0","","40 05:01.521","","0","75 02:20.489","3","0","0","0","67301","0","0","0","N","0","0","0","3","67301","0","","1.0","","1","N","N","N","0","","1","0","2","","2","","","2","1","0","0","0","0","0","2","0","2","","04","","N","","","","","","","","","",""
"2021035521","1716","2","0","0","0","0","0","0","0","0","4","0","","67","4","2021","6","40.085459","-75.037453","1710","6","0","0","0","0","0","2","0","0","","0","0","0","","","1","","1","","40 05:07.651","","0","75 02:14.830","8","0","0","0","67301","0","0","0","N","0","0","0","3","67301","0","","1.0","","1","N","N","N","0","","0","0","0","","2","","","2","1","0","0","0","1","0","2","0","2","","04","","N","","","","","","","","","",""
"2021035587","1903","1","0","0","0","0","0","0","0","0","4","0","","67","4","2021","5","39.973399","-75.16399","1859","6","0","0","0","0","0","0","0","0","","0","0","0","","","1","","2","","39 58:24.236","","0","75 09:50.364","4","0","0","0","67301","0","0","0","N","0","0","0","3","67301","1","","1.0","","1","N","N","N","0","","0","0","1","","3","","","2","1","0","0","0","0","0","2","0","2","","03","","N","","","","","","","","","",""
"2021035582","0110","2","0","0","0","0","0","0","0","0","4","0","","67","4","2021","4","39.967336","-75.245842","0055","6","0","0","1","0","0","0","0","0","","0","0","0","","","1","","1","","39 58:02.410","","0","75 14:45.030","3","0","0","0","67301","0","0","0","N","0","0","0","2","67301","0","","1.0","","1","N","N","N","0","","1","0","0","","2","","","2","1","1","0","0","0","0","2","0","2","","03","","N","","","","","","","","","",""
"2021063485","0842","1","0","0","0","0","0","0","0","0","4","0","","67","6","2021","2","40.046963","-75.000521","0813","6","0","1","0","0","0","0","0","0","","0","0","0","","","1","N","0","","40 02:49.067","1","0","75 00:01.876","3","0","0","0","67301","0","0","0","N","0","0","0","1","68K01","0","","4.0","954.0","1","N","N","N","0","","1","0","0","","0","N","","1","1","0","0","0","0","0","2","0","1","","","","N","","","","","","","","","",""
"2021062524","0308","2","0","0","0","0","0","0","0","0","1","0","","67","7","2021","2","39.975995","-75.114676","0308","6","0","0","0","0","0","0","0","0","","0","0","0","","","1","N","0","","39 58:33.581","","0","75 06:52.833","3","0","0","0","67301","0","0","0","N","0","0","0","4","68K01","0","","1.0","","1","N","N","Y","0","","1","0","1","","0","","","3","1","0","0","0","0","1","2","0","3","","","","N","","","","","","","","","",""
"2021033614","2108","1","0","0","0","0","0","0","0","0","4","0","","67","4","2021","2","39.981209","-75.188697","2107","6","0","0","0","0","0","0","0","0","","0","0","0","","","0","","1","","39 58:52.351","","0","75 11:19.309","0","0","0","0","67301","0","0","0","N","0","0","0","2","67301","0","","1.0","","1","N","N","N","0","","0","0","1","","2","","","2","0","0","0","0","0","0","2","0","2","","","","N","","","","","","","","","",""
"2021033865","0610","3","0","0","0","0","0","0","0","0","1","0","","67","4","2021","4","39.956086","-75.205895","0607","6","0","0","0","0","0","0","0","0","","0","0","0","","","0","N","0","","39 57:21.911","","0","75 12:21.222","0","0","0","0","67301","0","0","0","N","0","0","0","1","67504","0","","6.0","","1","N","N","N","0","","0","0","0","","0","","","3","0","0","0","0","0","0","2","0","3","","03","","N","","","","","","","","","",""
"2021033498","0245","2","0","0","0","0","0","0","0","0","4","0","","67","4","2021","2","40.023721","-75.164619","0245","6","0","0","0","0","0","1","0","0","","0","0","0","","","3","","2","","40 01:25.397","7","0","75 09:52.628","8","0","0","0","67301","0","0","0","N","0","0","0","3","67301","0","","1.0","315.0","9","N","N","N","0","","0","0","0","","0","Y","","2","3","2","0","0","3","0","2","0","2","","03","","N","","","","","","","","","",""
"2021033775","0022","1","0","0","0","0","0","0","0","0","7","0","","67","4","2021","3","40.038381","-75.010351","0007","6","0","0","1","0","0","0","0","0","","0","0","0","","","0","N","0","","40 02:18.170","2","0","75 00:37.262","0","0","0","0","67301","0","0","0","N","0","0","0","1","68K01","0","","2.0","30.0","9","N","N","N","0","","0","0","0","","0","N","","1","0","0","0","0","0","0","2","0","1","","","","N","","","","","","","","","",""
"2021035512","0828","1","0","0","0","0","0","0","0","0","8","0","","67","4","2021","2","39.951934","-75.159863","0828","6","0","0","0","0","0","0","1","0","","0","0","0","","","1","","1","","39 57:06.961","3","0","75 09:35.508","3","0","0","0","67301","1","0","0","N","1","0","0","2","67301","0","","1.0","900.0","1","N","N","N","0","","1","0","0","","2","Y","","2","1","0","0","0","0","0","2","0","1","","04","","N","","","","","","","","","",""
"2021035664","0737","1","0","0","0","0","0","0","0","0","7","0","","67","4","2021","5","40.048724","-74.999445","0726","6","0","0","0","0","0","0","0","0","","0","0","0","","","1","N","0","","40 02:55.406","2","2","74 59:58.001","8","0","0","0","67301","0","0","0","N","0","0","0","1","68K01","0","","4.0","740.0","1","N","N","N","0","","0","0","0","","0","N","","1","1","0","0","0","1","0","2","0","1","","04","","N","","","","","","","","","",""
"2021033998","2032","1","0","0","0","0","0","0","0","0","4","0","","67","4","2021","3","39.988657","-75.187059","2030","6","0","0","0","0","0","0","0","0","","0","0","0","","","1","","1","","39 59:19.164","","0","75 11:13.413","4","0","0","0","67301","0","0","0","N","0","0","0","2","67301","1","","1.0","","1","N","N","N","0","","0","0","1","","2","","","2","1","0","0","0","0","1","2","0","2","","","","N","","","","","","","","","",""
"2021035559","1302","1","0","0","0","0","0","0","0","0","4","0","","67","4","2021","4","40.019837","-75.047737","1301","6","0","0","0","0","0","0","0","0","","0","0","0","","","1","","2","","40 01:11.413","","0","75 02:51.853","3","0","0","0","67301","0","0","0","N","0","0","0","2","67301","0","","1.0","","1","N","N","N","0","","1","0","0","","3","","","2","1","0","0","0","0","1","2","0","2","","03","","N","","","","","","","","","",""
"2021064394","2127","2","0","0","0","0","0","0","0","0","1","0","","67","7","2021","1","40.054664","-75.149892","2127","6","0","0","0","0","0","1","0","0","","0","0","0","","","1","N","0","","40 03:16.790","","0","75 08:59.610","8","0","0","0","67301","0","0","0","N","0","0","0","3","67301","0","","1.0","","99","N","N","N","0","","0","0","0","","0","U","","2","1","0","0","0","1","1","2","0","2","","","","N","","","","","","","","","",""
"2021039739","1115","0","0","0","0","0","0","0","0","0","0","0","","67","4","2021","6","39.948952","-75.227169","1101","6","0","0","0","0","0","1","0","0","","0","0","0","","","1","","1","","39 56:56.228","","0","75 13:37.808","3","0","0","1","67301","0","0","0","N","0","0","0","1","67301","0","","1.0","","1","N","N","N","0","","1","0","0","","2","","","2","1","0","0","0","0","0","2","0","1","","","","N","","","","","","","","","",""
"2021038472","2213","2","0","0","0","0","0","0","0","0","4","0","","67","4","2021","5","39.950691","-75.241094","2212","6","0","0","0","0","0","1","0","0","","0","0","0","","","1","","1","","39 57:02.487","","0","75 14:27.938","3","0","0","0","67301","0","0","0","N","0","0","0","2","67301","0","","1.0","","1","N","N","N","0","","1","0","0","","2","","","2","1","0","0","0","0","0","2","0","2","","03","","N","","","","","","","","","",""
"2021035518","1200","1","0","0","0","0","0","0","0","0","1","0","","67","4","2021","4","40.087824","-75.035084","1157","6","0","0","0","0","0","0","0","0","","0","0","0","","","1","N","0","","40 05:16.167","","0","75 02:06.303","3","0","0","0","67301","0","0","0","N","0","0","0","3","67301","0","","1.0","","1","N","N","N","0","","1","0","1","","0","","","2","1","2","0","0","0","0","2","0","2","","03","","N","","","","","","","","","",""
"2021035597","1601","2","0","0","0","0","0","0","0","0","4","0","","67","4","2021","4","39.978705","-75.108634","1601","6","0","0","0","0","0","0","0","0","","0","0","0","","","0","","1","","39 58:43.337","5","0","75 06:31.082","0","0","0","0","67301","0","0","0","N","0","0","0","2","67301","0","","1.0","1645.0","1","N","N","N","0","","0","0","0","","2","N","","2","0","0","0","0","0","0","2","0","2","","04","","N","","","","","","","","","",""
"2021036571","1340","1","0","0","0","0","0","0","0","0","1","0","","67","4","2021","4","40.078112","-75.023623","1335","6","0","0","0","1","0","0","0","0","","0","0","0","","","3","","2","","40 04:41.204","","0","75 01:25.042","8","0","0","0","67301","0","0","0","N","0","0","0","4","67301","0","","1.0","","1","N","N","N","0","","0","0","1","","2","","","2","3","0","0","0","3","0","2","0","2","","03","","N","","","","","","","","","",""
"2021033994","2117","1","0","0","0","0","0","0","0","0","1","0","","67","4","2021","3","40.050667","-75.173272","2115","6","0","0","0","0","0","1","0","0","","0","0","0","","","0","","1","","40 03:02.401","2","0","75 10:23.780","0","0","0","0","67301","0","0","0","N","0","0","0","3","67301","0","","1.0","1.0","1","N","N","N","1","","0","0","1","","2","N","","3","0","2","0","0","0","0","2","0","3","","03","","N","","","","","","","","","",""
"2021035596","1045","0","0","0","0","0","0","0","0","0","1","0","","67","4","2021","4","39.989651","-75.107345","1041","6","0","0","0","0","0","0","0","0","","0","0","0","","","1","","1","","39 59:22.742","","0","75 06:26.442","3","0","0","0","67301","0","0","0","N","0","0","0","3","67301","0","","1.0","","1","N","N","N","1","","1","0","1","","2","","","2","1","2","0","0","0","0","2","0","2","","","","N","","","","","","","","","",""
"2021036073","1905","1","0","0","0","0","0","0","0","0","7","0","","67","4","2021","3","39.974648","-75.173784","1855","6","0","0","0","0","0","0","0","0","","0","0","0","","","1","","2","","39 58:28.732","","0","75 10:25.622","8","0","0","0","67301","0","0","0","N","0","0","0","1","67301","0","","4.0","","1","N","N","N","0","","0","0","0","","0","","","1","1","0","0","0","1","0","2","0","1","","03","","N","","","","","","","","","",""
"2021064410","0010","1","0","0","0","0","0","0","0","0","5","0","","67","7","2021","5","40.014199","-75.157461","0007","6","0","0","0","0","0","1","0","0","","0","0","0","","","1","N","0","","40 00:51.117","3","0","75 09:26.859","3","0","0","0","67301","0","0","0","N","0","0","0","1","67301","0","","6.0","1255.0","1","N","N","N","0","","1","0","1","","0","Y","","2","1","0","0","0","0","0","2","0","2","","","","N","","","","","","","","","",""
"2021064403","0003","1","0","0","0","0","0","0","0","0","4","0","","67","6","2021","1","40.011764","-75.162729","2354","6","0","0","0","0","0","0","0","0","","0","0","0","","","2","N","0","","40 00:42.349","","0","75 09:45.825","3","0","0","0","67301","0","0","0","N","0","0","0","3","67301","0","","1.0","","1","N","N","N","0","","2","0","2","","0","","","3","2","0","0","0","0","1","2","0","3","","03","","N","","","","","","","","","",""
"2021036598","2045","2","0","0","0","0","0","0","0","0","4","0","","67","4","2021","2","40.03593","-75.126522","2035","6","0","0","0","0","0","0","0","0","","0","0","0","","","1","","1","","40 02:09.347","6","0","75 07:35.479","3","0","0","0","67301","0","0","0","N","0","0","0","3","67301","0","","1.0","2256.0","1","N","N","N","0","","1","0","1","","3","Y","","3","1","0","0","0","0","2","2","0","3","","","","N","","","","","","","","","",""
"2021040131","2235","1","0","0","0","0","0","0","0","0","4","0","","67","4","2021","5","40.022332","-75.130669","2235","6","0","0","0","0","0","1","0","0","","0","0","0","","","1","","1","","40 01:20.395","","0","75 07:50.408","4","0","0","1","67301","0","0","0","N","0","0","0","2","67508","1","","1.0","","1","N","N","Y","0","","0","0","0","","3","","","2","1","0","0","0","0","0","2","0","2","","03","","N","","","","","","","","","",""
"2021063327","1813","1","0","0","0","0","0","0","0","0","1","0","","67","7","2021","4","39.957081","-75.145464","1805","6","0","0","0","0","0","0","0","0","","0","0","0","","","1","N","0","","39 57:25.491","3","0","75 08:43.670","3","0","0","0","67301","0","0","0","N","0","0","0","3","68K01","0","","1.0","1820.0","1","N","N","N","0","","1","0","1","","0","N","","2","1","0","0","0","0","1","2","0","2","","","","N","","","","","","","","","",""
"2021035622","2051","2","0","0","0","0","0","0","0","0","2","0","","67","4","2021","5","40.015238","-75.1699","2051","6","0","0","0","0","0","0","0","0","","0","0","0","","","1","","1","","40 00:54.856","2","0","75 10:11.639","4","0","0","0","67301","0","0","0","N","0","0","0","3","67301","1","","1.0","2120.0","1","N","N","N","0","","0","0","0","","2","Y","","2","1","1","0","0","0","0","2","0","2","","","","N","","","","","","","","","",""
"2021035584","1000","1","0","0","0","0","0","0","0","0","1","0","","67","4","2021","2","39.989793","-75.226581","0949","6","0","0","0","0","0","0","0","0","","0","0","0","","","1","","3","","39 59:23.254","","0","75 13:35.691","3","0","0","0","67301","0","0","0","N","0","0","0","2","67301","0","","1.0","","1","N","N","N","0","","1","0","0","","0","","","2","1","0","0","0","0","0","2","1","2","","03","","N","","","","","","","","","",""
"2021035492","2135","1","0","0","0","0","0","0","0","0","6","0","","67","4","2021","4","39.920194","-75.187472","2132","6","0","0","0","0","0","0","0","0","","0","0","0","","","2","N","0","","39 55:12.700","5","0","75 11:14.900","4","0","0","0","67301","0","0","0","N","0","0","0","2","67301","1","","1.0","2353.0","9","N","N","N","0","","0","0","1","","0","Y","","2","2","0","0","0","1","0","2","0","2","","07","","N","","","","","","","","","",""
"2021035568","1415","1","0","0","0","0","0","0","0","0","6","0","","67","4","2021","2","40.026404","-75.097487","1411","6","0","0","0","0","0","0","0","0","","0","0","0","","","2","","1","","40 01:35.054","","0","75 05:50.952","3","0","0","0","67301","0","0","0","N","0","0","0","2","67301","0","","1.0","","1","N","N","N","1","","2","0","0","","2","","","2","2","0","0","0","0","0","2","0","2","","","","N","","","","","","","","","",""
"2021064289","2034","2","0","0","0","0","0","0","0","0","1","0","","67","7","2021","1","39.94016","-75.200907","2024","6","0","0","1","0","0","0","0","0","","0","0","0","","","1","Y","0","","39 56:24.575","","0","75 12:03.266","3","0","0","0","67301","0","0","0","N","0","0","0","2","67301","0","","1.0","","1","N","N","N","0","","1","0","0","","2","","","2","1","0","0","0","0","0","2","0","2","","03","","N","","","","","","","","","",""
"2021062340","1722","1","0","0","0","0","0","0","0","0","7","0","","67","7","2021","1","39.949354","-75.141866","1710","6","0","0","0","0","1","0","0","0","","0","0","0","","","3","N","0","","39 56:57.673","","0","75 08:30.716","3","0","0","0","67301","0","0","0","N","0","0","0","5","68K01","0","","4.0","","9","N","N","N","0","","2","0","0","","0","","","1","3","1","0","0","1","0","2","0","1","","","","N","","","","","","","","","",""
"2021033611","0615","0","0","0","0","0","0","0","0","0","5","0","","67","4","2021","2","39.923094","-75.150283","0615","6","0","0","0","0","0","0","0","0","","0","0","0","","","1","N","0","","39 55:23.140","","0","75 09:01.020","3","0","0","0","67301","0","0","0","N","0","0","0","1","67301","0","","6.0","","1","N","N","N","1","","1","0","1","","0","","","2","1","0","0","0","0","0","2","0","2","","03","","N","","","","","","","","","",""
"2021062331","1631","1","0","0","0","0","0","0","0","0","1","0","","67","7","2021","7","39.957412","-75.158392","1624","6","0","0","0","0","0","0","0","0","","0","0","0","","","0","N","0","","39 57:26.682","4","0","75 09:30.212","0","0","0","0","67301","0","0","0","N","0","0","0","8","68K01","0","","3.0","1730.0","9","N","N","N","0","","0","0","2","","0","N","","3","0","0","0","0","0","0","2","0","3","","","","N","","","","","","","","","",""
"2021051903","1021","1","0","0","0","0","0","1","0","0","1","1","","67","5","2021","6","40.003185","-75.152576","1016","6","0","0","0","0","0","0","1","0","","0","0","0","","","4","","5","","40 00:11.467","","0","75 09:09.273","4","0","0","0","67301","0","0","0","N","0","0","0","5","67508","4","","1.0","","1","N","N","Y","0","","0","0","0","","0","","","2","4","0","0","0","0","0","2","0","2","","03","","N","","","","","","","","","",""