"CRN","ARRIVAL_TM","AUTOMOBILE_COUNT","BELTED_DEATH_COUNT","BELTED_SUSP_SERIOUS_INJ_COUNT","BICYCLE_COUNT","BICYCLE_DEATH_COUNT","BICYCLE_SUSP_SERIOUS_INJ_COUNT","BUS_COUNT","CHLDPAS_DEATH_COUNT","CHLDPAS_SUSP_SERIOUS_INJ_COUNT","COLLISION_TYPE","COMM_VEH_COUNT","CONS_ZONE_SPD_LIM","COUNTY","CRASH_MONTH","CRASH_YEAR","DAY_OF_WEEK","DEC_LATITUDE","DEC_LONGITUDE","DISPATCH_TM","DISTRICT","DRIVER_COUNT_16YR","DRIVER_COUNT_17YR","DRIVER_COUNT_18YR","DRIVER_COUNT_19YR","DRIVER_COUNT_20YR","DRIVER_COUNT_50_64YR","DRIVER_COUNT_65_74YR","DRIVER_COUNT_75PLUS","EST_HRS_CLOSED","FATAL_COUNT","HEAVY_TRUCK_COUNT","HORSE_BUGGY_COUNT","HOUR_OF_DAY","ILLUMINATION","INJURY_COUNT","INTERSECTION_RELATED","INTERSECT_TYPE","LANE_CLOSED","LATITUDE","LN_CLOSE_DIR","LOCATION_TYPE","LONGITUDE","MAX_SEVERITY_LEVEL","MCYCLE_DEATH_COUNT","MCYCLE_SUSP_SERIOUS_INJ_COUNT","MOTORCYCLE_COUNT","MUNICIPALITY","NONMOTR_COUNT","NONMOTR_DEATH_COUNT","NONMOTR_SUSP_SERIOUS_INJ_COUNT","NTFY_HIWY_MAINT","PED_COUNT","PED_DEATH_COUNT","PED_SUSP_SERIOUS_INJ_COUNT","PERSON_COUNT","POLICE_AGCY","POSSIBLE_INJ_COUNT","RDWY_SURF_TYPE_CD","RELATION_TO_ROAD","ROADWAY_CLEARED","ROAD_CONDITION","SCH_BUS_IND","SCH_ZONE_IND","SECONDARY_CRASH","SMALL_TRUCK_COUNT","SPEC_JURIS_CD","SUSP_MINOR_INJ_COUNT","SUSP_SERIOUS_INJ_COUNT","SUV_COUNT","TCD_FUNC_CD","TCD_TYPE","TFC_DETOUR_IND","TIME_OF_DAY","TOTAL_UNITS","TOT_INJ_COUNT","UNBELTED_OCC_COUNT","UNB_DEATH_COUNT","UNB_SUSP_SERIOUS_INJ_COUNT","UNK_INJ_DEG_COUNT","UNK_INJ_PER_COUNT","URBAN_RURAL","VAN_COUNT","VEHICLE_COUNT","WEATHER1","WEATHER2","WORKERS_PRES","WORK_ZONE_IND","WORK_ZONE_LOC","WORK_ZONE_TYPE","WZ_CLOSE_DETOUR","WZ_FLAGGER","WZ_LAW_OFFCR_IND","WZ_LN_CLOSURE","WZ_MOVING","WZ_OTHER","WZ_SHLDER_MDN","WZ_WORKERS_INJ_KILLED"
"2021062712","1618","1","0","0","0","0","0","0","0","0","1","0","","67","6","2021","2","39.98135","-75.1022","1606","6","0","0","0","0","0","0","0","0","","0","0","0","","","0","N","0","","39 58:52.860","","0","75 06:07.919","0","0","0","0","67301","0","0","0","N","0","0","0","3","68K01","0","","1.0","","1","N","N","N","0","","0","0","2","","0","","","3","0","0","0","0","0","0","2","0","3","","","","N","","","","","","","","","",""
"2021035730","2007","0","0","0","0","0","0","0","0","0","7","0","","67","4","2021","2","40.055028","-74.995833","1956","6","0","0","0","0","0","0","0","0","","0","0","0","","","1","N","0","","40 03:18.100","","0","74 59:45.000","3","0","0","0","67301","0","0","0","N","0","0","0","1","67301","0","","4.0","","1","N","N","N","0","","1","0","1","","0","","","1","1","0","0","0","0","0","2","0","1","","03","","N","","","","","","","","","",""
"2021036243","2030","1","0","0","0","0","0","0","0","0","1","0","35","67","4","2021","1","39.910778","-75.160444","2027","6","0","1","0","0","0","0","1","0","","0","0","0","","","0","N","0","","39 54:38.800","","3","75 09:37.600","0","0","0","0","67301","0","0","0","N","0","0","0","2","67501","0","","1.0","","1","N","N","N","0","","0","0","1","","0","","","2","0","0","0","0","0","0","2","0","2","","","N","Y","4","1","","","N","Y","","","","N"
"2021036667","0900","0","0","0","0","0","0","0","0","0","8","0","","67","4","2021","3","39.991448","-75.122507","0855","6","0","0","0","0","0","0","0","0","","0","0","0","","","2","","5","","39 59:29.212","","1","75 07:21.025","3","0","0","1","67301","1","0","0","N","1","0","0","2","67301","0","","1.0","","1","N","N","N","0","","2","0","0","","2","","","2","2","0","0","0","0","0","2","0","1","","03","","N","","","","","","","","","",""
"2021035542","2325","2","0","0","0","0","0","0","0","0","1","0","","67","4","2021","4","40.068962","-75.156534","2315","6","0","0","0","0","0","0","0","0","","0","0","0","","","0","N","0","","40 04:08.264","3","0","75 09:23.522","9","0","0","0","67301","0","0","0","N","0","0","0","1","67301","0","","6.0","100.0","1","N","N","N","0","","0","0","2","","0","N","","4","0","0","0","0","0","1","2","0","4","","03","","N","","","","","","","","","",""
"2021064262","1635","3","0","0","0","0","0","0","0","0","1","0","","67","6","2021","2","40.009194","-75.082139","1600","6","0","0","0","0","0","0","0","0","","0","0","0","","","1","N","0","","40 00:33.099","2","0","75 04:55.701","3","0","0","0","67301","0","0","0","N","0","0","0","6","67301","0","","1.0","1715.0","1","N","N","N","0","","1","0","0","","2","N","","3","1","0","0","0","0","0","2","0","3","","03","","N","","","","","","","","","",""
"2021035527","0110","2","0","0","0","0","0","0","0","0","4","0","","67","4","2021","5","40.062519","-75.009434","0110","6","0","0","0","0","0","0","0","0","","0","0","0","","","1","","1","","40 03:45.067","","0","75 00:33.961","8","0","0","0","67301","0","0","0","N","0","0","0","2","67301","0","","1.0","","1","N","N","N","0","","0","0","0","","2","","","2","1","0","0","0","1","0","2","0","2","","03","","N","","","","","","","","","",""
"2021061242","1027","0","0","0","0","0","0","1","0","0","8","1","","67","6","2021","5","39.959325","-75.167418","1020","6","0","0","0","0","0","0","0","0","","0","0","0","","","1","","2","","39 57:33.569","","0","75 10:02.704","4","0","0","0","67301","1","0","0","N","1","0","0","2","67508","1","","1.0","","1","N","N","Y","0","","0","0","0","","3","","","2","1","0","0","0","0","0","2","0","1","","03","","N","","","","","","","","","",""
"2021064375","2223","0","0","0","0","0","0","0","0","0","8","0","","67","6","2021","2","40.033048","-75.116073","2220","6","0","0","0","0","0","0","0","0","","0","0","0","","","1","N","1","","40 01:58.974","6","0","75 06:57.861","2","0","0","0","67301","1","0","1","N","1","0","1","2","67301","0","","1.0","2343.0","1","N","N","N","0","","0","1","1","","3","N","","2","1","0","0","0","0","0","2","0","1","","03","","N","","","","","","","","","",""
"2021061579","1620","1","0","0","0","0","0","1","0","0","1","1","","67","6","2021","3","39.97279","-75.216328","1610","6","0","0","0","0","0","1","0","0","","0","0","0","","","1","","1","","39 58:22.044","","0","75 12:58.781","8","0","0","0","67301","0","0","0","N","0","0","0","2","67508","0","","1.0","","1","N","N","Y","0","","0","0","0","","2","","","2","1","0","0","0","1","0","2","0","2","","03","","N","","","","","","","","","",""
"2021064350","0755","1","0","0","0","0","0","0","0","0","1","1","","67","7","2021","5","40.006901","-75.120993","0746","6","0","0","0","0","0","0","0","0","","0","1","0","","","1","N","0","","40 00:24.842","4","0","75 07:15.576","3","0","0","0","67301","0","0","0","N","0","0","0","2","67301","0","","1.0","940.0","1","N","N","N","0","","1","0","0","","2","N","","2","1","0","0","0","0","0","2","0","2","","03","","N","","","","","","","","","",""
"2021036075","1655","2","0","0","0","0","0","0","0","0","1","0","","67","4","2021","6","40.015139","-75.136028","1648","6","0","0","0","1","0","0","0","0","","0","0","0","","","0","N","0","","40 00:54.500","","0","75 08:09.700","0","0","0","0","67301","0","0","0","N","0","0","0","2","67301","0","","1.0","","2","N","N","N","0","","0","0","1","","0","","","3","0","0","0","0","0","0","2","0","3","","","","N","","","","","","","","","",""
"2021035194","1915","0","0","0","0","0","0","0","0","0","1","0","","67","4","2021","6","40.020201","-75.043477","1915","6","0","0","0","0","0","1","0","0","","0","0","0","","","3","N","0","","40 01:12.725","","0","75 02:36.517","4","0","0","0","67301","0","0","0","N","0","0","0","3","68K01","2","","1.0","","1","N","N","N","0","","0","0","2","","0","","","2","3","0","0","0","1","0","2","0","2","","03","","N","","","","","","","","","",""
"2021072989","2027","2","0","0","0","0","0","0","0","0","4","0","","67","8","2021","5","40.064913","-75.051466","2023","6","0","0","0","0","1","0","0","0","","0","0","0","","","0","","1","","40 03:53.687","","0","75 03:05.279","9","0","0","0","67301","0","0","0","N","0","0","0","2","67301","0","","1.0","","1","N","N","N","0","","0","0","0","","2","","","2","0","0","0","0","0","1","2","0","2","","03","","N","","","","","","","","","",""
"2021070413","0045","1","0","0","0","0","0","0","0","0","4","0","","67","7","2021","1","40.086103","-75.211875","0031","6","0","0","0","0","0","0","0","0","","0","0","0","","","1","","1","","40 05:09.972","","0","75 12:42.750","3","0","0","0","67301","0","0","0","N","0","0","0","3","67301","0","","1.0","","1","N","N","N","0","","1","0","1","","2","","","2","1","0","0","0","0","0","2","0","2","","","","N","","","","","","","","","",""
"2021071101","0444","1","0","0","0","0","0","0","0","0","1","0","","67","7","2021","4","39.984124","-75.188052","0444","6","0","0","0","0","0","2","0","0","","0","0","0","","","2","","2","","39 59:02.847","","0","75 11:16.987","3","0","0","0","67301","0","0","0","N","0","0","0","3","67301","0","","1.0","","1","N","N","N","0","","2","0","1","","2","","","2","2","0","0","0","0","0","2","0","2","","03","","N","","","","","","","","","",""
"2021033992","1915","1","0","0","0","0","0","0","0","0","4","0","","67","4","2021","3","39.953577","-75.139984","1907","6","0","0","0","0","0","1","0","1","","0","0","0","","","6","","2","","39 57:12.878","1","0","75 08:23.942","2","0","1","1","67301","0","0","0","N","0","0","0","7","67301","1","","1.0","200.0","1","N","N","Y","0","","4","1","1","","2","Y","","3","6","6","0","0","0","0","2","0","3","","03","","N","","","","","","","","","",""
"2021070531","0010","2","0","0","0","0","0","0","0","0","2","0","","67","7","2021","3","39.984903","-75.123919","0001","6","0","0","0","0","0","1","0","0","","0","0","0","","","0","","1","","39 59:05.650","","0","75 07:26.108","0","0","0","0","67301","0","0","0","N","0","0","0","2","67301","0","","1.0","","1","N","N","N","0","","0","0","0","","3","","","2","0","0","0","0","0","0","2","0","2","","03","","N","","","","","","","","","",""
"2021071420","1209","0","0","0","0","0","0","0","0","0","4","0","","67","7","2021","6","39.994196","-75.111355","1209","6","0","0","0","0","0","0","1","0","","0","0","0","","","1","","1","","39 59:39.104","","0","75 06:40.879","3","0","0","1","67301","0","0","0","N","0","0","0","2","67301","0","","1.0","","1","N","N","N","0","","1","0","1","","2","","","2","1","0","0","0","0","0","2","0","2","","","","N","","","","","","","","","",""
"2021113159","1825","1","0","0","0","0","0","0","0","0","4","1","","67","11","2021","6","39.983387","-75.170267","1825","6","0","0","0","1","0","0","0","0","","0","1","0","","","2","","1","","39 59:00.193","","0","75 10:12.961","4","0","0","0","67301","0","0","0","N","0","0","0","2","67301","2","","1.0","","1","N","N","N","0","","0","0","1","","2","","","3","2","0","0","0","0","0","2","0","3","","03","","N","","","","","","","","","",""
"2021114759","1809","2","0","0","0","0","0","0","0","0","1","0","","67","11","2021","1","40.025824","-75.028214","1803","6","0","0","0","0","0","0","0","0","","0","0","0","","","1","N","0","","40 01:32.966","","0","75 01:41.572","8","0","0","0","67301","0","0","0","N","0","0","0","2","68K01","0","","1.0","","1","N","N","N","0","","0","0","0","","0","","","2","1","0","0","0","1","1","2","0","2","","","","N","","","","","","","","","",""
"2021074716","1404","2","0","0","0","0","0","0","0","0","4","0","","67","7","2021","4","39.961015","-75.232832","1404","6","0","0","0","0","0","0","0","0","","0","0","0","","","1","","1","","39 57:39.654","","1","75 13:58.195","4","0","0","0","67301","0","0","0","N","0","0","0","3","67301","1","","1.0","","1","N","N","N","0","","0","0","2","","2","","","4","1","0","0","0","0","0","2","0","4","","03","","N","","","","","","","","","",""
"2021073626","0300","1","0","0","0","0","0","0","0","0","7","0","","67","8","2021","7","40.043924","-75.088885","0243","6","0","0","0","0","0","0","0","0","","0","0","0","","","0","N","0","","40 02:38.126","","0","75 05:19.985","0","0","0","0","67301","0","0","0","N","0","0","0","1","67301","0","","5.0","","1","N","N","N","0","","0","0","0","","0","","","1","0","0","0","0","0","0","2","0","1","","03","","N","","","","","","","","","",""
"2021070353","1426","2","0","0","0","0","0","0","0","0","5","0","","67","7","2021","1","40.060906","-75.080597","1418","6","0","0","0","0","0","1","0","0","","0","0","0","","","1","N","0","","40 03:39.260","2","0","75 04:50.150","8","0","0","0","67301","0","0","0","N","0","0","0","1","67301","0","","6.0","1505.0","1","N","N","N","0","","0","0","1","","0","Y","","3","1","0","0","0","1","0","2","0","3","","","","N","","","","","","","","","",""
"2021072756","1407","1","0","0","0","0","0","0","0","0","6","0","","67","7","2021","5","40.055944","-75.147311","1406","6","0","0","0","0","0","0","0","0","","0","0","0","","","0","N","0","","40 03:21.400","","0","75 08:50.320","0","0","0","0","67301","0","0","0","N","0","0","0","1","67301","0","","6.0","","1","N","N","N","0","","0","0","3","","0","","","4","0","0","0","0","0","0","2","0","4","","","","N","","","","","","","","","",""
"2021071783","2254","2","0","0","0","0","0","0","0","0","4","0","","67","8","2021","2","40.050408","-75.184565","2254","6","0","1","0","0","0","0","0","0","","0","0","0","","","1","","3","","40 03:01.467","","0","75 11:04.434","3","0","0","0","67301","0","0","0","N","0","0","0","2","67301","0","","1.0","","1","N","N","Y","0","","1","0","1","","3","","","3","1","0","0","0","0","0","2","0","3","","03","","N","","","","","","","","","",""
"2021070358","1813","2","0","0","0","0","0","0","0","0","4","0","","67","7","2021","3","40.056751","-75.060779","1811","6","0","0","0","0","1","0","0","0","","0","0","0","","","2","","1","","40 03:24.303","2","0","75 03:38.803","3","0","0","0","67301","0","0","0","N","0","0","0","2","67301","1","","1.0","100.0","1","N","N","N","0","","1","0","0","","2","N","","2","2","0","0","0","0","0","2","0","2","","03","","N","","","","","","","","","",""
"2021114231","2233","0","0","0","0","0","0","0","0","0","7","0","","67","11","2021","3","39.977168","-75.112491","2225","6","0","0","0","0","0","0","0","0","","0","0","0","","","2","N","0","","39 58:37.806","1","0","75 06:44.967","4","0","0","0","67301","0","0","0","N","0","0","0","2","68K01","2","","4.0","1045.0","1","N","N","N","0","","0","0","1","","0","N","","1","2","0","0","0","0","0","2","0","1","","","","N","","","","","","","","","",""
"2021072624","0338","4","0","0","0","0","0","0","0","0","1","0","","67","8","2021","2","39.956586","-75.152396","0330","6","0","0","0","0","0","1","0","1","","0","0","0","","","0","","5","","39 57:23.708","5","2","75 09:08.624","0","0","0","0","67301","0","0","0","N","0","0","0","4","67301","0","","1.0","445.0","1","N","N","N","0","","0","0","0","","2","N","","4","0","0","0","0","0","0","2","0","4","","03","","N","","","","","","","","","",""
"2021070961","0243","0","0","0","0","0","0","0","0","0","1","0","","67","7","2021","6","40.045633","-75.071491","0242","6","0","0","0","0","0","1","0","0","","0","0","0","","","0","","1","","40 02:44.278","2","0","75 04:17.368","0","0","0","0","67301","0","0","0","N","0","0","0","2","67301","0","","1.0","408.0","1","N","N","N","0","","0","0","2","","2","N","","2","0","0","0","0","0","0","2","0","2","","","","N","","","","","","","","","",""
"2021060511","2058","0","0","0","0","0","0","0","0","0","0","1","35","67","6","2021","2","39.955536","-75.148171","2000","6","0","0","0","0","0","1","0","0","","0","1","0","","","1","N","0","","39 57:19.931","4","2","75 08:53.415","3","0","0","0","67301","0","0","0","N","0","0","0","1","67501","0","","1.0","136.0","1","N","N","N","0","","1","0","0","","0","N","","1","1","0","0","0","0","0","2","0","1","","","Y","Y","5","1","","","N","Y","","","","N"
"2021114219","1107","1","0","0","0","0","0","0","0","0","1","0","","67","10","2021","3","39.947066","-75.187846","1055","6","0","0","0","0","0","0","1","0","","0","1","0","","","3","N","0","","39 56:49.439","4","0","75 11:16.247","3","0","0","0","67301","0","0","0","N","0","0","0","5","68K01","2","","1.0","1120.0","1","N","N","N","0","","1","0","1","","0","N","","3","3","0","0","0","0","0","2","0","3","","","","N","","","","","","","","","",""
"2021070528","0026","2","0","0","0","0","0","0","0","0","5","0","","67","7","2021","1","39.972311","-75.144533","0022","6","0","0","0","0","0","0","0","0","","0","0","0","","","0","N","0","","39 58:20.320","1","0","75 08:40.320","0","0","0","0","67301","0","0","0","N","0","0","0","1","67301","0","","6.0","110.0","1","N","N","N","0","","0","0","1","","0","Y","","3","0","0","0","0","0","0","2","0","3","","","","N","","","","","","","","","",""
"2021035533","0810","0","0","0","0","0","0","0","0","0","4","0","","67","4","2021","2","39.883695","-75.251582","0805","6","0","0","0","0","0","0","0","0","","0","0","0","","","0","","2","","39 53:01.302","","2","75 15:05.694","0","0","0","0","67301","0","0","0","N","0","0","0","2","67301","0","","1.0","","1","N","N","N","1","","0","0","1","","1","","","2","0","2","0","0","0","0","2","0","2","","03","","N","","","","","","","","","",""
"2021072968","1505","3","0","0","0","0","0","0","0","0","5","0","","67","8","2021","3","40.021132","-75.113199","1500","6","0","0","0","0","0","0","0","0","","0","0","0","","","0","N","0","","40 01:16.074","","0","75 06:47.515","9","0","0","0","67301","0","0","0","N","0","0","0","1","67301","0","","6.0","","1","N","N","N","0","","0","0","0","","0","","","3","0","0","0","0","0","1","2","0","3","","03","","N","","","","","","","","","",""
"2021070078","2215","0","0","0","0","0","0","0","0","0","4","0","","67","7","2021","4","39.978376","-75.155714","2212","6","0","0","0","1","0","0","0","0","","0","0","0","","","0","","1","","39 58:42.153","3","0","75 09:20.570","0","0","0","0","67301","0","0","0","N","0","0","0","3","67505","0","","1.0","2230.0","1","N","N","N","1","","0","0","1","","2","N","","2","0","0","0","0","0","0","2","0","2","","03","","N","","","","","","","","","",""
"2021035576","1217","2","0","0","0","0","0","0","0","0","4","0","","67","4","2021","4","39.961941","-75.246971","1214","6","0","0","0","0","0","0","0","0","","0","0","0","","","2","","2","","39 57:42.989","","0","75 14:49.095","4","0","0","0","67301","0","0","0","N","0","0","0","3","67301","2","","1.0","","1","N","N","N","0","","0","0","0","","3","","","2","2","0","0","0","0","0","2","0","2","","04","","N","","","","","","","","","",""
"2021061911","0312","1","0","0","0","0","0","0","0","0","2","0","","67","7","2021","2","39.977782","-75.150998","0310","6","0","0","0","0","0","1","0","0","","0","0","0","","","1","","1","","39 58:40.016","","0","75 09:03.593","8","0","0","0","67301","0","0","0","N","0","0","0","2","67505","0","","1.0","","1","N","N","N","0","","0","0","1","","2","","","2","1","0","0","0","1","0","2","0","2","","03","","N","","","","","","","","","",""
"2021070508","1723","0","0","0","0","0","0","0","0","0","4","0","","67","7","2021","2","40.008649","-75.098428","1723","6","0","0","0","0","0","0","1","0","","0","0","0","","","1","","1","","40 00:31.138","","0","75 05:54.339","3","0","0","0","67301","0","0","0","N","0","0","0","3","67301","0","","1.0","","1","N","N","N","0","","1","0","2","","2","","","2","1","0","0","0","0","0","2","0","2","","03","","N","","","","","","","","","",""
"2021062505","0121","0","0","0","0","0","0","0","0","0","7","0","","67","7","2021","6","39.893341","-75.229586","0121","6","0","0","0","0","0","0","0","0","","0","0","0","","","0","N","0","","39 53:36.029","","0","75 13:46.510","0","0","0","0","67301","0","0","0","N","0","0","0","1","68K01","0","","4.0","","9","N","N","N","0","","0","0","1","","0","","","1","0","0","0","0","0","0","2","0","1","","07","","N","","","","","","","","","",""
"2021036190","0006","1","0","0","0","0","0","0","0","0","7","0","","67","4","2021","1","39.900846","-75.154109","0006","6","0","0","0","0","0","0","0","0","","0","0","0","","","1","N","0","","39 54:03.045","2","3","75 09:14.791","3","0","0","0","67301","0","0","0","N","0","0","0","2","68K01","0","","3.0","9.0","1","N","N","N","0","","1","0","0","","0","N","","1","1","0","0","0","0","0","2","0","1","","","","N","","","","","","","","","",""
"2021070451","0129","1","0","0","0","0","0","0","0","0","5","0","","67","7","2021","4","39.971266","-75.215511","0129","6","0","0","0","0","0","0","0","0","","0","0","0","","","0","N","0","","39 58:16.557","","0","75 12:55.840","0","0","0","0","67301","0","0","0","N","0","0","0","1","67301","0","","6.0","","1","N","N","N","0","","0","0","0","","0","","","2","0","0","0","0","0","0","2","1","2","","","","N","","","","","","","","","",""
"2021035829","0014","0","0","0","0","0","0","0","0","0","7","0","","67","4","2021","5","39.978104","-75.111399","0008","6","0","0","0","0","0","0","0","0","","0","0","0","","","1","N","0","","39 58:41.175","2","3","75 06:41.038","3","0","0","0","67301","0","0","0","N","0","0","0","1","68K01","0","","2.0","30.0","1","N","N","N","0","","1","0","1","","0","N","","1","1","1","0","0","0","0","2","0","1","","","","N","","","","","","","","","",""
"2021114556","0040","1","0","0","0","0","0","0","0","0","5","1","","67","11","2021","4","40.033853","-75.100664","0039","6","0","0","0","0","0","0","0","0","","0","1","0","","","1","N","0","","40 02:01.870","","0","75 06:02.390","3","0","0","0","67301","0","0","0","N","0","0","0","1","67301","0","","1.0","","1","N","N","N","0","","1","0","0","","0","","","2","1","1","0","0","0","0","2","0","2","","","","N","","","","","","","","","",""
"2021113563","0820","1","0","0","0","0","0","0","0","0","7","0","","67","11","2021","1","39.988708","-75.161225","0815","6","0","0","0","0","0","0","0","0","","0","0","0","","","0","N","0","","39 59:19.350","1","0","75 09:40.410","0","0","0","0","67301","0","0","0","N","0","0","0","0","67301","0","","5.0","1000.0","1","N","N","N","0","","0","0","0","","0","Y","","1","0","0","0","0","0","0","2","0","1","","","","N","","","","","","","","","",""
"2021113507","1820","1","0","0","0","0","0","0","0","0","1","0","","67","11","2021","3","39.967127","-75.132969","1813","6","0","0","0","0","0","0","0","0","","0","0","0","","","1","N","0","","39 58:01.657","1","0","75 07:58.690","3","0","0","0","67301","0","0","0","N","0","0","0","3","68K01","0","","1.0","1840.0","1","N","N","N","1","","1","0","0","","0","N","","2","1","0","0","0","0","0","2","0","2","","03","","N","","","","","","","","","",""
"2021035604","1002","1","0","0","0","0","0","0","0","0","2","0","","67","4","2021","2","40.014917","-75.146583","0956","6","0","0","0","0","0","0","0","0","","0","0","0","","","1","N","0","","40 00:53.700","","0","75 08:47.700","3","0","0","0","67301","0","0","0","N","0","0","0","3","67301","0","","6.0","","1","N","N","N","1","","1","0","0","","0","","","2","1","0","0","0","0","2","2","0","2","","","","N","","","","","","","","","",""
"2021104838","","1","0","0","0","0","0","0","0","0","1","0","","67","6","2021","3","39.94882","-75.185491","","6","0","0","0","0","0","0","1","0","","0","0","0","","","1","N","0","","39 56:55.751","","0","75 11:07.767","4","0","0","0","67301","0","0","0","N","0","0","0","3","00000","1","","1.0","","1","N","N","N","0","","0","0","1","","0","","","2","1","0","0","0","0","0","2","0","2","","","","N","","","","","","","","","",""
"2021070857","1419","0","0","0","0","0","0","0","0","0","1","0","","67","7","2021","5","39.946078","-75.242072","1418","6","0","0","0","0","0","1","0","0","","0","0","0","","","1","","1","","39 56:45.881","","0","75 14:31.459","3","0","0","0","67301","0","0","0","N","0","0","0","3","67301","0","","1.0","","1","N","N","N","0","","1","0","1","","2","","","2","1","0","0","0","0","0","2","1","2","","03","","N","","","","","","","","","",""
"2021070377","1240","1","0","0","0","0","0","0","0","0","8","0","","67","7","2021","3","39.949503","-75.157181","1231","6","0","0","0","0","0","0","0","0","","0","0","0","","","1","N","0","","39 56:58.210","","0","75 09:25.850","3","0","0","0","67301","1","0","0","N","1","0","0","2","67301","0","","6.0","","1","N","N","N","0","","1","0","0","","0","","","2","1","0","0","0","0","0","2","0","1","","","","N","","","","","","","","","",""
"2021062317","1804","2","0","0","0","0","0","0","0","0","5","0","","67","6","2021","4","40.002041","-75.07832","1747","6","0","0","0","0","0","0","0","0","","0","0","0","","","2","N","0","","40 00:07.347","","0","75 04:41.951","8","0","0","0","67301","0","0","0","N","0","0","0","2","68K01","0","","1.0","","1","N","N","N","0","","0","0","0","","0","","","2","2","1","0","0","2","0","2","0","2","","","","N","","","","","","","","","",""
"2021117734","0110","1","0","0","0","0","0","0","0","0","1","0","","67","11","2021","7","39.968943","-75.127941","0056","6","0","0","0","0","1","1","0","0","","0","0","0","","","0","N","0","","39 58:08.195","2","0","75 07:40.588","9","0","0","0","67301","0","0","0","N","0","0","0","4","68K01","0","","1.0","110.0","1","N","N","N","0","","0","0","1","","0","N","","3","0","0","0","0","0","1","2","0","3","","","","N","","","","","","","","","",""
"2021036076","1640","0","0","0","0","0","0","0","0","0","8","0","","67","4","2021","6","39.997143","-75.14285","1630","6","0","0","0","0","0","0","0","0","","0","0","0","","","1","","1","","39 59:49.714","","0","75 08:34.260","3","0","0","0","67301","1","0","0","N","1","0","0","2","67301","0","","1.0","","1","N","N","N","0","","1","0","0","","3","","","2","1","0","0","0","0","0","2","1","1","","","","N","","","","","","","","","",""
"2021070355","0358","1","0","0","0","0","0","0","0","0","5","0","","67","7","2021","2","40.040499","-75.058879","0348","6","0","0","0","0","0","0","0","0","","0","0","0","","","1","","1","","40 02:25.798","","0","75 03:31.964","8","0","0","0","67301","0","0","0","N","0","0","0","2","67301","0","","1.0","","1","N","N","N","1","","0","0","0","","2","","","2","1","0","0","0","1","0","2","0","2","","03","","N","","","","","","","","","",""
"2021114755","0231","1","0","0","0","0","0","0","0","0","7","0","","67","11","2021","1","39.977984","-75.201917","0226","6","0","0","0","0","0","0","0","0","","0","0","0","","","0","N","0","","39 58:40.743","3","0","75 12:06.900","0","0","0","0","67301","0","0","0","N","0","0","0","1","68K01","0","","4.0","255.0","1","N","N","N","0","","0","0","0","","0","N","","1","0","0","0","0","0","0","2","0","1","","","","N","","","","","","","","","",""
"2021064186","0039","1","0","0","0","0","0","0","0","0","8","0","","67","7","2021","1","40.05501","-75.090298","0039","6","0","0","0","0","0","0","0","0","","0","0","0","","","2","N","0","","40 03:18.037","","0","75 05:25.071","2","0","0","0","67301","2","0","1","N","2","0","1","3","67301","0","","1.0","","1","N","N","N","0","","1","1","0","","9","U","","3","2","0","0","0","0","1","2","0","1","","","","N","","","","","","","","","",""
"2021113446","1850","1","0","0","0","0","0","0","0","0","1","0","","67","11","2021","6","40.059587","-75.009123","1846","6","0","0","0","0","0","0","2","0","","0","0","0","","","3","N","0","","40 03:34.512","","0","75 00:32.843","3","0","0","0","67301","0","0","0","N","0","0","0","6","67301","2","","1.0","","1","N","N","Y","0","","1","0","2","","2","","","3","3","0","0","0","0","0","2","0","3","","","","N","","","","","","","","","",""
"2021077507","1530","1","0","0","0","0","0","0","0","0","1","0","","67","7","2021","4","40.020555","-75.156397","1518","6","0","0","0","0","0","0","0","0","","0","0","0","","","2","N","0","","40 01:13.998","","0","75 09:23.030","3","0","0","0","67301","0","0","0","N","0","0","0","4","67301","0","","1.0","","1","N","N","N","0","","2","0","1","","0","","","3","2","0","0","0","0","0","2","0","3","","03","","N","","","","","","","","","",""
"2021070023","0524","0","0","0","0","0","0","0","0","0","7","0","45","67","7","2021","3","39.898183","-75.182813","0514","6","0","0","0","0","0","0","0","0","","0","0","0","","","0","N","0","","39 53:53.457","1","0","75 10:58.128","0","0","0","0","67301","0","0","0","N","0","0","0","1","68K01","0","","4.0","600.0","1","N","N","N","0","","0","0","1","","0","N","","1","0","0","0","0","0","0","2","0","1","","","N","Y","2","1","","","N","","","","Y","N"
"2021114221","1306","3","0","0","0","0","0","0","0","0","4","0","","67","10","2021","3","39.89469","-75.194359","1259","6","0","0","1","0","0","1","0","0","","0","0","0","","","0","N","0","","39 53:40.884","","3","75 11:39.692","0","0","0","0","67301","0","0","0","N","0","0","0","8","68K01","0","","1.0","","1","N","N","N","0","","0","0","1","","0","","","4","0","2","0","0","0","0","2","0","4","","","","N","","","","","","","","","",""
"2021038484","2052","1","0","0","0","0","0","0","0","0","4","0","","67","4","2021","6","40.008168","-75.142705","2050","6","0","0","0","0","0","1","0","0","","0","0","0","","","2","","1","","40 00:29.406","6","0","75 08:33.738","3","0","0","0","67301","0","0","0","N","0","0","0","3","67301","0","","1.0","2030.0","99","N","N","N","0","","2","0","1","","2","N","","3","2","0","0","0","0","0","2","1","3","","98","","N","","","","","","","","","",""
"2021118064","1823","0","0","0","0","0","0","0","0","0","1","0","","67","11","2021","2","39.967494","-75.132555","1808","6","0","0","0","0","0","1","0","0","","0","0","0","","","0","N","0","","39 58:02.980","","0","75 07:57.199","0","0","0","0","67301","0","0","0","N","0","0","0","2","68K01","0","","1.0","","1","N","N","N","0","","0","0","2","","0","","","2","0","0","0","0","0","0","2","0","2","","","","N","","","","","","","","","",""