"CRN","ARRIVAL_TM","AUTOMOBILE_COUNT","BELTED_DEATH_COUNT","BELTED_SUSP_SERIOUS_INJ_COUNT","BICYCLE_COUNT","BICYCLE_DEATH_COUNT","BICYCLE_SUSP_SERIOUS_INJ_COUNT","BUS_COUNT","CHLDPAS_DEATH_COUNT","CHLDPAS_SUSP_SERIOUS_INJ_COUNT","COLLISION_TYPE","COMM_VEH_COUNT","CONS_ZONE_SPD_LIM","COUNTY","CRASH_MONTH","CRASH_YEAR","DAY_OF_WEEK","DEC_LATITUDE","DEC_LONGITUDE","DISPATCH_TM","DISTRICT","DRIVER_COUNT_16YR","DRIVER_COUNT_17YR","DRIVER_COUNT_18YR","DRIVER_COUNT_19YR","DRIVER_COUNT_20YR","DRIVER_COUNT_50_64YR","DRIVER_COUNT_65_74YR","DRIVER_COUNT_75PLUS","EST_HRS_CLOSED","FATAL_COUNT","HEAVY_TRUCK_COUNT","HORSE_BUGGY_COUNT","HOUR_OF_DAY","ILLUMINATION","INJURY_COUNT","INTERSECTION_RELATED","INTERSECT_TYPE","LANE_CLOSED","LATITUDE","LN_CLOSE_DIR","LOCATION_TYPE","LONGITUDE","MAX_SEVERITY_LEVEL","MCYCLE_DEATH_COUNT","MCYCLE_SUSP_SERIOUS_INJ_COUNT","MOTORCYCLE_COUNT","MUNICIPALITY","NONMOTR_COUNT","NONMOTR_DEATH_COUNT","NONMOTR_SUSP_SERIOUS_INJ_COUNT","NTFY_HIWY_MAINT","PED_COUNT","PED_DEATH_COUNT","PED_SUSP_SERIOUS_INJ_COUNT","PERSON_COUNT","POLICE_AGCY","POSSIBLE_INJ_COUNT","RDWY_SURF_TYPE_CD","RELATION_TO_ROAD","ROADWAY_CLEARED","ROAD_CONDITION","SCH_BUS_IND","SCH_ZONE_IND","SECONDARY_CRASH","SMALL_TRUCK_COUNT","SPEC_JURIS_CD","SUSP_MINOR_INJ_COUNT","SUSP_SERIOUS_INJ_COUNT","SUV_COUNT","TCD_FUNC_CD","TCD_TYPE","TFC_DETOUR_IND","TIME_OF_DAY","TOTAL_UNITS","TOT_INJ_COUNT","UNBELTED_OCC_COUNT","UNB_DEATH_COUNT","UNB_SUSP_SERIOUS_INJ_COUNT","UNK_INJ_DEG_COUNT","UNK_INJ_PER_COUNT","URBAN_RURAL","VAN_COUNT","VEHICLE_COUNT","WEATHER1","WEATHER2","WORKERS_PRES","WORK_ZONE_IND","WORK_ZONE_LOC","WORK_ZONE_TYPE","WZ_CLOSE_DETOUR","WZ_FLAGGER","WZ_LAW_OFFCR_IND","WZ_LN_CLOSURE","WZ_MOVING","WZ_OTHER","WZ_SHLDER_MDN","WZ_WORKERS_INJ_KILLED"
"2021082408","1900","0","0","0","0","0","0","0","0","0","7","0","45","67","7","2021","5","40.020829","-75.04271","1835","6","0","0","0","0","0","0","0","0","","0","0","0","","","1","N","0","","40 01:14.983","2","0","75 02:33.757","3","0","0","0","67301","0","0","0","N","0","0","0","1","68K01","0","","4.0","1925.0","1","N","N","N","0","","1","0","0","","8","N","","1","1","0","0","0","0","0","2","1","1","","","N","Y","3","1","","","N","Y","","","Y","N"
"2021073693","1008","2","0","0","0","0","0","0","0","0","4","0","","67","8","2021","7","39.932592","-75.181344","1003","6","0","0","0","0","0","2","0","0","","0","0","0","","","0","","5","","39 55:57.332","","0","75 10:52.838","0","0","0","0","67301","0","0","0","N","0","0","0","3","67301","0","","1.0","","1","N","N","N","0","","0","0","0","","3","","","2","0","0","0","0","0","0","2","0","2","","03","","N","","","","","","","","","",""
"2021070828","0650","0","0","0","0","0","0","0","0","0","8","0","","67","7","2021","5","39.981519","-75.224064","0627","6","0","0","0","0","0","0","0","0","","0","0","0","","","1","","1","","39 58:53.467","","0","75 13:26.630","8","0","0","0","67301","1","0","0","N","1","0","0","2","67301","0","","2.0","","1","N","N","N","0","","0","0","0","","3","","","2","1","0","0","0","1","0","2","0","1","","","","N","","","","","","","","","",""
"2021071750","1650","1","0","0","0","0","0","0","0","0","1","0","","67","8","2021","2","40.009757","-75.089452","1640","6","0","0","0","0","0","1","0","0","","0","0","0","","","1","N","0","","40 00:35.124","","0","75 05:22.026","3","0","0","0","67301","0","0","0","N","0","0","0","2","67301","0","","1.0","","1","N","N","N","0","","1","0","0","","0","","","2","1","2","0","0","0","0","2","1","2","","03","","N","","","","","","","","","",""
"2021035537","1113","1","0","0","0","0","0","0","0","0","4","0","","67","4","2021","5","39.936711","-75.227179","1111","6","0","0","0","0","0","0","1","0","","0","0","0","","","1","","1","","39 56:12.159","","0","75 13:37.844","3","0","0","0","67301","1","0","0","N","1","0","0","3","67301","0","","1.0","","1","N","N","N","0","","1","0","1","","2","","","3","1","1","0","0","0","0","2","0","2","","04","","N","","","","","","","","","",""
"2021113511","0759","1","0","0","0","0","0","0","0","0","5","1","","67","11","2021","2","39.956977","-75.152609","0750","6","0","0","0","0","0","2","0","0","","0","1","0","","","0","N","0","","39 57:25.118","","0","75 09:09.393","0","0","0","0","67301","0","0","0","N","0","0","0","3","68K01","0","","1.0","","1","N","N","N","0","","0","0","1","","0","","","3","0","0","0","0","0","0","2","0","3","","","","N","","","","","","","","","",""
"2021035573","1242","1","0","0","0","0","0","0","0","0","4","0","","67","4","2021","7","39.938656","-75.173175","1238","6","0","0","0","0","1","0","0","0","","0","0","0","","","0","","1","","39 56:19.161","","0","75 10:23.429","0","0","0","0","67301","0","0","0","N","0","0","0","2","67301","0","","1.0","","1","N","N","N","0","","0","0","1","","2","","","2","0","0","0","0","0","0","2","0","2","","","","N","","","","","","","","","",""
"2021036339","2120","2","0","0","0","0","0","0","0","0","1","0","","67","4","2021","4","40.008164","-75.191374","2115","6","0","0","0","0","0","0","0","0","","0","0","0","","","2","N","0","","40 00:29.390","2","3","75 11:28.947","8","0","0","0","67301","0","0","0","N","0","0","0","3","67301","0","","1.0","2135.0","1","N","N","N","0","","0","0","1","","0","Y","","3","2","0","0","0","2","0","2","0","3","","03","","N","","","","","","","","","",""
"2021035615","1943","1","0","0","0","0","0","0","0","0","2","0","","67","4","2021","4","40.029231","-75.135838","1943","6","0","0","0","0","0","0","0","0","","0","0","0","","","0","","2","","40 01:45.231","","0","75 08:09.016","0","0","0","0","67301","0","0","0","N","0","0","0","2","67301","0","","1.0","","99","N","N","N","0","","0","0","2","","0","","","3","0","0","0","0","0","0","2","0","3","","","","N","","","","","","","","","",""
"2021070366","0120","1","0","0","1","0","0","0","0","0","8","0","","67","7","2021","3","39.93418","-75.158209","0115","6","0","0","0","0","0","0","0","0","","0","0","0","","","1","","1","","39 56:03.049","","0","75 09:29.554","4","0","0","0","67301","1","0","0","N","0","0","0","2","67301","1","","1.0","","1","N","N","N","0","","0","0","0","","3","","","2","1","1","0","0","0","0","2","0","1","","03","","N","","","","","","","","","",""
"2021063632","1135","1","0","0","0","0","0","0","0","0","1","0","","67","7","2021","1","39.966787","-75.134892","1129","6","0","0","0","0","0","0","0","0","","0","0","0","","","4","N","0","","39 58:00.434","2","0","75 08:05.610","3","0","0","0","67301","0","0","0","N","0","0","0","4","68K01","0","","1.0","1140.0","1","N","N","N","0","","4","0","1","","0","N","","2","4","0","0","0","0","0","2","0","2","","","","N","","","","","","","","","",""
"2021070760","1936","2","0","0","0","0","0","0","0","0","6","0","","67","7","2021","4","40.009961","-75.108381","1935","6","0","0","0","0","0","0","0","0","","0","0","0","","","1","","1","","40 00:35.858","6","0","75 06:30.170","4","0","0","0","67301","0","0","0","N","0","0","0","2","67301","1","","1.0","2035.0","1","N","N","N","0","","0","0","0","","3","N","","2","1","0","0","0","0","1","2","0","2","","","","N","","","","","","","","","",""
"2021078299","0302","2","0","0","0","0","0","0","0","0","4","0","","67","7","2021","7","39.957208","-75.227482","0300","6","0","0","0","0","0","0","0","0","","0","0","0","","","1","","1","","39 57:25.949","","0","75 13:38.934","3","0","0","0","67301","0","0","0","N","0","0","0","2","67301","0","","1.0","","1","N","N","N","0","","1","0","1","","2","","","3","1","1","0","0","0","1","2","0","3","","03","","N","","","","","","","","","",""
"2021065464","2349","1","0","0","0","0","0","0","0","0","7","0","","67","7","2021","2","39.995341","-75.197854","2344","6","0","0","1","0","0","0","0","0","","0","0","0","","","3","N","0","","39 59:43.227","","0","75 11:52.276","3","0","0","0","67301","0","0","0","N","0","0","0","4","68K01","0","","4.0","","1","N","N","N","0","","3","0","0","","0","","","1","3","0","0","0","0","0","2","0","1","","","","N","","","","","","","","","",""
"2021063480","1455","0","0","0","0","0","0","0","0","0","5","0","","67","6","2021","6","39.91022","-75.149146","1455","6","0","0","0","1","0","0","0","0","","0","0","0","","","0","N","0","","39 54:36.793","2","0","75 08:56.927","0","0","0","0","67301","0","0","0","N","0","0","0","3","68K01","0","","1.0","130.0","1","N","N","N","0","","0","0","3","","0","Y","","3","0","0","0","0","0","0","2","0","3","","03","","N","","","","","","","","","",""
"2021114707","1850","1","0","0","0","0","0","0","0","0","1","0","","67","10","2021","7","39.958721","-75.169614","1850","6","0","0","0","0","0","0","0","0","","0","0","0","","","0","N","0","","39 57:31.397","","0","75 10:10.612","0","0","0","0","67301","0","0","0","N","0","0","0","2","68K01","0","","1.0","","1","N","N","N","0","","0","0","1","","0","","","2","0","0","0","0","0","0","2","0","2","","03","","N","","","","","","","","","",""
"2021113578","0310","1","0","0","0","0","0","0","0","0","7","0","","67","11","2021","1","39.966797","-75.216725","0302","6","0","0","0","0","0","0","0","0","","0","0","0","","","0","N","0","","39 58:00.470","","0","75 13:00.210","0","0","0","0","67301","0","0","0","N","0","0","0","2","67301","0","","9.0","","1","N","N","N","0","","0","0","2","","0","","","3","0","0","0","0","0","0","2","0","3","","03","","N","","","","","","","","","",""
"2021062322","1636","1","0","0","0","0","0","0","0","0","7","0","","67","7","2021","5","40.013094","-75.057891","1550","6","0","0","0","0","0","0","0","0","","0","0","0","","","1","N","0","","40 00:47.140","","0","75 03:28.407","8","0","0","0","67301","0","0","0","N","0","0","0","1","68K01","0","","4.0","","1","N","N","N","0","","0","0","0","","0","","","1","1","0","0","0","1","0","2","0","1","","","","N","","","","","","","","","",""
"2021070367","0735","0","0","0","0","0","0","0","0","0","4","0","","67","7","2021","3","39.923132","-75.169882","0730","6","0","0","0","0","0","0","0","0","","0","0","0","","","0","","1","","39 55:23.275","","0","75 10:11.576","0","0","0","0","67301","0","0","0","N","0","0","0","2","67301","0","","1.0","","1","N","N","N","0","","0","0","1","","1","","","2","0","2","0","0","0","0","2","1","2","","03","","N","","","","","","","","","",""
"2021071370","1236","1","0","0","0","0","0","0","0","0","5","0","","67","8","2021","1","39.921336","-75.165742","1235","6","0","0","0","0","0","0","0","0","","0","0","0","","","0","N","0","","39 55:16.810","","0","75 09:56.670","0","0","0","0","67301","0","0","0","N","0","0","0","1","67301","0","","6.0","","1","N","N","N","0","","0","0","3","","0","","","5","0","0","0","0","0","0","2","1","5","","03","","N","","","","","","","","","",""
"2021037383","2030","1","0","0","0","0","0","0","0","0","2","0","","67","4","2021","6","39.968861","-75.247583","2030","6","0","0","0","0","0","0","0","0","","0","0","0","","","1","N","0","","39 58:07.900","","0","75 14:51.300","3","0","0","0","67301","0","0","0","N","0","0","0","1","67301","0","","6.0","","1","N","N","N","0","","1","0","0","","0","","","2","1","0","0","0","0","0","2","1","2","","03","","N","","","","","","","","","",""
"2021115276","1610","1","0","0","0","0","0","0","0","0","4","0","","67","11","2021","5","40.063974","-75.059602","1558","6","0","0","0","0","0","1","1","0","","0","0","0","","","0","","1","","40 03:50.306","","0","75 03:34.568","0","0","0","0","67301","0","0","0","N","0","0","0","3","67301","0","","1.0","","1","N","N","N","1","","0","0","0","","3","","","2","0","0","0","0","0","0","2","0","2","","03","","N","","","","","","","","","",""
"2021077508","1812","1","0","0","0","0","0","0","0","0","4","0","","67","7","2021","4","40.009067","-75.173294","1801","6","0","0","0","0","0","0","0","0","","0","0","0","","","1","N","0","","40 00:32.640","","7","75 10:23.860","8","0","0","1","67301","0","0","0","N","0","0","0","3","67301","0","","1.0","","1","N","N","N","0","","0","0","0","","0","","","2","1","0","0","0","1","1","2","0","2","","","","N","","","","","","","","","",""
"2021115661","0429","2","0","0","0","0","0","0","0","0","1","0","","67","11","2021","6","39.981447","-75.102009","0420","6","0","0","0","0","0","0","0","0","","0","0","0","","","2","N","0","","39 58:53.208","1","0","75 06:07.232","3","0","0","0","67301","0","0","0","N","0","0","0","2","68K01","0","","1.0","430.0","1","N","N","N","0","","2","0","0","","0","N","","2","2","2","0","0","0","0","2","0","2","","03","","N","","","","","","","","","",""
"2021070354","0117","1","0","0","0","0","0","0","0","0","7","0","","67","7","2021","2","40.049938","-75.058053","0115","6","0","0","0","0","0","0","0","0","","0","0","0","","","0","N","0","","40 02:59.777","","0","75 03:28.989","0","0","0","0","67301","0","0","0","N","0","0","0","3","67301","0","","4.0","","1","N","N","N","0","","0","0","0","","0","","","1","0","0","0","0","0","0","2","0","1","","03","","N","","","","","","","","","",""
"2021070352","1110","1","0","0","0","0","0","0","0","0","4","0","","67","7","2021","1","40.057509","-75.051792","1058","6","0","0","0","0","0","1","0","1","","0","0","0","","","1","","1","","40 03:27.032","3","0","75 03:06.451","8","0","0","0","67301","0","0","0","N","0","0","0","3","67301","0","","1.0","1145.0","1","N","N","N","1","","0","0","1","","3","N","","3","1","0","0","0","1","0","2","0","3","","","","N","","","","","","","","","",""
"2021114037","2051","0","0","0","0","0","0","0","0","0","4","1","","67","11","2021","1","39.947708","-75.198621","2046","6","0","0","0","0","0","2","0","0","","0","0","0","","","1","","2","","39 56:51.748","1","0","75 11:55.037","3","0","0","0","67301","0","0","0","N","0","0","0","2","67301","0","","1.0","2130.0","1","N","N","N","0","","1","0","1","","7","N","","2","1","0","0","0","0","0","2","0","2","","03","","N","","","","","","","","","",""
"2021072493","2130","1","0","0","0","0","0","0","0","0","4","0","","67","8","2021","3","39.970606","-75.24722","2128","6","0","0","0","0","0","0","0","0","","0","0","0","","","1","","1","","39 58:14.181","","0","75 14:49.991","8","0","0","0","67301","0","0","0","N","0","0","0","2","67301","0","","1.0","","1","N","N","N","0","","0","0","0","","3","","","2","1","0","0","0","1","1","2","0","2","","","","N","","","","","","","","","",""
"2021112981","2322","1","0","0","0","0","0","0","0","0","4","1","40","67","11","2021","5","40.020324","-75.153461","2318","6","0","0","0","0","0","1","0","0","","0","1","0","","","2","N","0","","40 01:13.168","5","0","75 09:12.459","3","0","0","0","67301","0","0","0","N","0","0","0","2","67301","0","","1.0","240.0","1","N","N","N","1","","2","0","0","","8","Y","","3","2","0","0","0","0","0","2","0","3","","03","Y","Y","4","1","N","N","Y","Y","N","N","Y","Y"
"2021104953","","0","0","0","0","0","0","0","0","0","1","0","","67","4","2021","4","40.051193","-75.066138","","6","0","0","0","0","0","0","0","0","","0","0","0","","","3","","1","","40 03:04.296","","0","75 03:58.096","2","0","0","0","67301","0","0","0","N","0","0","0","4","00000","0","","1.0","","1","N","N","N","0","","0","3","0","","2","","","2","3","0","0","0","0","0","2","0","2","","","","N","","","","","","","","","",""
"2021070332","1017","0","0","0","0","0","0","0","0","0","4","0","","67","7","2021","3","39.918098","-75.180885","1017","6","0","0","0","0","0","0","0","0","","0","0","0","","","2","","1","","39 55:05.152","6","0","75 10:51.186","2","0","0","0","67301","0","0","0","N","0","0","0","2","67301","0","","1.0","1200.0","1","N","N","N","0","","1","1","2","","2","Y","","2","2","0","0","0","0","0","2","0","2","","","","N","","","","","","","","","",""
"2021036782","0918","1","0","0","0","0","0","0","0","0","1","0","","67","4","2021","5","40.097558","-75.030542","0845","6","0","0","0","0","0","1","0","0","","0","0","0","","","1","N","0","","40 05:51.209","","0","75 01:49.951","4","0","0","0","67301","0","0","0","N","0","0","0","2","67301","1","","1.0","","1","N","N","N","1","","0","0","0","","0","","","2","1","2","0","0","0","0","2","0","2","","03","","N","","","","","","","","","",""
"2021072759","1350","2","0","0","0","0","0","0","0","0","2","0","","67","8","2021","1","40.050217","-75.127471","1342","6","0","0","0","0","0","1","0","0","","0","0","0","","","1","","1","","40 03:00.781","2","0","75 07:38.895","3","0","0","0","67301","0","0","0","N","0","0","0","2","67301","0","","1.0","1400.0","9","N","N","N","0","","1","0","0","","2","Y","","2","1","0","0","0","0","0","2","0","2","","04","","N","","","","","","","","","",""
"2021070441","1655","1","0","0","0","0","0","0","0","0","4","0","","67","7","2021","1","40.02653","-75.097542","1650","6","0","0","0","0","0","0","0","0","","0","0","0","","","0","","1","","40 01:35.508","","0","75 05:51.151","9","0","0","0","67301","0","0","0","N","0","0","0","2","67301","0","","1.0","","1","N","N","N","0","","0","0","1","","2","","","2","0","0","0","0","0","1","2","0","2","","03","","N","","","","","","","","","",""
"2021073654","2351","0","0","0","0","0","0","0","0","0","7","0","","67","8","2021","5","40.075617","-75.233811","2341","6","0","0","0","0","0","0","0","0","","0","0","0","","","2","N","0","","40 04:32.220","","0","75 14:01.720","8","0","0","0","67301","0","0","0","N","0","0","0","2","67301","0","","4.0","","1","N","N","N","0","","0","0","1","","0","","","1","2","0","0","0","2","0","2","0","1","","03","","N","","","","","","","","","",""
"2021036337","1248","2","0","0","0","0","0","0","0","0","5","0","","67","4","2021","5","39.992259","-75.154981","1244","6","0","0","0","0","0","0","0","0","","0","0","0","","","0","N","0","","39 59:32.134","","0","75 09:17.931","0","0","0","0","67301","0","0","0","N","0","0","0","1","67301","0","","6.0","","1","N","N","N","0","","0","0","2","","0","","","4","0","1","0","0","0","0","2","0","4","","","","N","","","","","","","","","",""
"2021113664","0510","1","0","0","0","0","0","0","0","0","7","0","35","67","11","2021","3","40.018629","-75.166501","0458","6","0","0","0","0","0","0","0","0","","0","0","0","","","0","N","0","","40 01:07.064","2","0","75 09:59.405","0","0","0","0","67301","0","0","0","N","0","0","0","1","67301","0","","2.0","745.0","2","N","N","Y","0","","0","0","0","","0","N","","1","0","0","0","0","0","0","2","0","1","","03","N","Y","4","1","N","N","N","Y","N","N","N","N"
"2021070505","0847","2","0","0","0","0","0","0","0","0","4","0","","67","7","2021","1","40.007072","-75.108992","0843","6","0","0","0","0","0","0","0","0","","0","0","0","","","0","N","0","","40 00:25.460","","0","75 06:32.370","0","0","0","0","67301","0","0","0","N","0","0","0","2","67301","0","","1.0","","1","N","N","N","0","","0","0","0","","0","","","2","0","0","0","0","0","0","2","0","2","","98","","N","","","","","","","","","",""
"2021064413","1550","2","0","0","0","0","0","0","0","0","4","0","","67","7","2021","7","40.024314","-75.161267","1546","6","0","0","0","0","0","0","1","0","","0","0","0","","","1","","1","","40 01:27.530","","0","75 09:40.561","3","0","0","0","67301","0","0","0","N","0","0","0","2","67301","0","","1.0","","9","N","N","N","0","","1","0","0","","3","","","3","1","0","0","0","0","1","2","0","3","","07","","N","","","","","","","","","",""
"2021071453","1315","1","0","0","0","0","0","0","0","0","4","0","","67","7","2021","6","40.003165","-75.152455","1311","6","0","0","0","0","0","0","1","0","","0","0","0","","","1","","5","","40 00:11.393","","0","75 09:08.837","8","0","0","1","67301","0","0","0","N","0","0","0","2","67505","0","","1.0","","1","N","N","N","0","","0","0","0","","0","","","2","1","1","0","0","1","0","2","0","2","","03","","N","","","","","","","","","",""
"2021114748","0103","0","0","0","0","0","0","0","0","0","1","0","","67","11","2021","7","39.925215","-75.193399","0054","6","0","0","0","0","0","0","0","0","","0","1","0","","","2","N","0","","39 55:30.775","4","0","75 11:36.237","8","0","0","0","67301","0","0","0","N","0","0","0","3","68K01","0","","1.0","130.0","1","N","N","N","0","","0","0","1","","0","N","","2","2","0","0","0","2","1","2","0","2","","","","N","","","","","","","","","",""
"2021072760","1416","2","0","0","0","0","0","0","0","0","4","0","","67","8","2021","3","40.040711","-75.158406","1415","6","0","0","0","1","0","0","0","0","","0","0","0","","","2","","2","","40 02:26.559","","0","75 09:30.261","4","0","0","0","67301","0","0","0","N","0","0","0","5","67301","2","","1.0","","1","N","N","N","0","","0","0","1","","3","","","3","2","0","0","0","0","0","2","0","3","","","","N","","","","","","","","","",""
"2021073842","2341","1","0","0","0","0","0","0","0","0","5","0","","67","8","2021","7","39.976879","-75.182964","2341","6","0","0","0","0","0","0","0","0","","0","0","0","","","1","N","0","","39 58:36.763","1","0","75 10:58.670","3","0","0","0","67301","0","0","0","N","0","0","0","1","67301","0","","6.0","2341.0","9","N","N","N","0","","1","0","3","","2","N","","5","1","1","0","0","0","0","2","1","5","","","","N","","","","","","","","","",""
"2021035526","1541","0","0","0","0","0","0","0","0","0","8","0","","67","4","2021","4","40.072142","-75.032961","1531","6","0","0","0","0","0","0","0","0","","0","0","0","","","1","","2","","40 04:19.712","4","0","75 01:58.660","8","0","0","0","67301","1","0","0","N","1","0","0","2","67301","0","","1.0","1627.0","1","N","N","N","0","","0","0","1","","2","Y","","2","1","0","0","0","1","1","2","0","1","","03","","N","","","","","","","","","",""
"2021070388","2158","1","0","0","0","0","0","0","0","0","6","0","","67","7","2021","3","40.054827","-74.984141","2150","6","0","0","0","0","0","1","0","0","","0","0","0","","","0","N","0","","40 03:17.377","6","1","74 59:02.909","9","0","0","0","67301","0","0","0","N","0","0","0","2","67301","0","","1.0","2326.0","1","N","N","N","0","","0","0","1","","0","N","","2","0","0","0","0","0","1","2","0","2","","03","","N","","","","","","","","","",""
"2021114744","1745","3","0","0","0","0","0","0","0","0","1","0","","67","11","2021","6","39.98264","-75.099443","1716","6","0","0","0","0","0","0","0","0","","0","0","0","","","0","N","0","","39 58:57.503","","0","75 05:57.993","0","0","0","0","67301","0","0","0","N","0","0","0","4","68K01","0","","1.0","","1","N","N","N","1","","0","0","0","","0","","","4","0","0","0","0","0","0","2","0","4","","","","N","","","","","","","","","",""
"2021073171","1155","0","0","0","0","0","0","0","0","0","8","0","","67","7","2021","2","39.95405","-75.17662","1150","6","0","0","0","0","0","0","0","0","","0","0","0","","","1","","1","","39 57:14.579","","0","75 10:35.833","8","0","0","0","67301","1","0","0","N","1","0","0","2","67301","0","","1.0","","1","N","N","N","0","","0","0","1","","2","","","2","1","0","0","0","1","0","2","0","1","","","","N","","","","","","","","","",""
"2021115033","0020","2","0","0","0","0","0","0","0","0","1","0","","67","11","2021","4","39.973237","-75.212226","0018","6","0","0","0","0","0","0","0","0","","0","0","0","","","1","","5","","39 58:23.653","","0","75 12:44.012","8","0","0","0","67301","0","0","0","N","0","0","0","2","67301","0","","1.0","","1","N","N","N","0","","0","0","0","","2","","","2","1","0","0","0","1","0","2","0","2","","03","","N","","","","","","","","","",""
"2021114226","0252","1","0","0","0","0","0","0","0","0","7","0","","67","10","2021","7","39.957186","-75.156694","0245","6","0","0","0","0","0","0","0","0","","0","0","0","","","0","N","0","","39 57:25.869","4","0","75 09:24.100","0","0","0","0","67301","0","0","0","N","0","0","0","2","68K01","0","","3.0","345.0","9","N","N","N","0","","0","0","0","","0","N","","1","0","0","0","0","0","0","2","0","1","","","","N","","","","","","","","","",""
"2021114114","2340","2","0","0","0","0","0","0","0","0","1","0","","67","11","2021","1","40.094253","-75.024475","2335","6","0","0","0","0","0","0","0","0","","0","0","0","","","0","N","0","","40 05:39.310","","0","75 01:28.110","0","0","0","0","67301","0","0","0","N","0","0","0","1","67301","0","","1.0","","1","N","N","N","0","","0","0","0","","0","","","2","0","0","0","0","0","0","2","0","2","","","","N","","","","","","","","","",""
"2021070560","0115","0","0","0","0","0","0","0","0","0","7","0","","67","7","2021","4","39.949973","-75.169311","0109","6","0","0","0","0","0","0","0","0","","0","0","0","","","0","N","0","","39 56:59.904","","0","75 10:09.520","0","0","0","0","67301","0","0","0","N","0","0","0","1","67301","0","","5.0","","1","N","N","N","0","","0","0","1","","0","","","1","0","0","0","0","0","0","2","0","1","","03","","N","","","","","","","","","",""
"2021105348","","1","0","1","0","0","0","0","0","0","7","0","","67","5","2021","7","39.973701","-75.212339","","6","0","0","0","0","0","0","0","0","","0","0","0","","","2","N","0","","39 58:25.323","","0","75 12:44.422","2","0","0","0","67301","0","0","0","N","0","0","0","2","00000","0","","4.0","","1","N","N","N","0","","0","1","0","","0","","","2","2","0","0","0","1","0","2","0","1","","","","N","","","","","","","","","",""
"2021072336","1010","0","0","0","0","0","0","0","0","0","4","0","","67","8","2021","1","40.05513","-75.050968","1006","6","0","0","0","0","0","1","0","0","","0","0","0","","","1","","1","","40 03:18.469","","0","75 03:03.484","3","0","0","0","67301","0","0","0","N","0","0","0","2","67301","0","","1.0","","1","N","N","N","0","","1","0","2","","3","","","3","1","1","0","0","0","0","2","0","3","","03","","N","","","","","","","","","",""
"2021070415","1826","0","0","0","0","0","0","0","0","0","2","0","","67","7","2021","1","40.059869","-75.162978","1825","6","0","0","0","0","0","0","0","0","","0","0","0","","","1","","2","","40 03:35.528","5","0","75 09:46.720","3","0","0","0","67301","0","0","0","N","0","0","0","2","67301","0","","1.0","1901.0","1","N","N","N","0","","1","0","1","","0","Y","","2","1","1","0","0","0","0","2","1","2","","03","","N","","","","","","","","","",""
"2021113273","0315","3","0","0","0","0","0","0","0","0","5","0","","67","11","2021","5","40.054438","-75.04262","0309","6","0","0","0","0","0","0","0","0","","0","0","0","","","1","N","0","","40 03:15.977","","0","75 02:33.432","8","0","0","0","67301","0","0","0","N","0","0","0","1","67301","0","","6.0","","1","N","N","N","0","","0","0","0","","0","","","3","1","0","0","0","1","0","2","0","3","","03","","N","","","","","","","","","",""
"2021073287","2109","1","0","0","0","0","0","0","0","0","1","0","","67","7","2021","4","39.959892","-75.177941","2109","6","0","0","1","0","0","1","0","0","","0","0","0","","","1","N","0","","39 57:35.610","4","3","75 10:40.589","8","0","0","0","67301","0","0","0","N","0","0","0","4","68K01","0","","1.0","30.0","1","N","N","N","0","","0","0","2","","0","Y","","3","1","0","0","0","1","0","2","0","3","","03","","N","","","","","","","","","",""
"2021114224","2323","1","0","0","0","0","0","0","0","0","7","0","","67","10","2021","6","40.035095","-75.018488","2319","6","0","0","0","0","0","0","0","0","","0","0","0","","","0","N","0","","40 02:06.343","","0","75 01:06.556","0","0","0","0","67301","0","0","0","N","0","0","0","1","68K01","0","","2.0","","9","N","N","N","0","","0","0","0","","0","","","1","0","0","0","0","0","0","2","0","1","","07","","N","","","","","","","","","",""
"2021118072","1621","2","0","0","0","0","0","0","0","0","5","0","","67","11","2021","7","39.956907","-75.153797","1614","6","0","0","0","0","0","0","0","0","","0","0","0","","","1","N","7","","39 57:24.866","","2","75 09:13.670","3","0","0","0","67301","0","0","0","N","0","0","0","4","68K01","0","","1.0","","1","N","N","N","0","","1","0","0","","0","","","2","1","0","0","0","0","0","2","0","2","","","","N","","","","","","","","","",""
"2021114749","0354","0","0","0","0","0","0","0","0","0","7","0","","67","11","2021","7","39.985729","-75.093045","0316","6","0","0","0","0","0","0","0","0","","0","0","0","","","0","N","0","","39 59:08.625","1","0","75 05:34.961","0","0","0","0","67301","0","0","0","N","0","0","0","1","68K01","0","","3.0","355.0","1","N","N","N","0","","0","0","1","","0","N","","1","0","0","0","0","0","0","2","0","1","","","","N","","","","","","","","","",""
"2021071149","1951","1","0","0","0","0","0","0","0","0","4","0","","67","7","2021","6","40.045609","-75.056416","1949","6","0","0","0","1","0","0","0","0","","0","0","0","","","1","","2","","40 02:44.193","4","7","75 03:23.098","4","0","0","0","67301","0","0","0","N","0","0","0","3","67301","1","","1.0","2020.0","1","N","N","N","1","","0","0","0","","2","N","","2","1","0","0","0","0","0","2","0","2","","03","","N","","","","","","","","","",""
"2021073075","1059","2","0","0","0","0","0","0","0","0","4","0","","67","8","2021","5","39.955331","-75.231948","1059","6","0","0","0","0","0","0","0","0","","0","0","0","","","1","","1","","39 57:19.191","","0","75 13:55.012","3","0","0","0","67301","0","0","0","N","0","0","0","2","67301","0","","1.0","","1","N","N","N","0","","1","0","0","","2","","","2","1","0","0","0","0","0","2","0","2","","","","N","","","","","","","","","",""