"CRN","ARRIVAL_TM","AUTOMOBILE_COUNT","BELTED_DEATH_COUNT","BELTED_SUSP_SERIOUS_INJ_COUNT","BICYCLE_COUNT","BICYCLE_DEATH_COUNT","BICYCLE_SUSP_SERIOUS_INJ_COUNT","BUS_COUNT","CHLDPAS_DEATH_COUNT","CHLDPAS_SUSP_SERIOUS_INJ_COUNT","COLLISION_TYPE","COMM_VEH_COUNT","CONS_ZONE_SPD_LIM","COUNTY","CRASH_MONTH","CRASH_YEAR","DAY_OF_WEEK","DEC_LATITUDE","DEC_LONGITUDE","DISPATCH_TM","DISTRICT","DRIVER_COUNT_16YR","DRIVER_COUNT_17YR","DRIVER_COUNT_18YR","DRIVER_COUNT_19YR","DRIVER_COUNT_20YR","DRIVER_COUNT_50_64YR","DRIVER_COUNT_65_74YR","DRIVER_COUNT_75PLUS","EST_HRS_CLOSED","FATAL_COUNT","HEAVY_TRUCK_COUNT","HORSE_BUGGY_COUNT","HOUR_OF_DAY","ILLUMINATION","INJURY_COUNT","INTERSECTION_RELATED","INTERSECT_TYPE","LANE_CLOSED","LATITUDE","LN_CLOSE_DIR","LOCATION_TYPE","LONGITUDE","MAX_SEVERITY_LEVEL","MCYCLE_DEATH_COUNT","MCYCLE_SUSP_SERIOUS_INJ_COUNT","MOTORCYCLE_COUNT","MUNICIPALITY","NONMOTR_COUNT","NONMOTR_DEATH_COUNT","NONMOTR_SUSP_SERIOUS_INJ_COUNT","NTFY_HIWY_MAINT","PED_COUNT","PED_DEATH_COUNT","PED_SUSP_SERIOUS_INJ_COUNT","PERSON_COUNT","POLICE_AGCY","POSSIBLE_INJ_COUNT","RDWY_SURF_TYPE_CD","RELATION_TO_ROAD","ROADWAY_CLEARED","ROAD_CONDITION","SCH_BUS_IND","SCH_ZONE_IND","SECONDARY_CRASH","SMALL_TRUCK_COUNT","SPEC_JURIS_CD","SUSP_MINOR_INJ_COUNT","SUSP_SERIOUS_INJ_COUNT","SUV_COUNT","TCD_FUNC_CD","TCD_TYPE","TFC_DETOUR_IND","TIME_OF_DAY","TOTAL_UNITS","TOT_INJ_COUNT","UNBELTED_OCC_COUNT","UNB_DEATH_COUNT","UNB_SUSP_SERIOUS_INJ_COUNT","UNK_INJ_DEG_COUNT","UNK_INJ_PER_COUNT","URBAN_RURAL","VAN_COUNT","VEHICLE_COUNT","WEATHER1","WEATHER2","WORKERS_PRES","WORK_ZONE_IND","WORK_ZONE_LOC","WORK_ZONE_TYPE","WZ_CLOSE_DETOUR","WZ_FLAGGER","WZ_LAW_OFFCR_IND","WZ_LN_CLOSURE","WZ_MOVING","WZ_OTHER","WZ_SHLDER_MDN","WZ_WORKERS_INJ_KILLED"
"2021071419","0951","0","0","0","0","0","0","0","0","0","4","0","","67","7","2021","6","39.925405","-75.177655","0951","6","0","0","0","0","0","1","0","0","","0","0","0","","","2","","1","","39 55:31.459","","0","75 10:39.557","4","0","0","0","67301","0","0","0","N","0","0","0","3","67301","2","","1.0","","1","N","N","N","0","","0","0","2","","2","","","2","2","0","0","0","0","0","2","0","2","","03","","N","","","","","","","","","",""
"2021105391","","0","0","0","0","0","0","0","0","0","4","0","","67","5","2021","6","39.986343","-75.180236","","6","0","0","0","0","0","0","0","0","","0","0","0","","","1","","1","","39 59:10.834","","0","75 10:48.850","8","0","0","0","67301","0","0","0","N","0","0","0","2","00000","0","","1.0","","1","N","N","N","0","","0","0","1","","2","","","2","1","0","0","0","1","0","2","0","2","","","","N","","","","","","","","","",""
"2021073514","1025","2","0","0","0","0","0","0","0","0","1","0","","67","7","2021","5","40.045003","-75.123562","1025","6","0","0","0","0","0","0","0","1","","0","0","0","","","1","","1","","40 02:42.011","","0","75 07:24.823","4","0","0","0","67301","0","0","0","N","0","0","0","2","67301","1","","1.0","","99","N","N","N","0","","0","0","0","","2","","","2","1","1","0","0","0","1","2","0","2","","98","","N","","","","","","","","","",""
"2021068890","2323","1","0","0","0","0","0","0","0","0","5","0","","67","7","2021","1","39.979009","-75.160395","2321","6","0","0","0","0","0","0","0","0","","0","0","0","","","2","N","0","","39 58:44.434","6","0","75 09:37.421","4","0","0","0","67301","0","0","0","N","0","0","0","2","67505","1","","6.0","110.0","1","N","N","N","1","","0","0","1","","0","Y","","3","2","0","0","0","1","0","2","0","3","","03","","N","","","","","","","","","",""
"2021069070","0920","4","0","0","0","0","0","0","0","0","6","0","","67","7","2021","2","39.980694","-75.16125","0920","6","1","0","0","0","0","0","0","0","","0","0","0","","","0","N","0","","39 58:50.500","","0","75 09:40.500","9","0","0","0","67301","0","0","0","N","0","0","0","2","67505","0","","6.0","","1","N","N","N","0","","0","0","1","","0","","","5","0","2","0","0","0","1","2","0","5","","03","","N","","","","","","","","","",""
"2021070463","1643","0","0","0","1","0","0","0","0","0","8","0","","67","7","2021","2","39.940304","-75.179645","1644","6","0","0","0","0","0","0","0","0","","0","0","0","","","1","","2","","39 56:25.094","","0","75 10:46.721","3","0","0","0","67301","1","0","0","N","0","0","0","2","67301","0","","1.0","","1","N","N","N","1","","1","0","0","","0","","","2","1","0","0","0","0","0","2","0","1","","03","","N","","","","","","","","","",""
"2021114218","0653","1","0","0","0","0","0","0","0","0","5","0","","67","10","2021","3","39.970216","-75.192713","0637","6","0","0","0","0","0","0","0","0","","0","0","0","","","1","N","0","","39 58:12.776","","0","75 11:33.765","4","0","0","0","67301","0","0","0","N","0","0","0","2","68K01","1","","1.0","","9","N","N","N","0","","0","0","1","","0","","","2","1","0","0","0","0","0","2","0","2","","","","N","","","","","","","","","",""
"2021118047","1020","1","0","0","0","0","0","0","0","0","7","0","","67","12","2021","6","39.990764","-75.154368","1011","6","0","0","0","0","0","0","0","0","","0","0","0","","","1","N","0","","39 59:26.750","","0","75 09:15.724","8","0","0","0","67301","0","0","0","N","0","0","0","2","67301","0","","5.0","","1","N","N","N","0","","0","0","0","","0","","","1","1","1","0","0","1","0","2","0","1","","03","","N","","","","","","","","","",""
"2021070676","2320","2","0","0","0","0","0","0","0","0","4","0","","67","7","2021","5","40.026503","-75.04216","2316","6","0","0","0","0","0","0","0","0","","0","0","0","","","0","","1","","40 01:35.410","","0","75 02:31.777","9","0","0","0","67301","0","0","0","N","0","0","0","2","67301","0","","1.0","","1","N","N","N","0","","0","0","0","","3","","","2","0","1","0","0","0","1","2","0","2","","","","N","","","","","","","","","",""
"2021115415","0147","1","0","0","0","0","0","0","0","0","7","0","","67","10","2021","7","39.923087","-75.191175","0136","6","0","0","0","0","0","0","0","0","","0","0","0","","","0","N","0","","39 55:23.113","4","0","75 11:28.230","9","0","0","0","67301","0","0","0","N","0","0","0","1","68K01","0","","2.0","220.0","1","N","N","N","0","","0","0","0","","0","N","","1","0","0","0","0","0","1","2","0","1","","","","N","","","","","","","","","",""
"2021104948","","1","0","0","0","0","0","0","0","0","1","0","","67","6","2021","3","39.947746","-75.187191","","6","0","0","0","0","0","0","0","0","","0","0","0","","","1","N","0","","39 56:51.885","","2","75 11:13.889","8","0","0","0","67301","0","0","0","N","0","0","0","2","00000","0","","1.0","","1","N","N","N","0","","0","0","0","","0","","","2","1","0","0","0","1","0","2","0","2","","","","N","","","","","","","","","",""
"2021115771","0016","1","0","0","0","0","0","0","0","0","8","0","","67","11","2021","2","39.997237","-75.1195","0015","6","0","0","0","0","0","0","0","0","","1","0","0","","","0","Y","0","","39 59:50.053","","0","75 07:10.201","1","0","0","0","67301","1","1","0","N","1","1","0","2","67301","0","2","1.0","","1","N","N","N","0","0","0","0","0","","0","","","2","0","0","0","0","0","0","2","0","1","","03","","N","","","","","","","","","",""
"2021071272","1130","1","0","0","0","0","0","0","0","0","4","0","","67","7","2021","4","40.056606","-75.087772","1128","6","0","0","0","0","0","1","0","0","","0","0","0","","","1","N","0","","40 03:23.780","","0","75 05:15.980","3","0","0","0","67301","0","0","0","N","0","0","0","2","67301","0","","1.0","","1","N","N","N","0","","1","0","2","","0","","","3","1","0","0","0","0","0","2","0","3","","","","N","","","","","","","","","",""
"2021073092","1946","1","0","0","0","0","0","0","0","0","8","0","","67","7","2021","6","39.960461","-75.235046","1945","6","0","0","0","0","0","0","0","0","","0","0","0","","","2","","1","","39 57:37.659","7","7","75 14:06.165","8","0","0","0","67301","1","0","0","N","1","0","0","2","67301","0","","1.0","2010.0","1","N","N","N","0","","0","0","0","","0","N","","2","2","0","0","0","2","0","2","0","1","","","","N","","","","","","","","","",""
"2021070776","1704","2","0","0","0","0","0","0","0","0","3","0","","67","7","2021","4","39.927603","-75.184953","1703","6","0","0","0","0","0","0","0","0","","0","0","0","","","0","N","0","","39 55:39.370","4","7","75 11:05.830","0","0","0","0","67301","0","0","0","N","0","0","0","2","67301","0","","1.0","1704.0","1","N","N","N","0","","0","0","1","","0","Y","","3","0","0","0","0","0","0","2","0","3","","","","N","","","","","","","","","",""
"2021070383","1109","0","0","0","0","0","0","0","0","0","4","0","","67","7","2021","3","40.081057","-75.028856","1100","6","0","0","0","0","0","0","0","0","","0","0","0","","","3","","1","","40 04:51.806","","0","75 01:43.881","3","0","0","0","67301","0","0","0","N","0","0","0","4","67301","0","","1.0","","1","N","N","N","1","","3","0","1","","2","","","2","3","0","0","0","0","0","2","0","2","","03","","N","","","","","","","","","",""
"2021070960","0244","1","0","0","0","0","0","0","0","0","1","0","","67","7","2021","5","40.046004","-75.089194","0240","6","0","0","0","0","0","0","0","0","","0","0","0","","","1","N","0","","40 02:45.613","4","0","75 05:21.097","3","0","0","0","67301","0","0","0","N","0","0","0","1","67301","0","","6.0","339.0","1","N","N","Y","0","","1","0","1","","0","N","","2","1","1","0","0","0","0","2","0","2","","03","","N","","","","","","","","","",""
"2021115408","1312","0","0","0","0","0","0","0","0","0","1","0","","67","10","2021","6","39.950686","-75.183061","1259","6","0","0","0","0","0","0","1","0","","0","0","0","","","1","N","0","","39 57:02.471","","0","75 10:59.018","3","0","0","0","67301","0","0","0","N","0","0","0","2","68K01","0","","1.0","","1","N","N","N","0","","1","0","1","","0","","","2","1","0","0","0","0","0","2","1","2","","","","N","","","","","","","","","",""
"2021070416","1947","2","0","0","0","0","0","0","0","0","5","0","","67","7","2021","1","40.030756","-75.160189","1945","6","0","0","0","0","0","0","0","0","","0","0","0","","","0","N","0","","40 01:50.720","","0","75 09:36.680","0","0","0","0","67301","0","0","0","N","0","0","0","1","67301","0","","6.0","","1","N","N","N","0","","0","0","0","","0","","","2","0","1","0","0","0","0","2","0","2","","03","","N","","","","","","","","","",""
"2021071113","0318","2","0","0","0","0","0","0","0","0","4","0","","67","7","2021","4","40.016866","-75.149475","0316","6","0","0","0","0","0","0","0","0","","0","0","0","","","0","","1","","40 01:00.719","","0","75 08:58.111","0","0","0","0","67301","0","0","0","N","0","0","0","2","67301","0","","1.0","","1","N","N","N","0","","0","0","0","","2","","","2","0","0","0","0","0","0","2","0","2","","03","","N","","","","","","","","","",""
"2021115105","0843","1","0","0","0","0","0","0","0","0","4","0","","67","11","2021","5","39.921728","-75.221535","0839","6","0","0","0","0","0","0","1","0","","0","0","0","","","2","","2","","39 55:18.220","6","0","75 13:17.525","3","0","0","0","67301","0","0","0","N","0","0","0","3","67301","0","","1.0","1045.0","1","N","N","N","0","","2","0","2","","3","Y","","3","2","0","0","0","0","0","2","0","3","","","","N","","","","","","","","","",""
"2021117712","2331","2","0","0","0","0","0","0","0","0","5","0","","67","11","2021","3","39.979994","-75.105223","2331","6","0","0","0","0","0","0","0","0","","0","0","0","","","1","N","0","","39 58:47.978","","0","75 06:18.803","4","0","0","0","67301","0","0","0","N","0","0","0","1","68K01","1","","1.0","","1","N","N","N","0","","0","0","0","","0","","","2","1","0","0","0","0","0","2","0","2","","03","","N","","","","","","","","","",""
"2021114313","1634","0","0","0","0","0","0","0","0","0","8","0","","67","11","2021","4","39.947186","-75.178142","1634","6","0","0","0","0","0","0","0","0","","0","0","0","","","1","","1","","39 56:49.869","","0","75 10:41.311","3","0","0","0","67301","1","0","0","N","1","0","0","2","67301","0","","1.0","","1","N","N","N","1","","1","0","0","","2","","","2","1","0","0","0","0","0","2","0","1","","03","","N","","","","","","","","","",""
"2021071185","0404","1","0","0","0","0","0","0","0","0","6","0","","67","7","2021","3","39.917328","-75.237566","0404","6","0","0","0","0","0","1","0","0","","0","0","0","","","0","N","0","","39 55:02.380","","0","75 14:15.237","0","0","0","0","67301","0","0","0","N","0","0","0","1","67301","0","","6.0","","1","N","N","N","1","","0","0","0","","0","","","2","0","1","0","0","0","0","2","0","2","","03","","N","","","","","","","","","",""
"2021114670","0831","1","0","0","0","0","0","0","0","0","4","0","","67","11","2021","2","40.017859","-75.149536","0828","6","0","0","0","0","0","1","0","0","","0","0","0","","","3","N","0","","40 01:04.294","4","0","75 08:58.329","3","0","0","0","67301","0","0","0","N","0","0","0","4","67301","0","","1.0","1000.0","99","N","N","N","0","","3","0","2","","0","Y","","3","3","0","0","0","0","1","2","0","3","","","","N","","","","","","","","","",""
"2021113157","1108","1","0","0","0","0","0","0","0","0","4","0","","67","11","2021","6","40.026394","-75.218583","1102","6","0","0","0","0","0","0","1","0","","0","0","0","","","1","N","0","","40 01:35.020","","0","75 13:06.900","4","0","0","0","67301","0","0","0","N","0","0","0","1","67301","1","","1.0","","1","N","N","N","0","","0","0","1","","0","","","2","1","0","0","0","0","0","2","0","2","","03","","N","","","","","","","","","",""
"2021114708","0254","1","0","0","0","0","0","0","0","0","1","0","","67","10","2021","6","39.968207","-75.12916","0246","6","0","0","0","0","0","0","0","0","","0","0","0","","","2","N","0","","39 58:05.545","1","0","75 07:44.976","4","0","0","0","67301","0","0","0","N","0","0","0","3","68K01","2","","1.0","315.0","1","N","N","N","0","","0","0","1","","0","N","","2","2","0","0","0","0","0","2","0","2","","","","N","","","","","","","","","",""
"2021070651","0505","3","0","0","0","0","0","0","0","0","6","0","","67","7","2021","5","40.041417","-75.185083","0502","6","0","0","0","0","0","0","0","0","","0","0","0","","","1","N","0","","40 02:29.100","","0","75 11:06.300","3","0","0","0","67301","0","0","0","N","0","0","0","1","67301","0","","6.0","","1","N","N","Y","1","","1","0","0","","0","","","4","1","0","0","0","0","0","2","0","4","","03","","N","","","","","","","","","",""
"2021070626","1616","0","0","0","1","0","0","0","0","0","8","0","","67","7","2021","5","39.993883","-75.080151","1601","6","0","0","0","0","0","0","0","0","","0","0","0","","","1","","2","","39 59:37.980","","2","75 04:48.542","3","0","0","0","67301","1","0","0","N","0","0","0","2","67301","0","","1.0","","9","N","N","N","0","","1","0","1","","0","","","2","1","0","0","0","0","0","2","0","1","","","","N","","","","","","","","","",""
"2021070554","0115","2","0","0","0","0","0","0","0","0","5","0","","67","7","2021","2","39.9962","-75.163328","0109","6","0","0","0","0","0","0","0","0","","0","0","0","","","0","N","0","","39 59:46.320","","0","75 09:47.980","9","0","0","0","67301","0","0","0","N","0","0","0","1","67301","0","","6.0","","1","N","N","N","0","","0","0","1","","0","","","3","0","0","0","0","0","1","2","0","3","","03","","N","","","","","","","","","",""
"2021070445","0732","1","0","0","0","0","0","0","0","0","4","0","","67","7","2021","4","40.028315","-75.027121","0722","6","0","0","0","0","0","0","0","0","","0","0","0","","","1","N","0","","40 01:41.935","","0","75 01:37.636","3","0","0","0","67301","0","0","0","N","0","0","0","3","67301","0","","1.0","","1","N","N","N","0","","1","0","2","","0","","","3","1","0","0","0","0","0","2","0","3","","","","N","","","","","","","","","",""
"2021113801","1011","1","0","0","0","0","0","0","0","0","4","0","","67","11","2021","2","40.040625","-75.174575","1010","6","0","0","0","0","0","1","0","0","","0","0","0","","","1","","1","","40 02:26.251","","0","75 10:28.470","3","0","0","0","67301","0","0","0","N","0","0","0","2","67301","0","","1.0","","9","N","N","N","0","","1","0","1","","2","","","2","1","0","0","0","0","0","2","0","2","","04","","N","","","","","","","","","",""
"2021070529","2052","1","0","0","0","0","0","0","0","0","8","0","","67","7","2021","3","39.984711","-75.147872","2050","6","0","0","0","0","0","0","0","0","","0","0","0","","","1","N","0","","39 59:04.960","","0","75 08:52.340","3","0","0","0","67301","1","0","0","N","1","0","0","2","67301","0","","1.0","","1","N","N","N","0","","1","0","0","","0","","","2","1","0","0","0","0","0","2","0","1","","03","","N","","","","","","","","","",""
"2021114720","0836","1","0","0","0","0","0","0","0","0","7","1","","67","10","2021","6","39.968382","-75.129556","0815","6","0","0","0","0","0","0","0","0","","0","1","0","","","1","N","7","","39 58:06.174","1","2","75 07:46.403","3","0","0","0","67301","0","0","0","Y","0","0","0","1","68K01","0","","4.0","900.0","1","N","N","N","0","","1","0","0","","0","N","","2","1","0","0","0","0","0","2","0","2","","","","N","","","","","","","","","",""
"2021072990","1429","0","0","0","0","0","0","0","0","0","7","0","","67","8","2021","5","40.059521","-75.17362","1329","6","0","0","0","0","0","0","0","0","","0","0","0","","","1","N","0","","40 03:34.274","","0","75 10:25.031","8","0","0","1","67301","0","0","0","N","0","0","0","1","67301","0","","4.0","","1","N","N","N","0","","0","0","0","","0","","","1","1","0","0","0","1","0","2","0","1","","03","","N","","","","","","","","","",""
"2021113599","0159","1","0","0","0","0","0","0","0","0","4","0","","67","11","2021","1","40.030428","-75.104045","0156","6","0","0","0","0","0","1","0","0","","0","0","0","","","0","N","0","","40 01:49.541","3","0","75 06:14.563","9","0","0","0","67301","0","0","0","N","0","0","0","2","67301","0","","1.0","300.0","1","N","N","N","0","","0","0","1","","0","N","","2","0","0","0","0","0","1","2","0","2","","","","N","","","","","","","","","",""
"2021115051","1745","3","0","0","0","0","0","0","0","0","2","0","","67","11","2021","4","40.047864","-75.168711","1740","6","0","0","0","0","0","0","0","0","","0","0","0","","","1","N","0","","40 02:52.310","","0","75 10:07.360","3","0","0","0","67301","0","0","0","N","0","0","0","1","67301","0","","6.0","","1","N","N","N","0","","1","0","0","","0","","","3","1","0","0","0","0","0","2","0","3","","","","N","","","","","","","","","",""
"2021114763","2234","1","0","0","0","0","0","0","0","0","5","0","","67","11","2021","1","39.898851","-75.169044","2216","6","0","0","0","0","0","0","0","0","","0","0","0","","","1","N","0","","39 53:55.863","1","0","75 10:08.557","8","0","0","0","67301","0","0","0","N","0","0","0","2","68K01","0","","1.0","2250.0","9","N","N","N","0","","0","0","1","","0","N","","2","1","0","0","0","1","0","2","0","2","","","","N","","","","","","","","","",""
"2021070668","0010","1","0","0","0","0","0","0","0","0","8","0","","67","7","2021","3","40.054649","-75.149706","0003","6","0","0","0","0","0","0","0","0","","0","0","0","","","1","","1","","40 03:16.736","","0","75 08:58.941","2","0","0","0","67301","1","0","1","N","1","0","1","2","67301","0","","1.0","","1","N","N","N","0","","0","1","0","","2","","","2","1","0","0","0","0","0","2","0","1","","03","","N","","","","","","","","","",""
"2021115416","0437","1","0","0","0","0","0","0","0","0","5","0","","67","10","2021","7","39.968325","-75.129748","0424","6","0","0","0","0","0","0","0","0","","0","0","0","","","2","N","0","","39 58:05.971","2","0","75 07:47.094","8","0","0","0","67301","0","0","0","Y","0","0","0","3","68K01","0","","1.0","500.0","1","N","N","N","0","","0","0","1","","0","N","","2","2","0","0","0","2","0","2","0","2","","","","N","","","","","","","","","",""
"2021114223","2324","1","0","0","0","0","0","0","0","0","7","0","","67","10","2021","6","39.950246","-75.141691","2310","6","0","0","0","0","0","0","0","0","","0","0","0","","","1","N","0","","39 57:00.886","2","0","75 08:30.087","3","0","0","0","67301","0","0","0","N","0","0","0","1","68K01","0","","4.0","0.0","9","N","N","N","0","","1","0","0","","0","Y","","1","1","0","0","0","0","0","2","0","1","","","","N","","","","","","","","","",""
"2021070418","1205","2","0","0","0","0","0","0","0","0","4","0","","67","7","2021","4","40.058637","-75.165767","1154","6","0","0","0","0","1","0","0","0","","0","0","0","","","1","N","0","","40 03:31.093","","7","75 09:56.762","3","0","0","0","67301","0","0","0","N","0","0","0","2","67301","0","","1.0","","1","N","N","N","0","","1","0","0","","0","","","2","1","0","0","0","0","0","2","0","2","","98","","N","","","","","","","","","",""
"2021114758","1523","0","0","0","0","0","0","0","0","0","1","1","","67","11","2021","1","39.967296","-75.132344","1507","6","0","0","0","0","0","0","0","1","","0","1","0","","","1","N","0","","39 58:02.266","","0","75 07:56.438","3","0","0","0","67301","0","0","0","N","0","0","0","2","68K01","0","","1.0","","1","N","N","N","0","","1","0","1","","0","","","2","1","0","0","0","0","0","2","0","2","","","","N","","","","","","","","","",""
"2021070417","1248","0","0","0","0","0","0","0","0","0","4","0","","67","7","2021","3","40.052236","-75.175821","1244","6","0","0","0","0","0","1","0","0","","0","0","0","","","2","","1","","40 03:08.049","5","0","75 10:32.957","2","0","0","0","67301","0","0","0","N","0","0","0","2","67301","0","","1.0","1522.0","1","N","N","Y","0","","0","1","1","","2","Y","","2","2","0","0","0","1","0","2","1","2","","","","N","","","","","","","","","",""
"2021113195","1631","2","0","0","0","0","0","0","0","0","1","0","","67","11","2021","6","39.947159","-75.142264","1625","6","0","0","0","0","0","0","0","0","","0","0","0","","","0","N","0","","39 56:49.771","1","0","75 08:32.152","0","0","0","0","67301","0","0","0","N","0","0","0","3","68K01","0","","1.0","1730.0","1","N","N","N","1","","0","0","0","","0","N","","3","0","0","0","0","0","0","2","0","3","","","","N","","","","","","","","","",""
"2021105393","","2","0","0","0","0","0","0","0","0","4","0","","67","7","2021","2","39.925227","-75.229109","","6","0","0","0","0","0","2","0","0","","0","0","0","","","1","","1","","39 55:30.817","","0","75 13:44.792","2","0","0","0","67301","0","0","0","N","0","0","0","2","00000","0","","1.0","","1","N","N","N","0","","0","1","0","","2","","","2","1","1","0","1","0","0","2","0","2","","","","N","","","","","","","","","",""
"2021114769","2246","1","0","0","0","0","0","0","0","0","7","0","","67","11","2021","3","40.051496","-74.989312","2227","6","0","0","0","0","0","0","0","0","","0","0","0","","","0","N","0","","40 03:05.384","","0","74 59:21.522","0","0","0","0","67301","0","0","0","N","0","0","0","2","68K01","0","","4.0","","1","N","N","N","0","","0","0","0","","0","","","1","0","0","0","0","0","0","2","0","1","","03","","N","","","","","","","","","",""
"2021114887","1057","0","0","0","0","0","0","0","0","0","7","0","","67","10","2021","5","39.894039","-75.195407","1040","6","0","0","0","0","0","0","0","0","","0","0","0","","","1","N","0","","39 53:38.540","2","3","75 11:43.466","3","0","0","0","67301","0","0","0","N","0","0","0","2","68K01","0","","4.0","1100.0","1","N","N","N","0","","1","0","1","","0","N","","1","1","0","0","0","0","0","2","0","1","","03","","N","","","","","","","","","",""
"2021070450","0117","2","0","0","0","0","0","0","0","0","4","0","","67","7","2021","1","39.974354","-75.201734","0113","6","0","0","0","0","0","0","0","0","","0","0","0","","","0","","2","","39 58:27.673","","7","75 12:06.241","0","0","0","0","67301","0","0","0","N","0","0","0","2","67301","0","","1.0","","1","N","N","N","0","","0","0","0","","2","","","2","0","0","0","0","0","0","2","0","2","","","","N","","","","","","","","","",""
"2021072347","0717","2","0","0","0","0","0","0","0","0","2","0","","67","8","2021","3","39.962972","-75.201528","0715","6","0","0","0","0","0","1","0","0","","0","0","0","","","2","N","0","","39 57:46.700","4","0","75 12:05.500","2","0","0","0","67301","0","0","0","N","0","0","0","2","67301","0","","1.0","1100.0","1","N","N","N","1","","1","1","0","","0","Y","","4","2","1","0","1","0","0","2","1","4","","03","","N","","","","","","","","","",""
"2021114209","0850","1","0","0","0","0","0","0","0","0","8","0","","67","11","2021","3","40.031717","-75.231236","0845","6","0","0","0","0","0","0","0","0","","0","0","0","","","1","N","0","","40 01:54.180","","0","75 13:52.450","8","0","0","0","67301","1","0","0","N","1","0","0","2","67301","0","","1.0","","1","N","Y","N","0","","0","0","0","","0","","","2","1","0","0","0","1","0","2","0","1","","03","","N","","","","","","","","","",""
"2021113332","1805","2","0","0","0","0","0","0","0","0","2","0","","67","11","2021","7","39.975283","-75.121033","1800","6","0","0","0","0","0","1","0","0","","0","0","0","","","2","N","0","","39 58:31.018","","0","75 07:15.719","3","0","0","0","67301","0","0","0","N","0","0","0","2","67301","0","","9.0","","1","N","N","N","0","","2","0","0","","9","U","","2","2","0","0","0","0","0","2","0","2","","","","N","","","","","","","","","",""
"2021073413","1906","2","0","0","0","0","0","0","0","0","5","0","","67","8","2021","3","40.029898","-75.087801","1905","6","0","0","0","0","0","1","0","1","","0","0","0","","","0","","1","","40 01:47.633","","0","75 05:16.085","0","0","0","0","67301","0","0","0","N","0","0","0","2","67301","0","","1.0","","1","N","N","N","0","","0","0","0","","2","","","2","0","0","0","0","0","0","2","0","2","","03","","N","","","","","","","","","",""
"2021071379","1948","0","0","0","0","0","0","0","0","0","8","0","","67","7","2021","4","39.976867","-75.249678","1948","6","0","0","0","0","0","0","0","0","","0","0","0","","","1","N","0","","39 58:36.720","","0","75 14:58.840","4","0","0","0","67301","1","0","0","N","1","0","0","2","67301","1","","1.0","","1","N","N","N","1","","0","0","0","","0","","","2","1","1","0","0","0","1","2","0","1","","03","","N","","","","","","","","","",""
"2021114751","0630","1","0","0","0","0","0","0","0","0","5","0","","67","11","2021","7","39.994174","-75.084414","0617","6","0","0","0","0","0","1","0","0","","0","0","0","","","0","N","0","","39 59:39.028","","0","75 05:03.892","0","0","0","0","67301","0","0","0","N","0","0","0","3","68K01","0","","1.0","","1","N","N","N","0","","0","0","1","","0","","","2","0","0","0","0","0","0","2","0","2","","03","","N","","","","","","","","","",""
"2021114150","1915","2","0","0","0","0","0","0","0","0","4","0","","67","11","2021","7","40.03558","-75.217363","1910","6","0","0","0","0","0","1","0","0","","0","0","0","","","0","","1","","40 02:08.088","","0","75 13:02.506","0","0","0","0","67301","0","0","0","N","0","0","0","2","67301","0","","1.0","","1","N","N","N","0","","0","0","0","","2","","","2","0","0","0","0","0","0","2","0","2","","03","","N","","","","","","","","","",""
"2021115042","1406","1","0","0","0","0","0","0","0","0","4","0","","67","11","2021","6","40.007403","-75.078111","1401","6","0","0","0","1","0","0","0","0","","0","0","0","","","1","","1","","40 00:26.651","","0","75 04:41.199","8","0","0","1","67301","0","0","0","N","0","0","0","3","67301","0","","1.0","","9","N","N","N","0","","0","0","0","","2","","","2","1","0","0","0","1","0","2","0","2","","","","N","","","","","","","","","",""
"2021071090","1321","1","0","0","0","0","0","0","0","0","4","0","","67","7","2021","6","39.979851","-75.142873","1319","6","0","0","0","0","0","0","0","1","","0","0","0","","","0","","1","","39 58:47.465","","0","75 08:34.342","9","0","0","0","67301","0","0","0","N","0","0","0","2","67301","0","","1.0","","1","N","N","N","0","","0","0","1","","2","","","2","0","0","0","0","0","1","2","0","2","","03","","N","","","","","","","","","",""
"2021114245","0821","0","0","0","0","0","0","0","0","0","1","0","","67","11","2021","6","39.959645","-75.175986","0801","6","0","0","0","0","0","0","1","0","","0","0","0","","","1","N","0","","39 57:34.721","4","0","75 10:33.550","4","0","0","0","67301","0","0","0","N","0","0","0","3","68K01","1","","4.0","855.0","9","N","N","N","0","","0","0","2","","8","N","","2","1","1","0","0","0","0","2","0","2","","","","N","","","","","","","","","",""
"2021102945","0707","0","0","0","0","0","0","0","0","0","8","0","","67","10","2021","4","39.994322","-75.134244","0700","6","0","0","0","0","0","0","0","0","","1","0","0","","","0","N","0","","39 59:39.560","2","0","75 08:03.280","1","0","0","0","67301","1","1","0","N","1","1","0","2","67301","0","2","1.0","850.0","1","N","N","N","0","0","0","0","0","","0","Y","","2","0","0","0","0","0","0","2","0","1","","03","","N","","","","","","","","","",""
"2021070978","2350","4","0","0","0","0","0","0","0","0","4","0","","67","7","2021","5","39.986776","-75.125564","2336","6","0","0","0","0","0","1","0","0","","0","0","0","","","3","","1","","39 59:12.393","","0","75 07:32.030","3","0","0","0","67301","0","0","0","N","0","0","0","3","67301","0","","1.0","","1","N","N","N","1","","3","0","0","","3","","","5","3","0","0","0","0","0","2","0","5","","03","","N","","","","","","","","","",""