"CRN","ARRIVAL_TM","AUTOMOBILE_COUNT","BELTED_DEATH_COUNT","BELTED_SUSP_SERIOUS_INJ_COUNT","BICYCLE_COUNT","BICYCLE_DEATH_COUNT","BICYCLE_SUSP_SERIOUS_INJ_COUNT","BUS_COUNT","CHLDPAS_DEATH_COUNT","CHLDPAS_SUSP_SERIOUS_INJ_COUNT","COLLISION_TYPE","COMM_VEH_COUNT","CONS_ZONE_SPD_LIM","COUNTY","CRASH_MONTH","CRASH_YEAR","DAY_OF_WEEK","DEC_LATITUDE","DEC_LONGITUDE","DISPATCH_TM","DISTRICT","DRIVER_COUNT_16YR","DRIVER_COUNT_17YR","DRIVER_COUNT_18YR","DRIVER_COUNT_19YR","DRIVER_COUNT_20YR","DRIVER_COUNT_50_64YR","DRIVER_COUNT_65_74YR","DRIVER_COUNT_75PLUS","EST_HRS_CLOSED","FATAL_COUNT","HEAVY_TRUCK_COUNT","HORSE_BUGGY_COUNT","HOUR_OF_DAY","ILLUMINATION","INJURY_COUNT","INTERSECTION_RELATED","INTERSECT_TYPE","LANE_CLOSED","LATITUDE","LN_CLOSE_DIR","LOCATION_TYPE","LONGITUDE","MAX_SEVERITY_LEVEL","MCYCLE_DEATH_COUNT","MCYCLE_SUSP_SERIOUS_INJ_COUNT","MOTORCYCLE_COUNT","MUNICIPALITY","NONMOTR_COUNT","NONMOTR_DEATH_COUNT","NONMOTR_SUSP_SERIOUS_INJ_COUNT","NTFY_HIWY_MAINT","PED_COUNT","PED_DEATH_COUNT","PED_SUSP_SERIOUS_INJ_COUNT","PERSON_COUNT","POLICE_AGCY","POSSIBLE_INJ_COUNT","RDWY_SURF_TYPE_CD","RELATION_TO_ROAD","ROADWAY_CLEARED","ROAD_CONDITION","SCH_BUS_IND","SCH_ZONE_IND","SECONDARY_CRASH","SMALL_TRUCK_COUNT","SPEC_JURIS_CD","SUSP_MINOR_INJ_COUNT","SUSP_SERIOUS_INJ_COUNT","SUV_COUNT","TCD_FUNC_CD","TCD_TYPE","TFC_DETOUR_IND","TIME_OF_DAY","TOTAL_UNITS","TOT_INJ_COUNT","UNBELTED_OCC_COUNT","UNB_DEATH_COUNT","UNB_SUSP_SERIOUS_INJ_COUNT","UNK_INJ_DEG_COUNT","UNK_INJ_PER_COUNT","URBAN_RURAL","VAN_COUNT","VEHICLE_COUNT","WEATHER1","WEATHER2","WORKERS_PRES","WORK_ZONE_IND","WORK_ZONE_LOC","WORK_ZONE_TYPE","WZ_CLOSE_DETOUR","WZ_FLAGGER","WZ_LAW_OFFCR_IND","WZ_LN_CLOSURE","WZ_MOVING","WZ_OTHER","WZ_SHLDER_MDN","WZ_WORKERS_INJ_KILLED"
"2021113276","1956","1","0","0","0","0","0","0","0","0","4","0","","67","11","2021","7","39.998768","-75.131259","1948","6","0","0","0","0","0","1","0","0","","0","0","0","","","0","","1","","39 59:55.564","","0","75 07:52.533","0","0","0","0","67301","0","0","0","N","0","0","0","2","67301","0","","1.0","","1","N","N","Y","1","","0","0","0","","2","","","2","0","0","0","0","0","0","2","0","2","","03","","N","","","","","","","","","",""
"2021073463","0313","2","0","0","0","0","0","0","0","0","4","0","","67","8","2021","7","39.959724","-75.235182","0309","6","0","0","0","0","0","0","0","0","","0","0","0","","","1","","1","","39 57:35.006","","0","75 14:06.655","4","0","0","0","67301","0","0","0","N","0","0","0","2","67301","1","","1.0","","1","N","N","N","0","","0","0","0","","1","","","2","1","0","0","0","0","0","2","0","2","","03","","N","","","","","","","","","",""
"2021114216","1821","0","0","0","0","0","0","0","0","0","7","0","","67","11","2021","2","39.991675","-75.111806","1820","6","0","0","0","1","0","0","0","0","","0","0","0","","","1","N","0","","39 59:30.030","4","0","75 06:42.500","3","0","0","0","67301","0","0","0","N","0","0","0","2","67301","0","","4.0","1930.0","1","N","N","N","0","","1","0","1","","0","N","","1","1","0","0","0","0","0","2","0","1","","03","","N","","","","","","","","","",""
"2021070327","0251","1","0","0","0","0","0","0","0","0","1","0","","67","7","2021","1","39.921448","-75.192017","0244","6","0","0","0","0","0","0","0","0","","0","0","0","","","0","N","0","","39 55:17.212","","0","75 11:31.260","0","0","0","0","67301","0","0","0","N","0","0","0","2","67301","0","","1.0","","9","N","N","N","0","","0","0","1","","0","","","2","0","0","0","0","0","0","2","0","2","","03","","N","","","","","","","","","",""
"2021115645","0316","0","0","0","0","0","0","0","0","0","7","0","","67","10","2021","3","39.958276","-75.165918","0311","6","0","0","0","0","0","0","0","0","","0","0","0","","","0","N","0","","39 57:29.794","3","0","75 09:57.306","0","0","0","0","67301","0","0","0","N","0","0","0","1","68K01","0","","3.0","355.0","9","N","N","N","0","","0","0","1","","0","N","","1","0","0","0","0","0","0","2","0","1","","","","N","","","","","","","","","",""
"2021114671","1157","1","0","0","0","0","0","0","0","0","2","0","","67","11","2021","6","40.019514","-75.163355","1153","6","0","0","0","0","0","0","0","0","","0","0","0","","","1","N","0","","40 01:10.250","","1","75 09:48.079","8","0","0","0","67301","0","0","0","N","0","0","0","2","67301","0","","1.0","","1","N","N","N","0","","0","0","1","","0","U","","2","1","0","0","0","1","1","2","0","2","","03","","N","","","","","","","","","",""
"2021071159","1920","0","0","0","0","0","0","0","0","0","4","0","","67","7","2021","5","40.059968","-75.084313","1900","6","0","0","1","0","0","0","0","0","","0","0","0","","","2","N","0","","40 03:35.884","","0","75 05:03.528","3","0","0","0","67301","0","0","0","N","0","0","0","2","67301","0","","1.0","","9","N","N","N","0","","2","0","2","","0","","","2","2","0","0","0","0","0","2","0","2","","04","","N","","","","","","","","","",""
"2021117736","0242","2","0","0","0","0","0","0","0","0","4","0","","67","11","2021","7","39.970959","-75.124571","0232","6","0","0","0","0","0","0","0","0","","0","0","0","","","3","N","7","","39 58:15.454","1","2","75 07:28.455","8","0","0","0","67301","0","0","0","N","0","0","0","4","68K01","0","","1.0","315.0","1","N","N","N","0","","0","0","1","","0","N","","3","3","0","0","0","3","0","2","0","3","","","","N","","","","","","","","","",""
"2021075190","0950","1","0","0","0","0","0","0","0","0","2","0","","67","7","2021","5","39.993594","-75.08073","0945","6","0","0","0","0","0","0","1","0","","0","0","0","","","0","N","0","","39 59:36.940","","3","75 04:50.627","0","0","0","0","67301","0","0","0","N","0","0","0","2","67301","0","","1.0","","1","N","N","N","0","","0","0","1","","0","","","2","0","1","0","0","0","0","2","0","2","","03","","N","","","","","","","","","",""
"2021077512","1540","0","0","0","0","0","0","0","0","0","5","0","","67","8","2021","4","40.010868","-75.164805","1540","6","0","0","0","0","0","1","0","0","","0","0","0","","","0","N","0","","40 00:39.124","","0","75 09:53.299","9","0","0","0","67301","0","0","0","N","0","0","0","1","67301","0","","6.0","","1","N","N","N","0","","0","0","3","","0","","","3","0","1","0","0","0","1","2","0","3","","03","","N","","","","","","","","","",""
"2021071639","0445","2","0","0","0","0","0","0","0","0","5","0","","67","7","2021","5","39.979175","-75.2501","0444","6","0","0","0","0","0","0","0","0","","0","0","0","","","0","N","0","","39 58:45.030","","0","75 15:00.360","0","0","0","0","67301","0","0","0","N","0","0","0","1","67301","0","","6.0","","1","N","N","N","0","","0","0","2","","0","","","4","0","0","0","0","0","0","2","0","4","","03","","N","","","","","","","","","",""
"2021113522","0853","1","0","0","0","0","0","0","0","0","7","0","","67","11","2021","6","39.887749","-75.2419","0842","6","0","0","0","0","0","0","0","0","","0","0","0","","","0","N","0","","39 53:15.898","","0","75 14:30.839","0","0","0","0","67301","0","0","0","N","0","0","0","1","68K01","0","","5.0","","1","N","N","N","0","","0","0","0","","0","","","1","0","0","0","0","0","0","2","0","1","","03","","N","","","","","","","","","",""
"2021075098","1420","0","0","0","0","0","0","0","0","0","8","0","","67","8","2021","7","40.029425","-75.206112","1417","6","0","0","0","0","0","0","0","0","","0","0","0","","","1","N","0","","40 01:45.930","","0","75 12:22.003","8","0","0","0","67301","1","0","0","N","1","0","0","2","67301","0","","1.0","","1","N","N","N","0","","0","0","1","","0","","","2","1","1","0","0","1","0","2","0","1","","03","","N","","","","","","","","","",""
"2021070443","1352","2","0","0","0","0","0","0","0","0","4","0","","67","7","2021","3","40.027071","-75.075551","1347","6","0","0","0","0","1","0","1","0","","0","0","0","","","1","","1","","40 01:37.457","","0","75 04:31.983","3","0","0","0","67301","0","0","0","N","0","0","0","3","67301","0","","1.0","","1","N","N","N","0","","1","0","0","","2","","","2","1","0","0","0","0","0","2","0","2","","","","N","","","","","","","","","",""
"2021072761","1320","2","0","0","0","0","0","0","0","0","4","0","","67","8","2021","4","40.054648","-75.125005","1310","6","0","0","0","0","0","0","1","0","","0","0","0","","","1","","1","","40 03:16.733","","0","75 07:30.018","3","0","0","0","67301","0","0","0","N","0","0","0","4","67301","0","","1.0","","1","N","N","N","0","","1","0","0","","2","","","2","1","4","0","0","0","0","2","0","2","","","","N","","","","","","","","","",""
"2021070341","1810","2","0","0","0","0","0","0","0","0","5","0","","67","7","2021","3","39.926121","-75.169357","1805","6","0","0","0","0","0","0","0","0","","0","0","0","","","0","N","0","","39 55:34.037","","0","75 10:09.684","0","0","0","0","67301","0","0","0","N","0","0","0","1","67301","0","","6.0","","1","N","N","N","0","","0","0","1","","0","","","3","0","0","0","0","0","0","2","0","3","","03","","N","","","","","","","","","",""
"2021113502","1545","1","0","0","0","0","0","0","0","0","5","0","","67","11","2021","1","39.986265","-75.092391","1537","6","0","0","0","0","1","0","0","0","","0","0","0","","","3","N","0","","39 59:10.554","2","0","75 05:32.607","3","0","0","0","67301","0","0","0","N","0","0","0","5","68K01","1","","1.0","1630.0","1","N","N","N","0","","2","0","1","","0","N","","2","3","1","0","0","0","1","2","0","2","","03","","N","","","","","","","","","",""
"2021070738","0655","1","0","0","0","0","0","0","0","0","4","0","","67","7","2021","2","40.041412","-75.120105","0655","6","0","1","0","0","0","0","1","0","","0","0","0","","","3","","1","","40 02:29.083","","0","75 07:12.377","8","0","0","0","67301","0","0","0","N","0","0","0","3","67301","0","","1.0","","1","N","N","N","0","","0","0","1","","2","","","2","3","1","0","0","3","0","2","0","2","","03","","N","","","","","","","","","",""
"2021072304","1326","4","0","0","0","0","0","0","0","0","1","0","","67","7","2021","6","39.973325","-75.158975","1321","6","0","0","0","0","0","0","0","0","","0","0","0","","","2","N","0","","39 58:23.969","","0","75 09:32.309","3","0","0","0","67301","0","0","0","N","0","0","0","5","67301","0","","1.0","","1","N","N","N","0","","2","0","1","","0","","","5","2","0","0","0","0","0","2","0","5","","03","","N","","","","","","","","","",""
"2021070487","0251","2","0","0","0","0","0","0","0","0","5","0","","67","7","2021","1","39.980425","-75.171366","0250","6","0","0","0","1","1","0","0","0","","0","0","0","","","2","N","0","","39 58:49.531","5","0","75 10:16.916","8","0","0","0","67301","0","0","0","N","0","0","0","4","67301","0","","1.0","342.0","1","N","N","N","0","","0","0","0","","0","Y","","2","2","0","0","0","2","2","2","0","2","","03","","N","","","","","","","","","",""
"2021069120","0226","1","0","0","0","0","0","0","0","0","7","0","","67","7","2021","1","39.938516","-75.142585","0224","6","0","0","0","0","0","0","0","0","","0","0","0","","","1","N","0","","39 56:18.659","","2","75 08:33.307","8","0","0","0","67301","0","0","0","N","0","0","0","1","68K01","0","","4.0","","9","N","N","N","0","","0","0","0","","0","","","1","1","1","0","0","1","0","2","0","1","","","","N","","","","","","","","","",""
"2021072517","1419","0","0","0","0","0","0","0","0","0","1","0","","67","7","2021","4","39.949106","-75.184964","1406","6","0","0","0","0","0","0","0","0","","0","0","0","","","0","N","0","","39 56:56.782","3","0","75 11:05.872","0","0","0","0","67301","0","0","0","N","0","0","0","5","68K01","0","","1.0","1425.0","1","N","N","N","0","","0","0","2","","0","N","","2","0","0","0","0","0","0","2","0","2","","","","N","","","","","","","","","",""
"2021071276","1257","0","0","0","0","0","0","0","0","0","4","0","","67","7","2021","7","40.012311","-75.150574","1257","6","0","0","0","0","0","0","1","0","","0","0","0","","","0","","1","","40 00:44.321","","0","75 09:02.067","9","0","0","0","67301","0","0","0","N","0","0","0","2","67301","0","","1.0","","1","N","N","N","0","","0","0","2","","2","","","2","0","0","0","0","0","2","2","0","2","","","","N","","","","","","","","","",""
"2021072491","0238","0","0","0","0","0","0","0","0","0","7","0","35","67","8","2021","1","39.914889","-75.189583","0234","6","0","0","0","0","0","0","0","0","","0","0","0","","","0","N","0","","39 54:53.600","4","3","75 11:22.500","0","0","0","0","67301","0","0","0","N","0","0","0","1","67501","0","","3.0","333.0","1","N","N","N","0","","0","0","1","","0","N","","1","0","0","0","0","0","0","2","0","1","","","N","Y","4","1","","","N","Y","","","Y","N"
"2021070351","0040","1","0","0","0","0","0","0","0","0","4","0","","67","7","2021","1","40.043134","-75.073804","0038","6","0","0","0","0","0","0","0","0","","0","0","0","","","0","","1","","40 02:35.284","1","0","75 04:25.695","0","0","0","0","67301","0","0","0","Y","0","0","0","3","67301","0","","1.0","150.0","1","N","N","N","0","","0","0","1","","2","Y","","3","0","0","0","0","0","0","2","1","3","","03","","N","","","","","","","","","",""
"2021113687","1655","0","0","0","0","0","0","0","0","0","8","0","","67","11","2021","5","39.952781","-75.166828","1650","6","0","0","0","0","0","0","0","0","","0","0","0","","","1","","1","","39 57:10.013","","0","75 10:00.580","8","0","0","0","67301","1","0","0","N","1","0","0","1","67301","0","","1.0","","1","N","N","N","0","","0","0","0","","2","","","2","1","0","0","0","1","0","2","0","1","","03","","N","","","","","","","","","",""
"2021113553","1734","1","0","0","0","0","0","0","0","0","4","0","","67","11","2021","3","40.051385","-75.148574","1734","6","0","0","0","0","0","0","1","0","","0","0","0","","","1","","1","","40 03:04.985","","0","75 08:54.866","8","0","0","0","67301","0","0","0","N","0","0","0","2","67301","0","","1.0","","1","N","N","N","0","","0","0","0","","3","","","2","1","0","0","0","1","1","2","1","2","","03","","N","","","","","","","","","",""
"2021114669","2110","0","0","0","0","0","0","0","0","0","1","0","","67","11","2021","5","40.020578","-75.157636","2019","6","0","0","0","0","0","1","0","0","","0","0","0","","","1","N","0","","40 01:14.079","1","3","75 09:27.490","3","0","0","0","67301","0","0","0","N","0","0","0","2","67301","0","","1.0","2230.0","9","N","N","N","0","","1","0","1","","0","N","","2","1","0","0","0","0","1","2","0","2","","","","N","","","","","","","","","",""
"2021115279","0041","3","0","0","0","0","0","0","0","0","2","0","","67","10","2021","2","40.065158","-75.236664","0041","6","0","0","0","0","0","0","0","0","","0","0","0","","","1","N","0","","40 03:54.570","","7","75 14:11.990","3","0","0","0","67301","0","0","0","N","0","0","0","1","67301","0","","9.0","","1","N","N","N","0","","1","0","1","","0","","","4","1","0","0","0","0","0","2","0","4","","","","N","","","","","","","","","",""
"2021070439","0250","1","0","0","0","0","0","0","0","0","5","0","","67","7","2021","1","40.034554","-75.068639","0250","6","0","0","0","0","0","0","0","0","","0","0","0","","","0","N","0","","40 02:04.393","4","0","75 04:07.099","0","0","0","0","67301","0","0","0","N","0","0","0","1","67301","0","","6.0","415.0","9","N","N","N","0","","0","0","2","","0","N","","4","0","0","0","0","0","0","2","1","4","","","","N","","","","","","","","","",""
"2021071544","1232","1","0","0","0","0","0","0","0","0","1","0","","67","8","2021","2","39.95906","-75.203602","1231","6","0","0","0","0","0","0","0","1","","0","0","0","","","1","","1","","39 57:32.616","7","0","75 12:12.967","4","0","0","1","67301","0","0","0","N","0","0","0","2","67301","1","","1.0","100.0","1","N","N","N","0","","0","0","0","","3","Y","","2","1","0","0","0","0","0","2","0","2","","03","","N","","","","","","","","","",""
"2021070357","1238","1","0","0","0","0","0","0","0","0","4","0","","67","7","2021","2","40.044291","-75.096344","1233","6","0","0","0","0","0","0","0","0","","0","0","0","","","0","","1","","40 02:39.447","6","0","75 05:46.838","0","0","0","0","67301","0","0","0","N","0","0","0","3","67301","0","","1.0","1310.0","1","N","N","N","0","","0","0","1","","0","N","","2","0","0","0","0","0","0","2","0","2","","","","N","","","","","","","","","",""
"2021114214","2055","2","0","0","0","0","0","0","0","0","1","0","","67","10","2021","2","39.969186","-75.127412","2049","6","0","0","1","0","0","0","0","0","","0","0","0","","","3","N","0","","39 58:09.069","2","0","75 07:38.683","8","0","0","0","67301","0","0","0","N","0","0","0","5","68K01","0","","4.0","2120.0","9","N","N","N","0","","0","0","0","","8","N","","2","3","0","0","0","3","0","2","0","2","","07","","N","","","","","","","","","",""
"2021070543","0300","1","0","0","0","0","0","0","0","0","2","0","","67","7","2021","1","40.044174","-75.113035","0252","6","0","0","0","0","0","0","0","0","","0","0","0","","","0","N","0","","40 02:39.025","","0","75 06:46.925","0","0","0","0","67301","0","0","0","N","0","0","0","1","67301","0","","6.0","","1","N","N","N","0","","0","0","2","","0","","","3","0","0","0","0","0","0","2","0","3","","03","","N","","","","","","","","","",""
"2021071089","1027","0","0","0","0","0","0","0","0","0","4","0","","67","7","2021","5","39.970158","-75.145059","1026","6","0","0","0","0","0","1","0","0","","0","0","0","","","0","","1","","39 58:12.569","","0","75 08:42.214","0","0","0","0","67301","0","0","0","N","0","0","0","2","67301","0","","1.0","","1","N","N","N","0","","0","0","1","","2","","","2","0","1","0","0","0","0","2","1","2","","03","","N","","","","","","","","","",""
"2021070378","1620","0","0","0","0","0","0","0","0","0","4","0","","67","7","2021","3","39.954315","-75.139727","1615","6","0","0","0","0","0","0","0","0","","0","0","0","","","2","","2","","39 57:15.535","","0","75 08:23.018","3","0","0","0","67301","0","0","0","N","0","0","0","2","67301","0","","1.0","","1","N","N","N","0","","2","0","2","","0","","","2","2","0","0","0","0","0","2","0","2","","03","","N","","","","","","","","","",""
"2021114743","1009","3","0","0","0","0","0","0","0","0","1","0","","67","11","2021","6","39.968722","-75.128493","1003","6","0","0","1","0","0","0","1","0","","0","0","0","","","0","N","0","","39 58:07.399","2","0","75 07:42.574","9","0","0","0","67301","0","0","0","N","0","0","0","3","68K01","0","","1.0","1043.0","9","N","N","N","0","","0","0","0","","8","N","","3","0","0","0","0","0","1","2","0","3","","07","","N","","","","","","","","","",""
"2021073452","1848","0","0","0","0","0","0","0","0","0","1","0","","67","7","2021","2","40.043108","-75.143737","1844","6","0","0","0","0","0","1","0","0","","0","0","0","","","0","N","0","","40 02:35.187","","0","75 08:37.453","0","0","0","0","67301","0","0","0","N","0","0","0","2","67301","0","","1.0","","1","N","N","N","0","","0","0","2","","0","","","2","0","0","0","0","0","0","2","0","2","","03","","N","","","","","","","","","",""
"2021072902","2100","1","0","0","0","0","0","0","0","0","4","0","","67","7","2021","7","40.040363","-75.124174","2100","6","0","0","0","0","0","2","0","0","","0","0","0","","","3","","1","","40 02:25.306","","0","75 07:27.026","8","0","0","0","67301","0","0","0","N","0","0","0","4","67301","0","","1.0","","99","N","N","N","0","","0","0","0","","2","","","2","3","0","0","0","3","1","2","1","2","","","","N","","","","","","","","","",""
"2021070446","0145","1","0","0","0","0","0","0","0","0","4","0","","67","7","2021","5","40.008621","-75.068836","0139","6","0","0","0","0","0","0","0","0","","0","0","0","","","0","","1","","40 00:31.034","","0","75 04:07.810","9","0","0","0","67301","0","0","0","N","0","0","0","2","67301","0","","1.0","","1","N","N","N","0","","0","0","1","","2","","","2","0","0","0","0","0","1","2","0","2","","03","","N","","","","","","","","","",""
"2021114712","0343","3","0","0","0","0","0","0","0","0","1","0","","67","10","2021","7","39.963906","-75.184303","0329","6","0","0","0","0","0","0","0","0","","0","0","0","","","1","N","0","","39 57:50.060","4","0","75 11:03.492","3","0","0","0","67301","0","0","0","N","0","0","0","3","68K01","0","","1.0","418.0","1","N","N","N","0","","1","0","0","","0","N","","3","1","0","0","0","0","1","2","0","3","","","","N","","","","","","","","","",""
"2021104841","","1","0","1","0","0","0","0","0","0","1","0","","67","6","2021","3","","","","6","0","0","0","0","0","0","0","0","","0","0","0","","","1","N","0","","","","0","","2","0","0","0","67301","0","0","0","N","0","0","0","3","00000","0","","1.0","","1","N","N","N","0","","0","1","0","","0","","","2","1","0","0","0","0","0","1","0","2","","","","N","","","","","","","","","",""
"2021113330","1200","0","0","0","0","0","0","0","0","0","2","1","","67","11","2021","6","40.008986","-75.066549","1147","6","0","0","0","0","0","0","0","0","","0","1","0","","","1","N","0","","40 00:32.349","2","0","75 03:59.575","3","0","0","0","67301","0","0","0","N","0","0","0","2","67301","0","","1.0","1330.0","1","N","N","N","0","","1","0","1","","0","Y","","2","1","0","0","0","0","0","2","0","2","","03","","N","","","","","","","","","",""
"2021112826","2330","3","0","0","0","0","0","0","0","0","4","0","","67","11","2021","7","39.913083","-75.243294","2321","6","0","0","0","0","0","1","0","0","","1","0","0","","","3","","5","","39 54:47.100","6","0","75 14:35.859","1","0","0","0","67301","0","0","0","N","0","0","0","5","67301","0","2","1.0","600.0","1","N","N","Y","0","0","2","1","1","","2","Y","","4","3","0","0","0","0","0","2","0","4","","03","","N","","","","","","","","","",""
"2021070532","0850","0","0","0","0","0","0","0","0","0","8","0","","67","7","2021","4","39.972483","-75.141435","0848","6","0","0","0","0","0","0","0","0","","0","0","0","","","1","","1","","39 58:20.938","","0","75 08:29.165","4","0","0","0","67301","1","0","0","N","1","0","0","2","67301","1","","1.0","","1","N","N","N","0","","0","0","0","","3","","","2","1","0","0","0","0","0","2","0","1","","03","","N","","","","","","","","","",""
"2021071027","1000","1","0","0","0","0","0","0","0","0","4","0","","67","7","2021","4","39.913711","-75.147666","0950","6","0","0","0","1","0","0","0","0","","0","0","0","","","1","","1","","39 54:49.359","","0","75 08:51.599","3","0","0","0","67301","0","0","0","N","0","0","0","2","67301","0","","1.0","","1","N","N","N","0","","1","0","1","","0","","","2","1","0","0","0","0","0","2","0","2","","03","","N","","","","","","","","","",""
"2021071094","1848","0","0","0","0","0","0","0","0","0","4","0","","67","7","2021","6","39.975578","-75.191855","1848","6","0","0","0","0","0","2","0","0","","0","0","0","","","0","","2","","39 58:32.079","","0","75 11:30.679","0","0","0","0","67301","0","0","0","N","0","0","0","5","67301","0","","1.0","","1","N","N","N","1","","0","0","1","","0","","","2","0","0","0","0","0","0","2","0","2","","03","","N","","","","","","","","","",""
"2021114632","0910","0","0","0","0","0","0","1","0","0","8","1","","67","11","2021","5","39.938065","-75.16844","0905","6","0","0","0","0","0","1","0","0","","0","0","0","","","1","","1","","39 56:17.034","","0","75 10:06.383","3","0","0","0","67301","1","0","0","N","1","0","0","2","67301","0","","1.0","","1","N","N","N","0","","1","0","0","","2","","","2","1","0","0","0","0","0","2","0","1","","03","","N","","","","","","","","","",""
"2021077509","1658","1","0","0","0","0","0","0","0","0","4","0","","67","7","2021","7","39.999733","-75.174893","1654","6","0","0","0","0","0","1","0","0","","0","0","0","","","0","","1","","39 59:59.038","","0","75 10:29.614","0","0","0","0","67301","0","0","0","N","0","0","0","2","67301","0","","1.0","","1","N","N","N","0","","0","0","1","","3","","","2","0","0","0","0","0","0","2","0","2","","","","N","","","","","","","","","",""
"2021073821","1053","2","0","1","0","0","0","0","0","0","1","0","","67","8","2021","4","39.977227","-75.199438","1036","6","0","0","0","0","0","1","1","0","","0","0","0","","","1","N","0","","39 58:38.017","","0","75 11:57.978","2","0","0","0","67301","0","0","0","N","0","0","0","3","68K01","0","","1.0","","1","N","N","N","0","","0","1","1","","0","","","3","1","0","0","0","0","0","2","0","3","","","","N","","","","","","","","","",""
"2021116057","1225","1","0","0","0","0","0","0","0","0","8","0","","67","11","2021","1","39.937393","-75.142088","1221","6","0","0","0","0","0","1","0","0","","0","0","0","","","1","N","0","","39 56:14.615","","0","75 08:31.516","2","0","0","0","67301","1","0","1","N","1","0","1","3","67301","0","","1.0","","1","N","N","N","0","","0","1","0","","0","","","2","1","0","0","0","0","0","2","0","1","","","","N","","","","","","","","","",""
"2021118101","0908","0","0","0","0","0","0","0","0","0","1","0","","67","11","2021","2","39.957007","-75.180298","0857","6","0","0","0","0","0","0","0","0","","0","0","0","","","1","N","0","","39 57:25.225","4","1","75 10:49.071","2","0","0","0","67301","0","0","0","N","0","0","0","2","68K01","0","","1.0","930.0","1","N","N","N","0","","0","1","1","","0","N","","2","1","0","0","0","0","0","2","1","2","","03","","N","","","","","","","","","",""
"2021115901","1700","0","0","0","0","0","0","0","0","0","4","1","","67","11","2021","4","40.025489","-75.125437","1645","6","0","0","0","0","0","0","0","0","","0","1","0","","","1","","1","","40 01:31.761","","0","75 07:31.573","3","0","0","0","67301","0","0","0","N","0","0","0","2","67301","0","","1.0","","1","N","N","N","0","","1","0","1","","2","","","2","1","0","0","0","0","0","2","0","2","","03","","N","","","","","","","","","",""
"2021078580","1625","0","0","0","0","0","0","0","0","0","4","0","","67","8","2021","7","40.045593","-75.071436","1619","6","0","0","0","0","0","1","0","0","","0","0","0","","","1","","1","","40 02:44.136","1","0","75 04:17.168","3","0","0","0","67301","0","0","0","N","0","0","0","3","67301","0","","1.0","1800.0","1","N","N","N","0","","1","0","3","","2","N","","3","1","0","0","0","0","0","2","0","3","","","","N","","","","","","","","","",""
"2021071835","0615","0","0","0","0","0","0","0","0","0","7","0","","67","8","2021","3","39.966829","-75.129578","0613","6","0","0","0","0","0","0","0","0","","0","0","0","","","0","N","0","","39 58:00.583","1","0","75 07:46.479","0","0","0","0","67301","0","0","0","N","0","0","0","1","67301","0","","3.0","700.0","1","N","N","N","0","","0","0","1","","0","N","","1","0","0","0","0","0","0","2","0","1","","03","","N","","","","","","","","","",""
"2021071404","1252","1","0","0","0","0","0","0","0","0","4","0","","67","7","2021","7","40.020858","-75.148713","1252","6","0","0","0","0","0","1","0","0","","0","0","0","","","3","","2","","40 01:15.088","","0","75 08:55.365","3","0","0","0","67301","0","0","0","N","0","0","0","5","67301","0","","1.0","","1","N","N","N","0","","1","0","1","","0","","","2","3","1","0","0","2","2","2","0","2","","03","","N","","","","","","","","","",""
"2021114622","1140","0","0","0","0","0","0","1","0","0","8","1","","67","11","2021","3","39.922647","-75.185174","1118","6","0","0","0","0","0","1","0","0","","0","0","0","","","1","","5","","39 55:21.529","","0","75 11:06.627","8","0","0","0","67301","1","0","0","N","1","0","0","2","67508","0","","1.0","","1","N","N","Y","0","","0","0","0","","2","N","","2","1","0","0","0","1","0","2","0","1","","03","","N","","","","","","","","","",""
"2021073638","0255","1","0","0","0","0","0","0","0","0","5","0","","67","8","2021","7","39.954491","-75.20555","0254","6","0","0","0","0","0","0","0","0","","0","0","0","","","0","N","0","","39 57:16.167","","0","75 12:19.980","0","0","0","0","67301","0","0","0","N","0","0","0","1","67504","0","","6.0","","1","N","N","N","0","","0","0","1","","0","","","2","0","0","0","0","0","0","2","0","2","","03","","N","","","","","","","","","",""
"2021074702","1809","1","0","0","0","0","0","0","0","0","5","0","","67","8","2021","5","40.015043","-75.135168","1809","6","0","0","0","0","0","0","0","0","","0","0","0","","","0","","1","","40 00:54.154","","0","75 08:06.604","9","0","0","0","67301","0","0","0","N","0","0","0","2","67301","0","","1.0","","1","N","N","N","0","","0","0","0","","2","","","2","0","0","0","0","0","2","2","0","2","","03","","N","","","","","","","","","",""
"2021121361","0852","0","0","0","0","0","0","0","0","0","1","0","","67","12","2021","4","40.002339","-75.194993","0823","6","0","0","0","0","0","1","0","0","","0","0","0","","","1","N","0","","40 00:08.419","","0","75 11:41.973","8","0","0","0","67301","0","0","0","N","0","0","0","2","68K01","0","","1.0","","1","N","N","N","0","","0","0","2","","0","","","2","1","0","0","0","1","0","2","0","2","","03","","N","","","","","","","","","",""
"2021071747","1558","1","0","0","0","0","0","0","0","0","1","0","","67","8","2021","2","40.032893","-75.177728","1558","6","0","0","0","0","0","0","1","0","","0","0","0","","","1","","2","","40 01:58.414","","0","75 10:39.820","3","0","0","0","67301","0","0","0","N","0","0","0","2","67301","0","","1.0","","1","N","N","N","0","","1","0","0","","2","","","2","1","0","0","0","0","0","2","0","2","","03","","N","","","","","","","","","",""