"CRN","ARRIVAL_TM","AUTOMOBILE_COUNT","BELTED_DEATH_COUNT","BELTED_SUSP_SERIOUS_INJ_COUNT","BICYCLE_COUNT","BICYCLE_DEATH_COUNT","BICYCLE_SUSP_SERIOUS_INJ_COUNT","BUS_COUNT","CHLDPAS_DEATH_COUNT","CHLDPAS_SUSP_SERIOUS_INJ_COUNT","COLLISION_TYPE","COMM_VEH_COUNT","CONS_ZONE_SPD_LIM","COUNTY","CRASH_MONTH","CRASH_YEAR","DAY_OF_WEEK","DEC_LATITUDE","DEC_LONGITUDE","DISPATCH_TM","DISTRICT","DRIVER_COUNT_16YR","DRIVER_COUNT_17YR","DRIVER_COUNT_18YR","DRIVER_COUNT_19YR","DRIVER_COUNT_20YR","DRIVER_COUNT_50_64YR","DRIVER_COUNT_65_74YR","DRIVER_COUNT_75PLUS","EST_HRS_CLOSED","FATAL_COUNT","HEAVY_TRUCK_COUNT","HORSE_BUGGY_COUNT","HOUR_OF_DAY","ILLUMINATION","INJURY_COUNT","INTERSECTION_RELATED","INTERSECT_TYPE","LANE_CLOSED","LATITUDE","LN_CLOSE_DIR","LOCATION_TYPE","LONGITUDE","MAX_SEVERITY_LEVEL","MCYCLE_DEATH_COUNT","MCYCLE_SUSP_SERIOUS_INJ_COUNT","MOTORCYCLE_COUNT","MUNICIPALITY","NONMOTR_COUNT","NONMOTR_DEATH_COUNT","NONMOTR_SUSP_SERIOUS_INJ_COUNT","NTFY_HIWY_MAINT","PED_COUNT","PED_DEATH_COUNT","PED_SUSP_SERIOUS_INJ_COUNT","PERSON_COUNT","POLICE_AGCY","POSSIBLE_INJ_COUNT","RDWY_SURF_TYPE_CD","RELATION_TO_ROAD","ROADWAY_CLEARED","ROAD_CONDITION","SCH_BUS_IND","SCH_ZONE_IND","SECONDARY_CRASH","SMALL_TRUCK_COUNT","SPEC_JURIS_CD","SUSP_MINOR_INJ_COUNT","SUSP_SERIOUS_INJ_COUNT","SUV_COUNT","TCD_FUNC_CD","TCD_TYPE","TFC_DETOUR_IND","TIME_OF_DAY","TOTAL_UNITS","TOT_INJ_COUNT","UNBELTED_OCC_COUNT","UNB_DEATH_COUNT","UNB_SUSP_SERIOUS_INJ_COUNT","UNK_INJ_DEG_COUNT","UNK_INJ_PER_COUNT","URBAN_RURAL","VAN_COUNT","VEHICLE_COUNT","WEATHER1","WEATHER2","WORKERS_PRES","WORK_ZONE_IND","WORK_ZONE_LOC","WORK_ZONE_TYPE","WZ_CLOSE_DETOUR","WZ_FLAGGER","WZ_LAW_OFFCR_IND","WZ_LN_CLOSURE","WZ_MOVING","WZ_OTHER","WZ_SHLDER_MDN","WZ_WORKERS_INJ_KILLED"
"2021078347","0610","2","0","0","0","0","0","0","0","0","4","0","","67","8","2021","1","40.009832","-75.166871","0607","6","0","0","0","0","0","1","0","0","","0","0","0","","","1","","1","","40 00:35.396","","0","75 10:00.737","8","0","0","0","67301","0","0","0","N","0","0","0","2","67301","0","","1.0","","1","N","N","N","0","","0","0","0","","2","","","2","1","0","0","0","1","0","2","0","2","","03","","N","","","","","","","","","",""
"2021071680","0345","1","0","0","0","0","0","0","0","0","7","0","","67","8","2021","1","39.956622","-75.142392","0334","6","0","0","0","0","0","1","0","0","","0","0","0","","","1","N","0","","39 57:23.840","3","8","75 08:32.612","4","0","0","0","67301","0","0","0","N","0","0","0","1","68K01","1","","2.0","405.0","1","N","N","N","0","","0","0","0","","0","N","","1","1","0","0","0","0","0","2","0","1","","","","N","","","","","","","","","",""
"2021072755","0126","2","0","0","0","0","0","0","0","0","5","0","","67","8","2021","5","39.928744","-75.239497","0126","6","0","0","0","1","0","0","0","0","","0","0","0","","","0","N","0","","39 55:43.478","","0","75 14:22.189","9","0","0","0","67301","0","0","0","N","0","0","0","1","67301","0","","6.0","","1","N","N","N","0","","0","0","0","","0","","","2","0","0","0","0","0","1","2","0","2","","03","","N","","","","","","","","","",""
"2021073350","1649","1","0","0","0","0","0","0","0","0","4","0","","67","7","2021","7","40.020659","-75.148756","1646","6","0","0","0","0","0","0","0","0","","0","0","0","","","2","","2","","40 01:14.374","","0","75 08:55.521","3","0","0","0","67301","0","0","0","N","0","0","0","2","67301","0","","1.0","","1","N","N","N","0","","2","0","1","","0","","","2","2","0","0","0","0","0","2","0","2","","","","N","","","","","","","","","",""
"2021079606","0153","0","0","0","0","0","0","0","0","0","6","0","","67","8","2021","6","39.980538","-75.198043","0142","6","0","0","0","0","0","0","0","0","","0","0","0","","","2","","2","","39 58:49.935","","0","75 11:52.955","8","0","0","0","67301","0","0","0","N","0","0","0","3","67301","0","","1.0","","1","N","N","N","0","","0","0","2","","2","","","2","2","0","0","0","2","1","2","0","2","","","","N","","","","","","","","","",""
"2021077468","1610","1","0","0","0","0","0","0","0","0","1","0","","67","8","2021","4","40.118875","-75.01809","1605","6","0","0","0","0","0","0","0","0","","0","0","0","","","1","","1","","40 07:07.949","5","0","75 01:05.123","8","0","0","0","67301","0","0","0","N","0","0","0","2","67301","0","","1.0","1620.0","1","N","N","N","0","","0","0","1","","2","N","","2","1","0","0","0","1","1","2","0","2","","","","N","","","","","","","","","",""
"2021071793","0349","1","0","0","0","0","0","0","0","0","4","0","","67","7","2021","7","39.924854","-75.183026","0344","6","0","0","0","0","0","0","0","0","","0","0","0","","","2","","1","","39 55:29.474","1","0","75 10:58.893","3","0","0","0","67301","0","0","0","N","0","0","0","2","67301","0","","1.0","514.0","1","N","N","N","0","","2","0","1","","3","N","","2","2","0","0","0","0","0","2","0","2","","03","","N","","","","","","","","","",""
"2021073933","1643","1","0","1","0","0","0","0","0","0","4","0","","67","8","2021","5","39.995034","-75.227631","1643","6","0","0","0","0","0","0","0","1","","0","0","0","","","1","","1","","39 59:42.122","","0","75 13:39.471","2","0","0","0","67301","0","0","0","N","0","0","0","3","67301","0","","1.0","","1","N","N","N","0","","0","1","1","","3","","","2","1","0","0","0","0","0","2","0","2","","03","","N","","","","","","","","","",""
"2021118092","1331","1","0","0","0","0","0","0","0","0","7","0","","67","11","2021","5","39.93678","-75.1992","1308","6","0","0","0","0","0","0","0","0","","0","0","0","","","1","N","0","","39 56:12.408","4","0","75 11:57.119","3","0","0","0","67301","0","0","0","N","0","0","0","1","68K01","0","","7.0","1315.0","1","N","N","N","0","","1","0","0","","0","Y","","1","1","0","0","0","0","0","2","0","1","","","","N","","","","","","","","","",""
"2021078167","0110","2","0","0","0","0","0","0","0","0","4","0","","67","8","2021","7","39.98665","-75.113081","0102","6","0","0","0","0","0","1","0","0","","0","0","0","","","3","N","0","","39 59:11.940","1","0","75 06:47.090","3","0","0","0","67301","2","0","0","N","2","0","0","3","67301","1","","1.0","200.0","1","N","N","N","1","","2","0","3","","0","Y","","8","3","1","0","0","0","0","2","0","6","","03","","N","","","","","","","","","",""
"2021071119","0320","3","0","0","0","0","0","0","0","0","1","0","","67","7","2021","7","40.02533","-75.181301","0315","6","0","0","0","0","0","0","0","0","","0","0","0","","","0","N","0","","40 01:31.187","5","0","75 10:52.684","0","0","0","0","67301","0","0","0","N","0","0","0","2","67301","0","","6.0","400.0","1","N","N","N","0","","0","0","1","","0","N","","4","0","0","0","0","0","0","2","0","4","","03","","N","","","","","","","","","",""
"2021073363","1705","1","0","0","0","0","0","0","0","0","2","0","","67","8","2021","5","40.025438","-75.073048","1705","6","0","0","0","0","0","1","0","0","","0","0","0","","","3","N","0","","40 01:31.578","5","0","75 04:22.972","2","0","0","0","67301","0","0","0","N","0","0","0","3","67301","0","","1.0","2040.0","1","N","N","N","1","","2","1","0","","0","Y","","2","3","0","0","0","0","0","2","0","2","","","","N","","","","","","","","","",""
"2021072784","1914","1","0","0","0","0","0","0","0","0","8","0","","67","8","2021","4","39.957043","-75.226147","1913","6","0","0","0","0","0","1","0","0","","0","0","0","","","1","N","0","","39 57:25.354","","0","75 13:34.128","3","0","0","0","67301","1","0","0","N","1","0","0","2","67301","0","","1.0","","1","N","N","N","0","","1","0","0","","0","","","2","1","1","0","0","0","0","2","0","1","","03","","N","","","","","","","","","",""
"2021077633","1847","1","0","0","0","0","0","0","0","0","4","0","","67","8","2021","4","39.995778","-75.1875","1838","6","0","0","0","0","1","0","0","0","","0","0","0","","","1","","3","","39 59:44.799","","0","75 11:15.000","3","0","0","1","67301","0","0","0","N","0","0","0","2","67301","0","","1.0","","1","N","N","N","0","","1","0","0","","2","","","2","1","0","0","0","0","0","2","0","2","","03","","N","","","","","","","","","",""
"2021073967","0241","1","0","0","0","0","0","0","0","0","7","0","","67","8","2021","1","39.954782","-75.166384","0238","6","0","0","0","0","0","0","0","0","","0","0","0","","","0","","5","","39 57:17.215","","0","75 09:58.983","0","0","0","0","67301","0","0","0","N","0","0","0","2","67301","0","","4.0","","9","N","N","N","0","","0","0","0","","2","","","1","0","0","0","0","0","0","2","0","1","","","","N","","","","","","","","","",""
"2021073144","2057","1","0","0","0","0","0","0","0","0","8","0","","67","8","2021","5","39.991913","-75.139254","2056","6","0","0","0","0","0","0","0","0","","0","0","0","","","1","","1","","39 59:30.888","","0","75 08:21.316","2","0","0","0","67301","1","0","1","N","1","0","1","2","67301","0","","1.0","","1","N","N","N","0","","0","1","0","","9","","","2","1","0","0","0","0","0","2","0","1","","98","","N","","","","","","","","","",""
"2021083272","1600","2","0","0","0","0","0","0","0","0","4","0","","67","8","2021","3","40.003105","-75.177252","1600","6","0","0","0","0","0","1","0","0","","0","0","0","","","1","","1","","40 00:11.177","","0","75 10:38.108","3","0","0","0","67301","0","0","0","N","0","0","0","2","67301","0","","1.0","","1","N","N","N","0","","1","0","0","","2","","","2","1","0","0","0","0","0","2","0","2","","03","","N","","","","","","","","","",""
"2021072372","0733","3","0","0","0","0","0","0","0","0","5","0","","67","7","2021","7","39.938747","-75.173944","0729","6","0","0","0","0","0","0","0","0","","0","0","0","","","1","N","0","","39 56:19.490","3","0","75 10:26.200","3","0","0","0","67301","0","0","0","N","0","0","0","2","67301","0","","1.0","755.0","1","N","N","N","0","","1","0","1","","0","N","","4","1","0","0","0","0","0","2","0","4","","","","N","","","","","","","","","",""
"2021080885","0017","1","0","0","0","0","0","0","0","0","4","0","","67","8","2021","7","39.903449","-75.15844","0017","6","0","0","0","0","0","0","0","0","","0","0","0","","","2","","1","","39 54:12.416","4","0","75 09:30.383","3","0","0","0","67301","0","0","0","N","0","0","0","4","67301","1","","1.0","100.0","1","N","N","N","0","","1","0","0","","2","N","","2","2","4","0","0","0","0","2","1","2","","03","","N","","","","","","","","","",""
"2021073173","0948","0","0","0","0","0","0","0","0","0","2","0","","67","8","2021","6","40.03626","-75.129176","0941","6","0","0","0","0","0","0","0","0","","0","0","0","","","1","N","0","","40 02:10.536","","0","75 07:45.032","3","0","0","0","67301","0","0","0","N","0","0","0","2","67301","0","","6.0","","1","N","N","N","0","","1","0","3","","0","","","3","1","0","0","0","0","1","2","0","3","","","","N","","","","","","","","","",""
"2021090688","0037","2","0","0","0","0","0","0","0","0","1","0","","67","8","2021","1","39.978627","-75.110403","0016","6","0","0","0","0","1","0","0","0","","0","0","0","","","1","N","0","","39 58:43.058","2","0","75 06:37.451","3","0","0","0","67301","0","0","0","N","0","0","0","3","68K01","0","","1.0","40.0","1","N","N","N","0","","1","0","1","","0","N","","3","1","0","0","0","0","0","2","0","3","","03","","N","","","","","","","","","",""
"2021071019","1247","1","0","0","0","0","0","0","0","0","4","0","","67","7","2021","6","40.00468","-75.152126","1245","6","0","0","0","0","1","1","0","0","","0","0","0","","","1","","1","","40 00:16.847","4","0","75 09:07.652","3","0","0","1","67301","0","0","0","Y","0","0","0","3","67505","0","","1.0","115.0","1","","","N","0","","1","0","0","","2","N","","2","1","0","0","0","0","0","2","0","2","","03","","N","","","","","","","","","",""
"2021105771","","2","0","0","0","0","0","0","0","0","1","0","","67","8","2021","2","40.030139","-75.16475","","6","0","0","0","0","0","0","0","0","","0","0","0","","","2","N","0","","40 01:48.500","","0","75 09:53.100","3","0","0","0","67301","0","0","0","N","0","0","0","3","00000","0","","1.0","","1","N","N","N","0","","2","0","0","","0","","","2","2","0","0","0","0","0","2","0","2","","","","N","","","","","","","","","",""
"2021118127","1452","1","0","0","0","0","0","0","0","0","1","0","","67","11","2021","7","39.967531","-75.132433","1452","6","0","0","0","0","0","0","0","0","","0","0","0","","","0","N","0","","39 58:03.111","","0","75 07:56.758","0","0","0","0","67301","0","0","0","N","0","0","0","5","68K01","0","","1.0","","1","N","N","N","0","","0","0","1","","0","","","2","0","0","0","0","0","0","2","0","2","","","","N","","","","","","","","","",""
"2021075211","0405","1","0","0","0","0","0","0","0","0","7","0","","67","8","2021","7","39.958063","-75.165675","0405","6","0","0","0","0","0","0","0","0","","0","0","0","","","0","","1","","39 57:29.026","3","3","75 09:56.430","0","0","0","0","67301","0","0","0","N","0","0","0","1","67301","0","","4.0","503.0","1","N","N","N","0","","0","0","0","","2","Y","","1","0","0","0","0","0","0","2","0","1","","","","N","","","","","","","","","",""
"2021074750","2133","4","0","0","0","0","0","0","0","0","1","0","","67","8","2021","1","39.957054","-75.235742","2128","6","0","0","0","0","0","0","0","0","","0","0","0","","","1","","1","","39 57:25.394","","0","75 14:08.671","3","0","0","0","67301","0","0","0","N","0","0","0","2","67301","0","","1.0","","1","N","N","N","0","","1","0","0","","3","","","4","1","0","0","0","0","0","2","0","4","","","","N","","","","","","","","","",""
"2021104286","1740","1","0","0","0","0","0","0","0","0","8","0","","67","8","2021","6","39.994678","-75.1477","1740","6","0","0","0","0","0","0","0","0","","0","0","0","","","1","N","0","","39 59:40.840","","0","75 08:51.720","3","0","0","0","67301","1","0","0","N","1","0","0","2","67301","0","","1.0","","1","N","N","N","0","","1","0","0","","0","","","2","1","0","0","0","0","0","2","0","1","","","","N","","","","","","","","","",""
"2021072481","1743","3","0","0","0","0","0","0","0","0","4","0","","67","8","2021","3","39.943169","-75.229562","1742","6","0","0","0","0","0","0","0","0","","0","0","0","","","2","","1","","39 56:35.408","","0","75 13:46.423","3","0","0","0","67301","0","0","0","N","0","0","0","3","67301","0","","1.0","","1","N","N","N","1","","2","0","1","","3","","","5","2","0","0","0","0","0","2","0","5","","03","","N","","","","","","","","","",""
"2021074132","1740","2","0","0","0","0","0","0","0","0","4","0","","67","8","2021","1","39.9753","-75.121195","1733","6","0","0","0","0","0","0","0","0","","0","0","0","","","0","","1","","39 58:31.081","","0","75 07:16.303","0","0","0","0","67301","0","0","0","N","0","0","0","4","67301","0","","1.0","","1","N","N","N","0","","0","0","0","","2","","","2","0","0","0","0","0","0","2","0","2","","","","N","","","","","","","","","",""
"2021115766","0240","0","0","0","0","0","0","1","0","0","1","1","","67","10","2021","7","39.987068","-75.10506","0227","6","0","0","0","0","0","0","0","0","","0","0","0","","","1","","1","","39 59:13.445","","0","75 06:18.215","4","0","0","0","67301","0","0","0","N","0","0","0","2","67508","1","","1.0","","1","N","N","Y","0","","0","0","0","","2","","","2","1","0","0","0","0","0","2","0","2","","03","","N","","","","","","","","","",""
"2021073543","1135","2","0","0","0","0","0","0","0","0","4","0","","67","8","2021","6","40.045593","-75.071436","1133","6","0","1","0","0","0","0","1","0","","0","0","0","","","2","","1","","40 02:44.136","","0","75 04:17.168","4","0","0","0","67301","0","0","0","N","0","0","0","2","67301","2","","1.0","","1","N","N","N","0","","0","0","0","","2","","","2","2","0","0","0","0","0","2","0","2","","03","","N","","","","","","","","","",""
"2021116848","0201","2","0","0","0","0","0","0","0","0","7","0","","67","11","2021","7","40.021056","-75.093833","0159","6","0","0","0","0","0","0","0","0","","1","0","0","","","0","N","0","","40 01:15.800","7","0","75 05:37.800","1","0","0","0","67301","0","0","0","N","0","0","0","1","67301","0","2","5.0","320.0","1","N","N","N","0","0","0","0","0","","0","Y","","2","0","0","0","0","0","0","2","0","2","","03","","N","","","","","","","","","",""
"2021072021","0002","0","0","0","0","0","0","0","0","0","5","0","","67","8","2021","2","39.94768","-75.164681","2359","6","0","0","0","0","0","0","0","0","","0","0","0","","","1","N","0","","39 56:51.647","","0","75 09:52.850","3","0","0","1","67301","0","0","0","N","0","0","0","2","67301","0","","1.0","","1","N","N","N","0","","1","0","1","","0","","","2","1","0","0","0","0","0","2","0","2","","","","N","","","","","","","","","",""
"2021072681","1648","0","0","0","0","0","0","0","0","0","1","0","99","67","7","2021","7","39.911139","-75.162222","1648","6","0","0","0","0","0","1","0","0","","0","0","0","","","3","N","0","","39 54:40.100","4","3","75 09:44.000","8","0","0","0","67301","0","0","0","N","0","0","0","8","67501","0","","1.0","1745.0","1","N","N","N","0","","0","0","4","","8","N","","5","3","0","0","0","3","0","2","1","5","","03","U","Y","4","1","","","U","Y","","","","N"
"2021073730","1242","1","0","0","0","0","0","0","0","0","4","0","","67","8","2021","7","40.022829","-75.034633","1237","6","0","0","0","0","0","2","0","0","","0","0","0","","","1","","2","","40 01:22.186","","0","75 02:04.680","4","0","0","0","67301","0","0","0","N","0","0","0","2","67301","1","","1.0","","1","N","N","N","0","","0","0","1","","3","","","2","1","0","0","0","0","0","2","0","2","","","","N","","","","","","","","","",""
"2021071029","1854","1","0","0","0","0","0","0","0","0","8","0","","67","7","2021","6","39.995528","-75.17175","1836","6","0","0","0","0","0","0","0","0","","0","0","0","","","1","N","0","","39 59:43.900","","0","75 10:18.300","3","0","0","0","67301","1","0","0","N","1","0","0","2","67301","0","","1.0","","1","N","N","N","0","","1","0","0","","0","","","2","1","0","0","0","0","0","2","0","1","","03","","N","","","","","","","","","",""
"2021079607","1245","0","0","0","0","0","0","0","0","0","7","0","","67","8","2021","2","39.97531","-75.165182","1244","6","0","0","0","0","0","0","0","0","","0","0","0","","","0","","1","","39 58:31.117","","0","75 09:54.656","9","0","0","0","67301","0","0","0","N","0","0","0","1","67301","0","","4.0","","1","N","N","N","0","","0","0","1","","2","","","1","0","0","0","0","0","1","2","0","1","","03","","N","","","","","","","","","",""
"2021073934","1828","1","0","0","0","0","0","0","0","0","4","0","","67","8","2021","5","39.992979","-75.217594","1828","6","0","0","0","1","0","0","0","0","","0","0","0","","","1","","1","","39 59:34.723","","0","75 13:03.338","3","0","0","0","67301","0","0","0","N","0","0","0","2","67301","0","","1.0","","1","N","N","N","0","","1","0","1","","2","","","2","1","0","0","0","0","1","2","0","2","","03","","N","","","","","","","","","",""
"2021071000","2045","0","0","0","0","0","0","0","0","0","8","0","","67","7","2021","6","40.037041","-75.076532","2021","6","0","0","0","0","0","0","0","0","","0","0","0","","","1","","1","","40 02:13.347","","0","75 04:35.515","3","0","0","0","67301","1","0","0","N","1","0","0","2","67301","0","","1.0","","1","N","N","N","0","","1","0","1","","3","","","2","1","0","0","0","0","0","2","0","1","","03","","N","","","","","","","","","",""
"2021074990","1748","1","0","0","0","0","0","0","0","0","7","0","","67","8","2021","7","39.905414","-75.223924","1748","6","0","0","0","0","0","0","0","0","","0","0","0","","","2","N","0","","39 54:19.492","","0","75 13:26.128","3","0","0","0","67301","0","0","0","N","0","0","0","2","67301","0","","9.0","","1","N","N","N","0","","2","0","0","","0","","","1","2","0","0","0","0","0","2","0","1","","03","","N","","","","","","","","","",""
"2021117940","0358","1","0","0","0","0","0","0","0","0","7","0","","67","12","2021","6","39.948147","-75.152614","0358","6","0","0","0","0","0","0","0","0","","0","0","0","","","0","N","0","","39 56:53.330","","0","75 09:09.410","0","0","0","0","67301","0","0","0","N","0","0","0","1","67301","0","","5.0","","1","N","N","N","0","","0","0","0","","0","","","1","0","0","0","0","0","0","2","0","1","","03","","N","","","","","","","","","",""
"2021117732","0122","0","0","0","0","0","0","0","0","0","7","0","","67","11","2021","5","40.008092","-75.071338","0106","6","0","0","0","0","0","0","0","0","","0","0","0","","","1","N","0","","40 00:29.132","2","0","75 04:16.816","8","0","0","0","67301","0","0","0","N","0","0","0","2","68K01","0","","4.0","145.0","1","N","N","N","0","","0","0","1","","0","N","","1","1","1","0","0","1","0","2","0","1","","03","","N","","","","","","","","","",""
"2021072686","1230","0","0","0","0","0","0","0","0","0","1","0","35","67","8","2021","4","39.954556","-75.143472","1230","6","0","0","0","0","0","0","0","0","","0","0","0","","","1","N","0","","39 57:16.400","","3","75 08:36.500","4","0","0","0","67301","0","0","0","N","0","0","0","2","67501","1","","1.0","","1","N","N","N","0","","0","0","1","","8","","","2","1","0","0","0","0","0","2","0","2","","03","Y","Y","4","1","","","N","Y","","","","N"
"2021074790","2335","0","0","0","0","0","0","0","0","0","1","0","","67","8","2021","6","39.959679","-75.176261","2325","6","0","0","0","0","0","0","0","0","","0","0","0","","","0","N","0","","39 57:34.845","4","0","75 10:34.540","0","0","0","0","67301","0","0","0","N","0","0","0","3","68K01","0","","1.0","2340.0","1","N","N","N","1","","0","0","1","","0","Y","","2","0","0","0","0","0","0","2","0","2","","","","N","","","","","","","","","",""
"2021075969","1343","1","0","0","0","0","0","0","0","0","4","0","","67","8","2021","5","39.990944","-75.101578","1343","6","0","0","0","0","0","1","0","0","","0","0","0","","","1","","1","","39 59:27.397","","0","75 06:05.681","3","0","0","0","67301","0","0","0","N","0","0","0","2","67301","0","","1.0","","1","N","N","N","0","","1","0","1","","2","","","2","1","0","0","0","0","0","2","0","2","","","","N","","","","","","","","","",""
"2021123067","0128","1","0","0","0","0","0","0","0","0","4","0","","67","12","2021","3","39.965808","-75.246149","0128","6","0","0","0","0","0","1","0","0","","0","0","0","","","2","","1","","39 57:56.909","","0","75 14:46.136","3","0","0","0","67301","0","0","0","N","0","0","0","2","67301","0","","1.0","","1","N","N","N","1","","2","0","0","","2","","","2","2","2","0","0","0","0","2","0","2","","","","N","","","","","","","","","",""
"2021118078","1513","1","0","0","0","0","0","0","0","0","1","0","","67","11","2021","1","39.876564","-75.257221","1509","6","0","0","0","0","0","0","0","0","","0","0","0","","","1","N","0","","39 52:35.629","","0","75 15:25.995","3","0","0","0","67301","0","0","0","N","0","0","0","5","68K01","0","","1.0","","1","N","N","N","0","","1","0","1","","0","","","2","1","0","0","0","0","0","2","0","2","","","","N","","","","","","","","","",""
"2021073863","0248","1","0","0","0","0","0","0","0","0","7","0","","67","8","2021","1","40.037998","-75.088681","0243","6","0","0","0","0","0","0","0","0","","0","0","0","","","0","","3","","40 02:16.791","5","0","75 05:19.252","9","0","0","0","67301","0","0","0","N","0","0","0","1","67301","0","","4.0","500.0","9","N","N","N","0","","0","0","0","","2","Y","","1","0","0","0","0","0","1","2","0","1","","07","","N","","","","","","","","","",""
"2021117737","0456","0","0","0","0","0","0","0","0","0","1","0","","67","11","2021","7","40.036258","-75.015377","0444","6","0","0","0","0","0","0","0","0","","0","0","0","","","1","N","0","","40 02:10.527","1","0","75 00:55.357","8","0","0","0","67301","0","0","0","N","0","0","0","2","68K01","0","","1.0","545.0","1","N","N","N","2","","0","0","1","","0","N","","3","1","1","0","0","1","0","2","0","3","","","","N","","","","","","","","","",""
"2021072386","2125","1","0","0","0","0","0","0","0","0","4","0","","67","8","2021","3","40.009868","-75.156024","2125","6","0","0","0","0","1","0","0","0","","0","0","0","","","5","","1","","40 00:35.524","","0","75 09:21.688","4","0","0","0","67301","0","0","0","N","0","0","0","6","67301","5","","1.0","","1","N","N","N","0","","0","0","2","","2","","","3","5","1","0","0","0","0","2","0","3","","03","","N","","","","","","","","","",""
"2021074919","1501","2","0","0","0","0","0","0","0","0","5","0","45","67","8","2021","2","39.973081","-75.120305","1501","6","0","0","0","0","0","0","0","0","","0","0","0","","","0","N","0","","39 58:23.093","1","0","75 07:13.098","0","0","0","0","67301","0","0","0","N","0","0","0","5","68K01","0","","1.0","1550.0","1","N","N","N","0","","0","0","1","","0","N","","3","0","0","0","0","0","0","2","0","3","","","N","Y","4","1","","","N","Y","","","Y","N"
"2021118109","1354","1","0","0","0","0","0","0","0","0","5","1","","67","11","2021","6","39.968673","-75.127759","1354","6","0","0","0","1","0","0","0","0","","0","1","0","","","0","N","0","","39 58:07.221","1","0","75 07:39.931","0","0","0","0","67301","0","0","0","N","0","0","0","2","68K01","0","","1.0","1410.0","1","N","N","N","0","","0","0","0","","0","N","","2","0","0","0","0","0","0","2","0","2","","03","","N","","","","","","","","","",""
"2021073655","0016","3","0","0","0","0","0","0","0","0","4","0","","67","8","2021","1","40.046278","-75.182404","0009","6","0","0","0","0","0","1","0","0","","0","0","0","","","1","N","0","","40 02:46.599","5","7","75 10:56.653","3","0","0","0","67301","0","0","0","N","0","0","0","3","67301","0","","1.0","45.0","9","N","N","Y","0","","1","0","1","","0","Y","","5","1","0","0","0","0","0","2","1","5","","07","","N","","","","","","","","","",""
"2021073594","0140","0","0","0","0","0","0","0","0","0","1","0","","67","8","2021","4","39.953111","-75.181921","0124","6","0","0","0","0","0","0","0","0","","0","0","0","","","0","","5","","39 57:11.198","","2","75 10:54.916","0","0","0","0","67301","0","0","0","N","0","0","0","2","67301","0","","1.0","","1","N","N","N","0","","0","0","1","","2","","","2","0","1","0","0","0","0","2","1","2","","03","","N","","","","","","","","","",""
"2021116480","1618","1","0","0","0","0","0","0","0","0","1","0","","67","11","2021","2","40.023211","-75.03424","1618","6","0","0","0","0","0","1","0","0","","0","0","0","","","0","N","0","","40 01:23.561","","0","75 02:03.264","9","0","0","0","67301","0","0","0","N","0","0","0","5","68K01","0","","1.0","","1","N","N","N","0","","0","0","1","","0","","","3","0","0","0","0","0","1","2","0","3","","","","N","","","","","","","","","",""
"2021115666","1055","1","0","0","0","0","0","0","0","0","1","0","","67","11","2021","4","40.039709","-75.007073","1055","6","0","0","0","1","0","0","1","0","","0","0","0","","","3","N","0","","40 02:22.953","2","0","75 00:25.461","3","0","0","0","67301","0","0","0","N","0","0","0","5","68K01","0","","1.0","1120.0","1","N","N","N","0","","3","0","1","","0","N","","2","3","0","0","0","0","0","2","0","2","","","","N","","","","","","","","","",""
"2021116892","0849","1","0","0","0","0","0","0","0","0","1","0","","67","11","2021","2","39.946061","-75.189628","0823","6","0","0","0","0","0","0","0","0","","0","0","0","","","0","N","6","","39 56:45.818","3","2","75 11:22.661","0","0","0","0","67301","0","0","0","N","0","0","0","3","68K01","0","","1.0","918.0","1","N","N","N","0","","0","0","2","","8","N","","3","0","0","0","0","0","0","2","0","3","","","","N","","","","","","","","","",""
"2021077510","1656","2","0","0","0","0","0","0","0","0","4","0","","67","8","2021","3","40.020659","-75.148756","1635","6","0","0","0","0","0","0","1","0","","0","0","0","","","1","","2","","40 01:14.374","","0","75 08:55.521","8","0","0","0","67301","0","0","0","N","0","0","0","2","67301","0","","1.0","","1","N","N","N","0","","0","0","0","","0","","","2","1","0","0","0","1","1","2","0","2","","03","","N","","","","","","","","","",""
"2021075053","0905","1","0","0","0","0","0","0","0","0","5","0","","67","7","2021","6","39.955798","-75.203581","0900","6","0","0","0","0","0","1","0","0","","0","0","0","","","0","N","0","","39 57:20.873","3","0","75 12:12.891","0","0","0","0","67301","0","0","0","N","0","0","0","2","67504","0","","1.0","30.0","1","N","N","N","0","","0","0","1","","0","Y","","2","0","0","0","0","0","0","2","0","2","","","","N","","","","","","","","","",""
"2021073414","1109","0","0","0","0","0","0","0","0","0","4","0","","67","8","2021","5","40.034278","-75.074591","1052","6","0","0","0","0","0","1","0","0","","0","0","0","","","5","","1","","40 02:03.402","3","0","75 04:28.528","8","0","0","0","67301","0","0","0","N","0","0","0","5","67301","0","","1.0","1240.0","1","N","N","N","0","","0","0","2","","2","Y","","2","5","0","0","0","5","0","2","0","2","","03","","N","","","","","","","","","",""
"2021073354","1303","2","0","0","0","0","0","0","0","0","4","0","","67","8","2021","2","39.921528","-75.187111","1303","6","0","0","0","0","0","0","0","0","","0","0","0","","","2","N","0","","39 55:17.500","","7","75 11:13.600","4","0","0","0","67301","0","0","0","N","0","0","0","5","67301","2","","1.0","","1","N","N","N","0","","0","0","0","","3","","","2","2","0","0","0","0","0","2","0","2","","03","","N","","","","","","","","","",""