"CRN","ARRIVAL_TM","AUTOMOBILE_COUNT","BELTED_DEATH_COUNT","BELTED_SUSP_SERIOUS_INJ_COUNT","BICYCLE_COUNT","BICYCLE_DEATH_COUNT","BICYCLE_SUSP_SERIOUS_INJ_COUNT","BUS_COUNT","CHLDPAS_DEATH_COUNT","CHLDPAS_SUSP_SERIOUS_INJ_COUNT","COLLISION_TYPE","COMM_VEH_COUNT","CONS_ZONE_SPD_LIM","COUNTY","CRASH_MONTH","CRASH_YEAR","DAY_OF_WEEK","DEC_LATITUDE","DEC_LONGITUDE","DISPATCH_TM","DISTRICT","DRIVER_COUNT_16YR","DRIVER_COUNT_17YR","DRIVER_COUNT_18YR","DRIVER_COUNT_19YR","DRIVER_COUNT_20YR","DRIVER_COUNT_50_64YR","DRIVER_COUNT_65_74YR","DRIVER_COUNT_75PLUS","EST_HRS_CLOSED","FATAL_COUNT","HEAVY_TRUCK_COUNT","HORSE_BUGGY_COUNT","HOUR_OF_DAY","ILLUMINATION","INJURY_COUNT","INTERSECTION_RELATED","INTERSECT_TYPE","LANE_CLOSED","LATITUDE","LN_CLOSE_DIR","LOCATION_TYPE","LONGITUDE","MAX_SEVERITY_LEVEL","MCYCLE_DEATH_COUNT","MCYCLE_SUSP_SERIOUS_INJ_COUNT","MOTORCYCLE_COUNT","MUNICIPALITY","NONMOTR_COUNT","NONMOTR_DEATH_COUNT","NONMOTR_SUSP_SERIOUS_INJ_COUNT","NTFY_HIWY_MAINT","PED_COUNT","PED_DEATH_COUNT","PED_SUSP_SERIOUS_INJ_COUNT","PERSON_COUNT","POLICE_AGCY","POSSIBLE_INJ_COUNT","RDWY_SURF_TYPE_CD","RELATION_TO_ROAD","ROADWAY_CLEARED","ROAD_CONDITION","SCH_BUS_IND","SCH_ZONE_IND","SECONDARY_CRASH","SMALL_TRUCK_COUNT","SPEC_JURIS_CD","SUSP_MINOR_INJ_COUNT","SUSP_SERIOUS_INJ_COUNT","SUV_COUNT","TCD_FUNC_CD","TCD_TYPE","TFC_DETOUR_IND","TIME_OF_DAY","TOTAL_UNITS","TOT_INJ_COUNT","UNBELTED_OCC_COUNT","UNB_DEATH_COUNT","UNB_SUSP_SERIOUS_INJ_COUNT","UNK_INJ_DEG_COUNT","UNK_INJ_PER_COUNT","URBAN_RURAL","VAN_COUNT","VEHICLE_COUNT","WEATHER1","WEATHER2","WORKERS_PRES","WORK_ZONE_IND","WORK_ZONE_LOC","WORK_ZONE_TYPE","WZ_CLOSE_DETOUR","WZ_FLAGGER","WZ_LAW_OFFCR_IND","WZ_LN_CLOSURE","WZ_MOVING","WZ_OTHER","WZ_SHLDER_MDN","WZ_WORKERS_INJ_KILLED"
"2021073569","1600","1","0","0","0","0","0","0","0","0","5","0","","67","8","2021","7","40.036162","-75.023476","1558","6","0","0","0","0","0","0","0","0","","0","0","0","","","3","N","0","","40 02:10.184","","0","75 01:24.515","3","0","0","0","67301","0","0","0","N","0","0","0","4","67301","0","","1.0","","1","N","N","N","0","","3","0","1","","0","","","2","3","0","0","0","0","1","2","0","2","","03","","N","","","","","","","","","",""
"2021074743","1355","1","0","0","0","0","0","0","0","0","7","0","","67","8","2021","1","40.003008","-75.222567","1343","6","0","0","0","0","1","0","0","0","","0","0","0","","","0","N","0","","40 00:10.830","","0","75 13:21.240","0","0","0","0","67301","0","0","0","N","0","0","0","2","67301","0","","4.0","","1","N","N","N","0","","0","0","0","","0","","","1","0","0","0","0","0","0","2","0","1","","","","N","","","","","","","","","",""
"2021071443","0209","3","0","0","0","0","0","0","0","0","5","0","","67","8","2021","1","39.967425","-75.225013","0207","6","0","0","0","0","0","0","0","0","","0","0","0","","","2","N","0","","39 58:02.730","5","0","75 13:30.046","3","0","0","0","67301","0","0","0","N","0","0","0","2","67301","0","","6.0","502.0","1","N","N","N","0","","2","0","1","","0","Y","","4","2","0","0","0","0","0","2","0","4","","03","","N","","","","","","","","","",""
"2021118097","0654","1","0","0","0","0","0","0","0","0","2","1","","67","11","2021","7","39.886071","-75.206903","0639","6","0","0","0","0","0","0","0","0","","0","1","0","","","1","N","0","","39 53:09.857","","0","75 12:24.850","8","0","0","0","67301","0","0","0","N","0","0","0","2","68K01","0","","1.0","","1","N","N","N","0","","0","0","0","","0","","","2","1","0","0","0","1","0","2","0","2","","","","N","","","","","","","","","",""
"2021118099","2223","2","0","0","0","0","0","0","0","0","5","0","","67","11","2021","1","40.003891","-75.07687","2214","6","0","0","0","0","0","0","0","0","","0","0","0","","","1","N","0","","40 00:14.008","1","0","75 04:36.731","8","0","0","0","67301","0","0","0","N","0","0","0","2","68K01","0","","1.0","2250.0","9","N","N","N","0","","0","0","0","","0","N","","2","1","0","0","0","1","0","2","0","2","","","","N","","","","","","","","","",""
"2021072967","2046","0","0","0","0","0","0","0","0","0","1","0","","67","7","2021","6","39.956873","-75.22477","2046","6","0","0","0","0","0","0","0","0","","0","0","0","","","0","N","0","","39 57:24.741","","0","75 13:29.172","0","0","0","0","67301","0","0","0","N","0","0","0","1","67301","0","","6.0","","1","N","N","N","1","","0","0","0","","0","","","2","0","0","0","0","0","0","2","1","2","","03","","N","","","","","","","","","",""
"2021105379","","1","0","0","0","0","0","0","0","0","1","0","","67","8","2021","1","39.91875","-75.209528","","6","0","0","0","0","0","0","0","0","","0","0","0","","","1","N","0","","39 55:07.500","","0","75 12:34.300","8","0","0","0","67301","0","0","0","N","0","0","0","2","00000","0","","1.0","","1","N","N","N","0","","0","0","1","","0","","","2","1","1","0","0","1","0","2","0","2","","","","N","","","","","","","","","",""
"2021072373","1440","3","0","0","0","0","0","0","0","0","5","0","","67","8","2021","3","39.982528","-75.163444","1436","6","0","0","0","0","0","0","0","0","","0","0","0","","","1","N","0","","39 58:57.100","","0","75 09:48.400","3","0","0","0","67301","0","0","0","N","0","0","0","1","67301","0","","6.0","","1","N","N","N","0","","1","0","0","","0","","","3","1","0","0","0","0","0","2","0","3","","03","","N","","","","","","","","","",""
"2021096328","0220","1","0","0","0","0","0","0","0","0","4","0","","67","7","2021","3","39.954223","-75.248522","0208","6","0","1","0","0","0","0","0","0","","0","0","0","","","0","","2","","39 57:15.202","","0","75 14:54.679","0","0","0","0","67301","0","0","0","N","0","0","0","2","67301","0","","1.0","","1","N","N","N","0","","0","0","1","","0","","","2","0","0","0","0","0","0","2","0","2","","","","N","","","","","","","","","",""
"2021071384","1020","0","0","0","0","0","0","0","0","0","1","0","","67","8","2021","1","40.007258","-75.093836","1002","6","0","0","0","0","0","0","0","0","","0","0","0","","","0","N","0","","40 00:26.130","","1","75 05:37.810","0","0","0","0","67301","0","0","0","N","0","0","0","1","67301","0","","6.0","","1","N","N","N","0","","0","0","2","","0","","","2","0","0","0","0","0","0","2","0","2","","03","","N","","","","","","","","","",""
"2021078160","0638","0","0","0","0","0","0","0","0","0","4","0","","67","8","2021","5","40.021538","-75.139814","0636","6","0","0","0","0","0","0","0","0","","0","0","0","","","2","","1","","40 01:17.537","2","0","75 08:23.331","3","0","0","0","67301","0","0","0","N","0","0","0","3","67301","1","","1.0","830.0","1","N","N","N","1","","1","0","1","","2","N","","2","2","0","0","0","0","0","2","0","2","","","","N","","","","","","","","","",""
"2021071270","1028","1","0","0","0","0","0","0","0","0","4","0","","67","7","2021","7","40.013861","-75.184775","1023","6","0","0","0","0","0","0","0","0","","0","0","0","","","1","","2","","40 00:49.901","","0","75 11:05.191","3","0","0","0","67301","0","0","0","N","0","0","0","2","67301","0","","1.0","","1","N","N","N","0","","1","0","1","","3","","","2","1","0","0","0","0","0","2","0","2","","03","","N","","","","","","","","","",""
"2021073731","0735","2","0","0","0","0","0","0","0","0","4","0","","67","8","2021","7","40.027383","-75.076803","0735","6","0","0","0","0","0","0","0","0","","0","0","0","","","0","","1","","40 01:38.578","","0","75 04:36.490","9","0","0","0","67301","0","0","0","N","0","0","0","3","67301","0","","1.0","","1","N","N","N","0","","0","0","0","","3","","","2","0","0","0","0","0","2","2","0","2","","03","","N","","","","","","","","","",""
"2021072879","1316","1","0","0","0","0","0","0","0","0","1","0","","67","8","2021","5","39.990764","-75.116211","1316","6","0","0","0","0","0","1","0","0","","0","0","0","","","2","N","0","","39 59:26.750","","0","75 06:58.360","3","0","0","0","67301","0","0","0","N","0","0","0","3","67301","0","","1.0","","1","N","N","N","1","","2","0","1","","0","","","3","2","2","0","0","0","0","2","0","3","","","","N","","","","","","","","","",""
"2021072305","1410","1","0","0","0","0","0","0","0","0","5","0","","67","8","2021","2","39.979249","-75.162253","1350","6","0","0","0","0","0","0","0","0","","0","0","0","","","0","N","0","","39 58:45.297","","0","75 09:44.111","0","0","0","0","67301","0","0","0","N","0","0","0","1","67301","0","","1.0","","1","N","N","N","0","","0","0","1","","0","","","2","0","1","0","0","0","0","2","0","2","","03","","N","","","","","","","","","",""
"2021117152","1107","0","0","0","0","0","0","0","0","0","1","2","","67","10","2021","6","39.948208","-75.186139","1039","6","0","0","0","0","0","1","0","0","","0","1","0","","","0","N","0","","39 56:53.549","4","0","75 11:10.101","0","0","0","0","67301","0","0","0","N","0","0","0","2","68K01","0","","1.0","1130.0","1","N","N","N","1","","0","0","0","","0","N","","2","0","0","0","0","0","0","2","0","2","","03","","N","","","","","","","","","",""
"2021072877","2117","0","0","0","1","0","0","0","0","0","8","0","","67","8","2021","2","39.926269","-75.184391","2115","6","0","0","0","0","0","0","0","0","","0","0","0","","","2","","1","","39 55:34.569","","0","75 11:03.809","3","0","0","0","67301","2","0","0","N","0","0","0","3","67301","0","","1.0","","1","N","N","N","0","","2","0","0","","2","","","2","2","0","0","0","0","1","2","1","1","","03","","N","","","","","","","","","",""
"2021076377","0033","0","0","0","0","0","0","0","0","0","0","0","","67","7","2021","7","39.981098","-75.206698","0027","6","0","0","0","0","0","0","0","0","","0","0","0","","","1","N","0","","39 58:51.952","","0","75 12:24.114","8","0","0","1","67301","0","0","0","N","0","0","0","1","68K01","0","","1.0","","1","N","N","N","0","","0","0","0","","0","","","1","1","0","0","0","1","0","2","0","1","","","","N","","","","","","","","","",""
"2021074530","0826","0","0","0","0","0","0","0","0","0","8","0","","67","8","2021","3","40.053681","-75.063814","0821","6","0","0","0","0","0","0","0","0","","0","0","0","","","1","","2","","40 03:13.251","","0","75 03:49.730","3","0","0","0","67301","1","0","0","N","1","0","0","2","67301","0","","1.0","","1","N","N","N","0","","1","0","1","","3","","","2","1","0","0","0","0","0","2","0","1","","","","N","","","","","","","","","",""
"2021074641","2228","0","0","0","0","0","0","0","0","0","8","0","35","67","8","2021","5","39.955299","-75.147798","2228","6","0","0","0","0","0","0","0","0","","0","0","0","","","1","N","0","","39 57:19.076","4","3","75 08:52.074","2","0","0","0","67301","1","0","1","N","1","0","1","2","67501","0","","1.0","2259.0","1","N","N","N","0","","0","1","1","","0","N","","2","1","0","0","0","0","0","2","0","1","","03","U","Y","5","2","","","N","Y","","","","N"
"2021117808","1657","0","0","0","0","0","0","0","0","0","5","0","","67","12","2021","5","39.928617","-75.229995","1657","6","0","0","0","0","0","1","0","0","","0","0","0","","","0","N","0","","39 55:43.021","","0","75 13:47.981","0","0","0","0","67301","0","0","0","N","0","0","0","1","67301","0","","9.0","","1","N","N","N","0","","0","0","2","","0","","","2","0","0","0","0","0","0","2","0","2","","03","","N","","","","","","","","","",""
"2021115454","1640","1","0","0","0","0","0","0","0","0","8","0","","67","11","2021","4","40.001085","-75.215382","1621","6","0","0","0","0","0","0","1","0","","0","0","0","","","1","","1","","40 00:03.907","","0","75 12:55.374","3","0","0","0","67301","1","0","0","N","1","0","0","2","67301","0","","1.0","","1","N","N","N","0","","1","0","0","","2","","","2","1","0","0","0","0","1","2","0","1","","03","","N","","","","","","","","","",""
"2021074021","1800","0","0","0","0","0","0","0","0","0","8","0","","67","7","2021","7","40.015677","-75.140093","1800","6","0","0","0","0","0","0","0","0","","0","0","0","","","1","","1","","40 00:56.437","","0","75 08:24.334","3","0","0","0","67301","1","0","0","N","1","0","0","2","67301","0","","1.0","","1","N","N","N","0","","1","0","0","","3","","","2","1","0","0","0","0","0","2","0","1","","03","","N","","","","","","","","","",""
"2021071327","1831","1","0","0","0","0","0","0","0","0","4","0","","67","7","2021","7","40.051737","-75.127136","1831","6","0","0","0","0","0","0","0","0","","0","0","0","","","0","","1","","40 03:06.253","","0","75 07:37.689","0","0","0","0","67301","0","0","0","N","0","0","0","2","67301","0","","1.0","","99","N","N","N","0","","0","0","1","","2","","","2","0","0","0","0","0","0","2","0","2","","98","","N","","","","","","","","","",""
"2021116193","0620","1","0","0","0","0","0","0","0","0","1","0","","67","10","2021","3","39.929825","-75.146159","0612","6","0","0","0","0","0","2","0","0","","0","1","0","","","1","N","0","","39 55:47.369","","0","75 08:46.172","3","0","0","0","67301","0","0","0","N","0","0","0","2","68K01","0","","1.0","","9","N","N","Y","0","","1","0","0","","0","","","2","1","0","0","0","0","0","2","0","2","","07","","N","","","","","","","","","",""
"2021073424","0739","1","0","0","0","0","0","0","0","0","5","0","","67","8","2021","5","40.060572","-75.186694","0732","6","0","0","0","0","0","0","0","0","","0","0","0","","","1","N","0","","40 03:38.060","","0","75 11:12.100","3","0","0","0","67301","0","0","0","N","0","0","0","1","67301","0","","6.0","","1","N","N","N","0","","1","0","1","","0","","","2","1","0","0","0","0","0","2","0","2","","","","N","","","","","","","","","",""
"2021072019","0315","1","0","0","0","0","0","0","0","0","4","0","","67","7","2021","6","39.922284","-75.153475","0310","6","0","0","0","0","0","1","0","0","","0","0","0","","","0","","1","","39 55:20.221","","0","75 09:12.510","0","0","0","0","67301","0","0","0","N","0","0","0","2","67301","0","","1.0","","1","N","N","N","0","","0","0","1","","2","","","2","0","0","0","0","0","0","2","0","2","","03","","N","","","","","","","","","",""
"2021073862","2355","2","0","0","0","0","0","0","0","0","1","0","","67","8","2021","7","40.056445","-75.075277","2355","6","0","0","0","1","0","0","0","0","","0","0","0","","","1","N","0","","40 03:23.202","","0","75 04:30.998","2","0","0","0","67301","0","0","0","N","0","0","0","5","67301","0","","1.0","","9","N","N","N","0","","0","1","2","","0","","","4","1","4","0","0","0","0","2","0","4","","07","","N","","","","","","","","","",""
"2021114612","","1","0","0","0","0","0","0","0","0","4","0","","67","5","2021","2","40.016129","-75.149636","","6","0","0","0","0","0","0","0","0","","0","0","0","","","1","","2","","40 00:58.063","","0","75 08:58.689","8","0","0","0","67301","0","0","0","N","0","0","0","4","00000","0","","1.0","","1","N","N","N","0","","0","0","1","","3","","","2","1","0","0","0","1","0","2","0","2","","","","N","","","","","","","","","",""
"2021073807","1831","1","0","0","0","0","0","0","0","0","8","0","","67","8","2021","5","39.996235","-75.172334","1822","6","0","0","0","0","0","0","0","0","","0","0","0","","","1","","1","","39 59:46.445","","0","75 10:20.401","2","0","0","0","67301","1","0","1","N","1","0","1","2","67301","0","","1.0","","1","N","N","N","0","","0","1","0","","2","","","2","1","0","0","0","0","0","2","0","1","","03","","N","","","","","","","","","",""
"2021116841","0440","1","0","0","0","0","0","0","0","0","7","0","","67","8","2021","6","39.938539","-75.143966","0418","6","0","0","0","0","0","0","0","0","","0","0","0","","","0","N","0","","39 56:18.739","","0","75 08:38.278","9","0","0","0","67301","0","0","0","N","0","0","0","1","68K01","0","","4.0","","1","N","N","N","0","","0","0","0","","0","","","1","0","0","0","0","0","1","2","0","1","","","","N","","","","","","","","","",""
"2021082404","1840","1","0","0","0","0","0","0","0","0","4","0","","67","7","2021","7","39.945962","-75.213996","1835","6","0","0","0","0","0","1","0","0","","0","0","0","","","1","","1","","39 56:45.462","","0","75 12:50.385","3","0","0","0","67301","0","0","0","N","0","0","0","2","67301","0","","1.0","","1","N","N","N","0","","1","0","0","","2","","","2","1","0","0","0","0","0","2","1","2","","03","","N","","","","","","","","","",""
"2021115651","1852","1","0","0","0","0","0","0","0","0","4","0","","67","11","2021","1","40.016334","-75.061818","1852","6","0","0","0","0","0","0","0","0","","0","0","0","","","0","N","0","","40 00:58.803","","0","75 03:42.545","0","0","0","0","67301","0","0","0","N","0","0","0","1","67301","0","","1.0","","1","N","N","N","0","","0","0","0","","0","","","2","0","1","0","0","0","0","2","1","2","","03","","N","","","","","","","","","",""
"2021080571","1904","2","0","0","0","0","0","0","0","0","5","0","","67","8","2021","6","39.994358","-75.111106","1902","6","0","0","0","0","0","0","0","0","","0","0","0","","","1","N","0","","39 59:39.690","","0","75 06:39.980","3","0","0","0","67301","0","0","0","N","0","0","0","1","67301","0","","6.0","","1","N","N","N","0","","1","0","1","","0","","","3","1","0","0","0","0","0","2","0","3","","","","N","","","","","","","","","",""
"2021073841","2345","1","0","0","0","0","0","0","0","0","8","0","","67","8","2021","7","39.974517","-75.183145","2335","6","0","0","0","0","0","0","0","0","","0","0","0","","","1","N","0","","39 58:28.262","3","0","75 10:59.322","4","0","0","0","67301","1","0","0","N","1","0","0","2","67301","1","","1.0","1150.0","1","N","N","N","0","","0","0","0","","0","N","","2","1","1","0","0","0","0","2","0","1","","03","","N","","","","","","","","","",""
"2021074143","2258","0","0","0","0","0","0","0","0","0","8","0","","67","8","2021","1","40.023036","-75.137087","2258","6","0","0","0","0","0","0","0","0","","0","0","0","","","1","","1","","40 01:22.930","","0","75 08:13.514","3","0","0","0","67301","1","0","0","N","1","0","0","2","67301","0","","1.0","","1","N","N","N","0","","1","0","0","","2","","","2","1","0","0","0","0","0","2","0","1","","03","","N","","","","","","","","","",""
"2021073356","1707","1","0","0","0","0","0","0","0","0","4","0","","67","8","2021","5","39.957015","-75.213348","1659","6","0","0","0","0","0","0","0","0","","0","0","0","","","2","","1","","39 57:25.253","","0","75 12:48.054","3","0","0","0","67301","0","0","0","N","0","0","0","3","67301","1","","1.0","","1","N","N","N","0","","1","0","1","","2","","","2","2","1","0","0","0","0","2","0","2","","03","","N","","","","","","","","","",""
"2021116327","0330","1","0","0","0","0","0","0","0","0","7","0","","67","11","2021","7","39.975908","-75.200456","0328","6","0","0","0","0","0","0","0","0","","0","0","0","","","2","N","0","","39 58:33.270","6","0","75 12:01.640","3","0","0","0","67301","0","0","0","N","0","0","0","2","67301","0","","2.0","430.0","1","N","N","N","0","","2","0","0","","0","N","","1","2","0","0","0","0","0","2","0","1","","","","N","","","","","","","","","",""
"2021115282","1225","1","0","0","0","0","0","0","0","0","4","1","","67","11","2021","4","40.008888","-75.071869","1204","6","0","0","0","0","0","0","0","0","","0","1","0","","","0","","5","","40 00:31.996","1","0","75 04:18.728","0","0","0","0","67301","0","0","0","N","0","0","0","2","67301","0","","1.0","1235.0","1","N","N","N","0","","0","0","0","","8","N","","2","0","0","0","0","0","0","2","0","2","","03","","N","","","","","","","","","",""
"2021073745","1710","2","0","0","0","0","0","0","0","0","5","0","","67","8","2021","7","39.991039","-75.118872","1702","6","0","0","0","0","0","0","0","0","","0","0","0","","","1","N","0","","39 59:27.740","","0","75 07:07.940","3","0","0","0","67301","0","0","0","N","0","0","0","2","67301","0","","6.0","","1","N","N","N","0","","1","0","0","","0","","","2","1","0","0","0","0","0","2","0","2","","03","","N","","","","","","","","","",""
"2021073513","1357","1","0","0","0","0","0","0","0","0","4","0","","67","8","2021","3","40.040779","-75.157011","1356","6","0","0","0","0","0","0","0","0","","0","0","0","","","0","","3","","40 02:26.806","","0","75 09:25.238","0","0","0","0","67301","0","0","0","N","0","0","0","3","67301","0","","1.0","","1","N","N","N","0","","0","0","1","","0","","","2","0","0","0","0","0","0","2","0","2","","03","","N","","","","","","","","","",""
"2021118112","2335","0","0","0","0","0","0","0","0","0","7","0","","67","11","2021","7","39.96243","-75.139705","2327","6","0","0","0","0","0","0","0","0","","0","0","0","","","0","N","0","","39 57:44.747","","0","75 08:22.938","0","0","0","0","67301","0","0","0","N","0","0","0","1","68K01","0","","2.0","","1","N","N","N","0","","0","0","1","","0","","","1","0","0","0","0","0","0","2","0","1","","03","","N","","","","","","","","","",""
"2021071371","0110","2","0","0","0","0","0","0","0","0","5","0","","67","8","2021","1","39.897582","-75.212148","0105","6","0","0","0","0","0","0","0","0","","0","0","0","","","0","N","0","","39 53:51.295","","3","75 12:43.733","0","0","0","0","67301","0","0","0","N","0","0","0","2","67301","0","","1.0","","1","N","N","N","0","","0","0","0","","0","","","2","0","1","0","0","0","0","2","0","2","","03","","N","","","","","","","","","",""
"2021116192","0621","1","0","0","0","0","0","0","0","0","7","0","","67","10","2021","3","39.931211","-75.145857","0613","6","0","0","0","0","0","0","0","0","","0","0","0","","","0","N","0","","39 55:52.361","2","0","75 08:45.084","0","0","0","0","67301","0","0","0","N","0","0","0","2","68K01","0","","4.0","645.0","9","N","N","N","0","","0","0","0","","0","N","","1","0","0","0","0","0","0","2","0","1","","07","","N","","","","","","","","","",""
"2021070573","1828","2","0","0","0","0","0","0","0","0","4","0","","67","7","2021","4","39.971098","-75.128021","1828","6","0","0","0","0","0","0","0","0","","0","0","0","","","0","N","0","","39 58:15.954","","7","75 07:40.875","0","0","0","0","67301","0","0","0","N","0","0","0","2","67301","0","","1.0","","1","N","N","N","0","","0","0","0","","0","","","2","0","2","0","0","0","0","2","0","2","","","","N","","","","","","","","","",""
"2021073675","1854","1","0","0","0","0","0","0","0","0","6","0","","67","7","2021","7","39.996083","-75.195597","1848","6","0","0","0","0","1","0","0","0","","0","0","0","","","2","N","0","","39 59:45.900","","3","75 11:44.150","8","0","0","0","67301","0","0","0","N","0","0","0","3","67301","0","","1.0","","1","N","N","N","0","","0","0","1","","0","","","2","2","2","0","0","2","0","2","0","2","","03","","N","","","","","","","","","",""
"2021071467","0025","2","0","0","0","0","0","0","0","0","1","0","","67","8","2021","1","39.977109","-75.182914","0012","6","0","0","0","0","0","0","0","0","","0","0","0","","","1","N","0","","39 58:37.591","1","0","75 10:58.490","8","0","0","0","67301","0","0","0","N","0","0","0","2","67301","0","","1.0","128.0","1","N","N","N","0","","0","0","1","","0","Y","","4","1","0","0","0","1","1","2","1","4","","03","","N","","","","","","","","","",""
"2021114709","1820","1","0","0","0","0","0","0","0","0","8","0","","67","11","2021","5","39.917604","-75.212108","1818","6","0","0","0","0","0","0","0","0","","1","0","0","","","0","N","0","","39 55:03.373","","0","75 12:43.588","1","0","0","0","67301","1","1","0","N","1","1","0","3","67301","0","2","1.0","","1","N","N","N","0","0","0","0","0","","0","","","2","0","0","0","0","0","0","2","0","1","","03","","N","","","","","","","","","",""
"2021072036","1818","0","0","0","1","0","0","0","0","0","1","0","","67","8","2021","2","39.967948","-75.143515","1816","6","0","0","0","0","0","0","0","0","","0","0","0","","","1","","1","","39 58:04.611","","0","75 08:36.654","3","0","0","0","67301","1","0","0","N","0","0","0","3","67301","0","","1.0","","1","N","N","N","0","","1","0","1","","3","","","2","1","0","0","0","0","0","2","0","1","","03","","N","","","","","","","","","",""
"2021071728","2040","1","0","0","0","0","0","0","0","0","1","0","","67","7","2021","6","40.048614","-75.012646","2040","6","0","0","0","0","0","1","0","0","","0","0","0","","","0","N","0","","40 02:55.011","","0","75 00:45.525","0","0","0","0","67301","0","0","0","N","0","0","0","3","67301","0","","1.0","","1","N","N","N","0","","0","0","1","","0","","","2","0","0","0","0","0","0","2","0","2","","03","","N","","","","","","","","","",""
"2021073966","0316","1","0","0","0","0","0","0","0","0","4","0","","67","8","2021","7","39.952788","-75.166871","0313","6","0","0","0","0","0","1","0","0","","0","0","0","","","2","","1","","39 57:10.036","7","0","75 10:00.736","3","0","0","0","67301","0","0","0","N","0","0","0","2","67301","0","","1.0","500.0","1","N","N","N","0","","2","0","1","","2","Y","","2","2","0","0","0","0","0","2","0","2","","","","N","","","","","","","","","",""
"2021118089","0615","0","0","0","0","0","0","0","0","0","1","0","45","67","11","2021","4","39.980089","-75.105864","0603","6","0","0","0","0","0","1","0","0","","0","0","0","","","1","N","0","","39 58:48.322","","0","75 06:21.111","3","0","0","0","67301","0","0","0","N","0","0","0","2","68K01","0","","1.0","","1","N","N","N","0","","1","0","2","","0","","","2","1","0","0","0","0","0","2","0","2","","","Y","Y","4","1","N","N","N","N","N","N","Y","N"
"2021073684","1315","1","0","0","0","0","0","0","0","0","4","0","","67","8","2021","6","40.011033","-75.104163","1315","6","0","0","0","0","0","0","1","0","","0","0","0","","","1","","1","","40 00:39.717","","0","75 06:14.985","8","0","0","0","67301","0","0","0","N","0","0","0","2","67301","0","","1.0","","99","N","N","N","0","","0","0","1","","2","","","2","1","0","0","0","1","1","2","0","2","","","","N","","","","","","","","","",""
"2021114602","0825","0","0","0","0","0","0","1","0","0","1","1","","67","11","2021","3","40.023647","-75.140987","0810","6","0","0","0","0","0","1","0","0","","0","0","0","","","1","","1","","40 01:25.129","","0","75 08:27.553","8","0","0","0","67301","0","0","0","N","0","0","0","2","67508","0","","1.0","","1","N","N","N","0","","0","0","0","","2","","","2","1","0","0","0","1","0","2","1","2","","03","","N","","","","","","","","","",""
"2021072869","0905","1","0","0","0","0","0","0","0","0","1","0","","67","8","2021","3","40.119742","-75.008892","0858","6","0","0","0","0","0","0","1","0","","0","0","0","","","1","Y","0","","40 07:11.070","","0","75 00:32.010","3","0","0","0","67301","0","0","0","N","0","0","0","3","67301","0","","1.0","","1","N","N","N","1","","1","0","1","","2","","","3","1","0","0","0","0","0","2","0","3","","","","N","","","","","","","","","",""
"2021075281","2108","1","0","0","0","0","0","0","0","0","4","0","","67","8","2021","7","40.015303","-75.137158","2102","6","0","0","0","0","0","0","0","0","","0","0","0","","","3","","1","","40 00:55.090","","0","75 08:13.768","3","0","0","0","67301","0","0","0","N","0","0","0","4","67301","0","","1.0","","1","N","N","N","0","","3","0","1","","2","","","2","3","0","0","0","0","0","2","0","2","","03","","N","","","","","","","","","",""
"2021078344","0049","0","0","0","0","0","0","0","0","0","1","0","","67","8","2021","1","40.012638","-75.160979","0044","6","0","0","0","0","0","0","1","0","","0","0","0","","","2","","1","","40 00:45.495","6","0","75 09:39.526","3","0","0","0","67301","0","0","0","N","0","0","0","5","67301","0","","1.0","110.0","1","N","N","N","0","","2","0","2","","2","N","","2","2","1","0","0","0","1","2","0","2","","","","N","","","","","","","","","",""
"2021073891","2054","1","0","0","0","0","0","0","0","0","4","0","","67","8","2021","1","40.067015","-75.156291","2053","6","0","0","0","0","0","0","0","0","","0","0","0","","","1","","1","","40 04:01.254","","0","75 09:22.647","3","0","0","0","67301","0","0","0","N","0","0","0","2","67301","0","","1.0","","1","N","N","N","0","","1","0","1","","2","","","2","1","0","0","0","0","0","2","0","2","","03","","N","","","","","","","","","",""
"2021072354","2150","0","0","0","0","0","0","0","0","0","8","0","","67","8","2021","3","39.948863","-75.147708","2150","6","0","0","0","0","0","0","0","0","","0","0","1","","","3","N","0","","39 56:55.906","","0","75 08:51.750","3","0","0","0","67301","4","0","0","N","0","0","0","5","67301","2","","1.0","","1","N","N","N","0","","1","0","0","","0","","","2","3","0","0","0","0","0","2","0","1","","","","N","","","","","","","","","",""
"2021116990","1840","1","0","0","0","0","0","0","0","0","7","0","","67","11","2021","1","39.971158","-75.123657","1832","6","0","0","0","0","0","0","0","0","","0","0","0","","","1","N","0","","39 58:16.167","1","0","75 07:25.166","8","0","0","0","67301","0","0","0","N","0","0","0","1","68K01","0","","4.0","1930.0","9","N","N","N","0","","0","0","0","","0","N","","1","1","1","0","0","1","0","2","0","1","","07","","N","","","","","","","","","",""
"2021073667","2027","1","0","0","0","0","0","0","0","0","5","0","","67","8","2021","7","39.964028","-75.167639","2025","6","0","0","0","0","0","0","0","0","","0","0","0","","","0","N","0","","39 57:50.500","1","0","75 10:03.500","0","0","0","0","67301","0","0","0","N","0","0","0","1","67301","0","","6.0","2050.0","1","N","N","N","0","","0","0","1","","0","Y","","2","0","0","0","0","0","0","2","0","2","","03","","N","","","","","","","","","",""