"CRN","ARRIVAL_TM","AUTOMOBILE_COUNT","BELTED_DEATH_COUNT","BELTED_SUSP_SERIOUS_INJ_COUNT","BICYCLE_COUNT","BICYCLE_DEATH_COUNT","BICYCLE_SUSP_SERIOUS_INJ_COUNT","BUS_COUNT","CHLDPAS_DEATH_COUNT","CHLDPAS_SUSP_SERIOUS_INJ_COUNT","COLLISION_TYPE","COMM_VEH_COUNT","CONS_ZONE_SPD_LIM","COUNTY","CRASH_MONTH","CRASH_YEAR","DAY_OF_WEEK","DEC_LATITUDE","DEC_LONGITUDE","DISPATCH_TM","DISTRICT","DRIVER_COUNT_16YR","DRIVER_COUNT_17YR","DRIVER_COUNT_18YR","DRIVER_COUNT_19YR","DRIVER_COUNT_20YR","DRIVER_COUNT_50_64YR","DRIVER_COUNT_65_74YR","DRIVER_COUNT_75PLUS","EST_HRS_CLOSED","FATAL_COUNT","HEAVY_TRUCK_COUNT","HORSE_BUGGY_COUNT","HOUR_OF_DAY","ILLUMINATION","INJURY_COUNT","INTERSECTION_RELATED","INTERSECT_TYPE","LANE_CLOSED","LATITUDE","LN_CLOSE_DIR","LOCATION_TYPE","LONGITUDE","MAX_SEVERITY_LEVEL","MCYCLE_DEATH_COUNT","MCYCLE_SUSP_SERIOUS_INJ_COUNT","MOTORCYCLE_COUNT","MUNICIPALITY","NONMOTR_COUNT","NONMOTR_DEATH_COUNT","NONMOTR_SUSP_SERIOUS_INJ_COUNT","NTFY_HIWY_MAINT","PED_COUNT","PED_DEATH_COUNT","PED_SUSP_SERIOUS_INJ_COUNT","PERSON_COUNT","POLICE_AGCY","POSSIBLE_INJ_COUNT","RDWY_SURF_TYPE_CD","RELATION_TO_ROAD","ROADWAY_CLEARED","ROAD_CONDITION","SCH_BUS_IND","SCH_ZONE_IND","SECONDARY_CRASH","SMALL_TRUCK_COUNT","SPEC_JURIS_CD","SUSP_MINOR_INJ_COUNT","SUSP_SERIOUS_INJ_COUNT","SUV_COUNT","TCD_FUNC_CD","TCD_TYPE","TFC_DETOUR_IND","TIME_OF_DAY","TOTAL_UNITS","TOT_INJ_COUNT","UNBELTED_OCC_COUNT","UNB_DEATH_COUNT","UNB_SUSP_SERIOUS_INJ_COUNT","UNK_INJ_DEG_COUNT","UNK_INJ_PER_COUNT","URBAN_RURAL","VAN_COUNT","VEHICLE_COUNT","WEATHER1","WEATHER2","WORKERS_PRES","WORK_ZONE_IND","WORK_ZONE_LOC","WORK_ZONE_TYPE","WZ_CLOSE_DETOUR","WZ_FLAGGER","WZ_LAW_OFFCR_IND","WZ_LN_CLOSURE","WZ_MOVING","WZ_OTHER","WZ_SHLDER_MDN","WZ_WORKERS_INJ_KILLED"
"2021075853","1017","2","0","0","0","0","0","0","0","0","5","0","","67","8","2021","1","39.984997","-75.126294","1013","6","0","0","0","0","0","0","0","0","","0","0","0","","","1","N","0","","39 59:05.990","2","0","75 07:34.660","3","0","0","0","67301","0","0","0","N","0","0","0","1","67301","0","","6.0","1145.0","1","N","N","N","0","","1","0","1","","0","Y","","3","1","0","0","0","0","0","2","0","3","","","","N","","","","","","","","","",""
"2021117741","2303","2","0","0","0","0","0","0","0","0","1","0","","67","11","2021","1","39.992582","-75.085289","2255","6","0","0","1","0","0","0","0","0","","0","0","0","","","0","N","0","","39 59:33.295","1","0","75 05:07.041","0","0","0","0","67301","0","0","0","N","0","0","0","4","68K01","0","","1.0","2328.0","1","N","N","N","0","","0","0","2","","0","N","","4","0","0","0","0","0","0","2","0","4","","03","","N","","","","","","","","","",""
"2021116583","2310","0","0","0","0","0","0","0","0","0","6","1","","67","11","2021","2","40.036689","-75.157417","2305","6","0","0","0","0","0","1","0","0","","0","1","0","","","1","N","0","","40 02:12.080","","0","75 09:26.700","8","0","0","0","67301","0","0","0","N","0","0","0","2","67301","0","","1.0","","1","N","N","N","0","","0","0","1","","0","","","2","1","0","0","0","1","0","2","0","2","","","","N","","","","","","","","","",""
"2021118083","1551","1","0","0","0","0","0","0","0","0","1","0","","67","11","2021","2","39.899284","-75.176014","1551","6","0","0","0","0","1","0","0","0","","0","0","0","","","0","N","0","","39 53:57.421","","0","75 10:33.650","0","0","0","0","67301","0","0","0","N","0","0","0","2","68K01","0","","3.0","","1","N","N","N","0","","0","0","1","","0","","","2","0","0","0","0","0","0","2","0","2","","","","N","","","","","","","","","",""
"2021117505","0805","1","0","0","0","0","0","0","0","0","2","0","","67","12","2021","5","40.060909","-75.192257","0750","6","0","0","0","0","0","0","0","0","","0","0","0","","","0","N","0","","40 03:39.272","","0","75 11:32.124","0","0","0","0","67301","0","0","0","N","0","0","0","0","67301","0","","4.0","","99","N","N","N","0","","0","0","0","","0","","","2","0","0","0","0","0","0","2","0","2","","03","","N","","","","","","","","","",""
"2021071368","1726","1","0","0","0","0","0","0","0","0","4","0","","67","8","2021","1","39.921946","-75.16062","1723","6","0","0","0","0","0","2","0","0","","0","0","0","","","2","","2","","39 55:19.005","","0","75 09:38.232","4","0","0","0","67301","0","0","0","N","0","0","0","4","67301","2","","1.0","","1","N","N","N","0","","0","0","0","","3","","","2","2","0","0","0","0","0","2","1","2","","","","N","","","","","","","","","",""
"2021074612","1509","1","0","0","1","0","0","0","0","0","8","0","","67","8","2021","7","40.001585","-75.152798","1509","6","0","0","0","0","0","0","0","0","","0","0","0","","","1","","1","","40 00:05.705","","0","75 09:10.074","3","0","0","0","67301","1","0","0","N","0","0","0","2","67301","0","","1.0","","1","N","N","N","0","","1","0","0","","2","","","2","1","0","0","0","0","0","2","0","1","","03","","N","","","","","","","","","",""
"2021071748","1921","1","0","0","0","0","0","0","0","0","4","0","","67","8","2021","2","40.060129","-75.153765","1921","6","0","0","0","0","0","0","0","0","","0","0","0","","","1","","1","","40 03:36.464","7","0","75 09:13.553","3","0","0","0","67301","0","0","0","N","0","0","0","2","67301","0","","1.0","1945.0","1","N","N","Y","0","","1","0","3","","2","Y","","4","1","1","0","0","0","0","2","0","4","","03","","N","","","","","","","","","",""
"2021072651","0125","0","0","0","0","0","0","0","0","0","4","0","","67","8","2021","3","40.018906","-75.14723","0121","6","0","0","0","0","0","0","0","0","","0","0","0","","","1","","1","","40 01:08.061","2","0","75 08:50.029","2","0","1","1","67301","0","0","0","N","0","0","0","2","67301","0","","1.0","258.0","1","N","N","N","0","","0","1","1","","2","Y","","2","1","0","0","0","0","0","2","0","2","","","","N","","","","","","","","","",""
"2021072492","1715","0","0","0","1","0","0","0","0","0","8","0","","67","8","2021","3","39.936214","-75.161694","1703","6","0","0","0","0","0","0","0","0","","0","0","0","","","1","N","0","","39 56:10.370","","7","75 09:42.100","3","0","0","0","67301","1","0","0","N","0","0","0","2","67301","0","","1.0","","1","N","N","N","0","","1","0","1","","0","","","2","1","1","0","0","0","0","2","0","1","","03","","N","","","","","","","","","",""
"2021074830","2102","0","0","0","0","0","0","0","0","0","7","0","","67","8","2021","5","39.918844","-75.188972","2058","6","0","0","0","0","0","0","0","0","","0","0","0","","","1","N","0","","39 55:07.840","","7","75 11:20.300","3","0","0","0","67301","0","0","0","N","0","0","0","1","67301","0","","4.0","","1","N","N","N","1","","1","0","0","","0","","","1","1","0","0","0","0","0","2","0","1","","03","","N","","","","","","","","","",""
"2021077424","2201","0","0","0","0","0","0","0","0","0","7","0","","67","8","2021","4","40.013639","-75.078472","2200","6","0","0","0","0","0","0","0","0","","0","0","0","","","0","N","0","","40 00:49.100","","0","75 04:42.500","0","0","0","0","67301","0","0","0","N","0","0","0","1","67301","0","","5.0","","1","N","N","N","0","","0","0","1","","0","","","1","0","1","0","0","0","0","2","0","1","","03","","N","","","","","","","","","",""
"2021072053","2236","1","0","0","0","0","0","0","0","0","4","0","","67","8","2021","2","39.969199","-75.228382","2235","6","0","0","1","0","0","0","0","0","","0","0","0","","","0","","1","","39 58:09.116","","0","75 13:42.175","0","0","0","0","67301","0","0","0","N","0","0","0","2","67301","0","","1.0","","1","N","N","N","0","","0","0","1","","3","","","3","0","1","0","0","0","0","2","1","3","","03","","N","","","","","","","","","",""
"2021121365","0525","1","0","0","0","0","0","0","0","0","7","0","","67","12","2021","5","39.942944","-75.142844","0513","6","0","0","0","0","0","0","0","0","","0","0","0","","","1","N","0","","39 56:34.599","","0","75 08:34.237","8","0","0","0","67301","0","0","0","N","0","0","0","2","68K01","0","","4.0","","9","N","N","N","0","","0","0","0","","0","","","1","1","0","0","0","1","0","2","0","1","","","","N","","","","","","","","","",""
"2021073593","1616","1","0","0","0","0","0","0","0","0","5","0","","67","8","2021","7","39.948182","-75.154864","1615","6","0","0","0","0","0","0","0","0","","0","0","0","","","1","N","0","","39 56:53.454","","0","75 09:17.511","3","0","0","1","67301","0","0","0","N","0","0","0","2","67301","0","","1.0","","1","N","N","N","0","","1","0","0","","0","","","2","1","0","0","0","0","0","2","0","2","","03","","N","","","","","","","","","",""
"2021072938","0651","2","0","0","0","0","0","0","0","0","1","0","","67","8","2021","4","39.95897","-75.170575","0646","6","0","0","0","0","0","0","0","0","","0","0","0","","","0","N","0","","39 57:32.293","4","0","75 10:14.069","0","0","0","0","67301","0","0","0","N","0","0","0","3","68K01","0","","1.0","658.0","1","N","N","N","1","","0","0","0","","0","N","","3","0","0","0","0","0","0","2","0","3","","","","N","","","","","","","","","",""
"2021071529","0926","1","0","0","1","0","0","0","0","0","8","0","","67","7","2021","7","39.927419","-75.193385","0925","6","0","0","0","0","0","0","0","0","","0","0","0","","","2","","2","","39 55:38.710","","0","75 11:36.186","3","0","0","0","67301","1","0","0","N","0","0","0","2","67301","0","","1.0","","1","N","N","N","0","","2","0","0","","3","","","2","2","1","0","0","0","0","2","0","1","","03","","N","","","","","","","","","",""
"2021075259","1307","1","0","1","0","0","0","0","0","0","4","0","","67","8","2021","6","39.957931","-75.164145","1258","6","0","0","0","0","1","0","0","0","","0","0","0","","","1","","5","","39 57:28.550","3","2","75 09:50.921","2","0","0","0","67301","0","0","0","N","0","0","0","2","67301","0","","1.0","125.0","1","N","N","N","0","","0","1","1","","2","Y","","2","1","0","0","0","0","0","2","0","2","","03","","N","","","","","","","","","",""
"2021073606","0350","1","0","0","0","0","0","0","0","0","1","0","","67","8","2021","7","39.970314","-75.227058","0346","6","0","0","0","0","0","0","0","0","","0","0","0","","","0","","1","","39 58:13.130","","0","75 13:37.408","0","0","0","0","67301","0","0","0","N","0","0","0","2","67301","0","","1.0","","1","N","N","N","0","","0","0","1","","3","","","2","0","2","0","0","0","0","2","0","2","","03","","N","","","","","","","","","",""
"2021116910","0546","1","0","0","0","0","0","0","0","0","7","0","","67","11","2021","6","39.982634","-75.099891","0539","6","0","0","0","0","0","0","0","0","","0","0","0","","","1","N","0","","39 58:57.483","2","0","75 05:59.607","3","0","0","0","67301","0","0","0","N","0","0","0","1","68K01","0","","4.0","600.0","9","N","N","N","0","","1","0","0","","0","N","","1","1","0","0","0","0","0","2","0","1","","","","N","","","","","","","","","",""
"2021075731","1418","1","0","0","0","0","0","0","0","0","4","0","","67","7","2021","7","39.958712","-75.162143","1408","6","0","0","0","0","0","0","0","0","","0","0","0","","","1","","1","","39 57:31.362","","0","75 09:43.713","8","0","0","0","67301","0","0","0","N","0","0","0","2","67508","0","","1.0","","1","N","N","Y","0","","0","0","1","","0","","","2","1","0","0","0","1","0","2","0","2","","03","","N","","","","","","","","","",""
"2021074142","1715","0","0","0","0","0","0","0","0","0","8","0","","67","8","2021","7","40.033894","-75.142789","1709","6","0","0","0","0","0","0","0","0","","0","0","0","","","1","N","0","","40 02:02.020","","0","75 08:34.040","3","0","0","0","67301","1","0","0","N","1","0","0","2","67301","0","","6.0","","1","N","N","N","0","","1","0","0","","0","","","2","1","0","0","0","0","0","2","1","1","","03","","N","","","","","","","","","",""
"2021105358","","1","0","2","0","0","0","0","0","0","4","0","","67","6","2021","1","40.039458","-75.077435","","6","0","0","0","0","0","0","0","0","","0","0","0","","","2","","1","","40 02:22.048","","0","75 04:38.765","2","0","0","0","67301","0","0","0","N","0","0","0","3","00000","0","","1.0","","1","N","N","N","0","","0","2","0","","2","","","2","2","0","0","0","0","0","2","0","2","","","","N","","","","","","","","","",""
"2021071347","1633","1","0","0","0","0","0","0","0","0","1","0","","67","8","2021","1","40.0367","-75.158384","1633","6","0","0","0","0","0","1","0","0","","0","0","0","","","1","","1","","40 02:12.120","","0","75 09:30.184","3","0","0","0","67301","0","0","0","N","0","0","0","3","67301","0","","1.0","","9","N","N","N","0","","1","0","1","","2","","","3","1","0","0","0","0","0","2","0","3","","","","N","","","","","","","","","",""
"2021071442","0404","2","0","0","0","0","0","0","0","0","4","0","","67","7","2021","7","39.974835","-75.198313","0359","6","0","0","0","0","0","0","0","0","","0","0","0","","","1","","3","","39 58:29.407","","7","75 11:53.925","8","0","0","0","67301","0","0","0","N","0","0","0","3","67301","0","","1.0","","1","N","N","N","0","","0","0","0","","2","","","2","1","0","0","0","1","2","2","0","2","","","","N","","","","","","","","","",""
"2021116203","2341","1","0","0","0","0","0","0","0","0","0","0","","67","10","2021","6","39.981225","-75.206849","2331","6","0","0","0","0","0","0","0","0","","0","0","0","","","1","N","0","","39 58:52.409","","0","75 12:24.658","3","0","0","0","67301","0","0","0","N","0","0","0","1","68K01","0","","1.0","","9","N","N","N","0","","1","0","0","","0","","","1","1","1","0","0","0","0","2","0","1","","","","N","","","","","","","","","",""
"2021072228","0246","3","0","0","0","0","0","0","0","0","2","0","","67","8","2021","3","39.926269","-75.184391","0245","6","0","0","0","0","0","0","0","0","","0","0","0","","","0","","1","","39 55:34.569","7","0","75 11:03.809","0","0","0","0","67301","0","0","0","N","0","0","0","2","67301","0","","1.0","245.0","1","N","N","N","0","","0","0","3","","2","N","","6","0","0","0","0","0","0","2","0","6","","","","N","","","","","","","","","",""
"2021118088","2031","1","0","0","0","0","0","0","0","0","1","0","","67","11","2021","3","40.039972","-75.006604","2023","6","0","0","0","0","0","0","0","0","","0","0","0","","","0","N","0","","40 02:23.898","","0","75 00:23.775","0","0","0","0","67301","0","0","0","N","0","0","0","2","68K01","0","","1.0","","1","N","N","N","0","","0","0","1","","0","","","2","0","0","0","0","0","0","2","0","2","","","","N","","","","","","","","","",""
"2021116194","0936","1","0","0","0","0","0","0","0","0","1","0","","67","10","2021","3","40.037413","-75.012324","0849","6","0","0","0","1","0","0","0","0","","0","0","0","","","0","N","0","","40 02:14.688","","0","75 00:44.367","0","0","0","0","67301","0","0","0","N","0","0","0","2","68K01","0","","3.0","","1","N","N","N","0","","0","0","1","","0","","","2","0","0","0","0","0","0","2","0","2","","","","N","","","","","","","","","",""
"2021115493","0005","0","0","0","0","0","0","0","0","0","8","0","","67","11","2021","6","40.080854","-75.208119","0000","6","0","0","0","0","0","0","1","0","","0","0","0","","","1","N","0","","40 04:51.074","","0","75 12:29.230","3","0","0","0","67301","1","0","0","N","1","0","0","2","67301","0","","1.0","","1","N","N","N","0","","1","0","1","","2","","","2","1","0","0","0","0","0","2","0","1","","","","N","","","","","","","","","",""
"2021074020","0015","1","0","0","0","0","0","0","0","0","7","0","","67","8","2021","7","39.958407","-75.211783","2358","6","0","0","0","0","0","0","0","0","","0","0","0","","","0","N","0","","39 57:30.265","","0","75 12:42.417","0","0","0","0","67301","0","0","0","N","0","0","0","1","67301","0","","4.0","","9","N","N","N","0","","0","0","0","","0","","","1","0","0","0","0","0","0","2","0","1","","","","N","","","","","","","","","",""
"2021114711","2001","0","0","0","1","1","0","0","0","0","8","0","","67","11","2021","2","39.970916","-75.214931","2000","6","0","0","0","0","0","0","0","0","","1","0","0","","","1","N","0","","39 58:15.297","","0","75 12:53.751","1","0","0","0","67301","1","1","0","N","0","0","0","3","67301","0","2","2.0","","1","N","N","N","0","0","1","0","1","","0","","","2","1","0","0","0","0","0","2","0","1","","03","","N","","","","","","","","","",""
"2021073091","0227","2","0","0","0","0","0","0","0","0","1","0","","67","8","2021","6","39.974014","-75.20564","0225","6","0","0","0","0","0","0","0","0","","0","0","0","","","0","N","0","","39 58:26.452","","0","75 12:20.305","0","0","0","0","67301","0","0","0","N","0","0","0","2","67301","0","","1.0","","1","N","N","N","0","","0","0","0","","0","","","2","0","0","0","0","0","0","2","0","2","","","","N","","","","","","","","","",""
"2021073566","0248","1","0","0","0","0","0","0","0","0","5","0","","67","8","2021","6","40.088472","-74.982444","0248","6","0","0","0","0","0","0","0","0","","0","0","0","","","1","N","0","","40 05:18.500","","0","74 58:56.800","3","0","0","0","67301","0","0","0","N","0","0","0","1","67301","0","","6.0","","1","N","N","N","0","","1","0","2","","0","","","3","1","1","0","0","0","0","2","0","3","","03","","N","","","","","","","","","",""
"2021074039","2206","0","0","0","0","0","0","0","0","0","0","0","","67","8","2021","7","39.980875","-75.198976","2204","6","0","0","0","0","0","0","0","0","","0","0","0","","","1","N","0","","39 58:51.149","6","0","75 11:56.313","8","0","0","1","67301","0","0","0","N","0","0","0","1","67301","0","","1.0","45.0","1","N","N","N","0","","0","0","0","","0","Y","","1","1","0","0","0","1","0","2","0","1","","04","","N","","","","","","","","","",""
"2021071640","0432","0","0","0","0","0","0","0","0","0","4","0","","67","8","2021","1","39.970115","-75.243139","0430","6","0","0","0","0","0","0","0","0","","0","0","0","","","3","","1","","39 58:12.414","","0","75 14:35.300","3","0","0","0","67301","0","0","0","N","0","0","0","3","67301","0","","1.0","","1","N","N","N","0","","3","0","1","","3","","","2","3","3","0","0","0","0","2","1","2","","03","","N","","","","","","","","","",""
"2021114817","0835","0","0","0","0","0","0","1","0","0","8","1","","67","11","2021","3","39.988058","-75.182408","0819","6","0","0","0","0","0","0","0","0","","0","0","0","","","1","","5","","39 59:17.008","","0","75 10:56.669","3","0","0","0","67301","1","0","0","N","1","0","0","2","67508","0","","1.0","","1","N","N","Y","0","","1","0","0","","2","","","2","1","0","0","0","0","0","2","0","1","","03","","N","","","","","","","","","",""
"2021073102","1412","2","0","0","0","0","0","0","0","0","4","0","","67","8","2021","5","39.958361","-75.208725","1412","6","0","0","0","0","0","0","0","0","","0","0","0","","","2","","2","","39 57:30.099","","0","75 12:31.410","3","0","0","0","67301","0","0","0","N","0","0","0","3","67301","0","","1.0","","1","N","N","N","0","","2","0","0","","3","","","2","2","0","0","0","0","1","2","0","2","","","","N","","","","","","","","","",""
"2021116553","1433","1","0","0","0","0","0","0","0","0","4","0","","67","11","2021","5","40.000341","-75.0838","1425","6","0","0","0","0","0","1","0","0","","1","0","0","","","1","","2","","40 00:01.228","2","2","75 05:01.679","1","1","0","1","67301","0","0","0","N","0","0","0","3","67301","1","2","1.0","1715.0","1","N","N","N","0","0","0","0","0","","2","Y","","2","1","2","0","0","0","0","2","0","2","","03","","N","","","","","","","","","",""
"2021118085","1905","2","0","0","0","0","0","0","0","0","1","0","","67","11","2021","3","39.968291","-75.129866","1754","6","0","0","0","0","0","0","0","0","","0","0","0","","","1","N","0","","39 58:05.847","2","0","75 07:47.516","3","0","0","0","67301","0","0","0","N","0","0","0","2","68K01","0","","1.0","1920.0","1","N","N","N","0","","1","0","0","","0","N","","2","1","0","0","0","0","0","2","0","2","","03","","N","","","","","","","","","",""
"2021073687","1723","1","0","0","0","0","0","0","0","0","4","0","","67","8","2021","6","39.977974","-75.152589","1715","6","0","0","0","0","0","0","0","0","","0","0","0","","","1","","1","","39 58:40.705","","0","75 09:09.321","3","0","0","0","67301","0","0","0","N","0","0","0","2","67301","0","","1.0","","1","N","N","N","0","","1","0","1","","2","","","2","1","2","0","0","0","0","2","0","2","","03","","N","","","","","","","","","",""
"2021116204","0441","1","0","0","0","0","0","0","0","0","7","0","","67","10","2021","7","39.961221","-75.182403","0430","6","0","0","0","0","0","0","0","0","","0","0","0","","","1","N","6","","39 57:40.397","","2","75 10:56.651","3","0","0","0","67301","0","0","0","N","0","0","0","1","68K01","0","","2.0","","9","N","N","N","0","","1","0","0","","0","","","1","1","0","0","0","0","0","2","0","1","","","","N","","","","","","","","","",""
"2021072480","1749","1","0","0","0","0","0","0","0","0","4","0","","67","8","2021","3","39.942218","-75.230936","1749","6","0","0","0","0","0","1","0","0","","0","0","0","","","0","","1","","39 56:31.984","","0","75 13:51.369","9","0","0","0","67301","0","0","0","N","0","0","0","3","67301","0","","1.0","","1","N","N","Y","0","","0","0","1","","3","","","3","0","1","0","0","0","1","2","1","3","","","","N","","","","","","","","","",""
"2021073563","1130","0","0","0","0","0","0","0","0","0","1","0","","67","8","2021","2","40.107566","-75.053807","1126","6","0","0","0","0","0","0","0","0","","0","0","0","","","2","","2","","40 06:27.237","","0","75 03:13.704","3","0","0","0","67301","0","0","0","N","0","0","0","3","67301","0","","1.0","","1","N","N","N","0","","2","0","2","","2","","","2","2","0","0","0","0","1","2","0","2","","03","","N","","","","","","","","","",""
"2021117711","2248","2","0","0","0","0","0","0","0","0","1","0","","67","11","2021","3","39.975535","-75.115548","2231","6","0","0","0","2","0","0","0","0","","0","0","0","","","3","N","0","","39 58:31.927","1","0","75 06:55.972","4","0","0","0","67301","0","0","0","N","0","0","0","3","68K01","3","","1.0","2258.0","1","N","N","N","0","","0","0","1","","0","N","","3","3","0","0","0","0","0","2","0","3","","","","N","","","","","","","","","",""
"2021074571","0419","1","0","0","0","0","0","0","0","0","7","0","","67","8","2021","1","39.956824","-75.153394","0419","6","0","0","0","0","0","0","0","0","","0","0","0","","","0","N","0","","39 57:24.567","3","0","75 09:12.219","0","0","0","0","67301","0","0","0","N","0","0","0","1","68K01","0","","3.0","422.0","9","N","N","N","0","","0","0","0","","0","N","","1","0","0","0","0","0","0","2","0","1","","","","N","","","","","","","","","",""
"2021071326","1717","2","0","0","0","0","0","0","0","0","1","0","","67","7","2021","7","40.046018","-75.132128","1717","6","0","0","0","0","0","0","0","0","","0","0","0","","","3","","1","","40 02:45.666","","0","75 07:55.659","4","0","0","0","67301","0","0","0","N","0","0","0","3","67301","2","","1.0","","99","N","N","N","0","","0","0","1","","2","","","3","3","0","0","0","1","0","2","0","3","","","","N","","","","","","","","","",""
"2021071492","0150","1","0","0","0","0","0","0","0","0","1","0","","67","8","2021","1","39.993392","-75.169681","0145","6","0","0","0","0","0","0","0","0","","0","0","0","","","0","N","0","","39 59:36.210","","0","75 10:10.850","0","0","0","0","67301","0","0","0","N","0","0","0","1","67301","0","","6.0","","9","N","N","N","0","","0","0","1","","0","","","2","0","0","0","0","0","0","2","0","2","","","","N","","","","","","","","","",""
"2021087226","2253","3","0","0","0","0","0","0","0","0","5","0","","67","8","2021","7","39.999797","-75.195054","2243","6","0","0","0","0","0","0","0","0","","0","0","0","","","1","N","0","","39 59:59.269","4","0","75 11:42.195","3","0","0","0","67301","0","0","0","N","0","0","0","4","68K01","0","","1.0","1110.0","1","N","N","N","0","","1","0","0","","0","N","","3","1","0","0","0","0","0","2","0","3","","","","N","","","","","","","","","",""
"2021073494","1923","1","0","0","0","0","0","0","0","0","7","0","55","67","8","2021","6","39.979","-75.10858","1916","6","0","0","0","0","0","0","0","0","","0","0","0","","","0","N","0","","39 58:44.399","1","0","75 06:30.889","0","0","0","0","67301","0","0","0","N","0","0","0","3","68K01","0","","4.0","1930.0","1","N","N","N","0","","0","0","0","","0","N","","1","0","0","0","0","0","0","2","0","1","","03","N","Y","4","1","","","N","","","","Y","N"
"2021117320","0305","3","0","0","0","0","0","0","0","0","4","0","","67","12","2021","5","40.056844","-75.157458","0301","6","0","0","0","0","0","0","0","0","","0","0","0","","","0","N","0","","40 03:24.640","","0","75 09:26.850","0","0","0","0","67301","0","0","0","N","0","0","0","1","67301","0","","1.0","","9","N","N","N","0","","0","0","0","","0","","","3","0","0","0","0","0","0","2","0","3","","07","","N","","","","","","","","","",""
"2021115310","1207","1","0","0","0","0","0","0","0","0","4","1","","67","11","2021","4","40.114146","-74.987744","1156","6","1","0","0","0","0","0","0","1","","0","1","0","","","0","","1","","40 06:50.926","6","0","74 59:15.880","0","0","0","0","67301","0","0","0","N","0","0","0","3","67301","0","","1.0","100.0","1","N","N","N","0","","0","0","1","","2","Y","","3","0","0","0","0","0","0","2","0","3","","03","","N","","","","","","","","","",""
"2021071749","1815","2","0","0","0","0","0","0","0","0","4","0","","67","7","2021","6","40.025367","-75.036451","1812","6","0","0","0","0","0","1","0","0","","0","0","0","","","1","","2","","40 01:31.321","","0","75 02:11.225","8","0","0","0","67301","0","0","0","N","0","0","0","2","67301","0","","1.0","","1","N","N","N","0","","0","0","0","","3","","","2","1","0","0","0","1","0","2","0","2","","03","","N","","","","","","","","","",""
"2021073031","0135","2","0","0","0","0","0","0","0","0","4","0","","67","8","2021","5","39.922772","-75.235675","0132","6","0","0","0","0","0","0","0","0","","0","0","0","","","1","","1","","39 55:21.979","","0","75 14:08.429","2","0","0","0","67301","0","0","0","N","0","0","0","3","67301","0","","1.0","","1","N","N","N","1","","0","1","1","","2","","","4","1","0","0","0","0","2","2","0","4","","03","","N","","","","","","","","","",""
"2021072649","0415","2","0","0","0","0","0","0","0","0","7","0","05","67","7","2021","7","40.007273","-75.1358","0406","6","0","0","0","0","0","0","0","0","","0","0","0","","","0","N","0","","40 00:26.184","","0","75 08:08.881","9","0","0","0","67301","0","0","0","N","0","0","0","1","67301","0","","1.0","","1","N","N","N","0","","0","0","0","","8","","","2","0","0","0","0","0","1","2","0","2","","03","N","Y","2","1","Y","N","N","Y","N","N","N","N"
"2021115583","0723","1","0","0","0","0","0","0","0","0","7","0","","67","11","2021","7","40.044508","-75.01705","0710","6","0","0","0","1","0","0","0","0","","0","0","0","","","1","N","0","","40 02:40.230","","0","75 01:01.380","3","0","0","0","67301","0","0","0","N","0","0","0","1","67301","0","","5.0","","1","N","N","N","0","","1","0","0","","0","","","1","1","0","0","0","0","0","2","0","1","","","","N","","","","","","","","","",""
"2021073369","0035","2","0","0","0","0","0","0","0","0","1","0","","67","8","2021","4","40.041334","-75.106702","0025","6","0","0","0","0","0","1","0","0","","0","0","0","","","2","","1","","40 02:28.801","2","0","75 06:24.126","3","0","0","0","67301","0","0","0","N","0","0","0","3","67301","1","","1.0","30.0","1","N","N","N","0","","1","0","0","","2","N","","2","2","0","0","0","0","0","2","0","2","","03","","N","","","","","","","","","",""
"2021117292","1626","1","0","0","0","0","0","0","0","0","8","0","","67","12","2021","4","39.927346","-75.192812","1619","6","0","0","0","0","0","0","0","0","","0","0","0","","","1","N","0","","39 55:38.445","","0","75 11:34.124","3","0","0","0","67301","1","0","0","N","1","0","0","2","67301","0","","1.0","","1","N","N","N","0","","1","0","0","","0","","","2","1","0","0","0","0","0","2","0","1","","","","N","","","","","","","","","",""
"2021122335","0926","1","0","0","0","0","0","0","0","0","4","0","","67","12","2021","2","40.030709","-75.093211","0919","6","0","0","1","0","0","0","0","0","","0","0","0","","","2","","1","","40 01:50.552","","0","75 05:35.559","4","0","0","0","67301","0","0","0","N","0","0","0","2","67301","1","","1.0","","1","N","N","N","0","","0","0","1","","3","","","2","2","0","0","0","1","0","2","0","2","","03","","N","","","","","","","","","",""
"2021073951","2355","2","0","0","0","0","0","0","0","0","1","0","","67","8","2021","7","40.070003","-75.162742","2350","6","0","0","0","0","0","0","0","0","","0","0","0","","","1","","1","","40 04:12.010","","0","75 09:45.872","4","0","0","1","67301","0","0","0","N","0","0","0","4","67301","1","","1.0","","1","N","N","N","0","","0","0","0","","2","","","3","1","0","0","0","0","0","2","0","3","","07","","N","","","","","","","","","",""
"2021118084","1808","1","0","0","0","0","0","0","0","0","1","0","","67","11","2021","2","40.001518","-75.078936","1804","6","0","0","0","0","1","1","0","0","","0","0","0","","","0","N","0","","40 00:05.466","","0","75 04:44.171","0","0","0","0","67301","0","0","0","N","0","0","0","2","68K01","0","","1.0","","1","N","N","N","0","","0","0","1","","0","","","2","0","0","0","0","0","0","2","0","2","","03","","N","","","","","","","","","",""
"2021072757","1147","0","0","0","0","0","0","0","0","0","1","0","","67","7","2021","6","40.048272","-75.118683","1140","6","0","0","0","0","0","1","1","0","","0","0","0","","","1","N","0","","40 02:53.780","","0","75 07:07.260","3","0","0","0","67301","0","0","0","N","0","0","0","3","67301","0","","1.0","","1","N","N","N","1","","1","0","1","","0","","","2","1","3","0","0","0","0","2","0","2","","03","","N","","","","","","","","","",""