"CRN","ARRIVAL_TM","AUTOMOBILE_COUNT","BELTED_DEATH_COUNT","BELTED_SUSP_SERIOUS_INJ_COUNT","BICYCLE_COUNT","BICYCLE_DEATH_COUNT","BICYCLE_SUSP_SERIOUS_INJ_COUNT","BUS_COUNT","CHLDPAS_DEATH_COUNT","CHLDPAS_SUSP_SERIOUS_INJ_COUNT","COLLISION_TYPE","COMM_VEH_COUNT","CONS_ZONE_SPD_LIM","COUNTY","CRASH_MONTH","CRASH_YEAR","DAY_OF_WEEK","DEC_LATITUDE","DEC_LONGITUDE","DISPATCH_TM","DISTRICT","DRIVER_COUNT_16YR","DRIVER_COUNT_17YR","DRIVER_COUNT_18YR","DRIVER_COUNT_19YR","DRIVER_COUNT_20YR","DRIVER_COUNT_50_64YR","DRIVER_COUNT_65_74YR","DRIVER_COUNT_75PLUS","EST_HRS_CLOSED","FATAL_COUNT","HEAVY_TRUCK_COUNT","HORSE_BUGGY_COUNT","HOUR_OF_DAY","ILLUMINATION","INJURY_COUNT","INTERSECTION_RELATED","INTERSECT_TYPE","LANE_CLOSED","LATITUDE","LN_CLOSE_DIR","LOCATION_TYPE","LONGITUDE","MAX_SEVERITY_LEVEL","MCYCLE_DEATH_COUNT","MCYCLE_SUSP_SERIOUS_INJ_COUNT","MOTORCYCLE_COUNT","MUNICIPALITY","NONMOTR_COUNT","NONMOTR_DEATH_COUNT","NONMOTR_SUSP_SERIOUS_INJ_COUNT","NTFY_HIWY_MAINT","PED_COUNT","PED_DEATH_COUNT","PED_SUSP_SERIOUS_INJ_COUNT","PERSON_COUNT","POLICE_AGCY","POSSIBLE_INJ_COUNT","RDWY_SURF_TYPE_CD","RELATION_TO_ROAD","ROADWAY_CLEARED","ROAD_CONDITION","SCH_BUS_IND","SCH_ZONE_IND","SECONDARY_CRASH","SMALL_TRUCK_COUNT","SPEC_JURIS_CD","SUSP_MINOR_INJ_COUNT","SUSP_SERIOUS_INJ_COUNT","SUV_COUNT","TCD_FUNC_CD","TCD_TYPE","TFC_DETOUR_IND","TIME_OF_DAY","TOTAL_UNITS","TOT_INJ_COUNT","UNBELTED_OCC_COUNT","UNB_DEATH_COUNT","UNB_SUSP_SERIOUS_INJ_COUNT","UNK_INJ_DEG_COUNT","UNK_INJ_PER_COUNT","URBAN_RURAL","VAN_COUNT","VEHICLE_COUNT","WEATHER1","WEATHER2","WORKERS_PRES","WORK_ZONE_IND","WORK_ZONE_LOC","WORK_ZONE_TYPE","WZ_CLOSE_DETOUR","WZ_FLAGGER","WZ_LAW_OFFCR_IND","WZ_LN_CLOSURE","WZ_MOVING","WZ_OTHER","WZ_SHLDER_MDN","WZ_WORKERS_INJ_KILLED"
"2021117012","1755","1","0","0","0","0","0","0","0","0","7","0","","67","11","2021","5","39.969901","-75.125519","1746","6","0","0","0","0","0","0","0","0","","0","0","0","","","0","N","0","","39 58:11.642","","0","75 07:31.867","0","0","0","0","67301","0","0","0","N","0","0","0","1","68K01","0","","4.0","","1","N","N","N","0","","0","0","0","","0","","","1","0","0","0","0","0","0","2","0","1","","03","","N","","","","","","","","","",""
"2021115696","1655","1","0","0","0","0","0","0","0","0","4","1","","67","11","2021","4","39.940031","-75.198069","1654","6","0","0","0","0","0","0","0","0","","0","1","0","","","2","N","0","","39 56:24.110","","7","75 11:53.048","3","0","0","0","67301","0","0","0","N","0","0","0","3","67301","0","","1.0","","1","N","N","N","0","","2","0","0","","0","","","2","2","0","0","0","0","0","2","0","2","","03","","N","","","","","","","","","",""
"2021071373","0250","1","0","0","0","0","0","0","0","0","4","0","","67","8","2021","1","39.897531","-75.252476","0250","6","0","0","0","0","0","1","0","0","","0","0","0","","","2","","1","","39 53:51.111","","0","75 15:08.912","3","0","0","0","67301","0","0","0","N","0","0","0","3","67301","0","","1.0","","1","N","N","N","0","","2","0","1","","2","","","2","2","0","0","0","0","0","2","0","2","","03","","N","","","","","","","","","",""
"2021077511","2120","0","0","0","0","0","0","0","0","0","2","0","","67","8","2021","3","40.004232","-75.173343","2118","6","0","0","0","0","0","2","0","0","","0","0","0","","","1","N","0","","40 00:15.235","","0","75 10:24.035","4","0","0","0","67301","0","0","0","N","0","0","0","2","67301","1","","1.0","","1","N","N","N","0","","0","0","2","","0","","","2","1","2","0","0","0","0","2","0","2","","03","","N","","","","","","","","","",""
"2021116381","1506","1","0","0","0","0","0","0","0","0","4","0","","67","11","2021","2","39.996447","-75.109796","1506","6","0","0","0","0","0","0","0","0","","0","0","0","","","0","","1","","39 59:47.209","","0","75 06:35.265","0","0","0","0","67301","0","0","0","N","0","0","0","1","67301","0","","1.0","","99","N","N","N","0","","0","0","0","","3","U","","2","0","0","0","0","0","0","2","0","2","","","","N","","","","","","","","","",""
"2021071088","0035","1","0","0","0","0","0","0","0","0","1","0","","67","7","2021","7","39.97191","-75.23601","0033","6","0","0","0","0","0","0","0","0","","0","0","0","","","2","","1","","39 58:18.876","6","0","75 14:09.635","3","0","0","0","67301","0","0","0","N","0","0","0","3","67301","0","","1.0","400.0","1","N","N","N","0","","1","0","3","","3","Y","","4","2","0","0","0","1","0","2","0","4","","","","N","","","","","","","","","",""
"2021073551","1849","2","0","0","0","0","0","0","0","0","4","0","","67","7","2021","7","39.959218","-75.231111","1846","6","0","0","0","0","0","0","0","0","","0","0","0","","","4","","1","","39 57:33.183","","0","75 13:52.001","2","0","0","0","67301","0","0","0","N","0","0","0","4","67301","0","","1.0","","1","N","N","N","0","","3","1","0","","2","","","2","4","0","0","0","0","0","2","0","2","","","","N","","","","","","","","","",""
"2021074129","1615","2","0","0","0","0","0","0","0","0","4","0","","67","8","2021","1","40.036295","-75.071755","1606","6","0","0","1","0","0","0","0","0","","0","0","0","","","1","","1","","40 02:10.662","","0","75 04:18.319","3","0","0","0","67301","0","0","0","N","0","0","0","2","67301","0","","1.0","","1","N","N","N","0","","1","0","2","","3","","","4","1","0","0","0","0","0","2","0","4","","","","N","","","","","","","","","",""
"2021071800","0146","2","0","0","0","0","0","0","0","0","1","0","","67","8","2021","3","40.053979","-75.126645","0144","6","0","0","0","0","0","2","0","0","","0","0","0","","","1","","3","","40 03:14.324","","0","75 07:35.922","3","0","0","0","67301","0","0","0","N","0","0","0","2","67301","0","","1.0","","1","N","N","N","0","","1","0","1","","2","","","3","1","0","0","0","0","0","2","0","3","","03","","N","","","","","","","","","",""
"2021072456","0854","2","0","2","0","0","0","0","0","0","4","0","","67","8","2021","4","39.985802","-75.215608","0853","6","0","0","0","0","0","1","1","0","","0","0","0","","","2","","1","","39 59:08.888","5","0","75 12:56.190","2","0","0","0","67301","0","0","0","N","0","0","0","2","67301","0","","1.0","1130.0","1","N","N","N","0","","0","2","0","","2","Y","","2","2","0","0","0","0","0","2","0","2","","","","N","","","","","","","","","",""
"2021073758","1314","1","0","0","0","0","0","0","0","0","6","0","","67","8","2021","1","40.065189","-75.145556","1307","6","0","0","0","0","0","0","0","0","","0","0","0","","","1","","2","","40 03:54.680","","0","75 08:44.001","3","0","0","0","67301","1","0","0","N","1","0","0","3","67301","0","","1.0","","1","N","N","N","1","","1","0","0","","0","","","3","1","1","0","0","0","1","2","0","2","","","","N","","","","","","","","","",""
"2021116354","0107","1","0","0","0","0","0","0","0","0","4","0","","67","11","2021","5","40.061208","-75.139431","0059","6","0","0","0","0","0","0","0","0","","0","0","0","","","0","N","0","","40 03:40.350","","0","75 08:21.950","9","0","0","0","67301","0","0","0","N","0","0","0","1","67301","0","","5.0","","9","N","N","N","0","","0","0","1","","0","","","3","0","0","0","0","0","1","2","0","3","","07","","N","","","","","","","","","",""
"2021075262","1810","2","0","0","0","0","0","0","0","0","4","0","","67","8","2021","7","39.98011","-75.127322","1803","6","0","0","1","0","0","0","0","0","","0","0","0","","","4","","1","","39 58:48.395","","0","75 07:38.359","3","0","0","0","67301","0","0","0","N","0","0","0","6","67301","0","","1.0","","1","N","N","N","0","","4","0","0","","3","","","2","4","0","0","0","0","1","2","0","2","","03","","N","","","","","","","","","",""
"2021114813","0018","2","0","0","0","0","0","0","0","0","7","0","","67","11","2021","7","40.030033","-75.103888","0016","6","0","0","0","0","0","1","0","0","","2","0","0","","","4","N","0","","40 01:48.117","7","0","75 06:13.998","1","0","0","0","67301","0","0","0","N","0","0","0","6","67301","1","2","4.0","800.0","1","N","N","Y","0","0","1","2","1","","0","Y","","3","4","0","0","0","0","0","2","0","3","","03","","N","","","","","","","","","",""
"2021074686","0234","2","0","0","0","0","0","0","0","0","1","0","","67","8","2021","1","39.944314","-75.2445","0234","6","0","0","0","0","0","0","0","0","","0","0","0","","","0","N","0","","39 56:39.531","","0","75 14:40.200","9","0","0","0","67301","0","0","0","N","0","0","0","1","67301","0","","6.0","","9","N","N","N","1","","0","0","1","","0","","","4","0","0","0","0","0","1","2","0","4","","07","","N","","","","","","","","","",""
"2021075711","0932","1","0","0","0","0","0","0","0","0","4","0","","67","8","2021","4","40.01207","-75.112176","0926","6","0","0","0","0","0","1","0","0","","0","0","0","","","1","","1","","40 00:43.452","","0","75 06:43.833","4","0","0","0","67301","0","0","0","N","0","0","0","3","67301","1","","1.0","","99","N","N","N","0","","0","0","1","","2","","","2","1","0","0","0","0","0","2","0","2","","","","N","","","","","","","","","",""
"2021079473","0809","5","0","0","0","0","0","0","0","0","1","0","","67","8","2021","5","39.909189","-75.19316","0805","6","0","0","0","0","0","0","0","1","","0","0","0","","","1","N","0","","39 54:33.082","","0","75 11:35.377","3","0","0","0","67301","0","0","0","N","0","0","0","6","67301","0","","1.0","","1","N","N","Y","0","","1","0","1","","0","","","6","1","0","0","0","0","0","2","0","6","","03","","N","","","","","","","","","",""
"2021073461","1312","3","0","0","0","0","0","0","0","0","1","0","","67","8","2021","6","40.013448","-75.086678","1310","6","0","0","0","0","0","0","2","0","","0","0","0","","","4","Y","0","","40 00:48.413","1","0","75 05:12.042","3","0","0","0","67301","0","0","0","N","0","0","0","4","67301","2","","1.0","20.0","1","N","N","N","0","","2","0","0","","2","N","","3","4","0","0","0","0","0","2","0","3","","03","","N","","","","","","","","","",""
"2021072020","1701","1","0","0","1","0","0","0","0","0","8","0","","67","8","2021","2","39.95112","-75.178518","1701","6","0","0","0","0","0","1","0","0","","0","0","0","","","1","","1","","39 57:04.033","","0","75 10:42.665","3","0","0","0","67301","1","0","0","N","0","0","0","2","67301","0","","1.0","","1","N","N","N","0","","1","0","0","","2","","","2","1","1","0","0","0","0","2","0","1","","03","","N","","","","","","","","","",""
"2021117697","1600","1","0","0","0","0","0","0","0","0","1","0","","67","11","2021","2","39.946593","-75.246258","1600","6","0","0","0","0","0","0","0","0","","0","0","0","","","1","N","0","","39 56:47.734","","0","75 14:46.527","8","0","0","0","67301","0","0","0","N","0","0","0","2","67301","0","","6.0","","99","N","N","N","0","","0","0","0","","0","","","2","1","0","0","0","1","1","2","0","2","","","","N","","","","","","","","","",""
"2021071374","1640","0","0","0","0","0","0","0","0","0","8","0","","67","7","2021","7","39.995392","-75.121239","1638","6","0","0","0","0","0","0","0","0","","0","0","0","","","1","N","0","","39 59:43.410","2","0","75 07:16.460","2","0","0","1","67301","1","0","1","N","1","0","1","2","67301","0","","1.0","1745.0","1","N","N","N","0","","0","1","0","","0","Y","","2","1","0","0","0","0","0","2","0","1","","03","","N","","","","","","","","","",""
"2021071273","0542","1","0","0","0","0","0","0","0","0","1","0","","67","8","2021","1","39.900044","-75.206636","0541","6","0","0","0","0","0","1","0","0","","0","0","0","","","2","N","0","","39 54:00.159","4","3","75 12:23.889","2","0","0","0","67301","0","0","0","N","0","0","0","3","67301","0","","1.0","749.0","1","N","N","N","0","","1","1","2","","0","Y","","3","2","2","0","1","0","0","2","0","3","","","","N","","","","","","","","","",""
"2021073688","1516","3","0","0","0","0","0","0","0","0","4","0","","67","8","2021","7","39.983906","-75.186354","1512","6","0","0","1","0","0","0","0","0","","0","0","0","","","1","","1","","39 59:02.061","","0","75 11:10.874","3","0","0","0","67301","0","0","0","N","0","0","0","2","67301","0","","1.0","","1","N","N","N","0","","1","0","1","","1","","","4","1","0","0","0","0","0","2","0","4","","03","","N","","","","","","","","","",""
"2021117975","0920","1","0","0","0","0","0","0","0","0","4","0","","67","12","2021","5","40.095984","-74.982494","0914","6","0","0","0","1","0","0","0","0","","0","0","0","","","0","N","0","","40 05:45.543","4","0","74 58:56.979","0","0","0","0","67301","0","0","0","N","0","0","0","2","67301","0","","1.0","915.0","1","N","N","N","0","","0","0","1","","0","N","","2","0","0","0","0","0","0","2","0","2","","","","N","","","","","","","","","",""
"2021071274","0215","2","0","0","0","0","0","0","0","0","5","0","","67","8","2021","1","39.972721","-75.159244","0206","6","0","0","0","0","0","0","0","0","","0","0","0","","","0","N","0","","39 58:21.794","","0","75 09:33.279","0","0","0","0","67301","0","0","0","N","0","0","0","4","67301","0","","1.0","","1","N","N","N","0","","0","0","0","","0","","","2","0","0","0","0","0","0","2","0","2","","03","","N","","","","","","","","","",""
"2021071237","0515","2","0","0","0","0","0","0","0","0","4","0","","67","7","2021","7","40.04104","-75.070046","0510","6","0","0","0","0","0","0","0","0","","0","0","0","","","3","","1","","40 02:27.743","5","0","75 04:12.165","8","0","0","0","67301","0","0","0","N","0","0","0","3","67301","0","","1.0","800.0","1","N","N","Y","1","","0","0","2","","3","Y","","7","3","0","0","0","3","0","2","2","7","","03","","N","","","","","","","","","",""
"2021115488","0043","1","0","0","0","0","0","0","0","0","8","0","","67","11","2021","6","40.018002","-75.149228","0043","6","0","0","0","0","0","0","0","0","","0","0","0","","","1","","1","","40 01:04.807","","0","75 08:57.222","3","0","0","0","67301","1","0","0","N","1","0","0","2","67301","0","","1.0","","9","N","N","N","0","","1","0","0","","2","","","2","1","0","0","0","0","0","2","0","1","","07","","N","","","","","","","","","",""
"2021073073","1449","1","0","0","0","0","0","0","0","0","4","0","","67","8","2021","5","39.945967","-75.168342","1437","6","0","0","0","0","0","0","0","0","","0","0","0","","","1","","1","","39 56:45.480","","0","75 10:06.032","4","0","0","0","67301","0","0","0","N","0","0","0","3","67301","1","","1.0","","1","N","N","N","1","","0","0","0","","2","","","2","1","1","0","0","0","0","2","0","2","","03","","N","","","","","","","","","",""
"2021077513","0902","2","0","0","0","0","0","0","0","0","1","0","","67","8","2021","1","40.008303","-75.194369","0900","6","0","0","0","0","0","1","0","0","","0","0","0","","","1","","2","","40 00:29.891","","0","75 11:39.727","3","0","0","0","67301","0","0","0","N","0","0","0","2","67301","0","","1.0","","1","N","N","N","0","","1","0","0","","2","","","2","1","2","0","0","0","0","2","0","2","","04","","N","","","","","","","","","",""
"2021072112","1320","0","0","0","0","0","0","0","0","0","6","0","","67","8","2021","3","40.102008","-74.972064","1318","6","0","0","0","0","0","1","0","0","","0","0","0","","","1","N","0","","40 06:07.230","5","0","74 58:19.430","8","0","0","0","67301","0","0","0","N","0","0","0","1","67301","0","","1.0","1400.0","1","N","N","N","0","","0","0","2","","0","Y","","2","1","0","0","0","1","0","2","0","2","","03","","N","","","","","","","","","",""
"2021071369","1920","0","0","0","0","0","0","0","0","0","8","0","","67","7","2021","7","39.949442","-75.152508","1920","6","0","0","0","0","0","1","0","0","","0","0","0","","","1","N","0","","39 56:57.991","","0","75 09:09.028","3","0","0","0","67301","1","0","0","N","1","0","0","2","67301","0","","1.0","","1","N","N","N","0","","1","0","1","","0","","","2","1","1","0","0","0","0","2","0","1","","03","","N","","","","","","","","","",""
"2021118219","0330","3","0","0","0","0","0","0","0","0","4","0","","67","12","2021","6","39.927411","-75.234553","0319","6","0","0","0","0","0","0","0","0","","0","0","0","","","0","N","0","","39 55:38.680","","0","75 14:04.390","9","0","0","0","67301","0","0","0","N","0","0","0","1","67301","0","","6.0","","1","N","N","N","0","","0","0","1","","0","","","4","0","1","0","0","0","1","2","0","4","","03","","N","","","","","","","","","",""
"2021071470","2104","1","0","0","0","0","0","0","0","0","7","0","","67","8","2021","1","39.982023","-75.166162","2056","6","0","0","0","0","0","0","0","0","","0","0","0","","","1","","2","","39 58:55.282","","0","75 09:58.183","3","0","0","0","67301","0","0","0","N","0","0","0","1","67301","0","","5.0","","1","N","N","N","0","","1","0","0","","0","","","1","1","0","0","0","0","0","2","0","1","","","","N","","","","","","","","","",""
"2021115654","2225","0","0","0","0","0","0","0","0","0","7","0","","67","10","2021","3","40.042725","-75.003558","2214","6","0","0","0","0","0","1","0","0","","0","0","0","","","0","N","0","","40 02:33.811","2","0","75 00:12.808","0","0","0","0","67301","0","0","0","N","0","0","0","1","68K01","0","","3.0","2237.0","9","N","N","N","0","","0","0","1","","0","N","","1","0","0","0","0","0","0","2","0","1","","","","N","","","","","","","","","",""
"2021072650","0440","4","0","0","0","0","0","0","0","0","5","0","","67","8","2021","1","40.0082","-75.139861","0440","6","0","0","0","0","0","0","0","0","","0","0","0","","","0","N","0","","40 00:29.520","","0","75 08:23.500","0","0","0","0","67301","0","0","0","N","0","0","0","1","67301","0","","6.0","","1","N","N","N","0","","0","0","0","","0","","","4","0","0","0","0","0","0","2","0","4","","","","N","","","","","","","","","",""
"2021071834","0805","1","0","0","0","0","0","0","0","0","7","0","","67","7","2021","6","40.049103","-75.004794","0758","6","0","0","0","0","0","0","0","0","","0","0","0","","","1","","11","","40 02:56.770","","0","75 00:17.260","3","0","0","0","67301","0","0","0","N","0","0","0","1","67301","0","","4.0","","1","N","N","N","0","","1","0","0","","0","","","1","1","0","0","0","0","0","2","0","1","","","","N","","","","","","","","","",""
"2021117517","2059","2","0","0","0","0","0","0","0","0","1","0","","67","11","2021","1","39.96437","-75.184897","2053","6","0","0","0","1","0","1","0","0","","0","0","0","","","1","N","0","","39 57:51.731","","0","75 11:05.629","4","0","0","0","67301","0","0","0","N","0","0","0","4","68K01","1","","1.0","","9","N","N","N","0","","0","0","1","","0","","","3","1","0","0","0","0","0","2","0","3","","","","N","","","","","","","","","",""
"2021073890","1900","1","0","0","0","0","0","0","0","0","7","0","","67","8","2021","7","40.048158","-75.001017","1851","6","0","0","0","0","0","0","0","0","","0","0","0","","","0","N","0","","40 02:53.370","","0","75 00:03.661","0","0","0","0","67301","0","0","0","N","0","0","0","2","67301","0","","4.0","","1","N","N","N","0","","0","0","0","","0","","","1","0","0","0","0","0","0","2","0","1","","03","","N","","","","","","","","","",""
"2021118069","0010","0","0","0","0","0","0","0","0","0","1","0","","67","11","2021","5","39.985265","-75.093934","0000","6","0","0","0","1","0","0","0","0","","0","0","0","","","0","N","0","","39 59:06.955","1","0","75 05:38.162","0","0","0","0","67301","0","0","0","N","0","0","0","2","68K01","0","","1.0","101.0","1","N","N","N","0","","0","0","2","","0","Y","","2","0","0","0","0","0","0","2","0","2","","","","N","","","","","","","","","",""
"2021073697","1745","0","0","0","0","0","0","0","0","0","5","0","","67","8","2021","6","39.959519","-75.24748","1737","6","0","0","0","0","0","0","0","0","","0","0","0","","","2","N","0","","39 57:34.267","","0","75 14:50.927","3","0","0","0","67301","0","0","0","N","0","0","0","4","67301","0","","1.0","","1","N","N","N","0","","2","0","2","","0","","","3","2","0","0","0","0","0","2","0","3","","03","","N","","","","","","","","","",""
"2021072453","1730","1","0","0","0","0","0","0","0","0","5","0","","67","8","2021","3","39.955115","-75.140507","1720","6","0","0","0","0","0","1","0","0","","0","0","0","","","1","","3","","39 57:18.414","","2","75 08:25.824","3","0","0","0","67301","0","0","0","N","0","0","0","2","67301","0","","1.0","","99","N","N","N","0","","1","0","1","","4","","","2","1","0","0","0","0","1","2","0","2","","03","","N","","","","","","","","","",""
"2021071678","0111","1","0","0","0","0","0","0","0","0","7","0","45","67","8","2021","1","40.021597","-75.040472","0100","6","0","0","0","0","0","0","0","0","","0","0","0","","","0","N","0","","40 01:17.750","","0","75 02:25.699","9","0","0","0","67301","0","0","0","Y","0","0","0","1","68K01","0","","4.0","","1","N","N","N","0","","0","0","0","","1","","","1","0","0","0","0","0","1","2","0","1","","","N","Y","2","1","","","N","Y","","","Y","N"
"2021116800","0955","1","0","0","0","0","0","0","0","0","4","1","","67","11","2021","6","39.940402","-75.201921","0922","6","0","0","0","0","0","0","1","0","","0","1","0","","","1","N","0","","39 56:25.446","","7","75 12:06.915","8","0","0","0","67301","0","0","0","N","0","0","0","2","67301","0","","1.0","","1","N","N","N","0","","0","0","0","","0","","","2","1","1","0","0","1","0","2","0","2","","04","","N","","","","","","","","","",""
"2021116360","2007","0","0","0","0","0","0","0","0","0","2","0","","67","11","2021","1","40.000289","-75.119186","1955","6","0","0","0","0","0","0","0","0","","0","0","0","","","0","N","0","","40 00:01.040","","0","75 07:09.070","0","0","0","0","67301","0","0","0","N","0","0","0","0","67301","0","","6.0","","1","N","N","N","0","","0","0","2","","3","","","2","0","0","0","0","0","0","2","0","2","","03","","N","","","","","","","","","",""
"2021105761","","2","0","0","0","0","0","0","0","0","5","1","","67","8","2021","4","39.924916","-75.147026","","6","0","0","0","0","0","0","0","0","","0","1","0","","","1","N","0","","39 55:29.697","","3","75 08:49.294","8","0","0","0","67301","0","0","0","N","0","0","0","3","00000","0","","1.0","","1","N","N","Y","0","","0","0","0","","0","","","3","1","0","0","0","1","0","2","0","3","","","","N","","","","","","","","","",""
"2021117707","1007","2","0","0","0","0","0","0","0","0","7","0","","67","11","2021","4","39.892038","-75.236074","0944","6","0","0","0","0","0","0","0","0","","0","0","0","","","3","N","0","","39 53:31.338","1","0","75 14:09.866","8","0","0","0","67301","0","0","0","N","0","0","0","4","68K01","0","","5.0","1100.0","1","N","N","N","0","","0","0","0","","0","N","","2","3","3","0","0","3","1","2","0","2","","","","N","","","","","","","","","",""
"2021104846","","1","0","0","0","0","0","0","0","0","4","0","","67","6","2021","2","40.005843","-75.096428","","6","0","0","0","0","0","0","0","0","","0","0","0","","","1","","1","","40 00:21.036","","1","75 05:47.139","8","0","0","0","67301","0","0","0","N","0","0","0","3","00000","0","","1.0","","9","N","N","N","0","","0","0","1","","2","","","2","1","0","0","0","1","0","2","0","2","","","","N","","","","","","","","","",""
"2021072455","1510","1","0","0","0","0","0","0","0","0","8","0","","67","8","2021","3","40.019889","-75.091403","1459","6","0","0","0","0","0","1","0","0","","0","0","0","","","1","N","0","","40 01:11.600","","0","75 05:29.050","3","0","0","0","67301","1","0","0","N","1","0","0","2","67301","0","","1.0","","1","N","N","N","0","","1","0","0","","0","","","2","1","1","0","0","0","0","2","0","1","","03","","N","","","","","","","","","",""
"2021071268","1045","2","0","0","0","0","0","0","0","0","1","0","","67","7","2021","7","39.94425","-75.148611","1039","6","0","0","0","0","0","0","0","0","","0","0","0","","","0","N","0","","39 56:39.300","","0","75 08:55.000","9","0","0","0","67301","0","0","0","N","0","0","0","1","67301","0","","6.0","","1","N","N","N","0","","0","0","0","","0","","","3","0","0","0","0","0","1","2","0","3","","03","","N","","","","","","","","","",""
"2021073447","0650","1","0","0","0","0","0","0","0","0","7","0","","67","8","2021","7","39.958132","-75.150458","0645","6","0","0","0","0","0","0","0","0","","0","0","0","","","0","","1","","39 57:29.275","","0","75 09:01.648","0","0","0","0","67301","0","0","0","N","0","0","0","1","67301","0","","4.0","","1","N","N","N","0","","0","0","0","","2","","","1","0","0","0","0","0","0","2","0","1","","03","","N","","","","","","","","","",""
"2021075382","0247","4","0","0","0","0","0","0","0","0","6","0","","67","8","2021","1","39.963253","-75.134936","0243","6","0","0","0","0","0","0","0","0","","0","0","0","","","0","N","0","","39 57:47.710","","0","75 08:05.770","0","0","0","0","67301","0","0","0","N","0","0","0","1","67301","0","","6.0","","9","N","N","N","0","","0","0","0","","3","","","4","0","0","0","0","0","0","2","0","4","","07","","N","","","","","","","","","",""
"2021073729","1158","1","0","0","0","0","0","0","0","0","1","0","","67","8","2021","7","40.034485","-75.048146","1154","6","0","0","0","1","0","0","1","0","","0","0","0","","","1","","1","","40 02:04.146","","0","75 02:53.325","4","0","0","0","67301","0","0","0","N","0","0","0","2","67301","1","","1.0","","1","N","N","N","0","","0","0","1","","0","","","2","1","0","0","0","0","0","2","0","2","","","","N","","","","","","","","","",""
"2021081238","1743","2","0","0","0","0","0","0","0","0","4","0","","67","8","2021","2","39.949438","-75.237333","1743","6","0","0","0","0","0","0","0","0","","0","0","0","","","1","","1","","39 56:57.976","","0","75 14:14.398","8","0","0","1","67301","0","0","0","N","0","0","0","2","67301","0","","1.0","","1","N","N","N","0","","0","0","0","","0","","","3","1","0","0","0","1","0","2","0","3","","03","","N","","","","","","","","","",""
"2021072675","2307","1","0","0","0","0","0","0","0","0","4","0","","67","8","2021","5","39.986404","-75.169612","2304","6","0","0","0","0","0","0","0","0","","0","0","0","","","0","","1","","39 59:11.054","","0","75 10:10.603","9","0","0","0","67301","0","0","0","N","0","0","0","3","67301","0","","1.0","","1","N","N","N","0","","0","0","1","","2","","","2","0","0","0","0","0","3","2","0","2","","","","N","","","","","","","","","",""
"2021118118","1438","2","0","0","0","0","0","0","0","0","7","0","","67","11","2021","4","39.958188","-75.165175","1431","6","0","0","0","0","0","1","1","0","","0","0","0","","","1","N","0","","39 57:29.477","3","0","75 09:54.630","3","0","0","0","67301","0","0","0","N","0","0","0","4","68K01","0","","3.0","1510.0","1","N","N","N","0","","1","0","0","","0","N","","2","1","0","0","0","0","0","2","0","2","","","","N","","","","","","","","","",""
"2021074038","1654","1","0","0","0","0","0","0","0","0","7","0","","67","8","2021","7","39.980812","-75.198483","1652","6","0","0","0","1","0","0","0","0","","0","0","0","","","2","N","0","","39 58:50.922","","0","75 11:54.537","3","0","0","0","67301","0","0","0","N","0","0","0","2","67301","0","","5.0","","1","N","N","N","0","","2","0","0","","0","","","1","2","0","0","0","0","0","2","0","1","","04","","N","","","","","","","","","",""
"2021115768","1340","2","0","0","0","0","0","0","0","0","4","0","","67","11","2021","4","39.925923","-75.16233","1330","6","0","0","0","0","0","0","1","0","","0","0","0","","","0","","1","","39 55:33.323","","0","75 09:44.389","0","0","0","0","67301","0","0","0","N","0","0","0","1","67301","0","","1.0","","1","N","N","N","0","","0","0","0","","3","","","2","0","1","0","0","0","0","2","0","2","","","","N","","","","","","","","","",""
"2021117977","1924","1","0","0","0","0","0","0","0","0","1","1","","67","12","2021","5","39.885733","-75.231575","1919","6","0","0","0","0","0","2","0","0","","0","1","0","","","1","N","0","","39 53:08.640","2","7","75 13:53.670","3","0","0","0","67301","0","0","0","N","0","0","0","4","67301","0","","1.0","200.0","1","N","N","N","0","","1","0","1","","0","N","","3","1","0","0","0","0","0","2","0","3","","03","","N","","","","","","","","","",""
"2021105755","","0","0","0","0","0","0","0","0","0","5","0","","67","6","2021","5","40.021022","-75.041377","","6","0","0","0","0","0","0","0","0","","0","0","0","","","2","N","0","","40 01:15.679","","0","75 02:28.958","8","0","0","0","67301","0","0","0","N","0","0","0","3","00000","0","","1.0","","1","N","N","N","0","","0","0","2","","0","","","2","2","0","0","0","2","0","2","0","2","","","","N","","","","","","","","","",""
"2021073415","1924","1","0","0","1","0","0","0","0","0","8","0","","67","8","2021","6","39.983436","-75.119145","1923","6","0","0","0","0","0","0","0","0","","0","0","0","","","1","","1","","39 59:00.370","","0","75 07:08.921","3","0","0","0","67301","1","0","0","N","0","0","0","2","67301","0","","1.0","","1","N","N","N","0","","1","0","0","","2","","","2","1","0","0","0","0","0","2","0","1","","","","N","","","","","","","","","",""
"2021071260","0955","0","0","0","0","0","0","0","0","0","4","0","","67","7","2021","7","40.088976","-75.020927","0955","6","0","0","0","0","0","1","0","0","","0","0","0","","","3","","1","","40 05:20.314","","0","75 01:15.336","4","0","0","0","67301","0","0","0","N","0","0","0","3","67301","2","","1.0","","1","N","N","N","0","","0","0","1","","2","","","2","3","1","0","0","1","0","2","1","2","","","","N","","","","","","","","","",""