"CRN","ARRIVAL_TM","AUTOMOBILE_COUNT","BELTED_DEATH_COUNT","BELTED_SUSP_SERIOUS_INJ_COUNT","BICYCLE_COUNT","BICYCLE_DEATH_COUNT","BICYCLE_SUSP_SERIOUS_INJ_COUNT","BUS_COUNT","CHLDPAS_DEATH_COUNT","CHLDPAS_SUSP_SERIOUS_INJ_COUNT","COLLISION_TYPE","COMM_VEH_COUNT","CONS_ZONE_SPD_LIM","COUNTY","CRASH_MONTH","CRASH_YEAR","DAY_OF_WEEK","DEC_LATITUDE","DEC_LONGITUDE","DISPATCH_TM","DISTRICT","DRIVER_COUNT_16YR","DRIVER_COUNT_17YR","DRIVER_COUNT_18YR","DRIVER_COUNT_19YR","DRIVER_COUNT_20YR","DRIVER_COUNT_50_64YR","DRIVER_COUNT_65_74YR","DRIVER_COUNT_75PLUS","EST_HRS_CLOSED","FATAL_COUNT","HEAVY_TRUCK_COUNT","HORSE_BUGGY_COUNT","HOUR_OF_DAY","ILLUMINATION","INJURY_COUNT","INTERSECTION_RELATED","INTERSECT_TYPE","LANE_CLOSED","LATITUDE","LN_CLOSE_DIR","LOCATION_TYPE","LONGITUDE","MAX_SEVERITY_LEVEL","MCYCLE_DEATH_COUNT","MCYCLE_SUSP_SERIOUS_INJ_COUNT","MOTORCYCLE_COUNT","MUNICIPALITY","NONMOTR_COUNT","NONMOTR_DEATH_COUNT","NONMOTR_SUSP_SERIOUS_INJ_COUNT","NTFY_HIWY_MAINT","PED_COUNT","PED_DEATH_COUNT","PED_SUSP_SERIOUS_INJ_COUNT","PERSON_COUNT","POLICE_AGCY","POSSIBLE_INJ_COUNT","RDWY_SURF_TYPE_CD","RELATION_TO_ROAD","ROADWAY_CLEARED","ROAD_CONDITION","SCH_BUS_IND","SCH_ZONE_IND","SECONDARY_CRASH","SMALL_TRUCK_COUNT","SPEC_JURIS_CD","SUSP_MINOR_INJ_COUNT","SUSP_SERIOUS_INJ_COUNT","SUV_COUNT","TCD_FUNC_CD","TCD_TYPE","TFC_DETOUR_IND","TIME_OF_DAY","TOTAL_UNITS","TOT_INJ_COUNT","UNBELTED_OCC_COUNT","UNB_DEATH_COUNT","UNB_SUSP_SERIOUS_INJ_COUNT","UNK_INJ_DEG_COUNT","UNK_INJ_PER_COUNT","URBAN_RURAL","VAN_COUNT","VEHICLE_COUNT","WEATHER1","WEATHER2","WORKERS_PRES","WORK_ZONE_IND","WORK_ZONE_LOC","WORK_ZONE_TYPE","WZ_CLOSE_DETOUR","WZ_FLAGGER","WZ_LAW_OFFCR_IND","WZ_LN_CLOSURE","WZ_MOVING","WZ_OTHER","WZ_SHLDER_MDN","WZ_WORKERS_INJ_KILLED"
"2021073000","2329","1","0","0","0","0","0","0","0","0","7","0","","67","8","2021","1","39.955827","-75.148386","2329","6","0","0","0","0","0","0","0","0","","0","0","0","","","1","N","0","","39 57:20.978","","2","75 08:54.191","2","0","0","0","67301","0","0","0","N","0","0","0","1","67501","0","","4.0","","9","N","N","N","0","","0","1","0","","0","","","1","1","1","0","1","0","0","2","0","1","","","","N","","","","","","","","","",""
"2021073074","0546","1","0","0","0","0","0","0","0","0","1","0","","67","8","2021","5","39.955986","-75.217603","0544","6","0","0","0","0","1","0","0","0","","0","0","0","","","0","","1","","39 57:21.549","","0","75 13:03.370","9","0","0","0","67301","0","0","0","N","0","0","0","3","67301","0","","1.0","","1","N","N","N","0","","0","0","0","","2","","","2","0","0","0","0","0","1","2","1","2","","","","N","","","","","","","","","",""
"2021117746","0232","2","0","0","0","0","0","0","0","0","5","0","","67","11","2021","4","39.958808","-75.169249","0231","6","0","0","0","0","0","0","0","0","","0","0","0","","","2","N","0","","39 57:31.709","4","0","75 10:09.296","3","0","0","0","67301","0","0","0","N","0","0","0","2","68K01","0","","1.0","245.0","1","N","N","N","0","","1","0","0","","0","N","","2","2","1","0","0","1","0","2","0","2","","","","N","","","","","","","","","",""
"2021105369","","1","0","1","0","0","0","0","0","0","1","0","","67","8","2021","6","39.918066","-75.209608","","6","0","0","0","0","0","0","0","0","","0","0","0","","","1","Y","0","","39 55:05.037","","0","75 12:34.587","2","0","0","0","67301","0","0","0","N","0","0","0","3","00000","0","","1.0","","1","N","N","N","0","","0","1","1","","2","","","2","1","0","0","0","0","0","2","0","2","","","","N","","","","","","","","","",""
"2021117742","0430","1","0","0","0","0","0","0","0","0","7","0","","67","11","2021","2","39.982469","-75.207689","0425","6","0","0","0","0","0","0","0","0","","0","0","0","","","1","N","0","","39 58:56.890","4","0","75 12:27.679","4","0","0","0","67301","0","0","0","N","0","0","0","1","68K01","1","","2.0","435.0","9","N","N","Y","0","","0","0","0","","0","N","","1","1","0","0","0","0","0","2","0","1","","","","N","","","","","","","","","",""
"2021073391","0215","2","0","0","0","0","0","0","0","0","5","0","","67","8","2021","6","40.051472","-75.149966","0208","6","0","0","0","0","0","0","0","0","","0","0","0","","","0","N","0","","40 03:05.300","3","0","75 08:59.877","0","0","0","0","67301","0","0","0","N","0","0","0","2","67301","0","","1.0","330.0","1","N","N","N","0","","0","0","0","","0","N","","3","0","0","0","0","0","0","2","1","3","","03","","N","","","","","","","","","",""
"2021081569","1422","2","0","0","0","0","0","0","0","0","5","0","45","67","8","2021","3","39.997806","-75.081696","1421","6","0","0","0","0","0","1","0","0","","0","0","0","","","0","N","0","","39 59:52.103","2","0","75 04:54.104","0","0","0","0","67301","0","0","0","N","0","0","0","2","68K01","0","","1.0","30.0","1","N","N","N","0","","0","0","0","","0","N","","2","0","1","0","0","0","0","2","0","2","","","N","Y","4","1","","","N","","","","Y","N"
"2021105749","","1","0","0","0","0","0","0","0","0","4","0","","67","8","2021","7","40.023167","-75.124407","","6","0","0","0","0","0","0","0","0","","0","0","0","","","1","","1","","40 01:23.401","","0","75 07:27.865","8","0","0","0","67301","0","0","0","N","0","0","0","2","00000","0","","1.0","","1","N","N","N","0","","0","0","1","","3","","","2","1","0","0","0","1","0","2","0","2","","","","N","","","","","","","","","",""
"2021112685","1053","0","0","0","0","0","0","0","0","0","1","1","","67","11","2021","3","39.913194","-75.180556","1053","6","0","0","0","0","0","0","0","0","","0","1","0","","","1","N","0","","39 54:47.500","","3","75 10:50.000","8","0","0","0","67301","0","0","0","N","0","0","0","3","67501","0","","1.0","","1","N","N","N","0","","0","0","1","","8","","","2","1","0","0","0","1","0","2","0","2","","03","","N","","","","","","","","","",""
"2021075401","2327","1","0","0","1","0","0","0","0","0","8","0","","67","8","2021","7","39.924712","-75.173734","2325","6","0","0","0","0","0","0","0","0","","0","0","0","","","1","","2","","39 55:28.962","4","0","75 10:25.444","3","0","0","0","67301","1","0","0","N","0","0","0","2","67301","0","","1.0","100.0","1","N","N","N","0","","1","0","0","","2","N","","2","1","0","0","0","0","0","2","0","1","","03","","N","","","","","","","","","",""
"2021071884","1933","1","0","0","0","0","0","0","0","0","4","0","","67","8","2021","2","40.059359","-75.15115","1933","6","0","0","0","0","0","0","0","0","","0","0","0","","","2","","1","","40 03:33.692","","0","75 09:04.139","2","0","0","0","67301","0","0","0","N","0","0","0","2","67301","1","","1.0","","1","N","N","N","0","","0","1","2","","3","","","3","2","0","0","0","0","0","2","0","3","","","","N","","","","","","","","","",""
"2021071794","2248","0","0","0","0","0","0","0","0","0","4","0","","67","8","2021","2","40.026801","-75.097355","2232","6","0","0","0","0","0","0","0","0","","0","0","0","","","0","","1","","40 01:36.484","","0","75 05:50.479","0","0","0","0","67301","0","0","0","N","0","0","0","3","67301","0","","1.0","","1","N","N","N","1","","0","0","1","","2","","","2","0","0","0","0","0","0","2","0","2","","03","","N","","","","","","","","","",""
"2021116197","1334","0","0","0","0","0","0","0","0","0","5","2","","67","10","2021","5","39.948311","-75.186478","1324","6","0","0","0","0","0","2","0","0","","0","2","0","","","0","N","0","","39 56:53.919","3","0","75 11:11.321","0","0","0","0","67301","0","0","0","N","0","0","0","2","68K01","0","","3.0","1510.0","1","N","N","N","0","","0","0","0","","0","N","","2","0","0","0","0","0","0","2","0","2","","","","N","","","","","","","","","",""
"2021118073","1853","1","0","0","0","0","0","0","0","0","5","0","","67","11","2021","7","39.993422","-75.084685","1842","6","0","0","0","0","0","0","0","0","","0","0","0","","","1","N","0","","39 59:36.318","1","0","75 05:04.865","3","0","0","0","67301","0","0","0","N","0","0","0","2","68K01","0","","1.0","1922.0","1","N","N","N","0","","1","0","1","","0","N","","2","1","0","0","0","0","1","2","0","2","","","","N","","","","","","","","","",""
"2021072653","0338","0","0","0","0","0","0","0","0","0","8","0","","67","8","2021","1","40.009257","-75.151239","0333","6","0","0","0","0","0","0","0","0","","0","0","0","","","1","","1","","40 00:33.325","","0","75 09:04.460","3","0","0","0","67301","1","0","0","N","1","0","0","2","67301","0","","1.0","","1","N","N","N","0","","1","0","0","","2","","","2","1","0","0","0","0","0","2","0","1","","03","","N","","","","","","","","","",""
"2021073462","1525","2","0","0","0","0","0","0","0","0","4","0","","67","7","2021","7","40.024559","-75.130612","1522","6","0","0","0","0","0","1","0","0","","0","0","0","","","0","","1","","40 01:28.411","","0","75 07:50.204","0","0","0","0","67301","0","0","0","N","0","0","0","2","67301","0","","1.0","","1","N","N","N","0","","0","0","0","","2","","","2","0","0","0","0","0","0","2","0","2","","03","","N","","","","","","","","","",""
"2021105328","","2","0","0","0","0","0","0","0","0","4","0","","67","6","2021","6","40.032893","-75.177728","","6","0","0","0","0","0","1","0","0","","0","0","0","","","1","","1","","40 01:58.414","","0","75 10:39.820","3","0","0","0","67301","0","0","0","N","0","0","0","2","00000","0","","1.0","","9","N","N","N","0","","1","0","0","","2","","","2","1","0","0","0","0","0","2","0","2","","","","N","","","","","","","","","",""
"2021117044","1244","1","0","0","0","0","0","0","0","0","1","0","","67","11","2021","2","39.945224","-75.190711","1244","6","0","0","0","0","0","0","0","0","","0","1","0","","","2","N","0","","39 56:42.806","3","0","75 11:26.561","4","0","0","0","67301","0","0","0","N","0","0","0","2","68K01","2","","1.0","1250.0","1","N","N","N","0","","0","0","0","","0","N","","2","2","0","0","0","0","0","2","0","2","","","","N","","","","","","","","","",""
"2021073683","1854","2","0","0","0","0","0","0","0","0","1","0","","67","8","2021","3","39.98628","-75.104371","1853","6","0","0","0","0","0","0","0","0","","0","0","0","","","1","","1","","39 59:10.608","","0","75 06:15.736","8","0","0","0","67301","0","0","0","N","0","0","0","3","67301","0","","1.0","","1","N","N","N","0","","0","0","0","","2","","","2","1","0","0","0","1","0","2","0","2","","03","","N","","","","","","","","","",""
"2021104212","0735","1","0","0","0","0","0","0","0","0","1","0","","67","10","2021","7","40.095872","-75.016661","0730","6","0","0","0","0","0","0","0","0","","0","0","0","","","1","N","0","","40 05:45.140","3","0","75 00:59.980","3","0","0","0","67301","0","0","0","N","0","0","0","2","67301","0","","1.0","100.0","9","N","N","N","0","","1","0","1","","0","N","","2","1","0","0","0","0","0","2","0","2","","","","N","","","","","","","","","",""
"2021104142","1229","0","0","0","0","0","0","0","0","0","8","0","","67","10","2021","4","39.925526","-75.159216","1229","6","0","0","0","0","0","0","0","0","","0","0","0","","","1","","1","","39 55:31.893","","0","75 09:33.177","3","0","0","0","67301","1","0","0","N","1","0","0","2","67301","0","","1.0","","1","N","N","N","0","","1","0","1","","0","","","2","1","1","0","0","0","0","2","0","1","","03","","N","","","","","","","","","",""
"2021115478","0115","1","0","0","0","0","0","0","0","0","4","0","","67","11","2021","6","40.036753","-75.040739","0112","6","0","0","0","0","0","1","0","0","","0","0","0","","","0","","1","","40 02:12.310","4","0","75 02:26.659","0","0","0","0","67301","0","0","0","N","0","0","0","2","67301","0","","1.0","145.0","9","N","N","N","0","","0","0","1","","2","N","","2","0","0","0","0","0","0","2","0","2","","07","","N","","","","","","","","","",""
"2021127679","1305","1","0","0","0","0","0","0","0","0","7","0","","67","12","2021","1","39.945265","-75.14311","1303","6","0","0","0","0","0","0","0","0","","0","0","0","","","0","","2","","39 56:42.953","","0","75 08:35.195","0","0","0","0","67301","0","0","0","N","0","0","0","1","67301","0","","4.0","","99","N","N","N","0","","0","0","0","","3","","","1","0","0","0","0","0","0","2","0","1","","03","","N","","","","","","","","","",""
"2021127231","","1","0","0","0","0","0","0","0","0","5","0","","67","12","2021","3","","","","6","0","0","0","1","0","0","0","0","","0","0","0","","","1","N","0","","","","0","","8","0","0","0","67301","0","0","0","N","0","0","0","2","00000","0","","1.0","","1","N","N","N","0","","0","0","0","","0","","","2","1","0","0","0","1","0","1","0","2","","","","N","","","","","","","","","",""
"2021115044","0743","1","0","0","0","0","0","0","0","0","4","0","","67","11","2021","3","40.04324","-75.052268","0729","6","0","0","0","0","0","0","0","0","","0","0","0","","","1","","1","","40 02:35.664","","0","75 03:08.163","3","0","0","0","67301","0","0","0","N","0","0","0","3","67301","0","","1.0","","1","N","N","N","0","","1","0","1","","2","","","2","1","1","0","0","0","0","2","0","2","","03","","N","","","","","","","","","",""
"2021114510","1801","1","0","0","0","0","0","0","0","0","8","0","","67","11","2021","3","40.009866","-75.166801","1800","6","0","0","0","0","0","0","0","0","","0","0","0","","","1","","1","","40 00:35.518","","0","75 10:00.484","3","0","0","0","67301","1","0","0","N","1","0","0","2","67301","0","","1.0","","1","N","N","N","0","","1","0","0","","2","","","2","1","0","0","0","0","0","2","0","1","","03","","N","","","","","","","","","",""
"2021104108","0722","1","0","0","0","0","0","0","0","0","7","0","","67","10","2021","7","39.909722","-75.154389","0721","6","0","0","0","0","0","0","0","0","","0","0","0","","","0","N","0","","39 54:35.000","","5","75 09:15.800","0","0","0","0","67301","0","0","0","N","0","0","0","1","67501","0","","4.0","","9","N","N","N","0","","0","0","0","","8","","","1","0","0","0","0","0","0","2","0","1","","","","N","","","","","","","","","",""
"2021104583","1100","1","0","0","0","0","0","0","0","0","4","0","","67","10","2021","3","40.020222","-75.148851","1100","6","0","0","0","0","0","1","0","0","","0","0","0","","","1","","3","","40 01:12.800","","0","75 08:55.865","8","0","0","0","67301","0","0","0","N","0","0","0","2","67301","0","","1.0","","1","N","N","N","0","","0","0","1","","2","","","2","1","0","0","0","1","0","2","0","2","","","","N","","","","","","","","","",""
"2021115790","1335","1","0","0","0","0","0","0","0","0","4","0","","67","11","2021","3","39.950209","-75.237177","1330","6","0","0","0","0","0","1","0","0","","0","0","0","","","1","","1","","39 57:00.752","","0","75 14:13.837","3","0","0","0","67301","0","0","0","N","0","0","0","3","67301","0","","1.0","","1","N","N","N","0","","1","0","1","","2","","","2","1","0","0","0","0","0","2","0","2","","03","","N","","","","","","","","","",""
"2021125486","1821","2","0","0","0","0","0","0","0","0","4","0","","67","12","2021","5","39.976859","-75.231782","1821","6","0","0","0","0","0","0","0","0","","0","0","0","","","1","","1","","39 58:36.692","","0","75 13:54.415","3","0","0","0","67301","0","0","0","N","0","0","0","2","67301","0","","1.0","","1","N","N","Y","1","","1","0","0","","2","","","3","1","1","0","0","0","0","2","0","3","","03","","N","","","","","","","","","",""
"2021105321","2100","0","0","0","0","0","0","0","0","0","8","0","","67","10","2021","1","40.009234","-75.196876","2045","6","0","0","0","0","0","0","0","0","","0","0","0","","","1","","1","","40 00:33.243","","0","75 11:48.753","2","0","0","0","67301","1","0","1","N","1","0","1","2","67301","0","","1.0","","1","N","N","N","0","","0","1","1","","2","","","2","1","0","0","0","0","0","2","0","1","","03","","N","","","","","","","","","",""
"2021105227","0018","2","0","0","0","0","0","0","0","0","4","0","","67","10","2021","1","40.043691","-75.059419","0010","6","0","0","0","0","0","0","0","0","","0","0","0","","","0","","1","","40 02:37.287","","0","75 03:33.908","0","0","0","0","67301","0","0","0","N","0","0","0","4","67301","0","","1.0","","1","N","N","N","0","","0","0","0","","3","","","2","0","0","0","0","0","0","2","0","2","","03","","N","","","","","","","","","",""
"2021103695","0907","1","0","0","0","0","0","0","0","0","4","0","","67","10","2021","6","39.977154","-75.229026","0902","6","0","1","0","0","0","1","0","0","","0","0","0","","","0","","2","","39 58:37.754","","0","75 13:44.493","9","0","0","0","67301","0","0","0","N","0","0","0","2","67301","0","","1.0","","9","N","N","N","0","","0","0","1","","3","","","2","0","0","0","0","0","1","2","0","2","","07","","N","","","","","","","","","",""
"2021120519","1918","0","0","0","0","0","0","0","0","0","1","0","","67","12","2021","5","40.113684","-74.989079","1918","6","0","0","0","0","0","0","0","0","","0","0","0","","","0","N","0","","40 06:49.263","2","0","74 59:20.684","9","0","0","0","67301","0","0","0","N","0","0","0","2","67301","0","","1.0","1930.0","1","N","N","N","1","","0","0","0","","0","N","","2","0","0","0","0","0","1","2","1","2","","","","N","","","","","","","","","",""
"2021107500","0330","1","0","0","0","0","0","0","0","0","4","0","","67","11","2021","2","39.97713","-75.133812","0330","6","0","0","0","0","0","0","0","0","","0","0","0","","","0","","2","","39 58:37.668","","1","75 08:01.723","0","0","0","0","67301","0","0","0","N","0","0","0","2","67301","0","","1.0","","1","N","N","N","0","","0","0","0","","3","","","2","0","0","0","0","0","0","2","0","2","","03","","N","","","","","","","","","",""
"2021121254","0215","3","0","0","0","0","0","0","0","0","1","0","","67","12","2021","1","39.978983","-75.160193","0215","6","0","0","0","0","0","0","0","0","","0","0","0","","","0","N","0","","39 58:44.340","","0","75 09:36.694","0","0","0","0","67301","0","0","0","N","0","0","0","1","67505","0","","6.0","","1","N","N","Y","0","","0","0","0","","0","","","3","0","0","0","0","0","0","2","0","3","","03","","N","","","","","","","","","",""
"2021122780","1955","2","0","0","0","0","0","0","0","0","5","0","","67","12","2021","5","40.116261","-75.010683","1950","6","0","0","0","0","0","0","1","0","","0","0","0","","","0","N","0","","40 06:58.540","","0","75 00:38.460","0","0","0","0","67301","0","0","0","N","0","0","0","1","67301","0","","6.0","","1","N","N","N","0","","0","0","0","","0","","","2","0","0","0","0","0","0","2","0","2","","03","","N","","","","","","","","","",""
"2021103130","1630","0","0","0","0","0","0","0","0","0","7","0","","67","10","2021","3","40.033286","-75.076977","1622","6","0","0","0","0","0","0","0","0","","0","0","0","","","1","N","0","","40 01:59.829","1","0","75 04:37.116","4","0","0","0","67301","0","0","0","N","0","0","0","1","67301","1","","4.0","1645.0","9","N","N","N","0","","0","0","1","","0","N","","1","1","0","0","0","0","0","2","0","1","","04","","N","","","","","","","","","",""
"2021114225","0228","1","0","0","0","0","0","0","0","0","7","0","","67","10","2021","7","39.981157","-75.206773","0227","6","0","0","0","0","0","0","0","0","","0","0","0","","","0","N","0","","39 58:52.164","","0","75 12:24.382","0","0","0","0","67301","0","0","0","N","0","0","0","1","68K01","0","","4.0","","9","N","N","N","0","","0","0","0","","0","","","1","0","0","0","0","0","0","2","0","1","","07","","N","","","","","","","","","",""
"2021120522","0600","1","0","0","0","0","0","0","0","0","1","0","","67","12","2021","5","39.955331","-75.231948","0557","6","0","0","0","0","0","1","0","0","","0","0","0","","","0","","1","","39 57:19.191","","0","75 13:55.012","0","0","0","0","67301","0","0","0","N","0","0","0","2","67301","0","","1.0","","1","N","N","N","0","","0","0","1","","2","","","2","0","0","0","0","0","0","2","0","2","","03","","N","","","","","","","","","",""
"2021128146","","1","0","0","0","0","0","0","0","0","1","0","","67","12","2021","4","39.950184","-75.180885","","6","0","0","0","0","0","0","1","0","","0","0","0","","","1","N","0","","39 57:00.663","","99","75 10:51.186","8","0","0","0","67301","0","0","0","N","0","0","0","2","00000","0","","1.0","","1","N","N","N","0","","0","0","0","","0","","","2","1","0","0","0","1","0","2","0","2","","","","N","","","","","","","","","",""
"2021127235","","1","0","0","0","0","0","0","0","0","1","0","","67","12","2021","6","40.006645","-75.197987","","6","0","0","0","0","0","0","0","0","","0","0","0","","","1","N","0","","40 00:23.922","","0","75 11:52.752","8","0","0","0","67301","0","0","0","N","0","0","0","2","00000","0","","1.0","","1","N","N","N","0","","0","0","1","","0","","","2","1","0","0","0","1","0","2","0","2","","","","N","","","","","","","","","",""
"2021115481","2351","1","0","0","0","0","0","0","0","0","7","0","","67","11","2021","6","39.957268","-75.191163","2350","6","0","0","0","0","0","0","0","0","","0","0","0","","","0","","3","","39 57:26.165","","0","75 11:28.187","0","0","0","0","67301","0","0","0","N","0","0","0","2","67507","0","","4.0","","1","N","N","N","0","","0","0","0","","2","","","1","0","0","0","0","0","0","2","0","1","","03","","N","","","","","","","","","",""
"2021113007","0038","0","0","0","0","0","0","0","0","0","4","0","","67","11","2021","5","40.01384","-75.12598","0028","6","0","0","0","0","0","1","0","0","","0","0","0","","","2","","1","","40 00:49.824","","0","75 07:33.527","3","0","0","0","67301","0","0","0","N","0","0","0","2","67301","0","","1.0","","9","N","N","N","0","","2","0","2","","2","","","2","2","0","0","0","0","0","2","0","2","","","","N","","","","","","","","","",""
"2021104802","1828","2","0","0","0","0","0","0","0","0","1","0","","67","10","2021","7","39.991229","-75.247863","1822","6","0","0","0","1","0","0","0","0","","0","0","0","","","1","Y","0","","39 59:28.426","2","0","75 14:52.307","4","0","0","0","67301","0","0","0","N","0","0","0","3","46104","1","","1.0","30.0","9","N","N","N","0","","0","0","0","","0","N","","2","1","0","0","0","0","0","2","0","2","","","","N","","","","","","","","","",""
"2021106277","1125","1","0","0","0","0","0","0","0","0","4","0","","67","10","2021","6","39.927555","-75.146102","1125","6","0","0","0","0","0","0","0","0","","0","0","0","","","1","","1","","39 55:39.198","","0","75 08:45.967","8","0","0","0","67301","0","0","0","N","0","0","0","2","67301","0","","1.0","","1","N","N","N","0","","0","0","1","","3","","","2","1","0","0","0","1","1","2","0","2","","03","","N","","","","","","","","","",""
"2021113607","0536","4","0","0","0","0","0","0","0","0","5","0","","67","11","2021","1","39.980856","-75.147717","0534","6","0","0","0","0","0","0","0","0","","0","0","0","","","0","N","0","","39 58:51.080","","0","75 08:51.780","0","0","0","0","67301","0","0","0","N","0","0","0","1","67301","0","","6.0","","1","N","N","N","0","","0","0","3","","0","","","8","0","0","0","0","0","0","2","1","8","","03","","N","","","","","","","","","",""
"2021104626","1925","1","0","0","0","0","0","0","0","0","4","0","","67","10","2021","7","40.045384","-75.105195","1920","6","0","0","0","0","0","1","0","0","","0","0","0","","","3","","1","","40 02:43.382","4","0","75 06:18.702","2","0","0","0","67301","0","0","0","N","0","0","0","3","67301","0","","1.0","2000.0","1","N","N","Y","0","","0","1","2","","3","N","","3","3","0","0","0","2","0","2","0","3","","","","N","","","","","","","","","",""
"2021107861","1415","2","0","0","0","0","0","0","0","0","4","0","","67","10","2021","3","39.995295","-75.238978","1415","6","0","0","0","0","1","0","0","0","","0","0","0","","","0","","2","","39 59:43.063","2","0","75 14:20.321","0","0","0","0","67301","0","0","0","N","0","0","0","2","46104","0","","1.0","1645.0","1","N","N","N","0","","0","0","0","","2","N","","2","0","0","0","0","0","0","2","0","2","","","","N","","","","","","","","","",""
"2021107351","1828","0","0","0","0","0","0","0","0","0","8","0","","67","10","2021","1","39.953994","-75.234313","1827","6","0","0","0","0","0","1","0","0","","0","0","0","","","1","","1","","39 57:14.378","","0","75 14:03.526","3","0","0","0","67301","1","0","0","N","1","0","0","2","67301","0","","1.0","","1","N","N","N","0","","1","0","1","","0","","","2","1","0","0","0","0","0","2","0","1","","","","N","","","","","","","","","",""
"2021103711","1250","0","0","0","0","0","0","0","0","0","8","0","","67","10","2021","3","39.958487","-75.22518","1248","6","0","0","0","0","0","1","0","0","","0","0","0","","","1","","1","","39 57:30.554","","0","75 13:30.649","3","0","0","0","67301","1","0","0","N","1","0","0","2","67301","0","","1.0","","9","N","N","N","0","","1","0","1","","2","","","2","1","1","0","0","0","0","2","0","1","","04","","N","","","","","","","","","",""
"2021103665","1105","1","0","0","0","0","0","0","0","0","4","0","","67","10","2021","3","39.99218","-75.233706","1105","6","0","0","0","0","0","0","0","1","","0","0","0","","","0","","1","","39 59:31.848","","0","75 14:01.341","0","0","0","0","67301","0","0","0","N","0","0","0","1","67301","0","","1.0","","9","N","N","N","0","","0","0","2","","2","","","3","0","1","0","0","0","0","2","0","3","","03","","N","","","","","","","","","",""
"2021121665","1650","1","0","0","0","0","0","0","0","0","4","0","","67","12","2021","1","39.913816","-75.158379","1637","6","0","0","0","0","0","0","1","0","","0","0","0","","","0","","2","","39 54:49.737","","0","75 09:30.164","0","0","0","0","67301","0","0","0","N","0","0","0","2","67301","0","","1.0","","1","N","N","N","1","","0","0","0","","3","","","2","0","0","0","0","0","0","2","0","2","","","","N","","","","","","","","","",""
"2021122975","1735","2","0","0","0","0","0","0","0","0","4","0","","67","12","2021","3","39.991664","-75.195571","1718","6","0","0","0","0","0","0","0","0","","0","0","0","","","0","N","0","","39 59:29.990","2","0","75 11:44.054","9","0","0","0","67301","0","0","0","N","0","0","0","3","67301","0","","1.0","1820.0","1","N","N","N","0","","0","0","0","","0","N","","2","0","0","0","0","0","1","2","0","2","","","","N","","","","","","","","","",""
"2021110433","1232","2","0","0","0","0","0","0","0","0","4","0","","67","10","2021","7","40.006682","-75.094888","1230","6","0","0","0","0","0","0","0","0","","0","0","0","","","1","","3","","40 00:24.055","","1","75 05:41.596","4","0","0","0","67301","0","0","0","N","0","0","0","2","67301","1","","1.0","","9","N","N","N","0","","0","0","0","","3","","","2","1","0","0","0","0","1","2","0","2","","07","","N","","","","","","","","","",""
"2021102932","1726","0","0","0","0","0","0","0","0","0","1","0","","67","10","2021","3","39.923211","-75.160632","1720","6","0","0","0","0","0","0","0","0","","0","0","0","","","1","Y","0","","39 55:23.558","","0","75 09:38.274","3","0","0","0","67301","0","0","0","N","0","0","0","2","67301","0","","1.0","","1","N","N","N","1","","1","0","1","","2","","","2","1","0","0","0","0","0","2","0","2","","","","N","","","","","","","","","",""
"2021104000","1945","2","0","0","0","0","0","0","0","0","4","0","","67","10","2021","6","40.013136","-75.156924","1945","6","0","0","0","0","0","0","0","0","","0","0","0","","","1","","1","","40 00:47.289","","0","75 09:24.926","3","0","0","0","67301","0","0","0","N","0","0","0","2","67301","0","","1.0","","1","N","N","N","0","","1","0","0","","3","","","2","1","0","0","0","0","0","2","0","2","","04","","N","","","","","","","","","",""
"2021114023","2000","2","0","0","0","0","0","0","0","0","5","0","","67","11","2021","1","39.920396","-75.198456","2000","6","0","0","0","0","1","0","0","0","","0","0","0","","","0","N","0","","39 55:13.426","","3","75 11:54.443","0","0","0","0","67301","0","0","0","N","0","0","0","2","67301","0","","1.0","","1","N","N","N","0","","0","0","0","","0","","","2","0","0","0","0","0","0","2","0","2","","03","","N","","","","","","","","","",""
"2021105610","0430","1","0","0","0","0","0","0","0","0","5","0","","67","10","2021","5","39.999681","-75.113658","0412","6","0","0","0","0","0","0","0","0","","0","0","0","","","1","N","0","","39 59:58.850","","0","75 06:49.170","3","0","0","1","67301","0","0","0","N","0","0","0","1","67301","0","","6.0","","1","N","N","N","0","","1","0","1","","0","","","3","1","0","0","0","0","0","2","0","3","","03","","N","","","","","","","","","",""
"2021106091","0706","1","0","0","0","0","0","0","0","0","1","0","","67","10","2021","5","39.959826","-75.177427","0703","6","0","0","0","0","0","1","0","0","","0","0","0","","","1","N","0","","39 57:35.372","","0","75 10:38.738","3","0","0","0","67301","0","0","0","N","0","0","0","3","68K01","0","","1.0","","1","N","N","N","1","","1","0","1","","0","","","3","1","0","0","0","0","0","2","0","3","","","","N","","","","","","","","","",""
"2021120357","1757","0","0","0","0","0","0","0","0","0","5","0","","67","12","2021","4","39.97528","-75.194341","1757","6","0","0","1","0","0","0","0","0","","0","0","0","","","0","N","0","","39 58:31.008","","3","75 11:39.627","0","0","0","0","67301","0","0","0","N","0","0","0","3","67301","0","","1.0","","1","N","N","N","1","","0","0","2","","0","","","3","0","1","0","0","0","0","2","0","3","","03","","N","","","","","","","","","",""