"CRN","ARRIVAL_TM","AUTOMOBILE_COUNT","BELTED_DEATH_COUNT","BELTED_SUSP_SERIOUS_INJ_COUNT","BICYCLE_COUNT","BICYCLE_DEATH_COUNT","BICYCLE_SUSP_SERIOUS_INJ_COUNT","BUS_COUNT","CHLDPAS_DEATH_COUNT","CHLDPAS_SUSP_SERIOUS_INJ_COUNT","COLLISION_TYPE","COMM_VEH_COUNT","CONS_ZONE_SPD_LIM","COUNTY","CRASH_MONTH","CRASH_YEAR","DAY_OF_WEEK","DEC_LATITUDE","DEC_LONGITUDE","DISPATCH_TM","DISTRICT","DRIVER_COUNT_16YR","DRIVER_COUNT_17YR","DRIVER_COUNT_18YR","DRIVER_COUNT_19YR","DRIVER_COUNT_20YR","DRIVER_COUNT_50_64YR","DRIVER_COUNT_65_74YR","DRIVER_COUNT_75PLUS","EST_HRS_CLOSED","FATAL_COUNT","HEAVY_TRUCK_COUNT","HORSE_BUGGY_COUNT","HOUR_OF_DAY","ILLUMINATION","INJURY_COUNT","INTERSECTION_RELATED","INTERSECT_TYPE","LANE_CLOSED","LATITUDE","LN_CLOSE_DIR","LOCATION_TYPE","LONGITUDE","MAX_SEVERITY_LEVEL","MCYCLE_DEATH_COUNT","MCYCLE_SUSP_SERIOUS_INJ_COUNT","MOTORCYCLE_COUNT","MUNICIPALITY","NONMOTR_COUNT","NONMOTR_DEATH_COUNT","NONMOTR_SUSP_SERIOUS_INJ_COUNT","NTFY_HIWY_MAINT","PED_COUNT","PED_DEATH_COUNT","PED_SUSP_SERIOUS_INJ_COUNT","PERSON_COUNT","POLICE_AGCY","POSSIBLE_INJ_COUNT","RDWY_SURF_TYPE_CD","RELATION_TO_ROAD","ROADWAY_CLEARED","ROAD_CONDITION","SCH_BUS_IND","SCH_ZONE_IND","SECONDARY_CRASH","SMALL_TRUCK_COUNT","SPEC_JURIS_CD","SUSP_MINOR_INJ_COUNT","SUSP_SERIOUS_INJ_COUNT","SUV_COUNT","TCD_FUNC_CD","TCD_TYPE","TFC_DETOUR_IND","TIME_OF_DAY","TOTAL_UNITS","TOT_INJ_COUNT","UNBELTED_OCC_COUNT","UNB_DEATH_COUNT","UNB_SUSP_SERIOUS_INJ_COUNT","UNK_INJ_DEG_COUNT","UNK_INJ_PER_COUNT","URBAN_RURAL","VAN_COUNT","VEHICLE_COUNT","WEATHER1","WEATHER2","WORKERS_PRES","WORK_ZONE_IND","WORK_ZONE_LOC","WORK_ZONE_TYPE","WZ_CLOSE_DETOUR","WZ_FLAGGER","WZ_LAW_OFFCR_IND","WZ_LN_CLOSURE","WZ_MOVING","WZ_OTHER","WZ_SHLDER_MDN","WZ_WORKERS_INJ_KILLED"
"2021113691","0832","2","0","0","0","0","0","0","0","0","4","0","","67","10","2021","4","39.998004","-75.233208","0830","6","0","0","0","0","0","1","0","0","","0","0","0","","","1","","1","","39 59:52.816","2","0","75 13:59.550","4","0","0","0","67301","0","0","0","N","0","0","0","2","46104","1","","1.0","915.0","1","N","N","Y","0","","0","0","0","","0","N","","2","1","0","0","0","0","0","2","0","2","","","","N","","","","","","","","","",""
"2021104496","0311","0","0","0","0","0","0","0","0","0","1","0","","67","10","2021","1","40.007233","-75.151684","0309","6","0","0","0","0","0","1","0","0","","0","0","0","","","1","N","0","","40 00:26.039","2","0","75 09:06.062","3","0","0","1","67301","0","0","0","N","0","0","0","3","67301","0","","1.0","450.0","9","N","N","N","0","","1","0","1","","0","Y","","2","1","0","0","0","0","0","2","0","2","","04","","N","","","","","","","","","",""
"2021122163","1735","1","0","0","0","0","0","0","0","0","4","0","","67","12","2021","2","40.013881","-75.175344","1724","6","0","0","0","0","0","0","0","0","","0","0","0","","","1","N","0","","40 00:49.970","","0","75 10:31.240","2","0","1","1","67301","0","0","0","N","0","0","0","2","67301","0","","1.0","","1","N","N","N","0","","0","1","0","","0","","","2","1","0","0","0","0","1","2","0","2","","","","N","","","","","","","","","",""
"2021103036","1608","0","0","0","0","0","0","0","0","0","7","0","","67","10","2021","4","40.026408","-75.027846","1549","6","0","0","0","0","0","1","0","0","","0","0","0","","","0","","1","","40 01:35.067","","2","75 01:40.247","0","0","0","0","67301","0","0","0","N","0","0","0","2","67301","0","","5.0","","1","N","N","N","0","","0","0","1","","3","","","1","0","0","0","0","0","0","2","0","1","","04","","N","","","","","","","","","",""
"2021104256","1740","1","0","0","0","0","0","0","0","0","4","0","","67","10","2021","6","40.00468","-75.152126","1720","6","0","0","0","0","0","0","0","0","","0","0","0","","","1","","1","","40 00:16.847","","0","75 09:07.652","8","0","0","0","67301","0","0","0","N","0","0","0","3","67301","0","","1.0","","9","N","N","N","0","","0","0","1","","2","","","2","1","1","0","0","1","0","2","0","2","","04","","N","","","","","","","","","",""
"2021115749","0722","1","0","0","0","0","0","0","0","0","7","0","","67","11","2021","6","40.051731","-75.239294","0712","6","0","0","0","0","0","0","0","0","","0","0","0","","","0","N","0","","40 03:06.230","","0","75 14:21.460","0","0","0","0","67301","0","0","0","N","0","0","0","1","67301","0","","5.0","","9","N","N","N","0","","0","0","0","","0","","","1","0","0","0","0","0","0","2","0","1","","07","","N","","","","","","","","","",""
"2021103651","0825","2","0","0","0","0","0","0","0","0","1","0","","67","10","2021","4","40.006936","-75.074461","0815","6","0","0","0","0","0","0","1","0","","0","0","0","","","0","N","0","","40 00:24.970","","8","75 04:28.059","0","0","0","0","67301","0","0","0","N","0","0","0","5","67301","0","","1.0","","1","N","N","N","0","","0","0","1","","0","","","3","0","5","0","0","0","0","2","0","3","","03","","N","","","","","","","","","",""
"2021105525","1813","1","0","0","0","0","0","0","0","0","8","0","","67","11","2021","2","40.031381","-75.127597","1755","6","0","0","0","0","0","0","0","0","","0","0","0","","","1","N","0","","40 01:52.970","","0","75 07:39.350","3","0","0","0","67301","1","0","0","N","1","0","0","2","67301","0","","1.0","","1","N","N","N","0","","1","0","0","","0","","","2","1","0","0","0","0","1","2","0","1","","","","N","","","","","","","","","",""
"2021118062","1324","0","0","0","0","0","0","0","0","0","1","0","","67","10","2021","1","40.019384","-75.045799","1315","6","0","0","0","0","0","0","0","1","","0","0","0","","","0","N","0","","40 01:09.781","","0","75 02:44.877","0","0","0","0","67301","0","0","0","N","0","0","0","2","68K01","0","","1.0","","1","N","N","N","0","","0","0","1","","0","","","2","0","0","0","0","0","0","2","1","2","","","","N","","","","","","","","","",""
"2021104634","1837","2","0","0","0","0","0","0","0","0","4","0","","67","10","2021","7","39.976594","-75.158396","1836","6","0","1","0","0","0","0","0","0","","0","0","0","","","3","N","0","","39 58:35.738","","7","75 09:30.226","3","0","0","0","67301","0","0","0","N","0","0","0","4","67301","0","","1.0","","1","N","N","N","0","","3","0","0","","0","","","2","3","1","0","0","0","0","2","0","2","","03","","N","","","","","","","","","",""
"2021104422","0100","2","0","0","0","0","0","0","0","0","4","0","","67","10","2021","1","40.032209","-75.084121","0051","6","0","0","0","0","0","1","0","0","","0","0","0","","","1","","1","","40 01:55.954","","0","75 05:02.837","4","0","0","0","67301","0","0","0","N","0","0","0","3","67301","1","","1.0","","9","N","N","N","0","","0","0","0","","2","","","2","1","0","0","0","0","1","2","0","2","","07","","N","","","","","","","","","",""
"2021121190","0152","0","0","0","0","0","0","0","0","0","0","0","","67","12","2021","5","39.981463","-75.207106","0151","6","0","0","0","0","0","0","0","0","","0","0","0","","","3","N","0","","39 58:53.265","3","0","75 12:25.582","3","0","0","0","67301","0","0","0","N","0","0","0","3","68K01","0","","1.0","228.0","1","N","N","N","0","","3","0","1","","0","N","","1","3","1","0","0","0","0","2","0","1","","","","N","","","","","","","","","",""
"2021121629","1617","2","0","0","0","0","0","0","0","0","4","0","","67","12","2021","1","39.943903","-75.225442","1617","6","0","0","0","0","0","1","1","0","","0","0","0","","","1","","1","","39 56:38.050","","0","75 13:31.591","4","0","0","0","67301","0","0","0","N","0","0","0","3","67301","1","","1.0","","1","N","N","N","0","","0","0","1","","3","","","3","1","0","0","0","0","0","2","0","3","","","","N","","","","","","","","","",""
"2021121669","1710","1","0","0","0","0","0","0","0","0","4","0","","67","12","2021","1","40.049721","-75.171733","1705","6","0","0","0","0","0","2","0","0","","0","0","0","","","1","","1","","40 02:58.996","","0","75 10:18.240","3","0","0","0","67301","0","0","0","N","0","0","0","2","67301","0","","1.0","","1","N","N","N","0","","1","0","1","","3","","","2","1","0","0","0","0","0","2","0","2","","","","N","","","","","","","","","",""
"2021123635","1530","1","0","0","0","0","0","0","0","0","5","0","","67","12","2021","5","40.036408","-75.023001","1520","6","0","0","0","0","0","0","0","1","","0","0","0","","","0","N","0","","40 02:11.068","","0","75 01:22.803","0","0","0","0","67301","0","0","0","N","0","0","0","2","67301","0","","1.0","","1","N","N","N","0","","0","0","0","","0","","","2","0","0","0","0","0","0","2","1","2","","03","","N","","","","","","","","","",""
"2021124061","2247","1","0","0","0","0","0","0","0","0","1","0","","67","12","2021","4","40.030583","-75.146476","2247","6","0","0","0","0","0","1","0","0","","0","0","0","","","1","","1","","40 01:50.100","","0","75 08:47.313","8","0","0","0","67301","0","0","0","N","0","0","0","4","67301","0","","1.0","","1","N","N","N","0","","0","0","1","","2","","","2","1","2","0","0","1","2","2","0","2","","03","","N","","","","","","","","","",""
"2021106839","1710","1","0","0","0","0","0","1","0","0","4","1","","67","10","2021","5","39.952601","-75.165374","1700","6","0","0","0","0","0","0","0","0","","0","0","0","","","1","","2","","39 57:09.365","","0","75 09:55.348","4","0","0","0","67301","0","0","0","N","0","0","0","3","67508","1","","1.0","","1","N","N","Y","0","","0","0","0","","1","N","","2","1","0","0","0","0","0","2","0","2","","03","","N","","","","","","","","","",""
"2021122618","0846","1","0","0","0","0","0","0","0","0","7","0","","67","12","2021","2","39.942209","-75.153922","0840","6","0","0","0","1","0","0","0","0","","0","0","0","","","1","","1","","39 56:31.954","","0","75 09:14.118","3","0","0","0","67301","0","0","0","N","0","0","0","2","67301","0","","4.0","","1","N","N","N","0","","1","0","0","","2","","","1","1","1","0","0","0","0","2","0","1","","","","N","","","","","","","","","",""
"2021116359","1801","1","0","0","0","0","0","0","0","0","5","0","","67","11","2021","1","39.997378","-75.129519","1801","6","0","0","0","0","0","1","0","0","","0","0","0","","","1","N","0","","39 59:50.560","1","0","75 07:46.270","3","0","0","0","67301","0","0","0","N","0","0","0","1","67301","0","","6.0","1810.0","1","N","N","N","0","","1","0","1","","0","N","","2","1","1","0","0","0","0","2","0","2","","","","N","","","","","","","","","",""
"2021126748","1930","1","0","0","0","0","0","0","0","0","1","0","","67","12","2021","4","39.880046","-75.253477","1854","6","0","0","0","0","0","0","0","0","","0","0","0","","","0","N","0","","39 52:48.165","","2","75 15:12.518","9","0","0","0","67301","0","0","0","N","0","0","0","2","68K01","0","","2.0","","1","N","N","N","1","","0","0","0","","0","","","2","0","0","0","0","0","1","2","0","2","","","","N","","","","","","","","","",""
"2021115721","0521","0","0","0","0","0","0","0","0","0","4","0","","67","11","2021","6","40.041952","-75.075034","0517","6","0","0","0","0","0","0","0","0","","0","1","0","","","0","","5","","40 02:31.027","1","0","75 04:30.123","9","0","0","0","67301","0","0","0","N","0","0","0","8","67301","0","","1.0","635.0","9","N","N","N","0","","0","0","1","","2","N","","2","0","0","0","0","0","3","2","0","2","","","","N","","","","","","","","","",""
"2021103312","1748","2","0","0","0","0","0","0","0","0","4","0","","67","10","2021","3","39.956096","-75.199781","1748","6","0","0","0","0","0","0","0","0","","0","0","0","","","1","","1","","39 57:21.945","","0","75 11:59.211","3","0","0","0","67301","0","0","0","N","0","0","0","3","67301","0","","1.0","","1","N","N","N","0","","1","0","0","","3","","","2","1","1","0","0","0","0","2","0","2","","03","","N","","","","","","","","","",""
"2021105611","2221","1","0","0","0","0","0","0","0","0","2","0","","67","10","2021","7","40.007887","-75.104149","2217","6","0","0","0","0","0","0","0","0","","0","0","0","","","0","","1","","40 00:28.394","","0","75 06:14.938","0","0","0","0","67301","0","0","0","N","0","0","0","2","67301","0","","1.0","","1","N","N","N","0","","0","0","1","","0","","","2","0","0","0","0","0","0","2","0","2","","98","","N","","","","","","","","","",""
"2021124521","1307","1","0","0","0","0","0","0","0","0","4","0","","67","12","2021","4","39.997843","-75.110972","1305","6","0","0","0","0","0","0","1","0","","0","1","0","","","0","","5","","39 59:52.234","","1","75 06:39.499","0","0","0","0","67301","0","0","0","N","0","0","0","3","67301","0","","1.0","","1","N","N","N","0","","0","0","0","","2","","","2","0","0","0","0","0","0","2","0","2","","03","","N","","","","","","","","","",""
"2021104369","1505","1","0","0","0","0","0","0","0","0","4","0","","67","10","2021","7","40.088452","-75.044039","1501","6","0","0","0","0","0","1","0","0","","0","0","0","","","2","","1","","40 05:18.426","3","0","75 02:38.540","3","0","0","0","67301","0","0","0","N","0","0","0","2","67301","0","","1.0","1552.0","1","N","N","N","0","","2","0","1","","2","N","","2","2","0","0","0","0","0","2","0","2","","03","","N","","","","","","","","","",""
"2021120778","1822","1","0","0","0","0","0","0","0","0","1","0","","67","12","2021","5","40.009734","-75.063881","1815","6","0","0","0","0","0","1","0","0","","0","0","0","","","0","N","0","","40 00:35.044","2","0","75 03:49.973","0","0","0","0","67301","0","0","0","N","0","0","0","2","67301","0","","1.0","100.0","1","N","N","N","0","","0","0","1","","0","N","","2","0","0","0","0","0","0","2","0","2","","03","","N","","","","","","","","","",""
"2021115650","1710","1","0","0","0","0","0","0","0","0","1","0","","67","11","2021","1","40.016662","-75.066747","1705","6","0","0","0","0","0","0","0","0","","0","0","0","","","1","","1","","40 00:59.982","","0","75 04:00.290","3","0","0","0","67301","0","0","0","N","0","0","0","2","67301","0","","1.0","","1","N","N","N","0","","1","0","1","","2","","","2","1","0","0","0","0","0","2","0","2","","04","","N","","","","","","","","","",""
"2021120256","0947","2","0","0","0","0","0","0","0","0","4","0","","67","12","2021","5","40.035496","-75.178766","0947","6","0","0","0","0","0","0","0","0","","0","0","0","","","0","","1","","40 02:07.785","","0","75 10:43.557","0","0","0","0","67301","0","0","0","N","0","0","0","2","67301","0","","1.0","","1","N","N","N","0","","0","0","0","","2","","","2","0","0","0","0","0","0","2","0","2","","03","","N","","","","","","","","","",""
"2021104494","0307","3","0","0","0","0","0","0","0","0","6","0","","67","10","2021","1","40.043819","-75.1737","0305","6","0","0","0","0","0","0","0","0","","0","0","0","","","1","N","0","","40 02:37.750","5","0","75 10:25.320","3","0","0","0","67301","0","0","0","N","0","0","0","1","67301","0","","6.0","445.0","9","N","N","N","0","","1","0","2","","0","Y","","5","1","1","0","0","0","0","2","0","5","","","","N","","","","","","","","","",""
"2021103803","1520","1","0","0","0","0","0","0","0","0","4","0","","67","10","2021","4","40.005582","-75.09689","1501","6","0","0","1","0","0","1","0","0","","0","0","0","","","1","","1","","40 00:20.095","","1","75 05:48.804","3","0","0","0","67301","0","0","0","N","0","0","0","2","67301","0","","1.0","","1","N","N","N","0","","1","0","1","","2","","","2","1","0","0","0","0","0","2","0","2","","03","","N","","","","","","","","","",""
"2021105355","1345","1","0","0","0","0","0","0","0","0","4","0","","67","11","2021","2","39.937028","-75.218069","1339","6","0","0","0","0","0","0","0","0","","0","0","0","","","1","","2","","39 56:13.300","","0","75 13:05.048","4","0","0","0","67301","0","0","0","N","0","0","0","3","67301","1","","1.0","","1","N","N","N","0","","0","0","1","","3","","","2","1","0","0","0","0","0","2","0","2","","","","N","","","","","","","","","",""
"2021120188","0810","1","0","0","0","0","0","0","0","0","8","0","","67","12","2021","4","40.057245","-75.047801","0806","6","0","0","0","0","0","0","0","0","","0","0","0","","","1","","1","","40 03:26.081","","0","75 02:52.083","3","0","0","0","67301","1","0","0","N","1","0","0","2","67301","0","","1.0","","1","N","N","N","0","","1","0","0","","0","","","2","1","0","0","0","0","0","2","0","1","","03","","N","","","","","","","","","",""
"2021121036","1330","2","0","0","0","0","0","0","0","0","4","0","","67","12","2021","6","39.97658","-75.164116","1321","6","0","0","0","0","0","0","0","0","","0","0","0","","","1","","1","","39 58:35.688","","0","75 09:50.817","3","0","0","0","67301","0","0","0","N","0","0","0","2","67301","0","","1.0","","1","N","N","N","0","","1","0","0","","3","","","2","1","1","0","0","0","0","2","0","2","","03","","N","","","","","","","","","",""
"2021109904","1839","0","0","0","1","0","0","0","0","0","8","0","","67","10","2021","5","40.06431","-75.153541","1839","6","0","0","0","0","0","0","0","0","","0","0","0","","","1","","5","","40 03:51.516","","0","75 09:12.747","4","0","0","0","67301","1","0","0","N","0","0","0","2","67301","1","","1.0","","1","N","N","N","0","","0","0","0","","2","","","2","1","0","0","0","0","0","2","0","1","","03","","N","","","","","","","","","",""
"2021121718","0505","0","0","0","0","0","0","0","0","0","7","0","","67","12","2021","7","39.961002","-75.181981","0505","6","0","0","0","0","0","0","0","0","","0","0","0","","","1","N","0","","39 57:39.608","4","0","75 10:55.130","8","0","0","0","67301","0","0","0","N","0","0","0","1","68K01","0","","4.0","510.0","9","N","N","N","0","","0","0","1","","0","N","","1","1","0","0","0","1","0","2","0","1","","07","","N","","","","","","","","","",""
"2021119714","0222","0","0","0","0","0","0","0","0","0","4","0","","67","12","2021","4","40.012123","-75.137131","0219","6","0","0","0","0","0","0","0","0","","0","0","0","","","0","","1","","40 00:43.642","","0","75 08:13.671","0","0","0","0","67301","0","0","0","N","0","0","0","2","67301","0","","1.0","","1","N","N","N","0","","0","0","3","","3","","","3","0","0","0","0","0","0","2","0","3","","03","","N","","","","","","","","","",""
"2021124745","1305","2","0","0","0","0","0","0","0","0","1","0","","67","12","2021","3","39.974066","-75.117882","1301","6","0","0","0","0","0","0","0","0","","0","0","0","","","2","","1","","39 58:26.639","6","0","75 07:04.374","8","0","0","0","67301","0","0","0","N","0","0","0","3","67301","0","","1.0","1300.0","1","N","N","N","0","","0","0","1","","2","Y","","3","2","1","0","0","2","1","2","0","3","","","","N","","","","","","","","","",""
"2021116196","0630","1","0","0","0","0","0","0","0","0","5","0","","67","10","2021","5","39.973474","-75.194005","0618","6","0","0","0","0","0","0","0","0","","0","0","0","","","1","N","0","","39 58:24.505","3","0","75 11:38.417","3","0","0","0","67301","0","0","0","N","0","0","0","2","68K01","0","","1.0","652.0","1","N","N","N","0","","1","0","0","","0","N","","2","1","0","0","0","0","0","2","0","2","","03","","N","","","","","","","","","",""
"2021114087","1323","1","0","0","0","0","0","0","0","0","6","0","","67","11","2021","2","40.116173","-75.020385","1311","6","0","0","0","0","0","1","0","1","","0","0","0","","","0","N","0","","40 06:58.221","","0","75 01:13.387","0","0","0","0","67301","0","0","0","N","0","0","0","2","67301","0","","1.0","","1","N","N","N","0","","0","0","1","","2","","","2","0","0","0","0","0","0","2","0","2","","04","","N","","","","","","","","","",""
"2021101686","0518","2","0","0","0","0","0","0","0","0","4","0","","67","10","2021","3","40.001201","-75.226387","0514","6","0","0","0","0","0","0","0","0","","0","0","0","","","2","","1","","40 00:04.324","2","0","75 13:34.993","3","0","0","0","67301","0","0","0","N","0","0","0","2","46104","0","","1.0","600.0","1","N","N","N","0","","2","0","0","","2","N","","2","2","0","0","0","0","0","2","0","2","","","","N","","","","","","","","","",""
"2021106136","2036","0","0","0","0","0","0","0","0","0","5","0","45","67","10","2021","6","39.968258","-75.129978","2010","6","0","0","0","0","0","0","0","0","","0","0","0","","","1","N","0","","39 58:05.728","2","3","75 07:47.919","3","0","0","0","67301","0","0","0","N","0","0","0","2","68K01","0","","1.0","2050.0","9","N","N","N","0","","1","0","2","","0","N","","2","1","0","0","0","0","0","2","0","2","","","N","Y","5","1","","","N","","","","Y","N"
"2021104678","1717","1","0","0","1","0","0","0","0","0","8","0","","67","10","2021","7","39.911236","-75.177072","1716","6","0","0","0","0","0","0","1","0","","0","0","0","","","1","","2","","39 54:40.450","","0","75 10:37.460","8","0","0","0","67301","1","0","0","N","0","0","0","3","67301","0","","1.0","","1","N","N","N","0","","0","0","0","","0","","","2","1","0","0","0","1","0","2","0","1","","","","N","","","","","","","","","",""
"2021122993","1810","0","0","0","0","0","0","0","0","0","4","0","","67","12","2021","4","39.995052","-75.163187","1747","6","0","0","0","0","0","1","0","0","","0","0","0","","","1","","5","","39 59:42.186","4","0","75 09:47.473","8","0","0","0","67301","0","0","0","N","0","0","0","3","67301","0","","1.0","1835.0","1","N","N","N","0","","0","0","1","","2","Y","","2","1","1","0","0","1","0","2","1","2","","03","","N","","","","","","","","","",""
"2021115769","1330","2","0","0","0","0","0","0","0","0","5","0","","67","11","2021","6","39.916928","-75.167547","1324","6","0","0","0","0","0","0","0","0","","0","0","0","","","0","N","0","","39 55:00.940","","0","75 10:03.170","9","0","0","0","67301","0","0","0","N","0","0","0","1","67301","0","","6.0","","1","N","N","N","1","","0","0","2","","0","","","5","0","0","0","0","0","1","2","0","5","","","","N","","","","","","","","","",""
"2021104213","0154","1","0","0","0","0","0","0","0","0","4","0","","67","10","2021","7","39.962598","-75.163039","0151","6","0","0","0","0","0","1","0","0","","0","0","0","","","0","","1","","39 57:45.352","","0","75 09:46.940","0","0","0","0","67301","0","0","0","N","0","0","0","2","67301","0","","1.0","","9","N","N","N","0","","0","0","1","","2","","","2","0","0","0","0","0","0","2","0","2","","07","","N","","","","","","","","","",""
"2021126469","0505","1","0","0","0","0","0","0","0","0","7","0","","67","12","2021","5","39.958199","-75.164412","0451","6","0","0","0","0","0","0","0","0","","0","0","0","","","0","N","0","","39 57:29.515","","0","75 09:51.882","0","0","0","0","67301","0","0","0","N","0","0","0","1","68K01","0","","2.0","","1","N","N","N","0","","0","0","0","","0","","","1","0","0","0","0","0","0","2","0","1","","03","","N","","","","","","","","","",""
"2021102920","0955","0","0","0","0","0","0","0","0","0","4","0","","67","10","2021","4","40.043736","-75.13821","0942","6","0","0","0","0","0","1","0","0","","0","0","0","","","1","","1","","40 02:37.449","","0","75 08:17.555","3","0","0","0","67301","0","0","0","N","0","0","0","2","67301","0","","1.0","","1","N","N","N","0","","1","0","2","","3","","","2","1","0","0","0","0","0","2","0","2","","","","N","","","","","","","","","",""
"2021120669","0930","1","0","1","0","0","0","0","0","0","4","0","","67","12","2021","4","40.010074","-75.157612","0930","6","0","0","0","0","0","1","0","0","","0","0","0","","","4","","1","","40 00:36.265","","0","75 09:27.402","2","0","0","0","67301","0","0","0","N","0","0","0","4","67301","0","","1.0","","1","N","N","N","0","","2","1","1","","2","","","3","4","0","0","0","1","0","2","1","3","","","","N","","","","","","","","","",""
"2021104977","1956","0","0","0","0","0","0","0","0","0","5","0","","67","10","2021","1","39.929842","-75.170242","1955","6","0","0","0","0","0","0","0","0","","0","0","0","","","0","N","0","","39 55:47.430","","0","75 10:12.870","0","0","0","0","67301","0","0","0","N","0","0","0","1","67301","0","","6.0","","1","N","N","N","0","","0","0","2","","0","","","2","0","0","0","0","0","0","2","0","2","","03","","N","","","","","","","","","",""
"2021104378","1940","0","0","0","0","0","0","0","0","0","4","0","","67","10","2021","5","39.95577","-75.15905","1931","6","0","0","0","0","0","1","0","0","","0","0","0","","","0","","1","","39 57:20.771","3","0","75 09:32.581","0","0","0","0","67301","0","0","0","N","0","0","0","2","67301","0","","1.0","2015.0","1","N","N","N","1","","0","0","1","","2","Y","","2","0","0","0","0","0","0","2","0","2","","03","","N","","","","","","","","","",""
"2021104777","1035","2","0","0","0","0","0","0","0","0","1","0","","67","10","2021","1","39.987156","-75.122576","1030","6","0","0","0","0","0","1","0","1","","0","0","0","","","0","Y","0","","39 59:13.762","","0","75 07:21.272","0","0","0","0","67301","0","0","0","N","0","0","0","3","67301","0","","1.0","","1","N","N","N","0","","0","0","1","","0","","","3","0","1","0","0","0","0","2","0","3","","03","","N","","","","","","","","","",""
"2021103664","0021","1","0","0","0","0","0","0","0","0","1","0","","67","10","2021","5","39.904061","-75.240291","0014","6","0","0","0","0","0","1","0","0","","0","0","0","","","4","","1","","39 54:14.619","2","0","75 14:25.049","3","0","0","0","67301","0","0","0","N","0","0","0","6","67301","0","","1.0","237.0","1","N","N","N","0","","4","0","3","","2","N","","4","4","1","0","0","0","0","2","0","4","","03","","N","","","","","","","","","",""
"2021102660","1531","1","0","0","0","0","0","0","0","0","4","0","","67","10","2021","3","39.92899","-75.153614","1531","6","0","0","0","0","0","0","0","0","","0","0","0","","","0","","1","","39 55:44.364","","0","75 09:13.010","0","0","0","0","67301","0","0","0","N","0","0","0","2","67301","0","","1.0","","9","N","N","N","0","","0","0","1","","3","","","2","0","0","0","0","0","0","2","0","2","","07","","N","","","","","","","","","",""
"2021121287","0849","1","0","0","0","0","0","0","0","0","4","0","","67","12","2021","4","39.989809","-75.125532","0847","6","0","0","0","0","0","1","0","0","","0","0","0","","","1","","1","","39 59:23.311","","1","75 07:31.914","3","0","0","0","67301","0","0","0","N","0","0","0","3","67301","0","","1.0","","1","N","N","N","0","","1","0","1","","2","","","2","1","0","0","0","0","0","2","0","2","","","","N","","","","","","","","","",""
"2021104035","2350","1","0","0","0","0","0","0","0","0","8","0","","67","10","2021","6","39.985153","-75.159815","2349","6","0","0","0","0","0","0","0","0","","0","0","0","","","1","","1","","39 59:06.550","1","0","75 09:35.335","3","0","0","0","67301","1","0","0","N","1","0","0","2","67505","0","","1.0","25.0","9","N","N","N","0","","1","0","0","","2","N","","2","1","0","0","0","0","0","2","0","1","","98","","N","","","","","","","","","",""
"2021104484","1016","1","0","0","0","0","0","0","0","0","1","0","","67","10","2021","6","40.017025","-75.149548","1014","6","0","0","0","0","0","0","1","0","","0","0","0","","","0","N","0","","40 01:01.291","","0","75 08:58.372","0","0","0","0","67301","0","0","0","N","0","0","0","2","67301","0","","1.0","","9","N","N","N","1","","0","0","0","","0","","","2","0","0","0","0","0","0","2","0","2","","","","N","","","","","","","","","",""
"2021122586","1857","2","0","0","0","0","0","0","0","0","4","0","","67","12","2021","1","39.992999","-75.134514","1852","6","0","0","0","0","0","0","0","0","","0","0","0","","","0","","1","","39 59:34.796","","0","75 08:04.250","0","0","0","0","67301","0","0","0","N","0","0","0","2","67301","0","","1.0","","1","N","N","N","0","","0","0","0","","2","","","2","0","0","0","0","0","0","2","0","2","","","","N","","","","","","","","","",""
"2021104702","0121","0","0","0","0","0","0","0","0","0","8","0","","67","10","2021","1","39.948884","-75.160546","0121","6","0","0","0","0","0","0","0","0","","0","0","0","","","1","","1","","39 56:55.984","","0","75 09:37.967","4","0","0","0","67301","1","0","0","N","1","0","0","2","67301","1","","1.0","","9","N","N","N","0","","0","0","1","","2","","","2","1","0","0","0","0","0","2","0","1","","","","N","","","","","","","","","",""
"2021121286","2245","0","0","0","0","0","0","0","0","0","1","0","","67","12","2021","3","39.983778","-75.136667","2238","6","0","0","0","0","0","0","0","0","","0","0","0","","","0","N","0","","39 59:01.600","","0","75 08:12.000","0","0","0","0","67301","0","0","0","N","0","0","0","1","67301","0","","6.0","","1","N","N","N","0","","0","0","1","","0","","","2","0","1","0","0","0","0","2","1","2","","03","","N","","","","","","","","","",""
"2021105389","0734","1","0","0","0","0","0","0","0","0","4","0","","67","10","2021","6","39.948517","-75.20568","0724","6","0","0","0","0","0","1","0","0","","0","0","0","","","3","","1","","39 56:54.661","","0","75 12:20.448","3","0","0","0","67301","0","0","0","N","0","0","0","3","67301","1","","1.0","","8","N","N","N","0","","2","0","1","","3","","","2","3","0","0","0","0","0","2","0","2","","04","","N","","","","","","","","","",""
"2021104021","1013","1","0","0","0","0","0","0","0","0","2","0","","67","10","2021","3","40.081564","-74.970872","1013","6","0","0","0","0","0","0","0","0","","0","0","0","","","1","N","0","","40 04:53.630","","0","74 58:15.140","3","0","0","0","67301","0","0","0","N","0","0","0","1","67301","0","","6.0","","9","N","N","N","0","","1","0","1","","0","","","2","1","0","0","0","0","0","2","0","2","","","","N","","","","","","","","","",""
"2021106851","1915","1","0","0","0","0","0","0","0","0","4","0","","67","11","2021","2","39.945732","-75.154781","1911","6","0","0","0","0","0","0","0","0","","0","0","0","","","1","","1","","39 56:44.634","","0","75 09:17.213","3","0","0","0","67301","0","0","0","N","0","0","0","4","67301","0","","1.0","","1","N","N","N","0","","1","0","1","","2","","","2","1","0","0","0","0","0","2","0","2","","03","","N","","","","","","","","","",""