"CRN","ARRIVAL_TM","AUTOMOBILE_COUNT","BELTED_DEATH_COUNT","BELTED_SUSP_SERIOUS_INJ_COUNT","BICYCLE_COUNT","BICYCLE_DEATH_COUNT","BICYCLE_SUSP_SERIOUS_INJ_COUNT","BUS_COUNT","CHLDPAS_DEATH_COUNT","CHLDPAS_SUSP_SERIOUS_INJ_COUNT","COLLISION_TYPE","COMM_VEH_COUNT","CONS_ZONE_SPD_LIM","COUNTY","CRASH_MONTH","CRASH_YEAR","DAY_OF_WEEK","DEC_LATITUDE","DEC_LONGITUDE","DISPATCH_TM","DISTRICT","DRIVER_COUNT_16YR","DRIVER_COUNT_17YR","DRIVER_COUNT_18YR","DRIVER_COUNT_19YR","DRIVER_COUNT_20YR","DRIVER_COUNT_50_64YR","DRIVER_COUNT_65_74YR","DRIVER_COUNT_75PLUS","EST_HRS_CLOSED","FATAL_COUNT","HEAVY_TRUCK_COUNT","HORSE_BUGGY_COUNT","HOUR_OF_DAY","ILLUMINATION","INJURY_COUNT","INTERSECTION_RELATED","INTERSECT_TYPE","LANE_CLOSED","LATITUDE","LN_CLOSE_DIR","LOCATION_TYPE","LONGITUDE","MAX_SEVERITY_LEVEL","MCYCLE_DEATH_COUNT","MCYCLE_SUSP_SERIOUS_INJ_COUNT","MOTORCYCLE_COUNT","MUNICIPALITY","NONMOTR_COUNT","NONMOTR_DEATH_COUNT","NONMOTR_SUSP_SERIOUS_INJ_COUNT","NTFY_HIWY_MAINT","PED_COUNT","PED_DEATH_COUNT","PED_SUSP_SERIOUS_INJ_COUNT","PERSON_COUNT","POLICE_AGCY","POSSIBLE_INJ_COUNT","RDWY_SURF_TYPE_CD","RELATION_TO_ROAD","ROADWAY_CLEARED","ROAD_CONDITION","SCH_BUS_IND","SCH_ZONE_IND","SECONDARY_CRASH","SMALL_TRUCK_COUNT","SPEC_JURIS_CD","SUSP_MINOR_INJ_COUNT","SUSP_SERIOUS_INJ_COUNT","SUV_COUNT","TCD_FUNC_CD","TCD_TYPE","TFC_DETOUR_IND","TIME_OF_DAY","TOTAL_UNITS","TOT_INJ_COUNT","UNBELTED_OCC_COUNT","UNB_DEATH_COUNT","UNB_SUSP_SERIOUS_INJ_COUNT","UNK_INJ_DEG_COUNT","UNK_INJ_PER_COUNT","URBAN_RURAL","VAN_COUNT","VEHICLE_COUNT","WEATHER1","WEATHER2","WORKERS_PRES","WORK_ZONE_IND","WORK_ZONE_LOC","WORK_ZONE_TYPE","WZ_CLOSE_DETOUR","WZ_FLAGGER","WZ_LAW_OFFCR_IND","WZ_LN_CLOSURE","WZ_MOVING","WZ_OTHER","WZ_SHLDER_MDN","WZ_WORKERS_INJ_KILLED"
"2021110434","0109","0","0","0","0","0","0","0","0","0","5","0","","67","10","2021","1","40.007508","-75.104919","0109","6","0","0","0","0","0","0","0","0","","0","0","0","","","0","N","0","","40 00:27.030","","0","75 06:17.710","0","0","0","0","67301","0","0","0","N","0","0","0","1","67301","0","","6.0","","9","N","N","N","1","","0","0","2","","0","","","5","0","0","0","0","0","0","2","1","4","","04","","N","","","","","","","","","",""
"2021104026","1937","1","0","0","0","0","0","0","0","0","4","0","","67","10","2021","6","40.052316","-75.007986","1937","6","0","0","0","0","0","0","0","0","","0","0","0","","","4","","1","","40 03:08.339","2","0","75 00:28.750","3","0","0","0","67301","0","0","0","N","0","0","0","4","67301","0","","1.0","2020.0","9","N","N","N","0","","4","0","1","","2","N","","2","4","0","0","0","0","0","2","0","2","","07","","N","","","","","","","","","",""
"2021127678","1224","1","0","0","0","0","0","0","0","0","4","0","","67","12","2021","6","39.957191","-75.158716","1224","6","0","0","0","0","0","1","0","0","","0","0","0","","","0","","1","","39 57:25.888","","3","75 09:31.377","0","0","0","0","67301","0","0","0","N","0","0","0","2","67301","0","","1.0","","1","N","N","N","1","","0","0","0","","2","","","2","0","0","0","0","0","0","2","0","2","","04","","N","","","","","","","","","",""
"2021104037","0200","0","0","0","0","0","0","0","0","0","1","0","","67","10","2021","7","40.068541","-75.164241","0156","6","0","0","0","0","0","0","0","0","","0","0","0","","","0","N","0","","40 04:06.748","","0","75 09:51.268","0","0","0","0","67301","0","0","0","N","0","0","0","1","67301","0","","6.0","","9","N","N","N","0","","0","0","2","","0","","","2","0","0","0","0","0","0","2","0","2","","07","","N","","","","","","","","","",""
"2021104726","2142","2","0","0","0","0","0","0","0","0","4","0","","67","10","2021","4","40.036753","-75.040739","2139","6","0","0","0","0","0","1","0","0","","0","0","0","","","2","","1","","40 02:12.310","","0","75 02:26.659","8","0","0","0","67301","0","0","0","N","0","0","0","2","67301","0","","1.0","","1","N","N","Y","0","","0","0","0","","2","","","2","2","0","0","0","2","0","2","0","2","","03","","N","","","","","","","","","",""
"2021104880","1750","1","0","0","0","0","0","0","0","0","2","0","","67","10","2021","6","39.993372","-75.197969","1739","6","0","0","0","0","1","0","0","0","","0","0","0","","","1","N","0","","39 59:36.140","","0","75 11:52.690","3","0","0","0","67301","0","0","0","N","0","0","0","4","67301","0","","1.0","","9","N","N","N","0","","1","0","0","","0","","","2","1","1","0","0","0","0","2","0","2","","04","","N","","","","","","","","","",""
"2021104254","1700","1","0","0","0","0","0","0","0","0","8","0","","67","10","2021","5","40.01384","-75.12598","1626","6","0","0","0","0","0","0","0","0","","0","0","0","","","1","","1","","40 00:49.824","","0","75 07:33.527","3","0","0","0","67301","1","0","0","N","1","0","0","2","67301","0","","1.0","","1","N","N","N","0","","1","0","0","","2","","","2","1","0","0","0","0","1","2","0","1","","","","N","","","","","","","","","",""
"2021104975","2254","4","0","0","0","0","0","0","0","0","4","0","","67","10","2021","1","39.919584","-75.162126","2254","6","0","0","0","0","0","0","0","0","","0","0","0","","","0","","1","","39 55:10.502","4","0","75 09:43.653","9","0","0","0","67301","0","0","0","N","0","0","0","4","67301","0","","1.0","100.0","1","N","N","N","1","","0","0","0","","3","Y","","6","0","0","0","0","0","1","2","1","6","","","","N","","","","","","","","","",""
"2021121168","0810","1","0","0","0","0","0","0","0","0","8","0","","67","12","2021","6","40.068663","-75.156786","0803","6","0","0","0","0","0","0","0","0","","0","0","0","","","1","","5","","40 04:07.186","","0","75 09:24.430","3","0","0","0","67301","1","0","0","N","1","0","0","2","67301","0","","1.0","","1","N","N","N","0","","1","0","0","","2","","","2","1","0","0","0","0","0","2","0","1","","98","","N","","","","","","","","","",""
"2021124057","0738","1","0","0","0","0","0","0","0","0","7","0","","67","12","2021","4","40.019092","-75.164237","0728","6","0","0","0","0","0","0","0","0","","0","0","0","","","0","N","0","","40 01:08.732","1","0","75 09:51.254","0","0","0","0","67301","0","0","0","N","0","0","0","1","67301","0","","4.0","810.0","1","N","N","N","0","","0","0","0","","0","N","","1","0","1","0","0","0","0","2","0","1","","03","","N","","","","","","","","","",""
"2021107015","1730","0","0","0","0","0","0","0","0","0","8","0","","67","10","2021","1","40.042426","-75.226288","1728","6","0","0","0","0","0","0","0","0","","0","0","0","","","1","","2","","40 02:32.735","","0","75 13:34.636","4","0","0","0","67301","1","0","0","N","1","0","0","2","67301","1","","1.0","","1","N","N","N","0","","0","0","1","","2","","","2","1","1","0","0","0","0","2","0","1","","03","","N","","","","","","","","","",""
"2021104773","1737","1","0","0","0","0","0","0","0","0","4","0","","67","10","2021","7","39.923788","-75.236886","1736","6","0","0","0","0","0","0","0","0","","0","0","0","","","1","","1","","39 55:25.636","","0","75 14:12.789","3","0","0","0","67301","0","0","0","N","0","0","0","4","67301","0","","1.0","","1","N","N","N","0","","1","0","1","","2","","","2","1","0","0","0","0","0","2","0","2","","98","","N","","","","","","","","","",""
"2021122990","2348","1","0","0","0","0","0","0","0","0","5","0","","67","12","2021","4","40.075272","-75.046281","2344","6","0","0","0","0","0","0","0","0","","0","0","0","","","0","N","0","","40 04:30.980","3","0","75 02:46.610","0","0","0","0","67301","0","0","0","N","0","0","0","1","67301","0","","6.0","124.0","1","N","N","N","0","","0","0","0","","0","Y","","3","0","0","0","0","0","0","2","2","3","","03","","N","","","","","","","","","",""
"2021121465","1732","0","0","0","0","0","0","0","0","0","8","0","","67","12","2021","5","39.955753","-75.233947","1732","6","0","0","0","0","0","0","0","0","","0","0","0","","","1","N","0","","39 57:20.710","","0","75 14:02.210","8","0","0","0","67301","1","0","0","N","1","0","0","2","67301","0","","1.0","","1","N","N","N","0","","0","0","1","","0","","","2","1","0","0","0","1","0","2","0","1","","","","N","","","","","","","","","",""
"2021104598","1714","1","0","0","0","0","0","0","0","0","4","0","","67","10","2021","6","39.983535","-75.247116","1711","6","0","0","0","0","0","1","0","0","","0","0","0","","","1","","1","","39 59:00.727","","0","75 14:49.618","3","0","0","0","67301","0","0","0","N","0","0","0","2","67301","0","","1.0","","9","N","N","N","0","","1","0","1","","2","","","2","1","1","0","0","0","0","2","0","2","","04","","N","","","","","","","","","",""
"2021109158","0403","1","0","0","0","0","0","0","0","0","7","0","","67","10","2021","7","39.982489","-75.207701","0358","6","0","0","0","1","0","0","0","0","","0","0","0","","","1","N","0","","39 58:56.961","4","0","75 12:27.722","8","0","0","0","67301","0","0","0","N","0","0","0","1","68K01","0","","2.0","420.0","9","N","N","N","0","","0","0","0","","0","N","","1","1","0","0","0","1","0","2","0","1","","","","N","","","","","","","","","",""
"2021123454","2216","2","0","0","0","0","0","0","0","0","2","0","","67","12","2021","4","39.910722","-75.163333","2215","6","0","0","0","0","0","1","0","0","","0","0","0","","","1","N","0","","39 54:38.600","3","2","75 09:48.000","3","0","0","0","67301","0","0","0","N","0","0","0","2","67501","0","","1.0","2311.0","1","N","N","N","0","","1","0","0","","0","Y","","2","1","0","0","0","0","0","2","0","2","","03","","N","","","","","","","","","",""
"2021105373","1301","2","0","0","0","0","0","0","0","0","4","0","","67","11","2021","2","39.923095","-75.159735","1258","6","0","0","0","0","0","1","1","0","","0","0","0","","","0","","1","","39 55:23.141","","0","75 09:35.045","9","0","0","0","67301","0","0","0","N","0","0","0","3","67301","0","","1.0","","1","N","N","N","0","","0","0","1","","2","","","3","0","0","0","0","0","2","2","0","3","","","","N","","","","","","","","","",""
"2021116500","0703","0","0","0","0","0","0","0","0","0","0","0","","67","11","2021","4","39.891783","-75.236699","0703","6","0","0","0","0","0","1","0","0","","0","0","0","","","0","N","0","","39 53:30.417","1","0","75 14:12.117","0","0","0","0","67301","0","0","0","Y","0","0","0","1","68K01","0","","1.0","740.0","1","N","N","N","1","","0","0","0","","0","N","","1","0","0","0","0","0","0","2","0","1","","03","","N","","","","","","","","","",""
"2021106704","1129","2","0","0","0","0","0","0","0","0","4","0","","67","10","2021","1","40.041499","-75.158367","1129","6","0","0","0","0","0","2","0","0","","0","0","0","","","2","","5","","40 02:29.398","5","0","75 09:30.121","3","0","0","0","67301","0","0","0","N","0","0","0","2","67301","0","","1.0","14.0","1","N","N","N","0","","1","0","0","","1","N","","2","2","0","0","0","1","0","2","0","2","","","","N","","","","","","","","","",""
"2021120948","1401","0","0","0","0","0","0","0","0","0","6","0","","67","12","2021","5","39.925156","-75.229022","1401","6","0","0","0","0","0","1","0","0","","0","0","0","","","1","N","0","","39 55:30.560","","0","75 13:44.480","3","0","0","0","67301","0","0","0","N","0","0","0","2","67301","0","","1.0","","1","N","N","N","0","","1","0","2","","0","","","2","1","0","0","0","0","1","2","0","2","","03","","N","","","","","","","","","",""
"2021123015","1640","1","0","0","0","0","0","0","0","0","4","0","","67","12","2021","4","40.022111","-75.1161","1639","6","0","0","0","0","0","0","0","0","","0","0","0","","","1","","1","","40 01:19.599","","0","75 06:57.960","8","0","0","0","67301","0","0","0","N","0","0","0","2","67301","0","","1.0","","1","N","N","N","0","","0","0","1","","3","","","2","1","0","0","0","1","1","2","0","2","","03","","N","","","","","","","","","",""
"2021128665","1555","2","0","0","0","0","0","0","0","0","4","0","","67","12","2021","5","40.019528","-75.148896","1555","6","0","0","0","0","0","1","0","0","","0","0","0","","","1","","2","","40 01:10.299","","0","75 08:56.025","4","0","0","0","67301","0","0","0","N","0","0","0","2","67301","1","","1.0","","99","N","N","N","0","","0","0","0","","2","","","2","1","2","0","0","0","1","2","0","2","","","","N","","","","","","","","","",""
"2021104815","0745","2","0","0","0","0","0","0","0","0","5","0","","67","10","2021","5","39.956022","-75.227333","0743","6","0","0","0","0","0","0","0","0","","0","0","0","","","0","N","0","","39 57:21.680","","0","75 13:38.400","9","0","0","0","67301","0","0","0","N","0","0","0","1","67301","0","","6.0","","1","N","N","N","0","","0","0","0","","0","","","2","0","0","0","0","0","1","2","0","2","","03","","N","","","","","","","","","",""
"2021105508","1034","0","0","0","0","0","0","0","0","0","4","0","","67","11","2021","2","39.988236","-75.183778","1028","6","0","0","0","0","1","0","0","0","","0","0","0","","","1","","1","","39 59:17.649","","0","75 11:01.600","8","0","0","0","67301","0","0","0","N","0","0","0","6","67301","0","","1.0","","1","N","N","Y","1","","0","0","1","","2","","","2","1","0","0","0","1","0","2","0","2","","03","","N","","","","","","","","","",""
"2021107085","1907","2","0","0","0","0","0","0","0","0","5","0","45","67","10","2021","5","39.994442","-75.083931","1848","6","0","0","0","0","0","0","1","0","","0","0","0","","","0","N","0","","39 59:39.991","1","0","75 05:02.152","0","0","0","0","67301","0","0","0","N","0","0","0","4","68K01","0","","1.0","1950.0","1","N","N","N","0","","0","0","1","","0","N","","3","0","0","0","0","0","0","2","0","3","","03","N","Y","8","1","","","N","","","Y","","N"
"2021106993","1149","1","0","0","1","0","0","0","0","0","8","0","","67","10","2021","1","39.927289","-75.182478","1147","6","0","0","0","0","0","0","0","1","","0","0","0","","","1","","1","","39 55:38.240","","0","75 10:56.920","3","0","0","0","67301","1","0","0","N","0","0","0","2","67301","0","","1.0","","9","N","N","N","0","","1","0","0","","3","","","2","1","1","0","0","0","0","2","0","1","","07","","N","","","","","","","","","",""
"2021103544","1929","2","0","0","0","0","0","0","0","0","4","0","","67","10","2021","4","39.954661","-75.149521","1924","6","0","0","0","0","0","0","0","0","","0","0","0","","","0","","5","","39 57:16.781","2","2","75 08:58.276","9","0","0","0","67301","0","0","0","N","0","0","0","5","67301","0","","1.0","2024.0","1","N","N","N","0","","0","0","1","","2","N","","3","0","0","0","0","0","2","2","0","3","","","","N","","","","","","","","","",""
"2021104731","0335","0","0","0","0","0","0","0","0","0","1","0","","67","10","2021","7","40.045998","-75.112648","0326","6","0","0","0","0","0","0","0","0","","0","0","0","","","1","N","0","","40 02:45.594","","0","75 06:45.531","8","0","0","0","67301","0","0","0","N","0","0","0","2","67301","0","","1.0","","9","N","N","N","1","","0","0","0","","0","","","3","1","0","0","0","1","1","2","1","3","","07","","N","","","","","","","","","",""
"2021111066","1847","2","0","0","0","0","0","0","0","0","4","0","","67","11","2021","7","39.991893","-75.234313","1846","6","0","0","0","0","0","0","0","0","","0","0","0","","","0","","1","","39 59:30.814","","0","75 14:03.526","0","0","0","0","67301","0","0","0","N","0","0","0","2","67301","0","","1.0","","1","N","N","N","0","","0","0","0","","2","","","2","0","0","0","0","0","0","2","0","2","","03","","N","","","","","","","","","",""
"2021122532","0210","2","0","0","0","0","0","0","0","0","2","0","","67","12","2021","7","40.046618","-75.052227","0202","6","0","0","0","0","0","0","1","0","","0","0","0","","","1","N","0","","40 02:47.824","2","0","75 03:08.017","8","0","0","0","67301","0","0","0","N","0","0","0","2","67301","0","","1.0","500.0","9","N","N","N","0","","0","0","0","","0","Y","","2","1","0","0","0","1","0","2","0","2","","07","","N","","","","","","","","","",""
"2021113493","1309","0","0","0","0","0","0","0","0","0","1","0","","67","10","2021","1","39.945602","-75.190059","1256","6","0","0","0","0","0","0","0","0","","0","0","0","","","1","N","0","","39 56:44.167","4","0","75 11:24.212","4","0","0","0","67301","0","0","0","N","0","0","0","4","68K01","1","","1.0","1257.0","1","N","N","N","0","","0","0","2","","0","N","","3","1","0","0","0","0","1","2","0","3","","","","N","","","","","","","","","",""
"2021121856","1943","1","0","0","0","0","0","0","0","0","4","0","","67","12","2021","1","40.118881","-75.017968","1938","6","0","0","1","0","0","0","0","0","","0","0","0","","","1","","1","","40 07:07.973","2","0","75 01:04.686","3","0","0","0","67301","0","0","0","N","0","0","0","3","67301","0","","1.0","2039.0","1","N","N","N","0","","1","0","1","","2","N","","2","1","0","0","0","0","2","2","0","2","","","","N","","","","","","","","","",""
"2021122688","1920","1","0","0","0","0","0","0","0","0","4","0","","67","12","2021","2","39.891942","-75.241906","1910","6","0","0","0","0","0","0","0","0","","0","0","0","","","1","","2","","39 53:30.990","","0","75 14:30.862","3","0","0","0","67301","0","0","0","N","0","0","0","2","67301","0","","1.0","","1","N","N","N","0","","1","0","0","","2","","","2","1","0","0","0","0","1","2","1","2","","03","","N","","","","","","","","","",""
"2021116207","2032","1","0","0","0","0","0","0","0","0","7","0","","67","10","2021","7","39.921826","-75.147949","2032","6","0","0","0","0","0","0","0","0","","0","0","0","","","1","N","0","","39 55:18.572","2","3","75 08:52.616","3","0","0","0","67301","0","0","0","N","0","0","0","1","68K01","0","","4.0","2101.0","1","N","N","N","0","","1","0","0","","0","N","","1","1","0","0","0","0","0","2","0","1","","","","N","","","","","","","","","",""
"2021107771","2155","2","0","0","0","0","0","0","0","0","4","0","","67","11","2021","6","40.00713","-75.094069","2150","6","0","0","0","1","0","1","0","0","","0","0","0","","","1","","1","","40 00:25.667","","0","75 05:38.650","3","0","0","0","67301","0","0","0","N","0","0","0","2","67301","0","","1.0","","1","N","N","N","0","","1","0","0","","1","","","2","1","0","0","0","0","0","2","0","2","","04","","N","","","","","","","","","",""
"2021104774","0353","2","0","0","0","0","0","0","0","0","4","0","","67","10","2021","1","39.917691","-75.212144","0348","6","0","0","0","1","0","0","0","0","","0","0","0","","","1","N","0","","39 55:03.686","","7","75 12:43.719","4","0","0","0","67301","0","0","0","N","0","0","0","2","67301","1","","1.0","","9","N","N","N","0","","0","0","0","","0","","","2","1","0","0","0","0","0","2","0","2","","","","N","","","","","","","","","",""
"2021104800","0839","1","0","0","0","0","0","0","0","0","4","0","","67","10","2021","1","39.997103","-75.235306","0835","6","0","0","0","0","0","0","0","0","","0","0","0","","","0","","1","","39 59:49.570","","0","75 14:07.103","0","0","0","0","67301","0","0","0","N","0","0","0","2","46104","0","","1.0","","1","N","N","N","0","","0","0","0","","2","","","2","0","0","0","0","0","0","2","1","2","","","","N","","","","","","","","","",""
"2021105320","0311","1","0","0","0","0","0","0","0","0","4","0","","67","10","2021","1","40.007656","-75.151478","0311","6","0","0","0","0","1","0","0","0","","0","0","0","","","0","","1","","40 00:27.560","","0","75 09:05.322","9","0","0","0","67301","0","0","0","N","0","0","0","2","67301","0","","1.0","","9","N","N","N","0","","0","0","1","","1","","","2","0","0","0","0","0","1","2","0","2","","03","","N","","","","","","","","","",""
"2021104483","0900","0","0","0","0","0","0","0","0","0","8","0","","67","10","2021","6","40.006351","-75.165233","0849","6","0","0","0","0","0","0","0","0","","0","0","0","","","1","","1","","40 00:22.863","","0","75 09:54.838","3","0","0","0","67301","1","0","0","N","1","0","0","2","67301","0","","4.0","","99","N","N","N","0","","1","0","1","","3","","","2","1","0","0","0","0","0","2","0","1","","","","N","","","","","","","","","",""
"2021121234","1848","1","0","0","0","0","0","0","0","0","1","0","","67","12","2021","5","39.909956","-75.193096","1847","6","0","0","0","0","0","1","1","0","","0","0","0","","","0","N","0","","39 54:35.841","","0","75 11:35.145","0","0","0","0","67301","0","0","0","N","0","0","0","2","67301","0","","1.0","","1","N","N","N","1","","0","0","0","","0","","","2","0","0","0","0","0","0","2","0","2","","03","","N","","","","","","","","","",""
"2021103405","1619","1","0","0","0","0","0","0","0","0","5","0","","67","10","2021","4","40.043218","-75.010662","1619","6","0","0","0","0","0","0","0","0","","0","0","0","","","0","N","0","","40 02:35.583","2","0","75 00:38.384","0","0","0","0","67301","0","0","0","N","0","0","0","1","67301","0","","6.0","100.0","1","N","N","N","1","","0","0","1","","0","N","","3","0","1","0","0","0","0","2","0","3","","04","","N","","","","","","","","","",""
"2021104023","0115","1","0","0","0","0","0","0","0","0","4","0","","67","10","2021","6","40.05193","-74.984456","0053","6","0","0","0","0","0","0","0","0","","0","0","0","","","1","","1","","40 03:06.948","","0","74 59:04.041","2","0","0","0","67301","0","0","0","N","0","0","0","2","67301","0","","1.0","","1","N","N","N","0","","0","1","1","","2","","","2","1","0","0","0","0","0","2","0","2","","03","","N","","","","","","","","","",""
"2021128664","2044","0","0","0","0","0","0","0","0","0","8","0","","67","10","2021","1","40.034746","-75.130874","2112","6","0","0","0","0","0","1","0","0","","0","0","0","","","1","","1","","40 02:05.085","","0","75 07:51.146","3","0","0","0","67301","1","0","0","N","1","0","0","2","67301","0","","1.0","","1","N","N","N","0","","1","0","1","","2","","","2","1","0","0","0","0","0","2","0","1","","03","","N","","","","","","","","","",""
"2021103916","0645","1","0","0","0","0","0","0","0","0","2","0","","67","10","2021","3","40.014573","-75.156653","0645","6","0","0","0","0","0","0","0","0","","0","0","0","","","1","","1","","40 00:52.463","","0","75 09:23.952","3","0","0","0","67301","0","0","0","N","0","0","0","2","67301","0","","1.0","","1","N","N","N","0","","1","0","0","","2","","","2","1","0","0","0","0","0","2","0","2","","04","","N","","","","","","","","","",""
"2021122111","0900","0","0","0","0","0","0","0","0","0","1","0","","67","12","2021","2","40.05679","-75.1286","0836","6","0","0","0","0","0","0","1","0","","0","0","0","","","1","N","0","","40 03:24.444","","0","75 07:42.959","8","0","0","0","67301","0","0","0","N","0","0","0","3","67301","0","","1.0","","1","N","N","N","0","","0","0","1","","0","","","2","1","0","0","0","1","0","2","0","2","","03","","N","","","","","","","","","",""
"2021104056","2345","1","0","0","0","0","0","0","0","0","5","0","","67","10","2021","6","40.029161","-75.130183","2345","6","0","0","0","0","0","0","0","0","","0","0","0","","","0","N","0","","40 01:44.980","","0","75 07:48.660","0","0","0","0","67301","0","0","0","N","0","0","0","1","67301","0","","6.0","","9","N","N","N","3","","0","0","0","","0","","","4","0","0","0","0","0","0","2","0","4","","","","N","","","","","","","","","",""
"2021121185","1035","2","0","0","0","0","0","0","0","0","1","0","45","67","12","2021","3","40.003279","-75.077595","1025","6","0","0","1","0","0","0","0","0","","0","0","0","","","0","N","0","","40 00:11.806","","3","75 04:39.342","0","0","0","0","67301","0","0","0","N","0","0","0","3","68K01","0","","1.0","","1","N","N","N","0","","0","0","1","","0","","","3","0","0","0","0","0","0","2","0","3","","","N","Y","4","1","","","N","","","","Y","N"
"2021115193","0810","0","0","0","0","0","0","0","0","0","4","0","","67","11","2021","2","40.073722","-75.032778","0801","6","0","0","0","0","0","0","0","0","","0","0","0","","","0","N","0","","40 04:25.400","","7","75 01:58.000","0","0","0","0","67301","0","0","0","N","0","0","0","2","67301","0","","1.0","","9","N","N","N","1","","0","0","1","","0","","","2","0","0","0","0","0","0","2","0","2","","07","","N","","","","","","","","","",""
"2021105218","1920","0","0","0","0","0","0","0","0","0","0","0","","67","10","2021","7","40.016414","-75.055817","1908","6","0","0","0","0","0","0","0","0","","0","0","0","","","2","N","0","","40 00:59.090","","0","75 03:20.940","2","0","0","0","67301","0","0","0","N","0","0","0","2","67301","0","","1.0","","1","N","N","N","0","","1","1","0","","0","","","1","2","0","0","0","0","0","2","0","1","","03","","N","","","","","","","","","",""
"2021124129","1130","0","0","0","0","0","0","0","0","0","8","0","","67","12","2021","3","39.925854","-75.181168","1118","6","0","0","0","0","0","0","0","1","","0","0","0","","","1","","1","","39 55:33.075","","0","75 10:52.206","8","0","0","0","67301","1","0","0","N","1","0","0","3","67301","0","","1.0","","1","N","N","N","0","","0","0","1","","2","","","2","1","0","0","0","1","0","2","0","1","","","","N","","","","","","","","","",""
"2021103984","2300","1","0","0","0","0","0","0","0","0","4","0","","67","10","2021","5","39.949607","-75.199671","2300","6","0","0","0","0","0","0","0","0","","0","0","0","","","1","","2","","39 56:58.586","","0","75 11:58.815","3","0","0","0","67301","0","0","0","N","0","0","0","2","67301","0","","1.0","","1","N","N","N","0","","1","0","1","","2","","","2","1","0","0","0","0","0","2","0","2","","","","N","","","","","","","","","",""
"2021105613","1350","1","0","0","0","0","0","0","0","0","1","0","","67","10","2021","1","39.99802","-75.125586","1342","6","0","0","0","0","0","0","1","0","","0","0","0","","","1","N","0","","39 59:52.873","","0","75 07:32.108","3","0","0","0","67301","0","0","0","N","0","0","0","2","67301","0","","1.0","","1","N","N","N","0","","1","0","1","","1","","","2","1","0","0","0","0","0","2","0","2","","03","","N","","","","","","","","","",""
"2021120823","1836","1","0","0","0","0","0","0","0","0","1","0","","67","12","2021","5","40.014164","-75.178808","1820","6","0","0","0","0","0","0","0","0","","0","0","0","","","0","N","0","","40 00:50.991","","0","75 10:43.710","9","0","0","0","67301","0","0","0","N","0","0","0","2","67301","0","","1.0","","1","N","N","N","0","","0","0","0","","0","","","2","0","1","0","0","0","1","2","1","2","","03","","N","","","","","","","","","",""
"2021122514","1453","1","0","0","0","0","0","0","0","0","4","0","","67","12","2021","3","39.95577","-75.15905","1453","6","0","0","0","0","0","0","0","0","","0","0","0","","","1","","1","","39 57:20.771","3","0","75 09:32.581","3","0","0","0","67301","0","0","0","N","0","0","0","2","67301","0","","1.0","1443.0","1","N","N","N","0","","1","0","1","","2","Y","","2","1","0","0","0","0","0","2","0","2","","03","","N","","","","","","","","","",""
"2021125176","1554","1","0","0","0","0","0","0","0","0","1","0","","67","12","2021","5","40.053925","-74.986106","1538","6","0","0","0","0","0","0","0","0","","0","0","0","","","0","N","0","","40 03:14.130","","0","74 59:09.983","0","0","0","0","67301","0","0","0","N","0","0","0","2","68K01","0","","1.0","","1","N","N","Y","0","","0","0","1","","0","","","2","0","0","0","0","0","0","2","0","2","","03","","N","","","","","","","","","",""
"2021104679","2015","1","0","0","0","0","0","0","0","0","1","0","","67","10","2021","4","39.900717","-75.193864","1958","6","0","0","0","0","0","1","0","0","","0","0","0","","","1","N","0","","39 54:02.580","","0","75 11:37.910","4","0","0","0","67301","0","0","0","N","0","0","0","4","67301","1","","1.0","","1","N","N","N","1","","0","0","1","","0","","","3","1","4","0","0","0","0","2","0","3","","03","","N","","","","","","","","","",""
"2021104720","0049","2","0","0","0","0","0","0","0","0","4","0","","67","10","2021","6","40.036501","-75.131034","0039","6","0","0","0","0","0","0","0","0","","0","0","0","","","0","N","0","","40 02:11.405","","7","75 07:51.721","0","0","0","0","67301","0","0","0","N","0","0","0","1","67301","0","","1.0","","9","N","N","N","0","","0","0","0","","0","","","2","0","0","0","0","0","0","2","0","2","","07","","N","","","","","","","","","",""
"2021107768","1300","1","0","0","0","0","0","0","0","0","4","0","","67","10","2021","3","39.981729","-75.103801","1255","6","0","0","0","0","0","0","0","0","","0","0","0","","","2","","1","","39 58:54.226","7","0","75 06:13.685","2","0","1","1","67301","0","0","0","N","0","0","0","2","67301","1","","1.0","1500.0","1","N","N","N","0","","0","1","0","","2","N","","2","2","0","0","0","0","0","2","0","2","","","","N","","","","","","","","","",""
"2021104225","2120","1","0","0","0","0","0","0","0","0","5","0","","67","10","2021","6","39.931111","-75.15475","2100","6","0","0","0","0","0","0","0","0","","0","0","0","","","0","N","0","","39 55:52.000","","0","75 09:17.100","0","0","0","0","67301","0","0","0","N","0","0","0","1","67301","0","","6.0","","9","N","N","N","0","","0","0","2","","0","","","3","0","0","0","0","0","0","2","0","3","","04","","N","","","","","","","","","",""
"2021121004","0107","4","0","0","0","0","0","0","0","0","7","0","","67","12","2021","7","40.038194","-75.170528","0102","6","0","0","0","0","0","0","0","0","","0","0","0","","","0","N","0","","40 02:17.500","","0","75 10:13.900","9","0","0","0","67301","0","0","0","N","0","0","0","1","67301","0","","4.0","","9","N","N","N","0","","0","0","0","","0","","","4","0","1","0","0","0","1","2","0","4","","","","N","","","","","","","","","",""