"CRN","ARRIVAL_TM","AUTOMOBILE_COUNT","BELTED_DEATH_COUNT","BELTED_SUSP_SERIOUS_INJ_COUNT","BICYCLE_COUNT","BICYCLE_DEATH_COUNT","BICYCLE_SUSP_SERIOUS_INJ_COUNT","BUS_COUNT","CHLDPAS_DEATH_COUNT","CHLDPAS_SUSP_SERIOUS_INJ_COUNT","COLLISION_TYPE","COMM_VEH_COUNT","CONS_ZONE_SPD_LIM","COUNTY","CRASH_MONTH","CRASH_YEAR","DAY_OF_WEEK","DEC_LATITUDE","DEC_LONGITUDE","DISPATCH_TM","DISTRICT","DRIVER_COUNT_16YR","DRIVER_COUNT_17YR","DRIVER_COUNT_18YR","DRIVER_COUNT_19YR","DRIVER_COUNT_20YR","DRIVER_COUNT_50_64YR","DRIVER_COUNT_65_74YR","DRIVER_COUNT_75PLUS","EST_HRS_CLOSED","FATAL_COUNT","HEAVY_TRUCK_COUNT","HORSE_BUGGY_COUNT","HOUR_OF_DAY","ILLUMINATION","INJURY_COUNT","INTERSECTION_RELATED","INTERSECT_TYPE","LANE_CLOSED","LATITUDE","LN_CLOSE_DIR","LOCATION_TYPE","LONGITUDE","MAX_SEVERITY_LEVEL","MCYCLE_DEATH_COUNT","MCYCLE_SUSP_SERIOUS_INJ_COUNT","MOTORCYCLE_COUNT","MUNICIPALITY","NONMOTR_COUNT","NONMOTR_DEATH_COUNT","NONMOTR_SUSP_SERIOUS_INJ_COUNT","NTFY_HIWY_MAINT","PED_COUNT","PED_DEATH_COUNT","PED_SUSP_SERIOUS_INJ_COUNT","PERSON_COUNT","POLICE_AGCY","POSSIBLE_INJ_COUNT","RDWY_SURF_TYPE_CD","RELATION_TO_ROAD","ROADWAY_CLEARED","ROAD_CONDITION","SCH_BUS_IND","SCH_ZONE_IND","SECONDARY_CRASH","SMALL_TRUCK_COUNT","SPEC_JURIS_CD","SUSP_MINOR_INJ_COUNT","SUSP_SERIOUS_INJ_COUNT","SUV_COUNT","TCD_FUNC_CD","TCD_TYPE","TFC_DETOUR_IND","TIME_OF_DAY","TOTAL_UNITS","TOT_INJ_COUNT","UNBELTED_OCC_COUNT","UNB_DEATH_COUNT","UNB_SUSP_SERIOUS_INJ_COUNT","UNK_INJ_DEG_COUNT","UNK_INJ_PER_COUNT","URBAN_RURAL","VAN_COUNT","VEHICLE_COUNT","WEATHER1","WEATHER2","WORKERS_PRES","WORK_ZONE_IND","WORK_ZONE_LOC","WORK_ZONE_TYPE","WZ_CLOSE_DETOUR","WZ_FLAGGER","WZ_LAW_OFFCR_IND","WZ_LN_CLOSURE","WZ_MOVING","WZ_OTHER","WZ_SHLDER_MDN","WZ_WORKERS_INJ_KILLED"
"2021077440","0226","2","0","0","0","0","0","0","0","0","4","0","","67","8","2021","7","40.018906","-75.14723","0226","6","0","0","0","0","0","0","0","0","","0","0","0","","","1","N","1","","40 01:08.061","","0","75 08:50.029","3","0","0","0","67301","0","0","0","N","0","0","0","2","67301","0","","1.0","","1","N","N","N","0","","1","0","0","","0","","","2","1","0","0","0","0","0","2","0","2","","03","","N","","","","","","","","","",""
"2021103663","1645","1","0","0","0","0","0","0","0","0","8","0","","67","10","2021","5","39.967111","-75.163139","1644","6","0","0","0","0","0","0","0","0","","0","0","0","","","1","N","0","","39 58:01.600","","0","75 09:47.300","3","0","0","0","67301","1","0","0","N","1","0","0","2","67301","0","","1.0","","1","N","N","N","0","","1","0","0","","0","","","2","1","0","0","0","0","0","2","0","1","","03","","N","","","","","","","","","",""
"2021114229","0432","1","0","0","0","0","0","0","0","0","7","0","","67","10","2021","1","39.925127","-75.193496","0426","6","0","0","0","0","0","0","0","0","","0","0","0","","","0","N","0","","39 55:30.456","3","0","75 11:36.587","0","0","0","0","67301","0","0","0","N","0","0","0","1","68K01","0","","4.0","510.0","1","N","N","N","0","","0","0","0","","0","N","","1","0","0","0","0","0","0","2","0","1","","03","","N","","","","","","","","","",""
"2021103490","1539","0","0","0","0","0","0","0","0","0","4","0","","67","10","2021","3","40.092748","-75.047262","1534","6","0","0","0","0","0","1","0","0","","0","0","0","","","1","","2","","40 05:33.894","","0","75 02:50.144","3","0","0","0","67301","0","0","0","N","0","0","0","3","67301","0","","1.0","","9","N","N","N","0","","1","0","2","","3","","","2","1","3","0","0","0","0","2","0","2","","07","","N","","","","","","","","","",""
"2021121549","0425","2","0","0","0","0","0","0","0","0","6","0","","67","12","2021","7","40.024653","-75.121708","0422","6","0","0","0","0","0","0","0","0","","0","0","0","","","0","N","0","","40 01:28.750","","0","75 07:18.150","9","0","0","0","67301","0","0","0","N","0","0","0","1","67301","0","","6.0","","9","N","N","N","0","","0","0","1","","0","","","3","0","0","0","0","0","1","2","0","3","","05","","N","","","","","","","","","",""
"2021104816","1344","2","0","0","0","0","0","0","0","0","6","0","","67","10","2021","7","39.954553","-75.225761","1341","6","0","0","0","0","0","0","1","0","","0","0","0","","","1","N","0","","39 57:16.390","","0","75 13:32.740","8","0","0","0","67301","0","0","0","N","0","0","0","2","67301","0","","1.0","","1","N","N","N","0","","0","0","0","","0","","","2","1","0","0","0","1","0","2","0","2","","","","N","","","","","","","","","",""
"2021125396","1245","1","0","0","0","0","0","0","0","0","4","0","","67","12","2021","7","39.90369","-75.243239","1245","6","0","0","0","0","0","0","0","0","","0","0","0","","","0","","1","","39 54:13.285","","0","75 14:35.660","9","0","0","0","67301","0","0","0","N","0","0","0","2","67301","0","","1.0","","1","N","N","N","0","","0","0","1","","2","","","2","0","0","0","0","0","1","2","0","2","","","","N","","","","","","","","","",""
"2021104404","1221","1","0","0","0","0","0","0","0","0","4","0","","67","10","2021","1","39.954079","-75.189725","1220","6","0","0","0","0","0","0","0","0","","0","0","0","","","0","","1","","39 57:14.683","","0","75 11:23.010","0","0","0","0","67301","0","0","0","N","0","0","0","2","67507","0","","1.0","","9","N","N","N","0","","0","0","1","","2","","","2","0","0","0","0","0","0","2","0","2","","07","","N","","","","","","","","","",""
"2021124747","2054","1","0","0","0","0","0","0","0","0","5","0","","67","12","2021","5","39.987319","-75.132744","2052","6","0","0","0","0","0","0","0","0","","0","0","0","","","0","N","0","","39 59:14.350","","0","75 07:57.880","9","0","0","0","67301","0","0","0","N","0","0","0","1","67301","0","","6.0","","1","N","N","Y","0","","0","0","2","","0","","","3","0","0","0","0","0","1","2","0","3","","03","","N","","","","","","","","","",""
"2021122792","1851","1","0","0","0","0","0","0","0","0","1","0","","67","12","2021","3","40.01326","-75.159492","1842","6","0","0","0","0","0","0","0","0","","0","0","0","","","0","N","0","","40 00:47.736","","0","75 09:34.172","9","0","0","0","67301","0","0","0","N","0","0","0","1","67301","0","","6.0","","1","N","N","Y","0","","0","0","1","","0","","","3","0","0","0","0","0","1","2","1","3","","","","N","","","","","","","","","",""
"2021103668","0731","0","0","0","0","0","0","0","0","0","4","0","","67","10","2021","6","39.947484","-75.187686","0727","6","0","0","0","0","0","0","0","0","","0","0","0","","","1","","1","","39 56:50.944","","8","75 11:15.670","3","0","0","0","67301","0","0","0","N","0","0","0","4","67504","0","","1.0","","9","N","N","N","0","","1","0","1","","2","","","2","1","0","0","0","0","0","2","1","2","","07","","N","","","","","","","","","",""
"2021117925","","2","0","0","0","0","0","0","0","0","4","0","","67","11","2021","6","39.933144","-75.169513","","6","0","0","0","0","0","0","0","0","","0","0","0","","","1","","1","","39 55:59.318","","0","75 10:10.246","3","0","0","0","67301","0","0","0","N","0","0","0","2","00000","0","","1.0","","1","N","N","N","0","","1","0","0","","3","","","2","1","0","0","0","0","0","2","0","2","","","","N","","","","","","","","","",""
"2021121433","1710","1","0","0","0","0","0","0","0","0","4","0","","67","12","2021","7","39.922897","-75.158205","1705","6","0","0","0","0","0","1","0","0","","0","0","0","","","0","","1","","39 55:22.430","","0","75 09:29.537","0","0","0","0","67301","0","0","0","N","0","0","0","2","67301","0","","1.0","","9","N","N","N","0","","0","0","0","","2","","","2","0","0","0","0","0","0","2","1","2","","","","N","","","","","","","","","",""
"2021113460","1610","1","0","0","0","0","0","0","0","0","4","0","","67","11","2021","7","39.902346","-75.24744","1601","6","0","0","0","0","0","0","0","0","","0","0","0","","","1","","1","","39 54:08.446","4","0","75 14:50.783","3","0","0","0","67301","0","0","0","N","0","0","0","3","67301","0","","1.0","30.0","1","N","N","N","0","","1","0","1","","2","Y","","2","1","0","0","0","0","0","2","0","2","","03","","N","","","","","","","","","",""
"2021125540","0404","0","0","0","0","0","0","0","0","0","7","0","","67","12","2021","4","40.047543","-75.112375","0358","6","0","0","0","0","0","1","0","0","","0","0","0","","","0","","3","","40 02:51.156","","0","75 06:44.551","0","0","0","0","67301","0","0","0","N","0","0","0","1","46102","0","","5.0","","9","N","N","N","0","","0","0","1","","2","","","1","0","0","0","0","0","0","2","0","1","","","","N","","","","","","","","","",""
"2021104775","0455","0","0","0","0","0","0","0","0","0","0","0","","67","10","2021","1","39.894612","-75.236717","0455","6","0","0","0","0","0","0","0","0","","0","0","0","","","1","","1","","39 53:40.603","3","0","75 14:12.181","3","0","0","0","67301","0","0","0","N","0","0","0","2","67301","0","","1.0","630.0","9","N","N","N","0","","1","0","1","","2","N","","1","1","1","0","0","0","0","2","0","1","","07","","N","","","","","","","","","",""
"2021122873","0147","3","0","0","0","0","0","0","0","0","6","0","","67","12","2021","4","40.059672","-75.028019","0145","6","0","0","0","0","0","0","0","0","","0","0","0","","","1","N","0","","40 03:34.820","2","0","75 01:40.870","3","0","0","0","67301","0","0","0","N","0","0","0","1","67301","0","","6.0","30.0","1","N","N","N","0","","1","0","1","","0","N","","4","1","0","0","0","0","0","2","0","4","","03","","N","","","","","","","","","",""
"2021103487","0740","1","0","0","0","0","0","0","0","0","2","0","","67","10","2021","3","40.090799","-75.064361","0733","6","0","0","0","0","0","0","1","0","","0","0","0","","","0","","2","","40 05:26.876","","0","75 03:51.699","0","0","0","0","67301","0","0","0","N","0","0","0","3","67301","0","","1.0","","9","N","N","N","0","","0","0","1","","3","","","2","0","0","0","0","0","0","2","0","2","","07","","N","","","","","","","","","",""
"2021121609","0914","0","0","0","0","0","0","0","0","0","4","0","","67","11","2021","2","39.957799","-75.147108","0913","6","0","0","0","0","0","0","0","0","","0","0","0","","","1","","1","","39 57:28.076","","0","75 08:49.588","3","0","0","0","67301","0","0","0","N","0","0","0","2","67301","0","","1.0","","1","N","N","N","0","","1","0","1","","2","","","2","1","0","0","0","0","0","2","1","2","","03","","N","","","","","","","","","",""
"2021104594","1605","2","0","0","0","0","0","0","0","0","6","0","","67","10","2021","3","39.993439","-75.237039","1605","6","0","0","0","0","0","0","0","0","","0","0","0","","","3","N","0","","39 59:36.380","5","0","75 14:13.340","3","0","0","0","67301","0","0","0","N","0","0","0","3","67301","0","","6.0","1856.0","9","N","N","N","0","","3","0","3","","0","Y","","5","3","0","0","0","0","0","2","0","5","","04","","N","","","","","","","","","",""
"2021122972","1700","0","0","0","0","0","0","0","0","0","5","0","","67","12","2021","4","39.989283","-75.147031","1700","6","0","0","0","0","0","0","0","0","","0","0","0","","","1","N","0","","39 59:21.420","","0","75 08:49.310","3","0","0","0","67301","0","0","0","N","0","0","0","2","67301","0","","6.0","","1","N","N","N","0","","1","0","1","","0","","","2","1","0","0","0","0","0","2","0","2","","03","","N","","","","","","","","","",""
"2021104497","0517","1","0","0","0","0","0","0","0","0","4","0","","67","10","2021","1","39.995823","-75.169147","0515","6","0","0","0","0","0","0","0","0","","0","0","0","","","0","","1","","39 59:44.961","","0","75 10:08.930","0","0","0","0","67301","0","0","0","N","0","0","0","2","67301","0","","1.0","","9","N","N","N","1","","0","0","0","","2","","","2","0","0","0","0","0","0","2","0","2","","03","","N","","","","","","","","","",""
"2021103589","0118","2","0","0","0","0","0","0","0","0","5","0","","67","10","2021","5","40.013178","-75.070421","0112","6","0","0","0","0","0","0","0","0","","0","0","0","","","0","","1","","40 00:47.439","","0","75 04:13.514","0","0","0","0","67301","0","0","0","N","0","0","0","2","67301","0","","1.0","","1","N","N","N","0","","0","0","0","","2","","","2","0","0","0","0","0","0","2","0","2","","","","N","","","","","","","","","",""
"2021123217","1158","0","0","0","0","0","0","0","0","0","4","0","","67","12","2021","4","39.988892","-75.151834","1157","6","0","0","0","0","0","0","0","0","","0","0","0","","","1","","1","","39 59:20.011","","1","75 09:06.602","3","0","0","0","67301","0","0","0","N","0","0","0","2","67301","0","","1.0","","1","N","N","N","1","","1","0","0","","3","","","2","1","0","0","0","0","0","2","1","2","","03","","N","","","","","","","","","",""
"2021123099","","1","0","0","0","0","0","0","0","0","1","0","","67","12","2021","6","","","","6","0","0","0","0","0","0","0","0","","0","0","0","","","2","N","0","","","","3","","8","0","0","0","67301","0","0","0","N","0","0","0","3","00000","0","","1.0","","1","N","N","N","0","","0","0","0","","0","","","2","2","0","0","0","2","0","1","0","2","","","","N","","","","","","","","","",""
"2021104424","0050","2","0","0","0","0","0","0","0","0","1","0","","67","10","2021","1","39.958165","-75.156897","0050","6","0","0","0","0","0","0","0","0","","0","0","0","","","2","","1","","39 57:29.393","","0","75 09:24.829","4","0","0","0","67301","0","0","0","N","0","0","0","3","67301","2","","1.0","","9","N","N","N","0","","0","0","0","","3","","","2","2","0","0","0","0","0","2","0","2","","","","N","","","","","","","","","",""
"2021120521","0102","2","0","0","0","0","0","0","0","0","1","0","","67","12","2021","5","39.953093","-75.181793","0044","6","0","0","0","0","0","0","0","0","","0","0","0","","","0","","1","","39 57:11.135","","8","75 10:54.456","0","0","0","0","67301","0","0","0","N","0","0","0","2","67301","0","","1.0","","1","N","N","N","0","","0","0","0","","2","","","2","0","0","0","0","0","0","2","0","2","","03","","N","","","","","","","","","",""
"2021122541","0525","0","0","0","0","0","0","0","0","0","4","0","","67","12","2021","1","39.944846","-75.166982","0514","6","0","0","0","0","0","0","0","0","","0","0","0","","","1","","1","","39 56:41.445","","0","75 10:01.135","4","0","0","0","67301","0","0","0","N","0","0","0","4","67301","1","","1.0","","1","N","N","N","0","","0","0","1","","2","","","2","1","0","0","0","0","0","2","1","2","","","","N","","","","","","","","","",""
"2021103315","0143","1","0","0","0","0","0","0","0","0","4","0","","67","10","2021","5","39.95844","-75.237444","0139","6","0","0","0","0","0","0","0","0","","0","0","0","","","0","","1","","39 57:30.385","","0","75 14:14.799","0","0","0","0","67301","0","0","0","N","0","0","0","2","67301","0","","1.0","","1","N","N","N","0","","0","0","1","","2","","","2","0","0","0","0","0","0","2","0","2","","03","","N","","","","","","","","","",""
"2021104399","2242","1","0","0","0","0","0","0","0","0","3","0","","67","10","2021","6","40.003611","-75.139722","2115","6","0","0","0","0","0","0","0","0","","0","0","0","","","0","N","0","","40 00:13.000","","0","75 08:23.000","0","0","0","0","67301","0","0","0","N","0","0","0","3","67301","0","","1.0","","1","N","N","N","0","","0","0","0","","0","","","3","0","0","0","0","0","0","2","0","3","","03","","N","","","","","","","","","",""
"2021120545","0520","1","0","0","0","0","0","0","0","0","1","0","","67","12","2021","3","40.03305","-75.079915","0511","6","0","0","0","0","1","1","0","0","","0","0","0","","","1","Y","0","","40 01:58.981","","0","75 04:47.694","3","0","0","0","67301","0","0","0","N","0","0","0","3","67301","0","","1.0","","1","N","N","Y","0","","1","0","2","","2","","","3","1","0","0","0","0","1","2","0","3","","03","","N","","","","","","","","","",""
"2021116206","1506","2","0","0","0","0","0","0","0","0","5","0","","67","10","2021","7","39.967728","-75.131755","1439","6","0","0","0","0","0","0","0","0","","0","0","0","","","0","N","0","","39 58:03.822","","0","75 07:54.318","0","0","0","0","67301","0","0","0","N","0","0","0","2","68K01","0","","7.0","","1","N","N","N","0","","0","0","0","","0","","","2","0","1","0","0","0","0","2","0","2","","","","N","","","","","","","","","",""
"2021106366","1700","2","0","0","0","0","0","0","0","0","1","0","","67","11","2021","2","40.024411","-75.046205","1652","6","0","0","0","0","0","0","0","0","","0","0","0","","","0","N","0","","40 01:27.880","","0","75 02:46.337","9","0","0","0","67301","0","0","0","N","0","0","0","3","67301","0","","1.0","","1","N","N","N","0","","0","0","0","","0","","","2","0","0","0","0","0","1","2","0","2","","03","","N","","","","","","","","","",""
"2021122260","1942","0","0","0","0","0","0","0","0","0","1","0","","67","12","2021","2","40.028949","-75.089525","1936","6","0","0","0","0","0","0","0","0","","0","0","0","","","0","","1","","40 01:44.217","1","0","75 05:22.290","0","0","0","0","67301","0","0","0","N","0","0","0","2","67301","0","","1.0","1957.0","1","N","N","N","1","","0","0","1","","2","N","","2","0","0","0","0","0","0","2","0","2","","","","N","","","","","","","","","",""
"2021120955","1110","2","0","0","0","0","0","0","0","0","4","0","","67","12","2021","6","39.955022","-75.168","1043","6","0","0","0","0","0","0","0","0","","0","0","0","","","2","","1","","39 57:18.079","","0","75 10:04.799","4","0","0","0","67301","0","0","0","N","0","0","0","3","67301","2","","1.0","","1","N","N","N","0","","0","0","0","","2","","","2","2","0","0","0","0","0","2","0","2","","","","N","","","","","","","","","",""
"2021123125","1535","2","0","0","0","0","0","0","0","0","4","0","","67","12","2021","6","40.046333","-75.057668","1533","6","0","0","0","0","0","1","0","0","","0","0","0","","","1","N","0","","40 02:46.797","","7","75 03:27.603","8","0","0","0","67301","0","0","0","N","0","0","0","2","67301","0","","1.0","","1","N","N","N","0","","0","0","0","","0","","","2","1","0","0","0","1","0","2","0","2","","","","N","","","","","","","","","",""
"2021102761","2002","1","0","0","0","0","0","0","0","0","4","0","","67","10","2021","3","40.065073","-75.154896","2002","6","0","0","0","0","0","1","0","0","","0","0","0","","","0","","2","","40 03:54.262","","0","75 09:17.625","0","0","0","0","67301","0","0","0","N","0","0","0","3","67301","0","","1.0","","1","N","N","N","1","","0","0","1","","2","","","3","0","0","0","0","0","0","2","0","3","","03","","N","","","","","","","","","",""
"2021106276","0033","2","0","0","0","0","0","0","0","0","1","0","","67","10","2021","5","39.911619","-75.17239","0027","6","0","0","0","0","0","0","0","0","","0","0","0","","","2","N","0","","39 54:41.827","","0","75 10:20.604","3","0","0","0","67301","0","0","0","N","0","0","0","4","67301","0","","1.0","","1","N","N","N","0","","2","0","0","","0","","","2","2","0","0","0","0","2","2","0","2","","03","","N","","","","","","","","","",""
"2021104128","1948","0","0","0","0","0","0","0","0","0","8","0","","67","10","2021","5","40.055114","-75.157722","1948","6","0","0","0","0","0","0","0","0","","0","0","0","","","1","","1","","40 03:18.412","","0","75 09:27.798","4","0","0","0","67301","1","0","0","N","1","0","0","2","67301","1","","4.0","","1","N","N","N","0","","0","0","1","","2","","","2","1","0","0","0","0","0","2","0","1","","03","","N","","","","","","","","","",""
"2021105247","0130","1","0","0","0","0","0","0","0","0","5","0","","67","10","2021","1","39.974167","-75.204556","0127","6","0","0","0","0","0","0","0","0","","0","0","0","","","0","N","0","","39 58:27.000","4","0","75 12:16.400","9","0","0","0","67301","0","0","0","N","0","0","0","2","67301","0","","6.0","53.0","9","N","N","N","0","","0","0","2","","0","N","","3","0","0","0","0","0","1","2","0","3","","07","","N","","","","","","","","","",""
"2021105763","0846","2","0","0","0","0","0","0","0","0","4","0","","67","10","2021","1","39.939051","-75.176312","0845","6","0","0","0","0","1","0","0","0","","0","0","0","","","1","","1","","39 56:20.584","","0","75 10:34.724","3","0","0","0","67301","0","0","0","N","0","0","0","3","67301","0","","1.0","","1","N","N","N","0","","1","0","0","","2","","","2","1","3","0","0","0","0","2","0","2","","03","","N","","","","","","","","","",""
"2021122974","1811","2","0","0","0","0","0","0","0","0","5","0","","67","12","2021","2","39.982583","-75.175778","1810","6","0","0","0","0","0","0","0","0","","0","0","0","","","0","N","0","","39 58:57.300","4","0","75 10:32.800","0","0","0","0","67301","0","0","0","N","0","0","0","1","67301","0","","6.0","100.0","1","N","N","N","1","","0","0","1","","0","Y","","5","0","0","0","0","0","0","2","1","5","","03","","N","","","","","","","","","",""
"2021105196","2225","2","0","0","0","0","0","0","0","1","1","0","","67","10","2021","1","39.902142","-75.201949","2217","6","0","0","0","0","0","0","0","0","","0","0","0","","","4","N","0","","39 54:07.712","","3","75 12:07.017","2","0","0","0","67301","0","0","0","N","0","0","0","6","67301","0","","1.0","","1","N","N","N","0","","3","1","0","","0","","","2","4","0","0","0","0","1","2","0","2","","03","","N","","","","","","","","","",""
"2021104237","1045","0","0","0","0","0","0","0","0","0","5","0","","67","10","2021","7","40.062933","-75.200364","1039","6","0","0","0","0","0","0","0","0","","0","0","0","","","0","N","0","","40 03:46.560","4","0","75 12:01.310","0","0","0","0","67301","0","0","0","N","0","0","0","2","67301","0","","1.0","1128.0","1","N","N","N","0","","0","0","1","","0","N","","2","0","0","0","0","0","0","2","0","2","","03","","N","","","","","","","","","",""
"2021102509","1420","0","0","0","0","0","0","0","0","0","4","0","","67","10","2021","3","40.066786","-75.160829","1420","6","0","0","0","0","0","1","0","0","","0","0","0","","","2","","1","","40 04:00.429","","0","75 09:38.984","3","0","0","0","67301","0","0","0","N","0","0","0","3","67301","0","","1.0","","1","N","N","N","0","","2","0","2","","3","","","2","2","1","0","0","0","0","2","0","2","","04","","N","","","","","","","","","",""
"2021104778","1025","1","0","0","0","0","0","0","0","0","7","0","","67","10","2021","1","39.973983","-75.118143","1022","6","0","0","0","0","0","0","0","0","","0","0","0","","","1","N","0","","39 58:26.340","","0","75 07:05.316","3","0","0","0","67301","0","0","0","N","0","0","0","1","67301","0","","5.0","","1","N","N","N","0","","1","0","0","","0","","","1","1","0","0","0","0","0","2","0","1","","","","N","","","","","","","","","",""
"2021105715","2249","0","0","0","0","0","0","0","0","0","4","0","","67","11","2021","2","40.013545","-75.158876","2249","6","0","0","0","0","1","0","0","0","","0","0","0","","","2","","2","","40 00:48.761","4","0","75 09:31.952","4","0","0","0","67301","0","0","0","N","0","0","0","2","67301","2","","1.0","1115.0","1","N","N","N","0","","0","0","3","","0","N","","3","2","0","0","0","0","0","2","0","3","","","","N","","","","","","","","","",""
"2021107397","2017","2","0","0","0","0","0","0","0","0","1","0","","67","10","2021","4","39.899195","-75.167209","2017","6","0","0","0","0","0","0","0","0","","0","0","0","","","0","N","0","","39 53:57.102","","3","75 10:01.951","0","0","0","0","67301","0","0","0","N","0","0","0","3","68K01","0","","1.0","","1","N","N","N","0","","0","0","0","","0","","","2","0","0","0","0","0","0","2","0","2","","03","","N","","","","","","","","","",""
"2021103780","1900","1","0","0","0","0","0","0","0","0","6","0","","67","10","2021","5","40.082153","-75.038117","1857","6","0","0","0","0","0","0","0","0","","0","0","0","","","1","N","0","","40 04:55.750","","0","75 02:17.220","8","0","0","0","67301","0","0","0","N","0","0","0","3","67301","0","","1.0","","1","N","N","N","0","","0","0","1","","0","","","2","1","0","0","0","1","0","2","0","2","","03","","N","","","","","","","","","",""
"2021104380","1900","2","0","0","0","0","0","0","0","0","4","0","","67","10","2021","7","40.009009","-75.156218","1900","6","0","0","0","0","0","0","0","0","","0","0","0","","","3","","2","","40 00:32.432","","0","75 09:22.384","3","0","0","0","67301","0","0","0","N","0","0","0","4","67301","2","","1.0","","1","N","N","N","0","","1","0","0","","3","","","2","3","0","0","0","0","0","2","0","2","","04","","N","","","","","","","","","",""
"2021123296","1901","2","0","0","0","0","0","0","0","0","4","0","","67","12","2021","4","40.071076","-75.037949","1900","6","0","0","0","0","0","1","0","0","","0","0","0","","","1","","1","","40 04:15.873","","0","75 02:16.618","3","0","0","0","67301","0","0","0","N","0","0","0","2","67301","0","","1.0","","1","N","N","N","0","","1","0","0","","1","","","2","1","2","0","0","0","0","2","0","2","","03","","N","","","","","","","","","",""
"2021104467","1401","1","0","0","0","0","0","0","0","0","4","0","","67","10","2021","4","40.021294","-75.160219","1400","6","0","0","0","0","0","0","0","0","","0","0","0","","","3","","1","","40 01:16.660","","0","75 09:36.790","4","0","0","0","67301","0","0","0","N","0","0","0","4","67301","3","","1.0","","1","N","N","N","0","","0","0","1","","2","","","2","3","0","0","0","0","0","2","0","2","","04","","N","","","","","","","","","",""
"2021104735","1519","0","0","0","0","0","0","0","0","0","7","0","","67","10","2021","1","40.018224","-75.147154","1519","6","0","0","1","0","0","0","0","0","","0","0","0","","","0","","2","","40 01:05.606","","0","75 08:49.754","0","0","0","0","67301","0","0","0","N","0","0","0","2","67301","0","","4.0","","1","N","N","N","0","","0","0","1","","0","","","1","0","0","0","0","0","0","2","0","1","","03","","N","","","","","","","","","",""
"2021104625","1730","1","0","0","0","0","0","0","0","0","4","0","","67","10","2021","7","40.043746","-75.095386","1725","6","0","0","0","0","0","1","0","0","","0","0","0","","","1","","2","","40 02:37.485","","0","75 05:43.389","8","0","0","0","67301","0","0","0","N","0","0","0","2","67301","0","","1.0","","1","N","N","Y","0","","0","0","2","","3","","","3","1","0","0","0","1","1","2","0","3","","","","N","","","","","","","","","",""
"2021123300","1739","1","0","0","0","0","0","0","0","0","2","0","","67","12","2021","4","40.010296","-75.166054","1737","6","0","0","0","0","0","0","0","0","","0","0","0","","","0","N","0","","40 00:37.065","","0","75 09:57.796","0","0","0","0","67301","0","0","0","N","0","0","0","2","67301","0","","1.0","","1","N","N","N","0","","0","0","1","","0","","","2","0","2","0","0","0","0","2","0","2","","03","","N","","","","","","","","","",""
"2021122572","2335","1","0","0","0","0","0","0","0","0","7","0","","67","12","2021","7","40.056936","-75.128841","2333","6","0","0","0","0","0","0","0","0","","0","0","0","","","1","N","0","","40 03:24.969","3","0","75 07:43.829","2","0","0","0","67301","0","0","0","N","0","0","0","1","67301","0","","4.0","6.0","9","N","N","N","0","","0","1","0","","0","Y","","1","1","0","0","0","0","0","2","0","1","","07","","N","","","","","","","","","",""
"2021124434","1830","1","0","0","0","0","0","0","0","0","5","0","","67","12","2021","7","40.027886","-75.120394","1824","6","0","0","0","0","0","0","0","0","","0","0","0","","","0","N","0","","40 01:40.391","","0","75 07:13.418","9","0","0","0","67301","0","0","0","N","0","0","0","1","67301","0","","6.0","","1","N","N","N","0","","0","0","0","","0","","","2","0","0","0","0","0","1","2","0","2","","","","N","","","","","","","","","",""
"2021103195","0221","1","0","0","0","0","0","0","0","0","7","0","","67","10","2021","5","40.105161","-75.032846","0215","6","0","0","0","0","0","0","0","0","","0","0","0","","","0","","1","","40 06:18.580","","0","75 01:58.246","0","0","0","0","67301","0","0","0","N","0","0","0","2","67301","0","","4.0","","1","N","N","N","0","","0","0","0","","2","","","1","0","0","0","0","0","0","2","0","1","","03","","N","","","","","","","","","",""
"2021120949","1417","0","0","0","0","0","0","0","0","0","4","0","","67","12","2021","6","40.058127","-75.177375","1417","6","0","0","0","0","0","1","0","0","","0","0","0","","","1","","1","","40 03:29.257","6","0","75 10:38.550","3","0","0","0","67301","0","0","0","N","0","0","0","3","67301","0","","1.0","1505.0","1","N","N","Y","0","","1","0","3","","3","N","","3","1","0","0","0","0","0","2","0","3","","03","","N","","","","","","","","","",""
"2021120528","1701","2","0","0","0","0","0","0","0","0","4","0","","67","12","2021","5","40.027532","-75.134487","1701","6","0","0","0","0","0","0","0","0","","0","0","0","","","0","","1","","40 01:39.115","","0","75 08:04.153","9","0","0","0","67301","0","0","0","N","0","0","0","2","67301","0","","1.0","","1","N","N","N","0","","0","0","0","","3","","","2","0","0","0","0","0","1","2","0","2","","","","N","","","","","","","","","",""
"2021122574","0614","1","0","0","0","0","0","0","0","0","7","0","","67","12","2021","1","40.032583","-75.136939","0610","6","0","0","0","0","0","0","0","0","","0","0","0","","","1","N","0","","40 01:57.300","","0","75 08:12.980","3","0","0","0","67301","0","0","0","N","0","0","0","1","67301","0","","5.0","","1","N","N","N","0","","1","0","0","","0","","","1","1","0","0","0","0","0","2","0","1","","","","N","","","","","","","","","",""