"CRN","ARRIVAL_TM","AUTOMOBILE_COUNT","BELTED_DEATH_COUNT","BELTED_SUSP_SERIOUS_INJ_COUNT","BICYCLE_COUNT","BICYCLE_DEATH_COUNT","BICYCLE_SUSP_SERIOUS_INJ_COUNT","BUS_COUNT","CHLDPAS_DEATH_COUNT","CHLDPAS_SUSP_SERIOUS_INJ_COUNT","COLLISION_TYPE","COMM_VEH_COUNT","CONS_ZONE_SPD_LIM","COUNTY","CRASH_MONTH","CRASH_YEAR","DAY_OF_WEEK","DEC_LATITUDE","DEC_LONGITUDE","DISPATCH_TM","DISTRICT","DRIVER_COUNT_16YR","DRIVER_COUNT_17YR","DRIVER_COUNT_18YR","DRIVER_COUNT_19YR","DRIVER_COUNT_20YR","DRIVER_COUNT_50_64YR","DRIVER_COUNT_65_74YR","DRIVER_COUNT_75PLUS","EST_HRS_CLOSED","FATAL_COUNT","HEAVY_TRUCK_COUNT","HORSE_BUGGY_COUNT","HOUR_OF_DAY","ILLUMINATION","INJURY_COUNT","INTERSECTION_RELATED","INTERSECT_TYPE","LANE_CLOSED","LATITUDE","LN_CLOSE_DIR","LOCATION_TYPE","LONGITUDE","MAX_SEVERITY_LEVEL","MCYCLE_DEATH_COUNT","MCYCLE_SUSP_SERIOUS_INJ_COUNT","MOTORCYCLE_COUNT","MUNICIPALITY","NONMOTR_COUNT","NONMOTR_DEATH_COUNT","NONMOTR_SUSP_SERIOUS_INJ_COUNT","NTFY_HIWY_MAINT","PED_COUNT","PED_DEATH_COUNT","PED_SUSP_SERIOUS_INJ_COUNT","PERSON_COUNT","POLICE_AGCY","POSSIBLE_INJ_COUNT","RDWY_SURF_TYPE_CD","RELATION_TO_ROAD","ROADWAY_CLEARED","ROAD_CONDITION","SCH_BUS_IND","SCH_ZONE_IND","SECONDARY_CRASH","SMALL_TRUCK_COUNT","SPEC_JURIS_CD","SUSP_MINOR_INJ_COUNT","SUSP_SERIOUS_INJ_COUNT","SUV_COUNT","TCD_FUNC_CD","TCD_TYPE","TFC_DETOUR_IND","TIME_OF_DAY","TOTAL_UNITS","TOT_INJ_COUNT","UNBELTED_OCC_COUNT","UNB_DEATH_COUNT","UNB_SUSP_SERIOUS_INJ_COUNT","UNK_INJ_DEG_COUNT","UNK_INJ_PER_COUNT","URBAN_RURAL","VAN_COUNT","VEHICLE_COUNT","WEATHER1","WEATHER2","WORKERS_PRES","WORK_ZONE_IND","WORK_ZONE_LOC","WORK_ZONE_TYPE","WZ_CLOSE_DETOUR","WZ_FLAGGER","WZ_LAW_OFFCR_IND","WZ_LN_CLOSURE","WZ_MOVING","WZ_OTHER","WZ_SHLDER_MDN","WZ_WORKERS_INJ_KILLED"
"2021121288","0850","2","0","0","0","0","0","0","0","0","4","0","","67","12","2021","4","39.969014","-75.141695","0846","6","0","0","0","0","0","0","0","0","","0","0","0","","","1","","1","","39 58:08.450","","0","75 08:30.103","3","0","0","0","67301","0","0","0","N","0","0","0","2","67301","0","","1.0","","1","N","N","N","0","","1","0","0","","3","","","2","1","0","0","0","0","0","2","0","2","","03","","N","","","","","","","","","",""
"2021109579","1435","0","0","0","0","0","0","0","0","0","0","0","","67","10","2021","1","39.878058","-75.253915","1432","6","0","0","0","0","0","1","0","0","","0","0","0","","","1","N","0","","39 52:41.009","2","2","75 15:14.095","8","0","0","1","67301","0","0","0","N","0","0","0","1","68K01","0","","4.0","1440.0","1","N","N","N","0","","0","0","0","","0","N","","1","1","0","0","0","1","0","2","0","1","","03","","N","","","","","","","","","",""
"2021120419","2035","1","0","0","0","0","0","0","0","0","4","0","","67","12","2021","3","39.957598","-75.158638","2030","6","0","0","0","0","0","0","0","0","","0","0","0","","","0","","1","","39 57:27.351","","3","75 09:31.098","0","0","0","0","67301","0","0","0","N","0","0","0","2","67301","0","","1.0","","1","N","N","N","0","","0","0","1","","2","","","2","0","0","0","0","0","0","2","0","2","","03","","N","","","","","","","","","",""
"2021118061","0447","1","0","0","0","0","0","0","0","0","7","0","","67","10","2021","1","39.960121","-75.180596","0447","6","0","0","0","0","0","0","0","0","","0","0","0","","","1","N","0","","39 57:36.436","3","3","75 10:50.147","3","0","0","0","67301","0","0","0","N","0","0","0","1","68K01","0","","3.0","510.0","1","N","N","N","0","","1","0","0","","0","N","","1","1","0","0","0","0","0","2","0","1","","","","N","","","","","","","","","",""
"2021104384","1903","1","0","0","0","0","0","0","0","0","4","0","","67","10","2021","6","40.00827","-75.156377","1903","6","0","0","0","0","0","0","0","0","","0","0","0","","","2","","1","","40 00:29.772","","0","75 09:22.957","3","0","0","0","67301","0","0","0","N","0","0","0","3","67301","0","","1.0","","1","N","N","N","0","","2","0","0","","3","","","2","2","0","0","0","0","0","2","1","2","","04","","N","","","","","","","","","",""
"2021122665","1139","1","0","0","0","0","0","0","0","0","4","0","","67","12","2021","3","40.064226","-75.158953","1139","6","0","0","0","0","0","0","0","0","","0","0","0","","","1","","2","","40 03:51.213","5","0","75 09:32.230","2","0","0","0","67301","0","0","0","N","0","0","0","1","67301","0","","1.0","350.0","1","N","N","N","0","","0","1","1","","0","N","","2","1","0","0","0","0","0","2","0","2","","03","","N","","","","","","","","","",""
"2021123404","0720","1","0","0","0","0","0","0","0","0","1","0","","67","12","2021","4","39.932863","-75.200036","0655","6","0","0","0","0","0","1","0","0","","0","0","0","","","0","N","0","","39 55:58.306","","0","75 12:00.130","0","0","0","0","67301","0","0","0","N","0","0","0","2","68K01","0","","1.0","","1","N","N","N","0","","0","0","1","","0","","","2","0","0","0","0","0","0","2","0","2","","03","","N","","","","","","","","","",""
"2021104284","1820","2","0","0","0","0","0","0","0","0","4","0","","67","10","2021","4","40.04119","-75.225127","1810","6","0","0","0","0","0","1","0","0","","0","0","0","","","1","N","0","","40 02:28.283","","7","75 13:30.456","8","0","0","0","67301","0","0","0","N","0","0","0","4","67301","0","","1.0","","1","N","N","N","0","","0","0","0","","0","","","2","1","3","0","0","1","0","2","0","2","","03","","N","","","","","","","","","",""
"2021122992","1605","2","0","0","0","0","0","0","0","0","4","0","","67","12","2021","4","40.096795","-75.022239","1602","6","0","0","0","0","0","0","1","0","","0","0","0","","","2","","2","","40 05:48.462","","0","75 01:20.060","8","0","0","0","67301","0","0","0","N","0","0","0","3","67301","0","","1.0","","1","N","N","N","0","","0","0","1","","0","","","3","2","0","0","0","2","0","2","0","3","","03","","N","","","","","","","","","",""
"2021104719","0000","2","0","0","0","0","0","0","0","0","4","0","","67","10","2021","5","39.974728","-75.19828","2330","6","0","0","0","0","0","0","0","0","","0","0","0","","","0","","2","","39 58:29.022","","2","75 11:53.809","0","0","0","0","67301","0","0","0","N","0","0","0","3","67301","0","","1.0","","1","N","N","N","0","","0","0","0","","2","","","2","0","0","0","0","0","0","2","0","2","","03","","N","","","","","","","","","",""
"2021104685","1919","1","0","0","0","0","0","0","0","0","8","0","","67","10","2021","6","39.961269","-75.161708","1913","6","0","0","0","0","0","0","0","0","","0","0","0","","","1","N","0","","39 57:40.568","","0","75 09:42.147","3","0","0","0","67301","1","0","0","N","1","0","0","2","67301","0","","1.0","","9","N","Y","N","0","","1","0","0","","2","","","2","1","0","0","0","0","0","2","0","1","","07","","N","","","","","","","","","",""
"2021109103","1412","1","0","0","0","0","0","0","0","0","4","0","","67","10","2021","7","39.952083","-75.205584","1412","6","0","0","0","0","0","0","0","0","","0","0","0","","","0","","1","","39 57:07.498","","0","75 12:20.102","9","0","0","0","67301","0","0","0","N","0","0","0","4","67504","0","","1.0","","1","N","N","N","0","","0","0","1","","2","","","2","0","0","0","0","0","2","2","0","2","","04","","N","","","","","","","","","",""
"2021104481","0430","1","0","0","0","0","0","0","0","0","4","0","","67","10","2021","1","39.951191","-75.232791","0430","6","0","0","0","0","0","0","0","0","","0","0","0","","","1","","1","","39 57:04.287","","0","75 13:58.047","3","0","0","0","67301","0","0","0","N","0","0","0","3","67301","0","","1.0","","9","N","N","N","0","","1","0","1","","2","","","2","1","0","0","0","0","2","2","0","2","","03","","N","","","","","","","","","",""
"2021122075","1936","2","0","0","0","0","0","0","0","0","4","0","","67","12","2021","2","40.074464","-75.03495","1933","6","0","0","0","0","0","0","0","0","","0","0","0","","","1","","1","","40 04:28.071","","0","75 02:05.821","8","0","0","0","67301","0","0","0","N","0","0","0","4","67301","0","","1.0","","1","N","N","N","0","","0","0","0","","2","","","3","1","0","0","0","1","0","2","1","3","","03","","N","","","","","","","","","",""
"2021103815","1625","2","0","0","0","0","0","0","0","0","4","0","","67","10","2021","5","39.988324","-75.091068","1611","6","0","0","0","0","0","1","1","0","","0","0","0","","","0","","2","","39 59:17.967","","0","75 05:27.844","0","0","0","0","67301","0","0","0","N","0","0","0","2","67301","0","","1.0","","1","N","N","N","0","","0","0","0","","0","","","2","0","0","0","0","0","0","2","0","2","","03","","N","","","","","","","","","",""
"2021120656","0855","1","0","0","0","0","0","0","0","0","7","0","","67","12","2021","4","39.976719","-75.158369","0842","6","0","0","0","0","0","1","0","0","","0","0","0","","","0","N","0","","39 58:36.188","1","0","75 09:30.127","9","0","0","0","67301","0","0","0","N","0","0","0","1","67301","0","","3.0","935.0","1","N","N","N","0","","0","0","0","","0","N","","1","0","0","0","0","0","1","2","0","1","","","","N","","","","","","","","","",""
"2021118108","1401","1","0","0","0","0","0","0","0","0","1","0","","67","11","2021","6","40.026449","-75.027074","1354","6","0","0","0","0","0","0","0","0","","0","0","0","","","0","N","0","","40 01:35.218","","3","75 01:37.467","0","0","0","0","67301","0","0","0","N","0","0","0","4","68K01","0","","1.0","","1","N","N","N","2","","0","0","1","","0","","","4","0","0","0","0","0","0","2","0","4","","","","N","","","","","","","","","",""
"2021122976","1536","2","0","0","0","0","0","0","0","0","4","0","","67","12","2021","3","39.970586","-75.150888","1529","6","0","0","0","0","0","0","0","0","","0","0","0","","","1","","1","","39 58:14.110","","1","75 09:03.197","3","0","0","0","67301","0","0","0","N","0","0","0","2","67301","0","","1.0","","1","N","N","N","0","","1","0","0","","3","","","2","1","0","0","0","0","0","2","0","2","","","","N","","","","","","","","","",""
"2021104141","1745","0","0","0","0","0","0","0","0","0","1","0","","67","10","2021","3","40.062754","-75.05766","1730","6","0","0","0","0","0","0","0","0","","0","0","0","","","1","","1","","40 03:45.914","","0","75 03:27.576","3","0","0","0","67301","0","0","0","N","0","0","0","4","67301","0","","1.0","","9","N","N","N","0","","1","0","1","","2","","","2","1","2","0","0","0","0","2","1","2","","","","N","","","","","","","","","",""
"2021121318","1240","1","0","0","0","0","0","0","0","0","4","0","","67","12","2021","7","40.034985","-75.025756","1236","6","0","0","0","0","0","1","1","0","","0","0","0","","","2","N","0","","40 02:05.945","","7","75 01:32.720","3","0","0","0","67301","0","0","0","N","0","0","0","2","67301","0","","1.0","","9","N","N","N","1","","2","0","1","","0","","","3","2","0","0","0","0","0","2","0","3","","07","","N","","","","","","","","","",""
"2021107843","1833","0","0","0","0","0","0","0","0","0","7","0","","67","10","2021","7","39.950467","-75.192786","1829","6","0","0","0","0","0","1","0","0","","0","0","0","","","0","N","0","","39 57:01.680","","0","75 11:34.030","0","0","0","0","67301","0","0","0","N","0","0","0","1","67504","0","","4.0","","1","N","N","Y","0","","0","0","1","","0","","","1","0","0","0","0","0","0","2","0","1","","03","","N","","","","","","","","","",""
"2021115558","1250","0","0","0","1","0","0","0","0","0","8","0","","67","11","2021","7","39.99891","-75.168489","1237","6","0","0","0","0","0","0","0","0","","0","0","0","","","1","","1","","39 59:56.075","","0","75 10:06.560","3","0","0","0","67301","1","0","0","N","0","0","0","2","67301","0","","1.0","","99","N","N","N","0","","1","0","0","","2","","","2","1","0","0","0","0","0","2","0","1","","98","","N","","","","","","","","","",""
"2021123964","2055","1","0","0","0","0","0","0","0","0","8","0","","67","12","2021","1","39.924385","-75.169738","2047","6","0","0","0","0","0","0","0","0","","0","0","0","","","1","","1","","39 55:27.786","","0","75 10:11.056","3","0","0","0","67301","1","0","0","N","1","0","0","2","67301","0","","1.0","","1","N","N","N","0","","1","0","0","","2","","","2","1","0","0","0","0","0","2","0","1","","03","","N","","","","","","","","","",""
"2021122016","0228","1","0","0","0","0","0","0","0","0","6","0","","67","12","2021","7","40.008379","-75.084073","0228","6","0","0","0","0","0","0","0","0","","0","0","0","","","0","N","0","","40 00:30.164","2","0","75 05:02.661","0","0","0","0","67301","0","0","0","N","0","0","0","1","67301","0","","6.0","200.0","9","N","N","N","0","","0","0","2","","0","N","","3","0","0","0","0","0","0","2","0","3","","07","","N","","","","","","","","","",""
"2021121960","2243","1","0","0","0","0","0","0","0","0","5","0","","67","12","2021","7","40.039017","-75.008596","2230","6","0","0","0","0","0","0","0","0","","0","0","0","","","1","N","0","","40 02:20.461","","0","75 00:30.946","4","0","0","0","67301","0","0","0","N","0","0","0","3","68K01","1","","1.0","","9","N","N","N","1","","0","0","0","","0","","","2","1","0","0","0","0","0","2","0","2","","","","N","","","","","","","","","",""
"2021123447","0030","2","0","0","0","0","0","0","0","0","4","0","","67","11","2021","7","39.991898","-75.109331","2300","6","0","0","0","0","0","0","0","0","","0","0","0","","","0","","2","","39 59:30.833","","0","75 06:33.593","9","0","0","0","67301","0","0","0","N","0","0","0","2","67301","0","","1.0","","1","N","N","N","0","","0","0","0","","3","","","2","0","0","0","0","0","2","2","0","2","","98","","N","","","","","","","","","",""
"2021104882","1103","2","0","0","0","0","0","0","0","0","4","0","","67","10","2021","7","39.977768","-75.21345","1051","6","0","0","0","1","0","1","0","0","","0","0","0","","","1","","1","","39 58:39.965","3","0","75 12:48.419","3","0","0","0","67301","0","0","0","N","0","0","0","3","67301","0","","1.0","1205.0","1","N","N","N","0","","1","0","0","","2","N","","2","1","0","0","0","0","0","2","0","2","","","","N","","","","","","","","","",""
"2021104420","0234","2","0","0","0","0","0","0","0","0","1","0","","67","10","2021","1","40.043728","-75.143602","0233","6","0","0","0","0","0","0","0","0","","0","0","0","","","1","N","0","","40 02:37.420","","0","75 08:36.966","4","0","0","0","67301","0","0","0","N","0","0","0","5","67301","1","","1.0","","9","N","N","N","0","","0","0","1","","0","","","3","1","0","0","0","0","0","2","0","3","","07","","N","","","","","","","","","",""
"2021122533","0513","1","0","0","0","0","0","0","0","0","1","0","","67","12","2021","1","40.05034","-75.066862","0513","6","0","0","0","0","0","0","0","0","","0","0","0","","","0","N","0","","40 03:01.223","","0","75 04:00.704","0","0","0","0","67301","0","0","0","N","0","0","0","1","67301","0","","6.0","","1","N","N","N","0","","0","0","1","","0","","","2","0","0","0","0","0","0","2","0","2","","","","N","","","","","","","","","",""
"2021103150","1655","1","0","0","0","0","0","0","0","0","4","0","","67","10","2021","4","40.037997","-75.067987","1648","6","0","0","0","0","0","1","0","0","","0","0","0","","","1","","1","","40 02:16.788","","0","75 04:04.754","2","0","0","0","67301","0","0","0","N","0","0","0","2","67301","0","","1.0","","1","N","N","N","0","","0","1","1","","2","","","2","1","0","0","0","0","0","2","0","2","","03","","N","","","","","","","","","",""
"2021123591","2242","1","0","0","0","0","0","0","0","0","7","0","","67","12","2021","7","39.965998","-75.186547","2238","6","0","0","0","0","0","0","0","0","","0","0","0","","","0","N","0","","39 57:57.593","","0","75 11:11.570","0","0","0","0","67301","0","0","0","N","0","0","0","1","68K01","0","","2.0","","1","N","N","N","0","","0","0","0","","0","","","1","0","1","0","0","0","0","2","0","1","","","","N","","","","","","","","","",""
"2021120625","1840","2","0","0","0","0","0","0","0","0","6","0","","67","12","2021","5","39.969563","-75.163724","1834","6","0","0","0","0","0","0","0","0","","0","0","0","","","1","N","0","","39 58:10.426","","0","75 09:49.407","3","0","0","0","67301","0","0","0","N","0","0","0","2","67301","0","","6.0","","1","N","N","N","0","","1","0","0","","0","","","2","1","0","0","0","0","0","2","0","2","","03","","N","","","","","","","","","",""
"2021122619","1950","1","0","0","0","0","0","0","0","0","4","0","","67","12","2021","2","40.026822","-75.11729","1950","6","0","0","0","0","0","1","1","0","","0","0","0","","","0","","1","","40 01:36.559","","0","75 07:02.243","9","0","0","0","67301","0","0","0","N","0","0","0","3","67301","0","","1.0","","99","N","N","N","0","","0","0","1","","2","","","2","0","3","0","0","0","3","2","0","2","","","","N","","","","","","","","","",""
"2021104127","1710","0","0","0","0","0","0","0","0","0","4","0","","67","10","2021","5","40.048462","-75.181386","1705","6","0","0","0","0","0","1","0","0","","0","0","0","","","1","","1","","40 02:54.463","3","0","75 10:52.989","3","0","0","0","67301","0","0","0","N","0","0","0","2","67301","0","","1.0","1735.0","1","N","N","N","0","","1","0","2","","3","N","","2","1","0","0","0","0","0","2","0","2","","03","","N","","","","","","","","","",""
"2021121417","1820","2","0","0","0","0","0","0","0","0","4","0","","67","12","2021","7","39.991086","-75.156907","1815","6","0","0","0","0","0","0","0","0","","0","0","0","","","0","","1","","39 59:27.909","","0","75 09:24.865","0","0","0","0","67301","0","0","0","N","0","0","0","2","67301","0","","1.0","","9","N","N","N","0","","0","0","0","","2","","","2","0","0","0","0","0","0","2","0","2","","07","","N","","","","","","","","","",""
"2021104954","1029","1","0","0","0","0","0","0","0","0","7","0","","67","6","2021","6","40.014518","-75.131119","1029","6","0","0","0","0","0","0","0","0","","0","0","0","","","0","","5","","40 00:52.264","","0","75 07:52.028","0","0","0","0","67301","0","0","0","N","0","0","0","1","67301","0","","5.0","","1","N","N","N","0","","0","0","0","","2","","","2","0","0","0","0","0","0","2","0","1","","03","","N","","","","","","","","","",""
"2021106066","2313","0","0","0","0","0","0","0","0","0","7","0","","67","10","2021","2","39.978597","-75.202918","2312","6","0","0","0","0","0","0","0","0","","0","0","0","","","0","N","0","","39 58:42.950","3","0","75 12:10.505","0","0","0","0","67301","0","0","0","N","0","0","0","1","68K01","0","","4.0","2330.0","9","N","N","N","0","","0","0","1","","0","N","","1","0","0","0","0","0","0","2","0","1","","07","","N","","","","","","","","","",""
"2021106038","1620","1","0","0","0","0","0","0","0","0","5","1","","67","10","2021","6","40.043385","-75.002847","1609","6","0","0","0","0","0","1","0","0","","0","1","0","","","1","N","0","","40 02:36.186","1","0","75 00:10.250","3","0","0","0","67301","0","0","0","N","0","0","0","3","68K01","0","","1.0","1650.0","1","N","N","N","0","","1","0","1","","0","N","","3","1","0","0","0","0","0","2","0","3","","03","","N","","","","","","","","","",""
"2021107126","1639","1","0","0","0","0","0","0","0","0","8","0","","67","11","2021","6","40.020505","-75.095014","1634","6","0","0","0","0","0","0","0","0","","0","0","0","","","1","N","0","","40 01:13.818","","0","75 05:42.052","3","0","0","0","67301","1","0","0","N","1","0","0","2","67301","0","","1.0","","1","N","Y","N","0","","1","0","0","","0","","","2","1","0","0","0","0","0","2","0","1","","","","N","","","","","","","","","",""
"2021104248","1916","1","0","0","0","0","0","0","0","0","5","1","","67","10","2021","5","39.98936","-75.180055","1916","6","0","0","0","0","0","0","0","0","","0","1","0","","","0","N","0","","39 59:21.697","4","0","75 10:48.198","0","0","0","0","67301","0","0","0","N","0","0","0","1","67301","0","","6.0","2000.0","1","N","N","N","0","","0","0","0","","0","Y","","2","0","0","0","0","0","0","2","0","2","","04","","N","","","","","","","","","",""
"2021105739","2039","0","0","0","0","0","0","0","0","0","1","1","","67","11","2021","3","40.044519","-75.169511","2034","6","0","0","0","0","0","0","0","0","","0","1","0","","","1","N","0","","40 02:40.270","","0","75 10:10.240","3","0","0","0","67301","0","0","0","N","0","0","0","1","67301","0","","6.0","","1","N","N","N","0","","1","0","1","","0","","","2","1","0","0","0","0","0","2","0","2","","03","","N","","","","","","","","","",""
"2021053140","1225","1","0","0","0","0","0","0","0","0","1","0","","67","5","2021","7","39.992614","-75.244898","1225","6","0","0","0","0","0","1","0","0","","0","0","0","","","1","N","0","","39 59:33.409","2","0","75 14:41.632","3","0","0","0","67301","0","0","0","N","0","0","0","2","46104","0","","1.0","30.0","9","N","N","N","0","","1","0","1","","0","N","","2","1","0","0","0","0","0","2","0","2","","","","N","","","","","","","","","",""
"2021106710","1406","1","0","0","0","0","0","0","0","0","8","0","","67","11","2021","5","40.018024","-75.155028","1403","6","0","0","0","1","0","0","0","0","","0","0","0","","","1","","2","","40 01:04.885","","0","75 09:18.101","8","0","0","0","67301","1","0","0","N","1","0","0","2","67301","0","","1.0","","1","N","N","N","0","","0","0","0","","2","","","2","1","1","0","0","1","0","2","0","1","","03","","N","","","","","","","","","",""
"2021101372","2350","1","0","0","0","0","0","1","0","0","4","1","","67","10","2021","4","39.960957","-75.141364","2340","6","0","0","0","0","0","0","0","0","","0","0","0","","","1","","1","","39 57:39.445","6","0","75 08:28.910","8","0","0","0","67301","0","0","0","N","0","0","0","3","67508","0","","1.0","9999.0","1","N","N","Y","0","","0","0","0","","3","N","","2","1","0","0","0","1","1","2","0","2","","03","","N","","","","","","","","","",""
"2021105217","1650","0","0","0","0","0","0","0","0","0","8","1","","67","10","2021","7","40.028541","-75.08536","1643","6","0","0","0","0","0","0","0","0","","0","1","0","","","1","","1","","40 01:42.749","","0","75 05:07.295","3","0","0","0","67301","1","0","0","N","1","0","0","2","67301","0","","1.0","","1","N","N","N","0","","1","0","0","","2","","","2","1","0","0","0","0","0","2","0","1","","03","","N","","","","","","","","","",""
"2021105989","0425","0","0","0","0","0","0","0","0","0","7","0","","67","10","2021","7","39.926778","-75.194808","0419","6","0","0","0","0","0","0","0","0","","0","0","0","","","0","N","0","","39 55:36.401","4","0","75 11:41.308","0","0","0","0","67301","0","0","0","N","0","0","0","2","68K01","0","","4.0","500.0","1","N","N","N","0","","0","0","1","","0","N","","1","0","0","0","0","0","0","2","0","1","","","","N","","","","","","","","","",""
"2021106155","1119","1","0","0","0","0","0","0","0","0","4","0","","67","10","2021","7","40.049762","-74.994633","1100","6","0","1","0","0","0","0","1","0","","0","0","0","","","0","N","0","","40 02:59.144","2","0","74 59:40.680","0","0","0","0","67301","0","0","0","N","0","0","0","2","68K01","0","","1.0","1125.0","1","N","N","N","1","","0","0","0","","0","N","","2","0","0","0","0","0","0","2","0","2","","","","N","","","","","","","","","",""
"2021104288","0215","0","0","0","0","0","0","0","0","0","8","0","","67","8","2021","2","39.998028","-75.115736","0200","6","0","0","0","0","0","0","0","0","","0","0","0","","","1","N","0","","39 59:52.900","","0","75 06:56.650","3","0","0","0","67301","1","0","0","N","1","0","0","2","67301","0","","2.0","","9","N","N","N","0","","1","0","0","","0","","","2","1","0","0","0","0","1","2","0","1","","04","","N","","","","","","","","","",""
"2021104827","1355","2","0","0","0","0","0","0","0","0","5","0","","67","3","2021","4","39.999642","-75.146497","1355","6","0","0","0","0","0","0","0","0","","0","0","0","","","1","N","0","","39 59:58.710","","0","75 08:47.390","3","0","0","0","67301","0","0","0","N","0","0","0","1","67301","0","","6.0","","1","N","N","N","0","","1","0","0","","0","","","2","1","0","0","0","0","0","2","0","2","","03","","N","","","","","","","","","",""
"2021106662","2348","0","0","0","0","0","0","0","0","0","4","1","","67","10","2021","2","39.967263","-75.132459","2338","6","0","0","0","0","0","0","0","0","","0","1","0","","","1","N","0","","39 58:02.148","1","0","75 07:56.851","3","0","0","0","67301","0","0","0","N","0","0","0","2","68K01","0","","2.0","15.0","9","N","N","N","0","","1","0","1","","0","N","","2","1","1","0","0","0","0","2","0","2","","","","N","","","","","","","","","",""
"2021070488","1615","3","0","0","0","0","0","0","0","0","4","0","","67","7","2021","1","39.994976","-75.170977","1610","6","0","0","0","0","1","0","0","0","","0","0","0","","","0","","1","","39 59:41.913","","0","75 10:15.517","0","0","0","0","67301","0","0","0","N","0","0","0","2","67301","0","","1.0","","1","N","N","N","0","","0","0","0","","3","","","3","0","0","0","0","0","0","2","0","3","","","","N","","","","","","","","","",""
"2021104976","1738","0","0","0","0","0","0","0","0","0","8","0","","67","10","2021","1","39.930933","-75.181594","1737","6","0","0","0","0","0","0","0","0","","0","0","0","","","1","N","0","","39 55:51.360","","0","75 10:53.740","3","0","0","0","67301","1","0","0","N","1","0","0","2","67301","0","","1.0","","1","N","N","N","0","","1","0","0","","2","","","2","1","0","0","0","0","1","2","0","1","","03","","N","","","","","","","","","",""
"2021106897","1929","0","0","0","0","0","0","0","0","0","7","0","","67","10","2021","2","39.969859","-75.125582","1919","6","0","0","0","0","0","0","1","0","","0","0","0","","","1","N","0","","39 58:11.491","1","0","75 07:32.094","3","0","0","0","67301","0","0","0","Y","0","0","0","1","68K01","0","","4.0","2000.0","1","N","N","N","0","","1","0","1","","0","N","","1","1","0","0","0","0","0","2","0","1","","","","N","","","","","","","","","",""
"2021105920","0743","1","0","0","0","0","0","0","0","0","5","3","45","67","9","2021","4","40.020518","-75.042736","0743","6","0","0","0","0","0","1","0","0","","1","3","0","","","3","N","0","","40 01:13.865","1","0","75 02:33.849","1","0","0","0","67301","1","1","0","N","1","1","0","6","68K01","0","1","2.0","1300.0","1","N","N","N","0","0","2","0","1","","0","N","","6","3","0","0","0","1","0","2","0","5","","03","Y","Y","4","1","","","N","Y","","","Y","N"
"2021106556","1655","0","0","0","0","0","0","2","0","0","1","2","","67","10","2021","6","39.989651","-75.107345","1645","6","0","0","0","0","0","1","0","0","","0","0","0","","","1","","1","","39 59:22.742","4","0","75 06:26.442","4","0","0","0","67301","0","0","0","N","0","0","0","3","67508","1","","1.0","9999.0","1","N","N","Y","0","","0","0","1","","2","N","","3","1","0","0","0","0","0","2","0","3","","03","","N","","","","","","","","","",""
"2021105796","0715","1","0","0","0","0","0","0","0","0","7","0","","67","11","2021","4","40.001585","-75.152798","0713","6","0","0","0","0","0","0","0","0","","0","0","0","","","0","","1","","40 00:05.705","1","0","75 09:10.074","9","0","0","0","67301","0","0","0","N","0","0","0","1","67505","0","","3.0","930.0","1","N","N","N","0","","0","0","0","","2","N","","1","0","0","0","0","0","1","2","0","1","","03","","N","","","","","","","","","",""
"2021104116","0515","1","0","0","0","0","0","0","0","0","2","0","","67","10","2021","4","39.999027","-75.133244","0513","6","0","0","0","0","0","0","0","0","","1","0","0","","","0","","1","","39 59:56.498","","0","75 07:59.680","1","1","0","1","67301","0","0","0","N","0","0","0","2","67301","0","2","1.0","","9","N","N","N","0","0","0","0","0","","2","","","2","0","0","0","0","0","0","2","0","2","","03","","N","","","","","","","","","",""
"2021106908","2252","1","0","0","0","0","0","0","0","0","7","0","","67","10","2021","2","39.982838","-75.207867","2250","6","0","0","0","0","0","0","0","0","","0","0","0","","","0","N","0","","39 58:58.217","4","0","75 12:28.322","0","0","0","0","67301","0","0","0","N","0","0","0","2","68K01","0","","3.0","2308.0","9","N","N","N","0","","0","0","0","","0","N","","1","0","0","0","0","0","0","2","0","1","","","","N","","","","","","","","","",""
"2021106705","1105","0","0","0","0","0","0","1","0","0","5","2","40","67","11","2021","3","40.019389","-75.163262","1019","6","0","0","0","0","0","0","0","0","","0","1","0","","","0","N","0","","40 01:09.800","1","3","75 09:47.742","0","0","0","0","67301","0","0","0","N","0","0","0","2","67301","0","","1.0","1300.0","1","N","N","N","0","","0","0","0","","0","Y","","2","0","0","0","0","0","0","2","0","2","","","Y","Y","4","1","N","N","N","N","N","Y","N","N"
"2021106633","0724","1","0","0","0","0","0","0","0","0","7","0","","67","10","2021","2","39.956899","-75.141437","0718","6","0","0","0","0","0","0","0","0","","0","0","0","","","1","N","0","","39 57:24.838","","0","75 08:29.173","3","0","0","0","67301","0","0","0","N","0","0","0","1","68K01","0","","4.0","","1","N","N","N","0","","1","0","0","","0","","","1","1","0","0","0","0","0","2","0","1","","","","N","","","","","","","","","",""
"2021107767","1947","0","0","0","0","0","0","0","0","0","7","0","","67","10","2021","7","39.995469","-75.09314","1944","6","0","0","0","0","0","1","0","0","","0","0","0","","","1","N","0","","39 59:43.689","2","0","75 05:35.304","3","0","0","0","67301","0","0","0","N","0","0","0","1","67301","0","","9.0","2045.0","1","N","N","N","1","","1","0","0","","0","Y","","1","1","0","0","0","0","0","2","0","1","","03","","N","","","","","","","","","",""