"CRN","ARRIVAL_TM","AUTOMOBILE_COUNT","BELTED_DEATH_COUNT","BELTED_SUSP_SERIOUS_INJ_COUNT","BICYCLE_COUNT","BICYCLE_DEATH_COUNT","BICYCLE_SUSP_SERIOUS_INJ_COUNT","BUS_COUNT","CHLDPAS_DEATH_COUNT","CHLDPAS_SUSP_SERIOUS_INJ_COUNT","COLLISION_TYPE","COMM_VEH_COUNT","CONS_ZONE_SPD_LIM","COUNTY","CRASH_MONTH","CRASH_YEAR","DAY_OF_WEEK","DEC_LATITUDE","DEC_LONGITUDE","DISPATCH_TM","DISTRICT","DRIVER_COUNT_16YR","DRIVER_COUNT_17YR","DRIVER_COUNT_18YR","DRIVER_COUNT_19YR","DRIVER_COUNT_20YR","DRIVER_COUNT_50_64YR","DRIVER_COUNT_65_74YR","DRIVER_COUNT_75PLUS","EST_HRS_CLOSED","FATAL_COUNT","HEAVY_TRUCK_COUNT","HORSE_BUGGY_COUNT","HOUR_OF_DAY","ILLUMINATION","INJURY_COUNT","INTERSECTION_RELATED","INTERSECT_TYPE","LANE_CLOSED","LATITUDE","LN_CLOSE_DIR","LOCATION_TYPE","LONGITUDE","MAX_SEVERITY_LEVEL","MCYCLE_DEATH_COUNT","MCYCLE_SUSP_SERIOUS_INJ_COUNT","MOTORCYCLE_COUNT","MUNICIPALITY","NONMOTR_COUNT","NONMOTR_DEATH_COUNT","NONMOTR_SUSP_SERIOUS_INJ_COUNT","NTFY_HIWY_MAINT","PED_COUNT","PED_DEATH_COUNT","PED_SUSP_SERIOUS_INJ_COUNT","PERSON_COUNT","POLICE_AGCY","POSSIBLE_INJ_COUNT","RDWY_SURF_TYPE_CD","RELATION_TO_ROAD","ROADWAY_CLEARED","ROAD_CONDITION","SCH_BUS_IND","SCH_ZONE_IND","SECONDARY_CRASH","SMALL_TRUCK_COUNT","SPEC_JURIS_CD","SUSP_MINOR_INJ_COUNT","SUSP_SERIOUS_INJ_COUNT","SUV_COUNT","TCD_FUNC_CD","TCD_TYPE","TFC_DETOUR_IND","TIME_OF_DAY","TOTAL_UNITS","TOT_INJ_COUNT","UNBELTED_OCC_COUNT","UNB_DEATH_COUNT","UNB_SUSP_SERIOUS_INJ_COUNT","UNK_INJ_DEG_COUNT","UNK_INJ_PER_COUNT","URBAN_RURAL","VAN_COUNT","VEHICLE_COUNT","WEATHER1","WEATHER2","WORKERS_PRES","WORK_ZONE_IND","WORK_ZONE_LOC","WORK_ZONE_TYPE","WZ_CLOSE_DETOUR","WZ_FLAGGER","WZ_LAW_OFFCR_IND","WZ_LN_CLOSURE","WZ_MOVING","WZ_OTHER","WZ_SHLDER_MDN","WZ_WORKERS_INJ_KILLED"
"2021105968","0124","1","0","0","0","0","0","0","0","0","1","0","","67","10","2021","2","39.981276","-75.102346","0115","6","0","0","0","0","0","0","1","0","","0","0","0","","","0","N","0","","39 58:52.594","1","0","75 06:08.445","0","0","0","0","67301","0","0","0","N","0","0","0","3","68K01","0","","1.0","131.0","1","N","N","N","0","","0","0","2","","0","N","","3","0","0","0","0","0","0","2","0","3","","","","N","","","","","","","","","",""
"2021106165","0149","1","0","0","0","0","0","0","0","0","5","0","","67","10","2021","1","39.95977","-75.177971","0141","6","0","0","0","0","0","0","0","0","","0","0","0","","","0","N","0","","39 57:35.173","3","0","75 10:40.697","0","0","0","0","67301","0","0","0","N","0","0","0","3","68K01","0","","1.0","215.0","9","N","N","N","0","","0","0","1","","0","N","","2","0","0","0","0","0","0","2","0","2","","07","","N","","","","","","","","","",""
"2021106663","0451","1","0","0","0","0","0","0","0","0","7","0","","67","10","2021","3","40.047333","-75.00007","0443","6","0","0","0","0","0","0","0","0","","0","0","0","","","0","N","0","","40 02:50.400","","0","75 00:00.252","0","0","0","0","67301","0","0","0","Y","0","0","0","1","68K01","0","","5.0","","9","N","N","N","0","","0","0","0","","0","","","1","0","0","0","0","0","0","2","0","1","","","","N","","","","","","","","","",""
"2021104884","0904","1","0","0","0","0","0","0","0","0","4","1","","67","10","2021","5","40.057135","-75.128985","0902","6","0","0","0","0","0","0","0","0","","0","1","0","","","2","","1","","40 03:25.687","","0","75 07:44.345","8","0","0","0","67301","0","0","0","N","0","0","0","3","67301","0","","1.0","","1","N","N","N","0","","0","0","0","","2","","","3","2","0","0","0","2","1","2","1","3","","03","","N","","","","","","","","","",""
"2021104571","1620","1","0","0","0","0","0","0","0","0","1","0","","67","10","2021","7","39.971787","-75.1593","1618","6","0","0","0","1","0","0","0","0","","0","0","0","","","1","N","0","","39 58:18.432","","0","75 09:33.480","3","0","0","0","67301","0","0","0","N","0","0","0","2","67301","0","","1.0","","1","N","N","N","0","","1","0","1","","0","","","2","1","0","0","0","0","1","2","0","2","","03","","N","","","","","","","","","",""
"2021106001","1656","2","0","0","0","0","0","0","0","0","4","0","","67","10","2021","2","39.943644","-75.142706","1647","6","0","0","0","0","0","0","0","0","","0","0","0","","","1","N","0","","39 56:37.117","1","0","75 08:33.742","8","0","0","0","67301","0","0","0","N","0","0","0","3","68K01","0","","1.0","1745.0","1","N","N","N","1","","0","0","0","","0","N","","3","1","0","0","0","1","0","2","0","3","","","","N","","","","","","","","","",""
"2021105944","1334","1","0","0","0","0","0","0","0","0","1","0","","67","9","2021","5","39.89305","-75.228628","1325","6","0","0","0","0","0","1","0","0","","0","0","0","","","2","N","0","","39 53:34.981","","0","75 13:43.062","3","0","0","0","67301","0","0","0","N","0","0","0","2","68K01","0","","1.0","","1","N","N","N","0","","2","0","1","","0","","","2","2","0","0","0","0","0","2","0","2","","03","","N","","","","","","","","","",""
"2021105228","1900","0","0","0","0","0","0","0","0","0","8","0","","67","10","2021","6","40.013178","-75.070421","1900","6","0","0","0","0","0","1","0","0","","0","0","0","","","1","","1","","40 00:47.439","","0","75 04:13.514","3","0","0","0","67301","1","0","0","N","1","0","0","2","67301","0","","1.0","","9","N","N","N","0","","1","0","1","","2","","","2","1","0","0","0","0","0","2","0","1","","04","","N","","","","","","","","","",""
"2021106907","2150","1","0","0","0","0","0","0","0","0","1","0","","67","10","2021","2","39.960094","-75.179627","2150","6","0","0","0","0","0","0","0","0","","0","0","0","","","0","N","0","","39 57:36.340","","0","75 10:46.658","0","0","0","0","67301","0","0","0","N","0","0","0","3","68K01","0","","1.0","","9","N","N","Y","0","","0","0","1","","0","","","2","0","1","0","0","0","0","2","0","2","","","","N","","","","","","","","","",""
"2021105207","1558","1","0","0","0","0","0","0","0","0","4","0","","67","11","2021","2","39.945139","-75.150044","1547","6","0","0","0","0","0","0","0","0","","0","0","0","","","1","","1","","39 56:42.500","4","0","75 09:00.158","3","0","0","0","67301","0","0","0","N","0","0","0","2","67301","0","","1.0","1810.0","1","N","N","N","0","","1","0","0","","2","Y","","2","1","0","0","0","0","0","2","1","2","","03","","N","","","","","","","","","",""
"2021105317","0430","1","0","0","0","0","0","0","0","0","4","1","","67","11","2021","2","40.006922","-75.068388","0027","6","0","0","0","0","0","1","0","0","","0","1","0","","","4","","2","","40 00:24.918","6","2","75 04:06.198","2","0","0","0","67301","0","0","0","N","0","0","0","4","67301","0","","1.0","651.0","1","N","N","N","0","","2","2","0","","0","Y","","2","4","0","0","0","0","0","2","0","2","","03","","N","","","","","","","","","",""
"2021070555","1634","1","0","0","0","0","0","0","0","0","4","0","","67","7","2021","2","40.002292","-75.171061","1633","6","0","0","0","0","0","0","0","0","","0","0","0","","","2","","1","","40 00:08.251","","0","75 10:15.819","2","0","0","0","67301","0","0","0","N","0","0","0","2","67301","0","","3.0","","1","N","N","N","0","","0","2","1","","3","","","2","2","0","0","0","0","0","2","0","2","","","","N","","","","","","","","","",""
"2021104169","0844","2","0","0","0","0","0","0","0","0","1","0","","67","10","2021","4","39.968172","-75.130271","0827","6","0","0","0","0","0","0","0","0","","0","0","0","","","1","N","0","","39 58:05.418","","0","75 07:48.975","8","0","0","0","67301","0","0","0","N","0","0","0","3","68K01","0","","1.0","","1","N","N","N","0","","0","0","0","","8","","","2","1","0","0","0","1","0","2","0","2","","03","","N","","","","","","","","","",""
"2021106083","1452","0","0","0","0","0","0","0","0","0","1","0","","67","10","2021","4","39.957101","-75.156756","1427","6","0","0","0","0","0","1","0","0","","0","0","0","","","0","N","0","","39 57:25.564","","0","75 09:24.321","0","0","0","0","67301","0","0","0","N","0","0","0","2","68K01","0","","1.0","","1","N","N","N","0","","0","0","2","","0","","","2","0","0","0","0","0","0","2","0","2","","","","N","","","","","","","","","",""
"2021105072","1231","1","0","0","0","0","0","0","0","0","1","1","","67","10","2021","7","40.014533","-75.055478","1211","6","0","0","0","0","0","0","1","0","","0","1","0","","","2","N","0","","40 00:52.319","","0","75 03:19.719","4","0","0","0","67301","0","0","0","N","0","0","0","3","68K01","2","","1.0","","1","N","N","N","0","","0","0","0","","0","","","2","2","0","0","0","0","0","2","0","2","","03","","N","","","","","","","","","",""
"2021106278","1300","1","0","0","0","0","0","0","0","0","1","0","","67","11","2021","3","40.080562","-75.02879","1236","6","0","0","0","0","0","1","0","0","","0","0","0","","","1","N","0","","40 04:50.024","","0","75 01:43.643","3","0","0","0","67301","0","0","0","N","0","0","0","1","67301","0","","1.0","","1","N","N","N","0","","1","0","0","","2","U","","2","1","0","0","0","0","0","2","0","2","","04","","N","","","","","","","","","",""
"2021104817","0852","4","0","0","0","0","0","0","0","0","5","0","","67","10","2021","1","39.956293","-75.207551","0852","6","0","0","0","0","0","0","0","0","","0","1","0","","","0","N","0","","39 57:22.653","","0","75 12:27.182","0","0","0","0","67301","0","0","0","N","0","0","0","0","67301","0","","1.0","","1","N","N","N","0","","0","0","1","","0","","","6","0","0","0","0","0","0","2","0","6","","03","","N","","","","","","","","","",""
"2021106612","0820","0","0","0","0","0","0","1","0","0","3","2","","67","10","2021","5","39.972564","-75.123993","0800","6","0","0","0","0","0","0","0","0","","0","1","0","","","1","","2","","39 58:21.229","","2","75 07:26.373","8","0","0","0","67301","0","0","0","N","0","0","0","1","67508","0","","1.0","","1","N","N","Y","0","","0","0","0","","0","","","2","1","0","0","0","1","0","2","0","2","","03","","N","","","","","","","","","",""
"2021105229","1843","1","0","0","0","0","0","0","0","0","8","0","","67","10","2021","1","40.036587","-75.053594","1831","6","0","0","0","0","0","0","0","0","","0","0","0","","","1","","1","","40 02:11.713","","0","75 03:12.938","3","0","0","0","67301","1","0","0","N","1","0","0","1","67301","0","","1.0","","1","N","N","N","0","","1","0","0","","3","","","2","1","0","0","0","0","0","2","0","1","","03","","N","","","","","","","","","",""
"2021105924","0649","1","0","0","0","0","0","0","0","0","7","0","","67","9","2021","6","39.960822","-75.1816","0634","6","0","0","0","0","0","0","0","0","","0","0","0","","","0","N","0","","39 57:38.958","4","0","75 10:53.760","9","0","0","0","67301","0","0","0","Y","0","0","0","1","68K01","0","","4.0","10.0","9","N","N","N","0","","0","0","0","","0","Y","","1","0","0","0","0","0","1","2","0","1","","04","","N","","","","","","","","","",""
"2021104495","0058","1","0","0","0","0","0","0","0","0","8","0","","67","10","2021","6","40.009832","-75.166871","0053","6","0","0","0","0","0","0","0","0","","1","0","0","","","0","","1","","40 00:35.396","","0","75 10:00.737","1","0","0","0","67301","1","1","0","N","1","1","0","2","67301","0","2","9.0","","9","N","N","N","0","0","0","0","0","","2","","","2","0","0","0","0","0","1","2","0","1","","07","","N","","","","","","","","","",""
"2021106635","1137","1","0","0","0","0","0","0","0","0","5","0","","67","10","2021","4","40.054918","-74.985171","1128","6","0","0","0","0","0","1","0","0","","0","0","0","","","1","N","0","","40 03:17.705","2","0","74 59:06.615","8","0","0","0","67301","0","0","0","N","0","0","0","3","68K01","0","","1.0","1200.0","1","N","N","N","1","","0","0","0","","0","N","","3","1","0","0","0","1","1","2","0","3","","","","N","","","","","","","","","",""
"2021105967","0035","2","0","0","0","0","0","0","0","0","5","0","","67","10","2021","2","39.968602","-75.191406","0024","6","0","0","0","0","0","0","0","0","","0","0","0","","","2","N","0","","39 58:06.968","3","0","75 11:29.062","3","0","0","0","67301","0","0","0","N","0","0","0","2","68K01","1","","1.0","110.0","1","N","N","N","0","","1","0","0","","0","N","","2","2","0","0","0","0","0","2","0","2","","","","N","","","","","","","","","",""
"2021061260","1447","1","0","0","0","0","0","0","0","0","1","0","","67","6","2021","6","39.989383","-75.251783","1444","6","0","0","0","0","0","0","0","1","","0","0","0","","","0","Y","0","","39 59:21.778","","0","75 15:06.419","0","0","0","0","67301","0","0","0","N","0","0","0","2","46104","0","","1.0","","1","N","N","N","0","","0","0","1","","2","","","2","0","0","0","0","0","0","2","0","2","","","","N","","","","","","","","","",""
"2021105615","1540","1","0","0","0","0","0","0","0","0","1","0","","67","11","2021","2","39.992828","-75.146356","1540","6","0","0","0","0","0","0","0","0","","0","0","0","","","1","N","0","","39 59:34.181","","0","75 08:46.881","3","0","0","0","67301","0","0","0","N","0","0","0","1","67301","0","","1.0","","1","N","N","N","0","","1","0","0","","0","","","2","1","0","0","0","0","0","2","0","2","","04","","N","","","","","","","","","",""
"2021106049","0128","1","0","0","0","0","0","0","0","0","1","0","","67","10","2021","1","39.92602","-75.194273","0123","6","0","0","0","0","0","1","0","0","","0","0","0","","","2","N","0","","39 55:33.671","3","0","75 11:39.383","3","0","0","0","67301","0","0","0","N","0","0","0","4","68K01","0","","1.0","205.0","1","N","N","N","0","","2","0","1","","0","N","","2","2","0","0","0","0","0","2","0","2","","03","","N","","","","","","","","","",""
"2021103674","2027","2","0","0","0","0","0","0","0","0","1","1","","67","10","2021","2","40.031866","-75.063836","2026","6","0","0","0","1","0","0","0","0","","0","1","0","","","1","","2","","40 01:54.716","","0","75 03:49.809","3","0","0","0","67301","0","0","0","N","0","0","0","2","67301","0","","1.0","","9","N","N","N","0","","1","0","0","","0","","","3","1","0","0","0","0","0","2","0","3","","","","N","","","","","","","","","",""
"2021105764","1525","1","0","0","0","0","0","0","0","0","4","1","","67","11","2021","3","39.990048","-75.087699","1519","6","0","0","0","0","0","0","0","0","","1","1","0","","","0","N","0","","39 59:24.171","2","0","75 05:15.715","1","0","0","0","67301","0","0","0","N","0","0","0","1","67301","0","2","6.0","1715.0","9","N","N","N","0","0","0","0","0","","0","N","","2","0","0","0","0","0","0","2","0","2","","04","","N","","","","","","","","","",""
"2021104759","0058","1","0","0","0","0","0","0","0","0","4","0","","67","10","2021","1","39.903766","-75.17382","0046","6","0","0","0","0","0","1","0","0","","0","0","0","","","2","N","0","","39 54:13.558","1","0","75 10:25.751","8","0","0","0","67301","0","0","0","N","0","0","0","2","67301","0","","1.0","300.0","1","N","N","N","0","","0","0","1","","2","N","","2","2","0","0","0","2","0","2","0","2","","03","","N","","","","","","","","","",""
"2021106642","0903","0","0","0","0","0","0","0","0","0","7","0","","67","10","2021","6","39.968382","-75.129556","0855","6","0","0","0","0","0","1","0","0","","0","0","0","","","1","N","7","","39 58:06.174","1","2","75 07:46.403","8","0","0","0","67301","0","0","0","Y","0","0","0","1","68K01","0","","4.0","930.0","1","N","N","N","0","","0","0","1","","0","N","","1","1","0","0","0","1","0","2","0","1","","","","N","","","","","","","","","",""
"2021104395","0026","1","0","0","0","0","0","0","0","0","5","0","","67","10","2021","7","39.934183","-75.192703","0019","6","0","0","0","0","0","0","0","0","","0","0","0","","","1","N","0","","39 56:03.060","2","0","75 11:33.730","3","0","0","0","67301","0","0","0","N","0","0","0","1","67301","0","","6.0","100.0","9","N","N","N","0","","1","0","3","","0","Y","","4","1","0","0","0","0","0","2","0","4","","07","","N","","","","","","","","","",""
"2021104826","0831","0","0","0","0","0","0","0","0","0","4","0","","67","11","2021","2","40.041619","-75.080094","0829","6","0","0","0","0","0","0","0","0","","0","0","0","","","1","N","0","","40 02:29.830","","0","75 04:48.340","3","0","0","0","67301","0","0","0","N","0","0","0","2","67301","0","","1.0","","1","N","N","N","0","","1","0","2","","0","","","2","1","0","0","0","0","0","2","0","2","","03","","N","","","","","","","","","",""
"2021106638","0650","1","0","0","0","0","0","0","0","0","1","1","","67","10","2021","5","39.993187","-75.200275","0645","6","0","0","0","0","0","2","0","0","","0","1","0","","","3","N","0","","39 59:35.472","","0","75 12:00.990","4","0","0","0","67301","0","0","0","N","0","0","0","5","68K01","2","","1.0","","1","N","N","N","0","","0","0","1","","0","","","3","3","0","0","0","1","0","2","0","3","","","","N","","","","","","","","","",""
"2021104703","0327","1","0","0","0","0","0","0","0","0","7","0","","67","10","2021","1","40.026419","-75.068704","0327","6","0","0","0","0","0","0","0","0","","0","0","0","","","2","N","0","","40 01:35.110","","0","75 04:07.336","3","0","0","0","67301","0","0","0","N","0","0","0","2","67301","0","","5.0","","9","N","N","N","0","","2","0","0","","0","U","","1","2","0","0","0","0","0","2","0","1","","07","","N","","","","","","","","","",""
"2021106206","1657","1","0","0","0","0","0","0","0","0","1","0","","67","11","2021","2","39.986241","-75.092063","1639","6","0","0","0","0","0","1","1","0","","0","0","0","","","0","N","0","","39 59:10.466","","0","75 05:31.428","0","0","0","0","67301","0","0","0","N","0","0","0","2","68K01","0","","1.0","","1","N","N","N","0","","0","0","1","0","0","","","2","0","1","0","0","0","0","2","0","2","","03","","N","","","","","","","","","",""
"2021106258","1640","1","0","0","0","0","0","0","0","0","4","0","","67","11","2021","4","39.987616","-75.178948","1628","6","0","0","0","0","0","0","0","0","","0","1","0","","","0","","1","","39 59:15.417","2","0","75 10:44.212","0","0","0","0","67301","0","0","0","N","0","0","0","4","67301","0","","1.0","1700.0","1","N","N","N","0","","0","0","0","3","2","N","","2","0","0","0","0","0","0","2","0","2","","03","","N","","","","","","","","","",""
"2021104570","0756","1","0","0","0","0","0","0","0","0","7","0","","67","10","2021","1","39.970472","-75.193336","0755","6","0","0","0","0","0","0","1","0","","0","0","0","","","1","N","0","","39 58:13.700","","0","75 11:36.010","2","0","0","0","67301","0","0","0","N","0","0","0","1","67301","0","","5.0","","9","N","N","N","0","","0","1","0","0","0","","","1","1","0","0","0","0","0","2","0","1","","04","","N","","","","","","","","","",""
"2021104025","1915","3","0","0","0","0","0","0","0","0","1","0","","67","10","2021","6","40.065436","-75.02507","1915","6","0","1","0","0","0","0","0","1","","0","0","0","","","0","N","0","","40 03:55.568","","0","75 01:30.253","0","0","0","0","67301","0","0","0","N","0","0","0","3","67301","0","","1.0","","9","N","N","N","0","","0","0","0","0","0","","","3","0","0","0","0","0","0","2","0","3","","07","","N","","","","","","","","","",""
"2021108105","0650","0","0","0","0","0","0","0","0","0","5","1","","67","10","2021","6","39.92794","-75.146366","0639","6","0","0","0","0","0","0","0","0","","0","1","0","","","0","N","0","","39 55:40.585","","0","75 08:46.918","0","0","0","0","67301","0","0","0","Y","0","0","0","1","68K01","0","","2.0","","1","N","N","N","0","","0","0","0","0","0","","","1","0","0","0","0","0","0","2","0","1","","","","N","","","","","","","","","",""
"2021105077","1937","0","0","0","0","0","0","0","0","0","1","0","","67","10","2021","2","39.899429","-75.16531","1937","6","0","1","0","0","0","0","0","0","","0","0","0","","","0","N","0","","39 53:57.946","2","0","75 09:55.117","0","0","0","0","67301","0","0","0","N","0","0","0","5","68K01","0","","1.0","2020.0","1","N","N","N","1","","0","0","1","0","0","N","","2","0","0","0","0","0","0","2","0","2","","03","","N","","","","","","","","","",""
"2021106727","0750","2","0","0","0","0","0","0","0","0","4","0","","67","11","2021","4","40.053919","-75.236058","0747","6","0","0","0","0","0","0","0","0","","0","0","0","","","0","N","0","","40 03:14.107","","7","75 14:09.807","0","0","0","0","67301","0","0","0","N","0","0","0","4","67301","0","","1.0","","1","N","N","N","0","","0","0","0","0","0","","","2","0","0","0","0","0","0","2","0","2","","03","","N","","","","","","","","","",""
"2021106916","2111","1","0","0","0","0","0","0","0","0","7","0","","67","10","2021","6","39.946586","-75.142385","2058","6","0","0","1","0","0","0","0","0","","0","0","0","","","2","N","0","","39 56:47.708","2","0","75 08:32.586","3","0","0","0","67301","0","0","0","N","0","0","0","3","68K01","1","","4.0","2111.0","9","N","N","N","0","","1","0","0","0","0","N","","1","2","0","0","0","0","0","2","0","1","","","","N","","","","","","","","","",""
"2021104482","0240","1","0","0","0","0","0","0","0","0","7","0","","67","10","2021","6","40.000169","-75.190536","0236","6","0","0","0","0","0","0","0","0","","0","0","0","","","1","N","0","","40 00:00.610","5","0","75 11:25.930","3","0","0","0","67301","0","0","0","N","0","0","0","1","67301","0","","2.0","400.0","1","N","N","N","0","","1","0","0","3","1","N","","1","1","0","0","0","0","0","2","0","1","","03","","N","","","","","","","","","",""
"2021105902","0949","1","0","0","0","0","0","0","0","0","5","0","","67","11","2021","4","40.046122","-75.162394","0949","6","0","0","0","0","0","0","0","0","","0","0","0","","","0","N","0","","40 02:46.040","","0","75 09:44.620","9","0","0","0","67301","0","0","0","N","0","0","0","1","67301","0","","1.0","","1","N","N","N","1","","0","0","1","0","0","","","3","0","0","0","0","0","1","2","0","3","","03","","N","","","","","","","","","",""
"2021108688","0841","1","0","0","0","0","0","0","0","0","1","0","","67","11","2021","4","39.943816","-75.192159","0759","6","0","0","0","0","0","0","0","0","","0","0","0","","","1","N","7","","39 56:37.738","","2","75 11:31.773","3","0","0","0","67301","0","0","0","N","0","0","0","2","68K01","0","","1.0","","1","N","N","N","0","","1","0","1","0","0","","","2","1","0","0","0","0","0","2","0","2","","03","","N","","","","","","","","","",""
"2021108828","1239","2","0","0","0","0","0","0","0","0","4","0","","67","11","2021","3","40.029662","-75.126692","1239","6","0","0","0","1","0","0","0","0","","0","0","0","","","0","","1","","40 01:46.783","","0","75 07:36.091","9","0","0","0","67301","0","0","0","N","0","0","0","2","67301","0","","1.0","","1","N","N","N","0","","0","0","1","3","3","","","3","0","2","0","0","0","2","2","0","3","","03","","N","","","","","","","","","",""
"2021108519","2000","1","0","0","0","0","0","0","0","0","8","0","","67","11","2021","2","40.036706","-75.040848","1755","6","0","0","0","1","0","0","0","0","","0","0","0","","","1","","1","","40 02:12.142","","0","75 02:27.052","3","0","0","0","67301","1","0","0","N","1","0","0","3","67301","0","","1.0","","1","N","N","N","0","","1","0","0","3","2","","","2","1","2","0","0","0","0","2","0","1","","","","N","","","","","","","","","",""
"2021106011","1810","2","0","0","0","0","0","0","0","0","1","0","","67","10","2021","3","39.887271","-75.215913","1757","6","0","0","0","0","1","0","0","0","","0","0","0","","","3","N","0","","39 53:14.176","1","0","75 12:57.285","8","0","0","0","67301","1","0","0","N","1","0","0","3","68K01","0","","2.0","1845.0","1","N","N","N","0","","0","0","0","0","0","N","","3","3","0","0","0","3","0","2","0","2","","","","N","","","","","","","","","",""
"2021105216","1601","0","0","0","0","0","0","0","0","0","1","0","","67","10","2021","6","40.028694","-75.034035","1601","6","0","0","0","0","0","0","1","0","","0","0","0","","","2","N","0","","40 01:43.299","3","0","75 02:02.526","3","0","0","0","67301","0","0","0","N","0","0","0","4","67301","0","","1.0","1620.0","9","N","N","N","0","","2","0","3","3","2","N","","3","2","0","0","0","0","0","2","0","3","","","","N","","","","","","","","","",""
"2021104024","1150","1","0","0","0","0","0","0","0","0","5","0","","67","10","2021","6","40.075448","-74.979381","1148","6","0","0","0","1","0","0","0","0","","0","0","0","","","0","N","0","","40 04:31.611","","0","74 58:45.772","9","0","0","0","67301","0","0","0","N","0","0","0","1","67301","0","","1.0","","1","N","N","N","0","","0","0","1","0","0","","","2","0","0","0","0","0","1","2","0","2","","04","","N","","","","","","","","","",""
"2021108906","1655","0","0","0","0","0","0","0","0","0","5","1","","67","11","2021","3","40.100605","-74.988255","1649","6","0","0","0","0","0","0","0","0","","0","1","0","","","0","N","0","","40 06:02.177","3","0","74 59:17.718","0","0","0","0","67301","0","0","0","N","0","0","0","3","67301","0","","1.0","2000.0","1","N","N","N","1","","0","0","0","0","0","N","","2","0","0","0","0","0","0","2","0","2","","03","","N","","","","","","","","","",""
"2021107199","0326","0","0","0","0","0","0","0","0","0","2","0","","67","11","2021","7","39.970559","-75.14996","0323","6","0","0","0","0","0","0","0","0","","0","0","0","","","1","","1","","39 58:14.012","","0","75 08:59.857","3","0","0","0","67301","0","0","0","N","0","0","0","2","67301","0","","1.0","","1","N","N","N","0","","1","0","2","3","2","","","2","1","0","0","0","0","0","2","0","2","","03","","N","","","","","","","","","",""
"2021104965","1105","1","0","0","0","0","0","0","0","0","4","1","","67","11","2021","2","40.035496","-75.178766","1101","6","0","0","0","0","0","0","1","0","","0","1","0","","","1","","1","","40 02:07.785","3","0","75 10:43.557","3","0","0","0","67301","0","0","0","N","0","0","0","2","67301","0","","1.0","15.0","1","N","N","N","0","","1","0","0","3","2","Y","","2","1","0","0","0","0","0","2","0","2","","03","","N","","","","","","","","","",""
"2021104466","1355","1","0","0","0","0","0","1","0","0","4","1","","67","10","2021","3","39.968453","-75.235363","1349","6","0","0","0","0","0","2","0","0","","0","0","0","","","1","","5","","39 58:06.431","","0","75 14:07.306","4","0","0","0","67301","0","0","0","N","0","0","0","2","67508","1","","1.0","","1","N","N","Y","0","","0","0","1","3","2","","","3","1","0","0","0","0","0","2","0","3","","03","","N","","","","","","","","","",""
"2021082344","1330","2","0","0","0","0","0","0","0","0","4","0","","67","9","2021","4","39.974964","-75.151608","1328","6","0","0","0","0","0","0","0","0","","0","0","0","","","0","N","2","","39 58:29.870","2","0","75 09:05.788","0","0","0","0","67301","0","0","0","N","0","0","0","2","67505","0","","1.0","1433.0","1","N","N","N","0","","0","0","0","3","2","Y","","2","0","1","0","0","0","0","2","0","2","","03","","N","","","","","","","","","",""
"2021106010","1750","0","0","0","0","0","0","0","0","0","1","0","","67","10","2021","3","40.049012","-74.996765","1701","6","0","0","0","0","0","1","1","0","","0","0","0","","","2","N","0","","40 02:56.444","","0","74 59:48.353","8","0","0","0","67301","0","0","0","N","0","0","0","3","68K01","0","","1.0","","1","N","N","N","0","","0","0","3","0","0","","","3","2","0","0","0","2","0","2","0","3","","03","","N","","","","","","","","","",""
"2021104452","0037","2","0","0","0","0","0","0","0","0","4","0","","67","10","2021","7","40.038726","-75.144668","0036","6","0","0","0","0","0","0","0","1","","0","0","0","","","0","","1","","40 02:19.413","","0","75 08:40.805","9","0","0","0","67301","0","0","0","N","0","0","0","6","67301","0","","1.0","","9","N","N","N","0","","0","0","0","3","2","U","","2","0","0","0","0","0","1","2","0","2","","07","","N","","","","","","","","","",""
"2021104952","1638","1","0","0","0","0","0","0","0","0","8","0","","67","10","2021","2","39.996295","-75.185362","1623","6","0","0","0","0","0","0","0","0","","1","0","0","","","0","","1","","39 59:46.663","","0","75 11:07.303","1","0","0","0","67301","1","1","0","N","1","1","0","2","67301","0","2","1.0","","1","N","N","N","0","0","0","0","0","3","2","","","2","0","0","0","0","0","0","2","0","1","","03","","N","","","","","","","","","",""
"2021105765","2154","1","0","0","0","0","0","0","0","0","8","0","","67","11","2021","2","39.991193","-75.132897","2149","6","0","0","0","0","0","0","0","0","","1","0","0","","","0","","1","","39 59:28.296","6","0","75 07:58.428","1","0","0","0","67301","1","1","0","N","1","1","0","2","67301","0","2","3.0","130.0","1","N","N","N","0","0","0","0","0","3","2","Y","","2","0","0","0","0","0","0","2","0","1","","03","","N","","","","","","","","","",""
"2021106075","0711","2","0","0","0","0","0","0","0","0","1","0","","67","10","2021","4","39.898761","-75.169947","0653","6","0","0","0","0","0","1","0","0","","0","0","0","","","0","N","0","","39 53:55.541","","0","75 10:11.809","0","0","0","0","67301","0","0","0","N","0","0","0","4","68K01","0","","1.0","","9","N","N","N","0","","0","0","2","0","0","","","4","0","0","0","0","0","0","2","0","4","","03","","N","","","","","","","","","",""
"2021106351","0228","1","0","0","0","0","0","0","0","0","7","0","","67","11","2021","5","40.090998","-75.046929","0222","6","0","0","0","0","0","0","0","0","","0","0","0","","","0","N","0","","40 05:27.593","","0","75 02:48.943","0","0","0","0","67301","0","0","0","N","0","0","0","1","67301","0","","5.0","","1","N","N","N","0","","0","0","0","0","0","","","1","0","0","0","0","0","0","2","0","1","","","","N","","","","","","","","","",""