"CRN","ARRIVAL_TM","AUTOMOBILE_COUNT","BELTED_DEATH_COUNT","BELTED_SUSP_SERIOUS_INJ_COUNT","BICYCLE_COUNT","BICYCLE_DEATH_COUNT","BICYCLE_SUSP_SERIOUS_INJ_COUNT","BUS_COUNT","CHLDPAS_DEATH_COUNT","CHLDPAS_SUSP_SERIOUS_INJ_COUNT","COLLISION_TYPE","COMM_VEH_COUNT","CONS_ZONE_SPD_LIM","COUNTY","CRASH_MONTH","CRASH_YEAR","DAY_OF_WEEK","DEC_LATITUDE","DEC_LONGITUDE","DISPATCH_TM","DISTRICT","DRIVER_COUNT_16YR","DRIVER_COUNT_17YR","DRIVER_COUNT_18YR","DRIVER_COUNT_19YR","DRIVER_COUNT_20YR","DRIVER_COUNT_50_64YR","DRIVER_COUNT_65_74YR","DRIVER_COUNT_75PLUS","EST_HRS_CLOSED","FATAL_COUNT","HEAVY_TRUCK_COUNT","HORSE_BUGGY_COUNT","HOUR_OF_DAY","ILLUMINATION","INJURY_COUNT","INTERSECTION_RELATED","INTERSECT_TYPE","LANE_CLOSED","LATITUDE","LN_CLOSE_DIR","LOCATION_TYPE","LONGITUDE","MAX_SEVERITY_LEVEL","MCYCLE_DEATH_COUNT","MCYCLE_SUSP_SERIOUS_INJ_COUNT","MOTORCYCLE_COUNT","MUNICIPALITY","NONMOTR_COUNT","NONMOTR_DEATH_COUNT","NONMOTR_SUSP_SERIOUS_INJ_COUNT","NTFY_HIWY_MAINT","PED_COUNT","PED_DEATH_COUNT","PED_SUSP_SERIOUS_INJ_COUNT","PERSON_COUNT","POLICE_AGCY","POSSIBLE_INJ_COUNT","RDWY_SURF_TYPE_CD","RELATION_TO_ROAD","ROADWAY_CLEARED","ROAD_CONDITION","SCH_BUS_IND","SCH_ZONE_IND","SECONDARY_CRASH","SMALL_TRUCK_COUNT","SPEC_JURIS_CD","SUSP_MINOR_INJ_COUNT","SUSP_SERIOUS_INJ_COUNT","SUV_COUNT","TCD_FUNC_CD","TCD_TYPE","TFC_DETOUR_IND","TIME_OF_DAY","TOTAL_UNITS","TOT_INJ_COUNT","UNBELTED_OCC_COUNT","UNB_DEATH_COUNT","UNB_SUSP_SERIOUS_INJ_COUNT","UNK_INJ_DEG_COUNT","UNK_INJ_PER_COUNT","URBAN_RURAL","VAN_COUNT","VEHICLE_COUNT","WEATHER1","WEATHER2","WORKERS_PRES","WORK_ZONE_IND","WORK_ZONE_LOC","WORK_ZONE_TYPE","WZ_CLOSE_DETOUR","WZ_FLAGGER","WZ_LAW_OFFCR_IND","WZ_LN_CLOSURE","WZ_MOVING","WZ_OTHER","WZ_SHLDER_MDN","WZ_WORKERS_INJ_KILLED"
"2021105970","0659","2","0","0","0","0","0","0","0","0","1","0","","67","10","2021","3","39.992719","-75.08547","0646","6","0","0","0","1","0","0","0","0","","0","0","0","","","0","N","0","","39 59:33.787","2","0","75 05:07.692","0","0","0","0","67301","0","0","0","N","0","0","0","3","68K01","0","","1.0","730.0","1","N","N","N","0","","0","0","1","0","0","N","","3","0","0","0","0","0","0","2","0","3","","03","","N","","","","","","","","","",""
"2021106145","0437","1","0","0","0","0","0","0","0","0","7","0","","67","10","2021","7","39.983927","-75.208157","0432","6","0","0","0","0","0","0","0","0","","0","0","0","","","0","N","0","","39 59:02.136","4","0","75 12:29.364","0","0","0","0","67301","0","0","0","N","0","0","0","1","68K01","0","","4.0","445.0","9","N","N","N","0","","0","0","0","0","0","N","","1","0","0","0","0","0","0","2","0","1","","07","","N","","","","","","","","","",""
"2021123314","2310","4","0","0","0","0","0","0","0","0","1","0","","67","10","2021","7","39.926652","-75.194849","2259","6","0","0","0","0","0","1","0","0","","0","0","0","","","0","N","0","","39 55:35.948","3","0","75 11:41.458","9","0","0","0","67301","0","0","0","N","0","0","0","4","68K01","0","","1.0","15.0","1","N","N","N","0","","0","0","0","0","0","N","","4","0","0","0","0","0","1","2","0","4","","","","N","","","","","","","","","",""
"2021111068","2141","1","0","0","0","0","0","0","0","0","7","0","","67","11","2021","1","39.992905","-75.154688","2138","6","0","0","0","0","0","1","0","0","","0","0","0","","","1","N","0","","39 59:34.457","","0","75 09:16.878","8","0","0","0","67301","0","0","0","N","0","0","0","1","67301","0","","3.0","","9","N","N","N","0","","0","0","0","0","0","","","1","1","0","0","0","1","0","2","0","1","","07","","N","","","","","","","","","",""
"2021110874","0445","0","0","0","0","0","0","0","0","0","4","0","","67","10","2021","1","39.989911","-75.184382","0428","6","0","0","0","0","0","0","0","0","","0","0","0","","","3","","1","","39 59:23.678","7","0","75 11:03.775","8","0","0","0","67301","0","0","0","N","0","0","0","3","67301","0","","1.0","600.0","1","N","N","N","0","","0","0","2","3","2","Y","","2","3","0","0","0","3","0","2","0","2","","03","","N","","","","","","","","","",""
"2021122718","0924","0","0","0","0","0","0","0","0","0","5","0","","67","12","2021","1","39.945684","-75.189936","0908","6","0","0","0","0","0","1","0","0","","0","0","0","","","1","N","0","","39 56:44.462","","0","75 11:23.770","8","0","0","0","67301","0","0","0","N","0","0","0","2","68K01","0","","1.0","","1","N","N","N","0","","0","0","1","0","0","","","2","1","0","0","0","1","1","2","0","2","","","","N","","","","","","","","","",""
"2021110647","1647","2","0","0","0","0","0","0","0","0","4","0","","67","11","2021","2","39.960012","-75.165292","1647","6","0","0","0","0","0","0","0","0","","0","0","0","","","1","","1","","39 57:36.042","","0","75 09:55.050","3","0","0","0","67301","0","0","0","N","0","0","0","2","67301","0","","1.0","","1","N","N","N","0","","1","0","0","3","2","","","2","1","0","0","0","0","0","2","0","2","","03","","N","","","","","","","","","",""
"2021078589","0215","1","0","0","0","0","0","0","0","0","4","0","","67","8","2021","1","40.016994","-75.188321","0209","6","0","0","0","0","0","0","0","0","","0","0","0","","","3","","1","","40 01:01.180","","0","75 11:17.957","3","0","0","0","67301","0","0","0","N","0","0","0","4","67301","1","","1.0","","9","N","N","N","0","","1","0","1","3","2","","","2","3","2","0","0","1","1","2","0","2","","07","","N","","","","","","","","","",""
"2021070553","0145","1","0","0","0","0","0","0","0","0","0","0","","67","7","2021","1","40.006834","-75.193271","0143","6","0","0","0","0","0","0","0","0","","0","0","0","","","0","N","0","","40 00:24.603","","3","75 11:35.775","0","0","0","0","67301","0","0","0","N","0","0","0","1","67301","0","","1.0","","1","N","N","N","0","","0","0","0","0","0","","","1","0","0","0","0","0","0","2","0","1","","03","","N","","","","","","","","","",""
"2021102915","1936","1","0","0","0","0","0","0","0","0","7","0","","67","7","2021","1","39.923413","-75.147353","1930","6","0","0","0","1","0","0","0","0","","0","0","0","","","0","N","0","","39 55:24.285","1","0","75 08:50.472","0","0","0","0","67301","0","0","0","N","0","0","0","1","68K01","0","","2.0","2010.0","1","N","N","N","0","","0","0","0","0","0","N","","1","0","0","0","0","0","0","2","0","1","","","","N","","","","","","","","","",""
"2021112977","2307","0","0","0","0","0","0","0","0","0","8","0","","67","11","2021","5","39.936328","-75.218931","2306","6","0","0","0","0","0","0","0","0","","0","0","0","","","1","N","0","","39 56:10.780","","0","75 13:08.150","3","0","0","0","67301","1","0","0","N","1","0","0","1","67301","0","","1.0","","9","N","N","N","0","","1","0","0","3","2","","","2","1","0","0","0","0","0","2","0","1","","07","","N","","","","","","","","","",""
"2021112498","1551","0","0","0","0","0","0","0","0","0","1","0","","67","10","2021","5","39.957358","-75.157989","1523","6","0","0","0","0","0","1","0","0","","0","0","0","","","0","N","0","","39 57:26.489","","0","75 09:28.759","0","0","0","0","67301","0","0","0","N","0","0","0","2","68K01","0","","1.0","","1","N","N","N","0","","0","0","2","0","0","","","2","0","0","0","0","0","0","2","0","2","","03","","N","","","","","","","","","",""
"2021110815","0850","0","0","0","0","0","0","0","0","0","4","0","","67","11","2021","6","40.037262","-75.089398","0840","6","0","0","0","1","0","0","0","0","","0","0","0","","","1","","1","","40 02:14.142","","0","75 05:21.833","3","0","0","0","67301","0","0","0","N","0","0","0","2","67301","0","","1.0","","9","N","N","N","0","","1","0","2","3","3","","","2","1","0","0","0","0","0","2","0","2","","07","","N","","","","","","","","","",""
"2021111805","2145","1","0","0","0","0","0","1","0","0","4","1","","67","11","2021","4","39.977768","-75.21345","2140","6","0","0","0","0","0","1","0","0","","0","0","0","","","1","","1","","39 58:39.965","","0","75 12:48.419","8","0","0","0","67301","0","0","0","N","0","0","0","2","67508","0","","1.0","","1","N","N","Y","0","","0","0","0","3","2","","","2","1","0","0","0","1","0","2","0","2","","03","","N","","","","","","","","","",""
"2021110711","2138","0","0","0","0","0","0","0","0","0","8","0","","67","9","2021","3","39.993561","-75.118769","2135","6","0","0","0","0","0","1","0","0","","0","0","0","","","1","N","0","","39 59:36.820","","0","75 07:07.570","3","0","0","0","67301","1","0","0","N","1","0","0","2","67301","0","","1.0","","1","N","N","N","1","","1","0","0","3","2","","","2","1","0","0","0","0","0","2","0","1","","03","","N","","","","","","","","","",""
"2021110432","2345","0","0","0","0","0","0","0","0","0","1","0","","67","10","2021","6","39.984627","-75.098268","2335","6","0","0","0","0","0","0","0","0","","0","0","0","","","0","N","0","","39 59:04.656","","0","75 05:53.766","9","0","0","0","67301","0","0","0","N","0","0","0","1","67301","0","","6.0","","1","N","N","N","0","","0","0","2","0","0","","","2","0","0","0","0","0","1","2","0","2","","03","","N","","","","","","","","","",""
"2021121597","1414","1","0","0","0","0","0","1","0","0","5","1","","67","12","2021","4","40.056269","-75.149467","1414","6","0","0","0","0","0","0","0","0","","0","0","0","","","4","N","0","","40 03:22.570","","0","75 08:58.080","8","0","0","0","67301","0","0","0","N","0","0","0","5","67301","0","","1.0","","1","N","N","N","0","","0","0","0","3","2","","","2","4","0","0","0","4","1","2","0","2","","03","","N","","","","","","","","","",""
"2021082481","1825","2","0","0","0","0","0","0","0","0","4","0","","67","8","2021","1","39.953365","-75.216148","1822","6","0","0","0","0","0","1","0","0","","0","0","0","","","2","","1","","39 57:12.114","","0","75 12:58.132","3","0","0","0","67301","0","0","0","N","0","0","0","3","67301","0","","1.0","","1","N","N","N","0","","2","0","1","2","2","","","3","2","2","0","0","0","0","2","0","3","","03","","N","","","","","","","","","",""
"2021079152","0157","4","0","0","0","0","0","0","0","0","5","0","","67","8","2021","1","40.059977","-75.137867","0155","6","0","0","0","0","0","0","0","0","","0","0","0","","","0","N","0","","40 03:35.918","","0","75 08:16.322","0","0","0","0","67301","0","0","0","N","0","0","0","1","67301","0","","6.0","","9","N","N","N","0","","0","0","2","0","0","","","6","0","0","0","0","0","0","2","0","6","","07","","N","","","","","","","","","",""
"2021110231","1022","0","0","0","0","0","0","0","0","0","5","0","","67","11","2021","7","40.029872","-75.162342","1018","6","0","0","0","0","0","0","0","0","","0","0","0","","","0","N","0","","40 01:47.540","","0","75 09:44.430","0","0","0","0","67301","0","0","0","N","0","0","0","0","67301","0","","1.0","","99","N","N","N","0","","0","0","2","0","0","","","2","0","0","0","0","0","0","2","0","2","","98","","N","","","","","","","","","",""
"2021110787","0305","0","0","0","0","0","0","0","0","0","1","0","","67","11","2021","2","40.004206","-75.082289","0305","6","0","0","0","0","0","0","0","0","","0","0","0","","","0","N","0","","40 00:15.140","","0","75 04:56.240","0","0","0","0","67301","0","0","0","N","0","0","0","0","67301","0","","6.0","","1","N","N","N","1","","0","0","1","0","0","","","2","0","0","0","0","0","0","2","0","2","","","","N","","","","","","","","","",""
"2021112698","1141","1","0","0","0","0","0","0","0","0","7","0","","67","11","2021","5","39.95022","-75.224895","1141","6","0","0","0","0","0","0","0","0","","0","0","0","","","0","","1","","39 57:00.791","7","0","75 13:29.621","9","0","0","0","67301","0","0","0","N","0","0","0","3","67301","0","","5.0","1250.0","1","N","N","Y","0","","0","0","0","3","3","Y","","1","0","0","0","0","0","3","2","0","1","","03","","N","","","","","","","","","",""
"2021110211","2345","3","0","0","0","0","0","0","0","0","2","0","","67","11","2021","6","40.016213","-75.154019","2331","6","0","0","0","0","0","0","0","0","","0","0","0","","","2","N","0","","40 00:58.365","1","0","75 09:14.469","3","0","0","0","67301","0","0","0","N","0","0","0","3","67301","0","","1.0","45.0","9","N","N","N","0","","2","0","1","0","0","Y","","4","2","0","0","0","0","1","2","0","4","","03","","N","","","","","","","","","",""
"2021078416","1637","0","0","0","0","0","0","0","0","0","4","0","","67","8","2021","6","40.031922","-75.162919","1637","6","0","0","0","0","0","0","0","1","","0","0","0","","","1","","1","","40 01:54.919","","0","75 09:46.508","4","0","0","0","67301","0","0","0","N","0","0","0","2","67301","1","","1.0","","1","N","N","N","0","","0","0","1","3","3","","","2","1","0","0","0","0","0","2","0","2","","03","","N","","","","","","","","","",""
"2021067373","1440","1","0","0","0","0","0","0","0","0","1","0","","67","7","2021","5","40.056973","-75.128729","1431","6","0","0","0","0","1","2","0","0","","0","0","0","","","1","Y","0","","40 03:25.102","4","0","75 07:43.426","8","0","0","0","67301","0","0","0","N","0","0","0","5","46102","0","","1.0","1445.0","1","N","N","N","0","","0","0","2","3","2","N","","4","1","0","0","0","1","0","2","1","4","","","","N","","","","","","","","","",""
"2021110528","1746","0","0","0","0","0","0","0","0","0","8","1","","67","11","2021","6","39.950971","-75.177318","1736","6","0","0","0","0","0","0","0","0","","0","1","0","","","1","","1","","39 57:03.495","4","0","75 10:38.343","4","0","0","0","67301","1","0","0","N","1","0","0","2","67301","1","","1.0","1645.0","1","N","N","N","0","","0","0","0","3","2","N","","2","1","0","0","0","0","0","2","0","1","","","","N","","","","","","","","","",""
"2021110531","0130","2","0","0","0","0","0","0","0","0","1","0","","67","10","2021","1","39.928146","-75.196248","0128","6","0","0","0","0","0","0","0","0","","0","0","0","","","2","N","0","","39 55:41.325","3","0","75 11:46.491","3","0","0","0","67301","0","0","0","N","0","0","0","2","68K01","1","","1.0","215.0","1","N","N","N","0","","1","0","0","0","0","N","","2","2","0","0","0","0","0","2","0","2","","","","N","","","","","","","","","",""
"2021110713","1740","1","0","0","0","0","0","0","0","0","4","0","","67","9","2021","1","39.987893","-75.123459","1740","6","0","0","0","0","0","0","0","0","","0","0","0","","","0","","1","","39 59:16.416","","0","75 07:24.452","0","0","0","0","67301","0","0","0","N","0","0","0","1","67301","0","","1.0","","1","N","N","N","1","","0","0","0","3","2","","","2","0","0","0","0","0","0","2","0","2","","03","","N","","","","","","","","","",""
"2021087341","0205","2","0","0","0","0","0","0","0","0","6","0","","67","8","2021","6","39.994833","-75.148778","0200","6","0","0","0","0","0","0","0","0","","0","0","0","","","0","N","0","","39 59:41.400","","0","75 08:55.600","0","0","0","0","67301","0","0","0","N","0","0","0","1","67301","0","","6.0","","1","N","N","N","0","","0","0","1","0","0","","","3","0","0","0","0","0","0","2","0","3","","","","N","","","","","","","","","",""
"2021123065","2019","2","0","0","0","0","0","0","0","0","2","0","","67","12","2021","2","40.031236","-75.044652","1958","6","0","0","0","0","0","0","0","0","","0","0","0","","","3","","1","","40 01:52.449","","0","75 02:40.748","8","0","0","0","67301","0","0","0","N","0","0","0","3","67301","0","","1.0","","1","N","N","N","0","","0","0","0","3","3","","","2","3","0","0","0","3","0","2","0","2","","","","N","","","","","","","","","",""
"2021110508","1320","4","0","0","0","0","0","0","0","0","4","0","","67","11","2021","7","39.993148","-75.172993","1310","6","0","0","0","0","0","0","0","0","","0","0","0","","","0","","1","","39 59:35.332","1","0","75 10:22.774","9","0","0","0","67301","0","0","0","N","0","0","0","2","67301","0","","1.0","1400.0","1","N","N","N","0","","0","0","0","3","3","Y","","5","0","1","0","0","0","1","2","0","5","","04","","N","","","","","","","","","",""
"2021104304","1211","0","0","0","0","0","0","0","0","0","8","0","","67","7","2021","2","39.994517","-75.134204","1206","6","0","0","0","0","0","0","0","0","","0","0","0","","","1","","1","","39 59:40.261","","0","75 08:03.134","8","0","0","0","67301","1","0","0","N","1","0","0","2","67301","0","","1.0","","1","N","N","N","1","","0","0","0","3","2","","","2","1","0","0","0","1","0","2","0","1","","03","","N","","","","","","","","","",""
"2021112584","2333","0","0","0","0","0","0","0","0","0","4","0","","67","9","2021","7","40.036992","-75.07981","2330","6","0","0","0","0","0","0","0","0","","0","0","0","","","1","","1","","40 02:13.172","5","0","75 04:47.317","2","0","1","1","67301","0","0","0","N","0","0","0","2","67301","0","","1.0","200.0","1","N","N","N","0","","0","1","0","3","2","Y","","2","1","0","0","0","0","0","2","0","2","","","","N","","","","","","","","","",""
"2021112583","0422","0","0","0","0","0","0","0","0","0","8","0","","67","9","2021","7","40.060517","-75.057232","0416","6","0","0","0","0","0","0","0","0","","0","0","0","","","1","","1","","40 03:37.862","","0","75 03:26.035","2","0","0","0","67301","1","0","1","N","1","0","1","1","67301","0","","1.0","","1","N","N","N","0","","0","1","0","0","0","","","2","1","0","0","0","0","0","2","0","1","","03","","N","","","","","","","","","",""
"2021081229","1800","1","0","0","0","0","0","0","0","0","4","0","","67","8","2021","5","40.047081","-75.163182","1751","6","0","0","0","0","0","0","0","0","","0","0","0","","","3","","1","","40 02:49.491","6","0","75 09:47.455","3","0","0","0","67301","0","0","0","N","0","0","0","4","67301","0","","1.0","1900.0","1","N","N","N","0","","3","0","1","3","2","Y","","2","3","0","0","0","0","1","2","0","2","","03","","N","","","","","","","","","",""
"2021110254","1245","1","0","0","0","0","0","0","0","0","1","0","","67","11","2021","6","39.949125","-75.212238","1235","6","0","0","0","0","0","1","0","0","","0","0","0","","","1","","2","","39 56:56.850","","0","75 12:44.055","4","0","0","0","67301","0","0","0","N","0","0","0","1","67301","1","","1.0","","9","N","N","N","0","","0","0","1","9","9","","","2","1","0","0","0","0","0","2","0","2","","03","","N","","","","","","","","","",""
"2021110523","0821","2","0","0","0","0","0","0","0","0","4","0","","67","11","2021","6","39.933306","-75.143376","0811","6","0","0","0","1","0","0","0","0","","0","0","0","","","1","","2","","39 55:59.902","3","0","75 08:36.154","3","0","0","0","67301","0","0","0","N","0","0","0","2","67301","0","","1.0","940.0","9","N","N","N","0","","1","0","0","3","2","N","","2","1","0","0","0","0","0","2","0","2","","07","","N","","","","","","","","","",""
"2021111462","1629","1","0","0","0","0","0","0","0","0","1","0","","67","11","2021","7","39.957361","-75.151532","1621","6","0","0","0","0","0","0","0","1","","0","0","0","","","2","N","0","","39 57:26.501","4","0","75 09:05.514","3","0","0","0","67301","0","0","0","N","0","0","0","2","68K01","0","","1.0","1648.0","1","N","N","N","0","","2","0","1","0","0","N","","2","2","0","0","0","0","0","2","0","2","","","","N","","","","","","","","","",""
"2021110612","1340","2","0","0","0","0","0","0","0","0","2","0","","67","11","2021","6","39.931789","-75.149715","1330","6","0","1","0","0","0","0","0","0","","0","0","0","","","0","","1","","39 55:54.440","1","0","75 08:58.973","0","0","0","0","67301","0","0","0","N","0","0","0","2","67301","0","","1.0","1450.0","1","N","N","N","0","","0","0","0","3","3","Y","","2","0","1","0","0","0","0","2","0","2","","03","","N","","","","","","","","","",""
"2021078558","1243","2","0","0","0","0","0","0","0","0","4","0","","67","8","2021","6","40.032429","-75.069899","1239","6","0","0","0","0","0","0","0","0","","0","0","0","","","2","","1","","40 01:56.744","","0","75 04:11.636","3","0","0","0","67301","0","0","0","N","0","0","0","3","67301","0","","1.0","","9","N","N","N","0","","2","0","1","3","3","","","3","2","0","0","0","0","1","2","0","3","","03","","N","","","","","","","","","",""
"2021111502","1120","0","0","0","0","0","0","0","0","0","4","1","","67","11","2021","3","39.912516","-75.138099","1111","6","0","0","0","0","0","1","0","0","","0","1","0","","","0","","1","","39 54:45.058","1","0","75 08:17.157","0","0","0","0","67301","0","0","0","N","0","0","0","2","67301","0","","1.0","1153.0","1","N","N","N","0","","0","0","0","3","2","Y","","2","0","0","0","0","0","0","2","1","2","","","","N","","","","","","","","","",""
"2021092937","0235","1","0","0","0","0","0","0","0","0","7","0","","67","9","2021","5","40.045674","-75.031529","0226","6","0","0","0","0","0","0","0","0","","0","0","0","","","1","","1","","40 02:44.428","","0","75 01:53.506","3","0","0","0","67301","0","0","0","N","0","0","0","1","67301","0","","4.0","","1","N","N","Y","0","","1","0","0","3","2","","","1","1","0","0","0","0","0","2","0","1","","03","","N","","","","","","","","","",""
"2021096636","1253","1","0","0","0","0","0","0","0","0","8","0","","67","10","2021","6","39.966234","-75.153529","1250","6","0","0","0","0","0","0","0","0","","0","0","0","","","1","","1","","39 57:58.442","","0","75 09:12.703","4","0","0","0","67301","1","0","0","N","1","0","0","2","67301","1","","1.0","","1","N","N","N","0","","0","0","0","3","3","","","2","1","1","0","0","0","0","2","0","1","","03","","N","","","","","","","","","",""
"2021112269","0557","1","0","0","0","0","0","0","0","0","8","0","","67","11","2021","4","40.009225","-75.151137","0547","6","0","0","0","0","0","0","0","0","","0","0","0","","","1","","5","","40 00:33.209","1","0","75 09:04.094","2","0","0","0","67301","1","0","1","N","1","0","1","2","67301","0","","1.0","600.0","1","N","N","N","0","","0","1","0","3","2","N","","2","1","0","0","0","0","1","2","0","1","","","","N","","","","","","","","","",""
"2021096315","0448","0","0","0","0","0","0","0","0","0","5","0","","67","7","2021","7","39.949033","-75.234081","0445","6","0","0","0","0","0","0","0","0","","0","0","0","","","2","N","0","","39 56:56.520","","0","75 14:02.690","3","0","0","0","67301","0","0","0","N","0","0","0","2","67301","0","","6.0","","1","N","N","N","0","","2","0","3","0","0","","","3","2","0","0","0","0","0","2","0","3","","03","","N","","","","","","","","","",""
"2021102285","0901","1","0","0","0","0","0","0","0","0","5","0","","67","10","2021","4","40.042328","-75.126275","0900","6","0","0","0","0","0","0","0","0","","0","0","0","","","0","N","0","","40 02:32.380","","0","75 07:34.590","0","0","0","0","67301","0","0","0","N","0","0","0","1","67301","0","","6.0","","1","N","N","N","0","","0","0","1","0","0","","","2","0","0","0","0","0","0","2","0","2","","04","","N","","","","","","","","","",""
"2021110290","1554","0","0","0","0","0","0","0","0","0","8","0","","67","11","2021","3","40.014835","-75.085404","1551","6","0","0","0","0","0","0","0","0","","0","0","0","","","1","N","0","","40 00:53.406","","0","75 05:07.454","3","0","0","0","67301","1","0","0","N","1","0","0","2","67301","0","","1.0","","1","N","N","N","0","","1","0","1","0","0","","","2","1","0","0","0","0","0","2","0","1","","","","N","","","","","","","","","",""
"2021112212","1626","0","0","0","0","0","0","0","0","0","8","0","","67","11","2021","1","40.078924","-75.025338","1626","6","0","0","0","0","0","0","0","0","","0","0","0","","","1","N","0","","40 04:44.128","","7","75 01:31.218","3","0","0","0","67301","1","0","0","N","1","0","0","2","67301","0","","5.0","","99","N","N","N","0","","1","0","1","0","0","","","2","1","0","0","0","0","1","2","0","1","","","","N","","","","","","","","","",""
"2021070683","1100","2","0","0","0","0","0","0","0","0","4","0","","67","7","2021","1","40.056565","-75.025654","1056","6","0","0","0","0","1","0","0","0","","0","0","0","","","0","","2","","40 03:23.634","","0","75 01:32.356","0","0","0","0","67301","0","0","0","N","0","0","0","4","67301","0","","1.0","","1","N","N","N","0","","0","0","0","0","0","","","2","0","0","0","0","0","0","2","0","2","","03","","N","","","","","","","","","",""
"2021094650","2210","0","0","0","0","0","0","0","0","0","7","0","","67","10","2021","4","39.955118","-75.176974","2157","6","0","0","0","0","0","0","0","0","","0","0","0","","","0","N","0","","39 57:18.425","","3","75 10:37.105","9","0","0","0","67301","0","0","0","N","0","0","0","1","67301","0","","4.0","","1","N","N","N","0","","0","0","1","0","0","","","1","0","0","0","0","0","1","2","0","1","","03","","N","","","","","","","","","",""
"2021110191","0905","0","0","0","0","0","0","1","0","0","4","1","","67","10","2021","1","40.00713","-75.094069","0855","6","0","0","0","0","0","1","0","0","","0","0","0","","","6","","1","","40 00:25.667","","0","75 05:38.650","4","0","0","0","67301","0","0","0","N","0","0","0","11","67508","4","","1.0","","1","N","N","Y","0","","0","0","1","3","2","","","2","6","1","0","0","2","5","2","0","2","","03","","N","","","","","","","","","",""
"2021110718","1925","1","0","0","0","0","0","0","0","0","8","0","","67","10","2021","4","39.998746","-75.109336","1921","6","0","0","0","0","0","0","0","0","","0","0","0","","","1","","2","","39 59:55.485","","0","75 06:33.609","3","0","0","0","67301","1","0","0","N","1","0","0","2","67301","0","","1.0","","1","N","N","N","0","","1","0","0","2","3","","","2","1","0","0","0","0","0","2","0","1","","03","","N","","","","","","","","","",""
"2021112483","1925","1","0","0","0","0","0","0","0","0","8","0","","67","11","2021","5","39.982734","-75.153164","1927","6","0","0","0","0","0","0","0","0","","0","0","0","","","1","","2","","39 58:57.843","","0","75 09:11.390","4","0","0","0","67301","1","0","0","N","1","0","0","2","67505","1","","1.0","","1","N","N","N","0","","0","0","0","3","3","","","2","1","0","0","0","0","1","2","0","1","","03","","N","","","","","","","","","",""
"2021093122","1625","2","0","0","0","0","0","0","0","0","4","0","","67","10","2021","6","40.038408","-75.12074","1625","6","0","0","0","0","0","0","0","0","","0","0","0","","","1","","2","","40 02:18.268","","0","75 07:14.663","3","0","0","0","67301","0","0","0","N","0","0","0","2","67301","0","","1.0","","1","N","N","N","0","","1","0","0","3","3","","","2","1","0","0","0","0","0","2","0","2","","03","","N","","","","","","","","","",""
"2021092295","1039","0","0","0","0","0","0","0","0","0","4","0","","67","9","2021","4","39.898917","-75.174889","1030","6","0","0","0","0","0","1","1","0","","0","0","0","","","0","","1","","39 53:56.100","1","2","75 10:29.600","0","0","0","0","67301","0","0","0","N","0","0","0","2","67301","0","","1.0","1130.0","1","N","N","N","1","","0","0","0","3","2","Y","","2","0","0","0","0","0","0","2","1","2","","03","","N","","","","","","","","","",""
"2021112315","1821","1","0","0","0","0","0","0","0","0","8","0","","67","11","2021","2","40.050108","-75.050975","1821","6","0","0","0","0","1","0","0","0","","1","0","0","","","0","N","0","","40 03:00.390","1","0","75 03:03.510","1","0","0","0","67301","1","1","0","N","1","1","0","2","67301","0","2","1.0","300.0","1","N","N","N","0","0","0","0","0","3","2","Y","","2","0","0","0","0","0","0","2","0","1","","","","N","","","","","","","","","",""
"2021110479","2125","1","0","0","0","0","0","0","0","0","8","0","","67","11","2021","5","40.106469","-74.998884","2122","6","0","0","0","0","0","0","0","0","","0","0","0","","","1","N","0","","40 06:23.287","","7","74 59:55.982","3","0","0","0","67301","1","0","0","N","1","0","0","2","67301","0","","5.0","","1","N","N","N","0","","1","0","0","0","0","","","2","1","1","0","0","0","0","2","0","1","","","","N","","","","","","","","","",""
"2021099954","1735","1","0","0","0","0","0","0","0","0","4","0","","67","10","2021","6","40.003111","-75.128286","1730","6","0","0","0","0","0","0","0","0","","0","0","0","","","0","","1","","40 00:11.199","","0","75 07:41.829","0","0","0","0","67301","0","0","0","N","0","0","0","2","67301","0","","1.0","","1","N","N","N","0","","0","0","0","3","2","","","2","0","0","0","0","0","0","2","0","2","","03","","N","","","","","","","","","",""
"2021104250","1937","2","0","0","0","0","0","0","0","0","5","0","","67","7","2021","5","39.995376","-75.152965","1931","6","0","0","0","0","0","0","0","0","","0","0","0","","","0","","1","","39 59:43.353","","0","75 09:10.674","9","0","0","0","67301","0","0","0","N","0","0","0","1","67301","0","","1.0","","1","N","N","N","0","","0","0","0","3","3","","","3","0","1","0","0","0","1","2","1","3","","03","","N","","","","","","","","","",""
"2021112598","0124","1","0","0","0","0","0","0","0","0","8","0","","67","11","2021","7","40.050777","-75.066441","0124","6","0","0","0","0","0","0","0","0","","0","0","0","","","1","N","0","","40 03:02.797","5","0","75 03:59.188","2","0","0","0","67301","1","0","1","N","1","0","1","2","67301","0","","1.0","344.0","1","N","N","N","0","","0","1","0","0","0","Y","","2","1","0","0","0","0","0","2","0","1","","03","","N","","","","","","","","","",""
"2021110715","1255","4","0","0","0","0","0","0","0","0","5","1","","67","10","2021","2","39.994281","-75.115042","1258","6","0","0","0","0","0","0","0","0","","0","1","0","","","1","N","0","","39 59:39.410","","0","75 06:54.150","3","0","0","0","67301","0","0","0","N","0","0","0","1","67301","0","","6.0","","1","N","N","N","0","","1","0","1","0","0","","","6","1","1","0","0","0","0","2","0","6","","03","","N","","","","","","","","","",""