"CRN","ARRIVAL_TM","AUTOMOBILE_COUNT","BELTED_DEATH_COUNT","BELTED_SUSP_SERIOUS_INJ_COUNT","BICYCLE_COUNT","BICYCLE_DEATH_COUNT","BICYCLE_SUSP_SERIOUS_INJ_COUNT","BUS_COUNT","CHLDPAS_DEATH_COUNT","CHLDPAS_SUSP_SERIOUS_INJ_COUNT","COLLISION_TYPE","COMM_VEH_COUNT","CONS_ZONE_SPD_LIM","COUNTY","CRASH_MONTH","CRASH_YEAR","DAY_OF_WEEK","DEC_LATITUDE","DEC_LONGITUDE","DISPATCH_TM","DISTRICT","DRIVER_COUNT_16YR","DRIVER_COUNT_17YR","DRIVER_COUNT_18YR","DRIVER_COUNT_19YR","DRIVER_COUNT_20YR","DRIVER_COUNT_50_64YR","DRIVER_COUNT_65_74YR","DRIVER_COUNT_75PLUS","EST_HRS_CLOSED","FATAL_COUNT","HEAVY_TRUCK_COUNT","HORSE_BUGGY_COUNT","HOUR_OF_DAY","ILLUMINATION","INJURY_COUNT","INTERSECTION_RELATED","INTERSECT_TYPE","LANE_CLOSED","LATITUDE","LN_CLOSE_DIR","LOCATION_TYPE","LONGITUDE","MAX_SEVERITY_LEVEL","MCYCLE_DEATH_COUNT","MCYCLE_SUSP_SERIOUS_INJ_COUNT","MOTORCYCLE_COUNT","MUNICIPALITY","NONMOTR_COUNT","NONMOTR_DEATH_COUNT","NONMOTR_SUSP_SERIOUS_INJ_COUNT","NTFY_HIWY_MAINT","PED_COUNT","PED_DEATH_COUNT","PED_SUSP_SERIOUS_INJ_COUNT","PERSON_COUNT","POLICE_AGCY","POSSIBLE_INJ_COUNT","RDWY_SURF_TYPE_CD","RELATION_TO_ROAD","ROADWAY_CLEARED","ROAD_CONDITION","SCH_BUS_IND","SCH_ZONE_IND","SECONDARY_CRASH","SMALL_TRUCK_COUNT","SPEC_JURIS_CD","SUSP_MINOR_INJ_COUNT","SUSP_SERIOUS_INJ_COUNT","SUV_COUNT","TCD_FUNC_CD","TCD_TYPE","TFC_DETOUR_IND","TIME_OF_DAY","TOTAL_UNITS","TOT_INJ_COUNT","UNBELTED_OCC_COUNT","UNB_DEATH_COUNT","UNB_SUSP_SERIOUS_INJ_COUNT","UNK_INJ_DEG_COUNT","UNK_INJ_PER_COUNT","URBAN_RURAL","VAN_COUNT","VEHICLE_COUNT","WEATHER1","WEATHER2","WORKERS_PRES","WORK_ZONE_IND","WORK_ZONE_LOC","WORK_ZONE_TYPE","WZ_CLOSE_DETOUR","WZ_FLAGGER","WZ_LAW_OFFCR_IND","WZ_LN_CLOSURE","WZ_MOVING","WZ_OTHER","WZ_SHLDER_MDN","WZ_WORKERS_INJ_KILLED"
"2021095813","0035","3","0","0","0","0","0","0","0","0","5","0","","67","10","2021","2","39.954813","-75.208149","0025","6","0","0","0","0","0","0","0","0","","0","0","0","","","0","N","0","","39 57:17.328","","0","75 12:29.335","0","0","0","0","67301","0","0","0","N","0","0","0","1","67301","0","","6.0","","1","N","N","N","0","","0","0","0","0","0","","","3","0","0","0","0","0","0","2","0","3","","03","","N","","","","","","","","","",""
"2021110571","1805","3","0","0","0","0","0","0","0","0","1","0","","67","11","2021","6","39.957653","-75.147919","1755","6","0","0","0","0","0","1","0","0","","0","0","0","","","2","N","0","","39 57:27.551","","0","75 08:52.507","8","0","0","0","67301","0","0","0","N","0","0","0","5","68K01","0","","1.0","","1","N","N","N","0","","0","0","0","0","0","","","3","2","1","0","0","2","0","2","0","3","","03","","N","","","","","","","","","",""
"2021110649","1639","1","0","0","0","0","0","0","0","0","4","0","","67","11","2021","7","39.967095","-75.206655","1639","6","0","0","0","0","0","0","0","0","","0","0","0","","","1","","1","","39 58:01.543","","0","75 12:23.959","3","0","0","0","67301","0","0","0","N","0","0","0","2","67301","0","","1.0","","1","N","N","N","0","","1","0","1","3","3","","","2","1","0","0","0","0","0","2","0","2","","03","","N","","","","","","","","","",""
"2021112764","2330","1","0","0","0","0","0","0","0","0","5","1","","67","11","2021","5","39.958379","-75.224314","2320","6","0","0","0","0","0","0","0","0","","0","1","0","","","0","N","0","","39 57:30.166","3","0","75 13:27.529","9","0","0","0","67301","0","0","0","N","0","0","0","1","67301","0","","6.0","130.0","1","N","N","N","0","","0","0","2","0","0","Y","","4","0","0","0","0","0","1","2","0","4","","03","","N","","","","","","","","","",""
"2021095540","1730","1","0","0","0","0","0","0","0","0","8","0","","67","10","2021","4","39.916677","-75.159551","1721","6","0","0","0","0","0","0","0","0","","0","0","0","","","1","","1","","39 55:00.037","","0","75 09:34.383","3","0","0","0","67301","1","0","0","N","1","0","0","2","67301","0","","1.0","","1","N","N","N","0","","1","0","0","3","3","","","2","1","0","0","0","0","1","2","0","1","","04","","N","","","","","","","","","",""
"2021106297","0910","0","0","0","0","0","0","0","0","0","7","0","","67","10","2021","5","40.010447","-75.147322","0905","6","0","0","0","0","0","0","0","0","","0","0","0","","","0","N","0","","40 00:37.610","","0","75 08:50.360","0","0","0","0","67301","0","0","0","N","0","0","0","1","67301","0","","4.0","","1","N","N","N","0","","0","0","1","0","0","","","1","0","0","0","0","0","0","2","0","1","","04","","N","","","","","","","","","",""
"2021111064","1905","1","0","0","0","0","0","0","0","0","3","0","","67","11","2021","7","39.961887","-75.239863","1902","6","0","0","0","0","0","0","0","0","","0","0","0","","","0","N","0","","39 57:42.792","","0","75 14:23.505","0","0","0","0","67301","0","0","0","N","0","0","0","2","67301","0","","1.0","","1","N","N","N","0","","0","0","1","0","0","","","2","0","1","0","0","0","0","2","0","2","","03","","N","","","","","","","","","",""
"2021095399","0918","1","0","0","0","0","0","0","0","0","4","0","","67","10","2021","5","40.040219","-75.031293","0918","6","0","0","0","0","0","0","0","0","","0","0","0","","","0","","2","","40 02:24.789","2","0","75 01:52.656","0","0","0","0","67301","0","0","0","N","0","0","0","3","67301","0","","1.0","100.0","1","N","N","N","1","","0","0","1","0","0","N","","3","0","0","0","0","0","0","2","0","3","","","","N","","","","","","","","","",""
"2021112110","1620","1","0","0","0","0","0","0","0","0","7","0","","67","10","2021","7","39.877325","-75.253677","1610","6","0","0","0","0","0","0","0","0","","0","0","0","","","0","N","0","","39 52:38.369","","0","75 15:13.238","0","0","0","0","67301","0","0","0","Y","0","0","0","3","68K02","0","","4.0","","9","N","N","N","0","","0","0","0","0","0","","","1","0","0","0","0","0","0","2","0","1","","","","N","","","","","","","","","",""
"2021093119","2100","1","0","0","0","0","0","0","0","0","4","0","","67","9","2021","5","39.967222","-75.169889","2053","6","0","0","0","0","0","0","0","0","","0","0","0","","","0","N","0","","39 58:02.000","","7","75 10:11.600","0","0","0","0","67301","0","0","0","N","0","0","0","2","67301","0","","1.0","","1","N","N","N","0","","0","0","0","0","0","","","2","0","0","0","0","0","0","2","1","2","","03","","N","","","","","","","","","",""
"2021110197","0545","3","0","0","0","0","0","0","0","0","5","1","","67","9","2021","3","39.985264","-75.09655","0545","6","0","0","0","0","0","0","0","0","","0","1","0","","","0","N","0","","39 59:06.950","","0","75 05:47.580","9","0","0","0","67301","0","0","0","N","0","0","0","2","67301","0","","6.0","","1","N","N","N","0","","0","0","1","0","0","","","5","0","0","0","0","0","1","2","0","5","","","","N","","","","","","","","","",""
"2021110381","1410","1","0","0","0","0","0","0","0","0","4","0","","67","11","2021","3","40.018718","-75.101737","1400","6","0","0","0","0","0","0","0","0","","0","0","0","","","0","","2","","40 01:07.384","","0","75 06:06.253","0","0","0","0","67301","0","0","0","N","0","0","0","2","67301","0","","1.0","","1","N","N","N","0","","0","0","1","3","3","","","2","0","1","0","0","0","0","2","0","2","","03","","N","","","","","","","","","",""
"2021094159","2110","0","0","0","0","0","0","0","0","0","4","0","","67","10","2021","1","39.945139","-75.150044","2052","6","0","0","0","0","0","1","0","0","","0","0","0","","","1","","1","","39 56:42.500","","0","75 09:00.158","4","0","0","1","67301","0","0","0","N","0","0","0","2","67301","1","","1.0","","1","N","N","N","0","","0","0","1","3","2","","","2","1","1","0","0","0","0","2","0","2","","03","","N","","","","","","","","","",""
"2021111323","1640","1","0","0","0","0","0","0","0","0","7","0","","67","11","2021","1","40.027456","-75.165139","1638","6","0","0","0","0","0","0","0","0","","0","0","0","","","0","N","0","","40 01:38.840","","0","75 09:54.500","9","0","0","0","67301","0","0","0","N","0","0","0","1","67301","0","","5.0","","99","N","N","N","0","","0","0","0","0","0","","","1","0","0","0","0","0","1","2","0","1","","","","N","","","","","","","","","",""
"2021092181","0940","0","0","0","0","0","0","0","0","0","4","0","","67","9","2021","3","39.974618","-75.191134","0920","6","0","0","0","0","0","0","0","0","","0","0","0","","","2","N","0","","39 58:28.624","1","0","75 11:28.083","3","0","0","0","67301","0","0","0","N","0","0","0","2","67301","0","","1.0","100.0","1","N","N","N","0","","1","0","2","0","0","Y","","2","2","0","0","0","1","0","2","0","2","","04","","N","","","","","","","","","",""
"2021092686","2235","1","0","0","0","0","0","0","0","0","5","0","","67","9","2021","5","39.96525","-75.240111","2231","6","0","0","0","0","0","0","0","0","","0","0","0","","","0","N","0","","39 57:54.900","","0","75 14:24.400","9","0","0","0","67301","0","0","0","N","0","0","0","3","67301","0","","6.0","","1","N","N","N","0","","0","0","2","0","0","","","3","0","1","0","0","0","1","2","0","3","","03","","N","","","","","","","","","",""
"2021091873","1400","1","0","0","0","0","0","0","0","0","4","0","","67","9","2021","3","40.005434","-75.082569","1400","6","0","0","0","0","0","0","0","0","","0","0","0","","","2","","2","","40 00:19.562","7","0","75 04:57.248","3","0","0","0","67301","0","0","0","N","0","0","0","3","67301","0","","1.0","1500.0","1","N","N","N","0","","2","0","3","3","3","Y","","4","2","3","0","0","0","0","2","0","4","","04","","N","","","","","","","","","",""
"2021112828","1240","0","0","0","0","0","0","0","0","0","8","0","","67","11","2021","5","40.068905","-75.18175","1229","6","0","0","0","0","0","0","0","0","","0","0","0","","","1","","1","","40 04:08.058","","0","75 10:54.300","3","0","0","0","67301","1","0","0","N","1","0","0","2","67301","0","","1.0","","1","N","N","N","0","","1","0","0","3","2","","","2","1","0","0","0","0","1","2","0","1","","03","","N","","","","","","","","","",""
"2021111049","1245","2","0","0","0","0","0","0","0","0","2","0","","67","11","2021","4","39.968492","-75.245501","1241","6","0","0","0","0","0","1","0","0","","0","0","0","","","0","N","0","","39 58:06.572","","0","75 14:43.805","0","0","0","0","67301","0","0","0","N","0","0","0","1","67301","0","","6.0","","1","N","N","N","0","","0","0","0","0","0","","","2","0","0","0","0","0","0","2","0","2","","03","","N","","","","","","","","","",""
"2021110439","1915","0","0","0","0","0","0","0","0","0","6","1","","67","11","2021","7","40.018203","-75.125058","1915","6","0","0","0","0","0","0","0","0","","0","1","0","","","0","N","0","","40 01:05.530","","0","75 07:30.210","0","0","0","0","67301","0","0","0","N","0","0","0","1","67301","0","","6.0","","1","N","N","N","0","","0","0","0","0","0","","","2","0","0","0","0","0","0","2","1","2","","03","","N","","","","","","","","","",""
"2021111326","2015","1","0","0","0","0","0","0","0","0","8","0","","67","11","2021","2","40.009649","-75.1803","2008","6","0","0","0","0","0","0","0","0","","0","0","0","","","1","","2","","40 00:34.737","","0","75 10:49.079","3","0","0","0","67301","1","0","0","N","1","0","0","2","67301","0","","1.0","","1","N","N","N","0","","1","0","0","3","2","","","2","1","0","0","0","0","0","2","0","1","","03","","N","","","","","","","","","",""
"2021111218","1826","1","0","0","0","0","0","0","0","0","2","0","","67","11","2021","2","40.051193","-75.066138","1826","6","0","0","0","0","0","1","0","0","","0","0","0","","","0","","1","","40 03:04.296","","0","75 03:58.096","0","0","0","0","67301","0","0","0","N","0","0","0","2","67301","0","","1.0","","1","N","N","N","1","","0","0","0","3","2","","","2","0","0","0","0","0","0","2","0","2","","03","","N","","","","","","","","","",""
"2021094243","1143","1","0","0","0","0","0","0","0","0","1","0","","67","9","2021","1","40.036953","-75.013521","1138","6","0","0","0","0","0","1","1","0","","0","0","0","","","2","N","0","","40 02:13.030","1","0","75 00:48.677","3","0","0","0","67301","0","0","0","N","0","0","0","6","68K01","0","","1.0","1300.0","1","N","N","N","1","","2","0","1","0","0","N","","4","2","1","0","0","0","0","2","1","4","","","","N","","","","","","","","","",""
"2021110876","0930","0","0","0","0","0","0","0","0","0","5","1","","67","11","2021","2","39.97078","-75.153692","0930","6","0","0","1","0","0","0","0","0","","0","1","0","","","0","N","0","","39 58:14.807","","0","75 09:13.292","0","0","0","0","67301","0","0","0","N","0","0","0","1","67301","0","","6.0","","1","N","N","N","0","","0","0","1","0","0","","","2","0","1","0","0","0","0","2","0","2","","03","","N","","","","","","","","","",""
"2021095065","1112","1","0","0","0","0","0","0","0","0","4","0","","67","10","2021","5","40.007656","-75.151478","1112","6","0","0","0","0","0","0","0","0","","0","0","0","","","5","","1","","40 00:27.560","2","0","75 09:05.322","2","0","1","1","67301","0","0","0","N","0","0","0","5","67505","4","","1.0","1124.0","1","N","N","N","0","","0","1","0","3","2","N","","2","5","0","0","0","0","0","2","0","2","","03","","N","","","","","","","","","",""
"2021095170","1005","1","0","0","0","0","0","0","0","0","4","0","","67","10","2021","5","40.01224","-75.150481","1004","6","0","0","0","0","0","1","0","0","","0","0","0","","","2","","1","","40 00:44.064","2","0","75 09:01.733","3","0","0","0","67301","0","0","0","N","0","0","0","4","67301","0","","1.0","30.0","1","N","N","N","0","","2","0","1","3","2","N","","2","2","0","0","0","0","0","2","0","2","","03","","N","","","","","","","","","",""
"2021122014","0424","0","0","0","0","0","0","0","0","0","7","0","","67","12","2021","3","40.023667","-75.030367","0359","6","0","0","0","0","0","0","0","0","","0","0","0","","","1","N","0","","40 01:25.200","","0","75 01:49.320","3","0","0","0","67301","0","0","0","N","0","0","0","2","67301","0","","5.0","","1","N","N","N","1","","1","0","0","0","0","","","1","1","0","0","0","0","0","2","0","1","","03","","N","","","","","","","","","",""
"2021093363","0052","1","0","0","0","0","0","0","0","0","4","0","","67","10","2021","1","39.966238","-75.137009","0052","6","0","0","0","1","0","0","0","0","","0","0","0","","","0","","1","","39 57:58.456","","1","75 08:13.232","0","0","0","0","67301","0","0","0","N","0","0","0","3","67301","0","","1.0","","1","N","N","N","0","","0","0","1","3","3","","","2","0","0","0","0","0","0","2","0","2","","03","","N","","","","","","","","","",""
"2021094709","2345","1","0","0","0","0","0","0","0","0","5","0","","67","10","2021","7","40.021797","-75.158212","2330","6","0","0","0","0","0","1","0","0","","0","0","0","","","0","N","0","","40 01:18.468","","0","75 09:29.564","0","0","0","0","67301","0","0","0","N","0","0","0","1","67301","0","","6.0","","1","N","N","N","0","","0","0","3","0","0","","","4","0","0","0","0","0","0","2","0","4","","03","","N","","","","","","","","","",""
"2021107265","1015","0","0","0","0","0","0","0","0","0","0","0","","67","10","2021","2","39.898906","-75.168587","1006","6","0","0","0","0","0","0","1","0","","0","0","0","","","0","N","0","","39 53:56.062","","0","75 10:06.912","9","0","0","0","67301","0","0","0","N","0","0","0","2","68K01","0","","1.0","","1","N","N","N","0","","0","0","2","0","0","","","2","0","0","0","0","0","1","2","0","2","","03","","N","","","","","","","","","",""
"2021092347","1050","1","0","0","0","0","0","0","0","0","4","0","","67","9","2021","3","39.962635","-75.246728","0003","6","0","0","0","0","0","0","0","0","","0","0","0","","","1","","1","","39 57:45.487","","0","75 14:48.219","3","0","0","0","67301","0","0","0","N","0","0","0","2","67301","0","","1.0","","1","N","N","N","0","","1","0","1","3","2","","","2","1","0","0","0","0","0","2","0","2","","","","N","","","","","","","","","",""
"2021094066","1126","1","0","0","0","0","0","0","0","0","8","0","","67","10","2021","2","39.953837","-75.175075","1114","6","0","0","0","0","0","0","0","0","","0","0","0","","","1","","1","","39 57:13.814","","0","75 10:30.270","4","0","0","0","67301","1","0","0","N","1","0","0","2","67301","1","","1.0","","1","N","N","N","0","","0","0","0","3","2","","","2","1","0","0","0","0","0","2","0","1","","04","","N","","","","","","","","","",""
"2021095954","1303","3","0","0","0","0","0","0","0","0","4","0","","67","10","2021","5","39.940534","-75.218905","1300","6","0","0","0","0","0","0","0","0","","0","0","0","","","1","","1","","39 56:25.922","","0","75 13:08.059","3","0","0","0","67301","0","0","0","N","0","0","0","2","67301","0","","1.0","","98","N","N","Y","0","","1","0","0","3","2","","","3","1","0","0","0","0","0","2","0","3","","03","","N","","","","","","","","","",""
"2021097418","2230","3","0","0","0","0","0","0","0","0","5","0","","67","10","2021","3","39.941397","-75.149225","2229","6","0","0","0","0","0","0","0","0","","0","0","0","","","0","N","0","","39 56:29.030","","0","75 08:57.210","0","0","0","0","67301","0","0","0","N","0","0","0","1","67301","0","","6.0","","1","N","N","N","0","","0","0","0","0","0","","","3","0","0","0","0","0","0","2","0","3","","03","","N","","","","","","","","","",""
"2021093887","1846","1","0","0","0","0","0","0","0","0","2","0","","67","10","2021","1","40.024179","-75.084481","1838","6","0","0","0","0","0","0","0","0","","0","0","0","","","1","","1","","40 01:27.044","","0","75 05:04.131","3","0","0","1","67301","0","0","0","N","0","0","0","2","67301","0","","1.0","","1","N","N","N","0","","1","0","0","0","0","","","2","1","0","0","0","0","0","2","0","2","","","","N","","","","","","","","","",""
"2021092791","1650","1","0","0","0","0","0","0","0","0","4","0","","67","9","2021","5","40.056579","-75.13994","1642","6","0","0","0","1","1","1","0","0","","0","0","0","","","1","","1","","40 03:23.685","","0","75 08:23.783","3","0","0","0","67301","0","0","0","N","0","0","0","4","67301","0","","1.0","","1","N","N","N","1","","1","0","2","3","2","","","4","1","3","0","0","0","0","2","0","4","","","","N","","","","","","","","","",""
"2021091751","0120","1","0","0","0","0","0","0","0","0","4","0","","67","9","2021","3","40.02888","-75.106009","0117","6","0","0","0","0","0","0","0","0","","0","0","0","","","1","","1","","40 01:43.967","2","0","75 06:21.632","3","0","0","0","67301","0","0","0","N","0","0","0","3","67301","0","","1.0","220.0","1","N","N","N","1","","1","0","0","3","2","N","","2","1","0","0","0","0","0","2","0","2","","03","","N","","","","","","","","","",""
"2021096778","1952","0","0","0","0","0","0","0","0","0","8","0","","67","10","2021","2","40.006454","-75.117544","1952","6","0","0","0","0","0","0","0","0","","0","0","0","","","1","N","0","","40 00:23.236","","0","75 07:03.160","3","0","0","0","67301","1","0","0","N","1","0","0","2","67301","0","","1.0","","1","N","N","N","0","","1","0","0","0","0","","","2","1","0","0","0","0","0","2","0","1","","03","","N","","","","","","","","","",""
"2021093839","1724","2","0","0","0","0","0","0","0","0","1","0","","67","9","2021","5","39.957565","-75.14934","1659","6","0","0","0","0","0","1","0","0","","0","0","0","","","0","","3","","39 57:27.234","","2","75 08:57.624","0","0","0","0","67301","0","0","0","N","0","0","0","5","68K01","0","","1.0","","1","N","N","N","0","","0","0","0","3","4","","","2","0","0","0","0","0","0","2","0","2","","03","","N","","","","","","","","","",""
"2021095938","2109","1","0","0","0","0","0","0","0","0","4","0","","67","10","2021","4","40.044752","-75.143489","2102","6","0","0","0","0","0","1","0","0","","0","0","0","","","3","N","0","","40 02:41.108","2","7","75 08:36.559","3","0","0","0","67301","0","0","0","N","0","0","0","5","67301","0","","1.0","2311.0","1","N","N","N","0","","3","0","1","0","0","Y","","2","3","0","0","0","0","0","2","0","2","","03","","N","","","","","","","","","",""
"2021105954","0323","1","0","0","0","0","0","0","0","0","2","0","","67","10","2021","5","39.966707","-75.187686","0322","6","0","0","0","0","0","1","0","0","","0","0","0","","","1","N","0","","39 58:00.144","3","0","75 11:15.670","8","0","0","0","67301","0","0","0","N","0","0","0","2","68K01","0","","1.0","400.0","1","N","N","N","1","","0","0","0","0","0","N","","2","1","1","0","0","1","0","2","0","2","","","","N","","","","","","","","","",""
"2021094767","1222","1","0","0","0","0","0","0","0","0","4","0","","67","10","2021","3","40.027544","-75.146423","1202","6","1","0","0","0","0","0","1","0","","0","0","0","","","2","","1","","40 01:39.158","","0","75 08:47.122","4","0","0","0","67301","0","0","0","N","0","0","0","2","67301","1","","1.0","","1","N","N","N","1","","0","0","0","3","2","","","2","2","0","0","0","1","0","2","0","2","","","","N","","","","","","","","","",""
"2021093785","2118","1","0","0","0","0","0","0","0","0","4","0","","67","9","2021","4","39.980213","-75.157468","2116","6","0","0","0","0","0","0","0","0","","0","0","0","","","2","","1","","39 58:48.767","","0","75 09:26.884","3","0","0","0","67301","0","0","0","N","0","0","0","3","67301","1","","1.0","","1","N","N","N","0","","1","0","1","3","2","","","2","2","0","0","0","0","1","2","0","2","","","","N","","","","","","","","","",""
"2021095221","1953","2","0","0","0","0","0","0","0","0","5","0","","67","10","2021","4","40.042214","-75.096947","1951","6","0","0","0","0","0","0","0","0","","0","0","0","","","0","N","0","","40 02:31.970","","0","75 05:49.010","0","0","0","0","67301","0","0","0","N","0","0","0","1","67301","0","","6.0","","1","N","N","N","0","","0","0","1","0","0","","","4","0","0","0","0","0","0","2","1","4","","","","N","","","","","","","","","",""
"2021093779","1525","0","0","0","0","0","0","0","0","0","8","0","","67","10","2021","7","39.915899","-75.164491","1518","6","0","0","0","0","0","0","0","0","","0","0","0","","","1","","1","","39 54:57.236","","0","75 09:52.167","3","0","0","0","67301","1","0","0","N","1","0","0","2","67301","0","","1.0","","1","N","N","N","1","","1","0","0","3","2","","","2","1","0","0","0","0","0","2","0","1","","03","","N","","","","","","","","","",""
"2021092442","1808","1","0","0","0","0","0","0","0","0","5","0","","67","9","2021","3","40.038122","-75.137803","1806","6","0","0","0","0","0","0","1","0","","0","0","0","","","1","N","0","","40 02:17.240","","0","75 08:16.090","3","0","0","0","67301","0","0","0","N","0","0","0","1","67301","0","","6.0","","1","N","N","N","0","","1","0","1","0","0","","","2","1","0","0","0","0","0","2","0","2","","03","","N","","","","","","","","","",""
"2021091872","0905","0","0","0","0","0","0","0","0","0","4","0","","67","9","2021","4","39.957191","-75.158716","0900","6","0","0","0","0","0","0","0","0","","0","0","0","","","1","","1","","39 57:25.888","","3","75 09:31.377","4","0","0","0","67301","0","0","0","N","0","0","0","2","67301","1","","1.0","","1","N","N","N","0","","0","0","2","3","2","","","2","1","0","0","0","0","0","2","0","2","","03","","N","","","","","","","","","",""
"2021103185","0641","1","0","0","0","0","0","0","0","0","4","0","","67","10","2021","6","39.992393","-75.142188","0641","6","0","0","0","0","0","1","0","0","","0","0","0","","","2","","1","","39 59:32.614","4","0","75 08:31.878","3","0","0","0","67301","0","0","0","N","0","0","0","2","67301","0","","1.0","649.0","1","N","N","N","0","","2","0","1","3","2","N","","2","2","0","0","0","0","0","2","0","2","","03","","N","","","","","","","","","",""
"2021114309","1400","0","0","0","0","0","0","0","0","0","7","1","","67","11","2021","3","39.955278","-75.147917","1355","6","0","0","0","0","0","0","0","0","","0","1","0","","","0","N","0","","39 57:19.000","3","2","75 08:52.500","0","0","0","0","67301","0","0","0","N","0","0","0","1","67501","0","","3.0","1504.0","1","N","N","N","0","","0","0","0","3","8","N","","1","0","0","0","0","0","0","2","0","1","","03","","N","","","","","","","","","",""
"2021093783","1354","2","0","0","0","0","0","0","0","0","1","0","","67","10","2021","7","39.967067","-75.175422","1347","6","0","0","0","0","0","1","0","0","","0","0","0","","","0","N","0","","39 58:01.440","","0","75 10:31.520","0","0","0","0","67301","0","0","0","N","0","0","0","1","67301","0","","6.0","","1","N","N","N","0","","0","0","2","0","0","","","4","0","0","0","0","0","0","2","0","4","","03","","N","","","","","","","","","",""
"2021107817","0345","0","0","0","0","0","0","0","0","0","7","0","","67","11","2021","1","40.036375","-75.155831","0337","6","0","0","0","0","0","0","0","0","","0","0","0","","","0","N","0","","40 02:10.950","","0","75 09:20.990","9","0","0","0","67301","0","0","0","N","0","0","0","1","67301","0","","4.0","","1","N","N","N","0","","0","0","1","0","0","","","1","0","1","0","0","0","1","2","0","1","","03","","N","","","","","","","","","",""
"2021094403","1710","0","0","0","0","0","0","0","0","0","8","0","","67","10","2021","3","39.955542","-75.164641","1646","6","0","0","0","0","0","0","0","0","","0","0","0","","","1","","1","","39 57:19.952","","0","75 09:52.706","8","0","0","0","67301","1","0","0","N","1","0","0","2","67301","0","","1.0","","99","N","N","N","0","","0","0","1","3","2","","","2","1","0","0","0","1","0","2","0","1","","","","N","","","","","","","","","",""
"2021095542","1700","1","0","0","0","0","0","0","0","0","4","0","","67","10","2021","5","39.915989","-75.164464","1627","6","0","0","0","0","0","1","0","0","","0","0","0","","","2","","1","","39 54:57.561","","0","75 09:52.072","3","0","0","0","67301","0","0","0","N","0","0","0","5","67301","0","","1.0","","1","N","N","N","0","","2","0","1","3","2","","","2","2","0","0","0","0","0","2","0","2","","03","","N","","","","","","","","","",""
"2021094042","1235","1","0","0","0","0","0","0","0","0","8","0","","67","10","2021","2","40.083361","-75.048844","1231","6","0","0","0","0","0","0","0","0","","0","0","0","","","1","N","0","","40 05:00.100","","0","75 02:55.840","3","0","0","0","67301","1","0","0","N","1","0","0","2","67301","0","","4.0","","1","N","N","N","0","","1","0","0","0","0","","","2","1","0","0","0","0","0","2","0","1","","03","","N","","","","","","","","","",""
"2021121184","0915","1","0","0","0","0","0","0","0","0","1","0","","67","12","2021","3","40.003213","-75.077649","0903","6","0","0","0","0","1","1","0","0","","0","0","0","","","0","N","0","","40 00:11.566","","0","75 04:39.538","0","0","0","0","67301","0","0","0","N","0","0","0","2","68K01","0","","1.0","","1","N","N","N","0","","0","0","1","0","0","","","2","0","0","0","0","0","0","2","0","2","","","","N","","","","","","","","","",""
"2021065143","1309","1","0","0","0","0","0","0","0","0","4","0","","67","6","2021","6","39.998084","-75.233246","1309","6","0","0","0","0","0","0","0","0","","0","0","0","","","0","","1","","39 59:53.101","6","0","75 13:59.687","0","0","0","0","67301","0","0","0","N","0","0","0","4","46104","0","","1.0","30.0","1","N","N","N","0","","0","0","2","3","3","Y","","3","0","1","0","0","0","0","2","0","3","","03","","N","","","","","","","","","",""
"2021102543","1705","0","0","0","0","0","0","0","0","0","8","0","","67","10","2021","7","40.009576","-75.151053","1659","6","0","0","0","0","0","0","0","0","","0","0","0","","","1","N","0","","40 00:34.474","","0","75 09:03.792","3","0","0","0","67301","1","0","0","N","1","0","0","2","67301","0","","1.0","","1","N","N","N","0","","1","0","1","0","0","","","2","1","0","0","0","0","0","2","0","1","","03","","N","","","","","","","","","",""
"2021095418","2216","2","0","0","0","0","0","0","0","0","5","0","","67","10","2021","4","40.025072","-75.170194","2216","6","0","0","0","0","0","0","0","0","","0","0","0","","","0","N","0","","40 01:30.260","3","0","75 10:12.700","0","0","0","0","67301","0","0","0","N","0","0","0","1","67301","0","","1.0","2240.0","1","N","N","N","0","","0","0","0","0","0","N","","2","0","0","0","0","0","0","2","0","2","","","","N","","","","","","","","","",""
"2021097260","0732","0","0","0","0","0","0","0","0","0","5","0","","67","9","2021","5","39.99037","-75.086712","0716","6","0","0","0","0","0","0","0","0","","0","0","0","","","1","N","0","","39 59:25.332","1","0","75 05:12.163","8","0","0","0","67301","0","0","0","Y","0","0","0","2","68K01","0","","1.0","745.0","1","N","N","N","0","","0","0","1","3","8","N","","2","1","1","0","0","1","0","2","1","2","","","","N","","","","","","","","","",""
"2021118005","","1","0","0","0","0","0","0","0","0","4","0","","67","6","2021","3","40.031615","-75.207632","","6","0","0","0","0","0","1","0","0","","0","0","0","","","0","","1","","40 01:53.814","","0","75 12:27.475","0","0","0","0","67301","0","0","0","N","0","0","0","2","00000","0","","1.0","","1","N","N","N","0","","0","0","1","3","2","","","2","0","0","0","0","0","0","2","0","2","","","","N","","","","","","","","","",""
"2021095763","1827","0","0","0","0","0","0","0","0","0","8","0","","67","10","2021","5","40.02744","-75.062499","1819","6","0","0","0","0","0","1","0","0","","0","0","0","","","1","","1","","40 01:38.783","","0","75 03:44.998","3","0","0","0","67301","1","0","0","N","1","0","0","2","67301","0","","1.0","","1","N","N","N","1","","1","0","0","3","2","","","2","1","0","0","0","0","0","2","0","1","","03","","N","","","","","","","","","",""