"CRN","ARRIVAL_TM","AUTOMOBILE_COUNT","BELTED_DEATH_COUNT","BELTED_SUSP_SERIOUS_INJ_COUNT","BICYCLE_COUNT","BICYCLE_DEATH_COUNT","BICYCLE_SUSP_SERIOUS_INJ_COUNT","BUS_COUNT","CHLDPAS_DEATH_COUNT","CHLDPAS_SUSP_SERIOUS_INJ_COUNT","COLLISION_TYPE","COMM_VEH_COUNT","CONS_ZONE_SPD_LIM","COUNTY","CRASH_MONTH","CRASH_YEAR","DAY_OF_WEEK","DEC_LATITUDE","DEC_LONGITUDE","DISPATCH_TM","DISTRICT","DRIVER_COUNT_16YR","DRIVER_COUNT_17YR","DRIVER_COUNT_18YR","DRIVER_COUNT_19YR","DRIVER_COUNT_20YR","DRIVER_COUNT_50_64YR","DRIVER_COUNT_65_74YR","DRIVER_COUNT_75PLUS","EST_HRS_CLOSED","FATAL_COUNT","HEAVY_TRUCK_COUNT","HORSE_BUGGY_COUNT","HOUR_OF_DAY","ILLUMINATION","INJURY_COUNT","INTERSECTION_RELATED","INTERSECT_TYPE","LANE_CLOSED","LATITUDE","LN_CLOSE_DIR","LOCATION_TYPE","LONGITUDE","MAX_SEVERITY_LEVEL","MCYCLE_DEATH_COUNT","MCYCLE_SUSP_SERIOUS_INJ_COUNT","MOTORCYCLE_COUNT","MUNICIPALITY","NONMOTR_COUNT","NONMOTR_DEATH_COUNT","NONMOTR_SUSP_SERIOUS_INJ_COUNT","NTFY_HIWY_MAINT","PED_COUNT","PED_DEATH_COUNT","PED_SUSP_SERIOUS_INJ_COUNT","PERSON_COUNT","POLICE_AGCY","POSSIBLE_INJ_COUNT","RDWY_SURF_TYPE_CD","RELATION_TO_ROAD","ROADWAY_CLEARED","ROAD_CONDITION","SCH_BUS_IND","SCH_ZONE_IND","SECONDARY_CRASH","SMALL_TRUCK_COUNT","SPEC_JURIS_CD","SUSP_MINOR_INJ_COUNT","SUSP_SERIOUS_INJ_COUNT","SUV_COUNT","TCD_FUNC_CD","TCD_TYPE","TFC_DETOUR_IND","TIME_OF_DAY","TOTAL_UNITS","TOT_INJ_COUNT","UNBELTED_OCC_COUNT","UNB_DEATH_COUNT","UNB_SUSP_SERIOUS_INJ_COUNT","UNK_INJ_DEG_COUNT","UNK_INJ_PER_COUNT","URBAN_RURAL","VAN_COUNT","VEHICLE_COUNT","WEATHER1","WEATHER2","WORKERS_PRES","WORK_ZONE_IND","WORK_ZONE_LOC","WORK_ZONE_TYPE","WZ_CLOSE_DETOUR","WZ_FLAGGER","WZ_LAW_OFFCR_IND","WZ_LN_CLOSURE","WZ_MOVING","WZ_OTHER","WZ_SHLDER_MDN","WZ_WORKERS_INJ_KILLED"
"2021119444","2034","0","0","0","0","0","0","0","0","0","8","0","","67","10","2021","6","39.971038","-75.155724","2034","6","0","0","0","0","0","0","0","0","","0","0","0","","","1","","1","","39 58:15.737","","0","75 09:20.607","8","0","0","0","67301","1","0","0","N","1","0","0","2","67301","0","","1.0","","1","N","N","N","0","","0","0","1","3","2","","","2","1","0","0","0","1","1","2","0","1","","03","","N","","","","","","","","","",""
"2021093552","1125","0","0","0","0","0","0","0","0","0","7","0","","67","9","2021","3","39.995292","-75.093245","1116","6","0","0","0","0","0","0","0","0","","0","0","0","","","0","N","0","","39 59:43.050","","0","75 05:35.683","0","0","0","0","67301","0","0","0","N","0","0","0","1","67301","0","","4.0","","9","N","N","N","0","","0","0","0","0","0","","","1","0","0","0","0","0","0","2","1","1","","04","","N","","","","","","","","","",""
"2021095539","1948","1","0","0","0","0","0","0","0","0","4","0","","67","10","2021","2","39.914889","-75.156622","1944","6","0","0","0","1","0","0","0","0","","0","0","0","","","2","","2","","39 54:53.602","4","0","75 09:23.839","3","0","0","0","67301","0","0","0","N","0","0","0","6","67301","0","","1.0","2100.0","1","N","N","N","0","","2","0","1","0","0","N","","2","2","0","0","0","0","0","2","0","2","","","","N","","","","","","","","","",""
"2021099955","1731","1","0","0","0","0","0","0","0","0","4","0","","67","10","2021","7","40.010471","-75.136173","1730","6","0","0","0","0","0","0","0","0","","0","0","0","","","0","","1","","40 00:37.695","","0","75 08:10.222","0","0","0","0","67301","0","0","0","N","0","0","0","2","67301","0","","1.0","","1","N","N","N","0","","0","0","0","3","3","","","2","0","0","0","0","0","0","2","0","2","","03","","N","","","","","","","","","",""
"2021095468","1410","1","0","0","0","0","0","0","0","0","4","0","","67","10","2021","5","40.051737","-75.127136","1405","6","0","0","0","0","1","0","0","0","","0","0","0","","","1","","1","","40 03:06.253","","0","75 07:37.689","3","0","0","0","67301","0","0","0","N","0","0","0","2","67301","0","","1.0","","1","N","N","N","0","","1","0","1","3","2","","","2","1","0","0","0","0","0","2","0","2","","","","N","","","","","","","","","",""
"2021104725","1346","2","0","0","0","0","0","0","0","0","4","0","","67","10","2021","7","40.014871","-75.080207","1343","6","0","0","0","0","1","1","0","0","","0","0","0","","","0","","1","","40 00:53.534","","0","75 04:48.745","0","0","0","0","67301","0","0","0","N","0","0","0","4","67301","0","","1.0","","1","N","N","Y","0","","0","0","0","3","3","","","2","0","4","0","0","0","0","2","0","2","","03","","N","","","","","","","","","",""
"2021078973","0921","2","0","0","0","0","0","0","0","0","1","0","","67","8","2021","1","39.936764","-75.229713","0920","6","0","0","0","0","0","0","0","0","","0","0","0","","","2","","1","","39 56:12.350","1","0","75 13:46.966","4","0","0","0","67301","0","0","0","N","0","0","0","5","67301","2","","1.0","1030.0","9","N","N","N","0","","0","0","1","3","2","N","","4","2","0","0","0","0","1","2","1","4","","04","","N","","","","","","","","","",""
"2021095317","1620","0","0","0","0","0","0","0","0","0","1","0","","67","10","2021","5","40.032347","-75.174772","1612","6","0","0","0","0","0","0","0","0","","0","0","0","","","1","Y","0","","40 01:56.450","","0","75 10:29.180","4","0","0","0","67301","0","0","0","N","0","0","0","2","67301","1","","1.0","","1","N","N","N","0","","0","0","0","3","2","","","2","1","0","0","0","0","0","2","2","2","","","","N","","","","","","","","","",""
"2021093085","1258","0","0","0","0","0","0","0","0","0","1","0","","67","9","2021","4","40.036957","-75.144895","1258","6","0","0","0","0","0","0","1","0","","0","0","0","","","2","N","0","","40 02:13.046","","0","75 08:41.621","8","0","0","0","67301","0","0","0","N","0","0","0","5","67301","0","","1.0","","1","N","N","N","0","","0","0","0","0","0","","","2","2","0","0","0","2","2","2","1","2","","","","N","","","","","","","","","",""
"2021096407","1717","0","0","0","0","0","0","0","0","0","8","0","","67","10","2021","7","39.957694","-75.225348","1717","6","0","0","0","0","0","0","0","0","","0","0","0","","","1","","1","","39 57:27.700","","0","75 13:31.251","4","0","0","0","67301","1","0","0","N","1","0","0","2","67301","1","","1.0","","1","N","N","N","0","","0","0","1","0","0","","","2","1","0","0","0","0","0","2","0","1","","03","","N","","","","","","","","","",""
"2021092782","1554","1","0","0","0","0","0","0","0","0","8","0","","67","10","2021","6","39.986524","-75.157896","1554","6","0","0","0","0","0","0","0","0","","0","0","0","","","1","","1","","39 59:11.485","","0","75 09:28.427","4","0","0","0","67301","1","0","0","N","1","0","0","2","67505","1","","1.0","","1","N","N","N","0","","0","0","0","2","2","","","2","1","0","0","0","0","0","2","0","1","","03","","N","","","","","","","","","",""
"2021092678","0827","0","0","0","0","0","0","0","0","0","8","0","","67","9","2021","4","40.028339","-75.162266","0827","6","0","0","0","0","0","1","0","0","","0","0","0","","","1","","1","","40 01:42.021","","0","75 09:44.156","3","0","0","0","67301","1","0","0","N","1","0","0","2","67301","0","","1.0","","1","N","N","N","0","","1","0","1","3","2","","","2","1","0","0","0","0","0","2","0","1","","03","","N","","","","","","","","","",""
"2021121077","0007","1","0","0","0","0","0","0","0","0","5","0","","67","11","2021","7","39.957024","-75.152422","2350","6","0","0","0","0","0","0","0","0","","0","0","0","","","2","N","0","","39 57:25.288","","0","75 09:08.718","4","0","0","0","67301","0","0","0","N","0","0","0","3","68K01","1","","2.0","","1","N","N","N","0","","0","0","0","0","0","","","2","2","0","0","0","1","1","2","0","2","","","","N","","","","","","","","","",""
"2021095984","1652","2","0","0","0","0","0","0","0","0","4","0","","67","10","2021","2","40.033684","-75.145797","1649","6","0","0","0","0","0","1","0","0","","0","0","0","","","5","","1","","40 02:01.264","","0","75 08:44.868","3","0","0","0","67301","0","0","0","N","0","0","0","6","67301","0","","1.0","","1","N","N","N","0","","5","0","0","3","2","","","2","5","0","0","0","0","1","2","0","2","","03","","N","","","","","","","","","",""
"2021108615","1458","0","0","0","0","0","0","0","0","0","7","0","","67","9","2021","6","40.013124","-75.204974","1458","6","0","0","0","0","0","0","0","0","","0","0","0","","","1","N","7","","40 00:47.248","1","2","75 12:17.906","4","0","0","0","67301","0","0","0","N","0","0","0","1","68K01","1","","3.0","1515.0","1","N","N","N","0","","0","0","0","0","0","Y","","1","1","0","0","0","0","0","2","1","1","","","","N","","","","","","","","","",""
"2021092310","1818","0","0","0","1","0","0","0","0","0","8","0","","67","9","2021","4","39.969326","-75.184578","1816","6","0","0","0","0","0","0","0","0","","0","0","0","","","1","","1","","39 58:09.574","","0","75 11:04.481","3","0","0","0","67301","1","0","0","N","0","0","0","2","67301","0","","1.0","","1","N","N","N","0","","1","0","0","3","2","","","2","1","0","0","0","0","0","2","1","1","","03","","N","","","","","","","","","",""
"2021108886","1859","0","0","0","0","0","0","0","0","0","8","0","","67","11","2021","3","40.059958","-75.049463","1854","6","0","0","0","0","0","0","0","0","","0","0","0","","","1","","1","","40 03:35.847","","0","75 02:58.066","3","0","0","0","67301","1","0","0","N","1","0","0","1","67301","0","","1.0","","1","N","N","N","0","","1","0","0","3","3","","","2","1","0","0","0","0","0","2","0","1","","03","","N","","","","","","","","","",""
"2021094402","1000","1","0","0","0","0","0","0","0","0","4","0","","67","10","2021","3","40.041549","-75.225429","0955","6","0","0","0","0","0","0","0","0","","0","0","0","","","1","N","0","","40 02:29.578","","7","75 13:31.543","4","0","0","0","67301","0","0","0","N","0","0","0","4","67301","1","","1.0","","1","N","N","N","1","","0","0","0","0","0","","","2","1","0","0","0","0","0","2","0","2","","04","","N","","","","","","","","","",""
"2021093895","2122","1","0","0","0","0","0","0","0","0","1","0","","67","10","2021","7","39.884553","-75.250638","2114","6","0","0","0","0","0","0","1","0","","0","0","0","","","0","N","0","","39 53:04.389","3","0","75 15:02.298","0","0","0","0","67301","0","0","0","N","0","0","0","6","67301","0","","1.0","2145.0","1","N","N","N","0","","0","0","1","0","0","N","","2","0","0","0","0","0","0","2","0","2","","","","N","","","","","","","","","",""
"2021095543","1945","2","0","0","0","0","0","0","0","0","4","0","","67","10","2021","5","39.930186","-75.159784","1945","6","0","0","0","0","0","0","0","0","","0","0","0","","","0","","1","","39 55:48.669","7","0","75 09:35.222","0","0","0","0","67301","0","0","0","N","0","0","0","2","67301","0","","1.0","2035.0","1","N","N","N","0","","0","0","1","3","3","Y","","3","0","0","0","0","0","0","2","0","3","","03","","N","","","","","","","","","",""
"2021102301","1853","0","0","0","0","0","0","0","0","0","8","0","","67","10","2021","3","40.000781","-75.132883","1853","6","0","0","0","0","0","0","0","0","","0","0","0","","","1","N","0","","40 00:02.810","","0","75 07:58.380","3","0","0","0","67301","1","0","0","N","1","0","0","2","67301","0","","1.0","","1","N","N","N","1","","1","0","0","0","0","","","2","1","0","0","0","0","0","2","0","1","","03","","N","","","","","","","","","",""
"2021093888","0809","0","0","0","0","0","0","0","0","0","4","0","","67","10","2021","2","40.00965","-75.064147","0806","6","0","1","0","0","0","0","0","0","","0","0","0","","","0","","2","","40 00:34.741","1","7","75 03:50.930","0","0","0","0","67301","0","0","0","N","0","0","0","2","67301","0","","1.0","920.0","1","N","N","N","0","","0","0","2","3","2","N","","2","0","0","0","0","0","0","2","0","2","","","","N","","","","","","","","","",""
"2021110218","0109","0","0","0","0","0","0","0","0","0","7","0","","67","10","2021","7","39.979033","-75.097974","0108","6","0","0","0","0","0","0","0","0","","0","0","0","","","0","N","0","","39 58:44.519","","0","75 05:52.707","9","0","0","0","67301","0","0","0","N","0","0","0","1","67301","0","","4.0","","1","N","N","N","0","","0","0","1","0","0","","","1","0","0","0","0","0","1","2","0","1","","03","","N","","","","","","","","","",""
"2021121673","2048","0","0","0","0","0","0","0","0","0","5","0","","67","11","2021","4","39.957944","-75.141271","2039","6","0","0","0","0","0","1","0","0","","0","0","0","","","1","N","0","","39 57:28.597","2","0","75 08:28.575","3","0","0","0","67301","0","0","0","N","0","0","0","2","68K01","0","","1.0","30.0","1","N","N","Y","0","","1","0","1","0","0","N","","2","1","0","0","0","0","1","2","0","2","","03","","N","","","","","","","","","",""
"2021092930","1618","1","0","0","0","0","0","0","0","0","3","0","","67","9","2021","4","39.940953","-75.175897","1617","6","0","0","0","0","0","0","0","0","","0","0","0","","","0","N","0","","39 56:27.430","","7","75 10:33.230","0","0","0","0","67301","0","0","0","N","0","0","0","1","67301","0","","6.0","","1","N","N","N","1","","0","0","1","0","0","","","3","0","0","0","0","0","0","2","0","3","","03","","N","","","","","","","","","",""
"2021097750","1207","0","0","0","1","0","0","0","0","0","8","0","","67","10","2021","5","39.996235","-75.172337","1206","6","0","0","0","0","0","0","0","0","","0","0","0","","","1","","1","","39 59:46.447","","0","75 10:20.414","3","0","0","0","67301","1","0","0","N","0","0","0","2","67301","0","","1.0","","1","N","N","N","0","","1","0","0","3","2","","","2","1","0","0","0","0","0","2","0","1","","04","","N","","","","","","","","","",""
"2021095355","0010","0","0","0","0","0","0","0","0","0","8","0","","67","10","2021","5","40.059308","-75.180931","0002","6","0","0","0","0","0","0","0","0","","0","0","0","","","1","N","0","","40 03:33.510","","0","75 10:51.350","3","0","0","0","67301","1","0","0","N","1","0","0","2","67301","0","","1.0","","1","N","N","N","0","","1","0","1","0","0","","","2","1","0","0","0","0","0","2","0","1","","","","N","","","","","","","","","",""
"2021096674","0335","1","0","0","0","0","0","0","0","0","4","0","","67","10","2021","5","39.957429","-75.229271","0334","6","0","0","0","0","0","1","0","0","","0","0","0","","","0","","1","","39 57:26.746","7","0","75 13:45.376","0","0","0","0","67301","0","0","0","N","0","0","0","3","67301","0","","1.0","635.0","1","N","N","N","0","","0","0","0","3","2","Y","","2","0","1","0","0","0","0","2","1","2","","03","","N","","","","","","","","","",""
"2021092677","0949","2","0","0","0","0","0","0","0","0","4","0","","67","9","2021","3","40.028881","-75.169363","0949","6","0","0","0","0","0","0","1","0","","0","0","0","","","1","","2","","40 01:43.971","7","0","75 10:09.706","8","0","0","0","67301","0","0","0","N","0","0","0","2","67301","0","","1.0","1045.0","1","N","N","N","0","","0","0","0","3","3","Y","","2","1","0","0","0","1","0","2","0","2","","07","","N","","","","","","","","","",""
"2021096170","1234","0","0","0","0","0","0","0","0","0","4","0","","67","10","2021","1","39.970683","-75.232585","1231","6","0","0","0","0","0","1","0","0","","0","0","0","","","1","","1","","39 58:14.458","","0","75 13:57.306","3","0","0","1","67301","0","0","0","N","0","0","0","2","67301","0","","1.0","","1","N","N","N","0","","1","0","1","3","2","","","2","1","0","0","0","0","1","2","0","2","","","","N","","","","","","","","","",""
"2021096351","1902","1","0","0","0","0","0","0","0","0","4","0","","67","10","2021","2","39.997342","-75.120319","1902","6","0","0","1","0","0","0","0","0","","0","0","0","","","1","","1","","39 59:50.432","","0","75 07:13.150","4","0","0","1","67301","0","0","0","N","0","0","0","2","67301","1","","1.0","","1","N","N","N","0","","0","0","0","3","3","","","2","1","1","0","0","0","0","2","0","2","","03","","N","","","","","","","","","",""
"2021093578","1110","1","0","0","0","0","0","0","0","0","4","0","","67","10","2021","6","40.053316","-75.069664","1109","6","0","0","0","0","0","0","0","0","","0","0","0","","","2","","1","","40 03:11.937","","0","75 04:10.789","8","0","0","0","67301","0","0","0","N","0","0","0","3","67301","0","","1.0","","1","N","N","N","0","","0","0","1","3","2","","","2","2","0","0","0","2","0","2","0","2","","03","","N","","","","","","","","","",""
"2021092910","1304","0","0","0","0","0","0","0","0","0","7","0","","67","9","2021","4","39.996478","-75.091206","1304","6","0","0","0","0","0","1","0","0","","0","0","0","","","0","N","0","","39 59:47.321","2","0","75 05:28.341","0","0","0","0","67301","0","0","0","N","0","0","0","1","68K01","0","","4.0","1400.0","1","N","N","N","0","","0","0","1","0","0","N","","1","0","0","0","0","0","0","2","0","1","","03","","N","","","","","","","","","",""
"2021094120","1740","2","0","0","0","0","0","0","0","0","6","0","","67","10","2021","6","40.063318","-74.985518","1734","6","0","0","0","0","0","0","0","1","","0","0","0","","","4","","2","","40 03:47.944","6","0","74 59:07.865","2","0","0","0","67301","0","0","0","N","0","0","0","5","67301","2","","1.0","1900.0","1","N","N","N","0","","0","2","1","3","2","N","","3","4","0","0","0","0","0","2","0","3","","03","","N","","","","","","","","","",""
"2021117477","","1","0","0","0","0","0","0","0","0","1","0","","67","10","2021","7","40.005516","-75.105344","","6","0","0","0","0","0","0","0","0","","0","0","0","","","2","","1","","40 00:19.857","","0","75 06:19.237","8","0","0","0","67301","0","0","0","N","0","0","0","3","00000","0","","1.0","","1","N","N","N","0","","0","0","1","3","2","","","2","2","0","0","0","2","0","2","0","2","","","","N","","","","","","","","","",""
"2021097697","0513","1","0","0","0","0","0","0","0","0","1","0","","67","9","2021","4","40.020568","-75.042611","0501","6","0","0","0","0","0","1","0","0","","0","0","0","","","0","N","0","","40 01:14.043","1","0","75 02:33.401","0","0","0","0","67301","0","0","0","N","0","0","0","2","68K01","0","","1.0","545.0","1","N","N","N","0","","0","0","1","0","0","N","","2","0","0","0","0","0","0","2","0","2","","","","N","","","","","","","","","",""
"2021093017","0905","1","0","0","1","0","0","0","0","0","8","0","","67","9","2021","5","39.957931","-75.164145","0902","6","0","0","0","0","0","0","0","0","","0","0","0","","","1","","1","","39 57:28.550","","8","75 09:50.921","3","0","0","0","67301","1","0","0","N","0","0","0","2","67301","0","","1.0","","1","N","N","N","0","","1","0","0","3","2","","","2","1","0","0","0","0","0","2","0","1","","03","","N","","","","","","","","","",""
"2021101369","0950","1","0","0","0","0","0","0","0","0","4","0","","67","9","2021","5","40.024577","-75.123187","0938","6","0","0","0","0","0","0","0","0","","0","0","0","","","2","","1","","40 01:28.477","","0","75 07:23.473","3","0","0","0","67301","0","0","0","N","0","0","0","3","67301","0","","1.0","","1","N","N","N","0","","2","0","1","3","2","","","2","2","0","0","0","0","1","2","0","2","","03","","N","","","","","","","","","",""
"2021097858","1654","2","0","0","0","0","0","0","0","0","1","0","45","67","10","2021","7","40.023663","-75.033592","1632","6","0","0","0","0","0","0","0","0","","0","0","0","","","1","N","0","","40 01:25.187","","0","75 02:00.930","8","0","0","0","67301","0","0","0","N","0","0","0","3","68K01","0","","1.0","","1","N","N","N","0","","0","0","0","0","0","","","2","1","0","0","0","1","0","2","0","2","","","N","Y","2","1","","","N","Y","","","Y","N"
"2021100696","0105","2","0","0","0","0","0","0","0","0","4","0","","67","10","2021","7","39.943372","-75.232331","0101","6","0","0","0","0","0","0","0","0","","0","0","0","","","2","","1","","39 56:36.138","","0","75 13:56.392","2","0","0","0","67301","0","0","0","N","0","0","0","2","67301","0","","1.0","","1","N","N","Y","0","","0","2","2","9","5","","","4","2","0","0","0","0","0","2","0","4","","03","","N","","","","","","","","","",""
"2021095417","0215","0","0","0","0","0","0","1","0","0","1","1","","67","10","2021","7","39.95577","-75.15905","0202","6","0","0","0","0","0","0","0","0","","0","0","0","","","2","","1","","39 57:20.771","","0","75 09:32.581","3","0","0","0","67301","0","0","0","N","0","0","0","3","67508","0","","1.0","","1","N","N","Y","0","","2","0","1","3","2","","","2","2","1","0","0","0","0","2","0","2","","03","","N","","","","","","","","","",""
"2021101009","0135","1","0","0","0","0","0","0","0","0","5","0","","67","10","2021","7","40.009185","-75.15067","0130","6","0","0","0","0","0","0","1","0","","0","0","0","","","1","N","0","","40 00:33.065","","0","75 09:02.411","3","0","0","0","67301","0","0","0","N","0","0","0","1","67301","0","","6.0","","1","N","N","N","0","","1","0","2","0","0","","","3","1","0","0","0","0","0","2","0","3","","03","","N","","","","","","","","","",""
"2021094289","1551","1","0","0","0","0","0","0","0","0","4","0","","67","10","2021","1","39.971811","-75.125954","1551","6","0","0","0","0","0","0","1","0","","0","0","0","","","1","","1","","39 58:18.518","","0","75 07:33.433","4","0","0","0","67301","0","0","0","N","0","0","0","3","67301","1","","1.0","","1","N","N","N","0","","0","0","1","3","2","","","2","1","1","0","0","0","0","2","0","2","","03","","N","","","","","","","","","",""
"2021093267","0617","0","0","0","0","0","0","0","0","0","7","0","","67","10","2021","1","39.95548","-75.148099","0615","6","0","0","0","0","0","0","0","0","","0","0","0","","","1","N","0","","39 57:19.729","4","8","75 08:53.156","3","0","0","0","67301","0","0","0","N","0","0","0","3","67501","0","","4.0","706.0","1","N","N","N","1","","1","0","0","0","0","Y","","1","1","0","0","0","0","0","2","0","1","","","","N","","","","","","","","","",""
"2021093614","1243","1","0","0","0","0","0","0","0","0","5","0","","67","10","2021","1","40.046043","-75.132683","1240","6","0","0","0","0","0","0","0","0","","0","0","0","","","0","N","0","","40 02:45.756","","0","75 07:57.659","0","0","0","0","67301","0","0","0","N","0","0","0","1","67301","0","","6.0","","1","N","N","N","0","","0","0","1","0","0","","","2","0","0","0","0","0","0","2","0","2","","03","","N","","","","","","","","","",""
"2021095306","1502","1","0","0","0","0","0","0","0","0","5","0","","67","10","2021","3","40.054581","-75.008493","1500","6","0","0","0","0","0","0","0","0","","0","0","0","","","0","N","0","","40 03:16.490","","0","75 00:30.576","0","0","0","0","67301","0","0","0","N","0","0","0","1","67301","0","","6.0","","1","N","N","N","0","","0","0","1","0","0","","","3","0","0","0","0","0","0","2","1","3","","03","","N","","","","","","","","","",""
"2021101030","0243","3","0","0","0","0","0","0","0","0","4","0","","67","10","2021","6","40.019613","-75.134173","0247","6","0","0","0","0","0","0","0","0","","0","0","0","","","1","","1","","40 01:10.606","","0","75 08:03.022","2","0","0","0","67301","0","0","0","N","0","0","0","2","67301","0","","1.0","","1","N","N","N","0","","0","1","1","3","3","","","4","1","0","0","0","0","0","2","0","4","","03","","N","","","","","","","","","",""
"2021093082","0815","1","0","0","0","0","0","0","0","0","5","0","","67","10","2021","6","39.928511","-75.162797","0810","6","0","0","0","0","0","0","0","1","","0","0","0","","","0","N","0","","39 55:42.640","","0","75 09:46.070","0","0","0","0","67301","0","0","0","N","0","0","0","1","67301","0","","6.0","","1","N","N","N","0","","0","0","2","0","0","","","3","0","0","0","0","0","0","2","0","3","","","","N","","","","","","","","","",""
"2021096245","1511","1","0","0","0","0","0","0","0","0","5","0","","67","10","2021","5","39.95087","-75.14107","1502","6","0","0","0","0","0","1","0","0","","0","0","0","","","0","","7","","39 57:03.131","","2","75 08:27.851","0","0","0","0","67301","0","0","0","N","0","0","0","2","68K01","0","","7.0","","1","N","N","N","0","","0","0","1","0","0","","","2","0","0","0","0","0","0","2","0","2","","","","N","","","","","","","","","",""
"2021091762","0135","4","0","0","0","0","0","0","0","0","5","0","","67","9","2021","4","40.004639","-75.151722","0133","6","0","0","0","0","0","0","0","0","","0","0","0","","","0","N","0","","40 00:16.700","","0","75 09:06.200","9","0","0","0","67301","0","0","0","N","0","0","0","1","67505","0","","6.0","","1","N","N","N","0","","0","0","0","0","0","","","4","0","0","0","0","0","1","2","0","4","","","","N","","","","","","","","","",""
"2021096100","0206","1","0","0","0","0","0","0","0","0","5","0","","67","9","2021","3","39.961236","-75.238894","0203","6","0","0","0","0","0","0","0","0","","0","0","0","","","1","N","0","","39 57:40.450","","0","75 14:20.020","8","0","0","0","67301","0","0","0","N","0","0","0","1","67301","0","","6.0","","1","N","N","N","0","","0","0","2","0","0","","","3","1","0","0","0","1","0","2","0","3","","03","","N","","","","","","","","","",""
"2021093364","0212","0","0","0","0","0","0","0","0","0","5","0","","67","10","2021","1","39.983352","-75.133588","0212","6","0","0","0","0","0","0","0","0","","0","0","0","","","1","","1","","39 59:00.067","","0","75 08:00.916","8","0","0","1","67301","0","0","0","N","0","0","0","2","67301","0","","1.0","","1","N","N","N","0","","0","0","0","3","3","","","2","1","0","0","0","1","0","2","0","2","","03","","N","","","","","","","","","",""
"2021094121","1604","1","0","0","0","0","0","0","0","0","5","0","","67","10","2021","2","40.10005","-74.985587","1600","6","0","0","0","0","0","1","0","0","","0","0","0","","","1","","2","","40 06:00.181","","0","74 59:08.113","3","0","0","0","67301","0","0","0","N","0","0","0","2","67301","0","","1.0","","1","N","N","N","0","","1","0","1","0","0","","","2","1","0","0","0","0","0","2","0","2","","03","","N","","","","","","","","","",""
"2021091835","1403","0","0","0","0","0","0","0","0","0","8","0","","67","9","2021","3","40.042323","-75.025601","1359","6","0","0","0","0","0","0","0","0","","0","0","0","","","1","","1","","40 02:32.362","","0","75 01:32.162","3","0","0","0","67301","1","0","0","N","1","0","0","2","67301","0","","1.0","","1","N","N","N","0","","1","0","1","3","2","","","2","1","0","0","0","0","0","2","0","1","","03","","N","","","","","","","","","",""
"2021092688","0854","0","0","0","1","0","0","0","0","0","4","0","","67","10","2021","6","39.991899","-75.16319","0854","6","0","0","0","0","0","0","1","0","","0","0","0","","","1","","1","","39 59:30.836","","0","75 09:47.484","3","0","0","0","67301","1","0","0","N","0","0","0","2","67301","0","","1.0","","1","N","N","N","0","","1","0","1","3","3","","","2","1","0","0","0","0","0","2","0","1","","03","","N","","","","","","","","","",""
"2021091802","0643","2","0","0","0","0","0","0","0","0","4","0","","67","9","2021","4","39.959725","-75.19521","0640","6","0","0","0","0","0","1","0","0","","0","0","0","","","1","","1","","39 57:35.010","3","0","75 11:42.756","8","0","0","0","67301","0","0","0","N","0","0","0","2","67507","0","","1.0","750.0","1","N","N","N","0","","0","0","1","3","3","Y","","3","1","0","0","0","1","0","2","0","3","","","","N","","","","","","","","","",""
"2021097560","0508","2","0","0","0","0","0","0","0","0","4","0","","67","10","2021","1","40.005516","-75.105344","0508","6","0","0","0","0","0","0","0","0","","0","0","0","","","1","","1","","40 00:19.857","","0","75 06:19.237","3","0","0","0","67301","0","0","0","N","0","0","0","2","67301","0","","1.0","","1","N","N","N","0","","1","0","0","3","2","","","2","1","1","0","0","0","0","2","0","2","","03","","N","","","","","","","","","",""
"2021097467","1548","2","0","0","0","0","0","0","0","0","1","0","","67","9","2021","5","39.985195","-75.094444","1511","6","0","0","0","0","0","1","0","0","","0","0","0","","","1","N","0","","39 59:06.701","","0","75 05:39.998","8","0","0","0","67301","0","0","0","N","0","0","0","4","68K01","0","","1.0","","1","N","N","N","0","","0","0","1","0","0","","","4","1","0","0","0","1","0","2","0","4","","","","N","","","","","","","","","",""
"2021094381","1708","0","0","0","0","0","0","0","0","0","1","0","","67","10","2021","1","39.907833","-75.144861","1705","6","0","0","0","0","0","0","1","0","","0","0","0","","","1","N","0","","39 54:28.200","3","3","75 08:41.500","4","0","0","0","67301","0","0","0","N","0","0","0","6","67501","1","","1.0","1824.0","1","N","N","N","0","","0","0","2","3","8","N","","3","1","0","0","0","0","1","2","1","3","","03","","N","","","","","","","","","",""
"2021109153","2242","2","0","0","0","0","0","0","0","0","1","1","","67","10","2021","4","40.009263","-75.0664","2231","6","0","0","0","1","0","0","0","0","","0","1","0","","","2","N","0","","40 00:33.345","","0","75 03:59.041","3","0","0","0","67301","0","0","0","N","0","0","0","4","68K01","0","","1.0","","1","N","N","N","0","","1","0","0","0","0","","","3","2","0","0","0","1","0","2","0","3","","","","N","","","","","","","","","",""
"2021109587","1905","0","0","0","0","0","0","0","0","0","1","0","","67","11","2021","3","40.036803","-75.014715","1842","6","0","0","0","0","0","0","0","0","","0","0","0","","","0","N","0","","40 02:12.490","","0","75 00:52.973","0","0","0","0","67301","0","0","0","N","0","0","0","2","68K01","0","","1.0","","1","N","N","N","0","","0","0","2","0","0","","","2","0","0","0","0","0","0","2","0","2","","03","","N","","","","","","","","","",""