"CRN","ARRIVAL_TM","AUTOMOBILE_COUNT","BELTED_DEATH_COUNT","BELTED_SUSP_SERIOUS_INJ_COUNT","BICYCLE_COUNT","BICYCLE_DEATH_COUNT","BICYCLE_SUSP_SERIOUS_INJ_COUNT","BUS_COUNT","CHLDPAS_DEATH_COUNT","CHLDPAS_SUSP_SERIOUS_INJ_COUNT","COLLISION_TYPE","COMM_VEH_COUNT","CONS_ZONE_SPD_LIM","COUNTY","CRASH_MONTH","CRASH_YEAR","DAY_OF_WEEK","DEC_LATITUDE","DEC_LONGITUDE","DISPATCH_TM","DISTRICT","DRIVER_COUNT_16YR","DRIVER_COUNT_17YR","DRIVER_COUNT_18YR","DRIVER_COUNT_19YR","DRIVER_COUNT_20YR","DRIVER_COUNT_50_64YR","DRIVER_COUNT_65_74YR","DRIVER_COUNT_75PLUS","EST_HRS_CLOSED","FATAL_COUNT","HEAVY_TRUCK_COUNT","HORSE_BUGGY_COUNT","HOUR_OF_DAY","ILLUMINATION","INJURY_COUNT","INTERSECTION_RELATED","INTERSECT_TYPE","LANE_CLOSED","LATITUDE","LN_CLOSE_DIR","LOCATION_TYPE","LONGITUDE","MAX_SEVERITY_LEVEL","MCYCLE_DEATH_COUNT","MCYCLE_SUSP_SERIOUS_INJ_COUNT","MOTORCYCLE_COUNT","MUNICIPALITY","NONMOTR_COUNT","NONMOTR_DEATH_COUNT","NONMOTR_SUSP_SERIOUS_INJ_COUNT","NTFY_HIWY_MAINT","PED_COUNT","PED_DEATH_COUNT","PED_SUSP_SERIOUS_INJ_COUNT","PERSON_COUNT","POLICE_AGCY","POSSIBLE_INJ_COUNT","RDWY_SURF_TYPE_CD","RELATION_TO_ROAD","ROADWAY_CLEARED","ROAD_CONDITION","SCH_BUS_IND","SCH_ZONE_IND","SECONDARY_CRASH","SMALL_TRUCK_COUNT","SPEC_JURIS_CD","SUSP_MINOR_INJ_COUNT","SUSP_SERIOUS_INJ_COUNT","SUV_COUNT","TCD_FUNC_CD","TCD_TYPE","TFC_DETOUR_IND","TIME_OF_DAY","TOTAL_UNITS","TOT_INJ_COUNT","UNBELTED_OCC_COUNT","UNB_DEATH_COUNT","UNB_SUSP_SERIOUS_INJ_COUNT","UNK_INJ_DEG_COUNT","UNK_INJ_PER_COUNT","URBAN_RURAL","VAN_COUNT","VEHICLE_COUNT","WEATHER1","WEATHER2","WORKERS_PRES","WORK_ZONE_IND","WORK_ZONE_LOC","WORK_ZONE_TYPE","WZ_CLOSE_DETOUR","WZ_FLAGGER","WZ_LAW_OFFCR_IND","WZ_LN_CLOSURE","WZ_MOVING","WZ_OTHER","WZ_SHLDER_MDN","WZ_WORKERS_INJ_KILLED"
"2021093680","1720","1","0","0","1","0","1","0","0","0","8","0","","67","10","2021","7","40.077886","-75.023488","1720","6","0","0","0","0","0","0","0","0","","0","0","0","","","1","N","0","","40 04:40.390","","0","75 01:24.558","2","0","0","0","67301","1","0","1","N","0","0","0","3","67301","0","","1.0","","1","N","N","N","0","","0","1","0","0","0","","","2","1","0","0","0","0","0","2","0","1","","","","N","","","","","","","","","",""
"2021092504","0830","1","0","0","0","0","0","0","0","0","7","0","","67","9","2021","4","39.965178","-75.222156","0829","6","0","0","0","1","0","0","0","0","","0","0","0","","","0","N","0","","39 57:54.640","","0","75 13:19.760","9","0","0","0","67301","0","0","0","N","0","0","0","1","67301","0","","5.0","","1","N","N","N","0","","0","0","0","0","0","","","1","0","1","0","0","0","1","2","0","1","","03","","N","","","","","","","","","",""
"2021094678","1304","0","0","0","0","0","0","0","0","0","8","0","","67","10","2021","4","39.997409","-75.07329","1246","6","0","0","0","0","0","0","1","0","","0","0","0","","","1","","1","","39 59:50.672","","0","75 04:23.843","3","0","0","0","67301","1","0","0","N","1","0","0","2","67301","0","","1.0","","1","N","N","N","1","","1","0","0","3","2","","","2","1","0","0","0","0","0","2","0","1","","03","","N","","","","","","","","","",""
"2021094156","1605","2","0","0","0","0","0","0","0","0","4","0","","67","10","2021","2","40.057354","-75.076833","1600","6","0","0","0","0","0","0","0","0","","0","0","0","","","1","","1","","40 03:26.473","","99","75 04:36.598","3","0","0","0","67301","0","0","0","N","0","0","0","2","67301","0","","1.0","","1","N","N","N","0","","1","0","0","3","2","","","2","1","0","0","0","0","0","2","0","2","","","","N","","","","","","","","","",""
"2021093269","2248","3","0","0","0","0","0","0","0","0","6","0","","67","9","2021","4","39.926054","-75.234895","2248","6","0","0","0","0","0","0","0","0","","0","0","0","","","1","N","0","","39 55:33.795","","0","75 14:05.621","3","0","0","0","67301","0","0","0","N","0","0","0","1","67301","0","","6.0","","1","N","N","N","0","","1","0","2","0","0","","","5","1","1","0","0","0","0","2","0","5","","","","N","","","","","","","","","",""
"2021096692","1235","1","0","0","0","0","0","0","0","0","4","0","","67","10","2021","6","39.97025","-75.130482","1230","6","0","0","0","0","0","0","0","0","","0","0","0","","","0","","1","","39 58:12.899","","0","75 07:49.736","0","0","0","0","67301","0","0","0","N","0","0","0","2","67301","0","","1.0","","1","N","N","N","0","","0","0","1","3","2","","","2","0","1","0","0","0","0","2","0","2","","03","","N","","","","","","","","","",""
"2021094435","1120","1","0","0","0","0","0","0","0","0","4","0","","67","10","2021","4","40.033146","-75.10696","1104","6","0","0","0","0","0","0","0","0","","0","0","0","","","1","","1","","40 01:59.326","","0","75 06:25.057","8","0","0","0","67301","0","0","0","N","0","0","0","2","67301","0","","1.0","","1","N","N","N","0","","0","0","1","3","2","","","2","1","0","0","0","1","1","2","0","2","","04","","N","","","","","","","","","",""
"2021091994","1021","1","0","0","0","0","0","0","0","0","4","0","","67","9","2021","4","39.946965","-75.154502","1010","6","0","0","0","0","0","1","1","0","","0","0","0","","","1","","1","","39 56:49.075","","0","75 09:16.207","8","0","0","0","67301","0","0","0","N","0","0","0","3","67301","0","","1.0","","1","N","N","N","0","","0","0","1","","2","","","2","1","0","0","0","1","0","2","0","2","","03","","N","","","","","","","","","",""
"2021093270","0528","2","0","0","0","0","0","0","0","0","5","0","","67","10","2021","7","39.926303","-75.243783","0528","6","0","0","0","0","0","0","0","0","","0","0","0","","","0","N","0","","39 55:34.692","","0","75 14:37.619","9","0","0","0","67301","0","0","0","N","0","0","0","1","67301","0","","6.0","","1","N","N","N","0","","0","0","0","","0","","","3","0","0","0","0","0","1","2","0","3","","03","","N","","","","","","","","","",""
"2021096549","2030","0","0","0","1","0","0","0","0","0","8","0","","67","10","2021","5","40.050469","-75.051488","2017","6","0","0","0","0","0","0","0","0","","0","0","0","","","1","","2","","40 03:01.689","","0","75 03:05.355","3","0","0","0","67301","1","0","0","N","0","0","0","2","67301","0","","1.0","","1","N","N","N","0","","1","0","1","","3","","","2","1","0","0","0","0","0","2","0","1","","03","","N","","","","","","","","","",""
"2021096673","0142","2","0","0","0","0","0","0","0","0","4","0","","67","10","2021","4","39.959913","-75.243215","0140","6","0","0","0","0","0","0","0","0","","0","0","0","","","2","","1","","39 57:35.686","","0","75 14:35.573","8","0","0","0","67301","0","0","0","N","0","0","0","3","67301","0","","1.0","","1","N","N","N","0","","0","0","1","","3","","","3","2","0","0","0","2","0","2","0","3","","03","","N","","","","","","","","","",""
"2021097561","0111","2","0","0","0","0","0","0","0","0","1","0","","67","10","2021","1","39.989378","-75.118696","0110","6","0","0","0","0","0","0","0","0","","0","0","0","","","1","N","0","","39 59:21.760","","0","75 07:07.304","4","0","0","0","67301","0","0","0","N","0","0","0","2","67301","1","","1.0","","1","N","N","N","0","","0","0","0","","0","","","2","1","1","0","0","0","0","2","0","2","","03","","N","","","","","","","","","",""
"2021098667","1215","0","0","0","0","0","0","0","0","0","8","0","","67","10","2021","5","39.961734","-75.136493","1204","6","0","0","0","0","0","1","0","0","","0","0","0","","","1","","2","","39 57:42.244","","0","75 08:11.375","2","0","0","0","67301","1","0","1","N","1","0","1","2","67301","0","","1.0","","1","N","N","N","0","","0","1","1","","2","","","2","1","0","0","0","0","0","2","0","1","","03","","N","","","","","","","","","",""
"2021093842","0119","0","0","0","0","0","0","0","0","0","7","0","","67","10","2021","6","39.942637","-75.193441","0113","6","0","0","0","0","0","0","0","0","","0","0","0","","","0","","7","","39 56:33.493","3","2","75 11:36.386","9","0","0","1","67301","0","0","0","N","0","0","0","1","68K01","0","","7.0","200.0","1","N","N","N","0","","0","0","0","","0","N","","1","0","0","0","0","0","1","2","0","1","","","","N","","","","","","","","","",""
"2021082482","1548","2","0","0","0","0","0","0","0","0","4","0","","67","8","2021","2","39.958533","-75.247589","1547","6","0","0","0","0","0","0","0","0","","0","0","0","","","0","","2","","39 57:30.720","1","0","75 14:51.320","0","0","0","0","67301","0","0","0","N","0","0","0","2","67301","0","","1.0","1636.0","1","N","N","N","0","","0","0","0","","3","N","","2","0","2","0","0","0","0","2","0","2","","03","","N","","","","","","","","","",""
"2021102302","1014","4","0","0","0","0","0","0","0","0","1","0","","67","10","2021","5","39.998832","-75.119011","1003","6","0","0","0","0","0","1","0","0","","0","0","0","","","1","","1","","39 59:55.795","4","0","75 07:08.439","3","0","0","0","67301","0","0","0","N","0","0","0","3","67301","0","","1.0","1140.0","1","N","N","N","1","","1","0","2","","3","N","","7","1","0","0","0","0","1","2","0","7","","04","","N","","","","","","","","","",""
"2021096325","2358","0","0","0","0","0","0","0","0","0","4","0","","67","10","2021","1","40.054938","-75.155154","2355","6","0","0","0","0","0","1","0","0","","0","0","0","","","1","","1","","40 03:17.776","","0","75 09:18.554","3","0","0","0","67301","0","0","0","N","0","0","0","2","67301","0","","1.0","","1","N","N","N","0","","1","0","2","","3","","","2","1","0","0","0","0","1","2","0","2","","03","","N","","","","","","","","","",""
"2021093271","1715","1","0","0","0","0","0","0","0","0","6","0","","67","10","2021","7","39.896972","-75.251154","1711","6","0","0","0","0","0","1","1","0","","0","0","0","","","3","N","0","","39 53:49.098","","0","75 15:04.154","3","0","0","0","67301","0","0","0","N","0","0","0","4","67301","1","","1.0","","1","N","N","Y","0","","1","0","2","","0","","","3","3","0","0","0","1","1","2","0","3","","03","","N","","","","","","","","","",""
"2021093973","0807","2","0","0","0","0","0","0","0","0","1","0","","67","10","2021","2","40.027839","-75.099796","0754","6","0","0","0","0","0","0","0","0","","0","0","0","","","1","N","0","","40 01:40.221","","0","75 05:59.264","3","0","0","0","67301","0","0","0","N","0","0","0","3","67301","0","","1.0","","9","N","N","N","0","","1","0","0","","0","","","2","1","0","0","0","0","0","2","0","2","","07","","N","","","","","","","","","",""
"2021095961","1700","1","0","0","1","0","1","0","0","0","8","0","","67","10","2021","6","39.928653","-75.229961","1655","6","0","0","0","0","0","0","0","0","","0","0","0","","","1","N","0","","39 55:43.150","","0","75 13:47.860","2","0","0","0","67301","1","0","1","N","0","0","0","2","67301","0","","1.0","","1","N","N","N","0","","0","1","0","","0","","","2","1","0","0","0","0","0","2","0","1","","","","N","","","","","","","","","",""
"2021094332","2344","0","0","0","0","0","0","0","0","0","4","0","","67","10","2021","3","39.96955","-75.139578","2344","6","0","0","0","0","0","0","0","0","","0","0","0","","","0","","5","","39 58:10.379","2","0","75 08:22.482","0","0","0","0","67301","0","0","0","N","0","0","0","3","67301","0","","1.0","2344.0","1","N","N","N","0","","0","0","2","","2","Y","","2","0","0","0","0","0","0","2","0","2","","","","N","","","","","","","","","",""
"2021093496","0116","0","0","0","0","0","0","0","0","0","4","0","","67","10","2021","7","39.991088","-75.132858","0113","6","0","0","0","0","0","0","0","0","","0","0","0","","","0","","1","","39 59:27.918","","0","75 07:58.290","0","0","0","0","67301","0","0","0","N","0","0","0","2","67301","0","","1.0","","1","N","N","N","0","","0","0","1","","2","","","2","0","0","0","0","0","0","2","0","2","","03","","N","","","","","","","","","",""
"2021101452","1345","2","0","0","0","0","0","0","0","0","1","0","","67","10","2021","1","40.000372","-75.14313","1339","6","0","0","0","0","0","0","0","0","","0","0","0","","","0","N","0","","40 00:01.339","","0","75 08:35.269","9","0","0","0","67301","0","0","0","N","0","0","0","1","67301","0","","6.0","","1","N","N","N","0","","0","0","0","","0","","","2","0","0","0","0","0","1","2","0","2","","03","","N","","","","","","","","","",""
"2021095476","0756","0","0","0","0","0","0","0","0","0","8","0","","67","10","2021","6","39.918547","-75.184372","0754","6","0","0","0","0","0","0","0","0","","0","0","0","","","1","","2","","39 55:06.769","","0","75 11:03.739","3","0","0","0","67301","1","0","0","N","1","0","0","2","67301","0","","1.0","","1","N","N","N","0","","1","0","1","","3","","","2","1","0","0","0","0","0","2","0","1","","03","","N","","","","","","","","","",""
"2021019427","1655","0","0","0","0","0","0","0","0","0","8","0","","67","2","2021","5","39.989805","-75.125528","1645","6","0","0","0","0","0","0","0","0","","0","0","0","","","1","","2","","39 59:23.298","","0","75 07:31.900","3","0","0","0","67301","1","0","0","N","1","0","0","2","67301","0","","1.0","","1","N","N","N","0","","1","0","0","","0","","","2","1","0","0","0","0","1","2","0","1","","","","N","","","","","","","","","",""
"2021126899","2336","0","0","0","0","0","0","0","0","0","7","0","","67","12","2021","1","39.974598","-75.199484","2335","6","0","0","0","0","0","0","0","0","","0","0","0","","","0","","2","","39 58:28.552","4","0","75 11:58.141","9","0","0","0","67301","0","0","0","N","0","0","0","1","67301","0","","9.0","131.0","1","N","N","N","0","","0","0","1","","2","N","","1","0","0","0","0","0","1","2","0","1","","","","N","","","","","","","","","",""
"2021094522","0902","1","0","0","0","0","0","0","0","0","1","0","","67","10","2021","3","40.121583","-75.012017","0855","6","0","0","0","0","0","0","0","0","","0","0","0","","","1","N","0","","40 07:17.700","","0","75 00:43.260","8","0","0","0","67301","0","0","0","N","0","0","0","5","67301","0","","1.0","","9","N","N","N","0","","0","0","1","","0","","","2","1","0","0","0","1","4","2","0","2","","07","","N","","","","","","","","","",""
"2021095953","0240","1","0","0","0","0","0","0","0","0","4","0","","67","10","2021","5","39.942628","-75.221405","0225","6","0","0","0","0","0","0","0","0","","0","0","0","","","1","","1","","39 56:33.460","","0","75 13:17.058","3","0","0","0","67301","0","0","0","N","0","0","0","3","67301","0","","1.0","","1","N","N","N","0","","1","0","1","","2","","","2","1","0","0","0","0","2","2","0","2","","03","","N","","","","","","","","","",""
"2021093272","0350","1","0","0","0","0","0","0","0","0","4","0","","67","10","2021","1","39.984727","-75.144049","0350","6","0","0","0","0","0","0","0","0","","0","0","0","","","2","","1","","39 59:05.017","7","0","75 08:38.576","3","0","0","0","67301","0","0","0","N","0","0","0","2","67301","0","","1.0","500.0","1","N","N","N","0","","1","0","1","","2","Y","","2","2","1","0","0","1","0","2","0","2","","03","","N","","","","","","","","","",""
"2021095316","1701","1","0","0","0","0","0","0","0","0","4","0","","67","10","2021","4","39.968117","-75.160105","1700","6","0","0","0","0","0","0","0","0","","0","0","0","","","1","","2","","39 58:05.221","","0","75 09:36.378","3","0","0","0","67301","0","0","0","N","0","0","0","3","67301","0","","1.0","","1","N","N","N","0","","1","0","1","","2","","","2","1","3","0","0","0","0","2","0","2","","04","","N","","","","","","","","","",""
"2021101325","2106","1","0","0","0","0","0","0","0","0","8","0","","67","9","2021","5","39.951017","-75.197156","2105","6","0","0","0","0","0","1","0","0","","0","0","0","","","1","N","0","","39 57:03.660","","0","75 11:49.760","3","0","0","0","67301","1","0","0","N","1","0","0","4","67504","0","","1.0","","1","N","N","N","0","","1","0","0","","2","","","2","1","2","0","0","0","0","2","0","1","","03","","N","","","","","","","","","",""
"2021092227","0045","2","0","0","0","0","0","0","0","0","5","0","","67","9","2021","3","39.977008","-75.13685","0037","6","0","0","0","0","0","0","0","0","","0","0","0","","","0","N","0","","39 58:37.230","","0","75 08:12.660","0","0","0","0","67301","0","0","0","N","0","0","0","1","67301","0","","6.0","","1","N","N","N","0","","0","0","1","","0","","","3","0","1","0","0","0","0","2","0","3","","03","","N","","","","","","","","","",""
"2021097215","1626","3","0","0","0","0","0","0","0","0","5","0","","67","10","2021","3","40.040222","-75.155893","1625","6","0","0","0","0","0","1","0","0","","0","0","0","","","1","N","0","","40 02:24.799","","0","75 09:21.214","4","0","0","0","67301","0","0","0","N","0","0","0","1","67301","1","","6.0","","1","N","N","N","0","","0","0","1","","0","","","4","1","1","0","0","0","0","2","0","4","","04","","N","","","","","","","","","",""
"2021095222","2110","0","0","0","0","0","0","0","0","0","8","0","","67","10","2021","4","39.986563","-75.180517","2104","6","0","0","0","0","0","1","0","0","","0","0","0","","","1","N","0","","39 59:11.626","","0","75 10:49.861","3","0","0","0","67301","1","0","0","N","1","0","0","2","67301","0","","1.0","","1","N","N","N","0","","1","0","1","","0","","","2","1","0","0","0","0","0","2","0","1","","03","","N","","","","","","","","","",""
"2021091512","1105","2","0","0","0","0","0","0","0","0","5","0","","67","9","2021","3","39.951601","-75.157786","1100","6","0","0","0","0","0","1","0","1","","0","0","0","","","0","N","0","","39 57:05.762","","0","75 09:28.029","0","0","0","0","67301","0","0","0","N","0","0","0","3","67301","0","","1.0","","1","N","N","N","0","","0","0","0","","0","","","2","0","0","0","0","0","0","2","0","2","","","","N","","","","","","","","","",""
"2021094707","0845","1","0","0","0","0","0","0","0","0","8","0","","67","9","2021","4","40.018997","-75.19399","0835","6","0","0","0","0","0","1","0","0","","0","0","0","","","1","","2","","40 01:08.389","","0","75 11:38.364","3","0","0","0","67301","1","0","0","N","1","0","0","2","67301","0","","1.0","","1","N","N","N","0","","1","0","0","","0","","","2","1","0","0","0","0","1","2","0","1","","03","","N","","","","","","","","","",""
"2021092360","1025","0","0","0","0","0","0","0","0","0","5","0","","67","9","2021","3","39.947022","-75.239833","1020","6","0","0","0","0","0","1","0","0","","0","0","0","","","1","N","0","","39 56:49.280","","0","75 14:23.400","3","0","0","0","67301","0","0","0","N","0","0","0","2","67301","0","","1.0","","1","N","N","N","0","","1","0","3","","0","","","4","1","0","0","0","0","0","2","1","4","","04","","N","","","","","","","","","",""
"2021093712","1940","0","0","0","0","0","0","0","0","0","7","0","","67","10","2021","1","39.9917","-75.229967","1927","6","0","0","0","0","0","1","0","0","","0","0","0","","","3","N","0","","39 59:30.120","","0","75 13:47.880","3","0","0","0","67301","0","0","0","N","0","0","0","3","67301","0","","5.0","","1","N","N","N","0","","3","0","0","","0","","","1","3","0","0","0","0","0","2","1","1","","04","","N","","","","","","","","","",""
"2021094987","0120","0","0","0","0","0","0","0","0","0","4","0","","67","10","2021","1","39.951701","-75.236857","0115","6","0","1","0","0","0","0","0","0","","0","0","0","","","1","","1","","39 57:06.123","","0","75 14:12.685","3","0","0","0","67301","0","0","0","N","0","0","0","2","67301","0","","1.0","","1","N","N","N","0","","1","0","2","","2","","","2","1","0","0","0","0","1","2","0","2","","03","","N","","","","","","","","","",""
"2021093679","1509","1","0","0","0","0","0","0","0","0","1","0","","67","9","2021","5","40.045866","-74.994623","1456","6","0","0","0","0","0","0","1","0","","0","0","0","","","1","","1","","40 02:45.118","","0","74 59:40.643","8","0","0","0","67301","0","0","0","N","0","0","0","3","67301","0","","1.0","","1","N","N","N","1","","0","0","1","","2","","","3","1","0","0","0","1","0","2","0","3","","03","","N","","","","","","","","","",""
"2021095067","1345","2","0","0","0","0","0","0","0","0","4","0","","67","9","2021","3","40.02153","-75.15797","1330","6","0","0","0","0","0","0","0","0","","0","0","0","","","1","N","2","","40 01:17.509","","0","75 09:28.691","2","0","0","0","67301","0","0","0","N","0","0","0","2","67301","0","","1.0","","1","N","N","N","0","","0","1","1","","3","","","3","1","0","0","0","0","0","2","0","3","","04","","N","","","","","","","","","",""
"2021092494","1532","1","0","0","0","0","0","0","0","0","4","0","","67","9","2021","3","39.965289","-75.201546","1532","6","0","0","0","0","0","0","0","0","","0","0","0","","","1","","1","","39 57:55.040","","0","75 12:05.565","8","0","0","0","67301","0","0","0","N","0","0","0","2","67301","0","","1.0","","1","N","N","N","0","","0","0","0","","3","","","2","1","0","0","0","1","0","2","1","2","","","","N","","","","","","","","","",""
"2021095754","0121","1","0","0","0","0","0","0","0","0","1","0","","67","10","2021","7","40.035117","-75.070946","0116","6","0","0","0","0","0","1","0","0","","0","0","0","","","1","","1","","40 02:06.421","3","0","75 04:15.407","4","0","0","1","67301","0","0","0","N","0","0","0","2","67301","1","","1.0","120.0","1","N","N","N","0","","0","0","0","","2","N","","2","1","0","0","0","0","0","2","0","2","","03","","N","","","","","","","","","",""
"2021097797","1252","1","0","0","0","0","0","0","0","0","4","0","","67","10","2021","2","39.952083","-75.205584","1250","6","0","0","0","0","0","0","0","0","","0","0","0","","","2","","1","","39 57:07.498","","0","75 12:20.102","3","0","0","0","67301","0","0","0","N","0","0","0","2","67504","1","","1.0","","1","N","N","N","0","","1","0","0","","2","","","2","2","0","0","0","0","0","2","1","2","","03","","N","","","","","","","","","",""
"2021078756","0227","2","0","0","0","0","0","0","0","0","4","0","","67","8","2021","2","40.060398","-74.990435","0226","6","0","0","0","0","1","0","0","0","","0","0","0","","","1","","1","","40 03:37.434","","0","74 59:25.565","8","0","0","0","67301","0","0","0","N","0","0","0","2","67301","0","","1.0","","9","N","N","N","0","","0","0","0","","2","","","2","1","0","0","0","1","1","2","0","2","","07","","N","","","","","","","","","",""
"2021094636","1153","0","0","0","0","0","0","0","0","0","8","0","","67","10","2021","4","40.044178","-75.162719","1153","6","0","0","0","0","0","1","0","0","","0","0","0","","","1","","1","","40 02:39.040","","0","75 09:45.790","4","0","0","0","67301","1","0","0","N","1","0","0","2","67301","1","","1.0","","1","N","N","N","0","","0","0","1","","2","","","2","1","0","0","0","0","0","2","0","1","","04","","N","","","","","","","","","",""
"2021096483","1250","2","0","0","0","0","0","0","0","0","1","0","","67","10","2021","6","40.03411","-75.208307","1244","6","0","0","0","0","0","0","0","1","","0","0","0","","","1","","2","","40 02:02.795","1","0","75 12:29.904","4","0","0","0","67301","0","0","0","N","0","0","0","3","67301","1","","1.0","1242.0","1","N","N","N","0","","0","0","0","","2","N","","2","1","0","0","0","0","1","2","0","2","","03","","N","","","","","","","","","",""
"2021092975","0057","0","0","0","0","0","0","0","0","0","8","0","","67","9","2021","5","40.027579","-75.147244","0057","6","0","0","0","0","0","0","0","0","","0","0","0","","","1","","1","","40 01:39.286","","0","75 08:50.079","3","0","0","0","67301","1","0","0","N","1","0","0","2","67301","0","","1.0","","1","N","N","N","0","","1","0","0","","2","","","2","1","0","0","0","0","0","2","0","1","","03","","N","","","","","","","","","",""
"2021093787","1837","3","0","0","0","0","0","0","0","0","5","0","","67","10","2021","1","39.995244","-75.185597","1837","6","0","0","0","0","0","0","0","0","","0","0","0","","","0","N","0","","39 59:42.880","","0","75 11:08.150","0","0","0","0","67301","0","0","0","N","0","0","0","2","67301","0","","1.0","","1","N","N","N","0","","0","0","0","","0","","","3","0","1","0","0","0","0","2","0","3","","03","","N","","","","","","","","","",""
"2021092348","0802","2","0","0","0","0","0","0","0","0","4","0","","67","9","2021","5","39.97618","-75.138121","0800","6","0","0","0","0","0","2","0","0","","0","0","0","","","4","","1","","39 58:34.247","","0","75 08:17.235","3","0","0","0","67301","1","0","0","N","1","0","0","4","67301","0","","1.0","","1","N","N","N","0","","4","0","1","","2","","","4","4","0","0","0","0","0","2","0","3","","03","","N","","","","","","","","","",""
"2021117519","","0","0","0","0","0","0","0","0","0","4","0","","67","10","2021","3","40.074548","-75.166398","","6","0","0","0","0","0","0","1","0","","0","0","0","","","1","","1","","40 04:28.372","","0","75 09:59.032","8","0","0","0","67301","0","0","0","N","0","0","0","2","00000","0","","1.0","","1","N","N","N","0","","0","0","1","","3","","","2","1","0","0","0","1","0","2","0","2","","","","N","","","","","","","","","",""
"2021101031","2347","0","0","0","0","0","0","0","0","0","8","0","","67","10","2021","4","40.015677","-75.140093","2200","6","0","0","0","0","0","1","0","0","","0","0","0","","","1","","1","","40 00:56.437","","0","75 08:24.334","3","0","0","0","67301","1","0","0","N","1","0","0","2","67301","0","","1.0","","1","N","N","N","0","","1","0","1","","0","","","2","1","0","0","0","0","0","2","0","1","","03","","N","","","","","","","","","",""
"2021096343","1912","1","0","0","1","0","1","0","0","0","8","0","","67","10","2021","4","39.954673","-75.194467","1908","6","0","0","0","0","0","0","0","0","","0","0","0","","","1","","1","","39 57:16.822","","0","75 11:40.080","2","0","0","0","67301","1","0","1","N","0","0","0","2","67504","0","","1.0","","1","N","N","N","0","","0","1","0","","2","","","2","1","0","0","0","0","0","2","0","1","","03","","N","","","","","","","","","",""
"2021084819","1605","0","0","0","0","0","0","0","0","0","8","0","","67","8","2021","7","40.022511","-75.132031","1600","6","0","0","0","0","0","0","0","0","","0","0","0","","","1","N","0","","40 01:21.040","","0","75 07:55.310","8","0","0","0","67301","1","0","0","N","1","0","0","2","67301","0","","6.0","","1","N","N","N","0","","0","0","1","","0","","","2","1","0","0","0","1","1","2","0","1","","03","","N","","","","","","","","","",""
"2021091800","0517","0","0","0","0","0","0","0","0","0","7","0","","67","9","2021","3","40.032717","-75.174403","0514","6","0","0","0","0","0","0","1","0","","0","0","0","","","0","","1","","40 01:57.781","","0","75 10:27.850","0","0","0","0","67301","0","0","0","N","0","0","0","2","67301","0","","4.0","","1","N","N","N","0","","0","0","1","","2","","","1","0","0","0","0","0","0","2","0","1","","03","","N","","","","","","","","","",""
"2021098022","0215","1","0","0","0","0","0","0","0","0","1","0","","67","10","2021","6","39.98333","-75.118901","0214","6","0","0","0","0","0","0","0","0","","0","0","0","","","0","N","0","","39 58:59.987","","0","75 07:08.043","9","0","0","0","67301","0","0","0","N","0","0","0","1","67301","0","","3.0","","1","N","N","N","0","","0","0","0","","0","","","2","0","0","0","0","0","1","2","0","2","","","","N","","","","","","","","","",""
"2021095308","0015","2","0","0","0","0","0","0","0","0","1","0","","67","10","2021","4","40.080619","-74.993103","0012","6","0","0","0","0","0","0","0","0","","0","0","0","","","0","N","0","","40 04:50.230","","0","74 59:35.170","0","0","0","0","67301","0","0","0","N","0","0","0","1","67301","0","","6.0","","1","N","N","Y","0","","0","0","2","","0","","","4","0","0","0","0","0","0","2","0","4","","03","","N","","","","","","","","","",""
"2021096384","2300","1","0","0","0","0","0","0","0","0","4","0","","67","10","2021","3","39.961428","-75.2368","2256","6","0","0","0","0","0","0","0","0","","0","0","0","","","1","","1","","39 57:41.141","","0","75 14:12.480","3","0","0","0","67301","0","0","0","N","0","0","0","2","67301","0","","1.0","","1","N","N","N","0","","1","0","0","","2","","","2","1","0","0","0","0","0","2","1","2","","03","","N","","","","","","","","","",""
"2021093216","1950","1","0","0","0","0","0","0","0","0","4","0","","67","9","2021","5","39.969723","-75.141553","1950","6","0","0","0","0","0","0","0","0","","0","0","0","","","1","","1","","39 58:11.001","","0","75 08:29.592","8","0","0","0","67301","0","0","0","N","0","0","0","2","67301","0","","1.0","","1","N","N","N","0","","0","0","0","","2","","","2","1","0","0","0","1","0","2","0","2","","","","N","","","","","","","","","",""
"2021127803","0423","2","0","0","0","0","0","0","0","0","1","0","","67","10","2021","6","40.030005","-75.206534","0417","6","0","0","0","0","0","0","0","0","","0","0","0","","","0","N","0","","40 01:48.019","1","0","75 12:23.524","0","0","0","0","67301","0","0","0","N","0","0","0","1","67301","0","","6.0","610.0","1","N","N","N","1","","0","0","0","","0","N","","3","0","0","0","0","0","0","2","0","3","","03","","N","","","","","","","","","",""
"2021092947","0030","1","0","0","0","0","0","0","0","0","4","0","","67","10","2021","6","40.041919","-75.074975","0030","6","0","0","0","0","0","1","0","0","","0","0","0","","","0","","5","","40 02:30.909","","0","75 04:29.910","9","0","0","0","67301","0","0","0","N","0","0","0","2","67301","0","","1.0","","99","N","N","N","0","","0","0","1","","2","","","2","0","0","0","0","0","1","2","0","2","","03","","N","","","","","","","","","",""