"CRN","ARRIVAL_TM","AUTOMOBILE_COUNT","BELTED_DEATH_COUNT","BELTED_SUSP_SERIOUS_INJ_COUNT","BICYCLE_COUNT","BICYCLE_DEATH_COUNT","BICYCLE_SUSP_SERIOUS_INJ_COUNT","BUS_COUNT","CHLDPAS_DEATH_COUNT","CHLDPAS_SUSP_SERIOUS_INJ_COUNT","COLLISION_TYPE","COMM_VEH_COUNT","CONS_ZONE_SPD_LIM","COUNTY","CRASH_MONTH","CRASH_YEAR","DAY_OF_WEEK","DEC_LATITUDE","DEC_LONGITUDE","DISPATCH_TM","DISTRICT","DRIVER_COUNT_16YR","DRIVER_COUNT_17YR","DRIVER_COUNT_18YR","DRIVER_COUNT_19YR","DRIVER_COUNT_20YR","DRIVER_COUNT_50_64YR","DRIVER_COUNT_65_74YR","DRIVER_COUNT_75PLUS","EST_HRS_CLOSED","FATAL_COUNT","HEAVY_TRUCK_COUNT","HORSE_BUGGY_COUNT","HOUR_OF_DAY","ILLUMINATION","INJURY_COUNT","INTERSECTION_RELATED","INTERSECT_TYPE","LANE_CLOSED","LATITUDE","LN_CLOSE_DIR","LOCATION_TYPE","LONGITUDE","MAX_SEVERITY_LEVEL","MCYCLE_DEATH_COUNT","MCYCLE_SUSP_SERIOUS_INJ_COUNT","MOTORCYCLE_COUNT","MUNICIPALITY","NONMOTR_COUNT","NONMOTR_DEATH_COUNT","NONMOTR_SUSP_SERIOUS_INJ_COUNT","NTFY_HIWY_MAINT","PED_COUNT","PED_DEATH_COUNT","PED_SUSP_SERIOUS_INJ_COUNT","PERSON_COUNT","POLICE_AGCY","POSSIBLE_INJ_COUNT","RDWY_SURF_TYPE_CD","RELATION_TO_ROAD","ROADWAY_CLEARED","ROAD_CONDITION","SCH_BUS_IND","SCH_ZONE_IND","SECONDARY_CRASH","SMALL_TRUCK_COUNT","SPEC_JURIS_CD","SUSP_MINOR_INJ_COUNT","SUSP_SERIOUS_INJ_COUNT","SUV_COUNT","TCD_FUNC_CD","TCD_TYPE","TFC_DETOUR_IND","TIME_OF_DAY","TOTAL_UNITS","TOT_INJ_COUNT","UNBELTED_OCC_COUNT","UNB_DEATH_COUNT","UNB_SUSP_SERIOUS_INJ_COUNT","UNK_INJ_DEG_COUNT","UNK_INJ_PER_COUNT","URBAN_RURAL","VAN_COUNT","VEHICLE_COUNT","WEATHER1","WEATHER2","WORKERS_PRES","WORK_ZONE_IND","WORK_ZONE_LOC","WORK_ZONE_TYPE","WZ_CLOSE_DETOUR","WZ_FLAGGER","WZ_LAW_OFFCR_IND","WZ_LN_CLOSURE","WZ_MOVING","WZ_OTHER","WZ_SHLDER_MDN","WZ_WORKERS_INJ_KILLED"
"2021096675","0130","2","0","0","0","0","0","0","0","0","5","0","","67","10","2021","6","39.954883","-75.240222","0139","6","0","0","0","0","0","0","0","0","","0","0","0","","","0","N","0","","39 57:17.580","","0","75 14:24.800","0","0","0","0","67301","0","0","0","N","0","0","0","1","67301","0","","6.0","","1","N","N","N","0","","0","0","1","","0","","","3","0","1","0","0","0","0","2","0","3","","03","","N","","","","","","","","","",""
"2021092938","2312","1","0","0","0","0","0","0","0","0","4","0","","67","9","2021","5","40.021866","-75.04008","2311","6","0","0","0","0","1","0","0","0","","0","0","0","","","0","","1","","40 01:18.716","","2","75 02:24.287","0","0","0","0","67301","0","0","0","N","0","0","0","2","67301","0","","1.0","","1","N","N","N","0","","0","0","1","","2","","","2","0","0","0","0","0","0","2","0","2","","03","","N","","","","","","","","","",""
"2021094161","1710","1","0","0","0","0","0","0","0","0","4","0","","67","10","2021","7","39.969842","-75.241138","1705","6","0","0","0","0","0","0","0","0","","0","0","0","","","3","","1","","39 58:11.431","7","0","75 14:28.096","3","0","0","0","67301","0","0","0","N","0","0","0","4","67301","0","","1.0","1840.0","1","N","N","N","0","","3","0","1","","3","Y","","2","3","0","0","0","0","0","2","0","2","","03","","N","","","","","","","","","",""
"2021092629","0328","1","0","0","0","0","0","0","0","0","1","0","","67","9","2021","5","40.036732","-75.064498","0325","6","0","0","0","0","0","0","1","0","","0","0","0","","","15","","1","","40 02:12.235","","0","75 03:52.193","4","0","0","0","67301","0","0","0","N","0","0","0","16","67301","15","","1.0","","1","N","N","N","0","","0","0","0","","2","","","2","15","1","0","0","0","1","2","1","2","","03","","N","","","","","","","","","",""
"2021093579","0845","0","0","0","0","0","0","0","0","0","4","0","","67","10","2021","7","40.045516","-75.088316","0840","6","0","0","0","0","0","1","0","1","","0","0","0","","","0","","1","","40 02:43.859","","0","75 05:17.937","0","0","0","0","67301","0","0","0","N","0","0","0","3","67301","0","","1.0","","1","N","N","N","0","","0","0","3","","2","","","3","0","0","0","0","0","0","2","0","3","","03","","N","","","","","","","","","",""
"2021095446","1120","0","0","0","0","0","0","0","0","0","1","0","","67","10","2021","1","39.916829","-75.171324","1113","6","0","0","0","0","0","1","0","0","","0","0","0","","","1","","1","","39 55:00.583","","0","75 10:16.768","3","0","0","0","67301","0","0","0","N","0","0","0","2","67301","0","","1.0","","1","N","N","N","0","","1","0","1","","2","","","2","1","1","0","0","0","0","2","0","2","","03","","N","","","","","","","","","",""
"2021094434","1030","2","0","0","0","0","0","0","0","0","4","0","","67","10","2021","4","40.04373","-75.085093","1012","6","0","0","0","0","0","0","0","0","","0","0","0","","","3","","1","","40 02:37.429","","0","75 05:06.333","3","0","0","0","67301","0","0","0","N","0","0","0","3","67301","0","","1.0","","1","N","N","N","0","","2","0","0","","2","","","2","3","0","0","0","1","0","2","0","2","","","","N","","","","","","","","","",""
"2021092176","1415","2","0","0","0","0","0","0","0","0","4","0","","67","9","2021","4","39.991192","-75.157696","1400","6","0","0","0","0","0","1","0","0","","0","0","0","","","1","","1","","39 59:28.291","","0","75 09:27.705","3","0","0","0","67301","0","0","0","N","0","0","0","2","67301","0","","1.0","","1","N","N","N","0","","1","0","0","","3","","","2","1","2","0","0","0","1","2","0","2","","03","","N","","","","","","","","","",""
"2021096233","0910","2","0","0","0","0","0","0","0","0","1","0","","67","10","2021","2","39.970959","-75.124571","0900","6","0","0","0","0","0","1","0","0","","0","0","0","","","1","","6","","39 58:15.451","2","2","75 07:28.455","3","0","0","0","67301","0","0","0","N","0","0","0","3","68K01","0","","7.0","915.0","1","N","N","N","0","","1","0","0","","0","N","","3","1","0","0","0","0","0","2","1","3","","","","N","","","","","","","","","",""
"2021093281","0754","1","0","0","0","0","0","0","0","0","6","0","","67","10","2021","7","39.977336","-75.119354","0754","6","0","0","0","0","0","0","1","0","","0","0","0","","","3","N","0","","39 58:38.409","","0","75 07:09.674","3","0","0","0","67301","0","0","0","N","0","0","0","3","67301","0","","1.0","","1","N","N","N","0","","3","0","1","","0","","","2","3","3","0","0","0","0","2","0","2","","03","","N","","","","","","","","","",""
"2021096547","1507","0","0","0","0","0","0","0","0","0","5","0","","67","10","2021","5","40.046495","-75.052334","1453","6","0","0","0","0","0","0","0","0","","0","0","0","","","0","N","0","","40 02:47.383","5","0","75 03:08.401","0","0","0","0","67301","0","0","0","N","0","0","0","3","67301","0","","1.0","1530.0","1","N","N","N","0","","0","0","0","","0","N","","2","0","0","0","0","0","0","2","1","2","","03","","N","","","","","","","","","",""
"2021097085","2025","1","0","0","0","0","0","0","0","0","1","0","","67","10","2021","6","40.059851","-75.15013","2025","6","0","0","0","0","0","0","0","0","","0","0","0","","","1","","1","","40 03:35.463","","0","75 09:00.467","8","0","0","0","67301","0","0","0","N","0","0","0","2","67301","0","","1.0","","1","N","N","N","0","","0","0","1","","2","","","2","1","0","0","0","1","1","2","0","2","","","","N","","","","","","","","","",""
"2021094436","1902","1","0","0","0","0","0","0","0","0","1","0","","67","10","2021","3","39.95858","-75.162287","1857","6","0","0","0","1","0","0","0","0","","0","0","0","","","1","Y","0","","39 57:30.887","2","0","75 09:44.233","3","0","0","0","67301","0","0","0","N","0","0","0","2","67301","0","","1.0","2000.0","1","N","N","N","0","","1","0","0","","2","N","","2","1","0","0","0","0","0","2","1","2","","03","","N","","","","","","","","","",""
"2021093286","1510","1","0","0","0","0","0","0","0","0","1","0","","67","10","2021","7","39.927555","-75.146102","1500","6","0","0","0","0","0","0","0","0","","0","0","0","","","1","","1","","39 55:39.198","","0","75 08:45.967","3","0","0","0","67301","0","0","0","N","0","0","0","4","67301","0","","1.0","","1","N","N","N","0","","1","0","0","","3","","","2","1","0","0","0","0","0","2","1","2","","03","","N","","","","","","","","","",""
"2021110526","1710","0","0","0","0","0","0","0","0","0","1","0","","67","10","2021","7","39.958678","-75.169269","1649","6","0","0","0","0","0","1","0","0","","0","0","0","","","4","N","0","","39 57:31.242","3","0","75 10:09.368","8","0","0","0","67301","0","0","0","N","0","0","0","6","68K01","0","","1.0","1730.0","1","N","N","N","1","","0","0","2","","0","N","","3","4","1","0","0","4","0","2","0","3","","","","N","","","","","","","","","",""
"2021093032","0028","2","0","0","0","0","0","0","0","0","5","0","","67","10","2021","7","39.94305","-75.223172","0025","6","0","0","0","0","1","0","0","0","","0","0","0","","","0","N","0","","39 56:34.980","","0","75 13:23.420","0","0","0","0","67301","0","0","0","N","0","0","0","1","67301","0","","6.0","","1","N","N","N","0","","0","0","1","","0","","","3","0","0","0","0","0","0","2","0","3","","03","","N","","","","","","","","","",""
"2021097873","0314","0","0","0","0","0","0","0","0","0","7","0","","67","10","2021","6","39.885595","-75.211229","0304","6","0","0","0","0","0","0","0","0","","0","0","0","","","0","N","0","","39 53:08.143","","0","75 12:40.426","0","0","0","0","67301","0","0","0","N","0","0","0","1","68K01","0","","2.0","","1","N","N","N","0","","0","0","1","","0","","","1","0","0","0","0","0","0","2","0","1","","","","N","","","","","","","","","",""
"2021095449","1021","0","0","0","0","0","0","0","0","0","8","0","","67","10","2021","6","39.984681","-75.156494","1019","6","0","0","0","0","0","0","0","0","","0","0","0","","","1","","1","","39 59:04.850","3","0","75 09:23.377","8","0","0","0","67301","1","0","0","N","1","0","0","2","67505","0","","1.0","1035.0","1","N","N","N","0","","0","0","1","","2","N","","2","1","0","0","0","1","0","2","0","1","","03","","N","","","","","","","","","",""
"2021095502","1028","1","0","0","0","0","0","0","0","0","5","0","","67","10","2021","6","39.992863","-75.200758","1025","6","0","0","0","0","0","0","0","0","","0","0","0","","","0","N","0","","39 59:34.306","3","0","75 12:02.728","0","0","0","0","67301","0","0","0","N","0","0","0","2","68K01","0","","1.0","1025.0","1","N","N","N","0","","0","0","1","","0","N","","2","0","0","0","0","0","0","2","0","2","","03","","N","","","","","","","","","",""
"2021093205","1400","1","0","0","1","0","0","0","0","0","8","0","","67","9","2021","5","39.950526","-75.14891","1400","6","0","0","0","0","0","0","0","0","","0","0","0","","","1","","1","","39 57:01.895","","0","75 08:56.077","3","0","0","0","67301","1","0","0","N","0","0","0","2","67301","0","","1.0","","1","N","N","N","0","","1","0","0","","2","","","2","1","0","0","0","0","1","2","0","1","","","","N","","","","","","","","","",""
"2021109020","1025","1","0","0","0","0","0","0","0","0","4","0","","67","11","2021","7","39.952948","-75.151553","1015","6","0","0","0","0","0","0","0","0","","0","0","0","","","1","","1","","39 57:10.614","4","0","75 09:05.590","3","0","0","0","67301","0","0","0","N","0","0","0","2","67301","0","","1.0","1215.0","1","N","N","N","0","","1","0","1","","2","N","","2","1","0","0","0","0","0","2","0","2","","03","","N","","","","","","","","","",""
"2021078886","2116","0","0","0","0","0","0","0","0","0","4","0","","67","8","2021","1","40.039575","-75.045738","2109","6","0","0","0","0","0","1","0","0","","0","0","0","","","3","","1","","40 02:22.471","3","0","75 02:44.657","3","0","0","0","67301","0","0","0","N","0","0","0","4","67301","2","","1.0","100.0","1","N","N","N","0","","1","0","1","","2","N","","2","3","0","0","0","0","0","2","0","2","","","","N","","","","","","","","","",""
"2021109144","0821","2","0","0","0","0","0","0","0","0","1","0","","67","10","2021","6","40.004686","-75.07611","0813","6","0","0","0","1","0","1","0","0","","0","0","0","","","2","N","0","","40 00:16.871","1","0","75 04:33.995","3","0","0","0","67301","0","0","0","N","0","0","0","5","68K01","0","","1.0","913.0","1","N","N","N","1","","1","0","2","","0","N","","5","2","0","0","0","1","0","2","0","5","","","","N","","","","","","","","","",""
"2021108337","1620","1","0","0","0","0","0","1","0","0","4","1","","67","10","2021","4","39.957931","-75.164145","1620","6","0","0","0","0","0","1","0","0","","0","0","0","","","1","","5","","39 57:28.550","","8","75 09:50.921","3","0","0","0","67301","0","0","0","N","0","0","0","2","67301","0","","1.0","","1","N","N","N","0","","1","0","0","","2","","","2","1","0","0","0","0","0","2","0","2","","03","","N","","","","","","","","","",""
"2021069649","1203","2","0","0","0","0","0","0","0","0","1","0","","67","6","2021","3","39.9962","-75.237253","1200","6","0","0","0","0","0","0","0","0","","0","0","0","","","1","N","0","","39 59:46.319","","0","75 14:14.112","4","0","0","0","67301","0","0","0","N","0","0","0","2","46104","1","","1.0","","1","N","N","N","0","","0","0","0","","0","","","2","1","0","0","0","0","0","2","0","2","","","","N","","","","","","","","","",""
"2021108885","0041","1","0","0","0","0","0","0","0","0","7","0","","67","11","2021","3","40.111866","-75.028656","0037","6","0","0","0","0","0","1","0","0","","0","0","0","","","0","N","0","","40 06:42.718","","7","75 01:43.163","0","0","0","0","67301","0","0","0","N","0","0","0","1","67301","0","","5.0","","1","N","N","N","0","","0","0","0","","0","","","1","0","0","0","0","0","0","2","0","1","","","","N","","","","","","","","","",""
"2021077492","0000","1","0","0","0","0","0","0","0","0","8","0","","67","8","2021","4","39.972478","-75.212059","2347","6","0","0","0","0","0","0","0","0","","0","0","0","","","1","","3","","39 58:20.921","","0","75 12:43.411","3","0","0","0","67301","1","0","0","N","1","0","0","2","67301","0","","1.0","","1","N","N","N","0","","1","0","0","","0","","","2","1","0","0","0","0","0","2","0","1","","","","N","","","","","","","","","",""
"2021109975","2010","2","0","0","0","0","0","0","0","0","4","0","","67","11","2021","4","39.968405","-75.160043","2008","6","0","0","0","0","0","0","1","0","","0","0","0","","","1","N","0","","39 58:06.257","","7","75 09:36.154","4","0","0","0","67301","0","0","0","N","0","0","0","2","67301","1","","2.0","","1","N","N","N","0","","0","0","0","","0","","","2","1","0","0","0","0","1","2","0","2","","03","","N","","","","","","","","","",""
"2021081632","0125","2","0","0","0","0","0","0","0","0","1","0","","67","8","2021","3","39.952499","-75.14099","0118","6","0","0","0","0","0","0","0","0","","0","0","0","","","1","N","0","","39 57:08.996","1","0","75 08:27.563","3","0","0","0","67301","0","0","0","N","0","0","0","2","68K01","0","","1.0","200.0","1","N","N","N","0","","1","0","0","","0","N","","2","1","1","0","0","0","0","2","0","2","","","","N","","","","","","","","","",""
"2021082806","0806","1","0","0","0","0","0","0","0","0","1","0","","67","8","2021","6","40.055528","-75.085798","0800","6","0","0","0","0","0","0","0","0","","0","0","0","","","1","","1","","40 03:19.900","5","0","75 05:08.873","4","0","0","0","67301","0","0","0","N","0","0","0","4","67301","1","","1.0","900.0","1","N","N","N","1","","0","0","1","","1","Y","","4","1","0","0","0","0","0","2","1","4","","03","","N","","","","","","","","","",""
"2021109785","1015","1","0","0","0","0","0","0","0","0","4","0","","67","11","2021","5","39.986714","-75.172015","1006","6","0","0","0","0","0","1","0","0","","0","0","0","","","1","","1","","39 59:12.170","","0","75 10:19.254","8","0","0","0","67301","0","0","0","N","0","0","0","2","67301","0","","1.0","","1","N","N","N","0","","0","0","1","","3","","","2","1","2","0","0","1","0","2","0","2","","03","","N","","","","","","","","","",""
"2021107498","1840","1","0","0","0","0","0","0","0","0","5","1","","67","11","2021","7","40.02639","-75.116358","1829","6","0","0","0","0","0","0","0","0","","0","1","0","","","0","N","0","","40 01:35.005","","0","75 06:58.889","0","0","0","0","67301","0","0","0","N","0","0","0","2","67301","0","","1.0","","1","N","N","N","0","","0","0","0","","0","","","2","0","0","0","0","0","0","2","0","2","","","","N","","","","","","","","","",""
"2021108367","2250","3","0","0","0","0","0","0","0","0","1","0","","67","11","2021","7","40.060439","-75.167031","2246","6","0","0","0","0","0","0","0","0","","2","0","0","","","1","","1","","40 03:37.582","","0","75 10:01.312","1","0","0","0","67301","0","0","0","N","0","0","0","3","67301","0","2","1.0","","1","N","N","N","1","0","0","1","1","","2","","","5","1","1","0","1","0","0","2","0","5","","","","N","","","","","","","","","",""
"2021107243","0202","2","0","0","0","0","0","0","0","0","1","0","","67","10","2021","7","39.946597","-75.246289","0157","6","0","0","0","0","0","1","0","0","","0","0","0","","","1","N","0","","39 56:47.748","","0","75 14:46.641","3","0","0","0","67301","0","0","0","N","0","0","0","3","67301","0","","1.0","","1","N","N","N","0","","1","0","0","","2","","","2","1","0","0","0","0","0","2","0","2","","","","N","","","","","","","","","",""
"2021078308","0815","2","0","0","0","0","0","0","0","0","6","0","","67","8","2021","7","40.070144","-75.155122","0807","6","0","0","0","0","0","0","0","0","","0","0","0","","","0","N","0","","40 04:12.520","","0","75 09:18.440","9","0","0","0","67301","0","0","0","N","0","0","0","1","67301","0","","6.0","","1","N","N","N","0","","0","0","0","","0","","","2","0","0","0","0","0","1","2","0","2","","03","","N","","","","","","","","","",""
"2021103183","0131","0","0","0","0","0","0","0","0","0","7","0","","67","8","2021","6","39.99554","-75.154264","0059","6","0","0","0","0","0","0","0","0","","0","0","0","","","2","","1","","39 59:43.943","","0","75 09:15.350","8","0","0","0","67301","0","0","0","N","0","0","0","2","67301","0","","4.0","","1","N","N","N","0","","0","0","1","","2","","","1","2","0","0","0","2","0","2","0","1","","03","","N","","","","","","","","","",""
"2021107172","1558","0","0","0","0","0","0","0","0","0","8","0","","67","11","2021","6","40.091571","-75.032458","1541","6","0","0","0","0","0","0","0","0","","0","0","0","","","1","Y","0","","40 05:29.655","","0","75 01:56.847","8","0","0","0","67301","1","0","0","N","1","0","0","2","67301","0","","1.0","","1","N","N","N","0","","0","0","1","","0","","","2","1","0","0","0","1","0","2","0","1","","03","","N","","","","","","","","","",""
"2021119767","","0","0","0","0","0","0","0","0","0","4","0","","67","5","2021","6","39.998312","-75.12779","","6","0","0","0","0","0","1","0","0","","0","0","0","","","1","N","0","","39 59:53.923","","0","75 07:40.045","3","0","0","1","67301","0","0","0","N","0","0","0","2","00000","0","","1.0","","1","N","N","N","0","","1","0","0","","0","","","2","1","0","0","0","0","0","2","0","2","","","","N","","","","","","","","","",""
"2021121655","1750","1","0","0","0","0","0","0","0","0","4","0","","67","12","2021","7","39.956963","-75.225502","1747","6","0","0","0","0","0","0","0","0","","0","0","0","","","1","","1","","39 57:25.067","","0","75 13:31.807","3","0","0","0","67301","0","0","0","N","0","0","0","1","67301","0","","1.0","","9","N","N","Y","0","","1","0","2","","2","","","3","1","0","0","0","0","0","2","0","3","","","","N","","","","","","","","","",""
"2021107816","0007","3","0","0","0","0","0","0","0","0","4","0","","67","11","2021","7","40.045403","-75.158197","0002","6","0","0","0","0","0","0","0","0","","0","0","0","","","1","N","0","","40 02:43.450","4","0","75 09:29.510","3","0","0","0","67301","0","0","0","N","0","0","0","1","67301","0","","1.0","110.0","1","N","N","N","0","","1","0","2","","0","Y","","6","1","0","0","0","0","0","2","0","6","","03","","N","","","","","","","","","",""
"2021121977","1549","1","0","0","0","0","0","0","0","0","2","0","","67","12","2021","2","40.034728","-75.032119","1541","6","0","0","0","0","0","1","0","0","","0","0","0","","","0","","1","","40 02:05.021","","0","75 01:55.629","0","0","0","0","67301","0","0","0","N","0","0","0","2","67301","0","","9.0","","1","N","N","N","0","","0","0","1","","3","","","2","0","0","0","0","0","0","2","0","2","","","","N","","","","","","","","","",""
"2021122092","2225","1","0","0","0","0","0","0","0","0","1","1","","67","12","2021","7","40.01384","-75.12598","2225","6","0","0","0","1","0","0","0","0","","0","1","0","","","0","","1","","40 00:49.824","","0","75 07:33.527","0","0","0","0","67301","0","0","0","N","0","0","0","2","67301","0","","1.0","","9","N","N","N","0","","0","0","0","","2","","","2","0","0","0","0","0","0","2","0","2","","","","N","","","","","","","","","",""
"2021107716","2120","1","0","0","0","0","0","0","0","0","1","1","","67","10","2021","2","39.960024","-75.179924","2117","6","0","0","0","0","0","0","0","0","","0","1","0","","","1","N","3","","39 57:36.087","3","2","75 10:47.726","3","0","0","0","67301","0","0","0","N","0","0","0","2","68K01","0","","1.0","1.0","9","N","N","N","0","","1","0","0","","0","Y","","2","1","0","0","0","0","0","2","0","2","","","","N","","","","","","","","","",""
"2021079609","1155","1","0","0","0","0","0","0","0","0","4","0","","67","8","2021","3","39.972033","-75.16625","1146","6","0","0","0","0","0","0","0","0","","0","0","0","","","0","","2","","39 58:19.317","","0","75 09:58.500","0","0","0","0","67301","0","0","0","N","0","0","0","5","67301","0","","1.0","","1","N","N","N","0","","0","0","1","","3","","","2","0","4","0","0","0","0","2","0","2","","03","","N","","","","","","","","","",""
"2021107230","1845","2","0","0","0","0","0","0","0","0","4","0","","67","11","2021","3","40.042633","-75.072706","1832","6","0","0","0","0","0","0","0","0","","0","0","0","","","0","N","0","","40 02:33.480","","0","75 04:21.740","9","0","0","0","67301","0","0","0","N","0","0","0","1","67301","0","","4.0","","9","N","N","N","0","","0","0","0","","0","","","2","0","0","0","0","0","1","2","0","2","","04","","N","","","","","","","","","",""
"2021078309","1254","1","0","0","0","0","0","0","0","0","1","0","","67","8","2021","7","40.005314","-75.170194","1254","6","0","0","0","0","0","1","0","0","","0","0","0","","","1","N","0","","40 00:19.130","","0","75 10:12.700","3","0","0","0","67301","0","0","0","N","0","0","0","2","67301","0","","1.0","","1","N","N","N","0","","1","0","1","","0","","","2","1","0","0","0","0","0","2","0","2","","","","N","","","","","","","","","",""
"2021121388","0011","2","0","0","0","0","0","0","0","0","1","0","","67","12","2021","6","40.009745","-75.06504","2358","6","0","0","0","0","0","0","0","0","","0","0","0","","","0","N","0","","40 00:35.082","","0","75 03:54.145","0","0","0","0","67301","0","0","0","N","0","0","0","2","68K01","0","","1.0","","9","N","N","Y","0","","0","0","0","","0","","","2","0","0","0","0","0","0","2","0","2","","07","","N","","","","","","","","","",""
"2021107788","2014","0","0","0","0","0","0","1","0","0","5","1","","67","11","2021","1","39.900159","-75.174613","2014","6","0","0","0","0","0","1","0","0","","0","0","0","","","0","","3","","39 54:00.573","1","0","75 10:28.607","0","0","0","0","67301","0","0","0","N","0","0","0","2","67301","0","","1.0","2050.0","1","N","N","N","1","","0","0","0","","0","N","","2","0","0","0","0","0","0","2","0","2","","","","N","","","","","","","","","",""
"2021123066","1644","1","0","0","0","0","0","0","0","0","4","0","","67","12","2021","3","40.00868","-75.068855","1634","6","0","0","0","0","0","0","0","0","","0","0","0","","","1","","1","","40 00:31.249","","0","75 04:07.877","3","0","0","0","67301","0","0","0","N","0","0","0","3","67301","0","","1.0","","1","N","N","Y","0","","1","0","0","","2","","","2","1","0","0","0","0","0","2","0","2","","03","","N","","","","","","","","","",""
"2021115646","1923","1","0","0","0","0","0","0","0","0","4","0","","67","11","2021","4","40.016662","-75.066747","1923","6","0","0","1","0","0","0","0","0","","0","0","0","","","1","","1","","40 00:59.982","","0","75 04:00.290","3","0","0","0","67301","0","0","0","N","0","0","0","2","67301","0","","1.0","","1","N","N","N","0","","1","0","1","","2","","","2","1","0","0","0","0","0","2","0","2","","03","","N","","","","","","","","","",""
"2021114586","0635","2","0","0","0","0","0","0","0","0","5","0","","67","11","2021","1","39.921144","-75.193801","0628","6","0","0","0","0","0","0","0","0","","0","0","0","","","0","","1","","39 55:16.119","","0","75 11:37.683","0","0","0","0","67301","0","0","0","N","0","0","0","2","67301","0","","1.0","","1","N","N","N","0","","0","0","0","","2","","","2","0","0","0","0","0","0","2","0","2","","03","","N","","","","","","","","","",""
"2021114764","0055","1","0","0","0","0","0","0","0","0","5","0","","67","11","2021","2","39.983168","-75.098711","0042","6","0","0","0","0","0","0","0","0","","0","0","0","","","1","","7","","39 58:59.403","2","2","75 05:55.361","3","0","0","0","67301","0","0","0","N","0","0","0","1","68K01","0","","7.0","125.0","1","N","N","N","2","","1","0","0","","0","N","","3","1","0","0","0","0","0","2","0","3","","","","N","","","","","","","","","",""
"2021110243","0913","0","0","0","0","0","0","0","0","0","1","0","","67","11","2021","7","40.018539","-75.173108","0905","6","0","0","0","0","0","0","0","0","","0","0","0","","","0","N","0","","40 01:06.740","","0","75 10:23.190","0","0","0","0","67301","0","0","0","N","0","0","0","1","67301","0","","6.0","","1","N","N","N","0","","0","0","1","","0","","","2","0","0","0","0","0","0","2","0","2","","","","N","","","","","","","","","",""
"2021113073","0827","0","0","0","0","0","0","0","0","0","4","0","","67","11","2021","7","39.924565","-75.233127","0821","6","0","0","0","0","0","0","0","0","","0","0","0","","","0","","1","","39 55:28.434","","0","75 13:59.258","0","0","0","0","67301","0","0","0","N","0","0","0","2","67301","0","","1.0","","1","N","N","N","1","","0","0","1","","2","","","2","0","0","0","0","0","0","2","0","2","","03","","N","","","","","","","","","",""
"2021109860","1020","0","0","0","0","0","0","0","0","0","1","0","","67","11","2021","4","39.974147","-75.241881","1018","6","0","0","0","0","0","0","0","0","","0","0","0","","","1","N","0","","39 58:26.930","","0","75 14:30.770","3","0","0","0","67301","0","0","0","N","0","0","0","1","67301","0","","6.0","","1","N","N","N","0","","1","0","2","","0","","","2","1","0","0","0","0","0","2","0","2","","","","N","","","","","","","","","",""
"2021110448","0057","1","0","0","0","0","0","0","0","0","7","0","","67","11","2021","6","40.052391","-75.051119","0052","6","0","0","0","0","0","0","0","0","","0","0","0","","","1","N","0","","40 03:08.609","","0","75 03:04.029","3","0","0","0","67301","0","0","0","N","0","0","0","1","67301","0","","5.0","","1","N","N","N","1","","1","0","0","","0","","","2","1","0","0","0","0","0","2","0","2","","03","","N","","","","","","","","","",""
"2021116364","0345","1","0","0","0","0","0","0","0","0","7","0","","67","11","2021","1","40.024303","-75.133206","0343","6","0","0","0","0","0","0","0","0","","0","0","0","","","1","","5","","40 01:27.490","","0","75 07:59.540","3","0","0","0","67301","0","0","0","N","0","0","0","1","67301","0","","4.0","","1","N","N","N","0","","1","0","0","","2","","","1","1","0","0","0","0","0","2","0","1","","03","","N","","","","","","","","","",""
"2021108783","0230","1","0","0","0","0","0","0","0","0","7","0","","67","11","2021","3","40.047543","-75.112375","0219","6","0","0","0","0","0","0","0","0","","0","0","0","","","0","","3","","40 02:51.156","","0","75 06:44.551","0","0","0","0","67301","0","0","0","N","0","0","0","1","67301","0","","5.0","","1","N","N","N","0","","0","0","0","","2","","","1","0","1","0","0","0","0","2","0","1","","03","","N","","","","","","","","","",""
"2021109456","0729","0","0","0","0","0","0","0","0","0","4","0","","67","11","2021","5","40.067302","-75.059227","0719","6","0","0","0","0","0","0","1","0","","0","0","0","","","1","","1","","40 04:02.287","","0","75 03:33.217","8","0","0","0","67301","0","0","0","N","0","0","0","2","67301","0","","1.0","","1","N","N","N","0","","0","0","2","","3","","","2","1","0","0","0","1","0","2","0","2","","03","","N","","","","","","","","","",""
"2021117510","2037","1","0","0","0","0","0","0","0","0","7","0","","67","11","2021","5","39.940806","-75.14311","2027","6","0","0","0","0","0","0","0","0","","0","0","0","","","3","N","0","","39 56:26.900","","0","75 08:35.195","8","0","0","0","67301","0","0","0","N","0","0","0","3","68K01","0","","3.0","","1","N","N","N","0","","0","0","0","","0","","","1","3","1","0","0","3","0","2","0","1","","","","N","","","","","","","","","",""
"2021113465","0845","1","0","0","0","0","0","0","0","0","1","0","","67","11","2021","3","40.045106","-75.149739","0845","6","0","0","0","0","0","0","0","0","","0","0","0","","","1","Y","0","","40 02:42.380","","0","75 08:59.060","8","0","0","0","67301","0","0","0","N","0","0","0","5","67301","0","","1.0","","1","N","N","N","0","","0","0","1","","2","","","2","1","0","0","0","1","4","2","0","2","","03","","N","","","","","","","","","",""
"2021110018","0000","1","0","0","0","0","0","0","0","0","5","0","","67","11","2021","7","39.968046","-75.190299","2344","6","0","0","0","0","0","1","0","0","","0","0","0","","","0","N","0","","39 58:04.966","","0","75 11:25.077","0","0","0","0","67301","0","0","0","N","0","0","0","2","68K01","0","","1.0","","1","N","N","N","0","","0","0","0","","0","","","2","0","0","0","0","0","0","2","1","2","","","","N","","","","","","","","","",""