"CRN","ARRIVAL_TM","AUTOMOBILE_COUNT","BELTED_DEATH_COUNT","BELTED_SUSP_SERIOUS_INJ_COUNT","BICYCLE_COUNT","BICYCLE_DEATH_COUNT","BICYCLE_SUSP_SERIOUS_INJ_COUNT","BUS_COUNT","CHLDPAS_DEATH_COUNT","CHLDPAS_SUSP_SERIOUS_INJ_COUNT","COLLISION_TYPE","COMM_VEH_COUNT","CONS_ZONE_SPD_LIM","COUNTY","CRASH_MONTH","CRASH_YEAR","DAY_OF_WEEK","DEC_LATITUDE","DEC_LONGITUDE","DISPATCH_TM","DISTRICT","DRIVER_COUNT_16YR","DRIVER_COUNT_17YR","DRIVER_COUNT_18YR","DRIVER_COUNT_19YR","DRIVER_COUNT_20YR","DRIVER_COUNT_50_64YR","DRIVER_COUNT_65_74YR","DRIVER_COUNT_75PLUS","EST_HRS_CLOSED","FATAL_COUNT","HEAVY_TRUCK_COUNT","HORSE_BUGGY_COUNT","HOUR_OF_DAY","ILLUMINATION","INJURY_COUNT","INTERSECTION_RELATED","INTERSECT_TYPE","LANE_CLOSED","LATITUDE","LN_CLOSE_DIR","LOCATION_TYPE","LONGITUDE","MAX_SEVERITY_LEVEL","MCYCLE_DEATH_COUNT","MCYCLE_SUSP_SERIOUS_INJ_COUNT","MOTORCYCLE_COUNT","MUNICIPALITY","NONMOTR_COUNT","NONMOTR_DEATH_COUNT","NONMOTR_SUSP_SERIOUS_INJ_COUNT","NTFY_HIWY_MAINT","PED_COUNT","PED_DEATH_COUNT","PED_SUSP_SERIOUS_INJ_COUNT","PERSON_COUNT","POLICE_AGCY","POSSIBLE_INJ_COUNT","RDWY_SURF_TYPE_CD","RELATION_TO_ROAD","ROADWAY_CLEARED","ROAD_CONDITION","SCH_BUS_IND","SCH_ZONE_IND","SECONDARY_CRASH","SMALL_TRUCK_COUNT","SPEC_JURIS_CD","SUSP_MINOR_INJ_COUNT","SUSP_SERIOUS_INJ_COUNT","SUV_COUNT","TCD_FUNC_CD","TCD_TYPE","TFC_DETOUR_IND","TIME_OF_DAY","TOTAL_UNITS","TOT_INJ_COUNT","UNBELTED_OCC_COUNT","UNB_DEATH_COUNT","UNB_SUSP_SERIOUS_INJ_COUNT","UNK_INJ_DEG_COUNT","UNK_INJ_PER_COUNT","URBAN_RURAL","VAN_COUNT","VEHICLE_COUNT","WEATHER1","WEATHER2","WORKERS_PRES","WORK_ZONE_IND","WORK_ZONE_LOC","WORK_ZONE_TYPE","WZ_CLOSE_DETOUR","WZ_FLAGGER","WZ_LAW_OFFCR_IND","WZ_LN_CLOSURE","WZ_MOVING","WZ_OTHER","WZ_SHLDER_MDN","WZ_WORKERS_INJ_KILLED"
"2021114324","1855","2","0","0","0","0","0","0","0","0","5","0","","67","11","2021","2","39.909928","-75.185064","1852","6","0","0","0","0","0","0","0","0","","0","0","0","","","1","N","0","","39 54:35.740","","0","75 11:06.230","3","0","0","0","67301","0","0","0","N","0","0","0","1","67301","0","","6.0","","1","N","N","N","0","","1","0","1","","0","","","3","1","1","0","0","0","0","2","0","3","","03","","N","","","","","","","","","",""
"2021113297","0411","2","0","0","0","0","0","0","0","0","4","0","","67","11","2021","6","39.979435","-75.225402","0411","6","0","0","0","0","0","1","0","0","","0","0","0","","","1","","1","","39 58:45.965","","0","75 13:31.446","8","0","0","0","67301","0","0","0","N","0","0","0","2","67301","0","","1.0","","1","N","N","N","0","","0","0","0","","2","","","2","1","0","0","0","1","1","2","0","2","","","","N","","","","","","","","","",""
"2021112730","1735","1","0","0","0","0","0","0","0","0","5","0","","67","11","2021","5","40.041053","-75.179119","1730","6","0","0","0","0","0","0","0","0","","0","0","0","","","1","","2","","40 02:27.792","","0","75 10:44.829","3","0","0","0","67301","0","0","0","N","0","0","0","3","67301","0","","1.0","","1","N","N","N","0","","1","0","0","","0","","","2","1","2","0","0","0","0","2","0","2","","","","N","","","","","","","","","",""
"2021073831","0631","1","0","0","0","0","0","0","0","0","7","0","","67","8","2021","1","39.983763","-75.208134","0624","6","0","0","0","0","0","0","0","0","","0","0","0","","","1","N","0","","39 59:01.547","4","0","75 12:29.281","8","0","0","0","67301","0","0","0","N","0","0","0","1","68K01","0","","3.0","655.0","9","N","N","N","0","","0","0","0","","0","N","","1","1","0","0","0","1","0","2","0","1","","","","N","","","","","","","","","",""
"2021116510","0634","1","0","0","0","0","0","0","0","0","7","0","","67","11","2021","6","39.957506","-75.147708","0631","6","0","0","0","0","0","0","0","0","","0","0","0","","","1","N","0","","39 57:27.021","3","0","75 08:51.748","8","0","0","0","67301","0","0","0","N","0","0","0","1","68K01","0","","4.0","700.0","9","N","N","N","0","","0","0","0","","0","N","","1","1","0","0","0","1","0","2","0","1","","07","","N","","","","","","","","","",""
"2021109977","0657","1","0","0","0","0","0","0","0","0","1","0","","67","10","2021","3","39.933391","-75.199988","0642","6","0","0","0","0","0","0","0","0","","0","0","0","","","0","N","0","","39 56:00.208","","0","75 11:59.958","9","0","0","0","67301","0","0","0","N","0","0","0","2","68K01","0","","1.0","","9","N","N","N","0","","0","0","0","","0","","","2","0","0","0","0","0","1","2","0","2","","01","","N","","","","","","","","","",""
"2021080376","1620","1","0","0","0","0","0","0","0","0","4","0","","67","8","2021","5","40.107585","-75.053737","1618","6","0","0","0","0","0","0","0","0","","0","0","0","","","0","","2","","40 06:27.306","","0","75 03:13.453","0","0","0","0","67301","0","0","0","N","0","0","0","3","67301","0","","1.0","","1","N","N","N","0","","0","0","1","","2","","","2","0","0","0","0","0","0","2","0","2","","","","N","","","","","","","","","",""
"2021118256","1141","2","0","0","0","0","0","0","0","0","1","0","","67","11","2021","6","40.041111","-75.151389","1139","6","0","0","0","0","0","0","0","0","","0","0","0","","","0","N","0","","40 02:28.000","","0","75 09:05.000","0","0","0","0","67301","0","0","0","N","0","0","0","2","67301","0","","1.0","","1","N","N","N","0","","0","0","0","","0","","","2","0","1","0","0","0","0","2","0","2","","03","","N","","","","","","","","","",""
"2021109128","2305","2","0","0","0","0","0","0","0","0","1","0","","67","10","2021","1","39.987563","-75.20766","2305","6","0","0","1","0","0","0","0","0","","0","0","0","","","3","N","0","","39 59:15.226","3","0","75 12:27.575","8","0","0","0","67301","0","0","0","N","0","0","0","5","68K01","0","","1.0","1150.0","1","N","N","N","0","","0","0","1","","0","N","","3","3","1","0","0","3","2","2","0","3","","03","","N","","","","","","","","","",""
"2021107713","1712","1","0","0","0","0","0","0","0","0","1","0","","67","10","2021","7","39.950445","-75.14116","1712","6","0","0","0","0","0","1","0","0","","0","0","0","","","0","N","0","","39 57:01.603","","0","75 08:28.177","0","0","0","0","67301","0","0","0","N","0","0","0","2","68K01","0","","1.0","","9","N","N","N","1","","0","0","0","","0","","","2","0","0","0","0","0","0","2","0","2","","","","N","","","","","","","","","",""
"2021123553","1821","1","0","0","0","0","0","0","0","0","4","0","","67","12","2021","5","40.086788","-74.971843","1819","6","0","0","0","0","0","0","0","0","","0","0","0","","","0","","1","","40 05:12.438","","0","74 58:18.635","9","0","0","0","67301","0","0","0","N","0","0","0","2","67301","0","","1.0","","1","N","N","Y","0","","0","0","1","","2","","","2","0","0","0","0","0","1","2","0","2","","03","","N","","","","","","","","","",""
"2021115561","1345","2","0","0","0","0","0","0","0","0","1","0","","67","11","2021","6","40.006633","-75.193538","1328","6","0","0","0","0","0","1","0","0","","0","0","0","","","0","N","0","","40 00:23.879","2","3","75 11:36.735","0","0","0","0","67301","0","0","0","N","0","0","0","4","67301","0","","1.0","1430.0","1","N","N","N","0","","0","0","1","","0","N","","4","0","0","0","0","0","0","2","0","4","","03","","N","","","","","","","","","",""
"2021115759","1320","1","0","0","0","0","0","0","0","0","4","0","","67","11","2021","4","39.968117","-75.160105","1315","6","0","0","0","0","0","0","0","0","","0","0","0","","","2","","2","","39 58:05.221","3","0","75 09:36.378","8","0","0","0","67301","0","0","0","N","0","0","0","4","67301","0","","1.0","1330.0","99","N","N","N","0","","0","0","1","","0","Y","","2","2","0","0","0","2","0","2","0","2","","03","","N","","","","","","","","","",""
"2021117522","1904","1","0","0","0","0","0","0","0","0","1","0","","67","11","2021","3","40.009239","-75.204826","1858","6","0","0","0","0","0","1","0","0","","0","0","0","","","0","","7","","40 00:33.260","","2","75 12:17.373","0","0","0","0","67301","0","0","0","N","0","0","0","4","68K01","0","","7.0","","1","N","N","N","0","","0","0","3","","0","","","4","0","0","0","0","0","0","2","0","4","","","","N","","","","","","","","","",""
"2021113257","1857","0","0","0","0","0","0","0","0","0","2","0","","67","11","2021","6","40.095619","-75.016353","1857","6","0","0","0","0","0","1","0","0","","0","0","0","","","1","N","0","","40 05:44.230","3","0","75 00:58.870","3","0","0","0","67301","0","0","0","N","0","0","0","2","67301","0","","1.0","1900.0","1","N","N","N","0","","1","0","2","","0","N","","2","1","0","0","0","0","1","2","0","2","","","","N","","","","","","","","","",""
"2021088772","0426","3","0","0","0","0","0","0","0","0","1","0","","67","8","2021","3","39.95494","-75.209149","0425","6","0","0","0","1","0","0","0","0","","0","0","0","","","1","N","0","","39 57:17.783","4","0","75 12:32.935","8","0","0","0","67301","0","0","0","N","0","0","0","2","67301","0","","6.0","530.0","1","N","N","N","0","","0","0","1","","0","Y","","5","1","0","0","0","1","0","2","1","5","","03","","N","","","","","","","","","",""
"2021121524","1319","1","0","0","0","0","0","0","0","0","2","0","","67","12","2021","7","40.047907","-75.168781","1316","6","0","0","0","0","0","0","0","0","","0","0","0","","","2","N","0","","40 02:52.464","","0","75 10:07.610","3","0","0","0","67301","0","0","0","N","0","0","0","3","67301","0","","1.0","","1","N","N","N","0","","2","0","1","","0","U","","2","2","1","0","0","0","1","2","0","2","","98","","N","","","","","","","","","",""
"2021101441","0252","1","0","0","0","0","0","0","0","0","7","0","","67","10","2021","7","39.901921","-75.151686","0246","6","0","0","0","0","0","0","0","0","","0","0","0","","","1","N","0","","39 54:06.914","2","0","75 09:06.068","8","0","0","0","67301","0","0","0","N","0","0","0","2","68K01","0","","3.0","322.0","1","N","N","N","0","","0","0","0","","0","N","","1","1","0","0","0","1","0","2","0","1","","03","","N","","","","","","","","","",""
"2021109120","0023","2","0","0","0","0","0","0","0","0","5","0","","67","9","2021","1","39.979459","-75.106915","0023","6","0","0","0","0","0","0","0","0","","0","0","0","","","0","N","0","","39 58:46.052","1","0","75 06:24.895","0","0","0","0","67301","0","0","0","N","0","0","0","2","68K01","0","","1.0","1231.0","1","N","N","N","0","","0","0","0","","0","N","","2","0","0","0","0","0","0","2","0","2","","","","N","","","","","","","","","",""
"2021120652","1620","2","0","0","0","0","0","0","0","0","5","0","","67","11","2021","4","39.980808","-75.162036","1620","6","0","0","0","0","0","0","0","0","","0","0","0","","","0","N","0","","39 58:50.910","","0","75 09:43.330","0","0","0","0","67301","0","0","0","N","0","0","0","1","67301","0","","6.0","","1","N","N","N","0","","0","0","0","","0","","","2","0","0","0","0","0","0","2","0","2","","03","","N","","","","","","","","","",""
"2021103666","1701","1","0","0","0","0","0","0","0","0","5","1","","67","10","2021","4","40.046986","-75.138918","1615","6","0","0","0","0","0","0","0","1","","0","1","0","","","0","N","0","","40 02:49.148","6","0","75 08:20.104","0","0","0","0","67301","0","0","0","N","0","0","0","2","67301","0","","1.0","1733.0","1","N","N","N","0","","0","0","0","","0","Y","","2","0","0","0","0","0","0","2","0","2","","","","N","","","","","","","","","",""
"2021115557","1305","2","0","0","0","0","0","0","0","0","4","0","","67","11","2021","2","39.984711","-75.161527","1259","6","0","0","0","0","0","1","0","0","","0","0","0","","","1","","1","","39 59:04.959","","0","75 09:41.497","8","0","0","0","67301","0","0","0","N","0","0","0","2","67301","0","","1.0","","1","N","N","N","0","","0","0","0","","3","","","2","1","0","0","0","1","0","2","0","2","","03","","N","","","","","","","","","",""
"2021113729","2105","3","0","0","0","0","0","0","0","0","1","0","","67","11","2021","1","40.054938","-75.180249","2102","6","0","0","0","0","0","0","0","0","","0","0","0","","","0","","2","","40 03:17.778","","0","75 10:48.895","0","0","0","0","67301","0","0","0","N","0","0","0","5","67301","0","","1.0","","1","N","N","Y","0","","0","0","0","","2","","","3","0","0","0","0","0","0","2","0","3","","03","","N","","","","","","","","","",""
"2021116351","0226","1","0","0","0","0","0","0","0","0","4","0","","67","11","2021","1","40.036314","-75.064305","0226","6","0","0","0","0","0","1","0","0","","0","0","0","","","3","","1","","40 02:10.729","1","0","75 03:51.497","8","0","0","0","67301","0","0","0","N","0","0","0","5","67301","0","","1.0","410.0","1","N","N","N","0","","0","0","1","","2","N","","2","3","0","0","0","3","1","2","0","2","","03","","N","","","","","","","","","",""
"2021116331","1806","0","0","0","0","0","0","0","0","0","5","0","","67","11","2021","6","39.945164","-75.177725","1804","6","0","0","0","0","0","1","0","0","","0","0","0","","","1","N","0","","39 56:42.590","","0","75 10:39.810","3","0","0","0","67301","0","0","0","N","0","0","0","2","67301","0","","6.0","","1","N","N","N","0","","1","0","2","","0","","","2","1","2","0","0","0","0","2","0","2","","03","","N","","","","","","","","","",""
"2021110495","1520","0","0","0","0","0","0","0","0","0","4","0","","67","11","2021","6","40.023853","-75.142546","1510","6","0","0","0","0","0","0","0","0","","0","0","0","","","1","","1","","40 01:25.870","","0","75 08:33.165","3","0","0","0","67301","0","0","0","N","0","0","0","3","67301","0","","1.0","","1","N","N","N","1","","1","0","1","","3","","","2","1","0","0","0","0","0","2","0","2","","","","N","","","","","","","","","",""
"2021115111","1824","1","0","0","0","0","0","0","0","0","4","0","","67","11","2021","4","40.029978","-75.211294","1820","6","0","0","0","0","0","0","0","0","","0","0","0","","","1","","1","","40 01:47.922","","0","75 12:40.658","3","0","0","1","67301","0","0","0","N","0","0","0","3","67301","0","","1.0","","1","N","N","N","0","","1","0","0","","2","","","2","1","0","0","0","0","0","2","0","2","","03","","N","","","","","","","","","",""
"2021109803","0835","2","0","0","0","0","0","0","0","0","4","0","","67","11","2021","6","39.960785","-75.142391","0831","6","0","0","0","0","0","1","0","0","","0","0","0","","","2","","2","","39 57:38.825","4","0","75 08:32.608","3","0","0","0","67301","0","0","0","N","0","0","0","2","67301","0","","1.0","910.0","9","N","N","N","0","","2","0","1","","0","N","","3","2","0","0","0","0","0","2","0","3","","07","","N","","","","","","","","","",""
"2021108612","0141","2","0","0","0","0","0","0","0","0","5","0","","67","8","2021","6","39.985321","-75.208179","0134","6","0","0","0","0","0","0","0","0","","0","0","0","","","1","N","0","","39 59:07.156","4","0","75 12:29.445","3","0","0","0","67301","0","0","0","N","0","0","0","2","68K01","0","","1.0","153.0","1","N","N","N","0","","1","0","0","","0","N","","2","1","0","0","0","0","1","2","0","2","","","","N","","","","","","","","","",""
"2021117578","2036","2","0","0","0","0","0","0","0","0","1","0","","67","11","2021","4","40.007215","-75.213792","2034","6","0","0","0","0","0","0","0","0","","0","0","0","","","1","","1","","40 00:25.975","2","0","75 12:49.652","3","0","0","0","67301","0","0","0","N","0","0","0","2","46104","0","","1.0","20.0","1","N","N","N","0","","1","0","0","","2","N","","2","1","0","0","0","0","0","2","0","2","","","","N","","","","","","","","","",""
"2021112213","2305","2","0","0","0","0","0","0","0","0","4","0","","67","11","2021","6","40.034819","-75.044697","2300","6","0","0","0","0","1","1","0","0","","0","0","0","","","3","","1","","40 02:05.350","","0","75 02:40.909","3","0","0","0","67301","0","0","0","N","0","0","0","3","67301","0","","1.0","","1","N","N","N","0","","3","0","0","","2","","","2","3","0","0","0","0","0","2","0","2","","03","","N","","","","","","","","","",""
"2021120654","2010","1","0","0","0","0","0","0","0","0","4","0","","67","11","2021","4","39.989348","-75.167307","2009","6","0","0","0","1","0","0","0","0","","0","0","0","","","0","","1","","39 59:21.653","","0","75 10:02.305","0","0","0","0","67301","0","0","0","N","0","0","0","2","67301","0","","1.0","","1","N","N","N","0","","0","0","1","","2","","","2","0","0","0","0","0","0","2","0","2","","03","","N","","","","","","","","","",""
"2021120810","1040","1","0","0","0","0","0","0","0","0","5","0","","67","12","2021","6","40.009729","-75.151017","1030","6","0","0","0","0","1","0","0","0","","0","0","0","","","1","N","0","","40 00:35.024","","0","75 09:03.661","4","0","0","0","67301","0","0","0","N","0","0","0","2","67301","1","","1.0","","1","N","N","N","0","","0","0","1","","2","","","2","1","0","0","0","0","1","2","0","2","","03","","N","","","","","","","","","",""
"2021106856","1443","1","0","0","0","0","0","1","0","0","1","1","","67","10","2021","5","40.027019","-75.075455","1440","6","0","0","0","0","0","0","0","0","","0","0","0","","","2","","1","","40 01:37.269","1","0","75 04:31.638","4","0","0","0","67301","0","0","0","N","0","0","0","4","67508","2","","1.0","9999.0","1","N","N","Y","0","","0","0","0","","2","N","","2","2","1","0","0","0","0","2","0","2","","03","","N","","","","","","","","","",""
"2021115559","0002","1","0","0","0","0","0","0","0","0","4","0","","67","11","2021","4","40.025648","-75.181669","0002","6","0","0","0","0","0","0","0","0","","0","0","0","","","3","","1","","40 01:32.334","","0","75 10:54.007","3","0","0","0","67301","0","0","0","N","0","0","0","4","67301","0","","1.0","","1","N","N","N","0","","3","0","1","","1","","","2","3","0","0","0","0","1","2","0","2","","03","","N","","","","","","","","","",""
"2021108784","0452","1","0","0","0","0","0","0","0","0","5","0","","67","11","2021","3","40.031583","-75.124278","0451","6","0","0","0","0","0","0","0","0","","0","0","0","","","0","N","0","","40 01:53.700","","0","75 07:27.400","0","0","0","0","67301","0","0","0","N","0","0","0","1","67301","0","","6.0","","1","N","N","N","0","","0","0","1","","0","","","3","0","0","0","0","0","0","2","1","3","","","","N","","","","","","","","","",""
"2021114665","0725","0","0","0","0","0","0","0","0","0","4","0","","67","11","2021","4","40.026943","-75.209429","0720","6","0","0","0","0","0","1","0","0","","0","0","0","","","0","","1","","40 01:36.995","","0","75 12:33.945","0","0","0","0","67301","0","0","0","N","0","0","0","2","67301","0","","1.0","","1","N","N","N","1","","0","0","1","","2","","","2","0","0","0","0","0","0","2","0","2","","","","N","","","","","","","","","",""
"2021111501","1600","0","0","0","0","0","0","0","0","0","7","0","","67","11","2021","2","39.93535","-75.154669","1527","6","0","0","0","0","0","1","0","0","","0","0","0","","","2","N","0","","39 56:07.260","","0","75 09:16.810","3","0","0","0","67301","0","0","0","N","0","0","0","4","67301","0","","5.0","","1","N","N","N","0","","2","0","1","","0","","","1","2","1","0","0","0","0","2","0","1","","","","N","","","","","","","","","",""
"2021115332","1448","1","0","0","0","0","0","0","0","0","4","0","","67","11","2021","5","39.984124","-75.188052","1448","6","0","0","0","0","1","1","0","0","","0","0","0","","","1","","2","","39 59:02.847","","0","75 11:16.987","3","0","0","0","67301","0","0","0","N","0","0","0","2","67301","0","","1.0","","1","N","N","N","1","","1","0","2","","2","","","4","1","0","0","0","0","0","2","0","4","","03","","N","","","","","","","","","",""
"2021108838","1140","1","0","0","0","0","0","0","0","0","4","0","","67","11","2021","3","40.056772","-75.011379","1132","6","0","0","0","1","0","0","0","0","","0","0","0","","","0","","2","","40 03:24.378","","0","75 00:40.965","9","0","0","0","67301","0","0","0","N","0","0","0","2","67301","0","","1.0","","1","N","N","N","0","","0","0","1","","0","","","2","0","0","0","0","0","2","2","0","2","","03","","N","","","","","","","","","",""
"2021113305","0434","3","0","0","0","0","0","0","0","0","2","0","","67","11","2021","7","40.034483","-75.123981","0430","6","0","0","0","0","1","0","0","0","","0","0","0","","","2","N","0","","40 02:04.140","5","0","75 07:26.330","3","0","0","0","67301","0","0","0","N","0","0","0","2","67301","0","","1.0","544.0","1","N","N","N","0","","2","0","1","","0","Y","","4","2","0","0","0","0","0","2","0","4","","03","","N","","","","","","","","","",""
"2021107496","1242","1","0","0","0","0","0","0","0","0","1","0","","67","11","2021","7","39.998856","-75.119189","1238","6","0","0","0","0","0","0","0","0","","0","1","0","","","1","N","0","","39 59:55.880","","0","75 07:09.080","3","0","0","0","67301","0","0","0","N","0","0","0","1","67301","0","","1.0","","1","N","N","N","0","","1","0","0","","0","","","2","1","0","0","0","0","0","2","0","2","","","","N","","","","","","","","","",""
"2021121034","2115","3","0","0","0","0","0","0","0","0","5","0","","67","11","2021","1","39.975483","-75.166492","2107","6","0","0","0","0","0","0","0","0","","0","0","0","","","0","N","0","","39 58:31.740","","0","75 09:59.370","0","0","0","0","67301","0","0","0","N","0","0","0","2","67301","0","","6.0","","1","N","N","N","0","","0","0","0","","0","","","3","0","0","0","0","0","0","2","0","3","","","","N","","","","","","","","","",""
"2021113796","1919","2","0","0","0","0","0","0","0","0","4","0","","67","11","2021","1","39.911997","-75.150514","1919","6","0","0","0","0","0","0","0","0","","0","0","0","","","2","","2","","39 54:43.190","2","2","75 09:01.850","3","0","0","0","67301","0","0","0","N","0","0","0","2","67301","0","","1.0","2100.0","1","N","N","N","0","","2","0","0","","2","N","","2","2","0","0","0","0","0","2","0","2","","","","N","","","","","","","","","",""
"2021122020","2348","1","0","0","0","0","0","0","0","0","4","0","","67","11","2021","4","40.032514","-75.080809","2345","6","0","0","0","0","0","0","1","0","","0","0","0","","","2","","1","","40 01:57.052","7","0","75 04:50.912","3","0","0","0","67301","0","0","0","N","0","0","0","2","67301","0","","1.0","1230.0","1","N","N","N","0","","2","0","1","","2","Y","","2","2","0","0","0","0","0","2","0","2","","03","","N","","","","","","","","","",""
"2021110453","0445","1","0","0","0","0","0","0","0","0","7","0","","67","11","2021","7","40.005123","-75.152029","0439","6","0","0","0","0","0","0","0","0","","0","0","0","","","0","N","0","","40 00:18.444","1","0","75 09:07.304","0","0","0","0","67301","0","0","0","N","0","0","0","2","67301","0","","4.0","630.0","1","N","N","N","0","","0","0","0","","0","Y","","1","0","0","0","0","0","0","2","0","1","","03","","N","","","","","","","","","",""
"2021112666","1739","2","0","0","0","0","0","0","0","0","4","0","","67","11","2021","5","39.990208","-75.138215","1738","6","0","0","0","0","0","0","0","0","","0","0","0","","","1","","1","","39 59:24.748","","0","75 08:17.573","2","0","1","1","67301","0","0","0","N","0","0","0","2","67301","0","","1.0","","99","N","N","N","0","","0","1","1","","3","","","4","1","0","0","0","0","0","2","0","4","","03","","N","","","","","","","","","",""
"2021107848","0145","3","0","0","0","0","0","0","0","0","4","0","","67","11","2021","2","39.988247","-75.131478","0140","6","0","0","0","0","0","0","0","0","","0","0","0","","","0","N","0","","39 59:17.690","1","0","75 07:53.320","0","0","0","0","67301","0","0","0","N","0","0","0","1","67301","0","","1.0","200.0","1","N","N","N","0","","0","0","0","","0","N","","3","0","0","0","0","0","0","2","0","3","","03","","N","","","","","","","","","",""
"2021113343","0751","0","0","0","0","0","0","0","0","0","7","0","","67","11","2021","1","40.026861","-75.086114","0751","6","0","0","0","0","0","0","0","0","","0","0","0","","","0","N","0","","40 01:36.700","","0","75 05:10.010","0","0","0","0","67301","0","0","0","N","0","0","0","1","67301","0","","4.0","","1","N","N","N","0","","0","0","0","","0","","","1","0","0","0","0","0","0","2","1","1","","","","N","","","","","","","","","",""
"2021115900","1734","1","0","0","0","0","0","0","0","0","7","0","","67","11","2021","7","40.065349","-74.982277","1731","6","0","0","0","0","0","2","0","0","","0","0","0","","","2","N","0","","40 03:55.258","","0","74 58:56.196","8","0","0","0","67301","0","0","0","N","0","0","0","4","67301","0","","4.0","","1","N","N","Y","0","","0","0","0","","0","","","2","2","0","0","0","2","0","2","1","2","","03","","N","","","","","","","","","",""
"2021114220","0911","1","0","0","0","0","0","0","0","0","5","0","","67","11","2021","2","39.969912","-75.142464","0911","6","0","0","0","0","0","0","1","0","","0","0","0","","","0","N","0","","39 58:11.684","","0","75 08:32.870","0","0","0","0","67301","0","0","0","N","0","0","0","2","67301","0","","1.0","","99","N","N","N","0","","0","0","0","","0","","","2","0","0","0","0","0","0","2","1","2","","","","N","","","","","","","","","",""
"2021115280","1358","1","0","0","0","0","0","0","0","0","2","0","","67","11","2021","2","40.026031","-75.199607","1353","6","0","0","0","0","0","2","0","0","","0","0","0","","","4","N","0","","40 01:33.710","5","0","75 11:58.586","8","0","0","0","67301","0","0","0","N","0","0","0","5","67301","0","","1.0","1418.0","1","N","N","N","0","","0","0","2","","0","N","","3","4","1","0","0","4","1","2","0","3","","03","","N","","","","","","","","","",""
"2021113779","0921","1","0","0","0","0","0","0","0","0","4","0","","67","11","2021","2","39.944113","-75.153515","0921","6","0","0","0","0","0","0","1","0","","0","0","0","","","1","","1","","39 56:38.805","","0","75 09:12.654","3","0","0","0","67301","0","0","0","N","0","0","0","3","67301","0","","1.0","","9","N","N","N","0","","1","0","1","","2","","","2","1","0","0","0","0","0","2","0","2","","07","","N","","","","","","","","","",""
"2021101065","0347","2","0","0","0","0","0","0","0","0","4","0","","67","10","2021","7","39.926764","-75.243208","0327","6","0","0","0","0","0","0","0","0","","0","0","0","","","0","N","0","","39 55:36.350","","0","75 14:35.550","0","0","0","0","67301","0","0","0","N","0","0","0","1","67301","0","","6.0","","1","N","N","N","0","","0","0","0","","0","","","2","0","0","0","0","0","0","2","0","2","","03","","N","","","","","","","","","",""
"2021108868","2325","2","0","0","0","0","0","1","0","0","4","1","","67","11","2021","2","40.068905","-75.18175","2300","6","0","0","0","1","0","0","0","0","","0","0","0","","","1","","1","","40 04:08.058","","0","75 10:54.300","4","0","0","0","67301","0","0","0","N","0","0","0","2","67508","1","","1.0","","1","N","N","Y","0","","0","0","1","","2","","","4","1","0","0","0","0","0","2","0","4","","03","","N","","","","","","","","","",""
"2021110482","1215","1","0","0","0","0","0","0","0","0","4","0","","67","11","2021","6","39.967697","-75.200473","1208","6","0","0","0","0","0","0","0","0","","0","0","0","","","0","","1","","39 58:03.708","","0","75 12:01.704","0","0","0","0","67301","0","0","0","N","0","0","0","2","67301","0","","1.0","","1","N","N","N","0","","0","0","0","","3","","","2","0","2","0","0","0","0","2","1","2","","03","","N","","","","","","","","","",""
"2021108927","0907","3","0","0","0","0","0","0","0","0","4","0","","67","11","2021","4","40.001422","-75.151546","0900","6","0","0","0","0","0","0","0","0","","0","0","0","","","2","","1","","40 00:05.120","6","0","75 09:05.565","8","0","0","0","67301","0","0","0","N","0","0","0","4","67505","0","","1.0","955.0","1","N","N","Y","0","","0","0","0","","3","Y","","3","2","0","0","0","2","1","2","0","3","","03","","N","","","","","","","","","",""
"2021115584","0701","2","0","0","0","0","0","0","0","0","5","0","","67","11","2021","5","40.013169","-75.090936","0655","6","0","0","0","0","0","0","0","0","","0","0","0","","","0","N","0","","40 00:47.410","","0","75 05:27.370","0","0","0","0","67301","0","0","0","N","0","0","0","1","67301","0","","6.0","","1","N","N","N","0","","0","0","0","","0","","","2","0","0","0","0","0","0","2","0","2","","03","","N","","","","","","","","","",""
"2021110773","0518","1","0","0","0","0","0","0","0","0","4","0","","67","11","2021","6","39.960207","-75.190892","0518","6","0","0","0","1","0","0","0","0","","0","0","0","","","3","","1","","39 57:36.745","7","0","75 11:27.211","3","0","0","0","67301","0","0","0","N","0","0","0","3","67301","0","","1.0","625.0","1","N","N","N","0","","3","0","2","","2","N","","3","3","0","0","0","0","0","2","0","3","","03","","N","","","","","","","","","",""
"2021113177","1035","0","0","0","0","0","0","0","0","0","5","0","","67","11","2021","6","39.96742","-75.179575","1030","6","0","0","0","0","1","0","0","0","","0","0","0","","","0","","1","","39 58:02.712","","0","75 10:46.469","0","0","0","0","67301","0","0","0","N","0","0","0","2","67301","0","","1.0","","1","N","N","N","0","","0","0","2","","1","","","2","0","0","0","0","0","0","2","0","2","","03","","N","","","","","","","","","",""
"2021114152","0737","0","0","0","0","0","0","0","0","0","8","0","","67","11","2021","2","40.026133","-75.211089","0732","6","0","0","0","0","0","1","0","0","","0","0","0","","","1","","1","","40 01:34.078","","0","75 12:39.920","2","0","0","0","67301","1","0","1","N","1","0","1","2","67301","0","","1.0","","9","N","N","N","1","","0","1","0","","3","","","2","1","0","0","0","0","0","2","0","1","","07","","N","","","","","","","","","",""