"CRN","ARRIVAL_TM","AUTOMOBILE_COUNT","BELTED_DEATH_COUNT","BELTED_SUSP_SERIOUS_INJ_COUNT","BICYCLE_COUNT","BICYCLE_DEATH_COUNT","BICYCLE_SUSP_SERIOUS_INJ_COUNT","BUS_COUNT","CHLDPAS_DEATH_COUNT","CHLDPAS_SUSP_SERIOUS_INJ_COUNT","COLLISION_TYPE","COMM_VEH_COUNT","CONS_ZONE_SPD_LIM","COUNTY","CRASH_MONTH","CRASH_YEAR","DAY_OF_WEEK","DEC_LATITUDE","DEC_LONGITUDE","DISPATCH_TM","DISTRICT","DRIVER_COUNT_16YR","DRIVER_COUNT_17YR","DRIVER_COUNT_18YR","DRIVER_COUNT_19YR","DRIVER_COUNT_20YR","DRIVER_COUNT_50_64YR","DRIVER_COUNT_65_74YR","DRIVER_COUNT_75PLUS","EST_HRS_CLOSED","FATAL_COUNT","HEAVY_TRUCK_COUNT","HORSE_BUGGY_COUNT","HOUR_OF_DAY","ILLUMINATION","INJURY_COUNT","INTERSECTION_RELATED","INTERSECT_TYPE","LANE_CLOSED","LATITUDE","LN_CLOSE_DIR","LOCATION_TYPE","LONGITUDE","MAX_SEVERITY_LEVEL","MCYCLE_DEATH_COUNT","MCYCLE_SUSP_SERIOUS_INJ_COUNT","MOTORCYCLE_COUNT","MUNICIPALITY","NONMOTR_COUNT","NONMOTR_DEATH_COUNT","NONMOTR_SUSP_SERIOUS_INJ_COUNT","NTFY_HIWY_MAINT","PED_COUNT","PED_DEATH_COUNT","PED_SUSP_SERIOUS_INJ_COUNT","PERSON_COUNT","POLICE_AGCY","POSSIBLE_INJ_COUNT","RDWY_SURF_TYPE_CD","RELATION_TO_ROAD","ROADWAY_CLEARED","ROAD_CONDITION","SCH_BUS_IND","SCH_ZONE_IND","SECONDARY_CRASH","SMALL_TRUCK_COUNT","SPEC_JURIS_CD","SUSP_MINOR_INJ_COUNT","SUSP_SERIOUS_INJ_COUNT","SUV_COUNT","TCD_FUNC_CD","TCD_TYPE","TFC_DETOUR_IND","TIME_OF_DAY","TOTAL_UNITS","TOT_INJ_COUNT","UNBELTED_OCC_COUNT","UNB_DEATH_COUNT","UNB_SUSP_SERIOUS_INJ_COUNT","UNK_INJ_DEG_COUNT","UNK_INJ_PER_COUNT","URBAN_RURAL","VAN_COUNT","VEHICLE_COUNT","WEATHER1","WEATHER2","WORKERS_PRES","WORK_ZONE_IND","WORK_ZONE_LOC","WORK_ZONE_TYPE","WZ_CLOSE_DETOUR","WZ_FLAGGER","WZ_LAW_OFFCR_IND","WZ_LN_CLOSURE","WZ_MOVING","WZ_OTHER","WZ_SHLDER_MDN","WZ_WORKERS_INJ_KILLED"
"2021083587","1457","1","0","0","0","0","0","0","0","0","4","0","","67","8","2021","1","40.019019","-75.147199","1450","6","0","0","0","0","0","1","0","0","","0","0","0","","","0","","1","","40 01:08.467","1","0","75 08:49.916","9","0","0","0","67301","0","0","0","N","0","0","0","2","67301","0","","1.0","1649.0","1","N","N","N","0","","0","0","1","","2","N","","2","0","0","0","0","0","1","2","0","2","","","","N","","","","","","","","","",""
"2021119552","1315","2","0","0","0","0","0","0","0","0","1","0","","67","11","2021","7","39.959682","-75.141301","1258","6","0","0","0","0","0","1","0","0","","0","0","0","","","0","N","0","","39 57:34.855","2","2","75 08:28.682","0","0","0","0","67301","0","0","0","N","0","0","0","5","68K01","0","","1.0","1320.0","1","N","N","N","0","","0","0","1","","0","N","","3","0","0","0","0","0","0","2","0","3","","03","","N","","","","","","","","","",""
"2021112620","1948","1","0","0","0","0","0","0","0","0","8","0","","67","11","2021","3","39.953482","-75.155739","1948","6","0","0","0","0","0","0","0","0","","0","0","0","","","1","N","0","","39 57:12.534","","0","75 09:20.659","3","0","0","0","67301","1","0","0","N","1","0","0","2","67301","0","","6.0","","1","N","N","N","0","","1","0","0","","0","","","2","1","0","0","0","0","0","2","0","1","","03","","N","","","","","","","","","",""
"2021123080","","1","0","1","0","0","0","0","0","0","5","0","","67","11","2021","7","39.970146","-75.237445","","6","0","0","0","0","0","0","0","0","","0","0","0","","","1","N","0","","39 58:12.525","","0","75 14:14.802","2","0","0","0","67301","0","0","0","N","0","0","0","2","00000","0","","1.0","","1","N","N","N","0","","0","1","0","","0","","","2","1","0","0","0","0","0","2","0","2","","","","N","","","","","","","","","",""
"2021107778","1654","2","0","0","0","0","0","0","0","0","3","0","","67","10","2021","5","39.996756","-75.115463","1654","6","0","0","0","0","0","0","0","0","","0","0","0","","","0","N","1","","39 59:48.321","","0","75 06:55.666","0","0","0","0","67301","0","0","0","N","0","0","0","1","67301","0","","1.0","","1","N","N","N","0","","0","0","0","","2","","","2","0","0","0","0","0","0","2","0","2","","03","","N","","","","","","","","","",""
"2021075733","0907","3","0","0","0","0","0","0","0","0","2","0","","67","8","2021","5","40.026625","-75.204073","0901","6","0","0","0","0","0","0","0","0","","0","0","0","","","0","N","0","","40 01:35.850","","0","75 12:14.663","0","0","0","0","67301","0","0","0","N","0","0","0","4","67301","0","","1.0","","1","N","N","N","0","","0","0","1","","0","","","4","0","0","0","0","0","0","2","0","4","","03","","N","","","","","","","","","",""
"2021115204","1630","2","0","0","0","0","0","0","0","0","5","0","","67","11","2021","3","40.040003","-75.099569","1625","6","0","0","0","0","0","0","0","0","","0","0","0","","","0","N","0","","40 02:24.010","","0","75 05:58.450","0","0","0","0","67301","0","0","0","N","0","0","0","2","67301","0","","1.0","","1","N","N","Y","0","","0","0","0","","0","","","2","0","0","0","0","0","0","2","0","2","","","","N","","","","","","","","","",""
"2021075503","0820","1","0","0","0","0","0","0","0","0","7","0","","67","8","2021","6","40.07065","-75.184553","0820","6","0","0","0","0","0","0","0","0","","0","0","0","","","0","N","0","","40 04:14.340","","0","75 11:04.390","0","0","0","0","67301","0","0","0","N","0","0","0","1","67301","0","","4.0","","1","N","N","N","0","","0","0","0","","0","","","1","0","0","0","0","0","0","2","0","1","","03","","N","","","","","","","","","",""
"2021077862","0137","1","0","0","0","0","0","0","0","0","1","0","","67","8","2021","5","40.023609","-75.179335","0137","6","0","0","0","0","0","1","0","0","","0","0","0","","","2","Y","0","","40 01:24.991","","0","75 10:45.607","3","0","0","0","67301","0","0","0","N","0","0","0","3","67301","0","","1.0","","1","N","N","N","0","","2","0","1","","2","","","2","2","0","0","0","0","1","2","0","2","","","","N","","","","","","","","","",""
"2021107492","0218","1","0","0","0","0","0","0","0","0","7","0","","67","11","2021","1","39.9742","-75.204336","0218","6","0","0","0","0","0","0","0","0","","0","0","0","","","0","N","0","","39 58:27.120","6","0","75 12:15.611","0","0","0","0","67301","0","0","0","N","0","0","0","0","67301","0","","3.0","250.0","1","N","N","N","0","","0","0","0","","0","N","","1","0","0","0","0","0","0","2","0","1","","","","N","","","","","","","","","",""
"2021118006","","1","0","0","0","0","0","0","0","0","4","0","","67","6","2021","5","39.97191","-75.23601","","6","0","0","0","0","0","0","1","0","","0","0","0","","","1","","1","","39 58:18.876","","0","75 14:09.635","4","0","0","0","67301","0","0","0","N","0","0","0","2","00000","1","","1.0","","1","N","N","N","0","","0","0","1","","3","","","2","1","0","0","0","0","0","2","0","2","","","","N","","","","","","","","","",""
"2021107711","1200","1","0","0","0","0","0","0","0","0","4","0","","67","10","2021","5","39.898667","-75.180099","1145","6","0","0","0","0","0","0","0","0","","0","0","0","","","4","N","0","","39 53:55.201","1","0","75 10:48.358","3","0","0","0","67301","0","0","0","Y","0","0","0","5","68K01","0","","1.0","1245.0","1","N","N","N","0","","4","0","1","","0","N","","2","4","0","0","0","0","1","2","0","2","","","","N","","","","","","","","","",""
"2021107733","1351","0","0","0","0","0","0","0","0","0","1","0","","67","11","2021","4","39.942086","-75.193883","1337","6","0","0","0","0","0","1","0","0","","0","0","0","","","0","N","0","","39 56:31.510","4","0","75 11:37.978","0","0","0","0","67301","0","0","0","N","0","0","0","3","68K01","0","","1.0","1456.0","1","N","N","N","0","","0","0","3","","0","N","","3","0","0","0","0","0","0","2","0","3","","","","N","","","","","","","","","",""
"2021114607","","0","0","0","0","0","0","0","0","0","1","0","","67","5","2021","4","39.998389","-75.11","","6","0","0","0","0","0","1","0","0","","0","0","0","","","1","N","0","","39 59:54.200","","1","75 06:36.000","8","0","0","0","67301","0","0","0","N","0","0","0","2","00000","0","","1.0","","1","N","N","N","0","","0","0","2","","0","","","2","1","0","0","0","1","0","2","0","2","","","","N","","","","","","","","","",""
"2021111321","1030","0","0","0","0","0","0","0","0","0","8","0","","67","11","2021","6","39.968227","-75.145493","1030","6","0","0","0","0","0","0","0","0","","0","0","0","","","1","","2","","39 58:05.616","","0","75 08:43.773","4","0","0","0","67301","1","0","0","N","1","0","0","2","67301","1","","1.0","","99","N","N","N","0","","0","0","0","","3","","","2","1","0","0","0","0","0","2","0","1","","04","","N","","","","","","","","","",""
"2021103653","2340","1","0","0","0","0","0","0","0","0","4","0","","67","10","2021","5","40.035821","-75.149886","2336","6","0","0","0","0","0","0","0","0","","0","0","0","","","1","","2","","40 02:08.954","7","0","75 08:59.588","4","0","0","0","67301","0","0","0","N","0","0","0","1","67301","1","","1.0","158.0","1","N","N","N","0","","0","0","1","","2","Y","","2","1","0","0","0","0","0","2","0","2","","","","N","","","","","","","","","",""
"2021107993","1943","0","0","0","0","0","0","1","0","0","4","1","","67","11","2021","4","40.042896","-75.143783","1933","6","0","0","0","0","0","0","0","0","","0","0","0","","","0","","1","","40 02:34.426","","0","75 08:37.618","0","0","0","0","67301","0","0","0","N","0","0","0","2","67508","0","","1.0","","1","N","N","Y","0","","0","0","1","","2","","","2","0","0","0","0","0","0","2","0","2","","03","","N","","","","","","","","","",""
"2021111376","0050","2","0","0","0","0","0","0","0","0","5","0","","67","11","2021","3","39.963253","-75.154272","0050","6","0","0","0","0","0","0","0","0","","0","0","0","","","0","N","0","","39 57:47.710","4","0","75 09:15.380","0","0","0","0","67301","0","0","0","N","0","0","0","1","67301","0","","6.0","130.0","1","N","N","N","0","","0","0","2","","0","Y","","4","0","1","0","0","0","0","2","0","4","","03","","N","","","","","","","","","",""
"2021114085","2323","0","0","0","0","0","0","0","0","0","5","0","","67","11","2021","1","40.081417","-75.029511","2322","6","0","0","0","0","0","0","1","0","","0","0","0","","","0","N","0","","40 04:53.102","","0","75 01:46.238","0","0","0","0","67301","0","0","0","N","0","0","0","1","67301","0","","6.0","","1","N","N","N","1","","0","0","2","","0","","","3","0","0","0","0","0","0","2","0","3","","","","N","","","","","","","","","",""
"2021113601","0615","3","0","0","0","0","0","0","0","0","4","0","","67","11","2021","1","40.052721","-75.092557","0557","6","0","0","0","0","0","0","0","0","","0","0","0","","","1","","1","","40 03:09.797","","0","75 05:33.205","4","0","0","0","67301","0","0","0","N","0","0","0","2","67301","1","","1.0","","1","N","N","Y","0","","0","0","0","","3","","","3","1","0","0","0","0","1","2","0","3","","03","","N","","","","","","","","","",""
"2021114517","1927","0","0","0","0","0","0","0","0","0","8","0","","67","11","2021","3","40.038964","-75.046393","1924","6","0","0","0","0","0","0","0","0","","0","0","0","","","1","","1","","40 02:20.270","","0","75 02:47.014","4","0","0","0","67301","1","0","0","N","1","0","0","2","67301","1","","1.0","","1","N","N","N","0","","0","0","0","","3","","","2","1","0","0","0","0","1","2","0","1","","03","","N","","","","","","","","","",""
"2021111219","1958","1","0","0","0","0","0","0","0","0","4","0","","67","11","2021","1","40.051695","-75.181502","1952","6","0","0","0","0","0","0","0","0","","0","0","0","","","0","","2","","40 03:06.101","","0","75 10:53.407","9","0","0","0","67301","0","0","0","N","0","0","0","1","67301","0","","1.0","","9","N","N","N","1","","0","0","2","","0","","","5","0","0","0","0","0","1","2","1","5","","07","","N","","","","","","","","","",""
"2021115283","1205","2","0","0","0","0","0","0","0","0","4","0","","67","11","2021","5","39.957292","-75.247874","1205","6","0","0","0","0","0","0","0","0","","0","0","0","","","1","","1","","39 57:26.251","","0","75 14:52.347","3","0","0","0","67301","0","0","0","N","0","0","0","2","67301","0","","1.0","","1","N","N","N","0","","1","0","0","","2","","","2","1","0","0","0","0","0","2","0","2","","03","","N","","","","","","","","","",""
"2021112489","1400","0","0","0","0","0","0","0","0","0","5","0","","67","11","2021","3","39.961855","-75.157718","1400","6","0","0","0","0","0","1","0","0","","0","0","0","","","1","","5","","39 57:42.677","","0","75 09:27.784","3","0","0","1","67301","0","0","0","N","0","0","0","2","67301","0","","1.0","","1","N","N","N","0","","1","0","0","","2","","","2","1","0","0","0","0","0","2","1","2","","03","","N","","","","","","","","","",""
"2021111815","2235","2","0","0","0","0","0","0","0","0","5","0","","67","11","2021","1","39.903419","-75.244011","2235","6","0","0","0","0","0","0","0","0","","0","0","0","","","1","N","0","","39 54:12.310","","0","75 14:38.440","3","0","0","0","67301","0","0","0","N","0","0","0","2","67301","0","","1.0","","9","N","N","N","0","","1","0","0","","0","","","2","1","0","0","0","0","0","2","0","2","","07","","N","","","","","","","","","",""
"2021110440","1945","1","0","0","0","0","0","0","0","0","5","0","","67","11","2021","7","40.026223","-75.117508","1931","6","0","0","0","0","0","0","0","0","","0","0","0","","","0","N","0","","40 01:34.404","","0","75 07:03.029","0","0","0","0","67301","0","0","0","N","0","0","0","1","67301","0","","6.0","","1","N","N","N","0","","0","0","1","","0","","","3","0","0","0","0","0","0","2","1","3","","","","N","","","","","","","","","",""
"2021110605","0945","2","0","0","0","0","0","0","0","0","4","0","","67","11","2021","3","39.927338","-75.144778","0930","6","0","0","0","0","0","0","0","0","","0","0","0","","","1","","1","","39 55:38.416","1","0","75 08:41.201","3","0","0","0","67301","0","0","0","N","0","0","0","2","67301","0","","1.0","1207.0","1","N","N","N","0","","1","0","0","","2","N","","2","1","0","0","0","0","0","2","0","2","","03","","N","","","","","","","","","",""
"2021109861","0943","2","0","0","0","0","0","0","0","0","4","0","","67","11","2021","6","39.967819","-75.22813","0941","6","0","0","0","0","0","1","0","0","","0","0","0","","","2","","1","","39 58:04.148","2","0","75 13:41.267","3","0","0","0","67301","0","0","0","N","0","0","0","3","67301","1","","1.0","1045.0","9","N","N","Y","0","","1","0","0","","2","Y","","3","2","2","0","0","0","0","2","1","3","","04","","N","","","","","","","","","",""
"2021115486","2245","1","0","0","0","0","0","0","0","0","1","0","","67","11","2021","7","40.021","-75.116217","2245","6","0","0","0","0","0","0","0","0","","0","0","0","","","1","N","0","","40 01:15.600","","0","75 06:58.380","3","0","0","0","67301","0","0","0","N","0","0","0","2","67301","0","","6.0","","1","N","N","N","0","","1","0","0","","0","","","2","1","0","0","0","0","0","2","0","2","","","","N","","","","","","","","","",""
"2021113342","0619","1","0","0","0","0","0","0","0","0","4","0","","67","11","2021","1","40.0014","-75.081573","0600","6","0","0","0","0","0","1","0","0","","0","0","0","","","1","","3","","40 00:05.039","","0","75 04:53.662","3","0","0","0","67301","0","0","0","N","0","0","0","2","67301","0","","1.0","","4","N","N","N","0","","1","0","1","","2","","","2","1","0","0","0","0","0","2","0","2","","03","","N","","","","","","","","","",""
"2021109700","2332","4","0","0","0","0","0","0","0","0","5","0","","67","11","2021","5","40.104832","-75.033546","2324","6","0","0","0","0","0","0","0","0","","0","0","0","","","0","N","0","","40 06:17.394","","0","75 02:00.767","0","0","0","0","67301","0","0","0","N","0","0","0","1","67301","0","","6.0","","1","N","N","N","0","","0","0","0","","0","","","4","0","0","0","0","0","0","2","0","4","","03","","N","","","","","","","","","",""
"2021116046","1052","1","0","0","0","0","0","0","0","0","4","0","","67","11","2021","7","40.007734","-75.158115","1024","6","0","0","0","0","0","0","0","0","","0","0","0","","","0","","1","","40 00:27.842","","0","75 09:29.213","0","0","0","0","67301","0","0","0","N","0","0","0","4","67301","0","","1.0","","1","N","N","N","0","","0","0","1","","3","","","2","0","0","0","0","0","0","2","0","2","","03","","N","","","","","","","","","",""
"2021110151","1154","1","0","0","0","0","0","0","0","0","4","0","","67","11","2021","6","40.099146","-74.986864","1153","6","0","0","0","0","1","1","0","0","","0","0","0","","","1","","1","","40 05:56.927","7","2","74 59:12.712","3","0","0","0","67301","0","0","0","N","0","0","0","3","67301","0","","1.0","100.0","9","N","N","N","0","","1","0","0","","2","N","","2","1","3","0","0","0","0","2","1","2","","07","","N","","","","","","","","","",""
"2021113546","1950","2","0","0","0","0","0","0","0","0","4","0","","67","11","2021","6","40.072914","-75.158033","1939","6","0","0","0","1","0","0","0","0","","0","0","0","","","0","N","0","","40 04:22.490","1","7","75 09:28.920","0","0","0","0","67301","0","0","0","N","0","0","0","3","67301","0","","1.0","2113.0","1","N","N","N","0","","0","0","0","","0","N","","2","0","0","0","0","0","0","2","0","2","","03","","N","","","","","","","","","",""
"2021109743","0300","1","0","0","0","0","0","0","0","0","8","0","","67","11","2021","3","40.023758","-75.186722","0300","6","0","0","0","0","0","0","0","0","","0","0","0","","","1","N","0","","40 01:25.530","","0","75 11:12.200","8","0","0","0","67301","1","0","0","N","1","0","0","2","67301","0","","1.0","","1","N","Y","N","0","","0","0","0","","0","","","2","1","0","0","0","1","0","2","0","1","","03","","N","","","","","","","","","",""
"2021115614","2113","4","0","0","0","0","0","0","0","0","6","0","","67","11","2021","6","40.060181","-75.068658","2113","6","0","0","0","0","0","0","0","0","","0","0","0","","","1","N","0","","40 03:36.650","1","0","75 04:07.170","8","0","0","0","67301","0","0","0","N","0","0","0","1","67301","0","","6.0","2225.0","1","N","N","N","0","","0","0","0","","0","N","","4","1","0","0","0","1","0","2","0","4","","","","N","","","","","","","","","",""
"2021110185","1330","0","0","0","0","0","0","0","0","0","4","0","","67","11","2021","6","39.938854","-75.174736","1320","6","0","0","0","0","0","0","0","0","","0","0","0","","","3","","1","","39 56:19.874","","0","75 10:29.049","3","0","0","0","67301","0","0","0","N","0","0","0","3","67301","0","","1.0","","1","N","N","N","0","","3","0","1","","2","","","2","3","0","0","0","0","0","2","1","2","","03","","N","","","","","","","","","",""
"2021111736","0023","1","0","0","0","0","0","0","0","0","1","0","","67","11","2021","1","40.01198","-75.135844","0020","6","0","0","0","0","0","0","0","0","","0","0","0","","","1","","1","","40 00:43.128","","0","75 08:09.038","3","0","0","0","67301","0","0","0","N","0","0","0","3","67301","0","","1.0","","9","N","N","N","0","","1","0","1","","2","","","3","1","0","0","0","0","2","2","1","3","","","","N","","","","","","","","","",""
"2021110149","1635","1","0","0","0","0","0","0","0","0","4","0","","67","11","2021","6","40.095074","-75.027716","1630","6","0","0","0","0","0","1","0","0","","0","0","0","","","0","","2","","40 05:42.266","","0","75 01:39.777","0","0","0","0","67301","0","0","0","N","0","0","0","2","67301","0","","1.0","","1","N","N","N","0","","0","0","1","","0","","","2","0","0","0","0","0","0","2","0","2","","03","","N","","","","","","","","","",""
"2021113544","1911","0","0","0","0","0","0","0","0","0","4","0","","67","11","2021","5","40.028851","-75.205086","1908","6","0","0","0","0","0","0","0","0","","0","0","0","","","1","N","0","","40 01:43.865","","0","75 12:18.310","3","0","0","0","67301","0","0","0","N","0","0","0","2","67301","0","","1.0","","1","N","N","N","0","","1","0","2","","0","","","2","1","1","0","0","0","1","2","0","2","","03","","N","","","","","","","","","",""
"2021112314","0900","0","0","0","0","0","0","0","0","0","8","0","","67","11","2021","4","39.923909","-75.166048","0847","6","0","0","0","0","1","0","0","0","","0","0","0","","","1","","1","","39 55:26.074","","0","75 09:57.773","8","0","0","0","67301","1","0","0","N","1","0","0","2","67301","0","","1.0","","1","N","N","N","0","","0","0","1","","2","","","2","1","0","0","0","1","0","2","0","1","","03","","N","","","","","","","","","",""
"2021108892","0712","0","0","0","0","0","0","0","0","0","4","0","","67","11","2021","4","40.028833","-75.045028","0711","6","0","0","0","0","0","0","0","0","","0","0","0","","","2","","2","","40 01:43.800","","0","75 02:42.100","3","0","0","0","67301","0","0","0","N","0","0","0","5","67301","0","","1.0","","1","N","N","N","0","","2","0","1","","0","","","2","2","0","0","0","0","0","2","1","2","","03","","N","","","","","","","","","",""
"2021118710","1212","1","0","0","0","0","0","0","0","0","4","0","","67","11","2021","1","39.997217","-75.119346","1207","6","0","0","0","0","0","0","0","0","","0","0","0","","","2","","1","","39 59:49.981","","0","75 07:09.644","8","0","0","0","67301","0","0","0","N","0","0","0","6","67301","0","","1.0","","1","N","N","N","0","","0","0","2","","2","","","4","2","0","0","0","2","3","2","1","4","","","","N","","","","","","","","","",""
"2021113521","0632","0","0","0","0","0","0","0","0","0","1","0","","67","11","2021","6","39.998236","-75.195912","0625","6","0","0","0","0","0","0","0","0","","0","0","0","","","1","N","0","","39 59:53.649","3","0","75 11:45.283","3","0","0","0","67301","0","0","0","N","0","0","0","2","68K01","0","","1.0","747.0","1","N","N","N","0","","1","0","1","","0","N","","2","1","0","0","0","0","0","2","1","2","","","","N","","","","","","","","","",""
"2021109766","1206","1","0","0","0","0","0","0","0","0","4","0","","67","11","2021","3","39.97343","-75.160756","1205","6","0","0","0","0","0","0","0","0","","0","0","0","","","0","","1","","39 58:24.348","","0","75 09:38.721","9","0","0","0","67301","0","0","0","N","0","0","0","2","67301","0","","1.0","","1","N","N","Y","0","","0","0","0","","2","","","2","0","1","0","0","0","1","2","0","2","","04","","N","","","","","","","","","",""
"2021110385","0749","0","0","0","0","0","0","0","0","0","8","0","","67","11","2021","3","39.957754","-75.219287","0739","6","0","0","0","0","0","0","0","0","","0","0","0","","","1","","1","","39 57:27.914","","0","75 13:09.434","4","0","0","0","67301","1","0","0","N","1","0","0","6","67301","1","","1.0","","1","N","N","N","0","","0","0","1","","2","","","2","1","0","0","0","0","0","2","0","1","","03","","N","","","","","","","","","",""
"2021112419","2056","0","0","0","0","0","0","0","0","0","4","0","","67","11","2021","4","40.070585","-75.176274","2056","6","0","0","0","0","0","1","0","0","","0","0","0","","","1","","1","","40 04:14.106","","0","75 10:34.586","3","0","0","0","67301","0","0","0","N","0","0","0","3","67301","0","","1.0","","1","N","N","N","0","","1","0","2","","3","","","2","1","0","0","0","0","0","2","0","2","","","","N","","","","","","","","","",""
"2021115294","0023","3","0","0","0","0","0","0","0","0","5","0","","67","11","2021","5","39.944436","-75.236381","0021","6","0","0","0","0","0","0","0","0","","0","0","0","","","0","N","0","","39 56:39.970","","0","75 14:10.970","0","0","0","0","67301","0","0","0","N","0","0","0","1","67301","0","","6.0","","1","N","N","N","0","","0","0","2","","0","","","5","0","0","0","0","0","0","2","0","5","","03","","N","","","","","","","","","",""
"2021112224","1737","1","0","0","0","0","0","0","0","0","1","0","","67","11","2021","4","40.025178","-75.125421","1732","6","0","0","0","0","0","0","0","0","","0","0","0","","","2","","1","","40 01:30.639","","0","75 07:31.514","8","0","0","0","67301","0","0","0","N","0","0","0","4","67301","0","","1.0","","1","N","N","N","1","","0","0","0","","2","","","2","2","0","0","0","2","0","2","0","2","","03","","N","","","","","","","","","",""
"2021113886","1930","2","0","0","0","0","0","0","0","0","1","0","","67","11","2021","1","39.985457","-75.248163","1930","6","0","0","0","0","0","0","0","0","","0","0","0","","","1","","1","","39 59:07.645","","0","75 14:53.387","3","0","0","0","67301","0","0","0","N","0","0","0","2","67301","0","","1.0","","1","N","N","N","0","","1","0","0","","2","","","2","1","0","0","0","0","0","2","0","2","","03","","N","","","","","","","","","",""
"2021113547","1703","0","0","0","0","0","0","0","0","0","4","0","","67","11","2021","1","40.04727","-75.167746","1700","6","0","0","0","0","0","1","0","0","","0","0","0","","","1","","1","","40 02:50.173","7","0","75 10:03.884","3","0","0","0","67301","0","0","0","N","0","0","0","3","67301","0","","1.0","1810.0","1","N","N","N","1","","1","0","1","","2","Y","","2","1","0","0","0","0","0","2","0","2","","03","","N","","","","","","","","","",""
"2021112556","2203","1","0","0","0","0","0","0","0","0","6","0","","67","11","2021","4","40.126986","-75.021128","2158","6","0","0","0","0","1","0","0","0","","0","0","0","","","1","N","0","","40 07:37.150","","0","75 01:16.060","4","0","0","0","67301","0","0","0","N","0","0","0","2","67301","1","","1.0","","1","N","N","N","0","","0","0","1","","0","","","2","1","0","0","0","0","1","2","0","2","","","","N","","","","","","","","","",""
"2021116362","0243","2","0","0","0","0","0","0","0","0","4","0","","67","11","2021","1","40.038972","-75.150035","0241","6","0","0","0","0","0","0","0","0","","0","0","0","","","2","","1","","40 02:20.299","7","0","75 09:00.127","3","0","0","0","67301","0","0","0","N","0","0","0","4","67301","0","","1.0","337.0","1","N","N","N","0","","2","0","1","","2","Y","","3","2","0","0","0","0","0","2","0","3","","03","","N","","","","","","","","","",""
"2021114672","2345","2","0","0","0","0","0","0","0","0","4","0","","67","11","2021","2","40.003165","-75.152455","2333","6","0","0","0","0","0","0","0","0","","0","0","0","","","0","","5","","40 00:11.393","","0","75 09:08.837","0","0","0","0","67301","0","0","0","N","0","0","0","2","67301","0","","1.0","","1","N","N","N","0","","0","0","0","","2","","","2","0","2","0","0","0","0","2","0","2","","03","","N","","","","","","","","","",""
"2021109744","2340","1","0","0","0","0","0","0","0","0","4","0","","67","11","2021","4","40.010463","-75.165689","2335","6","0","0","0","0","0","1","0","0","","0","0","0","","","4","N","0","","40 00:37.666","","0","75 09:56.480","3","0","0","0","67301","0","0","0","N","0","0","0","5","67301","0","","1.0","","1","N","N","N","0","","4","0","2","","0","","","3","4","4","0","0","0","0","2","0","3","","03","","N","","","","","","","","","",""
"2021115021","1300","0","0","0","0","0","0","0","0","0","4","0","","67","11","2021","4","39.981635","-75.132839","1259","6","0","0","0","0","0","1","0","0","","0","0","0","","","1","","1","","39 58:53.885","","1","75 07:58.220","3","0","0","0","67301","0","0","0","N","0","0","0","2","67301","0","","1.0","","1","N","N","N","1","","1","0","1","","2","","","2","1","0","0","0","0","1","2","0","2","","","","N","","","","","","","","","",""
"2021124397","1012","0","0","0","0","0","0","0","0","0","4","0","","67","11","2021","7","39.977065","-75.229834","1010","6","0","0","0","0","0","0","0","0","","0","0","0","","","1","","1","","39 58:37.434","3","0","75 13:47.402","3","0","0","0","67301","0","0","0","N","0","0","0","2","67301","0","","1.0","1030.0","1","N","N","N","0","","1","0","2","","2","N","","2","1","0","0","0","0","0","2","0","2","","03","","N","","","","","","","","","",""
"2021109301","0343","0","0","0","0","0","0","0","0","0","7","0","","67","11","2021","5","40.118758","-75.007192","0241","6","0","0","0","0","0","0","0","0","","0","0","0","","","0","N","0","","40 07:07.530","","0","75 00:25.890","0","0","0","0","67301","0","0","0","N","0","0","0","1","67301","0","","5.0","","1","N","N","N","0","","0","0","1","","0","","","1","0","0","0","0","0","0","2","0","1","","03","","N","","","","","","","","","",""
"2021118778","1843","0","0","0","0","0","0","0","0","0","8","0","","67","11","2021","6","39.995168","-75.112208","1842","6","0","0","0","0","0","0","0","0","","0","0","0","","","2","","1","","39 59:42.604","","0","75 06:43.950","4","0","0","0","67301","1","0","0","N","1","0","0","2","67301","2","","1.0","","1","N","N","N","0","","0","0","1","","2","","","2","2","1","0","0","0","0","2","0","1","","98","","N","","","","","","","","","",""
"2021123459","2255","1","0","0","0","0","0","0","0","0","4","0","","67","11","2021","2","39.994397","-75.104607","2255","6","0","0","0","0","0","0","0","0","","0","0","0","","","1","N","1","","39 59:39.829","","0","75 06:16.585","8","0","0","0","67301","0","0","0","N","0","0","0","2","67301","0","","1.0","","1","N","N","N","0","","0","0","0","","3","","","2","1","0","0","0","1","1","2","1","2","","03","","N","","","","","","","","","",""
"2021113665","0748","1","0","0","0","0","0","0","0","0","4","0","","67","11","2021","6","40.00768","-75.15158","0743","6","0","0","0","0","0","1","0","0","","0","0","0","","","1","","1","","40 00:27.648","2","0","75 09:05.687","3","0","0","0","67301","0","0","0","N","0","0","0","3","67301","0","","1.0","810.0","1","N","N","N","0","","1","0","1","","2","N","","2","1","0","0","0","0","0","2","0","2","","03","","N","","","","","","","","","",""