"CRN","ARRIVAL_TM","AUTOMOBILE_COUNT","BELTED_DEATH_COUNT","BELTED_SUSP_SERIOUS_INJ_COUNT","BICYCLE_COUNT","BICYCLE_DEATH_COUNT","BICYCLE_SUSP_SERIOUS_INJ_COUNT","BUS_COUNT","CHLDPAS_DEATH_COUNT","CHLDPAS_SUSP_SERIOUS_INJ_COUNT","COLLISION_TYPE","COMM_VEH_COUNT","CONS_ZONE_SPD_LIM","COUNTY","CRASH_MONTH","CRASH_YEAR","DAY_OF_WEEK","DEC_LATITUDE","DEC_LONGITUDE","DISPATCH_TM","DISTRICT","DRIVER_COUNT_16YR","DRIVER_COUNT_17YR","DRIVER_COUNT_18YR","DRIVER_COUNT_19YR","DRIVER_COUNT_20YR","DRIVER_COUNT_50_64YR","DRIVER_COUNT_65_74YR","DRIVER_COUNT_75PLUS","EST_HRS_CLOSED","FATAL_COUNT","HEAVY_TRUCK_COUNT","HORSE_BUGGY_COUNT","HOUR_OF_DAY","ILLUMINATION","INJURY_COUNT","INTERSECTION_RELATED","INTERSECT_TYPE","LANE_CLOSED","LATITUDE","LN_CLOSE_DIR","LOCATION_TYPE","LONGITUDE","MAX_SEVERITY_LEVEL","MCYCLE_DEATH_COUNT","MCYCLE_SUSP_SERIOUS_INJ_COUNT","MOTORCYCLE_COUNT","MUNICIPALITY","NONMOTR_COUNT","NONMOTR_DEATH_COUNT","NONMOTR_SUSP_SERIOUS_INJ_COUNT","NTFY_HIWY_MAINT","PED_COUNT","PED_DEATH_COUNT","PED_SUSP_SERIOUS_INJ_COUNT","PERSON_COUNT","POLICE_AGCY","POSSIBLE_INJ_COUNT","RDWY_SURF_TYPE_CD","RELATION_TO_ROAD","ROADWAY_CLEARED","ROAD_CONDITION","SCH_BUS_IND","SCH_ZONE_IND","SECONDARY_CRASH","SMALL_TRUCK_COUNT","SPEC_JURIS_CD","SUSP_MINOR_INJ_COUNT","SUSP_SERIOUS_INJ_COUNT","SUV_COUNT","TCD_FUNC_CD","TCD_TYPE","TFC_DETOUR_IND","TIME_OF_DAY","TOTAL_UNITS","TOT_INJ_COUNT","UNBELTED_OCC_COUNT","UNB_DEATH_COUNT","UNB_SUSP_SERIOUS_INJ_COUNT","UNK_INJ_DEG_COUNT","UNK_INJ_PER_COUNT","URBAN_RURAL","VAN_COUNT","VEHICLE_COUNT","WEATHER1","WEATHER2","WORKERS_PRES","WORK_ZONE_IND","WORK_ZONE_LOC","WORK_ZONE_TYPE","WZ_CLOSE_DETOUR","WZ_FLAGGER","WZ_LAW_OFFCR_IND","WZ_LN_CLOSURE","WZ_MOVING","WZ_OTHER","WZ_SHLDER_MDN","WZ_WORKERS_INJ_KILLED"
"2021116325","0503","1","0","0","0","0","0","0","0","0","8","0","","67","11","2021","6","39.961372","-75.198988","0457","6","0","0","0","0","0","0","0","0","","0","0","0","","","1","","1","","39 57:40.938","","0","75 11:56.355","2","0","0","0","67301","1","0","1","N","1","0","1","2","67301","0","","1.0","","1","N","N","N","0","","0","1","0","","0","","","2","1","0","0","0","0","1","2","0","1","","03","","N","","","","","","","","","",""
"2021123464","0432","1","0","0","0","0","0","0","0","0","1","0","","67","11","2021","1","39.998255","-75.127363","0415","6","0","0","0","0","0","0","0","0","","0","0","0","","","1","","1","","39 59:53.719","","0","75 07:38.508","3","0","0","0","67301","0","0","0","N","0","0","0","2","67301","0","","1.0","","1","N","N","N","0","","1","0","1","","2","","","2","1","0","0","0","0","0","2","0","2","","","","N","","","","","","","","","",""
"2021115779","1156","0","0","0","0","0","0","0","0","0","1","0","","67","11","2021","4","39.910779","-75.230291","1155","6","0","0","1","0","0","0","0","0","","0","0","0","","","5","","1","","39 54:38.805","","3","75 13:49.047","8","0","0","0","67301","0","0","0","N","0","0","0","6","67301","0","","1.0","","1","N","N","N","0","","0","0","1","","2","","","3","5","6","0","0","5","0","2","2","3","","03","","N","","","","","","","","","",""
"2021109246","1445","0","0","0","0","0","0","0","0","0","8","0","","67","11","2021","4","40.034963","-75.173674","1445","6","0","0","0","0","0","1","0","0","","0","0","0","","","1","N","0","","40 02:05.866","","0","75 10:25.228","2","0","0","0","67301","1","0","1","N","1","0","1","2","67301","0","","1.0","","1","N","N","N","0","","0","1","0","","0","","","2","1","0","0","0","0","0","2","1","1","","03","","N","","","","","","","","","",""
"2021109270","1220","0","0","0","0","0","0","0","0","0","4","0","","67","11","2021","4","39.99554","-75.154264","1217","6","0","0","0","0","0","0","0","0","","0","0","0","","","1","","1","","39 59:43.943","","0","75 09:15.350","8","0","0","0","67301","0","0","0","N","0","0","0","2","67301","0","","1.0","","99","N","N","N","1","","0","0","1","","2","","","2","1","0","0","0","1","0","2","0","2","","03","","N","","","","","","","","","",""
"2021114970","1910","0","0","0","0","0","0","0","0","0","8","0","","67","11","2021","3","40.051105","-75.159048","1904","6","0","0","0","0","0","1","0","0","","0","0","0","","","2","","1","","40 03:03.978","","0","75 09:32.572","3","0","0","0","67301","2","0","0","N","2","0","0","3","67301","0","","1.0","","1","N","N","N","0","","2","0","0","","2","","","3","2","0","0","0","0","0","2","1","1","","","","N","","","","","","","","","",""
"2021110636","1908","1","0","0","0","0","0","0","0","0","8","0","","67","11","2021","7","39.954339","-75.191786","1859","6","0","0","0","0","0","0","0","0","","0","0","0","","","1","","1","","39 57:15.621","","0","75 11:30.428","3","0","0","0","67301","1","0","0","N","1","0","0","2","67301","0","","1.0","","1","N","N","N","0","","1","0","0","","2","","","2","1","0","0","0","0","0","2","0","1","","","","N","","","","","","","","","",""
"2021116485","1729","1","0","0","0","0","0","0","0","0","1","0","","67","11","2021","4","39.989596","-75.087562","1722","6","0","0","0","0","0","3","0","0","","0","0","0","","","2","N","0","","39 59:22.546","","0","75 05:15.222","8","0","0","0","67301","0","0","0","N","0","0","0","5","68K01","0","","1.0","","1","N","N","N","2","","0","0","1","","8","","","4","2","0","0","0","2","0","2","0","4","","03","","N","","","","","","","","","",""
"2021109232","1750","1","0","0","0","0","0","0","0","0","1","0","","67","11","2021","3","39.921103","-75.194272","1745","6","0","0","0","0","0","1","0","0","","0","0","0","","","0","N","0","","39 55:15.969","","0","75 11:39.380","0","0","0","0","67301","0","0","0","N","0","0","0","4","67301","0","","1.0","","1","N","N","N","0","","0","0","2","","0","","","4","0","2","0","0","0","0","2","1","4","","03","","N","","","","","","","","","",""
"2021110230","0615","2","0","0","0","0","0","0","0","0","6","0","","67","11","2021","7","40.050793","-75.180814","0609","6","0","0","0","0","0","0","0","0","","0","0","0","","","0","N","0","","40 03:02.854","","0","75 10:50.930","0","0","0","0","67301","0","0","0","N","0","0","0","1","67301","0","","6.0","","1","N","N","N","0","","0","0","2","","0","","","5","0","0","0","0","0","0","2","1","5","","03","","N","","","","","","","","","",""
"2021111998","2036","0","0","0","0","0","0","0","0","0","4","0","","67","11","2021","2","39.955991","-75.217645","2033","6","0","0","0","0","0","1","0","0","","0","0","0","","","0","","1","","39 57:21.568","4","0","75 13:03.523","0","0","0","0","67301","0","0","0","N","0","0","0","2","67301","0","","1.0","2045.0","1","N","N","N","0","","0","0","1","","2","N","","2","0","0","0","0","0","0","2","0","2","","03","","N","","","","","","","","","",""
"2021111040","0108","2","0","0","0","0","0","0","0","0","4","0","","67","11","2021","7","39.94822","-75.164563","0105","6","0","0","0","0","0","1","0","0","","0","0","0","","","1","","1","","39 56:53.591","","0","75 09:52.428","8","0","0","0","67301","0","0","0","N","0","0","0","2","67301","0","","1.0","","1","N","N","N","0","","0","0","0","","2","","","2","1","0","0","0","1","0","2","0","2","","03","","N","","","","","","","","","",""
"2021108834","1352","0","0","0","0","0","0","0","0","0","4","0","","67","11","2021","3","40.041639","-75.238028","1348","6","0","0","0","0","1","0","0","0","","0","0","0","","","1","N","0","","40 02:29.900","","7","75 14:16.900","4","0","0","0","67301","0","0","0","N","0","0","0","2","67301","1","","1.0","","1","N","N","N","0","","0","0","1","","0","","","2","1","0","0","0","0","0","2","1","2","","03","","N","","","","","","","","","",""
"2021109910","2045","2","0","0","0","0","0","0","0","0","4","0","","67","11","2021","5","40.054938","-75.155154","2030","6","0","0","0","0","0","1","0","0","","0","0","0","","","2","","1","","40 03:17.776","","0","75 09:18.554","3","0","0","0","67301","0","0","0","N","0","0","0","3","67301","0","","1.0","","1","N","N","N","0","","2","0","0","","3","","","2","2","0","0","0","0","1","2","0","2","","","","N","","","","","","","","","",""
"2021121035","1148","1","0","0","0","0","0","0","0","0","4","0","","67","12","2021","6","39.989585","-75.157226","1147","6","0","0","0","0","0","0","0","0","","0","0","0","","","0","","1","","39 59:22.506","","0","75 09:26.013","9","0","0","0","67301","0","0","0","N","0","0","0","3","67301","0","","1.0","","1","N","N","N","0","","0","0","0","","2","","","2","0","0","0","0","0","1","2","1","2","","04","","N","","","","","","","","","",""
"2021115207","0232","1","0","0","0","0","0","0","0","0","7","0","","67","11","2021","5","40.045633","-75.071491","0230","6","0","0","0","1","0","0","0","0","","0","0","0","","","0","","1","","40 02:44.278","","0","75 04:17.368","0","0","0","0","67301","0","0","0","N","0","0","0","1","67301","0","","4.0","","1","N","N","N","0","","0","0","0","","2","","","2","0","0","0","0","0","0","2","0","1","","03","","N","","","","","","","","","",""
"2021115720","0217","2","0","0","0","0","0","0","0","0","4","0","","67","11","2021","1","40.032675","-75.106499","0217","6","0","0","0","0","0","0","0","0","","0","0","0","","","0","","2","","40 01:57.630","3","0","75 06:23.397","9","0","0","0","67301","0","0","0","N","0","0","0","2","67301","0","","1.0","340.0","1","N","N","Y","0","","0","0","3","","3","N","","5","0","0","0","0","0","1","2","0","5","","03","","N","","","","","","","","","",""
"2021114757","1456","0","0","0","0","0","0","0","0","0","7","0","","67","11","2021","1","39.911505","-75.152365","1452","6","0","0","0","0","0","0","0","0","","0","0","0","","","1","N","0","","39 54:41.418","","8","75 09:08.515","3","0","0","0","67301","0","0","0","N","0","0","0","1","68K01","0","","4.0","","1","N","N","N","0","","1","0","1","","0","","","1","1","0","0","0","0","0","2","0","1","","","","N","","","","","","","","","",""
"2021110761","0410","0","0","0","0","0","0","0","0","0","7","0","","67","11","2021","1","40.036576","-75.198211","0404","6","0","0","0","0","0","0","0","0","","0","0","0","","","0","","11","","40 02:11.673","","0","75 11:53.559","0","0","0","0","67301","0","0","0","N","0","0","0","1","67301","0","","5.0","","1","N","N","N","0","","0","0","1","","0","","","1","0","0","0","0","0","0","2","0","1","","","","N","","","","","","","","","",""
"2021115656","0758","3","0","0","0","0","0","0","0","0","1","0","45","67","11","2021","4","39.898723","-75.179784","0753","6","0","0","0","0","0","2","0","0","","0","0","0","","","2","N","0","","39 53:55.404","1","3","75 10:47.223","3","0","0","0","67301","0","0","0","N","0","0","0","4","68K01","1","","1.0","900.0","1","N","N","N","0","","1","0","1","","0","N","","4","2","2","0","0","0","0","2","0","4","","","N","Y","8","1","","","N","Y","","","Y","N"
"2021114646","1114","1","0","0","0","0","0","0","0","0","8","0","","67","11","2021","1","39.998084","-75.233246","1114","6","0","0","0","0","0","1","0","0","","0","0","0","","","1","","1","","39 59:53.101","2","0","75 13:59.687","8","0","0","0","67301","1","0","0","N","1","0","0","2","46104","0","","1.0","1130.0","1","N","N","N","0","","0","0","0","","0","N","","2","1","1","0","0","1","0","2","0","1","","","","N","","","","","","","","","",""
"2021113800","2045","1","0","0","0","0","0","0","0","0","8","0","","67","11","2021","1","39.950903","-75.151993","2045","6","0","0","0","0","0","0","0","0","","0","0","0","","","1","","1","","39 57:03.252","","0","75 09:07.174","8","0","0","0","67301","1","0","0","N","1","0","0","2","67301","0","","1.0","","1","N","N","N","0","","0","0","0","","2","","","2","1","1","0","0","1","0","2","0","1","","03","","N","","","","","","","","","",""
"2021109784","0840","1","0","0","0","0","0","0","0","0","8","0","","67","11","2021","4","39.939956","-75.215069","0836","6","0","0","0","0","0","0","0","0","","0","0","0","","","1","N","0","","39 56:23.840","","0","75 12:54.250","3","0","0","0","67301","1","0","0","N","1","0","0","2","67301","0","","1.0","","1","N","N","N","0","","1","0","0","","0","","","2","1","0","0","0","0","0","2","0","1","","03","","N","","","","","","","","","",""
"2021115487","0956","2","0","0","0","0","0","0","0","0","4","0","","67","11","2021","5","40.013043","-75.119472","0955","6","0","0","0","1","0","0","0","0","","0","0","0","","","1","","1","","40 00:46.955","","0","75 07:10.098","3","0","0","0","67301","0","0","0","N","0","0","0","2","67301","0","","1.0","","1","N","N","N","0","","1","0","2","","2","","","4","1","0","0","0","0","0","2","0","4","","","","N","","","","","","","","","",""
"2021110484","0300","2","0","0","0","0","0","0","0","0","4","0","","67","11","2021","4","40.003924","-75.220699","0300","6","0","0","0","0","0","1","0","0","","0","0","0","","","2","","1","","40 00:14.125","","0","75 13:14.515","3","0","0","0","67301","0","0","0","N","0","0","0","3","67301","0","","1.0","","1","N","N","N","0","","1","0","0","","2","","","2","2","0","0","0","1","0","2","0","2","","03","","N","","","","","","","","","",""
"2021114522","1804","1","0","0","0","0","0","0","0","0","8","0","","67","11","2021","3","40.021529","-75.051773","1744","6","0","0","0","0","0","0","0","0","","0","0","0","","","1","","1","","40 01:17.505","","0","75 03:06.381","3","0","0","0","67301","1","0","0","N","1","0","0","2","67301","0","","1.0","","1","N","N","N","0","","1","0","0","","0","","","2","1","0","0","0","0","1","2","0","1","","","","N","","","","","","","","","",""
"2021115899","1656","2","0","0","0","0","0","0","0","0","5","0","","67","11","2021","7","40.048693","-75.002454","1651","6","0","0","0","0","0","0","0","0","","0","0","0","","","1","","2","","40 02:55.294","5","2","75 00:08.836","8","0","0","0","67301","0","0","0","N","0","0","0","2","67301","0","","1.0","1710.0","1","N","N","N","0","","0","0","0","","0","N","","2","1","0","0","0","1","1","2","0","2","","03","","N","","","","","","","","","",""
"2021110816","1130","0","0","0","0","0","0","0","0","0","4","0","","67","11","2021","7","40.035437","-75.108493","1130","6","0","0","0","0","0","1","1","0","","0","0","0","","","2","","1","","40 02:07.572","4","0","75 06:30.576","8","0","0","0","67301","0","0","0","N","0","0","0","3","67301","0","","1.0","1150.0","1","N","N","N","0","","0","0","2","","2","N","","2","2","0","0","0","2","1","2","0","2","","","","N","","","","","","","","","",""
"2021113353","0053","1","0","0","0","0","0","0","0","0","1","0","","67","11","2021","1","39.94024","-75.167956","0051","6","0","0","0","0","0","0","0","0","","0","0","0","","","1","","1","","39 56:24.864","","0","75 10:04.641","3","0","0","0","67301","0","0","0","N","0","0","0","4","67301","0","","1.0","","1","N","N","N","0","","1","0","1","","2","","","2","1","0","0","0","0","1","2","0","2","","","","N","","","","","","","","","",""
"2021109455","1232","1","0","0","0","0","0","0","0","0","1","0","","67","11","2021","4","40.030399","-75.206821","1226","6","0","0","0","0","0","0","0","0","","0","0","0","","","0","N","0","","40 01:49.435","","0","75 12:24.554","0","0","0","0","67301","0","0","0","N","0","0","0","2","67301","0","","1.0","","1","N","N","N","0","","0","0","1","","0","","","2","0","0","0","0","0","0","2","0","2","","03","","N","","","","","","","","","",""
"2021113482","1239","0","0","0","0","0","0","0","0","0","4","0","","67","11","2021","1","39.968799","-75.232213","1236","6","0","0","0","0","0","0","0","0","","0","0","0","","","5","","1","","39 58:07.676","","0","75 13:55.966","3","0","0","0","67301","0","0","0","N","0","0","0","5","67301","0","","1.0","","1","N","N","N","0","","5","0","2","","3","","","2","5","0","0","0","0","0","2","0","2","","03","","N","","","","","","","","","",""
"2021111324","2130","1","0","0","0","0","0","0","0","0","4","0","","67","11","2021","1","40.017083","-75.154485","2120","6","0","0","0","0","0","1","0","0","","0","0","0","","","3","","2","","40 01:01.497","","0","75 09:16.145","3","0","0","0","67301","0","0","0","N","0","0","0","3","67301","0","","1.0","","9","N","N","N","0","","3","0","1","","3","","","2","3","3","0","0","0","0","2","0","2","","07","","N","","","","","","","","","",""
"2021115139","0050","0","0","0","0","0","0","0","0","0","8","0","","67","11","2021","4","39.948439","-75.166205","0049","6","0","0","0","0","0","0","0","0","","0","0","0","","","1","","1","","39 56:54.380","","0","75 09:58.337","4","0","0","0","67301","1","0","0","N","1","0","0","2","67301","1","","1.0","","1","N","N","N","0","","0","0","1","","2","","","2","1","0","0","0","0","0","2","0","1","","03","","N","","","","","","","","","",""
"2021113303","0035","2","0","0","0","0","0","0","0","0","5","0","","67","11","2021","7","40.026881","-75.148292","0033","6","0","0","0","0","0","0","0","0","","0","0","0","","","0","N","0","","40 01:36.770","1","0","75 08:53.850","0","0","0","0","67301","0","0","0","N","0","0","0","2","67301","0","","6.0","148.0","1","N","N","N","0","","0","0","1","","0","Y","","3","0","0","0","0","0","0","2","0","3","","03","","N","","","","","","","","","",""
"2021112728","0025","1","0","0","0","0","0","0","0","0","7","0","","67","11","2021","6","39.918532","-75.225906","0022","6","1","0","0","0","0","0","0","0","","0","0","0","","","1","","1","","39 55:06.715","","0","75 13:33.263","8","0","0","0","67301","0","0","0","N","0","0","0","1","67301","0","","4.0","","99","N","N","N","0","","0","0","0","","2","","","1","1","0","0","0","1","0","2","0","1","","98","","N","","","","","","","","","",""
"2021115313","1535","0","0","0","0","0","0","0","0","0","4","0","","67","11","2021","7","39.970586","-75.150888","1526","6","0","0","0","0","0","0","0","0","","0","0","0","","","2","","1","","39 58:14.110","","1","75 09:03.197","4","0","0","0","67301","0","0","0","N","0","0","0","3","67301","1","","1.0","","1","N","N","N","0","","0","0","2","","3","","","2","2","0","0","0","1","0","2","0","2","","03","","N","","","","","","","","","",""
"2021114187","0835","2","0","0","0","0","0","0","0","0","4","0","","67","11","2021","2","39.967095","-75.162135","0832","6","0","0","0","0","0","1","0","0","","0","0","0","","","2","","1","","39 58:01.542","2","0","75 09:43.685","3","0","0","0","67301","0","0","0","N","0","0","0","2","67301","1","","1.0","850.0","9","N","N","N","0","","1","0","0","","2","Y","","2","2","0","0","0","0","0","2","0","2","","","","N","","","","","","","","","",""
"2021114633","0758","1","0","0","0","0","0","0","0","0","6","0","","67","11","2021","3","39.954125","-75.212136","0744","6","0","0","0","0","0","0","0","0","","0","0","0","","","0","N","0","","39 57:14.850","4","0","75 12:43.690","0","0","0","0","67301","0","0","0","N","0","0","0","1","67301","0","","6.0","858.0","1","N","N","N","0","","0","0","1","","0","N","","2","0","0","0","0","0","0","2","0","2","","","","N","","","","","","","","","",""
"2021114747","0013","1","0","0","0","0","0","0","0","0","7","0","","67","11","2021","7","39.982036","-75.10187","0005","6","0","0","0","0","0","0","0","0","","0","0","0","","","0","N","0","","39 58:55.330","","2","75 06:06.733","9","0","0","0","67301","0","0","0","Y","0","0","0","1","68K01","0","","4.0","","1","N","N","N","0","","0","0","0","","0","","","1","0","0","0","0","0","1","2","0","1","","","","N","","","","","","","","","",""
"2021114334","1919","1","0","0","0","0","0","0","0","0","5","0","","67","11","2021","6","40.031572","-75.062083","1910","6","0","0","0","0","0","0","0","0","","0","0","0","","","1","N","0","","40 01:53.660","","0","75 03:43.500","3","0","0","0","67301","0","0","0","N","0","0","0","2","67301","0","","1.0","","1","N","N","N","0","","1","0","0","","0","","","2","1","0","0","0","0","0","2","1","2","","03","","N","","","","","","","","","",""
"2021110277","1842","1","0","0","0","0","0","0","0","0","2","0","","67","11","2021","6","39.919422","-75.227025","1834","6","0","0","0","0","0","0","1","0","","0","0","0","","","2","","1","","39 55:09.920","","0","75 13:37.289","3","0","0","0","67301","0","0","0","N","0","0","0","3","67301","0","","1.0","","1","N","N","N","0","","2","0","1","","0","","","2","2","0","0","0","0","1","2","0","2","","03","","N","","","","","","","","","",""
"2021110209","1050","3","0","0","0","0","0","0","0","0","4","0","","67","11","2021","6","40.0262","-75.16915","1043","6","0","0","0","0","0","1","0","0","","0","0","0","","","2","","1","","40 01:34.321","","0","75 10:08.941","3","0","0","0","67301","0","0","0","N","0","0","0","3","67301","0","","1.0","","9","N","N","N","0","","2","0","1","","1","","","4","2","0","0","0","0","0","2","0","4","","07","","N","","","","","","","","","",""
"2021109911","0852","1","0","0","0","0","0","0","0","0","5","0","","67","11","2021","5","40.064525","-75.181194","0851","6","0","0","0","0","0","0","1","0","","0","0","0","","","0","N","0","","40 03:52.290","5","0","75 10:52.300","0","0","0","0","67301","0","0","0","N","0","0","0","1","67301","0","","6.0","2127.0","1","N","N","N","0","","0","0","1","","0","N","","2","0","1","0","0","0","0","2","0","2","","03","","N","","","","","","","","","",""
"2021116308","2010","2","0","0","0","0","0","0","0","0","4","0","","67","11","2021","7","39.960442","-75.241062","2010","6","0","0","0","1","0","0","0","0","","0","0","0","","","1","","1","","39 57:37.591","","0","75 14:27.822","4","0","0","0","67301","0","0","0","N","0","0","0","2","67301","1","","1.0","","1","N","N","N","0","","0","0","0","","2","","","2","1","0","0","0","0","0","2","0","2","","03","","N","","","","","","","","","",""
"2021120655","1752","0","0","0","0","0","0","0","0","0","4","0","","67","11","2021","7","39.974451","-75.158729","1750","6","0","0","0","0","0","0","0","0","","0","0","0","","","0","","1","","39 58:28.024","","0","75 09:31.424","9","0","0","0","67301","0","0","0","N","0","0","0","2","67301","0","","1.0","","1","N","N","N","0","","0","0","2","","2","","","2","0","1","0","0","0","1","2","0","2","","03","","N","","","","","","","","","",""
"2021114293","0905","1","0","0","0","0","0","0","0","0","4","0","","67","11","2021","3","40.082678","-75.032113","0902","6","0","0","0","0","0","0","0","0","","0","0","0","","","3","","1","","40 04:57.639","","0","75 01:55.607","3","0","0","0","67301","0","0","0","N","0","0","0","4","67301","0","","1.0","","1","N","N","N","0","","3","0","1","","2","","","2","3","0","0","0","0","0","2","0","2","","","","N","","","","","","","","","",""
"2021110399","2120","1","0","0","0","0","0","0","0","0","4","0","","67","11","2021","4","39.949238","-75.217002","2120","6","0","1","0","0","0","1","0","0","","0","0","0","","","0","","1","","39 56:57.256","6","0","75 13:01.206","0","0","0","0","67301","0","0","0","N","0","0","0","2","67301","0","","1.0","2205.0","1","N","N","Y","0","","0","0","3","","3","N","","4","0","1","0","0","0","0","2","0","4","","03","","N","","","","","","","","","",""
"2021115792","0839","1","0","0","0","0","0","0","0","0","5","0","","67","11","2021","7","39.951944","-75.220528","0837","6","0","0","0","1","0","0","0","0","","0","0","0","","","0","Y","0","","39 57:07.000","5","0","75 13:13.900","0","0","0","0","67301","0","0","0","N","0","0","0","1","67301","0","","6.0","936.0","1","N","N","N","0","","0","0","1","","0","Y","","2","0","0","0","0","0","0","2","0","2","","03","","N","","","","","","","","","",""
"2021110478","2348","2","0","0","0","0","0","0","0","0","5","0","","67","11","2021","7","39.934083","-75.158917","2346","6","0","0","0","0","0","0","0","0","","0","0","0","","","0","N","0","","39 56:02.700","1","0","75 09:32.100","0","0","0","0","67301","0","0","0","N","0","0","0","1","67301","0","","6.0","1.0","1","N","N","N","0","","0","0","0","","0","Y","","2","0","0","0","0","0","0","2","0","2","","","","N","","","","","","","","","",""
"2021110741","1959","1","0","0","0","0","0","0","0","0","5","0","","67","11","2021","1","40.041044","-75.029247","1954","6","0","0","0","0","0","0","0","0","","0","0","0","","","0","N","0","","40 02:27.759","2","0","75 01:45.290","0","0","0","0","67301","0","0","0","N","0","0","0","1","67301","0","","6.0","2133.0","1","N","N","N","1","","0","0","1","","0","N","","4","0","0","0","0","0","0","2","1","4","","","","N","","","","","","","","","",""
"2021110438","0200","0","0","0","0","0","0","0","0","0","8","0","","67","11","2021","4","39.989858","-75.125431","0146","6","0","0","0","0","0","0","0","0","","0","0","0","","","1","","1","","39 59:23.487","","1","75 07:31.551","3","0","0","0","67301","1","0","0","N","1","0","0","2","67301","0","","1.0","","1","N","N","N","0","","1","0","1","","2","","","2","1","0","0","0","0","0","2","0","1","","03","","N","","","","","","","","","",""
"2021112599","0256","4","0","0","0","0","0","0","0","0","5","0","","67","11","2021","1","40.05617","-75.074628","0248","6","0","0","0","0","0","0","0","0","","0","0","0","","","0","N","0","","40 03:22.213","","0","75 04:28.661","0","0","0","0","67301","0","0","0","N","0","0","0","1","67301","0","","6.0","","1","N","N","N","0","","0","0","0","","0","","","4","0","0","0","0","0","0","2","0","4","","","","N","","","","","","","","","",""
"2021114750","0433","0","0","0","0","0","0","0","0","0","7","0","","67","11","2021","7","39.980118","-75.205043","0428","6","0","0","0","0","0","0","0","0","","0","0","0","","","1","N","0","","39 58:48.423","","0","75 12:18.153","8","0","0","1","67301","0","0","0","N","0","0","0","1","68K01","0","","4.0","","1","N","N","N","0","","0","0","0","","0","","","1","1","0","0","0","1","0","2","0","1","","","","N","","","","","","","","","",""
"2021114797","1530","0","0","0","0","0","0","0","0","0","8","0","","67","11","2021","4","39.953807","-75.166593","1520","6","0","0","0","0","0","1","0","0","","0","0","0","","","1","","1","","39 57:13.704","","0","75 09:59.736","8","0","0","0","67301","1","0","0","N","1","0","0","2","67508","0","","1.0","","1","N","N","Y","0","","0","0","1","","2","","","2","1","0","0","0","1","0","2","0","1","","03","","N","","","","","","","","","",""
"2021109662","0845","0","0","0","0","0","0","0","0","0","4","0","","67","11","2021","4","39.99999","-75.153145","0845","6","0","0","0","0","0","0","0","0","","0","0","0","","","2","","1","","39 59:59.964","","0","75 09:11.322","3","0","0","0","67301","0","0","0","N","0","0","0","4","67301","1","","1.0","","1","N","N","N","0","","1","0","1","","2","","","2","2","0","0","0","0","1","2","0","2","","03","","N","","","","","","","","","",""
"2021124876","0929","1","0","0","0","0","0","0","0","0","4","0","","67","12","2021","4","40.022111","-75.1161","0925","6","0","0","0","0","0","0","1","0","","0","0","0","","","1","","1","","40 01:19.599","","0","75 06:57.960","8","0","0","0","67301","1","0","0","N","1","0","0","3","67301","0","","1.0","","1","N","N","N","0","","0","0","1","","3","","","3","1","0","0","0","1","1","2","0","2","","03","","N","","","","","","","","","",""
"2021108074","0840","2","0","0","0","0","0","0","0","0","4","0","","67","11","2021","2","39.913006","-75.240336","0838","6","0","0","0","1","0","1","0","0","","0","0","0","","","3","","1","","39 54:46.821","4","0","75 14:25.209","3","0","0","0","67301","0","0","0","N","0","0","0","4","67301","1","","1.0","100.0","1","N","N","N","1","","2","0","0","","2","N","","3","3","0","0","0","0","0","2","0","3","","03","","N","","","","","","","","","",""
"2021115140","1900","0","0","0","0","0","0","0","0","0","7","0","","67","11","2021","2","40.060163","-75.191048","1900","6","0","0","0","0","0","0","1","0","","0","0","0","","","0","","2","","40 03:36.586","","0","75 11:27.771","0","0","0","0","67301","0","0","0","N","0","0","0","1","67301","0","","5.0","","1","N","N","N","0","","0","0","1","","2","","","1","0","0","0","0","0","0","2","0","1","","03","","N","","","","","","","","","",""
"2021111912","0847","0","0","0","0","0","0","0","0","0","8","0","","67","11","2021","4","40.031309","-75.041637","0844","6","0","0","0","0","0","1","0","0","","0","0","0","","","1","","1","","40 01:52.711","","0","75 02:29.892","3","0","0","0","67301","1","0","0","N","1","0","0","2","67301","0","","1.0","","1","N","N","N","0","","1","0","1","","3","","","2","1","0","0","0","0","0","2","0","1","","03","","N","","","","","","","","","",""
"2021113275","0808","0","0","0","0","0","0","0","0","0","8","0","","67","11","2021","7","40.017987","-75.133566","0807","6","0","0","0","0","0","0","0","0","","0","0","0","","","1","","1","","40 01:04.753","","0","75 08:00.837","2","0","0","0","67301","1","0","1","N","1","0","1","2","67301","0","","1.0","","1","N","N","N","0","","0","1","0","","3","","","2","1","0","0","0","0","1","2","0","1","","03","","N","","","","","","","","","",""
"2021112576","2238","1","0","0","0","0","0","0","0","0","7","0","","67","11","2021","5","39.909139","-75.152472","2237","6","0","0","0","0","0","0","0","0","","0","0","0","","","0","N","0","","39 54:32.900","3","3","75 09:08.900","0","0","0","0","67301","0","0","0","N","0","0","0","2","67501","0","","3.0","2321.0","9","N","N","N","0","","0","0","0","","0","Y","","1","0","0","0","0","0","0","2","0","1","","","","N","","","","","","","","","",""