"CRN","ARRIVAL_TM","AUTOMOBILE_COUNT","BELTED_DEATH_COUNT","BELTED_SUSP_SERIOUS_INJ_COUNT","BICYCLE_COUNT","BICYCLE_DEATH_COUNT","BICYCLE_SUSP_SERIOUS_INJ_COUNT","BUS_COUNT","CHLDPAS_DEATH_COUNT","CHLDPAS_SUSP_SERIOUS_INJ_COUNT","COLLISION_TYPE","COMM_VEH_COUNT","CONS_ZONE_SPD_LIM","COUNTY","CRASH_MONTH","CRASH_YEAR","DAY_OF_WEEK","DEC_LATITUDE","DEC_LONGITUDE","DISPATCH_TM","DISTRICT","DRIVER_COUNT_16YR","DRIVER_COUNT_17YR","DRIVER_COUNT_18YR","DRIVER_COUNT_19YR","DRIVER_COUNT_20YR","DRIVER_COUNT_50_64YR","DRIVER_COUNT_65_74YR","DRIVER_COUNT_75PLUS","EST_HRS_CLOSED","FATAL_COUNT","HEAVY_TRUCK_COUNT","HORSE_BUGGY_COUNT","HOUR_OF_DAY","ILLUMINATION","INJURY_COUNT","INTERSECTION_RELATED","INTERSECT_TYPE","LANE_CLOSED","LATITUDE","LN_CLOSE_DIR","LOCATION_TYPE","LONGITUDE","MAX_SEVERITY_LEVEL","MCYCLE_DEATH_COUNT","MCYCLE_SUSP_SERIOUS_INJ_COUNT","MOTORCYCLE_COUNT","MUNICIPALITY","NONMOTR_COUNT","NONMOTR_DEATH_COUNT","NONMOTR_SUSP_SERIOUS_INJ_COUNT","NTFY_HIWY_MAINT","PED_COUNT","PED_DEATH_COUNT","PED_SUSP_SERIOUS_INJ_COUNT","PERSON_COUNT","POLICE_AGCY","POSSIBLE_INJ_COUNT","RDWY_SURF_TYPE_CD","RELATION_TO_ROAD","ROADWAY_CLEARED","ROAD_CONDITION","SCH_BUS_IND","SCH_ZONE_IND","SECONDARY_CRASH","SMALL_TRUCK_COUNT","SPEC_JURIS_CD","SUSP_MINOR_INJ_COUNT","SUSP_SERIOUS_INJ_COUNT","SUV_COUNT","TCD_FUNC_CD","TCD_TYPE","TFC_DETOUR_IND","TIME_OF_DAY","TOTAL_UNITS","TOT_INJ_COUNT","UNBELTED_OCC_COUNT","UNB_DEATH_COUNT","UNB_SUSP_SERIOUS_INJ_COUNT","UNK_INJ_DEG_COUNT","UNK_INJ_PER_COUNT","URBAN_RURAL","VAN_COUNT","VEHICLE_COUNT","WEATHER1","WEATHER2","WORKERS_PRES","WORK_ZONE_IND","WORK_ZONE_LOC","WORK_ZONE_TYPE","WZ_CLOSE_DETOUR","WZ_FLAGGER","WZ_LAW_OFFCR_IND","WZ_LN_CLOSURE","WZ_MOVING","WZ_OTHER","WZ_SHLDER_MDN","WZ_WORKERS_INJ_KILLED"
"2021117815","0144","0","0","0","0","0","0","0","0","0","8","0","","67","11","2021","7","39.944056","-75.167139","0140","6","0","0","0","0","0","0","0","0","","0","0","0","","","1","N","0","","39 56:38.600","","0","75 10:01.700","3","0","0","0","67301","1","0","0","N","1","0","0","2","67301","0","","1.0","","1","N","N","N","0","","1","0","0","","0","","","2","1","0","0","0","0","0","2","1","1","","","","N","","","","","","","","","",""
"2021113561","1630","1","0","0","0","0","0","0","0","0","5","0","","67","11","2021","6","39.91665","-75.191644","1630","6","0","0","0","0","0","0","0","0","","0","0","0","","","0","N","0","","39 54:59.941","2","0","75 11:29.920","0","0","0","0","67301","0","0","0","N","0","0","0","2","67301","0","","1.0","1300.0","1","N","N","N","0","","0","0","1","","0","Y","","2","0","0","0","0","0","0","2","0","2","","","","N","","","","","","","","","",""
"2021114634","2024","1","0","0","0","0","0","0","0","0","4","0","","67","11","2021","3","39.948264","-75.227311","2024","6","0","0","0","0","0","0","0","0","","0","0","0","","","0","","2","","39 56:53.750","","0","75 13:38.321","0","0","0","0","67301","0","0","0","N","0","0","0","2","67301","0","","1.0","","1","N","N","N","0","","0","0","0","","3","","","2","0","0","0","0","0","0","2","1","2","","03","","N","","","","","","","","","",""
"2021109249","1735","1","0","0","0","0","0","0","0","0","5","0","","67","11","2021","3","40.037114","-75.139649","1728","6","0","0","0","0","0","0","0","0","","0","0","0","","","0","","1","","40 02:13.610","","0","75 08:22.736","0","0","0","0","67301","0","0","0","N","0","0","0","2","67301","0","","1.0","","1","N","N","N","0","","0","0","1","","2","","","2","0","0","0","0","0","0","2","0","2","","03","","N","","","","","","","","","",""
"2021110387","1617","0","0","0","0","0","0","0","0","0","8","0","","67","11","2021","4","39.954999","-75.238168","1610","6","0","0","0","0","0","0","0","0","","0","0","0","","","1","","1","","39 57:17.996","","0","75 14:17.404","8","0","0","0","67301","1","0","0","N","1","0","0","2","67301","0","","1.0","","1","N","N","N","0","","0","0","1","","2","","","2","1","0","0","0","1","0","2","0","1","","","","N","","","","","","","","","",""
"2021111062","1758","1","0","0","0","0","0","0","0","0","4","0","","67","11","2021","6","39.975226","-75.222508","1756","6","0","0","0","0","0","0","0","0","","0","0","0","","","1","","2","","39 58:30.814","","0","75 13:21.028","4","0","0","0","67301","0","0","0","N","0","0","0","2","67301","1","","1.0","","1","N","N","N","0","","0","0","1","","3","","","2","1","0","0","0","0","0","2","0","2","","03","","N","","","","","","","","","",""
"2021114812","0748","0","0","0","0","0","0","0","0","0","1","0","","67","11","2021","2","39.905757","-75.193824","0739","6","0","0","0","0","0","1","0","0","","0","0","0","","","1","","1","","39 54:20.725","","0","75 11:37.765","8","0","0","0","67301","0","0","0","N","0","0","0","3","67301","0","","1.0","","9","N","N","N","0","","0","0","2","","2","","","2","1","0","0","0","1","0","2","0","2","","07","","N","","","","","","","","","",""
"2021124517","1151","0","0","0","0","0","0","0","0","0","5","0","","67","11","2021","7","39.990954","-75.101787","1139","6","0","0","0","0","0","1","0","0","","0","0","0","","","2","N","0","","39 59:27.435","","0","75 06:06.433","3","0","0","0","67301","0","0","0","N","0","0","0","2","67301","1","","1.0","","1","N","N","N","0","","1","0","2","","0","","","2","2","1","0","0","0","0","2","0","2","","03","","N","","","","","","","","","",""
"2021110276","1930","0","0","0","0","0","0","0","0","0","7","0","","67","11","2021","4","39.919088","-75.206092","1922","6","0","0","0","0","0","0","0","0","","0","0","0","","","0","N","0","","39 55:08.717","4","3","75 12:21.930","0","0","0","0","67301","0","0","0","N","0","0","0","1","67301","0","","4.0","100.0","1","N","N","N","0","","0","0","1","","0","N","","1","0","0","0","0","0","0","2","0","1","","","","N","","","","","","","","","",""
"2021115619","1855","1","0","0","0","0","0","0","0","0","1","0","","67","11","2021","6","40.092767","-75.047336","1850","6","0","0","0","0","0","1","0","0","","0","0","0","","","1","","2","","40 05:33.961","","0","75 02:50.408","3","0","0","0","67301","0","0","0","N","0","0","0","3","67301","0","","1.0","","1","N","N","N","0","","1","0","1","","0","","","2","1","0","0","0","0","0","2","0","2","","03","","N","","","","","","","","","",""
"2021112982","0727","1","0","0","0","0","0","0","0","0","1","0","","67","11","2021","3","40.014588","-75.178184","0727","6","0","0","0","0","0","1","0","0","","0","0","0","","","0","N","0","","40 00:52.516","","0","75 10:41.463","9","0","0","0","67301","0","0","0","N","0","0","0","3","67301","0","","1.0","","1","N","N","N","0","","0","0","2","","0","","","3","0","0","0","0","0","3","2","0","3","","03","","N","","","","","","","","","",""
"2021112289","2018","2","0","0","0","0","0","0","0","0","5","0","","67","11","2021","4","39.923461","-75.236503","2017","6","0","0","0","0","0","0","0","0","","0","0","0","","","0","N","0","","39 55:24.460","5","0","75 14:11.410","0","0","0","0","67301","0","0","0","N","0","0","0","1","67301","0","","6.0","100.0","1","N","N","N","0","","0","0","0","","0","Y","","3","0","0","0","0","0","0","2","1","3","","03","","N","","","","","","","","","",""
"2021123966","1520","0","0","0","0","0","0","0","0","0","8","0","","67","12","2021","7","40.068663","-75.156786","1505","6","0","0","0","0","0","0","0","0","","0","0","0","","","1","","5","","40 04:07.186","","0","75 09:24.430","8","0","0","0","67301","1","0","0","N","1","0","0","2","67301","0","","1.0","","9","N","N","N","1","","0","0","0","","2","","","2","1","0","0","0","1","0","2","0","1","","","","N","","","","","","","","","",""
"2021113254","1710","0","0","0","1","0","0","0","0","0","8","0","","67","11","2021","2","39.92323","-75.187096","1700","6","0","0","0","0","0","0","0","0","","0","0","0","","","1","","1","","39 55:23.627","","0","75 11:13.545","8","0","0","0","67301","1","0","0","N","0","0","0","2","67301","0","","1.0","","1","N","N","N","0","","0","0","1","","3","","","2","1","0","0","0","1","1","2","0","1","","03","","N","","","","","","","","","",""
"2021110708","2035","2","0","0","0","0","0","0","0","0","1","0","","67","11","2021","7","39.904045","-75.240114","2035","6","0","0","0","0","0","1","1","0","","0","0","0","","","4","","1","","39 54:14.563","","0","75 14:24.409","3","0","0","0","67301","0","0","0","N","0","0","0","5","67301","0","","1.0","","1","N","N","N","1","","4","0","0","","2","","","3","4","0","0","0","0","1","2","0","3","","03","","N","","","","","","","","","",""
"2021115552","1836","1","0","0","0","0","0","0","0","0","4","0","","67","11","2021","6","39.964866","-75.22609","1836","6","0","0","0","0","0","0","1","0","","0","0","0","","","1","","1","","39 57:53.517","","0","75 13:33.924","4","0","0","0","67301","0","0","0","N","0","0","0","2","67301","1","","1.0","","1","N","N","N","0","","0","0","1","","2","","","2","1","2","0","0","0","1","2","0","2","","04","","N","","","","","","","","","",""
"2021110253","0210","1","0","0","0","0","0","0","0","0","1","0","","67","11","2021","7","39.893134","-75.222101","0210","6","0","0","0","0","0","0","0","0","","0","0","0","","","0","N","0","","39 53:35.281","2","3","75 13:19.565","0","0","0","0","67301","0","0","0","N","0","0","0","2","67301","0","","1.0","655.0","1","N","N","N","0","","0","0","1","","0","N","","2","0","0","0","0","0","0","2","0","2","","03","","N","","","","","","","","","",""
"2021120198","1415","0","0","0","0","0","0","0","0","0","8","0","","67","11","2021","7","39.961745","-75.157694","1412","6","0","0","0","0","0","0","0","0","","0","0","0","","","1","","5","","39 57:42.281","","0","75 09:27.699","2","0","0","0","67301","1","0","1","N","1","0","1","2","67301","0","","1.0","","1","N","N","N","0","","0","1","1","","2","","","2","1","0","0","0","0","0","2","0","1","","03","","N","","","","","","","","","",""
"2021116410","2115","0","0","0","0","0","0","0","0","0","1","0","","67","11","2021","1","39.8965","-75.25027","2100","6","0","0","0","0","1","0","0","0","","0","0","0","","","2","","3","","39 53:47.399","","6","75 15:00.972","8","0","0","0","67301","0","0","0","N","0","0","0","4","67301","0","","1.0","","1","N","N","N","0","","0","0","1","","4","","","2","2","2","0","0","2","0","2","1","2","","03","","N","","","","","","","","","",""
"2021119554","2052","0","0","0","0","0","0","0","0","0","1","0","","67","11","2021","7","40.009059","-75.068311","2030","6","0","0","0","0","0","0","0","0","","0","0","0","","","0","N","0","","40 00:32.614","2","3","75 04:05.918","9","0","0","0","67301","0","0","0","N","0","0","0","4","68K01","0","","1.0","2115.0","1","N","N","N","0","","0","0","2","","0","N","","2","0","0","0","0","0","2","2","0","2","","03","","N","","","","","","","","","",""
"2021114971","1325","1","0","0","0","0","0","0","0","0","5","0","","67","11","2021","3","40.006814","-75.193297","1305","6","0","0","0","0","0","1","0","0","","0","0","0","","","0","N","0","","40 00:24.532","","0","75 11:35.869","0","0","0","0","67301","0","0","0","N","0","0","0","2","67301","0","","1.0","","1","N","N","N","0","","0","0","1","","0","","","2","0","0","0","0","0","0","2","0","2","","03","","N","","","","","","","","","",""
"2021114027","0416","1","0","0","0","0","0","0","0","0","7","0","","67","11","2021","2","39.921278","-75.190639","0402","6","0","0","0","0","0","0","0","0","","0","0","0","","","0","N","0","","39 55:16.602","2","1","75 11:26.301","0","0","0","0","67301","0","0","0","N","0","0","0","1","67301","0","","4.0","500.0","9","N","N","N","0","","0","0","0","","0","N","","1","0","1","0","0","0","0","2","0","1","","04","","N","","","","","","","","","",""
"2021117284","1620","1","0","1","0","0","0","0","0","0","4","0","","67","11","2021","1","40.018245","-75.17303","1416","6","0","0","0","0","0","0","0","0","","0","0","0","","","1","N","0","","40 01:05.683","","0","75 10:22.908","2","0","0","0","67301","0","0","0","N","0","0","0","2","67301","0","","1.0","","1","N","N","N","0","","0","1","1","","0","","","2","1","0","0","0","0","0","2","0","2","","03","","N","","","","","","","","","",""
"2021111816","2024","2","0","0","0","0","0","0","0","0","1","0","","67","11","2021","3","40.026724","-75.041731","2017","6","0","0","0","0","0","0","0","0","","0","0","0","","","0","N","0","","40 01:36.208","","0","75 02:30.230","0","0","0","0","67301","0","0","0","N","0","0","0","3","67301","0","","1.0","","1","N","N","N","0","","0","0","1","","0","","","3","0","0","0","0","0","0","2","0","3","","","","N","","","","","","","","","",""
"2021123463","0215","1","0","0","0","0","0","0","0","0","8","0","","67","11","2021","1","39.996718","-75.115468","0212","6","0","0","0","0","0","0","0","0","","0","0","0","","","1","","1","","39 59:48.185","","0","75 06:55.684","3","0","0","0","67301","1","0","0","N","1","0","0","2","67301","0","","1.0","","1","N","N","N","0","","1","0","0","","2","","","2","1","0","0","0","0","0","2","0","1","","03","","N","","","","","","","","","",""
"2021114796","2031","0","0","0","0","0","0","0","0","0","8","0","","67","11","2021","3","39.996524","-75.11388","2030","6","0","0","0","0","0","0","0","0","","0","0","0","","","1","N","0","","39 59:47.488","","0","75 06:49.968","3","0","0","0","67301","1","0","0","N","1","0","0","2","67508","0","","1.0","","1","N","N","Y","0","","1","0","1","","0","","","2","1","0","0","0","0","0","2","0","1","","03","","N","","","","","","","","","",""
"2021114667","1735","1","0","0","0","0","0","0","0","0","4","0","","67","11","2021","1","39.948513","-75.205028","1726","6","0","0","0","0","0","0","1","0","","0","0","0","","","2","","3","","39 56:54.646","","0","75 12:18.100","3","0","0","0","67301","0","0","0","N","0","0","0","3","67301","0","","1.0","","1","N","N","N","0","","2","0","1","","3","","","2","2","0","0","0","0","0","2","0","2","","03","","N","","","","","","","","","",""
"2021115717","2342","0","0","0","0","0","0","0","0","0","5","0","","67","11","2021","6","39.91175","-75.168","2342","6","0","0","0","0","0","0","0","0","","0","0","0","","","0","N","0","","39 54:42.300","","3","75 10:04.800","0","0","0","0","67301","0","0","0","N","0","0","0","3","67501","0","","1.0","","1","N","N","N","0","","0","0","0","","0","","","2","0","0","0","0","0","0","2","1","2","","03","","N","","","","","","","","","",""
"2021110762","0634","0","0","0","0","0","0","0","0","0","2","0","","67","11","2021","4","40.008148","-75.072467","0629","6","0","0","0","0","0","0","0","0","","0","0","0","","","1","","1","","40 00:29.331","","0","75 04:20.880","3","0","0","0","67301","0","0","0","N","0","0","0","2","67301","0","","1.0","","1","N","N","N","0","","1","0","2","","2","","","2","1","0","0","0","0","0","2","0","2","","03","","N","","","","","","","","","",""
"2021114306","1607","1","0","0","0","0","0","0","0","0","4","0","","67","11","2021","2","40.052316","-75.007986","1605","6","0","0","0","0","0","1","0","0","","0","0","0","","","2","","1","","40 03:08.339","","0","75 00:28.750","4","0","0","0","67301","0","0","0","N","0","0","0","2","67301","1","","1.0","","1","N","N","N","0","","0","0","0","","2","","","2","2","0","0","0","1","0","2","1","2","","03","","N","","","","","","","","","",""
"2021110610","0928","0","0","0","0","0","0","0","0","0","8","0","","67","11","2021","5","39.925323","-75.15767","0923","6","0","0","0","0","0","0","0","1","","0","0","0","","","1","","1","","39 55:31.162","","0","75 09:27.611","3","0","0","0","67301","1","0","0","N","1","0","0","2","67301","0","","1.0","","1","N","N","N","0","","1","0","1","","3","","","2","1","0","0","0","0","0","2","0","1","","03","","N","","","","","","","","","",""
"2021115489","0917","2","0","0","0","0","0","0","0","0","4","0","","67","11","2021","6","40.005023","-75.136398","0912","6","0","0","0","0","0","1","0","0","","0","0","0","","","0","","3","","40 00:18.082","","0","75 08:11.032","0","0","0","0","67301","0","0","0","N","0","0","0","3","67301","0","","1.0","","1","N","N","N","0","","0","0","0","","3","","","2","0","0","0","0","0","0","2","0","2","","","","N","","","","","","","","","",""
"2021109245","1730","0","0","0","0","0","0","0","0","0","7","0","","67","11","2021","3","39.916511","-75.169295","1720","6","0","0","0","0","0","0","0","0","","0","0","0","","","0","","1","","39 54:59.439","","0","75 10:09.463","0","0","0","0","67301","0","0","0","N","0","0","0","1","67301","0","","4.0","","1","N","N","N","0","","0","0","0","","2","","","1","0","0","0","0","0","0","2","1","1","","","","N","","","","","","","","","",""
"2021118525","1817","2","0","0","0","0","0","0","0","0","4","0","","67","11","2021","1","40.042771","-75.148838","1658","6","0","0","0","0","0","0","0","0","","0","0","0","","","1","","1","","40 02:33.975","","0","75 08:55.816","3","0","0","0","67301","0","0","0","N","0","0","0","2","67301","0","","1.0","","1","N","N","N","0","","1","0","0","","3","","","2","1","0","0","0","0","0","2","0","2","","03","","N","","","","","","","","","",""
"2021113296","2317","0","0","0","0","0","0","0","0","0","1","0","","67","11","2021","5","39.972417","-75.222083","2315","6","0","0","0","0","0","1","0","0","","0","0","0","","","0","N","0","","39 58:20.700","","0","75 13:19.500","0","0","0","0","67301","0","0","0","N","0","0","0","2","67301","0","","1.0","","9","N","N","N","1","","0","0","0","","0","","","2","0","0","0","0","0","0","2","0","2","","07","","N","","","","","","","","","",""
"2021111263","0457","2","0","0","0","0","0","0","0","0","5","0","","67","11","2021","1","39.964889","-75.225664","0448","6","0","0","0","0","0","0","0","0","","0","0","0","","","0","N","0","","39 57:53.600","","0","75 13:32.390","0","0","0","0","67301","0","0","0","N","0","0","0","1","67301","0","","6.0","","1","N","N","N","0","","0","0","0","","0","","","2","0","0","0","0","0","0","2","0","2","","03","","N","","","","","","","","","",""
"2021114762","2147","1","0","0","0","0","0","0","0","0","7","0","","67","11","2021","1","39.960193","-75.180467","2137","6","0","0","1","0","0","0","0","0","","0","0","0","","","1","N","0","","39 57:36.696","4","3","75 10:49.681","8","0","0","0","67301","0","0","0","N","0","0","0","1","68K01","0","","3.0","2200.0","9","N","N","N","0","","0","0","0","","0","N","","1","1","0","0","0","1","0","2","0","1","","","","N","","","","","","","","","",""
"2021115560","0850","0","0","0","0","0","0","0","0","0","5","0","","67","11","2021","6","40.007586","-75.162861","0846","6","0","0","0","0","0","0","0","0","","0","0","0","","","0","N","0","","40 00:27.310","3","0","75 09:46.300","0","0","0","0","67301","0","0","0","N","0","0","0","3","67301","0","","1.0","200.0","9","N","N","Y","0","","0","0","3","","0","N","","3","0","0","0","0","0","0","2","0","3","","","","N","","","","","","","","","",""
"2021110481","1623","1","0","0","0","0","0","0","0","0","4","0","","67","11","2021","5","39.969664","-75.211523","1623","6","0","0","0","0","0","0","1","0","","0","0","0","","","1","","1","","39 58:10.789","","0","75 12:41.484","4","0","0","0","67301","0","0","0","N","0","0","0","3","67301","1","","1.0","","1","N","N","N","0","","0","0","1","","2","","","2","1","0","0","0","0","0","2","0","2","","03","","N","","","","","","","","","",""
"2021113600","0428","1","0","0","0","0","0","0","0","0","5","0","","67","11","2021","1","40.040252","-75.108337","0424","6","0","0","0","0","0","0","0","0","","0","0","0","","","0","N","0","","40 02:24.906","","0","75 06:30.013","0","0","0","0","67301","0","0","0","N","0","0","0","2","67301","0","","1.0","","1","N","N","N","1","","0","0","0","","0","","","2","0","0","0","0","0","0","2","0","2","","03","","N","","","","","","","","","",""
"2021113470","2155","0","0","0","0","0","0","0","0","0","8","0","","67","11","2021","4","40.022719","-75.148198","2150","6","0","0","0","0","0","0","0","0","","0","0","0","","","1","","5","","40 01:21.790","","0","75 08:53.512","3","0","0","0","67301","1","0","0","N","1","0","0","2","67301","0","","1.0","","1","N","N","N","0","","1","0","0","","0","","","2","1","0","0","0","0","0","2","0","1","","03","","N","","","","","","","","","",""
"2021115185","1650","2","0","0","0","0","0","0","0","0","1","0","","67","11","2021","4","40.035978","-75.186214","1650","6","0","0","0","0","0","1","0","0","","0","0","0","","","1","Y","0","","40 02:09.519","","0","75 11:10.371","8","0","0","0","67301","0","0","0","N","0","0","0","2","67301","0","","1.0","","1","N","N","N","0","","0","0","0","","2","","","2","1","0","0","0","1","0","2","0","2","","03","","N","","","","","","","","","",""
"2021113704","0830","3","0","0","0","0","0","0","0","0","1","0","","67","11","2021","2","39.989819","-75.250844","0820","6","0","0","0","0","0","1","2","0","","0","0","0","","","0","","1","","39 59:23.348","","0","75 15:03.040","0","0","0","0","67301","0","0","0","N","0","0","0","3","46104","0","","1.0","","1","N","N","N","0","","0","0","0","","2","","","3","0","0","0","0","0","0","2","0","3","","","","N","","","","","","","","","",""
"2021111699","1925","2","0","0","0","0","0","0","0","0","1","0","","67","11","2021","1","40.094541","-75.015043","1915","6","0","0","0","0","0","0","1","0","","0","0","0","","","0","","1","","40 05:40.347","","0","75 00:54.154","0","0","0","0","67301","0","0","0","N","0","0","0","3","67301","0","","1.0","","1","N","N","N","0","","0","0","1","","2","","","3","0","0","0","0","0","0","2","0","3","","03","","N","","","","","","","","","",""
"2021110398","1540","1","0","0","0","0","0","0","0","0","8","0","","67","11","2021","4","39.948417","-75.235222","1536","6","0","0","0","0","0","1","0","0","","0","0","0","","","1","N","0","","39 56:54.300","","0","75 14:06.800","3","0","0","0","67301","1","0","0","N","1","0","0","2","67301","0","","1.0","","1","N","N","N","0","","1","0","0","","0","","","2","1","0","0","0","0","0","2","0","1","","03","","N","","","","","","","","","",""
"2021119544","1831","0","0","0","0","0","0","0","0","0","0","0","","67","11","2021","2","39.89897","-75.169083","1814","6","0","0","0","0","0","0","0","0","","0","0","0","","","0","N","0","","39 53:56.293","2","3","75 10:08.700","0","0","0","0","67301","0","0","0","N","0","0","0","1","68K01","0","","1.0","1840.0","1","N","N","N","0","","0","0","1","","0","N","","1","0","0","0","0","0","0","2","0","1","","","","N","","","","","","","","","",""
"2021116632","0822","1","0","0","0","0","0","0","0","0","7","0","","67","11","2021","1","39.889996","-75.240143","0808","6","0","0","0","0","0","0","0","0","","0","0","0","","","0","N","0","","39 53:23.987","","0","75 14:24.516","9","0","0","0","67301","0","0","0","N","0","0","0","1","68K01","0","","4.0","","99","N","N","N","0","","0","0","0","","0","","","1","0","0","0","0","0","1","2","0","1","","","","N","","","","","","","","","",""
"2021114158","2318","2","0","0","0","0","0","0","0","0","1","0","","67","11","2021","1","39.981166","-75.267148","2318","6","0","0","0","0","0","1","0","0","","0","0","0","","","0","N","0","","39 58:52.196","2","0","75 16:01.733","9","0","0","0","67301","0","0","0","N","0","0","0","3","46104","0","","1.0","2358.0","9","N","N","N","0","","0","0","0","","0","N","","2","0","0","0","0","0","2","2","0","2","","03","","N","","","","","","","","","",""
"2021115803","1115","1","0","0","0","0","0","0","0","0","4","0","","67","11","2021","7","39.916071","-75.154771","1110","6","0","0","0","0","0","1","0","0","","0","0","0","","","1","","1","","39 54:57.855","","0","75 09:17.175","8","0","0","0","67301","0","0","0","N","0","0","0","2","67301","0","","1.0","","1","N","N","N","0","","0","0","1","","3","","","2","1","0","0","0","1","0","2","0","2","","03","","N","","","","","","","","","",""
"2021125018","2039","2","0","0","0","0","0","0","0","0","4","0","","67","12","2021","7","40.058121","-75.073349","2036","6","0","0","0","0","1","0","0","0","","0","0","0","","","0","","1","","40 03:29.235","6","0","75 04:24.056","0","0","0","0","67301","0","0","0","N","0","0","0","2","67301","0","","1.0","2130.0","9","N","N","N","0","","0","0","0","","3","N","","2","0","0","0","0","0","0","2","0","2","","05","","N","","","","","","","","","",""
"2021111060","2001","0","0","0","0","0","0","0","0","0","8","0","","67","11","2021","5","39.985066","-75.247369","1957","6","0","0","0","0","0","1","0","0","","0","0","0","","","1","","1","","39 59:06.236","","0","75 14:50.528","2","0","0","0","67301","1","0","1","N","1","0","1","2","67301","0","","1.0","","1","N","N","N","1","","0","1","0","","2","","","2","1","1","0","0","0","0","2","0","1","","","","N","","","","","","","","","",""
"2021108837","1010","0","0","0","0","0","0","0","0","0","1","0","","67","11","2021","3","40.093958","-74.989096","1010","6","0","0","0","0","0","1","0","0","","0","0","0","","","0","","2","","40 05:38.247","","0","74 59:20.747","0","0","0","0","67301","0","0","0","N","0","0","0","2","67301","0","","1.0","","1","N","N","N","0","","0","0","2","","2","","","2","0","0","0","0","0","0","2","0","2","","03","","N","","","","","","","","","",""
"2021114115","0251","1","0","0","0","0","0","0","0","0","1","0","","67","11","2021","2","40.075042","-75.046016","0251","6","0","0","0","0","0","0","0","0","","0","0","0","","","1","","3","","40 04:30.150","","0","75 02:45.657","3","0","0","0","67301","0","0","0","N","0","0","0","2","67301","0","","1.0","","9","N","N","N","0","","1","0","0","","2","","","2","1","0","0","0","0","1","2","0","2","","07","","N","","","","","","","","","",""
"2021112827","1215","0","0","0","0","0","0","0","0","0","4","0","","67","11","2021","4","40.082081","-75.219819","1142","6","0","0","0","0","0","0","1","0","","0","0","0","","","0","","1","","40 04:55.491","","0","75 13:11.348","0","0","0","0","67301","0","0","0","N","0","0","0","2","67301","0","","1.0","","1","N","N","N","0","","0","0","1","","2","","","2","0","0","0","0","0","0","2","1","2","","03","","N","","","","","","","","","",""
"2021114294","0922","0","0","0","0","0","0","0","0","0","8","0","","67","11","2021","3","39.926048","-75.227937","0919","6","0","0","0","0","0","1","0","0","","0","0","0","","","1","","1","","39 55:33.772","7","0","75 13:40.573","3","0","0","0","67301","1","0","0","N","1","0","0","2","67301","0","","1.0","1130.0","1","N","N","N","1","","1","0","0","","2","Y","","2","1","0","0","0","0","0","2","0","1","","03","","N","","","","","","","","","",""
"2021115726","0039","2","0","0","0","0","0","0","0","0","5","0","","67","11","2021","1","39.968806","-75.232444","0036","6","0","0","0","0","0","0","0","0","","0","0","0","","","0","N","0","","39 58:07.700","","0","75 13:56.800","0","0","0","0","67301","0","0","0","N","0","0","0","1","67301","0","","6.0","","1","N","N","N","0","","0","0","0","","0","","","2","0","0","0","0","0","0","2","0","2","","03","","N","","","","","","","","","",""
"2021112762","1656","0","0","0","0","0","0","0","0","0","4","0","","67","11","2021","5","39.899402","-75.17478","1656","6","0","0","0","0","0","1","0","0","","0","0","0","","","0","","1","","39 53:57.846","","2","75 10:29.207","9","0","0","0","67301","0","0","0","N","0","0","0","2","67301","0","","1.0","","1","N","N","N","0","","0","0","1","","2","","","2","0","2","0","0","0","1","2","1","2","","","","N","","","","","","","","","",""
"2021117180","1513","1","0","0","0","0","0","0","0","0","4","0","","67","11","2021","3","39.987256","-75.122693","1343","6","0","0","0","0","0","0","0","0","","0","0","0","","","0","N","0","","39 59:14.120","","0","75 07:21.696","0","0","0","0","67301","0","0","0","N","0","0","0","2","68K01","0","","1.0","","1","N","N","N","0","","0","0","0","","0","","","2","0","0","0","0","0","0","2","1","2","","","","N","","","","","","","","","",""
"2021116326","2356","2","0","0","0","0","0","0","0","0","4","0","","67","11","2021","5","39.97756","-75.210906","2355","6","0","0","0","1","0","1","0","0","","0","0","0","","","1","","1","","39 58:39.216","","0","75 12:39.261","3","0","0","0","67301","0","0","0","N","0","0","0","2","67301","0","","1.0","","1","N","N","N","0","","1","0","0","","0","","","2","1","0","0","0","0","1","2","0","2","","","","N","","","","","","","","","",""
"2021113438","1525","0","0","0","0","0","0","0","0","0","1","0","","67","11","2021","3","40.025894","-75.122645","1518","6","0","0","0","0","0","0","0","0","","0","0","0","","","1","N","0","","40 01:33.218","","0","75 07:21.521","8","0","0","0","67301","0","0","0","N","0","0","0","2","67301","0","","1.0","","1","N","N","N","0","","0","0","2","","0","","","2","1","0","0","0","1","1","2","0","2","","03","","N","","","","","","","","","",""
"2021110763","0400","1","0","0","0","0","0","0","0","0","1","0","","67","11","2021","1","40.033998","-75.074369","0356","6","0","0","0","0","0","0","0","0","","0","0","0","","","0","","1","","40 02:02.392","","0","75 04:27.730","9","0","0","0","67301","0","0","0","N","0","0","0","2","67301","0","","1.0","","1","N","N","N","0","","0","0","1","","2","","","2","0","0","0","0","0","1","2","0","2","","03","","N","","","","","","","","","",""