"CRN","ARRIVAL_TM","AUTOMOBILE_COUNT","BELTED_DEATH_COUNT","BELTED_SUSP_SERIOUS_INJ_COUNT","BICYCLE_COUNT","BICYCLE_DEATH_COUNT","BICYCLE_SUSP_SERIOUS_INJ_COUNT","BUS_COUNT","CHLDPAS_DEATH_COUNT","CHLDPAS_SUSP_SERIOUS_INJ_COUNT","COLLISION_TYPE","COMM_VEH_COUNT","CONS_ZONE_SPD_LIM","COUNTY","CRASH_MONTH","CRASH_YEAR","DAY_OF_WEEK","DEC_LATITUDE","DEC_LONGITUDE","DISPATCH_TM","DISTRICT","DRIVER_COUNT_16YR","DRIVER_COUNT_17YR","DRIVER_COUNT_18YR","DRIVER_COUNT_19YR","DRIVER_COUNT_20YR","DRIVER_COUNT_50_64YR","DRIVER_COUNT_65_74YR","DRIVER_COUNT_75PLUS","EST_HRS_CLOSED","FATAL_COUNT","HEAVY_TRUCK_COUNT","HORSE_BUGGY_COUNT","HOUR_OF_DAY","ILLUMINATION","INJURY_COUNT","INTERSECTION_RELATED","INTERSECT_TYPE","LANE_CLOSED","LATITUDE","LN_CLOSE_DIR","LOCATION_TYPE","LONGITUDE","MAX_SEVERITY_LEVEL","MCYCLE_DEATH_COUNT","MCYCLE_SUSP_SERIOUS_INJ_COUNT","MOTORCYCLE_COUNT","MUNICIPALITY","NONMOTR_COUNT","NONMOTR_DEATH_COUNT","NONMOTR_SUSP_SERIOUS_INJ_COUNT","NTFY_HIWY_MAINT","PED_COUNT","PED_DEATH_COUNT","PED_SUSP_SERIOUS_INJ_COUNT","PERSON_COUNT","POLICE_AGCY","POSSIBLE_INJ_COUNT","RDWY_SURF_TYPE_CD","RELATION_TO_ROAD","ROADWAY_CLEARED","ROAD_CONDITION","SCH_BUS_IND","SCH_ZONE_IND","SECONDARY_CRASH","SMALL_TRUCK_COUNT","SPEC_JURIS_CD","SUSP_MINOR_INJ_COUNT","SUSP_SERIOUS_INJ_COUNT","SUV_COUNT","TCD_FUNC_CD","TCD_TYPE","TFC_DETOUR_IND","TIME_OF_DAY","TOTAL_UNITS","TOT_INJ_COUNT","UNBELTED_OCC_COUNT","UNB_DEATH_COUNT","UNB_SUSP_SERIOUS_INJ_COUNT","UNK_INJ_DEG_COUNT","UNK_INJ_PER_COUNT","URBAN_RURAL","VAN_COUNT","VEHICLE_COUNT","WEATHER1","WEATHER2","WORKERS_PRES","WORK_ZONE_IND","WORK_ZONE_LOC","WORK_ZONE_TYPE","WZ_CLOSE_DETOUR","WZ_FLAGGER","WZ_LAW_OFFCR_IND","WZ_LN_CLOSURE","WZ_MOVING","WZ_OTHER","WZ_SHLDER_MDN","WZ_WORKERS_INJ_KILLED"
"2021114740","0206","1","0","0","0","0","0","0","0","0","7","0","","67","11","2021","6","39.986843","-75.090906","0153","6","0","0","1","0","0","0","0","0","","0","0","0","","","2","N","0","","39 59:12.633","1","0","75 05:27.263","4","0","0","0","67301","0","0","0","N","0","0","0","2","68K01","2","","4.0","208.0","1","N","N","N","0","","0","0","0","","0","N","","1","2","0","0","0","0","0","2","0","1","","","","N","","","","","","","","","",""
"2021113703","1600","2","0","0","0","0","0","0","0","0","1","0","","67","11","2021","2","39.989819","-75.250844","1600","6","0","0","0","0","0","1","0","0","","0","0","0","","","0","","2","","39 59:23.348","","0","75 15:03.040","0","0","0","0","67301","0","0","0","N","0","0","0","2","46104","0","","1.0","","1","N","N","N","0","","0","0","0","","2","","","2","0","0","0","0","0","0","2","0","2","","03","","N","","","","","","","","","",""
"2021109284","1615","1","0","0","0","0","0","0","0","0","1","0","","67","11","2021","4","40.00781","-75.139908","1611","6","0","0","0","0","0","1","0","0","","0","0","0","","","1","N","0","","40 00:28.117","3","0","75 08:23.670","4","0","0","0","67301","0","0","0","N","0","0","0","4","67301","1","","1.0","1720.0","1","N","N","N","0","","0","0","1","","0","N","","3","1","2","0","0","0","0","2","1","3","","03","","N","","","","","","","","","",""
"2021109859","0802","2","0","0","0","0","0","0","0","0","5","0","","67","11","2021","6","40.02623","-75.058714","0758","6","0","0","0","0","0","0","0","0","","0","0","0","","","0","N","0","","40 01:34.428","","0","75 03:31.372","0","0","0","0","67301","0","0","0","N","0","0","0","2","67301","0","","1.0","","9","N","N","Y","0","","0","0","1","","0","","","3","0","1","0","0","0","0","2","0","3","","07","","N","","","","","","","","","",""
"2021112218","0936","1","0","0","0","0","0","0","0","0","4","0","","67","11","2021","3","40.052991","-74.982709","0926","6","0","0","0","0","0","0","0","1","","0","0","0","","","1","","2","","40 03:10.766","","0","74 58:57.754","8","0","0","0","67301","0","0","0","N","0","0","0","2","67301","0","","1.0","","1","N","N","N","1","","0","0","0","","2","","","2","1","0","0","0","1","0","2","0","2","","03","","N","","","","","","","","","",""
"2021118530","1100","1","0","0","0","0","0","0","0","0","8","0","","67","11","2021","7","40.026037","-75.146678","1100","6","0","0","0","0","0","0","0","0","","0","0","0","","","1","","1","","40 01:33.733","","0","75 08:48.040","8","0","0","0","67301","1","0","0","N","1","0","0","2","67301","0","","1.0","","99","N","N","N","0","","0","0","0","","2","","","2","1","1","0","0","1","1","2","0","1","","","","N","","","","","","","","","",""
"2021110150","0800","2","0","0","0","0","0","0","0","0","4","0","","67","11","2021","6","40.044671","-75.026324","0749","6","0","0","0","0","0","1","0","0","","0","0","0","","","1","","1","","40 02:40.815","","0","75 01:34.766","8","0","0","0","67301","0","0","0","N","0","0","0","2","67301","0","","1.0","","9","N","N","Y","0","","0","0","1","","3","","","3","1","0","0","0","1","0","2","0","3","","04","","N","","","","","","","","","",""
"2021115300","0746","1","0","0","0","0","0","0","0","0","4","0","","67","11","2021","6","40.040499","-75.058879","0745","6","0","0","0","0","0","1","0","0","","0","0","0","","","0","","1","","40 02:25.798","","0","75 03:31.964","0","0","0","0","67301","0","0","0","N","0","0","0","2","67301","0","","1.0","","9","N","N","N","0","","0","0","1","","2","","","2","0","0","0","0","0","0","2","0","2","","07","","N","","","","","","","","","",""
"2021124396","2200","0","0","0","0","0","0","0","0","0","1","0","","67","11","2021","7","39.975533","-75.212813","2146","6","0","0","0","0","0","1","0","0","","0","0","0","","","1","N","0","","39 58:31.920","","0","75 12:46.125","4","0","0","0","67301","0","0","0","N","0","0","0","1","67301","1","","6.0","","1","N","N","N","1","","0","0","1","","0","","","2","1","0","0","0","0","0","2","0","2","","","","N","","","","","","","","","",""
"2021109664","1625","1","0","0","1","0","0","0","0","0","8","0","","67","11","2021","5","39.997664","-75.132453","1602","6","0","0","0","0","0","0","0","0","","0","0","0","","","1","N","0","","39 59:51.590","","0","75 07:56.830","3","0","0","0","67301","1","0","0","N","0","0","0","2","67301","0","","1.0","","1","N","N","N","0","","1","0","0","","0","","","2","1","1","0","0","0","1","2","0","1","","03","","N","","","","","","","","","",""
"2021092859","0833","2","0","0","0","0","0","0","0","0","1","0","","67","9","2021","2","40.011678","-75.147275","0830","6","0","0","0","0","0","0","0","1","","0","0","0","","","1","N","0","","40 00:42.040","","0","75 08:50.190","4","0","0","0","67301","0","0","0","N","0","0","0","3","67301","1","","1.0","","1","N","N","N","0","","0","0","1","","0","","","3","1","0","0","0","0","0","2","0","3","","03","","N","","","","","","","","","",""
"2021096373","1818","1","0","0","0","0","0","0","0","0","4","0","","67","10","2021","7","40.027611","-75.05805","1817","6","0","0","0","0","0","0","1","0","","0","0","0","","","2","","1","","40 01:39.399","1","0","75 03:28.979","3","0","0","0","67301","0","0","0","N","0","0","0","3","67301","0","","1.0","30.0","1","N","N","N","0","","2","0","1","","3","N","","2","2","0","0","0","0","0","2","0","2","","04","","N","","","","","","","","","",""
"2021096372","0945","1","0","0","0","0","0","0","0","0","4","0","","67","10","2021","2","39.984194","-75.152838","0943","6","0","0","0","0","0","0","0","0","","0","0","0","","","1","","1","","39 59:03.100","","0","75 09:10.215","3","0","0","0","67301","0","0","0","N","0","0","0","2","67505","0","","1.0","","1","N","N","N","0","","1","0","1","","2","","","2","1","0","0","0","0","0","2","0","2","","03","","N","","","","","","","","","",""
"2021097534","1813","0","0","0","0","0","0","0","0","0","6","0","","67","10","2021","4","40.004667","-75.151861","1811","6","0","0","0","0","0","0","0","0","","0","0","0","","","1","N","0","","40 00:16.800","","0","75 09:06.700","3","0","0","0","67301","0","0","0","N","0","0","0","1","67505","0","","6.0","","1","N","N","N","0","","1","0","3","","0","","","3","1","0","0","0","0","0","2","0","3","","03","","N","","","","","","","","","",""
"2021094212","0908","1","0","0","1","0","0","0","0","0","8","0","","67","9","2021","6","39.95044","-75.192585","0908","6","0","0","0","0","0","0","0","0","","0","0","0","","","1","","1","","39 57:01.584","","0","75 11:33.305","3","0","0","0","67301","1","0","0","N","0","0","0","2","67504","0","","1.0","","1","N","N","N","0","","1","0","0","","2","","","2","1","0","0","0","0","0","2","0","1","","03","","N","","","","","","","","","",""
"2021121065","2120","0","0","0","0","0","0","0","0","0","7","0","","67","11","2021","6","39.995507","-75.197706","2120","6","0","0","0","0","0","0","0","0","","0","0","0","","","2","N","0","","39 59:43.824","3","0","75 11:51.742","3","0","0","0","67301","0","0","0","N","0","0","0","2","68K01","0","","3.0","2130.0","1","N","N","N","0","","2","0","1","","0","Y","","1","2","0","0","0","0","0","2","0","1","","","","N","","","","","","","","","",""
"2021111478","0850","1","0","0","0","0","0","0","0","0","4","0","","67","11","2021","3","40.035694","-75.179078","0847","6","0","0","0","0","0","1","0","0","","0","0","0","","","0","N","0","","40 02:08.500","","7","75 10:44.680","0","0","0","0","67301","0","0","0","N","0","0","0","2","67301","0","","1.0","","1","N","N","N","1","","0","0","1","","0","","","3","0","0","0","0","0","0","2","0","3","","03","","N","","","","","","","","","",""
"2021097959","0017","0","0","0","0","0","0","0","0","0","8","0","","67","10","2021","4","40.026083","-75.147461","0016","6","0","0","0","0","0","0","0","0","","0","0","0","","","1","","1","","40 01:33.900","","0","75 08:50.860","3","0","0","0","67301","1","0","0","N","1","0","0","2","67301","0","","1.0","","1","N","N","N","0","","1","0","0","","2","","","2","1","0","0","0","0","0","2","0","1","","03","","N","","","","","","","","","",""
"2021105506","","1","0","0","0","0","0","0","0","0","1","0","","67","9","2021","2","","","","6","0","0","0","0","0","0","1","0","","0","0","0","","","1","N","0","","","","0","","4","0","0","0","67301","0","0","0","N","0","0","0","3","00000","1","","1.0","","1","N","N","N","0","","0","0","1","","0","","","2","1","0","0","0","0","0","1","0","2","","","","N","","","","","","","","","",""
"2021090414","0853","1","0","0","0","0","0","0","0","0","1","0","","67","9","2021","7","39.976454","-75.189359","0853","6","0","0","0","0","0","1","0","0","","0","0","0","","","2","","3","","39 58:35.233","","0","75 11:21.692","3","0","0","0","67301","0","0","0","N","0","0","0","4","67301","0","","1.0","","1","N","N","N","0","","2","0","1","","3","","","2","2","0","0","0","0","0","2","0","2","","03","","N","","","","","","","","","",""
"2021090413","1157","2","0","0","0","0","0","0","0","0","4","0","","67","9","2021","5","39.985212","-75.172343","1152","6","0","0","0","0","0","0","0","0","","0","0","0","","","2","","1","","39 59:06.763","","0","75 10:20.434","3","0","0","0","67301","0","0","0","N","0","0","0","2","67301","1","","1.0","","1","N","N","N","0","","1","0","0","","2","","","2","2","0","0","0","0","0","2","0","2","","03","","N","","","","","","","","","",""
"2021110507","1239","1","0","0","0","0","0","0","0","0","4","0","","67","11","2021","7","40.012866","-75.071814","1237","6","0","0","0","0","0","0","0","0","","0","0","0","","","1","","1","","40 00:46.319","","0","75 04:18.532","2","0","1","1","67301","0","0","0","N","0","0","0","2","67301","0","","1.0","","9","N","N","N","0","","0","1","0","","2","","","2","1","0","0","0","0","0","2","0","2","","04","","N","","","","","","","","","",""
"2021097939","2105","0","0","0","0","0","0","0","0","0","4","0","","67","10","2021","4","39.9257","-75.17996","2100","6","0","0","0","0","0","0","0","0","","0","0","0","","","1","","2","","39 55:32.519","","0","75 10:47.855","4","0","0","0","67301","0","0","0","N","0","0","0","3","67301","1","","1.0","","1","N","N","N","0","","0","0","1","","0","","","2","1","1","0","0","0","0","2","0","2","","03","","N","","","","","","","","","",""
"2021097075","1945","0","0","0","0","0","0","0","0","0","4","0","","67","10","2021","7","39.926328","-75.146361","1945","6","0","0","0","0","0","0","0","0","","0","0","0","","","0","","1","","39 55:34.780","","2","75 08:46.899","0","0","0","0","67301","0","0","0","N","0","0","0","2","67301","0","","1.0","","1","N","N","N","0","","0","0","1","","3","","","2","0","0","0","0","0","0","2","0","2","","03","","N","","","","","","","","","",""
"2021089174","0012","1","0","0","0","0","0","0","0","0","4","0","","67","9","2021","3","40.047483","-75.142782","0008","6","0","0","0","1","0","0","0","0","","0","0","0","","","0","","1","","40 02:50.940","","0","75 08:34.016","9","0","0","0","67301","0","0","0","N","0","0","0","2","67301","0","","1.0","","1","N","N","N","1","","0","0","0","","2","","","2","0","0","0","0","0","2","2","0","2","","98","","N","","","","","","","","","",""
"2021116363","0416","2","0","0","0","0","0","0","0","0","4","0","","67","11","2021","1","40.029438","-75.153379","0416","6","0","0","0","0","0","0","0","0","","0","0","0","","","0","","2","","40 01:45.976","","0","75 09:12.164","0","0","0","0","67301","0","0","0","N","0","0","0","2","67301","0","","1.0","","1","N","N","N","0","","0","0","1","","0","","","3","0","1","0","0","0","0","2","0","3","","98","","N","","","","","","","","","",""
"2021114552","0938","2","0","0","0","0","0","0","0","0","1","0","","67","11","2021","3","40.078561","-75.02469","0938","6","0","0","0","0","0","2","0","0","","0","0","0","","","1","Y","0","","40 04:42.818","3","0","75 01:28.883","4","0","0","0","67301","0","0","0","N","0","0","0","3","67301","1","","1.0","950.0","1","N","N","N","0","","0","0","1","","2","N","","3","1","0","0","0","0","0","2","0","3","","03","","N","","","","","","","","","",""
"2021092806","1450","0","0","0","0","0","0","0","0","0","8","0","","67","9","2021","1","39.998528","-75.129425","1450","6","0","0","0","0","0","1","0","0","","0","0","0","","","1","N","0","","39 59:54.700","","0","75 07:45.929","3","0","0","0","67301","1","0","0","N","1","0","0","2","67301","0","","1.0","","99","N","N","N","0","","1","0","0","","0","","","2","1","0","0","0","0","1","2","1","1","","03","","N","","","","","","","","","",""
"2021099025","0808","2","0","0","0","0","0","0","0","0","4","0","","67","10","2021","5","39.911099","-75.230323","0756","6","0","0","0","0","0","0","0","0","","0","0","0","","","1","","1","","39 54:39.956","1","0","75 13:49.162","8","0","0","0","67301","0","0","0","N","0","0","0","2","67301","0","","1.0","939.0","1","N","N","N","0","","0","0","0","","2","N","","2","1","1","0","0","1","0","2","0","2","","03","","N","","","","","","","","","",""
"2021089479","0547","1","0","0","0","0","0","0","0","0","5","0","45","67","9","2021","4","39.898779","-75.179476","0525","6","0","0","0","0","0","1","1","0","","0","0","0","","","1","N","0","","39 53:55.603","1","0","75 10:46.112","3","0","0","0","67301","0","0","0","N","0","0","0","2","68K01","0","","1.0","644.0","1","N","N","N","0","","1","0","1","","0","N","","2","1","0","0","0","0","0","2","0","2","","","N","Y","4","1","","","N","","","","Y","N"
"2021090579","1550","1","0","0","0","0","0","0","0","0","8","0","","67","9","2021","4","39.948661","-75.238225","1343","6","0","0","0","0","0","0","0","0","","0","0","0","","","1","N","0","","39 56:55.180","","0","75 14:17.610","8","0","0","0","67301","1","0","0","N","1","0","0","2","67301","0","","1.0","","1","N","N","Y","0","","0","0","0","","0","","","2","1","0","0","0","1","0","2","0","1","","03","","N","","","","","","","","","",""
"2021109543","1950","1","0","0","0","0","0","0","0","0","4","0","","67","11","2021","4","39.984903","-75.123919","1948","6","0","0","0","0","0","0","0","0","","0","0","0","","","6","","1","","39 59:05.650","","0","75 07:26.108","3","0","0","0","67301","0","0","0","N","0","0","0","6","67301","4","","1.0","","1","N","N","N","0","","2","0","0","","3","","","2","6","0","0","0","0","0","2","1","2","","","","N","","","","","","","","","",""
"2021112343","0850","0","0","0","0","0","0","0","0","0","8","0","","67","11","2021","5","39.936567","-75.170075","0844","6","0","0","0","0","0","0","0","0","","0","0","0","","","1","N","0","","39 56:11.640","","0","75 10:12.270","8","0","0","0","67301","1","0","0","N","1","0","0","2","67301","0","","4.0","","1","N","N","N","0","","0","0","1","","0","","","2","1","0","0","0","1","0","2","0","1","","","","N","","","","","","","","","",""
"2021108835","0636","1","0","0","0","0","0","0","0","0","4","0","","67","11","2021","3","40.064442","-74.983076","0626","6","0","0","2","0","0","0","0","0","","0","0","0","","","0","N","0","","40 03:51.992","2","7","74 58:59.074","0","0","0","0","67301","0","0","0","N","0","0","0","3","67301","0","","1.0","800.0","1","N","N","N","0","","0","0","1","","0","N","","2","0","3","0","0","0","0","2","0","2","","03","","N","","","","","","","","","",""
"2021091340","1106","1","0","0","0","0","0","0","0","0","5","0","","67","9","2021","1","40.009733","-75.066131","1103","6","0","0","0","0","0","0","0","0","","0","0","0","","","1","N","0","","40 00:35.040","2","0","75 03:58.070","8","0","0","0","67301","0","0","0","N","0","0","0","4","67301","0","","6.0","1309.0","1","N","N","Y","0","","0","0","3","","0","N","","4","1","1","0","0","1","2","2","0","4","","","","N","","","","","","","","","",""
"2021099881","1056","3","0","0","0","0","0","0","0","0","4","0","","67","10","2021","2","39.950204","-75.233029","1054","6","0","0","0","0","0","0","0","0","","0","0","0","","","1","","2","","39 57:00.734","","0","75 13:58.904","3","0","0","0","67301","0","0","0","N","0","0","0","4","67301","0","","1.0","","1","N","N","N","0","","1","0","0","","3","","","3","1","0","0","0","0","3","2","0","3","","03","","N","","","","","","","","","",""
"2021117632","1040","1","0","0","0","0","0","0","0","0","4","0","","67","11","2021","3","40.012311","-75.150574","1036","6","0","0","0","0","0","0","0","0","","0","0","0","","","0","","1","","40 00:44.321","","0","75 09:02.067","9","0","0","0","67301","0","0","0","N","0","0","0","3","67301","0","","1.0","","1","N","N","N","1","","0","0","0","","2","","","2","0","0","0","0","0","3","2","0","2","","","","N","","","","","","","","","",""
"2021110148","0216","0","0","0","0","0","0","0","0","0","7","0","","67","11","2021","7","39.958042","-75.148818","0211","6","0","0","0","0","0","0","0","0","","0","0","0","","","1","","1","","39 57:28.950","","0","75 08:55.746","8","0","0","0","67301","0","0","0","N","0","0","0","1","67301","0","","5.0","","1","N","N","N","1","","0","0","0","","2","","","1","1","0","0","0","1","0","2","0","1","","","","N","","","","","","","","","",""
"2021090589","1755","0","0","0","0","0","0","0","0","0","4","0","","67","9","2021","7","39.982717","-75.175321","1750","6","0","0","0","0","0","0","0","0","","0","0","0","","","1","","1","","39 58:57.782","","0","75 10:31.155","3","0","0","0","67301","0","0","0","N","0","0","0","2","67301","0","","1.0","","1","N","N","N","0","","1","0","1","","2","","","2","1","0","0","0","0","0","2","0","2","","03","","N","","","","","","","","","",""
"2021097675","1020","2","0","0","0","0","0","0","0","0","4","0","","67","10","2021","5","39.971038","-75.155724","1020","6","0","0","0","0","0","0","0","0","","0","0","0","","","1","","1","","39 58:15.737","","0","75 09:20.607","3","0","0","0","67301","0","0","0","N","0","0","0","3","67301","0","","1.0","","1","N","N","N","0","","1","0","0","","1","","","2","1","0","0","0","0","0","2","0","2","","03","","N","","","","","","","","","",""
"2021112504","0559","1","0","0","0","0","0","0","0","0","4","0","","67","10","2021","5","40.048831","-75.00159","0551","6","0","0","0","0","0","2","0","0","","0","0","0","","","0","","3","","40 02:55.792","3","2","75 00:05.725","0","0","0","0","67301","0","0","0","N","0","0","0","2","68K01","0","","1.0","605.0","1","N","N","Y","0","","0","0","1","","0","N","","2","0","0","0","0","0","0","2","0","2","","","","N","","","","","","","","","",""
"2021110572","1937","1","0","0","0","0","0","0","0","0","5","0","","67","11","2021","6","39.970464","-75.124679","1919","6","0","0","0","0","0","1","0","0","","0","0","0","","","0","N","0","","39 58:13.672","","0","75 07:28.843","0","0","0","0","67301","0","0","0","N","0","0","0","2","68K01","0","","1.0","","1","N","N","N","0","","0","0","1","","0","","","2","0","0","0","0","0","0","2","0","2","","03","","N","","","","","","","","","",""
"2021114020","1820","0","0","0","0","0","0","0","0","0","8","0","","67","11","2021","1","39.977085","-75.158135","1811","6","0","0","0","0","0","0","0","0","","0","0","0","","","1","N","0","","39 58:37.506","","0","75 09:29.285","3","0","0","0","67301","1","0","0","N","1","0","0","2","67301","0","","1.0","","1","N","N","N","0","","1","0","0","","0","","","2","1","0","0","0","0","0","2","0","1","","03","","N","","","","","","","","","",""
"2021121175","2300","0","0","0","0","0","0","0","0","0","5","0","","67","11","2021","7","39.959409","-75.175116","2249","6","0","0","0","0","0","0","0","0","","0","0","0","","","1","N","0","","39 57:33.874","3","0","75 10:30.417","8","0","0","0","67301","0","0","0","N","0","0","0","2","68K01","0","","1.0","2330.0","1","N","N","N","0","","0","0","2","","0","N","","2","1","0","0","0","1","0","2","0","2","","","","N","","","","","","","","","",""
"2021112900","0805","0","0","0","0","0","0","0","0","0","8","0","","67","11","2021","4","40.118625","-75.025211","0800","6","0","0","0","0","0","0","0","0","","0","0","0","","","1","N","0","","40 07:07.050","","0","75 01:30.760","3","0","0","0","67301","1","0","0","N","1","0","0","2","67301","0","","1.0","","1","N","N","N","0","","1","0","0","","0","","","2","1","0","0","0","0","0","2","0","1","","03","","N","","","","","","","","","",""
"2021115278","0545","1","0","0","0","0","0","0","0","0","2","0","","67","9","2021","3","40.042426","-75.226288","0543","6","0","0","0","0","0","0","0","0","","0","0","0","","","1","","2","","40 02:32.735","1","0","75 13:34.636","3","0","0","0","67301","0","0","0","N","0","0","0","3","67301","0","","1.0","600.0","1","N","N","N","0","","1","0","2","","2","N","","3","1","1","0","0","0","1","2","0","3","","","","N","","","","","","","","","",""
"2021090079","0914","0","0","0","1","0","0","0","0","0","8","0","","67","9","2021","4","40.041194","-75.157837","0913","6","0","0","0","0","0","0","0","0","","0","0","0","","","1","N","0","","40 02:28.298","","0","75 09:28.213","3","0","0","0","67301","1","0","0","N","0","0","0","2","67301","0","","1.0","","1","N","N","N","0","","1","0","1","","0","","","2","1","0","0","0","0","0","2","0","1","","","","N","","","","","","","","","",""
"2021090249","1940","0","0","0","0","0","0","0","0","0","4","0","","67","9","2021","3","40.000714","-75.164817","1938","6","0","0","0","0","0","1","0","0","","0","0","0","","","1","","1","","40 00:02.570","","0","75 09:53.341","3","0","0","0","67301","0","0","0","N","0","0","0","2","67301","0","","1.0","","1","N","N","N","1","","1","0","0","","3","","","2","1","0","0","0","0","1","2","0","2","","03","","N","","","","","","","","","",""
"2021088368","0235","1","0","0","0","0","0","0","0","0","5","0","","67","9","2021","1","40.044696","-75.121197","0225","6","0","0","0","0","0","0","0","0","","0","0","0","","","2","N","0","","40 02:40.906","","0","75 07:16.310","3","0","0","0","67301","0","0","0","N","0","0","0","2","67301","0","","6.0","","1","N","N","N","0","","2","0","1","","0","","","2","2","0","0","0","0","0","2","0","2","","","","N","","","","","","","","","",""
"2021097367","0000","0","0","0","0","0","0","0","0","0","4","0","","67","10","2021","1","39.99171","-75.170028","2356","6","0","0","0","0","0","0","0","0","","0","0","0","","","1","","3","","39 59:30.156","1","0","75 10:12.100","8","0","0","0","67301","0","0","0","N","0","0","0","2","67301","0","","1.0","143.0","1","N","N","N","0","","0","0","1","","0","Y","","2","1","0","0","0","1","0","2","0","2","","03","","N","","","","","","","","","",""
"2021115284","0100","0","0","0","0","0","0","0","0","0","5","0","","67","11","2021","6","39.959764","-75.235531","0059","6","0","0","0","0","0","0","0","0","","0","0","0","","","0","N","0","","39 57:35.151","","0","75 14:07.912","0","0","0","0","67301","0","0","0","N","0","0","0","2","67301","0","","1.0","","9","N","N","Y","0","","0","0","2","","0","","","2","0","0","0","0","0","0","2","0","2","","07","","N","","","","","","","","","",""
"2021118529","1131","1","0","0","0","0","0","0","0","0","8","0","","67","11","2021","4","40.035784","-75.125466","1113","6","0","0","0","0","0","0","0","0","","0","0","0","","","1","","1","","40 02:08.822","","0","75 07:31.676","3","0","0","0","67301","1","0","0","N","1","0","0","2","67301","0","","1.0","","1","N","N","N","0","","1","0","0","","2","","","2","1","0","0","0","0","1","2","0","1","","","","N","","","","","","","","","",""
"2021110384","2130","1","0","0","0","0","0","0","0","0","4","0","","67","11","2021","6","40.013587","-75.068535","2130","6","0","0","0","0","0","0","0","0","","0","0","0","","","4","","5","","40 00:48.913","5","0","75 04:06.725","4","0","0","0","67301","0","0","0","N","0","0","0","4","67301","4","","1.0","2130.0","1","N","N","N","1","","0","0","0","","2","Y","","2","4","1","0","0","0","0","2","0","2","","03","","N","","","","","","","","","",""
"2021115043","1311","0","0","0","0","0","0","0","0","0","1","0","","67","11","2021","7","40.028181","-75.038898","1304","6","0","0","0","0","0","0","0","1","","0","0","0","","","2","","1","","40 01:41.450","3","0","75 02:20.031","3","0","0","0","67301","0","0","0","N","0","0","0","4","67301","0","","1.0","1400.0","1","N","N","N","0","","2","0","4","","2","N","","4","2","0","0","0","0","0","2","0","4","","03","","N","","","","","","","","","",""
"2021096731","1350","2","0","0","0","0","0","0","0","0","4","0","","67","10","2021","2","40.000598","-75.108391","1340","6","0","0","0","0","0","0","0","0","","0","0","0","","","2","","1","","40 00:02.151","","0","75 06:30.208","3","0","0","0","67301","0","0","0","N","0","0","0","2","67301","0","","1.0","","1","N","N","N","0","","2","0","2","","3","","","4","2","0","0","0","0","0","2","0","4","","04","","N","","","","","","","","","",""
"2021094426","0359","1","0","0","0","0","0","0","0","0","1","0","","67","9","2021","2","40.010488","-75.100032","0356","6","0","0","0","0","0","1","0","0","","0","0","0","","","1","","1","","40 00:37.756","7","0","75 06:00.115","3","0","0","1","67301","0","0","0","N","0","0","0","2","67301","0","","1.0","536.0","1","N","N","N","1","","1","0","0","","2","Y","","3","1","0","0","0","0","0","2","0","3","","","","N","","","","","","","","","",""
"2021101035","0248","1","0","0","0","0","0","0","0","0","7","0","","67","10","2021","6","40.015497","-75.147197","0248","6","0","0","0","0","0","0","0","0","","0","0","0","","","0","N","0","","40 00:55.790","","0","75 08:49.910","0","0","0","0","67301","0","0","0","N","0","0","0","1","67301","0","","4.0","","1","N","N","N","0","","0","0","0","","0","","","1","0","0","0","0","0","0","2","0","1","","","","N","","","","","","","","","",""
"2021118574","2142","1","0","0","0","0","0","0","0","0","4","0","","67","11","2021","6","39.954439","-75.205108","2142","6","0","0","0","0","0","0","0","0","","0","0","0","","","0","","1","","39 57:15.980","","0","75 12:18.387","9","0","0","0","67301","0","0","0","N","0","0","0","4","67504","0","","1.0","","1","N","N","N","0","","0","0","1","","2","","","2","0","0","0","0","0","1","2","0","2","","03","","N","","","","","","","","","",""
"2021115050","1859","2","0","0","0","0","0","0","0","0","4","0","","67","11","2021","7","39.961564","-75.151773","1855","6","0","0","0","0","0","0","0","0","","0","0","0","","","1","","1","","39 57:41.631","","0","75 09:06.381","4","0","0","0","67301","0","0","0","N","0","0","0","3","67301","1","","1.0","","1","N","N","N","0","","0","0","1","","2","","","3","1","0","0","0","0","1","2","0","3","","03","","N","","","","","","","","","",""
"2021112311","1736","0","0","0","0","0","0","0","0","0","7","0","","67","11","2021","4","","","1736","6","0","0","0","0","0","0","0","0","","0","0","0","","","0","N","0","","","","3","","0","0","0","0","67301","0","0","0","N","0","0","0","1","67501","0","","3.0","","1","N","N","N","0","","0","0","1","","0","","","2","0","0","0","0","0","0","1","0","1","","03","","N","","","","","","","","","",""
"2021112585","0510","2","0","0","0","0","0","0","0","0","5","0","","67","11","2021","7","40.034892","-75.109886","0456","6","0","0","0","0","0","0","0","0","","0","0","0","","","0","N","0","","40 02:05.610","","0","75 06:35.590","0","0","0","0","67301","0","0","0","N","0","0","0","1","67301","0","","6.0","","1","N","N","N","0","","0","0","1","","0","","","3","0","0","0","0","0","0","2","0","3","","03","","N","","","","","","","","","",""
"2021094123","0910","2","0","0","0","0","0","0","0","0","4","0","","67","9","2021","6","40.008779","-75.122541","0850","6","0","0","0","0","0","0","0","0","","0","0","0","","","0","N","0","","40 00:31.603","","7","75 07:21.149","0","0","0","0","67301","0","0","0","N","0","0","0","2","67301","0","","1.0","","1","N","N","N","0","","0","0","0","","0","","","2","0","0","0","0","0","0","2","0","2","","03","","N","","","","","","","","","",""