"CRN","ARRIVAL_TM","AUTOMOBILE_COUNT","BELTED_DEATH_COUNT","BELTED_SUSP_SERIOUS_INJ_COUNT","BICYCLE_COUNT","BICYCLE_DEATH_COUNT","BICYCLE_SUSP_SERIOUS_INJ_COUNT","BUS_COUNT","CHLDPAS_DEATH_COUNT","CHLDPAS_SUSP_SERIOUS_INJ_COUNT","COLLISION_TYPE","COMM_VEH_COUNT","CONS_ZONE_SPD_LIM","COUNTY","CRASH_MONTH","CRASH_YEAR","DAY_OF_WEEK","DEC_LATITUDE","DEC_LONGITUDE","DISPATCH_TM","DISTRICT","DRIVER_COUNT_16YR","DRIVER_COUNT_17YR","DRIVER_COUNT_18YR","DRIVER_COUNT_19YR","DRIVER_COUNT_20YR","DRIVER_COUNT_50_64YR","DRIVER_COUNT_65_74YR","DRIVER_COUNT_75PLUS","EST_HRS_CLOSED","FATAL_COUNT","HEAVY_TRUCK_COUNT","HORSE_BUGGY_COUNT","HOUR_OF_DAY","ILLUMINATION","INJURY_COUNT","INTERSECTION_RELATED","INTERSECT_TYPE","LANE_CLOSED","LATITUDE","LN_CLOSE_DIR","LOCATION_TYPE","LONGITUDE","MAX_SEVERITY_LEVEL","MCYCLE_DEATH_COUNT","MCYCLE_SUSP_SERIOUS_INJ_COUNT","MOTORCYCLE_COUNT","MUNICIPALITY","NONMOTR_COUNT","NONMOTR_DEATH_COUNT","NONMOTR_SUSP_SERIOUS_INJ_COUNT","NTFY_HIWY_MAINT","PED_COUNT","PED_DEATH_COUNT","PED_SUSP_SERIOUS_INJ_COUNT","PERSON_COUNT","POLICE_AGCY","POSSIBLE_INJ_COUNT","RDWY_SURF_TYPE_CD","RELATION_TO_ROAD","ROADWAY_CLEARED","ROAD_CONDITION","SCH_BUS_IND","SCH_ZONE_IND","SECONDARY_CRASH","SMALL_TRUCK_COUNT","SPEC_JURIS_CD","SUSP_MINOR_INJ_COUNT","SUSP_SERIOUS_INJ_COUNT","SUV_COUNT","TCD_FUNC_CD","TCD_TYPE","TFC_DETOUR_IND","TIME_OF_DAY","TOTAL_UNITS","TOT_INJ_COUNT","UNBELTED_OCC_COUNT","UNB_DEATH_COUNT","UNB_SUSP_SERIOUS_INJ_COUNT","UNK_INJ_DEG_COUNT","UNK_INJ_PER_COUNT","URBAN_RURAL","VAN_COUNT","VEHICLE_COUNT","WEATHER1","WEATHER2","WORKERS_PRES","WORK_ZONE_IND","WORK_ZONE_LOC","WORK_ZONE_TYPE","WZ_CLOSE_DETOUR","WZ_FLAGGER","WZ_LAW_OFFCR_IND","WZ_LN_CLOSURE","WZ_MOVING","WZ_OTHER","WZ_SHLDER_MDN","WZ_WORKERS_INJ_KILLED"
"2021092552","1310","1","0","0","0","0","0","0","0","0","5","0","","67","9","2021","5","40.029836","-75.211628","1309","6","0","0","0","1","0","0","0","0","","0","0","0","","","0","N","0","","40 01:47.410","","0","75 12:41.860","0","0","0","0","67301","0","0","0","N","0","0","0","1","67301","0","","6.0","","9","N","N","N","0","","0","0","2","","0","","","3","0","0","0","0","0","0","2","0","3","","07","","N","","","","","","","","","",""
"2021097077","0745","2","0","0","0","0","0","0","0","0","1","0","","67","10","2021","6","40.021739","-75.139756","0741","6","0","0","1","0","0","0","0","0","","0","0","0","","","1","","5","","40 01:18.260","","0","75 08:23.123","3","0","0","0","67301","0","0","0","N","0","0","0","2","67301","0","","1.0","","1","N","N","N","0","","1","0","0","","2","","","2","1","1","0","0","0","0","2","0","2","","","","N","","","","","","","","","",""
"2021118095","0239","2","0","0","0","0","0","0","0","0","5","0","","67","11","2021","7","39.968536","-75.191317","0236","6","0","0","0","0","0","0","0","0","","0","0","0","","","0","N","0","","39 58:06.728","3","0","75 11:28.741","9","0","0","0","67301","0","0","0","N","0","0","0","5","68K01","0","","1.0","330.0","1","N","N","N","0","","0","0","0","","0","N","","3","0","0","0","0","0","1","2","0","3","","","","N","","","","","","","","","",""
"2021095160","1525","1","0","0","0","0","0","0","0","0","5","0","","67","9","2021","2","39.927592","-75.180086","1522","6","0","0","0","0","0","0","0","0","","0","0","0","","","0","N","0","","39 55:39.330","1","0","75 10:48.310","0","0","0","0","67301","0","0","0","N","0","0","0","1","67301","0","","6.0","100.0","1","N","N","N","0","","0","0","2","","0","Y","","3","0","0","0","0","0","0","2","0","3","","03","","N","","","","","","","","","",""
"2021095490","2034","1","0","0","0","0","0","0","0","0","1","0","","67","9","2021","1","39.944561","-75.191387","2022","6","0","0","0","0","0","0","0","0","","0","0","0","","","1","","6","","39 56:40.420","4","2","75 11:28.994","4","0","0","0","67301","0","0","0","N","0","0","0","2","68K01","1","","7.0","2045.0","1","N","N","N","0","","0","0","1","","4","Y","","2","1","0","0","0","0","0","2","0","2","","","","N","","","","","","","","","",""
"2021121020","0106","0","0","0","0","0","0","0","0","0","5","0","","67","12","2021","6","39.999086","-75.177508","0054","6","0","0","0","0","0","0","0","0","","0","0","0","","","0","N","0","","39 59:56.710","","0","75 10:39.030","9","0","0","0","67301","0","0","0","N","0","0","0","1","67301","0","","6.0","","9","N","N","N","0","","0","0","2","","0","","","2","0","0","0","0","0","1","2","0","2","","","","N","","","","","","","","","",""
"2021114595","0020","0","0","0","0","0","0","0","0","0","4","0","","67","11","2021","4","40.014806","-75.085544","0019","6","0","0","0","0","1","0","0","0","","0","0","0","","","2","","1","","40 00:53.302","","1","75 05:07.958","3","0","0","0","67301","0","0","0","N","0","0","0","2","67301","0","","1.0","","1","N","N","N","0","","2","0","1","","2","","","2","2","0","0","0","0","0","2","1","2","","","","N","","","","","","","","","",""
"2021111319","1129","1","0","0","0","0","0","0","0","0","2","0","","67","11","2021","1","39.990078","-75.125826","1121","6","0","0","0","0","0","0","0","0","","0","0","0","","","0","N","0","","39 59:24.279","","0","75 07:32.975","0","0","0","0","67301","0","0","0","N","0","0","0","1","67301","0","","6.0","","1","N","N","N","1","","0","0","1","","0","","","3","0","0","0","0","0","0","2","0","3","","03","","N","","","","","","","","","",""
"2021097193","1939","1","0","0","0","0","0","0","0","0","4","0","","67","9","2021","7","39.965289","-75.201546","1939","6","0","0","0","0","0","1","0","0","","0","0","0","","","0","","1","","39 57:55.040","","0","75 12:05.565","0","0","0","0","67301","0","0","0","N","0","0","0","2","67301","0","","1.0","","1","N","N","N","0","","0","0","1","","3","","","2","0","0","0","0","0","0","2","0","2","","03","","N","","","","","","","","","",""
"2021111504","2300","5","0","0","0","0","0","0","0","0","7","0","","67","11","2021","1","39.937125","-75.175794","2300","6","0","0","0","0","0","0","0","0","","0","0","0","","","0","N","0","","39 56:13.650","","0","75 10:32.860","0","0","0","0","67301","0","0","0","N","0","0","0","1","67301","0","","6.0","","1","N","N","N","0","","0","0","5","","0","","","10","0","0","0","0","0","0","2","0","10","","98","","N","","","","","","","","","",""
"2021093018","1640","2","0","0","0","0","0","0","0","0","1","0","","67","9","2021","2","40.03643","-75.145195","1640","6","0","0","0","0","0","0","0","0","","0","0","0","","","1","N","0","","40 02:11.149","","0","75 08:42.703","4","0","0","0","67301","0","0","0","N","0","0","0","2","67301","1","","1.0","","1","N","N","N","0","","0","0","0","","0","","","2","1","2","0","0","0","1","2","0","2","","","","N","","","","","","","","","",""
"2021096287","1828","2","0","0","0","0","0","0","0","0","5","0","","67","10","2021","1","40.002278","-75.133444","1911","6","0","0","0","0","0","0","0","0","","0","0","0","","","1","N","0","","40 00:08.200","","0","75 08:00.400","3","0","0","0","67301","0","0","0","N","0","0","0","1","67301","0","","6.0","","9","N","N","N","0","","1","0","0","","0","","","2","1","1","0","0","0","0","2","0","2","","03","","N","","","","","","","","","",""
"2021097365","1755","2","0","0","0","0","0","0","0","0","1","0","","67","10","2021","1","39.975908","-75.240234","1755","6","0","0","0","0","0","0","0","0","","0","0","0","","","1","","1","","39 58:33.268","","0","75 14:24.842","3","0","0","0","67301","0","0","0","N","0","0","0","2","67301","0","","1.0","","9","N","N","N","0","","1","0","0","","2","","","2","1","0","0","0","0","0","2","0","2","","07","","N","","","","","","","","","",""
"2021119779","","1","0","0","0","0","0","0","0","0","5","0","","67","9","2021","3","39.987107","-75.207868","","6","0","0","0","0","0","1","0","0","","0","0","0","","","2","N","0","","39 59:13.586","","0","75 12:28.326","4","0","0","0","67301","0","0","0","N","0","0","0","3","00000","1","","1.0","","1","N","N","N","0","","0","0","0","","0","","","2","2","0","0","0","1","0","2","0","2","","","","N","","","","","","","","","",""
"2021100766","1730","0","0","0","0","0","0","0","0","0","7","0","","67","10","2021","3","39.898644","-75.180228","1720","6","0","0","0","0","0","1","0","0","","0","0","0","","","1","","7","","39 53:55.118","","2","75 10:48.820","4","0","0","0","67301","0","0","0","Y","0","0","0","1","68K01","1","","7.0","","1","N","N","N","0","","0","0","0","","0","","","1","1","0","0","0","0","0","2","1","1","","","","N","","","","","","","","","",""
"2021116572","1205","1","0","0","0","0","0","0","0","0","8","0","","67","11","2021","3","39.928066","-75.168814","1200","6","0","0","0","0","0","0","0","0","","0","0","0","","","1","","1","","39 55:41.036","","0","75 10:07.732","2","0","0","0","67301","1","0","1","N","1","0","1","2","67301","0","","1.0","","99","N","N","N","0","","0","1","0","","2","","","2","1","0","0","0","0","0","2","0","1","","","","N","","","","","","","","","",""
"2021109046","1639","2","0","0","0","0","0","0","0","0","4","1","","67","11","2021","3","39.973992","-75.14416","1639","6","0","0","0","0","0","0","0","0","","0","1","0","","","0","","1","","39 58:26.371","","0","75 08:38.976","0","0","0","0","67301","0","0","0","N","0","0","0","1","67301","0","","1.0","","1","N","N","N","0","","0","0","1","","3","","","4","0","0","0","0","0","0","2","0","4","","03","","N","","","","","","","","","",""
"2021090808","0555","2","0","0","0","0","0","0","0","0","4","0","","67","9","2021","7","39.992136","-75.140198","0551","6","0","0","0","0","0","0","0","0","","0","0","0","","","1","","1","","39 59:31.689","","0","75 08:24.712","3","0","0","0","67301","0","0","0","N","0","0","0","2","67301","0","","1.0","","1","N","N","N","0","","1","0","0","","2","","","2","1","1","0","0","0","0","2","0","2","","03","","N","","","","","","","","","",""
"2021113457","2109","2","0","0","0","0","0","0","0","0","4","0","","67","11","2021","5","40.038528","-75.107075","2109","6","0","0","0","0","0","0","0","0","","0","0","0","","","0","N","0","","40 02:18.700","","7","75 06:25.470","0","0","0","0","67301","0","0","0","N","0","0","0","1","67301","0","","4.0","","9","N","N","N","0","","0","0","1","","0","","","3","0","0","0","0","0","0","2","0","3","","07","","N","","","","","","","","","",""
"2021092434","0837","1","0","0","0","0","0","0","0","0","4","0","","67","9","2021","2","40.034656","-75.140995","0830","6","0","0","0","0","0","0","0","0","","0","0","0","","","1","","1","","40 02:04.761","","0","75 08:27.581","3","0","0","0","67301","0","0","0","N","0","0","0","3","67301","0","","1.0","","1","N","N","N","0","","1","0","0","","3","","","2","1","0","0","0","0","1","2","0","2","","03","","N","","","","","","","","","",""
"2021096425","1727","0","0","0","0","0","0","0","0","0","1","0","","67","9","2021","4","39.975549","-75.115523","1654","6","0","0","0","0","0","1","0","0","","0","0","0","","","0","N","0","","39 58:31.975","","0","75 06:55.881","0","0","0","0","67301","0","0","0","N","0","0","0","3","68K01","0","","1.0","","1","N","N","N","1","","0","0","1","","0","","","2","0","0","0","0","0","0","2","0","2","","","","N","","","","","","","","","",""
"2021101032","0123","2","0","0","0","0","0","0","0","0","1","0","","67","10","2021","3","40.020675","-75.117228","0120","6","0","0","0","0","0","0","0","0","","0","0","0","","","0","N","0","","40 01:14.430","","0","75 07:02.020","0","0","0","0","67301","0","0","0","N","0","0","0","2","67301","0","","1.0","","1","N","N","N","0","","0","0","0","","0","","","2","0","0","0","0","0","0","2","0","2","","03","","N","","","","","","","","","",""
"2021112729","0914","0","0","0","0","0","0","0","0","0","1","0","","67","11","2021","6","39.919569","-75.24022","0914","6","0","0","0","0","0","0","1","0","","0","0","0","","","1","","1","","39 55:10.448","","0","75 14:24.792","3","0","0","0","67301","0","0","0","N","0","0","0","2","67301","0","","1.0","","1","N","N","N","0","","1","0","1","","2","","","2","1","0","0","0","0","0","2","1","2","","03","","N","","","","","","","","","",""
"2021111712","2118","2","0","0","0","0","0","0","0","0","6","0","","67","11","2021","5","39.949278","-75.242286","2113","6","0","0","0","0","0","0","0","0","","0","0","0","","","0","N","0","","39 56:57.400","","0","75 14:32.230","9","0","0","0","67301","0","0","0","N","0","0","0","1","67301","0","","6.0","","1","N","N","N","0","","0","0","2","","0","","","4","0","0","0","0","0","1","2","0","4","","","","N","","","","","","","","","",""
"2021115780","1050","1","0","0","0","0","0","0","0","0","4","0","","67","11","2021","7","39.943372","-75.232331","1047","6","0","0","0","1","0","0","1","0","","0","0","0","","","1","","1","","39 56:36.138","","0","75 13:56.392","4","0","0","0","67301","0","0","0","N","0","0","0","2","67301","1","","1.0","","1","N","N","N","0","","0","0","1","","2","","","2","1","0","0","0","0","0","2","0","2","","03","","N","","","","","","","","","",""
"2021116851","0324","1","0","0","0","0","0","0","0","0","7","0","","67","11","2021","2","39.959671","-75.247404","0320","6","0","0","0","0","0","0","0","0","","0","0","0","","","1","","2","","39 57:34.816","","0","75 14:50.653","3","0","0","0","67301","0","0","0","N","0","0","0","1","67301","0","","4.0","","9","N","N","N","0","","1","0","0","","2","","","1","1","0","0","0","0","0","2","0","1","","07","","N","","","","","","","","","",""
"2021090261","1740","0","0","0","0","0","0","0","0","0","7","0","","67","9","2021","5","39.999071","-75.18749","1738","6","0","0","0","0","1","0","0","0","","0","0","0","","","0","N","0","","39 59:56.655","","0","75 11:14.964","0","0","0","0","67301","0","0","0","N","0","0","0","2","67301","0","","4.0","","9","N","N","N","0","","0","0","1","","0","","","1","0","2","0","0","0","0","2","0","1","","04","","N","","","","","","","","","",""
"2021089059","2213","1","0","0","0","0","0","0","0","0","5","0","","67","9","2021","2","40.054245","-75.005455","2209","6","0","0","0","0","0","0","0","0","","0","0","0","","","0","N","0","","40 03:15.282","2","0","75 00:19.639","9","0","0","0","67301","0","0","0","N","0","0","0","1","67301","0","","6.0","2311.0","1","N","N","N","0","","0","0","1","","0","Y","","4","0","1","0","0","0","1","2","2","4","","03","","N","","","","","","","","","",""
"2021109639","1608","2","0","0","0","0","0","0","0","0","4","0","","67","11","2021","4","40.027692","-75.123037","1608","6","0","0","0","0","0","1","0","0","","0","0","0","","","1","","2","","40 01:39.691","","0","75 07:22.933","3","0","0","0","67301","0","0","0","N","0","0","0","2","67301","0","","1.0","","1","N","N","N","0","","1","0","0","","3","","","2","1","0","0","0","0","0","2","0","2","","","","N","","","","","","","","","",""
"2021110823","1150","2","0","0","0","0","0","0","0","0","1","0","","67","11","2021","1","40.031354","-75.146421","1141","6","0","0","0","0","0","1","0","0","","0","0","0","","","2","Y","0","","40 01:52.876","","0","75 08:47.114","3","0","0","0","67301","0","0","0","N","0","0","0","3","67301","0","","1.0","","1","N","N","N","0","","2","0","0","","2","","","2","2","0","0","0","0","0","2","0","2","","","","N","","","","","","","","","",""
"2021117735","0224","2","0","0","0","0","0","0","0","0","7","0","","67","11","2021","7","39.935261","-75.199883","0212","6","0","0","0","1","0","0","0","0","","0","0","0","","","2","N","0","","39 56:06.940","3","0","75 11:59.578","4","0","0","0","67301","0","0","0","N","0","0","0","2","68K01","2","","2.0","245.0","1","N","N","N","0","","0","0","0","","0","N","","2","2","0","0","0","0","0","2","0","2","","03","","N","","","","","","","","","",""
"2021110740","1618","1","0","0","0","0","0","0","0","0","4","0","","67","11","2021","1","40.02744","-75.062499","1539","6","0","0","0","0","0","0","0","0","","0","0","0","","","1","","1","","40 01:38.783","","0","75 03:44.998","3","0","0","0","67301","0","0","0","N","0","0","0","2","67301","0","","1.0","","1","N","N","N","0","","1","0","1","","2","","","2","1","0","0","0","0","0","2","0","2","","03","","N","","","","","","","","","",""
"2021098008","0815","1","0","0","1","0","0","0","0","0","8","0","","67","10","2021","5","39.96969","-75.140669","0812","6","0","0","0","0","0","0","0","0","","0","0","0","","","1","","1","","39 58:10.883","","0","75 08:26.410","3","0","0","0","67301","1","0","0","N","0","0","0","2","67301","0","","1.0","","1","N","N","N","0","","1","0","0","","0","","","2","1","0","0","0","0","0","2","0","1","","03","","N","","","","","","","","","",""
"2021091506","1845","1","0","0","1","0","0","0","0","0","8","0","","67","9","2021","1","39.969161","-75.206542","1835","6","0","0","0","0","0","0","0","0","","0","0","0","","","1","N","0","","39 58:08.980","","0","75 12:23.550","3","0","0","0","67301","1","0","0","N","0","0","0","2","67301","0","","1.0","","1","N","N","N","0","","1","0","0","","0","","","2","1","1","0","0","0","0","2","0","1","","03","","N","","","","","","","","","",""
"2021112555","1441","1","0","0","1","0","0","0","0","0","8","0","","67","11","2021","5","39.961781","-75.15641","1439","6","0","0","0","0","0","0","0","0","","0","0","0","","","1","N","0","","39 57:42.410","","7","75 09:23.077","3","0","0","0","67301","1","0","0","N","0","0","0","2","67301","0","","1.0","","1","N","N","N","0","","1","0","0","","0","","","2","1","1","0","0","0","0","2","0","1","","03","","N","","","","","","","","","",""
"2021109725","1205","0","0","0","0","0","0","0","0","0","5","0","","67","11","2021","4","39.953186","-75.149829","1200","6","0","0","0","0","0","0","0","0","","0","0","0","","","0","N","0","","39 57:11.468","2","0","75 08:59.385","9","0","0","0","67301","0","0","0","N","0","0","0","1","67301","0","","6.0","200.0","1","N","N","N","0","","0","0","3","","0","N","","3","0","0","0","0","0","1","2","0","3","","03","","N","","","","","","","","","",""
"2021113300","0056","4","0","0","0","0","0","0","0","0","5","0","","67","11","2021","7","40.025622","-75.152017","0055","6","0","0","0","0","0","0","0","0","","0","0","0","","","0","N","0","","40 01:32.240","","0","75 09:07.260","0","0","0","0","67301","0","0","0","N","0","0","0","2","67301","0","","1.0","","1","N","N","N","0","","0","0","1","","0","","","5","0","0","0","0","0","0","2","0","5","","","","N","","","","","","","","","",""
"2021089071","1745","1","0","0","0","0","0","0","0","0","4","0","","67","9","2021","2","40.036608","-75.064461","1745","6","0","0","0","0","0","1","0","0","","0","0","0","","","1","","1","","40 02:11.789","","0","75 03:52.061","3","0","0","0","67301","0","0","0","N","0","0","0","5","67301","0","","1.0","","1","N","N","Y","0","","1","0","3","","2","","","4","1","0","0","0","0","1","2","0","4","","","","N","","","","","","","","","",""
"2021090809","0215","0","0","0","0","0","0","0","0","0","4","0","","67","9","2021","1","39.970158","-75.145059","0214","6","0","0","0","0","0","0","0","0","","0","0","0","","","2","","1","","39 58:12.569","","0","75 08:42.214","4","0","0","0","67301","0","0","0","N","0","0","0","3","67301","2","","1.0","","1","N","N","N","0","","0","0","1","","2","","","2","2","0","0","0","0","0","2","0","2","","03","","N","","","","","","","","","",""
"2021111997","1018","1","0","0","0","0","0","0","0","0","7","0","","67","11","2021","3","40.036576","-75.198211","1010","6","0","0","0","0","0","0","0","0","","0","0","0","","","0","","11","","40 02:11.673","","0","75 11:53.559","0","0","0","0","67301","0","0","0","N","0","0","0","1","67301","0","","4.0","","99","N","N","N","0","","0","0","0","","0","","","1","0","0","0","0","0","0","2","0","1","","","","N","","","","","","","","","",""
"2021110208","1200","0","0","0","0","0","0","0","0","0","8","0","","67","11","2021","3","40.030411","-75.180285","1200","6","0","0","0","0","0","0","0","1","","0","0","0","","","1","","1","","40 01:49.479","","0","75 10:49.025","3","0","0","0","67301","1","0","0","N","1","0","0","2","67301","0","","1.0","","99","N","N","N","0","","1","0","1","","2","","","2","1","0","0","0","0","0","2","0","1","","","","N","","","","","","","","","",""
"2021110707","1219","1","0","0","0","0","0","0","0","0","5","0","","67","11","2021","6","39.896245","-75.228057","1219","6","0","0","0","0","0","0","0","0","","0","0","0","","","0","N","0","","39 53:46.481","","0","75 13:41.006","0","0","0","0","67301","0","0","0","N","0","0","0","2","67301","0","","1.0","","1","N","N","N","0","","0","0","0","","0","","","2","0","2","0","0","0","0","2","1","2","","03","","N","","","","","","","","","",""
"2021128112","","1","0","0","0","0","0","0","0","0","4","0","","67","9","2021","1","40.073063","-75.171758","","6","0","0","0","0","1","0","0","0","","0","0","0","","","1","","1","","40 04:23.026","","0","75 10:18.328","8","0","0","0","67301","0","0","0","N","0","0","0","2","00000","0","","1.0","","1","N","N","N","0","","0","0","0","","3","","","2","1","0","0","0","1","0","2","0","2","","","","N","","","","","","","","","",""
"2021089643","0915","2","0","0","0","0","0","0","0","0","4","0","","67","9","2021","4","40.004387","-75.128544","0852","6","0","0","0","0","0","0","0","0","","0","0","0","","","4","","2","","40 00:15.793","","0","75 07:42.758","3","0","0","0","67301","0","0","0","N","0","0","0","5","67301","0","","1.0","","1","N","N","N","0","","4","0","0","","0","","","2","4","0","0","0","0","1","2","0","2","","","","N","","","","","","","","","",""
"2021110714","1132","0","0","0","0","0","0","0","0","0","8","0","","67","9","2021","2","39.987006","-75.122382","1123","6","0","0","0","0","0","0","0","0","","0","0","0","","","1","","5","","39 59:13.221","","0","75 07:20.575","4","0","0","0","67301","1","0","0","N","1","0","0","2","67301","1","","1.0","","1","N","N","N","0","","0","0","1","","2","","","2","1","0","0","0","0","0","2","0","1","","04","","N","","","","","","","","","",""
"2021110379","1533","2","0","0","0","0","0","0","0","0","7","0","","67","11","2021","6","40.035301","-75.070709","1523","6","0","0","0","0","0","1","0","0","","0","0","0","","","1","","1","","40 02:07.082","","0","75 04:14.554","2","0","0","0","67301","0","0","0","N","0","0","0","1","67301","0","","4.0","","1","N","N","Y","0","","0","1","2","","2","","","4","1","0","0","0","0","0","2","0","4","","","","N","","","","","","","","","",""
"2021117532","","0","0","0","0","0","0","0","0","0","4","0","","67","10","2021","7","39.966394","-75.207559","","6","0","0","0","0","0","0","0","0","","0","0","0","","","1","","1","","39 57:59.017","","0","75 12:27.213","8","0","0","0","67301","0","0","0","N","0","0","0","2","00000","0","","1.0","","1","N","N","N","0","","0","0","0","","2","","","2","1","0","0","0","1","0","2","0","2","","","","N","","","","","","","","","",""
"2021116977","0815","0","0","0","0","0","0","0","0","0","7","0","","67","11","2021","1","39.887449","-75.204421","0814","6","0","0","0","0","0","0","0","0","","0","0","0","","","1","N","0","","39 53:14.818","2","3","75 12:15.916","8","0","0","0","67301","0","0","0","N","0","0","0","1","68K01","0","","3.0","845.0","1","N","N","N","0","","0","0","1","","0","Y","","1","1","0","0","0","1","0","2","0","1","","03","","N","","","","","","","","","",""
"2021110927","1410","2","0","0","0","0","0","0","0","0","4","0","","67","11","2021","2","39.985914","-75.153278","1405","6","0","0","0","0","0","0","0","0","","0","0","0","","","1","","1","","39 59:09.290","","0","75 09:11.799","8","0","0","0","67301","0","0","0","N","0","0","0","4","67505","0","","1.0","","1","N","N","N","0","","0","0","0","","3","","","2","1","0","0","0","1","0","2","0","2","","03","","N","","","","","","","","","",""
"2021111325","1559","2","0","0","0","0","0","0","0","0","4","0","","67","11","2021","2","39.997823","-75.176749","1559","6","0","0","0","0","0","0","0","0","","0","0","0","","","0","","2","","39 59:52.162","7","0","75 10:36.296","0","0","0","0","67301","0","0","0","N","0","0","0","2","67301","0","","1.0","1701.0","1","N","N","N","0","","0","0","2","","3","Y","","4","0","0","0","0","0","0","2","0","4","","","","N","","","","","","","","","",""
"2021115695","1739","0","0","0","0","0","0","0","0","0","4","0","","67","11","2021","6","40.029152","-75.206021","1736","6","0","0","0","0","0","2","0","0","","0","0","0","","","0","N","0","","40 01:44.946","","7","75 12:21.676","0","0","0","0","67301","0","0","0","N","0","0","0","4","67301","0","","1.0","","1","N","N","N","0","","0","0","2","","0","","","2","0","0","0","0","0","0","2","0","2","","03","","N","","","","","","","","","",""
"2021111707","1720","0","0","0","0","0","0","0","0","0","8","0","","67","11","2021","5","40.024988","-75.115829","1712","6","0","0","0","0","0","0","0","0","","0","0","0","","","1","","1","","40 01:29.956","","0","75 06:56.984","3","0","0","0","67301","1","0","0","N","1","0","0","2","67301","0","","1.0","","99","N","N","N","0","","1","0","0","","3","","","2","1","0","0","0","0","0","2","0","1","","03","","N","","","","","","","","","",""
"2021108836","0900","0","0","0","0","0","0","0","0","0","5","0","","67","11","2021","3","40.077111","-74.9796","0847","6","0","0","0","0","1","0","0","0","","0","0","0","","","1","N","0","","40 04:37.600","","0","74 58:46.560","3","0","0","0","67301","0","0","0","N","0","0","0","1","67301","0","","6.0","","1","N","N","N","0","","1","0","1","","0","","","2","1","0","0","0","0","0","2","1","2","","03","","N","","","","","","","","","",""
"2021089938","1832","1","0","0","0","0","0","0","0","0","4","0","","67","9","2021","5","40.004332","-75.07741","1826","6","0","0","0","0","0","0","0","0","","0","0","0","","","3","","1","","40 00:15.595","","0","75 04:38.676","3","0","0","0","67301","0","0","0","N","0","0","0","4","67301","0","","1.0","","9","N","N","Y","0","","3","0","2","","2","","","3","3","0","0","0","0","0","2","0","3","","07","","N","","","","","","","","","",""
"2021098007","0035","1","0","0","0","0","0","0","0","0","7","0","","67","10","2021","6","40.083293","-75.026401","0030","6","0","0","0","0","0","0","0","0","","0","0","0","","","0","N","0","","40 04:59.853","","7","75 01:35.042","9","0","0","0","67301","0","0","0","N","0","0","0","1","67301","0","","3.0","","1","N","N","N","0","","0","0","0","","2","","","1","0","0","0","0","0","1","2","0","1","","","","N","","","","","","","","","",""
"2021097761","1500","1","0","0","0","0","0","0","0","0","5","0","","67","10","2021","7","39.970536","-75.146511","1500","6","0","0","0","0","0","0","1","0","","0","0","0","","","1","N","0","","39 58:13.930","","0","75 08:47.440","3","0","0","0","67301","0","0","0","N","0","0","0","2","67301","0","","1.0","","1","N","N","N","0","","1","0","1","","0","","","2","1","1","0","0","0","0","2","0","2","","03","","N","","","","","","","","","",""
"2021111039","2150","1","0","0","0","0","0","0","0","0","4","0","","67","11","2021","7","40.046826","-75.070343","2145","6","0","0","0","1","0","0","0","0","","0","0","0","","","0","","1","","40 02:48.573","2","0","75 04:13.233","9","0","0","0","67301","0","0","0","N","0","0","0","5","67301","0","","1.0","30.0","1","N","N","N","0","","0","0","0","","2","N","","2","0","0","0","0","0","1","2","1","2","","","","N","","","","","","","","","",""
"2021088198","0752","3","0","0","0","0","0","0","0","0","5","0","","67","9","2021","1","40.002417","-75.134583","0744","6","0","0","0","0","0","0","0","0","","0","0","0","","","0","N","0","","40 00:08.700","","0","75 08:04.500","0","0","0","0","67301","0","0","0","N","0","0","0","1","67301","0","","6.0","","1","N","N","N","0","","0","0","1","","0","","","4","0","0","0","0","0","0","2","0","4","","03","","N","","","","","","","","","",""
"2021097940","1940","1","0","0","0","0","0","0","0","0","8","0","","67","10","2021","4","39.944662","-75.165226","1930","6","0","0","0","0","0","0","0","0","","0","0","0","","","1","","1","","39 56:40.784","","0","75 09:54.813","8","0","0","0","67301","1","0","0","N","1","0","0","2","67301","0","","1.0","","1","N","N","N","0","","0","0","0","","2","","","2","1","0","0","0","1","1","2","0","1","","","","N","","","","","","","","","",""
"2021100178","1405","1","0","0","0","0","0","0","0","0","4","0","","67","9","2021","4","39.985802","-75.215608","1405","6","0","0","0","0","1","0","0","0","","0","0","0","","","1","","1","","39 59:08.888","","0","75 12:56.190","8","0","0","0","67301","0","0","0","N","0","0","0","4","67301","0","","1.0","","1","N","N","N","0","","0","0","1","","2","","","2","1","0","0","0","1","1","2","0","2","","03","","N","","","","","","","","","",""
"2021115778","1800","0","0","0","0","0","0","0","0","0","4","0","","67","11","2021","1","39.883557","-75.251536","1738","6","0","1","0","0","0","1","0","0","","0","0","0","","","0","","2","","39 53:00.806","","2","75 15:05.531","0","0","0","0","67301","0","0","0","N","0","0","0","4","67301","0","","1.0","","9","N","N","N","1","","0","0","1","","2","","","2","0","0","0","0","0","0","2","0","2","","07","","N","","","","","","","","","",""