"CRN","ARRIVAL_TM","AUTOMOBILE_COUNT","BELTED_DEATH_COUNT","BELTED_SUSP_SERIOUS_INJ_COUNT","BICYCLE_COUNT","BICYCLE_DEATH_COUNT","BICYCLE_SUSP_SERIOUS_INJ_COUNT","BUS_COUNT","CHLDPAS_DEATH_COUNT","CHLDPAS_SUSP_SERIOUS_INJ_COUNT","COLLISION_TYPE","COMM_VEH_COUNT","CONS_ZONE_SPD_LIM","COUNTY","CRASH_MONTH","CRASH_YEAR","DAY_OF_WEEK","DEC_LATITUDE","DEC_LONGITUDE","DISPATCH_TM","DISTRICT","DRIVER_COUNT_16YR","DRIVER_COUNT_17YR","DRIVER_COUNT_18YR","DRIVER_COUNT_19YR","DRIVER_COUNT_20YR","DRIVER_COUNT_50_64YR","DRIVER_COUNT_65_74YR","DRIVER_COUNT_75PLUS","EST_HRS_CLOSED","FATAL_COUNT","HEAVY_TRUCK_COUNT","HORSE_BUGGY_COUNT","HOUR_OF_DAY","ILLUMINATION","INJURY_COUNT","INTERSECTION_RELATED","INTERSECT_TYPE","LANE_CLOSED","LATITUDE","LN_CLOSE_DIR","LOCATION_TYPE","LONGITUDE","MAX_SEVERITY_LEVEL","MCYCLE_DEATH_COUNT","MCYCLE_SUSP_SERIOUS_INJ_COUNT","MOTORCYCLE_COUNT","MUNICIPALITY","NONMOTR_COUNT","NONMOTR_DEATH_COUNT","NONMOTR_SUSP_SERIOUS_INJ_COUNT","NTFY_HIWY_MAINT","PED_COUNT","PED_DEATH_COUNT","PED_SUSP_SERIOUS_INJ_COUNT","PERSON_COUNT","POLICE_AGCY","POSSIBLE_INJ_COUNT","RDWY_SURF_TYPE_CD","RELATION_TO_ROAD","ROADWAY_CLEARED","ROAD_CONDITION","SCH_BUS_IND","SCH_ZONE_IND","SECONDARY_CRASH","SMALL_TRUCK_COUNT","SPEC_JURIS_CD","SUSP_MINOR_INJ_COUNT","SUSP_SERIOUS_INJ_COUNT","SUV_COUNT","TCD_FUNC_CD","TCD_TYPE","TFC_DETOUR_IND","TIME_OF_DAY","TOTAL_UNITS","TOT_INJ_COUNT","UNBELTED_OCC_COUNT","UNB_DEATH_COUNT","UNB_SUSP_SERIOUS_INJ_COUNT","UNK_INJ_DEG_COUNT","UNK_INJ_PER_COUNT","URBAN_RURAL","VAN_COUNT","VEHICLE_COUNT","WEATHER1","WEATHER2","WORKERS_PRES","WORK_ZONE_IND","WORK_ZONE_LOC","WORK_ZONE_TYPE","WZ_CLOSE_DETOUR","WZ_FLAGGER","WZ_LAW_OFFCR_IND","WZ_LN_CLOSURE","WZ_MOVING","WZ_OTHER","WZ_SHLDER_MDN","WZ_WORKERS_INJ_KILLED"
"2021101034","0115","0","0","0","0","0","0","0","0","0","7","0","","67","10","2021","6","40.014061","-75.147225","0115","6","0","0","0","0","0","1","0","0","","0","0","0","","","0","","2","","40 00:50.619","","0","75 08:50.010","0","0","0","0","67301","0","0","0","N","0","0","0","1","67301","0","","5.0","","1","N","N","N","0","","0","0","1","","3","","","1","0","0","0","0","0","0","2","0","1","","","","N","","","","","","","","","",""
"2021109250","1831","0","0","0","0","0","0","0","0","0","8","0","","67","11","2021","4","40.054119","-75.145553","1826","6","0","0","0","0","0","1","0","0","","0","0","0","","","1","","1","","40 03:14.828","6","0","75 08:43.990","2","0","0","0","67301","1","0","1","N","1","0","1","2","67301","0","","1.0","2000.0","1","N","N","N","0","","0","1","1","","3","Y","","2","1","0","0","0","0","0","2","0","1","","","","N","","","","","","","","","",""
"2021097097","2329","3","0","0","0","0","0","0","0","0","5","0","","67","10","2021","3","39.960659","-75.187202","2328","6","0","0","0","0","1","0","0","0","","0","0","0","","","0","","11","","39 57:38.372","3","0","75 11:13.927","0","0","0","0","67301","0","0","0","N","0","0","0","3","67507","0","","1.0","200.0","1","N","N","Y","0","","0","0","0","","0","Y","","3","0","1","0","0","0","0","2","0","3","","","","N","","","","","","","","","",""
"2021090912","0357","1","0","0","0","0","0","0","0","0","4","0","","67","9","2021","1","40.024497","-75.147918","0353","6","0","0","0","0","0","0","0","0","","0","0","0","","","0","","1","","40 01:28.189","6","0","75 08:52.503","0","0","0","0","67301","0","0","0","N","0","0","0","3","67301","0","","1.0","605.0","1","N","N","N","0","","0","0","2","","2","Y","","3","0","0","0","0","0","0","2","0","3","","03","","N","","","","","","","","","",""
"2021092359","2200","1","0","0","0","0","0","0","0","0","4","0","","67","9","2021","2","39.955331","-75.231948","2149","6","0","0","0","0","0","0","1","0","","0","0","0","","","1","","1","","39 57:19.191","","0","75 13:55.012","3","0","0","0","67301","0","0","0","N","0","0","0","2","67301","0","","1.0","","1","N","N","N","0","","1","0","2","","2","","","3","1","0","0","0","0","0","2","0","3","","","","N","","","","","","","","","",""
"2021091341","1620","2","0","0","0","0","0","0","0","0","1","0","","67","9","2021","2","40.034298","-75.038613","1602","6","0","0","0","0","1","0","1","0","","0","0","0","","","1","","1","","40 02:03.472","","0","75 02:19.006","4","0","0","0","67301","0","0","0","N","0","0","0","2","67301","1","","1.0","","1","N","N","N","0","","0","0","0","","2","","","2","1","0","0","0","0","0","2","0","2","","","","N","","","","","","","","","",""
"2021088437","1700","1","0","0","0","0","0","0","0","0","4","0","","67","9","2021","1","39.906381","-75.181192","1644","6","0","0","0","0","0","0","0","0","","0","0","0","","","1","N","0","","39 54:22.970","4","7","75 10:52.290","3","0","0","0","67301","0","0","0","N","0","0","0","2","67301","0","","1.0","1720.0","1","N","N","N","0","","1","0","0","","0","N","","2","1","0","0","0","0","0","2","1","2","","03","","N","","","","","","","","","",""
"2021114553","1402","0","0","0","0","0","0","0","0","0","1","0","","67","11","2021","3","40.087536","-74.97113","1402","6","0","0","0","0","0","0","0","0","","0","0","0","","","1","N","7","","40 05:15.131","","0","74 58:16.067","8","0","0","0","67301","0","0","0","N","0","0","0","2","67301","0","","1.0","","1","N","N","N","0","","0","0","2","","2","","","2","1","0","0","0","1","0","2","0","2","","03","","N","","","","","","","","","",""
"2021114860","0953","1","0","0","0","0","0","0","0","0","1","0","","67","11","2021","1","40.058816","-75.131676","0949","6","0","0","0","0","0","1","1","0","","0","0","0","","","3","N","3","","40 03:31.739","","0","75 07:54.035","3","0","0","0","67301","0","0","0","N","0","0","0","4","46102","0","","1.0","","1","N","N","N","0","","3","0","2","","0","","","3","3","0","0","0","0","1","2","0","3","","","","N","","","","","","","","","",""
"2021114331","1340","1","0","0","0","0","0","0","0","0","4","0","","67","11","2021","5","40.015892","-75.05536","1339","6","0","0","0","0","0","0","0","0","","0","0","0","","","0","","2","","40 00:57.211","","0","75 03:19.296","9","0","0","0","67301","0","0","0","N","0","0","0","1","67301","0","","1.0","","1","N","N","N","0","","0","0","1","","3","","","2","0","0","0","0","0","1","2","0","2","","03","","N","","","","","","","","","",""
"2021117436","","1","0","0","0","0","0","0","0","0","4","0","","67","9","2021","4","39.941618","-75.220167","","6","0","0","0","0","0","0","0","0","","0","0","0","","","1","","1","","39 56:29.823","","0","75 13:12.601","8","0","0","0","67301","0","0","0","N","0","0","0","2","00000","0","","1.0","","1","N","N","N","0","","0","0","1","","2","","","2","1","0","0","0","1","0","2","0","2","","","","N","","","","","","","","","",""
"2021098094","1730","0","0","0","0","0","0","0","0","0","7","0","","67","10","2021","5","40.025194","-75.204625","1725","6","0","0","0","0","0","0","0","0","","0","0","0","","","1","N","0","","40 01:30.700","","0","75 12:16.650","3","0","0","0","67301","0","0","0","N","0","0","0","1","67301","0","","4.0","","1","N","N","N","0","","1","0","1","","0","","","1","1","0","0","0","0","0","2","0","1","","03","","N","","","","","","","","","",""
"2021091834","0327","1","0","0","0","0","0","0","0","0","4","0","","67","9","2021","1","39.923299","-75.161318","0324","6","0","0","0","0","0","0","0","0","","0","0","0","","","0","","1","","39 55:23.877","","0","75 09:40.743","0","0","0","0","67301","0","0","0","N","0","0","0","2","67301","0","","1.0","","1","N","N","N","0","","0","0","1","","2","","","2","0","0","0","0","0","0","2","0","2","","03","","N","","","","","","","","","",""
"2021092430","1309","0","0","0","0","0","0","0","0","0","4","0","","67","9","2021","6","40.057334","-75.140679","1303","6","0","0","0","0","0","1","0","0","","0","0","0","","","1","","1","","40 03:26.402","","0","75 08:26.444","3","0","0","0","67301","0","0","0","N","0","0","0","2","67301","0","","1.0","","1","N","N","N","0","","1","0","2","","3","","","2","1","0","0","0","0","0","2","0","2","","03","","N","","","","","","","","","",""
"2021097644","1500","1","0","0","0","0","0","0","0","0","4","0","","67","10","2021","4","39.987779","-75.167648","1459","6","0","0","0","0","0","0","0","0","","0","0","0","","","3","","1","","39 59:16.004","","0","75 10:03.532","3","0","0","0","67301","0","0","0","N","0","0","0","4","67301","0","","1.0","","1","N","N","N","0","","3","0","1","","2","","","2","3","0","0","0","0","1","2","0","2","","03","","N","","","","","","","","","",""
"2021110720","0125","2","0","0","0","0","0","0","0","0","4","0","","67","11","2021","1","40.013124","-75.107695","0120","6","0","0","0","0","0","0","0","0","","0","0","0","","","1","","1","","40 00:47.246","","0","75 06:27.701","3","0","0","0","67301","0","0","0","N","0","0","0","2","67301","0","","1.0","","1","N","N","N","0","","1","0","1","","3","","","3","1","0","0","0","0","0","2","0","3","","03","","N","","","","","","","","","",""
"2021091387","0716","2","0","0","0","0","0","0","0","0","5","0","","67","9","2021","2","39.964834","-75.160805","0713","6","0","0","0","0","0","0","0","0","","0","0","0","","","1","N","0","","39 57:53.401","","0","75 09:38.898","3","0","0","0","67301","0","0","0","N","0","0","0","2","67301","0","","1.0","","1","N","N","N","0","","1","0","0","","0","","","2","1","0","0","0","0","0","2","0","2","","03","","N","","","","","","","","","",""
"2021110480","1253","1","0","0","0","0","0","0","0","0","1","0","","67","11","2021","5","40.089209","-75.020703","1247","6","0","0","0","0","0","1","1","0","","0","0","0","","","2","Y","0","","40 05:21.153","","0","75 01:14.531","3","0","0","0","67301","0","0","0","N","0","0","0","3","67301","0","","1.0","","1","N","N","N","0","","2","0","0","","2","","","2","2","0","0","0","0","1","2","0","2","","03","","N","","","","","","","","","",""
"2021114312","2226","2","0","0","0","0","0","0","0","0","4","0","","67","11","2021","2","39.950971","-75.177318","2226","6","0","1","0","0","0","0","0","0","","0","0","0","","","0","","1","","39 57:03.495","1","0","75 10:38.343","0","0","0","0","67301","0","0","0","N","0","0","0","4","67301","0","","1.0","5.0","1","N","N","N","0","","0","0","0","","2","Y","","2","0","0","0","0","0","0","2","0","2","","03","","N","","","","","","","","","",""
"2021115277","1042","1","0","0","0","0","0","0","0","0","4","0","","67","11","2021","3","40.038304","-75.075365","1037","6","0","0","0","0","0","1","1","0","","0","0","0","","","2","","1","","40 02:17.896","","0","75 04:31.313","3","0","0","0","67301","0","0","0","N","0","0","0","2","67301","1","","1.0","","1","N","N","N","0","","1","0","1","","2","","","2","2","0","0","0","0","0","2","0","2","","03","","N","","","","","","","","","",""
"2021110077","1920","1","0","0","0","0","0","0","0","0","4","0","","67","11","2021","6","40.065194","-75.158022","1915","6","1","0","0","0","0","1","0","0","","0","0","0","","","2","","1","","40 03:54.698","7","0","75 09:28.879","3","0","0","0","67301","0","0","0","N","0","0","0","2","67301","0","","1.0","1940.0","1","N","N","N","0","","2","0","1","","3","Y","","2","2","2","0","0","0","0","2","0","2","","03","","N","","","","","","","","","",""
"2021089939","1751","1","0","0","0","0","0","0","0","0","4","0","","67","9","2021","5","39.984408","-75.15441","1750","6","0","0","0","0","0","0","1","0","","0","0","0","","","0","","1","","39 59:03.868","","0","75 09:15.876","9","0","0","0","67301","0","0","0","N","0","0","0","2","67301","0","","1.0","","9","N","N","N","0","","0","0","1","","2","","","2","0","0","0","0","0","1","2","0","2","","07","","N","","","","","","","","","",""
"2021091333","0148","1","0","0","0","0","0","0","0","0","4","0","","67","9","2021","2","40.027544","-75.146423","0148","6","0","0","0","0","0","0","0","0","","0","0","0","","","0","","1","","40 01:39.158","","0","75 08:47.122","0","0","0","0","67301","0","0","0","N","0","0","0","2","67301","0","","1.0","","1","N","N","N","0","","0","0","1","","2","","","2","0","0","0","0","0","0","2","0","2","","","","N","","","","","","","","","",""
"2021102835","2222","2","0","0","0","0","0","0","0","0","5","0","","67","10","2021","7","40.004472","-75.139528","2217","6","0","0","0","0","0","1","0","0","","0","0","0","","","0","N","0","","40 00:16.100","","0","75 08:22.300","0","0","0","0","67301","0","0","0","N","0","0","0","1","67301","0","","6.0","","9","N","N","N","0","","0","0","0","","0","","","2","0","0","0","0","0","0","2","0","2","","","","N","","","","","","","","","",""
"2021124398","2136","1","0","0","0","0","0","0","0","0","4","0","","67","11","2021","5","39.969199","-75.228382","2136","6","0","0","0","1","0","0","0","0","","0","0","0","","","2","","1","","39 58:09.116","","0","75 13:42.175","4","0","0","0","67301","0","0","0","N","0","0","0","3","67301","2","","1.0","","1","N","N","N","0","","0","0","1","","2","","","2","2","0","0","0","0","0","2","0","2","","","","N","","","","","","","","","",""
"2021114666","1230","1","0","0","0","0","0","0","0","0","8","0","","67","11","2021","1","39.954079","-75.189725","1220","6","0","0","0","0","0","1","0","0","","0","0","0","","","1","","1","","39 57:14.683","","0","75 11:23.010","3","0","0","0","67301","1","0","0","N","1","0","0","2","67301","0","","1.0","","1","N","N","N","0","","1","0","0","","2","","","2","1","0","0","0","0","0","2","0","1","","03","","N","","","","","","","","","",""
"2021088242","0845","0","0","0","0","0","0","0","0","0","5","0","","67","9","2021","1","39.974743","-75.184926","0838","6","0","0","0","0","0","0","0","0","","0","0","0","","","1","N","0","","39 58:29.073","","0","75 11:05.732","3","0","0","1","67301","0","0","0","N","0","0","0","1","67301","0","","6.0","","1","N","N","N","0","","1","0","2","","0","","","3","1","0","0","0","0","0","2","0","3","","","","N","","","","","","","","","",""
"2021088373","1203","1","0","0","0","0","0","0","0","0","4","0","","67","9","2021","7","40.051807","-75.154514","2358","6","0","0","1","0","0","1","0","0","","0","0","0","","","3","","1","","40 03:06.505","6","0","75 09:16.250","3","0","0","0","67301","0","0","0","N","0","0","0","3","67301","0","","1.0","205.0","1","N","N","N","0","","3","0","1","","3","Y","","2","3","0","0","0","0","0","2","0","2","","03","","N","","","","","","","","","",""
"2021098302","1935","0","0","0","0","0","0","0","0","0","4","0","","67","10","2021","5","40.071726","-75.154084","1923","6","0","0","0","0","0","0","0","0","","0","0","0","","","1","","1","","40 04:18.214","","0","75 09:14.704","8","0","0","1","67301","0","0","0","N","0","0","0","2","67301","0","","1.0","","1","N","N","N","0","","0","0","1","","2","","","2","1","0","0","0","1","0","2","0","2","","","","N","","","","","","","","","",""
"2021088342","0137","2","0","0","0","0","0","0","0","0","4","0","","67","9","2021","1","39.938148","-75.154807","0134","6","0","0","0","0","0","0","0","0","","0","0","0","","","3","","1","","39 56:17.332","","0","75 09:17.305","3","0","0","0","67301","0","0","0","N","0","0","0","3","67301","2","","1.0","","1","N","N","N","0","","1","0","1","","3","","","3","3","1","0","0","0","0","2","0","3","","03","","N","","","","","","","","","",""
"2021088736","1656","1","0","0","0","0","0","0","0","0","5","0","","67","9","2021","7","40.032803","-75.140358","1655","6","0","0","0","0","0","1","0","0","","0","0","0","","","1","N","0","","40 01:58.090","","0","75 08:25.290","3","0","0","0","67301","1","0","0","N","1","0","0","4","67301","0","","1.0","","1","N","N","N","0","","1","0","1","","0","","","3","1","2","0","0","0","0","2","0","2","","03","","N","","","","","","","","","",""
"2021114668","1615","1","0","0","0","0","0","0","0","0","1","0","","67","11","2021","3","40.016835","-75.174361","1537","6","0","0","0","0","0","0","0","0","","0","0","0","","","1","N","0","","40 01:00.605","","6","75 10:27.699","3","0","0","0","67301","0","0","0","N","0","0","0","2","67301","0","","1.0","","1","N","N","N","1","","1","0","0","","4","","","2","1","0","0","0","0","1","2","0","2","","","","N","","","","","","","","","",""
"2021111047","1618","1","0","0","0","0","0","0","0","0","1","0","","67","11","2021","2","40.061933","-75.057994","1557","6","0","0","0","0","0","0","0","0","","0","0","0","","","0","N","0","","40 03:42.960","","0","75 03:28.780","0","0","0","0","67301","0","0","0","N","0","0","0","1","67301","0","","6.0","","1","N","N","N","0","","0","0","2","","0","","","3","0","0","0","0","0","0","2","0","3","","03","","N","","","","","","","","","",""
"2021115067","0903","1","0","0","0","0","0","0","0","0","6","0","","67","11","2021","4","39.995037","-75.191989","0858","6","0","0","0","0","0","1","0","0","","0","0","0","","","0","N","0","","39 59:42.134","2","0","75 11:31.160","0","0","0","0","67301","0","0","0","N","0","0","0","6","67301","0","","1.0","1114.0","1","N","N","N","2","","0","0","2","","0","Y","","6","0","0","0","0","0","0","2","1","6","","03","","N","","","","","","","","","",""
"2021112353","2325","1","0","0","0","0","0","0","0","0","4","0","","67","11","2021","4","40.106245","-75.034713","2319","6","0","0","1","0","0","1","0","0","","0","0","0","","","1","","2","","40 06:22.482","","0","75 02:04.967","8","0","0","0","67301","0","0","0","N","0","0","0","4","67301","0","","1.0","","1","N","N","N","0","","0","0","1","","3","","","2","1","0","0","0","1","0","2","0","2","","","","N","","","","","","","","","",""
"2021089978","0220","0","0","0","0","0","0","0","0","0","7","0","","67","9","2021","5","40.01575","-75.2056","0211","6","0","0","0","0","0","0","0","0","","0","0","0","","","1","N","0","","40 00:56.700","1","0","75 12:20.160","3","0","0","0","67301","0","0","0","N","0","0","0","1","67301","0","","5.0","340.0","1","N","N","N","0","","1","0","1","","0","Y","","1","1","0","0","0","0","0","2","0","1","","03","","N","","","","","","","","","",""
"2021091500","0730","0","0","0","0","0","0","0","0","0","8","0","","67","9","2021","3","40.102486","-75.028736","0721","6","0","0","0","0","0","1","0","0","","0","0","0","","","1","","1","","40 06:08.948","2","0","75 01:43.450","4","0","0","0","67301","1","0","0","N","1","0","0","2","67301","1","","1.0","740.0","1","N","N","N","0","","0","0","0","","2","N","","2","1","0","0","0","0","0","2","1","1","","03","","N","","","","","","","","","",""
"2021097364","1552","2","0","0","0","0","0","0","0","0","1","0","","67","10","2021","2","39.965939","-75.227198","1535","6","0","0","0","0","0","0","0","0","","0","0","0","","","0","Y","0","","39 57:57.380","6","0","75 13:37.912","0","0","0","0","67301","0","0","0","N","0","0","0","2","67301","0","","1.0","1630.0","1","N","N","N","0","","0","0","0","","2","Y","","2","0","0","0","0","0","0","2","0","2","","03","","N","","","","","","","","","",""
"2021090676","1300","1","0","0","0","0","0","0","0","0","4","0","","67","9","2021","6","39.930986","-75.242954","1253","6","0","0","0","0","0","1","0","0","","0","0","0","","","2","","3","","39 55:51.548","","0","75 14:34.635","2","0","0","0","67301","0","0","0","N","0","0","0","3","67301","0","","1.0","","1","N","N","N","0","","0","1","1","","0","","","2","2","0","0","0","1","0","2","0","2","","","","N","","","","","","","","","",""
"2021118478","1010","1","0","0","0","0","0","0","0","0","4","0","","67","11","2021","1","40.035741","-75.081016","1008","6","0","0","0","0","1","0","0","0","","0","0","0","","","1","","1","","40 02:08.666","1","0","75 04:51.659","8","0","0","0","67301","0","0","0","N","0","0","0","2","67301","0","","1.0","1145.0","1","N","N","N","0","","0","0","1","","2","N","","2","1","0","0","0","1","0","2","0","2","","03","","N","","","","","","","","","",""
"2021095765","1100","0","0","0","0","0","0","0","0","0","8","0","","67","10","2021","6","39.996634","-75.175421","1100","6","0","0","0","0","0","1","0","0","","0","0","0","","","1","N","0","","39 59:47.883","6","0","75 10:31.517","3","0","0","0","67301","1","0","0","N","1","0","0","2","67301","0","","1.0","1115.0","1","N","N","N","0","","1","0","1","","0","Y","","2","1","0","0","0","0","0","2","0","1","","03","","N","","","","","","","","","",""
"2021090263","0510","2","0","0","0","0","0","0","0","0","5","0","","67","9","2021","6","40.021889","-75.162615","0456","6","0","0","0","0","0","0","0","0","","0","0","0","","","1","N","0","","40 01:18.800","","0","75 09:45.414","8","0","0","0","67301","0","0","0","N","0","0","0","1","67301","0","","6.0","","1","N","N","N","0","","0","0","2","","0","","","4","1","0","0","0","1","0","2","0","4","","03","","N","","","","","","","","","",""
"2021111999","0510","2","0","0","0","0","0","0","0","0","1","0","45","67","11","2021","3","40.019694","-75.162512","0457","6","0","0","0","0","0","0","0","0","","0","0","0","","","1","N","0","","40 01:10.900","2","3","75 09:45.042","3","0","0","0","67301","0","0","0","N","0","0","0","3","67301","0","","1.0","800.0","2","N","N","N","0","","1","0","1","","0","Y","","3","1","0","0","0","0","0","2","0","3","","03","N","Y","8","1","N","N","N","Y","N","N","Y","N"
"2021090885","0239","0","0","0","0","0","0","0","0","0","7","0","","67","9","2021","1","40.005196","-75.167497","0239","6","0","0","0","0","0","0","0","0","","0","0","0","","","0","","3","","40 00:18.705","","0","75 10:02.989","0","0","0","0","67301","0","0","0","N","0","0","0","1","67301","0","","4.0","","1","N","N","N","0","","0","0","1","","0","","","1","0","0","0","0","0","0","2","0","1","","","","N","","","","","","","","","",""
"2021095401","0015","1","0","0","0","0","0","0","0","0","4","0","","67","10","2021","6","39.987821","-75.180584","0013","6","0","0","0","0","0","0","0","0","","0","0","0","","","1","","1","","39 59:16.154","","0","75 10:50.102","8","0","0","1","67301","0","0","0","N","0","0","0","2","67301","0","","1.0","","1","N","N","N","0","","0","0","0","","2","","","2","1","0","0","0","1","0","2","0","2","","03","","N","","","","","","","","","",""
"2021096850","0844","2","0","0","0","0","0","0","0","0","4","0","","67","10","2021","3","39.967095","-75.206655","0844","6","0","0","0","0","0","0","0","0","","0","0","0","","","1","","1","","39 58:01.543","","0","75 12:23.959","4","0","0","0","67301","0","0","0","N","0","0","0","2","67301","1","","1.0","","1","N","N","N","0","","0","0","0","","3","","","2","1","0","0","0","0","0","2","0","2","","","","N","","","","","","","","","",""
"2021091794","0035","2","0","0","0","0","0","0","0","0","4","0","","67","9","2021","2","39.939634","-75.198161","0024","6","0","0","0","0","0","0","0","0","","0","0","0","","","0","","1","","39 56:22.681","2","0","75 11:53.378","0","0","0","0","67301","0","0","0","N","0","0","0","2","67301","0","","1.0","130.0","1","N","N","N","0","","0","0","0","","2","N","","2","0","0","0","0","0","0","2","0","2","","03","","N","","","","","","","","","",""
"2021096005","0850","3","0","0","0","0","0","0","0","0","1","0","","67","10","2021","6","39.975248","-75.19168","0847","6","0","0","0","0","0","3","0","0","","0","0","0","","","1","N","0","","39 58:30.891","","0","75 11:30.049","3","0","0","0","67301","0","0","0","N","0","0","0","5","67301","0","","1.0","","1","N","N","Y","0","","1","0","1","","0","","","4","1","0","0","0","0","0","2","0","4","","03","","N","","","","","","","","","",""
"2021110806","0505","1","0","0","0","0","0","0","0","0","4","0","","67","11","2021","2","39.960207","-75.190892","0505","6","0","0","0","0","0","0","0","0","","0","0","0","","","0","","1","","39 57:36.745","4","0","75 11:27.211","0","0","0","0","67301","0","0","0","N","0","0","0","2","67507","0","","1.0","630.0","9","N","N","N","0","","0","0","1","","2","Y","","2","0","0","0","0","0","0","2","0","2","","","","N","","","","","","","","","",""
"2021111700","2237","1","0","0","0","0","0","0","0","0","4","0","","67","11","2021","2","39.957931","-75.164145","2237","6","0","0","0","0","0","0","0","0","","0","0","0","","","0","","1","","39 57:28.550","","2","75 09:50.921","0","0","0","0","67301","0","0","0","N","0","0","0","2","67301","0","","1.0","","1","N","N","N","1","","0","0","0","","2","","","2","0","0","0","0","0","0","2","0","2","","03","","N","","","","","","","","","",""
"2021090681","1735","1","0","0","0","0","0","0","0","0","8","0","","67","9","2021","5","40.044086","-75.128829","1727","6","0","0","0","0","0","0","0","0","","0","0","0","","","1","","1","","40 02:38.709","","0","75 07:43.784","2","0","0","0","67301","1","0","1","N","1","0","1","2","67301","0","","1.0","","9","N","N","N","0","","0","1","0","","2","","","2","1","0","0","0","0","0","2","0","1","","","","N","","","","","","","","","",""
"2021111362","1600","1","0","0","0","0","0","0","0","0","4","0","","67","11","2021","2","40.071317","-75.03825","1600","6","0","0","0","0","0","0","1","0","","0","0","0","","","1","","1","","40 04:16.742","2","0","75 02:17.701","3","0","0","0","67301","0","0","0","N","0","0","0","2","67301","0","","1.0","410.0","1","N","N","N","0","","1","0","1","","1","N","","2","1","0","0","0","0","0","2","0","2","","08","","N","","","","","","","","","",""
"2021110496","1625","1","0","0","0","0","0","0","0","0","2","0","","67","11","2021","7","40.002888","-75.187263","1612","6","0","0","0","0","0","0","0","0","","0","0","0","","","1","","1","","40 00:10.396","","0","75 11:14.148","3","0","0","0","67301","0","0","0","N","0","0","0","2","67301","0","","1.0","","1","N","N","N","0","","1","0","1","","0","","","2","1","0","0","0","0","0","2","0","2","","03","","N","","","","","","","","","",""
"2021115281","1328","0","0","0","0","0","0","0","0","0","4","0","","67","11","2021","7","39.930986","-75.242954","1329","6","0","0","0","0","0","1","0","0","","0","0","0","","","2","","3","","39 55:51.548","","0","75 14:34.635","3","0","0","0","67301","0","0","0","N","0","0","0","2","67301","0","","1.0","","1","N","N","N","0","","2","0","2","","0","","","2","2","0","0","0","0","0","2","0","2","","03","","N","","","","","","","","","",""
"2021112330","0531","1","0","0","0","0","0","0","0","0","4","0","","67","11","2021","4","39.945858","-75.240283","0526","6","0","0","0","0","0","1","0","0","","0","0","0","","","1","","5","","39 56:45.089","","0","75 14:25.018","4","0","0","0","67301","0","0","0","N","0","0","0","2","67301","1","","1.0","","1","N","N","N","1","","0","0","0","","2","","","2","1","0","0","0","0","0","2","0","2","","03","","N","","","","","","","","","",""
"2021117584","","0","0","0","0","0","0","0","0","0","1","0","","67","10","2021","2","40.047663","-75.059843","","6","0","0","0","0","0","1","0","0","","0","0","0","","","1","Y","0","","40 02:51.585","","0","75 03:35.433","8","0","0","0","67301","0","0","0","N","0","0","0","2","00000","0","","1.0","","1","N","N","N","1","","0","0","0","","2","","","2","1","0","0","0","1","0","2","1","2","","","","N","","","","","","","","","",""
"2021089823","1719","1","0","0","0","0","0","0","0","0","2","0","","67","9","2021","3","39.952258","-75.205547","1719","6","0","0","0","0","1","0","0","0","","0","0","0","","","1","N","0","","39 57:08.130","4","0","75 12:19.970","3","0","0","0","67301","0","0","0","N","0","0","0","3","67504","0","","1.0","1800.0","1","N","N","Y","0","","1","0","2","","0","Y","","3","1","3","0","0","0","0","2","0","3","","","","N","","","","","","","","","",""
"2021117917","","0","0","0","0","0","0","0","0","0","1","0","","67","10","2021","1","39.941545","-75.142376","","6","0","0","0","1","0","0","0","0","","0","0","0","","","1","","2","","39 56:29.563","","2","75 08:32.555","8","0","0","0","67301","0","0","0","N","0","0","0","2","00000","0","","1.0","","1","N","N","N","0","","0","0","2","","0","","","2","1","0","0","0","1","0","2","0","2","","","","N","","","","","","","","","",""
"2021105503","","0","0","0","0","0","0","1","0","0","5","1","","67","9","2021","6","39.998944","-75.166889","","6","0","0","0","0","0","1","0","0","","0","0","0","","","2","N","0","","39 59:56.200","","0","75 10:00.800","8","0","0","0","67301","0","0","0","N","0","0","0","3","00000","0","","1.0","","1","N","N","N","0","","0","0","1","","0","","","2","2","0","0","0","2","0","2","0","2","","","","N","","","","","","","","","",""
"2021095785","1611","1","0","0","0","0","0","0","0","0","4","0","","67","10","2021","6","39.970235","-75.159775","1610","6","0","0","0","0","0","1","0","0","","0","0","0","","","6","","1","","39 58:12.846","1","0","75 09:35.189","8","0","0","0","67301","0","0","0","N","0","0","0","8","67301","0","","1.0","1659.0","1","N","N","N","0","","0","0","0","","2","N","","2","6","0","0","0","6","0","2","1","2","","04","","N","","","","","","","","","",""
"2021111056","2051","1","0","0","0","0","0","0","0","0","4","0","","67","11","2021","4","39.975728","-75.223582","2051","6","0","0","0","0","0","1","0","0","","0","0","0","","","0","","2","","39 58:32.622","3","0","75 13:24.894","0","0","0","0","67301","0","0","0","N","0","0","0","2","67301","0","","1.0","2115.0","1","N","N","N","0","","0","0","1","","0","N","","2","0","0","0","0","0","0","2","0","2","","03","","N","","","","","","","","","",""