"CRN","ARRIVAL_TM","AUTOMOBILE_COUNT","BELTED_DEATH_COUNT","BELTED_SUSP_SERIOUS_INJ_COUNT","BICYCLE_COUNT","BICYCLE_DEATH_COUNT","BICYCLE_SUSP_SERIOUS_INJ_COUNT","BUS_COUNT","CHLDPAS_DEATH_COUNT","CHLDPAS_SUSP_SERIOUS_INJ_COUNT","COLLISION_TYPE","COMM_VEH_COUNT","CONS_ZONE_SPD_LIM","COUNTY","CRASH_MONTH","CRASH_YEAR","DAY_OF_WEEK","DEC_LATITUDE","DEC_LONGITUDE","DISPATCH_TM","DISTRICT","DRIVER_COUNT_16YR","DRIVER_COUNT_17YR","DRIVER_COUNT_18YR","DRIVER_COUNT_19YR","DRIVER_COUNT_20YR","DRIVER_COUNT_50_64YR","DRIVER_COUNT_65_74YR","DRIVER_COUNT_75PLUS","EST_HRS_CLOSED","FATAL_COUNT","HEAVY_TRUCK_COUNT","HORSE_BUGGY_COUNT","HOUR_OF_DAY","ILLUMINATION","INJURY_COUNT","INTERSECTION_RELATED","INTERSECT_TYPE","LANE_CLOSED","LATITUDE","LN_CLOSE_DIR","LOCATION_TYPE","LONGITUDE","MAX_SEVERITY_LEVEL","MCYCLE_DEATH_COUNT","MCYCLE_SUSP_SERIOUS_INJ_COUNT","MOTORCYCLE_COUNT","MUNICIPALITY","NONMOTR_COUNT","NONMOTR_DEATH_COUNT","NONMOTR_SUSP_SERIOUS_INJ_COUNT","NTFY_HIWY_MAINT","PED_COUNT","PED_DEATH_COUNT","PED_SUSP_SERIOUS_INJ_COUNT","PERSON_COUNT","POLICE_AGCY","POSSIBLE_INJ_COUNT","RDWY_SURF_TYPE_CD","RELATION_TO_ROAD","ROADWAY_CLEARED","ROAD_CONDITION","SCH_BUS_IND","SCH_ZONE_IND","SECONDARY_CRASH","SMALL_TRUCK_COUNT","SPEC_JURIS_CD","SUSP_MINOR_INJ_COUNT","SUSP_SERIOUS_INJ_COUNT","SUV_COUNT","TCD_FUNC_CD","TCD_TYPE","TFC_DETOUR_IND","TIME_OF_DAY","TOTAL_UNITS","TOT_INJ_COUNT","UNBELTED_OCC_COUNT","UNB_DEATH_COUNT","UNB_SUSP_SERIOUS_INJ_COUNT","UNK_INJ_DEG_COUNT","UNK_INJ_PER_COUNT","URBAN_RURAL","VAN_COUNT","VEHICLE_COUNT","WEATHER1","WEATHER2","WORKERS_PRES","WORK_ZONE_IND","WORK_ZONE_LOC","WORK_ZONE_TYPE","WZ_CLOSE_DETOUR","WZ_FLAGGER","WZ_LAW_OFFCR_IND","WZ_LN_CLOSURE","WZ_MOVING","WZ_OTHER","WZ_SHLDER_MDN","WZ_WORKERS_INJ_KILLED"
"2021096662","2340","1","0","0","0","0","0","0","0","0","7","0","","67","10","2021","1","39.969406","-75.202289","2331","6","0","0","0","0","0","0","0","0","","0","0","0","","","1","N","0","","39 58:09.860","","0","75 12:08.240","3","0","0","0","67301","0","0","0","N","0","0","0","1","67301","0","","6.0","","1","N","N","N","0","","1","0","0","","0","","","1","1","0","0","0","0","0","2","0","1","","03","","N","","","","","","","","","",""
"2021110396","1637","2","0","0","0","0","0","0","0","0","4","0","","67","11","2021","6","40.061286","-75.172063","1637","6","0","0","0","0","1","0","0","0","","0","0","0","","","1","","1","","40 03:40.629","","0","75 10:19.427","3","0","0","0","67301","0","0","0","N","0","0","0","3","67301","0","","1.0","","1","N","N","N","0","","1","0","1","","3","","","3","1","2","0","0","0","0","2","0","3","","03","","N","","","","","","","","","",""
"2021092676","2110","3","0","0","0","0","0","0","0","0","1","0","","67","9","2021","2","40.020212","-75.152537","2100","6","0","0","0","0","0","0","0","0","","0","0","0","","","1","N","0","","40 01:12.763","","0","75 09:09.133","3","0","0","0","67301","0","0","0","N","0","0","0","3","67301","0","","1.0","","1","N","N","N","0","","1","0","0","","0","","","3","1","3","0","0","0","0","2","0","3","","03","","N","","","","","","","","","",""
"2021090959","0843","1","0","0","0","0","0","0","0","0","4","0","","67","9","2021","2","39.962167","-75.191273","0840","6","0","0","0","0","1","0","0","0","","0","0","0","","","0","","1","","39 57:43.801","","0","75 11:28.582","0","0","0","0","67301","0","0","0","N","0","0","0","2","67507","0","","1.0","","1","N","N","N","0","","0","0","1","","2","","","2","0","0","0","0","0","0","2","0","2","","","","N","","","","","","","","","",""
"2021091081","1906","1","0","0","0","0","0","0","0","0","4","0","","67","9","2021","7","40.006786","-75.209092","1900","6","0","0","0","0","0","0","0","0","","0","0","0","","","1","N","0","","40 00:24.430","","0","75 12:32.730","3","0","0","0","67301","0","0","0","N","0","0","0","2","67301","0","","1.0","","1","N","N","N","0","","1","0","1","","0","","","2","1","1","0","0","0","0","2","0","2","","03","","N","","","","","","","","","",""
"2021112901","1109","0","0","0","0","0","0","0","0","0","4","0","","67","11","2021","3","39.988657","-75.187059","1107","6","0","0","0","0","0","2","0","0","","0","0","0","","","1","","1","","39 59:19.164","","0","75 11:13.413","3","0","0","0","67301","0","0","0","N","0","0","0","2","67301","0","","1.0","","1","N","N","N","2","","1","0","0","","2","","","2","1","2","0","0","0","0","2","0","2","","03","","N","","","","","","","","","",""
"2021105695","","2","0","0","0","0","0","0","0","0","1","0","","67","9","2021","2","40.008518","-75.07215","","6","0","0","0","0","0","0","0","0","","0","0","0","","","3","Y","0","","40 00:30.666","","0","75 04:19.741","8","0","0","0","67301","0","0","0","N","0","0","0","4","00000","0","","1.0","","1","N","N","N","0","","0","0","0","","2","","","2","3","0","0","0","3","0","2","0","2","","","","N","","","","","","","","","",""
"2021123460","0936","1","0","0","0","0","0","0","0","0","5","1","","67","11","2021","1","39.986842","-75.108208","0935","6","0","0","0","0","0","0","0","0","","0","1","0","","","0","N","0","","39 59:12.630","","0","75 06:29.550","9","0","0","0","67301","0","0","0","N","0","0","0","1","67301","0","","6.0","","1","N","N","N","0","","0","0","0","","0","","","2","0","0","0","0","0","1","2","0","2","","","","N","","","","","","","","","",""
"2021116361","0330","0","0","0","0","0","0","0","0","0","8","0","","67","11","2021","4","40.023824","-75.123859","0300","6","0","0","0","0","0","0","0","0","","0","0","0","","","1","","5","","40 01:25.766","","0","75 07:25.892","2","0","0","0","67301","1","0","1","N","1","0","1","2","67301","0","","4.0","","99","N","N","N","0","","0","1","0","","2","","","2","1","0","0","0","0","0","2","0","1","","","","N","","","","","","","","","",""
"2021113456","0822","1","0","0","0","0","0","0","0","0","4","0","","67","11","2021","2","40.059549","-75.080487","0820","6","0","0","0","0","0","1","0","0","","0","0","0","","","2","","1","","40 03:34.377","4","0","75 04:49.754","3","0","0","0","67301","0","0","0","N","0","0","0","3","67301","0","","1.0","30.0","9","N","N","Y","0","","2","0","1","","2","N","","3","2","0","0","0","0","1","2","1","3","","07","","N","","","","","","","","","",""
"2021097155","0444","2","0","0","0","0","0","0","0","0","5","0","","67","10","2021","1","40.028597","-75.097864","0433","6","0","0","0","0","0","0","0","0","","0","0","0","","","1","N","0","","40 01:42.950","","0","75 05:52.310","3","0","0","0","67301","0","0","0","N","0","0","0","1","67301","0","","6.0","","1","N","N","N","1","","1","0","0","","0","","","3","1","1","0","0","0","0","2","0","3","","","","N","","","","","","","","","",""
"2021097159","2308","2","0","0","1","0","1","0","0","0","8","0","","67","10","2021","2","39.919372","-75.160537","2307","6","0","0","0","0","0","0","0","0","","0","0","0","","","1","","1","","39 55:09.739","","0","75 09:37.933","2","0","0","0","67301","1","0","1","N","0","0","0","2","67301","0","","1.0","","1","N","N","N","0","","0","1","0","","3","","","3","1","0","0","0","0","0","2","0","2","","03","","N","","","","","","","","","",""
"2021101036","0037","2","0","0","0","0","0","0","0","0","5","0","","67","10","2021","7","40.020414","-75.115147","0037","6","0","0","0","0","0","0","0","0","","0","0","0","","","0","N","0","","40 01:13.490","","0","75 06:54.530","0","0","0","0","67301","0","0","0","N","0","0","0","1","67301","0","","6.0","","9","N","N","N","1","","0","0","0","","0","","","3","0","0","0","0","0","0","2","0","3","","","","N","","","","","","","","","",""
"2021097078","2110","2","0","0","0","0","0","0","0","0","1","0","","67","10","2021","7","40.035761","-75.123861","2110","6","0","0","0","1","0","0","0","0","","0","0","0","","","0","N","0","","40 02:08.740","","0","75 07:25.900","9","0","0","0","67301","0","0","0","N","0","0","0","3","67301","0","","1.0","","1","N","N","N","0","","0","0","1","","0","","","3","0","0","0","0","0","1","2","0","3","","03","","N","","","","","","","","","",""
"2021090426","1105","2","0","0","0","0","0","0","0","0","4","0","","67","9","2021","3","40.039237","-75.066819","1055","6","0","1","0","0","0","0","0","1","","0","0","0","","","2","","1","","40 02:21.254","","0","75 04:00.550","3","0","0","0","67301","0","0","0","N","0","0","0","3","67301","0","","1.0","","1","N","N","N","0","","2","0","0","","2","","","2","2","0","0","0","0","0","2","0","2","","03","","N","","","","","","","","","",""
"2021090970","1310","0","0","0","0","0","0","0","0","0","8","0","","67","9","2021","7","40.027061","-75.041079","1306","6","0","0","0","0","0","0","0","0","","0","0","0","","","1","","1","","40 01:37.419","","0","75 02:27.883","2","0","0","0","67301","1","0","1","N","1","0","1","2","67301","0","","1.0","","1","N","N","N","0","","0","1","1","","2","","","2","1","0","0","0","0","0","2","0","1","","03","","N","","","","","","","","","",""
"2021099264","0139","1","0","0","0","0","0","0","0","0","7","0","","67","10","2021","6","39.89404","-75.17633","0139","6","0","0","0","0","0","0","0","0","","0","0","0","","","0","N","0","","39 53:38.544","2","2","75 10:34.788","0","0","0","0","67301","0","0","0","N","0","0","0","1","67501","0","","4.0","220.0","1","N","N","N","0","","0","0","0","","0","Y","","1","0","0","0","0","0","0","2","0","1","","","","N","","","","","","","","","",""
"2021101463","1425","0","0","0","1","0","0","0","0","0","8","0","","67","10","2021","7","39.965097","-75.205466","1425","6","0","0","0","0","0","0","0","0","","0","0","0","","","1","","1","","39 57:54.349","","0","75 12:19.677","3","0","0","0","67301","1","0","0","N","0","0","0","2","67301","0","","1.0","","1","N","N","N","0","","1","0","0","","2","","","2","1","0","0","0","0","0","2","1","1","","03","","N","","","","","","","","","",""
"2021090883","1126","1","0","0","0","0","0","0","0","0","4","0","","67","9","2021","7","40.026728","-75.182939","1123","6","0","0","0","0","0","0","0","1","","0","0","0","","","0","N","0","","40 01:36.219","1","7","75 10:58.581","0","0","0","0","67301","0","0","0","N","0","0","0","2","67301","0","","1.0","1130.0","1","N","N","N","1","","0","0","0","","0","N","","2","0","0","0","0","0","0","2","0","2","","","","N","","","","","","","","","",""
"2021117493","","1","0","0","0","0","0","0","0","0","7","0","","67","10","2021","5","39.927499","-75.184143","","6","0","0","0","0","0","0","1","0","","0","0","0","","","0","","1","","39 55:38.997","","0","75 11:02.913","0","0","0","0","67301","0","0","0","N","0","0","0","1","00000","0","","4.0","","1","N","N","N","0","","0","0","0","","0","","","1","0","0","0","0","0","0","2","0","1","","","","N","","","","","","","","","",""
"2021090821","0959","1","0","0","0","0","0","0","0","0","1","0","","67","9","2021","5","39.960981","-75.149906","0957","6","0","0","0","0","0","1","0","0","","0","0","0","","","1","Y","0","","39 57:39.530","","0","75 08:59.660","3","0","0","0","67301","0","0","0","N","0","0","0","2","67301","0","","1.0","","1","N","N","N","0","","1","0","1","","2","","","2","1","0","0","0","0","0","2","0","2","","04","","N","","","","","","","","","",""
"2021096392","1755","1","0","0","1","0","0","0","0","0","8","0","","67","10","2021","6","40.072262","-75.076499","1746","6","0","0","0","0","0","1","0","0","","0","0","0","","","1","","2","","40 04:20.144","","0","75 04:35.397","3","0","0","0","67301","1","0","0","N","0","0","0","2","67301","0","","1.0","","1","N","N","N","0","","1","0","0","","0","","","2","1","0","0","0","0","0","2","0","1","","03","","N","","","","","","","","","",""
"2021093031","0930","1","0","0","0","0","0","0","0","0","4","0","","67","9","2021","2","39.9435","-75.235244","0930","6","0","0","0","0","0","1","1","0","","0","0","0","","","1","","1","","39 56:36.600","","0","75 14:06.878","4","0","0","0","67301","0","0","0","N","0","0","0","2","67301","1","","1.0","","1","N","N","N","0","","0","0","1","","3","","","2","1","0","0","0","0","0","2","0","2","","03","","N","","","","","","","","","",""
"2021096366","2015","1","0","0","0","0","0","0","0","0","4","0","","67","10","2021","7","40.057273","-75.174769","2003","6","0","0","1","0","0","0","0","0","","0","0","0","","","1","","2","","40 03:26.182","","0","75 10:29.170","3","0","0","0","67301","0","0","0","N","0","0","0","2","67301","0","","1.0","","1","N","N","N","0","","1","0","1","","3","","","2","1","0","0","0","0","1","2","0","2","","03","","N","","","","","","","","","",""
"2021089745","0000","3","0","0","0","0","0","0","0","0","4","0","","67","9","2021","1","40.044551","-75.069439","0000","6","0","0","0","0","0","1","0","0","","0","0","0","","","1","","1","","40 02:40.383","7","0","75 04:09.980","8","0","0","0","67301","0","0","0","N","0","0","0","2","67301","0","","1.0","100.0","1","N","N","N","1","","0","0","0","","3","N","","5","1","0","0","0","1","0","2","1","5","","03","","N","","","","","","","","","",""
"2021095768","1910","1","0","0","0","0","0","0","0","0","8","0","","67","10","2021","6","39.996374","-75.173412","1910","6","0","0","0","0","0","1","0","0","","0","0","0","","","1","N","0","","39 59:46.947","6","0","75 10:24.284","2","0","0","0","67301","1","0","1","N","1","0","1","3","67301","0","","1.0","1935.0","1","N","N","N","0","","0","1","0","","0","Y","","2","1","0","0","0","0","0","2","0","1","","03","","N","","","","","","","","","",""
"2021106891","1445","2","0","0","0","0","0","0","0","0","5","0","","67","9","2021","5","40.041826","-75.004262","1445","6","0","0","0","0","0","0","0","0","","0","0","0","","","1","N","0","","40 02:30.573","","0","75 00:15.343","4","0","0","0","67301","0","0","0","N","0","0","0","4","68K01","1","","1.0","","9","N","N","N","0","","0","0","0","","0","","","3","1","0","0","0","0","1","2","0","3","","","","N","","","","","","","","","",""
"2021101025","2350","3","0","0","0","0","0","0","0","0","2","0","","67","9","2021","1","40.016149","-75.149739","2350","6","0","0","0","0","0","0","0","0","","0","0","0","","","0","","2","","40 00:58.135","","0","75 08:59.060","0","0","0","0","67301","0","0","0","N","0","0","0","1","67301","0","","1.0","","1","N","N","N","0","","0","0","1","","0","","","4","0","0","0","0","0","0","2","0","4","","","","N","","","","","","","","","",""
"2021102272","1030","1","0","0","0","0","0","0","0","0","1","0","","67","10","2021","3","40.028778","-75.113278","1024","6","0","0","0","0","0","0","0","0","","0","0","0","","","1","N","0","","40 01:43.600","","0","75 06:47.800","4","0","0","0","67301","0","0","0","N","0","0","0","1","67301","1","","1.0","","99","N","N","N","0","","0","0","2","","0","","","3","1","0","0","0","0","0","2","0","3","","04","","N","","","","","","","","","",""
"2021090594","1640","0","0","0","0","0","0","0","0","0","8","0","","67","9","2021","6","39.975453","-75.230158","1635","6","0","0","0","0","0","0","1","0","","0","0","0","","","1","N","0","","39 58:31.630","","0","75 13:48.570","4","0","0","0","67301","1","0","0","N","1","0","0","2","67301","1","","1.0","","1","N","N","N","0","","0","0","0","","0","","","2","1","0","0","0","0","0","2","1","1","","03","","N","","","","","","","","","",""
"2021089582","1200","1","0","0","0","0","0","0","0","0","1","0","","67","9","2021","3","39.987025","-75.1086","1159","6","0","0","0","0","0","0","0","0","","0","0","0","","","0","N","0","","39 59:13.290","","0","75 06:30.960","9","0","0","0","67301","0","0","0","N","0","0","0","1","67301","0","","6.0","","1","N","N","N","0","","0","0","1","","0","","","2","0","1","0","0","0","1","2","0","2","","03","","N","","","","","","","","","",""
"2021097918","1827","0","0","0","0","0","0","0","0","0","8","0","","67","10","2021","4","39.968238","-75.160226","1827","6","0","0","0","0","0","1","0","0","","0","0","0","","","1","","2","","39 58:05.658","","0","75 09:36.812","3","0","0","0","67301","1","0","0","N","1","0","0","2","67301","0","","1.0","","1","N","N","N","0","","1","0","1","","0","","","2","1","1","0","0","0","0","2","0","1","","03","","N","","","","","","","","","",""
"2021089596","0859","1","0","0","0","0","0","0","0","0","5","0","","67","9","2021","3","40.006216","-75.090263","0824","6","0","0","0","0","0","1","0","0","","0","0","0","","","0","N","0","","40 00:22.378","","0","75 05:24.947","9","0","0","0","67301","0","0","0","N","0","0","0","2","67301","0","","6.0","","1","N","N","N","1","","0","0","1","","0","","","3","0","0","0","0","0","1","2","0","3","","","","N","","","","","","","","","",""
"2021096937","1720","1","0","0","0","0","0","0","0","0","1","0","","67","10","2021","3","40.00768","-75.15158","1715","6","0","0","0","0","0","0","0","0","","0","0","0","","","1","","1","","40 00:27.648","","0","75 09:05.687","4","0","0","0","67301","0","0","0","N","0","0","0","5","67505","1","","1.0","","1","N","N","N","1","","0","0","0","","2","","","2","1","3","0","0","0","0","2","0","2","","04","","N","","","","","","","","","",""
"2021092886","0917","1","0","0","0","0","0","0","0","0","5","0","","67","9","2021","1","39.960957","-75.140603","0917","6","0","0","0","0","0","1","0","0","","0","0","0","","","1","N","0","","39 57:39.444","2","2","75 08:26.170","3","0","0","0","67301","0","0","0","N","0","0","0","2","68K01","0","","1.0","922.0","1","N","N","N","0","","1","0","1","","0","N","","2","1","0","0","0","0","0","2","0","2","","03","","N","","","","","","","","","",""
"2021117413","","1","0","0","0","0","0","0","0","0","1","0","","67","9","2021","5","40.074334","-75.034609","","6","0","0","0","0","0","1","0","0","","0","0","0","","","1","Y","0","","40 04:27.601","","0","75 02:04.592","8","0","0","0","67301","0","0","0","N","0","0","0","2","00000","0","","1.0","","1","N","N","N","0","","0","0","1","","2","","","2","1","0","0","0","1","0","2","0","2","","","","N","","","","","","","","","",""
"2021121725","0258","1","0","0","0","0","0","0","0","0","7","0","","67","10","2021","6","39.979075","-75.108328","0256","6","0","0","0","0","1","0","0","0","","0","0","0","","","0","N","0","","39 58:44.670","1","0","75 06:29.980","0","0","0","0","67301","0","0","0","N","0","0","0","1","68K01","0","","2.0","430.0","1","N","N","Y","0","","0","0","0","","0","N","","1","0","0","0","0","0","0","2","0","1","","03","","N","","","","","","","","","",""
"2021101416","0416","2","0","0","0","0","0","0","0","0","5","0","","67","10","2021","1","39.94596","-75.18976","0405","6","0","0","0","0","1","0","0","1","","0","0","0","","","2","N","0","","39 56:45.455","","0","75 11:23.135","4","0","0","0","67301","0","0","0","N","0","0","0","2","68K01","2","","1.0","","9","N","N","N","0","","0","0","0","","0","","","2","2","0","0","0","0","0","2","0","2","","03","","N","","","","","","","","","",""
"2021099329","0530","1","0","0","0","0","0","0","0","0","5","0","","67","10","2021","4","39.978108","-75.128153","0526","6","0","0","0","0","0","0","0","0","","0","0","0","","","0","N","0","","39 58:41.190","3","0","75 07:41.350","0","0","0","0","67301","0","0","0","N","0","0","0","2","67301","0","","6.0","644.0","1","N","N","N","0","","0","0","1","","0","N","","2","0","0","0","0","0","0","2","0","2","","03","","N","","","","","","","","","",""
"2021128282","1800","2","0","0","0","0","0","0","0","0","4","0","","67","12","2021","2","40.017982","-75.096988","1758","6","0","0","0","0","0","0","1","0","","0","0","0","","","1","","12","","40 01:04.736","","0","75 05:49.156","3","0","0","0","67301","0","0","0","N","0","0","0","3","67301","0","","1.0","","9","N","N","N","0","","1","0","0","","4","","","2","1","0","0","0","0","0","2","0","2","","","","N","","","","","","","","","",""
"2021096138","1740","1","0","0","0","0","0","0","0","0","4","0","","67","9","2021","3","39.957292","-75.247874","1736","6","0","0","0","0","0","0","0","0","","0","0","0","","","1","","1","","39 57:26.251","","0","75 14:52.347","3","0","0","0","67301","0","0","0","N","0","0","0","2","67301","0","","1.0","","1","N","N","N","0","","1","0","1","","2","","","2","1","2","0","0","0","0","2","0","2","","","","N","","","","","","","","","",""
"2021092925","1019","2","0","0","0","0","0","0","0","0","4","0","","67","9","2021","1","39.971605","-75.242819","1018","6","0","0","0","0","0","0","0","0","","0","0","0","","","0","","1","","39 58:17.779","","0","75 14:34.148","0","0","0","0","67301","0","0","0","N","0","0","0","2","67301","0","","1.0","","1","N","N","N","0","","0","0","0","","2","","","2","0","0","0","0","0","0","2","0","2","","03","","N","","","","","","","","","",""
"2021096862","1655","2","0","0","0","0","0","0","0","0","4","0","","67","10","2021","1","40.042809","-75.06315","1650","6","0","0","0","0","0","0","0","0","","0","0","0","","","2","","1","","40 02:34.113","","0","75 03:47.339","3","0","0","0","67301","0","0","0","N","0","0","0","3","67301","0","","1.0","","9","N","N","N","0","","2","0","1","","2","","","3","2","0","0","0","0","0","2","0","3","","07","","N","","","","","","","","","",""
"2021096759","0750","1","0","0","0","0","0","0","0","0","4","0","","67","10","2021","3","40.011039","-75.152536","0745","6","0","0","0","0","0","1","0","0","","0","0","0","","","1","","1","","40 00:39.740","7","0","75 09:09.129","3","0","0","0","67301","0","0","0","N","0","0","0","2","67301","0","","1.0","800.0","1","N","N","N","0","","1","0","1","","3","N","","2","1","0","0","0","0","0","2","0","2","","03","","N","","","","","","","","","",""
"2021097079","2113","2","0","0","0","0","0","0","0","0","4","0","","67","10","2021","2","40.036567","-75.137213","2113","6","0","0","0","0","0","1","0","0","","0","0","0","","","1","","1","","40 02:11.641","","0","75 08:13.966","8","0","0","0","67301","0","0","0","N","0","0","0","2","67301","0","","1.0","","1","N","N","Y","0","","0","0","0","","3","","","2","1","0","0","0","1","0","2","0","2","","","","N","","","","","","","","","",""
"2021097928","2114","1","0","0","0","0","0","0","0","0","5","0","","67","10","2021","3","39.952847","-75.240647","2109","6","0","0","0","0","0","1","0","0","","0","0","0","","","0","N","0","","39 57:10.250","","0","75 14:26.330","9","0","0","0","67301","0","0","0","N","0","0","0","1","67301","0","","6.0","","1","N","N","N","0","","0","0","3","","0","","","4","0","0","0","0","0","1","2","0","4","","","","N","","","","","","","","","",""
"2021098805","1802","2","0","0","0","0","0","0","0","0","4","0","","67","10","2021","1","40.005564","-75.104031","1802","6","0","0","0","0","0","0","0","0","","0","0","0","","","1","N","0","","40 00:20.031","","7","75 06:14.510","8","0","0","0","67301","0","0","0","N","0","0","0","2","67301","0","","1.0","","99","N","N","N","0","","0","0","0","","0","","","2","1","0","0","0","1","1","2","0","2","","","","N","","","","","","","","","",""
"2021097318","1344","1","0","0","0","0","0","0","0","0","8","0","","67","10","2021","4","39.954079","-75.189725","1339","6","0","0","0","0","0","0","0","0","","0","0","0","","","1","","1","","39 57:14.683","","0","75 11:23.010","3","0","0","0","67301","1","0","0","N","1","0","0","2","67507","0","","1.0","","1","N","N","N","0","","1","0","0","","0","","","2","1","0","0","0","0","0","2","0","1","","03","","N","","","","","","","","","",""
"2021093030","1851","0","0","0","0","0","0","0","0","0","1","0","","67","9","2021","1","39.943837","-75.237835","1849","6","0","0","0","0","0","0","0","0","","0","0","0","","","6","","1","","39 56:37.812","","0","75 14:16.207","3","0","0","0","67301","0","0","0","N","0","0","0","7","67301","0","","1.0","","1","N","N","N","0","","6","0","3","","2","","","3","6","0","0","0","0","0","2","0","3","","03","","N","","","","","","","","","",""
"2021117409","","1","0","0","0","0","0","0","0","0","4","0","","67","9","2021","2","39.998509","-75.129281","","6","0","0","0","0","0","0","0","0","","0","0","0","","","2","","1","","39 59:54.633","","0","75 07:45.412","8","0","0","0","67301","0","0","0","N","0","0","0","3","00000","0","","1.0","","1","N","N","N","1","","0","0","0","","2","","","2","2","0","0","0","2","0","2","0","2","","","","N","","","","","","","","","",""
"2021100373","1637","2","0","0","0","0","0","0","0","0","1","0","","67","10","2021","7","39.986711","-75.208018","1637","6","0","0","0","0","0","0","1","0","","0","0","0","","","2","N","0","","39 59:12.159","3","0","75 12:28.866","3","0","0","0","67301","0","0","0","N","0","0","0","5","68K01","0","","1.0","1640.0","9","N","N","N","1","","2","0","0","","0","N","","3","2","0","0","0","0","0","2","0","3","","","","N","","","","","","","","","",""
"2021091730","0149","1","0","0","0","0","0","0","0","0","4","0","","67","9","2021","1","40.049578","-75.095619","0146","6","0","0","0","0","0","0","0","0","","0","0","0","","","0","","1","","40 02:58.479","2","0","75 05:44.227","0","0","0","0","67301","0","0","0","N","0","0","0","2","67301","0","","1.0","300.0","1","N","N","N","0","","0","0","3","","2","N","","4","0","0","0","0","0","0","2","0","4","","","","N","","","","","","","","","",""
"2021098720","0925","1","0","0","0","0","0","0","0","0","8","0","","67","10","2021","4","39.970509","-75.181234","0905","6","0","0","0","0","0","0","0","0","","0","0","0","","","1","","1","","39 58:13.832","","0","75 10:52.444","3","0","0","0","67301","1","0","0","N","1","0","0","2","67301","0","","1.0","","1","N","N","N","0","","1","0","0","","3","","","2","1","0","0","0","0","0","2","0","1","","03","","N","","","","","","","","","",""
"2021090756","1033","0","0","0","0","0","0","0","0","0","5","0","","67","9","2021","7","40.034506","-75.051436","1025","6","0","0","0","0","0","0","0","0","","0","0","0","","","1","N","0","","40 02:04.220","3","0","75 03:05.170","8","0","0","0","67301","0","0","0","N","0","0","0","2","67301","0","","1.0","1108.0","1","N","N","N","1","","0","0","1","","0","N","","2","1","0","0","0","1","0","2","0","2","","03","","N","","","","","","","","","",""
"2021115409","1603","3","0","0","0","0","0","0","0","0","1","0","","67","10","2021","6","40.005689","-75.075002","1547","6","0","0","0","0","0","0","0","0","","0","0","0","","","0","N","0","","40 00:20.482","1","0","75 04:30.007","0","0","0","0","67301","0","0","0","N","0","0","0","4","68K01","0","","1.0","1625.0","1","N","N","N","0","","0","0","1","","0","N","","4","0","0","0","0","0","0","2","0","4","","","","N","","","","","","","","","",""
"2021089175","0037","1","0","0","0","0","0","0","0","0","7","0","","67","9","2021","3","40.029081","-75.146916","0037","6","0","0","0","0","0","0","0","0","","0","0","0","","","1","","1","","40 01:44.692","2","0","75 08:48.898","3","0","0","0","67301","0","0","0","N","0","0","0","3","67301","0","","3.0","155.0","1","N","N","N","0","","1","0","0","","2","N","","1","1","0","0","0","0","0","2","0","1","","03","","N","","","","","","","","","",""
"2021099913","1910","1","0","0","0","0","0","0","0","0","5","0","","67","9","2021","5","40.04536","-75.000625","1851","6","0","0","0","0","0","1","0","0","","0","0","0","","","1","N","0","","40 02:43.297","","2","75 00:02.250","8","0","0","1","67301","0","0","0","N","0","0","0","2","68K01","0","","1.0","","9","N","N","N","0","","0","0","0","","0","","","2","1","0","0","0","1","0","2","0","2","","07","","N","","","","","","","","","",""
"2021117582","","2","0","0","0","0","0","0","0","0","5","0","","67","10","2021","1","39.999749","-75.195071","","6","0","0","0","0","0","0","0","0","","0","0","0","","","1","N","0","","39 59:59.097","","0","75 11:42.254","8","0","0","0","67301","0","0","0","N","0","0","0","2","00000","0","","1.0","","1","N","N","N","0","","0","0","0","","0","","","2","1","0","0","0","1","0","2","0","2","","","","N","","","","","","","","","",""
"2021093609","1920","0","0","0","0","0","0","0","0","0","4","0","","67","9","2021","2","39.992957","-75.110258","1920","6","0","0","0","0","0","1","0","0","","0","0","0","","","2","","1","","39 59:34.645","","0","75 06:36.928","4","0","0","0","67301","0","0","0","N","0","0","0","4","67301","2","","1.0","","1","N","N","N","1","","0","0","2","","2","","","3","2","4","0","0","0","2","2","0","3","","","","N","","","","","","","","","",""
"2021088527","0944","0","0","0","0","0","0","0","0","0","4","0","","67","9","2021","2","39.988969","-75.16438","0940","6","0","0","0","0","0","0","0","0","","0","0","0","","","1","","2","","39 59:20.287","","0","75 09:51.768","2","0","0","0","67301","0","0","0","N","0","0","0","2","67301","0","","1.0","","1","N","N","N","1","","0","1","1","","3","","","3","1","0","0","0","0","0","2","0","3","","03","","N","","","","","","","","","",""
"2021093015","0813","1","0","0","1","0","0","0","0","0","8","0","","67","9","2021","6","39.956946","-75.169364","0812","6","0","0","0","0","0","0","0","0","","0","0","0","","","1","","5","","39 57:25.004","","0","75 10:09.709","8","0","0","0","67301","1","0","0","N","0","0","0","2","67301","0","","1.0","","1","N","N","N","0","","0","0","0","","2","","","2","1","0","0","0","1","0","2","0","1","","03","","N","","","","","","","","","",""