"CRN","ARRIVAL_TM","AUTOMOBILE_COUNT","BELTED_DEATH_COUNT","BELTED_SUSP_SERIOUS_INJ_COUNT","BICYCLE_COUNT","BICYCLE_DEATH_COUNT","BICYCLE_SUSP_SERIOUS_INJ_COUNT","BUS_COUNT","CHLDPAS_DEATH_COUNT","CHLDPAS_SUSP_SERIOUS_INJ_COUNT","COLLISION_TYPE","COMM_VEH_COUNT","CONS_ZONE_SPD_LIM","COUNTY","CRASH_MONTH","CRASH_YEAR","DAY_OF_WEEK","DEC_LATITUDE","DEC_LONGITUDE","DISPATCH_TM","DISTRICT","DRIVER_COUNT_16YR","DRIVER_COUNT_17YR","DRIVER_COUNT_18YR","DRIVER_COUNT_19YR","DRIVER_COUNT_20YR","DRIVER_COUNT_50_64YR","DRIVER_COUNT_65_74YR","DRIVER_COUNT_75PLUS","EST_HRS_CLOSED","FATAL_COUNT","HEAVY_TRUCK_COUNT","HORSE_BUGGY_COUNT","HOUR_OF_DAY","ILLUMINATION","INJURY_COUNT","INTERSECTION_RELATED","INTERSECT_TYPE","LANE_CLOSED","LATITUDE","LN_CLOSE_DIR","LOCATION_TYPE","LONGITUDE","MAX_SEVERITY_LEVEL","MCYCLE_DEATH_COUNT","MCYCLE_SUSP_SERIOUS_INJ_COUNT","MOTORCYCLE_COUNT","MUNICIPALITY","NONMOTR_COUNT","NONMOTR_DEATH_COUNT","NONMOTR_SUSP_SERIOUS_INJ_COUNT","NTFY_HIWY_MAINT","PED_COUNT","PED_DEATH_COUNT","PED_SUSP_SERIOUS_INJ_COUNT","PERSON_COUNT","POLICE_AGCY","POSSIBLE_INJ_COUNT","RDWY_SURF_TYPE_CD","RELATION_TO_ROAD","ROADWAY_CLEARED","ROAD_CONDITION","SCH_BUS_IND","SCH_ZONE_IND","SECONDARY_CRASH","SMALL_TRUCK_COUNT","SPEC_JURIS_CD","SUSP_MINOR_INJ_COUNT","SUSP_SERIOUS_INJ_COUNT","SUV_COUNT","TCD_FUNC_CD","TCD_TYPE","TFC_DETOUR_IND","TIME_OF_DAY","TOTAL_UNITS","TOT_INJ_COUNT","UNBELTED_OCC_COUNT","UNB_DEATH_COUNT","UNB_SUSP_SERIOUS_INJ_COUNT","UNK_INJ_DEG_COUNT","UNK_INJ_PER_COUNT","URBAN_RURAL","VAN_COUNT","VEHICLE_COUNT","WEATHER1","WEATHER2","WORKERS_PRES","WORK_ZONE_IND","WORK_ZONE_LOC","WORK_ZONE_TYPE","WZ_CLOSE_DETOUR","WZ_FLAGGER","WZ_LAW_OFFCR_IND","WZ_LN_CLOSURE","WZ_MOVING","WZ_OTHER","WZ_SHLDER_MDN","WZ_WORKERS_INJ_KILLED"
"2021092346","1655","0","0","0","0","0","0","0","0","0","8","0","","67","9","2021","7","39.956267","-75.239519","1650","6","0","0","0","0","0","1","0","0","","0","0","0","","","2","N","0","","39 57:22.560","","0","75 14:22.270","3","0","0","0","67301","2","0","0","N","2","0","0","3","67301","0","","1.0","","1","N","N","N","0","","2","0","1","","0","","","3","2","0","0","0","0","0","2","0","1","","03","","N","","","","","","","","","",""
"2021089947","1840","1","0","0","0","0","0","0","0","0","4","0","","67","9","2021","5","40.072396","-75.157881","1829","6","0","1","0","0","0","0","0","0","","0","0","0","","","1","","1","","40 04:20.625","","0","75 09:28.371","8","0","0","0","67301","0","0","0","N","0","0","0","2","67301","0","","1.0","","9","N","N","N","1","","0","0","3","","2","","","5","1","0","0","0","1","0","2","0","5","","04","","N","","","","","","","","","",""
"2021088612","0018","0","0","0","0","0","0","0","0","0","5","0","","67","9","2021","1","40.007833","-75.154858","0015","6","0","0","0","0","0","0","0","0","","0","0","0","","","0","N","0","","40 00:28.200","1","0","75 09:17.490","0","0","0","0","67301","0","0","0","N","0","0","0","1","67301","0","","6.0","120.0","1","N","N","N","1","","0","0","3","","0","N","","5","0","0","0","0","0","0","2","1","5","","","","N","","","","","","","","","",""
"2021100697","1519","0","0","0","0","0","0","0","0","0","4","0","","67","10","2021","7","39.945302","-75.229585","1519","6","0","1","0","0","0","0","0","0","","0","0","0","","","1","","1","","39 56:43.086","4","0","75 13:46.506","3","0","0","0","67301","0","0","0","N","0","0","0","2","67301","0","","1.0","1700.0","1","N","N","N","0","","1","0","1","","2","N","","2","1","1","0","0","0","0","2","1","2","","03","","N","","","","","","","","","",""
"2021090911","0150","0","0","0","0","0","0","0","0","0","7","0","","67","9","2021","1","40.007997","-75.081578","0140","6","0","0","0","0","0","0","0","0","","0","0","0","","","0","N","0","","40 00:28.790","","0","75 04:53.680","0","0","0","0","67301","0","0","0","N","0","0","0","1","67301","0","","4.0","","1","N","N","N","1","","0","0","0","","0","","","1","0","1","0","0","0","0","2","0","1","","03","","N","","","","","","","","","",""
"2021098599","1110","0","0","0","0","0","0","0","0","0","1","0","","67","10","2021","3","39.943652","-75.165445","1105","6","0","0","0","0","0","1","0","0","","0","0","0","","","2","","1","","39 56:37.148","","0","75 09:55.602","4","0","0","0","67301","0","0","0","N","0","0","0","3","67301","2","","1.0","","1","N","N","N","1","","0","0","1","","2","","","2","2","0","0","0","0","0","2","0","2","","04","","N","","","","","","","","","",""
"2021098311","1615","0","0","0","0","0","0","0","0","0","5","0","","67","10","2021","6","39.966033","-75.210997","1609","6","0","0","0","0","0","0","0","0","","0","0","0","","","1","N","0","","39 57:57.720","","0","75 12:39.590","8","0","0","0","67301","0","0","0","N","0","0","0","1","67301","0","","6.0","","1","N","N","N","0","","0","0","2","","0","","","2","1","0","0","0","1","0","2","0","2","","03","","N","","","","","","","","","",""
"2021092685","1619","2","0","0","0","0","0","0","0","0","5","0","","67","9","2021","2","39.949644","-75.235236","1617","6","1","0","0","0","0","0","0","0","","0","0","0","","","0","N","0","","39 56:58.720","","0","75 14:06.850","9","0","0","0","67301","0","0","0","N","0","0","0","1","67301","0","","6.0","","1","N","N","N","1","","0","0","0","","0","","","3","0","0","0","0","0","1","2","0","3","","03","","N","","","","","","","","","",""
"2021089644","2230","1","0","0","0","0","0","0","0","0","4","0","","67","9","2021","4","39.99554","-75.154264","2230","6","0","0","0","0","0","0","0","0","","0","0","0","","","0","","1","","39 59:43.943","2","0","75 09:15.350","9","0","0","0","67301","0","0","0","N","0","0","0","2","67301","0","","1.0","2300.0","1","N","N","N","0","","0","0","1","","2","N","","2","0","0","0","0","0","1","2","0","2","","","","N","","","","","","","","","",""
"2021091993","0755","2","0","0","0","0","0","0","0","0","4","0","","67","9","2021","2","40.043178","-75.062895","0748","6","0","0","0","0","0","0","0","1","","0","0","0","","","0","N","0","","40 02:35.440","5","0","75 03:46.421","0","0","0","0","67301","0","0","0","N","0","0","0","2","67301","0","","1.0","200.0","1","N","N","N","0","","0","0","0","","0","N","","2","0","0","0","0","0","0","2","0","2","","","","N","","","","","","","","","",""
"2021098106","1823","0","0","0","0","0","0","0","0","0","4","0","","67","10","2021","3","39.935979","-75.146815","1821","6","0","0","0","0","0","0","1","0","","0","0","0","","","1","","5","","39 56:09.524","","0","75 08:48.533","3","0","0","0","67301","0","0","0","N","0","0","0","2","67301","0","","1.0","","1","N","N","N","0","","1","0","2","","3","","","2","1","1","0","0","0","0","2","0","2","","04","","N","","","","","","","","","",""
"2021105315","2035","1","0","0","0","0","0","0","0","0","4","0","","67","9","2021","1","39.958023","-75.148822","2033","6","0","0","0","0","0","0","0","0","","0","0","0","","","0","","1","","39 57:28.881","","0","75 08:55.758","0","0","0","0","67301","0","0","0","N","0","0","0","4","67301","0","","1.0","","1","N","N","N","0","","0","0","1","","2","","","2","0","0","0","0","0","0","2","0","2","","03","","N","","","","","","","","","",""
"2021088365","0307","1","0","0","0","0","0","0","0","0","5","0","","67","9","2021","1","40.049869","-75.164981","0305","6","0","0","0","0","0","1","0","0","","0","0","0","","","0","N","0","","40 02:59.530","","0","75 09:53.930","9","0","0","0","67301","0","0","0","N","0","0","0","1","67301","0","","6.0","","1","N","N","N","1","","0","0","0","","0","","","2","0","0","0","0","0","1","2","0","2","","03","","N","","","","","","","","","",""
"2021098303","1140","1","0","0","0","0","0","0","0","0","7","0","","67","10","2021","6","40.033844","-75.174883","1140","6","0","0","0","0","0","0","0","0","","0","0","0","","","0","N","0","","40 02:01.840","","0","75 10:29.580","0","0","0","0","67301","0","0","0","N","0","0","0","1","67301","0","","4.0","","1","N","Y","N","0","","0","0","0","","0","","","1","0","1","0","0","0","0","2","0","1","","03","","N","","","","","","","","","",""
"2021088737","1703","0","0","0","0","0","0","0","0","0","8","0","","67","9","2021","2","40.037985","-75.130167","1658","6","0","0","0","0","0","0","0","0","","0","0","0","","","1","","1","","40 02:16.746","","0","75 07:48.601","3","0","0","0","67301","1","0","0","N","1","0","0","2","67301","0","","1.0","","1","N","N","N","1","","1","0","0","","2","","","2","1","0","0","0","0","0","2","0","1","","03","","N","","","","","","","","","",""
"2021095937","0254","4","0","0","0","0","0","0","0","0","4","0","","67","10","2021","7","39.936764","-75.229713","0249","6","0","0","0","0","0","0","0","0","","0","0","0","","","0","","1","","39 56:12.350","","0","75 13:46.966","9","0","0","0","67301","0","0","0","N","0","0","0","3","67301","0","","1.0","","1","N","N","N","0","","0","0","0","","2","","","5","0","0","0","0","0","3","2","0","5","","03","","N","","","","","","","","","",""
"2021090595","1846","2","0","0","0","0","0","0","0","0","4","0","","67","9","2021","7","39.968845","-75.245428","1845","6","0","0","0","0","0","0","0","1","","0","0","0","","","0","","1","","39 58:07.841","","0","75 14:43.541","0","0","0","0","67301","0","0","0","N","0","0","0","2","67301","0","","1.0","","1","N","N","N","0","","0","0","0","","2","","","2","0","2","0","0","0","0","2","0","2","","03","","N","","","","","","","","","",""
"2021092885","0855","1","0","0","0","0","0","0","0","0","5","0","25","67","9","2021","1","39.980528","-75.104591","0849","6","0","0","0","0","0","1","0","0","","0","0","0","","","0","N","0","","39 58:49.899","","0","75 06:16.529","0","0","0","0","67301","0","0","0","N","0","0","0","2","68K01","0","","1.0","","1","N","N","N","0","","0","0","1","","0","","","2","0","0","0","0","0","0","2","0","2","","","N","Y","4","1","","","N","","","","Y","N"
"2021091071","1240","0","0","0","0","0","0","0","0","0","8","0","","67","9","2021","5","39.951356","-75.155153","1237","6","0","0","0","0","0","1","0","0","","0","0","0","","","1","","1","","39 57:04.881","","0","75 09:18.550","3","0","0","0","67301","1","0","0","N","1","0","0","2","67301","0","","1.0","","1","N","N","N","1","","1","0","0","","2","","","2","1","0","0","0","0","0","2","0","1","","04","","N","","","","","","","","","",""
"2021117987","","2","0","0","0","0","0","0","0","0","1","0","","67","9","2021","5","","","","6","0","0","0","0","0","0","0","0","","0","0","0","","","1","Y","0","","","","0","","8","0","0","0","67301","0","0","0","N","0","0","0","2","00000","0","","1.0","","1","N","N","N","0","","0","0","0","","2","","","2","1","0","0","0","1","0","1","0","2","","","","N","","","","","","","","","",""
"2021090673","1651","0","0","0","0","0","0","0","0","0","5","0","","67","9","2021","3","39.928314","-75.232069","1641","6","0","0","0","0","0","1","0","0","","0","0","0","","","2","N","0","","39 55:41.930","","0","75 13:55.450","8","0","0","0","67301","0","0","0","N","0","0","0","3","67301","0","","1.0","","99","N","N","N","0","","0","0","2","","0","","","2","2","0","0","0","2","0","2","0","2","","03","","N","","","","","","","","","",""
"2021097958","0154","1","0","0","0","0","0","0","0","0","7","0","","67","10","2021","3","40.031056","-75.146486","0135","6","0","0","0","0","0","0","0","0","","0","0","0","","","0","N","0","","40 01:51.801","1","0","75 08:47.350","0","0","0","0","67301","0","0","0","N","0","0","0","1","67301","0","","3.0","252.0","1","N","N","N","0","","0","0","0","","0","Y","","2","0","0","0","0","0","0","2","0","1","","03","","N","","","","","","","","","",""
"2021089173","0405","2","0","0","0","0","0","0","0","0","4","0","","67","9","2021","2","40.022789","-75.159023","0403","6","0","0","0","0","0","0","0","0","","0","0","0","","","1","","5","","40 01:22.042","","0","75 09:32.483","3","0","0","0","67301","0","0","0","N","0","0","0","2","67301","0","","1.0","","1","N","N","N","0","","1","0","0","","2","","","2","1","0","0","0","0","0","2","0","2","","03","","N","","","","","","","","","",""
"2021095888","0805","1","0","0","0","0","0","0","0","0","4","0","","67","10","2021","7","39.955359","-75.147924","0805","6","0","0","0","0","0","0","0","0","","0","0","0","","","0","","3","","39 57:19.292","","2","75 08:52.528","0","0","0","0","67301","0","0","0","N","0","0","0","3","67501","0","","1.0","","1","N","N","N","1","","0","0","0","","0","","","2","0","0","0","0","0","0","2","0","2","","03","","N","","","","","","","","","",""
"2021095812","0408","1","0","0","0","0","0","0","0","0","7","0","","67","10","2021","7","40.074636","-75.177694","0407","6","0","0","0","0","0","0","0","0","","0","0","0","","","0","N","0","","40 04:28.689","","0","75 10:39.698","0","0","0","0","67301","0","0","0","N","0","0","0","1","67301","0","","5.0","","9","N","N","N","0","","0","0","0","","0","","","1","0","0","0","0","0","0","2","0","1","","03","","N","","","","","","","","","",""
"2021098005","1147","1","0","0","0","0","0","0","0","0","4","0","","67","10","2021","5","40.131656","-75.0122","1147","6","0","0","0","0","0","0","0","0","","0","0","0","","","2","","1","","40 07:53.962","1","0","75 00:43.919","3","0","0","0","67301","0","0","0","N","0","0","0","2","67301","0","","1.0","1155.0","1","N","N","N","0","","2","0","1","","2","N","","2","2","0","0","0","0","0","2","0","2","","03","","N","","","","","","","","","",""
"2021098744","1950","2","0","0","0","0","0","0","0","0","4","0","","67","10","2021","5","39.961476","-75.149798","1946","6","0","0","0","0","0","0","0","0","","0","0","0","","","0","","1","","39 57:41.313","","0","75 08:59.272","0","0","0","0","67301","0","0","0","N","0","0","0","2","67301","0","","1.0","","1","N","N","N","0","","0","0","0","","2","","","2","0","0","0","0","0","0","2","0","2","","03","","N","","","","","","","","","",""
"2021096768","0907","0","0","0","0","0","0","0","0","0","1","0","","67","9","2021","2","40.010967","-75.127831","0907","6","0","0","0","0","1","1","0","0","","0","0","0","","","2","N","0","","40 00:39.480","","0","75 07:40.190","4","0","0","0","67301","0","0","0","N","0","0","0","4","67301","2","","1.0","","1","N","Y","N","0","","0","0","1","","0","","","2","2","0","0","0","0","0","2","1","2","","03","","N","","","","","","","","","",""
"2021096866","1510","1","0","0","0","0","0","0","0","0","8","0","","67","10","2021","3","39.954836","-75.182917","1505","6","0","0","0","0","0","0","0","0","","0","0","0","","","1","N","0","","39 57:17.408","","0","75 10:58.501","2","0","0","0","67301","1","0","1","N","1","0","1","2","67507","0","","1.0","","1","N","N","N","0","","0","1","0","","0","","","2","1","0","0","0","0","0","2","0","1","","03","","N","","","","","","","","","",""
"2021090235","1248","1","0","0","0","0","0","0","0","0","8","0","","67","9","2021","6","39.952296","-75.175409","1243","6","0","0","0","0","0","0","0","0","","0","0","0","","","1","","1","","39 57:08.267","","0","75 10:31.472","2","0","0","0","67301","1","0","1","N","1","0","1","2","67301","0","","1.0","","1","N","N","N","0","","0","1","0","","2","","","2","1","0","0","0","0","0","2","0","1","","","","N","","","","","","","","","",""
"2021091255","0920","1","0","0","0","0","0","0","0","0","6","0","","67","9","2021","2","40.074316","-75.034824","0915","6","0","0","0","0","0","0","0","0","","0","0","0","","","1","","1","","40 04:27.539","","0","75 02:05.367","4","0","0","0","67301","0","0","0","N","0","0","0","2","67301","1","","1.0","","1","N","N","N","0","","0","0","0","","2","","","2","1","0","0","0","0","0","2","0","2","","","","N","","","","","","","","","",""
"2021090519","1708","0","0","0","0","0","0","0","0","0","8","0","","67","9","2021","2","39.965591","-75.231913","1635","6","0","0","0","0","0","0","0","0","","0","0","0","","","2","","5","","39 57:56.127","","0","75 13:54.886","4","0","0","0","67301","2","0","0","N","2","0","0","3","67301","2","","1.0","","1","N","N","N","0","","0","0","0","","2","","","3","2","0","0","0","0","1","2","0","1","","03","","N","","","","","","","","","",""
"2021115411","1904","2","0","0","0","0","0","0","0","0","1","0","","67","10","2021","7","40.03823","-75.010765","1904","6","0","1","0","0","1","0","0","0","","0","0","0","","","1","N","0","","40 02:17.629","","0","75 00:38.753","3","0","0","0","67301","0","0","0","N","0","0","0","3","68K01","0","","1.0","","9","N","N","N","0","","1","0","0","","0","","","2","1","0","0","0","0","0","2","0","2","","","","N","","","","","","","","","",""
"2021090672","1740","0","0","0","0","0","0","0","0","0","4","0","","67","9","2021","2","39.969193","-75.184458","1728","6","0","0","0","0","0","0","0","0","","0","0","0","","","1","","1","","39 58:09.095","4","0","75 11:04.050","2","0","1","1","67301","0","0","0","N","0","0","0","3","67301","0","","1.0","100.0","1","N","N","N","0","","0","1","1","","2","Y","","2","1","0","0","0","0","0","2","0","2","","03","","N","","","","","","","","","",""
"2021103390","0612","0","0","0","0","0","0","0","0","0","8","0","","67","10","2021","3","40.093473","-74.980409","0612","6","0","0","0","0","0","0","0","0","","0","0","0","","","1","N","0","","40 05:36.503","","0","74 58:49.472","3","0","0","0","67301","1","0","0","N","1","0","0","2","67301","0","","1.0","","1","N","N","N","1","","1","0","0","","0","","","2","1","0","0","0","0","0","2","0","1","","03","","N","","","","","","","","","",""
"2021097562","2338","2","0","0","0","0","0","0","0","0","4","0","","67","10","2021","2","39.99788","-75.104336","2336","6","0","0","0","0","0","0","0","0","","0","0","0","","","1","","1","","39 59:52.368","","0","75 06:15.609","3","0","0","0","67301","0","0","0","N","0","0","0","2","67301","0","","1.0","","1","N","N","N","0","","1","0","2","","2","","","4","1","2","0","0","0","0","2","0","4","","","","N","","","","","","","","","",""
"2021096393","1850","2","0","0","0","0","0","0","0","0","4","0","","67","10","2021","7","40.056362","-75.075135","1848","6","0","0","0","0","0","0","0","0","","0","0","0","","","1","","1","","40 03:22.903","","0","75 04:30.486","3","0","0","0","67301","0","0","0","N","0","0","0","3","67301","0","","1.0","","1","N","N","N","0","","1","0","1","","2","","","3","1","3","0","0","0","0","2","0","3","","","","N","","","","","","","","","",""
"2021090746","1414","1","0","0","0","0","0","0","0","0","4","0","","67","9","2021","2","40.076623","-75.032867","1414","6","0","0","0","0","0","0","0","0","","0","0","0","","","1","","1","","40 04:35.844","","0","75 01:58.321","8","0","0","0","67301","0","0","0","N","0","0","0","2","67301","0","","1.0","","1","N","N","N","0","","0","0","1","","2","","","2","1","0","0","0","1","0","2","0","2","","03","","N","","","","","","","","","",""
"2021117456","","2","0","0","0","0","0","0","0","0","3","0","","67","9","2021","5","39.928893","-75.14663","","6","0","0","0","0","0","0","1","0","","0","0","0","","","1","","1","","39 55:44.014","","7","75 08:47.867","8","0","0","0","67301","0","0","0","N","0","0","0","2","00000","0","","1.0","","1","N","N","N","0","","0","0","0","","3","","","2","1","0","0","0","1","0","2","0","2","","","","N","","","","","","","","","",""
"2021091267","1700","0","0","0","0","0","0","0","0","0","8","0","","67","9","2021","2","39.923145","-75.17001","1700","6","0","0","0","0","0","1","0","0","","0","0","0","","","1","","1","","39 55:23.323","","0","75 10:12.037","3","0","0","0","67301","1","0","0","N","1","0","0","2","67301","0","","1.0","","1","N","N","N","0","","1","0","1","","2","","","2","1","0","0","0","0","0","2","0","1","","","","N","","","","","","","","","",""
"2021106890","2138","1","0","0","0","0","0","0","0","0","0","0","","67","9","2021","3","39.985368","-75.208317","2137","6","0","0","0","0","0","0","0","0","","0","0","0","","","1","N","0","","39 59:07.325","3","0","75 12:29.940","2","0","1","1","67301","0","0","0","N","0","0","0","3","68K01","0","","1.0","2158.0","1","N","N","N","0","","0","1","0","","0","N","","3","1","1","0","0","0","0","2","0","2","","","","N","","","","","","","","","",""
"2021088357","1645","1","0","0","0","0","0","0","0","0","4","0","","67","9","2021","1","40.059854","-75.173438","1643","6","0","0","0","0","0","1","0","0","","0","0","0","","","2","","1","","40 03:35.475","5","0","75 10:24.377","3","0","0","0","67301","0","0","0","N","0","0","0","3","67301","0","","1.0","1710.0","1","N","N","N","0","","2","0","2","","2","Y","","3","2","3","0","0","0","0","2","0","3","","03","","N","","","","","","","","","",""
"2021095764","0555","2","0","0","0","0","0","0","0","0","4","0","","67","10","2021","6","39.986924","-75.185714","0550","6","0","0","0","0","0","0","0","0","","0","0","0","","","0","","1","","39 59:12.926","","0","75 11:08.570","0","0","0","0","67301","0","0","0","N","0","0","0","2","67301","0","","1.0","","1","N","N","N","0","","0","0","0","","3","","","2","0","0","0","0","0","0","2","0","2","","","","N","","","","","","","","","",""
"2021098298","1800","0","0","0","0","0","0","0","0","0","4","0","","67","10","2021","6","39.979851","-75.142873","1800","6","0","0","0","0","0","0","0","0","","0","0","0","","","0","","1","","39 58:47.465","","0","75 08:34.342","9","0","0","0","67301","0","0","0","N","0","0","0","2","67301","0","","1.0","","1","N","N","N","0","","0","0","2","","2","","","2","0","0","0","0","0","1","2","0","2","","03","","N","","","","","","","","","",""
"2021110155","1105","0","0","0","0","0","0","0","0","0","98","0","","67","11","2021","6","40.045774","-75.00013","1100","6","0","0","0","0","0","1","0","0","","0","0","0","","","2","N","0","","40 02:44.786","","2","75 00:00.467","8","0","0","0","67301","0","0","0","N","0","0","0","2","67301","0","","7.0","","9","N","N","N","1","","0","0","0","","0","","","1","2","0","0","0","2","0","2","0","1","","07","","N","","","","","","","","","",""
"2021092860","1135","1","0","0","0","0","0","0","0","0","8","0","","67","9","2021","2","39.991193","-75.132897","1127","6","0","0","0","0","0","0","0","0","","0","0","0","","","1","","1","","39 59:28.296","","0","75 07:58.428","2","0","0","0","67301","1","0","1","N","1","0","1","3","67301","0","","1.0","","1","N","N","N","0","","0","1","0","","2","","","2","1","0","0","0","0","0","2","0","1","","03","","N","","","","","","","","","",""
"2021099084","1410","3","0","0","0","0","0","0","0","0","4","0","","67","10","2021","3","39.985761","-75.215703","1350","6","0","0","0","0","0","0","0","0","","0","0","0","","","3","","1","","39 59:08.741","","0","75 12:56.531","3","0","0","0","67301","0","0","0","N","0","0","0","7","67301","2","","1.0","","1","N","N","Y","1","","1","0","0","","2","","","4","3","0","0","0","0","0","2","0","4","","03","","N","","","","","","","","","",""
"2021096767","0817","0","0","0","0","0","0","0","0","0","4","0","","67","10","2021","3","40.034997","-75.188438","0810","6","0","0","0","0","0","0","0","0","","0","0","0","","","0","","2","","40 02:05.989","","0","75 11:18.376","9","0","0","0","67301","0","0","0","N","0","0","0","2","67301","0","","1.0","","1","N","N","N","0","","0","0","1","","0","","","2","0","0","0","0","0","1","2","1","2","","04","","N","","","","","","","","","",""
"2021102781","1732","2","0","0","0","0","0","0","0","0","4","0","","67","10","2021","5","40.007217","-75.123438","1732","6","0","0","0","0","0","0","0","0","","0","0","0","","","2","","1","","40 00:25.981","","0","75 07:24.378","3","0","0","0","67301","0","0","0","N","0","0","0","2","67301","0","","1.0","","1","N","N","N","0","","2","0","0","","2","","","2","2","0","0","0","0","0","2","0","2","","03","","N","","","","","","","","","",""
"2021098491","1855","1","0","0","0","0","0","0","0","0","4","0","","67","10","2021","6","39.97575","-75.192008","1855","6","0","0","0","0","0","0","0","1","","0","0","0","","","1","N","0","","39 58:32.699","","0","75 11:31.230","3","0","0","0","67301","0","0","0","N","0","0","0","2","67301","0","","1.0","","1","N","N","N","0","","1","0","1","","0","","","2","1","0","0","0","0","0","2","0","2","","03","","N","","","","","","","","","",""
"2021088538","1019","2","0","0","0","0","0","0","0","0","4","0","","67","9","2021","7","39.940644","-75.221552","1019","6","0","0","0","0","1","0","0","0","","0","0","0","","","0","","1","","39 56:26.318","","0","75 13:17.587","0","0","0","0","67301","0","0","0","N","0","0","0","2","67301","0","","1.0","","1","N","N","N","0","","0","0","0","","3","","","2","0","0","0","0","0","0","2","0","2","","03","","N","","","","","","","","","",""
"2021097216","1838","1","0","0","0","0","0","0","0","0","5","0","","67","10","2021","7","40.044004","-75.143654","1838","6","0","0","0","0","0","0","0","0","","0","0","0","","","0","N","0","","40 02:38.415","","0","75 08:37.154","0","0","0","0","67301","0","0","0","N","0","0","0","1","67301","0","","6.0","","1","N","N","N","0","","0","0","2","","0","","","3","0","0","0","0","0","0","2","0","3","","03","","N","","","","","","","","","",""
"2021096938","1625","1","0","0","0","0","0","0","0","0","4","0","","67","9","2021","1","40.00901","-75.11283","1625","6","0","0","0","0","0","0","0","0","","0","0","0","","","1","","1","","40 00:32.435","","0","75 06:46.188","3","0","0","0","67301","0","0","0","N","0","0","0","2","67301","0","","1.0","","1","N","N","N","0","","1","0","1","","2","","","2","1","0","0","0","0","0","2","0","2","","","","N","","","","","","","","","",""
"2021100043","0040","1","0","0","0","0","0","0","0","0","7","0","","67","10","2021","6","40.019806","-75.161849","0035","6","0","0","0","0","0","0","0","0","","0","0","0","","","2","N","0","","40 01:11.302","","3","75 09:42.657","3","0","0","0","67301","0","0","0","N","0","0","0","2","67301","0","","4.0","","1","N","N","N","0","","1","0","0","","0","","","1","2","0","0","0","1","0","2","0","1","","03","","N","","","","","","","","","",""
"2021115410","1902","2","0","0","0","0","0","0","0","0","1","0","","67","10","2021","6","40.043243","-75.002936","1853","6","0","0","0","0","0","0","0","0","","0","0","0","","","0","N","0","","40 02:35.674","","0","75 00:10.569","0","0","0","0","67301","0","0","0","N","0","0","0","3","68K01","0","","1.0","","1","N","N","N","0","","0","0","0","","0","","","3","0","0","0","0","0","0","2","0","3","","","","N","","","","","","","","","",""
"2021101282","0222","1","0","0","0","0","0","0","0","0","1","0","","67","10","2021","4","39.956707","-75.198006","0212","6","0","0","0","0","0","0","0","0","","0","0","0","","","1","","1","","39 57:24.145","","0","75 11:52.822","3","0","0","0","67301","0","0","0","N","0","0","0","2","67301","0","","1.0","","1","N","N","N","0","","1","0","1","","2","","","2","1","0","0","0","0","0","2","0","2","","03","","N","","","","","","","","","",""
"2021098492","0134","1","0","0","0","0","0","0","0","0","4","0","","67","10","2021","5","40.030763","-75.187766","0116","6","0","0","0","0","0","1","0","0","","0","0","0","","","0","","1","","40 01:50.746","","0","75 11:15.959","0","0","0","0","67301","0","0","0","N","0","0","0","2","67301","0","","1.0","","1","N","N","N","0","","0","0","1","","2","","","2","0","0","0","0","0","0","2","0","2","","03","","N","","","","","","","","","",""
"2021089936","1523","1","0","0","0","0","0","0","0","0","5","0","","67","9","2021","4","40.028906","-75.204958","1516","6","0","0","0","1","1","1","0","0","","0","0","0","","","0","N","0","","40 01:44.063","","0","75 12:17.847","0","0","0","0","67301","0","0","0","N","0","0","0","6","67301","0","","1.0","","1","N","N","N","0","","0","0","3","","0","","","4","0","0","0","0","0","0","2","0","4","","03","","N","","","","","","","","","",""
"2021097538","1254","1","0","0","0","0","0","0","0","0","5","0","","67","10","2021","1","39.978363","-75.213671","1244","6","0","0","0","0","0","1","0","0","","0","0","0","","","0","N","0","","39 58:42.105","","0","75 12:49.214","0","0","0","0","67301","0","0","0","N","0","0","0","2","67301","0","","1.0","","1","N","N","N","1","","0","0","0","","0","","","2","0","0","0","0","0","0","2","0","2","","04","","N","","","","","","","","","",""
"2021100347","2332","0","0","0","0","0","0","0","0","0","0","0","55","67","10","2021","1","39.898093","-75.183319","2323","6","0","0","0","0","0","0","0","0","","0","0","0","","","1","N","0","","39 53:53.133","1","0","75 10:59.950","2","0","1","1","67301","0","0","0","N","0","0","0","1","68K01","0","","1.0","45.0","1","N","N","N","0","","0","1","0","","0","N","","1","1","0","0","0","0","0","2","0","1","","","N","Y","4","1","","","N","Y","","","Y","N"
"2021090757","0320","2","0","0","0","0","0","0","0","0","4","0","","67","9","2021","1","39.97531","-75.165182","0318","6","0","0","0","0","0","0","0","0","","0","0","0","","","1","","1","","39 58:31.117","","0","75 09:54.656","4","0","0","0","67301","0","0","0","N","0","0","0","2","67301","1","","1.0","","1","N","N","N","0","","0","0","0","","2","","","2","1","0","0","0","0","1","2","0","2","","03","","N","","","","","","","","","",""
"2021097353","2216","0","0","0","0","0","0","0","0","0","4","0","","67","10","2021","2","40.035117","-75.070946","2210","6","0","0","0","0","0","1","0","0","","0","0","0","","","1","","1","","40 02:06.421","7","0","75 04:15.407","3","0","0","0","67301","0","0","0","N","0","0","0","2","67301","0","","1.0","2250.0","1","N","N","N","0","","1","0","2","","2","N","","2","1","0","0","0","0","0","2","0","2","","03","","N","","","","","","","","","",""