"CRN","ARRIVAL_TM","AUTOMOBILE_COUNT","BELTED_DEATH_COUNT","BELTED_SUSP_SERIOUS_INJ_COUNT","BICYCLE_COUNT","BICYCLE_DEATH_COUNT","BICYCLE_SUSP_SERIOUS_INJ_COUNT","BUS_COUNT","CHLDPAS_DEATH_COUNT","CHLDPAS_SUSP_SERIOUS_INJ_COUNT","COLLISION_TYPE","COMM_VEH_COUNT","CONS_ZONE_SPD_LIM","COUNTY","CRASH_MONTH","CRASH_YEAR","DAY_OF_WEEK","DEC_LATITUDE","DEC_LONGITUDE","DISPATCH_TM","DISTRICT","DRIVER_COUNT_16YR","DRIVER_COUNT_17YR","DRIVER_COUNT_18YR","DRIVER_COUNT_19YR","DRIVER_COUNT_20YR","DRIVER_COUNT_50_64YR","DRIVER_COUNT_65_74YR","DRIVER_COUNT_75PLUS","EST_HRS_CLOSED","FATAL_COUNT","HEAVY_TRUCK_COUNT","HORSE_BUGGY_COUNT","HOUR_OF_DAY","ILLUMINATION","INJURY_COUNT","INTERSECTION_RELATED","INTERSECT_TYPE","LANE_CLOSED","LATITUDE","LN_CLOSE_DIR","LOCATION_TYPE","LONGITUDE","MAX_SEVERITY_LEVEL","MCYCLE_DEATH_COUNT","MCYCLE_SUSP_SERIOUS_INJ_COUNT","MOTORCYCLE_COUNT","MUNICIPALITY","NONMOTR_COUNT","NONMOTR_DEATH_COUNT","NONMOTR_SUSP_SERIOUS_INJ_COUNT","NTFY_HIWY_MAINT","PED_COUNT","PED_DEATH_COUNT","PED_SUSP_SERIOUS_INJ_COUNT","PERSON_COUNT","POLICE_AGCY","POSSIBLE_INJ_COUNT","RDWY_SURF_TYPE_CD","RELATION_TO_ROAD","ROADWAY_CLEARED","ROAD_CONDITION","SCH_BUS_IND","SCH_ZONE_IND","SECONDARY_CRASH","SMALL_TRUCK_COUNT","SPEC_JURIS_CD","SUSP_MINOR_INJ_COUNT","SUSP_SERIOUS_INJ_COUNT","SUV_COUNT","TCD_FUNC_CD","TCD_TYPE","TFC_DETOUR_IND","TIME_OF_DAY","TOTAL_UNITS","TOT_INJ_COUNT","UNBELTED_OCC_COUNT","UNB_DEATH_COUNT","UNB_SUSP_SERIOUS_INJ_COUNT","UNK_INJ_DEG_COUNT","UNK_INJ_PER_COUNT","URBAN_RURAL","VAN_COUNT","VEHICLE_COUNT","WEATHER1","WEATHER2","WORKERS_PRES","WORK_ZONE_IND","WORK_ZONE_LOC","WORK_ZONE_TYPE","WZ_CLOSE_DETOUR","WZ_FLAGGER","WZ_LAW_OFFCR_IND","WZ_LN_CLOSURE","WZ_MOVING","WZ_OTHER","WZ_SHLDER_MDN","WZ_WORKERS_INJ_KILLED"
"2021098600","0245","1","0","0","0","0","0","0","0","0","1","0","","67","10","2021","6","39.911253","-75.169064","0240","6","0","0","0","0","0","1","0","0","","0","0","0","","","1","N","0","","39 54:40.510","","0","75 10:08.630","3","0","0","0","67301","0","0","0","N","0","0","0","2","67301","0","","1.0","","1","N","N","N","0","","1","0","1","","0","","","2","1","0","0","0","0","0","2","0","2","","03","","N","","","","","","","","","",""
"2021096009","2246","1","0","0","0","0","0","0","0","0","7","0","","67","10","2021","7","39.912444","-75.173972","2244","6","0","0","0","0","0","0","0","0","","0","0","0","","","0","","7","","39 54:44.800","3","8","75 10:26.300","0","0","0","0","67301","0","0","0","N","0","0","0","1","67501","0","","7.0","2330.0","1","N","N","N","0","","0","0","0","","0","Y","","1","0","0","0","0","0","0","2","0","1","","03","","N","","","","","","","","","",""
"2021101382","1827","0","0","0","0","0","0","0","0","0","0","0","","67","9","2021","4","40.026147","-75.116519","1825","6","0","0","0","1","0","0","0","0","","0","0","0","","","2","N","0","","40 01:34.130","","0","75 06:59.470","3","0","0","1","67301","0","0","0","N","0","0","0","2","67301","0","","1.0","","1","N","N","N","0","","2","0","0","","0","","","1","2","0","0","0","0","0","2","0","1","","03","","N","","","","","","","","","",""
"2021097546","0519","1","0","0","0","0","0","0","0","0","5","0","","67","10","2021","3","39.962425","-75.17485","0518","6","0","0","0","0","0","0","0","0","","0","0","0","","","0","N","0","","39 57:44.730","1","0","75 10:29.460","0","0","0","0","67301","0","0","0","N","0","0","0","2","67301","0","","6.0","645.0","1","N","N","N","0","","0","0","1","","0","N","","2","0","0","0","0","0","0","2","0","2","","03","","N","","","","","","","","","",""
"2021098175","0929","2","0","0","0","0","0","0","0","0","5","0","","67","10","2021","5","39.9224","-75.226972","0925","6","0","0","0","0","0","0","0","0","","0","0","0","","","1","N","0","","39 55:20.640","","0","75 13:37.100","3","0","0","0","67301","0","0","0","N","0","0","0","1","67301","0","","6.0","","1","N","N","N","0","","1","0","1","","0","","","3","1","0","0","0","0","0","2","0","3","","","","N","","","","","","","","","",""
"2021119808","","1","0","0","0","0","0","0","0","0","4","0","","67","10","2021","6","39.928019","-75.219299","","6","0","0","0","0","0","0","0","0","","0","0","0","","","0","","1","","39 55:40.869","","0","75 13:09.477","0","0","0","0","67301","0","0","0","N","0","0","0","2","00000","0","","1.0","","1","N","N","N","0","","0","0","1","","2","","","2","0","0","0","0","0","0","2","0","2","","","","N","","","","","","","","","",""
"2021090092","0737","1","0","0","0","0","0","0","0","0","4","0","","67","9","2021","6","39.927338","-75.144778","0734","6","0","0","0","0","0","1","0","0","","0","0","0","","","0","","1","","39 55:38.416","","0","75 08:41.201","0","0","0","0","67301","0","0","0","N","0","0","0","2","67301","0","","1.0","","1","N","N","N","0","","0","0","0","","2","","","2","0","0","0","0","0","0","2","1","2","","","","N","","","","","","","","","",""
"2021090884","1859","2","0","0","0","0","0","0","0","0","4","0","","67","9","2021","7","40.031794","-75.182562","1857","6","0","0","0","0","0","1","0","0","","0","0","0","","","0","","2","","40 01:54.460","","0","75 10:57.224","9","0","0","0","67301","0","0","0","N","0","0","0","4","67301","0","","1.0","","1","N","N","N","0","","0","0","0","","3","","","2","0","0","0","0","0","2","2","0","2","","","","N","","","","","","","","","",""
"2021097112","0055","0","0","0","0","0","0","0","0","0","0","0","15","67","10","2021","3","39.974673","-75.198791","0053","6","0","0","0","0","0","0","0","0","","0","0","0","","","1","N","0","","39 58:28.822","6","0","75 11:55.649","3","0","0","1","67301","0","0","0","N","0","0","0","1","67301","0","","1.0","700.0","3","N","N","N","0","","1","0","0","","0","N","","1","1","0","0","0","0","0","2","0","1","","","Y","Y","4","1","N","N","Y","Y","Y","N","N","N"
"2021096019","0035","1","0","0","0","0","0","0","0","0","4","0","","67","10","2021","7","39.958664","-75.213975","0032","6","0","0","0","0","0","0","0","0","","0","0","0","","","1","","1","","39 57:31.189","","1","75 12:50.310","3","0","0","0","67301","0","0","0","N","0","0","0","4","67301","0","","1.0","","1","N","N","N","0","","1","0","1","","2","","","3","1","0","0","0","0","0","2","1","3","","","","N","","","","","","","","","",""
"2021096003","1933","3","0","0","0","0","0","0","0","0","4","0","","67","10","2021","6","40.042536","-75.138456","1933","6","0","0","0","0","0","0","0","0","","0","0","0","","","0","N","0","","40 02:33.130","","0","75 08:18.440","9","0","0","0","67301","0","0","0","N","0","0","0","1","67301","0","","6.0","","1","N","N","N","0","","0","0","0","","0","","","3","0","0","0","0","0","1","2","0","3","","03","","N","","","","","","","","","",""
"2021090244","2340","1","0","0","0","0","0","0","0","0","8","0","","67","9","2021","2","40.003177","-75.165158","2340","6","0","0","0","0","0","0","0","0","","0","0","0","","","1","N","0","","40 00:11.438","","0","75 09:54.567","3","0","0","0","67301","1","0","0","N","1","0","0","2","67301","0","","1.0","","1","N","N","N","0","","1","0","0","","0","","","2","1","0","0","0","0","0","2","0","1","","03","","N","","","","","","","","","",""
"2021092894","0817","1","0","0","0","0","0","0","0","0","1","0","","67","9","2021","5","39.978473","-75.202482","0811","6","0","0","0","0","0","0","0","0","","0","0","0","","","1","N","0","","39 58:42.504","4","0","75 12:08.935","3","0","0","0","67301","0","0","0","N","0","0","0","3","68K01","0","","1.0","100.0","1","N","N","N","1","","1","0","1","","0","N","","3","1","0","0","0","0","0","2","0","3","","","","N","","","","","","","","","",""
"2021089834","1700","1","0","0","0","0","0","0","0","0","4","0","","67","9","2021","4","39.946323","-75.244059","1700","6","0","0","0","1","0","0","0","0","","0","0","0","","","0","","1","","39 56:46.761","","0","75 14:38.612","9","0","0","0","67301","0","0","0","N","0","0","0","2","67301","0","","1.0","","1","N","N","N","0","","0","0","0","","2","","","2","0","0","0","0","0","1","2","1","2","","04","","N","","","","","","","","","",""
"2021117433","","1","0","0","0","0","0","0","0","0","5","0","","67","9","2021","4","40.020477","-75.042838","","6","0","0","0","0","0","0","0","0","","0","0","0","","","1","N","0","","40 01:13.718","","0","75 02:34.217","8","0","0","0","67301","0","0","0","N","0","0","0","2","00000","0","","1.0","","1","N","N","N","1","","0","0","0","","0","","","2","1","0","0","0","1","0","2","0","2","","","","N","","","","","","","","","",""
"2021088851","2006","2","0","0","0","0","0","0","0","0","4","0","","67","9","2021","2","40.052316","-75.007986","2003","6","0","1","0","0","0","0","0","0","","0","0","0","","","0","","1","","40 03:08.339","1","0","75 00:28.750","0","0","0","0","67301","0","0","0","N","0","0","0","2","67301","0","","1.0","900.0","1","N","N","N","0","","0","0","0","","2","N","","2","0","0","0","0","0","0","2","0","2","","03","","N","","","","","","","","","",""
"2021090065","0151","0","0","0","0","0","0","0","0","0","8","0","","67","9","2021","5","39.972866","-75.170334","0141","6","0","0","0","0","0","0","0","0","","0","0","0","","","1","","1","","39 58:22.317","","0","75 10:13.202","2","0","0","0","67301","1","0","1","N","1","0","1","2","67301","0","","1.0","","9","N","N","N","0","","0","1","0","","2","","","2","1","0","0","0","0","0","2","0","1","","04","","N","","","","","","","","","",""
"2021115407","0355","0","0","0","0","0","0","0","0","0","7","0","","67","10","2021","6","39.972005","-75.122336","0355","6","0","0","0","0","0","0","0","0","","0","0","0","","","0","N","0","","39 58:19.219","1","0","75 07:20.409","0","0","0","0","67301","0","0","0","N","0","0","0","1","68K01","0","","2.0","430.0","1","N","N","N","0","","0","0","1","","0","N","","1","0","0","0","0","0","0","2","0","1","","","","N","","","","","","","","","",""
"2021093426","1605","0","0","0","0","0","0","0","0","0","1","0","","67","9","2021","4","39.95167","-75.141474","1600","6","0","0","0","0","0","1","0","0","","0","0","0","","","1","N","0","","39 57:06.012","2","0","75 08:29.307","3","0","0","1","67301","0","0","0","N","0","0","0","2","68K01","0","","1.0","1640.0","1","N","N","N","0","","1","0","1","","0","N","","2","1","0","0","0","0","0","2","0","2","","03","","N","","","","","","","","","",""
"2021117575","","1","0","0","0","0","0","0","0","0","1","0","","67","10","2021","7","39.99999","-75.140498","","6","0","0","0","0","0","0","0","0","","0","0","0","","","2","","1","","39 59:59.964","","0","75 08:25.794","8","0","0","0","67301","0","0","0","N","0","0","0","3","00000","0","","1.0","","1","N","N","N","0","","0","0","1","","3","","","2","2","0","0","0","2","0","2","0","2","","","","N","","","","","","","","","",""
"2021097419","1958","1","0","0","0","0","0","0","0","0","8","0","","67","10","2021","2","39.916601","-75.169209","1958","6","0","0","0","0","0","0","0","0","","0","0","0","","","1","","1","","39 54:59.764","","0","75 10:09.151","3","0","0","0","67301","1","0","0","N","1","0","0","2","67301","0","","1.0","","1","N","N","N","0","","1","0","0","","2","","","2","1","1","0","0","0","0","2","0","1","","03","","N","","","","","","","","","",""
"2021091992","2220","1","0","0","0","0","0","0","0","0","4","0","","67","9","2021","1","40.040424","-75.065534","2215","6","0","0","0","0","0","0","0","0","","0","0","0","","","1","","5","","40 02:25.526","","0","75 03:55.923","8","0","0","0","67301","0","0","0","N","0","0","0","2","67301","0","","1.0","","1","N","N","N","0","","0","0","0","","2","","","2","1","0","0","0","1","0","2","1","2","","","","N","","","","","","","","","",""
"2021117448","","3","0","0","0","0","0","0","0","0","5","0","","67","9","2021","7","39.916919","-75.21597","","6","0","0","0","0","0","0","0","0","","0","0","0","","","1","","2","","39 55:00.909","","0","75 12:57.493","8","0","0","0","67301","0","0","0","N","0","0","0","3","00000","0","","1.0","","1","N","N","N","0","","0","0","0","","2","","","3","1","0","0","0","1","0","2","0","3","","","","N","","","","","","","","","",""
"2021098174","1900","0","0","0","0","0","0","0","0","0","1","0","","67","10","2021","2","39.944949","-75.239174","1900","6","0","0","0","0","0","2","0","0","","0","0","0","","","1","","2","","39 56:41.817","","0","75 14:21.027","3","0","0","0","67301","0","0","0","N","0","0","0","2","67301","0","","1.0","","1","N","N","N","0","","1","0","2","","3","","","2","1","0","0","0","0","0","2","0","2","","","","N","","","","","","","","","",""
"2021088136","0450","0","0","0","0","0","0","0","0","0","8","0","","67","9","2021","1","39.984911","-75.156443","0448","6","0","0","0","0","0","0","0","0","","0","0","0","","","1","N","0","","39 59:05.679","1","0","75 09:23.196","2","0","0","0","67301","1","0","1","N","1","0","1","2","67505","0","","1.0","700.0","1","N","N","N","0","","0","1","1","","0","Y","","2","1","0","0","0","0","0","2","0","1","","03","","N","","","","","","","","","",""
"2021091072","2007","0","0","0","0","0","0","0","0","0","8","0","","67","9","2021","7","39.970405","-75.159604","2007","6","0","0","0","0","0","0","0","0","","0","0","0","","","1","N","0","","39 58:13.459","","0","75 09:34.576","3","0","0","0","67301","1","0","0","N","1","0","0","2","67301","0","","1.0","","1","N","N","N","0","","1","0","0","","0","","","2","1","0","0","0","0","0","2","0","1","","04","","N","","","","","","","","","",""
"2021096051","0450","3","0","0","0","0","0","0","0","0","5","0","","67","10","2021","7","39.972805","-75.159226","0440","6","0","0","0","0","0","1","0","0","","0","0","0","","","1","N","0","","39 58:22.097","","0","75 09:33.213","3","0","0","0","67301","0","0","0","N","0","0","0","1","67301","0","","6.0","","1","N","N","N","0","","1","0","0","","0","","","3","1","0","0","0","0","0","2","0","3","","03","","N","","","","","","","","","",""
"2021090674","1120","1","0","0","0","0","0","0","0","0","4","0","","67","9","2021","6","39.92558","-75.234331","1120","6","0","0","0","0","0","0","0","0","","0","0","0","","","1","","1","","39 55:32.089","","0","75 14:03.592","3","0","0","0","67301","0","0","0","N","0","0","0","2","67301","0","","1.0","","1","N","N","N","0","","1","0","3","","2","","","4","1","0","0","0","0","0","2","0","4","","","","N","","","","","","","","","",""
"2021098092","1430","0","0","0","0","0","0","0","0","0","8","0","","67","10","2021","5","39.958229","-75.211","1430","6","0","0","0","0","0","0","0","0","","0","0","0","","","1","","2","","39 57:29.626","","0","75 12:39.599","3","0","0","0","67301","1","0","0","N","1","0","0","2","67507","0","","1.0","","1","","","N","0","","1","0","0","","2","","","2","1","0","0","0","0","0","2","1","1","","04","","N","","","","","","","","","",""
"2021090758","0714","1","0","0","0","0","0","0","0","0","5","0","","67","9","2021","1","39.994625","-75.111732","0714","6","0","0","0","0","0","0","0","0","","0","0","0","","","1","N","0","","39 59:40.650","","0","75 06:42.236","3","0","0","0","67301","0","0","0","N","0","0","0","1","67301","0","","6.0","","1","N","N","N","0","","1","0","2","","0","","","3","1","0","0","0","0","0","2","0","3","","03","","N","","","","","","","","","",""
"2021090093","0845","2","0","0","0","0","0","0","0","0","4","0","","67","9","2021","6","39.985657","-75.16373","0836","6","0","0","0","0","0","0","0","0","","0","0","0","","","3","","2","","39 59:08.365","","0","75 09:49.427","3","0","0","0","67301","0","0","0","N","0","0","0","4","67301","0","","1.0","","1","N","N","N","0","","3","0","0","","3","","","2","3","0","0","0","0","0","2","0","2","","","","N","","","","","","","","","",""
"2021088367","0035","2","0","0","0","0","0","0","0","0","6","0","","67","9","2021","7","40.026731","-75.128431","0026","6","0","0","0","0","0","1","0","0","","0","0","0","","","0","N","0","","40 01:36.230","","0","75 07:42.350","9","0","0","0","67301","0","0","0","N","0","0","0","1","67301","0","","1.0","","1","N","N","N","0","","0","0","0","","0","","","2","0","0","0","0","0","1","2","0","2","","03","","N","","","","","","","","","",""
"2021097547","1831","1","0","0","0","0","0","0","0","0","8","0","","67","10","2021","4","40.030899","-75.166666","1830","6","0","0","0","0","0","1","0","0","","0","0","0","","","1","","2","","40 01:51.238","5","0","75 09:59.999","3","0","0","0","67301","1","0","0","N","1","0","0","2","67301","0","","1.0","1845.0","1","N","N","N","0","","1","0","0","","0","Y","","2","1","1","0","0","0","0","2","0","1","","03","","N","","","","","","","","","",""
"2021092556","1615","3","0","0","0","0","0","0","0","0","5","0","","67","9","2021","2","40.028989","-75.145764","1610","6","0","0","0","0","0","1","1","0","","0","0","0","","","2","N","0","","40 01:44.360","6","0","75 08:44.750","3","0","0","0","67301","0","0","0","N","0","0","0","3","67301","0","","1.0","100.0","1","N","N","N","0","","2","0","0","","0","N","","3","2","0","0","0","0","0","2","0","3","","03","","N","","","","","","","","","",""
"2021100162","2220","1","0","0","0","0","0","0","0","0","2","0","","67","10","2021","4","39.957433","-75.223189","2220","6","0","0","0","0","0","0","0","0","","0","0","0","","","0","N","0","","39 57:26.760","","0","75 13:23.480","0","0","0","0","67301","0","0","0","N","0","0","0","1","67301","0","","6.0","","1","N","N","N","0","","0","0","2","","0","","","3","0","0","0","0","0","0","2","0","3","","","","N","","","","","","","","","",""
"2021088614","0140","0","0","0","0","0","0","0","0","0","7","0","","67","9","2021","2","40.002741","-75.161796","0140","6","0","0","0","0","0","0","0","0","","0","0","0","","","0","N","0","","40 00:09.869","","0","75 09:42.465","0","0","0","0","67301","0","0","0","N","0","0","0","1","67301","0","","4.0","","1","N","N","N","0","","0","0","1","","0","","","1","0","0","0","0","0","0","2","0","1","","","","N","","","","","","","","","",""
"2021091731","0910","1","0","0","0","0","0","0","0","0","4","0","","67","9","2021","2","39.940099","-75.200184","0907","6","0","0","0","0","0","0","0","0","","0","0","0","","","4","","2","","39 56:24.356","","0","75 12:00.663","3","0","0","0","67301","0","0","0","N","0","0","0","4","67301","0","","1.0","","1","N","N","N","0","","4","0","0","","3","","","2","4","0","0","0","0","0","2","1","2","","03","","N","","","","","","","","","",""
"2021091489","1927","1","0","0","0","0","0","0","0","0","8","0","","67","9","2021","7","39.966239","-75.224802","1925","6","0","0","0","0","0","0","0","0","","0","0","0","","","1","","2","","39 57:58.462","","0","75 13:29.288","3","0","0","0","67301","1","0","0","N","1","0","0","2","67301","0","","1.0","","1","N","N","N","0","","1","0","0","","9","","","2","1","0","0","0","0","0","2","0","1","","","","N","","","","","","","","","",""
"2021098312","1715","0","0","0","0","0","0","0","0","0","4","0","","67","10","2021","6","39.960798","-75.196919","1713","6","0","0","0","0","0","1","0","0","","0","0","0","","","0","","1","","39 57:38.872","","0","75 11:48.910","0","0","0","0","67301","0","0","0","N","0","0","0","2","67301","0","","1.0","","1","N","N","N","0","","0","0","1","","3","","","2","0","0","0","0","0","0","2","1","2","","03","","N","","","","","","","","","",""
"2021091014","1111","0","0","0","0","0","0","0","0","0","8","0","","67","9","2021","4","39.955961","-75.22571","1111","6","0","0","0","0","0","1","0","0","","0","0","0","","","1","N","0","","39 57:21.461","","0","75 13:32.557","8","0","0","0","67301","1","0","0","N","1","0","0","2","67301","0","","1.0","","1","N","N","N","0","","0","0","1","","0","","","2","1","0","0","0","1","0","2","0","1","","","","N","","","","","","","","","",""
"2021117476","","0","0","0","0","0","0","0","0","0","4","0","","67","9","2021","7","40.00128","-75.126054","","6","0","0","0","0","0","0","0","0","","0","0","0","","","3","","1","","40 00:04.608","","0","75 07:33.794","8","0","0","0","67301","0","0","0","N","0","0","0","4","00000","0","","1.0","","1","N","N","N","0","","0","0","0","","3","","","2","3","0","0","0","3","0","2","1","2","","","","N","","","","","","","","","",""
"2021102270","2148","0","0","0","0","0","0","0","0","0","8","0","","67","10","2021","2","40.039047","-75.144609","2148","6","0","0","0","0","0","0","0","0","","0","0","0","","","1","","1","","40 02:20.569","","0","75 08:40.591","3","0","0","1","67301","1","0","0","N","1","0","0","2","67301","0","","1.0","","1","N","N","N","0","","1","0","0","","2","","","2","1","0","0","0","0","1","2","0","1","","03","","N","","","","","","","","","",""
"2021090523","1806","2","0","0","0","0","0","0","0","0","5","0","","67","9","2021","5","39.982925","-75.253872","1737","6","0","0","0","0","0","1","0","0","","0","0","0","","","0","N","0","","39 58:58.530","","7","75 15:13.940","0","0","0","0","67301","0","0","0","N","0","0","0","2","67301","0","","1.0","","9","N","N","N","0","","0","0","0","","0","","","2","0","1","0","0","0","0","2","0","2","","04","","N","","","","","","","","","",""
"2021098493","1905","1","0","0","0","0","0","0","0","0","4","0","","67","10","2021","6","40.013139","-75.150394","1858","6","0","0","0","0","0","0","0","0","","0","0","0","","","2","","3","","40 00:47.299","","0","75 09:01.419","4","0","0","0","67301","0","0","0","N","0","0","0","4","67301","2","","1.0","","1","N","N","N","0","","0","0","1","","0","","","2","2","0","0","0","0","0","2","0","2","","","","N","","","","","","","","","",""
"2021095447","1628","0","0","0","1","0","0","0","0","0","8","0","","67","9","2021","4","39.959958","-75.237124","1625","6","0","0","0","0","0","0","1","0","","0","0","0","","","1","","1","","39 57:35.847","","0","75 14:13.645","3","0","0","0","67301","1","0","0","N","0","0","0","2","67301","0","","1.0","","1","N","N","N","0","","1","0","1","","2","","","2","1","1","0","0","0","0","2","0","1","","03","","N","","","","","","","","","",""
"2021096658","2006","1","0","0","0","0","0","0","0","0","4","0","","67","10","2021","2","40.008666","-75.068949","2000","6","0","0","0","0","0","0","0","0","","0","0","0","","","1","","1","","40 00:31.197","3","0","75 04:08.216","3","0","0","0","67301","0","0","0","N","0","0","0","2","67301","0","","1.0","2034.0","1","N","N","N","0","","1","0","1","","2","N","","2","1","0","0","0","0","0","2","0","2","","","","N","","","","","","","","","",""
"2021090327","2349","2","0","0","0","0","0","0","0","0","6","0","","67","9","2021","6","40.054831","-75.193428","2343","6","0","0","0","0","0","0","0","0","","0","0","0","","","0","N","0","","40 03:17.390","","0","75 11:36.340","0","0","0","0","67301","0","0","0","N","0","0","0","1","67301","0","","6.0","","1","N","N","N","0","","0","0","0","","0","","","3","0","0","0","0","0","0","2","0","3","","","","N","","","","","","","","","",""
"2021098396","0900","0","0","0","1","0","0","0","0","0","8","0","","67","10","2021","2","39.925324","-75.16733","0847","6","0","0","0","0","0","1","0","0","","0","0","0","","","1","","1","","39 55:31.168","","0","75 10:02.389","3","0","0","0","67301","1","0","0","N","0","0","0","2","67301","0","","1.0","","1","N","N","N","0","","1","0","1","","3","","","2","1","0","0","0","0","0","2","0","1","","04","","N","","","","","","","","","",""
"2021097941","1922","0","0","0","0","0","0","0","0","0","8","0","","67","10","2021","2","40.076741","-75.170288","1915","6","0","0","0","0","0","0","0","0","","0","0","0","","","1","","1","","40 04:36.267","","0","75 10:13.036","3","0","0","0","67301","1","0","0","N","1","0","0","2","67301","0","","1.0","","1","N","N","N","0","","1","0","1","","3","","","2","1","0","0","0","0","0","2","0","1","","","","N","","","","","","","","","",""
"2021090954","2050","2","0","0","0","0","0","0","0","0","4","0","","67","9","2021","1","40.027055","-75.142657","2046","6","0","0","0","0","0","0","0","0","","0","0","0","","","1","","1","","40 01:37.397","7","0","75 08:33.565","3","0","0","0","67301","0","0","0","N","0","0","0","2","67301","0","","1.0","2219.0","1","N","N","N","0","","1","0","0","","3","N","","2","1","1","0","0","0","0","2","0","2","","","","N","","","","","","","","","",""
"2021090078","0806","1","0","0","0","0","0","0","0","0","5","0","","67","9","2021","1","40.03546","-75.122919","0806","6","0","0","0","0","0","0","0","0","","0","0","0","","","0","N","0","","40 02:07.655","","0","75 07:22.508","0","0","0","0","67301","0","0","0","N","0","0","0","1","67301","0","","6.0","","1","N","N","N","0","","0","0","1","","0","","","3","0","0","0","0","0","0","2","1","3","","03","","N","","","","","","","","","",""
"2021104306","1607","1","0","0","0","0","0","0","0","0","4","0","","67","10","2021","3","39.99835","-75.115123","1602","6","0","0","0","0","0","0","0","0","","0","0","0","","","0","","1","","39 59:54.059","","0","75 06:54.442","0","0","0","0","67301","0","0","0","N","0","0","0","3","67301","0","","1.0","","1","N","N","Y","0","","0","0","1","","2","","","2","0","3","0","0","0","0","2","0","2","","","","N","","","","","","","","","",""
"2021096851","0715","3","0","0","0","0","0","0","0","0","4","0","","67","10","2021","3","39.978004","-75.163778","0714","6","0","0","0","0","0","1","0","0","","0","0","0","","","1","","1","","39 58:40.814","","0","75 09:49.600","3","0","0","0","67301","0","0","0","N","0","0","0","2","67301","0","","1.0","","1","N","N","N","0","","1","0","2","","3","","","5","1","0","0","0","0","0","2","0","5","","04","","N","","","","","","","","","",""
"2021096173","2010","2","0","0","0","0","0","0","0","0","2","0","","67","10","2021","6","39.970017","-75.238622","2006","6","0","0","0","0","0","1","0","0","","0","0","0","","","1","N","0","","39 58:12.060","","0","75 14:19.040","3","0","0","0","67301","0","0","0","N","0","0","0","3","67301","0","","1.0","","1","N","N","N","0","","1","0","1","","0","","","3","1","0","0","0","0","0","2","0","3","","03","","N","","","","","","","","","",""
"2021089839","0935","2","0","0","0","0","0","0","0","0","1","0","","67","9","2021","5","40.060398","-74.990435","0925","6","0","0","1","0","0","0","1","0","","0","0","0","","","1","","1","","40 03:37.434","","0","74 59:25.565","3","0","0","0","67301","0","0","0","N","0","0","0","4","67301","0","","1.0","","1","N","N","N","0","","1","0","1","","2","","","3","1","0","0","0","0","0","2","0","3","","03","","N","","","","","","","","","",""
"2021091947","1541","2","0","0","0","0","0","0","0","0","1","0","","67","9","2021","7","39.984765","-75.094894","1532","6","0","0","0","0","0","2","0","0","","0","0","0","","","2","N","0","","39 59:05.153","1","0","75 05:41.620","3","0","0","0","67301","0","0","0","N","0","0","0","5","68K01","0","","1.0","1615.0","1","N","N","N","0","","2","0","1","","0","N","","3","2","0","0","0","0","0","2","0","3","","","","N","","","","","","","","","",""
"2021095651","0152","2","0","0","0","0","0","0","0","0","5","0","","67","9","2021","7","40.02119","-75.040853","0142","6","0","0","0","0","0","0","0","0","","0","0","0","","","0","N","0","","40 01:16.285","","0","75 02:27.072","9","0","0","0","67301","0","0","0","N","0","0","0","3","68K01","0","","1.0","","1","N","N","N","0","","0","0","0","","0","","","3","0","0","0","0","0","1","2","0","3","","03","","N","","","","","","","","","",""
"2021088541","0558","1","0","0","0","0","0","0","0","0","4","0","","67","9","2021","1","39.942944","-75.226794","0554","6","0","0","0","0","0","0","0","0","","0","0","0","","","1","","1","","39 56:34.598","","0","75 13:36.458","3","0","0","0","67301","0","0","0","N","0","0","0","2","67301","0","","1.0","","1","N","N","N","0","","1","0","1","","2","","","2","1","0","0","0","0","0","2","0","2","","03","","N","","","","","","","","","",""
"2021096688","0037","2","0","0","0","0","0","0","0","0","3","0","","67","10","2021","3","39.977978","-75.124578","0032","6","0","0","0","0","0","0","0","0","","0","0","0","","","0","N","0","","39 58:40.720","","0","75 07:28.480","9","0","0","0","67301","0","0","0","N","0","0","0","2","67301","0","","1.0","","1","N","N","N","0","","0","0","0","","0","","","2","0","0","0","0","0","1","2","0","2","","03","","N","","","","","","","","","",""
"2021098277","1437","1","0","0","0","0","0","0","0","0","1","0","","67","10","2021","5","39.949422","-75.141711","1426","6","0","0","0","0","0","0","0","0","","0","0","0","","","1","N","0","","39 56:57.920","","2","75 08:30.158","8","0","0","0","67301","0","0","0","N","0","0","0","3","68K01","0","","1.0","","1","N","N","N","1","","0","0","0","","0","","","2","1","0","0","0","1","0","2","0","2","","03","","N","","","","","","","","","",""
"2021098173","1631","1","0","0","0","0","0","0","0","0","6","0","","67","10","2021","4","39.918532","-75.225906","1630","6","0","0","0","0","0","0","0","0","","0","0","0","","","2","","1","","39 55:06.715","4","0","75 13:33.263","3","0","0","0","67301","0","0","0","N","0","0","0","6","67301","0","","1.0","1650.0","1","N","N","N","0","","2","0","1","","2","Y","","2","2","0","0","0","0","0","2","0","2","","","","N","","","","","","","","","",""