"CRN","ARRIVAL_TM","AUTOMOBILE_COUNT","BELTED_DEATH_COUNT","BELTED_SUSP_SERIOUS_INJ_COUNT","BICYCLE_COUNT","BICYCLE_DEATH_COUNT","BICYCLE_SUSP_SERIOUS_INJ_COUNT","BUS_COUNT","CHLDPAS_DEATH_COUNT","CHLDPAS_SUSP_SERIOUS_INJ_COUNT","COLLISION_TYPE","COMM_VEH_COUNT","CONS_ZONE_SPD_LIM","COUNTY","CRASH_MONTH","CRASH_YEAR","DAY_OF_WEEK","DEC_LATITUDE","DEC_LONGITUDE","DISPATCH_TM","DISTRICT","DRIVER_COUNT_16YR","DRIVER_COUNT_17YR","DRIVER_COUNT_18YR","DRIVER_COUNT_19YR","DRIVER_COUNT_20YR","DRIVER_COUNT_50_64YR","DRIVER_COUNT_65_74YR","DRIVER_COUNT_75PLUS","EST_HRS_CLOSED","FATAL_COUNT","HEAVY_TRUCK_COUNT","HORSE_BUGGY_COUNT","HOUR_OF_DAY","ILLUMINATION","INJURY_COUNT","INTERSECTION_RELATED","INTERSECT_TYPE","LANE_CLOSED","LATITUDE","LN_CLOSE_DIR","LOCATION_TYPE","LONGITUDE","MAX_SEVERITY_LEVEL","MCYCLE_DEATH_COUNT","MCYCLE_SUSP_SERIOUS_INJ_COUNT","MOTORCYCLE_COUNT","MUNICIPALITY","NONMOTR_COUNT","NONMOTR_DEATH_COUNT","NONMOTR_SUSP_SERIOUS_INJ_COUNT","NTFY_HIWY_MAINT","PED_COUNT","PED_DEATH_COUNT","PED_SUSP_SERIOUS_INJ_COUNT","PERSON_COUNT","POLICE_AGCY","POSSIBLE_INJ_COUNT","RDWY_SURF_TYPE_CD","RELATION_TO_ROAD","ROADWAY_CLEARED","ROAD_CONDITION","SCH_BUS_IND","SCH_ZONE_IND","SECONDARY_CRASH","SMALL_TRUCK_COUNT","SPEC_JURIS_CD","SUSP_MINOR_INJ_COUNT","SUSP_SERIOUS_INJ_COUNT","SUV_COUNT","TCD_FUNC_CD","TCD_TYPE","TFC_DETOUR_IND","TIME_OF_DAY","TOTAL_UNITS","TOT_INJ_COUNT","UNBELTED_OCC_COUNT","UNB_DEATH_COUNT","UNB_SUSP_SERIOUS_INJ_COUNT","UNK_INJ_DEG_COUNT","UNK_INJ_PER_COUNT","URBAN_RURAL","VAN_COUNT","VEHICLE_COUNT","WEATHER1","WEATHER2","WORKERS_PRES","WORK_ZONE_IND","WORK_ZONE_LOC","WORK_ZONE_TYPE","WZ_CLOSE_DETOUR","WZ_FLAGGER","WZ_LAW_OFFCR_IND","WZ_LN_CLOSURE","WZ_MOVING","WZ_OTHER","WZ_SHLDER_MDN","WZ_WORKERS_INJ_KILLED"
"2021115405","0912","0","0","0","0","0","0","0","0","0","7","0","","67","10","2021","7","39.906394","-75.149669","0856","6","0","0","0","0","0","0","0","0","","0","0","0","","","1","N","0","","39 54:23.020","","0","75 08:58.810","8","0","0","0","67301","0","0","0","N","0","0","0","1","68K01","0","","4.0","","1","N","N","N","1","","0","0","0","","0","","","1","1","1","0","0","1","0","2","0","1","","03","","N","","","","","","","","","",""
"2021100356","0836","0","0","0","0","0","0","0","0","0","1","0","","67","10","2021","5","40.001821","-75.078714","0806","6","0","0","0","0","0","1","0","0","","0","0","0","","","0","N","0","","40 00:06.555","","0","75 04:43.371","0","0","0","0","67301","0","0","0","N","0","0","0","2","68K01","0","","1.0","","1","N","N","N","0","","0","0","1","","0","","","2","0","0","0","0","0","0","2","1","2","","","","N","","","","","","","","","",""
"2021117501","","2","0","0","0","0","0","0","0","0","4","0","","67","10","2021","2","40.005208","-75.092731","","6","0","0","1","0","0","1","0","0","","0","0","0","","","1","","1","","40 00:18.749","","0","75 05:33.830","8","0","0","0","67301","0","0","0","N","0","0","0","2","00000","0","","1.0","","1","N","N","N","0","","0","0","0","","3","","","2","1","0","0","0","1","0","2","0","2","","","","N","","","","","","","","","",""
"2021097672","1233","1","0","0","0","0","0","0","0","0","1","0","","67","10","2021","4","39.961598","-75.15465","1233","6","0","0","0","0","0","1","0","0","","0","0","0","","","0","Y","0","","39 57:41.753","3","0","75 09:16.740","9","0","0","0","67301","0","0","0","N","0","0","0","4","67301","0","","1.0","1320.0","1","N","N","N","0","","0","0","2","","2","Y","","3","0","1","0","0","0","1","2","0","3","","04","","N","","","","","","","","","",""
"2021107566","1551","1","0","0","0","0","0","0","0","0","4","0","","67","10","2021","4","40.039826","-75.144452","1551","6","0","0","0","1","0","1","0","0","","0","0","0","","","1","","1","","40 02:23.374","","0","75 08:40.028","3","0","0","0","67301","0","0","0","N","0","0","0","3","67301","0","","1.0","","1","N","N","N","0","","1","0","1","","2","","","2","1","0","0","0","0","0","2","0","2","","03","","N","","","","","","","","","",""
"2021091342","0222","1","0","0","0","0","0","0","0","0","4","0","","67","9","2021","7","40.032566","-75.124186","0217","6","0","0","0","0","0","0","0","0","","0","0","0","","","0","","1","","40 01:57.237","2","1","75 07:27.069","0","0","0","0","67301","0","0","0","N","0","0","0","2","67301","0","","1.0","300.0","1","N","N","N","0","","0","0","1","","2","N","","2","0","0","0","0","0","0","2","0","2","","03","","N","","","","","","","","","",""
"2021098601","0505","0","0","0","0","0","0","0","0","0","0","0","","67","10","2021","6","39.913908","-75.137929","0500","6","0","0","0","0","0","0","0","0","","0","0","0","","","1","N","0","","39 54:50.070","","0","75 08:16.543","8","0","0","0","67301","0","0","0","N","0","0","0","1","67301","0","","3.0","","1","N","N","N","0","","0","0","1","","0","","","1","1","0","0","0","1","0","2","0","1","","03","","N","","","","","","","","","",""
"2021095257","0130","1","0","0","0","0","0","0","0","0","1","0","","67","9","2021","7","39.956361","-75.142066","0115","6","0","0","0","0","0","0","0","0","","0","0","0","","","0","N","0","","39 57:22.900","1","8","75 08:31.439","0","0","0","0","67301","0","0","0","N","0","0","0","2","68K01","0","","1.0","5.0","1","N","N","N","0","","0","0","1","","0","N","","2","0","0","0","0","0","0","2","0","2","","03","","N","","","","","","","","","",""
"2021090431","1020","0","0","0","0","0","0","0","0","0","6","0","","67","9","2021","7","39.971956","-75.163289","1014","6","0","0","0","0","0","1","0","0","","0","0","0","","","2","N","0","","39 58:19.042","","0","75 09:47.840","3","0","0","0","67301","0","0","0","N","0","0","0","4","67301","0","","1.0","","1","N","N","N","0","","2","0","3","","0","","","3","2","0","0","0","0","0","2","0","3","","03","","N","","","","","","","","","",""
"2021097917","2000","1","0","0","0","0","0","0","0","0","4","0","","67","10","2021","5","39.960022","-75.192565","1953","6","0","0","0","0","0","0","0","0","","0","0","0","","","0","","1","","39 57:36.079","4","0","75 11:33.233","0","0","0","0","67301","0","0","0","N","0","0","0","2","67507","0","","1.0","840.0","1","N","N","N","0","","0","0","1","","2","N","","2","0","1","0","0","0","0","2","0","2","","","","N","","","","","","","","","",""
"2021088980","0823","2","0","0","0","0","0","0","0","0","5","0","","67","9","2021","3","39.981694","-75.180972","0822","6","0","0","0","0","0","1","0","0","","0","0","0","","","0","N","0","","39 58:54.100","","0","75 10:51.500","0","0","0","0","67301","0","0","0","N","0","0","0","1","67301","0","","6.0","","1","N","N","N","0","","0","0","0","","0","","","2","0","1","0","0","0","0","2","0","2","","04","","N","","","","","","","","","",""
"2021099956","1302","2","0","0","0","0","0","0","0","0","5","0","","67","10","2021","5","40.024041","-75.130986","1244","6","0","0","0","0","0","0","0","0","","0","0","0","","","1","N","0","","40 01:26.549","","0","75 07:51.551","8","0","0","0","67301","0","0","0","N","0","0","0","1","67301","0","","6.0","","1","N","N","N","0","","0","0","0","","0","","","2","1","0","0","0","1","0","2","0","2","","03","","N","","","","","","","","","",""
"2021098778","1750","0","0","0","0","0","0","0","0","0","8","0","","67","10","2021","6","40.029789","-75.107053","1740","6","0","0","0","0","0","0","0","0","","0","0","0","","","1","","1","","40 01:47.240","","0","75 06:25.390","4","0","0","0","67301","1","0","0","N","1","0","0","2","67301","1","","1.0","","1","N","N","N","0","","0","0","0","","0","","","2","1","0","0","0","0","0","2","0","1","","03","","N","","","","","","","","","",""
"2021095087","2035","1","0","0","0","0","0","0","0","0","1","0","","67","9","2021","6","39.878306","-75.250314","2025","6","0","0","0","0","0","0","0","0","","0","0","0","","","1","N","0","","39 52:41.900","","0","75 15:01.130","3","0","0","0","67301","0","0","0","N","0","0","0","4","68K01","0","","1.0","","1","N","N","N","0","","1","0","2","","0","","","3","1","0","0","0","0","0","2","0","3","","","","N","","","","","","","","","",""
"2021096659","2317","2","0","0","0","0","0","0","0","0","2","0","","67","10","2021","2","39.982858","-75.161934","2317","6","0","0","0","0","0","0","0","0","","0","0","0","","","0","","2","","39 58:58.289","2","0","75 09:42.961","0","0","0","0","67301","0","0","0","N","0","0","0","1","67505","0","","1.0","1.0","1","N","N","N","0","","0","0","0","","0","Y","","2","0","1","0","0","0","0","2","0","2","","","","N","","","","","","","","","",""
"2021117494","","1","0","0","0","0","0","0","0","0","4","0","","67","10","2021","6","40.024951","-75.205166","","6","0","0","0","0","0","0","0","0","","0","0","0","","","1","","2","","40 01:29.823","","0","75 12:18.597","8","0","0","0","67301","0","0","0","N","0","0","0","2","00000","0","","1.0","","1","N","N","N","0","","0","0","0","","3","","","2","1","0","0","0","1","0","2","0","2","","","","N","","","","","","","","","",""
"2021119781","","1","0","0","0","0","0","0","0","0","4","0","","67","9","2021","2","39.911336","-75.242664","","6","0","0","0","0","0","1","0","0","","0","0","0","","","1","","5","","39 54:40.810","","0","75 14:33.592","4","0","0","0","67301","0","0","0","N","0","0","0","2","00000","1","","1.0","","1","N","N","N","0","","0","0","1","","2","","","2","1","0","0","0","0","0","2","0","2","","","","N","","","","","","","","","",""
"2021096365","1600","1","0","0","0","0","0","0","0","0","4","0","","67","10","2021","1","40.035003","-75.173723","1558","6","0","0","0","0","0","0","0","0","","0","0","0","","","1","","1","","40 02:06.009","","0","75 10:25.403","4","0","0","0","67301","0","0","0","N","0","0","0","2","67301","1","","1.0","","9","N","N","N","0","","0","0","1","","2","","","2","1","1","0","0","0","0","2","0","2","","04","","N","","","","","","","","","",""
"2021089935","1748","1","0","0","0","0","0","0","0","0","4","0","","67","9","2021","5","40.053843","-75.091456","1748","6","0","0","0","0","0","2","0","0","","0","0","0","","","2","","2","","40 03:13.834","","0","75 05:29.240","3","0","0","0","67301","0","0","0","N","0","0","0","3","67301","0","","1.0","","9","N","N","N","0","","2","0","1","","3","","","2","2","0","0","0","0","0","2","0","2","","","","N","","","","","","","","","",""
"2021102661","0940","1","0","0","0","0","0","0","0","0","4","0","","67","10","2021","1","40.003184","-75.141429","0927","6","0","0","0","0","0","0","0","0","","0","0","0","","","1","","1","","40 00:11.462","","0","75 08:29.144","3","0","0","0","67301","0","0","0","N","0","0","0","2","67301","0","","1.0","","9","N","N","N","0","","1","0","1","","0","","","2","1","0","0","0","0","0","2","0","2","","04","","N","","","","","","","","","",""
"2021090995","1400","1","0","0","0","0","0","0","0","0","5","0","","67","9","2021","5","39.952917","-75.134722","1358","6","0","0","0","0","0","2","0","0","","0","0","0","","","0","N","0","","39 57:10.500","3","3","75 08:05.000","9","0","0","0","67301","0","0","0","N","0","0","0","3","67501","0","","1.0","1405.0","9","N","N","N","1","","0","0","0","","8","N","","3","0","0","0","0","0","1","2","1","3","","04","","N","","","","","","","","","",""
"2021128675","1525","2","0","0","0","0","0","0","0","0","2","0","","67","12","2021","6","40.034038","-75.076191","1521","6","0","0","0","0","0","0","0","0","","0","0","0","","","5","N","0","","40 02:02.537","2","0","75 04:34.289","3","0","0","0","67301","0","0","0","N","0","0","0","5","67301","0","","1.0","1730.0","1","N","N","N","0","","1","0","0","","0","N","","2","5","2","0","0","4","0","2","0","2","","03","","N","","","","","","","","","",""
"2021091326","1905","3","0","0","0","0","0","0","0","0","1","0","","67","9","2021","6","39.955152","-75.19832","1906","6","0","0","0","0","0","1","0","0","","0","0","0","","","2","","1","","39 57:18.548","","0","75 11:53.953","8","0","0","0","67301","0","0","0","N","0","0","0","4","67504","0","","1.0","","1","N","N","Y","0","","0","0","0","","2","","","3","2","0","0","0","2","0","2","0","3","","03","","N","","","","","","","","","",""
"2021090745","1045","1","0","0","0","0","0","0","0","0","4","0","","67","9","2021","7","39.931101","-75.143882","1020","6","0","0","0","0","0","2","0","0","","0","0","0","","","0","","2","","39 55:51.964","","2","75 08:37.974","0","0","0","0","67301","0","0","0","N","0","0","0","2","67301","0","","1.0","","1","N","N","N","1","","0","0","0","","2","","","2","0","0","0","0","0","0","2","0","2","","","","N","","","","","","","","","",""
"2021098692","0811","1","0","0","0","0","0","0","0","0","8","0","","67","10","2021","6","39.926479","-75.186026","0810","6","0","0","0","0","0","1","0","0","","0","0","0","","","1","","1","","39 55:35.325","","0","75 11:09.693","3","0","0","0","67301","1","0","0","N","1","0","0","2","67301","0","","1.0","","1","N","Y","N","0","","1","0","0","","2","","","2","1","1","0","0","0","0","2","0","1","","03","","N","","","","","","","","","",""
"2021091016","0000","1","0","0","0","0","0","0","0","0","5","0","","67","9","2021","1","39.947868","-75.223979","0000","6","0","0","0","0","0","0","0","0","","0","0","0","","","0","N","0","","39 56:52.325","","0","75 13:26.326","0","0","0","0","67301","0","0","0","N","0","0","0","1","67301","0","","6.0","","1","N","N","N","0","","0","0","1","","0","","","2","0","0","0","0","0","0","2","0","2","","03","","N","","","","","","","","","",""
"2021090228","0847","0","0","0","1","0","0","0","0","0","8","0","","67","9","2021","6","39.951673","-75.164178","0844","6","0","0","0","0","0","0","0","0","","0","0","0","","","1","N","0","","39 57:06.023","","0","75 09:51.042","8","0","0","0","67301","1","0","0","N","0","0","0","2","67301","0","","1.0","","1","N","N","N","0","","0","0","0","","0","","","2","1","0","0","0","1","0","2","0","1","","","","N","","","","","","","","","",""
"2021100344","1255","0","0","0","0","0","0","0","0","0","7","0","","67","10","2021","1","40.029965","-75.022229","1242","6","0","0","0","0","1","0","0","0","","0","0","0","","","3","N","0","","40 01:47.873","2","0","75 01:20.026","3","0","0","0","67301","0","0","0","N","0","0","0","4","68K01","0","","4.0","1300.0","9","N","N","N","1","","3","0","1","","0","N","","2","3","0","0","0","0","0","2","0","2","","07","","N","","","","","","","","","",""
"2021096939","1810","0","0","0","0","0","0","0","0","0","1","0","","67","9","2021","2","40.011802","-75.13432","1809","6","0","0","0","0","0","0","0","0","","0","0","0","","","2","","3","","40 00:42.487","","0","75 08:03.551","4","0","0","0","67301","0","0","0","N","0","0","0","4","67301","2","","1.0","","1","N","N","N","0","","0","0","1","","3","","","2","2","0","0","0","0","0","2","1","2","","03","","N","","","","","","","","","",""
"2021090377","0141","3","0","0","0","0","0","0","0","0","4","0","","67","9","2021","7","39.985753","-75.164533","0134","6","0","0","0","0","0","0","1","0","","0","0","0","","","2","","1","","39 59:08.710","","0","75 09:52.318","2","0","0","0","67301","0","0","0","N","0","0","0","3","67301","0","","1.0","","1","N","N","N","0","","0","1","1","","2","","","4","2","0","0","0","1","0","2","0","4","","03","","N","","","","","","","","","",""
"2021096723","0735","2","0","0","0","0","0","0","0","0","4","0","","67","10","2021","2","39.928628","-75.233644","0727","6","0","0","0","0","0","0","0","0","","0","0","0","","","2","N","0","","39 55:43.060","","7","75 14:01.120","3","0","0","0","67301","0","0","0","N","0","0","0","3","67301","0","","1.0","","1","N","N","N","0","","2","0","0","","0","","","2","2","0","0","0","0","0","2","0","2","","03","","N","","","","","","","","","",""
"2021098554","0926","2","0","0","0","0","0","0","0","0","1","0","","67","10","2021","6","39.967795","-75.131525","0925","6","0","0","0","1","0","1","0","0","","0","0","0","","","1","N","0","","39 58:04.062","2","0","75 07:53.491","3","0","0","0","67301","0","0","0","N","0","0","0","3","68K01","0","","1.0","930.0","1","N","N","N","0","","1","0","0","","0","N","","3","1","0","0","0","0","0","2","1","3","","03","","N","","","","","","","","","",""
"2021095983","0835","1","0","0","0","0","0","0","0","0","5","0","","67","10","2021","7","40.058303","-75.146483","0830","6","0","1","0","0","0","0","0","0","","0","0","0","","","0","N","0","","40 03:29.890","","0","75 08:47.340","0","0","0","0","67301","0","0","0","N","0","0","0","1","67301","0","","6.0","","1","N","N","N","0","","0","0","1","","0","","","2","0","0","0","0","0","0","2","0","2","","03","","N","","","","","","","","","",""
"2021097652","0848","1","0","0","0","0","0","0","0","0","8","0","","67","10","2021","5","39.975573","-75.156318","0838","6","0","0","0","0","0","0","0","0","","0","0","0","","","1","","1","","39 58:32.062","","0","75 09:22.744","3","0","0","0","67301","1","0","0","N","1","0","0","3","67301","0","","1.0","","1","N","N","N","0","","1","0","0","","3","","","2","1","0","0","0","0","0","2","0","1","","03","","N","","","","","","","","","",""
"2021128486","0940","2","0","0","0","0","0","0","0","0","4","0","","67","12","2021","5","40.076374","-75.08909","0932","6","0","0","0","0","0","1","0","0","","0","0","0","","","4","","1","","40 04:34.946","5","0","75 05:20.724","3","0","0","0","67301","0","0","0","N","0","0","0","4","67301","0","","1.0","45.0","9","N","N","N","0","","4","0","0","","3","Y","","2","4","0","0","0","0","0","2","0","2","","07","","N","","","","","","","","","",""
"2021094788","1641","1","0","0","0","0","0","0","0","0","4","0","","67","9","2021","4","40.079655","-75.200422","1637","6","0","0","0","0","0","0","0","0","","0","0","0","","","1","N","1","","40 04:46.758","","0","75 12:01.518","3","0","0","0","67301","0","0","0","N","0","0","0","4","46108","0","","1.0","","1","N","N","N","1","","1","0","0","","2","","","2","1","0","0","0","0","0","2","0","2","","","","N","","","","","","","","","",""
"2021096021","0242","1","0","0","0","0","0","0","0","0","1","0","","67","10","2021","1","39.978167","-75.152556","0240","6","0","0","0","0","0","0","0","0","","0","0","0","","","1","N","0","","39 58:41.400","","0","75 09:09.200","4","0","0","0","67301","0","0","0","N","0","0","0","1","67505","1","","6.0","","9","N","N","Y","0","","0","0","3","","0","","","4","1","0","0","0","0","0","2","0","4","","07","","N","","","","","","","","","",""
"2021117458","","1","0","0","0","0","0","0","0","0","4","0","","67","9","2021","6","40.03145","-75.154773","","6","0","0","0","0","0","0","0","0","","0","0","0","","","1","","1","","40 01:53.219","","0","75 09:17.182","3","0","0","0","67301","0","0","0","N","0","0","0","2","00000","0","","1.0","","9","N","N","N","0","","1","0","1","","2","","","2","1","0","0","0","0","0","2","0","2","","","","N","","","","","","","","","",""
"2021097218","1505","1","0","0","0","0","0","0","0","0","7","0","","67","10","2021","3","40.036419","-75.149394","1504","6","0","0","0","0","0","0","0","0","","0","0","0","","","0","N","0","","40 02:11.110","","0","75 08:57.820","0","0","0","0","67301","0","0","0","N","0","0","0","1","67301","0","","4.0","","1","N","N","N","0","","0","0","0","","0","","","1","0","0","0","0","0","0","2","0","1","","03","","N","","","","","","","","","",""
"2021101008","2331","1","0","0","0","0","0","0","0","0","4","0","","67","9","2021","2","40.01115","-75.141573","2327","6","0","0","0","0","0","0","0","0","","0","0","0","","","1","","1","","40 00:40.139","7","0","75 08:29.662","3","0","0","0","67301","0","0","0","N","0","0","0","3","67301","0","","1.0","51.0","1","N","N","N","0","","1","0","1","","3","N","","2","1","0","0","0","0","0","2","0","2","","03","","N","","","","","","","","","",""
"2021088396","1402","2","0","0","0","0","0","0","0","0","4","0","","67","9","2021","7","39.991564","-75.136544","1319","6","0","0","0","0","0","0","0","0","","0","0","0","","","0","N","0","","39 59:29.630","","7","75 08:11.560","0","0","0","0","67301","0","0","0","N","0","0","0","2","67301","0","","1.0","","1","N","N","N","0","","0","0","0","","0","","","2","0","2","0","0","0","0","2","0","2","","03","","N","","","","","","","","","",""
"2021097759","2030","2","0","0","0","0","0","0","0","0","4","0","25","67","10","2021","4","39.956856","-75.167616","2030","6","0","0","0","0","0","1","0","0","","0","0","0","","","0","","1","","39 57:24.681","","0","75 10:03.417","0","0","0","0","67301","0","0","0","N","0","0","0","2","67301","0","","1.0","","1","N","N","N","0","","0","0","0","","2","","","2","0","0","0","0","0","0","2","0","2","","03","N","Y","2","1","N","N","N","Y","N","N","N","N"
"2021096663","1046","2","0","0","0","0","0","0","0","0","2","0","","67","10","2021","2","39.993556","-75.214639","1042","6","0","0","0","0","0","0","0","0","","0","0","0","","","2","N","0","","39 59:36.800","","0","75 12:52.700","4","0","0","0","67301","0","0","0","N","0","0","0","2","67301","1","","1.0","","1","N","N","N","0","","0","0","0","","0","","","2","2","0","0","0","1","0","2","0","2","","03","","N","","","","","","","","","",""
"2021090524","1229","1","0","0","0","0","0","0","0","0","4","0","","67","9","2021","6","39.995034","-75.227631","1221","6","0","1","0","0","0","0","0","1","","0","0","0","","","2","","1","","39 59:42.122","","0","75 13:39.471","3","0","0","0","67301","0","0","0","N","0","0","0","2","67301","0","","1.0","","1","N","N","N","0","","2","0","1","","3","","","2","2","0","0","0","0","0","2","0","2","","","","N","","","","","","","","","",""
"2021095787","1956","0","0","0","0","0","0","0","0","0","8","0","","67","10","2021","6","39.95762","-75.145687","1955","6","0","0","0","0","0","0","0","0","","0","0","0","","","1","","1","","39 57:27.432","","0","75 08:44.473","4","0","0","0","67301","1","0","0","N","1","0","0","2","67301","1","","1.0","","1","N","N","N","0","","0","0","1","","2","","","2","1","0","0","0","0","0","2","0","1","","03","","N","","","","","","","","","",""
"2021119803","","1","0","1","0","0","0","0","0","0","4","0","","67","9","2021","5","39.904249","-75.164635","","6","0","0","0","0","0","2","0","0","","0","0","0","","","1","","1","","39 54:15.296","","0","75 09:52.687","2","0","0","0","67301","0","0","0","N","0","0","0","2","00000","0","","1.0","","1","N","N","N","0","","0","1","0","","2","","","2","1","0","0","0","0","0","2","1","2","","","","N","","","","","","","","","",""
"2021097100","2335","0","0","0","0","0","0","0","0","0","5","0","","67","10","2021","2","39.923331","-75.187075","2335","6","0","0","0","0","0","1","0","0","","0","0","0","","","0","N","0","","39 55:23.990","2","0","75 11:13.470","0","0","0","0","67301","0","0","0","N","0","0","0","2","67301","0","","6.0","100.0","1","N","N","N","0","","0","0","2","","0","Y","","2","0","0","0","0","0","0","2","0","2","","03","","N","","","","","","","","","",""
"2021093084","1745","1","0","0","0","0","0","0","0","0","4","0","","67","9","2021","2","40.045744","-75.14327","1745","6","0","0","0","0","0","0","1","0","","0","0","0","","","1","","2","","40 02:44.679","","0","75 08:35.773","8","0","0","0","67301","0","0","0","N","0","0","0","5","67301","0","","1.0","","1","N","N","N","1","","0","0","1","","0","","","3","1","5","0","0","1","1","2","0","3","","","","N","","","","","","","","","",""
"2021090678","0208","0","0","0","0","0","0","0","0","0","0","0","","67","9","2021","7","39.932843","-75.241468","0205","6","0","0","0","0","0","0","0","0","","0","0","0","","","1","N","0","","39 55:58.236","","0","75 14:29.283","3","0","0","0","67301","0","0","0","N","0","0","0","2","67301","0","","1.0","","1","N","N","N","0","","1","0","1","","0","","","1","1","2","0","0","0","1","2","0","1","","03","","N","","","","","","","","","",""
"2021128653","1008","1","0","0","0","0","0","0","0","0","7","0","","67","12","2021","5","39.985065","-75.208204","1008","6","0","0","0","1","0","0","0","1","","0","0","0","","","2","N","0","","39 59:06.233","4","0","75 12:29.536","3","0","0","0","67301","0","0","0","N","0","0","0","5","68K01","1","","3.0","1040.0","9","N","N","N","0","","1","0","3","","0","N","","4","2","2","0","0","0","0","2","0","4","","","","N","","","","","","","","","",""
"2021097610","1320","1","0","0","0","0","0","0","0","0","1","0","","67","10","2021","4","39.899248","-75.208205","1311","6","0","0","0","0","0","1","0","0","","0","0","0","","","0","N","0","","39 53:57.293","3","3","75 12:29.537","0","0","0","0","67301","0","0","0","N","0","0","0","2","67301","0","","1.0","1400.0","1","N","N","N","1","","0","0","0","","0","N","","2","0","0","0","0","0","0","2","0","2","","03","","N","","","","","","","","","",""
"2021089145","1925","0","0","0","0","0","0","0","0","0","4","0","","67","9","2021","2","40.012698","-75.072568","1916","6","0","0","0","0","0","0","0","0","","0","0","0","","","2","","1","","40 00:45.713","2","0","75 04:21.246","2","0","1","1","67301","0","0","0","N","0","0","0","3","67301","0","","1.0","2126.0","1","N","N","N","0","","1","1","1","","0","Y","","2","2","0","0","0","0","0","2","0","2","","","","N","","","","","","","","","",""
"2021119806","","1","0","0","0","0","0","0","0","0","5","0","","67","10","2021","1","39.897762","-75.211517","","6","0","0","0","0","0","0","0","0","","0","0","0","","","1","N","0","","39 53:51.943","","3","75 12:41.462","8","0","0","0","67301","0","0","0","N","0","0","0","2","00000","0","","1.0","","1","N","N","N","0","","0","0","0","","0","","","2","1","0","0","0","1","0","2","0","2","","","","N","","","","","","","","","",""
"2021089952","1650","1","0","0","0","0","0","0","0","0","3","0","","67","9","2021","4","39.953817","-75.233083","1645","6","0","0","0","0","0","0","0","0","","0","0","0","","","2","N","0","","39 57:13.740","6","0","75 13:59.100","3","0","0","0","67301","0","0","0","N","0","0","0","2","67301","0","","6.0","2000.0","1","N","N","N","0","","2","0","2","","0","N","","3","2","0","0","0","0","0","2","0","3","","03","","N","","","","","","","","","",""
"2021095419","0510","1","0","0","0","0","0","0","0","0","6","0","","67","10","2021","6","39.995331","-75.1579","0504","6","0","0","0","1","0","0","0","0","","0","0","0","","","0","N","0","","39 59:43.190","","0","75 09:28.440","0","0","0","0","67301","0","0","0","N","0","0","0","1","67301","0","","6.0","","1","N","N","N","1","","0","0","0","","0","","","2","0","1","0","0","0","0","2","0","2","","","","N","","","","","","","","","",""
"2021096722","0719","1","0","0","0","0","0","0","0","0","4","0","","67","10","2021","2","39.914939","-75.237602","0717","6","0","0","0","0","0","0","0","0","","0","0","0","","","2","","1","","39 54:53.780","7","0","75 14:15.367","3","0","0","0","67301","0","0","0","N","0","0","0","2","67301","0","","1.0","850.0","1","N","N","N","0","","2","0","1","","2","Y","","2","2","0","0","0","0","0","2","0","2","","04","","N","","","","","","","","","",""
"2021097691","1651","1","0","0","0","0","0","0","0","0","5","1","","67","9","2021","2","39.959598","-75.140907","1649","6","0","0","0","0","1","0","0","0","","0","1","0","","","4","N","0","","39 57:34.552","2","0","75 08:27.264","3","0","0","0","67301","0","0","0","Y","0","0","0","5","68K01","0","","1.0","1812.0","1","N","N","N","0","","4","0","0","","0","Y","","2","4","0","0","0","0","0","2","0","2","","","","N","","","","","","","","","",""
"2021091353","0919","1","0","0","0","0","0","0","0","0","1","0","","67","9","2021","2","40.037778","-75.073111","0913","6","0","0","0","0","0","0","0","0","","0","0","0","","","2","N","0","","40 02:16.000","","0","75 04:23.200","8","0","0","0","67301","0","0","0","N","0","0","0","4","67301","0","","1.0","","1","N","Y","N","0","","0","0","1","","0","","","2","2","0","0","0","2","1","2","0","2","","03","","N","","","","","","","","","",""
"2021098184","1525","1","0","0","0","0","0","0","0","0","8","0","","67","10","2021","5","40.035771","-75.042692","1520","6","0","0","0","0","0","0","0","0","","0","0","0","","","1","N","0","","40 02:08.775","","0","75 02:33.690","8","0","0","0","67301","1","0","0","N","1","0","0","2","67301","0","","1.0","","1","N","N","N","0","","0","0","1","","0","","","3","1","1","0","0","1","0","2","0","2","","03","","N","","","","","","","","","",""
"2021096002","1845","1","0","0","0","0","0","0","0","0","4","0","","67","10","2021","7","40.020695","-75.046093","1837","6","0","0","0","0","0","0","0","0","","0","0","0","","","1","","1","","40 01:14.502","","0","75 02:45.934","2","0","1","1","67301","0","0","0","N","0","0","0","2","67301","0","","1.0","","1","N","N","N","0","","0","1","0","","3","","","2","1","0","0","0","0","0","2","0","2","","03","","N","","","","","","","","","",""
"2021104474","0749","0","0","0","0","0","0","0","0","0","8","0","","67","10","2021","4","39.955824","-75.191467","0739","6","0","0","0","0","0","0","0","0","","0","0","0","","","1","","1","","39 57:20.966","2","0","75 11:29.280","3","0","0","0","67301","1","0","0","N","1","0","0","2","67508","0","","1.0","9999.0","1","N","N","Y","0","","1","0","1","","2","N","","2","1","1","0","0","0","0","2","0","1","","03","","N","","","","","","","","","",""