"CRN","ARRIVAL_TM","AUTOMOBILE_COUNT","BELTED_DEATH_COUNT","BELTED_SUSP_SERIOUS_INJ_COUNT","BICYCLE_COUNT","BICYCLE_DEATH_COUNT","BICYCLE_SUSP_SERIOUS_INJ_COUNT","BUS_COUNT","CHLDPAS_DEATH_COUNT","CHLDPAS_SUSP_SERIOUS_INJ_COUNT","COLLISION_TYPE","COMM_VEH_COUNT","CONS_ZONE_SPD_LIM","COUNTY","CRASH_MONTH","CRASH_YEAR","DAY_OF_WEEK","DEC_LATITUDE","DEC_LONGITUDE","DISPATCH_TM","DISTRICT","DRIVER_COUNT_16YR","DRIVER_COUNT_17YR","DRIVER_COUNT_18YR","DRIVER_COUNT_19YR","DRIVER_COUNT_20YR","DRIVER_COUNT_50_64YR","DRIVER_COUNT_65_74YR","DRIVER_COUNT_75PLUS","EST_HRS_CLOSED","FATAL_COUNT","HEAVY_TRUCK_COUNT","HORSE_BUGGY_COUNT","HOUR_OF_DAY","ILLUMINATION","INJURY_COUNT","INTERSECTION_RELATED","INTERSECT_TYPE","LANE_CLOSED","LATITUDE","LN_CLOSE_DIR","LOCATION_TYPE","LONGITUDE","MAX_SEVERITY_LEVEL","MCYCLE_DEATH_COUNT","MCYCLE_SUSP_SERIOUS_INJ_COUNT","MOTORCYCLE_COUNT","MUNICIPALITY","NONMOTR_COUNT","NONMOTR_DEATH_COUNT","NONMOTR_SUSP_SERIOUS_INJ_COUNT","NTFY_HIWY_MAINT","PED_COUNT","PED_DEATH_COUNT","PED_SUSP_SERIOUS_INJ_COUNT","PERSON_COUNT","POLICE_AGCY","POSSIBLE_INJ_COUNT","RDWY_SURF_TYPE_CD","RELATION_TO_ROAD","ROADWAY_CLEARED","ROAD_CONDITION","SCH_BUS_IND","SCH_ZONE_IND","SECONDARY_CRASH","SMALL_TRUCK_COUNT","SPEC_JURIS_CD","SUSP_MINOR_INJ_COUNT","SUSP_SERIOUS_INJ_COUNT","SUV_COUNT","TCD_FUNC_CD","TCD_TYPE","TFC_DETOUR_IND","TIME_OF_DAY","TOTAL_UNITS","TOT_INJ_COUNT","UNBELTED_OCC_COUNT","UNB_DEATH_COUNT","UNB_SUSP_SERIOUS_INJ_COUNT","UNK_INJ_DEG_COUNT","UNK_INJ_PER_COUNT","URBAN_RURAL","VAN_COUNT","VEHICLE_COUNT","WEATHER1","WEATHER2","WORKERS_PRES","WORK_ZONE_IND","WORK_ZONE_LOC","WORK_ZONE_TYPE","WZ_CLOSE_DETOUR","WZ_FLAGGER","WZ_LAW_OFFCR_IND","WZ_LN_CLOSURE","WZ_MOVING","WZ_OTHER","WZ_SHLDER_MDN","WZ_WORKERS_INJ_KILLED"
"2021117475","","1","0","0","0","0","0","0","0","0","1","0","","67","9","2021","3","40.106469","-74.998884","","6","0","0","0","0","0","1","0","0","","0","0","0","","","1","","2","","40 06:23.287","","0","74 59:55.982","8","0","0","0","67301","0","0","0","N","0","0","0","2","00000","0","","1.0","","1","N","N","N","0","","0","0","1","","2","","","2","1","0","0","0","1","0","2","0","2","","","","N","","","","","","","","","",""
"2021128174","0837","2","0","0","0","0","0","0","0","0","4","0","","67","12","2021","5","39.996842","-75.116434","0836","6","0","0","0","0","0","0","0","0","","0","0","0","","","0","","2","","39 59:48.632","6","0","75 06:59.164","0","0","0","0","67301","0","0","0","N","0","0","0","2","67301","0","","1.0","930.0","9","N","N","Y","0","","0","0","1","","3","Y","","4","0","0","0","0","0","0","2","1","4","","07","","N","","","","","","","","","",""
"2021096052","1915","2","0","0","0","0","0","0","0","0","2","0","","67","10","2021","7","39.99178","-75.186379","1910","6","0","0","0","0","0","0","0","0","","0","0","0","","","0","","1","","39 59:30.408","","0","75 11:10.966","0","0","0","0","67301","0","0","0","N","0","0","0","2","67301","0","","1.0","","9","N","N","N","0","","0","0","0","","2","","","2","0","0","0","0","0","0","2","0","2","","07","","N","","","","","","","","","",""
"2021094211","0533","0","0","0","0","0","0","0","0","0","2","0","","67","9","2021","2","39.950299","-75.191739","0530","6","0","0","0","0","0","0","0","0","","0","0","0","","","1","","1","","39 57:01.078","","0","75 11:30.262","8","0","0","1","67301","0","0","0","N","0","0","0","2","67504","0","","1.0","","1","N","N","N","0","","0","0","0","","2","","","2","1","0","0","0","1","0","2","0","2","","03","","N","","","","","","","","","",""
"2021096270","0900","0","0","0","0","0","0","0","0","0","7","0","","67","10","2021","1","39.961814","-75.242828","0900","6","0","0","0","0","0","0","0","0","","0","0","0","","","0","N","0","","39 57:42.530","","0","75 14:34.180","9","0","0","0","67301","0","0","0","N","0","0","0","1","67301","0","","5.0","","9","N","N","N","1","","0","0","0","","0","","","1","0","1","0","0","0","1","2","0","1","","07","","N","","","","","","","","","",""
"2021092175","1755","2","0","0","0","0","0","0","0","0","4","0","","67","9","2021","2","39.986293","-75.168793","1750","6","0","0","1","0","0","0","0","0","","0","0","0","","","1","","1","","39 59:10.654","","0","75 10:07.654","3","0","0","0","67301","0","0","0","N","0","0","0","2","67301","0","","1.0","","99","N","N","N","0","","1","0","0","","0","","","2","1","0","0","0","0","0","2","0","2","","98","","N","","","","","","","","","",""
"2021119805","","0","0","0","0","0","0","0","0","0","4","0","","67","10","2021","2","39.992957","-75.110258","","6","0","0","0","0","0","1","1","0","","0","0","0","","","1","","1","","39 59:34.645","","0","75 06:36.928","8","0","0","0","67301","0","0","0","N","0","0","0","2","00000","0","","1.0","","1","N","N","N","2","","0","0","0","","2","","","2","1","1","0","0","1","0","2","0","2","","","","N","","","","","","","","","",""
"2021098476","1109","2","0","0","0","0","0","0","0","0","4","0","","67","10","2021","7","39.983458","-75.181532","1107","6","0","0","0","0","0","0","0","0","","0","0","0","","","4","","5","","39 59:00.448","","0","75 10:53.514","3","0","0","0","67301","0","0","0","N","0","0","0","4","67301","0","","1.0","","1","N","N","N","0","","4","0","0","","2","","","2","4","0","0","0","0","0","2","0","2","","03","","N","","","","","","","","","",""
"2021097765","1335","1","0","0","0","0","0","0","0","0","7","0","","67","10","2021","5","39.912444","-75.173944","1332","6","0","0","0","0","0","1","0","0","","0","0","0","","","1","","7","","39 54:44.800","","8","75 10:26.200","3","0","0","0","67301","0","0","0","N","0","0","0","2","67501","0","","4.0","","1","N","N","N","0","","1","0","0","","0","","","1","1","0","0","0","0","0","2","0","1","","03","","N","","","","","","","","","",""
"2021089220","1058","2","0","0","0","0","0","0","0","0","5","0","","67","9","2021","3","40.073475","-75.055469","1057","6","0","0","0","0","0","0","0","0","","0","0","0","","","1","N","0","","40 04:24.510","1","0","75 03:19.690","3","0","0","0","67301","0","0","0","N","0","0","0","1","67301","0","","6.0","1058.0","1","N","N","N","0","","1","0","0","","0","Y","","2","1","0","0","0","0","0","2","0","2","","03","","N","","","","","","","","","",""
"2021124546","1602","1","1","0","0","0","0","0","0","0","4","0","","67","12","2021","1","40.069168","-75.156923","1553","6","0","0","0","0","0","0","1","0","","1","0","0","","","0","","1","","40 04:09.004","","0","75 09:24.922","1","0","0","0","67301","0","0","0","N","0","0","0","2","67301","0","2","1.0","","1","N","N","N","1","0","0","0","0","","3","","","2","0","0","0","0","0","0","2","0","2","","98","","N","","","","","","","","","",""
"2021098323","1736","0","0","0","1","0","0","0","0","0","8","0","","67","10","2021","6","40.0455","-75.164866","1735","6","0","0","0","0","0","1","0","0","","0","0","0","","","1","","1","","40 02:43.799","","0","75 09:53.518","3","0","0","0","67301","1","0","0","N","0","0","0","2","67301","0","","1.0","","1","N","N","N","0","","1","0","1","","2","","","2","1","0","0","0","0","0","2","0","1","","98","","N","","","","","","","","","",""
"2021098176","0625","1","0","0","0","0","0","0","0","0","4","0","","67","10","2021","6","39.985802","-75.215608","0620","6","0","0","0","0","0","0","0","0","","0","0","0","","","3","","1","","39 59:08.888","2","0","75 12:56.190","8","0","0","0","67301","0","0","0","N","0","0","0","3","67301","0","","1.0","810.0","1","N","N","N","0","","0","0","1","","2","N","","2","3","0","0","0","3","0","2","0","2","","03","","N","","","","","","","","","",""
"2021089487","1532","0","0","0","0","0","0","0","0","0","8","0","","67","9","2021","4","40.038917","-75.084944","1529","6","0","0","0","0","0","0","0","0","","0","0","0","","","1","N","0","","40 02:20.100","5","0","75 05:05.800","2","0","0","0","67301","1","0","1","N","1","0","1","4","67301","0","","1.0","1620.0","1","N","Y","N","0","","0","1","1","","0","Y","","2","1","0","0","0","0","0","2","0","1","","","","N","","","","","","","","","",""
"2021088550","1917","1","0","0","0","0","0","0","0","0","4","0","","67","9","2021","1","39.972194","-75.244888","1915","6","0","0","0","0","0","1","0","0","","0","0","0","","","3","","1","","39 58:19.899","6","0","75 14:41.596","8","0","0","0","67301","0","0","0","N","0","0","0","3","67301","0","","1.0","45.0","1","N","N","N","1","","0","0","0","","2","N","","3","3","0","0","0","3","0","2","1","3","","","","N","","","","","","","","","",""
"2021110217","1210","0","0","0","1","0","0","0","0","0","8","0","","67","9","2021","5","39.990389","-75.124556","1200","6","0","0","0","0","0","0","0","0","","0","0","0","","","1","","2","","39 59:25.400","","0","75 07:28.400","4","0","0","0","67301","1","0","0","N","0","0","0","2","67301","1","","1.0","","99","N","N","N","0","","0","0","0","","3","","","2","1","0","0","0","0","0","2","0","1","","03","","N","","","","","","","","","",""
"2021095767","1745","0","0","0","0","0","0","0","0","0","7","0","","67","10","2021","6","39.994556","-75.191556","1740","6","0","0","0","0","0","0","0","0","","0","0","0","","","0","N","0","","39 59:40.400","","0","75 11:29.600","9","0","0","0","67301","0","0","0","N","0","0","0","1","67301","0","","4.0","","1","N","N","N","0","","0","0","0","","0","","","1","0","1","0","0","0","1","2","1","1","","","","N","","","","","","","","","",""
"2021091096","1057","2","0","0","0","0","0","0","0","0","5","0","","67","9","2021","5","40.027007","-75.092815","1050","6","0","0","0","0","1","1","1","0","","0","0","0","","","0","N","0","","40 01:37.226","1","0","75 05:34.133","9","0","0","0","67301","0","0","0","N","0","0","0","4","67301","0","","1.0","1300.0","1","N","N","N","0","","0","0","0","","0","N","","4","0","1","0","0","0","1","2","1","4","","04","","N","","","","","","","","","",""
"2021128670","1617","1","0","0","0","0","0","0","0","0","4","0","","67","12","2021","6","40.040628","-75.169796","1602","6","0","0","0","0","0","0","0","0","","0","0","0","","","1","","5","","40 02:26.260","","0","75 10:11.265","8","0","0","0","67301","0","0","0","N","0","0","0","2","67301","0","","1.0","","1","N","N","N","0","","0","0","1","","2","","","2","1","0","0","0","1","0","2","0","2","","04","","N","","","","","","","","","",""
"2021090909","0337","2","0","0","0","0","0","0","0","0","5","0","","67","9","2021","1","40.012552","-75.073222","0337","6","0","0","0","1","0","0","0","0","","0","0","0","","","1","","1","","40 00:45.188","","0","75 04:23.599","3","0","0","0","67301","0","0","0","N","0","0","0","2","67301","0","","1.0","","99","N","N","N","0","","1","0","0","","2","","","2","1","0","0","0","0","1","2","0","2","","","","N","","","","","","","","","",""
"2021097092","2340","2","0","0","0","0","0","0","0","0","5","0","","67","10","2021","1","40.035833","-75.03625","2332","6","0","0","0","0","0","1","0","0","","0","0","0","","","0","N","0","","40 02:09.000","","0","75 02:10.500","0","0","0","0","67301","0","0","0","N","0","0","0","1","67301","0","","6.0","","9","N","N","N","0","","0","0","1","","0","","","3","0","0","0","0","0","0","2","0","3","","03","","N","","","","","","","","","",""
"2021090668","1626","1","0","0","0","0","0","0","0","0","1","0","","67","9","2021","7","39.954944","-75.145556","1622","6","0","0","0","0","0","1","0","0","","0","0","0","","","2","N","0","","39 57:17.800","4","3","75 08:44.000","3","0","0","0","67301","0","0","0","N","0","0","0","5","67501","0","","1.0","1630.0","1","N","N","N","0","","2","0","2","","0","N","","3","2","0","0","0","0","0","2","0","3","","03","","N","","","","","","","","","",""
"2021093120","0925","1","0","0","0","0","0","0","0","0","1","0","","67","9","2021","2","40.02346","-75.139367","0916","6","0","0","0","0","0","1","0","0","","0","0","0","","","1","","1","","40 01:24.455","","0","75 08:21.721","3","0","0","0","67301","0","0","0","N","0","0","0","3","67301","0","","1.0","","1","N","N","N","0","","1","0","1","","2","","","2","1","0","0","0","0","1","2","0","2","","03","","N","","","","","","","","","",""
"2021101028","0248","2","0","0","0","0","0","0","0","0","5","0","","67","9","2021","6","40.006708","-75.140761","0247","6","0","0","0","0","0","0","0","0","","0","0","0","","","0","N","0","","40 00:24.150","","0","75 08:26.740","9","0","0","0","67301","0","0","0","N","0","0","0","1","67301","0","","6.0","","1","N","N","N","0","","0","0","4","","0","","","6","0","0","0","0","0","1","2","0","6","","03","","N","","","","","","","","","",""
"2021096792","0702","1","0","0","0","0","0","0","0","0","7","0","","67","9","2021","2","39.971729","-75.193332","0651","6","0","0","0","0","0","0","0","0","","0","0","0","","","1","","7","","39 58:18.224","4","2","75 11:35.996","3","0","0","0","67301","0","0","0","N","0","0","0","1","68K01","0","","7.0","707.0","1","N","N","N","0","","1","0","0","","0","N","","1","1","0","0","0","0","0","2","0","1","","","","N","","","","","","","","","",""
"2021098475","1730","1","0","0","0","0","0","0","0","0","4","0","","67","10","2021","6","39.986404","-75.169612","1722","6","0","0","0","0","0","0","0","0","","0","0","0","","","1","","1","","39 59:11.054","4","0","75 10:10.603","4","0","0","0","67301","0","0","0","N","0","0","0","3","67301","1","","1.0","1910.0","1","N","N","N","0","","0","0","1","","2","Y","","2","1","2","0","0","0","0","2","0","2","","03","","N","","","","","","","","","",""
"2021128468","0141","1","0","0","0","0","0","0","0","0","5","0","","67","12","2021","6","39.960482","-75.228478","0132","6","0","0","0","0","0","0","0","0","","0","0","0","","","0","N","0","","39 57:37.735","4","1","75 13:42.521","0","0","0","0","67301","0","0","0","N","0","0","0","3","67301","0","","1.0","230.0","9","N","N","N","0","","0","0","1","","0","Y","","2","0","0","0","0","0","0","2","0","2","","03","","N","","","","","","","","","",""
"2021123060","1647","1","0","0","0","0","0","0","0","0","1","0","35","67","12","2021","4","39.9535","-75.137333","1640","6","0","0","0","0","0","0","1","0","","0","0","0","","","1","N","0","","39 57:12.600","","3","75 08:14.400","4","0","0","0","67301","0","0","0","N","0","0","0","2","67501","1","","1.0","","1","Y","N","N","0","","0","0","1","","0","","","2","1","0","0","0","0","0","2","0","2","","03","N","Y","8","1","","","N","","","Y","","N"
"2021107233","2110","1","0","0","0","0","0","0","0","0","4","0","","67","11","2021","5","39.974966","-75.186669","2059","6","0","0","0","1","0","0","0","0","","0","0","0","","","1","","2","","39 58:29.876","","0","75 11:12.007","3","0","0","0","67301","0","0","0","N","0","0","0","3","67301","0","","1.0","","1","N","N","N","0","","1","0","1","","3","","","2","1","0","0","0","0","0","2","0","2","","03","","N","","","","","","","","","",""
"2021107814","1544","1","0","0","0","0","0","0","0","0","1","0","","67","11","2021","6","40.050748","-75.010003","1544","6","0","0","0","0","0","1","0","0","","0","0","0","","","1","Y","0","","40 03:02.692","1","0","75 00:36.009","3","0","0","0","67301","0","0","0","N","0","0","0","2","67301","0","","1.0","1505.0","1","N","N","N","0","","1","0","1","","2","N","","2","1","0","0","0","0","1","2","0","2","","03","","N","","","","","","","","","",""
"2021127673","0108","2","0","0","0","0","0","0","0","0","1","0","","67","12","2021","5","39.985381","-75.25881","0105","6","0","0","0","0","0","1","0","0","","0","0","0","","","0","N","0","","39 59:07.370","","0","75 15:31.717","0","0","0","0","67301","0","0","0","N","0","0","0","2","46104","0","","1.0","","1","N","N","N","0","","0","0","0","","0","","","2","0","0","0","0","0","0","2","0","2","","","","N","","","","","","","","","",""
"2021108854","1125","0","0","0","0","0","0","0","0","0","8","0","","67","11","2021","5","39.986021","-75.097209","1125","6","0","0","0","0","0","0","0","0","","0","0","0","","","1","","1","","39 59:09.674","","0","75 05:49.953","3","0","0","0","67301","1","0","0","N","1","0","0","2","67301","0","","1.0","","99","N","N","N","0","","1","0","1","","3","","","2","1","0","0","0","0","0","2","0","1","","","","N","","","","","","","","","",""
"2021108827","1440","1","0","0","0","0","0","0","0","0","4","0","","67","11","2021","1","40.077992","-75.023685","1427","6","0","0","0","0","0","0","0","0","","0","0","0","","","1","","2","","40 04:40.772","","0","75 01:25.266","3","0","0","0","67301","0","0","0","N","0","0","0","2","67301","0","","1.0","","1","N","N","N","0","","1","0","0","","2","","","2","1","0","0","0","0","0","2","1","2","","04","","N","","","","","","","","","",""
"2021108237","1535","1","0","0","0","0","0","0","0","0","4","0","","67","11","2021","2","39.979851","-75.142873","1535","6","0","0","0","0","0","1","0","0","","0","0","0","","","0","","1","","39 58:47.465","","0","75 08:34.342","9","0","0","0","67301","0","0","0","N","0","0","0","2","67301","0","","1.0","","1","N","N","N","0","","0","0","0","","2","","","2","0","1","0","0","0","1","2","1","2","","","","N","","","","","","","","","",""
"2021128674","1822","2","0","0","0","0","0","0","0","0","2","0","","67","12","2021","6","39.874859","-75.25717","1815","6","0","0","0","0","0","0","1","0","","0","0","0","","","1","N","0","","39 52:29.492","","8","75 15:25.812","4","0","0","0","67301","0","0","0","N","0","0","0","2","23109","1","","1.0","","1","N","N","N","0","","0","0","0","","0","","","2","1","0","0","0","0","0","2","0","2","","03","","N","","","","","","","","","",""
"2021110436","2338","1","0","0","0","0","0","0","0","0","4","0","","67","11","2021","7","40.005516","-75.105344","2338","6","0","1","0","0","0","0","0","0","","0","0","0","","","0","","1","","40 00:19.857","","0","75 06:19.237","0","0","0","0","67301","0","0","0","N","0","0","0","2","67301","0","","1.0","","1","N","N","N","0","","0","0","1","","2","","","2","0","0","0","0","0","0","2","0","2","","03","","N","","","","","","","","","",""
"2021106887","0733","2","0","0","0","0","0","0","0","0","1","0","","67","11","2021","5","40.021244","-75.077561","0713","6","0","0","0","0","0","0","0","0","","0","0","0","","","0","N","0","","40 01:16.480","","0","75 04:39.220","0","0","0","0","67301","0","0","0","N","0","0","0","1","67301","0","","6.0","","1","N","N","Y","0","","0","0","0","","0","","","3","0","0","0","0","0","0","2","1","3","","","","N","","","","","","","","","",""
"2021121387","1707","1","0","0","0","0","0","0","0","0","1","0","","67","12","2021","6","40.049918","-74.993865","1628","6","0","0","0","0","0","0","0","0","","0","0","0","","","1","N","0","","40 02:59.705","","0","74 59:37.915","3","0","0","0","67301","0","0","0","N","0","0","0","3","68K01","0","","1.0","","1","N","N","N","0","","1","0","0","","0","","","3","1","0","0","0","0","2","2","0","3","","","","N","","","","","","","","","",""
"2021106709","0044","4","0","0","0","0","0","0","0","0","4","0","","67","11","2021","5","40.018021","-75.149331","0044","6","0","0","0","0","0","1","0","0","","0","0","0","","","1","","1","","40 01:04.874","2","0","75 08:57.592","2","0","0","0","67301","0","0","0","N","0","0","0","5","67301","0","","1.0","215.0","1","N","N","N","0","","0","1","0","","2","Y","","4","1","0","0","0","0","0","2","0","4","","03","","N","","","","","","","","","",""
"2021108518","1409","1","0","0","0","0","0","0","0","0","8","0","","67","11","2021","6","40.036937","-75.041064","1409","6","0","0","0","1","0","0","0","0","","0","0","0","","","1","N","0","","40 02:12.972","","0","75 02:27.831","2","0","0","0","67301","1","0","1","N","1","0","1","2","67301","0","","1.0","","1","N","N","N","0","","0","1","0","","0","","","2","1","0","0","0","0","0","2","0","1","","03","","N","","","","","","","","","",""
"2021121323","1712","1","0","0","0","0","0","0","0","0","4","0","","67","12","2021","7","40.057936","-75.142286","1755","6","0","0","0","0","0","1","0","0","","0","0","0","","","1","","1","","40 03:28.569","","0","75 08:32.229","3","0","0","0","67301","0","0","0","N","0","0","0","2","67301","0","","1.0","","9","N","N","N","0","","1","0","1","","3","","","2","1","0","0","0","0","0","2","0","2","","","","N","","","","","","","","","",""
"2021124404","2241","2","0","0","0","0","0","0","0","0","4","0","","67","12","2021","5","39.970683","-75.232585","2241","6","0","0","0","0","0","0","0","0","","0","0","0","","","1","","1","","39 58:14.458","","0","75 13:57.306","3","0","0","0","67301","0","0","0","N","0","0","0","4","67301","0","","1.0","","1","N","N","N","0","","1","0","0","","2","","","2","1","3","0","0","0","0","2","0","2","","03","","N","","","","","","","","","",""
"2021120225","0733","1","0","0","0","0","0","0","0","0","4","0","","67","12","2021","4","39.955372","-75.155889","0723","6","0","0","0","0","0","0","0","0","","0","0","0","","","1","","1","","39 57:19.340","","0","75 09:21.200","8","0","0","0","67301","0","0","0","N","0","0","0","3","67301","0","","1.0","","1","N","N","N","0","","0","0","0","","2","","","2","1","0","0","0","1","0","2","1","2","","03","","N","","","","","","","","","",""
"2021108691","0833","0","0","0","0","0","0","0","0","0","1","0","","67","11","2021","4","39.946993","-75.142027","0832","6","0","1","0","0","0","0","0","0","","0","0","0","","","0","N","0","","39 56:49.174","","0","75 08:31.297","0","0","0","0","67301","0","0","0","N","0","0","0","3","68K01","0","","1.0","","1","N","N","N","0","","0","0","2","","0","","","3","0","0","0","0","0","0","2","1","3","","","","N","","","","","","","","","",""
"2021121921","1507","2","0","0","0","0","0","0","0","0","1","0","","67","12","2021","3","39.954031","-75.18129","1456","6","0","0","0","0","0","2","0","0","","0","0","0","","","2","N","0","","39 57:14.513","4","1","75 10:52.645","4","0","0","0","67301","0","0","0","N","0","0","0","4","68K01","1","","1.0","30.0","1","N","N","N","0","","0","0","2","","0","N","","4","2","1","0","0","1","0","2","0","4","","","","N","","","","","","","","","",""
"2021105831","0858","2","0","0","0","0","0","0","0","0","1","0","","67","11","2021","4","39.99588","-75.169591","0851","6","0","0","0","0","0","0","0","0","","0","0","0","","","1","N","0","","39 59:45.168","","0","75 10:10.529","4","0","0","0","67301","0","0","0","N","0","0","0","4","67301","1","","1.0","","1","N","Y","N","1","","0","0","0","","0","","","3","1","0","0","0","0","0","2","0","3","","03","","N","","","","","","","","","",""
"2021109377","1317","1","0","0","0","0","0","0","0","0","4","0","","67","11","2021","6","39.956963","-75.225502","1315","6","0","0","0","0","0","0","0","1","","0","0","0","","","0","","1","","39 57:25.067","","0","75 13:31.807","0","0","0","0","67301","0","0","0","N","0","0","0","2","67301","0","","1.0","","1","N","N","N","0","","0","0","1","","2","","","2","0","1","0","0","0","0","2","0","2","","","","N","","","","","","","","","",""
"2021128662","2145","1","0","0","0","0","0","0","0","0","4","0","","67","12","2021","5","39.911099","-75.230323","2145","6","0","0","0","0","0","1","0","0","","0","0","0","","","1","","1","","39 54:39.956","","0","75 13:49.162","3","0","0","0","67301","0","0","0","N","0","0","0","2","67301","0","","1.0","","1","N","N","N","0","","1","0","1","","2","","","2","1","0","0","0","0","0","2","0","2","","04","","N","","","","","","","","","",""
"2021107189","1040","1","0","0","0","0","0","0","0","0","1","0","","67","11","2021","6","39.951288","-75.199257","1036","6","0","0","0","0","0","0","0","0","","0","0","0","","","0","","1","","39 57:04.636","","0","75 11:57.326","0","0","0","0","67301","0","0","0","N","0","0","0","2","67504","0","","1.0","","1","N","N","N","0","","0","0","1","","2","","","2","0","0","0","0","0","0","2","0","2","","03","","N","","","","","","","","","",""
"2021107432","1635","3","0","0","0","0","0","0","0","0","1","0","","67","11","2021","5","39.978272","-75.161317","1630","6","0","0","0","0","0","0","0","0","","0","0","0","","","0","N","0","","39 58:41.780","","0","75 09:40.740","0","0","0","0","67301","0","0","0","N","0","0","0","1","67301","0","","6.0","","1","N","N","N","1","","0","0","0","","0","","","4","0","0","0","0","0","0","2","0","4","","03","","N","","","","","","","","","",""
"2021107994","1251","1","0","0","0","0","0","0","0","0","4","0","","67","11","2021","3","40.040258","-75.058429","1251","6","0","0","0","0","0","0","1","0","","0","0","0","","","2","","1","","40 02:24.930","","0","75 03:30.344","8","0","0","0","67301","0","0","0","N","0","0","0","3","67301","0","","1.0","","1","N","N","N","0","","0","0","1","","2","","","2","2","0","0","0","2","0","2","0","2","","","","N","","","","","","","","","",""
"2021106350","0843","2","0","0","0","0","0","0","0","0","4","0","","67","11","2021","4","40.099181","-75.012354","0825","6","0","0","0","0","1","1","0","0","","0","0","0","","","1","","1","","40 05:57.051","","0","75 00:44.474","3","0","0","0","67301","0","0","0","N","0","0","0","2","67301","0","","1.0","","1","N","N","N","0","","1","0","0","","2","","","2","1","0","0","0","0","0","2","0","2","","03","","N","","","","","","","","","",""
"2021107808","2331","0","0","0","0","0","0","0","0","0","8","0","","67","11","2021","1","39.9704","-75.161061","2325","6","0","0","0","0","0","0","0","0","","0","0","0","","","1","N","0","","39 58:13.440","","0","75 09:39.820","3","0","0","0","67301","1","0","0","N","1","0","0","2","67301","0","","1.0","","1","N","N","N","0","","1","0","1","","0","","","2","1","0","0","0","0","0","2","0","1","","03","","N","","","","","","","","","",""
"2021121252","0110","2","0","0","0","0","0","0","0","0","4","0","","67","12","2021","7","40.021538","-75.139814","0105","6","0","0","0","0","0","0","0","0","","0","0","0","","","2","","1","","40 01:17.537","","0","75 08:23.331","4","0","0","0","67301","0","0","0","N","0","0","0","5","67301","2","","1.0","","8","N","N","N","0","","0","0","0","","2","","","2","2","0","0","0","0","0","2","0","2","","07","","N","","","","","","","","","",""
"2021107188","0354","2","0","0","0","0","0","0","0","0","2","0","","67","11","2021","6","39.956778","-75.206222","0354","6","0","0","0","0","0","0","0","0","","0","0","0","","","0","N","0","","39 57:24.400","","0","75 12:22.400","0","0","0","0","67301","0","0","0","N","0","0","0","1","67504","0","","6.0","","1","N","N","N","1","","0","0","0","","0","","","3","0","1","0","0","0","0","2","0","3","","","","N","","","","","","","","","",""
"2021128672","1648","1","0","0","0","0","0","0","0","0","4","0","","67","12","2021","6","39.975573","-75.156318","1646","6","0","0","0","0","0","1","0","0","","0","0","0","","","0","","1","","39 58:32.062","","0","75 09:22.744","0","0","0","0","67301","0","0","0","N","0","0","0","2","67301","0","","1.0","","1","N","N","N","1","","0","0","0","","2","","","2","0","0","0","0","0","0","2","0","2","","03","","N","","","","","","","","","",""
"2021128663","0800","2","0","0","0","0","0","0","0","0","1","0","","67","12","2021","6","39.943372","-75.232331","0751","6","0","0","0","0","0","0","0","0","","0","0","0","","","0","","1","","39 56:36.138","","0","75 13:56.392","0","0","0","0","67301","0","0","0","N","0","0","0","2","67301","0","","1.0","","9","N","N","N","0","","0","0","0","","2","","","2","0","0","0","0","0","0","2","0","2","","","","N","","","","","","","","","",""
"2021120947","0815","2","0","0","0","0","0","0","0","0","5","0","","67","12","2021","6","39.903614","-75.240152","0757","6","0","0","0","0","0","0","0","0","","0","0","0","","","0","N","0","","39 54:13.010","","0","75 14:24.547","0","0","0","0","67301","0","0","0","N","0","0","0","2","67301","0","","1.0","","1","N","N","N","0","","0","0","0","","0","","","3","0","0","0","0","0","0","2","0","2","","03","","N","","","","","","","","","",""
"2021121651","0420","1","0","0","0","0","0","0","0","0","7","0","","67","12","2021","6","39.894612","-75.236717","0416","6","0","0","0","0","0","0","0","0","","0","0","0","","","0","N","1","","39 53:40.603","","0","75 14:12.181","0","0","0","0","67301","0","0","0","N","0","0","0","1","67301","0","","4.0","","1","N","N","N","0","","0","0","0","","2","","","1","0","1","0","0","0","0","2","0","1","","04","","N","","","","","","","","","",""
"2021124518","2127","0","0","0","0","0","0","0","0","0","4","0","","67","12","2021","4","40.007438","-75.100698","2124","6","0","0","0","0","0","0","0","0","","0","0","0","","","1","","1","","40 00:26.778","7","0","75 06:02.514","8","0","0","0","67301","0","0","0","N","0","0","0","3","67301","0","","1.0","2230.0","1","N","N","N","0","","0","0","2","","2","Y","","3","1","0","0","0","1","2","2","1","3","","03","","N","","","","","","","","","",""
"2021128097","0245","1","0","0","0","0","0","0","0","0","4","0","","67","12","2021","5","39.945139","-75.150044","0240","6","0","0","0","0","0","1","0","0","","0","0","0","","","0","","1","","39 56:42.500","","0","75 09:00.158","0","0","0","0","67301","0","0","0","N","0","0","0","3","67301","0","","1.0","","9","N","N","N","0","","0","0","1","","2","","","2","0","0","0","0","0","0","2","0","2","","07","","N","","","","","","","","","",""
"2021106369","1607","1","0","0","0","0","0","0","0","0","8","0","","67","11","2021","3","40.020517","-75.053726","1607","6","0","0","0","0","0","0","0","0","","0","0","0","","","1","","1","","40 01:13.862","","0","75 03:13.412","4","0","0","0","67301","1","0","0","N","1","0","0","2","67301","1","","1.0","","9","N","N","N","0","","0","0","0","","2","","","2","1","0","0","0","0","0","2","0","1","","07","","N","","","","","","","","","",""