"CRN","ARRIVAL_TM","AUTOMOBILE_COUNT","BELTED_DEATH_COUNT","BELTED_SUSP_SERIOUS_INJ_COUNT","BICYCLE_COUNT","BICYCLE_DEATH_COUNT","BICYCLE_SUSP_SERIOUS_INJ_COUNT","BUS_COUNT","CHLDPAS_DEATH_COUNT","CHLDPAS_SUSP_SERIOUS_INJ_COUNT","COLLISION_TYPE","COMM_VEH_COUNT","CONS_ZONE_SPD_LIM","COUNTY","CRASH_MONTH","CRASH_YEAR","DAY_OF_WEEK","DEC_LATITUDE","DEC_LONGITUDE","DISPATCH_TM","DISTRICT","DRIVER_COUNT_16YR","DRIVER_COUNT_17YR","DRIVER_COUNT_18YR","DRIVER_COUNT_19YR","DRIVER_COUNT_20YR","DRIVER_COUNT_50_64YR","DRIVER_COUNT_65_74YR","DRIVER_COUNT_75PLUS","EST_HRS_CLOSED","FATAL_COUNT","HEAVY_TRUCK_COUNT","HORSE_BUGGY_COUNT","HOUR_OF_DAY","ILLUMINATION","INJURY_COUNT","INTERSECTION_RELATED","INTERSECT_TYPE","LANE_CLOSED","LATITUDE","LN_CLOSE_DIR","LOCATION_TYPE","LONGITUDE","MAX_SEVERITY_LEVEL","MCYCLE_DEATH_COUNT","MCYCLE_SUSP_SERIOUS_INJ_COUNT","MOTORCYCLE_COUNT","MUNICIPALITY","NONMOTR_COUNT","NONMOTR_DEATH_COUNT","NONMOTR_SUSP_SERIOUS_INJ_COUNT","NTFY_HIWY_MAINT","PED_COUNT","PED_DEATH_COUNT","PED_SUSP_SERIOUS_INJ_COUNT","PERSON_COUNT","POLICE_AGCY","POSSIBLE_INJ_COUNT","RDWY_SURF_TYPE_CD","RELATION_TO_ROAD","ROADWAY_CLEARED","ROAD_CONDITION","SCH_BUS_IND","SCH_ZONE_IND","SECONDARY_CRASH","SMALL_TRUCK_COUNT","SPEC_JURIS_CD","SUSP_MINOR_INJ_COUNT","SUSP_SERIOUS_INJ_COUNT","SUV_COUNT","TCD_FUNC_CD","TCD_TYPE","TFC_DETOUR_IND","TIME_OF_DAY","TOTAL_UNITS","TOT_INJ_COUNT","UNBELTED_OCC_COUNT","UNB_DEATH_COUNT","UNB_SUSP_SERIOUS_INJ_COUNT","UNK_INJ_DEG_COUNT","UNK_INJ_PER_COUNT","URBAN_RURAL","VAN_COUNT","VEHICLE_COUNT","WEATHER1","WEATHER2","WORKERS_PRES","WORK_ZONE_IND","WORK_ZONE_LOC","WORK_ZONE_TYPE","WZ_CLOSE_DETOUR","WZ_FLAGGER","WZ_LAW_OFFCR_IND","WZ_LN_CLOSURE","WZ_MOVING","WZ_OTHER","WZ_SHLDER_MDN","WZ_WORKERS_INJ_KILLED"
"2021127220","1518","0","0","0","0","0","0","0","0","0","8","0","","67","12","2021","5","39.950167","-75.158565","1508","6","0","0","0","0","0","0","0","0","","0","0","0","","","1","","1","","39 57:00.602","","0","75 09:30.834","4","0","0","0","67301","1","0","0","N","1","0","0","2","67301","1","","1.0","","1","N","N","N","0","","0","0","1","","2","","","2","1","1","0","0","0","0","2","0","1","","03","","N","","","","","","","","","",""
"2021109376","0220","2","0","0","0","0","0","0","0","0","4","0","","67","11","2021","5","39.953336","-75.183775","0214","6","0","0","0","0","0","0","0","0","","0","0","0","","","0","","1","","39 57:12.011","","0","75 11:01.589","0","0","0","0","67301","0","0","0","N","0","0","0","3","67301","0","","1.0","","1","N","N","N","0","","0","0","0","","2","","","2","0","0","0","0","0","0","2","0","2","","03","","N","","","","","","","","","",""
"2021115275","2045","2","0","0","0","0","0","0","0","0","4","0","","67","11","2021","2","40.030089","-75.088161","2035","6","0","0","0","0","2","0","0","0","","0","0","0","","","2","","1","","40 01:48.320","2","0","75 05:17.380","3","0","0","0","67301","0","0","0","N","0","0","0","4","67301","1","","1.0","2100.0","1","N","N","N","0","","1","0","1","","2","Y","","3","2","0","0","0","0","0","2","0","3","","03","","N","","","","","","","","","",""
"2021123526","1040","1","0","0","0","0","0","0","0","0","8","0","","67","12","2021","4","40.008197","-75.071686","1026","6","0","0","0","0","0","0","0","0","","0","0","0","","","1","","2","","40 00:29.508","","0","75 04:18.071","3","0","0","0","67301","1","0","0","N","1","0","0","3","67301","0","","1.0","","1","N","N","N","0","","1","0","0","","3","","","2","1","2","0","0","0","0","2","0","1","","03","","N","","","","","","","","","",""
"2021106784","1744","0","0","0","0","0","0","0","0","0","3","0","","67","11","2021","4","40.055671","-75.126533","1738","6","0","0","0","0","0","2","0","0","","0","0","0","","","0","N","0","","40 03:20.417","","0","75 07:35.517","0","0","0","0","67301","0","0","0","N","0","0","0","3","46102","0","","1.0","","1","N","N","Y","0","","0","0","1","","0","","","2","0","0","0","0","0","0","2","1","2","","03","","N","","","","","","","","","",""
"2021128590","0803","2","0","0","0","0","0","0","0","0","6","0","","67","12","2021","6","40.043795","-75.180295","0759","6","0","0","0","0","0","0","0","0","","0","0","0","","","1","N","0","","40 02:37.662","","0","75 10:49.063","8","0","0","0","67301","0","0","0","N","0","0","0","2","67301","0","","6.0","","9","N","N","Y","0","","0","0","2","","0","","","4","1","1","0","0","1","0","2","0","4","","04","","N","","","","","","","","","",""
"2021114725","0713","2","0","0","0","0","0","0","0","0","1","0","","67","11","2021","4","39.94746","-75.187253","0655","6","0","0","0","0","0","0","0","0","","0","0","0","","","1","N","0","","39 56:50.857","4","0","75 11:14.112","4","0","0","0","67301","0","0","0","N","0","0","0","3","68K01","1","","1.0","753.0","1","N","N","N","0","","0","0","1","","0","N","","3","1","0","0","0","0","1","2","0","3","","","","N","","","","","","","","","",""
"2021107770","0758","1","0","0","0","0","0","0","0","0","4","0","","67","11","2021","3","40.01207","-75.112176","0758","6","0","0","1","0","0","0","0","0","","0","0","0","","","3","","1","","40 00:43.452","1","0","75 06:43.833","3","0","0","0","67301","0","0","0","N","0","0","0","3","67301","0","","1.0","820.0","1","N","N","N","0","","3","0","1","","2","Y","","2","3","0","0","0","0","0","2","0","2","","03","","N","","","","","","","","","",""
"2021122667","0055","2","0","0","0","0","0","0","0","0","1","0","","67","12","2021","2","39.954439","-75.205108","0053","6","0","0","0","0","0","1","0","0","","0","0","0","","","1","","1","","39 57:15.980","","0","75 12:18.387","3","0","0","0","67301","0","0","0","N","0","0","0","2","67301","0","","1.0","","1","N","N","N","0","","1","0","0","","2","","","2","1","0","0","0","0","0","2","0","2","","03","","N","","","","","","","","","",""
"2021128676","1844","2","0","0","0","0","0","0","0","0","4","0","","67","12","2021","6","40.044276","-75.174478","1839","6","0","0","0","0","0","0","0","0","","0","0","0","","","1","","2","","40 02:39.393","","0","75 10:28.120","8","0","0","0","67301","0","0","0","N","0","0","0","3","67301","0","","1.0","","1","N","N","N","0","","0","0","0","","3","","","2","1","0","0","0","1","0","2","0","2","","03","","N","","","","","","","","","",""
"2021106628","1330","0","0","0","0","0","0","0","0","0","1","0","","67","11","2021","4","40.023392","-75.084465","1323","6","0","0","0","0","0","0","1","0","","0","0","0","","","2","","5","","40 01:24.211","5","0","75 05:04.074","8","0","0","0","67301","2","0","0","N","2","0","0","4","67301","0","","1.0","1430.0","1","N","N","N","1","","0","0","0","","2","Y","","4","2","0","0","0","2","0","2","1","2","","","","N","","","","","","","","","",""
"2021111048","1410","1","0","0","0","0","0","0","0","0","4","0","","67","11","2021","6","39.96752","-75.148685","1359","6","0","0","0","1","0","0","1","0","","0","0","0","","","4","","1","","39 58:03.072","6","0","75 08:55.266","3","0","0","0","67301","0","0","0","N","0","0","0","4","67301","0","","1.0","0.0","1","N","Y","N","0","","4","0","1","","3","N","","2","4","0","0","0","0","0","2","0","2","","03","","N","","","","","","","","","",""
"2021123637","0837","1","0","0","0","0","0","0","0","0","5","0","","67","12","2021","6","40.047278","-75.155694","0836","6","0","0","0","0","0","1","0","0","","0","0","0","","","0","N","0","","40 02:50.200","2","0","75 09:20.500","0","0","0","0","67301","0","0","0","N","0","0","0","1","67301","0","","6.0","900.0","1","N","N","N","0","","0","0","2","","0","N","","3","0","0","0","0","0","0","2","0","3","","","","N","","","","","","","","","",""
"2021107502","0142","1","0","0","0","0","0","0","0","0","1","0","","67","11","2021","7","40.032362","-75.146199","0142","6","0","0","0","1","0","0","0","0","","0","0","0","","","0","N","0","","40 01:56.503","","0","75 08:46.318","9","0","0","0","67301","0","0","0","N","0","0","0","3","67301","0","","1.0","","1","N","N","N","0","","0","0","0","","0","","","2","0","3","0","0","0","3","2","1","2","","03","","N","","","","","","","","","",""
"2021105266","2346","1","0","0","0","0","0","0","0","0","4","0","","67","11","2021","2","40.029898","-75.087801","2346","6","0","0","0","0","0","0","0","0","","0","0","0","","","1","","1","","40 01:47.633","1","0","75 05:16.085","2","0","0","0","67301","0","0","0","N","0","0","0","3","67301","0","","1.0","135.0","1","N","N","Y","0","","0","1","1","","2","Y","","2","1","3","0","1","0","0","2","0","2","","03","","N","","","","","","","","","",""
"2021110210","1130","0","0","0","0","0","0","0","0","0","8","0","","67","11","2021","6","40.021418","-75.148483","1130","6","0","0","0","0","0","0","0","0","","0","0","0","","","1","","1","","40 01:17.105","","0","75 08:54.538","2","0","0","0","67301","1","0","1","N","1","0","1","2","67301","0","","1.0","","1","N","N","N","0","","0","1","1","","2","","","2","1","0","0","0","0","0","2","0","1","","03","","N","","","","","","","","","",""
"2021122973","1145","2","0","0","0","0","0","0","0","0","5","0","","67","12","2021","1","39.972914","-75.170707","1145","6","0","0","0","0","0","0","0","0","","0","0","0","","","0","N","0","","39 58:22.492","","0","75 10:14.545","0","0","0","0","67301","0","0","0","N","0","0","0","1","67301","0","","6.0","","1","N","N","N","1","","0","0","1","","0","","","4","0","1","0","0","0","0","2","0","4","","03","","N","","","","","","","","","",""
"2021108889","1303","1","0","0","0","0","0","0","0","0","4","0","","67","11","2021","2","40.044366","-75.054037","1246","6","0","0","0","0","0","0","0","0","","0","0","0","","","0","","1","","40 02:39.718","","0","75 03:14.534","9","0","0","0","67301","0","0","0","N","0","0","0","2","67301","0","","1.0","","1","N","N","N","0","","0","0","1","","2","","","2","0","0","0","0","0","1","2","0","2","","","","N","","","","","","","","","",""
"2021108066","1945","1","0","0","0","0","0","0","0","0","7","0","","67","11","2021","1","39.946842","-75.186778","1942","6","0","0","0","0","0","0","0","0","","0","0","0","","","1","N","0","","39 56:48.630","","3","75 11:12.400","3","0","0","0","67301","0","0","0","N","0","0","0","1","67301","0","","4.0","","1","N","N","N","0","","1","0","0","","0","","","1","1","0","0","0","0","0","2","0","1","","03","","N","","","","","","","","","",""
"2021128588","0801","1","0","0","0","0","0","0","0","0","8","0","","67","12","2021","5","40.065219","-75.1681","0801","6","0","0","0","0","0","1","0","0","","0","0","0","","","1","","1","","40 03:54.789","","0","75 10:05.159","3","0","0","0","67301","1","0","0","N","1","0","0","2","67301","0","","1.0","","9","N","N","N","0","","1","0","0","","2","","","2","1","0","0","0","0","0","2","0","1","","","","N","","","","","","","","","",""
"2021110406","2145","1","0","0","0","0","0","0","0","0","4","0","","67","11","2021","7","39.977228","-75.210014","2135","6","0","0","0","0","0","1","0","0","","0","0","0","","","1","","1","","39 58:38.020","","0","75 12:36.050","8","0","0","0","67301","0","0","0","N","0","0","0","2","67301","0","","1.0","","1","N","N","N","0","","0","0","1","","3","","","2","1","0","0","0","1","1","2","0","2","","04","","N","","","","","","","","","",""
"2021107810","0438","1","0","0","0","0","0","0","0","0","4","0","","67","11","2021","7","40.040314","-75.043293","0436","6","0","0","0","0","0","0","0","0","","0","0","0","","","0","","1","","40 02:25.130","4","0","75 02:35.854","0","0","0","0","67301","0","0","0","N","0","0","0","2","67301","0","","1.0","515.0","1","N","N","N","0","","0","0","0","","2","N","","2","0","0","0","0","0","0","2","0","2","","","","N","","","","","","","","","",""
"2021109399","1400","1","0","0","0","0","0","0","0","0","4","0","","67","11","2021","6","40.012411","-75.150553","1400","6","0","0","0","0","0","0","1","0","","0","0","0","","","1","","1","","40 00:44.679","","0","75 09:01.989","4","0","0","0","67301","0","0","0","N","0","0","0","2","67301","1","","1.0","","1","N","N","N","0","","0","0","1","","2","","","2","1","0","0","0","0","0","2","0","2","","03","","N","","","","","","","","","",""
"2021121370","1247","0","0","0","0","0","0","0","0","0","1","0","","67","12","2021","5","39.958052","-75.164027","1235","6","0","0","0","0","0","1","0","0","","0","0","0","","","1","N","0","","39 57:28.987","","0","75 09:50.497","3","0","0","0","67301","0","0","0","N","0","0","0","2","68K01","0","","1.0","","1","N","N","N","1","","1","0","1","","0","","","2","1","0","0","0","0","1","2","0","2","","","","N","","","","","","","","","",""
"2021107017","0232","1","0","0","0","0","0","0","0","0","4","0","","67","11","2021","6","39.956963","-75.225502","0225","6","0","0","0","0","0","0","0","0","","0","0","0","","","1","","1","","39 57:25.067","","0","75 13:31.807","8","0","0","0","67301","0","0","0","N","0","0","0","2","67301","0","","1.0","","1","N","N","N","0","","0","0","0","","2","","","2","1","0","0","0","1","0","2","0","2","","03","","N","","","","","","","","","",""
"2021109392","0911","0","0","0","0","0","0","0","0","0","8","0","","67","11","2021","2","39.968966","-75.136447","0904","6","0","0","0","0","0","0","0","0","","0","0","0","","","1","N","0","","39 58:08.276","","0","75 08:11.208","3","0","0","0","67301","1","0","0","N","1","0","0","2","67301","0","","1.0","","1","N","N","N","0","","1","0","1","","0","","","2","1","1","0","0","0","0","2","0","1","","03","","N","","","","","","","","","",""
"2021107494","0322","0","0","0","0","0","0","0","0","0","1","0","","67","11","2021","7","40.026388","-75.117154","0314","6","0","0","0","0","0","0","0","0","","0","0","0","","","0","","1","","40 01:34.996","3","0","75 07:01.756","9","0","0","0","67301","0","0","0","N","0","0","0","2","67301","0","","1.0","400.0","1","N","N","N","0","","0","0","1","","2","N","","2","0","0","0","0","0","2","2","1","2","","03","","N","","","","","","","","","",""
"2021109116","2350","1","0","0","0","0","0","0","0","0","7","0","","67","11","2021","1","39.912139","-75.173833","2350","6","0","0","0","0","0","0","0","0","","0","0","0","","","0","N","0","","39 54:43.700","3","2","75 10:25.800","0","0","0","0","67301","0","0","0","N","0","0","0","2","67501","0","","4.0","40.0","1","N","N","N","0","","0","0","0","","0","Y","","1","0","0","0","0","0","0","2","0","1","","","","N","","","","","","","","","",""
"2021105388","0920","0","0","0","0","0","0","0","0","0","1","0","","67","11","2021","3","40.098044","-74.984661","0915","6","0","0","0","0","0","0","0","0","","0","0","0","","","2","N","0","","40 05:52.960","","0","74 59:04.780","3","0","0","0","67301","0","0","0","N","0","0","0","3","67301","0","","1.0","","1","N","N","N","1","","2","0","1","","0","","","2","2","0","0","0","0","0","2","0","2","","","","N","","","","","","","","","",""
"2021105862","1940","1","0","0","0","0","0","0","0","0","8","0","","67","11","2021","3","39.936775","-75.159946","1931","6","0","0","0","0","0","0","0","0","","0","0","0","","","1","","1","","39 56:12.390","","0","75 09:35.805","8","0","0","0","67301","1","0","0","N","1","0","0","2","67301","0","","1.0","","9","N","N","N","0","","0","0","0","","2","","","2","1","0","0","0","1","0","2","0","1","","07","","N","","","","","","","","","",""
"2021107465","0320","3","0","0","0","0","0","0","0","0","4","0","","67","11","2021","7","39.946088","-75.176762","0314","6","0","0","0","0","0","0","0","0","","0","0","0","","","2","","1","","39 56:45.916","","0","75 10:36.344","3","0","0","0","67301","0","0","0","N","0","0","0","2","67301","0","","1.0","","1","N","N","N","0","","2","0","0","","2","","","3","2","0","0","0","0","0","2","0","3","","03","","N","","","","","","","","","",""
"2021107775","0620","1","0","0","1","0","0","0","0","0","8","0","","67","11","2021","5","40.055556","-75.089756","0613","6","0","0","0","0","0","0","0","0","","0","0","0","","","1","N","0","","40 03:20.001","","7","75 05:23.122","8","0","0","0","67301","1","0","0","N","0","0","0","2","67301","0","","1.0","","99","N","N","N","0","","0","0","0","","0","","","2","1","0","0","0","1","0","2","0","1","","","","N","","","","","","","","","",""
"2021108268","2325","1","0","0","0","0","0","0","0","0","8","0","","67","11","2021","5","39.950714","-75.168938","2306","6","0","0","0","0","0","0","0","0","","0","0","0","","","1","","1","","39 57:02.569","","0","75 10:08.177","4","0","0","0","67301","1","0","0","N","1","0","0","2","67301","1","","1.0","","1","N","N","N","0","","0","0","0","","2","","","2","1","0","0","0","0","0","2","0","1","","03","","N","","","","","","","","","",""
"2021108600","1917","2","0","0","0","0","0","0","0","0","4","0","","67","11","2021","7","39.94275","-75.161876","1916","6","0","0","0","0","0","0","0","0","","0","0","0","","","0","","1","","39 56:33.899","","0","75 09:42.753","0","0","0","0","67301","0","0","0","N","0","0","0","2","67301","0","","1.0","","99","N","N","N","0","","0","0","0","","3","","","2","0","1","0","0","0","0","2","0","2","","03","","N","","","","","","","","","",""
"2021109805","1007","2","0","0","0","0","0","0","0","0","4","0","","67","11","2021","1","40.018922","-75.049504","1005","6","0","0","0","0","0","0","0","0","","0","0","0","","","1","","1","","40 01:08.120","","0","75 02:58.216","8","0","0","0","67301","0","0","0","N","0","0","0","3","67301","0","","1.0","","1","N","N","N","0","","0","0","0","","3","","","2","1","0","0","0","1","0","2","0","2","","03","","N","","","","","","","","","",""
"2021109327","0922","1","0","0","0","0","0","0","0","0","5","0","","67","10","2021","6","39.984405","-75.260566","0918","6","0","0","0","0","0","0","0","0","","0","0","0","","","0","N","0","","39 59:03.859","","0","75 15:38.038","0","0","0","0","67301","0","0","0","N","0","0","0","2","46104","0","","1.0","","1","N","N","N","0","","0","0","1","","0","","","2","0","0","0","0","0","0","2","0","2","","","","N","","","","","","","","","",""
"2021114723","0559","0","0","0","0","0","0","0","0","0","1","0","","67","11","2021","4","39.937234","-75.198806","0546","6","0","0","0","0","0","1","0","0","","0","0","0","","","1","","6","","39 56:14.042","","2","75 11:55.702","3","0","0","0","67301","0","0","0","N","0","0","0","2","68K01","0","","7.0","","1","N","N","N","0","","1","0","1","","0","","","2","1","0","0","0","0","0","2","1","2","","","","N","","","","","","","","","",""
"2021122112","1120","0","0","0","0","0","0","0","0","0","8","0","","67","12","2021","2","40.045003","-75.123562","1058","6","0","0","0","0","0","1","0","0","","0","0","0","","","1","","1","","40 02:42.011","","0","75 07:24.823","3","0","0","0","67301","1","0","0","N","1","0","0","2","67301","0","","1.0","","1","N","N","N","0","","1","0","0","","2","","","2","1","0","0","0","0","0","2","1","1","","03","","N","","","","","","","","","",""
"2021107205","2343","1","0","0","0","0","0","0","0","0","5","0","","67","11","2021","6","40.069902","-75.050319","2341","6","0","0","0","0","0","0","0","0","","0","0","0","","","1","N","0","","40 04:11.648","","0","75 03:01.147","3","0","0","0","67301","0","0","0","N","0","0","0","2","67301","0","","1.0","","1","N","N","N","0","","1","0","1","","0","","","2","1","0","0","0","0","0","2","0","2","","03","","N","","","","","","","","","",""
"2021109259","0345","0","0","0","0","0","0","0","0","0","7","0","","67","11","2021","7","39.915167","-75.189778","0345","6","0","0","0","0","0","0","0","0","","0","0","0","","","0","N","0","","39 54:54.600","4","3","75 11:23.200","0","0","0","0","67301","0","0","0","N","0","0","0","1","67501","0","","4.0","516.0","1","N","N","N","0","","0","0","1","","0","N","","1","0","1","0","0","0","0","2","0","1","","03","","N","","","","","","","","","",""
"2021107912","0152","2","0","0","0","0","0","0","0","0","4","0","","67","11","2021","6","39.991604","-75.228061","0148","6","0","0","1","0","1","0","0","0","","0","0","0","","","0","","1","","39 59:29.774","","0","75 13:41.019","0","0","0","0","67301","0","0","0","N","0","0","0","3","67301","0","","1.0","","1","N","N","N","0","","0","0","0","","3","","","2","0","1","0","0","0","0","2","0","2","","03","","N","","","","","","","","","",""
"2021116886","1848","1","0","0","0","0","0","0","0","0","1","0","","67","11","2021","7","40.042959","-75.003116","1829","6","0","0","0","0","0","2","0","0","","0","0","0","","","0","N","0","","40 02:34.654","1","0","75 00:11.216","0","0","0","0","67301","0","0","0","N","0","0","0","4","68K01","0","","1.0","1931.0","1","N","N","N","1","","0","0","1","","0","N","","4","0","1","0","0","0","0","2","1","4","","","","N","","","","","","","","","",""
"2021107499","0056","0","0","0","0","0","0","0","0","0","4","0","","67","11","2021","1","40.022705","-75.133512","0056","6","0","0","0","0","0","0","0","0","","0","0","0","","","0","","1","","40 01:21.738","","0","75 08:00.643","0","0","0","0","67301","0","0","0","N","0","0","0","5","67301","0","","1.0","","1","N","N","N","0","","0","0","2","","2","","","2","0","0","0","0","0","0","2","0","2","","","","N","","","","","","","","","",""
"2021123303","1739","1","0","0","0","0","0","0","0","0","4","0","","67","12","2021","5","39.981144","-75.164732","1735","6","0","0","0","0","0","0","0","0","","0","0","0","","","0","","1","","39 58:52.118","3","0","75 09:53.035","0","0","0","0","67301","0","0","0","N","0","0","0","3","67505","0","","1.0","1900.0","1","N","N","N","0","","0","0","1","","3","Y","","2","0","0","0","0","0","0","2","0","2","","03","","N","","","","","","","","","",""
"2021107376","2128","0","0","0","0","0","0","0","0","0","4","0","","67","11","2021","6","39.911708","-75.172371","2127","6","0","0","0","0","0","1","0","0","","0","0","0","","","1","","1","","39 54:42.148","","0","75 10:20.534","3","0","0","0","67301","0","0","0","N","0","0","0","2","67301","0","","1.0","","1","N","N","N","1","","1","0","1","","2","","","2","1","0","0","0","0","1","2","0","2","","","","N","","","","","","","","","",""
"2021120238","0917","0","0","0","0","0","0","0","0","0","4","0","","67","12","2021","4","40.056616","-75.013154","0914","6","0","0","0","0","0","1","0","0","","0","0","0","","","2","","1","","40 03:23.817","","7","75 00:47.353","3","0","0","0","67301","0","0","0","N","0","0","0","2","67301","0","","1.0","","1","N","N","N","0","","2","0","2","","2","","","2","2","0","0","0","0","0","2","0","2","","03","","N","","","","","","","","","",""
"2021108267","2359","2","0","0","0","0","0","0","0","0","5","0","","67","11","2021","1","39.95768","-75.162367","2355","6","0","0","0","0","1","1","0","0","","0","0","0","","","0","","1","","39 57:27.649","","8","75 09:44.521","0","0","0","0","67301","0","0","0","N","0","0","0","5","67301","0","","1.0","","1","N","N","N","0","","0","0","1","","2","","","3","0","0","0","0","0","0","2","0","3","","03","","N","","","","","","","","","",""
"2021107234","2015","2","0","0","0","0","0","0","0","0","4","0","","67","11","2021","6","39.982446","-75.162841","2010","6","0","0","0","0","1","0","0","0","","0","0","0","","","1","","2","","39 58:56.805","","0","75 09:46.227","3","0","0","0","67301","0","0","0","N","0","0","0","2","67301","0","","1.0","","1","N","N","N","0","","1","0","1","","3","","","3","1","0","0","0","0","1","2","0","3","","03","","N","","","","","","","","","",""
"2021107995","1644","1","0","0","0","0","0","0","0","0","1","0","","67","11","2021","7","40.028181","-75.038898","1633","6","0","0","0","0","0","0","0","0","","0","0","0","","","1","","1","","40 01:41.450","","0","75 02:20.031","4","0","0","0","67301","0","0","0","N","0","0","0","2","67301","1","","1.0","","1","N","N","N","0","","0","0","0","","2","","","2","1","0","0","0","0","0","2","1","2","","","","N","","","","","","","","","",""
"2021122571","0336","2","0","0","0","0","0","0","0","0","5","0","","67","12","2021","4","40.015194","-75.131","0336","6","0","0","0","0","0","0","0","0","","0","0","0","","","0","N","0","","40 00:54.700","","0","75 07:51.600","0","0","0","0","67301","0","0","0","N","0","0","0","1","67301","0","","6.0","","1","N","N","N","0","","0","0","1","","0","","","3","0","1","0","0","0","0","2","0","3","","","","N","","","","","","","","","",""
"2021105230","1711","1","0","0","0","0","0","0","0","0","4","0","","67","11","2021","2","40.020508","-75.08729","1700","6","0","0","0","0","0","0","0","0","","0","0","0","","","1","","1","","40 01:13.828","","0","75 05:14.243","3","0","0","0","67301","0","0","0","N","0","0","0","3","67301","0","","1.0","","1","N","N","N","0","","1","0","1","","3","","","2","1","0","0","0","0","1","2","0","2","","03","","N","","","","","","","","","",""
"2021121126","2221","0","0","0","0","0","0","0","0","0","4","0","","67","12","2021","5","39.978739","-75.180892","2221","6","0","0","0","0","0","0","0","0","","0","0","0","","","0","","1","","39 58:43.460","2","0","75 10:51.211","0","0","0","0","67301","0","0","0","N","0","0","0","2","67301","0","","1.0","1150.0","1","N","N","N","0","","0","0","2","","3","Y","","2","0","0","0","0","0","0","2","0","2","","03","","N","","","","","","","","","",""
"2021108004","1936","1","0","0","1","0","0","0","0","0","8","0","","67","11","2021","1","39.953807","-75.166593","1932","6","0","0","0","0","0","0","0","0","","0","0","0","","","1","","1","","39 57:13.704","","0","75 09:59.736","3","0","0","0","67301","1","0","0","N","0","0","0","2","67301","0","","1.0","","1","N","N","N","0","","1","0","0","","2","","","2","1","0","0","0","0","0","2","0","1","","03","","N","","","","","","","","","",""
"2021108782","1915","0","0","0","0","0","0","0","0","0","8","0","","67","11","2021","3","40.037664","-75.042522","1858","6","0","0","0","0","0","0","0","0","","0","0","0","","","1","","1","","40 02:15.591","","0","75 02:33.078","8","0","0","0","67301","1","0","0","N","1","0","0","2","67301","0","","1.0","","1","N","N","N","0","","0","0","1","","9","","","2","1","0","0","0","1","0","2","0","1","","03","","N","","","","","","","","","",""
"2021107815","1304","1","0","0","0","0","0","0","0","0","6","0","","67","11","2021","7","40.100892","-74.978647","1259","6","0","0","0","0","0","0","1","0","","0","0","0","","","1","N","0","","40 06:03.210","","0","74 58:43.130","3","0","0","0","67301","0","0","0","N","0","0","0","1","67301","0","","6.0","","1","N","N","N","0","","1","0","0","","0","","","2","1","0","0","0","0","0","2","1","2","","03","","N","","","","","","","","","",""
"2021109394","1315","1","0","1","0","0","0","0","0","0","4","0","","67","11","2021","2","39.96444","-75.134259","1315","6","0","0","0","0","0","0","1","0","","0","0","0","","","1","","1","","39 57:51.984","","7","75 08:03.331","2","0","0","0","67301","0","0","0","N","0","0","0","2","67301","0","","1.0","","1","N","N","N","0","","0","1","1","","2","","","2","1","0","0","0","0","0","2","0","2","","04","","N","","","","","","","","","",""
"2021109021","0216","0","0","0","0","0","0","0","0","0","4","0","","67","11","2021","1","39.957952","-75.233499","0214","6","0","0","0","0","0","0","0","0","","0","0","0","","","2","","1","","39 57:28.628","4","0","75 14:00.595","4","0","0","0","67301","1","0","0","N","1","0","0","4","67301","2","","1.0","500.0","1","N","N","N","0","","0","0","0","","1","Y","","3","2","0","0","0","0","0","2","2","2","","03","","N","","","","","","","","","",""
"2021120821","1707","1","0","0","0","0","0","0","0","0","4","0","","67","12","2021","5","40.011956","-75.176015","1707","6","0","0","0","0","0","1","0","0","","0","0","0","","","1","","1","","40 00:43.041","","0","75 10:33.654","3","0","0","0","67301","0","0","0","N","0","0","0","3","67301","0","","1.0","","1","N","N","N","0","","1","0","1","","2","","","2","1","1","0","0","0","1","2","0","2","","","","N","","","","","","","","","",""
"2021117978","","1","0","0","0","0","0","0","0","0","4","0","","67","11","2021","5","","","","6","0","0","0","0","0","1","0","0","","0","0","0","","","3","","1","","","","0","","8","0","0","0","67301","0","0","0","N","0","0","0","3","00000","0","","1.0","","1","N","N","N","0","","0","0","1","","2","","","2","3","0","0","0","3","0","1","0","2","","","","N","","","","","","","","","",""
"2021107125","1307","2","0","0","0","0","0","0","0","0","4","0","","67","11","2021","6","40.034485","-75.048146","1255","6","0","0","0","0","0","0","0","0","","0","0","0","","","1","","1","","40 02:04.146","","0","75 02:53.325","3","0","0","0","67301","0","0","0","N","0","0","0","2","67301","0","","1.0","","1","N","N","N","0","","1","0","2","","3","","","4","1","0","0","0","0","0","2","0","4","","03","","N","","","","","","","","","",""
"2021124411","1901","0","0","0","0","0","0","0","0","0","4","0","","67","12","2021","4","39.962735","-75.246806","1901","6","0","0","0","0","0","0","0","0","","0","0","0","","","3","","1","","39 57:45.845","","0","75 14:48.500","4","0","0","0","67301","0","0","0","N","0","0","0","4","67301","3","","1.0","","1","N","N","N","0","","0","0","2","","2","","","2","3","0","0","0","0","1","2","0","2","","03","","N","","","","","","","","","",""