"CRN","ARRIVAL_TM","AUTOMOBILE_COUNT","BELTED_DEATH_COUNT","BELTED_SUSP_SERIOUS_INJ_COUNT","BICYCLE_COUNT","BICYCLE_DEATH_COUNT","BICYCLE_SUSP_SERIOUS_INJ_COUNT","BUS_COUNT","CHLDPAS_DEATH_COUNT","CHLDPAS_SUSP_SERIOUS_INJ_COUNT","COLLISION_TYPE","COMM_VEH_COUNT","CONS_ZONE_SPD_LIM","COUNTY","CRASH_MONTH","CRASH_YEAR","DAY_OF_WEEK","DEC_LATITUDE","DEC_LONGITUDE","DISPATCH_TM","DISTRICT","DRIVER_COUNT_16YR","DRIVER_COUNT_17YR","DRIVER_COUNT_18YR","DRIVER_COUNT_19YR","DRIVER_COUNT_20YR","DRIVER_COUNT_50_64YR","DRIVER_COUNT_65_74YR","DRIVER_COUNT_75PLUS","EST_HRS_CLOSED","FATAL_COUNT","HEAVY_TRUCK_COUNT","HORSE_BUGGY_COUNT","HOUR_OF_DAY","ILLUMINATION","INJURY_COUNT","INTERSECTION_RELATED","INTERSECT_TYPE","LANE_CLOSED","LATITUDE","LN_CLOSE_DIR","LOCATION_TYPE","LONGITUDE","MAX_SEVERITY_LEVEL","MCYCLE_DEATH_COUNT","MCYCLE_SUSP_SERIOUS_INJ_COUNT","MOTORCYCLE_COUNT","MUNICIPALITY","NONMOTR_COUNT","NONMOTR_DEATH_COUNT","NONMOTR_SUSP_SERIOUS_INJ_COUNT","NTFY_HIWY_MAINT","PED_COUNT","PED_DEATH_COUNT","PED_SUSP_SERIOUS_INJ_COUNT","PERSON_COUNT","POLICE_AGCY","POSSIBLE_INJ_COUNT","RDWY_SURF_TYPE_CD","RELATION_TO_ROAD","ROADWAY_CLEARED","ROAD_CONDITION","SCH_BUS_IND","SCH_ZONE_IND","SECONDARY_CRASH","SMALL_TRUCK_COUNT","SPEC_JURIS_CD","SUSP_MINOR_INJ_COUNT","SUSP_SERIOUS_INJ_COUNT","SUV_COUNT","TCD_FUNC_CD","TCD_TYPE","TFC_DETOUR_IND","TIME_OF_DAY","TOTAL_UNITS","TOT_INJ_COUNT","UNBELTED_OCC_COUNT","UNB_DEATH_COUNT","UNB_SUSP_SERIOUS_INJ_COUNT","UNK_INJ_DEG_COUNT","UNK_INJ_PER_COUNT","URBAN_RURAL","VAN_COUNT","VEHICLE_COUNT","WEATHER1","WEATHER2","WORKERS_PRES","WORK_ZONE_IND","WORK_ZONE_LOC","WORK_ZONE_TYPE","WZ_CLOSE_DETOUR","WZ_FLAGGER","WZ_LAW_OFFCR_IND","WZ_LN_CLOSURE","WZ_MOVING","WZ_OTHER","WZ_SHLDER_MDN","WZ_WORKERS_INJ_KILLED"
"2021107690","1452","0","0","0","0","0","0","0","0","0","5","0","","67","11","2021","7","39.931788","-75.14401","1446","6","0","0","0","0","0","0","0","0","","0","0","0","","","1","N","0","","39 55:54.435","","0","75 08:38.436","3","0","0","1","67301","0","0","0","N","0","0","0","3","67301","0","","1.0","","1","N","N","N","0","","1","0","1","","0","","","2","1","0","0","0","0","0","2","0","2","","","","N","","","","","","","","","",""
"2021107490","0252","0","0","0","0","0","0","0","0","0","1","0","","67","11","2021","1","40.053009","-75.064302","0248","6","0","0","0","0","0","0","0","0","","0","0","0","","","0","","1","","40 03:10.832","","0","75 03:51.487","0","0","0","0","67301","0","0","0","N","0","0","0","3","67301","0","","1.0","","1","N","N","N","0","","0","0","1","","2","","","2","0","0","0","0","0","0","2","1","2","","03","","N","","","","","","","","","",""
"2021124277","0148","2","0","0","0","0","0","0","0","0","4","0","","67","12","2021","3","39.957292","-75.247874","0145","6","0","0","0","0","0","0","1","0","","0","0","0","","","0","","1","","39 57:26.251","7","0","75 14:52.347","0","0","0","0","67301","0","0","0","N","0","0","0","2","67301","0","","1.0","420.0","1","N","N","N","0","","0","0","0","","2","Y","","2","0","0","0","0","0","0","2","0","2","","03","","N","","","","","","","","","",""
"2021105830","1318","0","0","0","0","0","0","0","0","0","8","0","","67","11","2021","3","39.970173","-75.159656","1246","6","0","0","0","0","0","0","0","0","","0","0","0","","","1","","1","","39 58:12.621","","0","75 09:34.763","3","0","0","0","67301","1","0","0","N","1","0","0","2","67301","0","","1.0","","9","N","N","N","1","","1","0","0","","2","","","2","1","1","0","0","0","0","2","0","1","","04","","N","","","","","","","","","",""
"2021106368","1819","2","0","0","0","0","0","0","0","0","4","0","","67","11","2021","3","40.029229","-75.039816","1814","6","0","0","0","0","0","0","0","0","","0","0","0","","","1","","1","","40 01:45.226","","0","75 02:23.337","4","0","0","0","67301","0","0","0","N","0","0","0","2","67301","1","","1.0","","9","N","N","N","0","","0","0","0","","3","","","2","1","0","0","0","0","0","2","0","2","","","","N","","","","","","","","","",""
"2021106706","0834","0","0","0","0","0","0","0","0","0","8","0","","67","11","2021","4","40.004056","-75.176889","0831","6","0","0","0","0","0","0","0","0","","0","0","0","","","1","N","0","","40 00:14.600","","0","75 10:36.800","3","0","0","0","67301","1","0","0","N","1","0","0","2","67301","0","","1.0","","1","N","N","N","0","","1","0","1","","0","","","2","1","0","0","0","0","0","2","0","1","","03","","N","","","","","","","","","",""
"2021124084","0942","1","0","0","0","0","0","0","0","0","5","0","","67","12","2021","4","40.035083","-75.208868","0937","6","0","0","0","0","0","1","0","0","","0","0","0","","","0","N","0","","40 02:06.297","","3","75 12:31.926","0","0","0","0","67301","0","0","0","N","0","0","0","3","67301","0","","1.0","","1","N","N","N","0","","0","0","1","","0","","","2","0","0","0","0","0","0","2","0","2","","03","","N","","","","","","","","","",""
"2021109123","1358","0","0","0","0","0","0","0","0","0","8","0","","67","11","2021","2","39.957102","-75.201857","1350","6","0","0","0","0","0","1","0","0","","0","0","0","","","1","","1","","39 57:25.567","","0","75 12:06.686","3","0","0","0","67301","1","0","0","N","1","0","0","2","67301","0","","1.0","","1","N","N","N","0","","1","0","1","","2","","","2","1","0","0","0","0","0","2","0","1","","03","","N","","","","","","","","","",""
"2021123571","0923","2","0","0","0","0","0","0","0","0","5","0","","67","12","2021","5","40.055986","-75.092717","0917","6","0","0","0","0","0","0","0","0","","0","0","0","","","1","N","0","","40 03:21.550","7","0","75 05:33.780","3","0","0","0","67301","0","0","0","N","0","0","0","1","67301","0","","6.0","1029.0","1","N","N","N","1","","1","0","0","","0","N","","3","1","0","0","0","0","0","2","0","3","","","","N","","","","","","","","","",""
"2021120784","2107","2","0","0","0","0","0","0","0","0","4","0","","67","12","2021","5","39.991086","-75.156907","2107","6","0","0","0","0","0","0","0","0","","0","0","0","","","0","","1","","39 59:27.909","","0","75 09:24.865","0","0","0","0","67301","0","0","0","N","0","0","0","3","67301","0","","1.0","","1","N","N","N","0","","0","0","0","","2","","","2","0","0","0","0","0","0","2","0","2","","","","N","","","","","","","","","",""
"2021106252","2038","2","0","0","0","0","0","0","0","0","5","0","","67","11","2021","4","39.983583","-75.159639","2037","6","0","0","0","0","0","0","0","0","","0","0","0","","","0","N","0","","39 59:00.900","4","0","75 09:34.700","9","0","0","0","67301","0","0","0","N","0","0","0","1","67505","0","","6.0","2115.0","1","N","N","N","0","","0","0","1","","0","Y","","3","0","0","0","0","0","1","2","0","3","","03","","N","","","","","","","","","",""
"2021107200","2302","2","0","0","0","0","0","0","0","0","4","0","","67","11","2021","6","40.028261","-75.152038","2302","6","0","0","0","0","0","0","0","0","","0","0","0","","","0","","5","","40 01:41.739","","0","75 09:07.336","0","0","0","0","67301","0","0","0","N","0","0","0","3","67301","0","","1.0","","1","N","N","N","0","","0","0","0","","2","","","2","0","2","0","0","0","0","2","0","2","","03","","N","","","","","","","","","",""
"2021107518","0851","3","0","0","0","0","0","0","0","0","5","0","","67","11","2021","7","39.997666","-75.072783","0841","6","0","0","0","0","0","0","0","0","","0","0","0","","","0","N","0","","39 59:51.597","2","0","75 04:22.020","0","0","0","0","67301","0","0","0","N","0","0","0","1","67301","0","","6.0","912.0","1","N","N","Y","0","","0","0","0","","0","N","","3","0","0","0","0","0","0","2","0","3","","","","N","","","","","","","","","",""
"2021124764","0456","2","0","0","0","0","0","0","0","0","4","0","","67","11","2021","1","39.98673","-75.159493","0455","6","0","0","0","0","0","0","0","0","","0","0","0","","","3","","1","","39 59:12.227","","0","75 09:34.174","3","0","0","0","67301","0","0","0","N","0","0","0","4","67301","0","","1.0","","1","N","N","N","0","","3","0","0","","2","","","2","3","1","0","0","0","0","2","0","2","","03","","N","","","","","","","","","",""
"2021106721","1827","2","0","0","0","0","0","0","0","0","4","0","","67","11","2021","5","40.00868","-75.068855","1825","6","0","0","0","0","0","0","0","0","","0","0","0","","","1","","2","","40 00:31.249","5","0","75 04:07.877","3","0","0","0","67301","0","0","0","N","0","0","0","3","67301","0","","1.0","1900.0","1","N","N","N","0","","1","0","0","","2","Y","","2","1","0","0","0","0","0","2","0","2","","03","","N","","","","","","","","","",""
"2021104850","0740","1","0","0","0","0","0","0","0","0","4","0","","67","11","2021","2","40.057049","-75.034259","0728","6","0","0","0","0","0","1","0","0","","0","0","0","","","1","","1","","40 03:25.378","3","0","75 02:03.334","2","0","0","0","67301","0","0","0","N","0","0","0","4","67301","0","","1.0","100.0","1","N","N","Y","1","","0","1","1","","2","N","","3","1","0","0","0","0","2","2","0","3","","03","","N","","","","","","","","","",""
"2021122074","0815","2","0","0","0","0","0","0","0","0","4","0","","67","12","2021","1","40.099527","-74.986368","0808","6","0","0","0","0","0","1","0","0","","0","0","0","","","0","","1","","40 05:58.296","","2","74 59:10.926","0","0","0","0","67301","0","0","0","N","0","0","0","2","67301","0","","1.0","","1","N","N","N","0","","0","0","0","","2","","","2","0","0","0","0","0","0","2","0","2","","03","","N","","","","","","","","","",""
"2021108246","1200","0","0","0","0","0","0","0","0","0","4","0","","67","11","2021","6","40.024436","-75.146915","1154","6","0","0","0","0","0","0","0","0","","0","0","0","","","2","","1","","40 01:27.969","","0","75 08:48.894","3","0","0","0","67301","0","0","0","N","0","0","0","2","67301","0","","1.0","","1","N","N","N","0","","2","0","2","","2","","","2","2","0","0","0","0","0","2","0","2","","","","N","","","","","","","","","",""
"2021105841","2020","3","0","0","0","0","0","0","0","0","4","0","","67","11","2021","3","40.058818","-75.044171","2016","6","0","0","0","0","0","0","1","0","","0","0","0","","","2","","1","","40 03:31.744","","0","75 02:39.016","3","0","0","0","67301","0","0","0","N","0","0","0","5","67301","0","","1.0","","9","N","N","N","0","","2","0","1","","2","","","4","2","0","0","0","0","0","2","0","4","","07","","N","","","","","","","","","",""
"2021124410","1630","0","0","0","0","0","0","0","0","0","4","0","","67","12","2021","3","39.987671","-75.22498","1627","6","0","0","0","0","0","1","0","1","","0","0","0","","","1","","2","","39 59:15.615","","0","75 13:29.927","3","0","0","0","67301","0","0","0","N","0","0","0","4","67301","0","","1.0","","1","N","N","Y","0","","1","0","1","","2","","","4","1","0","0","0","0","0","2","3","4","","","","N","","","","","","","","","",""
"2021107628","2006","1","0","0","0","0","0","0","0","0","4","0","","67","11","2021","7","40.020881","-75.1486","1945","6","0","0","0","0","0","0","0","0","","0","0","0","","","1","","2","","40 01:15.173","","0","75 08:54.961","3","0","0","0","67301","0","0","0","N","0","0","0","2","67301","0","","1.0","","99","N","N","N","0","","1","0","0","","0","","","2","1","0","0","0","0","0","2","0","2","","","","N","","","","","","","","","",""
"2021116353","2110","1","0","0","0","0","0","0","0","0","4","0","","67","11","2021","4","40.020881","-75.1486","2110","6","0","0","0","0","0","0","0","0","","0","0","0","","","1","","2","","40 01:15.173","","0","75 08:54.961","3","0","0","0","67301","0","0","0","N","0","0","0","2","67301","0","","1.0","","1","N","N","N","0","","1","0","1","","0","","","2","1","1","0","0","0","1","2","0","2","","03","","N","","","","","","","","","",""
"2021107197","0225","1","0","0","0","0","0","0","0","0","8","0","","67","11","2021","6","40.020244","-75.114084","0223","6","0","0","0","0","0","0","0","0","","0","0","0","","","1","","1","","40 01:12.880","1","0","75 06:50.704","3","0","0","0","67301","1","0","0","N","1","0","0","2","67301","0","","1.0","345.0","1","N","N","N","0","","1","0","0","","2","Y","","2","1","0","0","0","0","1","2","0","1","","03","","N","","","","","","","","","",""
"2021122573","0045","1","0","0","0","0","0","0","0","0","4","0","","67","12","2021","1","40.053175","-75.122124","0044","6","0","0","0","0","0","0","1","0","","0","0","0","","","2","","5","","40 03:11.431","","0","75 07:19.646","3","0","0","0","67301","0","0","0","N","0","0","0","2","67301","0","","1.0","","1","N","N","N","1","","2","0","0","","2","","","2","2","1","0","0","0","0","2","0","2","","03","","N","","","","","","","","","",""
"2021115074","1010","2","0","0","0","0","0","0","0","0","4","0","","67","11","2021","6","39.920985","-75.143427","1000","6","0","0","0","0","0","0","1","0","","0","0","0","","","2","","2","","39 55:15.545","","7","75 08:36.337","8","0","0","0","67301","0","0","0","N","0","0","0","3","67301","0","","1.0","","99","N","N","N","0","","0","0","0","","3","","","2","2","0","0","0","2","1","2","0","2","","","","N","","","","","","","","","",""
"2021123298","2144","1","0","0","1","0","0","0","0","0","8","0","","67","12","2021","4","39.973391","-75.150387","2139","6","0","0","0","0","0","0","0","0","","0","0","0","","","1","","1","","39 58:24.207","","1","75 09:01.393","3","0","0","0","67301","1","0","0","N","0","0","0","2","67301","0","","1.0","","1","N","N","N","0","","1","0","0","","3","","","2","1","0","0","0","0","0","2","0","1","","","","N","","","","","","","","","",""
"2021107619","0920","1","0","0","0","0","0","0","0","0","7","0","","67","11","2021","1","39.948","-75.140444","0917","6","0","0","0","0","0","0","0","0","","0","0","0","","","0","N","0","","39 56:52.800","","3","75 08:25.600","9","0","0","0","67301","0","0","0","N","0","0","0","1","67301","0","","5.0","","1","N","N","N","0","","0","0","0","","0","","","1","0","0","0","0","0","1","2","0","1","","03","","N","","","","","","","","","",""
"2021107493","0125","1","0","0","0","0","0","0","0","0","4","0","","67","11","2021","7","39.971089","-75.228729","0119","6","0","0","0","0","1","0","0","0","","0","0","0","","","3","","1","","39 58:15.920","","0","75 13:43.424","3","0","0","0","67301","0","0","0","N","0","0","0","4","67301","0","","1.0","","1","N","N","N","0","","3","0","1","","2","","","2","3","0","0","0","0","0","2","0","2","","03","","N","","","","","","","","","",""
"2021120520","0814","2","0","0","0","0","0","0","0","0","4","0","","67","12","2021","4","39.960176","-75.245187","0814","6","0","0","0","0","0","0","0","0","","0","0","0","","","2","","1","","39 57:36.633","","0","75 14:42.673","3","0","0","0","67301","0","0","0","N","0","0","0","2","67301","0","","1.0","","1","N","N","Y","0","","2","0","1","","3","","","3","2","0","0","0","0","0","2","0","3","","","","N","","","","","","","","","",""
"2021110483","1820","1","0","0","0","0","0","0","0","0","4","0","","67","11","2021","7","39.978597","-75.213624","1813","6","0","0","0","0","0","2","0","0","","0","0","0","","","1","","1","","39 58:42.950","","0","75 12:49.048","3","0","0","0","67301","0","0","0","N","0","0","0","7","67301","0","","1.0","","1","N","N","N","0","","1","0","3","","2","","","4","1","0","0","0","0","0","2","0","4","","03","","N","","","","","","","","","",""
"2021108277","1943","1","0","0","0","0","0","0","0","0","5","0","","67","11","2021","2","39.968649","-75.15999","1937","6","0","0","0","0","0","1","0","0","","0","0","0","","","0","N","0","","39 58:07.135","","0","75 09:35.963","0","0","0","0","67301","0","0","0","N","0","0","0","2","67301","0","","1.0","","1","N","N","N","0","","0","0","1","","0","","","2","0","0","0","0","0","0","2","0","2","","03","","N","","","","","","","","","",""
"2021108888","1624","0","0","0","0","0","0","0","0","0","8","0","","67","11","2021","3","40.029898","-75.087801","1611","6","0","0","0","0","0","0","0","0","","0","0","0","","","1","","1","","40 01:47.633","","0","75 05:16.085","3","0","0","0","67301","1","0","0","N","1","0","0","2","67301","0","","1.0","","1","N","N","N","0","","1","0","0","","5","","","2","1","0","0","0","0","0","2","0","1","","03","","N","","","","","","","","","",""
"2021110380","2156","2","0","0","0","0","0","0","0","0","4","0","","67","11","2021","1","40.024179","-75.084481","2153","6","0","0","0","0","0","0","0","0","","0","0","0","","","1","","1","","40 01:27.044","","0","75 05:04.131","4","0","0","0","67301","0","0","0","N","0","0","0","5","67301","1","","1.0","","1","N","N","N","1","","0","0","1","","3","","","4","1","0","0","0","0","0","2","0","4","","","","N","","","","","","","","","",""
"2021107452","2049","1","0","0","0","0","0","0","0","0","7","0","","67","11","2021","7","39.912222","-75.173833","2046","6","0","0","1","0","0","0","0","0","","0","0","0","","","0","N","0","","39 54:44.000","2","2","75 10:25.800","0","0","0","0","67301","0","0","0","N","0","0","0","1","67501","0","","4.0","2125.0","1","N","N","N","0","","0","0","0","","0","Y","","1","0","0","0","0","0","0","2","0","1","","03","","N","","","","","","","","","",""
"2021108603","1935","2","0","0","0","0","0","0","0","0","4","0","","67","11","2021","2","39.920999","-75.163423","1927","6","0","0","0","0","0","0","0","0","","0","0","0","","","0","","1","","39 55:15.596","","0","75 09:48.322","0","0","0","0","67301","0","0","0","N","0","0","0","2","67301","0","","1.0","","1","N","N","N","0","","0","0","1","","3","","","3","0","0","0","0","0","0","2","0","3","","","","N","","","","","","","","","",""
"2021107431","0200","1","0","0","0","0","0","0","0","0","4","0","","67","11","2021","7","39.943822","-75.237857","0200","6","0","0","0","0","0","0","0","0","","0","0","0","","","4","","1","","39 56:37.760","","0","75 14:16.286","3","0","0","0","67301","0","0","0","N","0","0","0","4","67301","0","","1.0","","1","N","N","N","0","","4","0","1","","2","","","2","4","0","0","0","0","0","2","0","2","","03","","N","","","","","","","","","",""
"2021123299","1714","0","0","0","1","0","0","0","0","0","8","0","","67","12","2021","4","40.004023","-75.17172","1714","6","0","0","0","0","0","0","0","0","","0","0","0","","","1","","1","","40 00:14.481","","0","75 10:18.192","3","0","0","0","67301","1","0","0","N","0","0","0","2","67301","0","","1.0","","1","N","N","N","0","","1","0","0","","3","","","2","1","0","0","0","0","0","2","0","1","","","","N","","","","","","","","","",""
"2021107803","0404","0","0","0","0","0","0","0","0","0","4","0","","67","11","2021","1","39.973237","-75.212226","0358","6","0","0","0","0","0","0","0","0","","0","0","0","","","0","","1","","39 58:23.653","","0","75 12:44.012","9","0","0","0","67301","0","0","0","N","0","0","0","2","67301","0","","1.0","","1","N","N","N","0","","0","0","2","","2","","","2","0","0","0","0","0","2","2","0","2","","","","N","","","","","","","","","",""
"2021121654","2235","2","0","0","0","0","0","0","0","0","8","0","","67","12","2021","6","39.954003","-75.221178","2235","6","0","0","0","0","0","0","0","1","","0","0","0","","","1","N","0","","39 57:14.410","6","0","75 13:16.240","2","0","0","0","67301","1","0","1","N","1","0","1","3","67301","0","","1.0","2300.0","1","N","N","N","0","","0","1","0","","0","N","","3","1","0","0","0","0","0","2","0","2","","","","N","","","","","","","","","",""
"2021111054","1625","1","0","0","0","0","0","0","0","0","8","0","","67","11","2021","2","39.986085","-75.247762","1619","6","0","0","0","0","0","1","0","0","","0","0","0","","","1","N","0","","39 59:09.906","","0","75 14:51.942","3","0","0","0","67301","1","0","0","N","1","0","0","2","67301","0","","1.0","","1","N","N","N","0","","1","0","0","","0","","","2","1","0","0","0","0","0","2","0","1","","03","","N","","","","","","","","","",""
"2021124135","0825","2","0","0","0","0","0","0","0","0","1","0","","67","12","2021","5","39.905738","-75.193924","0819","6","0","0","0","0","0","1","0","0","","0","0","0","","","2","","1","","39 54:20.655","","0","75 11:38.126","4","0","0","0","67301","0","0","0","N","0","0","0","3","67301","2","","1.0","","99","N","N","N","0","","0","0","0","","2","","","3","2","1","0","0","0","0","2","0","3","","03","","N","","","","","","","","","",""
"2021124428","0915","2","0","0","0","0","0","0","0","0","1","0","","67","12","2021","5","40.029811","-75.175569","0910","6","0","0","0","0","0","0","0","0","","0","0","0","","","0","N","0","","40 01:47.321","","0","75 10:32.047","9","0","0","0","67301","0","0","0","N","0","0","0","1","67301","0","","6.0","","1","N","N","N","0","","0","0","1","","0","","","3","0","0","0","0","0","1","2","0","3","","03","","N","","","","","","","","","",""
"2021115331","1817","0","0","0","0","0","0","0","0","0","4","0","","67","11","2021","5","39.962155","-75.242703","1815","6","0","0","0","0","0","0","0","0","","0","0","0","","","1","","1","","39 57:43.759","4","1","75 14:33.730","3","0","0","0","67301","0","0","0","N","0","0","0","2","67301","0","","1.0","1850.0","1","N","N","N","0","","1","0","2","","2","Y","","2","1","0","0","0","0","0","2","0","2","","03","","N","","","","","","","","","",""
"2021121297","2020","0","0","0","0","0","0","0","0","0","8","0","","67","12","2021","7","40.024561","-75.168457","2004","6","0","0","0","0","0","1","0","0","","0","0","0","","","1","","2","","40 01:28.419","","0","75 10:06.445","3","0","0","0","67301","1","0","0","N","1","0","0","2","67301","0","","1.0","","9","N","N","N","0","","1","0","1","","3","","","2","1","0","0","0","0","0","2","0","1","","07","","N","","","","","","","","","",""
"2021107489","2000","2","0","0","0","0","0","0","0","0","4","0","","67","11","2021","7","39.926479","-75.186026","1959","6","0","0","0","0","0","0","0","0","","0","0","0","","","4","","1","","39 55:35.325","","0","75 11:09.693","3","0","0","0","67301","0","0","0","N","0","0","0","8","67301","0","","1.0","","1","N","N","N","0","","4","0","0","","2","","","2","4","7","0","0","0","0","2","0","2","","03","","N","","","","","","","","","",""
"2021124778","1035","0","0","0","0","0","0","0","0","0","8","0","","67","12","2021","4","39.932972","-75.164017","1029","6","0","0","0","0","0","0","0","0","","0","0","0","","","1","N","0","","39 55:58.700","","0","75 09:50.460","8","0","0","0","67301","1","0","0","N","1","0","0","2","67301","0","","1.0","","1","N","N","N","0","","0","0","0","","0","","","2","1","0","0","0","1","0","2","1","1","","03","","N","","","","","","","","","",""
"2021107433","0854","0","0","0","0","0","0","0","0","0","8","0","","67","11","2021","6","39.990868","-75.155282","0842","6","0","0","0","0","0","0","0","1","","0","0","0","","","1","","1","","39 59:27.126","","0","75 09:19.014","4","0","0","0","67301","1","0","0","N","1","0","0","2","67301","1","","1.0","","1","N","N","N","1","","0","0","0","","2","","","2","1","0","0","0","0","0","2","0","1","","03","","N","","","","","","","","","",""
"2021123573","1905","2","0","0","0","0","0","0","0","0","5","0","","67","12","2021","5","39.921936","-75.16485","1901","6","0","0","0","0","0","0","0","0","","0","0","0","","","1","N","0","","39 55:18.970","","0","75 09:53.460","3","0","0","0","67301","0","0","0","N","0","0","0","1","67301","0","","6.0","","1","N","N","N","0","","1","0","0","","0","","","2","1","0","0","0","0","0","2","0","2","","03","","N","","","","","","","","","",""
"2021105254","0033","2","0","0","0","0","0","0","0","0","5","0","","67","11","2021","2","40.030909","-75.065513","0028","6","0","0","0","0","0","0","0","0","","0","0","0","","","0","N","0","","40 01:51.271","","0","75 03:55.845","0","0","0","0","67301","0","0","0","N","0","0","0","1","67301","0","","6.0","","1","N","N","N","0","","0","0","1","","0","","","4","0","0","0","0","0","0","2","1","4","","03","","N","","","","","","","","","",""
"2021113919","1447","2","0","0","0","0","0","0","0","0","4","0","","67","11","2021","5","40.006183","-75.133328","1418","6","0","1","0","0","0","1","0","0","","0","0","0","","","0","N","0","","40 00:22.260","","0","75 07:59.980","0","0","0","0","67301","0","0","0","N","0","0","0","2","68K01","0","","1.0","","1","N","N","N","0","","0","0","0","","0","","","2","0","0","0","0","0","0","2","0","2","","","","N","","","","","","","","","",""
"2021124395","1721","1","0","1","0","0","0","0","0","0","4","0","","67","11","2021","1","39.965057","-75.240142","1721","6","0","0","0","0","0","0","0","0","","0","0","0","","","4","","1","","39 57:54.205","","0","75 14:24.511","2","0","0","0","67301","0","0","0","N","0","0","0","6","67301","0","","1.0","","1","N","N","N","1","","3","1","1","","2","","","3","4","0","0","0","0","0","2","0","3","","03","","N","","","","","","","","","",""
"2021120790","2321","1","0","0","0","0","0","0","0","0","6","0","","67","11","2021","7","40.01172","-75.162963","2321","6","0","0","0","0","0","0","0","0","","0","0","0","","","2","N","0","","40 00:42.191","","0","75 09:46.665","8","0","0","0","67301","2","0","0","N","2","0","0","3","67301","0","","6.0","","1","N","N","N","0","","0","0","0","","0","","","4","2","0","0","0","2","0","2","0","2","","03","","N","","","","","","","","","",""
"2021124059","0428","1","0","0","0","0","0","0","0","0","4","0","","67","12","2021","4","40.045755","-75.14316","0428","6","0","0","0","0","0","0","0","0","","0","0","0","","","0","","2","","40 02:44.717","1","0","75 08:35.375","0","0","0","0","67301","0","0","0","N","0","0","0","2","67301","0","","1.0","512.0","1","N","N","N","0","","0","0","0","","3","N","","2","0","0","0","0","0","0","2","1","2","","03","","N","","","","","","","","","",""
"2021106962","1650","1","0","0","0","0","0","0","0","0","7","0","","67","11","2021","4","40.051885","-75.008528","1640","6","0","0","0","0","0","0","0","0","","0","0","0","","","0","N","0","","40 03:06.787","","0","75 00:30.699","0","0","0","0","67301","0","0","0","N","0","0","0","1","67301","0","","4.0","","1","N","N","N","0","","0","0","0","","0","","","1","0","0","0","0","0","0","2","0","1","","03","","N","","","","","","","","","",""
"2021108602","1748","1","0","0","0","0","0","0","0","0","5","0","","67","11","2021","2","39.931164","-75.163928","1700","6","0","0","0","0","0","0","0","1","","0","0","0","","","1","N","0","","39 55:52.190","","0","75 09:50.140","8","0","0","0","67301","0","0","0","N","0","0","0","1","67301","0","","6.0","","1","N","N","N","0","","0","0","1","","0","","","2","1","0","0","0","1","0","2","0","2","","03","","N","","","","","","","","","",""
"2021108245","1840","1","0","0","0","0","0","0","0","0","8","0","","67","11","2021","2","40.062562","-75.060959","1816","6","0","0","0","0","0","0","0","0","","0","0","0","","","1","","1","","40 03:45.223","","0","75 03:39.452","3","0","0","0","67301","1","0","0","N","1","0","0","2","67301","0","","1.0","","1","N","N","N","0","","1","0","0","","3","","","2","1","0","0","0","0","0","2","0","1","","03","","N","","","","","","","","","",""
"2021123916","0752","1","0","0","0","0","0","0","0","0","1","0","","67","12","2021","5","39.951145","-75.249165","0752","6","0","0","0","0","0","1","1","0","","0","0","0","","","2","N","0","","39 57:04.121","","0","75 14:56.995","3","0","0","0","67301","0","0","0","N","0","0","0","5","67301","0","","1.0","","9","N","N","N","0","","2","0","1","","0","","","3","2","0","0","0","0","3","2","1","3","","","","N","","","","","","","","","",""
"2021107466","0015","1","0","0","0","0","0","0","0","0","4","0","","67","11","2021","7","39.969904","-75.131064","0013","6","0","0","1","0","0","0","0","0","","0","0","0","","","0","","1","","39 58:11.656","","0","75 07:51.830","0","0","0","0","67301","0","0","0","N","0","0","0","4","67301","0","","1.0","","1","N","N","N","0","","0","0","1","","3","","","2","0","0","0","0","0","0","2","0","2","","03","","N","","","","","","","","","",""
"2021124436","1740","1","0","0","0","0","0","0","0","0","4","0","","67","12","2021","6","40.038972","-75.150035","1739","6","0","0","1","0","0","0","0","0","","0","0","0","","","1","","1","","40 02:20.299","","0","75 09:00.127","8","0","0","0","67301","0","0","0","N","0","0","0","2","67301","0","","1.0","","1","N","N","N","0","","0","0","1","","2","","","2","1","0","0","0","1","1","2","0","2","","03","","N","","","","","","","","","",""
"2021124402","0843","0","0","0","0","0","0","0","0","0","4","0","","67","12","2021","5","39.991883","-75.233669","0837","6","0","0","0","0","0","1","0","1","","0","0","0","","","2","","1","","39 59:30.778","","0","75 14:01.208","3","0","0","0","67301","0","0","0","N","0","0","0","3","67301","0","","1.0","","1","N","N","N","1","","2","0","2","","2","","","3","2","0","0","0","0","0","2","0","3","","03","","N","","","","","","","","","",""
"2021122991","0011","0","0","0","0","0","0","0","0","0","1","0","","67","12","2021","7","40.118469","-75.006964","2358","6","0","0","0","0","0","0","0","0","","0","0","0","","","0","N","0","","40 07:06.490","","0","75 00:25.070","0","0","0","0","67301","0","0","0","N","0","0","0","2","67301","0","","1.0","","9","N","N","N","0","","0","0","2","","0","","","2","0","0","0","0","0","0","2","0","2","","03","","N","","","","","","","","","",""