"CRN","ARRIVAL_TM","AUTOMOBILE_COUNT","BELTED_DEATH_COUNT","BELTED_SUSP_SERIOUS_INJ_COUNT","BICYCLE_COUNT","BICYCLE_DEATH_COUNT","BICYCLE_SUSP_SERIOUS_INJ_COUNT","BUS_COUNT","CHLDPAS_DEATH_COUNT","CHLDPAS_SUSP_SERIOUS_INJ_COUNT","COLLISION_TYPE","COMM_VEH_COUNT","CONS_ZONE_SPD_LIM","COUNTY","CRASH_MONTH","CRASH_YEAR","DAY_OF_WEEK","DEC_LATITUDE","DEC_LONGITUDE","DISPATCH_TM","DISTRICT","DRIVER_COUNT_16YR","DRIVER_COUNT_17YR","DRIVER_COUNT_18YR","DRIVER_COUNT_19YR","DRIVER_COUNT_20YR","DRIVER_COUNT_50_64YR","DRIVER_COUNT_65_74YR","DRIVER_COUNT_75PLUS","EST_HRS_CLOSED","FATAL_COUNT","HEAVY_TRUCK_COUNT","HORSE_BUGGY_COUNT","HOUR_OF_DAY","ILLUMINATION","INJURY_COUNT","INTERSECTION_RELATED","INTERSECT_TYPE","LANE_CLOSED","LATITUDE","LN_CLOSE_DIR","LOCATION_TYPE","LONGITUDE","MAX_SEVERITY_LEVEL","MCYCLE_DEATH_COUNT","MCYCLE_SUSP_SERIOUS_INJ_COUNT","MOTORCYCLE_COUNT","MUNICIPALITY","NONMOTR_COUNT","NONMOTR_DEATH_COUNT","NONMOTR_SUSP_SERIOUS_INJ_COUNT","NTFY_HIWY_MAINT","PED_COUNT","PED_DEATH_COUNT","PED_SUSP_SERIOUS_INJ_COUNT","PERSON_COUNT","POLICE_AGCY","POSSIBLE_INJ_COUNT","RDWY_SURF_TYPE_CD","RELATION_TO_ROAD","ROADWAY_CLEARED","ROAD_CONDITION","SCH_BUS_IND","SCH_ZONE_IND","SECONDARY_CRASH","SMALL_TRUCK_COUNT","SPEC_JURIS_CD","SUSP_MINOR_INJ_COUNT","SUSP_SERIOUS_INJ_COUNT","SUV_COUNT","TCD_FUNC_CD","TCD_TYPE","TFC_DETOUR_IND","TIME_OF_DAY","TOTAL_UNITS","TOT_INJ_COUNT","UNBELTED_OCC_COUNT","UNB_DEATH_COUNT","UNB_SUSP_SERIOUS_INJ_COUNT","UNK_INJ_DEG_COUNT","UNK_INJ_PER_COUNT","URBAN_RURAL","VAN_COUNT","VEHICLE_COUNT","WEATHER1","WEATHER2","WORKERS_PRES","WORK_ZONE_IND","WORK_ZONE_LOC","WORK_ZONE_TYPE","WZ_CLOSE_DETOUR","WZ_FLAGGER","WZ_LAW_OFFCR_IND","WZ_LN_CLOSURE","WZ_MOVING","WZ_OTHER","WZ_SHLDER_MDN","WZ_WORKERS_INJ_KILLED"
"2021105322","0830","1","0","0","0","0","0","0","0","0","1","0","","67","11","2021","2","40.010483","-75.160772","0819","6","0","0","0","0","0","0","0","0","","0","0","0","","","1","","1","","40 00:37.740","","0","75 09:38.779","4","0","0","0","67301","0","0","0","N","0","0","0","2","67301","1","","1.0","","1","N","N","N","0","","0","0","1","","3","","","2","1","2","0","0","0","0","2","0","2","","03","","N","","","","","","","","","",""
"2021107458","0054","2","0","0","0","0","0","0","0","0","2","0","","67","11","2021","7","40.050433","-75.154058","0051","6","0","0","0","0","0","0","0","0","","0","0","0","","","1","N","0","","40 03:01.560","","0","75 09:14.610","3","0","0","0","67301","0","0","0","N","0","0","0","2","67301","0","","6.0","","1","N","N","N","0","","1","0","0","","0","","","2","1","2","0","0","0","0","2","0","2","","03","","N","","","","","","","","","",""
"2021106722","0012","2","0","0","0","0","0","0","0","0","4","0","","67","11","2021","3","39.945973","-75.21398","0003","6","0","0","0","0","1","0","0","0","","0","0","0","","","0","","1","","39 56:45.502","5","0","75 12:50.328","0","0","0","0","67301","0","0","0","N","0","0","0","2","67301","0","","1.0","40.0","1","N","N","N","0","","0","0","0","","2","N","","2","0","1","0","0","0","0","2","0","2","","03","","N","","","","","","","","","",""
"2021122337","1828","1","0","0","0","0","0","0","0","0","4","0","","67","12","2021","2","40.055561","-75.062041","1825","6","0","0","0","0","1","0","0","0","","0","0","0","","","1","","1","","40 03:20.018","","0","75 03:43.347","3","0","0","0","67301","0","0","0","N","0","0","0","4","67301","0","","1.0","","1","N","N","N","1","","1","0","1","","3","","","3","1","0","0","0","0","0","2","0","3","","03","","N","","","","","","","","","",""
"2021124435","2204","1","0","0","0","0","0","0","0","0","4","0","","67","12","2021","2","40.031392","-75.152378","2204","6","0","0","0","0","0","1","0","0","","0","0","0","","","2","","1","","40 01:53.011","","0","75 09:08.560","4","0","0","0","67301","0","0","0","N","0","0","0","3","67301","2","","1.0","","99","N","N","N","0","","0","0","1","","2","","","2","2","3","0","0","0","1","2","0","2","","","","N","","","","","","","","","",""
"2021121548","0600","0","0","0","0","0","0","0","0","0","7","0","","67","12","2021","7","39.923212","-75.191594","0554","6","0","0","0","0","0","0","0","0","","0","0","0","","","1","N","0","","39 55:23.563","4","0","75 11:29.740","4","0","0","0","67301","0","0","0","N","0","0","0","1","67301","1","","3.0","700.0","9","N","N","N","0","","0","0","1","","0","N","","1","1","0","0","0","0","0","2","0","1","","07","","N","","","","","","","","","",""
"2021107198","0127","2","0","0","0","0","0","0","0","0","4","0","","67","11","2021","6","39.975418","-75.143839","0120","6","0","0","0","0","0","0","0","0","","0","0","0","","","1","","1","","39 58:31.504","","0","75 08:37.820","3","0","0","0","67301","0","0","0","N","0","0","0","2","67301","0","","1.0","","1","N","N","N","0","","1","0","0","","3","","","2","1","1","0","0","0","1","2","0","2","","03","","N","","","","","","","","","",""
"2021107152","2235","2","0","0","0","0","0","0","0","0","4","0","","67","11","2021","5","39.944508","-75.156645","2230","6","0","0","0","0","0","0","0","0","","0","0","0","","","0","","1","","39 56:40.227","","0","75 09:23.923","9","0","0","0","67301","0","0","0","N","0","0","0","4","67301","0","","1.0","","1","N","N","N","0","","0","0","0","","2","","","2","0","0","0","0","0","2","2","0","2","","03","","N","","","","","","","","","",""
"2021106370","1655","0","0","0","0","0","0","0","0","0","8","0","","67","11","2021","4","40.035989","-75.042459","1650","6","0","0","0","0","0","1","0","0","","0","0","0","","","1","","1","","40 02:09.560","","0","75 02:32.853","3","0","0","0","67301","1","0","0","N","1","0","0","2","67301","0","","1.0","","1","N","N","N","1","","1","0","0","","2","","","2","1","0","0","0","0","0","2","0","1","","","","N","","","","","","","","","",""
"2021107627","2130","2","0","0","0","0","0","0","0","0","4","0","","67","11","2021","7","40.051033","-75.180537","2125","6","0","0","0","0","0","0","0","0","","0","0","0","","","1","","2","","40 03:03.718","4","0","75 10:49.933","3","0","0","0","67301","0","0","0","N","0","0","0","2","67301","0","","1.0","2154.0","1","N","N","N","0","","1","0","0","","3","Y","","2","1","0","0","0","0","0","2","0","2","","03","","N","","","","","","","","","",""
"2021111050","1835","1","0","0","0","0","0","0","0","0","4","0","","67","11","2021","7","39.965816","-75.246147","1830","6","0","0","0","0","0","0","0","0","","0","0","0","","","3","","1","","39 57:56.938","","0","75 14:46.130","8","0","0","0","67301","0","0","0","N","0","0","0","5","67301","0","","1.0","","1","N","N","N","1","","0","0","1","","1","","","3","3","1","0","0","3","0","2","0","3","","03","","N","","","","","","","","","",""
"2021108601","1819","0","0","0","0","0","0","0","0","0","4","0","","67","11","2021","1","39.922264","-75.163152","1818","6","0","0","0","0","0","0","0","0","","0","0","0","","","1","","1","","39 55:20.150","","0","75 09:47.347","3","0","0","0","67301","0","0","0","N","0","0","0","2","67301","0","","1.0","","1","N","N","N","0","","1","0","3","","3","","","4","1","0","0","0","0","0","2","1","4","","03","","N","","","","","","","","","",""
"2021124519","2047","0","0","0","0","0","0","0","0","0","8","0","","67","12","2021","7","39.994436","-75.122164","2045","6","0","0","0","0","0","0","0","0","","0","0","0","","","1","N","0","","39 59:39.970","","0","75 07:19.790","3","0","0","1","67301","1","0","0","N","1","0","0","2","67301","0","","1.0","","9","N","N","N","0","","1","0","0","","0","","","2","1","0","0","0","0","0","2","0","1","","07","","N","","","","","","","","","",""
"2021106257","1630","0","0","0","0","0","0","0","0","0","8","0","","67","11","2021","4","39.955047","-75.149431","1616","6","0","0","0","0","0","1","0","0","","0","0","0","","","1","N","0","","39 57:18.170","","0","75 08:57.950","8","0","0","0","67301","1","0","0","N","1","0","0","2","67301","0","","1.0","","1","N","N","N","1","","0","0","0","","0","","","2","1","0","0","0","1","0","2","0","1","","","","N","","","","","","","","","",""
"2021106736","2210","1","0","0","0","0","0","0","0","0","4","0","","67","11","2021","5","39.955906","-75.191449","2209","6","0","0","0","0","0","0","0","0","","0","0","0","","","0","","1","","39 57:21.261","","0","75 11:29.218","9","0","0","0","67301","0","0","0","N","0","0","0","3","67507","0","","1.0","","1","N","N","Y","0","","0","0","1","","2","","","2","0","0","0","0","0","1","2","0","2","","03","","N","","","","","","","","","",""
"2021107853","0708","0","0","0","0","0","0","0","0","0","4","0","","67","11","2021","2","39.954818","-75.183402","0705","6","0","0","0","0","1","1","0","0","","0","0","0","","","0","","1","","39 57:17.345","","0","75 11:00.247","0","0","0","0","67301","0","0","0","N","0","0","0","2","67507","0","","1.0","","1","N","N","N","0","","0","0","2","","2","","","2","0","2","0","0","0","0","2","0","2","","","","N","","","","","","","","","",""
"2021121653","0841","1","0","0","0","0","0","0","0","0","5","0","","67","12","2021","6","39.946108","-75.240019","0841","6","0","0","0","0","1","0","0","0","","0","0","0","","","1","N","0","","39 56:45.990","","0","75 14:24.070","8","0","0","0","67301","0","0","0","N","0","0","0","2","67301","0","","1.0","","1","N","N","N","1","","0","0","0","","0","","","2","1","0","0","0","1","0","2","0","2","","03","","N","","","","","","","","","",""
"2021120143","1945","1","0","0","0","0","0","0","0","0","4","0","","67","12","2021","3","40.061731","-75.136804","1945","6","0","0","0","0","0","1","0","0","","0","0","0","","","0","","1","","40 03:42.232","","8","75 08:12.494","9","0","0","0","67301","0","0","0","N","0","0","0","2","67301","0","","1.0","","99","N","N","N","1","","0","0","0","","2","","","2","0","0","0","0","0","1","2","0","2","","","","N","","","","","","","","","",""
"2021106708","0905","0","0","0","0","0","0","0","0","0","8","0","","67","11","2021","4","40.006992","-75.158268","0905","6","0","0","0","0","0","0","0","0","","0","0","0","","","1","","1","","40 00:25.171","","0","75 09:29.764","4","0","0","0","67301","1","0","0","N","1","0","0","2","67301","1","","1.0","","1","N","N","N","0","","0","0","1","","3","","","2","1","0","0","0","0","0","2","0","1","","03","","N","","","","","","","","","",""
"2021105885","0811","2","0","0","0","0","0","0","0","0","4","0","","67","10","2021","7","40.055927","-75.12697","0805","6","0","0","0","0","0","1","0","0","","0","0","0","","","0","","1","","40 03:21.336","","0","75 07:37.091","0","0","0","0","67301","0","0","0","N","0","0","0","2","46102","0","","1.0","","9","N","N","N","0","","0","0","0","","2","","","2","0","0","0","0","0","0","2","0","2","","","","N","","","","","","","","","",""
"2021109268","1805","1","0","0","0","0","0","0","0","0","1","0","","67","11","2021","2","40.042792","-75.024302","1754","6","0","0","0","0","0","2","0","0","","0","0","0","","","1","Y","0","","40 02:34.051","","0","75 01:27.487","3","0","0","0","67301","0","0","0","N","0","0","0","4","67301","0","","1.0","","1","N","N","N","1","","1","0","1","","2","","","3","1","0","0","0","0","0","2","0","3","","03","","N","","","","","","","","","",""
"2021105829","1930","1","0","0","0","0","0","0","0","0","1","0","","67","11","2021","3","39.92175","-75.153556","1857","6","0","0","0","0","0","0","0","0","","0","0","0","","","1","N","0","","39 55:18.300","","0","75 09:12.800","3","0","0","0","67301","0","0","0","N","0","0","0","1","67301","0","","6.0","","9","N","N","N","0","","1","0","2","","0","","","3","1","0","0","0","0","0","2","0","3","","07","","N","","","","","","","","","",""
"2021105886","1204","1","0","0","0","0","0","0","0","0","1","0","","67","11","2021","3","40.050336","-75.117097","1159","6","0","0","0","0","0","0","0","0","","0","0","0","","","2","","1","","40 03:01.210","","0","75 07:01.548","3","0","0","0","67301","0","0","0","N","0","0","0","2","46102","0","","1.0","","9","N","N","N","0","","2","0","1","","2","","","2","2","0","0","0","0","0","2","0","2","","07","","N","","","","","","","","","",""
"2021113501","1240","1","0","0","0","0","0","0","0","0","5","0","","67","11","2021","1","39.947693","-75.187502","1217","6","0","0","0","0","0","0","0","0","","0","0","0","","","2","N","0","","39 56:51.694","3","0","75 11:15.007","3","0","0","0","67301","0","0","0","N","0","0","0","5","68K01","0","","1.0","1330.0","1","N","N","N","0","","2","0","1","","0","N","","2","2","0","0","0","0","0","2","0","2","","","","N","","","","","","","","","",""
"2021107497","1543","1","0","0","0","0","0","0","0","0","4","0","","67","11","2021","7","40.014119","-75.128067","1543","6","0","0","0","0","0","1","1","0","","0","0","0","","","2","N","0","","40 00:50.830","","0","75 07:41.040","8","0","0","0","67301","0","0","0","N","0","0","0","3","67301","0","","1.0","","1","N","N","N","1","","0","0","0","","0","","","2","2","1","0","0","2","0","2","0","2","","03","","N","","","","","","","","","",""
"2021107424","1951","0","0","0","1","0","0","0","0","0","8","0","","67","11","2021","7","39.960556","-75.188","1951","6","0","0","0","0","0","0","0","0","","0","0","0","","","1","","2","","39 57:38.000","","0","75 11:16.800","3","0","0","0","67301","1","0","0","N","0","0","0","2","67507","0","","1.0","","1","N","N","N","0","","1","0","1","","3","","","2","1","0","0","0","0","0","2","0","1","","03","","N","","","","","","","","","",""
"2021127212","","1","0","0","0","0","0","0","0","0","4","0","","67","10","2021","1","39.972764","-75.227516","","6","0","0","0","0","0","0","0","0","","0","0","0","","","1","","1","","39 58:21.950","","0","75 13:39.057","8","0","0","0","67301","0","0","0","N","0","0","0","2","00000","0","","1.0","","1","N","N","N","1","","0","0","0","","3","","","2","1","0","0","0","1","0","2","0","2","","","","N","","","","","","","","","",""
"2021102237","0208","1","0","0","0","0","0","0","0","0","5","0","","67","10","2021","1","40.016548","-75.175055","0201","6","0","0","0","0","0","0","0","0","","0","0","0","","","1","N","0","","40 00:59.573","","0","75 10:30.198","3","0","0","0","67301","0","0","0","N","0","0","0","5","67301","0","","2.0","","1","N","N","N","0","","1","0","1","","0","","","3","1","0","0","0","0","0","2","0","2","","03","","N","","","","","","","","","",""
"2021103683","1433","0","0","0","0","0","0","0","0","0","4","0","","67","10","2021","2","39.913021","-75.181938","1429","6","0","0","0","0","0","0","0","0","","0","0","0","","","2","","5","","39 54:46.874","","0","75 10:54.977","4","0","0","0","67301","0","0","0","N","0","0","0","3","67301","2","","1.0","","1","N","N","N","1","","0","0","1","","2","","","2","2","0","0","0","0","0","2","0","2","","","","N","","","","","","","","","",""
"2021126252","1240","1","0","0","0","0","0","0","0","0","4","0","","67","12","2021","5","39.978946","-75.182514","1236","6","0","0","0","0","0","0","1","0","","0","0","0","","","1","","1","","39 58:44.204","","0","75 10:57.052","3","0","0","0","67301","0","0","0","N","0","0","0","2","67301","0","","1.0","","1","N","N","N","0","","1","0","0","","2","","","2","1","1","0","0","0","0","2","1","2","","03","","N","","","","","","","","","",""
"2021099413","0247","1","0","0","0","0","0","0","0","0","2","0","","67","10","2021","2","40.062889","-75.004769","0240","6","0","0","0","0","0","0","0","0","","0","0","0","","","0","N","0","","40 03:46.400","","0","75 00:17.170","0","0","0","0","67301","0","0","0","N","0","0","0","1","67301","0","","6.0","","1","N","N","N","0","","0","0","0","","0","","","2","0","1","0","0","0","0","2","1","2","","03","","N","","","","","","","","","",""
"2021104052","0007","2","0","0","0","0","0","0","0","0","4","0","","67","10","2021","2","39.928163","-75.150704","0005","6","0","0","0","0","0","0","0","0","","0","0","0","","","0","","1","","39 55:41.386","","0","75 09:02.534","9","0","0","0","67301","0","0","0","N","0","0","0","2","67301","0","","1.0","","1","N","N","Y","1","","0","0","2","","2","","","5","0","0","0","0","0","1","2","0","5","","03","","N","","","","","","","","","",""
"2021099762","1740","1","0","0","0","0","0","0","0","0","4","0","","67","10","2021","3","39.966748","-75.211089","1732","6","0","0","0","0","0","1","0","0","","0","0","0","","","0","","1","","39 58:00.292","","0","75 12:39.920","9","0","0","0","67301","0","0","0","N","0","0","0","4","67301","0","","1.0","","1","N","N","Y","0","","0","0","0","","2","","","3","0","0","0","0","0","2","2","0","3","","03","","N","","","","","","","","","",""
"2021102473","1900","0","0","0","0","0","0","0","0","0","4","0","","67","10","2021","1","40.047483","-75.142782","1854","6","0","0","0","0","0","0","0","0","","0","0","0","","","1","","1","","40 02:50.940","","0","75 08:34.016","3","0","0","1","67301","0","0","0","N","0","0","0","2","67301","0","","1.0","","1","N","N","N","0","","1","0","1","","2","","","2","1","0","0","0","0","0","2","0","2","","","","N","","","","","","","","","",""
"2021099389","1730","0","0","0","0","0","0","0","0","0","5","0","","67","10","2021","2","39.976625","-75.204878","1728","6","0","0","0","0","0","0","0","0","","0","0","0","","","1","N","0","","39 58:35.850","","0","75 12:17.560","2","0","1","1","67301","0","0","0","N","0","0","0","2","67301","0","","1.0","","1","N","N","N","0","","0","1","1","","0","","","2","1","0","0","0","0","0","2","0","2","","03","","N","","","","","","","","","",""
"2021104291","1745","0","0","0","0","0","0","0","0","0","8","0","","67","10","2021","1","40.016855","-75.149585","1745","6","0","0","0","0","0","0","0","0","","0","0","0","","","1","","1","","40 01:00.679","","0","75 08:58.505","3","0","0","0","67301","1","0","0","N","1","0","0","2","67301","0","","1.0","","99","N","N","N","0","","1","0","0","","2","","","2","1","0","0","0","0","1","2","0","1","","","","N","","","","","","","","","",""
"2021100832","2144","1","0","0","0","0","0","0","0","0","4","0","","67","10","2021","5","40.018502","-75.057627","2135","6","0","0","1","0","0","0","0","0","","0","0","0","","","1","","1","","40 01:06.607","","0","75 03:27.456","8","0","0","0","67301","0","0","0","N","0","0","0","2","67301","0","","1.0","","1","N","N","N","0","","0","0","1","","2","","","2","1","2","0","0","1","0","2","0","2","","03","","N","","","","","","","","","",""
"2021101304","0620","3","0","0","0","0","0","0","0","0","5","0","","67","10","2021","7","39.982519","-75.14395","0612","6","0","0","0","0","0","0","0","0","","0","0","0","","","0","N","0","","39 58:57.070","","0","75 08:38.220","0","0","0","0","67301","0","0","0","N","0","0","0","1","67301","0","","6.0","","1","N","N","N","0","","0","0","0","","0","","","3","0","0","0","0","0","0","2","0","3","","03","","N","","","","","","","","","",""
"2021101646","0337","1","0","0","0","0","0","0","0","0","8","0","","67","10","2021","7","39.968891","-75.134424","0335","6","0","0","0","0","0","0","0","0","","0","0","0","","","1","","1","","39 58:08.006","","0","75 08:03.925","3","0","0","0","67301","1","0","0","N","1","0","0","3","67301","0","","1.0","","1","N","N","N","0","","1","0","0","","2","","","2","1","0","0","0","0","0","2","0","1","","03","","N","","","","","","","","","",""
"2021123975","2134","3","0","0","0","0","0","0","0","0","5","0","","67","12","2021","5","39.9635","-75.220144","2128","6","0","0","0","0","0","0","0","0","","0","0","0","","","0","N","0","","39 57:48.600","","0","75 13:12.520","0","0","0","0","67301","0","0","0","N","0","0","0","1","67301","0","","6.0","","1","N","N","N","0","","0","0","2","","0","","","5","0","0","0","0","0","0","2","0","5","","03","","N","","","","","","","","","",""
"2021100288","0806","0","0","0","0","0","0","0","0","0","7","0","","67","10","2021","4","40.048371","-75.00294","0800","6","0","0","0","0","0","0","0","0","","0","0","0","","","1","","3","","40 02:54.136","1","2","75 00:10.583","3","0","0","0","67301","0","0","0","N","0","0","0","1","67301","0","","4.0","900.0","1","N","N","N","0","","1","0","1","","0","Y","","1","1","0","0","0","0","0","2","0","1","","03","","N","","","","","","","","","",""
"2021117939","","1","0","0","0","0","0","0","0","0","1","0","","67","11","2021","4","39.929372","-75.150254","","6","0","0","0","0","0","0","1","0","","0","0","0","","","1","","1","","39 55:45.739","","0","75 09:00.914","8","0","0","0","67301","0","0","0","N","0","0","0","2","00000","0","","1.0","","1","N","N","N","1","","0","0","0","","2","","","2","1","0","0","0","1","0","2","0","2","","","","N","","","","","","","","","",""
"2021101288","1630","2","0","0","0","0","0","0","0","0","4","0","","67","10","2021","6","40.033406","-75.131311","1630","6","0","0","0","0","0","0","0","0","","0","0","0","","","1","N","0","","40 02:00.260","","7","75 07:52.720","4","0","0","0","67301","0","0","0","N","0","0","0","3","67301","1","","1.0","","99","N","N","N","0","","0","0","0","","0","","","2","1","3","0","0","0","1","2","0","2","","","","N","","","","","","","","","",""
"2021100833","1012","1","0","0","0","0","0","0","0","0","7","0","","67","10","2021","1","40.010047","-75.096572","1008","6","0","0","0","0","0","0","0","0","","0","0","0","","","0","N","0","","40 00:36.170","","0","75 05:47.660","0","0","0","0","67301","0","0","0","N","0","0","0","1","67301","0","","4.0","","99","N","N","N","0","","0","0","0","","0","","","1","0","0","0","0","0","0","2","0","1","","98","","N","","","","","","","","","",""
"2021100038","1701","0","0","0","0","0","0","0","0","0","4","0","","67","10","2021","1","39.983587","-75.247126","1701","6","0","0","0","0","0","0","0","0","","0","0","0","","","1","","1","","39 59:00.913","","0","75 14:49.652","3","0","0","0","67301","0","0","0","N","0","0","0","3","67301","0","","1.0","","1","N","N","N","0","","1","0","1","","2","","","2","1","0","0","0","0","0","2","0","2","","03","","N","","","","","","","","","",""
"2021117926","","0","0","0","0","0","0","0","0","0","7","0","","67","11","2021","2","39.898843","-75.170891","","6","0","0","0","0","0","0","0","0","","0","0","0","","","0","N","0","","39 53:55.835","","0","75 10:15.206","0","0","0","0","67301","0","0","0","N","0","0","0","1","00000","0","","1.0","","1","N","N","N","1","","0","0","0","","0","","","1","0","0","0","0","0","0","2","0","1","","","","N","","","","","","","","","",""
"2021098867","2135","1","0","0","0","0","0","0","0","0","4","0","","67","10","2021","7","40.046744","-75.145414","2135","6","0","0","0","0","0","0","0","0","","0","0","0","","","1","","2","","40 02:48.278","","0","75 08:43.490","4","0","0","0","67301","0","0","0","N","0","0","0","2","67301","1","","1.0","","9","N","N","N","0","","0","0","1","","0","","","2","1","0","0","0","0","1","2","0","2","","07","","N","","","","","","","","","",""
"2021102129","0553","3","0","0","0","0","0","0","0","0","5","0","","67","10","2021","1","40.055924","-75.074205","0553","6","0","0","0","0","0","0","0","0","","0","0","0","","","0","N","0","","40 03:21.326","6","0","75 04:27.139","9","0","0","0","67301","0","0","0","N","0","0","0","3","67301","0","","6.0","650.0","1","N","N","Y","0","","0","0","0","","0","N","","4","0","0","0","0","0","1","2","1","4","","","","N","","","","","","","","","",""
"2021125274","2018","1","0","0","0","0","0","0","0","0","4","0","","67","12","2021","3","39.979057","-75.120408","2012","6","0","0","0","0","0","1","0","0","","0","0","0","","","1","","1","","39 58:44.605","","0","75 07:13.468","4","0","0","0","67301","0","0","0","N","0","0","0","2","67301","1","","1.0","","1","N","N","Y","1","","0","0","2","","3","","","4","1","0","0","0","0","0","2","0","4","","","","N","","","","","","","","","",""
"2021125685","2020","2","0","0","0","0","0","0","0","0","1","0","","67","12","2021","3","40.019356","-75.148933","2020","6","0","0","0","0","0","1","0","0","","0","0","0","","","1","N","0","","40 01:09.680","","0","75 08:56.160","8","0","0","0","67301","0","0","0","N","0","0","0","3","67301","0","","1.0","","1","N","N","N","0","","0","0","0","","0","","","3","1","0","0","0","1","1","2","0","3","","03","","N","","","","","","","","","",""
"2021108065","1510","0","0","0","0","0","0","0","0","0","4","0","","67","11","2021","1","39.957754","-75.219287","1510","6","0","0","0","0","0","1","0","0","","0","0","0","","","0","","1","","39 57:27.914","3","0","75 13:09.434","0","0","0","0","67301","0","0","0","N","0","0","0","2","67301","0","","1.0","1500.0","1","N","N","N","0","","0","0","1","","2","N","","2","0","0","0","0","0","0","2","1","2","","04","","N","","","","","","","","","",""
"2021098662","1614","2","0","0","0","0","0","0","0","0","1","0","","67","10","2021","7","39.907417","-75.142444","1614","6","0","0","0","0","0","0","0","0","","0","0","0","","","2","N","0","","39 54:26.700","3","3","75 08:32.800","3","0","0","0","67301","0","0","0","N","0","0","0","4","67501","1","","1.0","1625.0","1","N","N","N","1","","1","0","0","","0","N","","3","2","0","0","0","0","0","2","0","3","","08","","N","","","","","","","","","",""
"2021126741","0611","1","0","0","0","0","0","0","0","0","5","0","","67","12","2021","1","40.064778","-75.156758","0605","6","0","0","0","0","0","0","0","0","","0","0","0","","","0","N","0","","40 03:53.200","5","0","75 09:24.330","0","0","0","0","67301","0","0","0","N","0","0","0","1","67301","0","","6.0","705.0","9","N","N","N","0","","0","0","0","","0","Y","","2","0","1","0","0","0","0","2","1","2","","03","","N","","","","","","","","","",""
"2021099504","2310","2","0","0","0","0","0","0","0","0","1","0","","67","10","2021","4","40.004088","-75.220458","2310","6","0","0","0","0","0","0","0","0","","0","0","0","","","1","Y","0","","40 00:14.715","","0","75 13:13.648","8","0","0","0","67301","0","0","0","N","0","0","0","3","46104","0","","1.0","","1","N","N","N","0","","0","0","0","","0","","","2","1","0","0","0","1","0","2","0","2","","","","N","","","","","","","","","",""
"2021099388","1137","1","0","0","0","0","0","0","0","0","4","0","","67","10","2021","2","40.015033","-75.093453","1115","6","0","0","0","0","0","0","0","0","","0","0","0","","","0","","1","","40 00:54.118","","0","75 05:36.430","0","0","0","0","67301","0","0","0","N","0","0","0","2","67301","0","","1.0","","1","N","N","N","0","","0","0","1","","3","","","2","0","0","0","0","0","0","2","0","2","","03","","N","","","","","","","","","",""
"2021123484","0201","2","0","0","0","0","0","0","0","0","5","0","","67","12","2021","6","40.067317","-75.150039","0154","6","0","0","0","0","0","0","0","0","","0","0","0","","","1","N","0","","40 04:02.340","","0","75 09:00.140","3","0","0","0","67301","0","0","0","N","0","0","0","1","67301","0","","6.0","","1","N","N","N","0","","1","0","0","","0","","","2","1","0","0","0","0","0","2","0","2","","","","N","","","","","","","","","",""
"2021102269","0528","1","0","0","0","0","0","0","0","0","1","0","","67","10","2021","6","39.981952","-75.239038","0518","6","0","0","0","0","0","0","0","0","","0","0","0","","","2","","1","","39 58:55.028","","0","75 14:20.537","4","0","0","0","67301","0","0","0","N","0","0","0","3","67301","2","","1.0","","1","N","N","N","0","","0","0","1","","2","","","2","2","0","0","0","0","1","2","0","2","","","","N","","","","","","","","","",""
"2021103421","1853","1","0","0","0","0","0","0","0","0","4","0","","67","10","2021","1","39.986471","-75.12615","1849","6","0","0","0","0","0","0","1","0","","0","0","0","","","2","","1","","39 59:11.295","1","0","75 07:34.140","3","0","0","0","67301","0","0","0","N","0","0","0","4","67301","0","","1.0","200.0","1","N","N","N","0","","2","0","1","","3","N","","2","2","0","0","0","0","0","2","0","2","","","","N","","","","","","","","","",""
"2021124756","1730","1","0","0","0","0","0","0","0","0","7","0","","67","12","2021","7","39.919935","-75.200939","1727","6","0","0","0","0","0","0","0","0","","0","0","0","","","0","N","0","","39 55:11.766","3","3","75 12:03.379","0","0","0","0","67301","0","0","0","N","0","0","0","1","67301","0","","4.0","15.0","9","N","N","N","0","","0","0","0","","0","N","","1","0","0","0","0","0","0","2","0","1","","04","","N","","","","","","","","","",""
"2021106302","1745","1","0","0","0","0","0","0","0","0","8","0","","67","11","2021","4","39.997893","-75.124602","1737","6","0","0","0","0","0","0","0","0","","0","0","0","","","1","N","0","","39 59:52.415","","0","75 07:28.566","4","0","0","0","67301","1","0","0","N","1","0","0","2","67301","1","","4.0","","1","N","N","N","0","","0","0","0","","0","","","2","1","0","0","0","0","0","2","0","1","","03","","N","","","","","","","","","",""
"2021107715","2100","2","0","0","0","0","0","0","0","0","1","0","","67","10","2021","1","39.946061","-75.189628","2056","6","0","0","0","0","0","0","0","0","","0","0","0","","","0","","6","","39 56:45.818","","2","75 11:22.661","0","0","0","0","67301","0","0","0","N","0","0","0","3","68K01","0","","7.0","","1","N","N","N","0","","0","0","0","","0","","","3","0","0","0","0","0","0","2","0","3","","","","N","","","","","","","","","",""
"2021101393","1711","2","0","0","0","0","0","0","0","0","5","0","","67","10","2021","7","39.955353","-75.223836","1643","6","0","0","0","0","0","0","0","0","","0","0","0","","","0","N","0","","39 57:19.270","","0","75 13:25.810","0","0","0","0","67301","0","0","0","N","0","0","0","1","67301","0","","6.0","","9","N","N","N","0","","0","0","0","","0","","","2","0","0","0","0","0","0","2","0","2","","07","","N","","","","","","","","","",""