"CRN","ARRIVAL_TM","AUTOMOBILE_COUNT","BELTED_DEATH_COUNT","BELTED_SUSP_SERIOUS_INJ_COUNT","BICYCLE_COUNT","BICYCLE_DEATH_COUNT","BICYCLE_SUSP_SERIOUS_INJ_COUNT","BUS_COUNT","CHLDPAS_DEATH_COUNT","CHLDPAS_SUSP_SERIOUS_INJ_COUNT","COLLISION_TYPE","COMM_VEH_COUNT","CONS_ZONE_SPD_LIM","COUNTY","CRASH_MONTH","CRASH_YEAR","DAY_OF_WEEK","DEC_LATITUDE","DEC_LONGITUDE","DISPATCH_TM","DISTRICT","DRIVER_COUNT_16YR","DRIVER_COUNT_17YR","DRIVER_COUNT_18YR","DRIVER_COUNT_19YR","DRIVER_COUNT_20YR","DRIVER_COUNT_50_64YR","DRIVER_COUNT_65_74YR","DRIVER_COUNT_75PLUS","EST_HRS_CLOSED","FATAL_COUNT","HEAVY_TRUCK_COUNT","HORSE_BUGGY_COUNT","HOUR_OF_DAY","ILLUMINATION","INJURY_COUNT","INTERSECTION_RELATED","INTERSECT_TYPE","LANE_CLOSED","LATITUDE","LN_CLOSE_DIR","LOCATION_TYPE","LONGITUDE","MAX_SEVERITY_LEVEL","MCYCLE_DEATH_COUNT","MCYCLE_SUSP_SERIOUS_INJ_COUNT","MOTORCYCLE_COUNT","MUNICIPALITY","NONMOTR_COUNT","NONMOTR_DEATH_COUNT","NONMOTR_SUSP_SERIOUS_INJ_COUNT","NTFY_HIWY_MAINT","PED_COUNT","PED_DEATH_COUNT","PED_SUSP_SERIOUS_INJ_COUNT","PERSON_COUNT","POLICE_AGCY","POSSIBLE_INJ_COUNT","RDWY_SURF_TYPE_CD","RELATION_TO_ROAD","ROADWAY_CLEARED","ROAD_CONDITION","SCH_BUS_IND","SCH_ZONE_IND","SECONDARY_CRASH","SMALL_TRUCK_COUNT","SPEC_JURIS_CD","SUSP_MINOR_INJ_COUNT","SUSP_SERIOUS_INJ_COUNT","SUV_COUNT","TCD_FUNC_CD","TCD_TYPE","TFC_DETOUR_IND","TIME_OF_DAY","TOTAL_UNITS","TOT_INJ_COUNT","UNBELTED_OCC_COUNT","UNB_DEATH_COUNT","UNB_SUSP_SERIOUS_INJ_COUNT","UNK_INJ_DEG_COUNT","UNK_INJ_PER_COUNT","URBAN_RURAL","VAN_COUNT","VEHICLE_COUNT","WEATHER1","WEATHER2","WORKERS_PRES","WORK_ZONE_IND","WORK_ZONE_LOC","WORK_ZONE_TYPE","WZ_CLOSE_DETOUR","WZ_FLAGGER","WZ_LAW_OFFCR_IND","WZ_LN_CLOSURE","WZ_MOVING","WZ_OTHER","WZ_SHLDER_MDN","WZ_WORKERS_INJ_KILLED"
"2021125553","1815","2","0","0","0","0","0","0","0","0","4","0","","67","12","2021","1","40.003924","-75.220699","1801","6","0","0","0","0","0","0","0","1","","0","0","0","","","0","","1","","40 00:14.125","","0","75 13:14.515","0","0","0","0","67301","0","0","0","N","0","0","0","2","67301","0","","1.0","","1","N","N","N","0","","0","0","0","","2","","","2","0","0","0","0","0","0","2","0","2","","03","","N","","","","","","","","","",""
"2021098714","2155","0","0","0","0","0","0","0","0","0","4","0","","67","10","2021","7","40.064873","-75.009421","2153","6","0","0","0","0","0","0","1","0","","0","0","0","","","0","","2","","40 03:53.543","1","0","75 00:33.914","0","0","0","0","67301","0","0","0","N","0","0","0","4","67301","0","","1.0","100.0","9","N","N","N","1","","0","0","0","","3","Y","","2","0","0","0","0","0","0","2","1","2","","04","","N","","","","","","","","","",""
"2021102528","1936","0","0","0","0","0","0","0","0","0","8","0","","67","10","2021","2","39.985947","-75.166115","1933","6","0","0","0","0","0","0","0","0","","0","0","0","","","1","","1","","39 59:09.409","","0","75 09:58.013","4","0","0","0","67301","1","0","0","N","1","0","0","2","67301","1","","1.0","","9","N","N","N","0","","0","0","0","","2","","","2","1","0","0","0","0","0","2","1","1","","05","","N","","","","","","","","","",""
"2021099849","1116","0","0","0","0","0","0","0","0","0","7","0","","67","10","2021","2","40.000118","-75.177903","1116","6","0","0","0","0","0","0","0","0","","0","0","0","","","0","","2","","40 00:00.424","","0","75 10:40.450","0","0","0","0","67301","0","0","0","N","0","0","0","1","67301","0","","5.0","","1","N","N","N","0","","0","0","1","","2","","","1","0","0","0","0","0","0","2","0","1","","","","N","","","","","","","","","",""
"2021101569","2027","1","0","0","0","0","0","0","0","0","5","0","","67","10","2021","1","39.979436","-75.159436","2026","6","0","0","0","0","0","0","0","0","","0","0","0","","","1","N","0","","39 58:45.970","2","0","75 09:33.970","3","0","0","0","67301","0","0","0","N","0","0","0","2","67505","0","","6.0","2130.0","1","N","N","N","0","","1","0","1","","0","Y","","2","1","0","0","0","0","0","2","0","2","","03","","N","","","","","","","","","",""
"2021101093","0135","1","0","0","1","0","0","0","0","0","8","0","","67","10","2021","7","39.947766","-75.225373","0132","6","0","0","0","0","0","0","0","0","","0","0","0","","","1","","1","","39 56:51.959","","0","75 13:31.342","8","0","0","0","67301","1","0","0","N","0","0","0","2","67301","0","","1.0","","1","N","N","N","0","","0","0","0","","0","","","2","1","0","0","0","1","0","2","0","1","","03","","N","","","","","","","","","",""
"2021098099","0800","2","0","0","0","0","0","0","0","0","4","0","","67","10","2021","6","39.975433","-75.191828","0757","6","0","0","0","0","0","0","1","0","","0","0","0","","","2","N","0","","39 58:31.558","","7","75 11:30.581","3","0","0","0","67301","0","0","0","N","0","0","0","4","67301","0","","1.0","","1","N","N","N","0","","2","0","1","","0","","","3","2","0","0","0","0","0","2","0","3","","03","","N","","","","","","","","","",""
"2021112227","1649","1","0","0","0","0","0","0","0","0","8","0","","67","10","2021","6","40.025884","-75.108479","1628","6","0","0","0","0","0","0","0","0","","0","0","0","","","1","","2","","40 01:33.183","","0","75 06:30.523","3","0","0","0","67301","1","0","0","N","1","0","0","2","67301","0","","1.0","","1","N","N","N","0","","1","0","0","","0","","","2","1","0","0","0","0","0","2","0","1","","03","","N","","","","","","","","","",""
"2021099635","2040","1","0","0","0","0","0","0","0","0","4","0","","67","10","2021","2","39.932841","-75.157582","2035","6","0","1","0","0","0","0","0","0","","0","0","0","","","0","","1","","39 55:58.229","","0","75 09:27.294","0","0","0","0","67301","0","0","0","N","0","0","0","5","67301","0","","1.0","","1","N","N","N","0","","0","0","2","","3","","","3","0","0","0","0","0","0","2","0","3","","","","N","","","","","","","","","",""
"2021128126","","0","0","0","0","0","0","0","0","0","4","0","","67","10","2021","7","40.044882","-75.017418","","6","0","0","0","0","0","0","0","0","","0","0","0","","","1","","1","","40 02:41.574","","0","75 01:02.705","8","0","0","0","67301","0","0","0","N","0","0","0","2","00000","0","","1.0","","1","N","N","N","0","","0","0","2","","3","","","2","1","0","0","0","1","0","2","0","2","","","","N","","","","","","","","","",""
"2021125942","2145","0","0","0","0","0","0","0","0","0","4","0","","67","12","2021","4","39.980224","-75.157607","2145","6","0","0","0","0","0","0","0","0","","0","0","0","","","0","","1","","39 58:48.805","","0","75 09:27.384","0","0","0","0","67301","0","0","0","N","0","0","0","3","67505","0","","1.0","","1","N","N","N","0","","0","0","0","","2","","","2","0","0","0","0","0","0","2","2","2","","03","","N","","","","","","","","","",""
"2021101077","1054","0","0","0","0","0","0","0","0","0","4","0","","67","10","2021","1","40.033684","-75.145797","1052","6","0","0","0","0","0","0","0","0","","0","0","0","","","1","","1","","40 02:01.264","7","0","75 08:44.868","4","0","0","0","67301","0","0","0","N","0","0","0","2","67301","1","","1.0","1500.0","1","N","N","N","0","","0","0","2","","2","Y","","2","1","0","0","0","0","1","2","0","2","","03","","N","","","","","","","","","",""
"2021118013","","0","0","0","0","0","0","0","0","0","4","0","","67","11","2021","6","40.024576","-75.130555","","6","0","0","0","0","0","0","0","0","","0","0","0","","","1","","1","","40 01:28.473","","0","75 07:49.998","4","0","0","0","67301","0","0","0","N","0","0","0","2","00000","1","","1.0","","1","N","N","N","0","","0","0","1","","2","","","2","1","0","0","0","0","0","2","0","2","","","","N","","","","","","","","","",""
"2021101381","1717","1","0","0","0","0","0","0","0","0","1","0","","67","10","2021","7","39.919108","-75.205988","1717","6","0","0","0","0","0","0","1","0","","0","0","0","","","1","N","0","","39 55:08.788","","3","75 12:21.556","3","0","0","0","67301","0","0","0","N","0","0","0","2","67301","0","","1.0","","9","N","N","N","0","","1","0","0","","0","","","2","1","0","0","0","0","0","2","1","2","","07","","N","","","","","","","","","",""
"2021099769","1800","2","0","0","0","0","0","0","0","0","4","0","","67","10","2021","2","39.989479","-75.156446","1758","6","0","0","0","0","0","0","1","0","","0","0","0","","","0","","1","","39 59:22.124","","0","75 09:23.205","9","0","0","0","67301","0","0","0","N","0","0","0","2","67301","0","","1.0","","1","N","N","Y","0","","0","0","1","","3","","","3","0","0","0","0","0","1","2","0","3","","03","","N","","","","","","","","","",""
"2021100704","1501","1","0","0","0","0","0","0","0","0","4","0","","67","10","2021","5","39.918554","-75.225852","1501","6","0","0","0","1","0","0","1","0","","0","0","0","","","1","","1","","39 55:06.796","","0","75 13:33.067","3","0","0","0","67301","0","0","0","N","0","0","0","4","67301","0","","1.0","","1","N","N","N","0","","1","0","1","","2","","","2","1","0","0","0","0","0","2","0","2","","","","N","","","","","","","","","",""
"2021100254","1140","2","0","0","0","0","0","0","0","0","1","0","","67","10","2021","4","39.964788","-75.224062","1137","6","0","0","0","0","0","0","1","0","","0","0","0","","","0","N","0","","39 57:53.235","","0","75 13:26.624","9","0","0","0","67301","0","0","0","N","0","0","0","1","67301","0","","1.0","","1","N","N","N","0","","0","0","1","","0","","","3","0","0","0","0","0","1","2","0","3","","","","N","","","","","","","","","",""
"2021098972","0655","1","0","0","0","0","0","0","0","0","1","0","","67","10","2021","2","39.956136","-75.182989","0645","6","0","0","0","0","0","0","1","0","","0","0","0","","","0","","3","","39 57:22.089","2","0","75 10:58.760","0","0","0","0","67301","0","0","0","N","0","0","0","3","67507","0","","1.0","810.0","1","N","N","N","1","","0","0","1","","2","N","","3","0","1","0","0","0","0","2","0","3","","03","","N","","","","","","","","","",""
"2021103403","1148","1","0","0","0","0","0","0","0","0","4","0","","67","10","2021","5","40.056338","-74.985855","1137","6","0","1","0","0","0","0","0","0","","0","0","0","","","3","N","0","","40 03:22.816","","7","74 59:09.077","3","0","0","0","67301","0","0","0","N","0","0","0","3","67301","1","","1.0","","1","N","N","N","0","","2","0","1","","3","","","2","3","0","0","0","0","0","2","0","2","","03","","N","","","","","","","","","",""
"2021125484","2155","0","0","0","0","0","0","0","0","0","1","0","","67","12","2021","6","40.036999","-75.040326","2155","6","0","0","0","0","0","1","0","0","","0","0","0","","","1","N","0","","40 02:13.197","","0","75 02:25.172","2","0","0","0","67301","0","0","0","N","0","0","0","5","67301","0","","1.0","","1","N","N","N","0","","0","1","2","","0","","","2","1","0","0","0","0","0","2","0","2","","03","","N","","","","","","","","","",""
"2021099754","1606","1","0","0","0","0","0","0","0","0","5","0","","67","10","2021","2","40.018172","-75.073864","1600","6","0","0","0","0","0","0","0","0","","0","0","0","","","1","N","0","","40 01:05.420","","0","75 04:25.910","3","0","0","0","67301","0","0","0","N","0","0","0","2","67301","0","","1.0","","1","N","N","N","0","","1","0","1","","0","","","2","1","0","0","0","0","0","2","0","2","","03","","N","","","","","","","","","",""
"2021117964","","1","0","0","0","0","0","0","0","0","3","0","","67","11","2021","3","39.977139","-75.247167","","6","0","0","0","0","0","0","0","0","","0","0","0","","","1","N","0","","39 58:37.700","","0","75 14:49.800","8","0","0","0","67301","0","0","0","N","0","0","0","2","00000","0","","1.0","","1","N","N","N","0","","0","0","1","","0","","","2","1","0","0","0","1","0","2","0","2","","","","N","","","","","","","","","",""
"2021103129","1837","3","0","0","0","0","0","0","0","0","6","0","","67","10","2021","1","40.039225","-75.059534","1831","6","0","0","0","0","0","0","1","0","","0","0","0","","","6","N","0","","40 02:21.211","1","0","75 03:34.321","8","0","0","0","67301","0","0","0","N","0","0","0","6","67301","0","","1.0","150.0","1","N","N","N","0","","0","0","0","","0","Y","","3","6","0","0","0","6","0","2","0","3","","03","","N","","","","","","","","","",""
"2021099122","1656","0","0","0","1","0","0","0","0","0","8","0","","67","10","2021","1","39.91545","-75.181456","1655","6","0","0","0","0","0","0","0","0","","0","0","0","","","1","N","0","","39 54:55.620","","0","75 10:53.240","3","0","0","0","67301","1","0","0","N","0","0","0","2","67301","0","","1.0","","1","N","N","N","0","","1","0","0","","0","","","2","1","0","0","0","0","0","2","1","1","","03","","N","","","","","","","","","",""
"2021100883","1228","0","0","0","0","0","0","0","0","0","8","0","","67","10","2021","3","39.950005","-75.157075","1223","6","0","0","0","0","0","0","1","0","","0","0","0","","","1","","1","","39 57:00.019","3","0","75 09:25.469","4","0","0","0","67301","1","0","0","N","1","0","0","2","67301","1","","1.0","100.0","1","N","N","N","0","","0","0","1","","2","N","","2","1","1","0","0","0","0","2","0","1","","03","","N","","","","","","","","","",""
"2021099414","2030","1","0","0","0","0","0","0","0","0","4","0","","67","10","2021","1","39.986524","-75.157896","2030","6","0","0","0","0","0","0","0","0","","0","0","0","","","0","","1","","39 59:11.485","","0","75 09:28.427","9","0","0","0","67301","0","0","0","N","0","0","0","2","67301","0","","1.0","","1","N","N","N","0","","0","0","1","","2","","","2","0","1","0","0","0","1","2","0","2","","03","","N","","","","","","","","","",""
"2021103025","1400","1","0","0","0","0","0","0","0","0","4","0","","67","10","2021","3","39.904045","-75.240114","1348","6","0","0","0","0","0","0","0","0","","0","0","0","","","4","","1","","39 54:14.563","4","0","75 14:24.409","8","0","0","0","67301","0","0","0","N","0","0","0","5","67301","0","","1.0","1452.0","1","N","N","N","0","","0","0","1","","2","N","","3","4","1","0","0","4","0","2","0","3","","03","","N","","","","","","","","","",""
"2021126593","0031","1","0","0","0","0","0","0","0","0","4","0","","67","12","2021","2","40.031392","-75.152378","0030","6","0","0","0","0","0","0","0","0","","0","0","0","","","2","","1","","40 01:53.011","","0","75 09:08.560","8","0","0","0","67301","0","0","0","N","0","0","0","3","67301","0","","1.0","","1","N","N","N","0","","0","0","1","","2","","","2","2","0","0","0","2","0","2","0","2","","03","","N","","","","","","","","","",""
"2021101568","2302","1","0","0","0","0","0","0","0","0","5","0","","67","10","2021","7","39.955411","-75.148001","2302","6","0","0","0","0","0","0","0","0","","0","0","0","","","0","N","0","","39 57:19.480","","2","75 08:52.805","0","0","0","0","67301","0","0","0","N","0","0","0","3","67501","0","","1.0","","1","N","N","N","0","","0","0","1","","0","","","2","0","0","0","0","0","0","2","0","2","","","","N","","","","","","","","","",""
"2021128167","2135","3","0","0","0","0","0","0","0","0","4","0","","67","12","2021","3","39.938065","-75.16844","2130","6","0","0","1","0","0","1","0","0","","0","0","0","","","0","","1","","39 56:17.034","3","0","75 10:06.383","0","0","0","0","67301","0","0","0","N","0","0","0","2","67301","0","","1.0","2145.0","1","N","N","N","0","","0","0","1","","2","N","","4","0","0","0","0","0","0","2","0","4","","","","N","","","","","","","","","",""
"2021103298","1200","0","0","0","0","0","0","0","0","0","4","0","","67","10","2021","2","39.982842","-75.142214","1200","6","0","0","0","0","0","1","0","0","","0","0","0","","","2","","1","","39 58:58.231","","0","75 08:31.970","3","0","0","0","67301","0","0","0","N","0","0","0","3","67301","0","","1.0","","1","N","N","N","0","","2","0","2","","2","","","2","2","3","0","0","0","0","2","0","2","","04","","N","","","","","","","","","",""
"2021101066","0243","1","0","0","0","0","0","0","0","0","4","0","","67","10","2021","7","40.014677","-75.118166","0243","6","0","0","0","0","1","1","0","0","","0","0","0","","","3","N","0","","40 00:52.836","","7","75 07:05.397","3","0","0","0","67301","0","0","0","N","0","0","0","4","67301","0","","1.0","","1","N","N","N","0","","1","0","1","","0","","","2","3","0","0","0","2","0","2","0","2","","03","","N","","","","","","","","","",""
"2021101346","0205","1","0","0","0","0","0","0","0","0","5","0","","67","10","2021","1","39.901314","-75.140131","0205","6","0","0","0","0","0","0","0","0","","0","0","0","","","0","N","0","","39 54:04.730","","0","75 08:24.470","0","0","0","0","67301","0","0","0","N","0","0","0","2","67301","0","","1.0","","99","N","N","N","0","","0","0","0","","0","","","2","0","0","0","0","0","0","2","0","2","","","","N","","","","","","","","","",""
"2021102963","0346","1","0","0","0","0","0","0","0","0","1","0","","67","10","2021","2","39.998768","-75.131259","0345","6","0","0","0","0","0","1","0","0","","0","0","0","","","3","","1","","39 59:55.564","","0","75 07:52.533","8","0","0","0","67301","0","0","0","N","0","0","0","4","67301","0","","1.0","","99","N","N","N","1","","0","0","0","","2","","","2","3","0","0","0","3","0","2","0","2","","03","","N","","","","","","","","","",""
"2021125692","1046","0","0","0","0","0","0","0","0","0","4","0","","67","12","2021","2","39.96248","-75.216215","1045","6","0","0","0","0","0","1","0","0","","0","0","0","","","0","","1","","39 57:44.928","","0","75 12:58.374","9","0","0","0","67301","0","0","0","N","0","0","0","2","67301","0","","1.0","","1","N","N","N","0","","0","0","2","","2","","","2","0","0","0","0","0","2","2","0","2","","03","","N","","","","","","","","","",""
"2021102099","1820","0","0","0","0","0","0","0","0","0","1","0","","67","10","2021","1","39.98469","-75.236826","1743","6","0","0","0","0","0","0","0","0","","0","0","0","","","1","","2","","39 59:04.885","","0","75 14:12.573","3","0","0","0","67301","0","0","0","N","0","0","0","3","67301","0","","1.0","","1","N","N","N","0","","1","0","2","","0","","","2","1","0","0","0","0","0","2","0","2","","03","","N","","","","","","","","","",""
"2021124022","0103","1","0","0","0","0","0","0","0","0","4","0","","67","12","2021","7","40.02546","-75.084711","0103","6","0","0","0","0","1","0","0","0","","0","0","0","","","0","","5","","40 01:31.656","","0","75 05:04.959","0","0","0","0","67301","0","0","0","N","0","0","0","2","67301","0","","1.0","","1","N","N","N","0","","0","0","1","","3","","","2","0","0","0","0","0","0","2","0","2","","","","N","","","","","","","","","",""
"2021105612","2241","2","0","0","0","0","0","0","0","0","6","0","","67","10","2021","1","40.017653","-75.140706","2241","6","0","0","0","0","0","1","0","0","","0","0","0","","","0","N","0","","40 01:03.550","","0","75 08:26.540","9","0","0","0","67301","0","0","0","N","0","0","0","2","67301","0","","1.0","","1","N","N","N","0","","0","0","1","","0","","","4","0","1","0","0","0","1","2","1","4","","03","","N","","","","","","","","","",""
"2021095721","1830","1","0","0","0","0","0","0","0","0","4","0","","67","10","2021","6","39.969041","-75.216374","1801","6","0","1","0","0","0","0","0","0","","0","0","0","","","0","","2","","39 58:08.547","","0","75 12:58.946","0","0","0","0","67301","0","0","0","N","0","0","0","2","67301","0","","1.0","","1","N","N","N","0","","0","0","0","","0","","","2","0","2","0","0","0","0","2","1","2","","03","","N","","","","","","","","","",""
"2021125904","1954","0","0","0","0","0","0","0","0","0","4","0","","67","12","2021","4","39.941556","-75.214472","1954","6","0","0","0","0","0","0","0","0","","0","0","0","","","0","N","0","","39 56:29.600","","0","75 12:52.100","0","0","0","0","67301","0","0","0","N","0","0","0","1","67301","0","","1.0","","1","N","N","N","0","","0","0","2","","0","","","2","0","0","0","0","0","0","2","0","2","","03","","N","","","","","","","","","",""
"2021101078","0950","2","0","0","0","0","0","0","0","0","4","0","","67","10","2021","4","40.0486","-75.151513","0939","6","0","0","0","0","0","0","0","0","","0","0","0","","","2","","1","","40 02:54.960","","0","75 09:05.446","3","0","0","0","67301","0","0","0","N","0","0","0","2","67301","0","","1.0","","1","N","N","Y","0","","2","0","0","","3","","","2","2","0","0","0","0","0","2","0","2","","03","","N","","","","","","","","","",""
"2021110873","0413","3","0","0","0","0","0","0","0","0","4","0","","67","10","2021","7","39.985947","-75.166115","0413","6","0","0","0","1","0","0","0","0","","0","0","0","","","3","","1","","39 59:09.409","6","0","75 09:58.013","4","0","0","0","67301","0","0","0","N","0","0","0","3","67301","3","","1.0","535.0","1","N","N","Y","0","","0","0","0","","2","Y","","3","3","0","0","0","0","0","2","0","3","","","","N","","","","","","","","","",""
"2021101380","1748","1","0","0","0","0","0","0","0","0","4","0","","67","10","2021","6","39.90369","-75.243239","1748","6","0","0","0","0","0","0","0","0","","0","0","0","","","6","","1","","39 54:13.285","7","0","75 14:35.660","2","0","0","0","67301","0","0","0","N","0","0","0","7","67301","4","","1.0","2300.0","1","N","N","Y","0","","1","1","2","","2","Y","","3","6","0","0","0","0","0","2","0","3","","03","","N","","","","","","","","","",""
"2021098654","2130","0","0","0","0","0","0","0","0","0","8","0","","67","10","2021","7","39.959315","-75.159894","2120","6","0","0","0","0","0","0","0","0","","0","0","0","","","1","","1","","39 57:33.533","","0","75 09:35.619","8","0","0","0","67301","1","0","0","N","1","0","0","2","67301","0","","1.0","","9","N","N","N","0","","0","0","1","","2","","","2","1","1","0","0","1","1","2","0","1","","","","N","","","","","","","","","",""
"2021102662","1530","0","0","0","0","0","0","0","0","0","5","0","","67","10","2021","2","40.005331","-75.127836","1520","6","0","0","1","0","0","0","0","0","","0","0","0","","","0","N","0","","40 00:19.190","5","3","75 07:40.210","0","0","0","0","67301","0","0","0","N","0","0","0","4","67301","0","","1.0","20.0","4","N","N","N","0","","0","0","2","","0","Y","","2","0","4","0","0","0","0","2","0","2","","04","","N","","","","","","","","","",""
"2021098693","0722","1","0","0","0","0","0","0","0","0","4","0","","67","10","2021","7","39.917902","-75.179294","0720","6","0","0","0","0","0","1","0","0","","0","0","0","","","2","","1","","39 55:04.447","3","0","75 10:45.458","4","0","0","0","67301","0","0","0","N","0","0","0","2","67301","2","","1.0","830.0","1","N","N","N","0","","0","0","1","","2","Y","","2","2","0","0","0","0","0","2","0","2","","03","","N","","","","","","","","","",""
"2021124816","0241","1","0","0","0","0","0","0","0","0","7","0","","67","12","2021","1","39.945404","-75.179736","0237","6","0","0","0","0","0","0","0","0","","0","0","0","","","1","","1","","39 56:43.455","","0","75 10:47.049","4","0","0","0","67301","0","0","0","N","0","0","0","1","67301","1","","5.0","","9","N","N","N","0","","0","0","0","","2","","","2","1","0","0","0","0","0","2","0","1","","","","N","","","","","","","","","",""
"2021128258","1200","2","0","0","0","0","0","0","0","0","4","0","","67","12","2021","7","39.972283","-75.165803","1154","6","0","0","0","0","0","0","0","0","","0","0","0","","","0","","1","","39 58:20.220","","0","75 09:56.891","0","0","0","0","67301","0","0","0","N","0","0","0","3","67301","0","","1.0","","9","N","N","N","0","","0","0","0","","2","","","2","0","0","0","0","0","0","2","0","2","","","","N","","","","","","","","","",""
"2021102268","1320","2","0","0","0","0","0","0","0","0","4","0","","67","10","2021","1","40.043962","-75.071894","1319","6","0","0","0","0","0","0","0","0","","0","0","0","","","2","","1","","40 02:38.263","","0","75 04:18.818","4","0","0","0","67301","0","0","0","N","0","0","0","2","67301","2","","1.0","","1","N","N","N","0","","0","0","0","","3","","","2","2","0","0","0","0","0","2","0","2","","","","N","","","","","","","","","",""
"2021101287","1545","0","0","0","0","0","0","0","0","0","8","0","","67","10","2021","5","40.058005","-75.139066","1545","6","0","0","0","0","0","1","0","0","","0","0","0","","","1","","1","","40 03:28.818","","0","75 08:20.636","8","0","0","0","67301","1","0","0","N","1","0","0","2","67301","0","","1.0","","1","N","N","N","0","","0","0","1","","2","","","2","1","1","0","0","1","0","2","0","1","","","","N","","","","","","","","","",""
"2021102783","1302","1","0","0","0","0","0","0","0","0","4","0","","67","10","2021","1","40.00221","-75.1577","1302","6","0","0","0","0","0","0","0","0","","0","0","0","","","1","","1","","40 00:07.957","","0","75 09:27.721","3","0","0","0","67301","0","0","0","N","0","0","0","5","67301","0","","1.0","","1","N","N","N","1","","1","0","0","","2","","","2","1","5","0","0","0","0","2","0","2","","03","","N","","","","","","","","","",""
"2021124641","1530","1","0","0","0","0","0","0","0","0","4","0","","67","12","2021","1","40.017997","-75.172739","1530","6","0","0","0","0","0","0","0","0","","0","0","0","","","1","","2","","40 01:04.790","1","0","75 10:21.860","3","0","0","0","67301","0","0","0","N","0","0","0","2","67301","0","","1.0","1702.0","1","N","N","N","0","","1","0","1","","0","N","","2","1","2","0","0","0","0","2","0","2","","03","","N","","","","","","","","","",""
"2021101220","1759","0","0","0","0","0","0","0","0","0","8","0","","67","10","2021","5","39.921483","-75.147291","1750","6","0","0","0","0","0","0","0","0","","0","0","0","","","2","","1","","39 55:17.340","","0","75 08:50.248","3","0","0","0","67301","1","0","0","N","1","0","0","2","67301","0","","1.0","","1","N","N","N","0","","2","0","0","","3","","","2","2","1","0","0","0","0","2","1","1","","03","","N","","","","","","","","","",""
"2021099353","0452","1","0","0","0","0","0","0","0","0","1","0","","67","10","2021","1","40.035857","-75.077662","0450","6","0","0","0","0","0","0","0","0","","0","0","0","","","2","","1","","40 02:09.085","","0","75 04:39.583","3","0","0","0","67301","0","0","0","N","0","0","0","3","67301","0","","1.0","","1","N","N","N","0","","2","0","1","","2","","","2","2","2","0","0","0","1","2","0","2","","","","N","","","","","","","","","",""
"2021098722","1038","2","0","0","0","0","0","0","0","0","4","0","","67","10","2021","1","39.958712","-75.162143","1032","6","0","0","0","0","1","0","0","0","","0","0","0","","","1","","1","","39 57:31.362","","0","75 09:43.713","3","0","0","0","67301","0","0","0","N","0","0","0","2","67301","0","","1.0","","1","N","N","N","0","","1","0","0","","0","","","2","1","0","0","0","0","0","2","0","2","","03","","N","","","","","","","","","",""
"2021110717","1641","1","0","0","0","0","0","0","0","0","2","0","","67","10","2021","3","39.986118","-75.117877","1640","6","0","0","0","0","0","1","0","0","","0","0","0","","","1","","2","","39 59:10.024","","0","75 07:04.357","8","0","0","1","67301","0","0","0","N","0","0","0","2","67301","0","","1.0","","1","N","N","N","0","","0","0","0","","0","","","2","1","0","0","0","1","0","2","0","2","","03","","N","","","","","","","","","",""
"2021104049","0030","4","0","0","0","0","0","0","0","0","6","0","","67","10","2021","7","39.915027","-75.157669","0030","6","0","0","0","0","0","0","0","0","","0","0","0","","","2","","2","","39 54:54.098","3","0","75 09:27.608","3","0","0","0","67301","1","0","0","N","1","0","0","3","67301","0","","1.0","230.0","1","N","N","N","1","","2","0","2","","2","N","","8","2","0","0","0","0","0","2","0","7","","03","","N","","","","","","","","","",""
"2021123468","1615","2","0","0","0","0","0","0","0","0","4","0","","67","12","2021","5","39.994228","-75.094175","1610","6","0","0","0","0","0","0","0","0","","0","0","0","","","1","N","0","","39 59:39.222","","7","75 05:39.030","4","0","0","0","67301","0","0","0","N","0","0","0","3","67301","1","","1.0","","1","N","N","N","0","","0","0","0","","0","","","2","1","0","0","0","0","0","2","0","2","","03","","N","","","","","","","","","",""
"2021100041","1602","1","0","0","0","0","0","0","0","0","6","0","","67","10","2021","3","39.977094","-75.243881","1602","6","0","0","0","0","0","1","0","0","","0","0","0","","","0","N","0","","39 58:37.540","","0","75 14:37.970","9","0","0","0","67301","0","0","0","N","0","0","0","1","67301","0","","6.0","","1","N","N","N","0","","0","0","1","","0","","","2","0","0","0","0","0","1","2","0","2","","03","","N","","","","","","","","","",""
"2021125370","0100","3","0","0","0","0","0","0","0","0","2","0","","67","12","2021","4","39.957472","-75.241703","0053","6","0","0","0","0","0","0","0","0","","0","0","0","","","0","N","0","","39 57:26.900","","0","75 14:30.130","0","0","0","0","67301","0","0","0","N","0","0","0","1","67301","0","","6.0","","9","N","N","N","0","","0","0","0","","0","","","3","0","0","0","0","0","0","2","0","3","","07","","N","","","","","","","","","",""
"2021125395","1205","2","0","0","0","0","0","0","0","0","4","0","","67","12","2021","6","39.897531","-75.252476","1157","6","0","0","0","0","0","0","0","0","","0","0","0","","","5","","1","","39 53:51.111","","0","75 15:08.912","3","0","0","0","67301","0","0","0","N","0","0","0","5","67301","0","","1.0","","1","N","N","N","0","","5","0","1","","2","","","3","5","0","0","0","0","0","2","0","3","","","","N","","","","","","","","","",""