"CRN","ARRIVAL_TM","AUTOMOBILE_COUNT","BELTED_DEATH_COUNT","BELTED_SUSP_SERIOUS_INJ_COUNT","BICYCLE_COUNT","BICYCLE_DEATH_COUNT","BICYCLE_SUSP_SERIOUS_INJ_COUNT","BUS_COUNT","CHLDPAS_DEATH_COUNT","CHLDPAS_SUSP_SERIOUS_INJ_COUNT","COLLISION_TYPE","COMM_VEH_COUNT","CONS_ZONE_SPD_LIM","COUNTY","CRASH_MONTH","CRASH_YEAR","DAY_OF_WEEK","DEC_LATITUDE","DEC_LONGITUDE","DISPATCH_TM","DISTRICT","DRIVER_COUNT_16YR","DRIVER_COUNT_17YR","DRIVER_COUNT_18YR","DRIVER_COUNT_19YR","DRIVER_COUNT_20YR","DRIVER_COUNT_50_64YR","DRIVER_COUNT_65_74YR","DRIVER_COUNT_75PLUS","EST_HRS_CLOSED","FATAL_COUNT","HEAVY_TRUCK_COUNT","HORSE_BUGGY_COUNT","HOUR_OF_DAY","ILLUMINATION","INJURY_COUNT","INTERSECTION_RELATED","INTERSECT_TYPE","LANE_CLOSED","LATITUDE","LN_CLOSE_DIR","LOCATION_TYPE","LONGITUDE","MAX_SEVERITY_LEVEL","MCYCLE_DEATH_COUNT","MCYCLE_SUSP_SERIOUS_INJ_COUNT","MOTORCYCLE_COUNT","MUNICIPALITY","NONMOTR_COUNT","NONMOTR_DEATH_COUNT","NONMOTR_SUSP_SERIOUS_INJ_COUNT","NTFY_HIWY_MAINT","PED_COUNT","PED_DEATH_COUNT","PED_SUSP_SERIOUS_INJ_COUNT","PERSON_COUNT","POLICE_AGCY","POSSIBLE_INJ_COUNT","RDWY_SURF_TYPE_CD","RELATION_TO_ROAD","ROADWAY_CLEARED","ROAD_CONDITION","SCH_BUS_IND","SCH_ZONE_IND","SECONDARY_CRASH","SMALL_TRUCK_COUNT","SPEC_JURIS_CD","SUSP_MINOR_INJ_COUNT","SUSP_SERIOUS_INJ_COUNT","SUV_COUNT","TCD_FUNC_CD","TCD_TYPE","TFC_DETOUR_IND","TIME_OF_DAY","TOTAL_UNITS","TOT_INJ_COUNT","UNBELTED_OCC_COUNT","UNB_DEATH_COUNT","UNB_SUSP_SERIOUS_INJ_COUNT","UNK_INJ_DEG_COUNT","UNK_INJ_PER_COUNT","URBAN_RURAL","VAN_COUNT","VEHICLE_COUNT","WEATHER1","WEATHER2","WORKERS_PRES","WORK_ZONE_IND","WORK_ZONE_LOC","WORK_ZONE_TYPE","WZ_CLOSE_DETOUR","WZ_FLAGGER","WZ_LAW_OFFCR_IND","WZ_LN_CLOSURE","WZ_MOVING","WZ_OTHER","WZ_SHLDER_MDN","WZ_WORKERS_INJ_KILLED"
"2021099837","0916","2","0","0","0","0","0","0","0","0","4","0","","67","10","2021","3","39.987689","-75.154503","0900","6","0","0","0","0","0","0","0","0","","0","0","0","","","1","","1","","39 59:15.679","3","0","75 09:16.209","3","0","0","0","67301","0","0","0","N","0","0","0","4","67301","0","","1.0","945.0","1","N","N","Y","0","","1","0","1","","3","Y","","3","1","0","0","0","0","0","2","0","3","","","","N","","","","","","","","","",""
"2021099904","0822","1","0","0","0","0","0","0","0","0","4","0","","67","10","2021","4","40.011234","-75.142107","0822","6","0","0","0","0","0","0","0","0","","0","0","0","","","0","","1","","40 00:40.442","","0","75 08:31.585","0","0","0","0","67301","0","0","0","N","0","0","0","2","67301","0","","1.0","","1","N","N","N","0","","0","0","0","","2","","","2","0","0","0","0","0","0","2","1","2","","03","","N","","","","","","","","","",""
"2021100042","2023","1","0","0","0","0","0","0","0","0","5","0","","67","10","2021","3","39.98623","-75.247865","2018","6","0","0","0","1","0","1","0","0","","0","0","0","","","0","N","0","","39 59:10.427","","0","75 14:52.313","0","0","0","0","67301","0","0","0","N","0","0","0","3","67301","0","","1.0","","1","N","N","N","0","","0","0","1","","0","","","2","0","0","0","0","0","0","2","0","2","","","","N","","","","","","","","","",""
"2021101562","1533","0","0","0","0","0","0","0","0","0","4","0","","67","10","2021","1","39.975462","-75.190909","1530","6","0","0","0","0","0","0","1","0","","0","0","0","","","0","","3","","39 58:31.664","","0","75 11:27.272","0","0","0","0","67301","0","0","0","N","0","0","0","2","67301","0","","1.0","","1","N","N","N","0","","0","0","2","","0","","","2","0","0","0","0","0","0","2","0","2","","03","","N","","","","","","","","","",""
"2021107779","1537","0","0","0","0","0","0","0","0","0","8","0","","67","10","2021","2","39.996438","-75.113451","1537","6","0","0","0","0","0","0","0","0","","0","0","0","","","1","","5","","39 59:47.175","4","0","75 06:48.425","3","0","0","0","67301","1","0","0","N","1","0","0","2","67301","0","","1.0","1629.0","1","N","N","N","1","","1","0","0","","2","N","","2","1","0","0","0","0","0","2","0","1","","","","N","","","","","","","","","",""
"2021101691","2234","4","0","0","0","0","0","0","0","0","1","0","","67","10","2021","7","39.943503","-75.165478","2234","6","0","0","0","0","0","1","1","0","","0","0","0","","","0","N","0","","39 56:36.609","","0","75 09:55.719","0","0","0","0","67301","0","0","0","N","0","0","0","4","67301","0","","1.0","","1","N","N","N","0","","0","0","0","","0","","","4","0","0","0","0","0","0","2","0","4","","03","","N","","","","","","","","","",""
"2021102250","1312","1","0","0","0","0","0","0","0","0","4","0","","67","10","2021","1","40.026503","-75.04216","1309","6","0","0","0","0","0","0","0","0","","0","0","0","","","2","","1","","40 01:35.410","","0","75 02:31.777","3","0","0","0","67301","0","0","0","N","0","0","0","3","67301","0","","1.0","","1","N","N","N","0","","2","0","1","","3","","","2","2","0","0","0","0","0","2","0","2","","","","N","","","","","","","","","",""
"2021128107","0118","0","0","0","0","0","0","0","0","0","8","0","","67","12","2021","5","40.0455","-75.164866","0118","6","0","0","0","0","0","1","0","0","","0","0","0","","","1","","1","","40 02:43.799","","0","75 09:53.518","3","0","0","0","67301","1","0","0","N","1","0","0","2","67301","0","","1.0","","9","N","N","N","0","","1","0","1","","2","","","2","1","0","0","0","0","0","2","0","1","","07","","N","","","","","","","","","",""
"2021106902","1200","1","0","0","0","0","0","0","0","0","0","0","","67","10","2021","6","39.893003","-75.228141","1156","6","0","0","0","0","0","0","0","0","","0","0","0","","","1","N","0","","39 53:34.812","","0","75 13:41.306","3","0","0","0","67301","0","0","0","N","0","0","0","1","68K01","0","","1.0","","1","N","N","N","0","","1","0","0","","0","","","1","1","0","0","0","0","0","2","0","1","","","","N","","","","","","","","","",""
"2021123115","","1","0","0","0","0","0","0","0","0","1","0","","67","11","2021","2","39.96203","-75.182946","","6","0","0","0","0","0","1","0","0","","0","0","0","","","0","N","0","","39 57:43.308","","0","75 10:58.605","0","0","0","0","67301","0","0","0","N","0","0","0","2","00000","0","","1.0","","1","N","N","N","0","","0","0","1","","0","","","2","0","0","0","0","0","0","2","0","2","","","","N","","","","","","","","","",""
"2021125698","0030","2","0","0","0","0","0","0","0","0","5","0","","67","12","2021","5","40.042492","-75.128528","0028","6","0","0","0","0","0","0","0","0","","0","0","0","","","1","N","0","","40 02:32.970","","0","75 07:42.700","3","0","0","0","67301","0","0","0","N","0","0","0","4","67301","0","","1.0","","1","N","N","N","0","","1","0","0","","0","","","2","1","1","0","0","0","0","2","0","2","","","","N","","","","","","","","","",""
"2021099085","0800","2","0","0","0","0","0","0","0","0","7","0","","67","10","2021","2","39.971089","-75.228729","0747","6","0","0","0","0","0","0","0","0","","0","0","0","","","0","","1","","39 58:15.920","2","0","75 13:43.424","0","0","0","0","67301","0","0","0","N","0","0","0","1","67301","0","","4.0","941.0","1","N","N","N","1","","0","0","0","","2","N","","3","0","0","0","0","0","0","2","0","3","","03","","N","","","","","","","","","",""
"2021128063","0104","2","0","0","0","0","0","0","0","0","4","0","","67","12","2021","3","40.029527","-75.083622","0104","6","0","0","0","0","0","0","0","0","","0","0","0","","","0","","1","","40 01:46.297","","0","75 05:01.039","0","0","0","0","67301","0","0","0","N","0","0","0","2","67301","0","","1.0","","9","N","N","N","0","","0","0","2","","3","","","4","0","0","0","0","0","0","2","0","4","","07","","N","","","","","","","","","",""
"2021098610","0617","2","0","0","0","0","0","0","0","0","5","0","","67","10","2021","1","40.060673","-75.082572","0610","6","0","0","0","0","0","2","0","0","","0","0","0","","","0","N","0","","40 03:38.423","","0","75 04:57.260","0","0","0","0","67301","0","0","0","N","0","0","0","4","67301","0","","1.0","","1","N","N","N","0","","0","0","1","","2","","","3","0","0","0","0","0","0","2","0","3","","04","","N","","","","","","","","","",""
"2021100600","1255","1","0","0","0","0","0","0","0","0","4","0","","67","10","2021","4","39.974629","-75.199199","1240","6","0","0","0","0","0","0","0","0","","0","0","0","","","0","","1","","39 58:28.663","","2","75 11:57.118","0","0","0","0","67301","0","0","0","N","0","0","0","2","67301","0","","1.0","","1","N","N","N","0","","0","0","1","","2","","","2","0","0","0","0","0","0","2","0","2","","03","","N","","","","","","","","","",""
"2021099994","1720","0","0","0","0","0","0","0","0","0","4","0","","67","10","2021","3","40.063544","-75.152667","1716","6","0","0","0","0","0","1","0","0","","0","0","0","","","2","N","0","","40 03:48.760","","0","75 09:09.600","2","0","1","1","67301","0","0","0","N","0","0","0","2","67301","0","","1.0","","1","N","N","N","0","","1","1","1","","0","","","2","2","0","0","0","0","0","2","0","2","","","","N","","","","","","","","","",""
"2021104008","2224","1","0","0","0","0","0","0","0","0","4","0","","67","10","2021","5","39.955283","-75.147756","2224","6","0","0","0","0","0","1","0","0","","0","0","0","","","1","","3","","39 57:19.018","4","2","75 08:51.923","3","0","0","0","67301","0","0","0","N","0","0","0","3","67501","0","","1.0","2228.0","1","N","N","N","0","","1","0","1","","0","N","","2","1","0","0","0","0","0","2","0","2","","03","","N","","","","","","","","","",""
"2021125742","0305","0","0","0","0","0","0","0","0","0","5","0","","67","12","2021","7","39.920811","-75.196224","0258","6","0","0","0","0","0","0","0","0","","0","0","0","","","2","N","0","","39 55:14.920","","0","75 11:46.405","4","0","0","0","67301","0","0","0","N","0","0","0","2","67301","2","","1.0","","9","N","N","N","0","","0","0","2","","0","","","2","2","0","0","0","0","0","2","0","2","","07","","N","","","","","","","","","",""
"2021124763","0016","1","0","0","0","0","0","0","0","0","4","0","","67","12","2021","1","40.055319","-75.07335","0016","6","0","0","0","0","0","0","0","0","","0","0","0","","","0","","1","","40 03:19.147","","0","75 04:24.059","0","0","0","0","67301","0","0","0","N","0","0","0","2","67301","0","","1.0","","9","N","N","N","0","","0","0","1","","2","","","2","0","0","0","0","0","0","2","0","2","","07","","N","","","","","","","","","",""
"2021124762","0030","2","0","0","0","0","0","0","0","0","1","0","","67","12","2021","7","40.050225","-75.066973","0030","6","0","0","0","0","0","0","0","0","","0","0","0","","","0","N","0","","40 03:00.811","","0","75 04:01.101","9","0","0","0","67301","0","0","0","N","0","0","0","5","67301","0","","1.0","","9","N","N","Y","0","","0","0","1","","0","","","3","0","1","0","0","0","4","2","0","3","","05","","N","","","","","","","","","",""
"2021119825","","1","0","1","0","0","0","0","0","0","1","0","","67","11","2021","2","39.955991","-75.217645","","6","0","0","0","0","0","0","0","0","","0","0","0","","","1","","1","","39 57:21.568","","0","75 13:03.523","2","0","0","0","67301","0","0","0","N","0","0","0","2","00000","0","","1.0","","1","N","N","N","0","","0","1","1","","2","","","2","1","0","0","0","0","0","2","0","2","","","","N","","","","","","","","","",""
"2021099352","0342","1","0","0","0","0","0","0","0","0","1","0","","67","10","2021","1","40.045844","-75.077242","0338","6","0","0","0","0","0","0","0","0","","0","0","0","","","0","N","0","","40 02:45.040","3","0","75 04:38.070","9","0","0","0","67301","0","0","0","N","0","0","0","1","67301","0","","6.0","448.0","1","N","N","N","0","","0","0","2","","0","Y","","3","0","0","0","0","0","1","2","0","3","","03","","N","","","","","","","","","",""
"2021107777","1835","0","0","0","0","0","0","0","0","0","7","0","","67","10","2021","4","39.982844","-75.110967","1828","6","0","0","0","0","0","0","0","0","","0","0","0","","","1","N","0","","39 58:58.240","","0","75 06:39.480","3","0","0","0","67301","0","0","0","N","0","0","0","1","67301","0","","5.0","","1","N","N","N","0","","1","0","0","","0","","","1","1","0","0","0","0","0","2","1","1","","03","","N","","","","","","","","","",""
"2021117947","","1","0","0","0","0","0","0","0","0","1","0","","67","11","2021","7","39.924083","-75.236444","","6","0","0","0","0","0","1","0","0","","0","0","0","","","1","N","0","","39 55:26.700","","0","75 14:11.200","8","0","0","0","67301","0","0","0","N","0","0","0","2","00000","0","","1.0","","1","N","N","N","0","","0","0","0","","0","","","2","1","0","0","0","1","0","2","0","2","","","","N","","","","","","","","","",""
"2021102109","0054","1","0","0","0","0","0","0","0","0","4","0","","67","10","2021","7","39.974678","-75.212573","0052","6","0","0","0","0","0","0","0","0","","0","0","0","","","2","","2","","39 58:28.840","5","0","75 12:45.264","2","0","2","1","67301","0","0","0","N","0","0","0","4","67301","0","","1.0","255.0","1","N","N","N","0","","0","2","0","","0","Y","","2","2","0","0","0","0","0","2","0","2","","03","","N","","","","","","","","","",""
"2021100045","1725","2","0","0","0","0","0","0","0","0","4","0","","67","10","2021","7","40.004946","-75.178722","1725","6","0","0","0","0","0","0","0","0","","0","0","0","","","5","","5","","40 00:17.805","","0","75 10:43.398","3","0","0","0","67301","0","0","0","N","0","0","0","6","67301","2","","1.0","","9","N","N","N","0","","3","0","0","","2","","","2","5","0","0","0","0","0","2","0","2","","","","N","","","","","","","","","",""
"2021099633","1455","2","0","0","0","0","0","0","0","0","1","0","","67","10","2021","2","39.924369","-75.169611","1453","6","0","0","0","0","0","1","1","1","","0","0","0","","","2","","1","","39 55:27.728","","0","75 10:10.600","3","0","0","0","67301","0","0","0","N","0","0","0","3","67301","0","","1.0","","1","N","N","N","0","","2","0","1","","2","","","3","2","0","0","0","0","0","2","0","3","","04","","N","","","","","","","","","",""
"2021125675","0208","1","0","0","0","0","0","0","0","0","7","0","","67","12","2021","1","39.916444","-75.190278","0205","6","0","0","0","0","0","1","0","0","","0","0","0","","","1","N","0","","39 54:59.200","4","3","75 11:25.000","4","0","0","0","67301","0","0","0","N","0","0","0","2","67501","1","","3.0","245.0","9","N","N","N","0","","0","0","0","","0","N","","1","1","0","0","0","0","0","2","0","1","","07","","N","","","","","","","","","",""
"2021103588","0559","0","0","0","0","0","0","0","0","0","8","0","","67","10","2021","2","40.040219","-75.031293","0557","6","0","0","0","0","0","0","0","0","","0","0","0","","","1","","2","","40 02:24.789","","0","75 01:52.656","3","0","0","0","67301","1","0","0","N","1","0","0","2","67301","0","","1.0","","1","N","N","N","0","","1","0","1","","2","","","2","1","0","0","0","0","0","2","0","1","","","","N","","","","","","","","","",""
"2021117490","","1","0","0","0","0","0","0","0","0","1","0","","67","10","2021","5","39.945302","-75.229585","","6","0","0","0","0","0","1","0","0","","0","0","0","","","1","","1","","39 56:43.086","","0","75 13:46.506","3","0","0","0","67301","0","0","0","N","0","0","0","2","00000","0","","1.0","","1","N","N","N","1","","1","0","0","","2","","","2","1","0","0","0","0","0","2","0","2","","","","N","","","","","","","","","",""
"2021101509","0847","2","0","0","0","0","0","0","0","0","5","0","","67","10","2021","5","39.971814","-75.245933","0841","6","0","0","0","0","0","0","1","0","","0","0","0","","","2","N","0","","39 58:18.530","","0","75 14:45.360","3","0","0","0","67301","0","0","0","N","0","0","0","2","67301","0","","1.0","","1","N","N","N","0","","2","0","0","","0","","","2","2","0","0","0","0","0","2","0","2","","","","N","","","","","","","","","",""
"2021102284","0725","2","0","0","0","0","0","0","0","0","4","0","","67","10","2021","2","39.945271","-75.170114","0716","6","0","0","0","0","0","0","0","0","","0","0","0","","","0","","1","","39 56:42.977","","0","75 10:12.411","0","0","0","0","67301","0","0","0","N","0","0","0","2","67301","0","","1.0","","1","N","N","N","0","","0","0","0","","2","","","2","0","0","0","0","0","0","2","0","2","","","","N","","","","","","","","","",""
"2021103186","2319","2","0","0","0","0","0","0","0","0","5","0","","67","10","2021","1","40.010072","-75.138292","2319","6","0","0","0","0","0","0","0","0","","0","0","0","","","0","N","0","","40 00:36.260","2","0","75 08:17.850","9","0","0","0","67301","0","0","0","N","0","0","0","1","67301","0","","6.0","150.0","1","N","N","N","1","","0","0","2","","0","Y","","6","0","0","0","0","0","1","2","1","6","","03","","N","","","","","","","","","",""
"2021108103","1852","1","0","0","0","0","0","0","0","0","1","0","","67","10","2021","5","39.97792","-75.201788","1847","6","0","0","0","0","0","1","0","0","","0","0","0","","","1","N","0","","39 58:40.512","","0","75 12:06.438","4","0","0","0","67301","0","0","0","N","0","0","0","2","68K01","1","","1.0","","1","N","N","N","0","","0","0","1","","0","","","2","1","0","0","0","0","0","2","0","2","","","","N","","","","","","","","","",""
"2021100839","1635","0","0","0","0","0","0","0","0","0","4","0","","67","10","2021","6","40.001336","-75.152853","1635","6","0","0","0","0","0","1","0","0","","0","0","0","","","1","N","0","","40 00:04.808","","7","75 09:10.269","3","0","0","0","67301","0","0","0","N","0","0","0","3","67505","0","","1.0","","1","N","N","N","1","","1","0","1","","0","","","2","1","0","0","0","0","0","2","0","2","","03","","N","","","","","","","","","",""
"2021099505","1848","1","0","0","0","0","0","0","0","0","8","0","","67","10","2021","3","40.002675","-75.223485","1844","6","0","0","0","0","0","0","0","0","","0","0","0","","","1","N","0","","40 00:09.630","2","0","75 13:24.547","2","0","0","0","67301","1","0","1","N","1","0","1","2","46104","0","","1.0","2030.0","1","N","N","N","0","","0","1","0","","2","N","","2","1","0","0","0","0","0","2","0","1","","","","N","","","","","","","","","",""
"2021098974","1347","2","0","0","0","0","0","0","0","0","5","0","","67","10","2021","1","40.030031","-75.074303","1339","6","0","0","0","0","0","0","0","0","","0","0","0","","","0","N","0","","40 01:48.110","","0","75 04:27.490","0","0","0","0","67301","0","0","0","N","0","0","0","1","67301","0","","6.0","","1","N","N","Y","0","","0","0","1","","0","","","3","0","0","0","0","0","0","2","0","3","","03","","N","","","","","","","","","",""
"2021102697","1040","1","0","0","0","0","0","0","0","0","4","0","","67","10","2021","1","39.975088","-75.194965","1037","6","0","0","0","0","0","0","0","0","","0","0","0","","","2","","1","","39 58:30.316","","0","75 11:41.875","2","0","0","0","67301","0","0","0","N","0","0","0","2","67301","0","","1.0","","1","N","N","N","0","","1","1","1","","2","","","2","2","0","0","0","0","0","2","0","2","","03","","N","","","","","","","","","",""
"2021107471","0635","3","0","0","0","0","0","0","0","0","5","0","","67","11","2021","7","39.964165","-75.246494","0627","6","0","0","0","0","0","1","0","0","","0","0","0","","","0","N","0","","39 57:50.995","","0","75 14:47.377","9","0","0","0","67301","0","0","0","N","0","0","0","2","67301","0","","1.0","","1","N","N","N","1","","0","0","0","","0","","","4","0","0","0","0","0","1","2","0","4","","03","","N","","","","","","","","","",""
"2021126442","0857","0","0","0","0","0","0","0","0","0","8","0","","67","12","2021","2","40.001107","-75.124741","0855","6","0","0","0","0","0","0","0","0","","1","0","0","","","0","","1","","40 00:03.985","","0","75 07:29.066","1","0","0","0","67301","1","1","0","N","1","1","0","2","67301","0","2","1.0","","1","N","N","N","0","0","0","0","0","","2","","","2","0","0","0","0","0","1","2","0","1","","","","N","","","","","","","","","",""
"2021102830","1547","0","0","0","0","0","0","0","0","0","1","0","","67","10","2021","7","39.908278","-75.146861","1543","6","0","0","0","0","0","1","0","0","","0","0","0","","","2","N","0","","39 54:29.800","4","3","75 08:48.700","8","0","0","0","67301","0","0","0","N","0","0","0","3","67501","0","","1.0","1620.0","1","N","N","N","0","","0","0","1","","8","N","","2","2","0","0","0","2","0","2","1","2","","","","N","","","","","","","","","",""
"2021098756","2134","1","0","0","0","0","0","0","0","0","4","0","","67","10","2021","7","39.984862","-75.120404","2133","6","0","0","0","0","0","0","0","0","","0","0","0","","","2","N","0","","39 59:05.502","","0","75 07:13.454","3","0","0","0","67301","0","0","0","N","0","0","0","3","67301","0","","1.0","","9","N","N","N","0","","2","0","2","","0","","","3","2","3","0","0","0","0","2","0","3","","","","N","","","","","","","","","",""
"2021102098","2145","0","0","0","0","0","0","0","0","0","8","0","","67","10","2021","1","39.921264","-75.193813","2140","6","0","0","0","0","0","0","1","0","","0","0","0","","","1","","1","","39 55:16.550","","0","75 11:37.727","3","0","0","0","67301","1","0","0","N","1","0","0","2","67301","0","","1.0","","1","N","N","N","1","","1","0","0","","2","","","2","1","0","0","0","0","0","2","0","1","","","","N","","","","","","","","","",""
"2021101076","2116","0","0","0","0","0","0","0","0","0","8","0","","67","10","2021","6","39.936383","-75.218989","2112","6","0","0","0","0","0","0","0","0","","0","0","0","","","1","","1","","39 56:10.978","","0","75 13:08.360","2","0","0","0","67301","1","0","1","N","1","0","1","2","67301","0","","1.0","","1","N","N","N","0","","0","1","0","","2","","","2","1","0","0","0","0","0","2","0","1","","03","","N","","","","","","","","","",""
"2021102238","2157","1","0","0","0","0","0","0","0","0","1","0","","67","10","2021","1","40.025593","-75.168041","2157","6","0","0","0","0","0","0","0","0","","0","0","0","","","2","N","0","","40 01:32.136","1","0","75 10:04.947","3","0","0","0","67301","0","0","0","N","0","0","0","2","67301","0","","1.0","2320.0","1","N","N","N","0","","2","0","0","","0","N","","2","2","0","0","0","0","0","2","1","2","","","","N","","","","","","","","","",""
"2021101563","1742","2","0","0","0","0","0","0","0","0","4","0","","67","10","2021","1","39.993309","-75.186024","1740","6","0","0","0","0","0","0","0","0","","0","0","0","","","1","","1","","39 59:35.912","","0","75 11:09.686","3","0","0","0","67301","0","0","0","N","0","0","0","2","67301","0","","1.0","","1","N","N","N","0","","1","0","0","","2","","","2","1","1","0","0","0","1","2","0","2","","03","","N","","","","","","","","","",""
"2021100046","1930","2","0","0","0","0","0","0","0","0","1","0","","67","10","2021","7","40.013888","-75.158277","1926","6","0","0","0","0","0","0","0","0","","0","0","0","","","1","N","0","","40 00:49.997","","0","75 09:29.798","4","0","0","0","67301","0","0","0","N","0","0","0","2","67301","1","","1.0","","9","N","N","N","0","","0","0","0","","0","","","2","1","0","0","0","0","0","2","0","2","","04","","N","","","","","","","","","",""
"2021124889","1405","1","0","0","0","0","0","0","0","0","4","0","","67","12","2021","6","39.970556","-75.149879","1400","6","0","0","0","0","0","0","0","0","","0","0","0","","","1","","1","","39 58:14.003","","0","75 08:59.563","8","0","0","1","67301","0","0","0","N","0","0","0","2","67301","0","","1.0","","1","N","N","N","0","","0","0","0","","2","","","2","1","0","0","0","1","0","2","0","2","","03","","N","","","","","","","","","",""
"2021101472","1655","1","0","0","0","0","0","0","0","0","4","0","","67","10","2021","7","40.094644","-75.015196","1640","6","0","0","0","0","1","1","0","0","","0","0","0","","","0","","1","","40 05:40.718","1","0","75 00:54.707","0","0","0","0","67301","0","0","0","N","0","0","0","2","67301","0","","1.0","1710.0","9","N","N","N","0","","0","0","1","","2","Y","","2","0","0","0","0","0","0","2","0","2","","07","","N","","","","","","","","","",""
"2021101092","0829","2","0","0","0","0","0","0","0","0","4","0","","67","10","2021","5","39.956808","-75.233732","0829","6","0","0","0","0","0","0","1","0","","0","0","0","","","1","","1","","39 57:24.508","","0","75 14:01.435","3","0","0","0","67301","0","0","0","N","0","0","0","2","67301","0","","1.0","","1","N","N","N","0","","1","0","0","","3","","","2","1","2","0","0","0","1","2","0","2","","03","","N","","","","","","","","","",""
"2021099306","0031","2","0","0","0","0","0","0","0","0","1","0","","67","10","2021","2","39.983324","-75.156789","0031","6","0","0","0","0","0","0","0","0","","0","0","0","","","0","N","0","","39 58:59.967","","0","75 09:24.442","0","0","0","0","67301","0","0","0","N","0","0","0","1","67505","0","","6.0","","1","N","N","N","0","","0","0","0","","0","","","2","0","0","0","0","0","0","2","0","2","","","","N","","","","","","","","","",""
"2021127115","1336","1","0","0","0","0","0","0","0","0","4","0","","67","12","2021","7","40.052077","-75.141781","1336","6","0","1","0","0","0","0","0","0","","0","0","0","","","0","","1","","40 03:07.476","","0","75 08:30.412","9","0","0","0","67301","0","0","0","N","0","0","0","3","67301","0","","1.0","","99","N","N","N","0","","0","0","1","","2","","","3","0","2","0","0","0","3","2","0","3","","","","N","","","","","","","","","",""
"2021101333","1618","1","0","0","0","0","0","0","0","0","4","0","","67","10","2021","7","40.054847","-75.168958","1617","6","0","1","0","0","0","1","0","0","","0","0","0","","","1","","1","","40 03:17.448","","0","75 10:08.247","3","0","0","0","67301","0","0","0","N","0","0","0","3","67301","0","","1.0","","9","N","N","N","1","","1","0","0","","2","","","3","1","0","0","0","0","0","2","1","3","","","","N","","","","","","","","","",""
"2021100601","2034","0","0","0","0","0","0","0","0","0","4","0","","67","10","2021","5","39.957947","-75.208133","2034","6","0","0","0","0","0","1","0","0","","0","0","0","","","0","","1","","39 57:28.610","","0","75 12:29.280","0","0","0","0","67301","0","0","0","N","0","0","0","3","67301","0","","1.0","","1","N","N","N","0","","0","0","1","","2","","","2","0","0","0","0","0","0","2","1","2","","03","","N","","","","","","","","","",""
"2021126621","1840","0","0","0","0","0","0","0","0","0","4","0","","67","12","2021","5","40.054093","-75.049043","1832","6","0","0","0","0","0","1","0","0","","0","0","0","","","1","","1","","40 03:14.733","","0","75 02:56.553","3","0","0","0","67301","0","0","0","N","0","0","0","3","67301","0","","1.0","","1","N","N","N","0","","1","0","1","","2","","","2","1","0","0","0","0","0","2","1","2","","03","","N","","","","","","","","","",""
"2021116738","1558","1","0","0","0","0","0","0","0","0","7","0","","67","11","2021","3","40.077375","-75.085466","1543","6","0","0","0","0","0","0","0","0","","0","0","0","","","1","N","0","","40 04:38.551","","0","75 05:07.677","3","0","0","0","67301","0","0","0","N","0","0","0","2","67301","0","","4.0","","1","N","N","N","0","","1","0","0","","0","","","1","1","0","0","0","0","0","2","0","1","","03","","N","","","","","","","","","",""
"2021102837","2231","1","0","0","0","0","0","0","0","0","8","0","","67","10","2021","2","40.01384","-75.12598","2229","6","0","0","0","0","0","0","0","0","","0","0","0","","","1","","1","","40 00:49.824","","0","75 07:33.527","3","0","0","0","67301","1","0","0","N","1","0","0","2","67301","0","","1.0","","1","N","N","N","0","","1","0","0","","2","","","2","1","0","0","0","0","0","2","0","1","","","","N","","","","","","","","","",""
"2021118315","0224","1","0","0","0","0","0","0","0","0","8","0","","67","12","2021","7","40.044086","-75.128829","0223","6","0","0","0","0","0","0","0","0","","0","0","0","","","1","","1","","40 02:38.709","","0","75 07:43.784","3","0","0","0","67301","1","0","0","N","1","0","0","2","67301","0","","1.0","","1","N","N","N","0","","1","0","0","","2","","","2","1","0","0","0","0","0","2","0","1","","","","N","","","","","","","","","",""
"2021106565","0210","1","0","0","0","0","0","0","0","0","4","0","","67","10","2021","7","39.905417","-75.17356","0200","6","0","0","0","0","0","0","0","0","","0","0","0","","","3","","5","","39 54:19.501","3","0","75 10:24.816","4","0","0","0","67301","0","0","0","N","0","0","0","3","67508","3","","1.0","9999.0","1","N","N","Y","0","","0","0","1","","2","N","","2","3","0","0","0","0","0","2","0","2","","03","","N","","","","","","","","","",""
"2021102425","0853","1","0","0","0","0","0","0","0","0","4","0","","67","10","2021","3","40.049721","-75.171733","0853","6","0","0","0","0","0","0","0","0","","0","0","0","","","1","","1","","40 02:58.996","","0","75 10:18.240","3","0","0","0","67301","0","0","0","N","0","0","0","3","67301","0","","1.0","","9","N","N","N","0","","1","0","1","","3","","","2","1","0","0","0","0","0","2","0","2","","03","","N","","","","","","","","","",""
"2021100493","1511","1","0","0","0","0","0","0","0","0","1","0","","67","10","2021","4","40.003273","-75.165898","1510","6","0","0","0","0","0","0","0","0","","0","0","0","","","1","","1","","40 00:11.783","1","0","75 09:57.234","3","0","0","0","67301","0","0","0","N","0","0","0","4","67301","0","","1.0","1530.0","1","N","N","N","0","","1","0","1","","2","Y","","2","1","3","0","0","0","0","2","0","2","","03","","N","","","","","","","","","",""