"CRN","ARRIVAL_TM","AUTOMOBILE_COUNT","BELTED_DEATH_COUNT","BELTED_SUSP_SERIOUS_INJ_COUNT","BICYCLE_COUNT","BICYCLE_DEATH_COUNT","BICYCLE_SUSP_SERIOUS_INJ_COUNT","BUS_COUNT","CHLDPAS_DEATH_COUNT","CHLDPAS_SUSP_SERIOUS_INJ_COUNT","COLLISION_TYPE","COMM_VEH_COUNT","CONS_ZONE_SPD_LIM","COUNTY","CRASH_MONTH","CRASH_YEAR","DAY_OF_WEEK","DEC_LATITUDE","DEC_LONGITUDE","DISPATCH_TM","DISTRICT","DRIVER_COUNT_16YR","DRIVER_COUNT_17YR","DRIVER_COUNT_18YR","DRIVER_COUNT_19YR","DRIVER_COUNT_20YR","DRIVER_COUNT_50_64YR","DRIVER_COUNT_65_74YR","DRIVER_COUNT_75PLUS","EST_HRS_CLOSED","FATAL_COUNT","HEAVY_TRUCK_COUNT","HORSE_BUGGY_COUNT","HOUR_OF_DAY","ILLUMINATION","INJURY_COUNT","INTERSECTION_RELATED","INTERSECT_TYPE","LANE_CLOSED","LATITUDE","LN_CLOSE_DIR","LOCATION_TYPE","LONGITUDE","MAX_SEVERITY_LEVEL","MCYCLE_DEATH_COUNT","MCYCLE_SUSP_SERIOUS_INJ_COUNT","MOTORCYCLE_COUNT","MUNICIPALITY","NONMOTR_COUNT","NONMOTR_DEATH_COUNT","NONMOTR_SUSP_SERIOUS_INJ_COUNT","NTFY_HIWY_MAINT","PED_COUNT","PED_DEATH_COUNT","PED_SUSP_SERIOUS_INJ_COUNT","PERSON_COUNT","POLICE_AGCY","POSSIBLE_INJ_COUNT","RDWY_SURF_TYPE_CD","RELATION_TO_ROAD","ROADWAY_CLEARED","ROAD_CONDITION","SCH_BUS_IND","SCH_ZONE_IND","SECONDARY_CRASH","SMALL_TRUCK_COUNT","SPEC_JURIS_CD","SUSP_MINOR_INJ_COUNT","SUSP_SERIOUS_INJ_COUNT","SUV_COUNT","TCD_FUNC_CD","TCD_TYPE","TFC_DETOUR_IND","TIME_OF_DAY","TOTAL_UNITS","TOT_INJ_COUNT","UNBELTED_OCC_COUNT","UNB_DEATH_COUNT","UNB_SUSP_SERIOUS_INJ_COUNT","UNK_INJ_DEG_COUNT","UNK_INJ_PER_COUNT","URBAN_RURAL","VAN_COUNT","VEHICLE_COUNT","WEATHER1","WEATHER2","WORKERS_PRES","WORK_ZONE_IND","WORK_ZONE_LOC","WORK_ZONE_TYPE","WZ_CLOSE_DETOUR","WZ_FLAGGER","WZ_LAW_OFFCR_IND","WZ_LN_CLOSURE","WZ_MOVING","WZ_OTHER","WZ_SHLDER_MDN","WZ_WORKERS_INJ_KILLED"
"2021099354","2100","1","0","0","0","0","0","0","0","0","5","0","","67","10","2021","1","40.041514","-75.067453","2100","6","0","0","0","1","0","0","0","0","","0","0","0","","","0","N","0","","40 02:29.450","","0","75 04:02.830","0","0","0","0","67301","0","0","0","N","0","0","0","1","67301","0","","6.0","","1","N","N","N","1","","0","0","0","","0","","","2","0","1","0","0","0","0","2","0","2","","03","","N","","","","","","","","","",""
"2021128064","0217","0","0","0","0","0","0","0","0","0","8","0","","67","12","2021","4","40.006318","-75.08969","0212","6","0","0","0","0","0","0","0","0","","0","0","0","","","1","","1","","40 00:22.743","5","0","75 05:22.883","3","0","0","0","67301","1","0","0","N","1","0","0","2","67301","0","","1.0","305.0","1","N","N","N","0","","1","0","0","","0","Y","","2","1","0","0","0","0","0","2","0","1","","","","N","","","","","","","","","",""
"2021128175","1337","1","0","0","0","0","0","0","0","0","1","0","","67","12","2021","1","39.958861","-75.170734","1325","6","0","0","1","0","0","1","0","0","","0","1","0","","","0","N","0","","39 57:31.900","3","0","75 10:14.643","9","0","0","0","67301","0","0","0","N","0","0","0","5","68K01","0","","1.0","1340.0","1","N","N","N","0","","0","0","0","","0","N","","3","0","0","0","0","0","1","2","0","3","","","","N","","","","","","","","","",""
"2021116086","1400","2","0","0","0","0","0","0","0","0","4","0","","67","11","2021","1","39.99562","-75.167583","1335","6","0","0","0","0","0","1","0","0","","0","0","0","","","0","","1","","39 59:44.232","","0","75 10:03.297","0","0","0","0","67301","0","0","0","N","0","0","0","3","67301","0","","1.0","","1","N","N","N","0","","0","0","0","","1","","","2","0","3","0","0","0","0","2","0","2","","03","","N","","","","","","","","","",""
"2021127368","2030","1","0","0","0","0","0","0","0","0","8","0","","67","12","2021","5","39.986293","-75.168793","1956","6","0","0","0","0","0","0","0","0","","0","0","0","","","1","","1","","39 59:10.654","","0","75 10:07.654","3","0","0","0","67301","1","0","0","N","1","0","0","2","67301","0","","1.0","","1","N","N","N","0","","1","0","0","","0","","","2","1","0","0","0","0","0","2","0","1","","03","","N","","","","","","","","","",""
"2021100703","0037","4","0","0","0","0","0","0","0","0","1","0","","67","10","2021","5","39.941278","-75.223331","0035","6","0","0","0","0","0","0","0","0","","0","0","0","","","1","N","0","","39 56:28.600","","0","75 13:23.990","3","0","0","0","67301","0","0","0","N","0","0","0","1","67301","0","","6.0","","1","N","N","N","0","","1","0","0","","0","","","4","1","1","0","0","0","0","2","0","4","","03","","N","","","","","","","","","",""
"2021101480","0144","0","0","0","0","0","0","0","0","0","6","0","","67","10","2021","1","40.043119","-75.026036","0141","6","0","0","0","0","0","0","0","0","","0","0","0","","","0","N","0","","40 02:35.230","","0","75 01:33.730","0","0","0","0","67301","0","0","0","N","0","0","0","1","67301","0","","6.0","","1","N","N","Y","1","","0","0","1","","0","","","2","0","0","0","0","0","0","2","0","2","","03","","N","","","","","","","","","",""
"2021101019","1215","2","0","0","0","0","0","0","0","0","4","0","","67","9","2021","7","40.012329","-75.13865","1215","6","0","0","0","0","0","0","0","0","","0","0","0","","","0","","1","","40 00:44.384","","0","75 08:19.139","0","0","0","0","67301","0","0","0","N","0","0","0","2","67301","0","","1.0","","1","N","N","N","0","","0","0","0","","3","","","2","0","0","0","0","0","0","2","0","2","","03","","N","","","","","","","","","",""
"2021126623","1510","0","0","0","0","0","0","0","0","0","5","0","","67","12","2021","7","40.024817","-75.095958","1500","6","0","0","0","0","0","0","0","0","","0","0","0","","","1","N","0","","40 01:29.340","","0","75 05:45.450","3","0","0","0","67301","0","0","0","N","0","0","0","2","67301","0","","1.0","","9","N","N","N","0","","1","0","1","","0","","","2","1","0","0","0","0","0","2","1","2","","03","","N","","","","","","","","","",""
"2021123965","1425","1","0","1","0","0","0","0","0","0","0","0","","67","12","2021","7","39.93279","-75.151136","1409","6","0","0","0","0","0","0","0","0","","0","0","0","","","2","","1","","39 55:58.043","","0","75 09:04.089","2","0","0","0","67301","0","0","0","N","0","0","0","2","67301","0","","1.0","","9","N","N","N","0","","1","1","3","","3","","","5","2","0","0","0","0","0","2","0","4","","07","","N","","","","","","","","","",""
"2021120807","0445","0","0","0","0","0","0","0","0","0","7","0","","67","12","2021","1","40.001758","-75.185443","0437","6","0","0","0","0","0","0","0","0","","0","0","0","","","0","N","0","","40 00:06.328","","0","75 11:07.596","0","0","0","0","67301","0","0","0","N","0","0","0","1","67301","0","","4.0","","1","N","N","N","0","","0","0","1","","0","","","1","0","0","0","0","0","0","2","0","1","","03","","N","","","","","","","","","",""
"2021124901","1256","0","0","0","0","0","0","0","0","0","4","0","","67","12","2021","1","39.996769","-75.139869","1255","6","0","0","0","0","0","0","0","0","","0","0","0","","","1","","1","","39 59:48.368","","0","75 08:23.528","3","0","0","1","67301","0","0","0","N","0","0","0","2","67301","0","","1.0","","1","N","N","N","0","","1","0","0","","3","","","2","1","0","0","0","0","0","2","1","2","","","","N","","","","","","","","","",""
"2021100699","0011","1","0","0","0","0","0","0","0","0","5","0","","67","10","2021","2","39.941755","-75.219982","0008","6","0","0","0","0","0","0","0","0","","0","0","0","","","0","N","0","","39 56:30.318","","0","75 13:11.935","9","0","0","0","67301","0","0","0","N","0","0","0","3","67301","0","","1.0","","1","N","N","N","0","","0","0","1","","0","","","3","0","0","0","0","0","2","2","0","3","","03","","N","","","","","","","","","",""
"2021100044","1620","2","0","0","0","0","0","0","0","0","4","0","","67","10","2021","7","40.003105","-75.177252","1615","6","0","0","0","0","0","1","0","0","","0","0","0","","","1","","1","","40 00:11.177","","0","75 10:38.108","3","0","0","0","67301","0","0","0","N","0","0","0","2","67301","0","","1.0","","1","N","N","N","0","","1","0","0","","2","","","2","1","0","0","0","0","0","2","0","2","","04","","N","","","","","","","","","",""
"2021101561","0821","1","0","0","0","0","0","0","0","0","4","0","","67","10","2021","5","39.967095","-75.162135","0820","6","0","0","0","0","0","1","0","0","","0","0","0","","","2","","1","","39 58:01.542","","0","75 09:43.685","3","0","0","0","67301","0","0","0","N","0","0","0","3","67301","0","","1.0","","99","N","N","N","0","","1","0","1","","2","","","2","2","0","0","0","1","0","2","0","2","","03","","N","","","","","","","","","",""
"2021125696","0241","1","0","0","0","0","0","0","0","0","7","0","","67","12","2021","1","39.945404","-75.179736","0237","6","0","0","0","0","0","0","0","0","","0","0","0","","","4","","1","","39 56:43.455","","0","75 10:47.049","4","0","0","0","67301","0","0","0","N","0","0","0","4","67301","4","","5.0","","9","N","N","N","0","","0","0","0","","2","","","2","4","0","0","0","0","0","2","0","1","","","","N","","","","","","","","","",""
"2021104305","1110","2","0","0","0","0","0","0","0","0","4","0","","67","9","2021","7","40.004551","-75.132065","1110","6","0","0","0","0","0","0","0","0","","0","0","0","","","0","","1","","40 00:16.383","","0","75 07:55.433","0","0","0","0","67301","0","0","0","N","0","0","0","2","67301","0","","1.0","","1","N","N","N","0","","0","0","0","","2","","","2","0","0","0","0","0","0","2","0","2","","03","","N","","","","","","","","","",""
"2021127054","1014","1","0","0","0","0","0","0","0","0","1","0","","67","12","2021","6","39.9379","-75.198147","1001","6","0","0","0","0","0","1","0","0","","0","0","0","","","0","N","0","","39 56:16.439","","0","75 11:53.330","0","0","0","0","67301","0","0","0","N","0","0","0","2","68K01","0","","1.0","","1","N","N","N","0","","0","0","1","","0","","","2","0","0","0","0","0","0","2","0","2","","04","","N","","","","","","","","","",""
"2021111817","1540","0","0","0","0","0","0","0","0","0","4","0","","67","10","2021","3","39.940168","-75.197911","1533","6","0","0","0","0","0","0","0","0","","0","0","0","","","1","N","0","","39 56:24.605","","7","75 11:52.480","4","0","0","1","67301","0","0","0","N","0","0","0","2","67301","1","","1.0","","1","N","N","N","1","","0","0","0","","0","","","2","1","0","0","0","0","0","2","0","2","","03","","N","","","","","","","","","",""
"2021099957","0808","2","0","0","0","0","0","0","0","0","4","0","","67","10","2021","4","40.000473","-75.119614","0757","6","0","0","1","0","0","0","0","0","","0","0","0","","","0","","1","","40 00:01.702","3","0","75 07:10.610","0","0","0","0","67301","0","0","0","N","0","0","0","2","67301","0","","1.0","920.0","1","N","N","N","0","","0","0","0","","3","N","","2","0","0","0","0","0","0","2","0","2","","03","","N","","","","","","","","","",""
"2021100885","1221","1","0","0","0","0","0","0","0","0","4","0","","67","10","2021","6","39.917762","-75.21176","1217","6","0","0","0","0","0","0","0","0","","0","0","0","","","1","N","0","","39 55:03.944","4","7","75 12:42.335","4","0","0","0","67301","0","0","0","N","0","0","0","3","67301","1","","1.0","30.0","1","N","N","N","1","","0","0","0","","0","N","","2","1","0","0","0","0","1","2","0","2","","03","","N","","","","","","","","","",""
"2021100831","1657","1","0","0","0","0","0","0","0","0","8","0","","67","10","2021","5","40.02419","-75.045207","1650","6","0","0","0","0","0","0","0","0","","0","0","0","","","1","","2","","40 01:27.084","","0","75 02:42.745","3","0","0","0","67301","1","0","0","N","1","0","0","2","67301","0","","1.0","","1","N","N","N","0","","1","0","0","","0","","","2","1","0","0","0","0","1","2","0","1","","","","N","","","","","","","","","",""
"2021123110","","1","0","0","0","0","0","0","0","0","1","0","","67","11","2021","3","39.96681","-75.187857","","6","0","0","0","0","0","0","1","0","","0","0","0","","","1","N","0","","39 58:00.517","","0","75 11:16.284","8","0","0","0","67301","0","0","0","N","0","0","0","2","00000","0","","1.0","","1","N","N","N","0","","0","0","1","","0","","","2","1","0","0","0","1","0","2","0","2","","","","N","","","","","","","","","",""
"2021128259","1958","3","0","0","0","0","0","0","0","0","4","0","","67","12","2021","2","39.993266","-75.169703","1958","6","0","0","0","0","0","0","0","0","","0","0","0","","","2","","1","","39 59:35.757","","0","75 10:10.930","3","0","0","0","67301","0","0","0","N","0","0","0","2","67301","0","","1.0","","9","N","N","N","0","","2","0","0","","3","","","4","2","2","0","0","0","0","2","1","4","","07","","N","","","","","","","","","",""
"2021099093","2102","1","0","0","0","0","0","0","0","0","1","0","","67","10","2021","1","40.028094","-75.159175","2049","6","0","0","0","0","0","0","0","0","","0","0","0","","","1","N","0","","40 01:41.140","","0","75 09:33.030","3","0","0","0","67301","0","0","0","N","0","0","0","1","67301","0","","1.0","","1","N","N","N","0","","1","0","1","","0","","","2","1","0","0","0","0","0","2","0","2","","","","N","","","","","","","","","",""
"2021083327","1445","2","0","0","0","0","0","0","0","0","4","0","","67","9","2021","7","39.966238","-75.137009","1445","6","0","0","0","0","0","0","0","0","","0","0","0","","","2","","1","","39 57:58.456","","1","75 08:13.232","3","0","0","0","67301","0","0","0","N","0","0","0","2","67508","0","","1.0","","1","N","N","N","0","","2","0","0","","3","","","2","2","0","0","0","0","0","2","0","2","","03","","N","","","","","","","","","",""
"2021103561","2146","1","0","0","0","0","0","0","0","0","2","0","","67","10","2021","6","40.016641","-75.149524","2146","6","0","0","0","0","0","0","0","0","","0","0","0","","","2","N","0","","40 00:59.906","","0","75 08:58.288","8","0","0","0","67301","0","0","0","N","0","0","0","2","67301","0","","1.0","","1","N","N","N","0","","0","0","1","","0","","","2","2","0","0","0","2","0","2","0","2","","03","","N","","","","","","","","","",""
"2021100040","1958","2","0","0","0","0","0","0","0","0","5","0","","67","10","2021","2","39.968872","-75.245736","1958","6","0","0","0","0","0","1","0","0","","0","0","0","","","1","N","0","","39 58:07.940","6","0","75 14:44.650","8","0","0","0","67301","0","0","0","N","0","0","0","4","67301","0","","6.0","150.0","1","N","N","N","2","","0","0","4","","0","Y","","8","1","0","0","0","1","0","2","0","8","","03","","N","","","","","","","","","",""
"2021085486","0858","1","0","0","0","0","0","0","0","0","8","0","","67","9","2021","4","40.036843","-75.040499","0850","6","0","0","0","0","0","0","0","0","","0","0","0","","","1","","1","","40 02:12.634","","0","75 02:25.798","4","0","0","0","67301","1","0","0","N","1","0","0","2","67301","1","","1.0","","1","N","N","N","0","","0","0","0","","2","","","2","1","1","0","0","0","0","2","0","1","","","","N","","","","","","","","","",""
"2021099412","0705","3","0","0","0","0","0","0","0","0","1","0","","67","10","2021","1","40.09286","-74.980996","0700","6","0","0","0","0","0","0","0","0","","0","0","0","","","1","N","0","","40 05:34.297","","0","74 58:51.587","3","0","0","0","67301","0","0","0","N","0","0","0","1","67301","0","","6.0","","1","N","N","N","1","","1","0","0","","0","","","4","1","0","0","0","0","0","2","0","4","","03","","N","","","","","","","","","",""
"2021101326","0053","3","0","0","0","0","0","0","0","0","5","0","","67","10","2021","1","40.030811","-75.132783","0050","6","0","0","0","0","0","0","0","0","","0","0","0","","","0","N","0","","40 01:50.920","2","0","75 07:58.020","0","0","0","0","67301","0","0","0","N","0","0","0","1","67301","0","","6.0","215.0","1","N","N","N","0","","0","0","4","","0","Y","","8","0","0","0","0","0","0","2","1","8","","03","","N","","","","","","","","","",""
"2021124431","1342","3","0","0","0","0","0","0","0","0","5","0","","67","12","2021","7","39.960622","-75.242523","1327","6","0","0","0","0","0","0","0","0","","0","0","0","","","1","N","0","","39 57:38.238","","0","75 14:33.084","4","0","0","0","67301","0","0","0","N","0","0","0","1","67301","1","","6.0","","9","N","N","N","0","","0","0","1","","0","","","4","1","1","0","0","0","0","2","0","4","","04","","N","","","","","","","","","",""
"2021127463","2024","0","0","0","0","0","0","0","0","0","1","0","","67","12","2021","1","39.948582","-75.141058","2012","6","0","0","1","0","0","0","0","0","","0","0","0","","","0","Y","0","","39 56:54.894","","0","75 08:27.807","0","0","0","0","67301","0","0","0","N","0","0","0","5","67301","0","","1.0","","1","N","N","N","1","","0","0","2","","2","","","3","0","0","0","0","0","0","2","0","3","","03","","N","","","","","","","","","",""
"2021095205","1214","0","0","0","0","0","0","0","0","0","1","0","","67","10","2021","3","40.058816","-75.131676","1208","6","0","0","0","0","1","1","0","0","","0","0","0","","","3","","2","","40 03:31.739","4","0","75 07:54.035","3","0","0","0","67301","0","0","0","N","0","0","0","4","46102","1","","1.0","1250.0","1","N","N","N","0","","2","0","3","","0","N","","4","3","0","0","0","0","0","2","1","4","","","","N","","","","","","","","","",""
"2021103485","1425","2","0","0","0","0","0","0","0","0","1","0","","67","10","2021","2","40.087139","-75.040789","1410","6","0","0","0","0","0","1","0","0","","0","0","0","","","2","","3","","40 05:13.701","4","0","75 02:26.839","4","0","0","0","67301","0","0","0","N","0","0","0","3","67301","2","","1.0","1420.0","1","N","N","N","0","","0","0","0","","2","Y","","3","2","0","0","0","0","0","2","1","3","","03","","N","","","","","","","","","",""
"2021083739","1630","1","0","0","0","0","0","0","0","0","4","0","","67","9","2021","1","40.065073","-75.154896","1627","6","0","0","0","0","0","1","0","0","","0","0","0","","","0","","2","","40 03:54.262","","0","75 09:17.625","0","0","0","0","67301","0","0","0","N","0","0","0","1","67301","0","","1.0","","9","N","N","N","0","","0","0","2","","2","","","3","0","0","0","0","0","0","2","0","3","","07","","N","","","","","","","","","",""
"2021102441","1300","0","0","0","0","0","0","0","0","0","8","0","","67","10","2021","5","39.9067","-75.183391","1254","6","0","0","0","0","0","0","0","0","","0","0","0","","","1","","2","","39 54:24.119","","0","75 11:00.207","4","0","0","0","67301","1","0","0","N","1","0","0","2","67301","1","","1.0","","1","N","N","N","0","","0","0","1","","2","","","2","1","1","0","0","0","0","2","0","1","","04","","N","","","","","","","","","",""
"2021101541","1910","0","0","0","0","0","0","0","0","0","8","0","","67","10","2021","1","40.016866","-75.149475","1910","6","0","0","0","0","0","0","0","0","","0","0","0","","","1","","1","","40 01:00.719","1","0","75 08:58.111","8","0","0","0","67301","1","0","0","N","1","0","0","2","67505","0","","1.0","1915.0","1","N","N","N","0","","0","0","0","","2","N","","2","1","0","0","0","1","0","2","0","1","","03","","N","","","","","","","","","",""
"2021098611","1222","1","0","0","0","0","0","0","0","0","4","0","","67","10","2021","1","40.053562","-75.177976","1222","6","0","0","0","0","1","0","0","0","","0","0","0","","","1","","1","","40 03:12.823","5","0","75 10:40.715","3","0","0","0","67301","0","0","0","N","0","0","0","2","67301","0","","1.0","140.0","9","N","N","N","0","","1","0","1","","2","Y","","2","1","2","0","0","0","0","2","0","2","","03","","N","","","","","","","","","",""
"2021099991","1255","0","0","0","0","0","0","0","0","0","8","0","","67","10","2021","3","39.953837","-75.175075","1251","6","0","0","0","0","0","0","1","0","","0","0","0","","","1","","1","","39 57:13.814","","0","75 10:30.270","3","0","0","0","67301","1","0","0","N","1","0","0","2","67301","0","","1.0","","1","N","N","N","0","","1","0","1","","2","","","2","1","0","0","0","0","0","2","0","1","","","","N","","","","","","","","","",""
"2021102146","1916","1","0","0","0","0","0","0","0","0","4","0","","67","10","2021","2","39.97359","-75.209532","1910","6","0","0","0","0","0","0","0","0","","0","0","0","","","0","N","0","","39 58:24.923","","0","75 12:34.314","0","0","0","0","67301","0","0","0","N","0","0","0","1","67301","0","","1.0","","9","N","N","N","0","","0","0","0","","0","","","2","0","0","0","0","0","0","2","1","2","","07","","N","","","","","","","","","",""
"2021117481","","1","0","0","0","0","0","0","0","0","4","0","","67","10","2021","4","39.940369","-75.236609","","6","0","0","0","0","0","0","0","0","","0","0","0","","","0","","1","","39 56:25.327","","0","75 14:11.791","0","0","0","0","67301","0","0","0","N","0","0","0","4","00000","0","","1.0","","1","N","N","N","0","","0","0","1","","2","","","2","0","0","0","0","0","0","2","0","2","","","","N","","","","","","","","","",""
"2021107776","2030","1","0","0","0","0","0","0","0","0","4","0","","67","10","2021","2","39.991762","-75.112747","2025","6","0","0","0","0","0","0","0","0","","0","0","0","","","1","","1","","39 59:30.342","","0","75 06:45.889","3","0","0","0","67301","0","0","0","N","0","0","0","3","67301","0","","1.0","","1","N","N","N","0","","1","0","1","","2","","","2","1","0","0","0","0","0","2","0","2","","03","","N","","","","","","","","","",""
"2021100617","0640","2","0","0","0","0","0","0","0","0","5","0","","67","10","2021","3","40.069795","-75.069548","0639","6","0","0","0","0","0","0","0","0","","0","0","0","","","0","N","0","","40 04:11.262","6","0","75 04:10.371","0","0","0","0","67301","0","0","0","N","0","0","0","1","67301","0","","6.0","655.0","1","N","N","N","0","","0","0","1","","0","N","","4","0","1","0","0","0","0","2","1","4","","03","","N","","","","","","","","","",""
"2021098754","1710","0","0","0","0","0","0","0","0","0","4","0","","67","10","2021","7","39.981768","-75.117094","1706","6","0","0","0","0","0","0","0","0","","0","0","0","","","2","N","0","","39 58:54.366","","7","75 07:01.539","2","0","1","1","67301","0","0","0","N","0","0","0","2","67301","0","","1.0","","9","N","N","N","0","","1","1","1","","0","","","2","2","0","0","0","0","0","2","0","2","","07","","N","","","","","","","","","",""
"2021100675","0114","1","0","0","0","0","0","0","0","0","4","0","","67","10","2021","4","39.970451","-75.150975","0113","6","0","0","0","0","0","0","0","0","","0","0","0","","","0","","1","","39 58:13.623","","1","75 09:03.509","0","0","0","0","67301","0","0","0","N","0","0","0","2","67301","0","","1.0","","1","N","N","N","0","","0","0","1","","3","","","2","0","2","0","0","0","0","2","0","2","","04","","N","","","","","","","","","",""
"2021118887","1900","0","0","0","1","0","0","0","0","0","8","0","","67","12","2021","6","39.942634","-75.148958","1900","6","0","0","0","0","0","0","0","0","","0","0","0","","","1","","1","","39 56:33.482","","0","75 08:56.248","8","0","0","0","67301","1","0","0","N","0","0","0","2","67301","0","","1.0","","99","N","N","N","0","","0","0","1","","2","","","3","1","0","0","0","1","0","2","0","2","","03","","N","","","","","","","","","",""
"2021084829","1104","1","0","0","0","0","0","0","0","0","4","0","","67","9","2021","4","39.920547","-75.244264","1104","6","0","0","0","0","0","0","0","0","","0","0","0","","","1","","1","","39 55:13.969","","0","75 14:39.350","4","0","0","0","67301","0","0","0","N","0","0","0","2","67301","1","","1.0","","1","N","N","N","0","","0","0","1","","3","","","2","1","0","0","0","0","0","2","0","2","","","","N","","","","","","","","","",""
"2021124639","1705","2","0","0","0","0","0","0","0","0","1","0","","67","12","2021","7","40.013695","-75.158551","1702","6","0","0","0","0","0","0","0","0","","0","0","0","","","1","N","0","","40 00:49.302","","0","75 09:30.783","3","0","0","0","67301","0","0","0","N","0","0","0","2","67301","0","","1.0","","9","N","N","N","0","","1","0","0","","0","","","2","1","0","0","0","0","1","2","0","2","","07","","N","","","","","","","","","",""
"2021117149","1415","0","0","0","0","0","0","0","0","0","4","0","","67","11","2021","3","39.959446","-75.239265","1415","6","0","0","0","0","0","0","0","0","","0","0","0","","","0","","1","","39 57:34.005","","0","75 14:21.353","0","0","0","0","67301","0","0","0","N","0","0","0","3","67301","0","","1.0","","1","N","N","N","0","","0","0","2","","3","","","2","0","0","0","0","0","0","2","0","2","","03","","N","","","","","","","","","",""
"2021123469","1723","1","0","0","0","0","0","0","0","0","8","0","","67","12","2021","5","39.992725","-75.106519","1723","6","0","0","0","0","0","0","0","0","","0","0","0","","","2","N","0","","39 59:33.810","6","0","75 06:23.470","2","0","0","0","67301","2","0","1","N","2","0","1","3","67301","0","","1.0","2015.0","1","N","N","N","0","","1","1","0","","0","N","","3","2","0","0","0","0","0","2","0","1","","","","N","","","","","","","","","",""
"2021098558","0703","0","0","0","0","0","0","0","0","0","7","0","","67","10","2021","7","39.890959","-75.221935","0652","6","0","0","0","0","0","1","0","0","","0","0","0","","","0","N","0","","39 53:27.452","","0","75 13:18.965","0","0","0","0","67301","0","0","0","N","0","0","0","1","68K01","0","","3.0","","1","N","N","N","1","","0","0","0","","0","","","1","0","0","0","0","0","0","2","0","1","","03","","N","","","","","","","","","",""
"2021126875","1745","2","0","0","0","0","0","0","0","0","5","0","","67","12","2021","6","39.996042","-75.170843","1745","6","0","0","0","0","0","1","0","0","","0","0","0","","","0","N","0","","39 59:45.751","","0","75 10:15.034","9","0","0","0","67301","0","0","0","N","0","0","0","1","67301","0","","6.0","","1","N","N","N","0","","0","0","0","","0","","","2","0","0","0","0","0","1","2","0","2","","03","","N","","","","","","","","","",""
"2021120663","0058","1","0","0","0","0","0","0","0","0","1","0","","67","11","2021","2","39.993852","-75.153861","0058","6","0","0","0","0","0","0","0","0","","0","0","0","","","0","N","0","","39 59:37.866","","0","75 09:13.900","9","0","0","0","67301","0","0","0","N","0","0","0","2","67301","0","","1.0","","1","N","N","N","0","","0","0","1","","0","","","2","0","0","0","0","0","1","2","0","2","","","","N","","","","","","","","","",""
"2021126913","0826","0","0","0","0","0","0","1","0","0","1","1","","67","12","2021","1","39.977189","-75.265427","0823","6","0","0","0","0","0","0","0","0","","1","0","0","","","2","","2","","39 58:37.880","6","0","75 15:55.536","1","0","0","0","67301","0","0","0","N","0","0","0","3","67301","0","2","1.0","1036.0","1","N","N","N","0","0","2","0","1","","2","Y","","2","2","1","1","0","0","0","2","0","2","","","","N","","","","","","","","","",""
"2021101451","1953","1","0","0","0","0","0","0","0","0","2","0","","67","10","2021","7","39.995052","-75.163187","1947","6","0","0","0","0","0","0","0","0","","0","0","0","","","1","","5","","39 59:42.186","","0","75 09:47.473","3","0","0","0","67301","0","0","0","N","0","0","0","3","67301","0","","1.0","","1","N","N","N","0","","1","0","1","","2","","","2","1","0","0","0","0","0","2","0","2","","03","","N","","","","","","","","","",""
"2021099370","0245","2","0","0","0","0","0","0","0","0","4","0","","67","10","2021","3","39.959468","-75.161976","0239","6","0","0","0","0","0","0","0","0","","0","0","0","","","0","","1","","39 57:34.085","","0","75 09:43.114","0","0","0","0","67301","0","0","0","N","0","0","0","2","67301","0","","1.0","","1","N","N","N","0","","0","0","0","","2","","","2","0","0","0","0","0","0","2","0","2","","","","N","","","","","","","","","",""
"2021104099","2150","2","0","0","0","0","0","0","0","0","4","0","","67","10","2021","5","40.002789","-75.137842","2125","6","0","0","0","0","0","1","0","0","","0","0","0","","","1","","5","","40 00:10.040","","0","75 08:16.231","3","0","0","0","67301","0","0","0","N","0","0","0","2","67301","0","","1.0","","99","N","N","N","0","","1","0","0","","1","","","2","1","0","0","0","0","0","2","0","2","","03","","N","","","","","","","","","",""
"2021128188","0030","2","0","0","0","0","0","0","0","0","4","0","","67","12","2021","1","39.940426","-75.143136","0021","6","0","0","0","0","0","0","0","0","","0","0","0","","","0","N","6","","39 56:25.534","1","2","75 08:35.290","0","0","0","0","67301","0","0","0","N","0","0","0","3","68K01","0","","7.0","115.0","9","N","N","N","0","","0","0","0","","0","N","","2","0","0","0","0","0","0","2","0","2","","05","","N","","","","","","","","","",""
"2021098009","1015","1","0","0","0","0","0","0","0","0","7","0","","67","10","2021","5","39.970362","-75.124358","1010","6","0","0","0","0","0","0","0","0","","0","0","0","","","1","N","0","","39 58:13.303","","0","75 07:27.690","3","0","0","0","67301","0","0","0","N","0","0","0","1","67301","0","","4.0","","1","N","N","Y","0","","1","0","0","","0","","","1","1","0","0","0","0","0","2","0","1","","03","","N","","","","","","","","","",""
"2021101471","0750","0","0","0","0","0","0","0","0","0","7","0","","67","10","2021","7","40.096239","-75.005242","0739","6","0","0","0","0","0","0","0","0","","0","0","0","","","0","N","0","","40 05:46.460","","0","75 00:18.870","0","0","0","0","67301","0","0","0","N","0","0","0","1","67301","0","","5.0","","99","N","N","N","0","","0","0","1","","0","","","1","0","0","0","0","0","0","2","0","1","","04","","N","","","","","","","","","",""