"CRN","ARRIVAL_TM","AUTOMOBILE_COUNT","BELTED_DEATH_COUNT","BELTED_SUSP_SERIOUS_INJ_COUNT","BICYCLE_COUNT","BICYCLE_DEATH_COUNT","BICYCLE_SUSP_SERIOUS_INJ_COUNT","BUS_COUNT","CHLDPAS_DEATH_COUNT","CHLDPAS_SUSP_SERIOUS_INJ_COUNT","COLLISION_TYPE","COMM_VEH_COUNT","CONS_ZONE_SPD_LIM","COUNTY","CRASH_MONTH","CRASH_YEAR","DAY_OF_WEEK","DEC_LATITUDE","DEC_LONGITUDE","DISPATCH_TM","DISTRICT","DRIVER_COUNT_16YR","DRIVER_COUNT_17YR","DRIVER_COUNT_18YR","DRIVER_COUNT_19YR","DRIVER_COUNT_20YR","DRIVER_COUNT_50_64YR","DRIVER_COUNT_65_74YR","DRIVER_COUNT_75PLUS","EST_HRS_CLOSED","FATAL_COUNT","HEAVY_TRUCK_COUNT","HORSE_BUGGY_COUNT","HOUR_OF_DAY","ILLUMINATION","INJURY_COUNT","INTERSECTION_RELATED","INTERSECT_TYPE","LANE_CLOSED","LATITUDE","LN_CLOSE_DIR","LOCATION_TYPE","LONGITUDE","MAX_SEVERITY_LEVEL","MCYCLE_DEATH_COUNT","MCYCLE_SUSP_SERIOUS_INJ_COUNT","MOTORCYCLE_COUNT","MUNICIPALITY","NONMOTR_COUNT","NONMOTR_DEATH_COUNT","NONMOTR_SUSP_SERIOUS_INJ_COUNT","NTFY_HIWY_MAINT","PED_COUNT","PED_DEATH_COUNT","PED_SUSP_SERIOUS_INJ_COUNT","PERSON_COUNT","POLICE_AGCY","POSSIBLE_INJ_COUNT","RDWY_SURF_TYPE_CD","RELATION_TO_ROAD","ROADWAY_CLEARED","ROAD_CONDITION","SCH_BUS_IND","SCH_ZONE_IND","SECONDARY_CRASH","SMALL_TRUCK_COUNT","SPEC_JURIS_CD","SUSP_MINOR_INJ_COUNT","SUSP_SERIOUS_INJ_COUNT","SUV_COUNT","TCD_FUNC_CD","TCD_TYPE","TFC_DETOUR_IND","TIME_OF_DAY","TOTAL_UNITS","TOT_INJ_COUNT","UNBELTED_OCC_COUNT","UNB_DEATH_COUNT","UNB_SUSP_SERIOUS_INJ_COUNT","UNK_INJ_DEG_COUNT","UNK_INJ_PER_COUNT","URBAN_RURAL","VAN_COUNT","VEHICLE_COUNT","WEATHER1","WEATHER2","WORKERS_PRES","WORK_ZONE_IND","WORK_ZONE_LOC","WORK_ZONE_TYPE","WZ_CLOSE_DETOUR","WZ_FLAGGER","WZ_LAW_OFFCR_IND","WZ_LN_CLOSURE","WZ_MOVING","WZ_OTHER","WZ_SHLDER_MDN","WZ_WORKERS_INJ_KILLED"
"2021100700","1335","0","0","0","0","0","0","0","0","0","4","0","","67","10","2021","3","39.932283","-75.219145","1333","6","0","0","0","0","0","0","0","0","","0","0","0","","","0","","2","","39 55:56.218","","0","75 13:08.922","0","0","0","0","67301","0","0","0","N","0","0","0","2","67301","0","","1.0","","1","N","N","N","1","","0","0","0","","0","","","2","0","0","0","0","0","0","2","1","2","","03","","N","","","","","","","","","",""
"2021127166","0029","1","0","0","0","0","0","0","0","0","4","0","","67","12","2021","2","40.05195","-75.179628","0025","6","0","0","0","0","0","1","0","0","","0","0","0","","","0","","1","","40 03:07.021","","0","75 10:46.660","0","0","0","0","67301","0","0","0","N","0","0","0","2","67301","0","","1.0","","9","N","N","N","0","","0","0","1","","0","","","2","0","0","0","0","0","0","2","0","2","","07","","N","","","","","","","","","",""
"2021099797","0538","2","0","0","0","0","0","0","0","0","5","0","","67","10","2021","1","39.934783","-75.170761","0528","6","0","0","0","0","0","0","0","0","","0","0","0","","","0","N","0","","39 56:05.220","1","0","75 10:14.740","0","0","0","0","67301","0","0","0","N","0","0","0","1","67301","0","","6.0","600.0","1","N","N","N","0","","0","0","4","","0","Y","","6","0","0","0","0","0","0","2","0","6","","03","","N","","","","","","","","","",""
"2021084739","0600","1","0","0","0","0","0","0","0","0","4","0","","67","9","2021","4","40.061778","-75.136861","0554","6","0","0","0","0","0","0","0","0","","0","0","0","","","2","","1","","40 03:42.400","2","2","75 08:12.700","3","0","0","0","67301","0","0","0","N","0","0","0","3","67301","0","","1.0","705.0","1","N","N","N","1","","2","0","0","","2","Y","","2","2","0","0","0","0","0","2","0","2","","03","","N","","","","","","","","","",""
"2021083506","0430","1","0","0","0","0","0","0","0","0","1","0","","67","9","2021","7","39.975576","-75.212825","0421","6","0","0","0","0","0","0","0","0","","0","0","0","","","0","N","0","","39 58:32.075","","0","75 12:46.169","0","0","0","0","67301","0","0","0","N","0","0","0","1","67301","0","","6.0","","1","N","N","N","0","","0","0","0","","0","","","2","0","0","0","0","0","0","2","0","2","","","","N","","","","","","","","","",""
"2021100163","2234","2","0","0","0","0","0","0","0","0","4","0","","67","10","2021","1","39.958928","-75.24139","2229","6","0","0","0","1","0","1","0","0","","0","0","0","","","2","","1","","39 57:32.141","4","0","75 14:29.004","3","0","0","0","67301","0","0","0","N","0","0","0","3","67301","0","","1.0","2337.0","1","N","N","N","0","","2","0","0","","2","Y","","2","2","1","0","0","0","0","2","0","2","","03","","N","","","","","","","","","",""
"2021099547","1619","1","0","0","1","0","0","0","0","0","8","0","","67","10","2021","3","39.982389","-75.15325","1617","6","0","0","0","0","0","0","0","0","","0","0","0","","","1","N","0","","39 58:56.600","","0","75 09:11.700","8","0","0","0","67301","1","0","0","N","0","0","0","2","67505","0","","1.0","","1","N","N","N","0","","0","0","0","","0","","","2","1","0","0","0","1","1","2","0","1","","03","","N","","","","","","","","","",""
"2021100177","2045","0","0","0","0","0","0","0","0","0","8","0","","67","10","2021","2","39.932978","-75.191353","2041","6","0","0","0","0","0","0","0","0","","0","0","0","","","1","N","0","","39 55:58.720","","0","75 11:28.870","3","0","0","0","67301","1","0","0","N","1","0","0","2","67301","0","","1.0","","1","N","N","N","0","","1","0","0","","0","","","2","1","0","0","0","0","0","2","0","1","","","","N","","","","","","","","","",""
"2021083164","1825","1","0","0","0","0","0","0","0","0","4","0","","67","9","2021","6","39.979643","-75.246388","1819","6","0","0","0","0","1","0","0","0","","0","0","0","","","1","","2","","39 58:46.715","","0","75 14:46.998","3","0","0","0","67301","0","0","0","N","0","0","0","3","67301","0","","1.0","","1","N","N","N","0","","1","0","1","","3","","","2","1","0","0","0","0","0","2","0","2","","03","","N","","","","","","","","","",""
"2021127591","2351","0","0","2","0","0","0","0","0","0","7","0","","67","8","2021","5","40.075617","-75.233811","2341","6","0","0","0","0","0","0","0","0","","0","0","0","","","2","N","0","","40 04:32.220","","0","75 14:01.720","2","0","0","0","67301","0","0","0","N","0","0","0","2","67301","0","","4.0","","1","N","N","N","0","","0","2","1","","0","","","1","2","0","0","0","0","0","2","0","1","","03","","N","","","","","","","","","",""
"2021100279","0728","0","0","0","0","0","0","0","0","0","4","0","","67","10","2021","4","39.912058","-75.150517","0726","6","0","0","0","0","0","1","0","0","","0","0","0","","","0","","2","","39 54:43.410","3","2","75 09:01.860","0","0","0","0","67301","0","0","0","N","0","0","0","2","67301","0","","1.0","946.0","1","N","N","N","0","","0","0","2","","2","N","","2","0","0","0","0","0","0","2","0","2","","","","N","","","","","","","","","",""
"2021101957","1709","0","0","0","0","0","0","0","0","0","4","0","","67","10","2021","2","40.004935","-75.178718","1709","6","0","0","0","0","0","1","0","0","","0","0","0","","","2","","5","","40 00:17.766","6","0","75 10:43.386","4","0","0","0","67301","0","0","0","N","0","0","0","2","67301","2","","1.0","1730.0","1","N","N","N","0","","0","0","2","","2","N","","2","2","0","0","0","0","0","2","0","2","","","","N","","","","","","","","","",""
"2021124256","1016","1","0","0","0","0","0","0","0","0","5","0","","67","12","2021","6","39.967754","-75.131664","1014","6","0","0","0","1","0","0","1","0","","0","0","0","","","0","N","0","","39 58:03.916","2","0","75 07:53.991","0","0","0","0","67301","0","0","0","N","0","0","0","4","68K01","0","","1.0","1023.0","1","N","N","N","0","","0","0","1","","0","N","","3","0","0","0","0","0","0","2","1","3","","03","","N","","","","","","","","","",""
"2021099850","1220","0","0","0","0","0","0","0","0","0","5","0","","67","10","2021","3","40.014872","-75.156199","1220","6","0","0","0","0","0","1","0","0","","0","0","0","","","0","N","0","","40 00:53.540","","0","75 09:22.318","0","0","0","0","67301","0","0","0","N","0","0","0","3","67301","0","","1.0","","1","N","Y","N","1","","0","0","0","","0","","","2","0","0","0","0","0","0","2","1","2","","03","","N","","","","","","","","","",""
"2021084157","1925","2","0","0","0","0","0","0","0","0","4","0","","67","9","2021","2","40.030257","-75.170222","1922","6","0","0","0","0","0","0","0","0","","0","0","0","","","2","","1","","40 01:48.925","","0","75 10:12.799","3","0","0","0","67301","0","0","0","N","0","0","0","3","67301","0","","1.0","","1","N","N","N","0","","2","0","0","","3","","","2","2","0","0","0","0","1","2","0","2","","03","","N","","","","","","","","","",""
"2021126703","1120","1","0","0","0","0","0","0","0","0","8","0","","67","12","2021","4","39.958919","-75.205183","1114","6","0","0","0","0","0","0","0","0","","0","0","0","","","1","","1","","39 57:32.108","","0","75 12:18.658","3","0","0","0","67301","1","0","0","N","1","0","0","2","67301","0","","1.0","","1","N","N","N","0","","1","0","0","","2","","","2","1","1","0","0","0","0","2","0","1","","03","","N","","","","","","","","","",""
"2021102824","1552","1","0","0","0","0","0","0","0","0","1","0","","67","10","2021","7","39.908306","-75.146917","1552","6","0","1","0","0","0","1","0","0","","0","0","0","","","1","N","0","","39 54:29.900","4","3","75 08:48.900","8","0","0","0","67301","0","0","0","N","0","0","0","2","67501","0","","1.0","1620.0","1","N","N","N","0","","0","0","1","","8","N","","2","1","0","0","0","1","0","2","0","2","","","","N","","","","","","","","","",""
"2021124413","0852","1","0","0","0","0","0","0","0","0","4","0","","67","12","2021","6","39.967073","-75.243775","0849","6","0","0","0","0","0","0","0","0","","0","0","0","","","1","","1","","39 58:01.462","","0","75 14:37.590","3","0","0","0","67301","0","0","0","N","0","0","0","3","67301","0","","1.0","","1","N","N","N","0","","1","0","1","","3","","","2","1","0","0","0","0","0","2","0","2","","03","","N","","","","","","","","","",""
"2021121689","1316","0","0","0","0","0","0","0","0","0","0","0","","67","12","2021","4","39.902643","-75.150995","1308","6","0","0","0","0","0","0","0","0","","0","0","0","","","1","N","0","","39 54:09.513","2","0","75 09:03.581","3","0","0","0","67301","0","0","0","N","0","0","0","1","68K01","0","","1.0","1350.0","1","N","N","N","0","","1","0","1","","0","N","","1","1","0","0","0","0","0","2","0","1","","","","N","","","","","","","","","",""
"2021128203","0816","1","0","0","0","0","0","0","0","0","7","0","","67","12","2021","4","39.891628","-75.223179","0810","6","0","0","0","0","0","0","0","0","","0","0","0","","","1","Y","0","","39 53:29.859","","0","75 13:23.446","3","0","0","0","67301","0","0","0","N","0","0","0","1","68K01","0","","4.0","","9","N","N","N","0","","1","0","0","","0","","","1","1","0","0","0","0","0","2","0","1","","04","","N","","","","","","","","","",""
"2021123215","1207","2","0","0","0","0","0","0","0","0","1","0","","67","12","2021","5","40.060413","-75.166986","1203","6","0","0","0","0","0","0","0","0","","0","0","0","","","0","","1","","40 03:37.486","","0","75 10:01.148","0","0","0","0","67301","0","0","0","N","0","0","0","3","67301","0","","1.0","","1","N","N","N","0","","0","0","1","","2","","","3","0","0","0","0","0","0","2","0","3","","03","","N","","","","","","","","","",""
"2021101166","0825","1","0","0","0","0","0","1","0","0","4","1","","67","10","2021","5","39.984824","-75.177678","0820","6","0","0","0","0","0","1","0","0","","0","0","0","","","0","","1","","39 59:05.366","","0","75 10:39.640","0","0","0","0","67301","0","0","0","N","0","0","0","2","67301","0","","1.0","","1","Y","N","N","0","","0","0","0","","2","","","2","0","1","0","0","0","0","2","0","2","","03","","N","","","","","","","","","",""
"2021127227","","1","0","0","0","0","0","0","0","0","1","0","","67","12","2021","4","39.915557","-75.161807","","6","0","0","0","0","0","1","0","0","","0","0","0","","","1","Y","0","","39 54:56.005","","0","75 09:42.506","8","0","0","0","67301","0","0","0","N","0","0","0","2","00000","0","","1.0","","1","N","N","N","0","","0","0","1","","2","","","2","1","0","0","0","1","0","2","0","2","","","","N","","","","","","","","","",""
"2021114597","0000","1","0","0","0","0","0","0","0","0","4","0","","67","5","2021","6","40.005781","-75.179","","6","0","0","0","0","0","0","0","0","","0","0","0","","","2","N","0","","40 00:20.813","","7","75 10:44.401","3","0","0","0","67301","0","0","0","N","0","0","0","3","00000","0","","1.0","","1","N","N","N","0","","2","0","1","","0","","","2","2","0","0","0","0","0","2","0","2","","","","N","","","","","","","","","",""
"2021084713","2221","2","0","0","0","0","0","0","0","0","4","0","","67","9","2021","2","39.923674","-75.17965","2220","6","0","0","0","0","0","0","0","0","","0","0","0","","","1","","1","","39 55:25.227","","0","75 10:46.739","3","0","0","0","67301","0","0","0","N","0","0","0","3","67301","0","","1.0","","9","N","N","N","1","","1","0","0","","2","","","3","1","3","0","0","0","0","2","0","3","","03","","N","","","","","","","","","",""
"2021119292","1245","1","0","0","0","0","0","0","0","0","8","0","","67","12","2021","2","39.974716","-75.198398","1237","6","0","0","0","0","0","0","0","0","","0","0","0","","","1","","2","","39 58:28.976","4","2","75 11:54.231","3","0","0","0","67301","1","0","0","N","1","0","0","2","67301","0","","1.0","1330.0","1","N","N","N","0","","1","0","0","","2","N","","2","1","0","0","0","0","0","2","0","1","","","","N","","","","","","","","","",""
"2021125669","2120","2","0","0","0","0","0","0","0","0","4","0","","67","12","2021","4","39.980655","-75.160797","2115","6","0","0","0","0","0","0","0","0","","0","0","0","","","1","","1","","39 58:50.359","","0","75 09:38.870","4","0","0","0","67301","0","0","0","N","0","0","0","2","67505","1","","1.0","","1","N","N","N","0","","0","0","0","","2","","","2","1","0","0","0","0","0","2","0","2","","03","","N","","","","","","","","","",""
"2021116607","0103","0","0","0","0","0","0","0","0","0","1","0","","67","10","2021","1","39.984591","-75.095625","0056","6","0","0","0","0","0","0","0","0","","0","0","0","","","3","N","0","","39 59:04.528","2","0","75 05:44.251","8","0","0","0","67301","0","0","0","N","0","0","0","4","68K01","0","","1.0","210.0","1","N","N","N","0","","0","0","2","","0","N","","2","3","3","0","0","3","0","2","0","2","","","","N","","","","","","","","","",""
"2021100571","1815","0","0","0","1","0","0","0","0","0","8","0","","67","10","2021","4","39.97286","-75.219121","1810","6","0","0","0","0","0","0","0","0","","0","0","0","","","2","","3","","39 58:22.296","","0","75 13:08.835","3","0","0","0","67301","1","0","0","N","0","0","0","2","67301","0","","1.0","","1","N","N","N","0","","2","0","1","","0","","","2","2","1","0","0","0","0","2","0","1","","03","","N","","","","","","","","","",""
"2021128236","2110","0","0","0","0","0","0","0","0","0","7","0","","67","12","2021","2","40.003973","-75.195007","2106","6","0","0","0","0","0","0","0","0","","0","0","0","","","0","N","0","","40 00:14.301","3","8","75 11:42.024","0","0","0","0","67301","0","0","0","N","0","0","0","1","68K01","0","","2.0","2157.0","9","N","N","N","0","","0","0","1","","0","N","","1","0","1","0","0","0","0","2","0","1","","","","N","","","","","","","","","",""
"2021084715","1650","0","0","0","0","0","0","0","0","0","1","0","","67","9","2021","2","40.04796","-75.060476","1645","6","0","0","0","0","0","0","0","0","","0","0","0","","","0","N","0","","40 02:52.657","3","0","75 03:37.713","0","0","0","1","67301","0","0","0","N","0","0","0","3","67301","0","","1.0","30.0","1","N","N","N","0","","0","0","1","","0","Y","","2","0","2","0","0","0","0","2","0","2","","03","","N","","","","","","","","","",""
"2021118796","0050","0","0","0","0","0","0","0","0","0","4","0","","67","12","2021","6","39.974744","-75.138429","0050","6","0","0","0","0","0","0","0","0","","0","0","0","","","0","","1","","39 58:29.078","","0","75 08:18.344","0","0","0","0","67301","0","0","0","N","0","0","0","2","67301","0","","1.0","","1","N","N","N","0","","0","0","1","","2","","","2","0","0","0","0","0","0","2","0","2","","03","","N","","","","","","","","","",""
"2021117126","1710","1","0","0","0","0","0","0","0","0","4","0","","67","11","2021","3","40.047508","-75.142894","1702","6","0","0","0","0","0","1","0","0","","0","0","0","","","2","","1","","40 02:51.028","2","0","75 08:34.417","3","0","0","0","67301","0","0","0","N","0","0","0","2","67301","0","","1.0","1850.0","1","N","N","N","0","","2","0","1","","2","Y","","2","2","0","0","0","0","0","2","0","2","","03","","N","","","","","","","","","",""
"2021126855","1150","1","0","0","0","0","0","0","0","0","1","0","","67","12","2021","1","40.040323","-75.058538","1145","6","0","0","0","0","0","1","0","0","","0","0","0","","","0","","1","","40 02:25.164","","0","75 03:30.737","0","0","0","0","67301","0","0","0","N","0","0","0","2","67301","0","","1.0","","1","N","N","N","1","","0","0","0","","2","","","2","0","0","0","0","0","0","2","0","2","","04","","N","","","","","","","","","",""
"2021120814","2200","0","0","0","0","0","0","0","0","0","7","0","","67","12","2021","2","40.013615","-75.152638","2155","6","0","0","0","0","0","0","0","0","","0","0","0","","","0","N","0","","40 00:49.015","","0","75 09:09.495","0","0","0","0","67301","0","0","0","N","0","0","0","1","67301","0","","4.0","","9","N","N","N","0","","0","0","0","","0","","","1","0","0","0","0","0","0","2","1","1","","07","","N","","","","","","","","","",""
"2021099937","1924","1","0","0","0","0","0","0","0","0","5","0","","67","10","2021","2","40.006144","-75.196846","1908","6","0","1","0","0","0","0","0","0","","0","0","0","","","1","N","0","","40 00:22.118","","0","75 11:48.646","3","0","0","0","67301","0","0","0","N","0","0","0","2","68K01","0","","1.0","","1","N","N","N","0","","1","0","1","","0","","","2","1","0","0","0","0","0","2","0","2","","03","","N","","","","","","","","","",""
"2021103135","0202","1","0","0","0","0","0","0","0","0","7","0","","67","10","2021","1","39.955528","-75.148164","0202","6","0","0","0","0","0","0","0","0","","0","0","0","","","0","N","0","","39 57:19.901","4","2","75 08:53.389","0","0","0","0","67301","0","0","0","N","0","0","0","3","67501","0","","3.0","230.0","1","N","N","N","0","","0","0","0","","0","Y","","1","0","0","0","0","0","0","2","0","1","","","","N","","","","","","","","","",""
"2021124437","1156","1","0","0","0","0","0","0","0","0","4","0","","67","12","2021","7","40.0486","-75.151513","1156","6","0","0","0","0","0","1","0","0","","0","0","0","","","1","","1","","40 02:54.960","","0","75 09:05.446","3","0","0","0","67301","0","0","0","N","0","0","0","2","67301","0","","1.0","","9","N","N","N","0","","1","0","1","","3","","","2","1","0","0","0","0","1","2","0","2","","03","","N","","","","","","","","","",""
"2021125689","2159","1","0","0","0","0","0","0","0","0","0","0","","67","12","2021","4","39.906972","-75.139222","2159","6","0","0","0","0","0","0","0","0","","0","0","0","","","0","N","0","","39 54:25.100","4","3","75 08:21.200","0","0","0","0","67301","0","0","0","N","0","0","0","2","67501","0","","1.0","2201.0","1","N","N","N","1","","0","0","0","","0","N","","2","0","0","0","0","0","0","2","0","2","","","","N","","","","","","","","","",""
"2021101586","1815","0","0","0","0","0","0","0","0","0","1","0","","67","10","2021","1","39.919992","-75.155464","1809","6","0","0","0","0","0","1","0","0","","0","0","0","","","1","N","0","","39 55:11.970","","0","75 09:19.670","3","0","0","1","67301","0","0","0","N","0","0","0","1","67301","0","","6.0","","1","N","N","N","0","","1","0","1","","0","","","2","1","0","0","0","0","0","2","0","2","","","","N","","","","","","","","","",""
"2021126436","0944","2","0","0","0","0","0","0","0","0","4","0","","67","12","2021","6","39.91225","-75.244613","0941","6","0","0","0","0","0","0","0","0","","0","0","0","","","1","","2","","39 54:44.101","","0","75 14:40.607","3","0","0","0","67301","0","0","0","N","0","0","0","2","67301","0","","1.0","","1","N","N","N","0","","1","0","0","","3","","","2","1","2","0","0","0","0","2","0","2","","03","","N","","","","","","","","","",""
"2021116329","1935","1","0","0","0","0","0","0","0","0","4","0","","67","11","2021","2","39.974354","-75.201727","1928","6","0","0","0","0","0","2","0","0","","0","0","0","","","3","","2","","39 58:27.676","","7","75 12:06.216","3","0","0","0","67301","0","0","0","N","0","0","0","3","67301","0","","1.0","","1","N","N","N","0","","3","0","1","","2","","","2","3","0","0","0","0","0","2","0","2","","03","","N","","","","","","","","","",""
"2021126854","2120","2","0","0","0","0","0","0","0","0","5","0","","67","12","2021","1","40.042507","-75.025091","2114","6","0","0","0","1","0","0","0","0","","0","0","0","","","0","N","0","","40 02:33.024","1","0","75 01:30.329","9","0","0","0","67301","0","0","0","N","0","0","0","2","67301","0","","1.0","20.0","1","N","N","N","0","","0","0","3","","0","Y","","5","0","0","0","0","0","1","2","0","5","","03","","N","","","","","","","","","",""
"2021100168","2125","1","0","0","0","0","0","0","0","0","1","0","","67","10","2021","3","40.030072","-75.112103","2118","6","0","0","0","0","0","0","0","0","","0","0","0","","","1","N","0","","40 01:48.260","","0","75 06:43.570","3","0","0","0","67301","0","0","0","N","0","0","0","1","67301","0","","6.0","","1","N","N","N","0","","1","0","0","","0","","","2","1","0","0","0","0","0","2","1","2","","","","N","","","","","","","","","",""
"2021087449","0058","2","0","0","0","0","0","0","0","0","4","0","","67","9","2021","7","39.996421","-75.12578","0057","6","0","0","0","0","0","0","0","0","","0","0","0","","","1","","1","","39 59:47.115","","0","75 07:32.807","3","0","0","0","67301","0","0","0","N","0","0","0","2","67301","0","","1.0","","1","N","N","N","0","","1","0","0","","3","","","2","1","1","0","0","0","0","2","0","2","","","","N","","","","","","","","","",""
"2021127125","2100","1","0","0","0","0","0","0","0","0","7","0","","67","12","2021","7","39.93317","-75.237619","2057","6","0","0","0","0","0","0","0","0","","0","0","0","","","1","N","0","","39 55:59.412","","0","75 14:15.430","3","0","0","0","67301","0","0","0","N","0","0","0","1","67301","0","","4.0","","9","N","N","N","0","","1","0","0","","0","","","1","1","1","0","0","0","0","2","0","1","","","","N","","","","","","","","","",""
"2021128065","0641","2","0","0","0","0","0","0","0","0","4","0","","67","12","2021","4","40.02676","-75.046109","0634","6","0","0","0","0","0","0","0","0","","0","0","0","","","2","","1","","40 01:36.336","","0","75 02:45.992","3","0","0","0","67301","0","0","0","N","0","0","0","4","67301","0","","1.0","","9","N","N","N","0","","2","0","0","","3","","","2","2","0","0","0","0","0","2","0","2","","07","","N","","","","","","","","","",""
"2021126874","1215","2","0","0","0","0","0","0","0","0","4","0","","67","12","2021","1","39.98665","-75.146442","1215","6","0","0","0","0","0","1","0","0","","0","0","0","","","0","","1","","39 59:11.940","","0","75 08:47.191","9","0","0","0","67301","0","0","0","N","0","0","0","2","67301","0","","1.0","","99","N","N","N","0","","0","0","0","","3","","","2","0","2","0","0","0","2","2","0","2","","","","N","","","","","","","","","",""
"2021127398","1130","0","0","0","0","0","0","0","0","0","4","0","","67","12","2021","2","40.10289","-74.97677","1125","6","0","0","0","0","0","0","0","0","","0","0","0","","","0","","1","","40 06:10.403","2","0","74 58:36.371","9","0","0","0","67301","0","0","0","N","0","0","0","1","67301","0","","1.0","1208.0","1","N","N","N","0","","0","0","2","","3","Y","","2","0","0","0","0","0","1","2","0","2","","","","N","","","","","","","","","",""
"2021126670","2030","3","0","0","0","0","0","0","0","0","5","0","","67","12","2021","2","39.955031","-75.209881","2026","6","0","0","0","0","0","0","0","0","","0","0","0","","","1","N","0","","39 57:18.111","","0","75 12:35.570","3","0","0","0","67301","0","0","0","N","0","0","0","2","67301","0","","1.0","","1","N","N","N","0","","1","0","0","","0","","","4","1","0","0","0","0","0","2","1","4","","","","N","","","","","","","","","",""
"2021128620","0802","1","0","0","0","0","0","0","0","0","4","0","","67","12","2021","5","40.058201","-75.2339","0801","6","0","0","0","0","0","0","0","0","","0","0","0","","","2","N","0","","40 03:29.525","","0","75 14:02.041","8","0","0","0","67301","0","0","0","N","0","0","0","3","67301","0","","1.0","","1","N","N","N","0","","0","0","1","","0","","","2","2","0","0","0","2","0","2","0","2","","03","","N","","","","","","","","","",""
"2021127154","0415","1","0","0","0","0","0","0","0","0","7","0","","67","12","2021","7","39.945265","-75.14311","0358","6","0","0","0","0","0","0","0","0","","0","0","0","","","0","","2","","39 56:42.953","","0","75 08:35.195","0","0","0","0","67301","0","0","0","N","0","0","0","1","67301","0","","5.0","","9","N","N","N","0","","0","0","0","","3","","","1","0","1","0","0","0","0","2","0","1","","07","","N","","","","","","","","","",""
"2021093704","1624","2","0","0","0","0","0","0","0","0","4","0","","67","9","2021","7","39.993651","-75.230601","1620","6","0","0","0","0","0","1","0","0","","0","0","0","","","1","","1","","39 59:37.143","","0","75 13:50.163","4","0","0","0","67301","0","0","0","N","0","0","0","5","67301","1","","1.0","","1","N","N","N","0","","0","0","0","","3","","","2","1","0","0","0","0","0","2","0","2","","03","","N","","","","","","","","","",""
"2021089502","1250","1","0","0","0","0","0","0","0","0","1","0","","67","9","2021","4","40.015935","-75.134987","1250","6","0","0","0","0","0","1","0","0","","0","0","0","","","0","Y","0","","40 00:57.367","","0","75 08:05.952","0","0","0","0","67301","0","0","0","N","0","0","0","2","67301","0","","1.0","","1","N","N","N","0","","0","0","1","","2","","","2","0","1","0","0","0","0","2","0","2","","","","N","","","","","","","","","",""
"2021119291","1433","2","0","0","0","0","0","0","0","0","5","0","","67","12","2021","7","40.0314","-75.050019","1422","6","0","0","0","0","0","0","0","0","","0","0","0","","","1","N","0","","40 01:53.040","","0","75 03:00.070","4","0","0","0","67301","0","0","0","N","0","0","0","2","67301","1","","1.0","","1","N","N","N","0","","0","0","1","","0","","","3","1","0","0","0","0","0","2","0","3","","03","","N","","","","","","","","","",""
"2021126441","0825","2","0","0","0","0","0","0","0","0","4","0","","67","12","2021","2","40.010821","-75.126649","0817","6","0","0","0","0","0","0","0","0","","0","0","0","","","2","","1","","40 00:38.955","","0","75 07:35.936","2","0","0","0","67301","0","0","0","N","0","0","0","3","67301","0","","1.0","","1","N","N","N","0","","0","2","0","","2","","","2","2","0","0","0","0","0","2","0","2","","","","N","","","","","","","","","",""
"2021103189","0425","0","0","0","0","0","0","0","0","0","7","0","","67","10","2021","1","39.921583","-75.189556","0421","6","0","0","0","0","0","0","0","0","","0","0","0","","","0","N","0","","39 55:17.700","4","3","75 11:22.400","0","0","0","0","67301","0","0","0","N","0","0","0","1","67501","0","","3.0","527.0","1","N","N","N","0","","0","0","1","","0","N","","1","0","0","0","0","0","0","2","0","1","","","","N","","","","","","","","","",""
"2021108930","2230","4","0","0","0","0","0","0","0","0","1","0","","67","10","2021","2","39.958783","-75.227579","2228","6","0","0","0","0","0","0","0","0","","0","0","0","","","1","N","0","","39 57:31.617","","0","75 13:39.284","4","0","0","0","67301","0","0","0","N","0","0","0","2","67301","1","","1.0","","9","N","N","N","0","","0","0","1","","0","","","5","1","0","0","0","0","0","2","0","5","","07","","N","","","","","","","","","",""
"2021102647","1100","2","0","0","0","0","0","0","0","0","1","0","","67","10","2021","1","40.024801","-75.127211","1050","6","1","0","0","0","0","0","0","0","","0","0","0","","","2","N","0","","40 01:29.284","","0","75 07:37.959","3","0","0","0","67301","0","0","0","N","0","0","0","2","67301","0","","6.0","","1","N","N","N","0","","1","0","2","","0","","","4","2","1","0","0","1","0","2","0","4","","03","","N","","","","","","","","","",""
"2021124749","0536","5","0","0","0","0","0","0","0","0","4","0","","67","12","2021","6","39.97674","-75.129093","0534","6","0","0","0","0","0","0","0","0","","0","0","0","","","0","","1","","39 58:36.263","2","0","75 07:44.734","0","0","0","0","67301","0","0","0","N","0","0","0","1","67301","0","","1.0","700.0","1","N","N","N","0","","0","0","3","","3","Y","","8","0","0","0","0","0","0","2","0","8","","","","N","","","","","","","","","",""
"2021123120","","0","0","0","0","0","0","0","0","0","1","0","","67","10","2021","7","39.957874","-75.161866","","6","0","0","0","0","0","1","0","0","","0","0","0","","","4","N","0","","39 57:28.345","","0","75 09:42.718","8","0","0","0","67301","0","0","0","N","0","0","0","5","00000","0","","1.0","","1","N","N","N","0","","0","0","1","","0","","","2","4","0","0","0","4","0","2","0","2","","","","N","","","","","","","","","",""
"2021083250","0355","1","0","0","0","0","0","0","0","0","7","0","","67","9","2021","7","39.949732","-75.167339","0352","6","0","0","0","0","0","0","0","0","","0","0","0","","","1","N","0","","39 56:59.036","","0","75 10:02.419","8","0","0","0","67301","0","0","0","N","0","0","0","1","67301","0","","4.0","","1","N","N","N","0","","0","0","0","","0","","","1","1","0","0","0","1","0","2","0","1","","03","","N","","","","","","","","","",""