"CRN","ARRIVAL_TM","AUTOMOBILE_COUNT","BELTED_DEATH_COUNT","BELTED_SUSP_SERIOUS_INJ_COUNT","BICYCLE_COUNT","BICYCLE_DEATH_COUNT","BICYCLE_SUSP_SERIOUS_INJ_COUNT","BUS_COUNT","CHLDPAS_DEATH_COUNT","CHLDPAS_SUSP_SERIOUS_INJ_COUNT","COLLISION_TYPE","COMM_VEH_COUNT","CONS_ZONE_SPD_LIM","COUNTY","CRASH_MONTH","CRASH_YEAR","DAY_OF_WEEK","DEC_LATITUDE","DEC_LONGITUDE","DISPATCH_TM","DISTRICT","DRIVER_COUNT_16YR","DRIVER_COUNT_17YR","DRIVER_COUNT_18YR","DRIVER_COUNT_19YR","DRIVER_COUNT_20YR","DRIVER_COUNT_50_64YR","DRIVER_COUNT_65_74YR","DRIVER_COUNT_75PLUS","EST_HRS_CLOSED","FATAL_COUNT","HEAVY_TRUCK_COUNT","HORSE_BUGGY_COUNT","HOUR_OF_DAY","ILLUMINATION","INJURY_COUNT","INTERSECTION_RELATED","INTERSECT_TYPE","LANE_CLOSED","LATITUDE","LN_CLOSE_DIR","LOCATION_TYPE","LONGITUDE","MAX_SEVERITY_LEVEL","MCYCLE_DEATH_COUNT","MCYCLE_SUSP_SERIOUS_INJ_COUNT","MOTORCYCLE_COUNT","MUNICIPALITY","NONMOTR_COUNT","NONMOTR_DEATH_COUNT","NONMOTR_SUSP_SERIOUS_INJ_COUNT","NTFY_HIWY_MAINT","PED_COUNT","PED_DEATH_COUNT","PED_SUSP_SERIOUS_INJ_COUNT","PERSON_COUNT","POLICE_AGCY","POSSIBLE_INJ_COUNT","RDWY_SURF_TYPE_CD","RELATION_TO_ROAD","ROADWAY_CLEARED","ROAD_CONDITION","SCH_BUS_IND","SCH_ZONE_IND","SECONDARY_CRASH","SMALL_TRUCK_COUNT","SPEC_JURIS_CD","SUSP_MINOR_INJ_COUNT","SUSP_SERIOUS_INJ_COUNT","SUV_COUNT","TCD_FUNC_CD","TCD_TYPE","TFC_DETOUR_IND","TIME_OF_DAY","TOTAL_UNITS","TOT_INJ_COUNT","UNBELTED_OCC_COUNT","UNB_DEATH_COUNT","UNB_SUSP_SERIOUS_INJ_COUNT","UNK_INJ_DEG_COUNT","UNK_INJ_PER_COUNT","URBAN_RURAL","VAN_COUNT","VEHICLE_COUNT","WEATHER1","WEATHER2","WORKERS_PRES","WORK_ZONE_IND","WORK_ZONE_LOC","WORK_ZONE_TYPE","WZ_CLOSE_DETOUR","WZ_FLAGGER","WZ_LAW_OFFCR_IND","WZ_LN_CLOSURE","WZ_MOVING","WZ_OTHER","WZ_SHLDER_MDN","WZ_WORKERS_INJ_KILLED"
"2021128224","2140","0","0","0","0","0","0","0","0","0","7","0","","67","12","2021","7","40.040302","-75.006076","2135","6","0","0","0","0","0","0","0","0","","0","0","0","","","0","N","0","","40 02:25.088","","0","75 00:21.872","0","0","0","0","67301","0","0","0","N","0","0","0","1","68K01","0","","2.0","","9","N","N","N","0","","0","0","1","","0","","","1","0","0","0","0","0","0","2","0","1","","03","","N","","","","","","","","","",""
"2021101842","2031","1","0","0","0","0","0","0","0","0","2","0","","67","10","2021","1","40.043333","-75.167028","2030","6","0","0","0","0","0","2","0","0","","0","0","0","","","1","N","0","","40 02:36.000","","0","75 10:01.300","4","0","0","0","67301","0","0","0","N","0","0","0","2","67301","1","","1.0","","1","N","N","N","0","","0","0","1","","0","","","2","1","0","0","0","0","1","2","0","2","","03","","N","","","","","","","","","",""
"2021104140","0905","3","0","0","0","0","0","0","0","0","1","0","","67","10","2021","5","40.053919","-75.049215","0853","6","0","0","0","0","0","1","0","0","","0","0","0","","","0","N","0","","40 03:14.107","2","0","75 02:57.173","0","0","0","0","67301","0","0","0","N","0","0","0","3","67301","0","","1.0","925.0","1","N","N","N","0","","0","0","0","","0","Y","","3","0","0","0","0","0","0","2","0","3","","","","N","","","","","","","","","",""
"2021124417","0431","2","0","0","0","0","0","0","0","0","5","0","","67","12","2021","1","39.984228","-75.229386","0430","6","0","0","0","0","0","0","0","0","","0","0","0","","","0","N","0","","39 59:03.220","","0","75 13:45.790","0","0","0","0","67301","0","0","0","N","0","0","0","1","67301","0","","6.0","","1","N","N","N","0","","0","0","0","","0","","","2","0","0","0","0","0","0","2","0","2","","03","","N","","","","","","","","","",""
"2021102442","1952","0","0","0","0","0","0","0","0","0","4","0","","67","10","2021","2","39.937397","-75.163046","1948","6","0","0","0","0","0","2","0","0","","0","0","0","","","0","","1","","39 56:14.629","2","0","75 09:46.965","0","0","0","0","67301","0","0","0","N","0","0","0","2","67301","0","","1.0","2125.0","9","N","N","Y","1","","0","0","0","","2","Y","","2","0","0","0","0","0","0","2","1","2","","","","N","","","","","","","","","",""
"2021114673","0601","0","0","0","0","0","0","0","0","0","8","0","","67","9","2021","1","40.007942","-75.172302","0600","6","0","0","0","0","0","0","0","0","","0","0","0","","","1","","1","","40 00:28.592","","0","75 10:20.286","3","0","0","0","67301","1","0","0","N","1","0","0","2","67301","0","","1.0","","1","N","N","N","0","","1","0","1","","2","","","2","1","0","0","0","0","0","2","0","1","","03","","N","","","","","","","","","",""
"2021090251","1526","1","0","0","0","0","0","0","0","0","1","0","55","67","9","2021","3","39.967107","-75.133046","1454","6","0","1","0","0","0","1","0","0","","0","0","0","","","1","N","0","","39 58:01.586","","0","75 07:58.966","3","0","0","0","67301","0","0","0","N","0","0","0","3","68K01","0","","1.0","","1","N","N","N","0","","1","0","1","","0","","","2","1","0","0","0","0","0","2","0","2","","03","N","Y","4","1","","","N","","","","Y","N"
"2021125620","1749","4","0","0","0","0","0","0","0","0","1","0","","67","12","2021","7","40.008521","-75.20309","1749","6","0","0","0","0","0","0","0","0","","0","0","0","","","0","N","0","","40 00:30.674","","0","75 12:11.125","0","0","0","0","67301","0","0","0","N","0","0","0","8","68K01","0","","1.0","","9","N","N","N","0","","0","0","0","","0","","","4","0","0","0","0","0","0","2","0","4","","","","N","","","","","","","","","",""
"2021103404","1559","0","0","0","0","0","0","0","0","0","5","0","","67","10","2021","1","40.0802","-75.027329","1548","6","0","0","0","0","0","1","0","0","","0","0","0","","","1","Y","0","","40 04:48.720","4","0","75 01:38.386","3","0","0","0","67301","0","0","0","N","0","0","0","3","67301","0","","1.0","100.0","1","N","N","N","1","","1","0","2","","2","N","","3","1","3","0","0","0","0","2","0","3","","03","","N","","","","","","","","","",""
"2021098598","0113","1","0","0","0","0","0","0","0","0","1","0","","67","10","2021","7","40.036328","-75.082644","0043","6","0","0","0","0","0","0","0","0","","0","0","0","","","0","N","0","","40 02:10.780","5","0","75 04:57.520","0","0","0","0","67301","0","0","0","N","0","0","0","3","67301","0","","1.0","242.0","1","N","N","N","1","","0","0","1","","0","N","","3","0","0","0","0","0","0","2","0","3","","","","N","","","","","","","","","",""
"2021127656","2329","1","0","0","0","0","0","0","0","0","1","0","","67","12","2021","3","39.975088","-75.194965","2329","6","0","0","0","0","0","0","1","0","","0","0","0","","","1","","1","","39 58:30.316","3","0","75 11:41.875","3","0","0","0","67301","0","0","0","N","0","0","0","4","67301","0","","1.0","2345.0","9","N","N","N","0","","1","0","0","","2","N","","2","1","0","0","0","0","0","2","1","2","","03","","N","","","","","","","","","",""
"2021102533","1857","1","0","0","0","0","0","0","0","0","2","0","","67","9","2021","2","40.017411","-75.140759","1856","6","0","0","0","0","0","1","0","0","","0","0","0","","","1","","2","","40 01:02.679","","0","75 08:26.732","4","0","0","0","67301","0","0","0","N","0","0","0","2","67301","1","","1.0","","1","N","N","N","0","","0","0","0","","0","","","2","1","0","0","0","0","0","2","1","2","","03","","N","","","","","","","","","",""
"2021103782","2315","1","0","0","0","0","0","0","0","0","1","0","","67","10","2021","7","39.945748","-75.240612","2312","6","0","0","0","0","0","1","1","0","","0","0","0","","","1","Y","0","","39 56:44.691","","0","75 14:26.202","3","0","0","0","67301","0","0","0","N","0","0","0","3","67301","0","","1.0","","1","N","N","N","0","","1","0","2","","0","","","3","1","1","0","0","0","0","2","0","3","","03","","N","","","","","","","","","",""
"2021104126","1502","1","0","0","0","0","0","0","0","0","8","0","","67","10","2021","3","40.056362","-75.075135","1457","6","0","0","0","0","0","0","0","0","","0","0","0","","","1","","1","","40 03:22.903","","0","75 04:30.486","8","0","0","0","67301","1","0","0","N","1","0","0","2","67301","0","","1.0","","1","N","Y","N","0","","0","0","0","","2","","","2","1","0","0","0","1","0","2","0","1","","03","","N","","","","","","","","","",""
"2021118771","0226","1","0","0","1","0","0","0","0","0","8","0","","67","12","2021","1","39.944113","-75.153515","0223","6","0","0","0","0","0","1","0","0","","0","0","0","","","1","","1","","39 56:38.805","","0","75 09:12.654","3","0","0","0","67301","1","0","0","N","0","0","0","2","67301","0","","1.0","","1","N","N","N","0","","1","0","0","","2","","","2","1","0","0","0","0","0","2","0","1","","03","","N","","","","","","","","","",""
"2021126247","0445","0","0","0","0","0","0","1","0","0","5","1","","67","12","2021","2","40.044562","-75.144627","0440","6","0","0","0","0","0","1","0","0","","0","0","0","","","1","","1","","40 02:40.423","","0","75 08:40.657","8","0","0","0","67301","0","0","0","N","0","0","0","3","67508","0","","1.0","","1","N","N","Y","1","","0","0","0","","2","","","2","1","0","0","0","1","0","2","0","2","","03","","N","","","","","","","","","",""
"2021102472","2121","0","0","0","0","0","0","0","0","0","4","0","","67","10","2021","2","40.039008","-75.056253","2116","6","0","0","0","0","1","0","0","0","","0","0","0","","","0","","1","","40 02:20.428","","0","75 03:22.510","0","0","0","0","67301","0","0","0","N","0","0","0","2","67301","0","","1.0","","9","N","N","N","0","","0","0","2","","2","","","2","0","0","0","0","0","0","2","0","2","","07","","N","","","","","","","","","",""
"2021102801","0812","0","0","0","0","0","0","0","0","0","8","0","","67","10","2021","2","39.923459","-75.162556","0808","6","0","0","0","0","0","0","0","0","","0","0","0","","","1","N","0","","39 55:24.452","","7","75 09:45.200","3","0","0","0","67301","1","0","0","N","1","0","0","2","67301","0","","1.0","","1","N","N","N","0","","1","0","0","","0","","","2","1","0","0","0","0","0","2","0","1","","03","","N","","","","","","","","","",""
"2021102300","0630","2","0","0","0","0","0","0","0","0","2","0","","67","10","2021","1","39.960131","-75.161953","0621","6","0","0","1","0","1","0","0","0","","0","0","0","","","2","N","0","","39 57:36.470","","0","75 09:43.030","8","0","0","0","67301","0","0","0","N","0","0","0","5","67301","0","","1.0","","1","N","N","N","0","","0","0","0","","0","","","2","2","0","0","0","2","0","2","0","2","","03","","N","","","","","","","","","",""
"2021119822","","1","0","1","0","0","0","0","0","0","1","0","","67","11","2021","2","40.000102","-75.194946","","6","0","0","0","0","0","0","1","0","","0","0","0","","","1","N","0","","40 00:00.368","","0","75 11:41.805","2","0","0","0","67301","0","0","0","N","0","0","0","3","00000","0","","1.0","","1","N","N","N","0","","0","1","1","","0","","","3","1","0","0","0","0","0","2","0","3","","","","N","","","","","","","","","",""
"2021100176","2004","2","0","0","0","0","0","0","0","0","4","0","","67","10","2021","7","39.910067","-75.163269","2003","6","0","0","0","0","0","0","0","0","","0","0","0","","","1","","1","","39 54:36.241","","2","75 09:47.768","3","0","0","0","67301","0","0","0","N","0","0","0","2","67301","0","","1.0","","1","N","N","N","0","","1","0","0","","2","","","2","1","0","0","0","0","0","2","0","2","","03","","N","","","","","","","","","",""
"2021121686","1325","1","0","0","0","0","0","0","0","0","3","0","","67","11","2021","2","39.944256","-75.191837","1325","6","0","0","0","0","0","0","0","0","","0","0","0","","","0","N","0","","39 56:39.322","3","0","75 11:30.614","0","0","0","0","67301","0","0","0","N","0","0","0","4","68K01","0","","1.0","1325.0","1","N","N","Y","2","","0","0","0","","0","N","","3","0","0","0","0","0","0","2","0","3","","","","N","","","","","","","","","",""
"2021118279","0323","3","0","0","0","0","0","0","0","0","5","0","","67","12","2021","7","39.983194","-75.158639","0322","6","0","0","0","0","0","1","0","0","","0","0","0","","","0","N","0","","39 58:59.500","2","0","75 09:31.100","9","0","0","0","67301","0","0","0","N","0","0","0","1","67505","0","","6.0","410.0","1","N","N","N","0","","0","0","1","","0","N","","4","0","0","0","0","0","1","2","0","4","","03","","N","","","","","","","","","",""
"2021099953","1900","1","0","0","0","0","0","0","0","0","1","0","","67","9","2021","2","40.008796","-75.147623","1900","6","0","0","0","0","0","0","0","0","","0","0","0","","","1","","1","","40 00:31.666","","0","75 08:51.441","2","0","1","1","67301","0","0","0","N","0","0","0","2","67301","0","","1.0","","1","N","N","N","0","","0","1","0","","2","","","2","1","0","0","0","0","0","2","0","2","","03","","N","","","","","","","","","",""
"2021125223","0915","1","0","0","0","0","0","0","0","0","4","0","","67","12","2021","6","40.103708","-74.983417","0908","6","0","0","0","0","0","1","0","0","","0","0","0","","","2","","1","","40 06:13.348","","0","74 59:00.301","8","0","0","0","67301","0","0","0","N","0","0","0","3","67301","0","","1.0","","1","N","N","N","0","","0","0","1","","2","","","2","2","0","0","0","2","0","2","0","2","","03","","N","","","","","","","","","",""
"2021118773","0905","0","0","0","0","0","0","0","0","0","1","0","","67","12","2021","1","40.057794","-75.008743","0903","6","0","0","0","0","0","0","0","0","","0","0","0","","","0","","1","","40 03:28.059","","0","75 00:31.473","0","0","0","0","67301","0","0","0","N","0","0","0","3","67301","0","","1.0","","1","N","N","N","0","","0","0","2","","4","","","2","0","0","0","0","0","0","2","0","2","","03","","N","","","","","","","","","",""
"2021084064","1435","4","0","0","0","0","0","0","0","0","1","0","","67","9","2021","3","39.977581","-75.158179","1430","6","0","0","0","1","0","0","0","0","","0","0","0","","","1","N","0","","39 58:39.290","","0","75 09:29.445","3","0","0","0","67301","0","0","0","N","0","0","0","2","67505","0","","6.0","","1","N","N","Y","0","","1","0","0","","0","","","4","1","0","0","0","0","0","2","0","4","","03","","N","","","","","","","","","",""
"2021083760","1842","1","0","0","0","0","0","0","0","0","4","0","","67","9","2021","1","40.073539","-75.158211","1837","6","0","0","0","0","0","0","0","0","","0","0","0","","","0","N","0","","40 04:24.740","2","0","75 09:29.560","0","0","0","0","67301","0","0","0","N","0","0","0","3","67301","0","","1.0","100.0","9","N","N","N","0","","0","0","1","","0","Y","","2","0","3","0","0","0","0","2","0","2","","04","","N","","","","","","","","","",""
"2021117309","0825","1","0","0","0","0","0","0","0","0","4","0","","67","11","2021","2","40.02428","-75.130381","0822","6","0","0","0","0","0","0","0","0","","0","0","0","","","5","","1","","40 01:27.407","1","0","75 07:49.370","3","0","0","0","67301","0","0","0","N","0","0","0","9","67301","0","","1.0","850.0","1","N","N","N","0","","5","0","2","","2","Y","","3","5","2","0","0","0","0","2","0","3","","03","","N","","","","","","","","","",""
"2021121220","1807","0","0","0","0","0","0","0","0","0","8","0","","67","12","2021","4","40.019822","-75.110512","1807","6","0","0","0","0","0","0","0","0","","0","0","0","","","1","","2","","40 01:11.359","","6","75 06:37.843","3","0","0","0","67301","1","0","0","N","1","0","0","2","67301","0","","1.0","","1","N","N","N","1","","1","0","0","","2","","","2","1","1","0","0","0","0","2","0","1","","03","","N","","","","","","","","","",""
"2021092071","0154","1","0","0","0","0","0","0","0","0","7","0","","67","9","2021","1","40.050147","-74.992797","0154","6","0","0","0","0","0","0","0","0","","0","0","0","","","1","N","0","","40 03:00.529","1","0","74 59:34.070","2","0","0","0","67301","0","0","0","N","0","0","0","1","68K01","0","","4.0","230.0","1","N","N","N","0","","0","1","0","","0","N","","1","1","0","0","0","0","0","2","0","1","","03","","N","","","","","","","","","",""
"2021118248","1845","1","0","0","0","0","0","0","0","0","4","0","","67","12","2021","5","40.006025","-75.091515","1823","6","0","0","0","0","0","0","0","0","","0","0","0","","","1","N","0","","40 00:21.690","","7","75 05:29.453","3","0","0","0","67301","0","0","0","N","0","0","0","2","67301","0","","1.0","","1","N","N","N","0","","1","0","1","","0","","","2","1","1","0","0","0","1","2","0","2","","03","","N","","","","","","","","","",""
"2021127477","0631","1","0","0","0","0","0","0","0","0","7","0","","67","12","2021","7","39.940426","-75.143136","0620","6","0","0","0","1","0","0","0","0","","0","0","0","","","1","N","6","","39 56:25.534","","2","75 08:35.290","8","0","0","0","67301","0","0","0","N","0","0","0","1","68K01","0","","4.0","","1","N","N","N","0","","0","0","0","","0","","","1","1","1","0","0","1","0","2","0","1","","","","N","","","","","","","","","",""
"2021085822","1830","1","0","0","1","0","0","0","0","0","8","0","","67","9","2021","3","39.929287","-75.168557","1810","6","0","0","0","0","0","0","0","0","","0","0","0","","","1","","1","","39 55:45.434","","0","75 10:06.804","3","0","0","0","67301","1","0","0","N","0","0","0","2","67301","0","","1.0","","1","N","N","N","0","","1","0","0","","2","","","2","1","1","0","0","0","1","2","0","1","","03","","N","","","","","","","","","",""
"2021084734","1051","0","0","0","0","0","0","0","0","0","4","0","","67","9","2021","3","40.017042","-75.17168","1051","6","0","0","0","0","0","1","0","0","","0","0","0","","","1","N","0","","40 01:01.350","2","0","75 10:18.048","8","0","0","0","67301","0","0","0","N","0","0","0","5","67301","0","","1.0","1157.0","1","N","N","N","0","","0","0","1","","0","N","","2","1","4","0","0","1","0","2","1","2","","03","","N","","","","","","","","","",""
"2021084740","0029","1","0","0","0","0","0","0","0","0","1","0","","67","9","2021","5","40.030013","-75.146713","0025","6","0","0","0","0","0","1","0","0","","0","0","0","","","0","N","0","","40 01:48.046","","7","75 08:48.166","9","0","0","0","67301","0","0","0","N","0","0","0","2","67301","0","","1.0","","1","N","N","N","0","","0","0","1","","0","","","2","0","0","0","0","0","2","2","0","2","","04","","N","","","","","","","","","",""
"2021120793","0415","1","0","0","0","0","0","0","0","0","5","0","","67","12","2021","7","40.026073","-75.168918","0403","6","0","0","0","0","0","0","0","0","","0","0","0","","","0","N","0","","40 01:33.864","","0","75 10:08.105","0","0","0","0","67301","0","0","0","N","0","0","0","1","67301","0","","6.0","","1","N","N","N","0","","0","0","2","","0","","","3","0","0","0","0","0","0","2","0","3","","03","","N","","","","","","","","","",""
"2021119442","1623","3","0","0","0","0","0","0","0","0","3","0","","67","12","2021","1","39.990403","-75.234742","1623","6","0","0","0","0","0","0","0","0","","0","0","0","","","1","N","0","","39 59:25.450","","0","75 14:05.070","3","0","0","0","67301","0","0","0","N","0","0","0","2","67301","0","","6.0","","1","N","N","N","0","","1","0","1","","0","","","4","1","0","0","0","0","0","2","0","4","","03","","N","","","","","","","","","",""
"2021102536","1930","2","0","0","0","0","0","0","0","0","1","0","","67","9","2021","4","40.012635","-75.150396","1930","6","0","0","0","0","0","0","0","0","","0","0","0","","","1","N","0","","40 00:45.485","","0","75 09:01.424","3","0","0","0","67301","0","0","0","N","0","0","0","2","67301","0","","1.0","","1","N","N","N","0","","1","0","0","","0","","","2","1","2","0","0","0","0","2","0","2","","03","","N","","","","","","","","","",""
"2021120797","1550","1","0","0","0","0","0","0","0","0","4","0","","67","12","2021","7","40.02811","-75.184556","1537","6","0","0","1","0","0","0","1","0","","0","0","0","","","2","N","0","","40 01:41.197","","7","75 11:04.400","3","0","0","0","67301","0","0","0","N","0","0","0","3","67301","0","","1.0","","1","N","N","N","0","","1","0","1","","0","","","2","2","1","0","0","1","1","2","0","2","","03","","N","","","","","","","","","",""
"2021084729","1836","0","0","0","0","0","0","0","0","0","4","0","","67","9","2021","2","39.980408","-75.239378","1836","6","0","0","0","0","0","0","0","0","","0","0","0","","","1","","1","","39 58:49.468","","0","75 14:21.760","4","0","0","0","67301","0","0","0","N","0","0","0","3","67301","1","","1.0","","1","N","Y","N","0","","0","0","2","","2","","","2","1","0","0","0","0","0","2","0","2","","03","","N","","","","","","","","","",""
"2021087736","2350","3","0","0","0","0","0","0","0","0","4","0","","67","9","2021","1","40.000936","-75.166408","2340","6","0","0","0","1","0","0","0","0","","0","0","0","","","1","","1","","40 00:03.369","","0","75 09:59.068","4","0","0","0","67301","0","0","0","N","0","0","0","3","67301","1","","1.0","","1","N","N","N","0","","0","0","0","","3","","","3","1","0","0","0","0","1","2","0","3","","03","","N","","","","","","","","","",""
"2021127195","0430","2","0","0","0","0","0","0","0","0","5","1","","67","12","2021","1","39.988","-75.225594","0429","6","0","0","0","0","0","0","0","0","","0","1","0","","","0","N","0","","39 59:16.800","","0","75 13:32.140","9","0","0","0","67301","0","0","0","N","0","0","0","1","67301","0","","6.0","","1","N","N","N","0","","0","0","0","","0","","","3","0","0","0","0","0","1","2","0","3","","03","","N","","","","","","","","","",""
"2021119776","1258","1","0","0","0","0","0","0","0","0","1","0","","67","12","2021","2","40.058141","-75.174302","1253","6","0","0","0","0","0","0","0","0","","0","0","0","","","1","","1","","40 03:29.309","","0","75 10:27.487","3","0","0","0","67301","0","0","0","N","0","0","0","2","67301","0","","1.0","","1","N","N","N","0","","1","0","0","","2","","","2","1","0","0","0","0","0","2","0","2","","03","","N","","","","","","","","","",""
"2021117310","1320","1","0","0","0","0","0","0","0","0","2","0","","67","11","2021","3","40.015694","-75.140194","1320","6","0","0","0","0","0","0","0","0","","0","0","0","","","0","Y","0","","40 00:56.500","","0","75 08:24.700","0","0","0","0","67301","0","0","0","N","0","0","0","1","67301","0","","6.0","","1","N","N","N","1","","0","0","1","","0","","","4","0","0","0","0","0","0","2","1","4","","04","","N","","","","","","","","","",""
"2021117308","0535","2","0","0","0","0","0","0","0","0","4","0","","67","11","2021","2","39.970507","-75.234205","0530","6","0","0","0","0","0","1","0","0","","0","0","0","","","0","","1","","39 58:13.825","","0","75 14:03.137","0","0","0","0","67301","0","0","0","N","0","0","0","3","67301","0","","1.0","","1","N","N","N","0","","0","0","1","","2","","","3","0","0","0","0","0","0","2","0","3","","03","","N","","","","","","","","","",""
"2021084719","1705","1","0","0","0","0","0","0","0","0","4","0","","67","9","2021","3","40.058141","-75.174302","1655","6","0","0","0","0","0","2","0","0","","0","0","0","","","0","","1","","40 03:29.309","","0","75 10:27.487","0","0","0","0","67301","0","0","0","N","0","0","0","3","67301","0","","1.0","","1","N","N","N","0","","0","0","1","","2","","","2","0","0","0","0","0","0","2","0","2","","98","","N","","","","","","","","","",""
"2021126640","2353","4","0","0","0","0","0","0","0","0","5","0","","67","12","2021","5","39.97102","-75.127887","2350","6","0","0","0","0","0","0","0","0","","0","0","0","","","0","N","0","","39 58:15.671","4","0","75 07:40.392","0","0","0","0","67301","0","0","0","N","0","0","0","1","67301","0","","6.0","15.0","1","N","N","N","0","","0","0","0","","0","Y","","4","0","0","0","0","0","0","2","0","4","","","","N","","","","","","","","","",""
"2021119348","1619","2","0","0","0","0","0","0","0","0","4","0","","67","12","2021","1","39.950707","-75.22886","1613","6","0","0","0","0","0","1","0","0","","0","0","0","","","1","","1","","39 57:02.545","","0","75 13:43.896","3","0","0","0","67301","0","0","0","N","0","0","0","2","67301","0","","1.0","","1","N","N","N","0","","1","0","0","","2","","","2","1","0","0","0","0","1","2","0","2","","03","","N","","","","","","","","","",""
"2021124399","2120","0","0","0","0","0","0","0","0","0","8","0","","67","12","2021","5","39.97228","-75.248343","2117","6","0","0","0","0","0","1","0","0","","0","0","0","","","1","N","0","","39 58:20.208","","0","75 14:54.035","3","0","0","0","67301","1","0","0","N","1","0","0","2","67301","0","","1.0","","1","N","N","N","1","","1","0","0","","0","","","2","1","0","0","0","0","0","2","0","1","","03","","N","","","","","","","","","",""
"2021127239","1720","0","0","0","0","0","0","0","0","0","4","1","","67","12","2021","3","40.051385","-75.148574","1703","6","0","0","0","0","0","0","0","1","","0","1","0","","","2","","1","","40 03:04.985","","0","75 08:54.866","3","0","0","0","67301","0","0","0","N","0","0","0","4","67301","0","","1.0","","1","N","N","N","0","","2","0","1","","3","","","2","2","0","0","0","0","0","2","0","2","","","","N","","","","","","","","","",""
"2021116762","1201","2","0","0","0","0","0","0","0","0","4","0","","67","11","2021","2","39.970275","-75.217878","1200","6","0","0","0","0","0","1","0","0","","0","0","0","","","1","","2","","39 58:12.990","","0","75 13:04.360","3","0","0","0","67301","0","0","0","N","0","0","0","2","67301","0","","1.0","","1","N","N","N","0","","1","0","0","","3","","","2","1","0","0","0","0","0","2","0","2","","03","","N","","","","","","","","","",""
"2021087547","1746","1","0","0","0","0","0","0","0","0","8","0","","67","9","2021","3","40.054821","-75.152728","1744","6","0","0","0","0","0","1","0","0","","0","0","0","","","1","","1","","40 03:17.355","","0","75 09:09.820","3","0","0","0","67301","1","0","0","N","1","0","0","2","67301","0","","1.0","","1","N","N","N","0","","1","0","0","","2","","","2","1","1","0","0","0","0","2","0","1","","03","","N","","","","","","","","","",""
"2021115741","0104","0","0","0","0","0","0","0","0","0","1","0","","67","11","2021","1","40.040917","-75.163833","0102","6","0","0","0","0","0","0","0","0","","0","0","0","","","0","N","0","","40 02:27.300","","0","75 09:49.800","0","0","0","0","67301","0","0","0","N","0","0","0","1","67301","0","","6.0","","1","N","N","N","0","","0","0","2","","0","","","2","0","0","0","0","0","0","2","0","2","","03","","N","","","","","","","","","",""
"2021127221","1751","0","0","0","0","0","0","0","0","0","2","0","","67","12","2021","5","39.954615","-75.149531","1748","6","0","0","0","0","0","0","0","0","","0","0","0","","","3","","1","","39 57:16.613","","0","75 08:58.311","8","0","0","0","67301","0","0","0","N","0","0","0","4","67301","0","","1.0","","1","N","N","N","0","","0","0","2","","2","","","2","3","0","0","0","3","0","2","0","2","","03","","N","","","","","","","","","",""
"2021083916","0245","2","0","0","0","0","0","0","0","0","2","0","","67","9","2021","1","40.030332","-75.131845","0232","6","0","0","0","0","0","0","0","0","","0","0","0","","","0","","1","","40 01:49.195","","0","75 07:54.642","0","0","0","0","67301","0","0","0","N","0","0","0","1","67301","0","","1.0","","9","N","N","N","0","","0","0","1","","2","","","3","0","0","0","0","0","0","2","0","3","","","","N","","","","","","","","","",""
"2021127871","2012","1","0","0","0","0","0","0","0","0","7","0","","67","11","2021","7","39.885977","-75.210791","1959","6","0","0","0","0","0","0","0","0","","0","0","0","","","1","N","0","","39 53:09.518","","0","75 12:38.847","8","0","0","0","67301","0","0","0","N","0","0","0","1","68K01","0","","4.0","","1","N","N","N","0","","0","0","0","","0","","","1","1","0","0","0","1","0","2","0","1","","","","N","","","","","","","","","",""
"2021086343","0526","2","0","0","0","0","0","0","0","0","2","0","","67","9","2021","3","39.991358","-75.167092","0525","6","0","0","0","0","0","0","0","0","","0","0","0","","","1","N","0","","39 59:28.890","","0","75 10:01.530","2","0","0","0","67301","0","0","0","N","0","0","0","2","67301","0","","1.0","","1","N","N","N","0","","0","1","0","","0","","","2","1","0","0","0","0","0","2","0","2","","04","","N","","","","","","","","","",""
"2021117116","1815","1","0","0","0","0","0","0","0","0","8","0","","67","11","2021","3","40.037664","-75.042522","1810","6","0","0","0","0","0","0","0","0","","0","0","0","","","1","","1","","40 02:15.591","","0","75 02:33.078","3","0","0","0","67301","1","0","0","N","1","0","0","2","67301","0","","1.0","","1","N","N","N","0","","1","0","0","","2","","","2","1","0","0","0","0","1","2","0","1","","","","N","","","","","","","","","",""
"2021084029","1208","0","0","0","1","0","0","0","0","0","8","0","","67","9","2021","3","39.956417","-75.189333","1204","6","0","0","0","0","0","1","0","0","","0","0","0","","","1","N","0","","39 57:23.100","","0","75 11:21.600","3","0","0","0","67301","1","0","0","N","0","0","0","2","67507","0","","1.0","","1","N","N","N","0","","1","0","1","","4","","","2","1","0","0","0","0","0","2","0","1","","03","","N","","","","","","","","","",""
"2021085167","1055","0","0","0","0","0","0","0","0","0","7","0","","67","9","2021","3","39.994603","-75.24045","1055","6","0","0","0","0","0","0","0","0","","0","0","0","","","1","N","0","","39 59:40.571","","0","75 14:25.621","4","0","0","1","67301","0","0","0","N","0","0","0","1","67301","1","","3.0","","1","N","Y","N","0","","0","0","0","","0","","","2","1","0","0","0","0","0","2","0","1","","","","N","","","","","","","","","",""