"CRN","ARRIVAL_TM","AUTOMOBILE_COUNT","BELTED_DEATH_COUNT","BELTED_SUSP_SERIOUS_INJ_COUNT","BICYCLE_COUNT","BICYCLE_DEATH_COUNT","BICYCLE_SUSP_SERIOUS_INJ_COUNT","BUS_COUNT","CHLDPAS_DEATH_COUNT","CHLDPAS_SUSP_SERIOUS_INJ_COUNT","COLLISION_TYPE","COMM_VEH_COUNT","CONS_ZONE_SPD_LIM","COUNTY","CRASH_MONTH","CRASH_YEAR","DAY_OF_WEEK","DEC_LATITUDE","DEC_LONGITUDE","DISPATCH_TM","DISTRICT","DRIVER_COUNT_16YR","DRIVER_COUNT_17YR","DRIVER_COUNT_18YR","DRIVER_COUNT_19YR","DRIVER_COUNT_20YR","DRIVER_COUNT_50_64YR","DRIVER_COUNT_65_74YR","DRIVER_COUNT_75PLUS","EST_HRS_CLOSED","FATAL_COUNT","HEAVY_TRUCK_COUNT","HORSE_BUGGY_COUNT","HOUR_OF_DAY","ILLUMINATION","INJURY_COUNT","INTERSECTION_RELATED","INTERSECT_TYPE","LANE_CLOSED","LATITUDE","LN_CLOSE_DIR","LOCATION_TYPE","LONGITUDE","MAX_SEVERITY_LEVEL","MCYCLE_DEATH_COUNT","MCYCLE_SUSP_SERIOUS_INJ_COUNT","MOTORCYCLE_COUNT","MUNICIPALITY","NONMOTR_COUNT","NONMOTR_DEATH_COUNT","NONMOTR_SUSP_SERIOUS_INJ_COUNT","NTFY_HIWY_MAINT","PED_COUNT","PED_DEATH_COUNT","PED_SUSP_SERIOUS_INJ_COUNT","PERSON_COUNT","POLICE_AGCY","POSSIBLE_INJ_COUNT","RDWY_SURF_TYPE_CD","RELATION_TO_ROAD","ROADWAY_CLEARED","ROAD_CONDITION","SCH_BUS_IND","SCH_ZONE_IND","SECONDARY_CRASH","SMALL_TRUCK_COUNT","SPEC_JURIS_CD","SUSP_MINOR_INJ_COUNT","SUSP_SERIOUS_INJ_COUNT","SUV_COUNT","TCD_FUNC_CD","TCD_TYPE","TFC_DETOUR_IND","TIME_OF_DAY","TOTAL_UNITS","TOT_INJ_COUNT","UNBELTED_OCC_COUNT","UNB_DEATH_COUNT","UNB_SUSP_SERIOUS_INJ_COUNT","UNK_INJ_DEG_COUNT","UNK_INJ_PER_COUNT","URBAN_RURAL","VAN_COUNT","VEHICLE_COUNT","WEATHER1","WEATHER2","WORKERS_PRES","WORK_ZONE_IND","WORK_ZONE_LOC","WORK_ZONE_TYPE","WZ_CLOSE_DETOUR","WZ_FLAGGER","WZ_LAW_OFFCR_IND","WZ_LN_CLOSURE","WZ_MOVING","WZ_OTHER","WZ_SHLDER_MDN","WZ_WORKERS_INJ_KILLED"
"2021084831","1630","1","0","1","0","0","0","0","0","0","7","0","","67","9","2021","4","39.933664","-75.231537","1627","6","0","0","0","0","0","0","0","0","","0","0","0","","","1","","1","","39 56:01.190","","0","75 13:53.533","2","0","0","0","67301","0","0","0","N","0","0","0","1","67301","0","","5.0","","1","N","N","N","0","","0","1","0","","3","","","1","1","0","0","0","0","0","2","0","1","","03","","N","","","","","","","","","",""
"2021086256","1145","0","0","0","0","0","0","0","0","0","4","0","","67","9","2021","7","40.037985","-75.130167","1145","6","0","0","0","0","0","0","0","0","","0","0","0","","","0","","1","","40 02:16.746","","0","75 07:48.601","0","0","0","0","67301","0","0","0","N","0","0","0","2","67301","0","","1.0","","1","N","N","N","0","","0","0","2","","2","","","2","0","2","0","0","0","0","2","0","2","","","","N","","","","","","","","","",""
"2021084814","2030","2","0","0","0","0","0","0","0","0","4","0","","67","9","2021","2","39.934667","-75.22724","2030","6","0","0","0","0","0","1","0","0","","0","0","0","","","0","","1","","39 56:04.800","2","0","75 13:38.065","0","0","0","0","67301","0","0","0","N","0","0","0","2","67301","0","","1.0","2230.0","1","N","N","N","0","","0","0","0","","2","Y","","2","0","0","0","0","0","0","2","0","2","","","","N","","","","","","","","","",""
"2021116411","1700","0","0","0","0","0","0","0","0","0","5","0","","67","11","2021","2","39.892893","-75.222441","1640","6","0","0","0","0","0","0","0","0","","0","0","0","","","2","N","0","","39 53:34.413","3","3","75 13:20.789","4","0","0","0","67301","0","0","0","N","0","0","0","3","67301","2","","1.0","100.0","1","N","N","Y","0","","0","0","2","","0","N","","2","2","0","0","0","0","1","2","0","2","","","","N","","","","","","","","","",""
"2021083681","1555","2","0","0","0","0","0","0","0","0","4","0","","67","9","2021","1","39.982006","-75.183702","1548","6","0","0","0","0","0","0","0","0","","0","0","0","","","0","","5","","39 58:55.221","","0","75 11:01.327","0","0","0","0","67301","0","0","0","N","0","0","0","2","67301","0","","1.0","","9","N","N","N","0","","0","0","0","","2","","","2","0","0","0","0","0","0","2","0","2","","07","","N","","","","","","","","","",""
"2021083492","2035","0","0","0","0","0","0","0","0","0","2","0","","67","9","2021","7","39.99999","-75.153145","2030","6","0","0","0","0","0","1","0","0","","0","0","0","","","1","","1","","39 59:59.964","","0","75 09:11.322","3","0","0","0","67301","0","0","0","N","0","0","0","2","67301","0","","1.0","","1","N","N","N","1","","1","0","1","","2","","","2","1","0","0","0","0","0","2","0","2","","03","","N","","","","","","","","","",""
"2021126747","1827","1","0","0","0","0","0","0","0","0","7","0","","67","12","2021","4","39.983168","-75.098711","1807","6","0","0","0","0","0","0","0","0","","0","0","0","","","0","N","7","","39 58:59.403","2","2","75 05:55.361","9","0","0","0","67301","0","0","0","N","0","0","0","1","68K01","0","","7.0","1912.0","1","N","N","N","0","","0","0","0","","0","Y","","1","0","0","0","0","0","1","2","0","1","","","","N","","","","","","","","","",""
"2021119347","2250","0","0","0","0","0","0","0","0","0","4","0","","67","12","2021","5","39.953284","-75.224262","2250","6","0","0","0","0","0","0","0","0","","0","0","0","","","1","","1","","39 57:11.822","","0","75 13:27.343","3","0","0","0","67301","0","0","0","N","0","0","0","2","67301","0","","1.0","","99","N","N","N","0","","1","0","2","","3","","","2","1","0","0","0","0","1","2","0","2","","03","","N","","","","","","","","","",""
"2021116016","0354","2","0","0","0","0","0","0","0","0","7","0","","67","11","2021","1","40.036959","-75.175777","0353","6","0","0","0","0","0","0","0","0","","0","0","0","","","1","N","0","","40 02:13.054","5","0","75 10:32.797","3","0","0","0","67301","0","0","0","N","0","0","0","1","67301","0","","4.0","415.0","1","N","N","N","0","","1","0","2","","0","Y","","4","1","0","0","0","0","0","2","0","4","","03","","N","","","","","","","","","",""
"2021119707","1958","2","0","0","0","0","0","0","0","0","4","0","","67","12","2021","1","40.006611","-75.137028","1952","6","0","0","0","0","0","1","0","0","","0","0","0","","","1","N","0","","40 00:23.800","","7","75 08:13.300","8","0","0","0","67301","0","0","0","N","0","0","0","2","67301","0","","1.0","","1","N","N","N","0","","0","0","0","","0","","","2","1","0","0","0","1","0","2","0","2","","03","","N","","","","","","","","","",""
"2021087957","0202","1","0","0","0","0","0","0","0","0","1","0","","67","9","2021","1","39.969045","-75.127709","0158","6","0","0","0","0","0","1","0","0","","0","0","0","","","0","N","0","","39 58:08.561","2","0","75 07:39.753","0","0","0","0","67301","0","0","0","N","0","0","0","1","68K01","0","","1.0","204.0","1","N","N","N","0","","0","0","0","","0","N","","2","0","0","0","0","0","0","2","1","2","","","","N","","","","","","","","","",""
"2021087569","2031","2","0","0","0","0","0","0","0","0","4","0","","67","9","2021","3","39.955058","-75.229782","2027","6","0","0","0","0","0","0","0","0","","0","0","0","","","2","","1","","39 57:18.208","","0","75 13:47.215","3","0","0","0","67301","0","0","0","N","0","0","0","2","67301","0","","1.0","","1","N","N","N","0","","2","0","0","","2","","","2","2","0","0","0","0","0","2","0","2","","03","","N","","","","","","","","","",""
"2021117291","1150","1","0","0","0","0","0","0","0","0","1","0","","67","11","2021","3","39.898143","-75.210893","1140","6","0","0","0","0","0","0","0","0","","0","0","0","","","1","N","0","","39 53:53.313","","3","75 12:39.216","4","0","0","0","67301","0","0","0","N","0","0","0","2","67301","1","","1.0","","1","N","N","N","0","","0","0","1","","0","","","2","1","0","0","0","0","0","2","0","2","","03","","N","","","","","","","","","",""
"2021115804","0900","1","0","0","0","0","0","0","0","0","4","0","","67","11","2021","1","39.974796","-75.260796","0858","6","0","0","0","0","1","0","0","0","","0","0","0","","","0","","2","","39 58:29.264","","0","75 15:38.864","0","0","0","0","67301","0","0","0","N","0","0","0","2","67301","0","","1.0","","1","N","N","N","0","","0","0","1","","3","","","2","0","0","0","0","0","0","2","0","2","","03","","N","","","","","","","","","",""
"2021121459","1923","2","0","0","0","0","0","0","0","0","4","0","","67","12","2021","7","39.941618","-75.220167","1922","6","0","0","0","0","0","0","0","0","","0","0","0","","","0","","1","","39 56:29.823","","0","75 13:12.601","0","0","0","0","67301","0","0","0","N","0","0","0","2","67301","0","","1.0","","9","N","N","N","0","","0","0","0","","2","","","2","0","0","0","0","0","0","2","0","2","","07","","N","","","","","","","","","",""
"2021126606","0040","1","0","0","0","0","0","0","0","0","1","0","","67","12","2021","7","40.042211","-75.126294","0022","6","0","0","0","0","0","1","0","0","","0","0","0","","","2","","1","","40 02:31.958","","0","75 07:34.659","3","0","0","0","67301","0","0","0","N","0","0","0","4","67301","0","","1.0","","99","N","N","N","0","","2","0","1","","2","","","2","2","0","0","0","0","0","2","0","2","","","","N","","","","","","","","","",""
"2021118172","1740","2","0","0","0","0","0","0","0","0","4","0","","67","12","2021","4","40.013136","-75.156924","1730","6","0","0","0","0","0","0","0","0","","0","0","0","","","4","","1","","40 00:47.289","","0","75 09:24.926","3","0","0","0","67301","0","0","0","N","0","0","0","7","67301","0","","1.0","","1","N","Y","N","1","","4","0","0","","2","","","3","4","0","0","0","0","0","2","0","3","","03","","N","","","","","","","","","",""
"2021083758","2316","0","0","0","1","0","0","0","0","0","8","0","","67","9","2021","7","39.926823","-75.169204","2316","6","0","0","0","0","0","0","0","0","","0","0","0","","","1","","1","","39 55:36.564","","0","75 10:09.136","3","0","0","0","67301","1","0","0","N","0","0","0","2","67301","0","","1.0","","1","N","N","N","0","","1","0","1","","2","","","2","1","0","0","0","0","0","2","0","1","","","","N","","","","","","","","","",""
"2021116571","1005","0","0","0","0","0","0","0","0","0","4","0","","67","11","2021","2","39.913711","-75.147666","1000","6","0","0","0","0","0","1","0","0","","0","0","0","","","1","","2","","39 54:49.359","","0","75 08:51.599","3","0","0","0","67301","0","0","0","N","0","0","0","2","67301","0","","1.0","","1","N","N","N","0","","1","0","2","","0","","","2","1","0","0","0","0","0","2","0","2","","","","N","","","","","","","","","",""
"2021085525","0824","2","0","0","0","0","0","0","0","0","4","0","","67","9","2021","7","39.958731","-75.227156","0824","6","0","0","0","0","0","0","0","0","","0","0","0","","","1","","1","","39 57:31.430","","0","75 13:37.762","3","0","0","0","67301","0","0","0","N","0","0","0","2","67301","0","","1.0","","1","N","N","N","0","","1","0","0","","2","","","2","1","0","0","0","0","0","2","0","2","","03","","N","","","","","","","","","",""
"2021125821","0953","1","0","0","0","0","0","0","0","0","4","1","","67","12","2021","6","40.007636","-75.131425","0938","6","0","0","0","0","0","1","0","0","","0","1","0","","","1","N","0","","40 00:27.490","","7","75 07:53.130","3","0","0","0","67301","0","0","0","N","0","0","0","3","67301","0","","1.0","","1","N","N","N","0","","1","0","0","","0","","","2","1","0","0","0","0","1","2","0","2","","03","","N","","","","","","","","","",""
"2021127055","1721","3","0","0","0","0","0","0","0","0","1","0","","67","12","2021","6","40.009208","-75.066703","1702","6","0","0","0","0","0","0","0","0","","0","0","0","","","2","N","0","","40 00:33.150","","0","75 04:00.130","3","0","0","0","67301","0","0","0","N","0","0","0","4","68K01","1","","1.0","","1","N","N","N","0","","1","0","0","","0","","","3","2","0","0","0","0","0","2","0","3","","","","N","","","","","","","","","",""
"2021118702","1735","0","0","0","0","0","0","0","0","0","8","0","","67","12","2021","5","39.956479","-75.221584","1727","6","0","0","0","0","0","0","0","0","","0","0","0","","","1","","1","","39 57:23.323","","0","75 13:17.703","3","0","0","0","67301","1","0","0","N","1","0","0","2","67301","0","","1.0","","1","N","N","N","1","","1","0","0","","2","","","2","1","0","0","0","0","0","2","0","1","","","","N","","","","","","","","","",""
"2021120121","0405","2","0","0","0","0","0","0","0","0","5","0","","67","12","2021","1","39.931872","-75.159672","0357","6","0","0","0","0","0","0","0","0","","0","0","0","","","1","N","0","","39 55:54.740","","0","75 09:34.820","8","0","0","0","67301","0","0","0","N","0","0","0","1","67301","0","","6.0","","1","N","N","N","0","","0","0","0","","0","","","3","1","0","0","0","1","0","2","1","3","","03","","N","","","","","","","","","",""
"2021127328","1414","1","0","0","0","0","0","0","0","0","1","0","","67","12","2021","5","40.030186","-75.022115","1347","6","0","0","0","0","0","1","0","0","","0","0","0","","","0","N","0","","40 01:48.668","2","0","75 01:19.614","0","0","0","0","67301","0","0","0","N","0","0","0","2","68K01","0","","1.0","1500.0","1","N","N","N","1","","0","0","0","","0","N","","2","0","0","0","0","0","0","2","0","2","","03","","N","","","","","","","","","",""
"2021124401","2112","1","0","0","0","0","0","0","0","0","4","0","","67","12","2021","2","39.963042","-75.236516","2111","6","0","0","0","0","0","1","0","0","","0","0","0","","","0","","1","","39 57:46.951","","0","75 14:11.457","0","0","0","0","67301","0","0","0","N","0","0","0","2","67301","0","","1.0","","9","N","N","N","0","","0","0","1","","3","","","2","0","0","0","0","0","0","2","0","2","","04","","N","","","","","","","","","",""
"2021094393","1035","0","0","0","0","0","0","0","0","0","4","0","","67","9","2021","3","40.005144","-75.144119","1028","6","0","0","0","0","0","0","0","0","","0","0","0","","","1","N","0","","40 00:18.520","","0","75 08:38.830","3","0","0","0","67301","0","0","0","N","0","0","0","2","67301","0","","1.0","","1","N","N","N","0","","1","0","1","","6","","","2","1","0","0","0","0","0","2","0","1","","03","","N","","","","","","","","","",""
"2021118263","2227","2","0","0","0","0","0","0","0","0","4","0","","67","12","2021","6","39.984506","-75.159957","2225","6","0","0","0","0","0","0","0","0","","0","0","0","","","0","","1","","39 59:04.221","","0","75 09:35.845","0","0","0","0","67301","0","0","0","N","0","0","0","2","67505","0","","1.0","","1","N","N","N","0","","0","0","0","","3","","","2","0","0","0","0","0","0","2","0","2","","03","","N","","","","","","","","","",""
"2021116573","0816","1","0","0","0","0","0","0","0","0","4","0","","67","11","2021","3","40.048829","-75.11448","0816","6","0","0","0","0","0","0","0","0","","0","0","0","","","3","","2","","40 02:55.783","","0","75 06:52.129","3","0","0","0","67301","0","0","0","N","0","0","0","3","67301","0","","1.0","","1","N","N","N","0","","3","0","1","","3","","","2","3","0","0","0","0","0","2","0","2","","03","","N","","","","","","","","","",""
"2021087546","2132","1","0","0","0","0","0","0","0","0","6","0","","67","9","2021","1","40.053803","-75.143069","2132","6","0","0","0","0","0","0","0","0","","0","0","0","","","1","N","0","","40 03:13.690","6","0","75 08:35.050","2","0","0","0","67301","0","0","0","N","0","0","0","2","67301","0","","1.0","2348.0","9","N","N","N","0","","0","1","0","","0","Y","","3","1","0","0","0","0","0","2","1","3","","","","N","","","","","","","","","",""
"2021122021","0735","3","0","0","0","0","0","0","0","0","5","0","","67","12","2021","5","40.023874","-75.062891","0730","6","0","0","0","0","0","1","1","0","","0","0","0","","","0","N","0","","40 01:25.945","","0","75 03:46.407","0","0","0","0","67301","0","0","0","N","0","0","0","3","67301","0","","1.0","","1","N","N","N","0","","0","0","0","","2","","","3","0","0","0","0","0","0","2","0","3","","04","","N","","","","","","","","","",""
"2021083507","0756","1","0","0","0","0","0","0","0","0","4","0","","67","9","2021","7","39.980367","-75.17092","0756","6","0","0","0","0","0","0","0","0","","0","0","0","","","2","","1","","39 58:49.320","","0","75 10:15.311","4","0","0","0","67301","0","0","0","N","0","0","0","2","67301","1","","1.0","","1","N","N","N","0","","0","0","1","","2","","","2","2","1","0","0","1","0","2","0","2","","03","","N","","","","","","","","","",""
"2021124400","0845","2","0","0","0","0","0","0","0","0","5","0","","67","12","2021","1","39.981242","-75.222799","0833","6","0","0","0","0","0","0","0","0","","0","0","0","","","0","N","0","","39 58:52.470","","0","75 13:22.076","9","0","0","0","67301","0","0","0","N","0","0","0","1","67301","0","","6.0","","1","N","N","N","0","","0","0","4","","0","","","6","0","0","0","0","0","1","2","0","6","","03","","N","","","","","","","","","",""
"2021085695","2230","0","0","0","0","0","0","0","0","0","4","0","","67","9","2021","4","40.006767","-75.087776","2212","6","0","0","0","0","0","0","0","0","","0","0","0","","","1","","3","","40 00:24.360","","0","75 05:15.992","8","0","0","0","67301","0","0","0","N","0","0","0","5","67301","0","","1.0","","1","N","N","N","1","","0","0","1","","0","","","2","1","0","0","0","1","0","2","0","2","","03","","N","","","","","","","","","",""
"2021128181","0750","1","0","0","0","0","0","0","0","0","1","0","","67","12","2021","3","39.96847","-75.191029","0736","6","0","0","0","0","0","0","0","0","","0","0","0","","","0","N","0","","39 58:06.491","4","0","75 11:27.705","0","0","0","0","67301","0","0","0","N","0","0","0","2","68K01","0","","1.0","755.0","1","N","N","N","0","","0","0","1","","0","N","","2","0","0","0","0","0","0","2","0","2","","","","N","","","","","","","","","",""
"2021083641","0430","2","0","0","0","0","0","0","0","0","1","0","","67","9","2021","1","40.027021","-75.093027","0430","6","0","0","0","0","0","0","0","0","","0","0","0","","","0","N","0","","40 01:37.276","1","0","75 05:34.896","0","0","0","0","67301","0","0","0","N","0","0","0","2","67301","0","","1.0","100.0","1","N","N","Y","0","","0","0","0","","0","Y","","2","0","0","0","0","0","0","2","0","2","","03","","N","","","","","","","","","",""
"2021118518","1936","1","0","0","0","0","0","0","0","0","4","0","","67","12","2021","7","39.976936","-75.158321","1935","6","0","1","0","0","0","0","0","0","","0","0","0","","","0","N","0","","39 58:36.971","","7","75 09:29.954","9","0","0","0","67301","0","0","0","N","0","0","0","2","67505","0","","1.0","","1","N","N","N","0","","0","0","1","","0","","","2","0","0","0","0","0","2","2","0","2","","03","","N","","","","","","","","","",""
"2021117363","1950","1","0","0","0","0","0","0","0","0","4","0","","67","12","2021","4","40.066","-75.154644","1945","6","0","0","0","0","0","0","0","0","","0","0","0","","","0","","1","","40 03:57.599","","0","75 09:16.718","9","0","0","0","67301","0","0","0","N","0","0","0","2","67301","0","","1.0","","1","N","N","N","1","","0","0","1","","3","","","3","0","1","0","0","0","1","2","0","3","","","","N","","","","","","","","","",""
"2021119321","0750","1","0","0","0","0","0","0","0","0","4","0","","67","11","2021","2","40.054746","-75.151295","0750","6","0","0","0","0","0","0","0","0","","0","0","0","","","1","","1","","40 03:17.085","","0","75 09:04.662","8","0","0","0","67301","0","0","0","N","0","0","0","5","67301","0","","1.0","","1","N","N","N","0","","0","0","1","","3","","","2","1","0","0","0","1","4","2","0","2","","03","","N","","","","","","","","","",""
"2021128623","1830","1","0","0","0","0","0","0","0","0","4","0","","67","12","2021","5","39.946562","-75.246007","1830","6","0","0","0","0","0","0","0","0","","0","0","0","","","1","","1","","39 56:47.623","","0","75 14:45.625","3","0","0","0","67301","0","0","0","N","0","0","0","4","67301","0","","1.0","","1","N","N","N","0","","1","0","2","","2","","","3","1","0","0","0","0","0","2","0","3","","03","","N","","","","","","","","","",""
"2021118480","1848","2","0","0","0","0","0","0","0","0","4","0","","67","12","2021","4","40.03862","-75.078242","1841","6","0","0","0","0","0","0","0","0","","0","0","0","","","2","","2","","40 02:19.033","5","0","75 04:41.671","3","0","0","0","67301","0","0","0","N","0","0","0","3","67301","0","","1.0","1915.0","1","N","N","N","0","","2","0","0","","0","Y","","2","2","0","0","0","0","0","2","0","2","","","","N","","","","","","","","","",""
"2021122913","0251","1","0","0","0","0","0","0","0","0","7","0","","67","12","2021","1","39.911771","-75.149116","0241","6","0","0","0","0","0","0","0","0","","0","0","0","","","1","N","0","","39 54:42.376","","2","75 08:56.816","4","0","0","0","67301","0","0","0","N","0","0","0","1","68K01","1","","2.0","","1","N","N","N","0","","0","0","0","","0","","","1","1","0","0","0","0","0","2","0","1","","","","N","","","","","","","","","",""
"2021118597","2103","1","0","0","0","0","0","0","0","0","7","0","","67","12","2021","6","40.003358","-75.197172","2103","6","0","0","0","0","1","0","0","0","","0","0","0","","","1","N","0","","40 00:12.090","","0","75 11:49.820","3","0","0","0","67301","0","0","0","N","0","0","0","1","67301","0","","5.0","","1","N","N","N","0","","1","0","0","","0","","","1","1","0","0","0","0","0","2","0","1","","03","","N","","","","","","","","","",""
"2021128671","2027","4","0","0","0","0","0","0","0","0","4","0","","67","12","2021","3","39.981045","-75.242799","2023","6","0","0","0","1","0","0","0","0","","0","0","0","","","1","","1","","39 58:51.762","7","0","75 14:34.076","8","0","0","0","67301","0","0","0","N","0","0","0","4","67301","0","","1.0","2215.0","1","N","N","N","0","","0","0","0","","2","N","","4","1","0","0","0","1","0","2","0","4","","04","","N","","","","","","","","","",""
"2021116352","0050","1","0","0","0","0","0","0","0","0","5","0","","67","11","2021","3","40.01065","-75.090289","0050","6","0","0","0","0","0","0","0","0","","0","0","0","","","0","N","0","","40 00:38.340","","0","75 05:25.040","0","0","0","0","67301","0","0","0","N","0","0","0","1","67301","0","","6.0","","1","N","N","N","0","","0","0","2","","0","","","3","0","0","0","0","0","0","2","0","3","","","","N","","","","","","","","","",""
"2021120637","1057","0","0","0","0","0","0","0","0","0","8","0","","67","12","2021","2","39.998768","-75.131259","1051","6","0","0","0","0","0","0","0","0","","0","0","0","","","1","","1","","39 59:55.564","","0","75 07:52.533","3","0","0","0","67301","1","0","0","N","1","0","0","2","67301","0","","1.0","","1","N","N","N","0","","1","0","0","","2","","","2","1","0","0","0","0","0","2","0","1","","03","","N","","","","","","","","","",""
"2021120636","1425","2","0","0","0","0","0","0","0","0","4","0","","67","12","2021","2","40.030129","-75.035161","1420","6","0","0","1","0","0","0","0","0","","0","0","0","","","2","","1","","40 01:48.464","","0","75 02:06.579","3","0","0","0","67301","0","0","0","N","0","0","0","2","67301","0","","1.0","","1","N","N","N","0","","2","0","0","","2","","","2","2","0","0","0","0","0","2","0","2","","03","","N","","","","","","","","","",""
"2021096554","1650","1","0","0","0","0","0","0","0","0","1","0","","67","9","2021","2","39.976768","-75.197699","1646","6","0","0","0","1","0","0","0","0","","0","0","0","","","2","N","0","","39 58:36.366","4","0","75 11:51.716","3","0","0","0","67301","0","0","0","N","0","0","0","2","68K01","0","","1.0","1655.0","1","N","N","N","0","","2","0","1","","0","N","","2","2","0","0","0","0","0","2","0","2","","03","","N","","","","","","","","","",""
"2021119307","0655","1","0","0","0","0","0","0","0","0","4","0","","67","11","2021","2","40.037331","-75.125066","0655","6","0","0","0","0","0","1","0","0","","0","0","0","","","1","","1","","40 02:14.391","","0","75 07:30.237","8","0","0","0","67301","0","0","0","N","0","0","0","2","67301","0","","1.0","","1","N","N","N","1","","0","0","0","","3","","","2","1","0","0","0","1","1","2","0","2","","03","","N","","","","","","","","","",""
"2021091414","1635","1","0","0","0","0","0","0","0","0","4","0","","67","9","2021","4","39.955608","-75.18948","1553","6","0","0","0","0","0","0","0","0","","0","0","0","","","0","","1","","39 57:20.190","3","0","75 11:22.129","0","0","0","0","67301","0","0","0","N","0","0","0","2","67508","0","","1.0","9999.0","1","N","N","Y","0","","0","0","1","","2","N","","2","0","0","0","0","0","0","2","0","2","","03","","N","","","","","","","","","",""
"2021083517","0931","0","0","0","0","0","0","0","0","0","8","0","","67","9","2021","6","40.0276","-75.216623","0921","6","0","0","0","0","0","0","0","0","","0","0","0","","","1","","1","","40 01:39.359","","0","75 12:59.842","3","0","0","0","67301","1","0","0","N","1","0","0","2","67301","0","","1.0","","1","N","N","N","0","","1","0","1","","3","","","2","1","0","0","0","0","0","2","0","1","","03","","N","","","","","","","","","",""
"2021116833","1155","0","0","0","0","0","0","0","0","0","8","0","","67","12","2021","4","39.984681","-75.156494","1154","6","0","0","0","0","0","0","0","0","","0","0","0","","","1","","1","","39 59:04.850","","0","75 09:23.377","3","0","0","0","67301","1","0","0","N","1","0","0","2","67505","0","","1.0","","1","N","N","N","0","","1","0","1","","2","","","2","1","0","0","0","0","1","2","0","1","","03","","N","","","","","","","","","",""
"2021118136","1804","1","0","0","0","0","0","0","0","0","1","0","","67","11","2021","3","39.997211","-75.081888","1755","6","0","0","1","0","0","0","1","1","","0","0","0","","","1","N","0","","39 59:49.958","1","0","75 04:54.796","8","0","0","0","67301","0","0","0","N","0","0","0","3","68K01","0","","1.0","1810.0","1","N","N","N","0","","0","0","2","","0","N","","3","1","0","0","0","1","0","2","0","3","","04","","N","","","","","","","","","",""
"2021128257","0005","1","0","0","0","0","0","0","0","0","0","0","","67","12","2021","1","39.986785","-75.1808","2355","6","0","0","0","0","0","1","0","0","","0","0","0","","","1","","1","","39 59:12.426","","0","75 10:50.881","2","0","1","1","67301","0","0","0","N","0","0","0","1","67301","0","","9.0","","1","N","N","N","0","","0","1","0","","0","","","2","1","0","0","0","0","0","2","0","2","","03","","N","","","","","","","","","",""
"2021085166","1237","1","0","0","0","0","0","0","0","0","4","0","","67","9","2021","3","39.955331","-75.231948","1233","6","0","0","0","0","0","1","0","0","","0","0","0","","","2","","1","","39 57:19.191","7","0","75 13:55.012","8","0","0","0","67301","0","0","0","N","0","0","0","2","67301","0","","1.0","1435.0","1","N","N","Y","0","","0","0","1","","2","Y","","2","2","0","0","0","2","0","2","0","2","","","","N","","","","","","","","","",""
"2021083759","0505","1","0","0","0","0","0","0","0","0","4","0","","67","9","2021","1","40.061913","-75.163162","0500","6","0","0","0","0","0","0","0","0","","0","0","0","","","2","","1","","40 03:42.886","4","0","75 09:47.382","8","0","0","0","67301","0","0","0","N","0","0","0","2","67301","0","","1.0","515.0","1","N","N","N","0","","0","0","1","","2","N","","2","2","0","0","0","2","0","2","0","2","","03","","N","","","","","","","","","",""
"2021083196","0148","2","0","0","0","0","0","0","0","0","4","0","","67","9","2021","7","40.04738","-75.176622","0142","6","0","0","0","0","0","0","0","0","","0","0","0","","","0","","2","","40 02:50.567","","0","75 10:35.838","0","0","0","0","67301","0","0","0","N","0","0","0","1","67301","0","","1.0","","1","N","N","N","0","","0","0","1","","0","","","3","0","0","0","0","0","0","2","0","3","","","","N","","","","","","","","","",""
"2021090882","1422","2","0","0","0","0","0","0","0","0","1","0","","67","9","2021","5","40.004211","-75.169367","1408","6","0","0","1","0","0","1","0","0","","0","0","0","","","1","N","0","","40 00:15.160","","0","75 10:09.720","3","0","0","0","67301","0","0","0","N","0","0","0","3","67301","0","","1.0","","1","N","N","N","0","","1","0","0","","0","","","3","1","1","0","0","0","0","2","1","3","","03","","N","","","","","","","","","",""
"2021128268","1650","1","0","0","0","0","0","0","0","0","1","0","","67","12","2021","1","40.028803","-75.100419","1646","6","0","0","0","0","0","0","1","0","","0","0","0","","","1","N","0","","40 01:43.689","","0","75 06:01.509","2","0","0","0","67301","0","0","0","N","0","0","0","1","67301","0","","1.0","","99","N","N","N","0","","0","1","1","","0","","","2","1","0","0","0","0","0","2","0","2","","","","N","","","","","","","","","",""
"2021119671","0816","1","0","0","0","0","0","0","0","0","4","0","","67","12","2021","2","39.944708","-75.217178","0725","6","0","0","0","0","0","0","0","0","","0","0","0","","","1","","2","","39 56:40.948","","0","75 13:01.840","3","0","0","1","67301","0","0","0","N","0","0","0","2","67301","0","","1.0","","9","N","N","N","0","","1","0","0","","3","","","2","1","0","0","0","0","0","2","0","2","","07","","N","","","","","","","","","",""
"2021127490","2038","2","0","0","0","0","0","0","0","0","1","0","","67","12","2021","6","40.010215","-75.063191","2038","6","0","0","0","0","0","0","0","0","","0","0","0","","","1","N","0","","40 00:36.773","1","0","75 03:47.486","3","0","0","0","67301","0","0","0","N","0","0","0","2","68K01","0","","1.0","2055.0","1","N","N","N","0","","1","0","0","","0","N","","2","1","0","0","0","0","0","2","0","2","","","","N","","","","","","","","","",""