"CRN","ARRIVAL_TM","AUTOMOBILE_COUNT","BELTED_DEATH_COUNT","BELTED_SUSP_SERIOUS_INJ_COUNT","BICYCLE_COUNT","BICYCLE_DEATH_COUNT","BICYCLE_SUSP_SERIOUS_INJ_COUNT","BUS_COUNT","CHLDPAS_DEATH_COUNT","CHLDPAS_SUSP_SERIOUS_INJ_COUNT","COLLISION_TYPE","COMM_VEH_COUNT","CONS_ZONE_SPD_LIM","COUNTY","CRASH_MONTH","CRASH_YEAR","DAY_OF_WEEK","DEC_LATITUDE","DEC_LONGITUDE","DISPATCH_TM","DISTRICT","DRIVER_COUNT_16YR","DRIVER_COUNT_17YR","DRIVER_COUNT_18YR","DRIVER_COUNT_19YR","DRIVER_COUNT_20YR","DRIVER_COUNT_50_64YR","DRIVER_COUNT_65_74YR","DRIVER_COUNT_75PLUS","EST_HRS_CLOSED","FATAL_COUNT","HEAVY_TRUCK_COUNT","HORSE_BUGGY_COUNT","HOUR_OF_DAY","ILLUMINATION","INJURY_COUNT","INTERSECTION_RELATED","INTERSECT_TYPE","LANE_CLOSED","LATITUDE","LN_CLOSE_DIR","LOCATION_TYPE","LONGITUDE","MAX_SEVERITY_LEVEL","MCYCLE_DEATH_COUNT","MCYCLE_SUSP_SERIOUS_INJ_COUNT","MOTORCYCLE_COUNT","MUNICIPALITY","NONMOTR_COUNT","NONMOTR_DEATH_COUNT","NONMOTR_SUSP_SERIOUS_INJ_COUNT","NTFY_HIWY_MAINT","PED_COUNT","PED_DEATH_COUNT","PED_SUSP_SERIOUS_INJ_COUNT","PERSON_COUNT","POLICE_AGCY","POSSIBLE_INJ_COUNT","RDWY_SURF_TYPE_CD","RELATION_TO_ROAD","ROADWAY_CLEARED","ROAD_CONDITION","SCH_BUS_IND","SCH_ZONE_IND","SECONDARY_CRASH","SMALL_TRUCK_COUNT","SPEC_JURIS_CD","SUSP_MINOR_INJ_COUNT","SUSP_SERIOUS_INJ_COUNT","SUV_COUNT","TCD_FUNC_CD","TCD_TYPE","TFC_DETOUR_IND","TIME_OF_DAY","TOTAL_UNITS","TOT_INJ_COUNT","UNBELTED_OCC_COUNT","UNB_DEATH_COUNT","UNB_SUSP_SERIOUS_INJ_COUNT","UNK_INJ_DEG_COUNT","UNK_INJ_PER_COUNT","URBAN_RURAL","VAN_COUNT","VEHICLE_COUNT","WEATHER1","WEATHER2","WORKERS_PRES","WORK_ZONE_IND","WORK_ZONE_LOC","WORK_ZONE_TYPE","WZ_CLOSE_DETOUR","WZ_FLAGGER","WZ_LAW_OFFCR_IND","WZ_LN_CLOSURE","WZ_MOVING","WZ_OTHER","WZ_SHLDER_MDN","WZ_WORKERS_INJ_KILLED"
"2021120646","1335","1","0","0","0","0","0","0","0","0","4","0","","67","12","2021","7","40.002109","-75.132573","1335","6","0","0","0","1","0","0","0","0","","0","0","0","","","0","","1","","40 00:07.592","","0","75 07:57.262","0","0","0","0","67301","0","0","0","N","0","0","0","2","67301","0","","1.0","","1","N","N","N","0","","0","0","2","","2","","","3","0","1","0","0","0","0","2","0","3","","03","","N","","","","","","","","","",""
"2021121701","2007","0","0","0","0","0","0","0","0","0","7","0","","67","12","2021","2","39.958321","-75.166296","2000","6","0","0","0","0","0","0","0","0","","0","0","0","","","1","N","0","","39 57:29.956","3","0","75 09:58.664","3","0","0","0","67301","0","0","0","N","0","0","0","2","68K01","0","","3.0","10.0","9","N","N","N","0","","1","0","1","","0","N","","1","1","2","0","0","0","0","2","0","1","","08","","N","","","","","","","","","",""
"2021083454","2216","0","0","0","0","0","0","0","0","0","4","0","","67","9","2021","7","39.980538","-75.198043","2211","6","0","0","0","1","0","0","1","0","","0","0","0","","","0","","2","","39 58:49.935","","0","75 11:52.955","0","0","0","0","67301","0","0","0","N","0","0","0","2","67301","0","","1.0","","1","N","N","N","0","","0","0","2","","2","","","2","0","0","0","0","0","0","2","0","2","","03","","N","","","","","","","","","",""
"2021119290","0930","0","0","0","0","0","0","0","0","0","8","0","","67","12","2021","2","39.923095","-75.159735","0920","6","0","0","0","0","0","0","0","0","","0","0","0","","","1","","1","","39 55:23.141","","0","75 09:35.045","3","0","0","0","67301","1","0","0","N","1","0","0","2","67301","0","","1.0","","1","N","N","N","0","","1","0","0","","2","","","2","1","0","0","0","0","1","2","0","1","","03","","N","","","","","","","","","",""
"2021083801","1507","1","0","0","0","0","0","0","0","0","8","0","","67","9","2021","1","39.950706","-75.162702","1503","6","0","0","0","0","0","0","0","0","","0","0","0","","","1","","1","","39 57:02.541","3","0","75 09:45.726","4","0","0","0","67301","1","0","0","N","1","0","0","2","67301","1","","1.0","1520.0","1","N","N","N","0","","0","0","0","","2","Y","","2","1","0","0","0","0","0","2","0","1","","","","N","","","","","","","","","",""
"2021121627","2104","2","0","0","0","0","0","0","0","0","4","0","","67","12","2021","1","39.945184","-75.217746","2059","6","0","0","0","0","0","0","0","0","","0","0","0","","","1","","1","","39 56:42.662","","0","75 13:03.885","4","0","0","0","67301","0","0","0","N","0","0","0","2","67301","1","","1.0","","1","N","N","N","0","","0","0","0","","2","","","2","1","1","0","0","0","0","2","0","2","","03","","N","","","","","","","","","",""
"2021084721","0631","2","0","0","0","0","0","0","0","0","4","0","","67","9","2021","7","40.063523","-75.169834","0631","6","0","0","0","0","0","0","0","0","","0","0","0","","","0","","1","","40 03:48.682","","0","75 10:11.404","0","0","0","0","67301","0","0","0","N","0","0","0","2","67301","0","","1.0","","1","N","N","N","0","","0","0","0","","2","","","2","0","0","0","0","0","0","2","0","2","","03","","N","","","","","","","","","",""
"2021087573","1700","0","0","0","0","0","0","0","0","0","8","0","","67","9","2021","4","39.94907","-75.21293","1650","6","0","0","0","0","0","0","0","0","","0","0","0","","","1","","1","","39 56:56.653","","0","75 12:46.547","3","0","0","0","67301","1","0","0","N","1","0","0","2","67301","0","","1.0","","1","N","N","N","1","","1","0","0","","2","","","2","1","0","0","0","0","1","2","0","1","","","","N","","","","","","","","","",""
"2021120956","1915","1","0","0","0","0","0","0","0","0","8","0","","67","12","2021","1","40.022789","-75.159023","1908","6","0","0","0","0","0","1","0","0","","0","0","0","","","1","","5","","40 01:22.042","","0","75 09:32.483","8","0","0","0","67301","1","0","0","N","1","0","0","2","67301","0","","1.0","","1","N","N","N","0","","0","0","0","","2","","","2","1","0","0","0","1","0","2","0","1","","03","","N","","","","","","","","","",""
"2021117976","2306","2","0","0","0","0","0","0","0","0","4","0","","67","12","2021","5","40.104826","-75.001601","2306","6","0","0","0","1","0","0","0","0","","0","0","0","","","1","","1","","40 06:17.372","","0","75 00:05.762","4","0","0","0","67301","0","0","0","N","0","0","0","2","67301","1","","1.0","","1","N","N","N","0","","0","0","0","","2","","","2","1","0","0","0","0","0","2","0","2","","03","","N","","","","","","","","","",""
"2021085693","1836","3","0","0","0","0","0","0","0","0","4","0","","67","9","2021","4","40.037294","-75.047973","1831","6","0","0","0","0","0","0","0","0","","0","0","0","","","1","","1","","40 02:14.258","","0","75 02:52.702","3","0","0","0","67301","0","0","0","N","0","0","0","2","67301","0","","1.0","","1","N","N","N","0","","1","0","0","","3","","","3","1","0","0","0","0","0","2","0","3","","03","","N","","","","","","","","","",""
"2021085487","1752","3","0","0","0","0","0","0","0","0","5","0","","67","9","2021","5","39.992967","-75.159553","1749","6","0","0","0","0","0","0","0","0","","0","0","0","","","2","N","0","","39 59:34.680","","0","75 09:34.390","4","0","0","0","67301","0","0","0","N","0","0","0","2","67301","2","","6.0","","1","N","N","N","0","","0","0","2","","0","","","5","2","0","0","0","0","0","2","0","5","","03","","N","","","","","","","","","",""
"2021120945","0145","0","0","0","0","0","0","0","0","0","5","0","","67","12","2021","2","39.956519","-75.176133","0135","6","0","0","0","0","0","0","0","0","","0","0","0","","","1","N","0","","39 57:23.470","","0","75 10:34.080","3","0","0","0","67301","0","0","0","N","0","0","0","3","67301","0","","1.0","","1","N","N","Y","1","","1","0","0","","0","","","2","1","0","0","0","0","0","2","0","2","","98","","N","","","","","","","","","",""
"2021118858","0800","0","0","0","0","0","0","0","0","0","4","0","","67","12","2021","2","39.957697","-75.162478","0750","6","0","0","0","1","0","0","0","0","","0","0","0","","","2","","1","","39 57:27.710","","2","75 09:44.921","3","0","0","0","67301","0","0","0","N","0","0","0","2","67301","0","","1.0","","1","N","N","N","0","","2","0","2","","2","","","2","2","1","0","0","0","0","2","0","2","","04","","N","","","","","","","","","",""
"2021116846","0747","1","0","0","0","0","0","0","0","0","4","0","","67","12","2021","4","40.058751","-75.050583","0741","6","0","0","0","0","0","0","0","0","","0","0","0","","","0","","1","","40 03:31.504","","0","75 03:02.099","0","0","0","0","67301","0","0","0","N","0","0","0","2","67301","0","","1.0","","1","N","N","N","1","","0","0","0","","3","","","2","0","0","0","0","0","0","2","0","2","","03","","N","","","","","","","","","",""
"2021116328","2335","1","0","0","0","0","0","0","0","0","4","0","","67","11","2021","1","39.969241","-75.205807","2330","6","0","0","0","0","0","0","0","0","","0","0","0","","","3","","1","","39 58:09.267","","0","75 12:20.905","3","0","0","0","67301","0","0","0","N","0","0","0","3","67301","0","","1.0","","1","N","N","N","0","","3","0","3","","3","","","4","3","0","0","0","0","0","2","0","4","","","","N","","","","","","","","","",""
"2021084156","0518","1","0","0","0","0","0","0","0","0","7","0","","67","9","2021","2","39.951","-75.1785","0515","6","0","0","0","1","0","0","0","0","","0","0","0","","","0","N","0","","39 57:03.600","","0","75 10:42.600","9","0","0","0","67301","0","0","0","N","0","0","0","1","67301","0","","4.0","","1","N","N","N","0","","0","0","0","","0","","","1","0","0","0","0","0","1","2","0","1","","03","","N","","","","","","","","","",""
"2021118958","2020","3","0","0","0","0","0","0","0","0","4","0","","67","12","2021","1","40.040916","-75.187325","2020","6","0","0","0","0","0","0","1","0","","0","0","0","","","1","","1","","40 02:27.297","3","0","75 11:14.370","3","0","0","0","67301","0","0","0","N","0","0","0","2","67301","0","","1.0","2100.0","1","N","N","Y","0","","1","0","1","","2","N","","4","1","0","0","0","0","0","2","0","4","","","","N","","","","","","","","","",""
"2021128514","2059","1","0","0","0","0","0","0","0","0","4","0","","67","12","2021","5","39.940419","-75.187489","2058","6","0","0","0","0","0","1","0","0","","0","0","0","","","1","","3","","39 56:25.510","","0","75 11:14.960","3","0","0","0","67301","0","0","0","N","0","0","0","2","67301","0","","1.0","","1","N","N","N","0","","1","0","1","","2","","","2","1","0","0","0","0","0","2","0","2","","","","N","","","","","","","","","",""
"2021126787","1108","1","0","0","0","0","0","0","0","0","8","0","","67","12","2021","1","40.022857","-75.077499","1107","6","0","0","0","0","0","1","0","0","","0","0","0","","","1","","2","","40 01:22.284","","0","75 04:38.996","4","0","0","0","67301","1","0","0","N","1","0","0","2","67301","1","","1.0","","1","N","N","N","0","","0","0","0","","0","","","2","1","0","0","0","0","0","2","0","1","","","","N","","","","","","","","","",""
"2021084728","1810","1","0","0","0","0","0","0","0","0","7","0","","67","9","2021","2","39.968833","-75.2506","1800","6","0","0","0","0","0","0","1","0","","0","0","0","","","0","N","0","","39 58:07.800","","0","75 15:02.160","0","0","0","0","67301","0","0","0","N","0","0","0","1","67301","0","","4.0","","1","N","N","N","0","","0","0","0","","0","","","1","0","0","0","0","0","0","2","0","1","","","","N","","","","","","","","","",""
"2021083805","1147","2","0","0","0","0","0","0","0","0","4","0","","67","9","2021","1","40.00805","-75.084852","1147","6","0","0","0","2","0","0","0","0","","0","0","0","","","2","","2","","40 00:28.981","5","0","75 05:05.466","3","0","0","0","67301","0","0","0","N","0","0","0","3","67301","0","","1.0","1320.0","1","N","N","N","0","","2","0","0","","3","Y","","2","2","0","0","0","0","0","2","0","2","","","","N","","","","","","","","","",""
"2021083864","1737","1","0","0","0","0","0","0","0","0","8","0","","67","9","2021","7","40.026767","-75.175586","1734","6","0","0","0","0","0","0","0","0","","0","0","0","","","1","N","0","","40 01:36.360","","0","75 10:32.110","3","0","0","0","67301","1","0","0","N","1","0","0","2","67301","0","","1.0","","1","N","N","N","0","","1","0","0","","0","","","2","1","0","0","0","0","0","2","0","1","","03","","N","","","","","","","","","",""
"2021117634","1117","1","0","0","0","0","0","0","0","0","4","0","","67","11","2021","3","40.021418","-75.148483","1115","6","0","0","0","1","0","0","0","0","","0","0","0","","","1","","1","","40 01:17.105","","0","75 08:54.538","3","0","0","0","67301","0","0","0","N","0","0","0","3","67301","0","","1.0","","1","N","N","N","0","","1","0","1","","2","","","2","1","3","0","0","0","0","2","0","2","","04","","N","","","","","","","","","",""
"2021122709","0620","0","0","0","0","0","0","0","0","0","1","0","","67","12","2021","5","39.960071","-75.179422","0620","6","0","0","0","0","0","0","0","0","","0","0","0","","","1","N","0","","39 57:36.257","4","3","75 10:45.920","8","0","0","0","67301","0","0","0","N","0","0","0","3","68K01","0","","1.0","720.0","9","N","N","N","0","","0","0","1","","8","N","","3","1","0","0","0","1","2","2","0","3","","","","N","","","","","","","","","",""
"2021119670","1414","2","0","0","0","0","0","0","0","0","4","0","","67","12","2021","2","40.131656","-75.0122","1414","6","0","0","0","0","0","1","0","0","","0","0","0","","","1","","1","","40 07:53.962","","0","75 00:43.919","4","0","0","0","67301","0","0","0","N","0","0","0","2","67301","1","","1.0","","1","N","N","N","0","","0","0","0","","2","","","2","1","0","0","0","0","0","2","0","2","","","","N","","","","","","","","","",""
"2021122013","0301","1","0","0","0","0","0","0","0","0","8","0","","67","12","2021","4","40.027979","-75.059448","0301","6","0","0","0","0","0","0","0","0","","0","0","0","","","1","N","0","","40 01:40.723","","0","75 03:34.014","3","0","0","0","67301","1","0","0","N","1","0","0","2","67301","0","","1.0","","1","N","N","N","0","","1","0","0","","0","","","2","1","0","0","0","0","1","2","0","1","","","","N","","","","","","","","","",""
"2021087833","1947","1","0","0","0","0","0","0","0","0","7","0","","67","9","2021","6","40.045363","-75.05353","1946","6","0","0","0","0","0","0","0","0","","0","0","0","","","1","N","0","","40 02:43.306","2","0","75 03:12.707","3","0","0","0","67301","0","0","0","N","0","0","0","1","67301","0","","4.0","100.0","1","N","N","N","0","","1","0","0","","0","N","","1","1","0","0","0","0","0","2","0","1","","04","","N","","","","","","","","","",""
"2021126595","0202","1","0","0","0","0","0","0","0","0","8","0","","67","12","2021","6","40.024005","-75.156188","0201","6","0","0","0","0","0","0","0","0","","0","0","0","","","1","N","1","","40 01:26.418","","0","75 09:22.276","3","0","0","0","67301","1","0","0","N","1","0","0","1","67301","0","","1.0","","1","N","N","N","0","","1","0","0","","3","","","2","1","0","0","0","0","0","2","0","1","","03","","N","","","","","","","","","",""
"2021120817","2320","0","0","0","0","0","0","0","0","0","1","0","","67","12","2021","2","40.017609","-75.17243","2320","6","0","0","0","0","0","0","0","0","","0","0","0","","","0","N","0","","40 01:03.394","","1","75 10:20.747","0","0","0","0","67301","0","0","0","N","0","0","0","2","67301","0","","1.0","","99","N","N","Y","0","","0","0","0","","0","","","2","0","0","0","0","0","0","2","1","2","","03","","N","","","","","","","","","",""
"2021087450","0600","1","0","0","0","0","0","0","0","0","2","0","","67","9","2021","2","39.996794","-75.103369","0430","6","0","0","0","0","0","0","0","0","","0","0","0","","","1","","1","","39 59:48.460","","0","75 06:12.128","4","0","0","0","67301","0","0","0","N","0","0","0","3","67301","1","","1.0","","9","N","N","N","0","","0","0","1","","2","","","2","1","0","0","0","0","0","2","0","2","","04","","N","","","","","","","","","",""
"2021117835","0039","1","0","0","0","0","0","0","0","0","1","0","","67","12","2021","5","40.021125","-75.139925","0030","6","0","0","0","0","0","0","0","0","","0","0","0","","","0","","1","","40 01:16.051","1","0","75 08:23.731","0","0","0","0","67301","0","0","0","N","0","0","0","2","67301","0","","1.0","130.0","9","N","N","N","0","","0","0","1","","2","N","","2","0","0","0","0","0","0","2","0","2","","07","","N","","","","","","","","","",""
"2021119672","2140","2","0","0","0","0","0","0","0","0","1","0","","67","12","2021","2","39.995328","-75.218326","2123","6","0","0","0","0","0","0","0","0","","0","0","0","","","1","","3","","39 59:43.180","","0","75 13:05.974","4","0","0","0","67301","0","0","0","N","0","0","0","2","67301","1","","1.0","","1","N","N","N","0","","0","0","0","","2","","","2","1","0","0","0","0","0","2","0","2","","03","","N","","","","","","","","","",""
"2021085425","1703","1","0","0","0","0","0","0","0","0","4","0","","67","9","2021","6","40.058748","-74.995671","1658","6","0","0","0","0","0","0","0","0","","0","0","0","","","3","","1","","40 03:31.491","4","0","74 59:44.414","3","0","0","0","67301","0","0","0","N","0","0","0","3","67301","0","","1.0","1845.0","1","N","N","N","0","","3","0","1","","3","N","","2","3","0","0","0","0","0","2","0","2","","03","","N","","","","","","","","","",""
"2021087743","0453","0","0","0","0","0","0","0","0","0","7","0","","67","9","2021","5","39.997645","-75.158704","0449","6","0","0","0","0","0","0","0","0","","0","0","0","","","0","","2","","39 59:51.522","","0","75 09:31.334","9","0","0","0","67301","0","0","0","N","0","0","0","1","67301","0","","4.0","","1","N","N","N","0","","0","0","1","","3","","","1","0","0","0","0","0","1","2","0","1","","","","N","","","","","","","","","",""
"2021093551","1301","0","0","0","0","0","0","0","0","0","8","0","","67","9","2021","6","39.994704","-75.094595","1301","6","0","0","0","0","0","0","0","0","","0","0","0","","","1","","1","","39 59:40.935","","0","75 05:40.542","2","0","0","1","67301","1","0","1","N","1","0","1","2","67301","0","","1.0","","99","N","N","N","0","","0","1","0","","2","","","2","1","0","0","0","0","0","2","0","1","","","","N","","","","","","","","","",""
"2021118215","1206","2","0","0","0","0","0","0","0","0","4","0","","67","12","2021","5","39.922944","-75.238167","1205","6","0","0","0","0","0","0","0","0","","0","0","0","","","0","N","0","","39 55:22.600","","7","75 14:17.400","9","0","0","0","67301","0","0","0","N","0","0","0","2","67301","0","","1.0","","1","N","N","N","1","","0","0","0","","0","","","3","0","0","0","0","0","1","2","0","3","","98","","N","","","","","","","","","",""
"2021085676","1934","4","0","1","0","0","0","0","0","0","1","0","","67","9","2021","7","39.975836","-75.158419","1932","6","0","0","0","0","0","1","0","0","","0","0","0","","","10","","1","","39 58:33.009","7","0","75 09:30.309","2","0","0","0","67301","0","0","0","N","0","0","0","14","67505","0","","1.0","2107.0","1","N","N","N","0","","3","1","1","","2","N","","5","10","0","0","0","6","0","2","0","5","","","","N","","","","","","","","","",""
"2021118439","1744","2","0","0","0","0","0","0","0","0","4","0","","67","12","2021","6","40.037504","-75.210401","1740","6","0","1","0","0","0","0","0","0","","0","0","0","","","0","","2","","40 02:15.016","","0","75 12:37.445","0","0","0","0","67301","0","0","0","N","0","0","0","4","67301","0","","1.0","","1","N","N","N","0","","0","0","0","","2","","","2","0","0","0","0","0","0","2","0","2","","03","","N","","","","","","","","","",""
"2021128187","1404","0","0","0","0","0","0","0","0","0","1","0","","67","12","2021","7","39.968002","-75.13084","1325","6","0","0","0","0","0","0","0","0","","0","0","0","","","0","N","0","","39 58:04.808","","0","75 07:51.025","0","0","0","0","67301","0","0","0","N","0","0","0","2","68K01","0","","1.0","","1","N","N","N","1","","0","0","0","","0","","","2","0","0","0","0","0","0","2","1","2","","03","","N","","","","","","","","","",""
"2021092551","1910","4","0","0","0","0","0","0","0","0","1","0","","67","9","2021","6","40.033667","-75.233767","1905","6","0","0","0","0","0","1","0","0","","0","0","0","","","2","N","0","","40 02:01.200","","0","75 14:01.560","3","0","0","0","67301","0","0","0","N","0","0","0","2","67301","0","","1.0","","1","N","N","N","0","","2","0","0","","0","","","4","2","0","0","0","0","0","2","0","4","","","","N","","","","","","","","","",""
"2021123907","1556","1","0","0","0","0","0","0","0","0","4","0","","67","12","2021","6","39.963943","-75.184723","1552","6","0","0","0","0","0","0","0","0","","0","0","0","","","3","","2","","39 57:50.196","1","8","75 11:05.003","3","0","0","0","67301","2","0","0","N","2","0","0","4","68K01","0","","1.0","1630.0","1","N","N","N","0","","3","0","1","","2","N","","4","3","1","0","0","0","0","2","0","2","","","","N","","","","","","","","","",""
"2021087443","1640","1","0","0","0","0","0","0","0","0","4","0","","67","9","2021","5","39.976176","-75.160962","1633","6","0","0","0","0","0","0","0","0","","0","0","0","","","1","","1","","39 58:34.232","","0","75 09:39.464","3","0","0","0","67301","0","0","0","N","0","0","0","3","67301","0","","1.0","","1","N","N","N","0","","1","0","1","","3","","","2","1","0","0","0","0","0","2","0","2","","","","N","","","","","","","","","",""
"2021085493","1400","2","0","0","0","0","0","0","0","0","3","0","","67","9","2021","4","40.03639","-75.040334","1350","6","0","0","0","0","0","0","0","0","","0","0","0","","","0","N","0","","40 02:11.003","","7","75 02:25.201","0","0","0","0","67301","0","0","0","N","0","0","0","2","67301","0","","1.0","","1","N","N","N","0","","0","0","0","","0","","","2","0","0","0","0","0","0","2","0","2","","03","","N","","","","","","","","","",""
"2021128002","1806","2","0","0","0","0","0","0","0","0","1","0","","67","12","2021","2","40.008113","-75.202034","1803","6","0","0","0","0","0","0","0","0","","0","0","0","","","0","N","0","","40 00:29.205","","0","75 12:07.324","0","0","0","0","67301","0","0","0","N","0","0","0","2","68K01","0","","1.0","","1","N","N","N","0","","0","0","0","","0","","","2","0","0","0","0","0","0","2","0","2","","","","N","","","","","","","","","",""
"2021126368","1245","2","0","0","0","0","0","0","0","0","4","0","","67","12","2021","6","40.009469","-75.152899","1240","6","0","0","0","0","0","0","0","0","","0","0","0","","","1","","1","","40 00:34.088","","0","75 09:10.435","3","0","0","0","67301","0","0","0","N","0","0","0","2","67301","0","","1.0","","1","N","N","N","0","","1","0","0","","2","","","2","1","0","0","0","0","1","2","0","2","","03","","N","","","","","","","","","",""
"2021085721","0036","1","0","0","0","0","0","0","0","0","4","0","","67","9","2021","1","39.987876","-75.155938","0036","6","0","0","0","0","0","0","0","0","","0","0","0","","","1","","1","","39 59:16.352","","0","75 09:21.375","8","0","0","0","67301","0","0","0","N","0","0","0","4","67301","0","","1.0","","1","N","N","N","0","","0","0","1","","2","","","2","1","0","0","0","1","1","2","0","2","","","","N","","","","","","","","","",""
"2021087511","2015","1","0","0","0","0","0","0","0","0","5","0","","67","9","2021","6","39.926778","-75.147194","1950","6","0","0","0","0","0","0","0","0","","0","0","0","","","0","N","0","","39 55:36.400","","0","75 08:49.900","0","0","0","0","67301","0","0","0","N","0","0","0","2","67301","0","","6.0","","1","N","N","N","1","","0","0","0","","0","","","2","0","0","0","0","0","0","2","0","2","","03","","N","","","","","","","","","",""
"2021118959","1945","1","0","0","0","0","0","0","0","0","1","0","","67","12","2021","1","40.021418","-75.148483","1945","6","0","0","0","0","0","2","0","0","","0","0","0","","","1","","1","","40 01:17.105","","0","75 08:54.538","3","0","0","0","67301","0","0","0","N","0","0","0","4","67301","0","","1.0","","1","N","N","N","0","","1","0","1","","2","","","3","1","0","0","0","0","0","2","1","3","","","","N","","","","","","","","","",""
"2021085308","0749","1","0","0","0","0","0","0","0","0","4","0","","67","9","2021","6","40.058431","-75.046696","0733","6","0","0","0","0","0","0","0","0","","0","0","0","","","0","","1","","40 03:30.351","","0","75 02:48.105","0","0","0","0","67301","0","0","0","N","0","0","0","2","67301","0","","1.0","","1","N","N","N","0","","0","0","1","","3","","","2","0","0","0","0","0","0","2","0","2","","03","","N","","","","","","","","","",""
"2021090988","1012","1","0","0","0","0","0","0","0","0","5","0","","67","9","2021","2","39.958618","-75.21358","1005","6","0","0","0","0","0","0","0","0","","0","0","0","","","0","N","0","","39 57:31.023","","1","75 12:48.889","0","0","0","0","67301","0","0","0","N","0","0","0","1","67301","0","","6.0","","1","N","N","N","0","","0","0","1","","0","","","2","0","0","0","0","0","0","2","0","2","","03","","N","","","","","","","","","",""
"2021087099","1545","1","0","0","0","0","0","0","0","0","4","0","","67","9","2021","4","40.043313","-75.047244","1544","6","0","0","0","0","0","0","0","0","","0","0","0","","","1","","1","","40 02:35.928","","0","75 02:50.078","4","0","0","0","67301","0","0","0","N","0","0","0","2","67301","1","","1.0","","1","N","N","N","0","","0","0","1","","3","","","2","1","0","0","0","0","0","2","0","2","","","","N","","","","","","","","","",""
"2021087466","0258","2","0","0","0","0","0","0","0","0","6","0","","67","9","2021","7","40.002244","-75.106047","0256","6","0","0","0","0","0","0","0","0","","0","0","0","","","0","N","0","","40 00:08.080","","0","75 06:21.770","0","0","0","0","67301","0","0","0","N","0","0","0","2","67301","0","","6.0","","1","N","N","N","0","","0","0","2","","0","","","4","0","2","0","0","0","0","2","0","4","","03","","N","","","","","","","","","",""
"2021123448","0355","0","0","0","0","0","0","0","0","0","5","0","","67","11","2021","3","39.990528","-75.121756","0351","6","0","0","0","0","0","0","0","0","","0","0","0","","","0","N","0","","39 59:25.900","","0","75 07:18.320","0","0","0","0","67301","0","0","0","N","0","0","0","1","67301","0","","6.0","","1","N","N","N","0","","0","0","1","","0","","","2","0","0","0","0","0","0","2","1","2","","","","N","","","","","","","","","",""
"2021086955","0002","1","0","0","0","0","0","0","0","0","7","0","35","67","9","2021","1","39.990624","-75.076207","0002","6","0","0","0","0","0","0","0","0","","0","0","0","","","1","","7","","39 59:26.246","","2","75 04:34.345","3","0","0","0","67301","0","0","0","N","0","0","0","1","67501","0","","7.0","","1","N","N","N","0","","1","0","0","","0","","","1","1","0","0","0","0","0","2","0","1","","","N","Y","4","1","","","N","Y","","","","N"
"2021084817","0610","1","0","0","0","0","0","0","0","0","7","0","","67","9","2021","5","39.884428","-75.248741","0601","6","0","0","0","0","0","1","0","0","","0","0","0","","","0","","2","","39 53:03.940","","0","75 14:55.467","0","0","0","0","67301","0","0","0","N","0","0","0","1","67301","0","","5.0","","9","N","N","N","0","","0","0","0","","0","","","1","0","1","0","0","0","0","2","0","1","","07","","N","","","","","","","","","",""
"2021085180","1044","2","0","0","0","0","0","0","0","0","4","0","","67","9","2021","5","39.956486","-75.215481","1036","6","0","0","0","0","0","0","0","0","","0","0","0","","","2","","1","","39 57:23.349","5","0","75 12:55.731","4","0","0","0","67301","0","0","0","N","0","0","0","3","67301","2","","1.0","1120.0","1","N","N","N","0","","0","0","0","","3","N","","2","2","0","0","0","0","0","2","0","2","","","","N","","","","","","","","","",""
"2021084828","0754","0","0","0","0","0","0","0","0","0","4","0","","67","9","2021","4","39.915915","-75.245342","0754","6","0","0","0","0","0","1","0","0","","0","0","0","","","1","","2","","39 54:57.295","","0","75 14:43.230","3","0","0","0","67301","0","0","0","N","0","0","0","2","67301","0","","1.0","","1","N","N","N","0","","1","0","2","","3","","","2","1","0","0","0","0","0","2","0","2","","03","","N","","","","","","","","","",""
"2021117150","1019","1","0","0","0","0","0","0","0","0","4","0","","67","12","2021","4","39.941923","-75.213886","1019","6","0","0","0","0","0","0","0","0","","0","0","0","","","2","","1","","39 56:30.922","","0","75 12:49.989","8","0","0","0","67301","0","0","0","N","0","0","0","2","67301","0","","1.0","","1","N","N","N","0","","0","0","1","","2","","","2","2","0","0","0","2","0","2","0","2","","03","","N","","","","","","","","","",""
"2021119432","0912","1","0","0","0","0","0","0","0","0","4","0","","67","12","2021","2","39.946551","-75.221697","0912","6","0","0","0","0","0","0","0","0","","0","0","0","","","1","","1","","39 56:47.583","","0","75 13:18.109","3","0","0","0","67301","0","0","0","N","0","0","0","3","67301","0","","1.0","","1","N","N","N","0","","1","0","1","","3","","","2","1","0","0","0","0","0","2","0","2","","","","N","","","","","","","","","",""
"2021125121","1227","1","0","0","0","0","0","0","0","0","8","0","","67","12","2021","4","39.954055","-75.176659","1141","6","0","0","0","0","0","0","0","0","","0","0","0","","","1","","1","","39 57:14.597","","0","75 10:35.971","8","0","0","0","67301","1","0","0","N","1","0","0","2","67301","0","","1.0","","1","N","N","N","0","","0","0","0","","2","","","2","1","0","0","0","1","0","2","0","1","","03","","N","","","","","","","","","",""