"CRN","ARRIVAL_TM","AUTOMOBILE_COUNT","BELTED_DEATH_COUNT","BELTED_SUSP_SERIOUS_INJ_COUNT","BICYCLE_COUNT","BICYCLE_DEATH_COUNT","BICYCLE_SUSP_SERIOUS_INJ_COUNT","BUS_COUNT","CHLDPAS_DEATH_COUNT","CHLDPAS_SUSP_SERIOUS_INJ_COUNT","COLLISION_TYPE","COMM_VEH_COUNT","CONS_ZONE_SPD_LIM","COUNTY","CRASH_MONTH","CRASH_YEAR","DAY_OF_WEEK","DEC_LATITUDE","DEC_LONGITUDE","DISPATCH_TM","DISTRICT","DRIVER_COUNT_16YR","DRIVER_COUNT_17YR","DRIVER_COUNT_18YR","DRIVER_COUNT_19YR","DRIVER_COUNT_20YR","DRIVER_COUNT_50_64YR","DRIVER_COUNT_65_74YR","DRIVER_COUNT_75PLUS","EST_HRS_CLOSED","FATAL_COUNT","HEAVY_TRUCK_COUNT","HORSE_BUGGY_COUNT","HOUR_OF_DAY","ILLUMINATION","INJURY_COUNT","INTERSECTION_RELATED","INTERSECT_TYPE","LANE_CLOSED","LATITUDE","LN_CLOSE_DIR","LOCATION_TYPE","LONGITUDE","MAX_SEVERITY_LEVEL","MCYCLE_DEATH_COUNT","MCYCLE_SUSP_SERIOUS_INJ_COUNT","MOTORCYCLE_COUNT","MUNICIPALITY","NONMOTR_COUNT","NONMOTR_DEATH_COUNT","NONMOTR_SUSP_SERIOUS_INJ_COUNT","NTFY_HIWY_MAINT","PED_COUNT","PED_DEATH_COUNT","PED_SUSP_SERIOUS_INJ_COUNT","PERSON_COUNT","POLICE_AGCY","POSSIBLE_INJ_COUNT","RDWY_SURF_TYPE_CD","RELATION_TO_ROAD","ROADWAY_CLEARED","ROAD_CONDITION","SCH_BUS_IND","SCH_ZONE_IND","SECONDARY_CRASH","SMALL_TRUCK_COUNT","SPEC_JURIS_CD","SUSP_MINOR_INJ_COUNT","SUSP_SERIOUS_INJ_COUNT","SUV_COUNT","TCD_FUNC_CD","TCD_TYPE","TFC_DETOUR_IND","TIME_OF_DAY","TOTAL_UNITS","TOT_INJ_COUNT","UNBELTED_OCC_COUNT","UNB_DEATH_COUNT","UNB_SUSP_SERIOUS_INJ_COUNT","UNK_INJ_DEG_COUNT","UNK_INJ_PER_COUNT","URBAN_RURAL","VAN_COUNT","VEHICLE_COUNT","WEATHER1","WEATHER2","WORKERS_PRES","WORK_ZONE_IND","WORK_ZONE_LOC","WORK_ZONE_TYPE","WZ_CLOSE_DETOUR","WZ_FLAGGER","WZ_LAW_OFFCR_IND","WZ_LN_CLOSURE","WZ_MOVING","WZ_OTHER","WZ_SHLDER_MDN","WZ_WORKERS_INJ_KILLED"
"2021085985","0030","3","0","0","0","0","0","0","0","0","5","0","","67","9","2021","4","40.043303","-75.148722","0035","6","0","0","0","0","0","0","0","0","","0","0","0","","","0","N","0","","40 02:35.890","","0","75 08:55.400","9","0","0","0","67301","0","0","0","N","0","0","0","1","67301","0","","6.0","","1","N","N","N","0","","0","0","1","","0","","","4","0","0","0","0","0","1","2","0","4","","","","N","","","","","","","","","",""
"2021126174","1402","0","0","0","0","0","0","0","0","0","1","1","","67","12","2021","2","40.032973","-75.080248","1352","6","0","0","0","0","0","0","1","0","","0","1","0","","","1","","1","","40 01:58.704","","0","75 04:48.893","8","0","0","0","67301","0","0","0","N","0","0","0","2","67301","0","","1.0","","1","N","N","N","0","","0","0","1","","2","","","2","1","0","0","0","1","0","2","0","2","","03","","N","","","","","","","","","",""
"2021105371","","1","0","0","0","0","0","0","0","0","5","0","","67","8","2021","1","39.933694","-75.223556","","6","0","0","0","0","0","0","1","0","","0","0","0","","","1","N","0","","39 56:01.300","","0","75 13:24.800","8","0","0","0","67301","0","0","0","N","0","0","0","2","00000","0","","6.0","","1","N","N","N","0","","0","0","0","","0","","","2","1","0","0","0","1","0","2","0","2","","","","N","","","","","","","","","",""
"2021087989","0727","1","0","0","0","0","0","0","0","0","7","0","","67","9","2021","6","39.912417","-75.173889","0727","6","0","0","0","0","0","0","0","0","","0","0","0","","","0","","7","","39 54:44.700","2","8","75 10:26.000","0","0","0","0","67301","0","0","0","N","0","0","0","4","67501","0","","7.0","750.0","9","N","N","N","0","","0","0","0","","0","Y","","1","0","0","0","0","0","0","2","0","1","","","","N","","","","","","","","","",""
"2021101006","0312","2","0","0","0","0","0","0","0","0","4","0","","67","9","2021","7","40.010821","-75.126649","0306","6","0","0","0","0","0","0","0","0","","0","0","0","","","0","","1","","40 00:38.955","","0","75 07:35.936","0","0","0","0","67301","0","0","0","N","0","0","0","2","67301","0","","1.0","","1","N","N","N","0","","0","0","0","","2","","","2","0","0","0","0","0","0","2","0","2","","03","","N","","","","","","","","","",""
"2021119390","0033","1","0","0","0","0","0","0","0","0","7","0","","67","12","2021","5","39.971729","-75.193332","0025","6","0","0","0","0","0","0","0","0","","0","0","0","","","0","","7","","39 58:18.224","","2","75 11:35.996","0","0","0","0","67301","0","0","0","N","0","0","0","1","68K01","0","","7.0","","9","N","N","N","0","","0","0","0","","0","","","1","0","1","0","0","0","0","2","0","1","","","","N","","","","","","","","","",""
"2021128192","0608","1","0","0","0","0","0","0","0","0","7","0","","67","12","2021","1","40.030536","-75.021952","0550","6","0","0","0","0","0","0","0","0","","0","0","0","","","1","N","0","","40 01:49.931","2","0","75 01:19.026","4","0","0","0","67301","0","0","0","N","0","0","0","1","68K01","1","","4.0","640.0","9","N","N","N","0","","0","0","0","","0","N","","1","1","0","0","0","0","0","2","0","1","","","","N","","","","","","","","","",""
"2021086272","1000","2","0","0","0","0","0","0","0","0","4","0","","67","9","2021","5","40.031117","-75.156545","1000","6","0","0","0","1","0","0","0","1","","0","0","0","","","1","","2","","40 01:52.021","","0","75 09:23.561","4","0","0","0","67301","0","0","0","N","0","0","0","3","67301","1","","1.0","","9","N","N","N","0","","0","0","0","","3","","","2","1","3","0","0","0","2","2","0","2","","","","N","","","","","","","","","",""
"2021118246","0852","2","0","0","0","0","0","0","0","0","4","0","","67","11","2021","2","40.021894","-75.209205","0850","6","0","0","0","0","0","0","1","0","","0","0","0","","","2","","1","","40 01:18.820","","0","75 12:33.137","4","0","0","0","67301","0","0","0","N","0","0","0","2","67301","2","","1.0","","1","N","N","N","0","","0","0","0","","3","","","2","2","0","0","0","0","0","2","0","2","","03","","N","","","","","","","","","",""
"2021085750","1138","2","0","0","0","0","0","0","0","0","4","0","","67","9","2021","6","40.02912","-75.089921","1129","6","0","0","0","0","1","0","0","0","","0","0","0","","","1","","1","","40 01:44.832","2","6","75 05:23.717","3","0","0","0","67301","0","0","0","N","0","0","0","2","67301","0","","1.0","1219.0","1","N","N","N","0","","1","0","0","","2","N","","2","1","0","0","0","0","0","2","0","2","","03","","N","","","","","","","","","",""
"2021118255","1730","1","0","0","0","0","0","0","0","0","4","0","","67","12","2021","5","39.956565","-75.209738","1730","6","0","0","0","0","0","1","0","0","","0","0","0","","","2","","1","","39 57:23.634","","0","75 12:35.056","3","0","0","0","67301","0","0","0","N","0","0","0","3","67301","0","","1.0","","1","N","N","N","0","","2","0","1","","2","","","2","2","2","0","0","0","1","2","0","2","","03","","N","","","","","","","","","",""
"2021105744","","1","0","0","0","0","0","0","0","0","4","0","","67","9","2021","1","39.992746","-75.186155","","6","0","0","0","0","0","0","0","0","","0","0","0","","","1","","1","","39 59:33.885","","0","75 11:10.157","3","0","0","0","67301","0","0","0","N","0","0","0","2","00000","0","","1.0","","9","N","N","N","0","","1","0","0","","2","","","2","1","0","0","0","0","0","2","0","2","","","","N","","","","","","","","","",""
"2021086954","1722","1","0","0","0","0","0","0","0","0","5","0","","67","9","2021","4","40.006439","-75.15187","1719","6","0","0","0","0","0","0","0","0","","0","0","0","","","0","Y","0","","40 00:23.182","","0","75 09:06.731","0","0","0","0","67301","0","0","0","N","0","0","0","2","67505","0","","1.0","","1","","","N","0","","0","0","1","","2","","","2","0","0","0","0","0","0","2","0","2","","03","","N","","","","","","","","","",""
"2021117629","0037","2","0","0","0","0","0","0","0","0","6","0","","67","12","2021","5","39.939786","-75.238583","0031","6","0","0","0","0","0","0","1","0","","0","0","0","","","0","N","0","","39 56:23.230","","0","75 14:18.900","0","0","0","0","67301","0","0","0","N","0","0","0","2","67301","0","","1.0","","9","N","N","N","0","","0","0","0","","0","","","2","0","0","0","0","0","0","2","0","2","","07","","N","","","","","","","","","",""
"2021102532","1626","1","0","0","0","0","0","0","0","0","4","0","","67","9","2021","1","40.001501","-75.145702","1626","6","0","1","0","0","0","0","0","0","","0","0","0","","","0","","3","","40 00:05.402","","0","75 08:44.526","0","0","0","0","67301","0","0","0","N","0","0","0","5","67301","0","","1.0","","9","N","N","N","0","","0","0","1","","3","","","2","0","0","0","0","0","0","2","0","2","","07","","N","","","","","","","","","",""
"2021117130","2016","0","0","0","0","0","0","0","0","0","8","0","","67","11","2021","3","40.029056","-75.134333","2016","6","0","0","0","0","0","0","0","0","","0","0","0","","","1","N","0","","40 01:44.600","","0","75 08:03.600","8","0","0","0","67301","1","0","0","N","1","0","0","2","67301","0","","1.0","","1","N","N","N","0","","0","0","1","","0","","","2","1","0","0","0","1","0","2","0","1","","04","","N","","","","","","","","","",""
"2021086860","1614","1","0","0","0","0","0","0","0","0","1","0","","67","9","2021","2","40.031696","-75.021468","1559","6","0","0","0","0","0","1","0","0","","0","0","0","","","1","N","0","","40 01:54.107","2","0","75 01:17.286","3","0","0","0","67301","0","0","0","N","0","0","0","2","68K01","0","","1.0","1710.0","1","N","N","N","0","","1","0","1","","0","N","","2","1","0","0","0","0","0","2","0","2","","03","","N","","","","","","","","","",""
"2021117920","2350","3","0","0","0","0","0","0","0","0","4","0","","67","12","2021","5","40.037413","-75.181825","2346","6","0","0","0","0","0","0","0","0","","0","0","0","","","2","","1","","40 02:14.686","5","0","75 10:54.569","3","0","0","0","67301","0","0","0","N","0","0","0","2","67301","0","","1.0","100.0","1","N","N","N","0","","2","0","0","","2","Y","","3","2","2","0","0","0","0","2","0","3","","03","","N","","","","","","","","","",""
"2021088733","1240","2","0","0","0","0","0","0","0","0","4","0","","67","9","2021","2","40.025747","-75.172514","1240","6","0","0","0","0","1","0","0","0","","0","0","0","","","0","","1","","40 01:32.689","","0","75 10:21.050","0","0","0","0","67301","0","0","0","N","0","0","0","2","67301","0","","1.0","","1","N","N","N","0","","0","0","0","","2","","","2","0","0","0","0","0","0","2","0","2","","03","","N","","","","","","","","","",""
"2021128062","0450","0","0","0","0","0","0","0","0","0","5","0","","67","12","2021","2","40.020422","-75.063717","0437","6","0","0","0","0","0","0","0","0","","0","1","0","","","0","N","0","","40 01:13.520","","0","75 03:49.380","9","0","0","0","67301","0","0","0","N","0","0","0","1","67301","0","","1.0","","1","N","N","N","0","","0","0","1","","0","","","3","0","0","0","0","0","1","2","1","3","","03","","N","","","","","","","","","",""
"2021118670","1721","1","0","0","0","0","0","0","0","0","4","0","","67","12","2021","7","39.944846","-75.166982","1721","6","0","0","0","0","1","0","0","0","","0","0","0","","","1","","1","","39 56:41.445","","0","75 10:01.135","3","0","0","1","67301","0","0","0","N","0","0","0","2","67301","0","","1.0","","1","N","N","N","0","","1","0","0","","2","","","2","1","0","0","0","0","0","2","0","2","","03","","N","","","","","","","","","",""
"2021084815","0948","1","0","0","0","0","0","0","0","0","1","0","","67","9","2021","3","39.920585","-75.24143","0946","6","0","0","0","0","0","0","0","0","","0","0","0","","","2","","1","","39 55:14.106","4","0","75 14:29.147","3","0","0","0","67301","0","0","0","N","0","0","0","3","67301","0","","1.0","1010.0","1","N","N","N","0","","2","0","0","","2","N","","2","2","2","0","0","0","0","2","0","2","","03","","N","","","","","","","","","",""
"2021120626","0500","2","0","0","0","0","0","0","0","0","4","0","","67","12","2021","5","39.974638","-75.199108","0500","6","0","0","0","0","0","0","0","0","","0","0","0","","","2","","1","","39 58:28.698","3","2","75 11:56.790","3","0","0","0","67301","0","0","0","N","0","0","0","3","67301","0","","1.0","530.0","1","N","N","N","1","","2","0","0","","2","N","","3","2","0","0","0","0","0","2","0","3","","03","","N","","","","","","","","","",""
"2021086258","1301","1","0","0","0","0","0","0","0","0","4","0","","67","9","2021","5","40.052792","-75.135277","1301","6","0","0","0","0","0","0","0","0","","0","0","0","","","0","","1","","40 03:10.051","","0","75 08:06.997","0","0","0","0","67301","0","0","0","N","0","0","0","2","67301","0","","1.0","","99","N","N","N","0","","0","0","1","","3","","","2","0","2","0","0","0","0","2","0","2","","","","N","","","","","","","","","",""
"2021083695","0148","2","0","0","0","0","0","0","0","0","1","0","","67","9","2021","1","39.89456","-75.218654","0128","6","0","0","0","0","0","0","0","0","","0","0","0","","","4","N","0","","39 53:40.415","","3","75 13:07.156","3","0","0","0","67301","0","0","0","N","0","0","0","4","67301","3","","1.0","","1","N","N","Y","0","","1","0","1","","0","","","3","4","0","0","0","0","0","2","0","3","","03","","N","","","","","","","","","",""
"2021090387","0949","0","0","0","0","0","0","0","0","0","8","0","","67","9","2021","7","40.022355","-75.11796","0949","6","0","0","0","0","0","0","0","0","","0","0","0","","","1","","1","","40 01:20.478","","0","75 07:04.655","3","0","0","0","67301","1","0","0","N","1","0","0","2","67301","0","","1.0","","1","N","N","N","1","","1","0","0","","2","","","2","1","0","0","0","0","0","2","0","1","","03","","N","","","","","","","","","",""
"2021116177","1741","1","0","0","0","0","0","0","0","0","1","0","","67","11","2021","1","40.058118","-75.078154","1738","6","0","0","1","0","0","1","0","0","","0","0","0","","","2","","2","","40 03:29.225","4","0","75 04:41.355","4","0","0","0","67301","0","0","0","N","0","0","0","2","67301","2","","1.0","1948.0","1","N","N","N","0","","0","0","1","","0","N","","2","2","0","0","0","0","0","2","0","2","","03","","N","","","","","","","","","",""
"2021101021","0210","2","0","0","0","0","0","0","0","0","1","0","","67","9","2021","3","40.026217","-75.117554","0210","6","0","0","0","0","0","0","0","0","","0","0","0","","","1","N","0","","40 01:34.380","","0","75 07:03.195","3","0","0","0","67301","0","0","0","N","0","0","0","1","67301","0","","6.0","","1","N","N","N","0","","1","0","0","","0","","","3","1","0","0","0","0","0","2","1","3","","","","N","","","","","","","","","",""
"2021128060","0258","1","0","0","0","0","0","0","0","0","7","0","","67","12","2021","7","39.948803","-75.143975","0255","6","0","0","0","0","0","0","0","0","","0","0","0","","","0","N","0","","39 56:55.690","","0","75 08:38.310","9","0","0","0","67301","0","0","0","N","0","0","0","1","67301","0","","9.0","","99","N","N","N","0","","0","0","0","","0","","","1","0","0","0","0","0","1","2","0","1","","07","","N","","","","","","","","","",""
"2021087515","0350","1","0","0","0","0","0","0","0","0","1","0","","67","9","2021","7","40.006463","-75.193105","0344","6","0","0","0","0","0","0","0","0","","0","0","0","","","1","N","0","","40 00:23.268","1","3","75 11:35.178","3","0","0","0","67301","0","0","0","N","0","0","0","3","67301","0","","1.0","440.0","1","N","N","N","0","","1","0","0","","0","N","","2","1","0","0","0","0","0","2","1","2","","03","","N","","","","","","","","","",""
"2021119201","1620","2","0","0","0","0","0","0","0","0","4","0","","67","12","2021","6","40.034076","-75.12402","1613","6","0","0","0","0","0","1","0","0","","0","0","0","","","0","","1","","40 02:02.673","","0","75 07:26.472","0","0","0","0","67301","0","0","0","N","0","0","0","2","67301","0","","1.0","","1","N","N","N","0","","0","0","0","","3","","","2","0","0","0","0","0","0","2","0","2","","","","N","","","","","","","","","",""
"2021084727","1429","2","0","0","0","0","0","0","0","0","4","0","","67","9","2021","2","39.949194","-75.235343","1427","6","0","0","0","0","0","0","0","0","","0","0","0","","","0","","1","","39 56:57.098","","0","75 14:07.234","0","0","0","0","67301","0","0","0","N","0","0","0","2","67301","0","","1.0","","1","N","N","N","0","","0","0","0","","3","","","2","0","2","0","0","0","0","2","0","2","","03","","N","","","","","","","","","",""
"2021116779","1106","3","0","0","0","0","0","0","0","0","4","0","","67","11","2021","3","39.984913","-75.163104","1101","6","0","0","0","0","0","1","0","0","","0","0","0","","","1","","1","","39 59:05.688","","0","75 09:47.173","8","0","0","0","67301","0","0","0","N","0","0","0","2","67301","0","","1.0","","1","N","N","N","0","","0","0","0","","3","","","3","1","0","0","0","1","1","2","0","3","","04","","N","","","","","","","","","",""
"2021085071","0645","0","0","0","0","0","0","0","0","0","1","0","","67","9","2021","5","39.945339","-75.190563","0634","6","0","0","0","0","0","1","0","0","","0","0","0","","","1","N","0","","39 56:43.219","","0","75 11:26.028","8","0","0","0","67301","0","0","0","N","0","0","0","2","68K01","0","","1.0","","9","N","N","N","1","","0","0","1","","0","","","2","1","0","0","0","1","0","2","0","2","","","","N","","","","","","","","","",""
"2021096551","1729","0","0","0","0","0","0","0","0","0","4","0","","67","9","2021","6","40.007066","-75.147037","1729","6","0","0","0","0","0","1","0","0","","0","0","0","","","1","","1","","40 00:25.437","","0","75 08:49.333","3","0","0","0","67301","0","0","0","N","0","0","0","2","67301","0","","1.0","","1","N","N","N","0","","1","0","1","","3","","","2","1","0","0","0","0","0","2","0","2","","03","","N","","","","","","","","","",""
"2021122012","0515","1","0","0","0","0","0","0","0","0","7","0","","67","11","2021","3","40.025001","-75.074072","0505","6","0","0","0","0","0","0","0","0","","0","0","0","","","0","N","0","","40 01:30.004","","0","75 04:26.660","9","0","0","0","67301","0","0","0","N","0","0","0","1","67301","0","","4.0","","1","N","N","N","0","","0","0","0","","0","","","1","0","0","0","0","0","1","2","0","1","","03","","N","","","","","","","","","",""
"2021128183","1957","0","0","0","0","0","0","0","0","0","7","0","","67","12","2021","3","39.990771","-75.204366","1948","6","0","0","0","0","0","0","0","0","","0","0","0","","","0","N","0","","39 59:26.775","4","0","75 12:15.719","0","0","0","0","67301","0","0","0","N","0","0","0","1","68K01","0","","3.0","2020.0","1","N","N","N","0","","0","0","1","","0","N","","1","0","0","0","0","0","0","2","0","1","","","","N","","","","","","","","","",""
"2021087742","1801","1","0","0","0","0","0","0","0","0","1","0","","67","9","2021","4","40.007867","-75.191338","1801","6","0","0","0","0","0","0","0","0","","0","0","0","","","1","N","0","","40 00:28.320","","3","75 11:28.816","3","0","0","0","67301","0","0","0","N","0","0","0","2","67301","0","","1.0","","1","N","N","N","0","","1","0","1","","0","","","2","1","1","0","0","0","0","2","0","2","","03","","N","","","","","","","","","",""
"2021119708","2020","0","0","0","0","0","0","0","0","0","7","0","","67","12","2021","1","40.023292","-75.111053","2012","6","0","0","0","0","0","0","0","0","","0","0","0","","","1","N","0","","40 01:23.850","1","3","75 06:39.792","3","0","0","0","67301","0","0","0","N","0","0","0","1","67301","0","","6.0","2056.0","1","N","N","N","1","","1","0","0","","0","N","","1","1","0","0","0","0","0","2","0","1","","03","","N","","","","","","","","","",""
"2021083323","1032","1","0","0","1","0","0","0","0","0","5","0","","67","9","2021","7","39.958058","-75.162286","1030","6","0","0","0","0","0","0","0","0","","0","0","0","","","1","","1","","39 57:29.007","","3","75 09:44.230","3","0","0","0","67301","1","0","0","N","0","0","0","2","67301","0","","1.0","","1","N","N","N","0","","1","0","0","","2","","","2","1","1","0","0","0","0","2","0","1","","04","","N","","","","","","","","","",""
"2021099906","1416","0","0","0","0","0","0","0","0","0","1","0","","67","9","2021","1","39.969652","-75.125889","1402","6","0","0","0","0","0","0","0","0","","0","0","0","","","2","N","0","","39 58:10.748","","0","75 07:33.200","3","0","0","0","67301","0","0","0","N","0","0","0","6","68K01","0","","1.0","","1","N","N","N","0","","2","0","2","","0","","","3","2","0","0","0","0","1","2","0","3","","04","","N","","","","","","","","","",""
"2021086269","1423","0","0","0","0","0","0","0","0","0","8","0","","67","9","2021","2","40.103906","-75.028276","1408","6","0","0","0","0","0","1","0","0","","0","0","0","","","2","N","0","","40 06:14.060","","0","75 01:41.792","3","0","0","0","67301","1","0","0","N","1","0","0","2","67301","0","","5.0","","1","N","N","N","0","","1","0","2","","0","","","3","2","0","0","0","1","0","2","0","2","","03","","N","","","","","","","","","",""
"2021120197","0850","2","0","0","0","0","0","0","0","0","1","0","","67","12","2021","2","39.904909","-75.195526","0840","6","0","0","0","0","0","1","0","0","","0","0","0","","","1","N","0","","39 54:17.673","","0","75 11:43.894","4","0","0","0","67301","0","0","0","N","0","0","0","3","67301","1","","1.0","","1","N","N","N","0","","0","0","1","","0","","","3","1","0","0","0","0","0","2","0","3","","04","","N","","","","","","","","","",""
"2021118537","0017","1","0","0","0","0","0","0","0","0","4","0","","67","11","2021","2","39.903801","-75.173812","0011","6","0","0","0","0","0","1","0","0","","0","0","0","","","0","N","0","","39 54:13.685","","7","75 10:25.724","9","0","0","0","67301","0","0","0","N","0","0","0","2","67301","0","","1.0","","1","N","N","N","0","","0","0","1","","2","","","2","0","0","0","0","0","1","2","0","2","","","","N","","","","","","","","","",""
"2021121983","0115","2","0","0","0","0","0","0","0","0","5","0","","67","12","2021","1","39.956907","-75.225049","0105","6","0","0","0","0","0","0","0","0","","0","0","0","","","0","N","0","","39 57:24.866","","0","75 13:30.177","0","0","0","0","67301","0","0","0","N","0","0","0","3","67301","0","","1.0","","1","N","N","N","0","","0","0","0","","0","","","2","0","0","0","0","0","0","2","0","2","","03","","N","","","","","","","","","",""
"2021086242","2130","0","0","0","0","0","0","0","0","0","4","0","","67","9","2021","6","39.937075","-75.212245","2100","6","0","0","0","0","0","0","0","1","","0","0","0","","","1","","3","","39 56:13.469","","0","75 12:44.082","8","0","0","0","67301","0","0","0","N","0","0","0","2","67301","0","","1.0","","1","N","N","N","0","","0","0","2","","3","","","2","1","0","0","0","1","0","2","0","2","","04","","N","","","","","","","","","",""
"2021117793","1559","1","0","0","0","0","0","0","0","0","4","0","","67","12","2021","5","39.958694","-75.150343","1556","6","0","0","0","0","0","0","0","0","","0","0","0","","","0","","1","","39 57:31.298","","0","75 09:01.234","0","0","0","0","67301","0","0","0","N","0","0","0","2","67301","0","","1.0","","1","N","N","N","0","","0","0","1","","3","","","2","0","0","0","0","0","0","2","0","2","","03","","N","","","","","","","","","",""
"2021118889","1010","2","0","0","0","0","0","0","0","0","1","0","","67","12","2021","2","39.967337","-75.160419","1015","6","0","0","0","0","0","0","0","0","","0","0","0","","","2","N","0","","39 58:02.412","","0","75 09:37.509","4","0","0","0","67301","0","0","0","N","0","0","0","3","67301","2","","1.0","","1","N","N","N","0","","0","0","0","","0","","","3","2","2","0","0","0","0","2","0","3","","04","","N","","","","","","","","","",""
"2021092882","2345","1","0","0","0","0","0","0","0","0","1","0","","67","9","2021","6","39.981294","-75.206727","2335","6","0","0","0","0","0","0","0","0","","0","0","0","","","0","N","0","","39 58:52.659","","0","75 12:24.217","0","0","0","0","67301","0","0","0","N","0","0","0","2","68K01","0","","1.0","","1","N","N","N","0","","0","0","1","","0","","","2","0","0","0","0","0","0","2","0","2","","","","N","","","","","","","","","",""
"2021109121","2231","0","0","0","0","0","0","0","0","0","7","0","","67","9","2021","2","39.948584","-75.185944","2225","6","0","0","0","0","0","0","0","0","","0","0","0","","","4","","7","","39 56:54.903","3","2","75 11:09.398","8","0","0","0","67301","0","0","0","N","0","0","0","4","68K01","0","","7.0","2300.0","1","N","N","N","0","","0","0","1","","0","Y","","1","4","4","0","0","4","0","2","0","1","","03","","N","","","","","","","","","",""
"2021085682","1718","2","0","0","0","0","0","0","0","0","5","0","","67","9","2021","6","40.013742","-75.0928","1710","6","0","0","0","0","0","0","0","0","","0","0","0","","","1","N","0","","40 00:49.470","7","0","75 05:34.080","3","0","0","0","67301","0","0","0","N","0","0","0","1","67301","0","","6.0","1755.0","1","N","N","N","0","","1","0","0","","0","N","","3","1","0","0","0","0","0","2","1","3","","","","N","","","","","","","","","",""
"2021117483","","0","0","0","0","0","0","0","0","0","1","0","","67","10","2021","4","39.983835","-75.161729","","6","0","0","0","0","0","0","0","0","","0","0","0","","","1","","1","","39 59:01.806","","0","75 09:42.223","8","0","0","0","67301","0","0","0","N","0","0","0","2","00000","0","","1.0","","1","N","N","N","0","","0","0","1","","2","","","2","1","0","0","0","1","0","2","0","2","","","","N","","","","","","","","","",""
"2021083175","1650","0","0","0","0","0","0","0","0","0","4","0","","67","9","2021","6","40.08775","-75.044667","1640","6","0","0","0","0","0","1","1","0","","0","0","0","","","3","Y","0","","40 05:15.900","1","7","75 02:40.800","3","0","0","0","67301","0","0","0","N","0","0","0","3","67301","0","","1.0","1745.0","1","N","N","N","0","","3","0","2","","2","N","","2","3","0","0","0","0","0","2","0","2","","03","","N","","","","","","","","","",""
"2021087905","1326","1","0","0","0","0","0","0","0","0","7","0","","67","9","2021","6","39.986236","-75.209825","1324","6","0","0","0","0","0","0","0","0","","0","0","0","","","1","N","0","","39 59:10.450","5","0","75 12:35.370","3","0","0","0","67301","0","0","0","N","0","0","0","1","67301","0","","4.0","1530.0","1","N","N","N","0","","1","0","0","","0","Y","","1","1","0","0","0","0","0","2","0","1","","","","N","","","","","","","","","",""
"2021087678","0758","0","0","0","0","0","0","0","0","0","7","0","","67","9","2021","6","40.036576","-75.198211","0746","6","0","0","0","0","0","0","0","0","","0","0","0","","","0","","11","","40 02:11.673","","0","75 11:53.559","9","0","0","0","67301","0","0","0","N","0","0","0","1","67301","0","","4.0","","9","N","N","N","0","","0","0","1","","0","","","1","0","0","0","0","0","1","2","0","1","","04","","N","","","","","","","","","",""
"2021087578","1350","2","0","0","0","0","0","0","0","0","4","0","","67","9","2021","4","39.957951","-75.227322","1344","6","0","0","0","0","0","0","1","1","","0","0","0","","","0","","1","","39 57:28.623","","0","75 13:38.359","9","0","0","0","67301","0","0","0","N","0","0","0","2","67301","0","","1.0","","1","N","N","N","0","","0","0","0","","3","","","2","0","2","0","0","0","1","2","0","2","","","","N","","","","","","","","","",""
"2021123467","0046","2","0","0","0","0","0","0","0","0","4","0","","67","12","2021","2","40.011545","-75.108042","0045","6","0","0","1","1","0","0","0","0","","0","0","0","","","0","","1","","40 00:41.562","","0","75 06:28.950","9","0","0","0","67301","0","0","0","N","0","0","0","2","67301","0","","1.0","","1","N","N","N","0","","0","0","0","","2","","","2","0","2","0","0","0","1","2","0","2","","03","","N","","","","","","","","","",""
"2021128446","2342","0","0","0","0","0","0","0","0","0","7","0","","67","6","2021","6","40.039419","-75.088479","2335","6","0","0","0","0","0","0","0","0","","0","0","0","","","0","N","0","","40 02:21.907","5","0","75 05:18.524","0","0","0","0","67301","0","0","0","N","0","0","0","1","67301","0","","5.0","500.0","1","N","N","N","1","","0","0","0","","0","Y","","1","0","0","0","0","0","0","2","0","1","","","","N","","","","","","","","","",""
"2021128198","0001","2","0","0","0","0","0","0","0","0","1","0","","67","12","2021","2","39.888611","-75.202659","2347","6","0","0","0","0","0","0","0","0","","0","0","0","","","1","N","0","","39 53:19.001","1","3","75 12:09.574","8","0","0","0","67301","0","0","0","N","0","0","0","2","68K01","0","","1.0","100.0","1","N","N","N","0","","0","0","0","","0","N","","2","1","0","0","0","1","0","2","0","2","","","","N","","","","","","","","","",""
"2021118721","2231","2","0","0","0","0","0","0","0","0","1","0","","67","12","2021","7","39.954528","-75.143861","2227","6","0","0","0","0","0","0","0","0","","0","0","0","","","0","N","0","","39 57:16.300","3","3","75 08:37.900","0","0","0","0","67301","0","0","0","N","0","0","0","4","67501","0","","1.0","2324.0","1","N","N","N","0","","0","0","0","","0","N","","2","0","0","0","0","0","0","2","0","2","","03","","N","","","","","","","","","",""
"2021127450","1154","2","0","0","0","0","0","0","0","0","2","0","","67","12","2021","7","39.933558","-75.231686","1154","6","0","0","0","0","0","0","0","0","","0","0","0","","","1","N","0","","39 56:00.810","","0","75 13:54.070","3","0","0","0","67301","0","0","0","N","0","0","0","1","67301","0","","1.0","","9","N","N","N","0","","1","0","0","","0","","","2","1","0","0","0","0","0","2","0","2","","07","","N","","","","","","","","","",""