"CRN","ARRIVAL_TM","AUTOMOBILE_COUNT","BELTED_DEATH_COUNT","BELTED_SUSP_SERIOUS_INJ_COUNT","BICYCLE_COUNT","BICYCLE_DEATH_COUNT","BICYCLE_SUSP_SERIOUS_INJ_COUNT","BUS_COUNT","CHLDPAS_DEATH_COUNT","CHLDPAS_SUSP_SERIOUS_INJ_COUNT","COLLISION_TYPE","COMM_VEH_COUNT","CONS_ZONE_SPD_LIM","COUNTY","CRASH_MONTH","CRASH_YEAR","DAY_OF_WEEK","DEC_LATITUDE","DEC_LONGITUDE","DISPATCH_TM","DISTRICT","DRIVER_COUNT_16YR","DRIVER_COUNT_17YR","DRIVER_COUNT_18YR","DRIVER_COUNT_19YR","DRIVER_COUNT_20YR","DRIVER_COUNT_50_64YR","DRIVER_COUNT_65_74YR","DRIVER_COUNT_75PLUS","EST_HRS_CLOSED","FATAL_COUNT","HEAVY_TRUCK_COUNT","HORSE_BUGGY_COUNT","HOUR_OF_DAY","ILLUMINATION","INJURY_COUNT","INTERSECTION_RELATED","INTERSECT_TYPE","LANE_CLOSED","LATITUDE","LN_CLOSE_DIR","LOCATION_TYPE","LONGITUDE","MAX_SEVERITY_LEVEL","MCYCLE_DEATH_COUNT","MCYCLE_SUSP_SERIOUS_INJ_COUNT","MOTORCYCLE_COUNT","MUNICIPALITY","NONMOTR_COUNT","NONMOTR_DEATH_COUNT","NONMOTR_SUSP_SERIOUS_INJ_COUNT","NTFY_HIWY_MAINT","PED_COUNT","PED_DEATH_COUNT","PED_SUSP_SERIOUS_INJ_COUNT","PERSON_COUNT","POLICE_AGCY","POSSIBLE_INJ_COUNT","RDWY_SURF_TYPE_CD","RELATION_TO_ROAD","ROADWAY_CLEARED","ROAD_CONDITION","SCH_BUS_IND","SCH_ZONE_IND","SECONDARY_CRASH","SMALL_TRUCK_COUNT","SPEC_JURIS_CD","SUSP_MINOR_INJ_COUNT","SUSP_SERIOUS_INJ_COUNT","SUV_COUNT","TCD_FUNC_CD","TCD_TYPE","TFC_DETOUR_IND","TIME_OF_DAY","TOTAL_UNITS","TOT_INJ_COUNT","UNBELTED_OCC_COUNT","UNB_DEATH_COUNT","UNB_SUSP_SERIOUS_INJ_COUNT","UNK_INJ_DEG_COUNT","UNK_INJ_PER_COUNT","URBAN_RURAL","VAN_COUNT","VEHICLE_COUNT","WEATHER1","WEATHER2","WORKERS_PRES","WORK_ZONE_IND","WORK_ZONE_LOC","WORK_ZONE_TYPE","WZ_CLOSE_DETOUR","WZ_FLAGGER","WZ_LAW_OFFCR_IND","WZ_LN_CLOSURE","WZ_MOVING","WZ_OTHER","WZ_SHLDER_MDN","WZ_WORKERS_INJ_KILLED"
"2021116407","1030","1","0","0","0","0","0","0","0","0","8","0","","67","11","2021","2","39.984194","-75.152838","1027","6","0","0","0","0","0","0","0","0","","0","0","0","","","1","","1","","39 59:03.100","","0","75 09:10.215","8","0","0","0","67301","1","0","0","N","1","0","0","2","67505","0","","1.0","","1","N","N","N","0","","0","0","0","","2","","","2","1","1","0","0","1","0","2","0","1","","03","","N","","","","","","","","","",""
"2021116799","2200","1","0","0","0","0","0","0","0","0","4","0","","67","11","2021","2","39.909271","-75.172964","2200","6","0","0","1","0","0","0","0","0","","0","0","0","","","0","","2","","39 54:33.377","","0","75 10:22.671","0","0","0","0","67301","0","0","0","N","0","0","0","3","67301","0","","1.0","","1","N","N","N","0","","0","0","1","","2","","","2","0","0","0","0","0","0","2","0","2","","03","","N","","","","","","","","","",""
"2021086329","0005","2","0","0","0","0","0","0","0","0","5","0","","67","9","2021","2","40.056664","-75.184536","0000","6","0","0","0","0","0","0","0","0","","0","0","0","","","0","N","0","","40 03:23.990","3","0","75 11:04.330","9","0","0","0","67301","0","0","0","N","0","0","0","1","67301","0","","6.0","224.0","1","N","N","N","0","","0","0","2","","0","Y","","5","0","0","0","0","0","1","2","1","5","","03","","N","","","","","","","","","",""
"2021119684","0044","1","0","0","0","0","0","0","0","0","4","0","","67","12","2021","2","40.060851","-75.059497","0031","6","0","1","0","0","0","0","0","0","","0","0","0","","","1","","1","","40 03:39.063","","0","75 03:34.189","8","0","0","0","67301","0","0","0","N","0","0","0","3","67301","0","","1.0","","1","N","N","Y","1","","0","0","1","","3","","","3","1","0","0","0","1","0","2","0","3","","03","","N","","","","","","","","","",""
"2021119440","2001","0","0","0","0","0","0","0","0","0","5","0","","67","12","2021","7","39.928331","-75.170569","1949","6","0","0","0","0","0","0","0","1","","0","0","0","","","1","N","0","","39 55:41.990","","0","75 10:14.050","3","0","0","0","67301","0","0","0","N","0","0","0","1","67301","0","","6.0","","1","N","N","N","0","","1","0","2","","0","","","2","1","0","0","0","0","0","2","0","2","","03","","N","","","","","","","","","",""
"2021118247","1200","0","0","0","0","0","0","0","0","0","8","0","","67","12","2021","4","40.04324","-75.052268","1153","6","0","0","0","0","0","1","0","0","","0","0","0","","","1","","1","","40 02:35.664","","0","75 03:08.163","3","0","0","0","67301","1","0","0","N","1","0","0","2","67301","0","","1.0","","1","N","N","N","0","","1","0","1","","2","","","2","1","0","0","0","0","0","2","0","1","","03","","N","","","","","","","","","",""
"2021095480","1521","1","0","0","0","0","0","0","0","0","8","0","","67","9","2021","6","40.029422","-75.124695","1521","6","0","0","0","0","0","0","0","0","","0","0","0","","","1","","1","","40 01:45.919","6","0","75 07:28.901","2","0","0","0","67301","1","0","1","N","1","0","1","2","67301","0","","1.0","1645.0","1","N","Y","N","0","","0","1","0","","2","Y","","2","1","0","0","0","0","1","2","0","1","","03","","N","","","","","","","","","",""
"2021085430","0425","2","0","0","0","0","0","0","0","0","5","0","","67","9","2021","6","39.963779","-75.161166","0425","6","0","0","0","0","0","0","0","0","","0","0","0","","","2","","2","","39 57:49.605","","0","75 09:40.199","2","0","0","0","67301","0","0","0","N","0","0","0","2","67301","0","","1.0","","1","N","N","Y","0","","0","1","0","","2","","","2","2","2","0","1","1","0","2","0","2","","03","","N","","","","","","","","","",""
"2021118849","1242","1","0","0","0","0","0","0","0","0","4","0","","67","12","2021","5","40.134374","-75.009144","1234","6","0","0","0","0","1","1","0","0","","0","0","0","","","3","","1","","40 08:03.746","","0","75 00:32.919","4","0","0","0","67301","0","0","0","N","0","0","0","6","67301","2","","1.0","","1","N","N","Y","1","","0","0","1","","2","","","3","3","0","0","0","1","0","2","0","3","","","","N","","","","","","","","","",""
"2021083277","0838","0","0","0","0","0","0","0","0","0","4","0","","67","9","2021","6","40.012411","-75.150553","0837","6","0","0","0","1","0","0","0","0","","0","0","0","","","1","","1","","40 00:44.679","","0","75 09:01.989","3","0","0","1","67301","0","0","0","N","0","0","0","2","67301","0","","1.0","","1","N","N","N","1","","1","0","0","","2","","","2","1","0","0","0","0","0","2","0","2","","03","","N","","","","","","","","","",""
"2021119293","0052","3","0","0","0","0","0","0","0","0","4","0","","67","12","2021","2","39.999297","-75.110655","0052","6","0","0","0","0","0","1","0","0","","0","0","0","","","0","","1","","39 59:57.469","3","0","75 06:38.357","0","0","0","0","67301","0","0","0","N","0","0","0","3","67301","0","","1.0","200.0","9","N","N","N","0","","0","0","1","","2","Y","","4","0","0","0","0","0","0","2","0","4","","","","N","","","","","","","","","",""
"2021086255","1232","1","0","0","0","0","0","0","0","0","4","0","","67","9","2021","1","40.040372","-75.166626","1232","6","0","0","0","0","0","0","0","0","","0","0","0","","","0","","1","","40 02:25.339","","0","75 09:59.853","9","0","0","0","67301","0","0","0","N","0","0","0","2","67301","0","","1.0","","1","N","N","N","1","","0","0","0","","3","","","2","0","1","0","0","0","1","2","0","2","","","","N","","","","","","","","","",""
"2021085415","1550","4","0","0","0","0","0","0","0","0","1","0","","67","9","2021","4","39.917195","-75.191526","1543","6","0","0","0","0","1","0","0","0","","0","0","0","","","1","N","0","","39 55:01.903","","0","75 11:29.494","3","0","0","0","67301","0","0","0","N","0","0","0","4","67301","0","","1.0","","1","N","N","N","0","","1","0","0","","0","","","4","1","0","0","0","0","0","2","0","4","","03","","N","","","","","","","","","",""
"2021128505","1815","1","0","0","0","0","0","1","0","0","5","1","","67","12","2021","4","40.056215","-75.149475","1800","6","0","0","0","0","0","0","0","0","","0","0","0","","","1","","1","","40 03:22.374","","0","75 08:58.110","8","0","0","0","67301","0","0","0","N","0","0","0","3","67508","0","","1.0","","1","N","N","Y","0","","0","0","0","","2","N","","2","1","0","0","0","1","0","2","0","2","","03","","N","","","","","","","","","",""
"2021117942","0254","2","0","0","0","0","0","0","0","0","6","0","","67","12","2021","5","39.983097","-75.118845","0252","6","0","0","0","0","0","0","0","0","","0","0","0","","","0","N","0","","39 58:59.148","3","0","75 07:07.843","9","0","0","0","67301","0","0","0","N","0","0","0","1","67301","0","","3.0","400.0","9","N","N","N","0","","0","0","0","","0","N","","2","0","0","0","0","0","1","2","0","2","","07","","N","","","","","","","","","",""
"2021119443","1948","0","0","0","0","0","0","0","0","0","8","0","","67","12","2021","2","39.971849","-75.260562","1944","6","0","0","0","0","0","0","0","0","","0","0","0","","","1","","3","","39 58:18.656","6","0","75 15:38.023","2","0","0","0","67301","1","0","1","N","1","0","1","2","67301","0","","1.0","2010.0","9","N","N","N","0","","0","1","1","","3","Y","","2","1","0","0","0","0","0","2","0","1","","","","N","","","","","","","","","",""
"2021119441","1800","1","0","0","0","0","0","0","0","0","1","0","","67","12","2021","7","39.987686","-75.216232","1748","6","0","0","0","0","0","1","0","0","","0","0","0","","","2","","3","","39 59:15.669","","0","75 12:58.434","3","0","0","0","67301","0","0","0","N","0","0","0","4","67301","0","","1.0","","1","N","N","N","0","","2","0","1","","2","","","3","2","0","0","0","0","0","2","1","3","","03","","N","","","","","","","","","",""
"2021101024","0145","1","0","0","0","0","0","0","0","0","4","0","","67","9","2021","5","40.011496","-75.131811","0139","6","0","0","0","0","0","0","0","0","","0","0","0","","","0","","2","","40 00:41.387","","0","75 07:54.518","9","0","0","0","67301","0","0","0","N","0","0","0","2","67301","0","","1.0","","9","N","N","N","0","","0","0","0","","3","","","2","0","0","0","0","0","1","2","1","2","","03","","N","","","","","","","","","",""
"2021127222","2150","1","0","0","0","0","0","0","0","0","4","0","","67","12","2021","6","40.017878","-75.080686","2150","6","0","0","0","0","0","0","0","0","","0","0","0","","","0","","1","","40 01:04.360","","0","75 04:50.469","9","0","0","0","67301","0","0","0","N","0","0","0","2","67301","0","","1.0","","1","N","N","N","0","","0","0","1","","3","","","2","0","0","0","0","0","1","2","0","2","","03","","N","","","","","","","","","",""
"2021087663","1612","2","0","0","0","0","0","0","0","0","1","0","","67","9","2021","5","40.045528","-75.176528","1611","6","0","0","0","0","0","0","0","0","","0","0","0","","","1","Y","0","","40 02:43.900","","0","75 10:35.500","3","0","0","0","67301","0","0","0","N","0","0","0","2","67301","0","","1.0","","1","N","N","N","0","","1","0","0","","3","","","2","1","0","0","0","0","1","2","0","2","","","","N","","","","","","","","","",""
"2021118426","1730","2","0","0","0","0","0","0","0","0","4","0","","67","12","2021","6","40.009194","-75.082139","1726","6","0","0","1","0","0","0","0","0","","0","0","0","","","1","","1","","40 00:33.098","","0","75 04:55.700","3","0","0","0","67301","0","0","0","N","0","0","0","3","67301","0","","1.0","","1","N","N","N","0","","1","0","0","","3","","","2","1","0","0","0","0","0","2","0","2","","03","","N","","","","","","","","","",""
"2021128173","1615","0","0","0","0","0","0","0","0","0","7","0","","67","12","2021","5","39.941925","-75.185061","1611","6","0","0","0","0","0","0","0","0","","0","0","0","","","0","N","0","","39 56:30.930","4","0","75 11:06.220","0","0","0","0","67301","0","0","0","N","0","0","0","1","67301","0","","5.0","1645.0","1","N","N","N","0","","0","0","1","","0","N","","1","0","0","0","0","0","0","2","0","1","","","","N","","","","","","","","","",""
"2021083377","1307","1","0","0","0","0","0","0","0","0","5","0","","67","9","2021","7","40.059847","-75.159594","1307","6","0","0","0","0","1","0","0","0","","0","0","0","","","1","N","0","","40 03:35.450","","0","75 09:34.540","3","0","0","0","67301","0","0","0","N","0","0","0","4","67301","0","","1.0","","1","N","N","N","0","","1","0","1","","0","","","2","1","0","0","0","0","0","2","0","2","","","","N","","","","","","","","","",""
"2021117919","1441","1","0","0","0","0","0","0","0","0","4","0","","67","11","2021","2","40.054847","-75.168958","1440","6","0","0","0","0","0","1","0","0","","0","0","0","","","2","","1","","40 03:17.448","","0","75 10:08.247","3","0","0","0","67301","0","0","0","N","0","0","0","3","67301","0","","1.0","","1","N","N","N","0","","1","0","1","","2","","","2","2","0","0","0","1","0","2","0","2","","03","","N","","","","","","","","","",""
"2021092754","0720","1","0","0","0","0","0","0","0","0","8","0","","67","9","2021","6","39.960801","-75.231087","0715","6","0","0","1","0","0","0","0","0","","0","0","0","","","1","N","0","","39 57:38.885","","1","75 13:51.913","4","0","0","0","67301","1","0","0","N","1","0","0","2","67508","1","","1.0","","1","N","N","Y","0","","0","0","0","","0","N","","2","1","1","0","0","0","0","2","0","1","","03","","N","","","","","","","","","",""
"2021123368","1429","0","0","0","0","0","0","0","0","0","1","0","","67","12","2021","1","39.969549","-75.126043","1414","6","0","0","0","0","1","1","0","0","","0","0","0","","","1","N","0","","39 58:10.376","","3","75 07:33.753","4","0","0","0","67301","0","0","0","N","0","0","0","3","68K01","1","","1.0","","1","N","N","N","0","","0","0","2","","0","","","3","1","0","0","0","0","0","2","0","3","","","","N","","","","","","","","","",""
"2021085456","1319","0","0","0","0","0","0","0","0","0","4","0","","67","9","2021","6","40.04727","-75.167746","1314","6","0","0","0","0","1","0","0","0","","0","0","0","","","2","","1","","40 02:50.173","","0","75 10:03.884","3","0","0","1","67301","0","0","0","N","0","0","0","2","67301","0","","1.0","","1","N","N","N","0","","2","0","1","","2","","","2","2","0","0","0","0","0","2","0","2","","","","N","","","","","","","","","",""
"2021087994","1615","1","0","0","0","0","0","0","0","0","5","0","","67","9","2021","5","39.971318","-75.158841","1621","6","0","0","0","0","0","1","0","0","","0","0","0","","","2","N","0","","39 58:16.743","","0","75 09:31.828","3","0","0","1","67301","0","0","0","N","0","0","0","3","67301","0","","1.0","","1","N","N","N","0","","1","0","1","","0","","","3","2","1","0","0","1","0","2","0","3","","03","","N","","","","","","","","","",""
"2021101020","1205","1","0","0","0","0","0","0","0","0","4","0","","67","9","2021","7","40.015677","-75.140093","1200","6","0","0","0","0","0","0","0","0","","0","0","0","","","0","","1","","40 00:56.437","","0","75 08:24.334","0","0","0","0","67301","0","0","0","N","0","0","0","2","67301","0","","1.0","","1","N","N","N","0","","0","0","2","","2","","","4","0","0","0","0","0","0","2","0","4","","03","","N","","","","","","","","","",""
"2021087442","1948","1","0","0","0","0","0","0","0","0","5","0","","67","9","2021","4","39.991011","-75.174267","1947","6","0","0","0","0","0","0","0","0","","0","0","0","","","0","N","0","","39 59:27.640","4","0","75 10:27.360","9","0","0","0","67301","0","0","0","N","0","0","0","1","67301","0","","6.0","2050.0","1","N","N","N","0","","0","0","1","","0","N","","4","0","0","0","0","0","1","2","2","4","","03","","N","","","","","","","","","",""
"2021096670","0117","2","0","0","0","0","0","0","0","0","4","0","","67","9","2021","1","39.948897","-75.245515","0101","6","0","0","0","0","0","0","0","0","","0","0","0","","","1","","1","","39 56:56.029","","0","75 14:43.854","8","0","0","0","67301","0","0","0","N","0","0","0","3","67301","0","","1.0","","1","N","N","N","0","","0","0","1","","3","","","4","1","1","0","0","1","0","2","1","4","","03","","N","","","","","","","","","",""
"2021118696","1932","1","0","0","0","0","0","0","0","0","4","0","","67","12","2021","6","39.978158","-75.176291","1926","6","0","0","0","0","1","0","0","0","","0","0","0","","","1","","1","","39 58:41.367","","0","75 10:34.648","4","0","0","0","67301","0","0","0","N","0","0","0","2","67301","1","","1.0","","1","N","N","N","0","","0","0","1","","2","","","2","1","0","0","0","0","0","2","0","2","","03","","N","","","","","","","","","",""
"2021123834","1327","0","0","0","0","0","0","0","0","0","8","0","","67","12","2021","6","40.032702","-75.030177","1322","6","0","0","0","0","0","0","1","0","","0","0","0","","","1","N","0","","40 01:57.728","","0","75 01:48.638","4","0","0","0","67301","1","0","0","N","1","0","0","2","67301","1","","1.0","","1","N","N","N","0","","0","0","1","","0","","","2","1","1","0","0","0","0","2","0","1","","","","N","","","","","","","","","",""
"2021086337","1203","1","0","0","1","0","0","0","0","0","8","0","","67","9","2021","2","39.989261","-75.154697","1158","6","0","0","0","0","0","0","1","0","","0","0","0","","","1","N","0","","39 59:21.340","4","0","75 09:16.910","3","0","0","0","67301","1","0","0","N","0","0","0","2","67301","0","","1.0","1330.0","1","N","N","N","0","","1","0","0","","0","Y","","2","1","0","0","0","0","0","2","0","1","","03","","N","","","","","","","","","",""
"2021126438","1344","1","0","0","0","0","0","0","0","0","4","0","","67","12","2021","1","39.999027","-75.133244","1335","6","0","0","0","0","0","0","1","0","","0","0","0","","","0","","1","","39 59:56.498","","0","75 07:59.680","0","0","0","0","67301","0","0","0","N","0","0","0","2","67301","0","","1.0","","1","N","N","N","0","","0","0","1","","0","","","2","0","0","0","0","0","0","2","0","2","","03","","N","","","","","","","","","",""
"2021096671","0305","2","0","0","0","0","0","0","0","0","4","0","","67","9","2021","1","39.953093","-75.181793","0305","6","0","0","0","0","0","0","0","0","","0","0","0","","","0","","1","","39 57:11.135","","8","75 10:54.456","0","0","0","0","67301","0","0","0","N","0","0","0","2","67301","0","","1.0","","1","N","N","N","0","","0","0","0","","2","","","2","0","0","0","0","0","0","2","0","2","","03","","N","","","","","","","","","",""
"2021086336","2028","1","0","0","0","0","0","0","0","0","5","0","","67","9","2021","2","40.10238","-75.005155","2025","6","0","0","0","0","0","0","0","0","","0","0","0","","","3","N","0","","40 06:08.567","","6","75 00:18.558","3","0","0","0","67301","0","0","0","N","0","0","0","4","67301","0","","1.0","","1","N","N","N","1","","2","0","0","","0","","","2","3","3","0","0","1","0","2","0","2","","03","","N","","","","","","","","","",""
"2021126576","0410","1","0","0","0","0","0","0","0","0","2","0","","67","12","2021","6","40.044981","-75.149672","0400","6","0","0","0","0","0","0","0","0","","0","0","0","","","1","","1","","40 02:41.931","","0","75 08:58.819","2","0","0","0","67301","0","0","0","N","0","0","0","2","67301","0","","1.0","","1","N","N","N","0","","0","1","1","","2","","","2","1","1","0","1","0","0","2","0","2","","03","","N","","","","","","","","","",""
"2021126175","1130","2","0","0","0","0","0","0","0","0","4","0","","67","12","2021","4","40.033146","-75.10696","1119","6","0","0","0","0","0","1","0","0","","0","0","0","","","2","","1","","40 01:59.326","","0","75 06:25.057","3","0","0","0","67301","0","0","0","N","0","0","0","2","67301","0","","1.0","","1","N","N","N","0","","2","0","0","","2","","","2","2","0","0","0","0","0","2","0","2","","","","N","","","","","","","","","",""
"2021091439","1555","1","0","0","0","0","0","0","0","0","1","0","","67","9","2021","5","40.007536","-75.200456","1547","6","0","0","0","0","0","0","0","0","","0","0","0","","","0","N","0","","40 00:27.131","","0","75 12:01.642","0","0","0","0","67301","0","0","0","N","0","0","0","2","68K01","0","","1.0","","1","N","N","N","0","","0","0","1","","0","","","2","0","0","0","0","0","0","2","0","2","","03","","N","","","","","","","","","",""
"2021085632","2025","0","0","0","0","0","0","0","0","0","5","0","","67","9","2021","6","39.958231","-75.151214","2023","6","0","1","0","0","0","0","0","0","","0","0","0","","","0","N","0","","39 57:29.630","4","0","75 09:04.370","0","0","0","0","67301","0","0","0","N","0","0","0","4","67301","0","","1.0","2230.0","1","N","N","N","0","","0","0","4","","0","Y","","5","0","0","0","0","0","0","2","0","4","","03","","N","","","","","","","","","",""
"2021110709","1126","0","0","0","0","0","0","0","0","0","8","0","","67","9","2021","3","39.991728","-75.122053","1126","6","0","0","0","0","0","0","0","1","","0","0","0","","","1","N","0","","39 59:30.220","","1","75 07:19.390","8","0","0","0","67301","1","0","0","N","1","0","0","2","67301","0","","1.0","","1","N","N","N","0","","0","0","0","","0","","","2","1","0","0","0","1","0","2","1","1","","03","","N","","","","","","","","","",""
"2021089414","1803","0","0","0","1","0","0","0","0","0","8","0","","67","9","2021","4","40.041665","-75.106201","1751","6","0","0","0","0","0","0","0","0","","0","0","0","","","1","N","0","","40 02:29.994","","7","75 06:22.322","3","0","0","0","67301","1","0","0","N","0","0","0","2","67301","0","","1.0","","1","N","N","N","0","","1","0","1","","0","","","2","1","0","0","0","0","0","2","0","1","","03","","N","","","","","","","","","",""
"2021128084","0328","1","0","0","0","0","0","0","0","0","5","0","","67","12","2021","7","40.045724","-75.153763","0326","6","0","1","0","0","0","0","0","0","","0","0","0","","","1","N","0","","40 02:44.606","","0","75 09:13.548","3","0","0","0","67301","0","0","0","N","0","0","0","2","67301","0","","6.0","","9","N","N","N","0","","1","0","1","","0","","","3","1","2","0","0","0","0","2","1","3","","03","","N","","","","","","","","","",""
"2021089921","2155","0","0","0","0","0","0","0","0","0","1","0","","67","9","2021","7","40.052362","-75.157748","2155","6","0","0","0","0","0","0","0","0","","0","0","0","","","1","","5","","40 03:08.503","","0","75 09:27.892","3","0","0","0","67301","0","0","0","N","0","0","0","2","67301","0","","1.0","","1","N","N","N","0","","1","0","2","","2","","","2","1","0","0","0","0","0","2","0","2","","03","","N","","","","","","","","","",""
"2021085930","0509","0","0","0","0","0","0","0","0","0","1","0","","67","9","2021","1","39.949145","-75.184893","0505","6","0","0","0","0","0","0","0","0","","0","0","0","","","2","N","0","","39 56:56.923","3","0","75 11:05.615","8","0","0","0","67301","0","0","0","N","0","0","0","4","68K01","0","","1.0","515.0","1","N","N","N","0","","0","0","2","","0","N","","2","2","2","0","0","2","0","2","0","2","","03","","N","","","","","","","","","",""
"2021085697","1601","2","0","0","0","0","0","0","0","0","4","0","","67","9","2021","7","40.024658","-75.054508","1556","6","0","0","0","0","0","1","0","0","","0","0","0","","","0","","1","","40 01:28.770","","0","75 03:16.227","0","0","0","0","67301","0","0","0","N","0","0","0","2","67301","0","","1.0","","1","N","N","N","0","","0","0","0","","2","","","2","0","0","0","0","0","0","2","0","2","","03","","N","","","","","","","","","",""
"2021085875","2155","3","0","0","0","0","0","0","0","0","4","0","","67","9","2021","7","40.03951","-75.03345","2150","6","0","0","0","0","0","0","0","0","","0","0","0","","","4","","1","","40 02:22.235","1","0","75 02:00.419","3","0","0","0","67301","0","0","0","N","0","0","0","5","67301","0","","1.0","2220.0","1","N","N","N","0","","4","0","0","","2","N","","3","4","0","0","0","0","0","2","0","3","","","","N","","","","","","","","","",""
"2021087894","1220","1","0","0","0","0","0","0","0","0","1","0","","67","9","2021","5","39.933181","-75.184578","1215","6","0","0","0","0","0","0","0","0","","0","0","0","","","0","N","0","","39 55:59.450","","0","75 11:04.480","0","0","0","0","67301","0","0","0","N","0","0","0","1","67301","0","","6.0","","1","N","N","N","1","","0","0","1","","0","","","3","0","0","0","0","0","0","2","0","3","","03","","N","","","","","","","","","",""
"2021086271","1648","2","0","0","0","0","0","0","0","0","1","0","","67","9","2021","2","40.076716","-75.176178","1642","6","0","0","0","0","0","0","1","0","","0","0","0","","","1","","1","","40 04:36.177","","0","75 10:34.240","3","0","0","0","67301","0","0","0","N","0","0","0","3","67301","0","","1.0","","1","N","N","N","0","","1","0","0","","3","","","3","1","2","0","0","0","0","2","0","3","","03","","N","","","","","","","","","",""
"2021092875","1413","0","0","0","0","0","0","0","0","0","1","0","","67","9","2021","2","39.965147","-75.185721","1400","6","0","0","0","0","0","0","0","0","","0","0","0","","","1","N","0","","39 57:54.529","3","0","75 11:08.594","8","0","0","0","67301","0","0","0","N","0","0","0","3","68K01","0","","1.0","1401.0","1","N","N","N","2","","0","0","0","","0","N","","3","1","0","0","0","1","0","2","1","3","","","","N","","","","","","","","","",""
"2021126727","0805","1","0","0","0","0","0","0","0","0","4","0","","67","12","2021","7","39.941233","-75.210713","0801","6","0","0","0","0","0","0","0","0","","0","0","0","","","0","","3","","39 56:28.438","","0","75 12:38.565","0","0","0","0","67301","0","0","0","N","0","0","0","2","67301","0","","1.0","","9","N","N","N","0","","0","0","1","","0","","","2","0","0","0","0","0","0","2","0","2","","","","N","","","","","","","","","",""
"2021088253","1700","0","0","0","0","0","0","0","0","0","1","0","","67","9","2021","6","39.958208","-75.210116","1700","6","0","0","0","0","0","0","0","0","","0","0","0","","","1","N","0","","39 57:29.549","","0","75 12:36.416","3","0","0","0","67301","0","0","0","N","0","0","0","2","67301","0","","1.0","","1","N","N","N","0","","1","0","2","","0","","","2","1","0","0","0","0","1","2","0","2","","04","","N","","","","","","","","","",""
"2021087577","1705","0","0","0","1","0","0","0","0","0","8","0","","67","9","2021","6","39.949125","-75.212238","1704","6","0","0","0","0","0","0","0","0","","0","0","0","","","1","","3","","39 56:56.850","","0","75 12:44.055","3","0","0","0","67301","1","0","0","N","0","0","0","2","67301","0","","1.0","","1","N","N","N","0","","1","0","1","","0","","","2","1","0","0","0","0","0","2","0","1","","03","","N","","","","","","","","","",""
"2021124110","0948","1","0","0","0","0","0","0","0","0","1","0","","67","12","2021","7","40.02346","-75.139367","0948","6","0","0","0","0","0","1","0","0","","0","0","0","","","1","","1","","40 01:24.455","","0","75 08:21.721","3","0","0","0","67301","0","0","0","N","0","0","0","2","67301","0","","1.0","","99","N","N","N","0","","1","0","1","","2","","","2","1","0","0","0","0","0","2","0","2","","","","N","","","","","","","","","",""
"2021085738","1120","1","0","0","0","0","0","0","0","0","4","0","","67","9","2021","6","40.016994","-75.188321","1100","6","0","0","0","0","0","1","0","0","","0","0","0","","","3","","1","","40 01:01.180","","0","75 11:17.957","3","0","0","0","67301","0","0","0","N","0","0","0","3","67301","1","","1.0","","1","N","N","N","0","","1","0","1","","2","","","2","3","0","0","0","1","0","2","0","2","","","","N","","","","","","","","","",""
"2021117370","","1","0","0","0","0","0","0","0","0","5","0","","67","8","2021","3","","","","6","0","0","0","0","0","0","0","0","","0","0","0","","","1","N","0","","","","0","","8","0","0","0","67301","0","0","0","N","0","0","0","3","00000","0","","1.0","","1","N","N","N","0","","0","0","1","","0","","","2","1","0","0","0","1","0","1","0","2","","","","N","","","","","","","","","",""
"2021119282","0733","0","0","0","0","0","0","0","0","0","7","0","","67","12","2021","3","39.97905","-75.157861","0730","6","0","0","0","0","0","0","0","0","","0","0","0","","","1","N","0","","39 58:44.579","2","0","75 09:28.299","3","0","0","0","67301","0","0","0","N","0","0","0","7","67505","0","","5.0","815.0","1","N","N","N","0","","1","0","2","","0","N","","2","1","0","0","0","0","0","2","0","2","","03","","N","","","","","","","","","",""
"2021124056","0005","1","0","0","0","0","0","0","0","0","4","0","","67","12","2021","6","40.056566","-75.04655","2358","6","0","0","0","0","0","0","0","0","","0","0","0","","","2","","1","","40 03:23.636","7","0","75 02:47.581","4","0","0","0","67301","0","0","0","N","0","0","0","4","67301","2","","1.0","100.0","1","N","N","N","0","","0","0","1","","2","N","","2","2","0","0","0","0","0","2","0","2","","03","","N","","","","","","","","","",""
"2021087231","1854","0","0","0","0","0","0","0","0","0","1","0","","67","9","2021","3","39.953744","-75.240475","1850","6","0","0","0","0","0","0","0","0","","0","0","0","","","0","","1","","39 57:13.478","","0","75 14:25.709","9","0","0","0","67301","0","0","0","N","0","0","0","5","67301","0","","1.0","","1","N","N","N","0","","0","0","1","","2","","","2","0","2","0","0","0","1","2","1","2","","03","","N","","","","","","","","","",""
"2021088779","0314","2","0","0","0","0","0","0","0","0","1","0","","67","9","2021","7","39.955705","-75.215333","0314","6","0","0","0","0","0","0","0","0","","0","0","0","","","1","N","0","","39 57:20.538","","0","75 12:55.198","8","0","0","0","67301","0","0","0","N","0","0","0","1","67301","0","","6.0","","1","N","N","N","0","","0","0","0","","0","","","2","1","0","0","0","1","0","2","0","2","","03","","N","","","","","","","","","",""
"2021087502","2340","1","0","0","0","0","0","0","0","0","1","0","","67","9","2021","5","39.900613","-75.205363","2329","6","0","0","0","0","0","1","0","0","","0","0","0","","","0","N","0","","39 54:02.206","4","3","75 12:19.305","0","0","0","0","67301","0","0","0","N","0","0","0","1","67301","0","","1.0","130.0","1","N","N","N","0","","0","0","1","","0","Y","","2","0","0","0","0","0","0","2","0","2","","03","","N","","","","","","","","","",""