"CRN","ARRIVAL_TM","AUTOMOBILE_COUNT","BELTED_DEATH_COUNT","BELTED_SUSP_SERIOUS_INJ_COUNT","BICYCLE_COUNT","BICYCLE_DEATH_COUNT","BICYCLE_SUSP_SERIOUS_INJ_COUNT","BUS_COUNT","CHLDPAS_DEATH_COUNT","CHLDPAS_SUSP_SERIOUS_INJ_COUNT","COLLISION_TYPE","COMM_VEH_COUNT","CONS_ZONE_SPD_LIM","COUNTY","CRASH_MONTH","CRASH_YEAR","DAY_OF_WEEK","DEC_LATITUDE","DEC_LONGITUDE","DISPATCH_TM","DISTRICT","DRIVER_COUNT_16YR","DRIVER_COUNT_17YR","DRIVER_COUNT_18YR","DRIVER_COUNT_19YR","DRIVER_COUNT_20YR","DRIVER_COUNT_50_64YR","DRIVER_COUNT_65_74YR","DRIVER_COUNT_75PLUS","EST_HRS_CLOSED","FATAL_COUNT","HEAVY_TRUCK_COUNT","HORSE_BUGGY_COUNT","HOUR_OF_DAY","ILLUMINATION","INJURY_COUNT","INTERSECTION_RELATED","INTERSECT_TYPE","LANE_CLOSED","LATITUDE","LN_CLOSE_DIR","LOCATION_TYPE","LONGITUDE","MAX_SEVERITY_LEVEL","MCYCLE_DEATH_COUNT","MCYCLE_SUSP_SERIOUS_INJ_COUNT","MOTORCYCLE_COUNT","MUNICIPALITY","NONMOTR_COUNT","NONMOTR_DEATH_COUNT","NONMOTR_SUSP_SERIOUS_INJ_COUNT","NTFY_HIWY_MAINT","PED_COUNT","PED_DEATH_COUNT","PED_SUSP_SERIOUS_INJ_COUNT","PERSON_COUNT","POLICE_AGCY","POSSIBLE_INJ_COUNT","RDWY_SURF_TYPE_CD","RELATION_TO_ROAD","ROADWAY_CLEARED","ROAD_CONDITION","SCH_BUS_IND","SCH_ZONE_IND","SECONDARY_CRASH","SMALL_TRUCK_COUNT","SPEC_JURIS_CD","SUSP_MINOR_INJ_COUNT","SUSP_SERIOUS_INJ_COUNT","SUV_COUNT","TCD_FUNC_CD","TCD_TYPE","TFC_DETOUR_IND","TIME_OF_DAY","TOTAL_UNITS","TOT_INJ_COUNT","UNBELTED_OCC_COUNT","UNB_DEATH_COUNT","UNB_SUSP_SERIOUS_INJ_COUNT","UNK_INJ_DEG_COUNT","UNK_INJ_PER_COUNT","URBAN_RURAL","VAN_COUNT","VEHICLE_COUNT","WEATHER1","WEATHER2","WORKERS_PRES","WORK_ZONE_IND","WORK_ZONE_LOC","WORK_ZONE_TYPE","WZ_CLOSE_DETOUR","WZ_FLAGGER","WZ_LAW_OFFCR_IND","WZ_LN_CLOSURE","WZ_MOVING","WZ_OTHER","WZ_SHLDER_MDN","WZ_WORKERS_INJ_KILLED"
"2021128189","0204","1","0","0","0","0","0","0","0","0","7","0","","67","12","2021","1","39.960843","-75.181796","0204","6","0","0","0","0","0","0","0","0","","0","0","0","","","0","N","0","","39 57:39.034","4","0","75 10:54.465","0","0","0","0","67301","0","0","0","N","0","0","0","2","68K01","0","","3.0","208.0","1","N","N","N","0","","0","0","0","","0","N","","1","0","0","0","0","0","0","2","0","1","","","","N","","","","","","","","","",""
"2021087738","1010","1","0","0","1","0","0","0","0","0","8","0","","67","9","2021","3","40.004804","-75.177757","1005","6","0","0","0","0","0","1","0","0","","0","0","0","","","1","N","0","","40 00:17.293","","7","75 10:39.925","3","0","0","0","67301","1","0","0","N","0","0","0","2","67301","0","","1.0","","1","N","N","N","0","","1","0","0","","0","","","2","1","0","0","0","0","0","2","0","1","","","","N","","","","","","","","","",""
"2021127681","1602","0","0","0","0","0","0","0","0","0","8","0","","67","12","2021","3","39.988085","-75.157564","1602","6","0","0","0","0","0","1","0","0","","0","0","0","","","1","","1","","39 59:17.105","","0","75 09:27.231","4","0","0","0","67301","1","0","0","N","1","0","0","2","67301","1","","1.0","","1","N","N","N","0","","0","0","1","","2","","","2","1","1","0","0","0","0","2","0","1","","03","","N","","","","","","","","","",""
"2021085712","0228","1","0","0","0","0","0","0","0","0","7","0","","67","9","2021","7","39.956748","-75.138605","0228","6","0","0","0","0","0","0","0","0","","0","0","0","","","1","","2","","39 57:24.293","","0","75 08:18.977","3","0","0","0","67301","0","0","0","N","0","0","0","2","67301","0","","5.0","","1","N","N","N","0","","1","0","0","","2","","","1","1","1","0","0","0","0","2","0","1","","04","","N","","","","","","","","","",""
"2021126434","0935","1","0","0","0","0","0","0","0","0","4","0","","67","12","2021","7","39.986666","-75.156199","0933","6","0","0","0","0","0","1","0","0","","0","0","0","","","0","N","0","","39 59:11.999","","0","75 09:22.316","0","0","0","0","67301","0","0","0","N","0","0","0","2","67505","0","","1.0","","9","N","N","N","0","","0","0","1","","0","","","2","0","0","0","0","0","0","2","0","2","","07","","N","","","","","","","","","",""
"2021085876","1105","1","0","0","0","0","0","0","0","0","6","0","","67","9","2021","1","40.013539","-75.068767","1105","6","0","0","0","0","0","0","0","0","","0","0","0","","","0","N","0","","40 00:48.739","","0","75 04:07.562","0","0","0","0","67301","0","0","0","N","0","0","0","1","67301","0","","6.0","","1","N","N","N","0","","0","0","0","","0","","","3","0","0","0","0","0","0","2","2","3","","03","","N","","","","","","","","","",""
"2021115758","0102","2","0","0","0","0","0","0","0","0","4","0","","67","9","2021","6","39.940969","-75.144049","2245","6","0","0","0","0","0","0","0","0","","0","0","0","","","0","","2","","39 56:27.488","","0","75 08:38.576","0","0","0","0","67301","0","0","0","N","0","0","0","2","67301","0","","1.0","","1","N","N","N","0","","0","0","0","","3","","","2","0","1","0","0","0","0","2","0","2","","03","","N","","","","","","","","","",""
"2021126572","1800","2","0","0","0","0","0","0","0","0","4","0","","67","12","2021","7","40.061755","-75.056066","1751","6","0","0","0","0","0","1","0","0","","0","0","0","","","0","","1","","40 03:42.317","","0","75 03:21.839","0","0","0","0","67301","0","0","0","N","0","0","0","2","67301","0","","1.0","","9","N","N","N","0","","0","0","0","","1","","","2","0","0","0","0","0","0","2","0","2","","07","","N","","","","","","","","","",""
"2021085751","1403","1","0","0","0","0","0","0","0","0","4","0","","67","9","2021","7","40.057322","-75.076779","1402","6","0","0","0","0","0","0","0","0","","0","0","0","","","2","","1","","40 03:26.360","","0","75 04:36.403","3","0","0","0","67301","0","0","0","N","0","0","0","3","67301","0","","1.0","","1","N","N","N","0","","2","0","1","","2","","","2","2","0","0","0","0","0","2","0","2","","","","N","","","","","","","","","",""
"2021088735","1545","0","0","0","0","0","0","0","0","0","2","0","","67","9","2021","4","40.027168","-75.132523","1545","6","0","0","0","0","0","0","1","0","","0","0","0","","","2","N","0","","40 01:37.805","","0","75 07:57.083","8","0","0","0","67301","0","0","0","N","0","0","0","3","67301","0","","1.0","","1","N","N","N","0","","0","0","2","","0","","","2","2","0","0","0","2","0","2","0","2","","","","N","","","","","","","","","",""
"2021128262","1045","0","0","0","0","0","0","0","0","0","8","0","","67","12","2021","3","39.987377","-75.152091","1043","6","0","0","0","0","0","0","0","0","","0","0","0","","","1","","1","","39 59:14.556","","0","75 09:07.529","3","0","0","0","67301","1","0","0","N","1","0","0","2","67301","0","","1.0","","1","N","N","N","0","","1","0","0","","3","","","2","1","0","0","0","0","0","2","0","1","","03","","N","","","","","","","","","",""
"2021125180","0046","1","0","0","0","0","0","0","0","0","7","0","","67","12","2021","6","40.032487","-75.021118","0025","6","0","0","0","0","0","0","0","0","","0","0","0","","","0","N","0","","40 01:56.952","2","3","75 01:16.023","0","0","0","0","67301","0","0","0","N","0","0","0","1","68K01","0","","3.0","1255.0","1","N","N","N","0","","0","0","0","","0","Y","","1","0","0","0","0","0","0","2","0","1","","03","","N","","","","","","","","","",""
"2021087927","0805","1","0","0","0","0","0","0","0","0","8","0","","67","9","2021","6","40.044817","-75.177036","0800","6","0","0","0","0","0","0","0","0","","0","0","0","","","1","N","0","","40 02:41.340","","0","75 10:37.330","3","0","0","0","67301","1","0","0","N","1","0","0","3","67301","0","","1.0","","1","N","N","Y","1","","1","0","0","","0","","","3","1","0","0","0","0","0","2","0","2","","98","","N","","","","","","","","","",""
"2021110712","0633","0","0","0","0","0","0","0","0","0","8","0","","67","9","2021","4","39.996589","-75.117953","0632","6","0","0","0","0","0","0","0","0","","0","0","0","","","1","N","0","","39 59:47.720","","0","75 07:04.630","8","0","0","0","67301","1","0","0","N","1","0","0","2","67301","0","","1.0","","1","N","N","N","0","","0","0","0","","0","","","2","1","0","0","0","1","0","2","1","1","","98","","N","","","","","","","","","",""
"2021092881","2322","1","0","0","0","0","0","0","0","0","1","0","","67","9","2021","6","39.965404","-75.186026","2319","6","0","0","0","0","0","0","0","0","","0","0","0","","","0","N","0","","39 57:55.455","","0","75 11:09.693","0","0","0","0","67301","0","0","0","N","0","0","0","5","68K01","0","","1.0","","1","N","N","N","0","","0","0","1","","0","","","2","0","0","0","0","0","0","2","0","2","","","","N","","","","","","","","","",""
"2021124858","1323","1","0","0","0","0","0","0","0","0","4","0","","67","12","2021","2","40.055806","-75.158167","1318","6","0","0","0","0","0","0","0","0","","0","0","0","","","0","N","0","","40 03:20.900","","7","75 09:29.400","0","0","0","0","67301","0","0","0","N","0","0","0","2","67301","0","","1.0","","1","N","N","N","0","","0","0","0","","0","","","2","0","0","0","0","0","0","2","1","2","","","","N","","","","","","","","","",""
"2021089594","1256","1","0","0","0","0","0","0","0","0","4","0","","67","9","2021","4","40.034485","-75.048146","1242","6","0","0","0","0","0","0","0","0","","0","0","0","","","0","","1","","40 02:04.146","","0","75 02:53.325","0","0","0","0","67301","0","0","0","N","0","0","0","3","67301","0","","1.0","","1","N","N","N","0","","0","0","1","","3","","","2","0","0","0","0","0","0","2","0","2","","03","","N","","","","","","","","","",""
"2021104289","2021","1","0","0","0","0","0","0","0","0","1","0","","67","9","2021","6","40.022332","-75.130669","2015","6","0","0","0","0","0","0","0","0","","0","0","0","","","1","","1","","40 01:20.395","","0","75 07:50.408","3","0","0","0","67301","0","0","0","N","0","0","0","2","67301","0","","1.0","","1","N","N","N","1","","1","0","0","","3","","","2","1","0","0","0","0","0","2","0","2","","03","","N","","","","","","","","","",""
"2021120647","1020","1","0","0","0","0","0","0","0","0","5","0","","67","12","2021","1","40.017892","-75.115855","1016","6","0","0","0","0","0","0","0","0","","0","0","0","","","1","N","0","","40 01:04.412","","0","75 06:57.078","8","0","0","0","67301","0","0","0","N","0","0","0","1","67301","0","","6.0","","1","N","N","N","0","","0","0","1","","0","","","3","1","0","0","0","1","0","2","1","3","","","","N","","","","","","","","","",""
"2021088118","1309","1","0","0","0","0","0","0","0","0","4","0","","67","9","2021","6","40.097156","-75.018134","1309","6","0","0","0","0","0","0","0","0","","0","0","0","","","0","","1","","40 05:49.760","7","0","75 01:05.283","0","0","0","0","67301","0","0","0","N","0","0","0","2","67301","0","","1.0","100.0","9","N","N","N","0","","0","0","1","","2","Y","","2","0","0","0","0","0","0","2","0","2","","07","","N","","","","","","","","","",""
"2021088536","1820","1","0","0","0","0","0","0","0","0","8","0","","67","9","2021","5","39.929917","-75.241136","1816","6","0","0","0","0","0","0","0","0","","0","0","0","","","1","N","0","","39 55:47.700","3","0","75 14:28.090","3","0","0","0","67301","1","0","0","N","1","0","0","2","67301","0","","1.0","2003.0","1","N","N","N","0","","1","0","0","","0","N","","2","1","0","0","0","0","0","2","0","1","","03","","N","","","","","","","","","",""
"2021128444","0352","2","0","0","0","0","0","0","0","0","1","0","","67","4","2021","5","40.059549","-75.080487","0335","6","0","0","0","1","0","0","0","0","","0","0","0","","","1","","1","","40 03:34.377","","0","75 04:49.754","3","0","0","0","67301","0","0","0","N","0","0","0","5","67301","0","","1.0","","1","N","N","N","0","","1","0","0","","2","","","2","1","0","0","0","0","0","2","0","2","","03","","N","","","","","","","","","",""
"2021088281","1255","1","0","0","0","0","0","0","0","0","8","0","","67","9","2021","2","39.952785","-75.16685","1251","6","0","0","0","0","0","0","0","0","","0","0","0","","","1","","1","","39 57:10.026","","0","75 10:00.660","8","0","0","0","67301","1","0","0","N","1","0","0","2","67301","0","","1.0","","1","N","N","N","0","","0","0","0","","2","","","2","1","1","0","0","1","0","2","0","1","","03","","N","","","","","","","","","",""
"2021085863","1127","1","0","0","0","0","0","0","0","0","4","0","","67","9","2021","7","39.954872","-75.202435","1127","6","0","0","0","0","0","0","0","0","","0","0","0","","","0","","1","","39 57:17.539","","0","75 12:08.766","0","0","0","0","67301","0","0","0","N","0","0","0","2","67504","0","","1.0","","1","N","N","N","0","","0","0","2","","3","","","3","0","0","0","0","0","0","2","0","3","","03","","N","","","","","","","","","",""
"2021126607","0220","1","0","0","0","0","0","0","0","0","2","0","","67","12","2021","1","40.046473","-75.136251","0212","6","0","0","0","0","1","1","0","0","","0","0","0","","","2","N","0","","40 02:47.304","","0","75 08:10.504","3","0","0","0","67301","0","0","0","N","0","0","0","3","67301","0","","1.0","","9","N","N","N","0","","2","0","1","","0","","","2","2","0","0","0","0","0","2","0","2","","","","N","","","","","","","","","",""
"2021124874","1151","0","0","0","0","0","0","0","0","0","4","0","","67","12","2021","1","39.935632","-75.22587","1149","6","0","0","0","0","0","1","0","0","","0","0","0","","","0","","1","","39 56:08.274","5","0","75 13:33.131","9","0","0","0","67301","0","0","0","N","0","0","0","2","67301","0","","1.0","1400.0","1","N","N","N","0","","0","0","2","","2","Y","","2","0","0","0","0","0","1","2","0","2","","","","N","","","","","","","","","",""
"2021089238","1349","0","0","0","0","0","0","0","0","0","5","0","","67","9","2021","5","39.965883","-75.155839","1349","6","0","0","0","0","0","0","0","0","","0","0","0","","","0","N","0","","39 57:57.180","","0","75 09:21.020","0","0","0","0","67301","0","0","0","N","0","0","0","1","67301","0","","6.0","","1","N","N","N","0","","0","0","2","","0","","","2","0","0","0","0","0","0","2","0","2","","03","","N","","","","","","","","","",""
"2021124278","0152","2","0","0","0","0","0","0","0","0","4","0","","67","12","2021","5","39.983835","-75.161729","0152","6","0","0","0","0","0","0","0","0","","0","0","0","","","1","","1","","39 59:01.806","","0","75 09:42.223","3","0","0","0","67301","0","0","0","N","0","0","0","2","67301","0","","1.0","","9","N","N","N","0","","1","0","0","","2","","","2","1","0","0","0","0","0","2","0","2","","07","","N","","","","","","","","","",""
"2021117941","1640","1","0","0","0","0","0","0","0","0","7","0","","67","12","2021","5","40.114986","-75.037347","1632","6","0","0","0","1","0","0","0","0","","0","0","0","","","0","N","0","","40 06:53.950","","0","75 02:14.450","0","0","0","0","67301","0","0","0","N","0","0","0","1","67301","0","","4.0","","1","N","N","N","0","","0","0","0","","0","","","1","0","0","0","0","0","0","2","0","1","","03","","N","","","","","","","","","",""
"2021120805","0057","0","0","0","0","0","0","0","0","0","7","0","","67","12","2021","1","40.007444","-75.16775","0054","6","0","0","0","0","0","0","0","0","","0","0","0","","","0","N","0","","40 00:26.800","7","0","75 10:03.900","0","0","0","0","67301","0","0","0","N","0","0","0","1","67301","0","","4.0","229.0","1","N","N","N","0","","0","0","1","","0","N","","1","0","0","0","0","0","0","2","0","1","","03","","N","","","","","","","","","",""
"2021087477","2340","1","0","0","0","0","0","0","0","0","4","0","","67","9","2021","4","39.974638","-75.199108","2334","6","0","0","0","0","0","0","0","0","","0","0","0","","","0","","1","","39 58:28.698","","2","75 11:56.790","0","0","0","0","67301","0","0","0","N","0","0","0","2","67301","0","","1.0","","1","N","N","N","0","","0","0","1","","2","","","2","0","0","0","0","0","0","2","0","2","","03","","N","","","","","","","","","",""
"2021084925","0909","2","0","0","0","0","0","0","0","0","4","0","","67","9","2021","5","40.012831","-75.154588","0909","6","0","0","0","0","0","0","0","0","","0","0","0","","","3","","1","","40 00:46.191","","0","75 09:16.516","4","0","0","0","67301","0","0","0","N","0","0","0","3","67301","3","","1.0","","9","N","N","N","0","","0","0","0","","3","","","2","3","2","0","0","0","0","2","0","2","","07","","N","","","","","","","","","",""
"2021117367","","1","0","0","0","0","0","0","0","0","5","0","","67","8","2021","4","39.884019","-75.241367","","6","0","0","0","0","0","1","0","0","","0","0","0","","","1","N","0","","39 53:02.470","","2","75 14:28.920","3","0","0","0","67301","0","0","0","N","0","0","0","2","00000","0","","1.0","","1","N","N","N","0","","1","0","1","","0","","","2","1","0","0","0","0","0","2","0","2","","","","N","","","","","","","","","",""
"2021124137","1248","0","0","0","0","0","0","0","0","0","4","0","","67","12","2021","6","40.130877","-75.015261","1219","6","0","0","0","0","0","1","0","0","","0","0","0","","","1","N","0","","40 07:51.157","3","7","75 00:54.940","2","0","1","1","67301","0","0","0","N","0","0","0","2","67301","0","","1.0","1432.0","1","Y","Y","N","0","","0","1","1","","0","N","","2","1","0","0","0","0","0","2","0","2","","03","","N","","","","","","","","","",""
"2021128119","","0","0","2","0","0","0","0","0","0","1","0","","67","11","2021","3","39.950383","-75.160123","","6","0","0","0","0","0","0","0","0","","0","0","0","","","2","","1","","39 57:01.379","","0","75 09:36.443","2","0","0","0","67301","0","0","0","N","0","0","0","3","00000","0","","1.0","","1","N","N","N","0","","0","2","2","","2","","","2","2","0","0","0","0","0","2","0","2","","","","N","","","","","","","","","",""
"2021121460","0916","1","0","0","0","0","0","0","0","0","4","0","","67","12","2021","4","39.957292","-75.247874","0912","6","0","0","0","0","0","1","0","0","","0","0","0","","","1","","1","","39 57:26.251","","0","75 14:52.347","3","0","0","0","67301","0","0","0","N","0","0","0","2","67301","0","","1.0","","1","N","N","N","0","","1","0","0","","2","","","2","1","0","0","0","0","0","2","0","2","","03","","N","","","","","","","","","",""
"2021089595","1410","0","0","0","0","0","0","0","0","0","4","0","","67","9","2021","7","40.018922","-75.049504","1400","6","0","0","0","0","0","0","0","0","","0","0","0","","","2","","1","","40 01:08.120","","0","75 02:58.216","4","0","0","0","67301","0","0","0","N","0","0","0","3","67301","1","","1.0","","1","N","N","N","1","","0","0","1","","3","","","2","2","0","0","0","1","0","2","0","2","","03","","N","","","","","","","","","",""
"2021124041","0200","1","0","0","0","0","0","0","0","0","7","0","","67","12","2021","6","40.006221","-75.090236","0152","6","0","0","0","0","0","0","0","0","","0","0","0","","","0","N","0","","40 00:22.396","","0","75 05:24.848","0","0","0","0","67301","0","0","0","N","0","0","0","1","67301","0","","4.0","","1","N","N","N","0","","0","0","0","","0","","","1","0","0","0","0","0","0","2","0","1","","03","","N","","","","","","","","","",""
"2021117627","2345","2","0","0","0","0","0","0","0","0","4","0","","67","12","2021","4","39.911336","-75.242664","2338","6","0","0","0","0","0","0","0","0","","0","0","0","","","1","","5","","39 54:40.810","","0","75 14:33.592","3","0","0","0","67301","0","0","0","N","0","0","0","3","67301","0","","1.0","","9","N","N","N","0","","1","0","0","","2","","","2","1","0","0","0","0","1","2","0","2","","07","","N","","","","","","","","","",""
"2021091198","0349","0","0","0","0","0","0","0","0","0","1","0","","67","9","2021","2","39.978801","-75.203003","0344","6","0","0","0","0","0","1","0","0","","0","0","0","","","1","N","0","","39 58:43.683","","0","75 12:10.810","3","0","0","0","67301","0","0","0","N","0","0","0","2","68K01","0","","1.0","","1","N","N","N","0","","1","0","1","","0","","","2","1","0","0","0","0","0","2","1","2","","03","","N","","","","","","","","","",""
"2021086723","2027","2","0","0","0","0","0","0","0","0","2","0","","67","9","2021","2","39.99356","-75.151634","2025","6","0","0","0","0","0","1","0","0","","0","0","0","","","3","N","0","","39 59:36.816","6","0","75 09:05.883","3","0","0","0","67301","0","0","0","N","0","0","0","3","67301","0","","1.0","2230.0","1","N","N","N","0","","3","0","1","","0","Y","","3","3","1","0","0","0","0","2","0","3","","","","N","","","","","","","","","",""
"2021085740","2305","1","0","0","0","0","0","0","0","0","7","0","","67","9","2021","6","40.024417","-75.161389","2258","6","0","0","0","0","0","0","0","0","","0","0","0","","","0","N","0","","40 01:27.900","","0","75 09:41.000","0","0","0","0","67301","0","0","0","N","0","0","0","1","67301","0","","4.0","","1","N","N","N","0","","0","0","0","","0","","","1","0","0","0","0","0","0","2","0","1","","03","","N","","","","","","","","","",""
"2021087929","1202","0","0","0","0","0","0","0","0","0","4","0","","67","9","2021","6","39.992136","-75.140198","1200","6","0","0","0","0","0","0","0","0","","0","0","0","","","2","","1","","39 59:31.689","","0","75 08:24.712","4","0","0","0","67301","0","0","0","N","0","0","0","3","67301","2","","1.0","","1","N","N","N","0","","0","0","2","","2","","","2","2","0","0","0","0","0","2","0","2","","03","","N","","","","","","","","","",""
"2021127680","2003","2","0","0","0","0","0","0","0","0","5","0","","67","12","2021","7","40.009175","-75.069825","2003","6","0","0","0","0","0","1","0","0","","0","0","0","","","0","N","0","","40 00:33.030","","0","75 04:11.370","0","0","0","0","67301","0","0","0","N","0","0","0","1","67301","0","","6.0","","9","N","N","Y","0","","0","0","1","","0","","","3","0","0","0","0","0","0","2","0","3","","07","","N","","","","","","","","","",""
"2021089413","1805","2","0","0","0","0","0","0","0","0","4","0","","67","9","2021","2","40.034456","-75.107907","1751","6","0","0","0","0","0","0","0","0","","0","0","0","","","3","N","0","","40 02:04.041","4","0","75 06:28.466","8","0","0","0","67301","0","0","0","N","0","0","0","5","67301","0","","1.0","1947.0","1","N","N","Y","0","","0","0","1","","0","Y","","3","3","0","0","0","3","2","2","0","3","","03","","N","","","","","","","","","",""
"2021126067","1409","1","0","0","0","0","0","0","0","0","5","0","","67","12","2021","5","39.952696","-75.166137","1408","6","0","0","0","0","0","2","0","0","","0","0","0","","","0","N","0","","39 57:09.707","","0","75 09:58.092","0","0","0","0","67301","0","0","0","N","0","0","0","2","67301","0","","1.0","","1","N","N","N","1","","0","0","0","","0","","","2","0","0","0","0","0","0","2","0","2","","03","","N","","","","","","","","","",""
"2021117434","","1","0","0","0","0","0","0","0","0","1","1","","67","9","2021","3","39.989819","-75.250844","","6","0","0","0","0","0","0","0","0","","0","1","0","","","1","","2","","39 59:23.348","","0","75 15:03.040","8","0","0","0","67301","0","0","0","N","0","0","0","2","00000","0","","1.0","","1","N","N","N","0","","0","0","0","","2","","","2","1","0","0","0","1","0","2","0","2","","","","N","","","","","","","","","",""
"2021087121","0129","2","0","0","0","0","0","0","0","0","5","0","","67","9","2021","5","40.041331","-75.083364","0126","6","0","0","0","0","0","0","0","0","","0","0","0","","","0","N","0","","40 02:28.790","2","0","75 05:00.110","9","0","0","0","67301","0","0","0","N","0","0","0","1","67301","0","","6.0","250.0","9","N","N","Y","0","","0","0","1","","0","N","","3","0","0","0","0","0","1","2","0","3","","","","N","","","","","","","","","",""
"2021086217","0825","2","0","0","0","0","0","0","0","0","4","0","","67","9","2021","6","39.947236","-75.226833","0815","6","0","0","0","0","1","0","0","0","","0","0","0","","","1","","1","","39 56:50.048","5","0","75 13:36.599","3","0","0","0","67301","0","0","0","N","0","0","0","2","67301","0","","1.0","1000.0","1","N","N","N","0","","1","0","0","","2","N","","2","1","1","0","0","0","0","2","0","2","","03","","N","","","","","","","","","",""
"2021105731","","1","0","1","0","0","0","0","0","0","1","0","","67","9","2021","1","39.918926","-75.140216","","6","0","0","0","0","0","0","0","0","","0","0","0","","","5","N","0","","39 55:08.134","","7","75 08:24.776","2","0","0","0","67301","0","0","0","N","0","0","0","6","00000","0","","1.0","","1","N","N","N","0","","0","1","1","","2","","","2","5","0","0","0","4","0","2","0","2","","","","N","","","","","","","","","",""
"2021086303","0331","3","0","0","0","0","0","0","0","0","1","0","","67","9","2021","3","39.983861","-75.160083","0330","6","0","0","0","0","0","0","0","0","","0","0","0","","","0","N","0","","39 59:01.900","1","0","75 09:36.300","0","0","0","0","67301","0","0","0","N","0","0","0","1","67505","0","","6.0","420.0","1","N","N","N","0","","0","0","0","","0","N","","3","0","1","0","0","0","0","2","0","3","","03","","N","","","","","","","","","",""
"2021087997","1338","3","0","0","0","0","0","0","0","0","4","0","","67","9","2021","6","39.976886","-75.166477","1338","6","0","0","0","0","0","1","0","0","","0","0","0","","","2","","1","","39 58:36.789","","0","75 09:59.317","4","0","0","0","67301","0","0","0","N","0","0","0","3","67301","2","","1.0","","1","N","N","Y","0","","0","0","0","","2","","","3","2","0","0","0","0","0","2","0","3","","03","","N","","","","","","","","","",""
"2021127667","1345","1","0","0","0","0","0","0","0","0","1","0","","67","12","2021","5","40.112245","-74.990827","1345","6","0","0","0","0","0","0","0","0","","0","0","0","","","0","","1","","40 06:44.081","","0","74 59:26.976","0","0","0","0","67301","0","0","0","N","0","0","0","2","67301","0","","1.0","","99","N","N","N","0","","0","0","1","","2","","","2","0","0","0","0","0","0","2","0","2","","03","","N","","","","","","","","","",""
"2021125684","0017","2","0","0","0","0","0","0","0","0","4","0","","67","12","2021","4","40.036608","-75.064461","0011","6","0","0","0","0","0","0","0","0","","0","0","0","","","2","","1","","40 02:11.789","2","0","75 03:52.061","3","0","0","0","67301","0","0","0","N","0","0","0","3","67301","1","","1.0","200.0","9","N","N","N","0","","1","0","0","","2","Y","","2","2","0","0","0","0","0","2","0","2","","07","","N","","","","","","","","","",""
"2021128076","0414","0","0","0","0","0","0","0","0","0","8","0","","67","12","2021","2","40.039047","-75.144609","0413","6","0","0","0","0","0","0","0","0","","0","0","0","","","1","","1","","40 02:20.569","4","0","75 08:40.591","3","0","0","0","67301","1","0","0","N","1","0","0","2","67301","0","","1.0","511.0","1","N","N","N","0","","1","0","1","","2","Y","","2","1","0","0","0","0","0","2","0","1","","","","N","","","","","","","","","",""
"2021118960","1645","1","0","0","0","0","0","0","0","0","4","0","","67","12","2021","2","40.025911","-75.133841","1645","6","0","0","0","0","0","0","1","0","","0","0","0","","","0","","1","","40 01:33.279","","0","75 08:01.827","9","0","0","0","67301","0","0","0","N","0","0","0","2","67301","0","","1.0","","99","N","N","N","0","","0","0","1","","3","","","2","0","2","0","0","0","2","2","0","2","","","","N","","","","","","","","","",""
"2021093597","2358","1","0","0","0","0","0","0","0","0","4","0","","67","9","2021","7","40.005748","-75.099049","2358","6","0","0","0","0","0","0","0","0","","0","0","0","","","6","","1","","40 00:20.692","1","0","75 05:56.577","2","0","0","0","67301","0","0","0","N","0","0","0","6","67301","0","","1.0","227.0","1","N","N","N","0","","3","2","1","","2","N","","2","6","0","0","0","1","0","2","0","2","","03","","N","","","","","","","","","",""
"2021127137","1630","2","0","0","0","0","0","0","0","0","5","0","","67","12","2021","6","39.933289","-75.225606","1629","6","0","0","0","0","0","1","0","0","","0","0","0","","","1","N","0","","39 55:59.840","","0","75 13:32.180","8","0","0","0","67301","2","0","0","N","2","0","0","3","67301","0","","6.0","","1","N","N","Y","1","","0","0","2","","0","","","7","1","0","0","0","1","0","2","0","5","","","","N","","","","","","","","","",""
"2021126639","0835","1","0","0","0","0","0","0","0","0","7","0","","67","12","2021","1","40.08875","-75.044833","0833","6","0","0","0","0","0","0","0","0","","0","0","0","","","0","N","0","","40 05:19.500","","0","75 02:41.400","0","0","0","0","67301","0","0","0","N","0","0","0","1","67301","0","","5.0","","9","N","N","N","0","","0","0","0","","0","","","1","0","0","0","0","0","0","2","0","1","","03","","N","","","","","","","","","",""
"2021127669","1756","1","0","0","0","0","0","0","0","0","4","0","","67","12","2021","6","39.913325","-75.221785","1749","6","0","0","0","0","0","0","0","0","","0","0","0","","","1","N","0","","39 54:47.969","","0","75 13:18.426","8","0","0","0","67301","0","0","0","N","0","0","0","3","67301","0","","1.0","","1","N","N","N","0","","0","0","1","","2","","","2","1","0","0","0","1","0","2","0","2","","03","","N","","","","","","","","","",""
"2021085183","2140","1","0","0","0","0","0","0","0","0","7","0","","67","9","2021","5","39.980814","-75.198766","2138","6","0","0","0","0","0","0","0","0","","0","0","0","","","0","N","0","","39 58:50.930","","0","75 11:55.556","0","0","0","0","67301","0","0","0","N","0","0","0","1","67301","0","","4.0","","1","N","N","N","0","","0","0","0","","0","","","1","0","0","0","0","0","0","2","0","1","","","","N","","","","","","","","","",""