"CRN","ARRIVAL_TM","AUTOMOBILE_COUNT","BELTED_DEATH_COUNT","BELTED_SUSP_SERIOUS_INJ_COUNT","BICYCLE_COUNT","BICYCLE_DEATH_COUNT","BICYCLE_SUSP_SERIOUS_INJ_COUNT","BUS_COUNT","CHLDPAS_DEATH_COUNT","CHLDPAS_SUSP_SERIOUS_INJ_COUNT","COLLISION_TYPE","COMM_VEH_COUNT","CONS_ZONE_SPD_LIM","COUNTY","CRASH_MONTH","CRASH_YEAR","DAY_OF_WEEK","DEC_LATITUDE","DEC_LONGITUDE","DISPATCH_TM","DISTRICT","DRIVER_COUNT_16YR","DRIVER_COUNT_17YR","DRIVER_COUNT_18YR","DRIVER_COUNT_19YR","DRIVER_COUNT_20YR","DRIVER_COUNT_50_64YR","DRIVER_COUNT_65_74YR","DRIVER_COUNT_75PLUS","EST_HRS_CLOSED","FATAL_COUNT","HEAVY_TRUCK_COUNT","HORSE_BUGGY_COUNT","HOUR_OF_DAY","ILLUMINATION","INJURY_COUNT","INTERSECTION_RELATED","INTERSECT_TYPE","LANE_CLOSED","LATITUDE","LN_CLOSE_DIR","LOCATION_TYPE","LONGITUDE","MAX_SEVERITY_LEVEL","MCYCLE_DEATH_COUNT","MCYCLE_SUSP_SERIOUS_INJ_COUNT","MOTORCYCLE_COUNT","MUNICIPALITY","NONMOTR_COUNT","NONMOTR_DEATH_COUNT","NONMOTR_SUSP_SERIOUS_INJ_COUNT","NTFY_HIWY_MAINT","PED_COUNT","PED_DEATH_COUNT","PED_SUSP_SERIOUS_INJ_COUNT","PERSON_COUNT","POLICE_AGCY","POSSIBLE_INJ_COUNT","RDWY_SURF_TYPE_CD","RELATION_TO_ROAD","ROADWAY_CLEARED","ROAD_CONDITION","SCH_BUS_IND","SCH_ZONE_IND","SECONDARY_CRASH","SMALL_TRUCK_COUNT","SPEC_JURIS_CD","SUSP_MINOR_INJ_COUNT","SUSP_SERIOUS_INJ_COUNT","SUV_COUNT","TCD_FUNC_CD","TCD_TYPE","TFC_DETOUR_IND","TIME_OF_DAY","TOTAL_UNITS","TOT_INJ_COUNT","UNBELTED_OCC_COUNT","UNB_DEATH_COUNT","UNB_SUSP_SERIOUS_INJ_COUNT","UNK_INJ_DEG_COUNT","UNK_INJ_PER_COUNT","URBAN_RURAL","VAN_COUNT","VEHICLE_COUNT","WEATHER1","WEATHER2","WORKERS_PRES","WORK_ZONE_IND","WORK_ZONE_LOC","WORK_ZONE_TYPE","WZ_CLOSE_DETOUR","WZ_FLAGGER","WZ_LAW_OFFCR_IND","WZ_LN_CLOSURE","WZ_MOVING","WZ_OTHER","WZ_SHLDER_MDN","WZ_WORKERS_INJ_KILLED"
"2021123925","1126","0","0","0","0","0","0","0","0","0","7","0","","67","12","2021","7","40.059089","-75.148847","1120","6","0","0","0","0","0","0","0","0","","0","0","0","","","1","N","0","","40 03:32.720","","0","75 08:55.850","3","0","0","0","67301","0","0","0","N","0","0","0","1","67301","0","","5.0","","9","N","N","N","0","","1","0","1","","0","","","1","1","0","0","0","0","0","2","0","1","","","","N","","","","","","","","","",""
"2021126173","0753","1","0","0","0","0","0","0","0","0","1","0","","67","12","2021","2","40.044994","-75.066933","0745","6","0","0","0","0","0","0","0","0","","0","0","0","","","1","N","0","","40 02:41.980","3","0","75 04:00.960","3","0","0","0","67301","0","0","0","N","0","0","0","5","67301","0","","1.0","830.0","1","N","N","N","0","","1","0","1","","0","N","","2","1","0","0","0","0","1","2","0","2","","","","N","","","","","","","","","",""
"2021085944","1750","2","0","0","0","0","0","0","0","0","4","0","","67","9","2021","1","39.974014","-75.162237","1745","6","0","0","0","0","0","0","0","0","","0","0","0","","","1","","1","","39 58:26.450","","0","75 09:44.053","3","0","0","0","67301","0","0","0","N","0","0","0","4","67301","0","","1.0","","1","N","N","N","0","","1","0","0","","3","","","2","1","0","0","0","0","1","2","0","2","","03","","N","","","","","","","","","",""
"2021125691","1030","1","0","0","0","0","0","0","0","0","4","0","","67","12","2021","4","39.923282","-75.154883","1020","6","0","0","0","0","0","1","0","0","","0","0","0","","","1","","1","","39 55:23.815","","0","75 09:17.578","4","0","0","0","67301","0","0","0","N","0","0","0","2","67301","1","","1.0","","9","N","N","N","0","","0","0","1","","3","","","2","1","0","0","0","0","1","2","0","2","","","","N","","","","","","","","","",""
"2021125771","2226","1","0","0","0","0","0","0","0","0","4","0","","67","12","2021","3","39.976387","-75.151309","2226","6","0","0","0","1","0","0","0","0","","0","0","0","","","5","","1","","39 58:34.993","7","0","75 09:04.712","2","0","0","0","67301","0","0","0","N","0","0","0","5","67301","0","","1.0","0.0","9","N","N","N","0","","3","2","1","","2","Y","","2","5","0","0","0","0","0","2","0","2","","07","","N","","","","","","","","","",""
"2021119277","0535","0","0","0","0","0","0","0","0","0","4","0","","67","12","2021","2","40.03694","-75.145084","0535","6","0","0","0","0","0","1","0","0","","0","0","0","","","0","","2","","40 02:12.984","","0","75 08:42.301","0","0","0","0","67301","0","0","0","N","0","0","0","2","67301","0","","1.0","","9","N","N","N","0","","0","0","1","","2","","","2","0","0","0","0","0","0","2","0","2","","","","N","","","","","","","","","",""
"2021101029","0450","2","0","0","0","0","0","0","0","0","5","0","","67","9","2021","6","39.994836","-75.139594","0445","6","0","0","0","0","0","0","0","0","","0","0","0","","","1","N","0","","39 59:41.410","1","0","75 08:22.540","3","0","0","0","67301","0","0","0","N","0","0","0","2","67301","0","","1.0","620.0","1","N","N","N","0","","1","0","1","","0","Y","","3","1","0","0","0","0","0","2","0","3","","03","","N","","","","","","","","","",""
"2021086631","2121","1","0","0","0","0","0","0","0","0","5","0","","67","9","2021","2","39.991292","-75.138458","2118","6","0","0","0","0","0","0","0","0","","0","0","0","","","0","N","0","","39 59:28.650","","0","75 08:18.450","0","0","0","0","67301","0","0","0","N","0","0","0","1","67301","0","","6.0","","1","N","N","N","0","","0","0","2","","0","","","3","0","0","0","0","0","0","2","0","3","","03","","N","","","","","","","","","",""
"2021096557","1654","0","0","0","0","0","0","0","0","0","8","0","","67","9","2021","7","40.012522","-75.13775","1651","6","0","0","0","0","0","1","0","0","","0","0","0","","","1","N","0","","40 00:45.080","","0","75 08:15.900","3","0","0","0","67301","1","0","0","N","1","0","0","2","67301","0","","6.0","","1","N","N","N","0","","1","0","1","","0","","","2","1","0","0","0","0","0","2","0","1","","03","","N","","","","","","","","","",""
"2021088112","1945","0","0","0","0","0","0","0","0","0","4","0","","67","9","2021","6","39.994608","-75.159819","1945","6","0","0","0","0","0","0","0","0","","0","0","0","","","3","","5","","39 59:40.590","","0","75 09:35.349","4","0","0","1","67301","0","0","0","N","0","0","0","3","67301","2","","1.0","","1","N","N","N","0","","0","0","1","","2","","","2","3","2","0","0","1","0","2","0","2","","03","","N","","","","","","","","","",""
"2021085461","2101","1","0","0","0","0","0","0","0","0","5","0","","67","9","2021","5","39.927517","-75.229822","2056","6","0","0","0","0","0","0","0","0","","0","0","0","","","1","N","0","","39 55:39.060","","0","75 13:47.360","3","0","0","0","67301","1","0","0","N","1","0","0","2","67301","0","","6.0","","1","N","N","N","0","","1","0","1","","0","","","3","1","0","0","0","0","1","2","0","2","","03","","N","","","","","","","","","",""
"2021085726","2110","1","0","0","1","0","0","0","0","0","8","0","","67","9","2021","6","39.922809","-75.148107","2102","6","0","0","0","0","0","0","0","0","","0","0","0","","","1","","1","","39 55:22.112","","0","75 08:53.185","4","0","0","0","67301","1","0","0","N","0","0","0","2","67301","1","","1.0","","1","N","N","N","0","","0","0","0","","3","","","2","1","0","0","0","0","0","2","0","1","","03","","N","","","","","","","","","",""
"2021123465","2227","1","0","0","0","0","0","0","0","0","7","0","","67","12","2021","4","40.00541","-75.108205","2221","6","0","0","0","0","0","0","1","0","","0","0","0","","","1","N","0","","40 00:19.477","","0","75 06:29.539","8","0","0","0","67301","0","0","0","N","0","0","0","1","67301","0","","4.0","","9","N","N","N","0","","0","0","0","","0","","","1","1","0","0","0","1","0","2","0","1","","","","N","","","","","","","","","",""
"2021124286","0233","1","0","0","0","0","0","0","0","0","5","0","","67","12","2021","6","39.959294","-75.244353","0230","6","0","0","0","0","0","0","0","0","","0","0","0","","","0","N","0","","39 57:33.459","","0","75 14:39.670","9","0","0","0","67301","0","0","0","N","0","0","0","2","67301","0","","6.0","","1","N","N","N","0","","0","0","2","","0","","","3","0","2","0","0","0","1","2","0","3","","","","N","","","","","","","","","",""
"2021126856","1158","2","0","0","0","0","0","0","0","0","5","0","","67","12","2021","5","40.042528","-75.056001","1156","6","0","0","0","0","0","1","0","0","","0","0","0","","","1","Y","0","","40 02:33.102","1","0","75 03:21.605","8","0","0","0","67301","0","0","0","N","0","0","0","6","67301","0","","1.0","40.0","1","N","N","N","0","","0","0","2","","3","Y","","4","1","1","0","0","1","0","2","0","4","","03","","N","","","","","","","","","",""
"2021117431","","1","0","1","0","0","0","0","0","0","4","0","","67","9","2021","7","39.925843","-75.225147","","6","0","0","0","0","0","0","0","0","","0","0","0","","","2","N","0","","39 55:33.033","","0","75 13:30.530","2","0","0","0","67301","0","0","0","N","0","0","0","4","00000","0","","1.0","","1","N","N","N","0","","1","1","0","","0","","","3","2","0","0","0","0","0","2","0","3","","","","N","","","","","","","","","",""
"2021127606","0013","0","0","0","1","0","0","0","0","0","8","0","","67","12","2021","1","40.040505","-75.059087","0004","6","0","0","0","0","0","0","0","0","","0","0","0","","","1","","1","","40 02:25.817","","0","75 03:32.713","4","0","0","0","67301","1","0","0","N","0","0","0","2","67301","1","","1.0","","1","N","N","N","0","","0","0","1","","2","","","2","1","0","0","0","0","0","2","0","1","","03","","N","","","","","","","","","",""
"2021086296","0506","3","0","0","0","0","0","0","0","0","5","0","","67","9","2021","1","40.033572","-75.044892","0501","6","0","0","0","0","0","0","0","0","","0","0","0","","","0","N","0","","40 02:00.860","","0","75 02:41.610","9","0","0","0","67301","0","0","0","N","0","0","0","1","67301","0","","6.0","","1","N","N","N","0","","0","0","0","","0","","","3","0","0","0","0","0","1","2","0","3","","","","N","","","","","","","","","",""
"2021125991","2041","0","0","0","0","0","0","0","0","0","4","0","","67","12","2021","4","40.010402","-75.079275","2026","6","0","0","0","0","0","0","0","0","","0","0","0","","","1","","1","","40 00:37.446","","0","75 04:45.390","3","0","0","0","67301","0","0","0","N","0","0","0","2","67301","0","","1.0","","1","N","N","N","0","","1","0","2","","2","","","2","1","0","0","0","0","0","2","0","2","","","","N","","","","","","","","","",""
"2021084917","1140","1","0","0","0","0","0","0","0","0","8","0","","67","9","2021","5","39.961529","-75.15103","1135","6","0","0","0","0","0","0","0","0","","0","0","0","","","1","N","0","","39 57:41.505","","0","75 09:03.707","4","0","0","0","67301","1","0","0","N","1","0","0","2","67301","1","","1.0","","9","N","N","N","0","","0","0","0","","0","","","2","1","0","0","0","0","1","2","0","1","","04","","N","","","","","","","","","",""
"2021125236","1650","4","0","0","0","0","0","0","0","0","4","0","","67","12","2021","3","39.975817","-75.179266","1642","6","0","0","1","0","0","0","0","0","","0","0","0","","","0","","2","","39 58:32.940","3","0","75 10:45.357","0","0","0","0","67301","0","0","0","N","0","0","0","3","67301","0","","1.0","1838.0","1","N","N","N","0","","0","0","1","","3","N","","5","0","0","0","0","0","0","2","0","5","","","","N","","","","","","","","","",""
"2021128066","0635","0","0","0","0","0","0","0","0","0","8","0","","67","12","2021","4","39.970366","-75.245113","0633","6","0","0","0","0","0","0","0","0","","0","0","0","","","1","","1","","39 58:13.317","","0","75 14:42.405","3","0","0","0","67301","1","0","0","N","1","0","0","2","67301","0","","1.0","","9","N","N","N","0","","1","0","1","","2","","","2","1","1","0","0","0","0","2","0","1","","07","","N","","","","","","","","","",""
"2021126177","1935","2","0","0","0","0","0","0","0","0","6","0","","67","12","2021","4","40.002111","-75.16615","1932","6","0","0","0","0","0","0","0","0","","0","0","0","","","0","N","0","","40 00:07.600","1","0","75 09:58.140","0","0","0","0","67301","0","0","0","N","0","0","0","3","67301","0","","1.0","2015.0","1","N","N","N","0","","0","0","0","","0","N","","2","0","0","0","0","0","0","2","0","2","","","","N","","","","","","","","","",""
"2021123508","0150","3","0","0","0","0","0","0","0","0","5","0","","67","12","2021","5","39.987789","-75.225197","0150","6","0","0","0","0","0","0","0","0","","0","0","0","","","0","N","0","","39 59:16.040","","0","75 13:30.710","0","0","0","0","67301","0","0","0","N","0","0","0","1","67301","0","","6.0","","1","N","N","N","0","","0","0","1","","0","","","4","0","0","0","0","0","0","2","0","4","","03","","N","","","","","","","","","",""
"2021128507","1400","0","0","0","0","0","0","0","0","0","8","0","","67","12","2021","1","39.934837","-75.172948","1400","6","0","0","0","0","0","0","0","0","","0","0","0","","","1","","2","","39 56:05.414","","0","75 10:22.612","8","0","0","0","67301","1","0","0","N","1","0","0","2","67301","0","","1.0","","1","N","N","N","0","","0","0","1","","0","","","2","1","0","0","0","1","0","2","0","1","","","","N","","","","","","","","","",""
"2021126876","0102","1","0","0","0","0","0","0","0","0","8","0","","67","12","2021","7","39.998106","-75.175242","0100","6","0","0","0","0","0","0","0","0","","0","0","0","","","1","N","0","","39 59:53.180","","0","75 10:30.870","8","0","0","0","67301","1","0","0","N","1","0","0","2","67301","0","","1.0","","9","N","N","N","0","","0","0","0","","0","","","2","1","0","0","0","1","1","2","0","1","","04","","N","","","","","","","","","",""
"2021087750","1531","2","0","0","0","0","0","0","0","0","5","0","","67","9","2021","7","39.981952","-75.239038","1530","6","0","0","0","0","0","0","0","0","","0","0","0","","","1","","1","","39 58:55.028","","0","75 14:20.537","4","0","0","0","67301","0","0","0","N","0","0","0","2","67301","1","","1.0","","1","N","N","N","0","","0","0","0","","2","","","2","1","0","0","0","0","0","2","0","2","","03","","N","","","","","","","","","",""
"2021089844","1618","0","0","0","0","0","0","0","0","0","4","0","","67","9","2021","6","39.988657","-75.187059","1557","6","0","0","1","0","0","0","0","0","","0","0","0","","","1","","1","","39 59:19.164","","0","75 11:13.413","2","0","0","0","67301","0","0","0","N","0","0","0","2","67301","0","","1.0","","1","N","N","N","0","","0","1","1","","2","","","2","1","0","0","0","0","0","2","0","2","","04","","N","","","","","","","","","",""
"2021124418","1502","1","0","0","0","0","0","0","0","0","4","0","","67","12","2021","1","39.98101","-75.224421","1502","6","0","0","0","0","0","0","0","0","","0","0","0","","","0","","2","","39 58:51.635","","0","75 13:27.916","0","0","0","0","67301","0","0","0","N","0","0","0","2","67301","0","","1.0","","1","N","N","N","1","","0","0","0","","3","","","2","0","0","0","0","0","0","2","0","2","","03","","N","","","","","","","","","",""
"2021127205","0119","1","0","0","1","0","0","0","0","0","8","0","","67","12","2021","7","39.961401","-75.148166","0114","6","0","0","0","0","0","0","0","0","","0","0","0","","","1","","1","","39 57:41.045","","0","75 08:53.398","3","0","0","0","67301","1","0","0","N","0","0","0","2","67301","0","","1.0","","1","N","N","N","0","","1","0","0","","2","","","2","1","0","0","0","0","0","2","0","1","","03","","N","","","","","","","","","",""
"2021126439","0718","0","0","0","0","0","0","0","0","0","7","0","","67","12","2021","2","40.023594","-75.133111","0716","6","0","0","0","0","0","0","0","0","","0","0","0","","","1","N","0","","40 01:24.940","1","0","75 07:59.199","3","0","0","0","67301","0","0","0","N","0","0","0","1","67301","0","","4.0","200.0","1","N","N","N","0","","1","0","1","","0","Y","","1","1","0","0","0","0","0","2","0","1","","03","","N","","","","","","","","","",""
"2021091897","2218","3","0","0","0","0","0","0","0","0","1","0","","67","9","2021","6","39.983615","-75.208254","2217","6","0","0","0","0","0","0","0","0","","0","0","0","","","1","N","0","","39 59:01.013","3","0","75 12:29.714","3","0","0","0","67301","0","0","0","N","0","0","0","5","68K01","0","","1.0","2300.0","1","N","N","N","0","","1","0","0","","0","N","","3","1","2","0","0","0","0","2","0","3","","","","N","","","","","","","","","",""
"2021095243","2325","1","0","0","0","0","0","0","0","0","0","0","","67","9","2021","3","39.958201","-75.164429","2324","6","0","0","0","0","0","0","0","0","","0","0","0","","","1","N","0","","39 57:29.523","","0","75 09:51.946","3","0","0","0","67301","0","0","0","N","0","0","0","2","68K01","0","","1.0","","1","N","N","N","0","","1","0","1","","0","","","2","1","0","0","0","0","0","2","0","2","","03","","N","","","","","","","","","",""
"2021092298","0838","1","0","0","0","0","0","0","0","0","1","1","","67","9","2021","4","39.942869","-75.218396","0834","6","0","0","0","0","0","1","0","0","","0","1","0","","","1","","2","","39 56:34.328","","0","75 13:06.225","8","0","0","0","67301","0","0","0","N","0","0","0","3","67508","0","","1.0","","1","N","N","Y","0","","0","0","0","","0","","","2","1","2","0","0","1","0","2","0","2","","03","","N","","","","","","","","","",""
"2021101022","0240","1","0","0","0","0","0","0","0","0","4","0","","67","9","2021","1","40.00901","-75.11283","0240","6","0","0","0","0","1","1","0","0","","0","0","0","","","2","","1","","40 00:32.435","1","0","75 06:46.188","3","0","0","0","67301","0","0","0","N","0","0","0","4","67301","0","","1.0","345.0","1","N","N","N","0","","2","0","1","","2","Y","","2","2","0","0","0","0","0","2","0","2","","03","","N","","","","","","","","","",""
"2021125679","1625","1","0","0","0","0","0","0","0","0","4","0","","67","12","2021","4","39.959388","-75.146998","1621","6","0","0","0","0","0","0","1","0","","0","0","0","","","1","N","0","","39 57:33.796","1","7","75 08:49.191","3","0","0","0","67301","0","0","0","N","0","0","0","4","67301","0","","1.0","1650.0","1","N","N","N","0","","1","0","1","","3","N","","4","1","0","0","0","0","0","2","2","4","","03","","N","","","","","","","","","",""
"2021128269","0859","1","0","0","0","0","0","0","0","0","7","0","","67","12","2021","4","","","0855","6","0","0","0","0","0","0","0","0","","0","0","0","","","1","N","0","","","","3","","8","0","0","0","67301","0","0","0","N","0","0","0","1","67501","0","","3.0","","9","N","N","N","0","","0","0","0","","0","","","1","1","0","0","0","1","0","1","0","1","","","","N","","","","","","","","","",""
"2021126877","0601","4","0","0","0","0","0","0","0","0","6","0","","67","12","2021","1","40.016974","-75.158489","0557","6","0","0","0","0","0","0","0","0","","0","0","0","","","1","N","0","","40 01:01.106","","0","75 09:30.561","8","0","0","0","67301","0","0","0","N","0","0","0","2","67301","0","","6.0","","9","N","N","N","0","","0","0","1","","0","","","5","1","0","0","0","1","0","2","0","5","","","","N","","","","","","","","","",""
"2021085720","1600","1","0","0","0","0","0","0","0","0","8","0","","67","9","2021","6","39.988657","-75.187059","1550","6","0","0","0","0","0","0","0","0","","0","0","0","","","1","","1","","39 59:19.164","","0","75 11:13.413","8","0","0","0","67301","1","0","0","N","1","0","0","2","67301","0","","4.0","","1","N","N","N","0","","0","0","0","","2","","","2","1","0","0","0","1","0","2","0","1","","03","","N","","","","","","","","","",""
"2021125816","0920","1","0","0","0","0","0","0","0","0","4","0","","67","12","2021","4","39.954109","-75.177808","0900","6","0","0","0","0","0","0","0","0","","0","0","0","","","0","","1","","39 57:14.793","","0","75 10:40.107","9","0","0","0","67301","0","0","0","N","0","0","0","2","67301","0","","1.0","","99","N","N","N","1","","0","0","0","","2","","","2","0","0","0","0","0","1","2","0","2","","03","","N","","","","","","","","","",""
"2021123967","1535","1","0","0","0","0","0","0","0","0","8","0","","67","12","2021","6","39.970173","-75.159656","1530","6","0","0","0","0","0","0","0","0","","0","0","0","","","1","","1","","39 58:12.621","","0","75 09:34.763","3","0","0","0","67301","1","0","0","N","1","0","0","2","67301","0","","1.0","","1","N","N","N","0","","1","0","0","","2","","","2","1","0","0","0","0","0","2","0","1","","03","","N","","","","","","","","","",""
"2021128409","0901","1","0","0","0","0","0","0","0","0","8","0","","67","12","2021","4","40.022705","-75.133512","0900","6","0","0","0","0","0","0","0","0","","0","0","0","","","1","","1","","40 01:21.738","","0","75 08:00.643","3","0","0","0","67301","1","0","0","N","1","0","0","2","67301","0","","1.0","","1","N","N","N","0","","1","0","0","","0","","","2","1","1","0","0","0","0","2","0","1","","03","","N","","","","","","","","","",""
"2021124646","2230","2","0","0","0","0","0","0","0","0","4","0","","67","12","2021","1","40.005219","-75.181002","2223","6","0","0","0","0","0","0","0","0","","0","0","0","","","2","","2","","40 00:18.788","","0","75 10:51.608","3","0","0","0","67301","0","0","0","N","0","0","0","2","67301","0","","1.0","","1","N","N","N","1","","2","0","0","","3","","","3","2","0","0","0","0","0","2","0","3","","03","","N","","","","","","","","","",""
"2021085494","1018","0","0","0","0","0","0","0","0","0","1","0","","67","9","2021","5","40.026578","-75.068001","1018","6","0","0","0","0","0","0","1","0","","0","0","0","","","0","","3","","40 01:35.682","","0","75 04:04.802","0","0","0","0","67301","0","0","0","N","0","0","0","2","67301","0","","1.0","","9","N","N","N","0","","0","0","1","","2","","","2","0","0","0","0","0","0","2","1","2","","04","","N","","","","","","","","","",""
"2021086273","1444","1","0","0","0","0","0","0","0","0","4","0","","67","9","2021","7","40.038994","-75.148557","1434","6","0","0","0","0","0","0","0","0","","0","0","0","","","1","","2","","40 02:20.379","1","0","75 08:54.805","3","0","0","0","67301","0","0","0","N","0","0","0","4","67301","0","","1.0","1550.0","1","N","N","N","0","","1","0","1","","0","N","","2","1","0","0","0","0","0","2","0","2","","03","","N","","","","","","","","","",""
"2021087834","2015","1","0","0","1","0","0","0","0","0","8","0","","67","9","2021","6","39.954782","-75.183114","2010","6","0","0","0","0","0","0","0","0","","0","0","0","","","1","N","0","","39 57:17.215","","0","75 10:59.209","8","0","0","0","67301","1","0","0","N","0","0","0","2","67301","0","","1.0","","1","N","N","N","0","","0","0","0","","0","","","2","1","0","0","0","1","1","2","0","1","","03","","N","","","","","","","","","",""
"2021127584","1149","0","0","0","0","0","0","0","0","0","7","0","","67","12","2021","7","40.043639","-75.114","1149","6","0","0","0","0","0","0","0","0","","0","0","0","","","0","N","0","","40 02:37.100","","0","75 06:50.400","9","0","0","0","67301","0","0","0","N","0","0","0","1","67301","0","","3.0","","1","N","N","N","0","","0","0","1","","0","","","1","0","0","0","0","0","1","2","0","1","","03","","N","","","","","","","","","",""
"2021124644","2114","0","0","0","0","0","0","0","0","0","5","0","","67","12","2021","1","40.006525","-75.161614","2107","6","0","0","0","0","0","0","0","0","","0","0","0","","","1","N","0","","40 00:23.490","","0","75 09:41.810","3","0","0","0","67301","0","0","0","N","0","0","0","1","67301","0","","6.0","","1","N","N","N","0","","1","0","3","","0","","","4","1","0","0","0","0","0","2","1","4","","","","N","","","","","","","","","",""
"2021088596","1725","1","0","0","0","0","0","0","0","0","4","0","","67","9","2021","6","40.04004","-75.027574","1719","6","0","0","0","0","0","1","0","0","","0","0","0","","","1","","1","","40 02:24.144","","0","75 01:39.268","4","0","0","0","67301","0","0","0","N","0","0","0","2","67301","1","","1.0","","1","N","N","N","0","","0","0","1","","3","","","2","1","0","0","0","0","0","2","0","2","","","","N","","","","","","","","","",""
"2021087476","0115","0","0","0","0","0","0","0","0","0","5","0","","67","9","2021","4","40.049961","-75.042397","0110","6","0","0","0","0","0","0","0","0","","0","0","0","","","0","N","0","","40 02:59.860","","0","75 02:32.630","0","0","0","0","67301","0","0","0","N","0","0","0","1","67301","0","","6.0","","1","N","N","N","0","","0","0","2","","0","","","2","0","0","0","0","0","0","2","0","2","","03","","N","","","","","","","","","",""
"2021085983","1224","2","0","0","0","0","0","0","0","0","4","0","","67","9","2021","7","39.960173","-75.137197","1222","6","0","0","0","0","0","0","0","0","","0","0","0","","","2","","2","","39 57:36.624","2","0","75 08:13.909","4","0","0","0","67301","0","0","0","N","0","0","0","4","67301","2","","1.0","1250.0","1","N","N","N","0","","0","0","0","","2","Y","","2","2","1","0","0","0","1","2","0","2","","03","","N","","","","","","","","","",""
"2021087455","0006","2","0","0","0","0","0","0","0","0","2","0","","67","9","2021","3","40.003673","-75.094417","0005","6","0","0","0","0","0","0","0","0","","0","0","0","","","1","","1","","40 00:13.224","","0","75 05:39.901","8","0","0","0","67301","0","0","0","N","0","0","0","1","67301","0","","1.0","","1","N","N","N","1","","0","0","0","","2","","","4","1","0","0","0","1","0","2","0","3","","","","N","","","","","","","","","",""
"2021124600","0345","2","0","0","0","0","0","0","0","0","4","0","","67","12","2021","7","40.05688","-75.128579","0342","6","0","0","0","0","0","0","0","0","","0","0","0","","","2","N","0","","40 03:24.768","4","0","75 07:42.886","8","0","0","0","67301","0","0","0","N","0","0","0","3","46102","0","","1.0","519.0","9","N","N","N","0","","0","0","0","","0","Y","","2","2","1","0","0","2","1","2","0","2","","05","","N","","","","","","","","","",""
"2021087939","1323","1","0","0","0","0","0","0","0","0","2","0","","67","9","2021","6","40.022718","-75.13636","1323","6","0","0","0","0","0","0","0","0","","0","0","0","","","1","N","0","","40 01:21.785","","0","75 08:10.897","2","0","0","0","67301","0","0","0","N","0","0","0","2","67301","0","","1.0","","1","N","N","N","0","","0","1","1","","0","","","2","1","0","0","0","0","0","2","0","2","","03","","N","","","","","","","","","",""
"2021126377","1617","2","0","0","0","0","0","0","0","0","4","0","","67","12","2021","6","40.00161","-75.128583","1617","6","0","0","0","0","0","0","0","0","","0","0","0","","","0","","1","","40 00:05.796","","0","75 07:42.898","0","0","0","0","67301","0","0","0","N","0","0","0","4","67301","0","","1.0","","1","N","N","N","0","","0","0","1","","2","","","3","0","0","0","0","0","0","2","0","3","","03","","N","","","","","","","","","",""
"2021128402","0936","0","0","0","0","0","0","0","0","0","4","0","","67","12","2021","5","40.013043","-75.119472","0935","6","0","0","0","0","0","0","0","0","","0","0","0","","","1","","1","","40 00:46.955","","0","75 07:10.098","3","0","0","0","67301","0","0","0","N","0","0","0","3","67301","0","","1.0","","1","N","N","N","0","","1","0","2","","2","","","2","1","0","0","0","0","0","2","0","2","","03","","N","","","","","","","","","",""
"2021085980","1945","2","0","0","0","0","0","0","0","0","1","0","","67","9","2021","1","39.971504","-75.21187","1930","6","0","0","0","0","0","1","0","0","","0","0","0","","","1","","2","","39 58:17.414","","0","75 12:42.731","3","0","0","0","67301","0","0","0","N","0","0","0","2","67301","0","","1.0","","1","N","N","N","0","","1","0","0","","2","","","2","1","0","0","0","0","0","2","0","2","","03","","N","","","","","","","","","",""
"2021085659","1635","1","0","0","0","0","0","0","0","0","3","0","","67","9","2021","7","39.975265","-75.12476","1629","6","0","0","0","0","0","0","0","0","","0","0","0","","","0","","3","","39 58:30.954","","0","75 07:29.136","0","0","0","0","67301","0","0","0","N","0","0","0","2","67301","0","","1.0","","1","N","N","N","0","","0","0","1","","3","","","2","0","0","0","0","0","0","2","0","2","","03","","N","","","","","","","","","",""
"2021128156","1050","1","0","0","0","0","0","1","0","0","5","1","","67","12","2021","5","39.952785","-75.16685","1033","6","0","0","0","0","0","1","0","0","","0","0","0","","","2","","1","","39 57:10.026","","0","75 10:00.660","4","0","0","0","67301","0","0","0","N","0","0","0","4","67508","2","","1.0","","1","N","N","N","0","","0","0","0","","2","","","2","2","0","0","0","0","1","2","0","2","","03","","N","","","","","","","","","",""
"2021127194","2015","1","0","0","0","0","0","0","0","0","1","0","","67","12","2021","2","40.082139","-74.967056","2011","6","0","0","0","0","0","1","0","0","","0","0","0","","","1","","1","","40 04:55.700","","3","74 58:01.400","8","0","0","0","67301","0","0","0","N","0","0","0","2","67301","0","","1.0","","1","N","N","Y","0","","0","0","1","","2","","","2","1","0","0","0","1","1","2","0","2","","04","","N","","","","","","","","","",""
"2021087484","0035","2","0","0","0","0","0","0","0","0","4","0","","67","9","2021","4","39.974066","-75.117882","0025","6","0","0","0","0","0","0","0","0","","0","0","0","","","0","","1","","39 58:26.639","","0","75 07:04.374","0","0","0","0","67301","0","0","0","N","0","0","0","5","67301","0","","1.0","","9","N","N","N","0","","0","0","0","","2","","","2","0","0","0","0","0","0","2","0","2","","","","N","","","","","","","","","",""
"2021115793","0815","1","0","0","0","0","0","0","0","0","7","0","","67","11","2021","1","39.982523","-75.230728","0814","6","0","0","0","0","0","0","0","0","","0","0","0","","","2","","1","","39 58:57.082","","0","75 13:50.620","3","0","0","0","67301","0","0","0","N","0","0","0","3","67301","0","","4.0","","1","N","N","N","0","","2","0","0","","2","","","2","2","1","0","0","0","0","2","1","2","","03","","N","","","","","","","","","",""