"CRN","ARRIVAL_TM","AUTOMOBILE_COUNT","BELTED_DEATH_COUNT","BELTED_SUSP_SERIOUS_INJ_COUNT","BICYCLE_COUNT","BICYCLE_DEATH_COUNT","BICYCLE_SUSP_SERIOUS_INJ_COUNT","BUS_COUNT","CHLDPAS_DEATH_COUNT","CHLDPAS_SUSP_SERIOUS_INJ_COUNT","COLLISION_TYPE","COMM_VEH_COUNT","CONS_ZONE_SPD_LIM","COUNTY","CRASH_MONTH","CRASH_YEAR","DAY_OF_WEEK","DEC_LATITUDE","DEC_LONGITUDE","DISPATCH_TM","DISTRICT","DRIVER_COUNT_16YR","DRIVER_COUNT_17YR","DRIVER_COUNT_18YR","DRIVER_COUNT_19YR","DRIVER_COUNT_20YR","DRIVER_COUNT_50_64YR","DRIVER_COUNT_65_74YR","DRIVER_COUNT_75PLUS","EST_HRS_CLOSED","FATAL_COUNT","HEAVY_TRUCK_COUNT","HORSE_BUGGY_COUNT","HOUR_OF_DAY","ILLUMINATION","INJURY_COUNT","INTERSECTION_RELATED","INTERSECT_TYPE","LANE_CLOSED","LATITUDE","LN_CLOSE_DIR","LOCATION_TYPE","LONGITUDE","MAX_SEVERITY_LEVEL","MCYCLE_DEATH_COUNT","MCYCLE_SUSP_SERIOUS_INJ_COUNT","MOTORCYCLE_COUNT","MUNICIPALITY","NONMOTR_COUNT","NONMOTR_DEATH_COUNT","NONMOTR_SUSP_SERIOUS_INJ_COUNT","NTFY_HIWY_MAINT","PED_COUNT","PED_DEATH_COUNT","PED_SUSP_SERIOUS_INJ_COUNT","PERSON_COUNT","POLICE_AGCY","POSSIBLE_INJ_COUNT","RDWY_SURF_TYPE_CD","RELATION_TO_ROAD","ROADWAY_CLEARED","ROAD_CONDITION","SCH_BUS_IND","SCH_ZONE_IND","SECONDARY_CRASH","SMALL_TRUCK_COUNT","SPEC_JURIS_CD","SUSP_MINOR_INJ_COUNT","SUSP_SERIOUS_INJ_COUNT","SUV_COUNT","TCD_FUNC_CD","TCD_TYPE","TFC_DETOUR_IND","TIME_OF_DAY","TOTAL_UNITS","TOT_INJ_COUNT","UNBELTED_OCC_COUNT","UNB_DEATH_COUNT","UNB_SUSP_SERIOUS_INJ_COUNT","UNK_INJ_DEG_COUNT","UNK_INJ_PER_COUNT","URBAN_RURAL","VAN_COUNT","VEHICLE_COUNT","WEATHER1","WEATHER2","WORKERS_PRES","WORK_ZONE_IND","WORK_ZONE_LOC","WORK_ZONE_TYPE","WZ_CLOSE_DETOUR","WZ_FLAGGER","WZ_LAW_OFFCR_IND","WZ_LN_CLOSURE","WZ_MOVING","WZ_OTHER","WZ_SHLDER_MDN","WZ_WORKERS_INJ_KILLED"
"2021105716","","0","0","0","0","0","0","0","0","0","1","0","","67","9","2021","5","40.029917","-75.087527","","6","0","0","0","0","0","1","0","0","","0","0","0","","","1","","1","","40 01:47.700","","0","75 05:15.098","8","0","0","0","67301","0","0","0","N","0","0","0","2","00000","0","","1.0","","1","N","N","N","0","","0","0","1","","2","","","2","1","0","0","0","1","0","2","0","2","","","","N","","","","","","","","","",""
"2021123868","1215","3","0","0","0","0","0","0","0","0","6","0","","67","12","2021","6","40.09571","-74.969707","1205","6","0","0","0","0","0","0","0","0","","0","0","0","","","4","N","0","","40 05:44.555","","0","74 58:10.945","8","0","0","0","67301","0","0","0","N","0","0","0","4","67301","0","","1.0","","1","N","N","N","0","","0","0","0","","0","","","3","4","0","0","0","4","0","2","0","3","","03","","N","","","","","","","","","",""
"2021119777","0228","1","0","0","0","0","0","0","0","0","7","0","","67","12","2021","3","40.081439","-75.171748","0225","6","0","0","0","0","1","0","0","0","","0","0","0","","","1","N","0","","40 04:53.179","","0","75 10:18.291","3","0","0","0","67301","0","0","0","N","0","0","0","1","67301","0","","4.0","","1","N","N","N","0","","1","0","0","","0","","","1","1","0","0","0","0","0","2","0","1","","03","","N","","","","","","","","","",""
"2021088734","0900","1","0","0","0","0","0","0","0","0","4","0","","67","9","2021","2","40.033041","-75.116078","0900","6","0","0","0","0","0","0","0","0","","0","0","0","","","2","","1","","40 01:58.949","","0","75 06:57.882","4","0","0","0","67301","0","0","0","N","0","0","0","3","67301","2","","1.0","","1","N","N","N","0","","0","0","1","","2","","","2","2","0","0","0","0","0","2","0","2","","03","","N","","","","","","","","","",""
"2021085987","0038","2","0","0","0","0","0","0","0","0","5","0","","67","9","2021","1","40.03515","-75.138928","0038","6","0","0","0","0","0","0","0","0","","0","0","0","","","0","N","0","","40 02:06.540","","0","75 08:20.140","0","0","0","0","67301","0","0","0","N","0","0","0","1","67301","0","","6.0","","1","N","N","N","0","","0","0","1","","0","","","3","0","0","0","0","0","0","2","0","3","","03","","N","","","","","","","","","",""
"2021116788","0958","2","0","0","0","0","0","0","0","0","4","0","","67","11","2021","2","39.974597","-75.199487","0948","6","0","0","0","0","0","0","0","0","","0","0","0","","","2","","1","","39 58:28.550","3","2","75 11:58.153","4","0","0","0","67301","0","0","0","N","0","0","0","4","67301","2","","1.0","1030.0","1","N","N","Y","0","","0","0","1","","2","N","","3","2","1","0","0","0","2","2","0","3","","03","","N","","","","","","","","","",""
"2021085968","2301","0","0","0","0","0","0","0","0","0","4","0","","67","9","2021","1","40.0045","-75.150444","2257","6","0","0","0","0","0","0","0","0","","0","0","0","","","1","N","0","","40 00:16.200","4","7","75 09:01.600","2","0","1","1","67301","0","0","0","N","0","0","0","2","67505","0","","1.0","200.0","1","N","N","N","0","","0","1","0","","0","N","","2","1","0","0","0","0","0","2","1","2","","","","N","","","","","","","","","",""
"2021126696","1850","2","0","0","0","0","0","0","0","0","4","0","","67","12","2021","6","39.948952","-75.227169","1844","6","0","0","1","0","0","0","1","0","","0","0","0","","","2","","1","","39 56:56.228","","0","75 13:37.808","4","0","0","0","67301","0","0","0","N","0","0","0","4","67301","2","","1.0","","1","N","N","N","0","","0","0","0","","2","","","2","2","0","0","0","0","0","2","0","2","","03","","N","","","","","","","","","",""
"2021097539","1636","0","0","0","0","0","0","0","0","0","8","0","","67","9","2021","5","40.004293","-75.149298","1636","6","0","0","0","0","0","0","0","0","","0","0","0","","","1","","1","","40 00:15.454","","0","75 08:57.472","2","0","0","0","67301","1","0","1","N","1","0","1","2","67301","0","","1.0","","1","N","N","N","0","","0","1","0","","2","","","2","1","0","0","0","0","0","2","0","1","","03","","N","","","","","","","","","",""
"2021117377","","1","0","0","0","0","0","0","0","0","4","0","","67","8","2021","1","39.982583","-75.188083","","6","0","0","0","0","0","0","0","0","","0","0","0","","","2","N","0","","39 58:57.300","","7","75 11:17.100","8","0","0","0","67301","0","0","0","N","0","0","0","2","00000","0","","1.0","","1","N","N","N","0","","0","0","1","","0","","","2","2","0","0","0","2","0","2","0","2","","","","N","","","","","","","","","",""
"2021088537","0202","1","0","0","0","0","0","0","0","0","5","0","","67","9","2021","7","39.924167","-75.236361","0200","6","0","0","0","0","0","0","0","0","","0","0","0","","","0","N","0","","39 55:27.000","","0","75 14:10.900","0","0","0","0","67301","0","0","0","N","0","0","0","1","67301","0","","6.0","","1","N","N","N","1","","0","0","0","","0","","","2","0","0","0","0","0","0","2","0","2","","03","","N","","","","","","","","","",""
"2021089280","2056","1","0","0","0","0","0","0","0","0","4","0","","67","9","2021","5","39.95656","-75.241884","2056","6","0","0","0","0","0","0","0","0","","0","0","0","","","1","","1","","39 57:23.616","","0","75 14:30.782","3","0","0","0","67301","0","0","0","N","0","0","0","3","67301","0","","1.0","","1","N","N","N","0","","1","0","1","","2","","","2","1","0","0","0","0","0","2","0","2","","03","","N","","","","","","","","","",""
"2021085837","1114","0","0","0","0","0","0","0","0","0","0","0","","67","9","2021","1","40.099956","-75.000594","1114","6","0","0","0","0","0","0","0","0","","0","0","0","","","1","N","0","","40 05:59.840","","7","75 00:02.140","8","0","0","1","67301","0","0","0","N","0","0","0","1","67301","0","","4.0","","1","N","N","N","0","","0","0","0","","0","","","1","1","0","0","0","1","0","2","0","1","","03","","N","","","","","","","","","",""
"2021094428","1425","0","0","0","0","0","0","0","0","0","8","0","","67","9","2021","1","39.999397","-75.117056","1420","6","0","0","0","0","0","0","0","0","","0","0","0","","","1","N","0","","39 59:57.830","","0","75 07:01.400","3","0","0","0","67301","1","0","0","N","1","0","0","2","67301","0","","1.0","","1","N","N","N","0","","1","0","1","","0","","","2","1","0","0","0","0","0","2","0","1","","03","","N","","","","","","","","","",""
"2021125188","1914","0","0","0","0","0","0","0","0","0","1","0","","67","12","2021","6","39.968339","-75.1297","1901","6","0","0","0","0","0","3","0","0","","0","0","0","","","1","N","0","","39 58:06.022","2","0","75 07:46.921","4","0","0","0","67301","0","0","0","N","0","0","0","4","68K01","1","","1.0","1945.0","1","N","N","N","0","","0","0","2","","0","N","","3","1","0","0","0","0","0","2","1","3","","","","N","","","","","","","","","",""
"2021082037","0917","0","0","0","0","0","0","0","0","0","5","0","","67","8","2021","2","40.083276","-75.0396","0903","6","0","0","0","0","0","1","0","0","","0","0","0","","","1","Y","0","","40 04:59.794","","0","75 02:22.559","3","0","0","0","67301","0","0","0","N","0","0","0","2","67301","0","","1.0","","98","N","N","N","0","","1","0","2","","0","","","2","1","1","0","0","0","0","2","0","2","","","","N","","","","","","","","","",""
"2021124416","0346","2","0","0","0","0","0","0","0","0","4","0","","67","12","2021","7","39.972233","-75.232884","0343","6","0","0","0","0","0","1","0","0","","0","0","0","","","0","","1","","39 58:20.038","","0","75 13:58.382","0","0","0","0","67301","0","0","0","N","0","0","0","2","67301","0","","1.0","","9","N","N","Y","0","","0","0","0","","3","","","2","0","0","0","0","0","0","2","0","2","","07","","N","","","","","","","","","",""
"2021093098","1806","2","0","0","0","0","0","0","0","0","4","0","","67","9","2021","4","40.050401","-75.141043","1806","6","0","0","0","1","0","1","0","0","","0","0","0","","","1","","1","","40 03:01.443","7","0","75 08:27.754","3","0","0","0","67301","0","0","0","N","0","0","0","3","67301","0","","1.0","1837.0","1","N","N","N","0","","1","0","2","","3","Y","","4","1","0","0","0","0","0","2","0","4","","","","N","","","","","","","","","",""
"2021126306","2150","1","0","0","0","0","0","0","0","0","1","0","","67","12","2021","5","40.090942","-74.976463","2143","6","0","0","0","0","0","2","1","0","","0","0","0","","","1","N","0","","40 05:27.390","","0","74 58:35.267","8","0","0","0","67301","0","0","0","N","0","0","0","3","67301","0","","1.0","","1","N","N","Y","1","","0","0","0","","0","","","3","1","0","0","0","1","0","2","1","3","","03","","N","","","","","","","","","",""
"2021128186","1327","1","0","0","0","0","0","0","0","0","1","0","","67","12","2021","6","39.956943","-75.152758","1313","6","0","0","0","0","0","0","0","0","","0","0","0","","","0","N","0","","39 57:24.996","","0","75 09:09.928","0","0","0","0","67301","0","0","0","N","0","0","0","3","68K01","0","","1.0","","1","N","N","N","0","","0","0","1","","0","","","2","0","0","0","0","0","0","2","0","2","","03","","N","","","","","","","","","",""
"2021119774","","1","0","0","0","0","0","0","0","0","4","0","","67","8","2021","5","39.904045","-75.240114","","6","0","0","0","0","0","1","0","0","","0","0","0","","","1","","1","","39 54:14.563","","0","75 14:24.409","8","0","0","0","67301","0","0","0","N","0","0","0","2","00000","0","","1.0","","1","N","N","N","0","","0","0","1","","2","","","2","1","0","0","0","1","0","2","0","2","","","","N","","","","","","","","","",""
"2021126083","2001","1","0","0","0","0","0","0","0","0","4","0","","67","12","2021","5","40.007639","-75.127327","2001","6","0","0","0","0","0","2","0","0","","0","0","0","","","3","","1","","40 00:27.502","","0","75 07:38.377","3","0","0","0","67301","0","0","0","N","0","0","0","4","67301","1","","1.0","","1","N","N","N","0","","2","0","1","","2","","","2","3","0","0","0","0","0","2","0","2","","03","","N","","","","","","","","","",""
"2021125235","0124","1","0","0","0","0","0","0","0","0","2","0","","67","12","2021","3","39.993622","-75.174525","0118","6","0","0","0","0","0","0","0","0","","0","0","0","","","0","N","0","","39 59:37.040","","0","75 10:28.290","9","0","0","0","67301","0","0","0","N","0","0","0","2","67301","0","","1.0","","1","N","N","N","0","","0","0","0","","3","","","2","0","0","0","0","0","2","2","0","2","","03","","N","","","","","","","","","",""
"2021124408","1650","0","0","0","0","0","0","0","0","0","8","0","","67","12","2021","1","40.007105","-75.213717","1635","6","0","0","0","0","0","0","0","0","","0","0","0","","","1","","1","","40 00:25.579","","0","75 12:49.382","2","0","0","0","67301","1","0","1","N","1","0","1","1","67301","0","","1.0","","1","N","N","N","0","","0","1","1","","2","","","2","1","0","0","0","0","0","2","0","1","","03","","N","","","","","","","","","",""
"2021086750","1023","1","0","0","1","0","0","0","0","0","8","0","","67","9","2021","2","40.05557","-75.008477","1020","6","0","0","0","0","0","1","0","0","","0","0","0","","","1","N","0","","40 03:20.051","","0","75 00:30.516","3","0","0","0","67301","1","0","0","N","0","0","0","2","67301","0","","1.0","","1","N","N","N","0","","1","0","0","","0","","","2","1","0","0","0","0","0","2","0","1","","03","","N","","","","","","","","","",""
"2021125829","1041","1","0","0","0","0","0","0","0","0","1","0","","67","12","2021","4","40.109825","-75.029814","1035","6","0","0","0","0","0","0","1","0","","0","0","0","","","1","N","0","","40 06:35.370","","0","75 01:47.330","4","0","0","0","67301","0","0","0","N","0","0","0","1","67301","1","","6.0","","1","N","N","N","1","","0","0","1","","0","","","3","1","0","0","0","0","0","2","0","3","","","","N","","","","","","","","","",""
"2021126567","1940","2","0","0","0","0","0","0","0","0","4","0","","67","12","2021","6","40.052161","-75.067642","1937","6","0","0","0","0","0","1","0","0","","0","0","0","","","1","","1","","40 03:07.779","4","0","75 04:03.510","3","0","0","0","67301","0","0","0","N","0","0","0","2","67301","0","","1.0","30.0","1","N","N","N","0","","1","0","0","","2","N","","2","1","0","0","0","0","0","2","0","2","","","","N","","","","","","","","","",""
"2021083160","2107","1","0","0","0","0","0","0","0","0","4","0","","67","8","2021","3","40.056404","-75.028956","2055","6","0","0","0","0","0","0","0","0","","0","0","0","","","1","","1","","40 03:23.055","","0","75 01:44.242","3","0","0","0","67301","0","0","0","N","0","0","0","3","67301","0","","1.0","","1","N","N","N","0","","1","0","1","","2","","","2","1","0","0","0","0","0","2","0","2","","03","","N","","","","","","","","","",""
"2021125935","2054","1","0","0","0","0","0","0","0","0","8","0","","67","12","2021","3","40.108896","-75.025931","2054","6","0","0","0","0","0","0","0","0","","0","0","0","","","1","N","0","","40 06:32.025","","0","75 01:33.352","8","0","0","0","67301","1","0","0","N","1","0","0","3","67301","0","","1.0","","1","N","N","N","0","","0","0","0","","0","","","2","1","0","0","0","1","0","2","0","1","","","","N","","","","","","","","","",""
"2021088158","2119","0","0","0","0","0","0","0","0","0","5","0","","67","9","2021","7","39.999525","-75.099216","2119","6","0","0","0","0","0","0","0","0","","0","0","0","","","1","N","0","","39 59:58.289","","0","75 05:57.177","3","0","0","1","67301","0","0","0","N","0","0","0","2","67301","0","","1.0","","1","N","N","N","0","","1","0","1","","0","","","2","1","0","0","0","0","0","2","0","2","","","","N","","","","","","","","","",""
"2021087514","2045","2","0","0","0","0","0","0","0","0","4","0","","67","9","2021","2","39.915989","-75.164464","2030","6","0","1","0","0","0","0","0","0","","0","0","0","","","0","","1","","39 54:57.561","","0","75 09:52.072","0","0","0","0","67301","0","0","0","N","0","0","0","4","67301","0","","1.0","","1","N","N","N","0","","0","0","0","","2","","","2","0","0","0","0","0","0","2","0","2","","03","","N","","","","","","","","","",""
"2021088413","2159","1","0","0","0","0","0","0","0","0","4","0","","67","9","2021","1","40.049612","-75.122789","2159","6","0","0","0","0","0","0","0","0","","0","0","0","","","1","","1","","40 02:58.603","","0","75 07:22.040","3","0","0","0","67301","0","0","0","N","0","0","0","2","67301","0","","1.0","","1","N","N","N","0","","1","0","1","","2","","","2","1","0","0","0","0","0","2","0","2","","03","","N","","","","","","","","","",""
"2021126311","1531","0","0","0","0","0","0","0","0","0","8","0","","67","12","2021","6","40.041363","-75.028255","1530","6","0","0","0","0","1","0","0","0","","0","0","0","","","1","","1","","40 02:28.908","","0","75 01:41.719","3","0","0","0","67301","1","0","0","N","1","0","0","2","67301","0","","1.0","","1","N","N","N","0","","1","0","1","","2","","","2","1","0","0","0","0","0","2","0","1","","03","","N","","","","","","","","","",""
"2021086299","1240","1","0","0","0","0","0","0","0","0","4","0","","67","9","2021","7","39.918294","-75.140864","1240","6","0","0","0","1","0","0","0","0","","0","0","0","","","0","N","0","","39 55:05.860","","7","75 08:27.110","9","0","0","0","67301","0","0","0","N","0","0","0","2","67301","0","","1.0","","1","N","N","N","0","","0","0","1","","3","","","2","0","2","0","0","0","1","2","0","2","","","","N","","","","","","","","","",""
"2021086785","1425","1","0","0","0","0","0","0","0","0","4","0","","67","9","2021","2","39.975162","-75.188163","1417","6","0","0","0","0","0","0","1","0","","0","0","0","","","2","","1","","39 58:30.584","","0","75 11:17.385","3","0","0","0","67301","0","0","0","N","0","0","0","3","67301","0","","1.0","","1","N","N","N","1","","2","0","0","","2","","","2","2","0","0","0","0","0","2","0","2","","03","","N","","","","","","","","","",""
"2021086218","0612","1","0","0","0","0","0","0","0","0","6","0","","67","9","2021","1","39.933181","-75.240827","0611","6","0","0","0","0","0","1","0","0","","0","0","0","","","2","N","0","","39 55:59.451","2","0","75 14:26.977","4","0","0","0","67301","0","0","0","N","0","0","0","2","67301","2","","1.0","654.0","1","N","N","N","0","","0","0","1","","0","Y","","2","2","0","0","0","0","0","2","0","2","","","","N","","","","","","","","","",""
"2021080760","1405","0","0","0","0","0","0","0","0","0","4","0","","67","8","2021","6","39.982208","-75.185206","1403","6","0","0","0","0","0","1","0","0","","0","0","0","","","0","N","0","","39 58:55.948","","3","75 11:06.741","0","0","0","0","67301","0","0","0","N","0","0","0","3","67301","0","","1.0","","9","N","N","N","0","","0","0","1","","0","","","2","0","0","0","0","0","0","2","1","2","","07","","N","","","","","","","","","",""
"2021093417","1736","1","0","0","0","0","0","0","0","0","5","0","","67","9","2021","1","40.035659","-75.016799","1730","6","0","0","0","0","0","0","0","0","","0","0","0","","","1","N","0","","40 02:08.374","1","0","75 01:00.476","4","0","0","0","67301","0","0","0","N","0","0","0","6","68K01","1","","1.0","1800.0","1","N","N","N","0","","0","0","0","","0","N","","2","1","0","0","0","0","0","2","1","2","","","","N","","","","","","","","","",""
"2021127127","2319","1","0","0","0","0","0","0","0","0","4","0","","67","12","2021","1","39.903646","-75.243235","2317","6","0","0","0","1","0","0","0","0","","0","0","0","","","0","","1","","39 54:13.124","","0","75 14:35.647","0","0","0","0","67301","0","0","0","N","0","0","0","2","67301","0","","1.0","","1","N","N","N","0","","0","0","1","","2","","","2","0","0","0","0","0","0","2","0","2","","03","","N","","","","","","","","","",""
"2021086449","2002","2","0","0","0","0","0","0","0","0","4","0","","67","9","2021","2","40.019927","-75.076689","1959","6","0","0","0","0","0","0","0","0","","0","0","0","","","1","","1","","40 01:11.737","","0","75 04:36.080","4","0","0","0","67301","0","0","0","N","0","0","0","2","67301","1","","1.0","","1","N","N","N","0","","0","0","0","","3","","","2","1","0","0","0","0","1","2","0","2","","","","N","","","","","","","","","",""
"2021127148","0650","0","0","0","0","0","0","0","0","0","7","0","","67","12","2021","1","40.052583","-75.087222","0644","6","0","0","0","0","0","1","0","0","","0","0","0","","","0","N","0","","40 03:09.300","","0","75 05:14.000","0","0","0","0","67301","0","0","0","N","0","0","0","1","67301","0","","4.0","","9","N","N","N","0","","0","0","1","","0","","","1","0","0","0","0","0","0","2","0","1","","","","N","","","","","","","","","",""
"2021087401","0225","1","0","0","0","0","0","0","0","0","7","0","","67","9","2021","1","39.885984","-75.209204","0221","6","0","0","0","0","0","1","0","0","","0","0","0","","","0","N","0","","39 53:09.541","","0","75 12:33.134","0","0","0","0","67301","0","0","0","N","0","0","0","1","68K01","0","","2.0","","1","N","N","N","0","","0","0","0","","0","","","1","0","0","0","0","0","0","2","0","1","","03","","N","","","","","","","","","",""
"2021127236","2255","0","0","0","0","0","0","0","0","0","7","0","","67","12","2021","1","40.068833","-75.160167","2250","6","0","0","0","0","0","0","0","0","","0","0","0","","","0","N","0","","40 04:07.800","","0","75 09:36.600","9","0","0","0","67301","0","0","0","N","0","0","0","2","67301","0","","6.0","","1","N","N","N","0","","0","0","2","","0","","","2","0","0","0","0","0","1","2","0","2","","","","N","","","","","","","","","",""
"2021086065","0810","1","0","0","0","0","0","0","0","0","8","0","","67","9","2021","2","39.95194","-75.159916","0757","6","0","0","0","0","0","0","0","0","","0","0","0","","","1","","1","","39 57:06.984","3","0","75 09:35.699","4","0","0","0","67301","1","0","0","N","1","0","0","2","67301","1","","1.0","820.0","1","N","N","N","0","","0","0","1","","2","N","","3","1","1","0","0","0","0","2","0","2","","03","","N","","","","","","","","","",""
"2021084924","0217","2","0","0","0","0","0","0","0","0","4","0","","67","9","2021","5","39.997042","-75.178576","0143","6","0","0","0","0","0","0","0","0","","0","0","0","","","2","","1","","39 59:49.352","","0","75 10:42.874","3","0","0","0","67301","0","0","0","N","0","0","0","2","67301","0","","1.0","","9","N","N","N","1","","2","0","1","","2","","","4","2","1","0","0","0","0","2","0","4","","","","N","","","","","","","","","",""
"2021088119","1902","2","0","0","0","0","0","0","0","0","5","0","","67","9","2021","6","40.121731","-75.029256","1851","6","0","0","0","0","0","0","0","0","","0","0","0","","","0","N","0","","40 07:18.230","","0","75 01:45.320","9","0","0","0","67301","0","0","0","N","0","0","0","2","67301","0","","1.0","","1","N","N","N","0","","0","0","1","","0","","","3","0","1","0","0","0","1","2","0","3","","03","","N","","","","","","","","","",""
"2021126068","1527","1","0","0","0","0","0","0","0","0","6","0","","67","12","2021","3","39.975664","-75.19193","1500","6","0","0","0","0","0","0","1","0","","0","0","0","","","0","N","0","","39 58:32.392","","0","75 11:30.948","9","0","0","0","67301","0","0","0","N","0","0","0","2","67301","0","","1.0","","99","N","N","N","0","","0","0","1","","0","","","2","0","0","0","0","0","2","2","0","2","","","","N","","","","","","","","","",""
"2021089442","1011","2","0","0","0","0","0","0","0","0","5","0","45","67","9","2021","6","40.010501","-75.06256","1008","6","0","0","0","0","0","1","0","0","","0","0","0","","","1","N","0","","40 00:37.805","1","0","75 03:45.217","8","0","0","0","67301","0","0","0","N","0","0","0","4","68K01","0","","1.0","1026.0","1","N","N","N","0","","0","0","1","","0","N","","4","1","0","0","0","1","0","2","0","3","","","Y","Y","4","1","N","N","N","Y","N","N","Y","N"
"2021127476","1118","1","0","0","0","0","0","0","0","0","98","0","45","67","12","2021","6","40.00679","-75.073787","1118","6","0","0","0","0","0","1","0","0","","0","0","0","","","0","N","0","","40 00:24.445","2","0","75 04:25.632","9","0","0","0","67301","0","0","0","N","0","0","0","2","68K01","0","","1.0","1125.0","1","N","N","N","0","","0","0","0","","0","N","","2","0","0","0","0","0","1","2","0","2","","","Y","Y","4","1","N","N","N","Y","N","N","Y","N"
"2021128169","1849","1","0","0","0","0","0","0","0","0","4","0","","67","12","2021","7","39.944846","-75.166982","1849","6","0","0","0","0","0","0","0","0","","0","0","0","","","1","","1","","39 56:41.445","4","0","75 10:01.135","3","0","0","0","67301","0","0","0","N","0","0","0","2","67301","0","","1.0","1955.0","9","N","N","N","0","","1","0","2","","2","N","","3","1","0","0","0","0","0","2","0","3","","07","","N","","","","","","","","","",""
"2021123836","0155","1","0","0","0","0","0","0","0","0","4","0","","67","12","2021","7","40.001601","-75.152925","0206","6","0","0","0","0","0","0","0","0","","0","0","0","","","1","","1","","40 00:05.763","","0","75 09:10.529","3","0","0","0","67301","0","0","0","N","0","0","0","2","67301","0","","1.0","","9","N","N","N","0","","1","0","0","","2","","","2","1","0","0","0","0","1","2","1","2","","","","N","","","","","","","","","",""
"2021126873","1144","2","0","0","0","0","0","0","0","0","4","0","","67","12","2021","7","40.031348","-75.084948","1141","6","0","0","0","0","0","0","0","0","","0","0","0","","","1","","1","","40 01:52.852","1","0","75 05:05.812","4","0","0","0","67301","0","0","0","N","0","0","0","3","67301","1","","1.0","1245.0","9","N","N","N","0","","0","0","0","","2","Y","","2","1","0","0","0","0","0","2","0","2","","07","","N","","","","","","","","","",""
"2021091176","0301","2","0","0","0","0","0","0","0","0","5","0","","67","8","2021","2","39.998757","-75.195461","0250","6","0","0","0","0","0","0","0","0","","0","0","0","","","1","N","0","","39 59:55.525","4","0","75 11:43.661","3","0","0","0","67301","0","0","0","N","0","0","0","2","68K01","0","","1.0","45.0","1","N","N","N","0","","1","0","0","","0","Y","","2","1","0","0","0","0","0","2","0","2","","03","","N","","","","","","","","","",""
"2021127237","0245","1","0","0","0","0","0","0","0","0","6","0","","67","12","2021","2","40.035503","-75.173217","0245","6","0","0","0","0","0","1","0","0","","0","0","0","","","0","N","0","","40 02:07.810","","0","75 10:23.580","0","0","0","0","67301","0","0","0","N","0","0","0","1","67301","0","","6.0","","1","N","N","N","0","","0","0","1","","0","","","2","0","0","0","0","0","0","2","0","2","","03","","N","","","","","","","","","",""
"2021127861","1855","1","0","0","0","0","0","0","0","0","5","0","","67","12","2021","3","39.918662","-75.246894","1851","6","0","0","0","0","0","1","0","0","","0","0","0","","","1","","1","","39 55:07.184","","0","75 14:48.818","8","0","0","0","67301","0","0","0","N","0","0","0","3","67301","0","","1.0","","99","N","N","N","0","","0","0","0","","0","","","3","1","0","0","0","1","0","2","0","3","","98","","N","","","","","","","","","",""
"2021086701","1040","0","0","0","1","0","0","0","0","0","8","0","25","67","9","2021","3","39.96297","-75.161209","1031","6","0","0","0","0","0","1","0","0","","0","0","0","","","1","N","0","","39 57:46.691","","0","75 09:40.352","4","0","0","0","67301","1","0","0","N","0","0","0","2","67301","1","","1.0","","1","N","N","N","0","","0","0","1","","0","","","2","1","0","0","0","0","0","2","0","1","","03","N","Y","8","1","","","N","","","","Y","N"
"2021083249","1845","1","0","0","0","0","0","0","0","0","8","0","","67","8","2021","3","39.961891","-75.161444","1830","6","0","0","0","0","0","0","0","0","","0","0","0","","","2","N","0","","39 57:42.806","1","0","75 09:41.199","2","0","0","0","67301","2","0","1","N","2","0","1","4","67301","0","","1.0","2127.0","1","N","N","N","0","","1","1","0","","0","N","","4","2","0","0","0","0","0","2","0","2","","03","","N","","","","","","","","","",""
"2021124028","0112","2","0","0","0","0","0","0","0","0","1","0","","67","12","2021","6","40.096131","-75.052253","0104","6","0","0","0","0","0","0","0","0","","0","0","0","","","0","N","0","","40 05:46.070","4","0","75 03:08.110","0","0","0","0","67301","0","0","0","N","0","0","0","1","67301","0","","5.0","145.0","1","N","N","N","0","","0","0","0","","0","N","","2","0","0","0","0","0","0","2","0","2","","","","N","","","","","","","","","",""
"2021083828","0940","2","0","0","0","0","0","0","0","0","4","0","","67","9","2021","2","39.944194","-75.142195","0930","6","0","0","0","0","0","0","0","1","","0","0","0","","","1","","2","","39 56:39.099","","0","75 08:31.902","3","0","0","0","67301","0","0","0","N","0","0","0","4","67301","0","","1.0","","1","N","N","N","0","","1","0","0","","2","","","2","1","0","0","0","0","0","2","0","2","","03","","N","","","","","","","","","",""
"2021101023","2331","1","0","0","0","0","0","0","0","0","1","0","","67","9","2021","3","40.014518","-75.131119","2324","6","0","0","0","0","0","1","0","0","","0","0","0","","","3","","2","","40 00:52.264","","0","75 07:52.028","3","0","0","0","67301","0","0","0","N","0","0","0","3","67301","0","","1.0","","1","N","N","Y","1","","3","0","1","","2","","","3","3","0","0","0","0","0","2","0","3","","03","","N","","","","","","","","","",""
"2021128485","1903","1","0","0","0","0","0","0","0","0","8","0","","67","12","2021","4","40.048282","-75.065947","1859","6","0","0","0","0","0","1","0","0","","0","0","0","","","1","","1","","40 02:53.815","","0","75 03:57.409","3","0","0","0","67301","1","0","0","N","1","0","0","2","67301","0","","1.0","","1","N","N","N","0","","1","0","0","","3","","","2","1","0","0","0","0","0","2","0","1","","","","N","","","","","","","","","",""