"CRN","ARRIVAL_TM","AUTOMOBILE_COUNT","BELTED_DEATH_COUNT","BELTED_SUSP_SERIOUS_INJ_COUNT","BICYCLE_COUNT","BICYCLE_DEATH_COUNT","BICYCLE_SUSP_SERIOUS_INJ_COUNT","BUS_COUNT","CHLDPAS_DEATH_COUNT","CHLDPAS_SUSP_SERIOUS_INJ_COUNT","COLLISION_TYPE","COMM_VEH_COUNT","CONS_ZONE_SPD_LIM","COUNTY","CRASH_MONTH","CRASH_YEAR","DAY_OF_WEEK","DEC_LATITUDE","DEC_LONGITUDE","DISPATCH_TM","DISTRICT","DRIVER_COUNT_16YR","DRIVER_COUNT_17YR","DRIVER_COUNT_18YR","DRIVER_COUNT_19YR","DRIVER_COUNT_20YR","DRIVER_COUNT_50_64YR","DRIVER_COUNT_65_74YR","DRIVER_COUNT_75PLUS","EST_HRS_CLOSED","FATAL_COUNT","HEAVY_TRUCK_COUNT","HORSE_BUGGY_COUNT","HOUR_OF_DAY","ILLUMINATION","INJURY_COUNT","INTERSECTION_RELATED","INTERSECT_TYPE","LANE_CLOSED","LATITUDE","LN_CLOSE_DIR","LOCATION_TYPE","LONGITUDE","MAX_SEVERITY_LEVEL","MCYCLE_DEATH_COUNT","MCYCLE_SUSP_SERIOUS_INJ_COUNT","MOTORCYCLE_COUNT","MUNICIPALITY","NONMOTR_COUNT","NONMOTR_DEATH_COUNT","NONMOTR_SUSP_SERIOUS_INJ_COUNT","NTFY_HIWY_MAINT","PED_COUNT","PED_DEATH_COUNT","PED_SUSP_SERIOUS_INJ_COUNT","PERSON_COUNT","POLICE_AGCY","POSSIBLE_INJ_COUNT","RDWY_SURF_TYPE_CD","RELATION_TO_ROAD","ROADWAY_CLEARED","ROAD_CONDITION","SCH_BUS_IND","SCH_ZONE_IND","SECONDARY_CRASH","SMALL_TRUCK_COUNT","SPEC_JURIS_CD","SUSP_MINOR_INJ_COUNT","SUSP_SERIOUS_INJ_COUNT","SUV_COUNT","TCD_FUNC_CD","TCD_TYPE","TFC_DETOUR_IND","TIME_OF_DAY","TOTAL_UNITS","TOT_INJ_COUNT","UNBELTED_OCC_COUNT","UNB_DEATH_COUNT","UNB_SUSP_SERIOUS_INJ_COUNT","UNK_INJ_DEG_COUNT","UNK_INJ_PER_COUNT","URBAN_RURAL","VAN_COUNT","VEHICLE_COUNT","WEATHER1","WEATHER2","WORKERS_PRES","WORK_ZONE_IND","WORK_ZONE_LOC","WORK_ZONE_TYPE","WZ_CLOSE_DETOUR","WZ_FLAGGER","WZ_LAW_OFFCR_IND","WZ_LN_CLOSURE","WZ_MOVING","WZ_OTHER","WZ_SHLDER_MDN","WZ_WORKERS_INJ_KILLED"
"2021125622","2138","0","0","0","0","0","0","0","0","0","7","0","","67","12","2021","7","39.969454","-75.126187","2128","6","0","0","0","0","0","0","0","0","","0","0","0","","","0","N","0","","39 58:10.035","1","0","75 07:34.273","0","0","0","0","67301","0","0","0","Y","0","0","0","3","68K01","0","","7.0","2150.0","1","N","N","N","0","","0","0","0","","0","N","","1","0","0","0","0","0","0","2","1","1","","","","N","","","","","","","","","",""
"2021088120","0615","1","0","0","0","0","0","0","0","0","7","0","","67","9","2021","7","40.036394","-75.144028","0614","6","0","0","0","0","0","0","0","0","","0","0","0","","","1","N","0","","40 02:11.020","","7","75 08:38.500","3","0","0","0","67301","0","0","0","N","0","0","0","1","67301","0","","5.0","","1","N","N","N","0","","1","0","0","","0","","","1","1","0","0","0","0","0","2","0","1","","03","","N","","","","","","","","","",""
"2021096068","0147","1","0","0","0","0","0","0","0","0","5","0","","67","9","2021","5","39.9324","-75.173471","0142","6","0","0","0","0","0","0","0","0","","0","0","0","","","1","","1","","39 55:56.641","","0","75 10:24.495","8","0","0","0","67301","0","0","0","N","0","0","0","2","67301","0","","1.0","","9","N","N","N","0","","0","0","1","","3","","","2","1","0","0","0","1","0","2","0","2","","","","N","","","","","","","","","",""
"2021083775","1245","0","0","0","0","0","0","0","0","0","8","0","","67","9","2021","1","39.990772","-75.142515","1238","6","0","0","0","0","0","0","0","1","","0","0","0","","","1","","1","","39 59:26.779","","0","75 08:33.054","3","0","0","0","67301","1","0","0","N","1","0","0","2","67301","0","","1.0","","9","N","N","N","0","","1","0","1","","3","","","2","1","0","0","0","0","0","2","0","1","","07","","N","","","","","","","","","",""
"2021087437","1610","1","0","0","0","0","0","0","0","0","4","0","","67","9","2021","4","39.93973","-75.225514","1610","6","1","0","0","0","0","0","0","0","","0","0","0","","","2","","1","","39 56:23.027","","0","75 13:31.850","3","0","0","0","67301","0","0","0","N","0","0","0","4","67301","0","","1.0","","1","N","N","N","0","","2","0","1","","2","","","2","2","0","0","0","0","0","2","0","2","","03","","N","","","","","","","","","",""
"2021085597","1605","4","0","0","0","0","0","0","0","0","4","0","","67","9","2021","7","39.986524","-75.157896","1601","6","0","0","0","0","0","0","0","0","","0","0","0","","","1","","1","","39 59:11.485","2","0","75 09:28.427","8","0","0","0","67301","0","0","0","N","0","0","0","3","67505","0","","1.0","1715.0","1","N","N","N","0","","0","0","1","","2","Y","","5","1","0","0","0","1","0","2","0","5","","03","","N","","","","","","","","","",""
"2021083466","0955","1","0","0","0","0","0","0","0","0","4","0","","67","9","2021","7","40.053009","-75.064302","0949","6","0","0","0","0","0","0","0","0","","0","0","0","","","3","","1","","40 03:10.832","","0","75 03:51.487","3","0","0","0","67301","0","0","0","N","0","0","0","3","67301","0","","1.0","","1","N","N","N","0","","3","0","1","","2","","","2","3","1","0","0","0","0","2","0","2","","03","","N","","","","","","","","","",""
"2021124029","0033","2","0","0","0","0","0","0","0","0","5","0","","67","12","2021","7","40.094128","-75.019908","0019","6","0","0","0","0","0","0","0","0","","0","0","0","","","0","N","0","","40 05:38.860","1","0","75 01:11.670","0","0","0","0","67301","0","0","0","N","0","0","0","1","67301","0","","1.0","300.0","1","N","N","N","1","","0","0","0","","0","Y","","3","0","0","0","0","0","0","2","0","3","","","","N","","","","","","","","","",""
"2021083756","2055","0","0","0","0","0","0","0","0","0","8","0","","67","8","2021","2","39.924407","-75.179489","2048","6","0","0","0","0","0","0","0","0","","0","0","0","","","1","","1","","39 55:27.865","","0","75 10:46.160","8","0","0","0","67301","1","0","0","N","1","0","0","2","67301","0","","1.0","","1","N","N","N","0","","0","0","0","","3","","","2","1","0","0","0","1","0","2","0","1","","03","","N","","","","","","","","","",""
"2021087739","0924","0","0","0","0","0","0","0","0","0","1","0","","67","9","2021","4","40.013938","-75.18476","0908","6","0","0","1","0","0","0","0","0","","0","0","0","","","3","","2","","40 00:50.176","1","0","75 11:05.137","3","0","0","0","67301","0","0","0","N","0","0","0","4","67301","0","","1.0","845.0","1","N","N","N","0","","3","0","2","","0","N","","2","3","0","0","0","0","0","2","0","2","","","","N","","","","","","","","","",""
"2021087513","2010","2","0","0","0","0","0","0","0","0","5","0","","67","9","2021","1","39.941644","-75.149358","2000","6","0","0","0","0","0","0","0","0","","0","0","0","","","3","N","0","","39 56:29.920","","0","75 08:57.690","3","0","0","0","67301","0","0","0","N","0","0","0","4","67301","0","","1.0","","1","N","N","N","0","","3","0","0","","0","","","2","3","0","0","0","0","0","2","0","2","","03","","N","","","","","","","","","",""
"2021088775","0320","3","0","0","0","0","0","0","0","0","4","0","","67","8","2021","1","39.959174","-75.243377","0320","6","0","0","0","0","0","0","0","0","","0","0","0","","","0","","1","","39 57:33.025","","0","75 14:36.157","0","0","0","0","67301","0","0","0","N","0","0","0","3","67301","0","","1.0","","1","N","N","N","0","","0","0","0","","1","","","3","0","3","0","0","0","0","2","0","3","","03","","N","","","","","","","","","",""
"2021085719","0320","1","0","0","0","0","0","0","0","0","1","0","","67","9","2021","1","40.029833","-75.083339","0319","6","0","0","0","0","0","0","0","0","","0","0","0","","","0","N","0","","40 01:47.400","","0","75 05:00.020","0","0","0","0","67301","0","0","0","N","0","0","0","1","67301","0","","6.0","","1","N","N","N","0","","0","0","2","","0","","","3","0","0","0","0","0","0","2","0","3","","03","","N","","","","","","","","","",""
"2021087752","1440","1","0","0","0","0","0","0","0","0","4","0","","67","9","2021","5","39.973776","-75.258236","1434","6","0","0","0","0","0","0","0","0","","0","0","0","","","1","","1","","39 58:25.593","","0","75 15:29.649","3","0","0","0","67301","0","0","0","N","0","0","0","2","67301","0","","1.0","","1","N","N","N","0","","1","0","1","","2","","","2","1","0","0","0","0","0","2","0","2","","03","","N","","","","","","","","","",""
"2021082157","0228","2","0","0","0","0","0","0","0","0","6","0","","67","8","2021","3","40.061902","-75.009439","0228","6","0","0","0","0","0","0","0","0","","0","0","0","","","1","N","0","","40 03:42.847","2","0","75 00:33.980","3","0","0","0","67301","0","0","0","N","0","0","0","1","67301","0","","6.0","321.0","1","N","N","N","0","","1","0","0","","0","N","","2","1","1","0","0","0","0","2","0","2","","03","","N","","","","","","","","","",""
"2021105780","","1","0","0","0","0","0","0","0","0","4","0","","67","8","2021","2","39.954661","-75.149521","","6","0","0","0","0","0","0","0","0","","0","0","0","","","0","","5","","39 57:16.781","","2","75 08:58.276","0","0","0","0","67301","0","0","0","N","0","0","0","2","00000","0","","1.0","","1","N","N","N","0","","0","0","1","","2","","","2","0","0","0","0","0","0","2","0","2","","","","N","","","","","","","","","",""
"2021086001","2348","0","0","0","0","0","0","0","0","0","4","0","","67","9","2021","1","39.947553","-75.159215","2248","6","0","0","0","0","0","2","0","0","","0","0","0","","","2","","1","","39 56:51.189","7","0","75 09:33.175","8","0","0","0","67301","0","0","0","N","0","0","0","2","67301","0","","1.0","145.0","1","N","N","N","0","","0","0","2","","2","Y","","2","2","0","0","0","2","0","2","0","2","","03","","N","","","","","","","","","",""
"2021088539","1925","0","0","0","0","0","0","0","0","0","7","0","","67","9","2021","7","39.931474","-75.242788","1917","6","0","0","0","0","0","0","0","0","","0","0","0","","","1","N","0","","39 55:53.307","","0","75 14:34.035","4","0","0","0","67301","0","0","0","N","0","0","0","1","67301","1","","4.0","","1","N","N","N","0","","0","0","1","","0","","","1","1","0","0","0","0","0","2","0","1","","03","","N","","","","","","","","","",""
"2021101007","0152","1","0","0","0","0","0","0","0","0","7","0","","67","9","2021","6","39.994241","-75.154549","0142","6","0","0","0","0","1","0","0","0","","0","0","0","","","1","N","0","","39 59:39.266","1","0","75 09:16.377","3","0","0","0","67301","0","0","0","N","0","0","0","1","67301","0","","4.0","315.0","1","N","N","N","0","","1","0","0","","0","N","","1","1","0","0","0","0","0","2","0","1","","03","","N","","","","","","","","","",""
"2021085953","1555","1","0","0","0","0","0","0","0","0","4","0","","67","9","2021","7","40.048872","-75.073896","1549","6","0","0","0","0","0","1","0","0","","0","0","0","","","2","","1","","40 02:55.939","","0","75 04:26.025","3","0","0","0","67301","0","0","0","N","0","0","0","3","67301","0","","1.0","","1","N","N","N","0","","1","0","1","","2","","","3","2","0","0","0","1","0","2","1","3","","","","N","","","","","","","","","",""
"2021125937","1715","1","0","0","0","0","0","0","0","0","4","0","","67","12","2021","4","40.080757","-75.028601","1712","6","0","0","0","0","0","0","0","0","","0","0","0","","","0","","1","","40 04:50.725","4","0","75 01:42.964","0","0","0","0","67301","0","0","0","N","0","0","0","2","67301","0","","1.0","1740.0","1","N","N","N","1","","0","0","0","","2","Y","","2","0","0","0","0","0","0","2","0","2","","","","N","","","","","","","","","",""
"2021089147","1300","1","0","0","0","0","0","0","0","0","7","0","","67","9","2021","4","39.992506","-75.14385","1253","6","0","0","0","0","0","0","0","0","","0","0","0","","","1","","1","","39 59:33.020","","0","75 08:37.860","3","0","0","0","67301","0","0","0","N","0","0","0","1","67301","0","","4.0","","1","N","N","N","0","","1","0","0","","0","","","1","1","0","0","0","0","0","2","0","1","","03","","N","","","","","","","","","",""
"2021085386","0436","2","0","0","0","0","0","0","0","0","1","0","","67","9","2021","5","39.956938","-75.180444","0421","6","0","0","0","0","0","2","0","0","","0","0","0","","","0","N","0","","39 57:24.976","","0","75 10:49.598","0","0","0","0","67301","0","0","0","N","0","0","0","3","68K01","0","","1.0","","8","N","N","N","1","","0","0","0","","0","","","3","0","0","0","0","0","0","2","0","3","","","","N","","","","","","","","","",""
"2021083149","0919","0","0","0","0","0","0","0","0","0","4","0","","67","8","2021","3","40.060129","-75.153765","0844","6","0","0","0","0","0","1","0","0","","0","0","0","","","3","","1","","40 03:36.464","","0","75 09:13.553","3","0","0","0","67301","0","0","0","N","0","0","0","3","67301","2","","1.0","","1","N","N","N","0","","1","0","2","","2","","","3","3","0","0","0","0","0","2","1","3","","","","N","","","","","","","","","",""
"2021085718","0240","1","0","0","1","0","0","0","0","0","8","0","","67","9","2021","6","40.036307","-75.129543","0227","6","0","0","0","0","0","0","0","0","","0","0","0","","","1","","1","","40 02:10.706","","0","75 07:46.353","3","0","0","0","67301","1","0","0","N","0","0","0","2","67301","0","","1.0","","1","N","N","N","0","","1","0","0","","3","","","2","1","0","0","0","0","1","2","0","1","","","","N","","","","","","","","","",""
"2021083186","0159","1","0","0","0","0","0","0","0","0","4","0","","67","9","2021","4","39.96955","-75.139578","0155","6","0","0","0","0","0","0","0","0","","0","0","0","","","1","","5","","39 58:10.379","","0","75 08:22.482","3","0","0","0","67301","0","0","0","N","0","0","0","6","67301","0","","1.0","","1","N","N","N","0","","1","0","1","","2","","","2","1","0","0","0","0","0","2","0","2","","03","","N","","","","","","","","","",""
"2021085455","2348","2","0","0","0","0","0","0","0","0","2","0","","67","9","2021","4","40.04813","-75.158039","2345","6","0","0","0","0","1","0","0","0","","0","0","0","","","0","","3","","40 02:53.268","","0","75 09:28.940","9","0","0","0","67301","0","0","0","N","0","0","0","3","67301","0","","1.0","","9","N","N","N","0","","0","0","1","","0","","","3","0","0","0","0","0","1","2","0","3","","","","N","","","","","","","","","",""
"2021085181","1726","2","0","0","0","0","0","0","0","0","4","0","","67","8","2021","3","39.97143","-75.158809","1723","6","0","0","0","0","0","0","0","0","","0","0","0","","","1","N","0","","39 58:17.148","","7","75 09:31.712","4","0","0","0","67301","0","0","0","N","0","0","0","2","67301","1","","1.0","","1","N","N","N","0","","0","0","0","","0","","","2","1","0","0","0","0","0","2","0","2","","03","","N","","","","","","","","","",""
"2021125629","1810","1","0","0","0","0","0","0","0","0","5","0","","67","12","2021","1","39.935109","-75.199905","1805","6","0","0","0","0","0","1","0","0","","0","0","0","","","0","N","0","","39 56:06.394","3","0","75 11:59.657","0","0","0","0","67301","0","0","0","N","0","0","0","2","68K01","0","","1.0","1840.0","1","N","N","N","0","","0","0","1","","0","N","","2","0","0","0","0","0","0","2","0","2","","","","N","","","","","","","","","",""
"2021092675","0902","2","0","0","0","0","0","0","0","0","1","0","","67","9","2021","3","39.953194","-75.161722","0902","6","0","0","0","0","0","0","0","0","","0","0","0","","","1","N","0","","39 57:11.500","","0","75 09:42.200","3","0","0","0","67301","0","0","0","N","0","0","0","2","67301","0","","1.0","","1","N","N","N","0","","1","0","0","","0","","","2","1","1","0","0","0","1","2","0","2","","03","","N","","","","","","","","","",""
"2021125234","1801","1","0","0","0","0","0","0","0","0","5","0","","67","12","2021","6","39.916734","-75.217239","1801","6","0","0","0","0","0","0","1","0","","0","0","0","","","3","N","0","","39 55:00.241","","0","75 13:02.061","3","0","0","0","67301","0","0","0","N","0","0","0","5","67301","0","","1.0","","1","N","N","N","0","","3","0","2","","0","","","3","3","0","0","0","0","0","2","0","3","","","","N","","","","","","","","","",""
"2021083163","1623","1","0","0","0","0","0","0","0","0","7","0","","67","9","2021","5","40.031796","-75.020855","1619","6","0","0","0","0","0","0","0","0","","0","0","0","","","1","N","0","","40 01:54.466","","0","75 01:15.079","3","0","0","0","67301","0","0","0","N","0","0","0","1","67301","0","","1.0","","1","N","N","N","0","","1","0","0","","0","","","1","1","0","0","0","0","0","2","0","1","","03","","N","","","","","","","","","",""
"2021083691","1157","1","0","0","0","0","0","0","0","0","4","0","","67","8","2021","3","39.922406","-75.223162","1157","6","0","0","0","0","0","2","0","0","","0","0","0","","","1","","1","","39 55:20.661","","0","75 13:23.382","4","0","0","0","67301","0","0","0","N","0","0","0","3","67301","1","","1.0","","1","N","N","N","0","","0","0","1","","2","","","2","1","0","0","0","0","1","2","0","2","","03","","N","","","","","","","","","",""
"2021086365","1150","0","0","0","0","0","0","0","0","0","8","0","","67","8","2021","3","39.932447","-75.161656","1139","6","0","0","0","0","0","0","0","0","","0","0","0","","","1","N","0","","39 55:56.810","","7","75 09:41.960","3","0","0","0","67301","1","0","0","N","1","0","0","2","67301","0","","1.0","","1","N","N","N","0","","1","0","1","","0","","","2","1","0","0","0","0","0","2","0","1","","03","","N","","","","","","","","","",""
"2021082132","1551","1","0","0","0","0","0","0","0","0","4","0","","67","8","2021","1","40.066128","-75.063046","1551","6","0","0","0","0","0","0","1","0","","0","0","0","","","0","","1","","40 03:58.061","","0","75 03:46.964","0","0","0","0","67301","0","0","0","N","0","0","0","2","67301","0","","1.0","","1","N","N","N","0","","0","0","1","","2","","","2","0","0","0","0","0","0","2","0","2","","03","","N","","","","","","","","","",""
"2021085309","2043","0","0","0","0","0","0","0","0","0","7","0","","67","9","2021","5","39.980586","-75.197952","2040","6","0","0","0","0","0","0","0","0","","0","0","0","","","2","","2","","39 58:50.109","4","0","75 11:52.626","3","0","0","0","67301","0","0","0","N","0","0","0","2","67301","0","","4.0","100.0","1","N","N","N","0","","2","0","1","","2","N","","1","2","0","0","0","0","0","2","0","1","","03","","N","","","","","","","","","",""
"2021125664","1654","1","0","0","0","0","0","0","0","0","1","0","","67","12","2021","4","39.904045","-75.240114","1654","6","0","0","0","0","0","1","0","0","","0","0","0","","","1","","1","","39 54:14.563","","0","75 14:24.409","4","0","0","0","67301","0","0","0","N","0","0","0","2","67301","1","","1.0","","1","N","N","N","0","","0","0","1","","2","","","2","1","0","0","0","0","0","2","0","2","","03","","N","","","","","","","","","",""
"2021126227","0854","1","0","0","0","0","0","0","0","0","1","0","","67","12","2021","2","39.984448","-75.095528","0830","6","0","0","0","0","0","0","1","0","","0","0","0","","","1","N","0","","39 59:04.014","1","0","75 05:43.902","8","0","0","0","67301","0","0","0","N","0","0","0","3","68K01","0","","1.0","945.0","1","N","N","N","0","","0","0","1","","0","N","","3","1","0","0","0","1","0","2","1","3","","","","N","","","","","","","","","",""
"2021115770","1710","1","0","0","0","0","0","0","0","0","8","0","","67","8","2021","3","40.029648","-75.229179","1705","6","0","0","0","0","0","0","0","0","","0","0","0","","","1","","2","","40 01:46.732","","0","75 13:45.044","3","0","0","0","67301","1","0","0","N","1","0","0","2","67301","0","","1.0","","1","N","N","N","0","","1","0","0","","2","","","2","1","0","0","0","0","0","2","0","1","","03","","N","","","","","","","","","",""
"2021089115","0447","1","0","0","0","0","0","0","0","0","7","0","","67","9","2021","6","39.985124","-75.208201","0431","6","0","0","0","0","0","1","0","0","","0","0","0","","","1","","7","","39 59:06.448","4","2","75 12:29.524","8","0","0","0","67301","0","0","0","Y","0","0","0","3","68K01","0","","7.0","515.0","9","N","N","N","0","","0","0","0","","0","N","","1","1","2","0","0","1","0","2","0","1","","","","N","","","","","","","","","",""
"2021105381","","1","0","0","0","0","0","0","0","0","4","0","","67","9","2021","7","39.932918","-75.148727","","6","0","0","0","0","0","1","0","0","","0","0","0","","","2","","1","","39 55:58.503","","0","75 08:55.417","8","0","0","0","67301","0","0","0","N","0","0","0","4","00000","0","","1.0","","1","N","N","N","0","","0","0","1","","2","","","2","2","0","0","0","2","0","2","0","2","","","","N","","","","","","","","","",""
"2021086280","2002","0","0","0","0","0","0","0","0","0","8","0","","67","9","2021","2","40.020284","-75.080378","1951","6","0","0","0","0","0","0","0","1","","0","0","0","","","1","","1","","40 01:13.023","","1","75 04:49.359","3","0","0","0","67301","1","0","0","N","1","0","0","2","67301","0","","1.0","","1","N","N","N","0","","1","0","0","","2","","","2","1","0","0","0","0","0","2","0","1","","03","","N","","","","","","","","","",""
"2021086711","1625","1","0","0","0","0","0","0","0","0","7","0","","67","9","2021","1","39.912361","-75.173889","1623","6","1","0","0","0","0","0","0","0","","0","0","0","","","1","N","0","","39 54:44.500","3","2","75 10:26.000","3","0","0","0","67301","0","0","0","N","0","0","0","1","67501","0","","4.0","1656.0","1","N","N","N","0","","1","0","0","","0","Y","","1","1","0","0","0","0","0","2","0","1","","03","","N","","","","","","","","","",""
"2021091182","2323","1","0","0","0","0","0","0","0","0","5","0","","67","8","2021","3","39.97669","-75.114115","2313","6","0","0","0","0","0","1","0","0","","0","0","0","","","0","N","0","","39 58:36.085","2","0","75 06:50.813","0","0","0","0","67301","0","0","0","N","0","0","0","2","68K01","0","","1.0","25.0","1","N","N","N","0","","0","0","1","","0","N","","2","0","0","0","0","0","0","2","0","2","","03","","N","","","","","","","","","",""
"2021126797","1935","2","0","0","0","0","0","0","0","0","2","0","","67","12","2021","7","40.00235","-75.121975","1928","6","0","0","0","0","0","0","0","0","","0","0","0","","","2","N","0","","40 00:08.460","","0","75 07:19.110","8","0","0","0","67301","0","0","0","N","0","0","0","2","67301","0","","1.0","","9","N","N","N","0","","0","0","0","","0","","","2","2","0","0","0","2","0","2","0","2","","","","N","","","","","","","","","",""
"2021085679","1551","1","0","0","0","0","0","0","0","0","8","0","","67","9","2021","5","40.051193","-75.066138","1551","6","0","0","0","0","0","0","1","0","","0","0","0","","","1","","1","","40 03:04.296","","0","75 03:58.096","4","0","0","0","67301","1","0","0","N","1","0","0","2","67301","1","","1.0","","1","N","N","N","0","","0","0","0","","2","","","2","1","1","0","0","0","0","2","0","1","","03","","N","","","","","","","","","",""
"2021085464","0248","1","0","0","0","0","0","0","0","0","5","0","","67","9","2021","7","40.03975","-75.177408","0248","6","0","0","0","0","0","0","0","0","","0","0","0","","","0","N","0","","40 02:23.100","","0","75 10:38.670","9","0","0","0","67301","0","0","0","N","0","0","0","1","67301","0","","6.0","","1","N","N","Y","0","","0","0","1","","0","","","2","0","0","0","0","0","1","2","0","2","","03","","N","","","","","","","","","",""
"2021083399","2107","4","0","0","0","0","0","0","0","0","4","0","","67","8","2021","2","39.961968","-75.200119","2107","6","0","0","0","0","0","0","0","0","","0","0","0","","","1","","5","","39 57:43.083","","0","75 12:00.429","3","0","0","0","67301","0","0","0","N","0","0","0","1","67301","0","","1.0","","1","N","N","N","0","","1","0","2","","2","","","6","1","0","0","0","0","0","2","0","6","","03","","N","","","","","","","","","",""
"2021085514","0144","1","0","0","0","0","0","0","0","0","8","0","","67","9","2021","5","39.928138","-75.219373","0140","6","0","0","0","0","0","0","0","0","","0","0","0","","","1","","1","","39 55:41.296","","0","75 13:09.742","8","0","0","0","67301","1","0","0","N","1","0","0","2","67301","0","","1.0","","9","N","N","N","0","","0","0","0","","2","","","2","1","0","0","0","1","0","2","0","1","","07","","N","","","","","","","","","",""
"2021128031","1020","0","0","0","0","0","0","0","0","0","4","0","","67","12","2021","1","39.970586","-75.150888","1020","6","0","0","0","0","0","1","0","0","","0","0","0","","","0","","1","","39 58:14.110","","1","75 09:03.197","9","0","0","0","67301","0","0","0","N","0","0","0","2","67301","0","","1.0","","99","N","N","N","0","","0","0","1","","0","","","2","0","0","0","0","0","1","2","1","2","","","","N","","","","","","","","","",""
"2021127126","1752","0","0","0","0","0","0","0","0","0","1","0","","67","12","2021","1","39.915915","-75.245342","1744","6","0","0","0","0","0","0","0","1","","0","0","0","","","2","","2","","39 54:57.295","","0","75 14:43.230","3","0","0","0","67301","0","0","0","N","0","0","0","4","67301","0","","1.0","","1","N","N","N","0","","2","0","2","","0","","","2","2","0","0","0","0","0","2","0","2","","03","","N","","","","","","","","","",""
"2021125936","2040","1","0","0","0","0","0","0","0","0","8","0","","67","12","2021","4","40.081057","-75.028856","2036","6","0","0","0","1","0","0","0","0","","0","0","0","","","1","","5","","40 04:51.806","","0","75 01:43.881","8","0","0","0","67301","1","0","0","N","1","0","0","2","67301","0","","1.0","","1","N","N","N","0","","0","0","0","","2","","","2","1","0","0","0","1","0","2","0","1","","03","","N","","","","","","","","","",""
"2021103184","0020","1","0","0","0","0","0","0","0","0","4","0","","67","8","2021","3","40.022705","-75.133512","0011","6","0","0","0","0","0","0","0","0","","0","0","0","","","3","","1","","40 01:21.738","6","0","75 08:00.643","3","0","0","0","67301","0","0","0","N","0","0","0","3","67301","0","","1.0","11.0","1","N","N","N","1","","3","0","0","","2","Y","","2","3","0","0","0","0","0","2","0","2","","","","N","","","","","","","","","",""
"2021126437","1147","2","0","0","0","0","0","0","0","0","4","0","","67","12","2021","6","39.936693","-75.224362","1139","6","0","0","0","0","1","0","0","0","","0","0","0","","","0","","1","","39 56:12.095","","0","75 13:27.703","0","0","0","0","67301","0","0","0","N","0","0","0","2","67301","0","","1.0","","1","N","N","N","0","","0","0","0","","2","","","2","0","0","0","0","0","0","2","0","2","","","","N","","","","","","","","","",""
"2021086024","1803","1","0","0","0","0","0","0","0","0","4","0","","67","9","2021","1","39.916035","-75.236038","1800","6","0","0","0","0","0","1","0","0","","0","0","0","","","0","","1","","39 54:57.726","","0","75 14:09.736","0","0","0","0","67301","0","0","0","N","0","0","0","3","67301","0","","1.0","","1","N","N","N","0","","0","0","1","","2","","","2","0","3","0","0","0","0","2","0","2","","03","","N","","","","","","","","","",""
"2021084090","2126","1","0","0","0","0","0","0","0","0","4","0","","67","9","2021","2","39.977936","-75.169771","2126","6","0","0","0","0","0","0","0","0","","0","0","0","","","0","","1","","39 58:40.569","","0","75 10:11.174","0","0","0","0","67301","0","0","0","N","0","0","0","2","67301","0","","1.0","","1","N","N","N","0","","0","0","1","","3","","","2","0","0","0","0","0","0","2","0","2","","","","N","","","","","","","","","",""
"2021126075","2250","0","0","0","0","0","0","0","0","0","5","0","","67","12","2021","5","39.979163","-75.157836","2245","6","0","0","0","0","0","0","0","0","","0","0","0","","","0","N","0","","39 58:44.988","2","0","75 09:28.210","9","0","0","0","67301","0","0","0","N","0","0","0","1","67505","0","","6.0","1155.0","1","N","N","N","0","","0","0","2","","0","Y","","2","0","0","0","0","0","1","2","0","2","","03","","N","","","","","","","","","",""
"2021084281","0010","1","0","0","0","0","0","0","0","0","1","0","","67","9","2021","4","39.983556","-75.159556","0009","6","0","0","0","0","0","0","0","0","","0","0","0","","","0","N","0","","39 59:00.800","4","0","75 09:34.400","9","0","0","0","67301","0","0","0","N","0","0","0","1","67505","0","","6.0","200.0","1","N","N","N","0","","0","0","1","","0","Y","","2","0","0","0","0","0","1","2","0","2","","03","","N","","","","","","","","","",""
"2021088438","1448","1","0","0","0","0","0","0","0","0","7","0","","67","9","2021","5","39.912306","-75.168944","1448","6","0","0","0","1","0","0","0","0","","0","0","0","","","0","N","0","","39 54:44.300","","2","75 10:08.200","0","0","0","0","67301","0","0","0","N","0","0","0","1","67501","0","","4.0","","1","N","N","N","0","","0","0","0","","0","N","","1","0","0","0","0","0","0","2","0","1","","03","","N","","","","","","","","","",""
"2021085874","0908","1","0","0","0","0","0","0","0","0","1","0","","67","9","2021","7","40.017362","-75.083188","0858","6","0","0","0","0","0","0","0","0","","0","0","0","","","0","N","0","","40 01:02.504","","0","75 04:59.478","0","0","0","0","67301","0","0","0","N","0","0","0","1","67301","0","","6.0","","1","N","N","N","0","","0","0","1","","0","","","2","0","0","0","0","0","0","2","0","2","","03","","N","","","","","","","","","",""
"2021126474","0628","1","0","0","0","0","0","0","0","0","7","0","","67","12","2021","1","39.910541","-75.149235","0619","6","0","0","0","0","0","0","0","0","","0","0","0","","","0","N","0","","39 54:37.946","","8","75 08:57.246","0","0","0","0","67301","0","0","0","N","0","0","0","1","68K01","0","","4.0","","9","N","N","N","0","","0","0","0","","0","","","1","0","0","0","0","0","0","2","0","1","","","","N","","","","","","","","","",""