"CRN","ARRIVAL_TM","AUTOMOBILE_COUNT","BELTED_DEATH_COUNT","BELTED_SUSP_SERIOUS_INJ_COUNT","BICYCLE_COUNT","BICYCLE_DEATH_COUNT","BICYCLE_SUSP_SERIOUS_INJ_COUNT","BUS_COUNT","CHLDPAS_DEATH_COUNT","CHLDPAS_SUSP_SERIOUS_INJ_COUNT","COLLISION_TYPE","COMM_VEH_COUNT","CONS_ZONE_SPD_LIM","COUNTY","CRASH_MONTH","CRASH_YEAR","DAY_OF_WEEK","DEC_LATITUDE","DEC_LONGITUDE","DISPATCH_TM","DISTRICT","DRIVER_COUNT_16YR","DRIVER_COUNT_17YR","DRIVER_COUNT_18YR","DRIVER_COUNT_19YR","DRIVER_COUNT_20YR","DRIVER_COUNT_50_64YR","DRIVER_COUNT_65_74YR","DRIVER_COUNT_75PLUS","EST_HRS_CLOSED","FATAL_COUNT","HEAVY_TRUCK_COUNT","HORSE_BUGGY_COUNT","HOUR_OF_DAY","ILLUMINATION","INJURY_COUNT","INTERSECTION_RELATED","INTERSECT_TYPE","LANE_CLOSED","LATITUDE","LN_CLOSE_DIR","LOCATION_TYPE","LONGITUDE","MAX_SEVERITY_LEVEL","MCYCLE_DEATH_COUNT","MCYCLE_SUSP_SERIOUS_INJ_COUNT","MOTORCYCLE_COUNT","MUNICIPALITY","NONMOTR_COUNT","NONMOTR_DEATH_COUNT","NONMOTR_SUSP_SERIOUS_INJ_COUNT","NTFY_HIWY_MAINT","PED_COUNT","PED_DEATH_COUNT","PED_SUSP_SERIOUS_INJ_COUNT","PERSON_COUNT","POLICE_AGCY","POSSIBLE_INJ_COUNT","RDWY_SURF_TYPE_CD","RELATION_TO_ROAD","ROADWAY_CLEARED","ROAD_CONDITION","SCH_BUS_IND","SCH_ZONE_IND","SECONDARY_CRASH","SMALL_TRUCK_COUNT","SPEC_JURIS_CD","SUSP_MINOR_INJ_COUNT","SUSP_SERIOUS_INJ_COUNT","SUV_COUNT","TCD_FUNC_CD","TCD_TYPE","TFC_DETOUR_IND","TIME_OF_DAY","TOTAL_UNITS","TOT_INJ_COUNT","UNBELTED_OCC_COUNT","UNB_DEATH_COUNT","UNB_SUSP_SERIOUS_INJ_COUNT","UNK_INJ_DEG_COUNT","UNK_INJ_PER_COUNT","URBAN_RURAL","VAN_COUNT","VEHICLE_COUNT","WEATHER1","WEATHER2","WORKERS_PRES","WORK_ZONE_IND","WORK_ZONE_LOC","WORK_ZONE_TYPE","WZ_CLOSE_DETOUR","WZ_FLAGGER","WZ_LAW_OFFCR_IND","WZ_LN_CLOSURE","WZ_MOVING","WZ_OTHER","WZ_SHLDER_MDN","WZ_WORKERS_INJ_KILLED"
"2021124406","2010","3","0","0","0","0","0","0","0","0","5","0","","67","12","2021","7","39.973861","-75.23","2000","6","0","0","0","0","0","0","0","0","","0","0","0","","","1","N","0","","39 58:25.900","","0","75 13:48.000","4","0","0","0","67301","0","0","0","N","0","0","0","2","67301","1","","6.0","","9","N","N","N","1","","0","0","1","","0","","","5","1","0","0","0","0","0","2","0","5","","07","","N","","","","","","","","","",""
"2021123862","1740","2","0","0","0","0","0","0","0","0","4","0","","67","12","2021","6","40.095472","-74.959775","1739","6","0","0","0","1","0","0","0","0","","0","0","0","","","2","N","0","","40 05:43.698","1","7","74 57:35.190","3","0","0","0","67301","0","0","0","N","0","0","0","4","67301","0","","1.0","1800.0","1","N","N","N","0","","2","0","0","","2","N","","2","2","0","0","0","0","0","2","0","2","","03","","N","","","","","","","","","",""
"2021083491","1712","0","0","0","0","0","0","0","0","0","8","0","","67","9","2021","4","40.016855","-75.149585","1707","6","0","0","0","0","0","0","0","0","","0","0","0","","","1","","1","","40 01:00.679","","0","75 08:58.505","3","0","0","0","67301","1","0","0","N","1","0","0","2","67301","0","","1.0","","9","N","N","N","0","","1","0","0","","2","","","2","1","0","0","0","0","0","2","0","1","","04","","N","","","","","","","","","",""
"2021128410","1041","0","0","0","0","0","0","0","0","0","4","0","","67","12","2021","6","40.000473","-75.119614","1041","6","0","0","0","0","0","0","0","0","","0","0","0","","","0","","1","","40 00:01.702","","0","75 07:10.610","0","0","0","0","67301","0","0","0","N","0","0","0","2","67301","0","","1.0","","1","N","N","N","0","","0","0","2","","3","","","2","0","2","0","0","0","0","2","0","2","","03","","N","","","","","","","","","",""
"2021085348","2005","1","0","0","0","0","0","0","0","0","5","0","","67","9","2021","5","39.961972","-75.149722","2000","6","0","0","0","0","0","0","0","0","","0","0","0","","","1","N","0","","39 57:43.100","","0","75 08:59.000","8","0","0","0","67301","0","0","0","N","0","0","0","1","67301","0","","6.0","","1","N","N","N","0","","0","0","1","","0","","","2","1","0","0","0","1","0","2","0","2","","03","","N","","","","","","","","","",""
"2021126069","1655","2","0","0","0","0","0","0","0","0","4","0","","67","12","2021","5","39.987867","-75.155878","1647","6","0","0","0","1","0","0","0","1","","0","0","0","","","1","","1","","39 59:16.322","","0","75 09:21.162","8","0","0","0","67301","0","0","0","N","0","0","0","3","67301","0","","1.0","","1","N","N","N","0","","0","0","0","","2","","","2","1","1","0","0","1","0","2","0","2","","03","","N","","","","","","","","","",""
"2021126178","1615","2","0","0","0","0","0","0","0","0","4","0","","67","9","2021","7","40.024314","-75.161267","1615","6","0","0","0","0","0","0","0","0","","0","0","0","","","2","","1","","40 01:27.530","","0","75 09:40.561","3","0","0","0","67301","0","0","0","N","0","0","0","2","67301","0","","1.0","","99","N","N","N","0","","2","0","0","","3","U","","2","2","0","0","0","0","0","2","0","2","","","","N","","","","","","","","","",""
"2021084014","0853","1","0","0","0","0","0","0","0","0","4","0","","67","8","2021","3","40.004935","-75.178718","0849","6","0","0","0","0","0","1","0","0","","0","0","0","","","2","","5","","40 00:17.766","","0","75 10:43.386","3","0","0","0","67301","0","0","0","N","0","0","0","3","67301","0","","1.0","","1","N","N","N","0","","2","0","1","","2","","","2","2","0","0","0","0","0","2","0","2","","","","N","","","","","","","","","",""
"2021087995","2345","1","0","0","0","0","0","0","0","0","7","0","","67","9","2021","5","39.972506","-75.160074","2357","6","0","0","0","0","0","1","0","0","","0","0","0","","","1","","1","","39 58:21.021","","0","75 09:36.266","8","0","0","0","67301","0","0","0","N","0","0","0","1","67301","0","","4.0","","1","N","N","N","0","","0","0","0","","0","","","1","1","0","0","0","1","0","2","0","1","","03","","N","","","","","","","","","",""
"2021088014","1200","0","0","0","0","0","0","0","0","0","4","0","","67","9","2021","7","40.066559","-75.158674","1155","6","0","0","0","0","0","1","1","0","","0","0","0","","","2","","2","","40 03:59.612","","0","75 09:31.227","3","0","0","0","67301","0","0","0","N","0","0","0","3","67301","0","","1.0","","1","N","N","N","0","","2","0","2","","3","","","2","2","0","0","0","0","0","2","0","2","","98","","N","","","","","","","","","",""
"2021084830","1326","1","0","0","0","0","0","0","0","0","4","0","","67","9","2021","4","39.897624","-75.252377","1326","6","0","0","0","0","0","0","0","0","","0","0","0","","","1","","1","","39 53:51.445","","0","75 15:08.556","3","0","0","0","67301","0","0","0","N","0","0","0","2","67301","0","","1.0","","1","N","N","N","0","","1","0","1","","1","","","2","1","0","0","0","0","0","2","0","2","","03","","N","","","","","","","","","",""
"2021114699","","2","0","0","0","0","0","0","0","0","4","0","","67","8","2021","7","39.937343","-75.217626","","6","0","0","0","0","0","1","0","0","","0","0","0","","","1","","1","","39 56:14.434","","0","75 13:03.453","4","0","0","0","67301","0","0","0","N","0","0","0","2","00000","1","","1.0","","1","N","N","N","0","","0","0","0","","3","","","2","1","0","0","0","0","0","2","0","2","","","","N","","","","","","","","","",""
"2021125131","1745","1","0","0","0","0","0","0","0","0","1","0","","67","11","2021","6","39.993329","-75.20008","1738","6","0","0","0","0","0","0","0","0","","0","0","0","","","0","N","0","","39 59:35.986","","0","75 12:00.287","0","0","0","0","67301","0","0","0","N","0","0","0","2","68K01","0","","1.0","","1","N","N","N","0","","0","0","1","","0","","","2","0","0","0","0","0","0","2","0","2","","03","","N","","","","","","","","","",""
"2021128394","1759","1","0","0","0","0","0","0","0","0","7","0","","67","12","2021","3","40.068206","-75.194244","1759","6","0","0","0","0","0","0","0","0","","0","0","0","","","1","N","0","","40 04:05.540","6","0","75 11:39.280","8","0","0","0","67301","0","0","0","N","0","0","0","1","67301","0","","4.0","1825.0","1","N","N","N","0","","0","0","0","","0","Y","","1","1","0","0","0","1","0","2","0","1","","03","","N","","","","","","","","","",""
"2021083757","0450","1","0","0","0","0","0","0","0","0","5","0","","67","8","2021","3","39.9219","-75.182036","0443","6","0","0","0","0","0","0","0","0","","0","0","0","","","0","N","0","","39 55:18.840","","0","75 10:55.330","0","0","0","0","67301","0","0","0","N","0","0","0","1","67301","0","","1.0","","1","N","N","Y","0","","0","0","2","","0","","","4","0","0","0","0","0","0","2","0","4","","","","N","","","","","","","","","",""
"2021082036","1644","1","0","0","0","0","0","0","0","0","4","0","","67","8","2021","1","40.094644","-75.015196","1638","6","0","0","1","0","0","0","0","0","","0","0","0","","","2","","1","","40 05:40.718","","0","75 00:54.707","4","0","0","0","67301","0","0","0","N","0","0","0","3","67301","2","","1.0","","1","N","N","N","0","","0","0","1","","2","","","2","2","0","0","0","0","0","2","0","2","","03","","N","","","","","","","","","",""
"2021126367","1445","2","0","0","0","0","0","0","0","0","4","0","","67","12","2021","5","40.022303","-75.162025","1445","6","0","0","0","0","0","1","0","0","","0","0","0","","","1","","1","","40 01:20.289","","0","75 09:43.290","3","0","0","0","67301","0","0","0","N","0","0","0","2","67301","0","","1.0","","1","N","N","N","0","","1","0","0","","2","","","2","1","1","0","0","0","0","2","0","2","","03","","N","","","","","","","","","",""
"2021094017","0802","0","0","0","0","0","0","0","0","0","8","0","","67","9","2021","6","39.999136","-75.147642","0802","6","0","0","0","0","0","0","0","0","","0","0","0","","","1","N","0","","39 59:56.890","","0","75 08:51.510","3","0","0","0","67301","1","0","0","N","1","0","0","2","67301","0","","1.0","","1","N","N","N","0","","1","0","1","","0","","","2","1","0","0","0","0","0","2","0","1","","04","","N","","","","","","","","","",""
"2021085954","1640","1","0","0","0","0","0","0","0","0","4","0","","67","9","2021","1","39.963592","-75.157328","1637","6","0","0","0","0","0","0","0","1","","0","0","0","","","1","","1","","39 57:48.931","2","0","75 09:26.380","2","0","0","0","67301","0","0","0","N","0","0","0","3","67301","0","","1.0","1850.0","1","N","N","N","0","","0","1","0","","3","Y","","2","1","0","0","0","0","2","2","1","2","","","","N","","","","","","","","","",""
"2021085179","0950","1","0","0","0","0","0","0","0","0","1","0","","67","9","2021","5","39.957511","-75.217339","0950","6","0","0","0","0","0","0","0","0","","0","0","0","","","0","","1","","39 57:27.041","5","0","75 13:02.421","9","0","0","0","67301","0","0","0","N","0","0","0","3","67301","0","","1.0","930.0","1","N","N","N","0","","0","0","1","","2","N","","3","0","0","0","0","0","2","2","1","3","","04","","N","","","","","","","","","",""
"2021081453","0759","1","0","0","0","0","0","0","0","0","4","0","","67","8","2021","2","40.010493","-75.079058","0759","6","0","0","0","0","0","0","0","0","","0","0","0","","","1","","1","","40 00:37.775","","0","75 04:44.609","4","0","0","0","67301","0","0","0","N","0","0","0","1","67301","1","","1.0","","1","N","N","N","0","","0","0","2","","2","","","3","1","1","0","0","0","0","2","0","3","","","","N","","","","","","","","","",""
"2021085680","2152","0","0","0","0","0","0","0","0","0","1","0","","67","9","2021","1","40.036508","-75.058483","2148","6","0","0","0","0","0","0","0","0","","0","0","0","","","0","N","0","","40 02:11.430","6","0","75 03:30.540","9","0","0","0","67301","0","0","0","N","0","0","0","1","67301","0","","6.0","100.0","9","N","N","N","1","","0","0","4","","0","Y","","6","0","0","0","0","0","1","2","1","6","","07","","N","","","","","","","","","",""
"2021081356","2201","1","0","0","0","0","0","0","0","0","5","0","","67","8","2021","1","40.008943","-75.151198","2151","6","0","0","0","0","0","0","0","0","","0","0","0","","","1","N","0","","40 00:32.196","","0","75 09:04.314","3","0","0","0","67301","0","0","0","N","0","0","0","2","67301","0","","1.0","","1","N","N","N","1","","1","0","0","","0","","","2","1","0","0","0","0","0","2","0","2","","03","","N","","","","","","","","","",""
"2021084068","1840","2","0","0","0","0","0","0","0","0","5","0","","67","9","2021","5","39.968294","-75.166347","1835","6","0","0","0","0","0","0","0","0","","0","0","0","","","0","N","0","","39 58:05.860","3","0","75 09:58.850","0","0","0","0","67301","0","0","0","N","0","0","0","1","67301","0","","6.0","1930.0","1","N","N","N","0","","0","0","2","","0","Y","","4","0","0","0","0","0","0","2","0","4","","03","","N","","","","","","","","","",""
"2021123835","1354","0","0","0","0","0","0","0","0","0","8","0","","67","12","2021","6","39.985553","-75.131997","1352","6","0","0","0","0","0","0","0","0","","0","0","0","","","1","N","0","","39 59:07.990","","0","75 07:55.190","3","0","0","0","67301","1","0","0","N","1","0","0","2","67301","0","","1.0","","1","N","N","N","1","","1","0","0","","0","","","2","1","0","0","0","0","0","2","0","1","","03","","N","","","","","","","","","",""
"2021085419","1652","1","0","0","0","0","0","0","0","0","4","0","","67","9","2021","7","39.9384","-75.171072","1649","6","0","0","0","0","0","0","0","0","","0","0","0","","","0","N","0","","39 56:18.240","","0","75 10:15.860","9","0","0","0","67301","0","0","0","N","0","0","0","3","67301","0","","1.0","","1","N","N","N","0","","0","0","1","","0","","","2","0","0","0","0","0","3","2","0","2","","","","N","","","","","","","","","",""
"2021117365","","2","0","0","0","0","0","0","0","0","1","0","","67","8","2021","6","39.954858","-75.151138","","6","0","0","0","0","0","0","0","0","","0","0","0","","","2","","1","","39 57:17.490","","0","75 09:04.096","2","0","0","0","67301","0","0","0","N","0","0","0","2","00000","0","","1.0","","1","N","N","N","0","","1","1","0","","2","","","2","2","2","0","1","0","0","2","0","2","","","","N","","","","","","","","","",""
"2021124023","1740","3","0","0","0","0","0","0","0","0","4","0","","67","12","2021","3","39.947194","-75.234239","1740","6","0","0","0","0","0","0","0","0","","0","0","0","","","1","N","0","","39 56:49.900","","0","75 14:03.261","3","0","0","0","67301","0","0","0","N","0","0","0","5","67301","0","","1.0","","1","N","N","Y","0","","1","0","0","","0","","","3","1","1","0","0","0","0","2","0","3","","","","N","","","","","","","","","",""
"2021083565","1826","2","0","0","0","0","0","0","0","0","4","0","","67","9","2021","7","39.963962","-75.218253","1816","6","0","0","0","0","0","0","0","0","","0","0","0","","","1","","1","","39 57:50.263","","0","75 13:05.710","3","0","0","0","67301","0","0","0","N","0","0","0","3","67301","0","","1.0","","1","N","N","N","0","","1","0","0","","3","","","2","1","1","0","0","0","1","2","0","2","","","","N","","","","","","","","","",""
"2021087465","0140","4","0","0","0","0","0","0","0","0","2","0","","67","8","2021","3","39.992244","-75.117214","0127","6","0","0","0","0","0","0","0","0","","0","0","0","","","0","N","0","","39 59:32.080","","0","75 07:01.970","0","0","0","0","67301","0","0","0","N","0","0","0","1","67301","0","","6.0","","1","N","N","N","1","","0","0","0","","0","","","6","0","0","0","0","0","0","2","1","6","","03","","N","","","","","","","","","",""
"2021117991","","1","0","0","0","0","0","0","0","0","4","0","","67","7","2021","5","39.929273","-75.242175","","6","0","0","0","0","0","0","0","0","","0","0","0","","","2","","2","","39 55:45.381","","0","75 14:31.831","8","0","0","0","67301","0","0","0","N","0","0","0","3","00000","0","","1.0","","1","N","N","N","0","","0","0","1","","3","","","2","2","0","0","0","2","0","2","0","2","","","","N","","","","","","","","","",""
"2021124516","1220","1","0","0","0","0","0","0","0","0","4","0","","67","11","2021","7","40.001536","-75.104258","1220","6","0","0","0","0","0","0","0","0","","0","0","0","","","2","","1","","40 00:05.531","","0","75 06:15.328","3","0","0","0","67301","0","0","0","N","0","0","0","3","67301","1","","1.0","","1","N","N","N","0","","1","0","1","","2","","","2","2","0","0","0","0","0","2","0","2","","03","","N","","","","","","","","","",""
"2021117375","","2","0","0","0","0","0","0","0","0","1","0","","67","8","2021","4","39.944056","-75.152889","","6","0","0","0","0","0","1","0","0","","0","0","0","","","1","N","0","","39 56:38.600","","0","75 09:10.400","3","0","0","0","67301","0","0","0","N","0","0","0","2","00000","0","","1.0","","1","N","N","N","0","","1","0","0","","0","","","2","1","0","0","0","0","0","2","0","2","","","","N","","","","","","","","","",""
"2021083274","2140","1","0","0","0","0","0","0","0","0","8","0","","67","8","2021","1","40.016855","-75.149585","2134","6","0","0","0","0","0","0","0","0","","0","0","0","","","1","","1","","40 01:00.679","","0","75 08:58.505","3","0","0","0","67301","1","0","0","N","1","0","0","2","67301","0","","1.0","","1","N","N","N","0","","1","0","0","","2","","","2","1","0","0","0","0","0","2","0","1","","03","","N","","","","","","","","","",""
"2021083322","2022","1","0","0","0","0","0","0","0","0","5","0","","67","9","2021","5","40.078236","-74.990308","2019","6","0","0","0","0","0","0","0","0","","0","0","0","","","1","N","0","","40 04:41.650","","0","74 59:25.110","3","0","0","0","67301","0","0","0","N","0","0","0","1","67301","0","","6.0","","1","N","N","N","0","","1","0","1","","0","","","2","1","0","0","0","0","0","2","0","2","","03","","N","","","","","","","","","",""
"2021081236","1920","2","0","0","0","0","0","0","0","0","4","0","","67","8","2021","1","40.025367","-75.036451","1913","6","0","0","0","0","0","0","0","0","","0","0","0","","","1","","2","","40 01:31.321","3","0","75 02:11.225","3","0","0","0","67301","0","0","0","N","0","0","0","3","67301","0","","1.0","1955.0","1","N","N","N","0","","1","0","0","","3","N","","2","1","1","0","0","0","0","2","0","2","","","","N","","","","","","","","","",""
"2021083734","1902","2","0","0","0","0","0","0","0","0","4","0","","67","9","2021","6","39.941592","-75.227707","1902","6","0","0","0","0","0","0","0","0","","0","0","0","","","3","","1","","39 56:29.731","","0","75 13:39.745","3","0","0","0","67301","0","0","0","N","0","0","0","3","67301","1","","1.0","","1","N","N","N","0","","2","0","0","","3","","","2","3","2","0","0","0","0","2","0","2","","03","","N","","","","","","","","","",""
"2021126214","1550","1","0","0","0","0","0","0","0","0","1","0","","67","12","2021","1","40.019783","-75.044991","1537","6","0","0","0","0","0","0","0","0","","0","0","0","","","1","N","0","","40 01:11.219","","0","75 02:41.968","4","0","0","0","67301","0","0","0","N","0","0","0","2","68K01","1","","1.0","","1","N","N","N","0","","0","0","1","","0","","","2","1","0","0","0","0","0","2","0","2","","","","N","","","","","","","","","",""
"2021124409","0857","0","0","0","0","0","0","0","0","0","8","0","","67","12","2021","3","39.976479","-75.226751","0853","6","0","0","0","0","0","1","0","0","","0","0","0","","","1","N","0","","39 58:35.324","","0","75 13:36.305","3","0","0","0","67301","1","0","0","N","1","0","0","2","67301","0","","1.0","","1","N","N","N","0","","1","0","1","","0","","","2","1","0","0","0","0","0","2","0","1","","03","","N","","","","","","","","","",""
"2021125019","1922","1","0","0","0","0","0","0","0","0","4","0","","67","12","2021","2","40.042905","-75.107567","1920","6","0","0","0","0","1","1","0","0","","0","0","0","","","0","","1","","40 02:34.458","1","0","75 06:27.241","0","0","0","0","67301","0","0","0","N","0","0","0","2","67301","0","","1.0","1945.0","1","N","N","N","0","","0","0","1","","0","N","","2","0","0","0","0","0","0","2","0","2","","","","N","","","","","","","","","",""
"2021088054","2112","1","0","0","0","0","0","0","0","0","4","0","","67","8","2021","1","39.997997","-75.125411","2112","6","0","0","0","0","0","1","0","0","","0","0","0","","","1","","1","","39 59:52.789","","0","75 07:31.478","3","0","0","1","67301","0","0","0","N","0","0","0","2","67301","0","","1.0","","1","N","N","N","0","","1","0","0","","1","","","2","1","0","0","0","0","0","2","0","2","","04","","N","","","","","","","","","",""
"2021083708","1635","0","0","0","0","0","0","0","0","0","4","0","","67","9","2021","5","39.936985","-75.232498","1632","6","0","0","0","0","0","0","0","1","","0","0","0","","","0","","1","","39 56:13.146","3","0","75 13:56.992","0","0","0","0","67301","0","0","0","N","0","0","0","2","67301","0","","1.0","1655.0","1","N","N","N","1","","0","0","2","","3","Y","","4","0","0","0","0","0","0","2","1","4","","98","","N","","","","","","","","","",""
"2021081947","1802","1","0","0","0","0","0","0","0","0","8","0","","67","8","2021","1","39.922116","-75.235739","1759","6","0","0","0","0","0","0","0","0","","0","0","0","","","1","N","0","","39 55:19.619","","0","75 14:08.659","3","0","0","0","67301","1","0","0","N","1","0","0","2","67301","0","","1.0","","1","N","N","N","0","","1","0","0","","0","","","2","1","1","0","0","0","0","2","0","1","","04","","N","","","","","","","","","",""
"2021083554","1505","1","0","0","0","0","0","0","0","0","8","0","","67","9","2021","5","39.97875","-75.169599","1500","6","0","0","0","0","0","0","0","0","","0","0","0","","","1","N","1","","39 58:43.499","","0","75 10:10.556","3","0","0","0","67301","1","0","0","N","1","0","0","2","67301","0","","1.0","","1","N","N","N","0","","1","0","0","","3","","","2","1","0","0","0","0","0","2","0","1","","03","","N","","","","","","","","","",""
"2021125896","1549","0","0","0","0","0","0","0","0","0","7","0","","67","12","2021","4","39.884646","-75.244127","1526","6","0","0","0","0","0","1","0","0","","0","0","0","","","1","N","0","","39 53:04.725","2","0","75 14:38.856","8","0","0","0","67301","0","0","0","Y","0","0","0","1","68K01","0","","3.0","1625.0","1","N","N","N","0","","0","0","0","","0","N","","1","1","0","0","0","1","0","2","1","1","","03","","N","","","","","","","","","",""
"2021114698","","1","0","0","0","0","0","0","0","0","4","0","","67","8","2021","4","40.054361","-75.155184","","6","0","0","0","0","0","1","0","0","","0","0","0","","","2","","1","","40 03:15.699","","0","75 09:18.662","2","0","0","0","67301","0","0","0","N","0","0","0","4","00000","0","","1.0","","1","N","N","N","0","","0","1","0","","3","","","2","2","0","0","0","1","0","2","0","2","","","","N","","","","","","","","","",""
"2021124638","1625","1","0","0","0","0","0","0","0","0","7","0","","67","12","2021","7","40.02917","-75.168307","1621","6","0","0","0","0","0","0","0","0","","0","0","0","","","0","","2","","40 01:45.012","","0","75 10:05.906","0","0","0","0","67301","0","0","0","N","0","0","0","0","67301","0","","5.0","","9","N","N","N","0","","0","0","0","","0","","","1","0","0","0","0","0","0","2","0","1","","04","","N","","","","","","","","","",""
"2021124748","0312","1","0","0","0","0","0","0","0","0","7","0","","67","12","2021","6","39.990617","-75.134481","0310","6","0","0","0","0","0","0","0","0","","0","0","0","","","0","N","0","","39 59:26.220","1","0","75 08:04.130","0","0","0","0","67301","0","0","0","N","0","0","0","1","67301","0","","5.0","400.0","1","N","N","N","0","","0","0","0","","0","Y","","1","0","0","0","0","0","0","2","0","1","","","","N","","","","","","","","","",""
"2021080746","0610","1","0","0","0","0","0","0","0","0","4","0","","67","8","2021","6","39.977241","-75.245968","0600","6","0","0","0","0","0","0","0","0","","0","0","0","","","0","N","0","","39 58:38.068","","0","75 14:45.484","0","0","0","0","67301","0","0","0","N","0","0","0","1","67301","0","","6.0","","1","N","N","N","0","","0","0","1","","0","","","2","0","0","0","0","0","0","2","0","2","","","","N","","","","","","","","","",""
"2021083504","0025","1","0","0","0","0","0","0","0","0","4","0","","67","8","2021","3","39.980966","-75.236153","0023","6","0","0","0","0","0","0","1","0","","0","0","0","","","0","","1","","39 58:51.478","","0","75 14:10.152","0","0","0","0","67301","0","0","0","N","0","0","0","2","67301","0","","1.0","","1","N","N","N","0","","0","0","0","","2","","","2","0","0","0","0","0","0","2","0","2","","03","","N","","","","","","","","","",""
"2021081950","2015","1","0","0","0","0","0","0","0","0","4","0","","67","8","2021","2","40.067803","-75.159375","2005","6","0","0","0","0","0","1","0","0","","0","0","0","","","1","N","0","","40 04:04.090","","7","75 09:33.750","3","0","0","1","67301","0","0","0","N","0","0","0","2","67301","0","","1.0","","1","N","N","N","0","","1","0","0","","0","","","2","1","0","0","0","0","0","2","0","2","","","","N","","","","","","","","","",""
"2021083240","1730","1","0","0","0","0","0","0","0","0","5","0","","67","8","2021","3","39.984906","-75.13294","1730","6","0","0","0","0","0","0","0","0","","0","0","0","","","0","N","0","","39 59:05.661","","0","75 07:58.583","0","0","0","0","67301","0","0","0","N","0","0","0","1","67301","0","","1.0","","1","N","N","N","0","","0","0","2","","0","","","3","0","0","0","0","0","0","2","0","3","","04","","N","","","","","","","","","",""
"2021084211","0730","1","0","0","0","0","0","0","0","0","1","0","","67","9","2021","5","40.025768","-75.028317","0657","6","0","0","0","0","0","1","0","0","","0","0","0","","","0","N","0","","40 01:32.764","","0","75 01:41.940","0","0","0","0","67301","0","0","0","N","0","0","0","2","68K01","0","","1.0","","1","N","N","N","0","","0","0","1","","0","","","2","0","0","0","0","0","0","2","0","2","","","","N","","","","","","","","","",""
"2021084271","0621","1","0","0","0","0","0","0","0","0","4","0","","67","9","2021","5","40.029857","-75.104305","0608","6","0","0","0","0","0","0","0","0","","0","0","0","","","1","","1","","40 01:47.486","2","0","75 06:15.498","3","0","0","0","67301","0","0","0","N","0","0","0","4","67301","0","","1.0","730.0","1","N","N","N","0","","1","0","1","","2","N","","2","1","0","0","0","0","0","2","0","2","","","","N","","","","","","","","","",""
"2021083903","2355","1","0","0","0","0","0","0","0","0","4","0","","67","8","2021","7","39.999027","-75.133244","2349","6","0","0","0","0","0","0","0","0","","0","0","0","","","1","","1","","39 59:56.498","","0","75 07:59.680","3","0","0","0","67301","0","0","0","N","0","0","0","2","67301","0","","1.0","","1","N","N","N","0","","1","0","0","","2","","","2","1","0","0","0","0","0","2","0","2","","","","N","","","","","","","","","",""
"2021083373","0827","2","0","0","0","0","0","0","0","0","4","0","","67","9","2021","6","40.068663","-75.156786","0820","6","0","0","0","0","0","0","1","0","","0","0","0","","","1","","5","","40 04:07.186","4","0","75 09:24.430","3","0","0","0","67301","0","0","0","N","0","0","0","4","67301","0","","1.0","915.0","1","N","N","N","0","","1","0","1","","2","Y","","3","1","0","0","0","0","0","2","0","3","","03","","N","","","","","","","","","",""
"2021114654","","1","0","0","0","0","0","0","0","0","5","0","","67","7","2021","7","40.014768","-75.085466","","6","0","0","0","0","1","0","0","0","","0","0","0","","","2","","1","","40 00:53.164","","1","75 05:07.676","8","0","0","0","67301","0","0","0","N","0","0","0","3","00000","0","","1.0","","1","N","N","N","0","","0","0","0","","2","","","2","2","0","0","0","2","0","2","0","2","","","","N","","","","","","","","","",""
"2021126014","0011","1","0","0","0","0","0","0","0","0","5","0","","67","12","2021","6","40.006585","-75.074094","2358","6","0","0","0","0","1","1","0","0","","0","0","0","","","1","N","0","","40 00:23.705","","0","75 04:26.738","3","0","0","0","67301","0","0","0","N","0","0","0","3","68K01","0","","1.0","","9","N","N","N","0","","1","0","1","","0","","","2","1","1","0","0","0","1","2","0","2","","07","","N","","","","","","","","","",""
"2021083631","2339","2","0","0","0","0","0","0","0","0","4","0","","67","8","2021","3","40.027544","-75.146423","2333","6","0","0","0","0","0","0","0","0","","0","0","0","","","1","","1","","40 01:39.158","","0","75 08:47.122","3","0","0","0","67301","0","0","0","N","0","0","0","3","67301","0","","1.0","","1","N","N","N","0","","1","0","0","","2","","","2","1","0","0","0","0","0","2","0","2","","","","N","","","","","","","","","",""
"2021088280","1316","1","0","0","0","0","0","0","0","0","4","0","","67","9","2021","5","39.96674","-75.178809","1314","6","0","0","0","0","0","0","1","0","","0","0","0","","","0","","1","","39 58:00.264","","0","75 10:43.713","0","0","0","0","67301","0","0","0","N","0","0","0","2","67301","0","","1.0","","1","N","N","N","0","","0","0","1","","2","","","2","0","0","0","0","0","0","2","0","2","","03","","N","","","","","","","","","",""
"2021084918","0845","1","0","0","0","0","0","0","0","0","2","0","","67","9","2021","6","40.04274","-75.113559","0827","6","0","0","0","0","0","0","1","0","","0","0","0","","","1","","1","","40 02:33.864","","0","75 06:48.811","8","0","0","0","67301","0","0","0","N","0","0","0","2","67301","0","","1.0","","1","N","N","N","0","","0","0","1","","2","","","2","1","2","0","0","1","0","2","0","2","","","","N","","","","","","","","","",""