"CRN","ARRIVAL_TM","AUTOMOBILE_COUNT","BELTED_DEATH_COUNT","BELTED_SUSP_SERIOUS_INJ_COUNT","BICYCLE_COUNT","BICYCLE_DEATH_COUNT","BICYCLE_SUSP_SERIOUS_INJ_COUNT","BUS_COUNT","CHLDPAS_DEATH_COUNT","CHLDPAS_SUSP_SERIOUS_INJ_COUNT","COLLISION_TYPE","COMM_VEH_COUNT","CONS_ZONE_SPD_LIM","COUNTY","CRASH_MONTH","CRASH_YEAR","DAY_OF_WEEK","DEC_LATITUDE","DEC_LONGITUDE","DISPATCH_TM","DISTRICT","DRIVER_COUNT_16YR","DRIVER_COUNT_17YR","DRIVER_COUNT_18YR","DRIVER_COUNT_19YR","DRIVER_COUNT_20YR","DRIVER_COUNT_50_64YR","DRIVER_COUNT_65_74YR","DRIVER_COUNT_75PLUS","EST_HRS_CLOSED","FATAL_COUNT","HEAVY_TRUCK_COUNT","HORSE_BUGGY_COUNT","HOUR_OF_DAY","ILLUMINATION","INJURY_COUNT","INTERSECTION_RELATED","INTERSECT_TYPE","LANE_CLOSED","LATITUDE","LN_CLOSE_DIR","LOCATION_TYPE","LONGITUDE","MAX_SEVERITY_LEVEL","MCYCLE_DEATH_COUNT","MCYCLE_SUSP_SERIOUS_INJ_COUNT","MOTORCYCLE_COUNT","MUNICIPALITY","NONMOTR_COUNT","NONMOTR_DEATH_COUNT","NONMOTR_SUSP_SERIOUS_INJ_COUNT","NTFY_HIWY_MAINT","PED_COUNT","PED_DEATH_COUNT","PED_SUSP_SERIOUS_INJ_COUNT","PERSON_COUNT","POLICE_AGCY","POSSIBLE_INJ_COUNT","RDWY_SURF_TYPE_CD","RELATION_TO_ROAD","ROADWAY_CLEARED","ROAD_CONDITION","SCH_BUS_IND","SCH_ZONE_IND","SECONDARY_CRASH","SMALL_TRUCK_COUNT","SPEC_JURIS_CD","SUSP_MINOR_INJ_COUNT","SUSP_SERIOUS_INJ_COUNT","SUV_COUNT","TCD_FUNC_CD","TCD_TYPE","TFC_DETOUR_IND","TIME_OF_DAY","TOTAL_UNITS","TOT_INJ_COUNT","UNBELTED_OCC_COUNT","UNB_DEATH_COUNT","UNB_SUSP_SERIOUS_INJ_COUNT","UNK_INJ_DEG_COUNT","UNK_INJ_PER_COUNT","URBAN_RURAL","VAN_COUNT","VEHICLE_COUNT","WEATHER1","WEATHER2","WORKERS_PRES","WORK_ZONE_IND","WORK_ZONE_LOC","WORK_ZONE_TYPE","WZ_CLOSE_DETOUR","WZ_FLAGGER","WZ_LAW_OFFCR_IND","WZ_LN_CLOSURE","WZ_MOVING","WZ_OTHER","WZ_SHLDER_MDN","WZ_WORKERS_INJ_KILLED"
"2021126220","1828","2","0","0","0","0","0","0","0","0","1","0","","67","12","2021","3","40.002346","-75.078323","1827","6","0","0","0","0","0","2","0","0","","0","0","0","","","1","N","0","","40 00:08.446","2","0","75 04:41.964","4","0","0","0","67301","0","0","0","N","0","0","0","3","68K01","1","","1.0","2000.0","1","N","N","N","0","","0","0","0","","0","N","","3","1","0","0","0","0","0","2","1","3","","","","N","","","","","","","","","",""
"2021114651","","1","0","0","0","0","0","0","0","0","1","0","","67","7","2021","7","39.960915","-75.247095","","6","0","0","0","0","0","0","0","0","","0","0","0","","","1","Y","0","","39 57:39.295","","0","75 14:49.542","4","0","0","0","67301","0","0","0","N","0","0","0","4","00000","1","","1.0","","1","N","N","N","0","","0","0","0","","2","","","3","1","0","0","0","0","0","2","0","3","","","","N","","","","","","","","","",""
"2021083694","1350","1","0","0","0","0","0","0","0","0","7","0","","67","9","2021","6","39.939449","-75.230447","1350","6","1","0","0","0","0","0","0","0","","0","0","0","","","0","","2","","39 56:22.016","","0","75 13:49.609","0","0","0","0","67301","0","0","0","N","0","0","0","1","67301","0","","5.0","","1","N","N","N","0","","0","0","0","","0","","","1","0","1","0","0","0","0","2","0","1","","03","","N","","","","","","","","","",""
"2021124412","2342","3","0","0","0","0","0","0","0","0","1","0","","67","12","2021","5","39.991877","-75.233671","2340","6","0","0","0","0","0","0","0","0","","0","0","0","","","0","N","1","","39 59:30.758","","0","75 14:01.217","0","0","0","0","67301","0","0","0","N","0","0","0","3","67301","0","","1.0","","1","N","N","N","0","","0","0","0","","2","","","3","0","0","0","0","0","0","2","0","3","","03","","N","","","","","","","","","",""
"2021114691","","0","0","0","0","0","0","0","0","0","4","0","","67","7","2021","6","39.92165","-75.242695","","6","0","0","0","0","0","1","0","0","","0","0","0","","","1","","1","","39 55:17.939","","0","75 14:33.701","8","0","0","0","67301","0","0","0","N","0","0","0","2","00000","0","","1.0","","1","N","N","N","0","","0","0","1","","2","","","2","1","0","0","0","1","0","2","0","2","","","","N","","","","","","","","","",""
"2021084070","1852","0","0","0","0","0","0","0","0","0","1","0","","67","8","2021","3","40.023149","-75.137162","1852","6","0","0","0","0","0","0","0","0","","0","0","0","","","1","","1","","40 01:23.336","","0","75 08:13.783","4","0","0","0","67301","0","0","0","N","0","0","0","2","67301","1","","1.0","","99","N","N","N","1","","0","0","1","","2","","","2","1","2","0","0","0","0","2","0","2","","","","N","","","","","","","","","",""
"2021083248","1750","0","0","1","0","0","0","0","0","0","7","0","","67","8","2021","3","39.967339","-75.151694","1750","6","0","0","0","0","0","0","0","0","","0","0","0","","","1","N","0","","39 58:02.420","","1","75 09:06.100","2","0","0","0","67301","0","0","0","N","0","0","0","1","67301","0","","4.0","","1","N","N","N","0","","0","1","1","","0","","","1","1","0","0","0","0","0","2","0","1","","03","","N","","","","","","","","","",""
"2021126898","2145","2","0","0","0","0","0","0","0","0","5","0","","67","12","2021","5","40.098492","-74.985497","2141","6","0","0","0","0","0","1","0","0","","1","0","0","","","0","N","0","","40 05:54.572","4","0","74 59:07.790","1","0","0","0","67301","0","0","0","N","0","0","0","2","67301","0","2","1.0","1200.0","1","N","N","N","0","0","0","0","0","","0","Y","","2","0","0","0","0","0","0","2","0","2","","03","","N","","","","","","","","","",""
"2021082460","2301","1","0","0","0","0","0","0","0","0","1","0","","67","8","2021","2","39.959359","-75.174714","2252","6","0","0","0","0","0","0","0","0","","0","0","0","","","0","N","0","","39 57:33.691","","0","75 10:28.969","0","0","0","0","67301","0","0","0","N","0","0","0","2","68K01","0","","1.0","","1","N","N","N","0","","0","0","1","","0","","","2","0","0","0","0","0","0","2","0","2","","03","","N","","","","","","","","","",""
"2021125149","0935","1","0","0","0","0","0","0","0","0","7","0","","67","12","2021","7","40.030927","-75.021785","0935","6","0","0","0","0","0","0","0","0","","0","0","0","","","0","N","0","","40 01:51.336","2","0","75 01:18.427","0","0","0","0","67301","0","0","0","N","0","0","0","1","68K01","0","","4.0","1015.0","9","N","N","N","0","","0","0","0","","0","N","","1","0","0","0","0","0","0","2","0","1","","07","","N","","","","","","","","","",""
"2021084720","0524","2","0","0","0","0","0","0","0","0","6","0","","67","9","2021","4","40.072126","-75.160489","0515","6","0","0","0","0","0","0","0","0","","0","0","0","","","0","N","0","","40 04:19.655","","0","75 09:37.759","0","0","0","0","67301","0","0","0","N","0","0","0","1","67301","0","","4.0","","1","N","N","N","0","","0","0","0","","0","","","2","0","0","0","0","0","0","2","0","2","","03","","N","","","","","","","","","",""
"2021126695","2059","2","0","0","0","0","0","0","0","0","2","0","","67","12","2021","5","39.959446","-75.239265","2055","6","0","0","0","0","0","0","0","0","","0","0","0","","","1","","1","","39 57:34.005","","0","75 14:21.353","3","0","0","0","67301","0","0","0","N","0","0","0","4","67301","0","","1.0","","1","N","N","N","0","","1","0","0","","3","","","2","1","0","0","0","0","0","2","0","2","","","","N","","","","","","","","","",""
"2021125854","1136","1","0","0","0","0","0","0","0","0","5","0","","67","12","2021","7","39.960031","-75.179974","1116","6","0","1","0","0","0","0","0","0","","0","0","0","","","0","N","0","","39 57:36.111","","0","75 10:47.907","0","0","0","0","67301","0","0","0","N","0","0","0","4","68K01","0","","1.0","","8","N","N","N","0","","0","0","1","","0","","","2","0","0","0","0","0","0","2","0","2","","04","","N","","","","","","","","","",""
"2021126000","1128","1","0","0","0","0","0","0","0","0","7","0","","67","10","2021","2","40.017661","-75.048685","1120","6","0","0","0","0","0","0","0","0","","0","0","0","","","0","N","0","","40 01:03.581","","0","75 02:55.265","0","0","0","0","67301","0","0","0","N","0","0","0","1","68K01","0","","2.0","","1","N","N","N","0","","0","0","0","","0","","","1","0","0","0","0","0","0","2","0","1","","03","","N","","","","","","","","","",""
"2021124744","2240","1","0","0","0","0","0","1","0","0","4","1","","67","12","2021","7","39.987694","-75.166981","2235","6","0","0","0","0","0","0","0","0","","0","0","0","","","2","","1","","39 59:15.698","4","0","75 10:01.131","3","0","0","0","67301","0","0","0","N","0","0","0","3","67301","0","","1.0","2315.0","9","N","N","N","0","","2","0","1","","3","N","","3","2","0","0","0","0","0","2","0","3","","07","","N","","","","","","","","","",""
"2021081474","1320","1","0","0","0","0","0","0","0","0","4","0","","67","8","2021","2","39.984849","-75.237235","1316","6","0","0","0","0","0","0","1","0","","0","0","0","","","1","","5","","39 59:05.457","","0","75 14:14.047","3","0","0","0","67301","0","0","0","N","0","0","0","2","67301","0","","1.0","","1","N","N","N","0","","1","0","0","","2","","","2","1","0","0","0","0","0","2","0","2","","","","N","","","","","","","","","",""
"2021081128","1639","1","0","0","0","0","0","0","0","0","6","0","","67","8","2021","7","40.054864","-75.186403","1638","6","0","0","0","0","0","1","0","0","","0","0","0","","","1","N","0","","40 03:17.510","","0","75 11:11.050","8","0","0","0","67301","0","0","0","N","0","0","0","1","67301","0","","6.0","","9","N","N","N","0","","0","0","1","","0","","","2","1","0","0","0","1","0","2","0","2","","07","","N","","","","","","","","","",""
"2021126082","1120","1","0","0","0","0","0","0","0","0","6","0","","67","12","2021","1","40.027058","-75.059128","1108","6","0","0","0","0","0","0","0","0","","0","0","0","","","1","N","0","","40 01:37.410","","0","75 03:32.860","3","0","0","0","67301","0","0","0","N","0","0","0","1","67301","0","","5.0","","1","N","N","N","0","","1","0","1","","0","","","2","1","0","0","0","0","0","2","0","2","","03","","N","","","","","","","","","",""
"2021082751","0310","0","0","0","0","0","0","0","0","0","0","0","","67","8","2021","7","39.947778","-75.227614","0304","6","0","0","0","0","0","0","0","0","","0","0","0","","","1","N","0","","39 56:52.001","6","0","75 13:39.410","8","0","0","0","67301","0","0","0","N","0","0","0","2","67301","0","","1.0","500.0","9","N","N","N","0","","0","0","1","","0","N","","2","1","0","0","0","1","1","2","1","2","","","","N","","","","","","","","","",""
"2021117350","","1","0","0","0","0","0","0","0","0","4","0","","67","8","2021","6","39.938369","-75.224815","","6","0","0","0","0","0","1","0","0","","0","0","0","","","1","","2","","39 56:18.128","","0","75 13:29.333","8","0","0","0","67301","0","0","0","N","0","0","0","2","00000","0","","1.0","","1","N","N","N","1","","0","0","0","","3","","","2","1","0","0","0","1","0","2","0","2","","","","N","","","","","","","","","",""
"2021082267","1137","2","0","0","0","0","0","0","0","0","4","0","","67","9","2021","4","39.978988","-75.160225","1136","6","0","0","0","0","0","1","0","0","","0","0","0","","","0","","1","","39 58:44.355","","0","75 09:36.809","0","0","0","0","67301","0","0","0","N","0","0","0","3","67505","0","","1.0","","1","N","N","N","0","","0","0","0","","3","","","2","0","0","0","0","0","0","2","0","2","","04","","N","","","","","","","","","",""
"2021086017","2107","1","0","0","0","0","0","0","0","0","4","0","","67","9","2021","2","40.011545","-75.108042","2105","6","0","0","0","0","0","0","0","0","","0","0","0","","","1","","1","","40 00:41.562","","0","75 06:28.950","2","0","1","1","67301","0","0","0","N","0","0","0","4","67301","0","","1.0","","1","N","N","N","0","","0","1","0","","2","","","2","1","0","0","0","0","0","2","0","2","","","","N","","","","","","","","","",""
"2021123833","1247","1","0","0","0","0","0","0","0","0","8","0","","67","12","2021","6","39.967253","-75.171361","1243","6","0","0","0","0","0","0","0","0","","0","0","0","","","1","","2","","39 58:02.110","","0","75 10:16.899","8","0","0","0","67301","1","0","0","N","1","0","0","2","67301","0","","1.0","","1","N","N","N","0","","0","0","0","","2","","","2","1","0","0","0","1","0","2","0","1","","","","N","","","","","","","","","",""
"2021124523","1045","0","0","0","0","0","0","0","0","0","8","0","","67","12","2021","7","40.013917","-75.101675","1042","6","0","0","0","0","0","0","0","0","","0","0","0","","","1","N","0","","40 00:50.100","","0","75 06:06.030","8","0","0","0","67301","1","0","0","N","1","0","0","1","67301","0","","1.0","","9","N","N","N","0","","0","0","0","","3","","","2","1","0","0","0","1","0","2","0","1","","07","","N","","","","","","","","","",""
"2021124019","1615","1","0","0","0","0","0","0","0","0","2","0","","67","12","2021","7","39.958951","-75.228949","1613","6","0","0","0","0","0","0","0","0","","0","0","0","","","2","","1","","39 57:32.225","7","0","75 13:44.216","3","0","0","0","67301","0","0","0","N","0","0","0","4","67301","0","","1.0","1645.0","1","N","N","N","0","","1","0","1","","2","Y","","2","2","0","0","0","1","0","2","0","2","","03","","N","","","","","","","","","",""
"2021081796","2200","2","0","0","0","0","0","0","0","0","4","0","","67","8","2021","2","40.044636","-75.145204","2154","6","0","0","0","0","0","0","0","1","","0","0","0","","","1","","2","","40 02:40.689","","0","75 08:42.734","3","0","0","0","67301","0","0","0","N","0","0","0","2","67301","0","","1.0","","1","N","N","N","0","","1","0","0","","3","","","2","1","0","0","0","0","0","2","0","2","","","","N","","","","","","","","","",""
"2021085650","1512","1","0","0","0","0","0","0","0","0","4","0","","67","9","2021","6","40.002106","-75.144234","1506","6","0","0","1","0","0","1","0","0","","0","0","0","","","0","","5","","40 00:07.582","7","0","75 08:39.242","9","0","0","0","67301","0","0","0","N","0","0","0","5","67301","0","","1.0","1640.0","1","N","N","Y","0","","0","0","3","","2","N","","4","0","2","0","0","0","1","2","0","4","","03","","N","","","","","","","","","",""
"2021124194","0835","1","0","0","0","0","0","0","0","0","1","0","","67","12","2021","7","40.114045","-74.98789","0831","6","0","0","0","0","0","0","0","0","","0","0","0","","","2","N","0","","40 06:50.563","1","0","74 59:16.405","3","0","0","0","67301","0","0","0","N","0","0","0","2","67301","0","","1.0","845.0","9","N","N","N","1","","1","0","0","","2","N","","2","2","0","0","0","1","0","2","0","2","","05","","N","","","","","","","","","",""
"2021125350","1420","0","0","0","0","0","0","1","0","0","4","2","","67","12","2021","5","39.922487","-75.155054","1350","6","0","0","0","0","0","0","0","0","","0","1","0","","","4","","1","","39 55:20.952","1","0","75 09:18.195","3","0","0","0","67301","0","0","0","N","0","0","0","5","67508","3","","1.0","9999.0","1","N","N","Y","0","","1","0","0","","2","Y","","2","4","0","0","0","0","0","2","0","2","","03","","N","","","","","","","","","",""
"2021085873","1900","0","0","0","0","0","0","0","0","0","8","0","","67","9","2021","6","40.019854","-75.089712","1858","6","0","0","0","0","0","0","0","0","","0","0","0","","","1","","1","","40 01:11.474","","0","75 05:22.963","8","0","0","0","67301","1","0","0","N","1","0","0","2","67301","0","","1.0","","1","N","N","N","0","","0","0","0","","3","","","2","1","0","0","0","1","1","2","0","1","","04","","N","","","","","","","","","",""
"2021085694","2010","2","0","0","0","0","0","0","0","0","4","0","","67","9","2021","4","40.041546","-75.053873","2010","6","0","0","0","0","0","1","0","0","","0","0","0","","","1","","1","","40 02:29.567","","0","75 03:13.943","3","0","0","0","67301","0","0","0","N","0","0","0","3","67301","0","","1.0","","1","N","N","N","0","","1","0","0","","3","","","2","1","0","0","0","0","0","2","0","2","","03","","N","","","","","","","","","",""
"2021126230","1834","1","0","0","0","0","0","0","0","0","1","0","","67","12","2021","2","39.965121","-75.185689","1814","6","0","0","0","0","0","1","0","0","","0","0","0","","","2","N","0","","39 57:54.434","3","0","75 11:08.482","3","0","0","0","67301","0","0","0","N","0","0","0","2","68K01","1","","1.0","1845.0","1","N","N","N","0","","1","0","1","","0","N","","2","2","1","0","0","0","0","2","0","2","","","","N","","","","","","","","","",""
"2021083106","1305","4","0","0","0","0","0","0","0","0","4","0","","67","9","2021","5","39.984086","-75.160053","1305","6","0","0","0","0","1","0","1","0","","0","0","0","","","0","","1","","39 59:02.710","","0","75 09:36.190","0","0","0","0","67301","0","0","0","N","0","0","0","2","67301","0","","1.0","","1","N","N","N","0","","0","0","2","","3","","","6","0","2","0","0","0","0","2","0","6","","03","","N","","","","","","","","","",""
"2021081794","0151","1","0","0","0","0","0","0","0","0","5","0","","67","8","2021","3","39.969061","-75.163155","0148","6","0","0","0","0","0","0","0","0","","0","0","0","","","0","N","0","","39 58:08.619","","0","75 09:47.357","0","0","0","0","67301","0","0","0","N","0","0","0","1","67301","0","","6.0","","99","N","N","N","0","","0","0","1","","0","","","2","0","0","0","0","0","0","2","0","2","","03","","N","","","","","","","","","",""
"2021125628","1736","1","0","0","0","0","0","0","0","0","1","0","","67","12","2021","1","39.967257","-75.133359","1730","6","0","1","0","0","0","0","0","0","","0","0","0","","","0","N","0","","39 58:02.124","2","0","75 08:00.094","0","0","0","0","67301","0","0","0","N","0","0","0","8","68K01","0","","1.0","1740.0","1","N","N","N","0","","0","0","1","","0","N","","2","0","0","0","0","0","0","2","0","2","","03","","N","","","","","","","","","",""
"2021083567","0225","2","0","0","0","0","0","0","0","0","1","0","","67","9","2021","1","39.977768","-75.21345","0223","6","0","0","0","0","0","0","0","0","","0","0","0","","","0","","1","","39 58:39.965","5","0","75 12:48.419","0","0","0","0","67301","0","0","0","N","0","0","0","2","67301","0","","1.0","318.0","1","N","N","N","0","","0","0","0","","1","N","","2","0","0","0","0","0","0","2","0","2","","03","","N","","","","","","","","","",""
"2021083915","0107","2","0","0","0","0","0","0","0","0","4","0","","67","9","2021","6","40.021555","-75.124352","0102","6","0","0","0","0","1","0","0","0","","0","0","0","","","1","","1","","40 01:17.597","","0","75 07:27.667","3","0","0","0","67301","0","0","0","N","0","0","0","2","67301","0","","1.0","","1","N","N","N","0","","1","0","0","","2","","","2","1","1","0","0","0","0","2","0","2","","03","","N","","","","","","","","","",""
"2021117351","","2","0","0","0","0","0","0","0","0","4","0","","67","8","2021","3","39.929357","-75.169341","","6","0","0","0","0","0","0","0","0","","0","0","0","","","0","Y","2","","39 55:45.685","","0","75 10:09.627","0","0","0","0","67301","0","0","0","N","0","0","0","2","00000","0","","1.0","","1","N","N","N","0","","0","0","0","","3","","","4","0","0","0","0","0","0","2","0","4","","","","N","","","","","","","","","",""
"2021081829","2035","1","0","0","1","0","0","0","0","0","8","0","","67","8","2021","1","39.962691","-75.174756","2029","6","0","0","0","0","0","1","0","0","","0","0","0","","","1","","1","","39 57:45.688","","0","75 10:29.120","8","0","0","0","67301","1","0","0","N","0","0","0","2","67301","0","","1.0","","1","N","N","N","0","","0","0","0","","2","","","2","1","0","0","0","1","0","2","0","1","","","","N","","","","","","","","","",""
"2021126002","0815","3","0","0","0","0","0","0","0","0","5","0","","67","12","2021","5","39.999803","-75.163372","0814","6","0","0","0","0","0","0","0","0","","0","0","0","","","0","N","0","","39 59:59.290","","0","75 09:48.140","0","0","0","0","67301","0","0","0","N","0","0","0","0","67301","0","","1.0","","1","N","N","N","0","","0","0","1","","0","","","4","0","0","0","0","0","0","2","0","4","","03","","N","","","","","","","","","",""
"2021124414","1210","1","0","0","0","0","0","0","0","0","8","0","","67","12","2021","6","39.967417","-75.2437","1207","6","0","0","0","0","0","0","0","0","","0","0","0","","","1","N","0","","39 58:02.700","","0","75 14:37.320","3","0","0","0","67301","1","0","0","N","1","0","0","2","67301","0","","1.0","","1","N","N","N","0","","1","0","0","","0","","","2","1","0","0","0","0","0","2","0","1","","03","","N","","","","","","","","","",""
"2021083427","0027","0","0","0","0","0","0","0","0","0","4","0","","67","9","2021","5","40.030502","-75.114599","0022","6","0","0","0","0","0","0","0","0","","0","0","0","","","0","","2","","40 01:49.807","","0","75 06:52.556","9","0","0","0","67301","0","0","0","N","0","0","0","3","67301","0","","1.0","","9","N","N","N","1","","0","0","3","","3","","","5","0","0","0","0","0","3","2","1","5","","04","","N","","","","","","","","","",""
"2021082040","0948","1","0","0","0","0","0","0","0","0","4","0","","67","8","2021","2","40.027475","-75.163028","0943","6","0","0","0","0","0","1","0","0","","0","0","0","","","2","","2","","40 01:38.910","","0","75 09:46.900","3","0","0","0","67301","0","0","0","N","0","0","0","3","67301","0","","1.0","","1","N","N","N","0","","2","0","1","","3","","","2","2","0","0","0","0","0","2","0","2","","03","","N","","","","","","","","","",""
"2021085526","1200","3","0","0","0","0","0","0","0","0","1","0","","67","9","2021","3","39.958465","-75.225185","1219","6","0","0","0","0","1","0","0","0","","0","0","0","","","2","","1","","39 57:30.474","","0","75 13:30.666","3","0","0","0","67301","0","0","0","N","0","0","0","7","67301","1","","1.0","","1","N","N","N","0","","1","0","0","","2","","","5","2","4","0","0","0","0","2","2","5","","03","","N","","","","","","","","","",""
"2021125867","1454","1","0","0","0","0","0","0","0","0","2","0","","67","12","2021","4","40.007081","-75.199172","1447","6","0","0","0","0","0","1","0","0","","0","0","0","","","1","N","0","","40 00:25.493","4","0","75 11:57.019","8","0","0","0","67301","0","0","0","N","0","0","0","1","68K01","0","","5.0","1515.0","1","N","N","N","0","","0","0","0","","0","N","","1","1","1","0","0","1","0","2","0","1","","03","","N","","","","","","","","","",""
"2021126010","0116","0","0","0","0","0","0","0","0","0","7","0","","67","12","2021","5","39.976555","-75.196658","0113","6","0","0","0","0","0","0","0","0","","0","0","0","","","0","N","7","","39 58:35.597","4","2","75 11:47.969","0","0","0","0","67301","0","0","0","Y","0","0","0","1","68K01","0","","3.0","134.0","1","N","N","N","0","","0","0","1","","0","N","","1","0","0","0","0","0","0","2","0","1","","","","N","","","","","","","","","",""
"2021083584","1405","0","0","0","0","0","0","0","0","0","1","0","","67","9","2021","6","40.092811","-75.012903","1353","6","0","0","0","0","0","0","0","0","","0","0","0","","","0","N","0","","40 05:34.120","4","7","75 00:46.450","9","0","0","0","67301","0","0","0","N","0","0","0","2","67301","0","","1.0","1429.0","1","N","N","N","0","","0","0","2","","3","N","","2","0","0","0","0","0","1","2","0","2","","","","N","","","","","","","","","",""
"2021124994","0444","0","0","0","0","0","0","0","0","0","8","0","","67","12","2021","7","39.980327","-75.172088","0441","6","0","0","0","0","0","0","0","0","","1","0","0","","","0","N","0","","39 58:49.176","","0","75 10:19.515","1","0","0","0","67301","1","1","0","N","1","1","0","2","67301","0","2","1.0","","99","N","N","N","0","0","0","0","1","","0","","","2","0","0","0","0","0","0","2","0","1","","03","","N","","","","","","","","","",""
"2021080751","0032","1","0","0","0","0","0","0","0","0","4","0","","67","8","2021","7","39.954661","-75.149521","0030","6","0","0","0","0","0","0","0","0","","0","0","0","","","0","","5","","39 57:16.781","","2","75 08:58.276","0","0","0","0","67301","0","0","0","N","0","0","0","2","67301","0","","1.0","","1","N","N","N","0","","0","0","1","","2","","","2","0","0","0","0","0","0","2","0","2","","03","","N","","","","","","","","","",""
"2021127978","1734","0","0","0","0","0","0","0","0","0","1","0","","67","12","2021","1","39.957376","-75.158121","1731","6","0","0","0","0","0","0","0","0","","0","0","0","","","0","N","0","","39 57:26.552","4","0","75 09:29.235","0","0","0","0","67301","0","0","0","N","0","0","0","4","68K01","0","","1.0","1846.0","1","N","N","N","0","","0","0","2","","0","N","","2","0","0","0","0","0","0","2","0","2","","","","N","","","","","","","","","",""
"2021083505","1815","2","0","0","0","0","0","0","0","0","4","0","","67","9","2021","4","39.971605","-75.242819","1804","6","0","0","0","0","0","1","0","0","","0","0","0","","","0","","1","","39 58:17.779","","0","75 14:34.148","0","0","0","0","67301","0","0","0","N","0","0","0","2","67301","0","","1.0","","9","N","N","N","0","","0","0","2","","2","","","4","0","1","0","0","0","0","2","0","4","","07","","N","","","","","","","","","",""
"2021083904","0050","0","0","0","0","0","0","0","0","0","8","0","","67","9","2021","5","40.022705","-75.133512","0100","6","0","0","0","0","0","0","0","0","","0","0","0","","","1","","1","","40 01:21.738","","0","75 08:00.643","3","0","0","0","67301","1","0","0","N","1","0","0","2","67301","0","","1.0","","1","N","N","N","0","","1","0","1","","2","","","2","1","0","0","0","0","0","2","0","1","","03","","N","","","","","","","","","",""
"2021128204","1123","1","0","0","0","0","0","0","0","0","1","0","","67","12","2021","4","39.971576","-75.193286","1107","6","0","0","0","0","0","2","0","0","","0","0","0","","","1","N","0","","39 58:17.672","4","0","75 11:35.831","4","0","0","0","67301","0","0","0","N","0","0","0","4","68K01","1","","1.0","1300.0","1","N","N","N","1","","0","0","1","","0","Y","","3","1","0","0","0","0","0","2","0","3","","","","N","","","","","","","","","",""
"2021083238","0505","1","0","0","0","0","0","0","0","0","1","0","","67","9","2021","4","39.978329","-75.157875","0505","6","0","0","0","0","0","0","0","0","","0","0","0","","","0","N","0","","39 58:41.984","","0","75 09:28.349","0","0","0","0","67301","0","0","0","N","0","0","0","1","67301","0","","6.0","","9","N","N","N","0","","0","0","0","","0","","","2","0","1","0","0","0","0","2","0","2","","03","","N","","","","","","","","","",""
"2021126130","0200","1","0","0","0","0","0","0","0","0","4","0","","67","12","2021","2","39.954523","-75.205823","0155","6","0","0","0","0","0","0","0","0","","0","0","0","","","0","N","0","","39 57:16.282","","0","75 12:20.962","0","0","0","0","67301","0","0","0","N","0","0","0","1","67504","0","","6.0","","1","N","N","N","0","","0","0","1","","0","","","2","0","0","0","0","0","0","2","0","2","","03","","N","","","","","","","","","",""
"2021113663","1133","1","0","0","0","0","0","0","0","0","7","0","","67","9","2021","4","40.026444","-75.163533","1133","6","0","0","0","0","0","0","0","0","","0","0","0","","","1","N","0","","40 01:35.200","5","0","75 09:48.720","3","0","0","0","67301","0","0","0","N","0","0","0","1","67301","0","","5.0","1150.0","1","N","N","N","0","","1","0","0","","0","N","","1","1","0","0","0","0","0","2","0","1","","","","N","","","","","","","","","",""
"2021082143","0221","1","0","0","0","0","0","0","0","0","4","0","","67","8","2021","3","40.029667","-75.048444","0216","6","0","0","0","0","0","0","0","0","","0","0","0","","","0","N","0","","40 01:46.800","","0","75 02:54.400","0","0","0","0","67301","0","0","0","N","0","0","0","2","67301","0","","4.0","","1","N","N","N","0","","0","0","1","","0","","","2","0","0","0","0","0","0","2","0","2","","03","","N","","","","","","","","","",""
"2021084442","0850","1","0","0","0","0","0","0","0","0","1","0","","67","9","2021","6","39.978691","-75.203061","0843","6","0","0","0","1","0","1","0","0","","0","0","0","","","0","N","0","","39 58:43.288","3","0","75 12:11.018","9","0","0","0","67301","0","0","0","N","0","0","0","3","68K01","0","","1.0","850.0","1","N","N","N","0","","0","0","1","","0","N","","3","0","0","0","0","0","1","2","0","3","","03","","N","","","","","","","","","",""
"2021080710","1558","0","0","0","0","0","0","0","0","0","1","0","","67","8","2021","6","40.070003","-75.162742","1548","6","0","0","0","0","0","1","1","0","","0","0","0","","","0","","1","","40 04:12.010","","0","75 09:45.872","0","0","0","0","67301","0","0","0","N","0","0","0","2","67301","0","","1.0","","9","N","N","N","0","","0","0","2","","2","","","2","0","0","0","0","0","0","2","0","2","","04","","N","","","","","","","","","",""
"2021083443","0208","3","0","0","0","0","0","0","0","0","5","0","","67","9","2021","5","40.027469","-75.118136","0208","6","0","0","0","0","0","0","0","0","","0","0","0","","","0","N","0","","40 01:38.890","3","0","75 07:05.290","0","0","0","0","67301","0","0","0","N","0","0","0","1","67301","0","","6.0","350.0","9","N","N","N","1","","0","0","2","","0","Y","","7","0","1","0","0","0","0","2","1","7","","","","N","","","","","","","","","",""
"2021081734","1240","1","0","0","1","0","0","0","0","0","8","0","","67","8","2021","1","39.991953","-75.119686","1238","6","0","0","0","0","0","0","0","0","","0","0","0","","","1","N","0","","39 59:31.030","","0","75 07:10.870","3","0","0","0","67301","1","0","0","N","0","0","0","2","67301","0","","1.0","","1","N","N","N","0","","1","0","0","","0","","","2","1","0","0","0","0","0","2","0","1","","03","","N","","","","","","","","","",""
"2021083515","1238","3","0","0","0","0","0","0","0","0","5","0","","67","8","2021","3","40.019426","-75.210836","1235","6","0","0","0","0","0","1","0","0","","0","0","0","","","1","N","0","","40 01:09.933","5","0","75 12:39.009","3","0","0","0","67301","0","0","0","N","0","0","0","1","67301","0","","6.0","1300.0","1","N","N","N","0","","1","0","0","","0","Y","","3","1","0","0","0","0","0","2","0","3","","","","N","","","","","","","","","",""