"CRN","ARRIVAL_TM","AUTOMOBILE_COUNT","BELTED_DEATH_COUNT","BELTED_SUSP_SERIOUS_INJ_COUNT","BICYCLE_COUNT","BICYCLE_DEATH_COUNT","BICYCLE_SUSP_SERIOUS_INJ_COUNT","BUS_COUNT","CHLDPAS_DEATH_COUNT","CHLDPAS_SUSP_SERIOUS_INJ_COUNT","COLLISION_TYPE","COMM_VEH_COUNT","CONS_ZONE_SPD_LIM","COUNTY","CRASH_MONTH","CRASH_YEAR","DAY_OF_WEEK","DEC_LATITUDE","DEC_LONGITUDE","DISPATCH_TM","DISTRICT","DRIVER_COUNT_16YR","DRIVER_COUNT_17YR","DRIVER_COUNT_18YR","DRIVER_COUNT_19YR","DRIVER_COUNT_20YR","DRIVER_COUNT_50_64YR","DRIVER_COUNT_65_74YR","DRIVER_COUNT_75PLUS","EST_HRS_CLOSED","FATAL_COUNT","HEAVY_TRUCK_COUNT","HORSE_BUGGY_COUNT","HOUR_OF_DAY","ILLUMINATION","INJURY_COUNT","INTERSECTION_RELATED","INTERSECT_TYPE","LANE_CLOSED","LATITUDE","LN_CLOSE_DIR","LOCATION_TYPE","LONGITUDE","MAX_SEVERITY_LEVEL","MCYCLE_DEATH_COUNT","MCYCLE_SUSP_SERIOUS_INJ_COUNT","MOTORCYCLE_COUNT","MUNICIPALITY","NONMOTR_COUNT","NONMOTR_DEATH_COUNT","NONMOTR_SUSP_SERIOUS_INJ_COUNT","NTFY_HIWY_MAINT","PED_COUNT","PED_DEATH_COUNT","PED_SUSP_SERIOUS_INJ_COUNT","PERSON_COUNT","POLICE_AGCY","POSSIBLE_INJ_COUNT","RDWY_SURF_TYPE_CD","RELATION_TO_ROAD","ROADWAY_CLEARED","ROAD_CONDITION","SCH_BUS_IND","SCH_ZONE_IND","SECONDARY_CRASH","SMALL_TRUCK_COUNT","SPEC_JURIS_CD","SUSP_MINOR_INJ_COUNT","SUSP_SERIOUS_INJ_COUNT","SUV_COUNT","TCD_FUNC_CD","TCD_TYPE","TFC_DETOUR_IND","TIME_OF_DAY","TOTAL_UNITS","TOT_INJ_COUNT","UNBELTED_OCC_COUNT","UNB_DEATH_COUNT","UNB_SUSP_SERIOUS_INJ_COUNT","UNK_INJ_DEG_COUNT","UNK_INJ_PER_COUNT","URBAN_RURAL","VAN_COUNT","VEHICLE_COUNT","WEATHER1","WEATHER2","WORKERS_PRES","WORK_ZONE_IND","WORK_ZONE_LOC","WORK_ZONE_TYPE","WZ_CLOSE_DETOUR","WZ_FLAGGER","WZ_LAW_OFFCR_IND","WZ_LN_CLOSURE","WZ_MOVING","WZ_OTHER","WZ_SHLDER_MDN","WZ_WORKERS_INJ_KILLED"
"2021083433","0043","1","0","0","0","0","0","0","0","0","1","0","","67","9","2021","1","40.038855","-75.185329","0037","6","0","0","0","0","0","0","0","0","","0","0","0","","","0","N","0","","40 02:19.878","","0","75 11:07.186","0","0","0","0","67301","0","0","0","N","0","0","0","1","67301","0","","6.0","","1","N","N","N","0","","0","0","0","","0","","","2","0","0","0","0","0","0","2","1","2","","03","","N","","","","","","","","","",""
"2021089137","0845","1","0","0","0","0","0","0","0","0","7","0","","67","9","2021","4","40.059025","-75.200625","0831","6","0","0","0","1","0","0","1","0","","0","0","0","","","1","N","0","","40 03:32.490","","0","75 12:02.250","3","0","0","0","67301","0","0","0","N","0","0","0","3","67301","0","","4.0","","9","N","N","N","0","","1","0","2","","0","","","3","1","0","0","0","0","0","2","0","3","","04","","N","","","","","","","","","",""
"2021083151","1915","1","0","0","0","0","0","0","0","0","4","0","","67","8","2021","7","40.021311","-75.148614","1915","6","0","0","0","0","0","2","0","0","","0","0","0","","","1","N","0","","40 01:16.721","","7","75 08:55.009","3","0","0","1","67301","0","0","0","N","0","0","0","2","67301","0","","1.0","","99","N","N","N","0","","1","0","0","","0","","","2","1","0","0","0","0","0","2","0","2","","03","","N","","","","","","","","","",""
"2021126179","2130","0","0","0","0","0","0","0","0","0","4","0","","67","12","2021","5","40.018024","-75.155028","2130","6","0","0","0","0","0","0","0","0","","0","0","0","","","1","","2","","40 01:04.885","","0","75 09:18.101","3","0","0","0","67301","0","0","0","N","0","0","0","1","67301","0","","1.0","","1","N","N","N","0","","1","0","2","","2","U","","2","1","0","0","0","0","0","2","0","2","","","","N","","","","","","","","","",""
"2021085185","1305","1","0","0","0","0","0","0","0","0","4","0","","67","9","2021","5","39.997342","-75.120319","1251","6","0","0","0","0","0","0","0","0","","0","0","0","","","4","","1","","39 59:50.432","7","0","75 07:13.150","2","0","0","0","67301","0","0","0","N","0","0","0","4","67301","0","","1.0","1430.0","1","N","N","N","1","","3","1","0","","3","Y","","2","4","0","0","0","0","0","2","0","2","","03","","N","","","","","","","","","",""
"2021108884","2140","1","0","0","0","0","0","0","0","0","4","0","","67","11","2021","1","40.077373","-75.085464","2135","6","0","0","0","0","0","1","0","0","","0","0","0","","","1","N","0","","40 04:38.544","","7","75 05:07.669","4","0","0","0","67301","0","0","0","N","0","0","0","3","67301","1","","1.0","","1","N","N","N","0","","0","0","0","","0","","","2","1","0","0","0","0","0","2","1","2","","03","","N","","","","","","","","","",""
"2021083233","1427","1","0","0","0","0","0","0","0","0","0","0","","67","9","2021","6","39.90825","-75.147278","1423","6","0","0","0","0","0","0","0","0","","0","0","0","","","0","N","0","","39 54:29.700","3","3","75 08:50.200","0","0","0","0","67301","0","0","0","N","0","0","0","1","67501","0","","1.0","1530.0","1","N","N","N","0","","0","0","0","","8","N","","1","0","0","0","0","0","0","2","0","1","","","","N","","","","","","","","","",""
"2021125619","1645","1","0","0","0","0","0","0","0","0","7","0","","67","12","2021","7","40.026844","-75.025733","1640","6","0","0","0","0","0","0","0","0","","0","0","0","","","0","N","0","","40 01:36.637","1","0","75 01:32.640","0","0","0","0","67301","0","0","0","N","0","0","0","1","68K01","0","","3.0","1654.0","9","N","N","N","0","","0","0","0","","0","N","","1","0","1","0","0","0","0","2","0","1","","07","","N","","","","","","","","","",""
"2021081855","1520","1","0","0","0","0","0","0","0","0","4","0","","67","8","2021","2","40.071242","-75.191352","1510","6","1","0","0","0","0","0","1","0","","0","0","0","","","0","","2","","40 04:16.471","","0","75 11:28.867","0","0","0","0","67301","0","0","0","N","0","0","0","5","67301","0","","1.0","","1","N","N","Y","2","","0","0","0","","3","","","3","0","0","0","0","0","0","2","0","3","","03","","N","","","","","","","","","",""
"2021124433","1450","1","0","0","0","0","0","0","0","0","1","0","","67","12","2021","5","40.04274","-75.113559","1450","6","0","0","0","0","0","2","0","0","","0","0","0","","","1","","1","","40 02:33.864","","0","75 06:48.811","4","0","0","0","67301","0","0","0","N","0","0","0","2","67301","1","","1.0","","99","N","N","N","0","","0","0","1","","2","","","2","1","2","0","0","0","1","2","0","2","","","","N","","","","","","","","","",""
"2021083057","2115","1","0","0","0","0","0","0","0","0","4","0","","67","9","2021","5","39.950768","-75.150361","2111","6","0","0","0","0","0","1","0","0","","0","0","0","","","1","","1","","39 57:02.764","","0","75 09:01.299","8","0","0","0","67301","0","0","0","N","0","0","0","5","67301","0","","1.0","","1","N","N","N","0","","0","0","1","","2","","","2","1","0","0","0","1","0","2","0","2","","03","","N","","","","","","","","","",""
"2021126212","0343","1","0","0","0","0","0","0","0","0","7","0","","67","12","2021","7","39.960452","-75.181239","0343","6","0","0","0","0","0","0","0","0","","0","0","0","","","0","N","7","","39 57:37.626","4","0","75 10:52.459","0","0","0","0","67301","0","0","0","N","0","0","0","1","68K01","0","","2.0","357.0","9","N","N","N","0","","0","0","0","","0","N","","1","0","0","0","0","0","0","2","0","1","","","","N","","","","","","","","","",""
"2021125853","1016","2","0","0","0","0","0","0","0","0","5","0","","67","12","2021","7","39.960033","-75.179989","1015","6","0","0","0","0","0","0","0","0","","0","0","0","","","0","N","0","","39 57:36.118","","0","75 10:47.959","0","0","0","0","67301","0","0","0","N","0","0","0","3","68K01","0","","1.0","","8","N","N","N","0","","0","0","0","","0","","","2","0","0","0","0","0","0","2","0","2","","04","","N","","","","","","","","","",""
"2021126213","1823","2","0","0","0","0","0","0","0","0","1","0","","67","12","2021","7","39.995135","-75.198045","1807","6","0","0","0","0","0","0","0","0","","0","0","0","","","0","N","0","","39 59:42.486","3","0","75 11:52.961","0","0","0","0","67301","0","0","0","N","0","0","0","1","68K01","0","","2.0","1845.0","1","N","N","N","0","","0","0","0","","0","N","","2","0","0","0","0","0","0","2","0","2","","","","N","","","","","","","","","",""
"2021083709","1856","2","0","0","0","0","0","0","0","0","4","0","","67","9","2021","6","39.941549","-75.238025","1854","6","0","0","0","0","0","0","0","0","","0","0","0","","","0","","2","","39 56:29.575","","0","75 14:16.891","0","0","0","0","67301","0","0","0","N","0","0","0","2","67301","0","","1.0","","1","N","N","N","0","","0","0","0","","3","","","2","0","0","0","0","0","0","2","0","2","","98","","N","","","","","","","","","",""
"2021087571","1950","1","0","0","0","0","0","0","0","0","4","0","","67","9","2021","4","39.954837","-75.227984","1945","6","0","0","0","0","0","1","0","0","","0","0","0","","","0","","1","","39 57:17.413","","0","75 13:40.742","9","0","0","0","67301","0","0","0","N","0","0","0","2","67301","0","","1.0","","1","N","N","N","0","","0","0","0","","2","","","2","0","0","0","0","0","1","2","1","2","","03","","N","","","","","","","","","",""
"2021087464","0600","3","0","0","0","0","0","0","0","0","4","0","","67","8","2021","1","39.996794","-75.103369","0553","6","0","0","0","0","0","0","0","0","","0","0","0","","","0","","1","","39 59:48.460","","0","75 06:12.128","9","0","0","0","67301","0","0","0","N","0","0","0","2","67301","0","","1.0","","1","N","N","N","0","","0","0","0","","2","","","3","0","0","0","0","0","1","2","0","3","","03","","N","","","","","","","","","",""
"2021088087","2158","2","0","0","0","0","0","0","0","0","4","0","","67","8","2021","2","40.014518","-75.131119","2158","6","0","0","0","1","0","0","0","0","","0","0","0","","","2","","1","","40 00:52.264","","0","75 07:52.028","3","0","0","0","67301","0","0","0","N","0","0","0","2","67301","0","","1.0","","1","N","N","N","0","","2","0","1","","1","","","3","2","0","0","0","0","0","2","0","3","","04","","N","","","","","","","","","",""
"2021084716","1829","1","0","0","0","0","0","0","0","0","5","0","","67","9","2021","2","40.03775","-75.102194","1819","6","0","0","0","0","0","0","0","0","","0","0","0","","","2","N","0","","40 02:15.900","","0","75 06:07.900","3","0","0","0","67301","0","0","0","N","0","0","0","4","67301","0","","6.0","","1","N","N","N","0","","2","0","2","","0","","","3","2","0","0","0","0","1","2","0","3","","","","N","","","","","","","","","",""
"2021083467","1737","0","0","0","0","0","0","0","0","0","4","0","","67","9","2021","6","39.967383","-75.176995","1735","6","0","0","0","0","0","1","0","0","","0","0","0","","","2","","1","","39 58:02.578","","0","75 10:37.182","3","0","0","0","67301","1","0","0","N","1","0","0","3","67301","1","","1.0","","1","N","N","N","0","","1","0","2","","2","","","3","2","0","0","0","0","0","2","0","2","","03","","N","","","","","","","","","",""
"2021087748","0209","0","0","0","0","0","0","0","0","0","7","0","","67","9","2021","6","40.056369","-75.197115","0159","6","0","0","0","0","0","1","0","0","","0","0","0","","","1","","2","","40 03:22.927","","0","75 11:49.613","8","0","0","0","67301","0","0","0","N","0","0","0","1","67301","0","","5.0","","1","N","N","N","0","","0","0","1","","3","","","1","1","0","0","0","1","0","2","0","1","","03","","N","","","","","","","","","",""
"2021088095","1020","1","0","0","0","0","0","0","0","0","5","0","","67","8","2021","3","40.003753","-75.129236","1020","6","0","0","0","0","0","0","0","0","","0","0","0","","","0","N","0","","40 00:13.510","","0","75 07:45.250","0","0","0","0","67301","0","0","0","N","0","0","0","2","67301","0","","1.0","","1","N","N","N","1","","0","0","1","","0","","","3","0","0","0","0","0","0","2","0","3","","03","","N","","","","","","","","","",""
"2021092948","1410","0","0","0","0","0","0","0","0","0","1","0","","67","8","2021","7","40.024052","-75.076845","1405","6","0","0","0","0","0","0","0","0","","0","0","0","","","2","","2","","40 01:26.587","","0","75 04:36.643","3","0","0","0","67301","0","0","0","N","0","0","0","4","67301","0","","1.0","","9","N","N","N","0","","2","0","2","","2","","","2","2","2","0","0","0","0","2","0","2","","04","","N","","","","","","","","","",""
"2021128196","0817","0","0","0","0","0","0","0","0","0","7","0","","67","12","2021","2","40.005784","-75.074889","0726","6","0","0","0","0","0","0","0","0","","0","0","0","","","0","N","0","","40 00:20.824","1","0","75 04:29.599","0","0","0","0","67301","0","0","0","N","0","0","0","1","68K01","0","","2.0","838.0","1","N","N","N","0","","0","0","1","","0","N","","1","0","0","0","0","0","0","2","0","1","","","","N","","","","","","","","","",""
"2021125621","1844","1","0","0","0","0","0","0","0","0","7","0","","67","12","2021","7","40.032796","-75.020945","1826","6","0","0","0","0","0","0","0","0","","0","0","0","","","0","N","0","","40 01:58.066","2","0","75 01:15.402","0","0","0","0","67301","0","0","0","N","0","0","0","1","68K01","0","","4.0","1915.0","9","N","N","N","0","","0","0","0","","0","N","","1","0","0","0","0","0","0","2","0","1","","07","","N","","","","","","","","","",""
"2021088241","1750","1","0","0","0","0","0","0","0","0","1","0","","67","9","2021","6","39.981209","-75.188697","1742","6","0","0","0","0","0","0","0","0","","0","0","0","","","1","","11","","39 58:52.351","","0","75 11:19.309","4","0","0","0","67301","0","0","0","N","0","0","0","2","67301","1","","1.0","","1","N","N","N","0","","0","0","1","","2","","","2","1","0","0","0","0","0","2","0","2","","03","","N","","","","","","","","","",""
"2021124430","1435","3","0","0","0","0","0","0","0","0","4","0","","67","12","2021","5","39.951191","-75.232791","1435","6","0","0","0","0","0","0","0","0","","0","0","0","","","0","","1","","39 57:04.287","","0","75 13:58.047","0","0","0","0","67301","0","0","0","N","0","0","0","3","67301","0","","1.0","","1","N","N","N","0","","0","0","0","","2","","","3","0","3","0","0","0","0","2","0","3","","03","","N","","","","","","","","","",""
"2021081798","0108","1","0","0","0","0","0","0","0","0","4","0","","67","8","2021","3","40.032137","-75.146136","0105","6","0","0","0","0","0","1","0","0","","0","0","0","","","1","","1","","40 01:55.692","7","0","75 08:46.089","8","0","0","0","67301","0","0","0","N","0","0","0","3","67301","0","","1.0","234.0","1","N","N","N","0","","0","0","1","","2","Y","","2","1","0","0","0","1","0","2","0","2","","","","N","","","","","","","","","",""
"2021085681","2159","0","0","0","0","0","0","0","0","0","7","0","","67","9","2021","5","40.021228","-75.079622","2158","6","0","0","0","0","0","0","0","0","","0","0","0","","","1","N","0","","40 01:16.419","","1","75 04:46.640","3","0","0","0","67301","0","0","0","N","0","0","0","1","67301","0","","4.0","","1","N","N","N","0","","1","0","1","","0","","","1","1","0","0","0","0","0","2","0","1","","03","","N","","","","","","","","","",""
"2021083159","1700","0","0","0","0","0","0","0","0","0","1","0","","67","8","2021","3","40.094472","-74.9585","1650","6","0","0","0","0","0","1","0","0","","0","0","0","","","1","","2","","40 05:40.100","","0","74 57:30.600","4","0","0","0","67301","0","0","0","N","0","0","0","4","67301","1","","1.0","","1","N","N","N","0","","0","0","2","","2","","","2","1","0","0","0","0","0","2","0","2","","03","","N","","","","","","","","","",""
"2021124636","1608","0","0","0","0","0","0","0","0","0","7","0","","67","12","2021","7","40.023617","-75.160514","1608","6","0","0","0","0","0","0","0","0","","0","0","0","","","0","N","0","","40 01:25.020","","0","75 09:37.850","0","0","0","0","67301","0","0","0","N","0","0","0","2","67301","0","","4.0","","9","N","N","N","0","","0","0","1","","0","U","","1","0","0","0","0","0","0","2","0","1","","04","","N","","","","","","","","","",""
"2021086392","1852","1","0","0","0","0","0","0","0","0","4","0","25","67","9","2021","4","39.956856","-75.167616","1852","6","0","0","0","0","0","1","0","0","","0","0","0","","","0","","1","","39 57:24.681","","0","75 10:03.417","0","0","0","0","67301","0","0","0","N","0","0","0","2","67301","0","","1.0","","9","N","N","N","0","","0","0","1","","2","","","2","0","0","0","0","0","0","2","0","2","","07","N","Y","4","1","N","N","N","Y","N","N","N","N"
"2021087452","2320","2","0","0","0","0","0","0","0","0","4","0","","67","9","2021","3","39.989783","-75.103889","2319","6","0","0","0","0","0","0","0","0","","0","0","0","","","1","","1","","39 59:23.218","","0","75 06:14.002","8","0","0","0","67301","0","0","0","N","0","0","0","2","67301","0","","1.0","","1","N","N","N","0","","0","0","0","","2","","","2","1","0","0","0","1","0","2","0","2","","03","","N","","","","","","","","","",""
"2021083514","1655","1","0","0","0","0","0","0","0","0","4","0","","67","9","2021","4","40.056475","-75.053401","1648","6","0","0","0","0","0","1","0","0","","0","0","0","","","1","","1","","40 03:23.309","","0","75 03:12.243","3","0","0","0","67301","0","0","0","N","0","0","0","2","67301","0","","1.0","","8","N","N","N","0","","1","0","1","","2","","","2","1","0","0","0","0","0","2","0","2","","04","","N","","","","","","","","","",""
"2021082035","1556","2","0","0","0","0","0","0","0","0","4","0","","67","8","2021","7","40.062449","-75.047108","1548","6","0","0","0","0","0","0","1","0","","0","0","0","","","1","","1","","40 03:44.816","","0","75 02:49.588","3","0","0","0","67301","0","0","0","N","0","0","0","4","67301","0","","1.0","","1","N","N","N","0","","1","0","0","","3","","","2","1","0","0","0","0","0","2","0","2","","","","N","","","","","","","","","",""
"2021124595","1650","1","0","0","0","0","0","0","0","0","8","0","","67","12","2021","1","40.059976","-75.133472","1647","6","0","0","0","0","0","0","0","0","","1","0","0","","","0","Y","0","","40 03:35.915","4","0","75 08:00.499","1","0","0","0","67301","1","1","0","N","1","1","0","2","46102","0","2","1.0","1940.0","1","N","N","N","0","0","0","0","0","","0","Y","","2","0","0","0","0","0","0","2","0","1","","03","","N","","","","","","","","","",""
"2021124085","0705","1","0","0","0","0","0","0","0","0","5","0","","67","12","2021","7","40.01491","-75.206729","0655","6","0","0","0","0","0","0","0","0","","0","0","0","","","0","N","0","","40 00:53.677","2","0","75 12:24.223","0","0","0","0","67301","0","0","0","N","0","0","0","1","67301","0","","1.0","815.0","9","N","N","N","0","","0","0","0","","0","N","","2","0","0","0","0","0","0","2","0","2","","","","N","","","","","","","","","",""
"2021081831","1848","2","0","0","0","0","0","0","0","0","4","0","","67","8","2021","2","40.022578","-75.055525","1841","6","0","1","0","0","0","1","0","0","","0","0","0","","","1","","1","","40 01:21.280","","0","75 03:19.890","3","0","0","0","67301","0","0","0","N","0","0","0","2","67301","0","","1.0","","1","N","N","Y","0","","1","0","0","","0","","","2","1","0","0","0","0","0","2","0","2","","","","N","","","","","","","","","",""
"2021083199","0518","1","0","0","0","0","0","0","0","0","4","0","","67","9","2021","4","39.970351","-75.146999","0515","6","0","0","0","0","0","0","0","0","","0","0","0","","","1","N","0","","39 58:13.263","","0","75 08:49.196","3","0","0","0","67301","0","0","0","N","0","0","0","2","67301","0","","1.0","","9","N","N","N","0","","1","0","0","","0","","","2","1","0","0","0","0","0","2","1","2","","","","N","","","","","","","","","",""
"2021083401","1000","2","0","0","0","0","0","0","0","0","4","0","","67","9","2021","4","39.976717","-75.238697","0957","6","0","0","0","0","0","0","0","0","","0","0","0","","","0","","2","","39 58:36.181","","0","75 14:19.309","0","0","0","0","67301","0","0","0","N","0","0","0","1","67301","0","","1.0","","9","N","N","N","0","","0","0","1","","3","","","3","0","0","0","0","0","0","2","0","3","","04","","N","","","","","","","","","",""
"2021086259","0000","0","0","0","0","0","0","0","0","0","4","0","","67","9","2021","7","40.036567","-75.137213","0245","6","0","0","0","0","0","0","0","0","","0","0","0","","","1","","1","","40 02:11.641","","0","75 08:13.966","8","0","0","0","67301","0","0","0","N","0","0","0","2","67301","0","","1.0","","1","N","N","N","0","","0","0","2","","3","","","2","1","0","0","0","1","0","2","0","2","","03","","N","","","","","","","","","",""
"2021088083","1545","0","0","0","0","0","0","0","0","0","4","0","","67","8","2021","2","39.998137","-75.138861","1545","6","0","0","0","0","0","0","0","0","","0","0","0","","","3","","1","","39 59:53.293","","0","75 08:19.899","3","0","0","0","67301","0","0","0","N","0","0","0","4","67301","0","","1.0","","1","N","N","N","0","","3","0","2","","2","","","2","3","0","0","0","0","0","2","0","2","","03","","N","","","","","","","","","",""
"2021085240","0326","0","0","0","0","0","0","0","0","0","1","0","","67","8","2021","2","39.995595","-75.197409","0324","6","0","0","0","0","0","0","0","0","","0","0","0","","","0","N","0","","39 59:44.143","","0","75 11:50.673","0","0","0","0","67301","0","0","0","N","0","0","0","2","68K01","0","","1.0","","1","N","N","N","0","","0","0","2","","0","","","2","0","0","0","0","0","0","2","0","2","","03","","N","","","","","","","","","",""
"2021124150","1145","2","0","0","0","0","0","0","0","0","1","0","","67","12","2021","2","39.945504","-75.190206","1145","6","0","0","0","0","0","0","0","0","","0","0","0","","","1","N","0","","39 56:43.815","","0","75 11:24.740","4","0","0","0","67301","0","0","0","N","0","0","0","3","68K01","1","","1.0","","1","N","N","N","0","","0","0","0","","0","","","2","1","0","0","0","0","0","2","0","2","","","","N","","","","","","","","","",""
"2021125151","1043","1","0","0","0","0","0","0","0","0","7","0","","67","12","2021","7","40.033975","-75.019579","1035","6","0","0","0","0","0","0","0","0","","0","0","0","","","0","N","0","","40 02:02.310","1","0","75 01:10.483","0","0","0","0","67301","0","0","0","N","0","0","0","1","68K01","0","","4.0","1130.0","9","N","N","N","0","","0","0","0","","0","N","","1","0","0","0","0","0","0","2","0","1","","04","","N","","","","","","","","","",""
"2021124993","1440","0","0","0","1","0","1","0","0","0","8","1","","67","12","2021","1","39.949358","-75.170839","1423","6","0","0","0","0","0","1","0","0","","0","1","0","","","1","N","0","","39 56:57.690","","0","75 10:15.020","2","0","0","0","67301","1","0","1","N","0","0","0","2","67301","0","","1.0","","1","N","N","N","0","","0","1","0","","0","","","2","1","0","0","0","0","0","2","0","1","","03","","N","","","","","","","","","",""
"2021123480","2315","1","0","0","0","0","0","0","0","0","4","1","","67","12","2021","5","39.910347","-75.150855","2310","6","0","0","0","0","0","0","0","0","","0","1","0","","","0","","1","","39 54:37.249","","2","75 09:03.078","0","0","0","0","67301","0","0","0","N","0","0","0","2","67301","0","","1.0","","1","N","N","N","0","","0","0","0","","2","","","2","0","0","0","0","0","0","2","0","2","","03","","N","","","","","","","","","",""
"2021126215","0528","2","0","0","0","0","0","0","0","0","5","0","","67","12","2021","2","39.96782","-75.189794","0523","6","0","0","0","0","0","1","0","0","","0","0","0","","","1","N","0","","39 58:04.151","4","0","75 11:23.257","8","0","0","0","67301","0","0","0","N","0","0","0","3","68K01","0","","1.0","630.0","1","N","N","N","0","","0","0","0","","0","N","","3","1","0","0","0","1","1","2","0","3","","","","N","","","","","","","","","",""
"2021086016","1945","3","0","1","0","0","0","0","0","0","4","0","","67","9","2021","4","39.997424","-75.102411","1940","6","0","0","0","0","0","0","0","0","","0","0","0","","","3","","1","","39 59:50.727","","0","75 06:08.680","2","0","0","0","67301","0","0","0","N","0","0","0","3","67301","0","","1.0","","9","N","N","N","0","","2","1","3","","2","","","6","3","1","0","0","0","0","2","0","6","","07","","N","","","","","","","","","",""
"2021127491","0115","1","0","0","0","0","0","0","0","0","7","0","","67","12","2021","7","39.992126","-75.085595","0050","6","0","0","0","0","0","0","0","0","","0","0","0","","","0","N","0","","39 59:31.655","","0","75 05:08.141","9","0","0","0","67301","0","0","0","Y","0","0","0","1","68K01","0","","4.0","","9","N","N","N","0","","0","0","0","","0","","","1","0","0","0","0","0","1","2","0","1","","","","N","","","","","","","","","",""
"2021128061","0129","1","0","0","0","0","0","0","0","0","7","0","","67","12","2021","2","40.010134","-75.062613","0129","6","0","0","0","0","0","0","0","0","","0","0","0","","","0","N","0","","40 00:36.484","","0","75 03:45.407","0","0","0","0","67301","0","0","0","N","0","0","0","1","67301","0","","5.0","","1","N","N","N","0","","0","0","0","","0","","","1","0","0","0","0","0","0","2","0","1","","03","","N","","","","","","","","","",""
"2021084718","1325","0","0","0","0","0","0","0","0","0","4","0","","67","9","2021","3","40.043229","-75.180874","1321","6","0","0","0","0","0","0","0","0","","0","0","0","","","1","","1","","40 02:35.626","","0","75 10:51.146","3","0","0","0","67301","0","0","0","N","0","0","0","3","67301","0","","1.0","","1","N","N","N","0","","1","0","2","","2","","","2","1","0","0","0","0","0","2","0","2","","03","","N","","","","","","","","","",""
"2021081169","1731","1","0","0","0","0","0","0","0","0","4","0","","67","8","2021","7","40.03694","-75.145084","1730","6","0","0","1","0","0","0","1","0","","0","0","0","","","2","","2","","40 02:12.984","","0","75 08:42.301","3","0","0","0","67301","0","0","0","N","0","0","0","2","67301","0","","1.0","","9","N","N","N","0","","2","0","1","","2","","","2","2","0","0","0","0","0","2","0","2","","04","","N","","","","","","","","","",""
"2021126016","0835","0","0","0","0","0","0","0","0","0","5","1","","67","12","2021","7","39.983566","-75.208245","0829","6","0","0","0","0","0","0","1","0","","0","1","0","","","1","N","0","","39 59:00.838","3","0","75 12:29.682","8","0","0","0","67301","0","0","0","N","0","0","0","2","68K01","0","","1.0","840.0","9","N","N","N","1","","0","0","0","","0","N","","2","1","0","0","0","1","0","2","0","2","","","","N","","","","","","","","","",""
"2021117357","","0","0","0","0","0","0","0","0","0","0","0","","67","8","2021","1","39.988278","-75.213861","","6","0","0","0","0","0","0","0","0","","0","0","0","","","1","N","0","","39 59:17.800","","0","75 12:49.900","2","0","1","1","67301","0","0","0","N","0","0","0","1","00000","0","","1.0","","1","N","N","N","0","","0","1","0","","0","","","2","1","0","0","0","0","0","2","0","1","","","","N","","","","","","","","","",""
"2021088052","1755","1","0","0","0","0","0","0","0","0","4","0","","67","8","2021","1","40.00243","-75.134983","1750","6","0","0","0","0","0","0","0","0","","0","0","0","","","0","","1","","40 00:08.748","","0","75 08:05.938","9","0","0","0","67301","0","0","0","N","0","0","0","2","67301","0","","1.0","","1","N","N","N","0","","0","0","1","","3","","","2","0","0","0","0","0","2","2","0","2","","","","N","","","","","","","","","",""
"2021124415","2346","1","0","0","0","0","0","0","0","0","7","0","","67","12","2021","6","39.992869","-75.235658","2344","6","0","0","0","0","0","0","0","0","","0","0","0","","","0","N","0","","39 59:34.330","","0","75 14:08.370","0","0","0","0","67301","0","0","0","N","0","0","0","1","67301","0","","5.0","","1","N","N","N","0","","0","0","0","","0","","","1","0","0","0","0","0","0","2","0","1","","03","","N","","","","","","","","","",""
"2021114681","","2","0","0","0","0","0","0","0","0","4","0","","67","7","2021","4","39.92843","-75.152699","","6","0","0","0","0","0","0","0","0","","0","0","0","","","2","","2","","39 55:42.347","","0","75 09:09.717","3","0","0","0","67301","0","0","0","N","0","0","0","3","00000","0","","1.0","","1","N","N","N","0","","2","0","0","","3","","","2","2","0","0","0","0","0","2","0","2","","","","N","","","","","","","","","",""
"2021081041","1125","0","0","0","0","0","0","0","0","0","4","0","","67","8","2021","7","40.031926","-75.119485","1059","6","0","0","0","0","0","1","0","0","","0","0","0","","","0","","2","","40 01:54.933","","0","75 07:10.145","0","0","0","0","67301","0","0","0","N","0","0","0","2","67301","0","","1.0","","9","N","N","N","0","","0","0","2","","3","","","2","0","2","0","0","0","0","2","0","2","","","","N","","","","","","","","","",""
"2021082932","2334","1","0","0","0","0","0","0","0","0","5","0","","67","8","2021","1","40.025669","-75.121309","2256","6","0","0","0","0","0","0","0","0","","0","0","0","","","1","N","0","","40 01:32.407","","0","75 07:16.713","3","0","0","0","67301","0","0","0","N","0","0","0","1","67301","0","","6.0","","1","N","N","N","1","","1","0","1","","0","","","3","1","0","0","0","0","0","2","0","3","","03","","N","","","","","","","","","",""
"2021091995","2142","0","0","0","0","0","0","0","0","0","4","0","","67","8","2021","6","40.052351","-75.00794","2141","6","0","0","0","0","0","0","0","0","","0","0","0","","","1","","1","","40 03:08.465","","0","75 00:28.585","8","0","0","1","67301","0","0","0","N","0","0","0","2","67301","0","","1.0","","1","N","N","N","0","","0","0","1","","2","","","2","1","0","0","0","1","1","2","0","2","","03","","N","","","","","","","","","",""