"CRN","ARRIVAL_TM","AUTOMOBILE_COUNT","BELTED_DEATH_COUNT","BELTED_SUSP_SERIOUS_INJ_COUNT","BICYCLE_COUNT","BICYCLE_DEATH_COUNT","BICYCLE_SUSP_SERIOUS_INJ_COUNT","BUS_COUNT","CHLDPAS_DEATH_COUNT","CHLDPAS_SUSP_SERIOUS_INJ_COUNT","COLLISION_TYPE","COMM_VEH_COUNT","CONS_ZONE_SPD_LIM","COUNTY","CRASH_MONTH","CRASH_YEAR","DAY_OF_WEEK","DEC_LATITUDE","DEC_LONGITUDE","DISPATCH_TM","DISTRICT","DRIVER_COUNT_16YR","DRIVER_COUNT_17YR","DRIVER_COUNT_18YR","DRIVER_COUNT_19YR","DRIVER_COUNT_20YR","DRIVER_COUNT_50_64YR","DRIVER_COUNT_65_74YR","DRIVER_COUNT_75PLUS","EST_HRS_CLOSED","FATAL_COUNT","HEAVY_TRUCK_COUNT","HORSE_BUGGY_COUNT","HOUR_OF_DAY","ILLUMINATION","INJURY_COUNT","INTERSECTION_RELATED","INTERSECT_TYPE","LANE_CLOSED","LATITUDE","LN_CLOSE_DIR","LOCATION_TYPE","LONGITUDE","MAX_SEVERITY_LEVEL","MCYCLE_DEATH_COUNT","MCYCLE_SUSP_SERIOUS_INJ_COUNT","MOTORCYCLE_COUNT","MUNICIPALITY","NONMOTR_COUNT","NONMOTR_DEATH_COUNT","NONMOTR_SUSP_SERIOUS_INJ_COUNT","NTFY_HIWY_MAINT","PED_COUNT","PED_DEATH_COUNT","PED_SUSP_SERIOUS_INJ_COUNT","PERSON_COUNT","POLICE_AGCY","POSSIBLE_INJ_COUNT","RDWY_SURF_TYPE_CD","RELATION_TO_ROAD","ROADWAY_CLEARED","ROAD_CONDITION","SCH_BUS_IND","SCH_ZONE_IND","SECONDARY_CRASH","SMALL_TRUCK_COUNT","SPEC_JURIS_CD","SUSP_MINOR_INJ_COUNT","SUSP_SERIOUS_INJ_COUNT","SUV_COUNT","TCD_FUNC_CD","TCD_TYPE","TFC_DETOUR_IND","TIME_OF_DAY","TOTAL_UNITS","TOT_INJ_COUNT","UNBELTED_OCC_COUNT","UNB_DEATH_COUNT","UNB_SUSP_SERIOUS_INJ_COUNT","UNK_INJ_DEG_COUNT","UNK_INJ_PER_COUNT","URBAN_RURAL","VAN_COUNT","VEHICLE_COUNT","WEATHER1","WEATHER2","WORKERS_PRES","WORK_ZONE_IND","WORK_ZONE_LOC","WORK_ZONE_TYPE","WZ_CLOSE_DETOUR","WZ_FLAGGER","WZ_LAW_OFFCR_IND","WZ_LN_CLOSURE","WZ_MOVING","WZ_OTHER","WZ_SHLDER_MDN","WZ_WORKERS_INJ_KILLED"
"2021080861","1147","1","0","0","0","0","0","0","0","0","4","0","","67","8","2021","7","39.971558","-75.160228","1147","6","0","0","0","0","1","0","0","0","","0","0","0","","","0","","1","","39 58:17.607","","0","75 09:36.821","0","0","0","0","67301","0","0","0","N","0","0","0","3","67301","0","","1.0","","9","N","N","N","1","","0","0","0","","3","","","2","0","1","0","0","0","0","2","0","2","","07","","N","","","","","","","","","",""
"2021097443","2307","1","0","0","0","0","0","0","0","0","5","0","","67","9","2021","1","40.051429","-74.989439","2248","6","0","0","0","0","0","1","0","0","","0","0","0","","","0","N","0","","40 03:05.144","1","0","74 59:21.980","0","0","0","0","67301","0","0","0","N","0","0","0","4","68K01","0","","1.0","2347.0","1","N","N","N","0","","0","0","1","","0","N","","2","0","0","0","0","0","0","2","0","2","","","","N","","","","","","","","","",""
"2021081797","2332","2","0","0","0","0","0","0","0","0","4","0","","67","8","2021","2","40.031392","-75.152378","2326","6","0","0","0","0","0","0","0","0","","0","0","0","","","1","","1","","40 01:53.011","","0","75 09:08.560","3","0","0","0","67301","0","0","0","N","0","0","0","3","67301","0","","1.0","","1","N","N","N","0","","1","0","0","","2","","","2","1","0","0","0","0","0","2","0","2","","03","","N","","","","","","","","","",""
"2021123861","1130","1","0","0","0","0","0","0","0","0","2","0","","67","12","2021","6","40.095953","-74.976781","1130","6","0","0","0","0","0","0","0","1","","0","0","0","","","1","N","0","","40 05:45.430","","7","74 58:36.413","3","0","0","0","67301","0","0","0","N","0","0","0","2","67301","0","","5.0","","1","N","N","N","0","","1","0","1","","0","","","2","1","0","0","0","0","0","2","0","2","","03","","N","","","","","","","","","",""
"2021085168","0846","2","0","0","0","0","0","0","0","0","1","0","","67","9","2021","4","39.965552","-75.226177","0843","6","0","0","0","0","0","0","1","0","","0","0","0","","","2","","1","","39 57:55.987","","0","75 13:34.237","3","0","0","0","67301","0","0","0","N","0","0","0","3","67301","0","","1.0","","1","N","N","N","0","","2","0","1","","2","","","3","2","0","0","0","0","1","2","0","3","","03","","N","","","","","","","","","",""
"2021084621","0457","1","0","0","0","0","0","0","0","0","7","0","","67","9","2021","5","40.023502","-75.033164","0447","6","0","0","0","0","0","1","0","0","","0","0","0","","","1","","7","","40 01:24.608","","2","75 01:59.390","8","0","0","0","67301","0","0","0","Y","0","0","0","1","68K01","0","","7.0","","1","N","N","N","0","","0","0","0","","0","","","1","1","0","0","0","1","0","2","0","1","","","","N","","","","","","","","","",""
"2021080957","1556","3","0","0","0","0","0","0","0","0","4","0","","67","8","2021","7","39.923905","-75.222104","1555","6","0","0","0","0","0","0","0","0","","0","0","0","","","0","","1","","39 55:26.057","","0","75 13:19.574","0","0","0","0","67301","0","0","0","N","0","0","0","4","67301","0","","1.0","","9","N","N","N","0","","0","0","0","","2","","","3","0","0","0","0","0","0","2","0","3","","03","","N","","","","","","","","","",""
"2021081795","0350","1","0","0","0","0","0","0","0","0","7","0","","67","8","2021","3","39.949006","-75.169292","0344","6","0","0","0","0","0","0","0","0","","0","0","0","","","0","N","0","","39 56:56.420","","0","75 10:09.450","0","0","0","0","67301","0","0","0","N","0","0","0","1","67301","0","","1.0","","1","N","N","N","0","","0","0","0","","0","","","1","0","0","0","0","0","0","2","0","1","","","","N","","","","","","","","","",""
"2021085491","0922","0","0","0","0","0","0","0","0","0","4","0","","67","9","2021","4","40.037863","-75.052399","0919","6","0","0","0","0","0","0","0","0","","0","0","0","","","1","","1","","40 02:16.306","","0","75 03:08.636","3","0","0","0","67301","0","0","0","N","0","0","0","3","67301","0","","1.0","","1","N","N","N","0","","1","0","1","","3","","","2","1","0","0","0","0","0","2","1","2","","03","","N","","","","","","","","","",""
"2021083405","2325","0","0","0","0","0","0","0","0","0","5","0","","67","9","2021","4","40.029578","-75.10526","2320","6","0","0","0","1","0","0","0","0","","0","0","0","","","0","N","0","","40 01:46.481","","0","75 06:18.936","0","0","0","0","67301","0","0","0","N","0","0","0","2","67301","0","","1.0","","9","N","N","N","1","","0","0","1","","0","","","2","0","0","0","0","0","0","2","0","2","","","","N","","","","","","","","","",""
"2021119773","","1","0","0","0","0","0","0","0","0","1","0","","67","8","2021","1","40.00967","-75.154472","","6","0","0","0","0","0","0","0","0","","0","0","0","","","1","","1","","40 00:34.811","","0","75 09:16.100","8","0","0","0","67301","0","0","0","N","0","0","0","2","00000","0","","1.0","","1","N","N","N","0","","0","0","0","","2","","","2","1","0","0","0","1","0","2","0","2","","","","N","","","","","","","","","",""
"2021127452","2158","1","0","0","0","0","0","0","0","0","4","0","","67","12","2021","2","40.000948","-75.166947","2151","6","0","0","0","0","0","0","0","0","","0","0","0","","","1","","5","","40 00:03.412","","0","75 10:01.009","8","0","0","0","67301","0","0","0","N","0","0","0","2","67301","0","","1.0","","1","N","N","N","0","","0","0","1","","3","","","2","1","0","0","0","1","1","2","0","2","","","","N","","","","","","","","","",""
"2021125119","0305","1","0","0","0","0","0","0","0","0","7","0","","67","11","2021","2","39.960963","-75.140435","0252","6","0","0","0","0","0","0","0","0","","0","0","0","","","0","N","0","","39 57:39.468","","0","75 08:25.567","0","0","0","0","67301","0","0","0","Y","0","0","0","2","68K01","0","","2.0","","1","N","N","N","0","","0","0","0","","0","","","1","0","0","0","0","0","0","2","0","1","","","","N","","","","","","","","","",""
"2021082985","1124","2","0","0","0","0","0","0","0","0","4","0","","67","9","2021","6","39.978167","-75.154155","1124","6","0","0","0","0","0","1","0","0","","0","0","0","","","0","","1","","39 58:41.402","","0","75 09:14.958","0","0","0","0","67301","0","0","0","N","0","0","0","2","67505","0","","1.0","","1","N","N","N","0","","0","0","0","","2","","","2","0","0","0","0","0","0","2","0","2","","03","","N","","","","","","","","","",""
"2021127492","1100","0","0","0","0","0","0","0","0","0","7","0","","67","12","2021","7","39.948835","-75.141584","1055","6","0","0","0","0","0","1","0","0","","0","0","0","","","0","N","0","","39 56:55.806","1","0","75 08:29.704","0","0","0","0","67301","0","0","0","N","0","0","0","1","68K01","0","","4.0","1135.0","9","N","N","N","0","","0","0","1","","0","N","","1","0","0","0","0","0","0","2","0","1","","07","","N","","","","","","","","","",""
"2021124407","0830","2","0","0","0","0","0","0","0","0","2","0","","67","12","2021","1","40.002969","-75.22033","0817","6","0","0","0","0","0","0","0","0","","0","0","0","","","0","N","0","","40 00:10.688","3","0","75 13:13.187","0","0","0","0","67301","0","0","0","N","0","0","0","0","67301","0","","1.0","920.0","1","N","N","N","0","","0","0","1","","0","N","","3","0","0","0","0","0","0","2","0","3","","","","N","","","","","","","","","",""
"2021124394","1133","2","0","0","0","0","0","0","0","0","4","0","","67","9","2021","3","39.97191","-75.23601","1124","6","0","0","0","0","0","1","0","0","","0","0","0","","","2","","1","","39 58:18.876","","0","75 14:09.635","4","0","0","0","67301","0","0","0","N","0","0","0","2","67301","1","","1.0","","1","N","N","N","0","","0","0","0","","3","","","2","2","0","0","0","1","0","2","0","2","","04","","N","","","","","","","","","",""
"2021081301","0222","1","0","0","0","0","0","0","0","0","4","0","","67","8","2021","2","39.980981","-75.139677","0221","6","0","0","0","0","0","0","0","0","","0","0","0","","","1","","1","","39 58:51.531","1","0","75 08:22.837","4","0","0","0","67301","0","0","0","N","0","0","0","1","67301","1","","1.0","259.0","1","N","N","N","0","","0","0","2","","3","Y","","3","1","0","0","0","0","0","2","0","3","","03","","N","","","","","","","","","",""
"2021084069","1655","1","0","0","0","0","0","0","0","0","4","0","","67","8","2021","3","40.044452","-75.123626","1655","6","0","0","0","0","1","1","0","0","","0","0","0","","","0","","1","","40 02:40.027","","0","75 07:25.053","0","0","0","0","67301","0","0","0","N","0","0","0","2","67301","0","","1.0","","99","N","N","N","0","","0","0","1","","3","","","2","0","2","0","0","0","0","2","0","2","","","","N","","","","","","","","","",""
"2021123820","2340","0","0","0","0","0","0","0","0","0","8","0","","67","12","2021","5","39.936905","-75.150225","2326","6","0","0","0","0","0","0","0","0","","0","0","0","","","1","","1","","39 56:12.858","","0","75 09:00.810","3","0","0","0","67301","1","0","0","N","1","0","0","1","67301","0","","1.0","","1","N","N","N","0","","1","0","1","","3","","","2","1","0","0","0","0","0","2","0","1","","03","","N","","","","","","","","","",""
"2021084195","0759","2","0","0","0","0","0","0","0","0","5","0","","67","8","2021","3","40.003157","-75.077475","0755","6","0","0","1","0","0","0","0","0","","0","0","0","","","0","N","0","","40 00:11.366","","0","75 04:38.911","0","0","0","0","67301","0","0","0","N","0","0","0","3","68K01","0","","1.0","","1","N","N","N","0","","0","0","1","","0","","","3","0","0","0","0","0","0","2","0","3","","","","N","","","","","","","","","",""
"2021081355","1104","2","0","0","0","0","0","0","0","0","4","0","","67","8","2021","1","39.999745","-75.138532","1102","6","0","0","0","0","0","0","0","0","","0","0","0","","","0","","1","","39 59:59.082","4","0","75 08:18.715","0","0","0","0","67301","0","0","0","N","0","0","0","2","67301","0","","1.0","1138.0","1","N","N","Y","0","","0","0","1","","2","N","","3","0","0","0","0","0","0","2","0","3","","04","","N","","","","","","","","","",""
"2021081719","1657","1","0","0","1","0","0","0","0","0","8","0","","67","8","2021","7","39.935575","-75.170583","1657","6","0","0","0","0","0","0","0","0","","0","0","0","","","1","N","0","","39 56:08.070","","0","75 10:14.100","3","0","0","0","67301","1","0","0","N","0","0","0","2","67301","0","","1.0","","1","N","N","N","0","","1","0","0","","0","","","2","1","1","0","0","0","0","2","0","1","","","","N","","","","","","","","","",""
"2021080718","0052","2","0","0","0","0","0","0","0","0","1","0","","67","8","2021","7","39.955268","-75.147718","0052","6","0","0","0","1","0","0","0","0","","0","0","0","","","0","N","0","","39 57:18.966","4","2","75 08:51.784","0","0","0","0","67301","0","0","0","N","0","0","0","3","67501","0","","1.0","128.0","1","N","N","N","0","","0","0","0","","0","N","","2","0","0","0","0","0","0","2","0","2","","03","","N","","","","","","","","","",""
"2021126176","1243","0","0","0","0","0","0","0","0","0","2","0","","67","12","2021","5","40.064628","-75.064467","1239","6","0","0","0","0","0","0","0","0","","0","0","0","","","2","N","0","","40 03:52.660","5","0","75 03:52.080","3","0","0","0","67301","0","0","0","N","0","0","0","2","67301","1","","1.0","100.0","1","N","N","N","0","","1","0","2","","0","Y","","2","2","0","0","0","0","0","2","0","2","","03","","N","","","","","","","","","",""
"2022012651","","1","0","0","0","0","0","0","0","0","1","0","","67","5","2021","3","39.975088","-75.194965","","6","0","0","0","0","0","0","0","0","","0","0","0","","","2","","1","","39 58:30.316","","0","75 11:41.875","2","0","0","0","67301","0","0","0","N","0","0","0","3","00000","0","","1.0","","1","N","N","N","0","","0","2","0","","2","","","2","2","0","0","0","0","0","2","0","2","","","","N","","","","","","","","","",""
"2021083161","1830","1","0","0","0","0","0","0","0","0","4","0","","67","9","2021","4","40.058131","-75.029893","1812","6","0","0","0","0","1","1","0","0","","0","0","0","","","2","","1","","40 03:29.271","","0","75 01:47.614","3","0","0","0","67301","0","0","0","N","0","0","0","3","67301","0","","1.0","","9","N","N","N","0","","2","0","0","","3","","","2","2","0","0","0","0","0","2","1","2","","07","","N","","","","","","","","","",""
"2021084027","1828","1","0","0","1","0","0","0","0","0","8","0","","67","8","2021","3","39.933767","-75.19387","1828","6","0","0","0","0","0","0","0","0","","0","0","0","","","1","","2","","39 56:01.562","","0","75 11:37.931","4","0","0","0","67301","1","0","0","N","0","0","0","2","67301","1","","1.0","","1","N","N","N","0","","0","0","0","","3","","","2","1","1","0","0","0","0","2","0","1","","","","N","","","","","","","","","",""
"2021087536","0859","0","0","0","0","0","0","0","0","0","8","0","","67","9","2021","4","40.027861","-75.134417","0857","6","0","0","0","0","0","1","0","0","","0","0","0","","","1","N","0","","40 01:40.300","","0","75 08:03.900","3","0","0","0","67301","1","0","0","N","1","0","0","2","67301","0","","1.0","","9","N","N","N","0","","1","0","1","","0","","","2","1","0","0","0","0","0","2","0","1","","04","","N","","","","","","","","","",""
"2021083653","0639","0","0","0","0","0","0","0","0","0","4","0","","67","9","2021","6","40.050217","-75.127471","0636","6","0","0","0","0","0","0","0","0","","0","0","0","","","1","","1","","40 03:00.781","","0","75 07:38.895","3","0","0","0","67301","0","0","0","N","0","0","0","3","67301","0","","1.0","","1","N","N","N","0","","1","0","3","","2","","","3","1","0","0","0","0","1","2","0","3","","03","","N","","","","","","","","","",""
"2021083469","2210","1","0","0","0","0","0","0","0","0","4","0","","67","9","2021","5","39.976994","-75.178195","2201","6","0","0","0","0","0","0","0","0","","0","0","0","","","0","","1","","39 58:37.178","","0","75 10:41.501","0","0","0","0","67301","0","0","0","N","0","0","0","3","67301","0","","1.0","","1","N","N","N","0","","0","0","2","","2","","","3","0","0","0","0","0","0","2","0","3","","03","","N","","","","","","","","","",""
"2021127327","1351","1","0","0","0","0","0","0","0","0","1","0","","67","12","2021","5","40.013615","-75.057275","1334","6","0","0","0","0","0","1","0","0","","0","0","0","","","3","N","0","","40 00:49.013","2","0","75 03:26.190","3","0","0","0","67301","0","0","0","N","0","0","0","4","68K01","0","","1.0","230.0","1","N","N","N","0","","1","0","1","","0","N","","2","3","1","0","0","2","0","2","0","2","","","","N","","","","","","","","","",""
"2022012698","","1","0","0","0","0","0","0","0","0","1","0","","67","4","2021","7","40.026711","-75.117288","","6","0","0","0","0","1","0","1","0","","0","0","0","","","1","","1","","40 01:36.158","","0","75 07:02.238","8","0","0","0","67301","0","0","0","N","0","0","0","2","00000","0","","1.0","","1","N","N","N","0","","0","0","0","","2","","","2","1","0","0","0","1","0","2","0","2","","","","N","","","","","","","","","",""
"2021080721","0154","1","0","0","0","0","0","0","0","0","8","0","","67","8","2021","6","40.029478","-75.146829","0151","6","0","0","0","0","0","0","0","0","","0","0","0","","","1","","1","","40 01:46.120","","0","75 08:48.586","2","0","0","0","67301","1","0","1","N","1","0","1","2","67301","0","","1.0","","1","N","N","N","0","","0","1","0","","2","","","2","1","0","0","0","0","0","2","0","1","","","","N","","","","","","","","","",""
"2021084711","1317","1","0","0","0","0","0","0","0","0","4","0","","67","9","2021","6","39.927685","-75.195459","1317","6","0","0","0","0","0","0","0","0","","0","0","0","","","1","","3","","39 55:39.667","","0","75 11:43.654","3","0","0","0","67301","0","0","0","N","0","0","0","2","67301","0","","1.0","","1","N","N","N","0","","1","0","0","","9","","","2","1","0","0","0","0","0","2","0","2","","03","","N","","","","","","","","","",""
"2021085902","1400","1","0","0","0","0","0","0","0","0","5","0","","67","8","2021","7","39.958921","-75.170159","1345","6","0","0","0","0","0","0","0","0","","0","0","0","","","0","N","0","","39 57:32.115","4","0","75 10:12.574","0","0","0","0","67301","0","0","0","N","0","0","0","3","68K01","0","","1.0","1410.0","9","N","N","N","1","","0","0","1","","0","N","","3","0","0","0","0","0","0","2","0","3","","04","","N","","","","","","","","","",""
"2021081278","2359","1","0","0","0","0","0","0","0","0","5","0","","67","8","2021","1","40.047939","-75.075544","2358","6","0","0","0","0","0","0","0","0","","0","0","0","","","0","N","0","","40 02:52.580","","0","75 04:31.960","9","0","0","0","67301","0","0","0","N","0","0","0","1","67301","0","","6.0","","1","N","N","N","0","","0","0","0","","0","","","2","0","0","0","0","0","1","2","1","2","","","","N","","","","","","","","","",""
"2021084731","2240","2","0","0","0","0","0","0","0","0","4","0","","67","9","2021","3","39.992858","-75.158713","2235","6","0","0","0","1","0","0","0","0","","0","0","0","","","4","","1","","39 59:34.288","3","0","75 09:31.366","3","0","0","0","67301","0","0","0","N","0","0","0","6","67301","0","","1.0","2230.0","1","N","N","N","0","","4","0","0","","3","Y","","2","4","0","0","0","0","0","2","0","2","","03","","N","","","","","","","","","",""
"2021083157","1650","1","0","0","0","0","0","0","0","0","4","0","","67","8","2021","3","40.108834","-75.02473","1646","6","0","0","0","0","0","0","1","0","","0","0","0","","","0","","11","","40 06:31.802","","0","75 01:29.028","0","0","0","0","67301","0","0","0","N","0","0","0","2","67301","0","","1.0","","1","N","N","N","0","","0","0","1","","0","","","2","0","0","0","0","0","0","2","0","2","","03","","N","","","","","","","","","",""
"2021125462","1740","0","0","0","0","0","0","1","0","0","8","1","","67","12","2021","7","39.926643","-75.235595","1720","6","0","0","0","0","0","1","0","0","","0","0","0","","","1","","1","","39 55:35.914","","0","75 14:08.141","4","0","0","0","67301","1","0","0","N","1","0","0","2","67508","1","","1.0","","9","","","Y","0","","0","0","0","","3","N","","2","1","0","0","0","0","0","2","0","1","","07","","N","","","","","","","","","",""
"2021087451","2329","2","0","0","0","0","0","0","0","0","4","0","","67","9","2021","2","39.978818","-75.108356","2228","6","0","0","0","0","0","0","0","0","","0","0","0","","","0","","1","","39 58:43.743","","0","75 06:30.081","9","0","0","0","67301","0","0","0","N","0","0","0","2","67301","0","","1.0","","1","N","N","N","0","","0","0","0","","1","","","2","0","1","0","0","0","2","2","0","2","","03","","N","","","","","","","","","",""
"2021083276","2326","1","0","0","0","0","0","0","0","0","4","0","","67","9","2021","5","40.003377","-75.154217","2324","6","0","0","0","0","0","0","0","0","","0","0","0","","","5","","1","","40 00:12.157","2","0","75 09:15.181","3","0","0","0","67301","0","0","0","N","0","0","0","5","67301","1","","1.0","30.0","1","N","N","N","0","","4","0","1","","3","Y","","2","5","0","0","0","0","0","2","0","2","","03","","N","","","","","","","","","",""
"2021083365","1636","0","0","0","0","0","0","0","0","0","8","0","","67","8","2021","3","39.962567","-75.234583","1635","6","0","0","0","0","0","1","0","0","","0","0","0","","","1","N","0","","39 57:45.240","","0","75 14:04.500","3","0","0","0","67301","1","0","0","N","1","0","0","2","67301","0","","1.0","","1","N","N","N","0","","1","0","1","","0","","","2","1","0","0","0","0","0","2","0","1","","03","","N","","","","","","","","","",""
"2021084320","0530","2","0","0","0","0","0","0","0","0","1","0","","67","9","2021","4","40.004915","-75.152074","0525","6","0","0","0","0","0","0","0","0","","0","0","0","","","0","N","0","","40 00:17.694","1","0","75 09:07.467","0","0","0","0","67301","0","0","0","N","0","0","0","1","67505","0","","6.0","630.0","1","N","N","N","0","","0","0","2","","0","N","","4","0","0","0","0","0","0","2","0","4","","","","N","","","","","","","","","",""
"2021081127","1332","2","0","0","0","0","0","0","0","0","4","0","","67","8","2021","7","40.048825","-75.166066","1325","6","0","0","0","0","1","0","0","0","","0","0","0","","","1","","1","","40 02:55.770","","0","75 09:57.837","3","0","0","0","67301","0","0","0","N","0","0","0","2","67301","0","","1.0","","9","N","N","N","0","","1","0","0","","3","","","2","1","0","0","0","0","0","2","0","2","","04","","N","","","","","","","","","",""
"2021114695","","2","0","0","0","0","0","0","0","0","1","0","","67","8","2021","6","40.03145","-75.154773","","6","0","0","0","0","0","1","0","0","","0","0","0","","","1","","1","","40 01:53.219","","0","75 09:17.182","8","0","0","0","67301","0","0","0","N","0","0","0","2","00000","0","","1.0","","1","N","N","N","0","","0","0","0","","2","","","2","1","0","0","0","1","0","2","0","2","","","","N","","","","","","","","","",""
"2021089146","1156","2","0","0","0","0","0","0","0","0","4","0","","67","9","2021","4","40.014518","-75.131119","1151","6","0","0","0","0","0","0","0","0","","0","0","0","","","0","","1","","40 00:52.264","","0","75 07:52.028","0","0","0","0","67301","0","0","0","N","0","0","0","3","67301","0","","1.0","","1","N","N","N","0","","0","0","0","","2","","","3","0","0","0","0","0","0","2","1","3","","04","","N","","","","","","","","","",""
"2021107196","0124","2","0","0","0","0","0","0","0","0","4","0","","67","8","2021","7","40.048491","-75.093668","0119","6","0","0","1","0","0","0","0","0","","0","0","0","","","0","","1","","40 02:54.566","6","0","75 05:37.204","0","0","0","0","67301","0","0","0","N","0","0","0","2","67301","0","","1.0","230.0","1","N","N","N","0","","0","0","0","","2","Y","","2","0","0","0","0","0","0","2","0","2","","","","N","","","","","","","","","",""
"2021085478","0147","2","0","0","0","0","0","0","0","0","1","0","","67","9","2021","4","40.014864","-75.086747","0137","6","0","0","0","0","0","0","0","0","","0","0","0","","","0","N","0","","40 00:53.510","","0","75 05:12.290","0","0","0","0","67301","0","0","0","N","0","0","0","1","67301","0","","6.0","","1","N","N","N","1","","0","0","2","","0","","","5","0","0","0","0","0","0","2","0","5","","","","N","","","","","","","","","",""
"2021124259","0724","0","0","0","0","0","0","0","0","0","2","0","","67","12","2021","7","39.983796","-75.097328","0716","6","0","0","0","0","0","1","0","0","","0","0","0","","","0","N","0","","39 59:01.666","2","0","75 05:50.379","0","0","0","0","67301","0","0","0","N","0","0","0","1","68K01","0","","4.0","745.0","9","N","N","N","0","","0","0","0","","0","N","","1","0","0","0","0","0","0","2","1","1","","07","","N","","","","","","","","","",""
"2021126668","1305","1","0","0","0","0","0","0","0","0","5","0","","67","11","2021","7","39.956622","-75.227597","1250","6","0","0","0","0","0","0","0","0","","0","0","0","","","1","","2","","39 57:23.839","","0","75 13:39.349","3","0","0","0","67301","0","0","0","N","0","0","0","2","67301","0","","1.0","","9","N","N","N","0","","1","0","1","","0","","","2","1","0","0","0","0","0","2","0","2","","07","","N","","","","","","","","","",""
"2021084761","2354","2","0","0","0","0","0","0","0","0","4","0","","67","9","2021","1","40.064706","-75.089366","2351","6","0","0","0","0","0","0","0","0","","0","0","0","","","0","","2","","40 03:52.941","","0","75 05:21.717","0","0","0","0","67301","0","0","0","N","0","0","0","2","67301","0","","1.0","","9","N","N","N","0","","0","0","0","","3","","","2","0","1","0","0","0","0","2","0","2","","07","","N","","","","","","","","","",""
"2021123783","0219","2","0","0","0","0","0","0","0","0","1","0","","67","12","2021","7","39.927978","-75.172228","0219","6","0","0","0","0","0","0","0","0","","0","0","0","","","0","N","0","","39 55:40.721","1","0","75 10:20.022","0","0","0","0","67301","0","0","0","N","0","0","0","1","67505","0","","1.0","330.0","1","N","N","N","0","","0","0","0","","0","Y","","2","0","1","0","0","0","0","2","0","2","","","","N","","","","","","","","","",""
"2021124944","1558","1","0","0","0","0","0","0","0","0","1","0","","67","12","2021","2","40.009711","-75.065164","1540","6","0","0","0","0","0","1","0","0","","0","0","0","","","1","N","0","","40 00:34.959","","0","75 03:54.592","3","0","0","0","67301","0","0","0","N","0","0","0","2","68K01","0","","1.0","","1","N","N","N","1","","1","0","0","","0","","","2","1","1","0","0","0","0","2","0","2","","","","N","","","","","","","","","",""
"2021128177","1511","1","0","0","0","0","0","0","0","0","1","0","","67","12","2021","3","39.897344","-75.187575","1426","6","0","0","0","0","0","0","0","0","","0","0","0","","","0","N","0","","39 53:50.440","1","0","75 11:15.270","0","0","0","0","67301","0","0","0","N","0","0","0","2","68K01","0","","1.0","1511.0","1","N","N","N","1","","0","0","0","","0","N","","2","0","1","0","0","0","0","2","0","2","","03","","N","","","","","","","","","",""
"2021083455","0335","2","0","0","0","0","0","0","0","0","6","0","","67","9","2021","1","39.983731","-75.1811","0328","6","0","0","0","0","0","0","0","0","","0","0","0","","","0","N","0","","39 59:01.430","","0","75 10:51.960","0","0","0","0","67301","0","0","0","N","0","0","0","1","67301","0","","6.0","","1","N","N","N","0","","0","0","1","","0","","","3","0","0","0","0","0","0","2","0","3","","","","N","","","","","","","","","",""
"2021085208","1318","1","0","0","0","0","0","0","0","0","1","0","","67","9","2021","2","40.047122","-75.097998","1301","6","0","0","0","0","0","0","0","0","","0","0","0","","","1","","1","","40 02:49.639","","0","75 05:52.794","4","0","0","0","67301","0","0","0","N","0","0","0","5","67301","1","","1.0","","1","N","N","N","0","","0","0","1","","2","","","3","1","0","0","0","0","1","2","1","3","","03","","N","","","","","","","","","",""
"2021118001","","2","0","0","0","0","0","0","0","0","1","0","","67","7","2021","3","39.956586","-75.152396","","6","0","0","0","0","0","1","0","0","","0","0","0","","","2","","5","","39 57:23.708","","2","75 09:08.624","8","0","0","0","67301","0","0","0","N","0","0","0","3","00000","0","","1.0","","1","N","N","N","0","","0","0","0","","2","","","2","2","0","0","0","2","0","2","0","2","","","","N","","","","","","","","","",""
"2022012366","","1","0","0","0","0","0","0","0","0","4","0","","67","7","2021","5","40.033759","-75.115476","","6","0","0","0","0","0","0","1","0","","0","0","0","","","2","","2","","40 02:01.532","","0","75 06:55.714","3","0","0","0","67301","0","0","0","N","0","0","0","3","00000","0","","1.0","","1","N","N","N","1","","1","0","0","","3","","","2","2","0","0","0","1","0","2","0","2","","","","N","","","","","","","","","",""
"2021117361","","1","0","0","0","0","0","0","0","0","1","0","","67","8","2021","1","40.003869","-75.170528","","6","0","0","0","0","0","0","0","0","","0","0","0","","","1","N","0","","40 00:13.927","","0","75 10:13.899","8","0","0","0","67301","0","0","0","N","0","0","0","2","00000","0","","1.0","","1","N","N","N","0","","0","0","1","","0","","","3","1","0","0","0","1","0","2","0","3","","","","N","","","","","","","","","",""
"2021083150","1645","1","0","0","0","0","0","0","0","0","2","0","","67","9","2021","5","39.97103","-75.250482","1629","6","0","0","0","0","0","1","0","0","","0","0","0","","","1","","2","","39 58:15.707","","0","75 15:01.735","3","0","0","0","67301","0","0","0","N","0","0","0","2","67301","0","","1.0","","1","N","N","N","0","","1","0","1","","3","","","2","1","0","0","0","0","0","2","0","2","","03","","N","","","","","","","","","",""