"CRN","ARRIVAL_TM","AUTOMOBILE_COUNT","BELTED_DEATH_COUNT","BELTED_SUSP_SERIOUS_INJ_COUNT","BICYCLE_COUNT","BICYCLE_DEATH_COUNT","BICYCLE_SUSP_SERIOUS_INJ_COUNT","BUS_COUNT","CHLDPAS_DEATH_COUNT","CHLDPAS_SUSP_SERIOUS_INJ_COUNT","COLLISION_TYPE","COMM_VEH_COUNT","CONS_ZONE_SPD_LIM","COUNTY","CRASH_MONTH","CRASH_YEAR","DAY_OF_WEEK","DEC_LATITUDE","DEC_LONGITUDE","DISPATCH_TM","DISTRICT","DRIVER_COUNT_16YR","DRIVER_COUNT_17YR","DRIVER_COUNT_18YR","DRIVER_COUNT_19YR","DRIVER_COUNT_20YR","DRIVER_COUNT_50_64YR","DRIVER_COUNT_65_74YR","DRIVER_COUNT_75PLUS","EST_HRS_CLOSED","FATAL_COUNT","HEAVY_TRUCK_COUNT","HORSE_BUGGY_COUNT","HOUR_OF_DAY","ILLUMINATION","INJURY_COUNT","INTERSECTION_RELATED","INTERSECT_TYPE","LANE_CLOSED","LATITUDE","LN_CLOSE_DIR","LOCATION_TYPE","LONGITUDE","MAX_SEVERITY_LEVEL","MCYCLE_DEATH_COUNT","MCYCLE_SUSP_SERIOUS_INJ_COUNT","MOTORCYCLE_COUNT","MUNICIPALITY","NONMOTR_COUNT","NONMOTR_DEATH_COUNT","NONMOTR_SUSP_SERIOUS_INJ_COUNT","NTFY_HIWY_MAINT","PED_COUNT","PED_DEATH_COUNT","PED_SUSP_SERIOUS_INJ_COUNT","PERSON_COUNT","POLICE_AGCY","POSSIBLE_INJ_COUNT","RDWY_SURF_TYPE_CD","RELATION_TO_ROAD","ROADWAY_CLEARED","ROAD_CONDITION","SCH_BUS_IND","SCH_ZONE_IND","SECONDARY_CRASH","SMALL_TRUCK_COUNT","SPEC_JURIS_CD","SUSP_MINOR_INJ_COUNT","SUSP_SERIOUS_INJ_COUNT","SUV_COUNT","TCD_FUNC_CD","TCD_TYPE","TFC_DETOUR_IND","TIME_OF_DAY","TOTAL_UNITS","TOT_INJ_COUNT","UNBELTED_OCC_COUNT","UNB_DEATH_COUNT","UNB_SUSP_SERIOUS_INJ_COUNT","UNK_INJ_DEG_COUNT","UNK_INJ_PER_COUNT","URBAN_RURAL","VAN_COUNT","VEHICLE_COUNT","WEATHER1","WEATHER2","WORKERS_PRES","WORK_ZONE_IND","WORK_ZONE_LOC","WORK_ZONE_TYPE","WZ_CLOSE_DETOUR","WZ_FLAGGER","WZ_LAW_OFFCR_IND","WZ_LN_CLOSURE","WZ_MOVING","WZ_OTHER","WZ_SHLDER_MDN","WZ_WORKERS_INJ_KILLED"
"2021085736","1725","0","0","0","0","0","0","0","0","0","8","0","","67","9","2021","3","40.012649","-75.160955","1715","6","0","0","0","0","0","0","0","0","","0","0","0","","","1","","1","","40 00:45.536","","0","75 09:39.438","3","0","0","0","67301","1","0","0","N","1","0","0","2","67301","0","","1.0","","1","N","N","N","0","","1","0","1","","2","","","2","1","1","0","0","0","0","2","0","1","","03","","N","","","","","","","","","",""
"2022012396","","1","0","0","0","0","0","0","0","0","4","0","","67","5","2021","3","40.019694","-75.184329","","6","0","0","0","0","0","0","0","0","","0","0","0","","","2","","1","","40 01:10.898","","0","75 11:03.583","3","0","0","0","67301","0","0","0","N","0","0","0","3","00000","0","","1.0","","1","N","N","N","0","","2","0","1","","2","","","2","2","0","0","0","0","0","2","0","2","","","","N","","","","","","","","","",""
"2021091386","1145","4","0","0","0","0","0","0","0","0","5","0","","67","8","2021","3","39.951318","-75.180106","1130","6","0","0","0","0","0","0","0","0","","0","0","0","","","1","N","0","","39 57:04.745","4","3","75 10:48.381","4","0","0","0","67301","0","0","0","N","0","0","0","4","67301","1","","1.0","1230.0","1","N","N","N","0","","0","0","1","","0","N","","6","1","0","0","0","0","0","2","1","6","","03","","N","","","","","","","","","",""
"2021083275","1815","1","0","0","0","0","0","0","0","0","4","0","","67","9","2021","4","40.017703","-75.151078","1805","6","0","0","0","0","0","0","1","0","","0","0","0","","","1","N","0","","40 01:03.730","","7","75 09:03.880","3","0","0","0","67301","0","0","0","N","0","0","0","2","67301","0","","1.0","","9","N","N","N","0","","1","0","0","","0","","","2","1","0","0","0","0","1","2","1","2","","04","","N","","","","","","","","","",""
"2021083287","2030","0","0","0","0","0","0","0","0","0","5","0","","67","8","2021","7","39.955028","-75.211722","2030","6","0","0","0","0","0","0","0","0","","0","0","0","","","0","N","0","","39 57:18.100","","0","75 12:42.200","9","0","0","0","67301","0","0","0","N","0","0","0","4","67301","0","","1.0","","9","N","N","N","0","","0","0","2","","0","","","2","0","0","0","0","0","3","2","0","2","","07","","N","","","","","","","","","",""
"2021091853","1311","1","0","0","0","0","0","0","0","0","4","0","","67","9","2021","6","40.022928","-75.136988","1310","6","0","0","0","0","0","0","0","0","","0","0","0","","","1","","1","","40 01:22.541","","0","75 08:13.158","3","0","0","0","67301","0","0","0","N","0","0","0","3","67301","0","","1.0","","1","N","N","N","0","","1","0","1","","2","","","2","1","0","0","0","0","0","2","0","2","","03","","N","","","","","","","","","",""
"2021089432","1603","1","0","0","0","0","0","0","0","0","5","0","","67","8","2021","6","39.990375","-75.205238","1603","6","0","0","1","0","0","0","0","0","","0","0","0","","","1","N","0","","39 59:25.349","","0","75 12:18.858","3","0","0","0","67301","0","0","0","N","0","0","0","3","68K01","0","","1.0","","9","N","N","N","0","","1","0","2","","0","","","3","1","0","0","0","0","0","2","0","3","","","","N","","","","","","","","","",""
"2021082245","1311","1","0","0","0","0","0","0","0","0","7","0","","67","8","2021","2","39.970556","-75.149879","1309","6","0","0","0","0","0","0","0","0","","0","0","0","","","0","","1","","39 58:14.003","","0","75 08:59.563","0","0","0","0","67301","0","0","0","N","0","0","0","1","67301","0","","4.0","","1","N","N","N","0","","0","0","0","","2","","","2","0","1","0","0","0","0","2","0","1","","03","","N","","","","","","","","","",""
"2021092949","0011","1","0","0","0","0","0","0","0","0","7","0","","67","8","2021","1","40.017028","-75.053194","0010","6","0","0","0","0","0","0","0","0","","0","0","0","","","0","N","0","","40 01:01.300","","0","75 03:11.500","0","0","0","0","67301","0","0","0","N","0","0","0","1","67301","0","","4.0","","1","N","N","N","0","","0","0","0","","0","","","1","0","0","0","0","0","0","2","0","1","","03","","N","","","","","","","","","",""
"2021082512","0218","1","0","0","0","0","0","0","0","0","7","0","","67","8","2021","1","39.955713","-75.148311","0217","6","0","0","0","0","0","0","0","0","","0","0","0","","","2","N","0","","39 57:20.567","4","2","75 08:53.919","8","0","0","0","67301","0","0","0","N","0","0","0","2","67501","0","","4.0","259.0","1","N","N","N","0","","0","0","0","","8","N","","1","2","2","0","0","2","0","2","0","1","","03","","N","","","","","","","","","",""
"2021083107","1805","2","0","0","0","0","0","0","0","0","4","0","","67","9","2021","5","39.988899","-75.163844","1800","6","0","0","0","0","0","0","0","0","","0","0","0","","","1","","1","","39 59:20.037","","0","75 09:49.839","3","0","0","0","67301","0","0","0","N","0","0","0","3","67301","0","","1.0","","1","N","N","N","0","","1","0","0","","2","","","2","1","0","0","0","0","0","2","0","2","","","","N","","","","","","","","","",""
"2021128260","0900","1","0","0","0","0","0","0","0","0","3","0","","67","12","2021","5","39.988657","-75.187059","0857","6","0","0","0","0","0","0","0","0","","0","1","0","","","1","","2","","39 59:19.164","","0","75 11:13.413","3","0","0","0","67301","0","0","0","N","0","0","0","2","67301","0","","1.0","","9","N","N","N","0","","1","0","0","","2","","","2","1","0","0","0","0","0","2","0","2","","04","","N","","","","","","","","","",""
"2021084724","1245","0","0","0","0","0","0","0","0","0","4","0","","67","8","2021","3","39.935391","-75.196747","1245","6","0","0","0","0","0","0","1","0","","0","0","0","","","1","","1","","39 56:07.409","","0","75 11:48.290","3","0","0","0","67301","0","0","0","N","0","0","0","2","67301","0","","1.0","","1","N","N","N","0","","1","0","1","","3","","","2","1","0","0","0","0","0","2","1","2","","03","","N","","","","","","","","","",""
"2021114701","","1","0","0","0","0","0","0","0","0","4","0","","67","8","2021","6","39.912695","-75.243266","","6","0","0","0","1","0","1","0","0","","0","0","0","","","2","N","0","","39 54:45.701","","7","75 14:35.757","8","0","0","0","67301","0","0","0","N","0","0","0","4","00000","0","","1.0","","1","N","N","N","0","","0","0","1","","0","","","2","2","0","0","0","2","0","2","0","2","","","","N","","","","","","","","","",""
"2021125990","1620","1","0","0","0","0","0","0","0","0","8","0","","67","12","2021","7","40.087226","-75.041205","1616","6","0","0","0","0","0","0","0","0","","0","0","0","","","1","","1","","40 05:14.015","3","0","75 02:28.339","2","0","0","0","67301","1","0","1","N","1","0","1","2","67301","0","","1.0","1740.0","1","N","N","N","0","","0","1","0","","0","N","","2","1","0","0","0","0","0","2","0","1","","","","N","","","","","","","","","",""
"2021124634","2345","1","0","0","0","0","0","0","0","0","5","1","","67","12","2021","6","40.015917","-75.175447","2333","6","0","0","0","0","0","0","0","0","","0","1","0","","","1","N","0","","40 00:57.300","1","0","75 10:31.610","8","0","0","0","67301","0","0","0","N","0","0","0","1","67301","0","","6.0","122.0","1","N","N","N","0","","0","0","0","","0","Y","","2","1","1","0","0","1","0","2","0","2","","03","","N","","","","","","","","","",""
"2022015144","","1","0","0","0","0","0","0","0","0","4","0","","67","12","2021","5","40.039924","-75.120428","","6","0","0","0","0","0","1","0","0","","0","0","0","","","1","","1","","40 02:23.726","","0","75 07:13.540","8","0","0","0","67301","0","0","0","N","0","0","0","2","00000","0","","1.0","","1","N","N","N","0","","0","0","0","","2","","","2","1","0","0","0","1","0","2","0","2","","","","N","","","","","","","","","",""
"2022012399","","0","0","0","0","0","0","0","0","0","7","0","","67","5","2021","7","","","","6","0","0","0","0","0","1","0","0","","0","0","0","","","1","N","0","","","","0","","8","0","0","0","67301","0","0","0","N","0","0","0","1","00000","0","","1.0","","1","N","N","N","0","","0","0","1","","0","","","1","1","0","0","0","1","0","1","0","1","","","","N","","","","","","","","","",""
"2022009424","","1","0","0","0","0","0","0","0","0","4","0","","67","11","2021","5","39.970333","-75.244889","","6","0","0","0","0","0","0","0","0","","0","0","0","","","1","N","0","","39 58:13.200","","7","75 14:41.600","8","0","0","0","67301","0","0","0","N","0","0","0","2","00000","0","","1.0","","1","N","N","N","0","","0","0","0","","0","","","2","1","0","0","0","1","0","2","0","2","","","","N","","","","","","","","","",""
"2022012363","","1","0","0","0","0","0","0","0","0","1","0","","67","8","2021","6","39.912556","-75.173389","","6","0","0","0","0","0","0","0","0","","0","0","0","","","0","N","0","","39 54:45.200","","0","75 10:24.200","0","0","0","0","67301","0","0","0","N","0","0","0","2","00000","0","","1.0","","1","N","N","N","0","","0","0","1","","0","","","2","0","0","0","0","0","0","2","0","2","","","","N","","","","","","","","","",""
"2022012389","","1","0","0","0","0","0","0","0","0","1","0","","67","3","2021","4","40.015247","-75.16985","","6","0","0","0","0","0","0","1","0","","0","0","0","","","1","","1","","40 00:54.888","","0","75 10:11.461","8","0","0","0","67301","0","0","0","N","0","0","0","2","00000","0","","1.0","","1","N","N","N","0","","0","0","0","","2","","","2","1","0","0","0","1","0","2","0","2","","","","N","","","","","","","","","",""
"2022014432","","1","0","0","0","0","0","0","0","0","5","1","","67","11","2021","7","40.000536","-75.194812","","6","0","0","0","0","0","0","0","0","","0","1","0","","","1","N","0","","40 00:01.931","","0","75 11:41.324","8","0","0","0","67301","0","0","0","N","0","0","0","2","00000","0","","1.0","","1","N","N","N","0","","0","0","0","","0","","","2","1","0","0","0","1","0","2","0","2","","","","N","","","","","","","","","",""
"2022016533","1436","1","0","0","0","0","0","0","0","0","1","0","","67","12","2021","1","40.030153","-75.02213","1349","6","0","0","0","0","0","1","0","0","","0","0","0","","","1","N","0","","40 01:48.551","","0","75 01:19.668","8","0","0","0","67301","0","0","0","N","0","0","0","3","68K01","0","","1.0","","1","N","N","N","0","","0","0","2","","0","","","3","1","0","0","0","1","0","2","0","3","","","","N","","","","","","","","","",""
"2022012348","","1","0","0","0","0","0","0","0","0","4","0","","67","5","2021","7","39.992957","-75.110258","","6","0","0","0","0","0","0","1","0","","0","0","0","","","1","","1","","39 59:34.645","","0","75 06:36.928","8","0","0","0","67301","0","0","0","N","0","0","0","2","00000","0","","1.0","","1","N","N","N","0","","0","0","0","","2","","","2","1","0","0","0","1","0","2","1","2","","","","N","","","","","","","","","",""
"2022005014","2259","0","0","0","0","0","0","0","0","0","1","0","","67","12","2021","3","39.943797","-75.142677","2239","6","0","0","0","0","0","0","0","0","","0","0","0","","","1","N","0","","39 56:37.670","","0","75 08:33.637","3","0","0","0","67301","0","0","0","N","0","0","0","5","68K01","0","","1.0","","1","N","N","N","1","","1","0","1","","0","","","2","1","1","0","0","0","0","2","0","2","","03","","N","","","","","","","","","",""
"2022021303","2138","3","0","0","0","0","0","0","0","0","1","0","","67","11","2021","1","40.037286","-75.145002","2138","6","0","0","0","0","0","0","0","0","","0","0","0","","","1","Y","0","","40 02:14.230","1","0","75 08:42.006","3","0","0","0","67301","0","0","0","N","0","0","0","5","67301","0","","1.0","2230.0","1","N","N","N","0","","1","0","1","","2","Y","","5","1","0","0","0","0","1","2","0","5","","03","","N","","","","","","","","","",""
"2022012368","","0","0","0","0","0","0","0","0","0","1","0","","67","7","2021","7","40.120777","-74.99646","","6","0","0","0","0","0","0","1","1","","0","0","0","","","2","","2","","40 07:14.797","","0","74 59:47.255","8","0","0","0","67301","0","0","0","N","0","0","0","3","00000","0","","1.0","","1","N","N","N","0","","0","0","1","","2","","","2","2","0","0","0","2","0","2","0","2","","03","","N","","","","","","","","","",""
"2022020158","0709","2","0","0","0","0","0","0","0","0","4","0","","67","11","2021","1","39.987145","-75.18739","0704","6","0","0","0","0","0","1","0","0","","0","0","0","","","0","","2","","39 59:13.722","","0","75 11:14.605","0","0","0","0","67301","0","0","0","N","0","0","0","2","67301","0","","1.0","","1","N","N","N","0","","0","0","0","","2","","","2","0","0","0","0","0","0","2","0","2","","","","N","","","","","","","","","",""
"2022022151","0002","1","0","0","0","0","0","0","0","0","7","0","","67","11","2021","4","40.028283","-75.18476","0002","6","0","0","0","0","0","0","0","0","","0","0","0","","","1","","2","","40 01:41.819","","0","75 11:05.135","3","0","0","0","67301","0","0","0","N","0","0","0","1","67301","0","","4.0","","1","N","N","Y","0","","1","0","0","","0","","","1","1","0","0","0","0","0","2","0","1","","","","N","","","","","","","","","",""
"2022014502","1310","2","0","0","0","0","0","0","0","0","1","0","","67","11","2021","6","39.958745","-75.162251","1308","6","0","0","0","0","0","1","0","0","","0","0","0","","","0","N","0","","39 57:31.481","","0","75 09:44.105","0","0","0","0","67301","0","0","0","N","0","0","0","2","67301","0","","1.0","","1","N","N","N","0","","0","0","0","","0","","","2","0","0","0","0","0","0","2","0","2","","03","","N","","","","","","","","","",""
"2022002920","0653","0","0","0","0","0","0","0","0","0","1","0","","67","12","2021","3","39.886905","-75.243236","0638","6","0","0","0","0","0","2","0","0","","0","0","0","","","2","N","0","","39 53:12.857","2","2","75 14:35.649","3","0","0","0","67301","0","0","0","N","0","0","0","9","68K01","0","","1.0","710.0","1","N","N","N","0","","1","0","2","","0","N","","3","2","0","0","0","1","0","2","1","3","","","","N","","","","","","","","","",""
"2022012342","","1","0","0","0","0","0","0","0","0","1","0","","67","7","2021","4","39.957386","-75.180116","","6","0","0","0","0","0","1","0","0","","0","0","0","","","1","N","0","","39 57:26.591","","8","75 10:48.418","8","0","0","0","67301","0","0","0","N","0","0","0","2","00000","0","","1.0","","1","N","N","N","1","","0","0","0","","0","","","2","1","0","0","0","1","0","2","0","2","","","","N","","","","","","","","","",""
"2022014513","2351","2","0","0","0","0","0","0","0","0","4","0","","67","12","2021","7","39.956808","-75.233732","2349","6","0","0","0","0","0","0","0","0","","0","0","0","","","0","","1","","39 57:24.508","","0","75 14:01.435","9","0","0","0","67301","0","0","0","N","0","0","0","2","67301","0","","1.0","","1","N","N","N","0","","0","0","4","","3","","","8","0","0","0","0","0","1","2","2","8","","03","","N","","","","","","","","","",""
"2022024070","","1","0","0","0","0","0","0","0","0","4","0","","67","12","2021","5","39.974597","-75.199487","","6","0","0","0","0","0","0","0","0","","0","0","0","","","1","","1","","39 58:28.550","","2","75 11:58.153","8","0","0","0","67301","0","0","0","N","0","0","0","2","00000","0","","1.0","","1","N","N","N","0","","0","0","1","","2","","","2","1","0","0","0","1","0","2","0","2","","","","N","","","","","","","","","",""
"2022012379","","1","0","0","0","0","0","0","0","0","4","0","","67","5","2021","6","39.907492","-75.151237","","6","0","0","0","0","0","0","0","0","","0","0","0","","","3","","2","","39 54:26.971","","0","75 09:04.453","8","0","0","0","67301","0","0","0","N","0","0","0","4","00000","0","","1.0","","1","N","N","N","0","","0","0","0","","2","","","2","3","0","0","0","3","0","2","0","2","","","","N","","","","","","","","","",""
"2022014514","0030","1","0","0","0","0","0","0","0","0","4","0","","67","12","2021","1","39.960928","-75.24501","0028","6","0","0","0","0","0","1","0","0","","0","0","0","","","0","","1","","39 57:39.339","","0","75 14:42.036","0","0","0","0","67301","0","0","0","N","0","0","0","2","67301","0","","1.0","","1","N","N","N","0","","0","0","0","","2","","","2","0","2","0","0","0","0","2","1","2","","03","","N","","","","","","","","","",""
"2022024059","","2","0","0","0","0","0","0","0","0","4","0","","67","12","2021","5","39.929356","-75.218378","","6","0","0","0","0","0","0","0","0","","0","0","0","","","1","","1","","39 55:45.681","","0","75 13:06.159","8","0","0","0","67301","0","0","0","N","0","0","0","2","00000","0","","1.0","","1","N","N","N","0","","0","0","0","","3","","","2","1","0","0","0","1","0","2","0","2","","","","N","","","","","","","","","",""
"2022012402","","2","0","0","0","0","0","0","0","0","4","0","","67","4","2021","1","40.015407","-75.137986","","6","0","0","0","0","0","0","0","0","","0","0","0","","","1","","1","","40 00:55.465","","0","75 08:16.749","8","0","0","0","67301","0","0","0","N","0","0","0","2","00000","0","","1.0","","1","N","N","N","0","","0","0","0","","2","","","2","1","0","0","0","1","0","2","0","2","","","","N","","","","","","","","","",""
"2022012697","","0","0","0","0","0","0","0","0","0","1","0","","67","2","2021","6","","","","6","0","0","0","0","0","1","0","0","","0","0","0","","","1","N","0","","","","0","","8","0","0","0","67301","0","0","0","N","0","0","0","2","00000","0","","1.0","","1","N","N","N","0","","0","0","0","","0","","","2","1","0","0","0","1","0","1","0","2","","","","N","","","","","","","","","",""
"2022008106","1755","1","0","0","0","0","0","0","0","0","1","0","","67","11","2021","6","39.948339","-75.186423","1722","6","0","0","0","0","0","1","0","0","","0","0","0","","","1","N","0","","39 56:54.021","","0","75 11:11.121","8","0","0","0","67301","0","0","0","N","0","0","0","3","68K01","0","","1.0","","1","N","N","N","1","","0","0","1","","0","","","3","1","0","0","0","1","1","2","0","3","","","","N","","","","","","","","","",""
"2022012382","","1","0","0","0","0","0","0","0","0","1","0","","67","1","2021","7","39.897755","-75.211533","","6","0","0","0","0","0","0","0","0","","0","0","0","","","1","N","0","","39 53:51.918","","3","75 12:41.518","8","0","0","0","67301","0","0","0","N","0","0","0","2","00000","0","","1.0","","1","N","N","N","0","","0","0","1","","0","","","2","1","0","0","0","1","0","2","0","2","","","","N","","","","","","","","","",""
"2022013505","2355","0","0","0","0","0","0","0","0","0","8","0","","67","11","2021","6","39.998994","-75.195571","2355","6","0","0","0","0","0","0","0","0","","0","0","0","","","1","N","0","","39 59:56.380","","0","75 11:44.056","3","0","0","0","67301","1","0","0","N","1","0","0","2","68K01","0","","1.0","","1","N","N","N","0","","1","0","1","","0","","","2","1","0","0","0","0","0","2","0","1","","","","N","","","","","","","","","",""
"2022012401","","1","0","0","0","0","0","0","0","0","4","0","","67","4","2021","3","40.040711","-75.158406","","6","0","0","0","0","0","0","1","0","","0","0","0","","","1","","2","","40 02:26.559","","0","75 09:30.261","8","0","0","0","67301","0","0","0","N","0","0","0","2","00000","0","","1.0","","1","N","N","N","0","","0","0","0","","3","","","2","1","0","0","0","1","0","2","0","2","","","","N","","","","","","","","","",""
"2022012355","","0","0","1","0","0","0","0","0","0","4","0","","67","7","2021","5","39.945662","-75.240014","","6","0","0","0","0","0","0","0","0","","0","0","0","","","1","N","0","","39 56:44.383","","7","75 14:24.051","2","0","0","0","67301","0","0","0","N","0","0","0","2","00000","0","","1.0","","1","N","N","N","0","","0","1","1","","0","","","2","1","0","0","0","0","0","2","0","2","","","","N","","","","","","","","","",""
"2022019546","0406","1","0","0","0","0","0","0","0","0","5","0","","67","9","2021","3","40.0454","-75.125583","0401","6","0","0","0","0","0","0","0","0","","0","0","0","","","0","N","0","","40 02:43.440","","0","75 07:32.100","9","0","0","0","67301","0","0","0","N","0","0","0","1","67301","0","","6.0","","1","N","N","N","0","","0","0","1","","0","","","2","0","0","0","0","0","1","2","0","2","","","","N","","","","","","","","","",""
"2022020157","2343","3","0","0","0","0","0","0","0","0","4","0","","67","11","2021","5","39.971667","-75.161071","2335","6","0","0","0","0","0","0","0","0","","0","0","0","","","1","","1","","39 58:18.002","","0","75 09:39.855","3","0","0","0","67301","0","0","0","N","0","0","0","2","67301","0","","1.0","","1","N","N","N","0","","1","0","0","","2","","","3","1","0","0","0","0","0","2","0","3","","03","","N","","","","","","","","","",""
"2022012386","","1","0","0","0","0","0","0","0","0","7","0","","67","3","2021","7","","","","6","0","0","0","0","0","0","0","0","","0","0","0","","","1","N","0","","","","0","","8","0","0","0","67301","0","0","0","N","0","0","0","1","00000","0","","4.0","","1","N","N","N","0","","0","0","0","","0","","","1","1","0","0","0","1","0","1","0","1","","","","N","","","","","","","","","",""
"2022012659","","1","0","0","0","0","0","0","0","0","4","0","","67","6","2021","2","39.940151","-75.216372","","6","0","0","0","0","0","0","0","0","","0","0","0","","","2","","1","","39 56:24.543","","0","75 12:58.939","8","0","0","0","67301","0","0","0","N","0","0","0","3","00000","0","","1.0","","1","N","N","N","0","","0","0","0","","2","","","2","2","0","0","0","2","0","2","0","2","","","","N","","","","","","","","","",""
"2022015136","","1","0","0","0","0","0","0","0","0","1","0","","67","11","2021","5","40.029133","-75.119353","","6","0","0","0","0","0","0","0","0","","0","0","0","","","2","N","0","","40 01:44.880","","7","75 07:09.669","8","0","0","0","67301","0","0","0","N","0","0","0","3","00000","0","","1.0","","1","N","N","N","0","","0","0","0","","0","","","2","2","0","0","0","2","0","2","0","2","","","","N","","","","","","","","","",""
"2022016075","0252","2","0","0","0","0","0","0","0","0","4","0","","67","11","2021","7","40.039047","-75.144609","0252","6","0","0","0","2","0","0","0","0","","0","0","0","","","2","","1","","40 02:20.569","3","0","75 08:40.591","3","0","0","0","67301","0","0","0","N","0","0","0","5","67301","1","","1.0","325.0","1","N","N","N","0","","1","0","0","","2","N","","2","2","0","0","0","0","0","2","0","2","","03","","N","","","","","","","","","",""
"2022024067","","0","0","0","0","0","0","0","0","0","1","0","","67","11","2021","3","40.064813","-75.239748","","6","0","0","0","0","0","1","0","0","","0","0","0","","","1","Y","0","","40 03:53.326","","0","75 14:23.093","8","0","0","0","67301","0","0","0","N","0","0","0","2","00000","0","","1.0","","1","N","N","N","0","","0","0","1","","2","","","2","1","0","0","0","1","0","2","0","2","","","","N","","","","","","","","","",""
"2022000001","1740","0","0","0","0","0","0","0","0","0","8","0","","67","11","2021","6","40.022479","-75.144488","1738","6","0","0","0","0","0","0","0","0","","0","0","0","","","1","","1","","40 01:20.924","","0","75 08:40.156","3","0","0","0","67301","1","0","0","N","1","0","0","2","67301","0","","1.0","","1","N","N","N","0","","1","0","1","","3","","","2","1","0","0","0","0","1","2","0","1","","","","N","","","","","","","","","",""
"2022014515","0345","0","0","0","0","0","0","0","0","0","5","0","","67","12","2021","5","39.955133","-75.240169","0340","6","0","0","0","0","0","0","0","0","","0","0","0","","","0","N","0","","39 57:18.480","","0","75 14:24.610","9","0","0","0","67301","0","0","0","N","0","0","0","1","67301","0","","6.0","","1","N","N","N","1","","0","0","1","","0","","","3","0","0","0","0","0","1","2","1","3","","","","N","","","","","","","","","",""
"2022005007","1920","2","0","0","0","0","0","0","0","0","5","0","","67","11","2021","1","40.039955","-75.006633","1902","6","0","0","0","1","0","0","0","0","","0","0","0","","","3","N","0","","40 02:23.837","2","0","75 00:23.879","8","0","0","0","67301","0","0","0","N","0","0","0","5","68K01","0","","1.0","2000.0","1","N","N","N","0","","0","0","1","","0","N","","3","3","0","0","0","3","0","2","0","3","","","","N","","","","","","","","","",""
"2022021840","","1","0","0","0","0","0","0","0","0","4","0","","67","12","2021","5","39.963282","-75.238456","","6","0","0","0","0","0","0","0","0","","0","0","0","","","2","","1","","39 57:47.815","","0","75 14:18.441","8","0","0","0","67301","0","0","0","N","0","0","0","3","00000","0","","1.0","","1","N","N","N","0","","0","0","0","","2","","","2","2","0","0","0","2","0","2","0","2","","","","N","","","","","","","","","",""
"2022012230","","1","0","0","0","0","0","0","0","0","4","0","","67","6","2021","7","40.075509","-75.035611","","6","0","0","0","0","0","0","0","0","","0","0","0","","","1","","2","","40 04:31.832","","0","75 02:08.201","8","0","0","0","67301","0","0","0","N","0","0","0","4","00000","0","","1.0","","1","N","N","N","0","","0","0","1","","3","","","2","1","0","0","0","1","0","2","0","2","","","","N","","","","","","","","","",""
"2022012303","","0","0","0","0","0","0","0","0","0","1","0","","67","5","2021","6","39.892503","-75.222547","","6","0","0","0","0","0","0","1","0","","0","0","0","","","1","","1","","39 53:33.012","","2","75 13:21.169","8","0","0","0","67301","0","0","0","N","0","0","0","2","00000","0","","1.0","","1","N","N","N","0","","0","0","1","","0","","","2","1","0","0","0","1","0","2","0","2","","","","N","","","","","","","","","",""
"2022020159","0205","1","0","0","0","0","0","0","0","0","2","0","","67","11","2021","7","39.971459","-75.159368","0200","6","0","0","0","1","0","0","0","0","","0","0","0","","","0","","1","","39 58:17.254","","7","75 09:33.726","0","0","0","0","67301","0","0","0","N","0","0","0","3","67301","0","","1.0","","1","N","N","N","0","","0","0","1","","2","","","2","0","0","0","0","0","0","2","0","2","","03","","N","","","","","","","","","",""
"2022019545","0202","0","0","0","0","0","0","0","0","0","8","0","","67","2","2021","3","40.037","-75.144694","0201","6","0","0","0","0","0","0","0","0","","0","0","0","","","2","","2","","40 02:13.200","","0","75 08:40.900","3","0","0","0","67301","2","0","0","N","2","0","0","3","67301","0","","1.0","","1","N","N","N","0","","1","0","0","","2","","","3","2","0","0","0","1","0","2","1","1","","03","","N","","","","","","","","","",""
"2022014509","0139","0","0","0","0","0","0","0","0","0","4","0","","67","11","2021","7","39.960201","-75.239103","0139","6","0","0","0","0","0","0","0","0","","0","0","0","","","1","","1","","39 57:36.724","4","0","75 14:20.772","4","0","0","0","67301","0","0","0","N","0","0","0","2","67301","1","","1.0","415.0","1","N","N","N","0","","0","0","3","","1","Y","","3","1","0","0","0","0","0","2","0","3","","03","","N","","","","","","","","","",""
"2022020156","0236","2","0","0","0","0","0","0","0","0","4","0","","67","10","2021","4","39.994354","-75.157809","0235","6","0","0","0","0","0","0","0","0","","0","0","0","","","0","","1","","39 59:39.675","","0","75 09:28.112","0","0","0","0","67301","0","0","0","N","0","0","0","4","67301","0","","1.0","","9","N","N","N","0","","0","0","1","","2","","","3","0","4","0","0","0","0","2","0","3","","","","N","","","","","","","","","",""
"2022012387","","1","0","0","0","0","0","0","0","0","3","0","","67","4","2021","7","40.009496","-75.153115","","6","0","0","0","0","0","0","0","0","","0","0","0","","","1","N","0","","40 00:34.187","","0","75 09:11.215","8","0","0","0","67301","0","0","0","N","0","0","0","2","00000","0","","1.0","","1","N","N","N","0","","0","0","0","","0","","","2","1","0","0","0","1","0","2","0","2","","","","N","","","","","","","","","",""
"2022000066","1545","0","0","0","0","0","0","0","0","0","1","0","","67","12","2021","6","40.023791","-75.195565","1535","6","0","0","0","0","0","1","0","0","","0","0","0","","","0","N","0","","40 01:25.649","","3","75 11:44.033","0","0","0","0","67301","0","0","0","N","0","0","0","3","67301","0","","1.0","","9","N","N","N","0","","0","0","2","","0","","","2","0","1","0","0","0","0","2","0","2","","04","","N","","","","","","","","","",""