"CRN","ARRIVAL_TM","AUTOMOBILE_COUNT","BELTED_DEATH_COUNT","BELTED_SUSP_SERIOUS_INJ_COUNT","BICYCLE_COUNT","BICYCLE_DEATH_COUNT","BICYCLE_SUSP_SERIOUS_INJ_COUNT","BUS_COUNT","CHLDPAS_DEATH_COUNT","CHLDPAS_SUSP_SERIOUS_INJ_COUNT","COLLISION_TYPE","COMM_VEH_COUNT","CONS_ZONE_SPD_LIM","COUNTY","CRASH_MONTH","CRASH_YEAR","DAY_OF_WEEK","DEC_LATITUDE","DEC_LONGITUDE","DISPATCH_TM","DISTRICT","DRIVER_COUNT_16YR","DRIVER_COUNT_17YR","DRIVER_COUNT_18YR","DRIVER_COUNT_19YR","DRIVER_COUNT_20YR","DRIVER_COUNT_50_64YR","DRIVER_COUNT_65_74YR","DRIVER_COUNT_75PLUS","EST_HRS_CLOSED","FATAL_COUNT","HEAVY_TRUCK_COUNT","HORSE_BUGGY_COUNT","HOUR_OF_DAY","ILLUMINATION","INJURY_COUNT","INTERSECTION_RELATED","INTERSECT_TYPE","LANE_CLOSED","LATITUDE","LN_CLOSE_DIR","LOCATION_TYPE","LONGITUDE","MAX_SEVERITY_LEVEL","MCYCLE_DEATH_COUNT","MCYCLE_SUSP_SERIOUS_INJ_COUNT","MOTORCYCLE_COUNT","MUNICIPALITY","NONMOTR_COUNT","NONMOTR_DEATH_COUNT","NONMOTR_SUSP_SERIOUS_INJ_COUNT","NTFY_HIWY_MAINT","PED_COUNT","PED_DEATH_COUNT","PED_SUSP_SERIOUS_INJ_COUNT","PERSON_COUNT","POLICE_AGCY","POSSIBLE_INJ_COUNT","RDWY_SURF_TYPE_CD","RELATION_TO_ROAD","ROADWAY_CLEARED","ROAD_CONDITION","SCH_BUS_IND","SCH_ZONE_IND","SECONDARY_CRASH","SMALL_TRUCK_COUNT","SPEC_JURIS_CD","SUSP_MINOR_INJ_COUNT","SUSP_SERIOUS_INJ_COUNT","SUV_COUNT","TCD_FUNC_CD","TCD_TYPE","TFC_DETOUR_IND","TIME_OF_DAY","TOTAL_UNITS","TOT_INJ_COUNT","UNBELTED_OCC_COUNT","UNB_DEATH_COUNT","UNB_SUSP_SERIOUS_INJ_COUNT","UNK_INJ_DEG_COUNT","UNK_INJ_PER_COUNT","URBAN_RURAL","VAN_COUNT","VEHICLE_COUNT","WEATHER1","WEATHER2","WORKERS_PRES","WORK_ZONE_IND","WORK_ZONE_LOC","WORK_ZONE_TYPE","WZ_CLOSE_DETOUR","WZ_FLAGGER","WZ_LAW_OFFCR_IND","WZ_LN_CLOSURE","WZ_MOVING","WZ_OTHER","WZ_SHLDER_MDN","WZ_WORKERS_INJ_KILLED"
"2022000172","1720","1","0","0","0","0","0","0","0","0","4","0","","67","12","2021","6","39.923299","-75.161318","1703","6","0","0","0","0","0","0","0","0","","0","0","0","","","3","","1","","39 55:23.877","","0","75 09:40.743","8","0","0","0","67301","0","0","0","N","0","0","0","5","67301","0","","1.0","","1","N","N","N","0","","0","0","0","","2","","","2","3","0","0","0","3","1","2","1","2","","","","N","","","","","","","","","",""
"2022012392","","1","0","0","0","0","0","0","0","0","1","0","","67","4","2021","5","40.059795","-75.133423","","6","0","0","0","0","0","0","1","1","","0","0","0","","","2","","1","","40 03:35.262","","0","75 08:00.324","4","0","0","0","67301","0","0","0","N","0","0","0","3","00000","1","","1.0","","1","N","N","N","0","","0","0","1","","2","","","2","2","0","0","0","1","0","2","0","2","","","","N","","","","","","","","","",""
"2022000451","2213","1","0","0","0","0","0","0","0","0","8","0","","67","12","2021","5","40.00105","-75.100636","2211","6","0","0","0","0","0","0","0","0","","0","0","0","","","1","N","0","","40 00:03.780","","0","75 06:02.290","3","0","0","0","67301","1","0","0","N","1","0","0","2","67301","0","","1.0","","1","N","N","N","0","","1","0","2","","0","","","5","1","0","0","0","0","0","2","0","4","","03","","N","","","","","","","","","",""
"2022000064","1410","1","0","0","0","0","0","0","0","0","8","0","","67","12","2021","5","40.012629","-75.152166","1410","6","0","0","0","0","0","0","0","0","","0","0","0","","","1","N","0","","40 00:45.464","","0","75 09:07.798","3","0","0","0","67301","1","0","0","N","1","0","0","2","67301","0","","1.0","","1","N","N","N","0","","1","0","1","","0","","","3","1","0","0","0","0","0","2","0","2","","","","N","","","","","","","","","",""
"2022002160","0847","0","0","0","0","0","0","0","0","0","7","0","","67","12","2021","7","40.043175","-75.002979","0836","6","0","0","0","0","0","0","0","0","","0","0","0","","","2","N","0","","40 02:35.430","","0","75 00:10.724","3","0","0","0","67301","0","0","0","N","0","0","0","2","68K01","1","","3.0","","1","N","N","N","0","","1","0","1","","0","","","1","2","2","0","0","0","0","2","0","1","","","","N","","","","","","","","","",""
"2022021835","","0","0","0","0","0","0","0","0","0","1","0","","67","11","2021","7","40.025569","-75.043967","","6","0","0","0","0","0","1","0","0","","0","0","0","","","1","N","0","","40 01:32.049","","0","75 02:38.280","8","0","0","0","67301","0","0","0","N","0","0","0","2","00000","0","","1.0","","1","N","N","N","0","","0","0","1","","0","","","2","1","0","0","0","1","0","2","0","2","","","","N","","","","","","","","","",""
"2022021821","","1","0","0","0","0","0","0","0","0","4","0","","67","7","2021","6","39.999174","-75.155134","","6","0","0","0","0","0","0","0","0","","0","0","0","","","1","","2","","39 59:57.026","","0","75 09:18.482","4","0","0","0","67301","0","0","0","N","0","0","0","2","00000","1","","1.0","","1","N","N","N","0","","0","0","1","","3","","","2","1","0","0","0","0","0","2","0","2","","","","N","","","","","","","","","",""
"2022001127","2100","0","0","0","0","0","0","0","0","0","4","0","","67","12","2021","2","40.057135","-75.128985","2056","6","0","0","0","0","0","0","0","0","","0","0","0","","","3","","1","","40 03:25.687","4","0","75 07:44.345","3","0","0","0","67301","0","0","0","N","0","0","0","3","46102","0","","1.0","2200.0","1","N","N","N","0","","3","0","1","","2","N","","2","3","1","0","0","0","0","2","1","2","","","","N","","","","","","","","","",""
"2022021801","","0","0","0","0","0","0","0","0","0","1","0","","67","2","2021","3","39.891942","-75.241906","","6","0","0","0","0","0","1","0","0","","0","0","0","","","1","","2","","39 53:30.990","","0","75 14:30.862","8","0","0","0","67301","0","0","0","N","0","0","0","2","00000","0","","1.0","","1","N","N","N","0","","0","0","0","","2","","","2","1","0","0","0","1","0","2","0","2","","","","N","","","","","","","","","",""
"2022008579","1528","1","0","0","0","0","0","0","0","0","1","0","","67","12","2021","6","39.948286","-75.141724","1526","6","0","0","0","0","0","0","0","0","","0","0","0","","","0","N","0","","39 56:53.831","1","0","75 08:30.206","9","0","0","0","67301","0","0","0","N","0","0","0","3","68K01","0","","1.0","1543.0","1","N","N","N","0","","0","0","0","","0","N","","3","0","0","0","0","0","2","2","0","3","","03","","N","","","","","","","","","",""
"2022012385","","2","0","0","0","0","0","0","0","0","4","0","","67","4","2021","6","39.918516","-75.208181","","6","0","0","0","0","0","1","0","0","","0","0","0","","","2","N","0","","39 55:06.657","","7","75 12:29.451","3","0","0","0","67301","0","0","0","N","0","0","0","2","00000","0","","1.0","","1","N","N","N","0","","1","0","0","","0","","","2","2","0","0","0","1","0","2","0","2","","","","N","","","","","","","","","",""
"2022019525","","0","0","0","0","0","0","0","0","0","1","0","","67","12","2021","5","39.910469","-75.242375","","6","0","0","0","0","0","0","0","0","","0","0","0","","","2","","2","","39 54:37.690","","0","75 14:32.550","8","0","0","0","67301","0","0","0","N","0","0","0","3","00000","0","","1.0","","1","N","N","N","0","","0","0","1","","2","","","2","2","0","0","0","2","0","2","0","2","","","","N","","","","","","","","","",""
"2022000872","","1","0","0","0","0","0","0","0","0","4","0","","67","12","2021","4","39.987671","-75.22498","","6","0","0","0","0","0","0","0","0","","0","0","0","","","0","","2","","39 59:15.615","","0","75 13:29.927","0","0","0","0","67301","0","0","0","N","0","0","0","1","00000","0","","1.0","","1","N","N","N","0","","0","0","0","","2","","","3","0","0","0","0","0","0","2","0","3","","","","N","","","","","","","","","",""
"2022000518","1328","2","0","0","0","0","0","0","0","0","4","0","","67","12","2021","2","39.992239","-75.245697","1327","6","0","0","0","0","0","0","0","1","","0","0","0","","","0","","1","","39 59:32.062","5","0","75 14:44.509","0","0","0","0","67301","0","0","0","N","0","0","0","3","46104","0","","1.0","1412.0","1","N","N","N","0","","0","0","0","","2","N","","2","0","0","0","0","0","0","2","0","2","","","","N","","","","","","","","","",""
"2022009469","","0","0","0","0","0","0","0","0","0","1","0","","67","11","2021","1","39.980562","-75.172409","","6","0","0","0","0","0","0","0","0","","0","0","0","","","1","","5","","39 58:50.024","","0","75 10:20.673","8","0","0","0","67301","0","0","0","N","0","0","0","3","00000","0","","1.0","","1","N","N","N","0","","0","0","2","","2","","","2","1","0","0","0","1","0","2","0","2","","","","N","","","","","","","","","",""
"2022014512","0525","2","0","0","0","0","0","0","0","0","5","0","","67","11","2021","1","39.947078","-75.212408","0518","6","0","0","0","0","0","0","0","0","","0","0","0","","","0","N","0","","39 56:49.481","","0","75 12:44.669","0","0","0","0","67301","0","0","0","N","0","0","0","1","67301","0","","6.0","","1","N","N","N","0","","0","0","2","","0","","","4","0","0","0","0","0","0","2","0","4","","03","","N","","","","","","","","","",""
"2022002821","0043","2","0","0","0","0","0","0","0","0","1","0","","67","12","2021","6","39.891521","-75.22165","0043","6","0","0","0","0","0","0","1","0","","0","0","0","","","1","N","0","","39 53:29.475","","2","75 13:17.940","8","0","0","0","67301","0","0","0","N","0","0","0","2","68K01","0","","1.0","","1","N","N","N","0","","0","0","0","","0","","","2","1","0","0","0","1","1","2","0","2","","","","N","","","","","","","","","",""
"2022000452","1740","2","0","0","0","0","0","0","0","0","4","0","","67","12","2021","6","39.997342","-75.120319","1740","6","0","1","0","0","0","0","0","0","","0","0","0","","","0","","1","","39 59:50.432","","0","75 07:13.150","0","0","0","0","67301","0","0","0","N","0","0","0","2","67301","0","","1.0","","1","N","N","N","0","","0","0","0","","3","","","2","0","0","0","0","0","0","2","0","2","","03","","N","","","","","","","","","",""
"2022000031","2335","1","0","0","0","0","0","0","0","0","7","0","","67","12","2021","6","40.098579","-75.04662","2330","6","0","0","0","0","0","0","0","0","","0","0","0","","","1","N","0","","40 05:54.883","","0","75 02:47.831","8","0","0","0","67301","0","0","0","N","0","0","0","1","67301","0","","4.0","","9","N","N","N","0","","0","0","0","","0","","","1","1","0","0","0","1","0","2","0","1","","","","N","","","","","","","","","",""
"2022004688","","1","0","0","0","0","0","0","0","0","4","0","","67","10","2021","7","40.009322","-75.139326","","6","0","0","0","0","0","0","0","0","","0","0","0","","","2","","1","","40 00:33.559","","0","75 08:21.573","8","0","0","0","67301","0","0","0","N","0","0","0","3","00000","0","","1.0","","1","N","N","N","0","","0","0","1","","3","","","2","2","0","0","0","2","0","2","0","2","","","","N","","","","","","","","","",""
"2022009945","0207","0","0","0","0","0","0","0","0","0","0","0","","67","11","2021","2","39.960495","-75.181317","0200","6","0","0","0","0","0","0","0","0","","1","0","0","","","1","N","0","","39 57:37.781","4","8","75 10:52.742","1","1","0","1","67301","0","0","0","N","0","0","0","2","68K01","0","2","1.0","509.0","9","N","N","N","0","0","1","0","0","","0","Y","","1","1","0","0","0","0","0","2","0","1","","","","N","","","","","","","","","",""
"2022009944","0215","0","0","0","0","0","0","0","0","0","8","0","","67","10","2021","1","39.958775","-75.17004","0207","6","0","0","0","0","0","0","0","0","","1","0","0","","","0","N","0","","39 57:31.589","3","0","75 10:12.145","1","0","0","0","67301","1","1","0","N","1","1","0","2","68K01","0","1","1.0","515.0","9","N","N","N","0","0","0","0","0","","0","Y","","2","0","0","0","0","0","1","2","0","1","","","","N","","","","","","","","","",""
"2022010813","1118","0","0","0","0","0","0","0","0","0","8","0","","67","12","2021","6","40.010143","-75.136234","1116","6","0","0","0","0","0","0","0","0","","1","0","0","","","0","","1","","40 00:36.514","1","0","75 08:10.442","1","0","0","0","67301","1","1","0","N","1","1","0","2","67301","0","2","1.0","1358.0","1","N","N","N","0","0","0","0","1","","2","Y","","2","0","0","0","0","0","0","2","0","1","","04","","N","","","","","","","","","",""
"2022000897","","0","0","0","0","0","0","1","0","0","5","1","","67","11","2021","2","39.95194","-75.159916","","6","0","0","0","0","0","0","0","0","","0","0","0","","","1","","1","","39 57:06.984","","0","75 09:35.699","8","0","0","0","67301","0","0","0","N","0","0","0","2","00000","0","","1.0","","1","N","N","N","0","","0","0","1","","2","","","2","1","0","0","0","1","0","2","0","2","","","","N","","","","","","","","","",""
"2022004678","","1","0","1","0","0","0","0","0","0","5","0","","67","11","2021","2","39.888622","-75.240866","","6","0","0","0","0","0","0","0","0","","0","0","0","","","1","","6","","39 53:19.040","","2","75 14:27.118","2","0","0","0","67301","0","0","0","N","0","0","0","2","00000","0","","7.0","","1","N","N","N","0","","0","1","0","","0","","","2","1","0","0","0","0","0","2","0","2","","","","N","","","","","","","","","",""
"2022004676","","2","0","0","0","0","0","0","0","0","4","0","","67","11","2021","3","39.928989","-75.156852","","6","0","0","0","0","0","0","0","0","","0","0","0","","","1","N","0","","39 55:44.361","","0","75 09:24.666","8","0","0","0","67301","0","0","0","N","0","0","0","2","00000","0","","1.0","","1","N","N","N","0","","0","0","0","","0","","","2","1","0","0","0","1","0","2","0","2","","","","N","","","","","","","","","",""
"2022000140","2207","2","0","0","0","0","0","0","0","0","5","0","","67","12","2021","6","39.997047","-75.163681","2206","6","0","0","0","0","0","0","0","0","","0","0","0","","","0","N","0","","39 59:49.370","","0","75 09:49.250","9","0","0","0","67301","0","0","0","N","0","0","0","1","67301","0","","6.0","","1","N","N","N","0","","0","0","1","","0","","","3","0","0","0","0","0","1","2","0","3","","03","","N","","","","","","","","","",""
"2022000139","1716","1","0","0","0","0","0","0","0","0","4","0","","67","12","2021","6","40.047128","-75.14286","1715","6","0","0","0","0","0","0","0","0","","0","0","0","","","0","N","0","","40 02:49.662","","7","75 08:34.295","9","0","0","1","67301","0","0","0","N","0","0","0","2","67301","0","","1.0","","1","N","N","N","0","","0","0","0","","0","","","2","0","0","0","0","0","1","2","0","2","","03","","N","","","","","","","","","",""
"2022000028","0054","0","0","0","0","0","0","0","0","0","5","0","","67","12","2021","5","39.932325","-75.153717","0054","6","1","0","0","0","0","0","0","0","","0","0","0","","","1","N","0","","39 55:56.370","3","0","75 09:13.380","3","0","0","0","67301","0","0","0","N","0","0","0","3","67301","0","","6.0","230.0","1","N","N","N","0","","1","0","2","","0","Y","","2","1","0","0","0","0","0","2","0","2","","07","","N","","","","","","","","","",""
"2022000180","2054","1","0","0","0","0","0","0","0","0","4","0","","67","12","2021","6","39.980408","-75.239378","2052","6","0","0","0","0","0","0","0","0","","0","0","0","","","1","","1","","39 58:49.468","","0","75 14:21.760","3","0","0","0","67301","0","0","0","N","0","0","0","3","67301","0","","1.0","","1","N","N","N","0","","1","0","1","","2","","","2","1","2","0","0","0","0","2","0","2","","","","N","","","","","","","","","",""
"2022003172","0753","1","0","0","0","0","0","0","0","0","7","0","","67","12","2021","6","39.988246","-75.088944","0750","6","0","0","0","0","0","0","0","0","","0","0","0","","","1","N","0","","39 59:17.685","","0","75 05:20.198","8","0","0","0","67301","0","0","0","N","0","0","0","1","68K01","0","","2.0","","1","N","N","N","0","","0","0","0","","0","","","1","1","0","0","0","1","0","2","0","1","","04","","N","","","","","","","","","",""
"2022010814","2140","1","0","0","0","0","0","0","0","0","2","0","","67","12","2021","2","40.014753","-75.170833","2135","6","0","0","0","0","1","0","0","0","","0","0","0","","","2","N","0","","40 00:53.109","","0","75 10:14.999","3","0","0","0","67301","0","0","0","N","0","0","0","2","67301","0","","1.0","","9","N","N","N","0","","2","0","1","","0","","","2","2","0","0","0","0","0","2","0","2","","07","","N","","","","","","","","","",""
"2022000242","2300","1","0","0","0","0","0","0","0","0","7","0","","67","12","2021","5","40.023539","-75.124094","2300","6","0","0","0","0","0","0","0","0","","0","0","0","","","1","N","0","","40 01:24.740","","0","75 07:26.740","3","0","0","0","67301","0","0","0","N","0","0","0","2","67301","0","","6.0","","9","N","N","N","0","","1","0","2","","0","","","3","1","1","0","0","0","0","2","0","3","","03","","N","","","","","","","","","",""
"2022000412","1625","1","0","0","0","0","0","0","0","0","5","0","","67","12","2021","6","39.996028","-75.169139","1608","6","0","0","0","0","0","1","0","0","","0","0","0","","","1","N","0","","39 59:45.700","","0","75 10:08.900","3","0","0","0","67301","0","0","0","N","0","0","0","2","67301","0","","1.0","","1","N","N","N","0","","1","0","0","","0","","","2","1","0","0","0","0","1","2","1","2","","","","N","","","","","","","","","",""
"2022010736","1522","2","0","0","0","0","0","0","0","0","1","0","","67","12","2021","2","39.967358","-75.133019","1448","6","0","0","0","0","0","0","0","0","","0","0","0","","","0","N","0","","39 58:02.487","","0","75 07:58.867","9","0","0","0","67301","0","0","0","N","0","0","0","3","68K01","0","","1.0","","1","N","N","N","0","","0","0","0","","0","","","2","0","0","0","0","0","1","2","0","2","","","","N","","","","","","","","","",""
"2022001453","0241","2","0","0","0","0","0","0","0","0","7","0","","67","12","2021","5","39.960402","-75.181149","0234","6","0","0","1","0","0","0","0","0","","0","0","0","","","0","N","0","","39 57:37.448","4","0","75 10:52.135","0","0","0","0","67301","0","0","0","N","0","0","0","4","68K01","0","","3.0","235.0","9","N","N","N","0","","0","0","1","","0","N","","3","0","0","0","0","0","0","2","0","3","","07","","N","","","","","","","","","",""
"2022017332","1816","1","0","0","0","0","0","0","0","0","5","0","","67","12","2021","4","39.948117","-75.147747","1816","6","0","0","0","0","0","0","0","0","","0","0","0","","","0","N","0","","39 56:53.220","","0","75 08:51.890","0","0","0","0","67301","0","0","0","N","0","0","0","2","67301","0","","1.0","","1","N","N","N","0","","0","0","1","","0","","","2","0","2","0","0","0","0","2","0","2","","03","","N","","","","","","","","","",""
"2022032839","1358","1","0","0","0","0","0","0","0","0","4","0","","67","12","2021","3","40.068289","-75.172214","1356","6","0","0","0","0","1","1","0","0","","0","0","0","","","1","","2","","40 04:05.840","","0","75 10:19.970","3","0","0","0","67301","0","0","0","N","0","0","0","3","67301","0","","1.0","","1","N","N","N","0","","1","0","1","","3","","","2","1","0","0","0","0","0","2","0","2","","03","","N","","","","","","","","","",""
"2022023696","2022","0","0","0","0","0","0","0","0","0","4","0","","67","12","2021","5","39.972605","-75.229009","2022","6","0","0","0","0","0","0","0","0","","0","0","0","","","0","","1","","39 58:21.378","","0","75 13:44.432","0","0","0","0","67301","0","0","0","N","0","0","0","2","67301","0","","1.0","","1","N","N","N","0","","0","0","2","","3","","","2","0","0","0","0","0","0","2","0","2","","","","N","","","","","","","","","",""
"2022010812","1726","1","0","0","0","0","0","0","0","0","8","0","","67","12","2021","2","40.044621","-75.054672","1722","6","0","0","0","0","0","0","0","0","","0","0","0","","","2","","1","","40 02:40.636","","0","75 03:16.819","8","0","0","0","67301","1","0","0","N","1","0","0","2","67301","0","","1.0","","9","N","N","N","0","","0","0","0","","2","","","2","2","0","0","0","2","0","2","0","1","","06","","N","","","","","","","","","",""
"2022015554","1518","2","0","0","0","0","0","0","0","0","4","0","","67","12","2021","1","39.981602","-75.251065","1518","6","0","0","0","0","0","0","0","0","","0","0","0","","","2","","1","","39 58:53.767","","0","75 15:03.834","3","0","0","0","67301","0","0","0","N","0","0","0","3","67301","0","","1.0","","1","N","N","N","0","","2","0","0","3","2","","","2","2","0","0","0","0","0","2","0","2","","03","","N","","","","","","","","","",""
"2022016243","0851","0","0","0","0","0","0","0","0","0","4","0","","67","12","2021","5","39.946078","-75.242072","0846","6","0","0","0","0","0","0","1","0","","0","0","0","","","3","","1","","39 56:45.881","","0","75 14:31.459","3","0","0","0","67301","0","0","0","N","0","0","0","6","67301","0","","1.0","","9","N","N","N","0","","3","0","1","3","2","","","2","3","0","0","0","0","0","2","1","2","","04","","N","","","","","","","","","",""
"2022026684","","0","0","0","0","0","0","0","0","0","1","0","","67","7","2021","1","39.992957","-75.110258","","6","0","0","0","0","0","0","1","0","","0","0","0","","","2","","1","","39 59:34.645","","0","75 06:36.928","8","0","0","0","67301","0","0","0","N","0","0","0","2","00000","0","","1.0","","1","N","N","N","0","","0","0","2","3","2","","","2","2","0","0","0","2","0","2","0","2","","","","N","","","","","","","","","",""
"2022005943","1945","1","0","0","0","0","0","0","0","0","7","0","","67","12","2021","7","39.960452","-75.181239","1938","6","0","0","0","0","0","0","0","0","","0","0","0","","","1","","7","","39 57:37.626","","8","75 10:52.459","8","0","0","0","67301","0","0","0","Y","0","0","0","1","68K01","0","","7.0","","9","N","N","N","0","","0","0","0","0","0","","","1","1","0","0","0","1","0","2","0","1","","","","N","","","","","","","","","",""
"2022000241","2311","0","0","0","0","0","0","0","0","0","4","0","","67","12","2021","1","40.020244","-75.114084","2311","6","0","0","0","0","0","0","0","0","","0","0","0","","","0","","1","","40 01:12.880","","0","75 06:50.704","0","0","0","0","67301","0","0","0","N","0","0","0","4","67301","0","","1.0","","99","N","N","N","0","","0","0","1","9","2","","","2","0","0","0","0","0","0","2","0","2","","03","","N","","","","","","","","","",""
"2022026790","1209","2","0","0","0","0","0","0","0","0","4","0","","67","12","2021","4","39.947413","-75.239751","1207","6","0","0","0","0","0","1","0","0","","0","0","0","","","1","","1","","39 56:50.686","","0","75 14:23.103","3","0","0","0","67301","0","0","0","N","0","0","0","3","67301","0","","1.0","","9","N","N","Y","0","","1","0","0","3","2","","","3","1","0","0","0","0","0","2","0","3","","07","","N","","","","","","","","","",""
"2022005977","1638","2","0","0","0","0","0","0","0","0","1","0","","67","12","2021","6","39.996705","-75.19658","1635","6","0","0","0","0","0","0","0","0","","0","0","0","","","2","N","0","","39 59:48.139","4","0","75 11:47.688","8","0","0","0","67301","0","0","0","N","0","0","0","2","68K01","0","","1.0","1640.0","1","N","N","Y","0","","0","0","0","0","0","N","","2","2","0","0","0","2","0","2","0","2","","","","N","","","","","","","","","",""
"2022002934","0255","1","0","0","0","0","0","0","0","0","7","0","","67","12","2021","3","39.983009","-75.207931","0250","6","0","0","0","0","0","0","0","0","","0","0","0","","","0","N","0","","39 58:58.834","","0","75 12:28.552","0","0","0","0","67301","0","0","0","N","0","0","0","3","68K01","0","","2.0","","9","N","N","N","0","","0","0","0","0","0","","","1","0","0","0","0","0","0","2","0","1","","","","N","","","","","","","","","",""
"2022010811","1528","3","0","0","0","0","0","0","0","0","1","0","","67","12","2021","2","39.921264","-75.193813","1528","6","0","0","0","0","0","1","0","0","","0","0","0","","","1","","1","","39 55:16.550","","0","75 11:37.727","4","0","0","0","67301","0","0","0","N","0","0","0","3","67301","1","","1.0","","1","N","N","N","0","","0","0","0","3","2","","","3","1","0","0","0","0","2","2","0","3","","03","","N","","","","","","","","","",""
"2022000317","1633","1","0","0","0","0","0","0","0","0","4","0","","67","12","2021","5","39.921501","-75.147422","1633","6","0","0","0","0","0","0","0","0","","0","0","0","","","2","","1","","39 55:17.402","","0","75 08:50.719","4","0","0","0","67301","0","0","0","N","0","0","0","6","67301","2","","1.0","","1","N","N","N","0","","0","0","2","3","3","","","3","2","0","0","0","0","0","2","0","3","","03","","N","","","","","","","","","",""
"2022000025","0207","4","0","0","0","0","0","0","0","0","5","0","","67","12","2021","4","39.926614","-75.157956","0200","6","0","0","0","0","0","0","0","0","","0","0","0","","","0","N","0","","39 55:35.810","","0","75 09:28.640","0","0","0","0","67301","0","0","0","N","0","0","0","1","67301","0","","6.0","","9","N","N","Y","0","","0","0","2","0","0","","","6","0","0","0","0","0","0","2","0","6","","04","","N","","","","","","","","","",""
"2022000168","1815","0","0","0","0","0","0","0","0","0","8","0","","67","12","2021","4","39.915219","-75.158495","1813","6","0","0","0","0","0","0","0","0","","0","0","0","","","1","N","0","","39 54:54.787","","0","75 09:30.581","3","0","0","0","67301","1","0","0","N","1","0","0","2","67301","0","","1.0","","1","N","N","N","0","","1","0","0","0","0","","","2","1","0","0","0","0","0","2","0","1","","03","","N","","","","","","","","","",""
"2022016378","1632","2","0","0","0","0","0","0","0","0","2","0","","67","12","2021","2","40.050225","-75.137292","1629","6","0","0","0","0","0","1","0","0","","0","0","0","","","0","N","0","","40 03:00.810","5","0","75 08:14.250","0","0","0","0","67301","0","0","0","N","0","0","0","2","67301","0","","1.0","1800.0","1","N","N","N","0","","0","0","0","0","0","Y","","2","0","0","0","0","0","0","2","0","2","","03","","N","","","","","","","","","",""
"2022014516","2330","1","0","0","0","0","0","0","0","0","1","0","","67","12","2021","6","39.959839","-75.236162","2327","6","0","0","0","0","0","0","0","0","","0","0","0","","","0","N","0","","39 57:35.421","","0","75 14:10.184","0","0","0","0","67301","0","0","0","N","0","0","0","1","67301","0","","6.0","","1","N","N","N","0","","0","0","0","0","0","","","2","0","0","0","0","0","0","2","0","2","","03","","N","","","","","","","","","",""
"2022011579","2326","1","0","0","0","0","0","0","0","0","1","0","","67","12","2021","3","39.899475","-75.177354","2326","6","0","0","0","0","0","0","0","0","","0","0","0","","","1","N","0","","39 53:58.109","2","2","75 10:38.473","4","0","0","0","67301","0","0","0","N","0","0","0","2","68K01","1","","1.0","2352.0","9","N","N","N","1","","0","0","0","0","0","Y","","2","1","0","0","0","0","0","2","0","2","","","","N","","","","","","","","","",""
"2022000036","0300","2","0","0","0","0","0","0","0","0","5","0","","67","12","2021","3","40.016822","-75.134778","0251","6","0","0","0","0","0","0","0","0","","0","0","0","","","0","N","0","","40 01:00.560","","0","75 08:05.200","0","0","0","0","67301","0","0","0","N","0","0","0","1","67301","0","","6.0","","9","N","N","N","0","","0","0","1","0","0","","","3","0","1","0","0","0","0","2","0","3","","07","","N","","","","","","","","","",""
"2022000075","1930","1","0","0","0","0","0","0","0","0","8","0","","67","12","2021","2","40.038261","-75.144624","1930","6","0","0","0","0","0","0","0","0","","0","0","0","","","1","","2","","40 02:17.739","","0","75 08:40.646","8","0","0","0","67301","1","0","0","N","1","0","0","2","67301","0","","1.0","","1","N","N","N","0","","0","0","0","3","3","","","2","1","0","0","0","1","0","2","0","1","","03","","N","","","","","","","","","",""
"2022012306","","1","0","0","0","0","0","0","0","0","7","0","","67","4","2021","6","39.897406","-75.212311","","6","0","0","0","0","0","0","0","0","","0","0","0","","","1","N","0","","39 53:50.662","","3","75 12:44.318","8","0","0","0","67301","0","0","0","N","0","0","0","2","00000","0","","4.0","","1","N","N","N","0","","0","0","0","0","0","","","1","1","0","0","0","1","0","2","0","1","","","","N","","","","","","","","","",""
"2022000555","0215","1","0","0","0","0","0","0","0","0","5","0","","67","12","2021","1","39.957106","-75.156093","0210","6","0","0","0","0","0","0","0","0","","0","0","0","","","0","N","0","","39 57:25.581","4","0","75 09:21.933","0","0","0","0","67301","0","0","0","N","0","0","0","2","68K01","0","","1.0","240.0","1","N","N","N","0","","0","0","0","0","0","N","","2","0","0","0","0","0","0","2","1","2","","04","","N","","","","","","","","","",""
"2022000553","0039","0","0","0","0","0","0","0","0","0","7","0","","67","12","2021","1","40.040079","-75.006425","0039","6","0","0","0","0","0","0","0","0","","0","0","0","","","0","N","0","","40 02:24.283","2","0","75 00:23.129","0","0","0","0","67301","0","0","0","N","0","0","0","1","68K01","0","","3.0","15.0","9","N","N","N","1","","0","0","0","0","0","N","","1","0","0","0","0","0","0","2","0","1","","07","","N","","","","","","","","","",""
"2022001229","0627","1","0","0","0","0","0","0","0","0","7","0","","67","12","2021","3","39.95945","-75.177337","0620","6","0","0","0","0","0","0","0","0","","0","0","0","","","0","N","0","","39 57:34.019","","2","75 10:38.414","0","0","0","0","67301","0","0","0","N","0","0","0","1","68K01","0","","4.0","","9","N","N","N","0","","0","0","0","0","0","","","1","0","0","0","0","0","0","2","0","1","","","","N","","","","","","","","","",""