"CRN","ARRIVAL_TM","AUTOMOBILE_COUNT","BELTED_DEATH_COUNT","BELTED_SUSP_SERIOUS_INJ_COUNT","BICYCLE_COUNT","BICYCLE_DEATH_COUNT","BICYCLE_SUSP_SERIOUS_INJ_COUNT","BUS_COUNT","CHLDPAS_DEATH_COUNT","CHLDPAS_SUSP_SERIOUS_INJ_COUNT","COLLISION_TYPE","COMM_VEH_COUNT","CONS_ZONE_SPD_LIM","COUNTY","CRASH_MONTH","CRASH_YEAR","DAY_OF_WEEK","DEC_LATITUDE","DEC_LONGITUDE","DISPATCH_TM","DISTRICT","DRIVER_COUNT_16YR","DRIVER_COUNT_17YR","DRIVER_COUNT_18YR","DRIVER_COUNT_19YR","DRIVER_COUNT_20YR","DRIVER_COUNT_50_64YR","DRIVER_COUNT_65_74YR","DRIVER_COUNT_75PLUS","EST_HRS_CLOSED","FATAL_COUNT","HEAVY_TRUCK_COUNT","HORSE_BUGGY_COUNT","HOUR_OF_DAY","ILLUMINATION","INJURY_COUNT","INTERSECTION_RELATED","INTERSECT_TYPE","LANE_CLOSED","LATITUDE","LN_CLOSE_DIR","LOCATION_TYPE","LONGITUDE","MAX_SEVERITY_LEVEL","MCYCLE_DEATH_COUNT","MCYCLE_SUSP_SERIOUS_INJ_COUNT","MOTORCYCLE_COUNT","MUNICIPALITY","NONMOTR_COUNT","NONMOTR_DEATH_COUNT","NONMOTR_SUSP_SERIOUS_INJ_COUNT","NTFY_HIWY_MAINT","PED_COUNT","PED_DEATH_COUNT","PED_SUSP_SERIOUS_INJ_COUNT","PERSON_COUNT","POLICE_AGCY","POSSIBLE_INJ_COUNT","RDWY_SURF_TYPE_CD","RELATION_TO_ROAD","ROADWAY_CLEARED","ROAD_CONDITION","SCH_BUS_IND","SCH_ZONE_IND","SECONDARY_CRASH","SMALL_TRUCK_COUNT","SPEC_JURIS_CD","SUSP_MINOR_INJ_COUNT","SUSP_SERIOUS_INJ_COUNT","SUV_COUNT","TCD_FUNC_CD","TCD_TYPE","TFC_DETOUR_IND","TIME_OF_DAY","TOTAL_UNITS","TOT_INJ_COUNT","UNBELTED_OCC_COUNT","UNB_DEATH_COUNT","UNB_SUSP_SERIOUS_INJ_COUNT","UNK_INJ_DEG_COUNT","UNK_INJ_PER_COUNT","URBAN_RURAL","VAN_COUNT","VEHICLE_COUNT","WEATHER1","WEATHER2","WORKERS_PRES","WORK_ZONE_IND","WORK_ZONE_LOC","WORK_ZONE_TYPE","WZ_CLOSE_DETOUR","WZ_FLAGGER","WZ_LAW_OFFCR_IND","WZ_LN_CLOSURE","WZ_MOVING","WZ_OTHER","WZ_SHLDER_MDN","WZ_WORKERS_INJ_KILLED"
"2022016205","2215","1","0","0","0","0","0","0","0","0","2","0","","67","12","2021","2","39.941217","-75.211838","2207","6","0","0","0","0","0","0","0","1","","0","0","0","","","1","N","0","","39 56:28.380","","0","75 12:42.617","4","0","0","0","67301","0","0","0","N","0","0","0","1","67301","1","","6.0","","9","N","N","N","1","","0","0","1","0","0","","","3","1","1","0","0","0","0","2","0","3","","07","","N","","","","","","","","","",""
"2022001450","0704","1","0","0","0","0","0","0","0","0","7","0","","67","12","2021","4","39.89187","-75.237637","0653","6","0","0","0","0","0","0","0","0","","0","0","0","","","1","N","0","","39 53:30.731","2","0","75 14:15.492","3","0","0","0","67301","0","0","0","Y","0","0","0","2","68K01","0","","2.0","722.0","9","N","N","N","0","","1","0","1","0","0","N","","2","1","0","0","0","0","0","2","0","2","","","","N","","","","","","","","","",""
"2022032840","2111","1","0","0","0","0","0","0","0","0","4","0","","67","9","2021","6","39.972028","-75.234475","2110","6","0","0","0","0","0","0","0","0","","0","0","0","","","2","","1","","39 58:19.300","","0","75 14:04.109","4","0","0","0","67301","0","0","0","N","0","0","0","3","67301","2","","1.0","","1","N","N","N","0","","0","0","1","3","3","","","2","2","1","0","0","0","1","2","0","2","","","","N","","","","","","","","","",""
"2022008577","0016","2","0","0","0","0","0","0","0","0","5","0","","67","12","2021","3","39.940832","-75.143506","0016","6","0","0","0","0","0","0","0","0","","0","0","0","","","0","","7","","39 56:26.994","2","2","75 08:36.622","0","0","0","0","67301","0","0","0","N","0","0","0","1","68K01","0","","7.0","18.0","9","N","N","Y","0","","0","0","0","0","0","N","","2","0","0","0","0","0","0","2","0","2","","","","N","","","","","","","","","",""
"2022000171","2025","0","0","0","0","0","0","0","0","0","4","0","","67","12","2021","4","39.924583","-75.152091","2023","6","0","0","0","0","0","0","0","0","","0","0","0","","","2","","1","","39 55:28.498","3","0","75 09:07.527","3","0","0","1","67301","0","0","0","N","0","0","0","2","67301","0","","1.0","2131.0","1","N","N","N","0","","2","0","1","3","2","Y","","2","2","0","0","0","0","0","2","0","2","","03","","N","","","","","","","","","",""
"2022004451","1801","1","0","0","0","0","0","0","0","0","1","0","","67","12","2021","5","39.94515","-75.190804","1748","6","0","0","0","0","0","0","0","0","","0","0","0","","","0","N","0","","39 56:42.541","3","0","75 11:26.895","0","0","0","0","67301","0","0","0","N","0","0","0","3","68K01","0","","1.0","1757.0","1","N","N","N","0","","0","0","2","0","0","Y","","3","0","0","0","0","0","0","2","0","3","","","","N","","","","","","","","","",""
"2022000034","1723","1","0","0","0","0","0","0","0","0","5","0","","67","12","2021","6","39.996657","-75.153869","1723","6","0","0","0","0","0","0","0","0","","0","0","0","","","0","N","0","","39 59:47.965","","0","75 09:13.930","9","0","0","0","67301","0","0","0","N","0","0","0","1","67301","0","","6.0","","9","N","N","N","0","","0","0","0","0","0","","","2","0","0","0","0","0","1","2","0","2","","07","","N","","","","","","","","","",""
"2022000380","0224","0","0","0","0","0","0","0","0","0","7","0","","67","12","2021","5","39.912389","-75.173889","0224","6","0","1","0","0","0","0","0","0","","0","0","0","","","0","","7","","39 54:44.600","2","8","75 10:26.000","0","0","0","0","67301","0","0","0","N","0","0","0","2","67501","0","","4.0","355.0","1","N","N","N","0","","0","0","1","3","8","Y","","1","0","0","0","0","0","0","2","0","1","","","","N","","","","","","","","","",""
"2022026660","","1","0","0","0","0","0","0","0","0","7","0","","67","10","2021","7","40.02675","-75.209944","","6","0","0","0","0","0","0","0","0","","0","0","0","","","2","N","0","","40 01:36.300","","0","75 12:35.800","8","0","0","0","67301","0","0","0","N","0","0","0","2","00000","0","","4.0","","1","N","N","N","0","","0","0","0","0","0","","","1","2","0","0","0","2","0","2","0","1","","","","N","","","","","","","","","",""
"2022014521","1629","1","0","0","0","0","0","0","0","0","8","0","","67","12","2021","5","40.040653","-75.126458","1629","6","0","0","0","0","0","0","0","0","","0","0","0","","","1","N","0","","40 02:26.350","","0","75 07:35.250","3","0","0","0","67301","1","0","0","N","1","0","0","2","67301","0","","6.0","","1","N","N","N","0","","1","0","0","0","0","","","2","1","1","0","0","0","0","2","0","1","","03","","N","","","","","","","","","",""
"2022014471","1542","1","0","0","0","0","0","1","0","0","1","1","","67","5","2021","5","39.952356","-75.165316","1540","6","0","0","0","0","0","0","0","0","","0","0","0","","","4","N","0","","39 57:08.481","","0","75 09:55.139","4","0","0","0","67301","0","0","0","N","0","0","0","5","67508","4","","6.0","","1","","","N","0","","0","0","0","0","0","","","2","4","0","0","0","0","0","2","0","2","","03","","N","","","","","","","","","",""
"2022014503","0535","3","0","0","0","0","0","0","0","0","5","0","","67","7","2021","1","39.948875","-75.217081","0530","6","0","0","0","0","0","0","0","0","","0","0","0","","","0","N","0","","39 56:55.950","4","0","75 13:01.490","0","0","0","0","67301","0","0","0","N","0","0","0","1","67301","0","","6.0","544.0","1","N","N","N","0","","0","0","0","0","0","Y","","3","0","1","0","0","0","0","2","0","3","","03","","N","","","","","","","","","",""
"2022004686","","1","0","0","0","0","0","0","0","0","4","0","","67","12","2021","6","39.992921","-75.147075","","6","0","0","0","0","0","0","0","0","","0","0","0","","","1","N","0","","39 59:34.514","","0","75 08:49.469","8","0","0","0","67301","0","0","0","N","0","0","0","2","00000","0","","1.0","","1","N","N","N","0","","0","0","1","0","0","","","2","1","0","0","0","1","0","2","0","2","","","","N","","","","","","","","","",""
"2022000899","","1","0","0","0","0","0","0","0","0","1","0","","67","12","2021","6","40.120777","-74.99646","","6","0","0","0","0","0","0","0","0","","0","0","0","","","1","","2","","40 07:14.797","","0","74 59:47.255","8","0","0","0","67301","0","0","0","N","0","0","0","4","00000","0","","1.0","","1","N","N","N","1","","0","0","0","3","2","","","2","1","0","0","0","1","0","2","0","2","","","","N","","","","","","","","","",""
"2022012238","","0","0","0","0","0","0","0","0","0","1","0","","67","4","2021","1","40.030332","-75.131845","","6","0","0","0","0","0","0","0","0","","0","0","0","","","1","","1","","40 01:49.195","","0","75 07:54.642","8","0","0","0","67301","0","0","0","N","0","0","0","2","00000","0","","1.0","","1","N","N","N","1","","0","0","1","3","2","","","2","1","0","0","0","1","0","2","0","2","","","","N","","","","","","","","","",""
"2022011941","","1","0","0","0","0","0","0","0","0","1","0","","67","6","2021","6","39.975056","-75.24782","","6","0","0","0","0","0","2","0","0","","0","0","0","","","4","N","0","","39 58:30.201","","0","75 14:52.152","8","0","0","0","67301","0","0","0","N","0","0","0","5","00000","0","","1.0","","1","N","N","N","0","","0","0","0","0","0","","","2","4","0","0","0","4","0","2","0","2","","03","","N","","","","","","","","","",""
"2022006555","0221","1","0","0","0","0","0","0","0","0","7","0","","67","11","2021","1","39.969946","-75.125451","0217","6","0","0","0","0","0","0","0","0","","0","0","0","","","1","N","7","","39 58:11.804","1","2","75 07:31.625","8","0","0","0","67301","0","0","0","Y","0","0","0","1","68K01","0","","2.0","300.0","1","N","N","N","0","","0","0","0","0","0","Y","","1","1","1","0","0","1","0","2","0","1","","","","N","","","","","","","","","",""
"2022012381","","1","0","0","0","0","0","0","0","0","1","0","","67","5","2021","6","40.002618","-75.160847","","6","0","0","0","0","0","1","0","0","","0","0","0","","","1","","2","","40 00:09.425","","0","75 09:39.049","8","0","0","0","67301","0","0","0","N","0","0","0","2","00000","0","","1.0","","1","N","N","N","0","","0","0","0","3","2","","","2","1","0","0","0","1","0","2","0","2","","","","N","","","","","","","","","",""
"2022014505","2334","1","0","0","0","0","0","0","0","0","4","0","","67","9","2021","4","39.954239","-75.226069","2334","6","0","0","0","0","0","1","0","0","","0","0","0","","","1","N","0","","39 57:15.260","","7","75 13:33.848","8","0","0","0","67301","0","0","0","N","0","0","0","3","67301","0","","1.0","","1","N","N","N","0","","0","0","1","0","0","","","2","1","1","0","0","1","1","2","0","2","","03","","N","","","","","","","","","",""
"2022005266","2236","3","0","0","0","0","0","0","0","0","1","0","","67","12","2021","5","39.899093","-75.167054","2222","6","0","0","0","0","0","0","0","0","","0","0","0","","","3","N","0","","39 53:56.734","1","0","75 10:01.396","3","0","0","0","67301","0","0","0","N","0","0","0","5","68K01","0","","1.0","30.0","1","N","N","N","0","","2","0","0","0","0","N","","3","3","1","0","0","1","1","2","0","3","","03","","N","","","","","","","","","",""
"2022006553","2313","2","0","0","0","0","0","0","0","0","5","0","","67","11","2021","6","39.999008","-75.195566","2308","6","0","0","0","0","0","0","0","0","","0","0","0","","","1","N","0","","39 59:56.428","3","0","75 11:44.036","3","0","0","0","67301","0","0","0","N","0","0","0","2","68K01","0","","3.0","2317.0","9","N","N","N","0","","1","0","0","0","0","N","","2","1","0","0","0","0","1","2","0","2","","","","N","","","","","","","","","",""
"2022014518","0031","1","0","0","0","0","0","0","0","0","7","0","","67","12","2021","7","39.959206","-75.218976","0031","6","0","0","0","0","0","0","0","0","","0","0","0","","","1","","1","","39 57:33.140","","0","75 13:08.313","4","0","0","0","67301","0","0","0","N","0","0","0","2","67301","1","","2.0","","8","N","N","N","0","","0","0","0","3","2","","","2","1","0","0","0","0","0","2","0","1","","07","","N","","","","","","","","","",""
"2022004690","","1","0","0","0","0","0","0","0","0","5","0","","67","12","2021","5","40.029486","-75.103826","","6","0","0","0","0","0","0","0","0","","0","0","0","","","1","","3","","40 01:46.148","","0","75 06:13.773","8","0","0","0","67301","0","0","0","N","0","0","0","2","00000","0","","1.0","","1","N","N","N","0","","0","0","0","3","2","","","2","1","0","0","0","1","0","2","0","2","","","","N","","","","","","","","","",""
"2022006104","2307","2","0","0","0","0","0","0","0","0","1","0","","67","10","2021","4","39.877062","-75.254633","2251","6","0","0","0","0","0","0","0","0","","0","0","0","","","0","N","0","","39 52:37.422","2","0","75 15:16.678","0","0","0","0","67301","0","0","0","N","0","0","0","2","68K01","0","","1.0","2352.0","1","N","N","N","0","","0","0","0","0","0","N","","2","0","1","0","0","0","0","2","0","2","","","","N","","","","","","","","","",""
"2022012257","","1","0","0","0","0","0","0","0","0","1","0","","67","4","2021","7","40.00175","-75.117222","","6","0","0","0","0","0","0","0","0","","0","0","0","","","1","N","0","","40 00:06.300","","0","75 07:02.000","3","0","0","0","67301","0","0","0","N","0","0","0","3","00000","0","","1.0","","1","N","N","N","0","","1","0","1","0","0","","","2","1","0","0","0","0","0","2","0","2","","","","N","","","","","","","","","",""
"2022012353","","0","0","0","0","0","0","0","0","0","4","0","","67","7","2021","6","39.934048","-75.186188","","6","0","0","0","0","0","0","0","0","","0","0","0","","","1","","1","","39 56:02.573","","1","75 11:10.276","8","0","0","0","67301","0","0","0","N","0","0","0","2","00000","0","","1.0","","1","N","N","N","0","","0","0","1","3","2","","","2","1","0","0","0","1","0","2","0","2","","","","N","","","","","","","","","",""
"2022001423","1844","2","0","0","0","0","0","0","0","0","1","0","","67","11","2021","6","40.009064","-75.067509","1835","6","0","0","0","0","0","0","0","0","","0","0","0","","","2","N","0","","40 00:32.632","1","0","75 04:03.031","4","0","0","0","67301","0","0","0","N","0","0","0","3","68K01","2","","1.0","1845.0","1","N","N","N","0","","0","0","0","0","0","Y","","2","2","0","0","0","0","0","2","0","2","","","","N","","","","","","","","","",""
"2022004704","","0","0","0","0","0","0","0","0","0","1","0","","67","9","2021","4","40.035584","-75.070476","","6","0","0","0","0","0","0","0","0","","0","0","0","","","1","","1","","40 02:08.101","","0","75 04:13.712","8","0","0","0","67301","0","0","0","N","0","0","0","2","00000","0","","1.0","","1","N","N","N","0","","0","0","2","3","2","","","2","1","0","0","0","1","0","2","0","2","","","","N","","","","","","","","","",""
"2022009422","","1","0","0","0","0","0","1","0","0","5","1","","67","9","2021","3","40.000889","-75.132861","","6","0","0","0","0","0","0","0","0","","0","0","0","","","1","N","0","","40 00:03.200","","0","75 07:58.300","8","0","0","0","67301","0","0","0","N","0","0","0","2","00000","0","","1.0","","1","N","N","N","0","","0","0","0","0","0","","","3","1","0","0","0","1","0","2","0","3","","","","N","","","","","","","","","",""
"2022011935","","0","0","0","0","0","0","0","0","0","4","0","","67","4","2021","3","40.035351","-75.132773","","6","0","0","0","0","0","0","0","0","","0","0","0","","","1","","1","","40 02:07.263","","0","75 07:57.982","8","0","0","0","67301","0","0","0","N","0","0","0","2","00000","0","","1.0","","1","N","N","N","0","","0","0","0","3","3","","","2","1","0","0","0","1","0","2","1","2","","","","N","","","","","","","","","",""
"2022006108","0332","2","0","0","0","0","0","0","0","0","5","1","","67","12","2021","3","40.035317","-75.018091","0322","6","0","0","0","0","1","0","1","0","","0","1","0","","","3","N","0","","40 02:07.142","","0","75 01:05.128","3","0","0","0","67301","0","0","0","N","0","0","0","5","68K01","0","","1.0","","1","N","N","N","1","","3","0","0","0","0","","","4","3","1","0","0","0","0","2","0","4","","03","","N","","","","","","","","","",""
"2022000559","0006","2","0","0","0","0","0","0","0","0","5","0","","67","12","2021","3","39.997271","-75.081844","2356","6","0","0","0","0","0","0","0","0","","0","0","0","","","0","N","0","","39 59:50.174","1","0","75 04:54.639","0","0","0","0","67301","0","0","0","N","0","0","0","1","68K01","0","","1.0","1208.0","9","N","N","N","0","","0","0","0","0","0","N","","2","0","0","0","0","0","0","2","0","2","","","","N","","","","","","","","","",""
"2022012354","","1","0","0","0","0","0","0","0","0","4","0","","67","7","2021","4","39.954079","-75.189725","","6","0","0","0","0","0","0","0","0","","0","0","0","","","1","","1","","39 57:14.683","","0","75 11:23.010","8","0","0","0","67301","0","0","0","N","0","0","0","2","00000","0","","1.0","","1","N","N","N","0","","0","0","1","3","2","","","2","1","0","0","0","1","0","2","0","2","","","","N","","","","","","","","","",""
"2022012361","","2","0","0","0","0","0","0","0","0","4","0","","67","7","2021","5","40.008407","-75.163131","","6","0","0","0","0","0","0","0","0","","0","0","0","","","2","","1","","40 00:30.265","","0","75 09:47.271","3","0","0","0","67301","0","0","0","N","0","0","0","3","00000","0","","1.0","","1","N","N","N","0","","2","0","0","3","3","","","2","2","0","0","0","0","0","2","0","2","","","","N","","","","","","","","","",""
"2022008836","2349","1","0","0","0","0","0","0","0","0","1","0","","67","12","2021","2","39.943295","-75.143069","2339","6","0","0","0","0","0","0","0","0","","0","0","0","","","0","N","0","","39 56:35.863","2","0","75 08:35.050","9","0","0","0","67301","0","0","0","N","0","0","0","2","68K01","0","","1.0","1205.0","9","N","N","N","0","","0","0","1","0","0","N","","2","0","0","0","0","0","1","2","0","2","","","","N","","","","","","","","","",""
"2022000552","0020","1","0","0","0","0","0","0","0","0","7","0","","67","12","2021","1","40.037552","-75.011966","0012","6","0","0","0","0","0","0","0","0","","0","0","0","","","0","N","0","","40 02:15.188","","0","75 00:43.076","0","0","0","0","67301","0","0","0","N","0","0","0","1","68K01","0","","4.0","","9","N","N","N","0","","0","0","0","0","0","","","1","0","0","0","0","0","0","2","0","1","","07","","N","","","","","","","","","",""
"2022014508","0335","0","0","0","0","0","0","0","0","0","8","0","","67","10","2021","2","39.948474","-75.207074","0330","6","0","0","0","0","0","0","0","0","","0","0","0","","","1","","1","","39 56:54.505","","0","75 12:25.468","3","0","0","0","67301","1","0","0","N","1","0","0","2","67301","0","","1.0","","9","N","N","N","0","","1","0","1","3","3","","","2","1","0","0","0","0","0","2","0","1","","07","","N","","","","","","","","","",""
"2022004681","","0","0","0","0","0","0","0","0","0","5","0","","67","12","2021","3","39.918639","-75.209444","","6","0","0","0","0","0","0","0","1","","0","0","0","","","1","N","0","","39 55:07.100","","0","75 12:34.000","8","0","0","0","67301","0","0","0","N","0","0","0","2","00000","0","","1.0","","9","N","N","N","0","","0","0","1","0","0","","","2","1","0","0","0","1","0","2","0","2","","","","N","","","","","","","","","",""
"2022002935","0409","1","0","0","0","0","0","0","0","0","98","0","","67","12","2021","3","39.981198","-75.206819","0407","6","0","0","0","0","0","1","0","0","","0","0","0","","","1","N","0","","39 58:52.313","3","0","75 12:24.549","3","0","0","0","67301","0","0","0","N","0","0","0","1","68K01","0","","4.0","430.0","9","N","N","N","0","","1","0","0","","0","N","","1","1","0","0","0","0","0","2","0","1","","","","N","","","","","","","","","",""
"2022001184","2207","0","0","0","0","0","0","0","0","0","7","0","","67","12","2021","1","39.987496","-75.089705","2201","6","0","0","0","0","0","0","0","0","","0","0","0","","","1","N","0","","39 59:14.986","1","0","75 05:22.938","8","0","0","0","67301","0","0","0","N","0","0","0","1","68K01","0","","2.0","2240.0","1","N","N","N","0","","0","0","1","","0","N","","1","1","0","0","0","1","0","2","0","1","","","","N","","","","","","","","","",""
"2022005020","0150","1","0","0","0","0","0","0","0","0","7","0","","67","12","2021","2","39.989188","-75.087598","0133","6","0","0","0","0","1","0","0","0","","0","0","0","","","1","N","0","","39 59:21.076","","0","75 05:15.353","3","0","0","0","67301","0","0","0","N","0","0","0","1","68K01","0","","4.0","","1","N","N","N","0","","1","0","0","","0","","","1","1","0","0","0","0","0","2","0","1","","","","N","","","","","","","","","",""
"2022003841","0855","1","0","0","0","0","0","0","0","0","7","0","","67","12","2021","7","39.923427","-75.191566","0843","6","0","1","0","0","0","0","0","0","","0","0","0","","","0","N","0","","39 55:24.336","4","0","75 11:29.637","0","0","0","0","67301","0","0","0","N","0","0","0","1","68K01","0","","4.0","920.0","1","N","N","N","0","","0","0","0","","0","Y","","1","0","0","0","0","0","0","2","0","1","","","","N","","","","","","","","","",""
"2022001227","0523","0","0","0","0","0","0","0","0","0","7","0","","67","12","2021","3","39.960024","-75.179924","0518","6","0","0","0","0","0","0","0","0","","0","0","0","","","0","N","6","","39 57:36.087","3","2","75 10:47.726","9","0","0","0","67301","0","0","0","N","0","0","0","1","68K01","0","","2.0","530.0","9","N","N","N","1","","0","0","0","","0","N","","1","0","0","0","0","0","1","2","0","1","","","","N","","","","","","","","","",""
"2022004592","1059","0","0","0","0","0","0","0","0","0","7","0","","67","12","2021","6","39.892336","-75.235959","1059","6","0","0","0","0","0","0","0","0","","0","0","0","","","0","N","0","","39 53:32.411","2","0","75 14:09.454","0","0","0","0","67301","0","0","0","N","0","0","0","1","68K01","0","","2.0","1135.0","1","N","N","N","0","","0","0","1","","0","N","","1","0","0","0","0","0","0","2","0","1","","","","N","","","","","","","","","",""
"2022002161","1517","2","0","0","0","0","0","0","0","0","1","0","","67","12","2021","6","39.945087","-75.142426","1500","6","0","0","0","0","0","0","0","0","","0","0","0","","","1","N","0","","39 56:42.312","1","0","75 08:32.732","3","0","0","0","67301","0","0","0","N","0","0","0","3","68K01","0","","1.0","1525.0","1","N","N","N","0","","1","0","1","","0","N","","3","1","0","0","0","0","0","2","0","3","","","","N","","","","","","","","","",""
"2022003813","2138","0","0","0","0","0","0","0","0","0","1","0","","67","12","2021","3","39.900314","-75.157114","2133","6","0","0","0","0","0","0","0","0","","0","0","0","","","2","N","0","","39 54:01.129","1","0","75 09:25.612","3","0","0","0","67301","0","0","0","N","0","0","0","2","68K01","0","","1.0","2120.0","1","N","N","N","0","","2","0","2","","0","N","","2","2","0","0","0","0","0","2","0","2","","","","N","","","","","","","","","",""
"2022003626","0731","0","0","0","0","0","0","0","0","0","0","0","","67","12","2021","7","39.980961","-75.206524","0723","6","0","0","0","0","0","1","0","0","","0","0","0","","","2","N","0","","39 58:51.459","3","0","75 12:23.488","8","0","0","0","67301","0","0","0","N","0","0","0","2","68K01","0","","4.0","45.0","9","N","N","N","1","","0","0","0","","0","N","","1","2","2","0","0","2","0","2","0","1","","04","","N","","","","","","","","","",""
"2022004702","","1","0","0","0","0","0","0","0","0","1","0","","67","9","2021","2","40.007105","-75.213717","","6","0","0","0","0","0","0","0","0","","0","0","0","","","2","","1","","40 00:25.579","","0","75 12:49.382","8","0","0","0","67301","0","0","0","N","0","0","0","3","00000","0","","1.0","","1","N","N","N","1","","0","0","0","","2","","","2","2","0","0","0","2","0","2","0","2","","","","N","","","","","","","","","",""
"2022002927","2348","1","0","0","0","0","0","0","0","0","7","0","","67","12","2021","7","39.93479","-75.145059","2330","6","0","0","0","0","0","0","0","0","","0","0","0","","","0","N","0","","39 56:05.244","","0","75 08:42.212","9","0","0","0","67301","0","0","0","N","0","0","0","1","68K01","0","","4.0","","9","N","N","N","0","","0","0","0","","0","","","1","0","0","0","0","0","1","2","0","1","","","","N","","","","","","","","","",""
"2022008105","0957","0","0","0","0","0","0","0","0","0","1","0","","67","11","2021","5","40.007987","-75.201699","0948","6","0","0","0","0","0","0","1","0","","0","0","0","","","3","N","0","","40 00:28.754","","0","75 12:06.116","8","0","0","0","67301","0","0","0","N","0","0","0","6","68K01","0","","1.0","","1","N","N","N","0","","0","0","2","","0","","","2","3","0","0","0","3","1","2","0","2","","","","N","","","","","","","","","",""
"2022001451","1200","1","0","0","0","0","0","0","0","0","5","1","","67","12","2021","4","39.951424","-75.182774","1152","6","0","0","0","0","0","1","0","0","","0","1","0","","","1","N","0","","39 57:05.126","3","0","75 10:57.987","3","0","0","0","67301","0","0","0","N","0","0","0","2","68K01","0","","1.0","1305.0","9","N","N","N","0","","1","0","0","","0","N","","2","1","0","0","0","0","0","2","0","2","","03","","N","","","","","","","","","",""
"2022003364","1145","0","0","0","0","0","0","0","0","0","7","0","","67","12","2021","7","39.983161","-75.207986","1143","6","0","0","0","0","0","0","0","0","","0","0","0","","","5","N","0","","39 58:59.381","4","0","75 12:28.750","8","0","0","0","67301","0","0","0","N","0","0","0","5","68K01","0","","3.0","1240.0","9","N","N","N","0","","0","0","1","","0","N","","1","5","0","0","0","5","0","2","0","1","","","","N","","","","","","","","","",""
"2022000896","","1","0","0","0","0","0","0","0","0","4","0","","67","5","2021","7","39.973776","-75.245295","","6","0","0","0","0","0","0","0","1","","0","0","0","","","0","","1","","39 58:25.594","","0","75 14:43.063","0","0","0","0","67301","0","0","0","N","0","0","0","2","00000","0","","1.0","","1","N","N","N","0","","0","0","0","","2","","","2","0","0","0","0","0","0","2","1","2","","","","N","","","","","","","","","",""
"2022003867","1345","0","0","0","0","0","0","0","0","0","1","0","","67","12","2021","5","39.921879","-75.147937","1321","6","0","0","0","0","0","0","0","0","","0","0","0","","","1","N","0","","39 55:18.763","2","0","75 08:52.573","3","0","0","0","67301","0","0","0","N","0","0","0","2","68K01","0","","1.0","1430.0","1","N","N","N","0","","1","0","1","","0","N","","2","1","0","0","0","0","0","2","1","2","","","","N","","","","","","","","","",""
"2022003363","1144","0","0","0","0","0","0","0","0","0","4","0","","67","12","2021","7","39.929447","-75.146247","1133","6","0","0","0","0","0","1","0","0","","0","0","0","","","0","N","0","","39 55:46.009","","0","75 08:46.488","0","0","0","0","67301","0","0","0","N","0","0","0","2","68K01","0","","1.0","","9","N","N","N","1","","0","0","1","","0","","","2","0","1","0","0","0","0","2","0","2","","","","N","","","","","","","","","",""
"2022003847","1052","1","0","0","0","0","0","0","0","0","5","0","","67","12","2021","1","39.926053","-75.194303","1037","6","0","0","0","0","0","0","0","0","","0","0","0","","","1","N","0","","39 55:33.791","3","0","75 11:39.489","4","0","0","0","67301","0","0","0","N","0","0","0","5","68K01","1","","1.0","1115.0","1","N","N","N","1","","0","0","0","","0","Y","","2","1","0","0","0","0","0","2","0","2","","","","N","","","","","","","","","",""
"2022004606","0302","1","0","0","0","0","0","0","0","0","7","0","","67","12","2021","6","39.940996","-75.143479","0254","6","0","0","0","1","0","0","0","0","","0","0","0","","","0","N","0","","39 56:27.587","2","0","75 08:36.523","0","0","0","0","67301","0","0","0","N","0","0","0","1","68K01","0","","2.0","310.0","9","N","N","N","0","","0","0","0","","0","N","","1","0","0","0","0","0","0","2","0","1","","","","N","","","","","","","","","",""
"2022000556","0350","1","0","0","0","0","0","0","0","0","7","0","","67","12","2021","1","39.978604","-75.109734","0340","6","0","0","0","0","0","0","0","0","","0","0","0","","","0","N","0","","39 58:42.974","","0","75 06:35.042","0","0","0","0","67301","0","0","0","N","0","0","0","1","68K01","0","","4.0","","9","N","N","N","0","","0","0","0","","0","","","1","0","0","0","0","0","0","2","0","1","","07","","N","","","","","","","","","",""
"2022003170","1652","1","0","0","0","0","0","0","0","0","1","0","","67","12","2021","5","39.958262","-75.165797","1640","6","0","0","0","0","0","1","0","0","","0","0","0","","","1","N","0","","39 57:29.742","3","0","75 09:56.870","4","0","0","0","67301","0","0","0","N","0","0","0","2","68K01","1","","1.0","1650.0","1","N","N","N","0","","0","0","1","","0","N","","2","1","0","0","0","0","0","2","0","2","","","","N","","","","","","","","","",""
"2022005030","1058","2","0","0","0","0","0","0","0","0","5","1","","67","12","2021","6","40.033679","-75.019883","1054","6","0","0","0","0","0","0","0","0","","0","1","0","","","2","N","0","","40 02:01.246","1","0","75 01:11.579","3","0","0","0","67301","0","0","0","N","0","0","0","4","68K01","0","","1.0","1150.0","1","N","N","N","0","","2","0","0","","0","Y","","3","2","0","0","0","0","0","2","0","3","","04","","N","","","","","","","","","",""
"2022005021","2243","1","0","0","0","0","0","0","0","0","7","0","","67","12","2021","2","39.959994","-75.179705","2243","6","0","0","0","0","0","0","0","0","","0","0","0","","","0","N","0","","39 57:35.979","3","0","75 10:46.939","0","0","0","0","67301","0","0","0","N","0","0","0","1","68K01","0","","2.0","2325.0","9","N","N","N","0","","0","0","0","","0","Y","","1","0","0","0","0","0","0","2","0","1","","","","N","","","","","","","","","",""