"CRN","ARRIVAL_TM","AUTOMOBILE_COUNT","BELTED_DEATH_COUNT","BELTED_SUSP_SERIOUS_INJ_COUNT","BICYCLE_COUNT","BICYCLE_DEATH_COUNT","BICYCLE_SUSP_SERIOUS_INJ_COUNT","BUS_COUNT","CHLDPAS_DEATH_COUNT","CHLDPAS_SUSP_SERIOUS_INJ_COUNT","COLLISION_TYPE","COMM_VEH_COUNT","CONS_ZONE_SPD_LIM","COUNTY","CRASH_MONTH","CRASH_YEAR","DAY_OF_WEEK","DEC_LATITUDE","DEC_LONGITUDE","DISPATCH_TM","DISTRICT","DRIVER_COUNT_16YR","DRIVER_COUNT_17YR","DRIVER_COUNT_18YR","DRIVER_COUNT_19YR","DRIVER_COUNT_20YR","DRIVER_COUNT_50_64YR","DRIVER_COUNT_65_74YR","DRIVER_COUNT_75PLUS","EST_HRS_CLOSED","FATAL_COUNT","HEAVY_TRUCK_COUNT","HORSE_BUGGY_COUNT","HOUR_OF_DAY","ILLUMINATION","INJURY_COUNT","INTERSECTION_RELATED","INTERSECT_TYPE","LANE_CLOSED","LATITUDE","LN_CLOSE_DIR","LOCATION_TYPE","LONGITUDE","MAX_SEVERITY_LEVEL","MCYCLE_DEATH_COUNT","MCYCLE_SUSP_SERIOUS_INJ_COUNT","MOTORCYCLE_COUNT","MUNICIPALITY","NONMOTR_COUNT","NONMOTR_DEATH_COUNT","NONMOTR_SUSP_SERIOUS_INJ_COUNT","NTFY_HIWY_MAINT","PED_COUNT","PED_DEATH_COUNT","PED_SUSP_SERIOUS_INJ_COUNT","PERSON_COUNT","POLICE_AGCY","POSSIBLE_INJ_COUNT","RDWY_SURF_TYPE_CD","RELATION_TO_ROAD","ROADWAY_CLEARED","ROAD_CONDITION","SCH_BUS_IND","SCH_ZONE_IND","SECONDARY_CRASH","SMALL_TRUCK_COUNT","SPEC_JURIS_CD","SUSP_MINOR_INJ_COUNT","SUSP_SERIOUS_INJ_COUNT","SUV_COUNT","TCD_FUNC_CD","TCD_TYPE","TFC_DETOUR_IND","TIME_OF_DAY","TOTAL_UNITS","TOT_INJ_COUNT","UNBELTED_OCC_COUNT","UNB_DEATH_COUNT","UNB_SUSP_SERIOUS_INJ_COUNT","UNK_INJ_DEG_COUNT","UNK_INJ_PER_COUNT","URBAN_RURAL","VAN_COUNT","VEHICLE_COUNT","WEATHER1","WEATHER2","WORKERS_PRES","WORK_ZONE_IND","WORK_ZONE_LOC","WORK_ZONE_TYPE","WZ_CLOSE_DETOUR","WZ_FLAGGER","WZ_LAW_OFFCR_IND","WZ_LN_CLOSURE","WZ_MOVING","WZ_OTHER","WZ_SHLDER_MDN","WZ_WORKERS_INJ_KILLED"
"2022003840","0644","1","0","0","0","0","0","0","0","0","7","0","","67","12","2021","7","39.982351","-75.207616","0637","6","0","0","0","0","0","0","0","0","","0","0","0","","","0","N","0","","39 58:56.464","4","0","75 12:27.418","0","0","0","0","67301","0","0","0","N","0","0","0","1","68K01","0","","4.0","730.0","1","N","N","N","0","","0","0","0","","0","N","","1","0","0","0","0","0","0","2","0","1","","","","N","","","","","","","","","",""
"2022003166","0604","1","0","0","0","0","0","0","0","0","1","0","","67","12","2021","3","40.040421","-75.005896","0544","6","0","0","0","0","0","0","0","0","","0","0","0","","","1","N","0","","40 02:25.517","","0","75 00:21.226","8","0","0","0","67301","0","0","0","N","0","0","0","4","68K01","0","","5.0","","9","N","N","N","2","","0","0","1","","0","","","4","1","0","0","0","1","0","2","0","4","","03","","N","","","","","","","","","",""
"2022001909","0745","1","0","0","0","0","0","0","0","0","7","0","","67","12","2021","1","40.015611","-75.053311","0736","6","0","0","0","0","0","0","0","0","","0","0","0","","","1","N","0","","40 00:56.199","2","0","75 03:11.920","8","0","0","0","67301","0","0","0","N","0","0","0","1","68K01","0","","4.0","755.0","1","N","N","N","0","","0","0","0","","0","N","","1","1","0","0","0","1","0","2","0","1","","03","","N","","","","","","","","","",""
"2022003341","0141","0","0","0","0","0","0","0","0","0","0","0","","67","12","2021","2","39.981167","-75.206784","0139","6","0","0","0","0","0","0","0","0","","0","0","0","","","0","N","0","","39 58:52.201","","0","75 12:24.424","0","0","0","0","67301","0","0","0","N","0","0","0","1","68K01","0","","1.0","","1","N","N","N","0","","0","0","1","","0","","","1","0","0","0","0","0","0","2","0","1","","","","N","","","","","","","","","",""
"2022002933","0135","2","0","0","0","0","0","0","0","0","5","0","","67","12","2021","3","39.959948","-75.179372","0133","6","0","0","0","0","0","1","0","0","","0","0","0","","","2","N","0","","39 57:35.814","3","0","75 10:45.740","3","0","0","0","67301","0","0","0","N","0","0","0","3","68K01","0","","1.0","135.0","9","N","N","N","0","","2","0","0","","0","N","","2","2","0","0","0","0","0","2","0","2","","07","","N","","","","","","","","","",""
"2022000549","0856","1","0","0","0","0","0","0","0","0","1","0","","67","12","2021","4","39.943534","-75.142727","0829","6","0","0","0","0","0","2","0","0","","0","0","0","","","2","N","0","","39 56:36.721","","4","75 08:33.817","4","0","0","0","67301","0","0","0","N","0","0","0","3","68K01","2","","1.0","","1","N","N","N","0","","0","0","2","","0","","","3","2","0","0","0","0","0","2","0","3","","","","N","","","","","","","","","",""
"2022001181","1526","0","0","0","0","0","0","0","0","0","1","2","","67","12","2021","5","39.998871","-75.080671","1509","6","0","0","0","0","0","1","0","0","","0","2","0","","","0","N","0","","39 59:55.934","","0","75 04:50.414","0","0","0","0","67301","0","0","0","N","0","0","0","2","68K01","0","","1.0","","1","N","N","N","0","","0","0","0","","0","","","2","0","0","0","0","0","0","2","0","2","","03","","N","","","","","","","","","",""
"2022000554","0224","1","0","0","0","0","0","0","0","0","7","0","","67","12","2021","1","40.004236","-75.194736","0209","6","0","0","0","0","0","0","0","0","","0","0","0","","","1","N","0","","40 00:15.250","4","0","75 11:41.049","3","0","0","0","67301","0","0","0","N","0","0","0","1","68K01","0","","4.0","248.0","9","N","N","N","0","","1","0","0","","0","N","","1","1","1","0","0","0","0","2","0","1","","","","N","","","","","","","","","",""
"2022003340","0416","1","0","0","0","0","0","0","0","0","7","0","45","67","12","2021","6","39.892216","-75.197758","0405","6","0","0","0","0","0","0","0","0","","0","0","0","","","2","N","0","","39 53:31.978","1","3","75 11:51.929","8","0","0","0","67301","0","0","0","N","0","0","0","2","68K01","0","","2.0","500.0","1","N","N","N","0","","0","0","0","","8","N","","1","2","2","0","0","2","0","1","0","1","","","Y","Y","4","1","N","N","N","Y","N","N","Y","N"
"2022003845","1300","2","0","0","0","0","0","0","0","0","1","0","","67","12","2021","7","39.957142","-75.144361","1251","6","0","0","0","0","1","0","0","1","","0","0","0","","","2","N","6","","39 57:25.710","","0","75 08:39.698","8","0","0","0","67301","0","0","0","N","0","0","0","2","68K01","0","","1.0","","9","N","N","N","0","","0","0","0","","0","","","2","2","0","0","0","2","0","2","0","2","","","","N","","","","","","","","","",""
"2022003362","0919","1","0","0","0","0","0","0","0","0","7","0","","67","12","2021","7","39.981295","-75.206928","0917","6","0","0","0","0","0","0","0","0","","0","0","0","","","1","Y","0","","39 58:52.663","3","0","75 12:24.942","8","0","0","0","67301","0","0","0","N","0","0","0","1","68K01","0","","2.0","1004.0","9","N","N","N","0","","0","0","0","","8","N","","1","1","0","0","0","1","0","2","0","1","","","","N","","","","","","","","","",""
"2022003624","0655","0","0","0","0","0","0","0","0","0","5","1","","67","12","2021","7","40.006242","-75.074304","0629","6","0","0","0","0","1","0","0","0","","0","1","0","","","1","N","0","","40 00:22.471","1","0","75 04:27.493","8","0","0","0","67301","0","0","0","N","0","0","0","2","68K01","0","","1.0","700.0","9","N","N","N","1","","0","0","0","","0","N","","2","1","0","0","0","1","0","2","0","2","","","","N","","","","","","","","","",""
"2022003843","0940","0","0","0","0","0","0","0","0","0","1","0","","67","12","2021","7","39.960121","-75.180596","0940","6","0","0","0","0","0","0","0","0","","0","0","0","","","0","N","0","","39 57:36.436","4","0","75 10:50.147","0","0","0","0","67301","0","0","0","N","0","0","0","2","68K01","0","","1.0","945.0","9","N","N","Y","0","","0","0","2","","0","N","","2","0","0","0","0","0","0","2","0","2","","04","","N","","","","","","","","","",""
"2022004123","0905","0","0","0","0","0","0","1","0","0","5","1","","67","12","2021","6","39.96892","-75.136201","0905","6","0","0","0","0","0","0","0","0","","0","0","0","","","0","","1","","39 58:08.111","","0","75 08:10.324","9","0","0","0","67301","0","0","0","N","0","0","0","2","67508","0","","1.0","","1","N","N","N","0","","0","0","1","","2","","","2","0","0","0","0","0","2","2","0","2","","03","","N","","","","","","","","","",""
"2022001560","2310","0","0","0","0","0","0","0","0","0","5","0","","67","12","2021","2","39.976376","-75.113952","2250","6","0","0","0","0","0","0","0","0","","0","0","0","","","1","N","0","","39 58:34.954","1","0","75 06:50.227","4","0","0","0","67301","0","0","0","N","0","0","0","2","68K01","1","","1.0","30.0","1","N","N","N","0","","0","0","1","","0","Y","","2","1","0","0","0","0","1","2","0","2","","03","","N","","","","","","","","","",""
"2022001457","0831","0","0","0","0","0","0","0","0","0","7","0","","67","12","2021","5","40.031431","-75.021577","0821","6","0","0","0","0","1","0","0","0","","0","0","0","","","0","N","0","","40 01:53.151","2","0","75 01:17.676","0","0","0","0","67301","0","0","0","N","0","0","0","1","68K01","0","","2.0","850.0","9","N","N","N","1","","0","0","0","","0","N","","1","0","0","0","0","0","0","2","0","1","","04","","N","","","","","","","","","",""
"2022002171","1324","0","0","0","0","0","0","0","0","0","1","0","","67","12","2021","3","39.972543","-75.19357","1323","6","0","0","0","0","0","0","0","0","","0","0","0","","","0","N","0","","39 58:21.154","4","0","75 11:36.851","0","0","0","0","67301","0","0","0","N","0","0","0","3","68K01","0","","1.0","1330.0","1","N","N","N","0","","0","0","2","","0","Y","","2","0","0","0","0","0","0","2","0","2","","","","N","","","","","","","","","",""
"2022001456","0618","1","0","0","0","0","0","0","0","0","5","0","","67","12","2021","5","40.020938","-75.042416","0602","6","0","0","0","0","0","0","0","0","","0","0","0","","","1","N","0","","40 01:15.378","2","0","75 02:32.696","8","0","0","0","67301","0","0","0","N","0","0","0","3","68K01","0","","1.0","620.0","9","N","N","N","0","","0","0","1","","0","N","","2","1","0","0","0","1","1","2","0","2","","07","","N","","","","","","","","","",""
"2022000542","0250","1","0","0","0","0","0","0","0","0","7","0","","67","12","2021","5","40.039958","-75.006628","0234","6","0","0","0","0","0","0","0","0","","0","0","0","","","0","N","0","","40 02:23.848","","3","75 00:23.860","0","0","0","0","67301","0","0","0","N","0","0","0","1","68K01","0","","2.0","","9","N","N","N","0","","0","0","0","","0","","","1","0","0","0","0","0","0","2","0","1","","","","N","","","","","","","","","",""
"2022003167","0440","1","0","0","0","0","0","0","0","0","1","0","","67","12","2021","4","39.900175","-75.158246","0429","6","0","0","0","0","0","1","0","0","","0","0","0","","","2","N","0","","39 54:00.629","1","0","75 09:29.685","8","0","0","0","67301","0","0","0","N","0","0","0","3","68K01","0","","1.0","535.0","9","N","N","N","0","","0","0","1","","0","N","","2","2","0","0","0","2","0","2","0","2","","07","","N","","","","","","","","","",""
"2022000450","0750","2","0","0","0","0","0","1","0","0","4","1","","67","12","2021","1","40.00713","-75.094069","0745","6","0","0","0","0","0","0","0","0","","0","0","0","","","2","","1","","40 00:25.667","6","0","75 05:38.650","3","0","0","0","67301","0","0","0","N","0","0","0","3","67301","0","","1.0","845.0","9","N","N","N","0","","2","0","1","","2","Y","","4","2","0","0","0","0","0","2","0","4","","03","","N","","","","","","","","","",""
"2022002816","0048","0","0","0","0","0","0","0","0","0","8","1","","67","11","2021","3","39.949218","-75.141487","0044","6","0","0","0","0","0","1","0","0","","0","1","0","","","1","N","0","","39 56:57.184","","3","75 08:29.354","8","0","0","0","67301","1","0","0","N","1","0","0","2","68K01","0","","1.0","","1","N","N","N","0","","0","0","0","","0","","","2","1","0","0","0","1","0","2","0","1","","03","","N","","","","","","","","","",""
"2022002455","0035","1","0","0","0","0","0","0","0","0","5","0","","67","12","2021","2","39.953961","-75.201246","0034","6","0","0","0","0","0","0","0","0","","0","0","0","","","0","N","0","","39 57:14.259","","0","75 12:04.487","0","0","0","0","67301","0","0","0","N","0","0","0","2","67504","0","","6.0","","1","N","N","N","0","","0","0","1","","0","","","2","0","0","0","0","0","0","2","0","2","","03","","N","","","","","","","","","",""
"2022000560","0115","1","0","0","0","0","0","0","0","0","7","0","","67","12","2021","4","39.886013","-75.21331","0057","6","0","0","0","0","0","0","0","0","","0","0","0","","","0","N","0","","39 53:09.645","1","0","75 12:47.917","0","0","0","0","67301","0","0","0","N","0","0","0","1","68K01","0","","4.0","115.0","9","N","N","N","0","","0","0","0","","0","N","","1","0","0","0","0","0","0","2","0","1","","","","N","","","","","","","","","",""
"2022003846","0103","0","0","0","0","0","0","0","0","0","7","0","","67","12","2021","1","40.049936","-74.992531","0043","6","0","0","0","0","0","0","0","0","","0","0","0","","","0","N","0","","40 02:59.769","","0","74 59:33.110","0","0","0","0","67301","0","0","0","Y","0","0","0","1","68K01","0","","3.0","","9","N","N","N","0","","0","0","1","","0","","","1","0","0","0","0","0","0","2","0","1","","","","N","","","","","","","","","",""
"2022000170","1920","2","0","0","0","0","0","0","0","0","4","0","","67","12","2021","4","39.916734","-75.171048","1909","6","0","0","0","0","0","1","0","0","","0","0","0","","","0","N","0","","39 55:00.242","","0","75 10:15.772","0","0","0","0","67301","0","0","0","N","0","0","0","2","67301","0","","1.0","","1","N","N","N","0","","0","0","0","","0","","","2","0","0","0","0","0","0","2","0","2","","03","","N","","","","","","","","","",""
"2022004701","","2","0","0","0","0","0","0","0","0","1","0","","67","10","2021","3","40.032137","-75.146136","","6","0","0","0","0","0","0","0","0","","0","0","0","","","1","","1","","40 01:55.692","","0","75 08:46.089","3","0","0","0","67301","0","0","0","N","0","0","0","2","00000","0","","1.0","","1","N","N","N","0","","1","0","0","","2","","","2","1","1","0","0","0","0","2","0","2","","","","N","","","","","","","","","",""
"2022000561","0427","1","0","0","0","0","0","0","0","0","0","1","","67","12","2021","4","40.577083","-75.670556","0413","6","0","0","0","0","0","0","0","0","","0","1","0","","","0","N","0","","40 34:37.500","2","2","75 40:14.000","0","0","0","0","67301","0","0","0","N","0","0","0","2","68K01","0","","1.0","445.0","9","N","N","N","0","","0","0","0","","0","N","","2","0","0","0","0","0","0","2","0","2","","","","N","","","","","","","","","",""
"2022003842","0917","0","0","0","0","0","0","0","0","0","0","1","","67","12","2021","7","39.960452","-75.181239","0917","6","0","0","0","0","0","0","0","0","","0","1","0","","","0","N","3","","39 57:37.626","4","2","75 10:52.459","0","0","0","0","67301","0","0","0","N","0","0","0","1","68K01","0","","4.0","1200.0","9","N","N","N","0","","0","0","0","","0","Y","","1","0","0","0","0","0","0","2","0","1","","04","","N","","","","","","","","","",""
"2022005019","2232","1","0","0","0","0","0","0","0","0","7","0","","67","12","2021","7","39.95742","-75.158457","2224","6","0","0","0","0","0","0","0","0","","0","0","0","","","1","N","0","","39 57:26.713","4","0","75 09:30.444","4","0","0","0","67301","0","0","0","N","0","0","0","1","68K01","1","","4.0","1050.0","9","N","N","N","0","","0","0","0","","0","N","","1","1","0","0","0","0","0","2","0","1","","","","N","","","","","","","","","",""
"2022008109","1742","0","0","0","0","0","0","0","0","0","1","0","","67","12","2021","7","40.009988","-75.20641","1716","6","0","0","0","0","1","0","0","0","","0","0","0","","","0","N","0","","40 00:35.958","","0","75 12:23.076","0","0","0","0","67301","0","0","0","N","0","0","0","2","68K01","0","","1.0","","9","N","N","N","1","","0","0","1","","0","","","2","0","1","0","0","0","0","2","0","2","","","","N","","","","","","","","","",""
"2022004604","0114","1","0","0","0","0","0","0","0","0","7","0","","67","12","2021","6","39.957991","-75.162769","0107","6","0","0","0","0","0","0","0","0","","0","0","0","","","0","N","0","","39 57:28.768","","0","75 09:45.967","0","0","0","0","67301","0","0","0","N","0","0","0","2","68K01","0","","4.0","","9","N","N","N","0","","0","0","0","","0","","","1","0","0","0","0","0","0","2","0","1","","07","","N","","","","","","","","","",""
"2022000065","2005","1","0","0","0","0","0","0","0","0","4","0","99","67","12","2021","5","40.021709","-75.17712","1954","6","0","0","0","0","0","0","0","0","","0","0","0","","","1","N","0","","40 01:18.153","7","0","75 10:37.633","3","0","0","0","67301","0","0","0","N","0","0","0","2","67301","0","","1.0","2100.0","9","N","N","N","0","","1","0","0","","8","Y","","2","1","0","0","0","0","0","2","0","2","","","Y","Y","4","2","","","N","","","","","N"
"2022002926","2340","1","0","0","0","0","0","0","0","0","7","0","","67","12","2021","7","39.959827","-75.178417","2340","6","0","0","0","0","1","0","0","0","","0","0","0","","","0","N","0","","39 57:35.376","3","0","75 10:42.301","0","0","0","0","67301","0","0","0","N","0","0","0","1","68K01","0","","4.0","2343.0","1","N","N","N","0","","0","0","0","","0","N","","1","0","0","0","0","0","0","2","0","1","","","","N","","","","","","","","","",""
"2022043790","0000","1","0","0","0","0","0","0","0","0","4","0","","67","11","2021","2","39.954661","-75.149521","1551","6","0","0","0","0","0","1","0","1","","0","0","0","","","2","","5","","39 57:16.781","","2","75 08:58.276","2","0","0","0","67301","0","0","0","N","0","0","0","3","67301","0","","1.0","","1","N","N","N","0","","1","1","1","","2","","","2","2","2","0","1","0","0","2","0","2","","03","","N","","","","","","","","","",""
"2022047157","1000","2","0","0","0","0","0","0","0","0","1","1","","67","7","2021","2","40.002347","-75.121956","0955","6","0","0","0","0","0","0","0","0","","0","1","0","","","0","N","0","","40 00:08.450","","0","75 07:19.040","0","0","0","0","67301","0","0","0","N","0","0","0","2","67301","0","","1.0","","1","N","N","N","0","","0","0","0","","0","","","3","0","0","0","0","0","0","2","0","3","","03","","N","","","","","","","","","",""
"2022030394","","1","0","0","0","0","0","0","0","0","4","0","","67","9","2021","1","39.994856","-75.136678","","6","0","0","0","0","0","0","0","0","","0","0","0","","","1","","1","","39 59:41.481","","0","75 08:12.040","8","0","0","0","67301","0","0","0","N","0","0","0","2","00000","0","","1.0","","1","N","N","N","0","","0","0","0","","3","","","2","1","0","0","0","1","0","2","0","2","","","","N","","","","","","","","","",""
"2022033232","","0","0","0","0","0","0","0","0","0","4","0","","67","1","2021","5","39.895561","-75.233545","","6","0","0","0","0","0","0","0","0","","0","0","0","","","2","","2","","39 53:44.021","","0","75 14:00.761","2","0","0","0","67301","0","0","0","N","0","0","0","2","00000","0","","1.0","","1","N","N","N","0","","0","1","2","","2","","","2","2","0","0","0","1","0","2","0","2","","","","N","","","","","","","","","",""
"2022041832","","1","0","0","0","0","0","0","0","0","4","0","","67","7","2021","2","39.977567","-75.227513","","6","0","0","0","0","0","0","0","0","","0","0","0","","","1","N","0","","39 58:39.241","","7","75 13:39.047","8","0","0","0","67301","0","0","0","N","0","0","0","2","00000","0","","1.0","","1","N","N","N","0","","0","0","0","","0","","","2","1","0","0","0","1","0","2","1","2","","","","N","","","","","","","","","",""
"2022066210","1541","0","0","0","0","0","0","0","0","0","5","0","","67","11","2021","2","40.047056","-75.142992","1540","6","0","0","0","0","0","0","0","0","","0","0","0","","","0","N","0","","40 02:49.400","","0","75 08:34.771","0","0","0","0","67301","0","0","0","N","0","0","0","1","67301","0","","6.0","","1","N","N","N","0","","0","0","3","","0","","","3","0","0","0","0","0","0","2","0","3","","03","","N","","","","","","","","","",""
"2022055468","","0","0","0","0","0","0","0","0","0","4","0","","67","11","2021","3","39.990326","-75.16297","","6","0","0","0","0","0","0","0","0","","0","0","0","","","2","","1","","39 59:25.173","","0","75 09:46.691","8","0","0","0","67301","0","0","0","N","0","0","0","2","00000","0","","1.0","","1","","","N","0","","0","0","2","","3","","","2","2","0","0","0","2","0","2","0","2","","03","","N","","","","","","","","","",""
"2022079346","","2","0","0","0","0","0","0","0","0","4","0","","67","4","2021","1","39.924565","-75.233127","","6","0","0","0","0","0","0","0","0","","0","0","0","","","1","","1","","39 55:28.434","","0","75 13:59.258","3","0","0","0","67301","0","0","0","N","0","0","0","2","00000","0","","1.0","","1","","","N","0","","1","0","0","","2","","","2","1","0","0","0","0","0","2","0","2","","","","N","","","","","","","","","",""
"2022075278","0720","1","0","0","0","0","0","0","0","0","7","0","","67","7","2021","7","39.931768","-75.199877","0711","6","0","0","0","0","0","0","0","0","","0","0","0","","","0","N","0","","39 55:54.366","3","0","75 11:59.557","9","0","0","0","67301","0","0","0","N","0","0","0","1","68Z99","0","","2.0","759.0","1","N","N","N","0","","0","0","0","","0","N","","1","0","0","0","0","0","1","2","0","1","","","","N","","","","","","","","","",""
"2022076129","2215","1","0","0","0","0","0","0","0","0","4","0","","67","12","2021","7","39.994082","-75.111255","2215","6","0","0","0","0","0","0","0","0","","0","0","0","","","0","N","0","","39 59:38.696","","7","75 06:40.518","0","0","0","0","67301","0","0","0","N","0","0","0","2","67301","0","","4.0","","1","N","N","N","0","","0","0","0","","0","","","2","0","0","0","0","0","0","2","1","2","","03","","N","","","","","","","","","",""
"2022073967","1258","2","0","0","0","0","0","0","0","0","2","0","","67","1","2021","6","40.054743","-75.072168","1258","6","0","0","0","0","0","0","0","0","","0","0","0","","","0","N","0","","40 03:17.074","","0","75 04:19.803","0","0","0","0","67301","0","0","0","N","0","0","0","2","67301","0","","1.0","","1","N","N","N","0","","0","0","0","","0","","","2","0","2","0","0","0","0","2","0","2","","03","","N","","","","","","","","","",""
"2022080166","","0","0","0","0","0","0","0","0","0","4","0","","67","3","2021","6","39.958201","-75.235505","","6","0","0","0","0","0","0","0","0","","0","0","0","","","1","","1","","39 57:29.522","","0","75 14:07.817","8","0","0","0","67301","0","0","0","N","0","0","0","2","00000","0","","1.0","","1","","","N","0","","0","0","1","","2","","","2","1","1","0","0","1","0","2","1","2","","","","N","","","","","","","","","",""
"2022080198","","0","0","0","0","0","0","0","0","0","1","0","","67","3","2021","2","39.981559","-75.117404","","6","0","0","0","0","0","0","0","0","","0","0","0","","","1","","1","","39 58:53.612","","0","75 07:02.654","8","0","0","0","67301","0","0","0","N","0","0","0","2","00000","0","","1.0","","1","","","N","0","","0","0","0","","2","","","2","1","0","0","0","1","0","2","0","2","","","","N","","","","","","","","","",""
"2022079815","","1","0","0","0","0","0","0","0","0","5","0","","67","3","2021","7","39.957512","-75.21734","","6","0","0","0","0","0","1","0","0","","0","0","0","","","1","","1","","39 57:27.042","","0","75 13:02.424","8","0","0","0","67301","0","0","0","N","0","0","0","2","00000","0","","1.0","","1","","","N","0","","0","0","0","","2","","","2","1","0","0","0","1","0","2","0","2","","","","N","","","","","","","","","",""
"2022080200","","1","0","0","0","0","0","0","0","0","4","0","","67","3","2021","7","39.998768","-75.131259","","6","0","0","0","0","0","1","0","0","","0","0","0","","","1","","1","","39 59:55.564","","0","75 07:52.533","8","0","0","0","67301","0","0","0","N","0","0","0","2","00000","0","","1.0","","1","","","N","0","","0","0","0","","2","","","2","1","0","0","0","1","0","2","0","2","","","","N","","","","","","","","","",""
"2022079907","","2","0","0","0","0","0","0","0","0","4","0","","67","3","2021","5","39.964578","-75.236196","","6","0","0","0","0","1","0","0","0","","0","0","0","","","1","","1","","39 57:52.480","","0","75 14:10.305","8","0","0","0","67301","0","0","0","N","0","0","0","2","00000","0","","1.0","","1","","","N","0","","0","0","0","","3","","","2","1","0","0","0","1","0","2","0","2","","","","N","","","","","","","","","",""
"2022079794","","0","0","0","0","0","0","0","0","0","5","0","","67","4","2021","1","39.892655","-75.240908","","6","0","0","0","0","0","0","0","0","","0","0","0","","","1","N","0","","39 53:33.559","","0","75 14:27.268","8","0","0","0","67301","0","0","0","N","0","0","0","2","00000","0","","1.0","","1","","","N","0","","0","0","2","","0","","","2","1","1","0","0","1","0","2","0","2","","","","N","","","","","","","","","",""
"2022079798","","0","0","0","0","0","0","0","0","0","1","0","","67","3","2021","5","","","","6","0","0","0","0","0","0","0","0","","0","0","0","","","0","N","0","","","","0","","0","0","0","0","67301","0","0","0","N","0","0","0","3","00000","0","","1.0","","1","","","N","0","","0","0","0","","0","","","3","0","0","0","0","0","0","1","1","3","","","","N","","","","","","","","","",""
"2022079348","","1","0","0","0","0","0","0","0","0","1","0","","67","1","2021","3","39.956075","-75.180504","","6","0","0","0","0","0","1","0","0","","0","0","0","","","1","N","0","","39 57:21.869","","0","75 10:49.815","8","0","0","0","67301","0","0","0","N","0","0","0","2","00000","0","","1.0","","1","","","N","1","","0","0","0","","0","","","2","1","0","0","0","1","0","2","0","2","","","","N","","","","","","","","","",""
"2022080202","","1","0","0","0","0","0","0","0","0","1","0","","67","5","2021","5","39.966979","-75.160347","","6","0","0","0","0","0","0","1","0","","0","0","0","","","1","","1","","39 58:01.123","","0","75 09:37.248","8","0","0","0","67301","0","0","0","N","0","0","0","2","00000","0","","1.0","","1","","","N","0","","0","0","1","","2","","","2","1","1","0","0","1","0","2","0","2","","","","N","","","","","","","","","",""
"2022079365","","0","0","0","0","0","0","0","0","0","5","0","","67","3","2021","3","","","","6","0","0","0","0","0","0","0","0","","0","0","0","","","1","N","0","","","","0","","8","0","0","0","67301","0","0","0","N","0","0","0","2","00000","0","","1.0","","1","","","N","1","","0","0","1","","0","","","2","1","0","0","0","1","0","1","0","2","","","","N","","","","","","","","","",""
"2022085502","1400","0","0","0","0","0","0","0","0","0","8","0","","67","2","2021","5","39.955883","-75.226278","1359","6","0","0","0","0","0","0","0","0","","0","0","0","","","1","N","0","","39 57:21.180","","0","75 13:34.600","3","0","0","0","67301","1","0","0","N","1","0","0","2","67301","0","","1.0","","6","N","N","N","0","","1","0","1","","3","","","2","1","1","0","0","0","0","2","0","1","","03","","N","","","","","","","","","",""
"2022079351","","1","0","0","0","0","0","1","0","0","4","1","","67","4","2021","3","40.009866","-75.166801","","6","0","0","0","0","0","0","1","0","","0","0","0","","","1","","1","","40 00:35.518","","0","75 10:00.484","8","0","0","0","67301","0","0","0","N","0","0","0","2","00000","0","","1.0","","1","","","N","0","","0","0","0","","2","","","2","1","0","0","0","1","0","2","0","2","","","","N","","","","","","","","","",""
"2022079352","","0","0","0","0","0","0","0","0","0","4","0","","67","3","2021","4","39.975747","-75.120415","","6","0","0","0","0","0","0","0","0","","0","0","0","","","1","N","0","","39 58:32.689","","7","75 07:13.493","3","0","0","0","67301","0","0","0","N","0","0","0","2","00000","0","","1.0","","1","N","N","N","1","","1","0","1","","0","","","2","1","0","0","0","0","0","2","0","2","","03","","N","","","","","","","","","",""
"2022079385","","0","0","0","0","0","0","0","0","0","1","0","","67","3","2021","6","40.025873","-75.153793","","6","0","0","0","0","0","0","0","0","","0","0","0","","","2","N","0","","40 01:33.143","","0","75 09:13.654","8","0","0","0","67301","0","0","0","N","0","0","0","3","00000","0","","1.0","","1","","","N","0","","0","0","2","","2","","","2","2","1","0","0","2","0","2","0","2","","","","N","","","","","","","","","",""
"2022079378","","2","0","0","0","0","0","0","0","0","4","0","","67","3","2021","6","39.935845","-75.234142","","6","0","0","0","0","0","0","0","0","","0","0","0","","","1","","2","","39 56:09.042","","0","75 14:02.911","8","0","0","0","67301","0","0","0","N","0","0","0","2","00000","0","","1.0","","1","N","N","N","0","","0","0","0","","3","","","2","1","0","0","0","1","0","2","0","2","","","","N","","","","","","","","","",""
"2022075111","","1","0","0","0","0","0","0","0","0","4","0","","67","10","2021","5","39.996649","-75.175534","","6","0","0","0","0","0","1","0","0","","0","0","0","","","1","","1","","39 59:47.935","","0","75 10:31.923","8","0","0","0","67301","0","0","0","N","0","0","0","2","00000","0","","1.0","","1","","","N","0","","0","0","1","","2","","","2","1","0","0","0","1","0","2","0","2","","","","N","","","","","","","","","",""
"2022079369","","1","0","0","0","0","0","0","0","0","1","0","","67","1","2021","3","39.957472","-75.150717","","6","0","0","0","0","0","0","0","0","","0","0","0","","","2","N","0","","39 57:26.900","","0","75 09:02.581","8","0","0","0","67301","0","0","0","N","0","0","0","3","00000","0","","1.0","","1","","","N","0","","0","0","1","","0","","","2","2","1","0","0","2","0","2","0","2","","","","N","","","","","","","","","",""