"CRN","ARRIVAL_TM","AUTOMOBILE_COUNT","BELTED_DEATH_COUNT","BELTED_SUSP_SERIOUS_INJ_COUNT","BICYCLE_COUNT","BICYCLE_DEATH_COUNT","BICYCLE_SUSP_SERIOUS_INJ_COUNT","BUS_COUNT","CHLDPAS_DEATH_COUNT","CHLDPAS_SUSP_SERIOUS_INJ_COUNT","COLLISION_TYPE","COMM_VEH_COUNT","CONS_ZONE_SPD_LIM","COUNTY","CRASH_MONTH","CRASH_YEAR","DAY_OF_WEEK","DEC_LATITUDE","DEC_LONGITUDE","DISPATCH_TM","DISTRICT","DRIVER_COUNT_16YR","DRIVER_COUNT_17YR","DRIVER_COUNT_18YR","DRIVER_COUNT_19YR","DRIVER_COUNT_20YR","DRIVER_COUNT_50_64YR","DRIVER_COUNT_65_74YR","DRIVER_COUNT_75PLUS","EST_HRS_CLOSED","FATAL_COUNT","HEAVY_TRUCK_COUNT","HORSE_BUGGY_COUNT","HOUR_OF_DAY","ILLUMINATION","INJURY_COUNT","INTERSECTION_RELATED","INTERSECT_TYPE","LANE_CLOSED","LATITUDE","LN_CLOSE_DIR","LOCATION_TYPE","LONGITUDE","MAX_SEVERITY_LEVEL","MCYCLE_DEATH_COUNT","MCYCLE_SUSP_SERIOUS_INJ_COUNT","MOTORCYCLE_COUNT","MUNICIPALITY","NONMOTR_COUNT","NONMOTR_DEATH_COUNT","NONMOTR_SUSP_SERIOUS_INJ_COUNT","NTFY_HIWY_MAINT","PED_COUNT","PED_DEATH_COUNT","PED_SUSP_SERIOUS_INJ_COUNT","PERSON_COUNT","POLICE_AGCY","POSSIBLE_INJ_COUNT","RDWY_SURF_TYPE_CD","RELATION_TO_ROAD","ROADWAY_CLEARED","ROAD_CONDITION","SCH_BUS_IND","SCH_ZONE_IND","SECONDARY_CRASH","SMALL_TRUCK_COUNT","SPEC_JURIS_CD","SUSP_MINOR_INJ_COUNT","SUSP_SERIOUS_INJ_COUNT","SUV_COUNT","TCD_FUNC_CD","TCD_TYPE","TFC_DETOUR_IND","TIME_OF_DAY","TOTAL_UNITS","TOT_INJ_COUNT","UNBELTED_OCC_COUNT","UNB_DEATH_COUNT","UNB_SUSP_SERIOUS_INJ_COUNT","UNK_INJ_DEG_COUNT","UNK_INJ_PER_COUNT","URBAN_RURAL","VAN_COUNT","VEHICLE_COUNT","WEATHER1","WEATHER2","WORKERS_PRES","WORK_ZONE_IND","WORK_ZONE_LOC","WORK_ZONE_TYPE","WZ_CLOSE_DETOUR","WZ_FLAGGER","WZ_LAW_OFFCR_IND","WZ_LN_CLOSURE","WZ_MOVING","WZ_OTHER","WZ_SHLDER_MDN","WZ_WORKERS_INJ_KILLED"
"2022079382","","0","0","0","0","0","0","0","0","0","4","0","","67","1","2021","5","39.996889","-75.103225","","6","0","0","0","0","0","0","0","0","","0","0","0","","","0","","1","","39 59:48.800","","0","75 06:11.611","0","0","0","0","67301","0","0","0","N","0","0","0","2","00000","0","","1.0","","1","","","N","0","","0","0","2","","2","","","2","0","0","0","0","0","0","2","0","2","","","","N","","","","","","","","","",""
"2022079795","","1","0","0","0","0","0","0","0","0","5","0","","67","1","2021","5","39.894238","-75.236348","","6","0","0","0","0","0","0","0","0","","0","0","0","","","2","N","0","","39 53:39.257","","0","75 14:10.853","8","0","0","0","67301","0","0","0","N","0","0","0","3","00000","0","","1.0","","1","","","N","0","","0","0","0","","0","","","2","2","0","0","0","2","0","2","0","2","","","","N","","","","","","","","","",""
"2022079392","","2","0","0","0","0","0","0","0","0","4","0","","67","1","2021","4","40.013761","-75.055974","","6","0","0","0","0","0","0","0","0","","0","0","0","","","1","","1","","40 00:49.539","","0","75 03:21.506","8","0","0","0","67301","0","0","0","N","0","0","0","2","00000","0","","1.0","","1","","","N","0","","0","0","0","","2","","","2","1","0","0","0","1","0","2","0","2","","","","N","","","","","","","","","",""
"2022079374","","0","0","0","0","0","0","0","0","0","4","0","","67","1","2021","3","39.909417","-75.163556","","6","0","0","0","0","0","1","0","0","","0","0","0","","","3","N","0","","39 54:33.900","","7","75 09:48.800","8","0","0","0","67301","0","0","0","N","0","0","0","4","00000","0","","1.0","","1","","","N","0","","0","0","2","","0","","","2","3","0","0","0","3","0","2","0","2","","","","N","","","","","","","","","",""
"2022079874","","0","0","0","0","0","0","0","0","0","4","0","","67","1","2021","2","","","","6","0","0","0","0","0","1","0","0","","0","0","0","","","1","","2","","","","0","","8","0","0","0","67301","0","0","0","N","0","0","0","2","00000","0","","1.0","","1","","","N","0","","0","0","1","","3","","","2","1","0","0","0","1","0","1","0","2","","","","N","","","","","","","","","",""
"2022079384","","1","0","0","0","0","0","0","0","0","4","0","","67","1","2021","5","39.999767","-75.16309","","6","0","0","0","0","0","1","0","0","","0","0","0","","","1","","1","","39 59:59.161","","0","75 09:47.124","8","0","0","0","67301","0","0","0","N","0","0","0","2","00000","0","","1.0","","1","","","N","1","","0","0","0","","3","","","2","1","0","0","0","1","0","2","0","2","","","","N","","","","","","","","","",""
"2022079897","","2","0","0","0","0","0","0","0","0","4","0","","67","1","2021","1","39.993184","-75.10692","","6","0","0","1","0","0","1","0","0","","0","0","0","","","1","","1","","39 59:35.462","","0","75 06:24.911","8","0","0","0","67301","0","0","0","N","0","0","0","2","00000","0","","1.0","","1","","","N","0","","0","0","0","","3","","","2","1","0","0","0","1","0","2","0","2","","","","N","","","","","","","","","",""
"2022079916","","1","0","0","0","0","0","0","0","0","4","0","","67","1","2021","7","40.025464","-75.123484","","6","0","0","0","0","0","0","1","0","","0","0","0","","","1","","1","","40 01:31.670","","0","75 07:24.541","8","0","0","0","67301","0","0","0","N","0","0","0","2","00000","0","","1.0","","1","","","N","1","","0","0","0","","0","","","2","1","0","0","0","1","0","2","0","2","","","","N","","","","","","","","","",""
"2022079899","","1","0","0","0","0","0","0","0","0","4","0","","67","2","2021","5","40.054847","-75.168958","","6","0","0","0","0","0","1","0","0","","0","0","0","","","1","","1","","40 03:17.448","","0","75 10:08.248","8","0","0","0","67301","0","0","0","N","0","0","0","2","00000","0","","1.0","","1","","","N","1","","0","0","0","","2","","","2","1","1","0","0","1","0","2","0","2","","","","N","","","","","","","","","",""
"2022079342","","0","0","0","0","0","0","0","0","0","4","0","","67","3","2021","4","40.02911","-75.105293","","6","0","0","0","0","0","0","0","0","","0","0","0","","","0","","1","","40 01:44.795","","0","75 06:19.055","0","0","0","0","67301","0","0","0","N","0","0","0","2","00000","0","","1.0","","1","","","N","0","","0","0","1","","0","","","2","0","0","0","0","0","0","2","0","2","","","","N","","","","","","","","","",""
"2022080164","","1","0","0","0","0","0","0","0","0","1","0","","67","4","2021","2","39.930044","-75.233806","","6","0","0","0","0","0","0","0","0","","0","0","0","","","1","","2","","39 55:48.158","","0","75 14:01.701","8","0","0","0","67301","0","0","0","N","0","0","0","2","00000","0","","1.0","","1","","","N","0","","0","0","0","","0","","","2","1","0","0","0","1","0","2","0","2","","","","N","","","","","","","","","",""
"2022079372","","0","0","0","0","0","0","0","0","0","1","0","","67","3","2021","1","40.022303","-75.162025","","6","0","0","0","0","0","0","0","0","","0","0","0","","","2","","1","","40 01:20.289","","0","75 09:43.290","8","0","0","0","67301","0","0","0","N","0","0","0","3","00000","0","","1.0","","1","","","N","0","","0","0","1","","0","","","2","2","0","0","0","2","0","2","0","2","","","","N","","","","","","","","","",""
"2022079921","","2","0","0","0","0","0","0","0","0","1","0","","67","2","2021","7","39.948972","-75.170611","","6","0","0","0","0","0","0","0","0","","0","0","0","","","4","N","0","","39 56:56.300","","0","75 10:14.200","8","0","0","0","67301","0","0","0","N","0","0","0","6","00000","0","","1.0","","1","","","N","0","","0","0","0","","0","","","2","4","0","0","0","4","0","2","0","2","","","","N","","","","","","","","","",""
"2022079869","","0","0","0","0","0","0","0","0","0","1","0","","67","4","2021","6","40.013587","-75.068535","","6","0","0","0","0","0","0","0","0","","0","0","0","","","2","","5","","40 00:48.913","","0","75 04:06.725","8","0","0","0","67301","0","0","0","N","0","0","0","3","00000","0","","1.0","","1","","","N","0","","0","0","1","","2","","","2","2","0","0","0","2","0","2","0","2","","","","N","","","","","","","","","",""
"2022079389","","1","0","0","0","0","0","0","0","0","1","0","","67","2","2021","5","39.973237","-75.212226","","6","0","0","0","0","0","0","1","0","","0","0","0","","","1","","1","","39 58:23.653","","0","75 12:44.012","8","0","0","0","67301","0","0","0","N","0","0","0","2","00000","0","","1.0","","1","","","N","0","","0","0","1","","2","","","2","1","0","0","0","1","0","2","0","2","","","","N","","","","","","","","","",""
"2022079375","","0","0","0","0","0","0","0","0","0","1","0","","67","3","2021","7","","","","6","0","0","0","0","0","0","0","0","","0","0","0","","","1","","2","","","","0","","8","0","0","0","67301","0","0","0","N","0","0","0","2","00000","0","","1.0","","1","","","N","0","","0","0","0","","0","","","2","1","0","0","0","1","0","1","0","2","","","","N","","","","","","","","","",""
"2022079848","","1","0","0","0","0","0","0","0","0","1","0","","67","2","2021","5","39.929053","-75.220583","","6","0","0","0","0","1","1","0","0","","0","0","0","","","1","","1","","39 55:44.592","","0","75 13:14.099","8","0","0","0","67301","0","0","0","N","0","0","0","2","00000","0","","1.0","","1","","","N","0","","0","0","1","","2","","","2","1","0","0","0","1","0","2","0","2","","","","N","","","","","","","","","",""
"2022079915","","1","0","0","0","0","0","0","0","0","7","0","","67","3","2021","3","40.094565","-75.01502","","6","0","0","0","0","0","1","0","0","","0","0","0","","","1","N","0","","40 05:40.434","","0","75 00:54.071","8","0","0","0","67301","0","0","0","N","0","0","0","1","00000","0","","4.0","","1","","","N","0","","0","0","0","","0","","","2","1","0","0","0","1","0","2","0","1","","","","N","","","","","","","","","",""
"2022079373","","0","0","0","0","0","0","0","0","0","1","1","","67","2","2021","5","39.931855","-75.161029","","6","0","0","0","0","0","1","0","0","","0","1","0","","","0","","5","","39 55:54.677","","0","75 09:39.704","0","0","0","0","67301","0","0","0","N","0","0","0","2","00000","0","","1.0","","1","","","N","0","","0","0","1","","2","","","2","0","0","0","0","0","0","2","0","2","","","","N","","","","","","","","","",""
"2022079823","","2","0","0","0","0","0","0","0","0","1","0","","67","3","2021","4","39.946195","-75.243025","","6","0","0","0","0","1","0","0","0","","0","0","0","","","1","N","0","","39 56:46.303","","0","75 14:34.890","8","0","0","0","67301","0","0","0","N","0","0","0","2","00000","0","","1.0","","1","","","N","0","","0","0","0","","0","","","2","1","1","0","0","1","0","2","0","2","","","","N","","","","","","","","","",""
"2022079820","","1","0","0","0","0","0","0","0","0","5","1","","67","2","2021","1","39.916324","-75.218973","","6","0","0","0","0","0","0","0","0","","0","1","0","","","2","N","0","","39 54:58.767","","0","75 13:08.301","8","0","0","0","67301","0","0","0","N","0","0","0","3","00000","0","","1.0","","1","","","N","0","","0","0","0","","0","","","2","2","0","0","0","2","0","2","0","2","","","","N","","","","","","","","","",""
"2022079913","","1","0","0","0","0","0","0","0","0","5","0","","67","2","2021","6","39.974083","-75.22017","","6","0","0","0","0","0","0","0","0","","0","0","0","","","0","N","0","","39 58:26.698","","0","75 13:12.613","0","0","0","0","67301","0","0","0","N","0","0","0","2","00000","0","","6.0","","2","","","N","0","","0","0","0","","0","","","3","0","0","0","0","0","0","2","0","3","","10","","N","","","","","","","","","",""
"2022079712","","1","0","0","0","0","0","0","0","0","4","0","","67","2","2021","6","39.977768","-75.21345","","6","0","0","0","0","0","0","1","0","","0","0","0","","","1","","1","","39 58:39.965","","0","75 12:48.419","8","0","0","0","67301","0","0","0","N","0","0","0","2","00000","0","","1.0","","1","","","N","0","","0","0","1","","2","","","2","1","1","0","0","1","0","2","0","2","","","","N","","","","","","","","","",""
"2022079354","","0","0","0","0","0","0","0","0","0","5","0","","67","3","2021","2","","","","6","0","0","0","0","0","0","0","0","","0","0","0","","","2","N","0","","","","0","","8","0","0","0","67301","0","0","0","N","0","0","0","3","00000","0","","1.0","","1","","","N","0","","0","0","1","","0","","","2","2","0","0","0","2","0","1","0","2","","","","N","","","","","","","","","",""
"2022079801","","1","0","0","0","0","0","0","0","0","4","0","","67","4","2021","7","39.965591","-75.231913","","6","0","0","0","0","0","0","0","0","","0","0","0","","","1","","5","","39 57:56.127","","0","75 13:54.886","8","0","0","0","67301","0","0","0","N","0","0","0","2","00000","0","","1.0","","1","","","N","0","","0","0","1","","2","","","2","1","0","0","0","1","0","2","0","2","","","","N","","","","","","","","","",""
"2022079854","","1","0","0","0","0","0","0","0","0","1","0","","67","3","2021","4","40.023139","-75.158694","","6","0","0","0","0","0","1","0","0","","0","0","0","","","1","Y","0","","40 01:23.300","","0","75 09:31.300","8","0","0","0","67301","0","0","0","N","0","0","0","2","00000","0","","1.0","","1","","","N","0","","0","0","1","","2","","","2","1","0","0","0","1","0","2","0","2","","","","N","","","","","","","","","",""
"2022079922","","0","0","0","0","0","0","0","0","0","5","0","","67","3","2021","6","","","","6","0","0","0","0","0","0","0","0","","0","0","0","","","1","N","0","","","","0","","4","0","0","0","67301","0","0","0","N","0","0","0","2","00000","1","","1.0","","1","","","N","0","","0","0","2","","0","","","2","1","0","0","0","0","0","1","0","2","","","","N","","","","","","","","","",""
"2022079855","","1","0","0","0","0","0","0","0","0","4","0","","67","2","2021","1","39.928876","-75.235516","","6","0","0","0","0","0","1","0","0","","0","0","0","","","1","","1","","39 55:43.955","","0","75 14:07.857","8","0","0","0","67301","0","0","0","N","0","0","0","2","00000","0","","1.0","","1","","","N","0","","0","0","0","","2","","","2","1","0","0","0","1","0","2","0","2","","","","N","","","","","","","","","",""
"2022072191","1425","1","0","0","0","0","0","0","0","0","8","0","","67","9","2021","2","39.95656","-75.241884","1419","6","0","0","0","0","0","0","0","0","","0","0","0","","","1","","1","","39 57:23.615","","0","75 14:30.782","3","0","0","0","67301","1","0","0","N","1","0","0","2","67301","0","","1.0","","1","N","N","N","0","","1","0","0","","1","","","2","1","0","0","0","0","1","2","0","1","","03","","N","","","","","","","","","",""
"2022079883","","2","0","0","0","0","0","0","0","0","4","0","","67","2","2021","4","40.012406","-75.150554","","6","0","0","0","0","0","1","0","0","","0","0","0","","","2","","5","","40 00:44.661","","0","75 09:01.996","8","0","0","0","67301","0","0","0","N","0","0","0","3","00000","0","","1.0","","1","","","N","0","","0","0","0","","0","","","2","2","1","0","0","2","0","2","0","2","","","","N","","","","","","","","","",""
"2022079888","","1","0","0","0","0","0","0","0","0","5","0","","67","1","2021","4","39.919585","-75.202825","","6","0","0","0","0","0","0","0","0","","0","0","0","","","1","N","0","","39 55:10.505","","0","75 12:10.169","8","0","0","0","67301","0","0","0","N","0","0","0","2","00000","0","","1.0","","1","","","N","0","","0","0","0","","0","","","2","1","0","0","0","1","0","2","0","2","","","","N","","","","","","","","","",""
"2022079388","","1","0","0","0","0","0","0","0","0","1","0","","67","2","2021","3","39.954609","-75.164836","","6","0","0","0","0","0","0","0","0","","0","0","0","","","2","","1","","39 57:16.593","","0","75 09:53.411","8","0","0","0","67301","0","0","0","N","0","0","0","3","00000","0","","1.0","","1","","","N","0","","0","0","1","","2","","","2","2","0","0","0","2","0","2","0","2","","","","N","","","","","","","","","",""
"2022077428","2259","1","0","0","0","0","0","0","0","0","4","0","","67","11","2021","2","39.966539","-75.158287","2257","6","0","0","0","0","0","0","0","0","","0","0","0","","","1","","1","","39 57:59.540","","0","75 09:29.833","4","0","0","0","67301","0","0","0","N","0","0","0","2","67301","1","","1.0","","1","N","N","N","0","","0","0","1","","3","","","2","1","0","0","0","0","1","2","0","2","","03","","N","","","","","","","","","",""
"2022079779","1248","1","0","0","0","0","0","0","0","0","8","0","","67","9","2021","6","39.952296","-75.175409","1243","6","0","0","0","1","0","0","0","0","","0","0","0","","","1","","1","","39 57:08.267","","0","75 10:31.472","8","0","0","0","67301","1","0","0","N","1","0","0","2","67301","0","","1.0","","1","N","N","N","0","","0","0","0","","2","","","2","1","1","0","0","1","0","2","0","1","","","","N","","","","","","","","","",""
"2022076128","2215","1","0","0","1","0","1","0","0","0","8","0","","67","11","2021","3","39.9926","-75.120508","2215","6","0","0","0","0","1","0","0","0","","0","0","0","","","1","N","0","","39 59:33.360","","0","75 07:13.830","2","0","0","0","67301","1","0","1","N","0","0","0","2","67301","0","","1.0","","1","N","N","N","0","","0","1","0","","0","","","2","1","0","0","0","0","0","2","0","1","","03","","N","","","","","","","","","",""
"2022077419","1759","0","0","0","0","0","0","0","0","0","4","0","","67","12","2021","7","39.961767","-75.156114","1757","6","0","0","0","0","0","1","0","0","","0","0","0","","","0","","1","","39 57:42.360","4","0","75 09:22.012","9","0","0","0","67301","0","0","0","N","0","0","0","2","67301","0","","1.0","1830.0","1","N","N","N","0","","0","0","2","","2","N","","2","0","0","0","0","0","1","2","0","2","","03","","N","","","","","","","","","",""
"2022113178","2145","1","0","0","0","0","0","0","0","0","7","0","","67","10","2021","1","39.967036","-75.15195","2140","6","0","0","0","0","0","0","0","0","","0","0","0","","","0","N","0","","39 58:01.330","","0","75 09:07.020","9","0","0","0","67301","0","0","0","N","0","0","0","1","67301","0","","5.0","","9","N","N","N","0","","0","0","0","","0","","","1","0","0","0","0","0","1","2","0","1","","","","N","","","","","","","","","",""
"2022079870","","0","0","0","0","0","0","0","0","0","5","0","","67","4","2021","7","39.897783","-75.211471","","6","0","0","0","0","0","0","0","0","","0","0","0","","","3","N","0","","39 53:52.018","","3","75 12:41.295","8","0","0","0","67301","0","0","0","N","0","0","0","4","00000","0","","1.0","","1","","","N","0","","0","0","0","","0","","","2","3","0","0","0","3","0","2","1","2","","","","N","","","","","","","","","",""
"2022079362","","1","0","0","0","0","0","0","0","0","5","0","","67","5","2021","3","","","","6","0","0","0","0","0","0","0","0","","0","0","0","","","1","N","0","","","","0","","8","0","0","0","67301","0","0","0","N","0","0","0","2","00000","0","","1.0","","1","","","N","0","","0","0","0","","0","","","2","1","0","0","0","1","0","1","0","2","","","","N","","","","","","","","","",""
"2022079380","","1","0","0","0","0","0","0","0","0","1","0","","67","5","2021","5","39.989728","-75.170241","","6","0","0","0","0","0","1","0","0","","0","0","0","","","3","","1","","39 59:23.019","","0","75 10:12.867","8","0","0","0","67301","0","0","0","N","0","0","0","4","00000","0","","1.0","","1","","","N","0","","0","0","1","","2","","","2","3","0","0","0","3","0","2","0","2","","","","N","","","","","","","","","",""
"2022079857","","0","0","0","0","0","0","0","0","0","1","0","","67","5","2021","6","39.957425","-75.147294","","6","0","0","0","0","0","0","0","0","","0","0","0","","","4","Y","0","","39 57:26.731","","4","75 08:50.259","8","0","0","0","67301","0","0","0","N","0","0","0","5","00000","0","","1.0","","1","","","N","0","","0","0","2","","2","","","2","4","0","0","0","4","0","2","0","2","","","","N","","","","","","","","","",""
"2022094281","","1","0","0","0","0","0","0","0","0","5","0","","67","9","2021","7","39.97183","-75.159291","","6","0","0","0","0","0","1","0","0","","0","0","0","","","1","N","0","","39 58:18.587","","0","75 09:33.447","8","0","0","0","67301","0","0","0","N","0","0","0","2","00000","0","","1.0","","1","","","N","0","","0","0","0","","0","","","2","1","0","0","0","1","0","2","0","2","","","","N","","","","","","","","","",""
"2022079867","","0","0","0","0","0","0","0","0","0","5","0","","67","6","2021","3","40.029617","-75.059802","","6","0","0","0","0","0","0","0","0","","0","0","0","","","1","N","0","","40 01:46.621","","0","75 03:35.287","8","0","0","0","67301","0","0","0","N","0","0","0","2","00000","0","","1.0","","1","","","N","2","","0","0","0","","0","","","2","1","0","0","0","1","0","2","0","2","","","","N","","","","","","","","","",""
"2022079918","","2","0","0","0","0","0","0","0","0","4","0","","67","4","2021","3","40.040711","-75.158406","","6","0","0","1","0","0","0","1","0","","0","0","0","","","1","","2","","40 02:26.559","","0","75 09:30.261","8","0","0","0","67301","0","0","0","N","0","0","0","2","00000","0","","1.0","","1","","","N","0","","0","0","0","","3","","","2","1","0","0","0","1","0","2","0","2","","","","N","","","","","","","","","",""
"2022079807","","2","0","0","0","0","0","0","0","0","4","0","","67","4","2021","3","40.038189","-75.078569","","6","0","0","0","0","0","0","0","0","","0","0","0","","","1","","1","","40 02:17.479","","0","75 04:42.847","8","0","0","0","67301","0","0","0","N","0","0","0","2","00000","0","","1.0","","1","","","N","0","","0","0","0","","2","","","2","1","0","0","0","1","0","2","0","2","","","","N","","","","","","","","","",""
"2022079890","","1","0","0","0","0","0","0","0","0","4","0","","67","7","2021","3","39.952517","-75.170167","","6","0","0","0","0","0","0","0","0","","0","0","0","","","0","","1","","39 57:09.061","","0","75 10:12.601","0","0","0","0","67301","0","0","0","N","0","0","0","2","00000","0","","1.0","","1","","","N","0","","0","0","1","","0","","","2","0","0","0","0","0","0","2","0","2","","","","N","","","","","","","","","",""
"2022079391","","2","0","0","0","0","0","0","0","0","1","0","","67","4","2021","4","39.988127","-75.206887","","6","0","0","0","1","1","0","0","0","","0","0","0","","","1","N","0","","39 59:17.256","","2","75 12:24.793","8","0","0","0","67301","0","0","0","N","0","0","0","2","00000","0","","1.0","","1","","","N","0","","0","0","0","","0","","","2","1","0","0","0","1","0","2","0","2","","","","N","","","","","","","","","",""
"2022080201","","2","0","0","0","0","0","0","0","0","4","0","","67","5","2021","6","39.977768","-75.21345","","6","0","0","0","0","0","1","0","0","","0","0","0","","","1","","1","","39 58:39.965","","0","75 12:48.419","8","0","0","0","67301","0","0","0","N","0","0","0","2","00000","0","","1.0","","1","","","N","0","","0","0","0","","0","","","2","1","0","0","0","1","0","2","0","2","","","","N","","","","","","","","","",""
"2022080203","","1","0","0","0","0","0","0","0","0","1","0","","67","5","2021","6","40.00048","-75.194866","","6","0","0","0","0","0","1","0","0","","0","0","0","","","1","N","0","","40 00:01.727","","0","75 11:41.517","8","0","0","0","67301","0","0","0","N","0","0","0","2","00000","0","","1.0","","1","","","N","0","","0","0","0","","0","","","2","1","0","0","0","1","0","2","0","2","","","","N","","","","","","","","","",""
"2022079853","","1","0","0","0","0","0","0","0","0","1","0","","67","4","2021","1","39.918055","-75.209666","","6","0","0","0","0","1","0","0","0","","0","0","0","","","1","Y","0","","39 55:04.998","","0","75 12:34.799","8","0","0","0","67301","0","0","0","N","0","0","0","2","00000","0","","1.0","","1","","","N","0","","0","0","1","","2","","","2","1","0","0","0","1","0","2","0","2","","","","N","","","","","","","","","",""
"2022079792","","2","0","0","0","0","0","0","0","0","1","0","","67","4","2021","2","39.999703","-75.138235","","6","0","0","0","0","0","2","0","0","","0","0","0","","","1","Y","0","","39 59:58.931","","0","75 08:17.646","8","0","0","0","67301","0","0","0","N","0","0","0","2","00000","0","","1.0","","1","","","N","0","","0","0","0","","2","","","2","1","0","0","0","1","0","2","0","2","","","","N","","","","","","","","","",""
"2022075119","","1","0","0","0","0","0","0","0","0","1","0","","67","12","2021","6","","","","6","0","0","0","0","0","0","0","0","","0","0","0","","","2","N","0","","","","3","","8","0","0","0","67301","0","0","0","N","0","0","0","3","00000","0","","1.0","","1","","","N","0","","0","0","0","","0","","","2","2","0","0","0","2","0","1","0","2","","","","N","","","","","","","","","",""
"2022091825","","1","0","0","0","0","0","0","0","0","5","0","","67","10","2021","7","39.956778","-75.164444","","6","0","0","0","0","0","0","0","0","","0","0","0","","","1","N","0","","39 57:24.400","","0","75 09:52.000","8","0","0","0","67301","0","0","0","N","0","0","0","2","00000","0","","1.0","","1","","","N","0","","0","0","0","","0","","","2","1","0","0","0","1","0","2","0","2","","","","N","","","","","","","","","",""
"2022118335","","1","0","0","0","0","0","0","0","0","4","0","","67","10","2021","5","39.996649","-75.175534","","6","0","0","0","0","0","1","0","0","","0","0","0","","","1","","1","","39 59:47.935","","0","75 10:31.923","8","0","0","0","67301","0","0","0","N","0","0","0","2","00000","0","","1.0","","1","","","N","0","","0","0","1","","2","","","2","1","1","0","0","1","0","2","0","2","","","","N","","","","","","","","","",""
"2023019168","","1","0","0","0","0","0","0","0","0","1","0","","67","8","2021","6","","","","6","0","0","0","0","0","0","0","0","","0","0","0","","","2","","1","","","","0","","8","0","0","0","67301","0","0","0","N","0","0","0","2","00000","0","","1.0","","1","","","N","0","","0","0","1","","2","","","2","2","0","0","0","2","0","1","0","2","","","","N","","","","","","","","","",""
"2023065932","1137","0","0","0","0","0","0","0","0","0","4","0","","67","7","2021","6","40.007217","-75.123438","1130","6","0","0","0","0","0","1","0","0","","0","0","0","","","1","","1","","40 00:25.981","","0","75 07:24.378","3","0","0","0","67301","0","0","0","N","0","0","0","3","67301","0","","1.0","","1","N","N","N","2","","1","0","0","","2","","","3","1","0","0","0","0","1","2","1","3","","03","","N","","","","","","","","","",""
"2023046835","0340","1","0","0","0","0","0","0","0","0","8","0","","67","7","2021","2","40.012431","-75.160001","0337","6","0","0","0","0","0","0","0","0","","0","0","0","","","1","N","0","","40 00:44.750","","0","75 09:36.003","3","0","0","0","67301","1","0","0","N","1","0","0","2","67301","0","","1.0","","1","N","N","N","0","","1","0","0","","0","","","2","1","0","0","0","0","0","2","0","1","","03","","N","","","","","","","","","",""
"2023054885","1850","3","0","0","0","0","0","0","0","0","4","0","","67","12","2021","4","40.021078","-75.17389","1838","6","0","0","0","0","0","0","0","0","","0","0","0","","","0","N","0","","40 01:15.882","4","7","75 10:26.003","0","0","0","0","67301","0","0","0","N","0","0","0","3","67301","0","","1.0","1915.0","1","N","N","N","0","","0","0","1","","0","N","","4","0","0","0","0","0","0","2","0","4","","03","","N","","","","","","","","","",""
"2023051424","2058","3","0","0","0","0","0","0","0","0","4","0","","67","12","2021","1","40.008655","-75.098426","2057","6","0","0","1","0","0","1","0","0","","0","0","0","","","3","","1","","40 00:31.157","","0","75 05:54.335","3","0","0","0","67301","0","0","0","N","0","0","0","3","67301","0","","1.0","","1","N","N","N","0","","1","0","0","","2","","","3","3","1","0","0","2","0","2","0","3","","03","","N","","","","","","","","","",""
"2023051425","0245","1","0","0","0","0","0","0","0","0","4","0","","67","12","2021","4","39.991092","-75.124625","0245","6","0","0","0","0","0","0","0","0","","0","0","0","","","1","N","0","","39 59:27.930","3","0","75 07:28.650","8","0","0","0","67301","0","0","0","N","0","0","0","1","67301","0","","1.0","415.0","9","N","N","N","0","","0","0","3","","0","Y","","4","1","1","0","0","1","0","2","0","4","","07","","N","","","","","","","","","",""
"2023082359","9999","2","0","0","0","0","0","0","0","0","1","0","","67","9","2021","1","39.992366","-75.185956","9999","6","0","0","0","0","0","1","0","0","","0","0","0","","","1","Y","0","","39 59:32.516","","0","75 11:09.443","3","0","0","0","67301","0","0","0","N","0","0","0","3","00000","0","","1.0","","99","N","N","N","0","","1","0","0","","0","","","2","1","0","0","0","0","1","2","0","2","","","","N","","","","","","","","","",""
"2023022560","","1","0","0","0","0","0","0","0","0","4","0","","67","4","2021","6","39.921034","-75.228912","","6","0","0","0","0","0","0","0","0","","0","0","0","","","0","","1","","39 55:15.723","","0","75 13:44.082","9","0","0","0","67301","0","0","0","N","0","0","0","2","67301","0","","1.0","","1","N","N","N","0","","0","0","1","","2","","","2","0","0","0","0","0","2","2","0","2","03","03","","N","","","","","","","","","",""
"2024009604","2121","0","0","0","0","0","0","0","0","0","8","0","","67","11","2021","5","39.977269","-75.158093","2121","6","0","0","0","0","0","0","0","0","","0","0","0","","","1","","1","","39 58:38.167","","0","75 09:29.135","8","0","0","0","67301","1","0","0","N","1","0","0","2","67301","0","","1.0","","1","N","N","N","0","","0","0","0","","2","","","2","1","0","0","0","1","1","2","0","1","03","03","","N","","","","","","","","","",""