"CRN","ARRIVAL_TM","AUTOMOBILE_COUNT","BELTED_DEATH_COUNT","BELTED_SUSP_SERIOUS_INJ_COUNT","BICYCLE_COUNT","BICYCLE_DEATH_COUNT","BICYCLE_SUSP_SERIOUS_INJ_COUNT","BUS_COUNT","CHLDPAS_DEATH_COUNT","CHLDPAS_SUSP_SERIOUS_INJ_COUNT","COLLISION_TYPE","COMM_VEH_COUNT","CONS_ZONE_SPD_LIM","COUNTY","CRASH_MONTH","CRASH_YEAR","DAY_OF_WEEK","DEC_LATITUDE","DEC_LONGITUDE","DISPATCH_TM","DISTRICT","DRIVER_COUNT_16YR","DRIVER_COUNT_17YR","DRIVER_COUNT_18YR","DRIVER_COUNT_19YR","DRIVER_COUNT_20YR","DRIVER_COUNT_50_64YR","DRIVER_COUNT_65_74YR","DRIVER_COUNT_75PLUS","EST_HRS_CLOSED","FATAL_COUNT","HEAVY_TRUCK_COUNT","HORSE_BUGGY_COUNT","HOUR_OF_DAY","ILLUMINATION","INJURY_COUNT","INTERSECTION_RELATED","INTERSECT_TYPE","LANE_CLOSED","LATITUDE","LN_CLOSE_DIR","LOCATION_TYPE","LONGITUDE","MAX_SEVERITY_LEVEL","MCYCLE_DEATH_COUNT","MCYCLE_SUSP_SERIOUS_INJ_COUNT","MOTORCYCLE_COUNT","MUNICIPALITY","NONMOTR_COUNT","NONMOTR_DEATH_COUNT","NONMOTR_SUSP_SERIOUS_INJ_COUNT","NTFY_HIWY_MAINT","PED_COUNT","PED_DEATH_COUNT","PED_SUSP_SERIOUS_INJ_COUNT","PERSON_COUNT","POLICE_AGCY","POSSIBLE_INJ_COUNT","RDWY_SURF_TYPE_CD","RELATION_TO_ROAD","ROADWAY_CLEARED","ROAD_CONDITION","SCH_BUS_IND","SCH_ZONE_IND","SECONDARY_CRASH","SMALL_TRUCK_COUNT","SPEC_JURIS_CD","SUSP_MINOR_INJ_COUNT","SUSP_SERIOUS_INJ_COUNT","SUV_COUNT","TCD_FUNC_CD","TCD_TYPE","TFC_DETOUR_IND","TIME_OF_DAY","TOTAL_UNITS","TOT_INJ_COUNT","UNBELTED_OCC_COUNT","UNB_DEATH_COUNT","UNB_SUSP_SERIOUS_INJ_COUNT","UNK_INJ_DEG_COUNT","UNK_INJ_PER_COUNT","URBAN_RURAL","VAN_COUNT","VEHICLE_COUNT","WEATHER1","WEATHER2","WORKERS_PRES","WORK_ZONE_IND","WORK_ZONE_LOC","WORK_ZONE_TYPE","WZ_CLOSE_DETOUR","WZ_FLAGGER","WZ_LAW_OFFCR_IND","WZ_LN_CLOSURE","WZ_MOVING","WZ_OTHER","WZ_SHLDER_MDN","WZ_WORKERS_INJ_KILLED"
"2024012058","1419","1","0","0","0","0","0","0","0","0","8","0","","67","11","2021","4","39.981577","-75.180262","1419","6","0","0","0","0","0","0","0","0","","0","0","0","","","1","","1","","39 58:53.677","","0","75 10:48.943","3","0","0","0","67301","1","0","0","N","1","0","0","2","67301","0","","1.0","","1","N","N","N","0","","1","0","0","","2","","","2","1","0","0","0","0","1","2","0","1","03","03","","N","","","","","","","","","",""
"2024012057","1433","1","0","0","0","0","0","0","0","0","6","0","","67","10","2021","7","39.994344","-75.192106","1430","6","0","0","0","0","0","0","0","1","","0","0","0","","","1","N","0","","39 59:39.640","1","0","75 11:31.580","8","0","0","0","67301","0","0","0","N","0","0","0","3","67301","0","","1.0","1640.0","1","N","N","N","0","","0","0","1","","0","Y","","2","1","0","0","0","1","0","2","0","2","03","03","","N","","","","","","","","","",""
"2024012984","1852","2","0","0","0","0","0","0","0","0","5","0","","67","12","2021","2","39.971622","-75.228828","1852","6","0","0","0","0","0","0","0","0","","0","0","0","","","0","N","0","","39 58:17.840","","0","75 13:43.780","9","0","0","0","67301","0","0","0","N","0","0","0","3","67301","0","","1.0","","1","N","N","N","0","","0","0","2","","0","","","4","0","0","0","0","0","1","2","0","4","03","03","","N","","","","","","","","","",""
"2021042072","2316","1","0","0","0","0","0","0","0","0","8","0","","67","5","2021","1","40.126614","-75.014399","2311","6","0","0","0","0","0","0","0","0","","1","0","0","","","0","N","0","","40 07:35.812","","0","75 00:51.835","1","0","0","0","67301","1","1","0","N","1","1","0","2","67301","0","2","1.0","","1","N","N","N","0","0","0","0","0","","0","","","2","0","0","0","0","0","0","2","0","1","03","03","","N","","","","","","","","","",""
"2021015427","2014","2","0","0","0","0","0","0","0","0","6","0","","67","2","2021","7","39.965125","-75.217475","2013","6","0","0","0","0","0","1","0","0","","0","0","0","","","0","N","0","","39 57:54.450","","0","75 13:02.910","0","0","0","0","67301","0","0","0","N","0","0","0","1","67301","0","","6.0","","2","N","N","N","0","","0","0","4","","0","","","7","0","0","0","0","0","0","2","1","7","06","06","","N","","","","","","","","","",""
"2021031271","0245","1","0","0","0","0","0","0","0","0","4","0","","67","4","2021","2","39.921983","-75.234719","0235","6","0","0","0","0","0","0","0","0","","0","0","0","","","0","N","0","","39 55:19.140","","3","75 14:04.990","9","0","0","0","67301","0","0","0","N","0","0","0","1","67301","0","","6.0","","1","N","N","N","1","","0","0","0","","0","","","2","0","0","0","0","0","1","2","0","2","03","03","","N","","","","","","","","","",""
"2021031893","1518","1","0","0","0","0","0","0","0","0","1","0","","67","4","2021","3","39.919815","-75.148181","1512","6","0","0","0","0","0","0","0","0","","0","0","0","","","1","N","0","","39 55:11.335","2","0","75 08:53.452","8","0","0","0","67301","0","0","0","N","0","0","0","1","68K01","0","","2.0","1600.0","1","N","N","N","0","","0","0","1","","0","N","","2","1","0","0","0","1","0","2","0","2","03","","","N","","","","","","","","","",""
"2021021568","1603","0","0","0","0","0","0","0","0","0","8","0","","67","3","2021","3","39.973517","-75.221106","1559","6","0","0","0","0","0","0","0","0","","0","0","0","","","1","N","0","","39 58:24.660","","0","75 13:15.980","3","0","0","0","67301","1","0","0","N","1","0","0","2","67301","0","","1.0","","1","N","N","N","0","","1","0","1","","0","","","2","1","1","0","0","0","0","2","0","1","03","03","","N","","","","","","","","","",""
"2021000028","0155","0","0","0","0","0","0","0","0","0","1","0","","67","1","2021","6","39.987671","-75.123194","0150","6","0","0","0","0","0","0","0","0","","0","0","0","","","0","N","0","","39 59:15.614","","0","75 07:23.497","0","0","0","0","67301","0","0","0","N","0","0","0","1","67301","0","","5.0","","1","N","N","N","0","","0","0","2","","0","","","2","0","0","0","0","0","0","2","0","2","03","03","","N","","","","","","","","","",""
"2021021367","0611","1","0","0","0","0","0","0","0","0","1","0","","67","3","2021","3","39.983814","-75.097288","0552","6","0","0","0","0","0","0","0","0","","0","0","0","","","0","N","0","","39 59:01.731","2","0","75 05:50.236","0","0","0","0","67301","0","0","0","N","0","0","0","2","68K01","0","","1.0","620.0","1","N","N","N","0","","0","0","1","","0","N","","2","0","1","0","0","0","0","2","0","2","03","","","N","","","","","","","","","",""
"2021020818","1905","1","0","0","0","0","0","1","0","0","1","1","","67","2","2021","7","39.999242","-75.075214","1854","6","0","0","0","0","0","0","0","0","","0","0","0","","","1","N","1","","39 59:57.271","","0","75 04:30.770","8","0","0","0","67301","0","0","0","N","0","0","0","2","67508","0","","1.0","","2","N","N","Y","0","","0","0","0","","2","","","2","1","0","0","0","1","0","2","0","2","98","98","","N","","","","","","","","","",""
"2021013760","1038","0","0","0","0","0","0","0","0","0","4","0","","67","2","2021","2","40.042211","-75.126294","1034","6","0","0","0","0","0","1","0","0","","0","0","0","","","1","","1","","40 02:31.958","","0","75 07:34.659","3","0","0","0","67301","0","0","0","N","0","0","0","2","67301","0","","1.0","","2","N","N","N","0","","1","0","2","","2","","","2","1","0","0","0","0","0","2","0","2","03","03","","N","","","","","","","","","",""
"2021018183","1758","1","0","0","0","0","0","0","0","0","5","1","45","67","2","2021","4","39.974969","-75.117405","1744","6","0","0","0","0","0","2","0","0","","0","1","0","","","1","N","0","","39 58:29.890","2","0","75 07:02.658","8","0","0","0","67301","0","0","0","N","0","0","0","2","68K01","0","","1.0","100.0","1","N","N","N","0","","0","0","0","","0","Y","","2","1","0","0","0","1","0","2","0","2","","03","N","Y","4","1","","","N","","","Y","","N"
"2021019080","0230","1","0","0","0","0","0","0","0","0","1","0","","67","2","2021","4","39.931427","-75.199424","0230","6","0","0","0","0","0","0","0","0","","0","0","0","","","0","N","0","","39 55:53.136","4","0","75 11:57.928","9","0","0","0","67301","0","0","0","N","0","0","0","2","68K01","0","","1.0","235.0","1","N","N","N","0","","0","0","0","","0","N","","2","0","0","0","0","0","1","2","0","2","","","","N","","","","","","","","","",""
"2021008759","0915","0","0","0","0","0","0","0","0","0","5","0","","67","1","2021","3","39.980647","-75.167264","0910","6","0","0","0","0","0","0","0","0","","0","0","0","","","0","N","0","","39 58:50.330","","0","75 10:02.150","0","0","0","0","67301","0","0","0","N","0","0","0","2","67301","0","","6.0","","1","N","N","N","0","","0","0","1","","0","","","2","0","0","0","0","0","0","2","1","2","","03","","N","","","","","","","","","",""
"2021012836","2316","2","0","0","0","0","0","0","0","0","6","0","","67","2","2021","7","40.022569","-75.078506","2311","6","0","0","0","0","0","0","0","0","","0","0","0","","","0","N","0","","40 01:21.250","","0","75 04:42.620","0","0","0","0","67301","0","0","0","N","0","0","0","1","67301","0","","6.0","","1","N","N","N","0","","0","0","2","","0","","","4","0","1","0","0","0","0","2","0","4","","03","","N","","","","","","","","","",""
"2021016326","0350","1","0","0","0","0","0","1","0","0","4","1","","67","1","2021","5","39.969842","-75.241138","0340","6","0","0","0","0","0","0","0","0","","0","0","0","","","0","","1","","39 58:11.431","","0","75 14:28.096","9","0","0","0","67301","0","0","0","N","0","0","0","2","67508","0","","1.0","","98","N","N","Y","0","","0","0","0","","2","","","2","0","0","0","0","0","1","2","0","2","","98","","N","","","","","","","","","",""
"2021016751","1223","2","0","0","0","0","0","0","0","0","4","0","","67","2","2021","4","40.009585","-75.180418","1220","6","0","0","0","0","0","0","1","0","","0","0","0","","","1","","2","","40 00:34.506","","0","75 10:49.505","8","0","0","0","67301","0","0","0","N","0","0","0","2","67301","0","","1.0","","1","N","N","N","0","","0","0","0","","2","","","2","1","0","0","0","1","1","2","0","2","","","","N","","","","","","","","","",""
"2021015235","2359","0","0","0","0","0","0","0","0","0","4","0","","67","2","2021","7","40.040645","-75.052244","2357","6","0","0","1","0","0","0","1","0","","0","0","0","","","1","","2","","40 02:26.323","","0","75 03:08.078","8","0","0","0","67301","0","0","0","N","0","0","0","4","67301","0","","1.0","","2","N","N","N","0","","0","0","2","","3","","","2","1","0","0","0","1","0","2","0","2","","98","","N","","","","","","","","","",""
"2021043715","0027","1","0","0","0","0","0","0","0","0","1","0","","67","5","2021","1","39.979626","-75.107508","0027","6","0","0","0","0","0","0","0","0","","0","0","0","","","1","N","0","","39 58:46.653","2","0","75 06:27.030","3","0","0","0","67301","0","0","0","N","0","0","0","2","68K01","0","","1.0","40.0","1","N","N","N","0","","1","0","1","","0","N","","2","1","0","0","0","0","0","2","0","2","","","","N","","","","","","","","","",""
"2021043088","0739","1","0","0","0","0","0","0","0","0","1","0","","67","5","2021","3","39.985667","-75.208279","0727","6","0","0","0","0","0","0","0","0","","0","0","0","","","0","N","0","","39 59:08.401","","0","75 12:29.803","0","0","0","0","67301","0","0","0","N","0","0","0","2","68K01","0","","1.0","","1","N","N","N","0","","0","0","1","","0","","","2","0","0","0","0","0","0","2","0","2","","","","N","","","","","","","","","",""
"2021017589","1803","2","0","0","0","0","0","0","0","0","4","0","","67","2","2021","7","39.922972","-75.238667","1803","6","0","0","0","0","0","0","0","0","","0","0","0","","","1","N","0","","39 55:22.700","","7","75 14:19.200","8","0","0","0","67301","0","0","0","N","0","0","0","5","67301","0","","1.0","","1","N","N","N","0","","0","0","0","","0","","","2","1","0","0","0","1","0","2","0","2","","03","","N","","","","","","","","","",""
"2021043236","0612","1","0","0","0","0","0","0","0","0","2","0","","67","5","2021","1","39.963758","-75.21976","0611","6","0","0","0","0","0","1","0","0","","0","0","0","","","2","N","0","","39 57:49.527","3","0","75 13:11.136","3","0","0","0","67301","0","0","0","N","0","0","0","5","67301","0","","1.0","800.0","1","N","N","N","0","","2","0","1","","0","N","","2","2","1","0","0","0","0","2","0","2","","","","N","","","","","","","","","",""
"2021015246","0215","2","0","0","0","0","0","0","0","0","4","0","","67","2","2021","7","40.0262","-75.16915","0212","6","0","0","0","0","0","0","0","0","","0","0","0","","","1","","1","","40 01:34.321","","0","75 10:08.941","8","0","0","0","67301","0","0","0","N","0","0","0","2","67301","0","","1.0","","1","N","N","N","0","","0","0","0","","2","","","2","1","0","0","0","1","0","2","0","2","","03","","N","","","","","","","","","",""
"2021030133","0257","2","0","0","0","0","0","0","0","0","4","0","","67","3","2021","4","40.027556","-75.132442","0254","6","0","0","0","0","0","0","0","0","","0","0","0","","","1","N","0","","40 01:39.200","5","0","75 07:56.790","4","0","0","0","67301","0","0","0","N","0","0","0","2","67301","1","","1.0","407.0","1","N","N","N","0","","0","0","0","","0","Y","","2","1","0","0","0","0","0","2","0","2","","","","N","","","","","","","","","",""
"2021020523","1535","1","0","0","0","0","0","0","0","0","7","0","","67","2","2021","7","39.985113","-75.0946","1527","6","0","0","0","0","0","1","0","0","","0","0","0","","","0","N","0","","39 59:06.408","2","3","75 05:40.561","0","0","0","0","67301","0","0","0","N","0","0","0","1","68K01","0","","4.0","1620.0","9","N","N","N","0","","0","0","0","","0","N","","1","0","1","0","0","0","0","2","0","1","","","","N","","","","","","","","","",""
"2021017004","1235","0","0","0","0","0","0","0","0","0","7","0","","67","2","2021","2","39.997843","-75.110972","1230","6","0","0","0","0","0","0","0","0","","0","0","0","","","1","","5","","39 59:52.234","2","1","75 06:39.499","8","0","0","0","67301","0","0","0","N","0","0","0","2","67301","0","","4.0","1330.0","1","N","N","N","0","","0","0","0","","2","Y","","1","1","0","0","0","1","1","2","1","1","","03","","N","","","","","","","","","",""
"2021017841","0340","2","0","0","0","0","0","0","0","0","5","0","","67","2","2021","5","39.942258","-75.214281","0335","6","0","0","0","0","0","0","0","0","","0","0","0","","","0","N","0","","39 56:32.130","","0","75 12:51.410","0","0","0","0","67301","0","0","0","N","0","0","0","1","67301","0","","6.0","","1","N","N","N","0","","0","0","2","","0","","","4","0","0","0","0","0","0","2","0","4","","03","","N","","","","","","","","","",""
"2021017750","2105","2","0","0","0","0","0","0","0","0","5","0","","67","2","2021","7","39.927689","-75.192506","2058","6","0","0","0","0","0","0","1","0","","0","0","0","","","1","N","0","","39 55:39.680","","0","75 11:33.020","8","0","0","0","67301","0","0","0","N","0","0","0","1","67301","0","","6.0","","2","N","N","N","0","","0","0","0","","0","","","2","1","0","0","0","1","0","2","0","2","","03","","N","","","","","","","","","",""
"2021009329","2046","1","0","0","0","0","0","0","0","0","5","0","","67","1","2021","2","40.121814","-75.02195","2030","6","0","0","0","0","0","0","0","0","","0","0","0","","","0","N","0","","40 07:18.530","1","0","75 01:19.020","9","0","0","0","67301","0","0","0","N","0","0","0","1","67301","0","","6.0","2144.0","1","N","N","N","0","","0","0","1","","0","N","","2","0","0","0","0","0","1","2","0","2","","03","","N","","","","","","","","","",""
"2021007472","0840","2","0","0","0","0","0","0","0","0","4","0","","67","1","2021","4","39.942628","-75.221405","0831","6","0","0","0","0","0","0","0","0","","0","0","0","","","1","","1","","39 56:33.460","","0","75 13:17.058","3","0","0","0","67301","0","0","0","N","0","0","0","2","67301","0","","1.0","","1","N","N","N","0","","1","0","0","","2","","","2","1","0","0","0","0","0","2","0","2","","","","N","","","","","","","","","",""
"2021016750","1208","1","0","0","0","0","0","0","0","0","4","0","","67","2","2021","4","39.997333","-75.165556","1204","6","0","0","0","0","0","0","0","0","","0","0","0","","","0","N","0","","39 59:50.400","","7","75 09:56.000","0","0","0","0","67301","0","0","0","N","0","0","0","2","67301","0","","1.0","","1","N","N","N","0","","0","0","1","","0","","","2","0","0","0","0","0","0","2","0","2","","04","","N","","","","","","","","","",""
"2021036027","0908","1","0","0","0","0","0","0","0","0","1","0","45","67","4","2021","3","40.012757","-75.058501","0908","6","0","0","0","0","0","0","1","0","","0","0","0","","","0","N","0","","40 00:45.924","1","0","75 03:30.604","0","0","0","0","67301","0","0","0","N","0","0","0","3","68K01","0","","1.0","846.0","9","N","N","Y","1","","0","0","1","","0","N","","3","0","0","0","0","0","0","2","0","3","","","Y","Y","4","1","N","N","N","N","N","N","Y","N"
"2021004013","0414","0","0","0","0","0","0","0","0","0","5","0","45","67","1","2021","6","40.017675","-75.049156","0406","6","0","1","0","0","0","0","0","0","","0","0","0","","","0","N","0","","40 01:03.630","2","0","75 02:56.963","0","0","0","0","67301","0","0","0","N","0","0","0","2","68K01","0","","1.0","500.0","1","N","N","N","0","","0","0","2","","0","N","","2","0","0","0","0","0","0","2","0","2","","","N","Y","4","1","","","N","","","","Y","N"
"2021021906","0202","1","0","0","0","0","0","0","0","0","7","0","","67","2","2021","1","39.97175","-75.193222","0153","6","0","0","0","0","0","0","0","0","","0","0","0","","","0","","7","","39 58:18.300","4","2","75 11:35.600","0","0","0","0","67301","0","0","0","Y","0","0","0","2","68K01","0","","7.0","230.0","1","N","N","N","0","","0","0","0","","0","N","","1","0","0","0","0","0","0","2","0","1","","","","N","","","","","","","","","",""
"2021003043","2127","1","0","0","0","0","0","0","0","0","6","0","","67","1","2021","7","39.987517","-75.108246","2127","6","0","0","0","0","0","1","0","0","","0","0","0","","","0","N","0","","39 59:15.062","","0","75 06:29.686","0","0","0","0","67301","0","0","0","N","0","0","0","2","67301","0","","1.0","","1","N","N","N","0","","0","0","1","","0","","","2","0","2","0","0","0","0","2","0","2","","","","N","","","","","","","","","",""
"2021019005","1320","0","0","0","0","0","0","0","0","0","7","0","","67","2","2021","1","40.031038","-75.021738","1257","6","0","0","0","0","0","0","0","0","","0","0","0","","","0","N","0","","40 01:51.738","","3","75 01:18.258","0","0","0","0","67301","0","0","0","N","0","0","0","1","68K01","0","","4.0","","9","N","N","N","1","","0","0","0","","0","","","1","0","0","0","0","0","0","2","0","1","","","","N","","","","","","","","","",""
"2021010462","1000","0","0","0","0","0","0","0","0","0","4","0","","67","2","2021","2","40.001084","-75.215384","0956","6","0","0","0","0","0","2","0","0","","0","0","0","","","1","","5","","40 00:03.902","","0","75 12:55.382","3","0","0","0","67301","0","0","0","N","0","0","0","2","67301","0","","1.0","","2","N","N","N","0","","1","0","2","","2","","","2","1","0","0","0","0","0","2","0","2","","09","","N","","","","","","","","","",""
"2021041092","1650","1","0","0","0","0","0","0","0","0","4","0","","67","5","2021","5","39.989063","-75.089618","1646","6","0","0","0","0","0","1","0","0","","0","0","0","","","0","","1","","39 59:20.627","","0","75 05:22.626","0","0","0","0","67301","0","0","0","N","0","0","0","2","67301","0","","1.0","","1","N","N","N","1","","0","0","0","","2","","","2","0","0","0","0","0","0","2","0","2","","","","N","","","","","","","","","",""
"2021037924","1255","0","0","0","0","0","0","1","0","0","5","1","","67","4","2021","3","40.060439","-75.167031","1240","6","0","0","0","0","0","1","0","0","","0","0","0","","","1","","1","","40 03:37.582","","0","75 10:01.312","4","0","0","0","67301","0","0","0","N","0","0","0","2","67508","1","","1.0","","1","N","N","Y","0","","0","0","0","","2","","","2","1","0","0","0","0","0","2","1","2","","03","","N","","","","","","","","","",""
"2021033537","0612","2","0","0","0","0","0","0","0","0","5","0","","67","4","2021","5","39.921219","-75.148078","0601","6","0","0","0","0","0","0","0","0","","0","0","0","","","0","N","0","","39 55:16.388","","0","75 08:53.080","9","0","0","0","67301","0","0","0","N","0","0","0","2","68K01","0","","1.0","","9","N","N","N","0","","0","0","0","","0","","","2","0","0","0","0","0","1","2","0","2","","07","","N","","","","","","","","","",""
"2021014071","1718","0","0","0","0","0","0","0","0","0","7","0","35","67","2","2021","1","","","1718","6","0","0","0","0","0","0","0","0","","0","0","0","","","1","N","0","","","","3","","3","0","0","0","67301","0","0","0","N","0","0","0","1","67501","0","","5.0","","2","N","N","N","0","","1","0","1","","0","","","1","1","0","0","0","0","0","1","0","1","","03","N","Y","5","1","","","N","","","","Y","N"
"2021014591","0804","2","0","0","0","0","0","0","0","0","4","0","","67","2","2021","2","39.999674","-75.098989","0742","6","0","0","0","0","0","0","1","0","","0","0","0","","","5","","1","","39 59:58.827","","0","75 05:56.359","3","0","0","0","67301","0","0","0","N","0","0","0","6","67301","0","","1.0","","2","N","N","N","0","","5","0","0","","2","","","2","5","0","0","0","0","0","2","0","2","","03","","N","","","","","","","","","",""
"2021010642","1946","0","0","0","0","0","0","0","0","0","4","0","","67","1","2021","1","39.938213","-75.198722","1944","6","0","0","0","0","0","0","0","0","","0","0","0","","","1","","1","","39 56:17.565","2","0","75 11:55.398","3","0","0","0","67301","0","0","0","N","0","0","0","2","67301","0","","1.0","2000.0","1","N","N","N","0","","1","0","2","","2","N","","2","1","2","0","0","0","0","2","0","2","","03","","N","","","","","","","","","",""
"2021003497","0338","1","0","0","0","0","0","0","0","0","7","0","","67","1","2021","1","40.067312","-75.02824","0338","6","0","0","0","0","0","0","0","0","","0","0","0","","","1","","2","","40 04:02.323","","0","75 01:41.663","4","0","0","0","67301","0","0","0","N","0","0","0","1","67301","1","","4.0","","1","N","N","N","0","","0","0","0","","2","","","1","1","0","0","0","0","0","2","0","1","","03","","N","","","","","","","","","",""
"2021032682","2030","0","0","0","0","0","0","0","0","0","8","0","","67","4","2021","4","40.023266","-75.150444","2030","6","0","0","0","0","0","0","0","0","","0","0","0","","","1","","2","","40 01:23.757","","0","75 09:01.599","3","0","0","0","67301","1","0","0","N","1","0","0","2","67301","0","","1.0","","1","N","N","N","0","","1","0","1","","3","","","2","1","0","0","0","0","0","2","0","1","","03","","N","","","","","","","","","",""
"2021014812","1948","2","0","0","0","0","0","0","0","0","5","0","","67","1","2021","1","40.040681","-75.005536","1935","6","0","0","0","0","0","1","0","0","","0","0","0","","","11","N","0","","40 02:26.453","2","0","75 00:19.930","4","0","0","0","67301","0","0","0","N","0","0","0","12","68K01","9","","1.0","2100.0","9","N","N","Y","0","","0","0","1","","0","Y","","4","11","0","0","0","2","0","2","1","4","","","","N","","","","","","","","","",""
"2021004689","1943","0","0","0","0","0","0","0","0","0","1","0","","67","1","2021","4","39.979386","-75.204125","1921","6","0","0","0","0","0","0","0","0","","0","0","0","","","1","N","0","","39 58:45.790","3","0","75 12:14.849","4","0","0","0","67301","0","0","0","N","0","0","0","2","68K01","1","","1.0","1920.0","1","N","N","N","0","","0","0","2","","0","N","","2","1","0","0","0","0","0","2","0","2","","","","N","","","","","","","","","",""
"2021002282","0337","0","0","0","0","0","0","0","0","0","4","0","","67","1","2021","4","39.946078","-75.242072","0337","6","0","0","0","0","0","0","0","0","","0","0","0","","","1","","1","","39 56:45.881","","0","75 14:31.459","8","0","0","0","67301","0","0","0","N","0","0","0","2","67301","0","","1.0","","1","N","N","N","0","","0","0","2","","2","","","3","1","0","0","0","1","0","2","1","3","","03","","N","","","","","","","","","",""
"2021012833","0455","1","0","0","0","0","0","0","0","0","7","0","","67","2","2021","1","40.026466","-75.0962","0438","6","0","0","0","0","0","0","0","0","","0","0","0","","","1","N","0","","40 01:35.279","2","0","75 05:46.319","3","0","0","0","67301","0","0","0","N","0","0","0","2","67301","0","","3.0","515.0","1","N","N","N","0","","1","0","0","","0","N","","1","1","0","0","0","0","0","2","0","1","","03","","N","","","","","","","","","",""
"2021039137","1605","1","0","0","0","0","0","1","0","0","4","1","","67","4","2021","2","39.97507","-75.23338","1557","6","0","0","0","0","0","0","0","0","","0","0","0","","","2","","1","","39 58:30.252","","0","75 14:00.168","4","0","0","0","67301","0","0","0","N","0","0","0","4","67508","1","","1.0","","1","N","N","Y","0","","0","0","0","","3","","","2","2","0","0","0","1","0","2","0","2","","03","","N","","","","","","","","","",""
"2021012160","0044","2","0","0","0","0","0","0","0","0","1","0","","67","2","2021","6","40.030316","-75.087748","0038","6","0","0","0","0","0","0","0","0","","0","0","0","","","0","Y","0","","40 01:49.138","","0","75 05:15.892","0","0","0","0","67301","0","0","0","N","0","0","0","7","67301","0","","1.0","","1","N","N","N","0","","0","0","1","","2","","","3","0","0","0","0","0","0","2","0","3","","03","","N","","","","","","","","","",""
"2021012807","1820","1","0","0","0","0","0","0","0","0","4","0","","67","2","2021","7","40.034076","-75.12402","1759","6","0","0","0","0","0","0","0","0","","0","0","0","","","1","","1","","40 02:02.673","","0","75 07:26.472","3","0","0","0","67301","0","0","0","N","0","0","0","2","67301","0","","1.0","","99","N","N","N","0","","1","0","1","","3","","","2","1","0","0","0","0","0","2","0","2","","","","N","","","","","","","","","",""
"2021014183","1248","2","0","0","0","0","0","0","0","0","5","0","","67","2","2021","4","39.986197","-75.141478","1244","6","0","0","0","0","0","0","0","0","","0","0","0","","","1","N","0","","39 59:10.310","1","0","75 08:29.320","8","0","0","0","67301","0","0","0","N","0","0","0","1","67301","0","","6.0","1320.0","1","N","N","N","0","","0","0","0","","0","N","","2","1","0","0","0","1","0","2","0","2","","03","","N","","","","","","","","","",""
"2021007294","1825","6","0","0","0","0","0","0","0","0","1","0","","67","1","2021","2","39.99235","-75.151061","1817","6","0","0","0","0","0","0","0","0","","0","0","0","","","0","N","0","","39 59:32.460","","0","75 09:03.820","0","0","0","0","67301","0","0","0","N","0","0","0","2","67301","0","","1.0","","1","N","N","Y","0","","0","0","3","","0","","","12","0","0","0","0","0","0","2","3","12","","03","","N","","","","","","","","","",""
"2021008999","1910","1","0","0","0","0","0","0","0","0","7","0","","67","1","2021","4","39.972583","-75.119893","1907","6","0","0","0","0","0","0","0","0","","0","0","0","","","0","N","0","","39 58:21.298","","0","75 07:11.613","0","0","0","0","67301","0","0","0","N","0","0","0","1","67301","0","","5.0","","1","N","N","N","0","","0","0","0","","0","","","2","0","0","0","0","0","0","2","0","1","","03","","N","","","","","","","","","",""
"2021038211","1546","2","0","0","0","0","0","0","0","0","1","0","","67","4","2021","3","39.959163","-75.172237","1529","6","0","0","0","0","0","0","0","0","","0","0","0","","","0","N","0","","39 57:32.987","","0","75 10:20.053","0","0","0","0","67301","0","0","0","N","0","0","0","3","68K01","0","","1.0","","1","N","N","N","0","","0","0","1","","0","","","3","0","0","0","0","0","0","2","0","3","","","","N","","","","","","","","","",""
"2021010353","1330","0","0","0","0","0","0","0","0","0","1","0","","67","1","2021","6","40.019714","-75.148046","1330","6","0","0","0","0","0","2","0","0","","0","0","0","","","0","N","0","","40 01:10.971","","0","75 08:52.966","0","0","0","0","67301","0","0","0","N","0","0","0","2","67301","0","","1.0","","1","N","N","N","2","","0","0","0","","0","","","2","0","1","0","0","0","0","2","0","2","","","","N","","","","","","","","","",""
"2021009424","0205","1","0","0","0","0","0","0","0","0","1","0","","67","1","2021","1","40.012383","-75.16153","0205","6","0","0","1","0","0","0","0","0","","0","0","0","","","1","N","0","","40 00:44.577","","0","75 09:41.509","3","0","0","0","67301","0","0","0","N","0","0","0","3","67301","0","","1.0","","1","N","N","N","0","","1","0","1","","0","","","3","1","0","0","0","0","0","2","1","3","","03","","N","","","","","","","","","",""
"2021006024","2324","4","0","0","0","0","0","0","0","0","4","0","","67","1","2021","4","39.951705","-75.228644","2322","6","0","0","0","0","0","0","0","0","","0","0","0","","","0","","2","","39 57:06.138","","0","75 13:43.118","9","0","0","0","67301","0","0","0","N","0","0","0","2","67301","0","","1.0","","1","N","N","N","0","","0","0","2","","3","","","6","0","0","0","0","0","1","2","0","6","","03","","N","","","","","","","","","",""
"2021036077","2150","1","0","0","0","0","0","0","0","0","5","0","","67","4","2021","6","40.015214","-75.1365","2147","6","0","0","0","0","0","0","0","0","","0","0","0","","","1","","1","","40 00:54.770","","0","75 08:11.399","3","0","0","1","67301","0","0","0","N","0","0","0","2","67301","0","","1.0","","1","N","N","N","0","","1","0","0","","3","","","2","1","0","0","0","0","0","2","0","2","","","","N","","","","","","","","","",""
"2021009609","1824","1","0","0","0","0","0","0","0","0","7","0","","67","1","2021","3","39.98172","-75.207334","1819","6","0","0","0","0","0","0","0","0","","0","0","0","","","0","N","0","","39 58:54.193","3","0","75 12:26.404","9","0","0","0","67301","0","0","0","N","0","0","0","1","68K01","0","","3.0","1903.0","9","N","N","N","0","","0","0","0","","0","N","","1","0","1","0","0","0","1","2","0","1","","","","N","","","","","","","","","",""