"CRN","ARRIVAL_TM","AUTOMOBILE_COUNT","BELTED_DEATH_COUNT","BELTED_SUSP_SERIOUS_INJ_COUNT","BICYCLE_COUNT","BICYCLE_DEATH_COUNT","BICYCLE_SUSP_SERIOUS_INJ_COUNT","BUS_COUNT","CHLDPAS_DEATH_COUNT","CHLDPAS_SUSP_SERIOUS_INJ_COUNT","COLLISION_TYPE","COMM_VEH_COUNT","CONS_ZONE_SPD_LIM","COUNTY","CRASH_MONTH","CRASH_YEAR","DAY_OF_WEEK","DEC_LATITUDE","DEC_LONGITUDE","DISPATCH_TM","DISTRICT","DRIVER_COUNT_16YR","DRIVER_COUNT_17YR","DRIVER_COUNT_18YR","DRIVER_COUNT_19YR","DRIVER_COUNT_20YR","DRIVER_COUNT_50_64YR","DRIVER_COUNT_65_74YR","DRIVER_COUNT_75PLUS","EST_HRS_CLOSED","FATAL_COUNT","HEAVY_TRUCK_COUNT","HORSE_BUGGY_COUNT","HOUR_OF_DAY","ILLUMINATION","INJURY_COUNT","INTERSECTION_RELATED","INTERSECT_TYPE","LANE_CLOSED","LATITUDE","LN_CLOSE_DIR","LOCATION_TYPE","LONGITUDE","MAX_SEVERITY_LEVEL","MCYCLE_DEATH_COUNT","MCYCLE_SUSP_SERIOUS_INJ_COUNT","MOTORCYCLE_COUNT","MUNICIPALITY","NONMOTR_COUNT","NONMOTR_DEATH_COUNT","NONMOTR_SUSP_SERIOUS_INJ_COUNT","NTFY_HIWY_MAINT","PED_COUNT","PED_DEATH_COUNT","PED_SUSP_SERIOUS_INJ_COUNT","PERSON_COUNT","POLICE_AGCY","POSSIBLE_INJ_COUNT","RDWY_SURF_TYPE_CD","RELATION_TO_ROAD","ROADWAY_CLEARED","ROAD_CONDITION","SCH_BUS_IND","SCH_ZONE_IND","SECONDARY_CRASH","SMALL_TRUCK_COUNT","SPEC_JURIS_CD","SUSP_MINOR_INJ_COUNT","SUSP_SERIOUS_INJ_COUNT","SUV_COUNT","TCD_FUNC_CD","TCD_TYPE","TFC_DETOUR_IND","TIME_OF_DAY","TOTAL_UNITS","TOT_INJ_COUNT","UNBELTED_OCC_COUNT","UNB_DEATH_COUNT","UNB_SUSP_SERIOUS_INJ_COUNT","UNK_INJ_DEG_COUNT","UNK_INJ_PER_COUNT","URBAN_RURAL","VAN_COUNT","VEHICLE_COUNT","WEATHER1","WEATHER2","WORKERS_PRES","WORK_ZONE_IND","WORK_ZONE_LOC","WORK_ZONE_TYPE","WZ_CLOSE_DETOUR","WZ_FLAGGER","WZ_LAW_OFFCR_IND","WZ_LN_CLOSURE","WZ_MOVING","WZ_OTHER","WZ_SHLDER_MDN","WZ_WORKERS_INJ_KILLED"
"2021017777","0131","1","0","0","0","0","0","0","0","0","7","0","45","67","2","2021","1","39.951399","-75.182655","0131","6","0","0","0","0","0","1","0","0","","0","0","0","","","0","","7","","39 57:05.035","4","2","75 10:57.558","0","0","0","0","67301","0","0","0","Y","0","0","0","1","68K01","0","","7.0","100.0","1","N","N","N","0","","0","0","0","","0","Y","","1","0","0","0","0","0","0","2","0","1","","","N","Y","4","1","","","N","Y","","","Y","N"
"2021007194","0055","2","0","0","0","0","0","0","0","0","4","0","","67","1","2021","1","39.992957","-75.110258","0053","6","0","0","0","0","0","0","0","0","","0","0","0","","","0","","1","","39 59:34.645","6","0","75 06:36.928","0","0","0","0","67301","0","0","0","N","0","0","0","2","67301","0","","1.0","200.0","1","N","N","N","0","","0","0","0","","2","Y","","2","0","2","0","0","0","0","2","0","2","","03","","N","","","","","","","","","",""
"2021002275","0056","1","0","0","0","0","0","0","0","0","7","0","","67","1","2021","5","40.04745","-75.158075","0054","6","0","0","0","0","0","0","0","0","","0","0","0","","","1","","1","","40 02:50.820","","0","75 09:29.070","2","0","0","0","67301","0","0","0","N","0","0","0","1","67301","0","","4.0","","1","N","N","N","0","","0","1","0","","2","","","2","1","0","0","0","0","0","2","1","2","","03","","N","","","","","","","","","",""
"2021009015","1525","2","0","0","0","0","0","0","0","0","5","0","","67","1","2021","6","40.035822","-75.1277","1515","6","0","0","0","0","0","0","0","0","","0","0","0","","","0","N","0","","40 02:08.960","","0","75 07:39.720","0","0","0","0","67301","0","0","0","N","0","0","0","1","67301","0","","6.0","","1","N","N","N","0","","0","0","1","","0","","","3","0","1","0","0","0","0","2","0","3","","","","N","","","","","","","","","",""
"2021038495","1933","1","0","0","0","0","0","0","0","0","1","0","","67","4","2021","5","40.051299","-75.149656","1931","6","0","0","0","0","0","0","0","0","","0","0","0","","","2","N","0","","40 03:04.678","","0","75 08:58.763","3","0","0","0","67301","0","0","0","N","0","0","0","4","67301","0","","1.0","","1","N","N","N","1","","1","0","2","","0","","","4","2","0","0","0","1","0","2","0","4","","03","","N","","","","","","","","","",""
"2021009975","1336","0","0","0","0","0","0","0","0","0","4","0","","67","1","2021","7","40.012998","-75.19244","1322","6","0","0","0","0","0","0","0","0","","0","0","0","","","2","N","0","","40 00:46.792","","7","75 11:32.785","3","0","0","0","67301","0","0","0","N","0","0","0","2","67301","0","","1.0","","1","N","N","N","0","","2","0","1","","0","","","2","2","0","0","0","0","0","2","1","2","","03","","N","","","","","","","","","",""
"2021002644","1805","1","0","0","0","0","0","0","0","0","8","0","","67","1","2021","2","39.980081","-75.163342","1803","6","0","0","0","0","0","0","0","0","","0","0","0","","","1","N","0","","39 58:48.290","","0","75 09:48.030","2","0","0","0","67301","1","0","1","N","1","0","1","2","67301","0","","1.0","","1","N","N","N","0","","0","1","0","","0","","","2","1","0","0","0","0","0","2","0","1","","03","","N","","","","","","","","","",""
"2021011548","2355","0","0","0","0","0","0","0","0","0","0","0","","67","2","2021","3","40.022724","-75.137407","2353","6","0","0","0","0","0","0","0","0","","0","0","0","","","1","N","0","","40 01:21.806","3","0","75 08:14.666","3","0","0","0","67301","0","0","0","N","0","0","0","1","67301","0","","5.0","57.0","1","N","N","N","1","","1","0","0","","0","Y","","1","1","1","0","0","0","0","2","0","1","","03","","N","","","","","","","","","",""
"2021036405","2133","0","0","0","0","0","0","0","0","0","1","0","","67","4","2021","7","39.957134","-75.156302","2107","6","0","0","0","0","0","0","0","0","","0","0","0","","","0","N","0","","39 57:25.681","4","0","75 09:22.687","9","0","0","0","67301","0","0","0","N","0","0","0","3","68K01","0","","1.0","2145.0","1","N","N","N","0","","0","0","2","","0","N","","2","0","0","0","0","0","1","2","0","2","","","","N","","","","","","","","","",""
"2021009334","1200","2","0","0","0","0","0","0","0","0","4","0","","67","1","2021","3","39.959446","-75.239265","1158","6","0","0","0","0","0","0","0","0","","0","0","0","","","1","","1","","39 57:34.005","","0","75 14:21.353","3","0","0","0","67301","0","0","0","N","0","0","0","2","67301","0","","1.0","","9","N","N","N","0","","1","0","0","","3","","","2","1","0","0","0","0","0","2","0","2","","07","","N","","","","","","","","","",""
"2021038481","2108","2","0","0","0","0","0","0","0","0","4","0","","67","1","2021","6","40.002109","-75.132573","2101","6","0","0","0","1","0","0","0","0","","0","0","0","","","0","","1","","40 00:07.592","2","0","75 07:57.262","0","0","0","0","67301","0","0","0","N","0","0","0","2","67301","0","","1.0","2210.0","1","N","N","N","0","","0","0","1","","2","N","","4","0","0","0","0","0","0","2","1","4","","03","","N","","","","","","","","","",""
"2021008357","1319","1","0","0","0","0","0","0","0","0","4","0","","67","1","2021","2","40.055561","-75.062041","1315","6","0","0","0","0","0","2","0","0","","0","0","0","","","1","","1","","40 03:20.018","2","0","75 03:43.347","3","0","0","0","67301","0","0","0","N","0","0","0","2","67301","0","","1.0","1428.0","1","N","N","N","0","","1","0","1","","3","N","","2","1","0","0","0","0","0","2","0","2","","","","N","","","","","","","","","",""
"2021009910","1955","0","0","0","0","0","0","0","0","0","4","0","","67","1","2021","5","39.975644","-75.192006","1941","6","0","0","0","0","0","0","0","0","","0","0","0","","","1","","2","","39 58:32.319","","0","75 11:31.223","3","0","0","0","67301","0","0","0","N","0","0","0","2","67301","0","","1.0","","1","N","N","N","0","","1","0","2","","0","","","2","1","0","0","0","0","0","2","0","2","","03","","N","","","","","","","","","",""
"2021005998","2029","0","0","0","0","0","0","0","0","0","4","0","","67","1","2021","4","39.916083","-75.225889","2023","6","0","1","0","0","0","0","0","0","","0","0","0","","","1","","2","","39 54:57.900","","0","75 13:33.200","8","0","0","0","67301","0","0","0","N","0","0","0","2","67301","0","","1.0","","1","N","N","N","0","","0","0","1","","2","","","2","1","0","0","0","1","0","2","1","2","","03","","N","","","","","","","","","",""
"2021012299","1551","2","0","0","0","0","0","0","0","0","6","0","","67","2","2021","6","39.975056","-75.233861","1550","6","0","0","0","0","0","0","1","0","","0","0","0","","","1","N","0","","39 58:30.200","","0","75 14:01.900","3","0","0","0","67301","0","0","0","N","0","0","0","3","67301","0","","1.0","","9","N","N","N","0","","1","0","2","","0","","","4","1","0","0","0","0","0","2","0","4","","","","N","","","","","","","","","",""
"2021010258","1746","1","0","0","0","0","0","0","0","0","4","0","","67","1","2021","1","40.031392","-75.152378","1740","6","0","0","0","0","0","0","0","0","","0","0","0","","","1","","1","","40 01:53.011","","0","75 09:08.560","3","0","0","0","67301","0","0","0","N","0","0","0","3","67301","0","","1.0","","7","N","N","N","0","","1","0","0","","2","","","2","1","0","0","0","0","0","2","1","2","","","","N","","","","","","","","","",""
"2021014785","1620","0","0","0","0","0","0","0","0","0","1","0","","67","2","2021","5","39.898214","-75.183513","1615","6","0","0","0","1","0","0","0","0","","0","0","0","","","1","N","0","","39 53:53.569","2","0","75 11:00.646","8","0","0","0","67301","0","0","0","N","0","0","0","2","68K01","0","","1.0","1622.0","1","N","N","N","0","","0","0","2","","0","N","","2","1","0","0","0","1","0","2","0","2","","03","","N","","","","","","","","","",""
"2021010909","1920","1","0","0","0","0","0","0","0","0","1","0","","67","1","2021","1","40.018392","-75.167606","1915","6","0","0","0","0","0","0","0","0","","0","0","0","","","0","N","0","","40 01:06.212","","0","75 10:03.381","0","0","0","0","67301","0","0","0","N","0","0","0","2","67301","0","","1.0","","7","N","N","N","0","","0","0","1","","0","","","2","0","0","0","0","0","0","2","0","2","","","","N","","","","","","","","","",""
"2021022256","2325","1","0","0","0","0","0","0","0","0","8","0","","67","3","2021","7","40.061264","-75.191877","2314","6","0","0","0","0","0","0","0","0","","0","0","0","","","1","","2","","40 03:40.549","","0","75 11:30.758","8","0","0","0","67301","1","0","0","N","1","0","0","2","67301","0","","1.0","","1","N","N","N","0","","0","0","0","","2","U","","2","1","0","0","0","1","0","2","0","1","","03","","N","","","","","","","","","",""
"2021008178","2252","2","0","0","0","0","0","0","0","0","1","0","","67","1","2021","7","39.933394","-75.199988","2242","6","0","0","0","0","2","0","0","0","","0","0","0","","","0","N","0","","39 56:00.217","","0","75 11:59.957","0","0","0","0","67301","0","0","0","N","0","0","0","2","68K01","0","","1.0","","1","N","N","N","0","","0","0","0","","0","","","2","0","0","0","0","0","0","2","0","2","","03","","N","","","","","","","","","",""
"2021022451","0535","2","0","0","0","0","0","0","0","0","4","0","","67","3","2021","1","40.013341","-75.179993","0532","6","0","0","0","0","0","0","0","0","","0","0","0","","","1","N","0","","40 00:48.026","2","0","75 10:47.976","3","0","0","0","67301","0","0","0","N","0","0","0","3","67301","0","","1.0","615.0","2","N","N","N","0","","1","0","0","","0","Y","","2","1","0","0","0","0","0","2","0","2","","03","","N","","","","","","","","","",""
"2021007881","2214","0","0","0","0","0","0","0","0","0","7","0","","67","1","2021","6","39.962526","-75.139649","2214","6","0","0","0","0","0","1","0","0","","0","0","0","","","1","N","0","","39 57:45.092","2","0","75 08:22.737","8","0","0","0","67301","0","0","0","Y","0","0","0","1","68K01","0","","4.0","2245.0","9","N","N","N","0","","0","0","1","","0","N","","1","1","1","0","0","1","0","2","0","1","","","","N","","","","","","","","","",""
"2021022504","0815","1","0","0","0","0","0","0","0","0","4","1","","67","3","2021","6","39.940389","-75.201866","0758","6","0","0","0","0","0","0","0","0","","0","1","0","","","0","N","0","","39 56:25.399","3","0","75 12:06.719","0","0","0","0","67301","0","0","0","N","0","0","0","3","67301","0","","1.0","1023.0","1","N","N","N","0","","0","0","0","","0","N","","2","0","0","0","0","0","0","2","0","2","","03","","N","","","","","","","","","",""
"2021005378","0717","1","0","0","0","0","0","0","0","0","7","0","","67","1","2021","7","39.981573","-75.207206","0713","6","0","0","0","1","0","0","0","0","","0","0","0","","","1","N","0","","39 58:53.661","3","0","75 12:25.940","3","0","0","0","67301","0","0","0","N","0","0","0","1","68K01","0","","4.0","745.0","9","N","N","N","0","","1","0","0","","0","N","","1","1","0","0","0","0","0","2","0","1","","","","N","","","","","","","","","",""
"2021004523","1622","1","0","0","0","0","0","0","0","0","7","0","","67","1","2021","5","40.020127","-75.044293","1546","6","0","0","0","0","1","0","0","0","","0","0","0","","","0","N","0","","40 01:12.456","","0","75 02:39.455","0","0","0","0","67301","0","0","0","Y","0","0","0","3","68K01","0","","2.0","","1","N","N","N","0","","0","0","0","","8","","","1","0","0","0","0","0","0","2","0","1","","03","","N","","","","","","","","","",""
"2021009416","2045","1","0","0","0","0","0","0","0","0","4","0","","67","1","2021","5","40.085459","-75.037453","2040","6","1","0","0","0","0","0","0","0","","0","0","0","","","1","","1","","40 05:07.651","","0","75 02:14.830","3","0","0","0","67301","0","0","0","N","0","0","0","2","67301","0","","1.0","","1","N","N","N","1","","1","0","0","","2","","","2","1","0","0","0","0","0","2","0","2","","03","","N","","","","","","","","","",""
"2021006875","1820","0","0","0","0","0","0","1","0","0","2","1","","67","1","2021","4","40.023629","-75.164451","1813","6","0","0","0","0","0","1","0","0","","0","0","0","","","3","N","0","","40 01:25.066","1","0","75 09:52.022","3","0","0","0","67301","0","0","0","N","0","0","0","4","67508","2","","1.0","9999.0","1","N","N","Y","1","","1","0","1","","0","Y","","3","3","0","0","0","0","0","2","0","3","","02","","N","","","","","","","","","",""
"2021003623","1132","2","0","0","0","0","0","0","0","0","1","0","","67","1","2021","7","39.958642","-75.167927","1128","6","0","0","0","0","0","0","0","0","","0","0","0","","","0","N","0","","39 57:31.112","","0","75 10:04.537","0","0","0","0","67301","0","0","0","N","0","0","0","3","68K01","0","","1.0","","1","N","N","N","0","","0","0","0","","0","","","2","0","0","0","0","0","0","2","0","2","","","","N","","","","","","","","","",""
"2021002219","0646","3","0","0","0","0","0","0","0","0","2","0","","67","1","2021","5","39.955638","-75.202295","0645","6","0","0","1","0","0","1","0","0","","0","0","0","","","0","N","0","","39 57:20.296","3","0","75 12:08.263","0","0","0","0","67301","0","0","0","N","0","0","0","3","67504","0","","1.0","800.0","1","N","N","N","0","","0","0","0","","0","N","","3","0","0","0","0","0","0","2","0","3","","03","","N","","","","","","","","","",""
"2021004531","2024","0","0","0","0","0","0","0","0","0","7","0","","67","1","2021","7","39.889544","-75.219587","2014","6","0","0","0","0","0","0","0","0","","0","0","0","","","1","N","0","","39 53:22.358","1","0","75 13:10.513","8","0","0","0","67301","0","0","0","Y","0","0","0","1","68K01","0","","4.0","2050.0","1","N","N","N","0","","0","0","1","","8","N","","1","1","0","0","0","1","0","2","0","1","","","","N","","","","","","","","","",""
"2021005435","1115","0","0","0","0","0","0","0","0","0","5","1","45","67","1","2021","6","39.899107","-75.178306","1112","6","0","0","0","0","0","0","1","0","","0","1","0","","","0","","6","","39 53:56.786","","2","75 10:41.902","0","0","0","0","67301","0","0","0","N","0","0","0","2","68K01","0","","7.0","","1","N","N","N","0","","0","0","1","","8","","","2","0","0","0","0","0","0","2","0","2","","03","N","Y","4","1","","","N","","","Y","","N"
"2021003570","0859","0","0","0","0","0","0","0","0","0","7","1","45","67","1","2021","4","40.011245","-75.061183","0859","6","0","0","0","0","0","0","0","0","","0","1","0","","","0","N","0","","40 00:40.483","1","0","75 03:40.258","0","0","0","0","67301","0","0","0","N","0","0","0","1","68K01","0","","4.0","950.0","1","N","N","N","0","","0","0","0","","0","N","","1","0","0","0","0","0","0","2","0","1","","","Y","Y","4","1","N","N","N","Y","Y","N","Y","N"
"2021006702","0502","1","0","0","0","0","0","0","0","0","4","1","","67","1","2021","2","39.98024","-75.205442","0448","6","0","0","0","0","0","1","0","0","","0","1","0","","","0","N","0","","39 58:48.864","","0","75 12:19.592","0","0","0","0","67301","0","0","0","N","0","0","0","2","68K01","0","","4.0","","9","N","N","N","0","","0","0","0","","0","","","2","0","0","0","0","0","0","2","0","2","","07","","N","","","","","","","","","",""
"2021006278","0215","0","0","0","0","0","0","0","0","0","7","0","","67","1","2021","2","39.984257","-75.208338","0208","6","0","0","0","0","0","0","0","0","","0","0","0","","","1","N","0","","39 59:03.326","3","0","75 12:30.016","3","0","0","0","67301","0","0","0","N","0","0","0","1","68K01","0","","4.0","218.0","9","N","N","N","0","","1","0","1","","0","N","","1","1","1","0","0","0","0","2","0","1","","07","","N","","","","","","","","","",""
"2021002274","2000","0","0","0","0","0","0","0","0","0","2","0","","67","1","2021","4","40.054424","-75.179379","2000","6","0","0","0","0","0","0","0","0","","0","0","0","","","2","N","0","","40 03:15.928","","0","75 10:45.765","3","0","0","0","67301","0","0","0","N","0","0","0","3","67301","0","","4.0","","1","N","N","N","0","","2","0","2","","0","","","2","2","0","0","0","0","0","2","0","2","","","","N","","","","","","","","","",""
"2021026820","1031","1","0","0","0","0","0","0","0","0","5","1","","67","2","2021","7","39.971609","-75.123593","1010","6","0","0","0","0","0","1","1","0","","0","1","0","","","0","N","0","","39 58:17.793","2","0","75 07:24.936","0","0","0","0","67301","0","0","0","N","0","0","0","2","68K01","0","","1.0","1200.0","9","N","N","N","0","","0","0","0","","0","N","","2","0","0","0","0","0","0","2","0","2","","","","N","","","","","","","","","",""
"2021002279","1321","1","0","0","0","0","0","0","0","0","5","1","","67","1","2021","2","40.009861","-75.078778","1237","6","0","0","0","0","0","0","1","0","","0","1","0","","","0","N","0","","40 00:35.500","2","0","75 04:43.600","0","0","0","0","67301","0","0","0","N","0","0","0","1","67301","0","","6.0","1400.0","1","N","N","Y","0","","0","0","1","","0","Y","","3","0","0","0","0","0","0","2","0","3","","","","N","","","","","","","","","",""
"2021005970","1818","0","0","0","0","0","0","0","0","0","7","0","","67","1","2021","6","40.098078","-75.030349","1815","6","0","0","0","0","0","0","0","0","","0","0","0","","","0","N","0","","40 05:53.082","","0","75 01:49.257","0","0","0","0","67301","0","0","0","N","0","0","0","1","67301","0","","2.0","","1","N","N","N","0","","0","0","1","","0","","","1","0","1","0","0","0","0","2","0","1","","","","N","","","","","","","","","",""
"2021006050","0840","1","0","0","0","0","0","0","0","0","1","0","","67","1","2021","1","40.009185","-75.15067","0835","6","0","0","0","0","0","0","0","0","","0","1","0","","","1","N","0","","40 00:33.065","","0","75 09:02.411","3","0","0","0","67301","0","0","0","N","0","0","0","1","67301","0","","6.0","","1","N","N","N","0","","1","0","0","","0","","","2","1","0","0","0","0","0","2","0","2","","03","","N","","","","","","","","","",""
"2021027142","0810","2","0","0","0","0","0","0","0","0","4","0","","67","3","2021","3","39.992933","-75.16815","0806","6","0","0","0","0","0","0","0","0","","0","0","0","","","0","N","0","","39 59:34.560","","0","75 10:05.340","9","0","0","0","67301","0","0","0","N","0","0","0","1","67301","0","","6.0","","1","N","N","N","0","","0","0","0","","0","","","2","0","1","0","0","0","1","2","0","2","","03","","N","","","","","","","","","",""
"2021038049","1356","1","0","0","0","0","0","0","0","0","1","0","","67","4","2021","6","39.980738","-75.103428","1356","6","0","0","1","0","0","0","0","0","","0","0","0","","","0","N","0","","39 58:50.657","","0","75 06:12.339","0","0","0","0","67301","0","0","0","Y","0","0","0","2","68K01","0","","1.0","","1","N","N","N","0","","0","0","1","","0","","","2","0","0","0","0","0","0","2","0","2","","03","","N","","","","","","","","","",""
"2021006632","1650","1","0","0","0","0","0","0","0","0","8","0","","67","1","2021","7","39.951161","-75.153567","1640","6","0","0","0","0","0","1","0","0","","0","0","0","","","2","N","1","","39 57:04.181","","0","75 09:12.842","8","0","0","0","67301","2","0","0","N","2","0","0","3","67301","0","","1.0","","1","N","N","N","0","","0","0","0","","0","","","3","2","1","0","0","2","0","2","0","1","","","","N","","","","","","","","","",""
"2021001494","0124","2","0","0","0","0","0","0","0","0","1","0","","67","1","2021","7","39.98098","-75.206549","0124","6","0","0","0","0","0","0","0","0","","0","0","0","","","0","N","0","","39 58:51.527","3","0","75 12:23.575","0","0","0","0","67301","0","0","0","N","0","0","0","1","68K01","0","","1.0","45.0","9","N","N","N","0","","0","0","0","","0","N","","2","0","0","0","0","0","0","2","0","2","","07","","N","","","","","","","","","",""
"2021026195","0900","1","0","0","0","0","0","0","0","0","4","0","","67","3","2021","6","39.936748","-75.166941","0846","6","0","0","0","0","0","1","0","0","","0","0","0","","","0","","1","","39 56:12.293","","0","75 10:00.986","0","0","0","0","67301","0","0","0","N","0","0","0","2","67301","0","","1.0","","1","N","N","N","0","","0","0","1","","2","","","2","0","0","0","0","0","0","2","0","2","","03","","N","","","","","","","","","",""
"2021026366","2135","2","0","0","0","0","0","0","0","0","4","0","","67","3","2021","6","40.050065","-75.15048","2133","6","0","0","0","0","0","0","0","0","","0","0","0","","","1","","1","","40 03:00.233","","0","75 09:01.728","4","0","0","0","67301","0","0","0","N","0","0","0","2","67301","1","","1.0","","1","N","N","Y","0","","0","0","0","","2","","","2","1","0","0","0","0","0","2","0","2","","","","N","","","","","","","","","",""
"2021025192","0143","2","0","0","0","0","0","0","0","0","6","0","","67","3","2021","3","39.989233","-75.181936","0142","6","0","0","0","0","0","0","0","0","","0","0","0","","","0","N","0","","39 59:21.240","","0","75 10:54.970","9","0","0","0","67301","0","0","0","N","0","0","0","1","67301","0","","6.0","","1","N","N","N","1","","0","0","2","","3","","","5","0","0","0","0","0","1","2","0","5","","03","","N","","","","","","","","","",""
"2021026344","1731","0","0","0","0","0","0","0","0","0","5","0","","67","3","2021","5","39.994469","-75.133086","1727","6","0","0","0","0","0","0","0","0","","0","0","0","","","0","N","0","","39 59:40.090","","0","75 07:59.110","0","0","0","0","67301","0","0","0","N","0","0","0","1","67301","0","","6.0","","9","N","N","N","1","","0","0","2","","0","","","3","0","0","0","0","0","0","2","0","3","","","","N","","","","","","","","","",""
"2021049507","1020","0","0","0","0","0","0","1","0","0","8","1","","67","5","2021","3","39.951265","-75.167166","1003","6","0","0","0","0","0","0","0","0","","0","0","0","","","1","","1","","39 57:04.553","","0","75 10:01.796","4","0","0","0","67301","1","0","0","N","1","0","0","2","67508","1","","1.0","","1","N","N","Y","0","","0","0","0","","0","","","2","1","0","0","0","0","0","2","0","1","","03","","N","","","","","","","","","",""
"2021030243","1306","0","0","0","0","0","0","0","0","0","7","0","","67","4","2021","5","39.977472","-75.251444","1306","6","0","0","0","0","0","0","0","0","","0","0","0","","","1","N","0","","39 58:38.900","4","0","75 15:05.200","3","0","0","0","67301","0","0","0","N","0","0","0","1","67301","0","","3.0","1504.0","1","N","N","N","0","","1","0","1","","0","N","","1","1","0","0","0","0","0","2","0","1","","","","N","","","","","","","","","",""
"2021050486","0057","0","0","0","0","0","0","0","0","0","7","0","","67","5","2021","5","39.930059","-75.198281","0043","6","0","0","0","0","0","0","0","0","","0","0","0","","","0","N","0","","39 55:48.212","3","0","75 11:53.811","0","0","0","0","67301","0","0","0","N","0","0","0","1","68K01","0","","4.0","110.0","9","N","N","N","0","","0","0","1","","0","N","","1","0","0","0","0","0","0","2","0","1","","","","N","","","","","","","","","",""
"2021024981","1426","1","0","0","0","0","0","0","0","0","1","0","","67","3","2021","2","39.963783","-75.184394","1412","6","0","0","0","0","0","1","0","0","","0","0","0","","","2","N","0","","39 57:49.618","3","0","75 11:03.818","8","0","0","0","67301","0","0","0","N","0","0","0","3","68K01","0","","1.0","1420.0","1","N","N","N","0","","0","0","1","","0","N","","2","2","0","0","0","2","0","2","0","2","","","","N","","","","","","","","","",""
"2021032130","1130","2","0","0","0","0","0","0","0","0","1","0","","67","3","2021","6","40.040635","-75.151494","1130","6","0","0","0","0","0","0","0","0","","0","0","0","","","2","","1","","40 02:26.286","","0","75 09:05.378","3","0","0","0","67301","0","0","0","N","0","0","0","3","67301","0","","1.0","","99","N","N","N","0","","2","0","0","","2","","","2","2","2","0","0","0","1","2","0","2","","","","N","","","","","","","","","",""
"2021032750","1915","0","0","0","0","0","0","0","0","0","8","0","","67","4","2021","7","40.013178","-75.070421","1908","6","0","0","0","0","0","0","0","0","","0","0","0","","","1","","1","","40 00:47.439","","0","75 04:13.514","3","0","0","0","67301","1","0","0","N","1","0","0","2","67301","0","","1.0","","1","N","N","N","0","","1","0","1","","2","","","2","1","0","0","0","0","0","2","0","1","","03","","N","","","","","","","","","",""
"2021032708","1213","0","0","0","0","0","0","0","0","0","7","0","","67","3","2021","2","39.932","-75.199869","1213","6","0","0","0","0","0","0","0","0","","0","0","0","","","1","N","0","","39 55:55.199","4","0","75 11:59.530","8","0","0","0","67301","0","0","0","N","0","0","0","1","68K01","0","","4.0","1230.0","1","N","N","N","1","","0","0","0","","0","N","","1","1","1","0","0","1","0","2","0","1","","","","N","","","","","","","","","",""
"2021025011","0925","4","0","0","0","0","0","0","0","0","4","0","","67","3","2021","1","39.989968","-75.11716","0920","6","0","0","0","0","0","0","0","0","","0","0","0","","","1","","1","","39 59:23.885","","0","75 07:01.777","3","0","0","0","67301","0","0","0","N","0","0","0","2","67301","0","","1.0","","1","N","N","N","0","","1","0","0","","3","","","4","1","0","0","0","0","0","2","0","4","","03","","N","","","","","","","","","",""
"2021032756","1814","0","0","0","0","0","0","0","0","0","4","0","","67","4","2021","3","40.000318","-75.083642","1757","6","0","0","0","0","0","1","0","0","","0","0","0","","","0","","2","","40 00:01.143","2","2","75 05:01.112","0","0","0","0","67301","0","0","0","N","0","0","0","2","67301","0","","1.0","1845.0","1","N","N","N","1","","0","0","1","","2","N","","2","0","0","0","0","0","0","2","0","2","","03","","N","","","","","","","","","",""
"2021030050","1847","0","0","0","0","0","0","0","0","0","7","0","","67","4","2021","5","","","1846","6","0","0","0","0","0","0","0","0","","0","0","0","","","1","N","0","","","3","3","","4","0","0","0","67301","0","0","0","N","0","0","0","2","67501","1","","4.0","1924.0","1","N","N","N","0","","0","0","0","","0","N","","1","1","0","0","0","0","0","1","1","1","","","","N","","","","","","","","","",""
"2021054115","1403","1","0","0","0","0","0","0","0","0","8","0","","67","6","2021","6","39.994981","-75.162652","1400","6","0","0","0","0","0","0","0","0","","0","0","0","","","1","N","0","","39 59:41.932","","0","75 09:45.546","4","0","0","0","67301","1","0","0","N","1","0","0","1","67301","1","","1.0","","9","N","N","N","0","","0","0","0","","0","","","2","1","0","0","0","0","0","2","0","1","","07","","N","","","","","","","","","",""
"2021032534","1846","1","0","0","0","0","0","0","0","0","5","0","","67","4","2021","1","40.037139","-75.123528","1846","6","0","0","0","0","0","0","0","0","","0","0","0","","","0","N","0","","40 02:13.700","7","0","75 07:24.700","0","0","0","0","67301","0","0","0","N","0","0","0","2","67301","0","","1.0","1851.0","1","N","N","N","0","","0","0","1","","0","N","","2","0","0","0","0","0","0","2","0","2","","03","","N","","","","","","","","","",""
"2021056127","1430","3","0","0","0","0","0","0","0","0","1","0","","67","6","2021","4","39.976452","-75.113808","1413","6","0","0","0","0","0","1","0","0","","0","0","0","","","1","N","0","","39 58:35.227","1","0","75 06:49.708","3","0","0","0","67301","0","0","0","N","0","0","0","7","68K01","0","","1.0","1430.0","1","N","N","N","0","","1","0","2","","0","N","","5","1","0","0","0","0","0","2","0","5","","","","N","","","","","","","","","",""
"2021031030","1430","0","0","0","0","0","0","0","0","0","4","0","","67","3","2021","4","39.957292","-75.247874","1427","6","0","0","0","0","0","1","0","0","","0","0","0","","","1","","1","","39 57:26.251","","0","75 14:52.347","3","0","0","0","67301","0","0","0","N","0","0","0","2","67301","0","","1.0","","9","N","N","N","0","","1","0","2","","2","","","2","1","0","0","0","0","0","2","0","2","","07","","N","","","","","","","","","",""