"CRN","ARRIVAL_TM","AUTOMOBILE_COUNT","BELTED_DEATH_COUNT","BELTED_SUSP_SERIOUS_INJ_COUNT","BICYCLE_COUNT","BICYCLE_DEATH_COUNT","BICYCLE_SUSP_SERIOUS_INJ_COUNT","BUS_COUNT","CHLDPAS_DEATH_COUNT","CHLDPAS_SUSP_SERIOUS_INJ_COUNT","COLLISION_TYPE","COMM_VEH_COUNT","CONS_ZONE_SPD_LIM","COUNTY","CRASH_MONTH","CRASH_YEAR","DAY_OF_WEEK","DEC_LATITUDE","DEC_LONGITUDE","DISPATCH_TM","DISTRICT","DRIVER_COUNT_16YR","DRIVER_COUNT_17YR","DRIVER_COUNT_18YR","DRIVER_COUNT_19YR","DRIVER_COUNT_20YR","DRIVER_COUNT_50_64YR","DRIVER_COUNT_65_74YR","DRIVER_COUNT_75PLUS","EST_HRS_CLOSED","FATAL_COUNT","HEAVY_TRUCK_COUNT","HORSE_BUGGY_COUNT","HOUR_OF_DAY","ILLUMINATION","INJURY_COUNT","INTERSECTION_RELATED","INTERSECT_TYPE","LANE_CLOSED","LATITUDE","LN_CLOSE_DIR","LOCATION_TYPE","LONGITUDE","MAX_SEVERITY_LEVEL","MCYCLE_DEATH_COUNT","MCYCLE_SUSP_SERIOUS_INJ_COUNT","MOTORCYCLE_COUNT","MUNICIPALITY","NONMOTR_COUNT","NONMOTR_DEATH_COUNT","NONMOTR_SUSP_SERIOUS_INJ_COUNT","NTFY_HIWY_MAINT","PED_COUNT","PED_DEATH_COUNT","PED_SUSP_SERIOUS_INJ_COUNT","PERSON_COUNT","POLICE_AGCY","POSSIBLE_INJ_COUNT","RDWY_SURF_TYPE_CD","RELATION_TO_ROAD","ROADWAY_CLEARED","ROAD_CONDITION","SCH_BUS_IND","SCH_ZONE_IND","SECONDARY_CRASH","SMALL_TRUCK_COUNT","SPEC_JURIS_CD","SUSP_MINOR_INJ_COUNT","SUSP_SERIOUS_INJ_COUNT","SUV_COUNT","TCD_FUNC_CD","TCD_TYPE","TFC_DETOUR_IND","TIME_OF_DAY","TOTAL_UNITS","TOT_INJ_COUNT","UNBELTED_OCC_COUNT","UNB_DEATH_COUNT","UNB_SUSP_SERIOUS_INJ_COUNT","UNK_INJ_DEG_COUNT","UNK_INJ_PER_COUNT","URBAN_RURAL","VAN_COUNT","VEHICLE_COUNT","WEATHER1","WEATHER2","WORKERS_PRES","WORK_ZONE_IND","WORK_ZONE_LOC","WORK_ZONE_TYPE","WZ_CLOSE_DETOUR","WZ_FLAGGER","WZ_LAW_OFFCR_IND","WZ_LN_CLOSURE","WZ_MOVING","WZ_OTHER","WZ_SHLDER_MDN","WZ_WORKERS_INJ_KILLED"
"2021031398","1125","0","0","0","0","0","0","0","0","0","4","0","","67","4","2021","2","39.95762","-75.145687","1122","6","0","0","0","0","0","0","0","0","","0","0","0","","","1","","1","","39 57:27.432","","0","75 08:44.473","3","0","0","0","67301","0","0","0","N","0","0","0","2","67301","0","","1.0","","1","N","N","N","0","","1","0","2","","2","","","2","1","2","0","0","0","0","2","0","2","","03","","N","","","","","","","","","",""
"2021055082","1347","1","0","0","0","0","0","0","0","0","4","0","","67","6","2021","1","40.013587","-75.068535","1346","6","0","0","0","0","1","0","0","0","","0","0","0","","","2","","5","","40 00:48.913","","0","75 04:06.725","8","0","0","0","67301","0","0","0","N","0","0","0","2","67301","0","","9.0","","1","N","N","N","0","","0","0","1","","2","","","2","2","0","0","0","2","0","2","0","2","","03","","N","","","","","","","","","",""
"2021035493","2016","0","0","0","0","0","0","0","0","0","8","0","","67","4","2021","5","40.03742","-75.06869","2012","6","0","0","0","0","0","0","0","0","","0","0","0","","","1","N","0","","40 02:14.711","","0","75 04:07.283","4","0","0","0","67301","1","0","0","N","1","0","0","2","67301","1","","1.0","","1","N","N","N","0","","0","0","1","","0","","","2","1","0","0","0","0","0","2","0","1","","03","","N","","","","","","","","","",""
"2021029393","0947","0","0","0","0","0","0","0","0","0","1","0","","67","3","2021","2","40.045921","-75.07112","0947","6","0","0","0","0","0","0","0","0","","0","0","0","","","1","N","0","","40 02:45.315","1","0","75 04:16.032","8","0","0","0","67301","0","0","0","N","0","0","0","1","67301","0","","1.0","1045.0","1","N","N","N","0","","0","0","1","","0","N","","2","1","0","0","0","1","0","2","1","2","","03","","N","","","","","","","","","",""
"2021032275","0139","3","0","0","0","0","0","0","0","0","5","0","","67","4","2021","1","39.977194","-75.117444","0120","6","0","0","0","0","0","0","0","0","","0","0","0","","","0","N","0","","39 58:37.900","","0","75 07:02.800","0","0","0","0","67301","0","0","0","N","0","0","0","1","67301","0","","6.0","","1","N","N","N","0","","0","0","1","","0","","","4","0","0","0","0","0","0","2","0","4","","03","","N","","","","","","","","","",""
"2021032331","1520","2","0","0","0","0","0","0","0","0","4","0","","67","4","2021","3","39.957511","-75.217339","1514","6","0","0","0","0","0","2","0","0","","0","0","0","","","2","","1","","39 57:27.041","","0","75 13:02.421","3","0","0","0","67301","0","0","0","N","0","0","0","4","67301","0","","1.0","","1","N","N","N","0","","2","0","0","","2","","","2","2","0","0","0","0","0","2","0","2","","","","N","","","","","","","","","",""
"2021054716","1440","2","0","0","0","0","0","0","0","0","4","0","","67","6","2021","6","39.958874","-75.228318","1340","6","0","0","0","0","0","0","0","0","","0","0","0","","","0","N","0","","39 57:31.945","","0","75 13:41.946","0","0","0","0","67301","0","0","0","N","0","0","0","1","67301","0","","6.0","","9","N","N","N","0","","0","0","0","","0","","","2","0","1","0","0","0","0","2","0","2","","","","N","","","","","","","","","",""
"2021048638","1625","1","0","0","0","0","0","1","0","0","5","1","","67","5","2021","3","40.001585","-75.152798","1620","6","0","0","0","0","0","0","0","0","","0","0","0","","","1","","1","","40 00:05.705","","0","75 09:10.074","4","0","0","0","67301","0","0","0","N","0","0","0","3","67508","1","","1.0","","1","N","N","Y","0","","0","0","0","","2","","","2","1","0","0","0","0","0","2","0","2","","03","","N","","","","","","","","","",""
"2021049274","1531","0","0","0","0","0","0","0","0","0","8","0","","67","5","2021","7","40.041622","-75.064336","1526","6","0","0","0","0","0","0","0","0","","0","0","0","","","1","","1","","40 02:29.839","","0","75 03:51.611","3","0","0","0","67301","1","0","0","N","1","0","0","1","67301","0","","1.0","","9","N","N","N","0","","1","0","1","","2","","","2","1","0","0","0","0","0","2","0","1","","","","N","","","","","","","","","",""
"2021021984","0135","1","0","0","0","0","0","0","0","0","4","0","","67","3","2021","7","39.983434","-75.158572","0135","6","0","0","0","0","0","0","0","0","","0","0","0","","","0","","1","","39 59:00.364","7","0","75 09:30.860","0","0","0","0","67301","0","0","0","N","0","0","0","3","67505","0","","1.0","215.0","1","N","N","Y","0","","0","0","1","","2","Y","","2","0","0","0","0","0","0","2","0","2","","","","N","","","","","","","","","",""
"2021025693","1122","2","0","0","0","0","0","0","0","0","4","0","","67","3","2021","5","40.026831","-75.125194","1106","6","0","0","0","0","0","0","0","0","","0","0","0","","","1","","1","","40 01:36.591","","0","75 07:30.698","3","0","0","0","67301","0","0","0","N","0","0","0","2","67301","0","","1.0","","9","N","N","N","0","","1","0","0","","3","","","2","1","1","0","0","0","0","2","0","2","","","","N","","","","","","","","","",""
"2021022421","1805","1","0","0","0","0","0","0","0","0","4","0","","67","3","2021","7","39.96444","-75.134259","1752","6","0","0","0","0","0","1","1","0","","0","0","0","","","0","","1","","39 57:51.984","","7","75 08:03.331","0","0","0","0","67301","0","0","0","N","0","0","0","3","67301","0","","1.0","","1","N","N","N","1","","0","0","1","","2","","","3","0","0","0","0","0","0","2","0","3","","","","N","","","","","","","","","",""
"2021021436","2359","1","0","0","0","0","0","0","0","0","4","0","","67","3","2021","4","40.055123","-75.17663","2356","6","0","0","0","0","0","0","0","0","","0","0","0","","","0","","1","","40 03:18.444","","0","75 10:35.869","9","0","0","0","67301","0","0","0","N","0","0","0","2","67301","0","","1.0","","1","N","N","N","0","","0","0","0","","3","","","2","0","0","0","0","0","1","2","1","2","","","","N","","","","","","","","","",""
"2021021564","0830","1","0","0","0","0","0","0","0","0","5","0","","67","3","2021","4","40.070786","-75.038508","0820","6","0","0","0","0","0","1","0","0","","0","0","0","","","0","N","0","","40 04:14.831","2","0","75 02:18.629","0","0","0","0","67301","0","0","0","N","0","0","0","7","67301","0","","1.0","920.0","1","N","N","N","1","","0","0","1","","0","Y","","5","0","0","0","0","0","0","2","2","5","","03","","N","","","","","","","","","",""
"2021024563","2356","2","0","0","0","0","0","0","0","0","1","0","","67","3","2021","6","40.025045","-75.125456","2341","6","0","0","0","0","0","0","0","0","","0","0","0","","","0","","1","","40 01:30.162","1","0","75 07:31.641","0","0","0","0","67301","0","0","0","N","0","0","0","3","67301","0","","1.0","46.0","1","N","N","N","0","","0","0","0","","2","N","","2","0","0","0","0","0","0","2","0","2","","03","","N","","","","","","","","","",""
"2021041133","1455","0","0","0","0","0","0","1","0","0","5","1","","67","4","2021","3","39.977255","-75.158096","1438","6","0","0","0","0","0","0","0","0","","0","0","0","","","1","","1","","39 58:38.118","","0","75 09:29.146","8","0","0","0","67301","0","0","0","N","0","0","0","3","67508","0","","1.0","","1","N","N","Y","0","","0","0","0","","2","","","2","1","0","0","0","1","0","2","0","2","","03","","N","","","","","","","","","",""
"2021021127","0115","1","0","0","0","0","0","0","0","0","5","0","","67","3","2021","4","39.95455","-75.215617","0112","6","0","0","0","0","0","0","0","0","","0","0","0","","","0","N","0","","39 57:16.380","","0","75 12:56.220","0","0","0","0","67301","0","0","0","N","0","0","0","1","67301","0","","6.0","","1","N","N","N","0","","0","0","0","","0","","","2","0","0","0","0","0","0","2","0","2","","03","","N","","","","","","","","","",""
"2021028102","1223","1","0","0","0","0","0","0","0","0","1","0","","67","3","2021","5","39.914791","-75.148071","1220","6","0","0","0","0","0","0","0","0","","0","0","0","","","0","N","0","","39 54:53.247","","3","75 08:53.056","0","0","0","0","67301","0","0","0","N","0","0","0","2","68K01","0","","1.0","","1","N","N","N","0","","0","0","1","","0","","","2","0","0","0","0","0","0","2","0","2","","03","","N","","","","","","","","","",""
"2021048224","0741","0","0","0","0","0","0","0","0","0","4","0","","67","2","2021","6","40.020929","-75.139974","0739","6","0","0","0","0","0","1","0","0","","0","0","0","","","2","","1","","40 01:15.344","1","0","75 08:23.906","3","0","0","0","67301","0","0","0","N","0","0","0","3","67301","0","","1.0","800.0","1","N","N","N","0","","2","0","2","","2","N","","2","2","0","0","0","0","0","2","0","2","","03","","N","","","","","","","","","",""
"2021048112","1735","0","0","0","0","0","0","0","0","0","8","0","","67","5","2021","2","39.984744","-75.184558","1732","6","0","0","0","0","0","0","1","0","","0","0","0","","","1","","2","","39 59:05.078","","0","75 11:04.408","3","0","0","0","67301","1","0","0","N","1","0","0","2","67301","0","","1.0","","1","N","N","N","0","","1","0","1","","3","","","2","1","0","0","0","0","0","2","0","1","","03","","N","","","","","","","","","",""
"2021047521","2102","2","0","0","0","0","0","0","0","0","2","0","","67","5","2021","2","39.933474","-75.240235","2101","6","0","0","0","0","0","1","0","0","","0","0","0","","","2","N","0","","39 56:00.505","","0","75 14:24.845","3","0","0","0","67301","0","0","0","N","0","0","0","2","67301","0","","1.0","","1","N","N","N","0","","2","0","0","","0","","","2","2","0","0","0","0","0","2","0","2","","03","","N","","","","","","","","","",""
"2021032987","0301","2","0","0","0","0","0","0","0","0","1","0","","67","4","2021","7","40.004029","-75.195006","0256","6","0","0","0","0","0","0","0","0","","0","0","0","","","3","N","0","","40 00:14.505","3","8","75 11:42.023","3","0","0","0","67301","0","0","0","N","0","0","0","5","68K01","0","","1.0","45.0","1","N","N","N","0","","3","0","0","","0","Y","","2","3","0","0","0","0","0","2","0","2","","03","","N","","","","","","","","","",""
"2021021567","0819","1","0","0","0","0","0","0","0","0","7","0","","67","3","2021","5","40.035043","-75.04427","0815","6","0","0","0","0","0","0","0","0","","0","0","0","","","1","N","0","","40 02:06.155","","0","75 02:39.372","8","0","0","0","67301","0","0","0","N","0","0","0","1","67301","0","","5.0","","1","N","N","N","0","","0","0","0","","0","","","1","1","0","0","0","1","0","2","0","1","","","","N","","","","","","","","","",""
"2021060917","0036","1","0","0","0","0","0","0","0","0","5","0","45","67","6","2021","6","39.949083","-75.185007","0021","6","0","0","0","0","0","0","0","0","","0","0","0","","","0","N","0","","39 56:56.697","3","0","75 11:06.025","9","0","0","0","67301","0","0","0","N","0","0","0","2","68K01","0","","1.0","36.0","1","N","N","N","0","","0","0","0","","0","N","","2","0","0","0","0","0","1","2","0","2","","","Y","Y","4","1","N","N","Y","N","N","Y","N","N"
"2021033186","1415","2","0","0","0","0","0","0","0","0","1","0","","67","4","2021","6","39.911356","-75.153662","1402","6","0","0","0","0","0","0","1","0","","0","0","0","","","2","N","0","","39 54:40.883","","2","75 09:13.182","3","0","0","0","67301","0","0","0","N","0","0","0","3","68K01","0","","1.0","","1","N","N","N","0","","2","0","1","","0","","","3","2","0","0","0","0","0","2","0","3","","","","N","","","","","","","","","",""
"2021056510","0045","2","0","0","0","0","0","0","0","0","5","0","","67","6","2021","7","39.977255","-75.158096","0045","6","0","0","0","0","0","1","0","0","","0","0","0","","","0","N","1","","39 58:38.118","2","0","75 09:29.146","0","0","0","0","67301","0","0","0","N","0","0","0","2","67505","0","","1.0","140.0","1","N","N","N","0","","0","0","0","","3","N","","2","0","0","0","0","0","0","2","0","2","","","","N","","","","","","","","","",""
"2021028274","0009","1","0","0","0","0","0","0","0","0","1","0","","67","3","2021","5","40.003684","-75.077045","2345","6","0","0","0","1","0","1","0","0","","0","0","0","","","0","N","0","","40 00:13.264","1","3","75 04:37.363","0","0","0","0","67301","0","0","0","N","0","0","0","2","68K01","0","","1.0","59.0","9","N","N","N","0","","0","0","1","","0","N","","2","0","0","0","0","0","0","2","0","2","","","","N","","","","","","","","","",""
"2021028046","1156","1","0","0","0","0","0","0","0","0","7","0","","67","3","2021","5","39.999108","-75.190654","1154","6","0","0","0","0","0","0","0","0","","0","0","0","","","1","N","0","","39 59:56.787","5","0","75 11:26.356","4","0","0","0","67301","0","0","0","N","0","0","0","1","67301","1","","4.0","15.0","9","N","N","N","0","","0","0","0","","0","N","","1","1","0","0","0","0","0","2","0","1","","07","","N","","","","","","","","","",""
"2021032781","1155","0","0","0","0","0","0","0","0","0","5","0","","67","4","2021","7","40.036625","-75.050183","1138","6","0","0","0","0","0","0","0","0","","0","0","0","","","1","N","0","","40 02:11.850","","0","75 03:00.660","3","0","0","0","67301","0","0","0","N","0","0","0","1","67301","0","","6.0","","1","N","N","N","0","","1","0","4","","0","","","4","1","0","0","0","0","0","2","0","4","","03","","N","","","","","","","","","",""
"2021032676","0924","0","0","0","0","0","0","0","0","0","4","0","","67","4","2021","7","40.025298","-75.208542","0923","6","0","0","0","0","0","0","0","1","","0","0","0","","","1","N","0","","40 01:31.074","","7","75 12:30.752","4","0","0","0","67301","0","0","0","N","0","0","0","2","67301","1","","1.0","","1","N","N","N","0","","0","0","2","","3","","","2","1","0","0","0","0","0","2","0","2","","04","","N","","","","","","","","","",""
"2021032685","1330","1","0","0","0","0","0","0","0","0","1","0","","67","4","2021","4","40.033684","-75.145797","1330","6","0","0","0","0","0","0","0","0","","0","0","0","","","2","","1","","40 02:01.264","","0","75 08:44.868","4","0","0","0","67301","0","0","0","N","0","0","0","3","67301","2","","1.0","","99","N","N","N","0","","0","0","1","","2","","","2","2","1","0","0","0","1","2","0","2","","","","N","","","","","","","","","",""
"2021029041","1756","2","0","0","0","0","0","0","0","0","1","0","","67","3","2021","1","40.014945","-75.170477","1754","6","0","0","0","0","0","0","0","0","","0","0","0","","","1","N","0","","40 00:53.801","6","0","75 10:13.718","2","0","0","0","67301","0","0","0","N","0","0","0","2","67301","0","","6.0","2118.0","1","N","N","N","0","","0","1","2","","0","Y","","4","1","0","0","0","0","1","2","0","4","","","","N","","","","","","","","","",""
"2021030649","1317","1","0","0","0","0","0","0","0","0","4","0","","67","3","2021","4","39.965983","-75.162396","1315","6","0","0","0","0","0","0","0","0","","0","0","0","","","0","","1","","39 57:57.538","2","0","75 09:44.625","0","0","0","0","67301","0","0","0","N","0","0","0","2","67301","0","","1.0","30.0","9","N","N","N","0","","0","0","1","","3","Y","","2","0","0","0","0","0","0","2","0","2","","07","","N","","","","","","","","","",""
"2021051180","1240","0","0","0","0","0","0","0","0","0","1","1","","67","6","2021","3","40.00221","-75.1577","1232","6","0","0","0","0","0","0","1","0","","0","1","0","","","1","","1","","40 00:07.957","","0","75 09:27.721","4","0","0","0","67301","0","0","0","N","0","0","0","3","67301","1","","1.0","","1","N","N","Y","0","","0","0","2","","2","","","3","1","1","0","0","0","0","2","0","3","","03","","N","","","","","","","","","",""
"2021053629","0108","1","0","0","0","0","0","0","0","0","4","0","","67","2","2021","6","39.990938","-75.130917","0107","6","0","0","0","0","0","1","0","0","","0","0","0","","","2","","1","","39 59:27.376","","0","75 07:51.301","3","0","0","0","67301","0","0","0","N","0","0","0","4","67301","0","","1.0","","1","N","N","N","0","","2","0","1","","2","","","2","2","0","0","0","0","0","2","0","2","","03","","N","","","","","","","","","",""
"2021053657","1704","2","0","0","0","0","0","0","0","0","1","0","","67","6","2021","7","39.998008","-75.117178","1704","6","0","0","0","0","0","0","0","0","","0","0","0","","","1","N","0","","39 59:52.830","","0","75 07:01.840","3","0","0","0","67301","0","0","0","N","0","0","0","2","67301","0","","1.0","","1","N","N","N","0","","1","0","0","","0","","","2","1","2","0","0","0","0","2","0","2","","03","","N","","","","","","","","","",""
"2021026681","0322","2","0","0","0","0","0","0","0","0","6","0","","67","3","2021","1","39.999272","-75.105561","0322","6","0","0","0","0","0","0","0","0","","0","0","0","","","0","N","0","","39 59:57.380","6","0","75 06:20.020","9","0","0","0","67301","0","0","0","N","0","0","0","1","67301","0","","6.0","324.0","1","N","N","N","0","","0","0","1","","0","N","","3","0","0","0","0","0","1","2","0","3","","03","","N","","","","","","","","","",""
"2021028656","1117","0","0","0","0","0","0","0","0","0","8","0","","67","3","2021","1","40.012534","-75.073301","1113","6","0","0","0","0","0","1","0","0","","0","0","0","","","1","","1","","40 00:45.124","","0","75 04:23.885","4","0","0","0","67301","1","0","0","N","1","0","0","2","67301","1","","1.0","","9","N","N","N","0","","0","0","1","","2","","","2","1","0","0","0","0","0","2","0","1","","07","","N","","","","","","","","","",""
"2021027244","1615","1","0","0","0","0","0","0","0","0","7","0","","67","3","2021","2","40.045903","-75.170983","1608","6","0","0","0","0","0","0","1","0","","0","0","0","","","0","N","0","","40 02:45.250","","0","75 10:15.540","0","0","0","0","67301","0","0","0","N","0","0","0","1","67301","0","","5.0","","1","N","N","N","0","","0","0","0","","0","","","1","0","0","0","0","0","0","2","0","1","","03","","N","","","","","","","","","",""
"2021026752","1636","1","0","0","0","0","0","0","0","0","4","0","","67","3","2021","7","40.007865","-75.172261","1630","6","0","0","0","0","0","0","1","0","","0","0","0","","","1","","1","","40 00:28.314","","0","75 10:20.141","2","0","0","0","67301","0","0","0","N","0","0","0","2","67301","0","","1.0","","1","N","N","N","0","","0","1","1","","2","","","2","1","0","0","0","0","1","2","0","2","","03","","N","","","","","","","","","",""
"2021026597","2132","0","0","0","0","0","0","0","0","0","4","0","","67","3","2021","7","39.974964","-75.151608","2131","6","0","0","0","0","0","1","0","0","","0","0","0","","","0","","1","","39 58:29.870","","0","75 09:05.788","0","0","0","0","67301","0","0","0","N","0","0","0","2","67301","0","","1.0","","1","N","N","N","0","","0","0","2","","2","","","2","0","0","0","0","0","0","2","0","2","","03","","N","","","","","","","","","",""
"2021052414","0436","1","0","0","0","0","0","0","0","0","5","1","","67","5","2021","7","39.958147","-75.141233","0347","6","0","0","0","0","0","0","0","0","","0","1","0","","","0","N","0","","39 57:29.328","","0","75 08:28.438","0","0","0","0","67301","0","0","0","N","0","0","0","2","68K01","0","","1.0","","9","N","N","N","0","","0","0","0","","0","","","2","0","0","0","0","0","0","2","0","2","","07","","N","","","","","","","","","",""
"2021029397","0435","0","0","0","0","0","0","0","0","0","7","0","","67","2","2021","6","40.103588","-75.003058","0425","6","0","0","0","0","0","0","0","0","","0","0","0","","","0","N","0","","40 06:12.918","","0","75 00:11.010","0","0","0","0","67301","0","0","0","N","0","0","0","1","67301","0","","4.0","","1","N","N","N","1","","0","0","0","","0","","","1","0","0","0","0","0","0","2","0","1","","03","","N","","","","","","","","","",""
"2021051178","0755","0","0","0","0","0","0","0","0","0","4","0","","67","6","2021","6","39.955991","-75.217645","0752","6","0","0","0","0","0","0","0","0","","0","0","0","","","0","","1","","39 57:21.568","","0","75 13:03.523","0","0","0","0","67301","0","0","0","N","0","0","0","2","67301","0","","1.0","","1","N","N","N","0","","0","0","2","","2","","","2","0","0","0","0","0","0","2","0","2","","04","","N","","","","","","","","","",""
"2021027247","0940","2","0","0","0","0","0","0","0","0","4","0","","67","3","2021","1","39.989568","-75.133208","0936","6","0","0","0","0","0","0","0","0","","0","0","0","","","1","","1","","39 59:22.444","","0","75 07:59.548","3","0","0","0","67301","0","0","0","N","0","0","0","2","67301","0","","1.0","","1","N","N","N","0","","1","0","0","","3","","","2","1","0","0","0","0","0","2","0","2","","03","","N","","","","","","","","","",""
"2021052192","2327","1","0","0","0","0","0","0","0","0","4","0","","67","5","2021","6","39.967573","-75.131381","2318","6","0","0","0","0","0","0","0","0","","0","0","0","","","0","N","0","","39 58:03.262","1","0","75 07:52.971","0","0","0","0","67301","0","0","0","N","0","0","0","1","68K01","0","","4.0","2340.0","9","N","N","N","0","","0","0","0","","0","N","","1","0","0","0","0","0","0","2","0","1","","98","","N","","","","","","","","","",""
"2021026898","2104","1","0","0","0","0","0","0","0","0","7","0","","67","3","2021","1","39.940686","-75.143531","2020","6","0","1","0","0","0","0","0","0","","0","0","0","","","0","N","0","","39 56:26.470","2","0","75 08:36.712","0","0","0","0","67301","0","0","0","N","0","0","0","1","68K01","0","","4.0","2130.0","1","N","N","N","0","","0","0","0","","0","N","","1","0","0","0","0","0","0","2","0","1","","","","N","","","","","","","","","",""
"2021028541","1013","0","0","0","0","0","0","0","0","0","8","0","90","67","3","2021","7","39.968841","-75.136192","1009","6","0","0","0","0","0","1","0","0","","0","0","0","","","1","","1","","39 58:07.829","","1","75 08:10.292","3","0","0","0","67301","1","0","0","N","1","0","0","2","67301","0","","1.0","","1","N","N","N","0","","1","0","1","","2","","","2","1","0","0","0","0","0","2","0","1","","03","N","Y","8","8","N","N","N","Y","N","N","N","N"
"2021045095","1650","1","0","0","0","0","0","0","0","0","4","0","","67","4","2021","5","39.947322","-75.187461","1650","6","0","0","0","0","0","1","0","0","","0","0","0","","","2","N","1","","39 56:50.359","","0","75 11:14.859","8","0","0","0","67301","0","0","0","Y","0","0","0","2","68K01","0","","1.0","","1","N","N","N","0","","0","0","1","","2","","","2","2","0","0","0","2","0","2","0","2","","","","N","","","","","","","","","",""
"2021019421","1930","1","0","0","0","0","0","0","0","0","4","0","","67","2","2021","4","39.919","-75.139917","1930","6","0","0","0","0","0","1","0","0","","0","0","0","","","1","N","0","","39 55:08.400","","7","75 08:23.700","3","0","0","0","67301","0","0","0","N","0","0","0","3","67301","0","","1.0","","1","N","N","N","1","","1","0","0","","2","","","2","1","0","0","0","0","0","2","0","2","","03","","N","","","","","","","","","",""
"2021021971","1419","1","0","0","0","0","0","0","0","0","7","0","","67","2","2021","4","39.987778","-75.177472","1410","6","0","0","0","0","0","0","1","0","","0","0","0","","","1","N","0","","39 59:16.000","","0","75 10:38.900","8","0","0","0","67301","0","0","0","N","0","0","0","1","67301","0","","5.0","","1","N","N","N","0","","0","0","0","","0","","","2","1","1","0","0","1","0","2","0","1","","03","","N","","","","","","","","","",""
"2021057151","1645","0","0","0","0","0","0","0","0","0","8","0","","67","5","2021","3","40.005443","-75.107331","1645","6","0","0","0","0","0","0","0","0","","0","0","0","","","1","","2","","40 00:19.593","","0","75 06:26.392","8","0","0","0","67301","1","0","0","N","1","0","0","1","67301","0","","1.0","","99","N","N","N","0","","0","0","0","","9","U","","2","1","0","0","0","1","0","2","0","1","","","","N","","","","","","","","","",""
"2021025524","0621","3","0","0","0","0","0","0","0","0","6","0","","67","2","2021","3","40.014794","-75.141336","0618","6","0","0","0","0","0","0","0","0","","0","0","0","","","0","N","0","","40 00:53.260","","0","75 08:28.810","0","0","0","0","67301","0","0","0","N","0","0","0","1","67301","0","","6.0","","1","N","N","N","0","","0","0","2","","0","","","5","0","0","0","0","0","0","2","0","5","","03","","N","","","","","","","","","",""
"2021033136","0809","1","0","0","0","0","0","0","0","0","4","0","","67","4","2021","1","40.062182","-75.012743","0805","6","0","0","0","0","0","2","0","0","","0","0","0","","","0","","1","","40 03:43.855","","0","75 00:45.874","0","0","0","0","67301","0","0","0","N","0","0","0","2","67301","0","","1.0","","9","N","N","N","0","","0","0","1","","3","","","2","0","0","0","0","0","0","2","0","2","","07","","N","","","","","","","","","",""
"2021018807","2307","2","0","0","0","0","0","0","0","0","4","0","","67","2","2021","3","40.017004","-75.15154","2307","6","0","0","0","0","0","0","0","0","","0","0","0","","","1","","1","","40 01:01.213","","0","75 09:05.545","4","0","0","0","67301","0","0","0","N","0","0","0","2","67301","1","","1.0","","9","N","N","N","0","","0","0","0","","2","","","2","1","0","0","0","0","0","2","0","2","","03","","N","","","","","","","","","",""
"2021021207","0816","3","0","0","0","0","0","0","0","0","4","0","","67","3","2021","3","40.041334","-75.106702","0756","6","0","0","0","0","0","1","0","0","","0","0","0","","","2","","1","","40 02:28.801","2","0","75 06:24.126","8","0","0","0","67301","0","0","0","N","0","0","0","3","67301","0","","1.0","915.0","1","N","N","N","0","","0","0","0","","1","N","","3","2","0","0","0","2","0","2","0","3","","03","","N","","","","","","","","","",""
"2021019285","1015","2","0","0","0","0","0","0","0","0","4","0","","67","2","2021","5","40.036061","-75.087866","1006","6","0","0","0","0","0","1","0","0","","0","0","0","","","3","","1","","40 02:09.819","","0","75 05:16.319","3","0","0","0","67301","0","0","0","N","0","0","0","3","67301","0","","1.0","","1","N","N","N","0","","3","0","0","","2","","","2","3","0","0","0","0","0","2","0","2","","03","","N","","","","","","","","","",""
"2021021565","1355","1","0","0","0","0","0","0","0","0","4","0","","67","3","2021","4","40.028752","-75.057211","1350","6","0","0","0","0","0","1","0","0","","0","0","0","","","1","","2","","40 01:43.506","1","0","75 03:25.959","3","0","0","1","67301","0","0","0","N","0","0","0","2","67301","0","","1.0","1430.0","1","N","N","N","0","","1","0","0","","0","N","","2","1","0","0","0","0","0","2","0","2","","03","","N","","","","","","","","","",""
"2021046058","0955","1","0","0","0","0","0","0","0","0","1","1","","67","5","2021","5","40.041715","-75.182416","0949","6","0","0","0","1","0","0","0","0","","0","1","0","","","1","N","0","","40 02:30.173","","0","75 10:56.697","3","0","0","0","67301","0","0","0","N","0","0","0","2","67301","0","","1.0","","1","N","N","N","0","","1","0","0","","0","","","2","1","0","0","0","0","0","2","0","2","","03","","N","","","","","","","","","",""
"2021057259","0705","1","0","0","0","0","0","0","0","0","7","0","","67","6","2021","1","40.02325","-75.076844","0701","6","0","0","0","0","0","0","0","0","","0","0","0","","","0","","1","","40 01:23.700","","0","75 04:36.637","9","0","0","0","67301","0","0","0","N","0","0","0","1","67301","0","","4.0","","1","N","N","N","0","","0","0","0","","2","","","1","0","0","0","0","0","1","2","0","1","","","","N","","","","","","","","","",""
"2021019181","0924","1","0","0","0","0","0","0","0","0","1","0","","67","2","2021","5","40.049164","-75.142524","0854","6","0","0","0","0","0","0","0","1","","0","0","0","","","1","N","0","","40 02:56.992","","0","75 08:33.087","3","0","0","0","67301","0","0","0","N","0","0","0","2","67301","0","","1.0","","1","N","N","N","0","","1","0","1","","0","","","2","1","0","0","0","0","1","2","0","2","","03","","N","","","","","","","","","",""