"CRN","ARRIVAL_TM","AUTOMOBILE_COUNT","BELTED_DEATH_COUNT","BELTED_SUSP_SERIOUS_INJ_COUNT","BICYCLE_COUNT","BICYCLE_DEATH_COUNT","BICYCLE_SUSP_SERIOUS_INJ_COUNT","BUS_COUNT","CHLDPAS_DEATH_COUNT","CHLDPAS_SUSP_SERIOUS_INJ_COUNT","COLLISION_TYPE","COMM_VEH_COUNT","CONS_ZONE_SPD_LIM","COUNTY","CRASH_MONTH","CRASH_YEAR","DAY_OF_WEEK","DEC_LATITUDE","DEC_LONGITUDE","DISPATCH_TM","DISTRICT","DRIVER_COUNT_16YR","DRIVER_COUNT_17YR","DRIVER_COUNT_18YR","DRIVER_COUNT_19YR","DRIVER_COUNT_20YR","DRIVER_COUNT_50_64YR","DRIVER_COUNT_65_74YR","DRIVER_COUNT_75PLUS","EST_HRS_CLOSED","FATAL_COUNT","HEAVY_TRUCK_COUNT","HORSE_BUGGY_COUNT","HOUR_OF_DAY","ILLUMINATION","INJURY_COUNT","INTERSECTION_RELATED","INTERSECT_TYPE","LANE_CLOSED","LATITUDE","LN_CLOSE_DIR","LOCATION_TYPE","LONGITUDE","MAX_SEVERITY_LEVEL","MCYCLE_DEATH_COUNT","MCYCLE_SUSP_SERIOUS_INJ_COUNT","MOTORCYCLE_COUNT","MUNICIPALITY","NONMOTR_COUNT","NONMOTR_DEATH_COUNT","NONMOTR_SUSP_SERIOUS_INJ_COUNT","NTFY_HIWY_MAINT","PED_COUNT","PED_DEATH_COUNT","PED_SUSP_SERIOUS_INJ_COUNT","PERSON_COUNT","POLICE_AGCY","POSSIBLE_INJ_COUNT","RDWY_SURF_TYPE_CD","RELATION_TO_ROAD","ROADWAY_CLEARED","ROAD_CONDITION","SCH_BUS_IND","SCH_ZONE_IND","SECONDARY_CRASH","SMALL_TRUCK_COUNT","SPEC_JURIS_CD","SUSP_MINOR_INJ_COUNT","SUSP_SERIOUS_INJ_COUNT","SUV_COUNT","TCD_FUNC_CD","TCD_TYPE","TFC_DETOUR_IND","TIME_OF_DAY","TOTAL_UNITS","TOT_INJ_COUNT","UNBELTED_OCC_COUNT","UNB_DEATH_COUNT","UNB_SUSP_SERIOUS_INJ_COUNT","UNK_INJ_DEG_COUNT","UNK_INJ_PER_COUNT","URBAN_RURAL","VAN_COUNT","VEHICLE_COUNT","WEATHER1","WEATHER2","WORKERS_PRES","WORK_ZONE_IND","WORK_ZONE_LOC","WORK_ZONE_TYPE","WZ_CLOSE_DETOUR","WZ_FLAGGER","WZ_LAW_OFFCR_IND","WZ_LN_CLOSURE","WZ_MOVING","WZ_OTHER","WZ_SHLDER_MDN","WZ_WORKERS_INJ_KILLED"
"2021057397","0900","0","0","0","0","0","0","0","0","0","5","1","","67","6","2021","6","39.922218","-75.147614","0852","6","0","0","0","0","0","2","0","0","","0","1","0","","","1","N","0","","39 55:19.983","1","0","75 08:51.409","3","0","0","0","67301","0","0","0","N","0","0","0","2","68K01","0","","1.0","930.0","1","N","N","N","0","","1","0","1","","0","N","","2","1","0","0","0","0","0","2","0","2","","03","","N","","","","","","","","","",""
"2021021761","1619","0","0","0","0","0","0","0","0","0","4","0","","67","3","2021","3","39.988367","-75.11736","1613","6","0","0","0","0","0","0","0","0","","0","0","0","","","0","","1","","39 59:18.121","2","0","75 07:02.495","0","0","0","0","67301","0","0","0","N","0","0","0","2","67301","0","","1.0","1729.0","1","N","N","N","0","","0","0","2","","3","Y","","2","0","0","0","0","0","0","2","0","2","","03","","N","","","","","","","","","",""
"2021045608","2000","0","0","0","0","0","0","1","0","0","1","1","","67","5","2021","4","39.955022","-75.168","1950","6","0","0","0","0","0","2","0","0","","0","0","0","","","3","","1","","39 57:18.079","","0","75 10:04.799","3","0","0","0","67301","0","0","0","N","0","0","0","5","67301","0","","1.0","","1","N","N","N","0","","3","0","1","","2","","","2","3","0","0","0","0","0","2","0","2","","03","","N","","","","","","","","","",""
"2021021696","1630","1","0","0","0","0","0","0","0","0","4","0","","67","3","2021","2","40.035213","-75.145462","1630","6","0","0","0","0","0","0","0","0","","0","0","0","","","1","","1","","40 02:06.768","","0","75 08:43.662","3","0","0","0","67301","0","0","0","N","0","0","0","2","67301","0","","1.0","","1","N","N","N","0","","1","0","1","","2","","","2","1","0","0","0","0","0","2","0","2","","","","N","","","","","","","","","",""
"2021019092","2020","2","0","0","0","0","0","0","0","0","4","0","","67","2","2021","4","39.980213","-75.157468","2020","6","0","0","0","0","1","0","0","0","","0","0","0","","","1","","1","","39 58:48.767","","0","75 09:26.884","3","0","0","0","67301","0","0","0","N","0","0","0","4","67505","0","","1.0","","1","N","N","Y","0","","1","0","1","","2","","","3","1","0","0","0","0","0","2","0","3","","04","","N","","","","","","","","","",""
"2021101365","1855","1","0","0","0","0","0","1","0","0","2","1","","67","10","2021","6","39.981209","-75.188697","1840","6","0","0","0","0","0","1","0","0","","0","0","0","","","4","","1","","39 58:52.351","","0","75 11:19.309","8","0","0","0","67301","0","0","0","N","0","0","0","4","67508","0","","1.0","","1","N","N","Y","0","","0","0","0","","2","","","2","4","0","0","0","4","0","2","0","2","","03","","N","","","","","","","","","",""
"2021102863","0753","1","0","0","0","0","0","0","0","0","5","0","","67","10","2021","4","39.949397","-75.184477","0703","6","0","0","0","0","0","0","0","0","","0","0","0","","","0","N","0","","39 56:57.829","3","0","75 11:04.118","0","0","0","0","67301","0","0","0","N","0","0","0","2","68K01","0","","1.0","753.0","1","N","N","N","1","","0","0","0","","0","N","","2","0","1","0","0","0","0","2","0","2","","","","N","","","","","","","","","",""
"2021101852","0740","1","0","0","0","0","0","0","0","0","2","0","","67","10","2021","2","39.930992","-75.191789","0740","6","0","0","0","0","0","0","0","0","","0","0","0","","","1","","1","","39 55:51.571","","0","75 11:30.440","3","0","0","0","67301","0","0","0","N","0","0","0","3","67301","0","","1.0","","1","N","N","N","0","","1","0","1","","3","","","2","1","0","0","0","0","0","2","0","2","","","","N","","","","","","","","","",""
"2021099203","0157","0","0","0","0","0","0","0","0","0","7","0","","67","10","2021","1","39.959875","-75.178798","0156","6","0","0","0","0","0","0","0","0","","0","0","0","","","1","N","0","","39 57:35.549","","0","75 10:43.671","3","0","0","0","67301","0","0","0","N","0","0","0","1","68K01","0","","7.0","","9","N","N","N","1","","1","0","0","","0","","","1","1","0","0","0","0","0","2","0","1","","","","N","","","","","","","","","",""
"2021099552","1455","1","0","0","0","0","0","0","0","0","4","0","","67","10","2021","1","40.049102","-75.235569","1455","6","0","0","0","0","0","0","0","0","","0","0","0","","","1","N","0","","40 02:56.766","","0","75 14:08.048","3","0","0","0","67301","0","0","0","N","0","0","0","2","67301","0","","1.0","","1","N","N","N","0","","1","0","1","","0","","","2","1","0","0","0","0","0","2","0","2","","03","","N","","","","","","","","","",""
"2021098642","0336","2","0","0","0","0","0","0","0","0","4","0","","67","10","2021","7","40.0626","-75.17081","0334","6","0","0","0","0","0","0","0","0","","0","0","0","","","0","","1","","40 03:45.360","","0","75 10:14.916","9","0","0","0","67301","0","0","0","N","0","0","0","2","67301","0","","1.0","","1","N","N","N","0","","0","0","0","","2","","","2","0","0","0","0","0","1","2","0","2","","03","","N","","","","","","","","","",""
"2021094162","1802","2","0","0","0","0","0","0","0","0","2","0","","67","10","2021","7","39.989845","-75.125417","1802","6","0","0","0","0","0","0","0","0","","0","0","0","","","1","","1","","39 59:23.441","","0","75 07:31.502","8","0","0","0","67301","0","0","0","N","0","0","0","2","67301","0","","1.0","","99","N","N","N","0","","0","0","0","","2","U","","2","1","0","0","0","1","0","2","0","2","","","","N","","","","","","","","","",""
"2021087877","0106","2","0","0","0","0","0","0","0","0","1","0","","67","9","2021","1","39.98347","-75.119175","0106","6","0","0","0","1","0","0","0","0","","0","0","0","","","0","","1","","39 59:00.492","","0","75 07:09.030","0","0","0","0","67301","0","0","0","N","0","0","0","2","67301","0","","1.0","","9","N","N","N","0","","0","0","0","","2","U","","2","0","0","0","0","0","0","2","0","2","","04","","N","","","","","","","","","",""
"2021064649","1722","1","0","0","0","0","0","0","0","0","1","0","55","67","7","2021","7","40.012281","-75.059321","1722","6","0","0","0","0","0","0","0","0","","0","0","0","","","0","N","0","","40 00:44.213","","0","75 03:33.555","0","0","0","0","67301","0","0","0","N","0","0","0","3","68K01","0","","1.0","","1","N","N","N","0","","0","0","1","","0","","","2","0","1","0","0","0","0","2","0","2","","","N","Y","4","1","","","N","","","","Y","N"
"2021090257","2116","0","0","0","0","0","0","0","0","0","7","1","","67","9","2021","6","40.038341","-75.010461","2057","6","0","0","0","0","0","0","0","0","","0","1","0","","","1","N","0","","40 02:18.026","","0","75 00:37.659","8","0","0","0","67301","0","0","0","N","0","0","0","1","68K01","0","","2.0","","1","N","N","N","0","","0","0","0","","0","","","1","1","1","0","0","1","0","2","0","1","","","","N","","","","","","","","","",""
"2021089879","2059","0","0","0","0","0","0","0","0","0","7","1","45","67","9","2021","4","40.006103","-75.074491","2042","6","0","0","0","0","0","0","0","0","","0","1","0","","","0","N","0","","40 00:21.969","","0","75 04:28.166","0","0","0","0","67301","0","0","0","N","0","0","0","1","68K01","0","","2.0","","1","N","N","N","0","","0","0","0","","0","","","1","0","0","0","0","0","0","2","0","1","","03","N","Y","2","2","","","N","","","","Y","N"
"2021070495","2031","3","0","0","0","0","0","0","0","0","4","0","","67","7","2021","3","39.988524","-75.106326","2028","6","0","0","0","0","0","1","0","0","","0","0","0","","","2","","1","","39 59:18.686","6","0","75 06:22.773","3","0","0","0","67301","0","0","0","N","0","0","0","2","67301","0","","1.0","2104.0","1","N","N","N","0","","2","0","1","","2","N","","4","2","2","0","0","0","0","2","0","4","","","","N","","","","","","","","","",""
"2021064390","1931","1","0","0","0","0","0","0","0","0","4","0","","67","7","2021","6","40.026137","-75.127922","1931","6","0","0","0","0","0","0","0","0","","0","0","0","","","0","","2","","40 01:34.093","","0","75 07:40.519","9","0","0","0","67301","0","0","0","N","0","0","0","2","67301","0","","1.0","","99","N","N","N","1","","0","0","0","","3","","","3","0","1","0","0","0","2","2","0","3","","","","N","","","","","","","","","",""
"2021068948","1023","1","0","0","0","0","0","0","0","0","5","1","","67","7","2021","5","39.911889","-75.168083","1023","6","0","0","0","0","0","0","0","0","","0","1","0","","","0","N","0","","39 54:42.800","","3","75 10:05.100","9","0","0","0","67301","0","0","0","N","0","0","0","2","67501","0","","1.0","","1","N","N","N","0","","0","0","0","","8","","","2","0","0","0","0","0","1","2","0","2","","03","","N","","","","","","","","","",""
"2021065791","2334","0","0","0","0","0","0","0","0","0","7","0","","67","7","2021","7","39.962611","-75.139722","2329","6","0","0","0","0","0","0","0","0","","0","0","0","","","1","","7","","39 57:45.400","","2","75 08:23.000","4","0","0","1","67301","0","0","0","N","0","0","0","1","68K01","1","","7.0","","1","N","N","N","0","","0","0","0","","0","","","1","1","0","0","0","0","0","2","0","1","","","","N","","","","","","","","","",""
"2021071062","0900","2","0","0","0","0","0","0","0","0","5","0","","67","6","2021","4","39.964866","-75.22609","0815","6","0","0","0","0","0","0","0","0","","0","0","0","","","1","","1","","39 57:53.517","","0","75 13:33.924","3","0","0","0","67301","0","0","0","N","0","0","0","6","67301","0","","1.0","","1","N","N","N","0","","1","0","0","","2","","","2","1","0","0","0","0","0","2","0","2","","03","","N","","","","","","","","","",""
"2021069920","2002","1","0","0","0","0","0","0","0","0","5","0","","67","7","2021","4","40.013197","-75.159629","2000","6","0","0","0","0","0","0","1","0","","0","0","0","","","1","N","0","","40 00:47.508","","0","75 09:34.664","3","0","0","1","67301","0","0","0","N","0","0","0","2","67301","0","","1.0","","1","N","N","N","0","","1","0","0","","0","","","2","1","1","0","0","0","1","2","0","2","","03","","N","","","","","","","","","",""
"2021089865","0731","1","0","0","0","0","0","0","0","0","7","0","","67","9","2021","1","40.04942","-74.99495","0709","6","0","0","0","0","0","0","0","0","","0","0","0","","","0","N","0","","40 02:57.912","","0","74 59:41.819","9","0","0","0","67301","0","0","0","Y","0","0","0","1","68K01","0","","2.0","","1","N","N","N","0","","0","0","0","","0","","","1","0","0","0","0","0","1","2","0","1","","","","N","","","","","","","","","",""
"2021070928","1929","1","0","0","0","0","0","0","0","0","7","0","","67","7","2021","2","39.959893","-75.178941","1925","6","0","0","0","0","0","0","0","0","","0","0","0","","","0","N","0","","39 57:35.614","3","3","75 10:44.189","9","0","0","0","67301","0","0","0","N","0","0","0","1","68K01","0","","3.0","2040.0","1","N","N","N","0","","0","0","0","","0","N","","1","0","0","0","0","0","1","2","0","1","","","","N","","","","","","","","","",""
"2021089652","0751","2","0","0","0","0","0","1","0","0","1","1","","67","9","2021","2","39.921112","-75.194162","0750","6","0","0","0","0","0","1","0","0","","0","0","0","","","0","N","0","","39 55:16.003","","0","75 11:38.984","0","0","0","0","67301","0","0","0","N","0","0","0","4","67301","0","","1.0","","1","Y","N","N","0","","0","0","1","","0","","","4","0","1","0","0","0","0","2","0","4","","03","","N","","","","","","","","","",""
"2021089525","0302","1","0","0","0","0","0","0","0","0","7","0","","67","9","2021","2","40.03172","-75.053316","0301","6","0","0","0","0","0","0","0","0","","0","0","0","","","0","","5","","40 01:54.191","2","0","75 03:11.938","0","0","0","0","67301","0","0","0","N","0","0","0","1","67301","0","","3.0","330.0","1","N","N","N","0","","0","0","0","","2","N","","1","0","0","0","0","0","0","2","0","1","","03","","N","","","","","","","","","",""
"2021089002","0812","2","0","0","0","0","0","0","0","0","4","0","","67","9","2021","3","40.056987","-75.179694","0805","6","0","0","0","0","0","1","0","0","","0","0","0","","","1","","1","","40 03:25.153","","0","75 10:46.898","3","0","0","0","67301","0","0","0","N","0","0","0","3","67301","0","","1.0","","1","N","N","N","0","","1","0","0","","3","","","2","1","0","0","0","0","0","2","0","2","","03","","N","","","","","","","","","",""
"2021089746","0920","1","0","0","0","0","0","0","0","0","1","1","","67","9","2021","7","39.938417","-75.171219","0920","6","0","0","0","0","0","1","0","0","","0","1","0","","","1","N","0","","39 56:18.300","","0","75 10:16.390","8","0","0","0","67301","0","0","0","N","0","0","0","2","67301","0","","1.0","","1","N","N","N","0","","0","0","0","","0","","","2","1","0","0","0","1","0","2","0","2","","03","","N","","","","","","","","","",""
"2021085385","0136","1","0","0","0","0","0","0","0","0","7","0","","67","9","2021","5","40.038264","-75.010673","0126","6","0","0","0","0","0","0","0","0","","0","0","0","","","0","N","0","","40 02:17.749","","0","75 00:38.421","0","0","0","0","67301","0","0","0","N","0","0","0","1","68K01","0","","2.0","","9","N","N","N","0","","0","0","0","","0","","","1","0","0","0","0","0","0","2","0","1","","","","N","","","","","","","","","",""
"2021084471","0641","1","0","0","0","0","0","0","0","0","7","0","","67","9","2021","2","40.040129","-75.006346","0632","6","0","0","0","0","0","0","0","0","","0","0","0","","","0","N","0","","40 02:24.464","","0","75 00:22.847","0","0","0","0","67301","0","0","0","N","0","0","0","2","68K01","0","","3.0","","9","N","N","N","1","","0","0","0","","0","","","2","0","0","0","0","0","0","2","0","2","","","","N","","","","","","","","","",""
"2021057175","2142","2","0","0","0","0","0","0","0","0","4","0","","67","6","2021","7","39.995436","-75.157626","2136","6","0","0","0","0","0","0","0","0","","0","0","0","","","1","","3","","39 59:43.569","","0","75 09:27.453","3","0","0","0","67301","0","0","0","N","0","0","0","2","67301","0","","1.0","","1","N","N","N","0","","1","0","1","","3","","","3","1","0","0","0","0","0","2","0","3","","03","","N","","","","","","","","","",""
"2021059056","1028","1","0","0","0","0","0","0","0","0","1","0","","67","6","2021","5","40.038972","-75.150035","1027","6","0","0","0","0","0","0","0","0","","0","0","0","","","0","","1","","40 02:20.299","","0","75 09:00.127","0","0","0","0","67301","0","0","0","N","0","0","0","3","67301","0","","1.0","","1","N","N","N","1","","0","0","1","","2","","","3","0","0","0","0","0","0","2","0","3","","03","","N","","","","","","","","","",""
"2021083313","2308","2","0","0","0","0","0","0","0","0","7","0","","67","9","2021","4","39.942401","-75.14295","2259","6","0","0","0","0","0","1","0","0","","0","0","0","","","2","N","0","","39 56:32.644","","0","75 08:34.621","8","0","0","0","67301","0","0","0","N","0","0","0","3","68K01","0","","2.0","","9","N","N","N","0","","0","0","0","","0","","","2","2","1","0","0","2","0","2","0","2","","","","N","","","","","","","","","",""
"2021084145","1840","2","0","0","0","0","0","0","0","0","4","0","","67","9","2021","2","40.063536","-75.169821","1832","6","0","0","0","0","0","0","0","0","","0","0","0","","","1","","1","","40 03:48.731","","0","75 10:11.355","3","0","0","0","67301","0","0","0","N","0","0","0","2","67301","0","","1.0","","1","N","N","N","0","","1","0","0","","1","","","2","1","2","0","0","0","0","2","0","2","","","","N","","","","","","","","","",""
"2021087444","1652","1","0","0","0","0","0","1","0","0","2","1","","67","9","2021","5","39.977907","-75.163009","1637","6","0","0","0","0","0","0","0","0","","0","0","0","","","5","","1","","39 58:40.465","","0","75 09:46.832","4","0","0","0","67301","0","0","0","N","0","0","0","6","67301","5","","1.0","","1","N","N","N","0","","0","0","0","","2","","","2","5","0","0","0","0","0","2","0","2","","04","","N","","","","","","","","","",""
"2021083997","2330","1","0","0","0","0","0","1","0","0","1","1","","67","8","2021","1","40.005843","-75.096428","2320","6","0","0","0","0","0","0","0","0","","0","0","0","","","1","","1","","40 00:21.036","","0","75 05:47.139","8","0","0","0","67301","0","0","0","N","0","0","0","2","67508","0","","1.0","","1","N","N","Y","0","","0","0","0","","2","","","2","1","0","0","0","1","0","2","0","2","","03","","N","","","","","","","","","",""
"2021057920","1851","1","0","0","0","0","0","0","0","0","4","0","","67","6","2021","1","39.998629","-75.130198","1851","6","0","0","0","1","0","0","0","0","","0","0","0","","","1","N","0","","39 59:55.065","","0","75 07:48.714","3","0","0","1","67301","0","0","0","N","0","0","0","3","67301","0","","1.0","","1","N","N","N","0","","1","0","0","","0","","","2","1","0","0","0","0","0","2","0","2","","03","","N","","","","","","","","","",""
"2021058821","1707","1","0","0","0","0","0","0","0","0","7","0","","67","6","2021","3","39.995032","-75.131082","1705","6","0","0","0","0","0","1","0","0","","0","0","0","","","1","","3","","39 59:42.115","","0","75 07:51.895","4","0","0","0","67301","0","0","0","N","0","0","0","3","67301","1","","4.0","","9","N","N","N","0","","0","0","0","","0","","","1","1","2","0","0","0","0","2","0","1","","04","","N","","","","","","","","","",""
"2021058395","1524","2","0","0","0","0","0","0","0","0","2","0","","67","6","2021","4","39.978828","-75.134856","1524","6","0","0","0","0","0","0","0","0","","0","0","0","","","0","N","0","","39 58:43.780","","0","75 08:05.480","9","0","0","0","67301","0","0","0","N","0","0","0","2","67301","0","","6.0","","1","N","N","N","0","","0","0","1","","0","","","3","0","0","0","0","0","2","2","0","3","","03","","N","","","","","","","","","",""
"2021069772","0342","1","0","0","0","0","0","0","0","0","4","0","","67","7","2021","7","39.9482","-75.16443","0339","6","0","0","0","0","0","0","0","0","","0","0","0","","","0","","1","","39 56:53.519","","0","75 09:51.947","0","0","0","0","67301","0","0","0","N","0","0","0","2","67301","0","","1.0","","1","N","N","N","0","","0","0","0","","2","","","2","0","0","0","0","0","0","2","0","2","","03","","N","","","","","","","","","",""
"2021061865","1009","0","0","0","0","0","0","0","0","0","1","0","","67","6","2021","6","39.927703","-75.19583","0956","6","0","0","0","0","0","1","0","0","","0","0","0","","","1","N","0","","39 55:39.732","3","0","75 11:44.987","3","0","0","0","67301","0","0","0","N","0","0","0","2","68K01","0","","1.0","1025.0","1","N","N","N","1","","1","0","0","","0","N","","2","1","1","0","0","0","0","2","1","2","","","","N","","","","","","","","","",""
"2021057563","0833","0","0","0","0","0","0","0","0","0","1","0","35","67","6","2021","2","39.954972","-75.145722","0829","6","0","0","0","0","0","1","0","0","","0","0","0","","","3","N","0","","39 57:17.900","4","3","75 08:44.600","4","0","0","0","67301","0","0","0","N","0","0","0","5","67501","3","","1.0","928.0","1","N","N","N","0","","0","0","2","","0","N","","3","3","0","0","0","0","0","2","1","3","","04","Y","Y","8","1","","","N","Y","","","","N"
"2021085109","0538","0","0","0","0","0","0","0","0","0","4","1","","67","9","2021","5","39.987821","-75.180584","0506","6","0","0","0","0","0","1","0","0","","0","0","0","","","1","","1","","39 59:16.154","2","0","75 10:50.102","8","0","0","0","67301","0","0","0","N","0","0","0","3","67301","0","","1.0","642.0","8","N","N","N","1","","0","0","1","","2","Y","","2","1","0","0","0","1","2","2","0","2","","98","","N","","","","","","","","","",""
"2021094401","0821","1","0","0","0","0","0","0","0","0","4","0","","67","10","2021","2","40.050262","-75.222045","0803","6","0","0","0","0","0","0","0","0","","0","0","0","","","2","N","0","","40 03:00.943","1","7","75 13:19.363","8","0","0","0","67301","0","0","0","N","0","0","0","3","67301","0","","1.0","950.0","1","N","Y","Y","0","","0","0","2","","0","N","","3","2","0","0","0","2","0","2","0","3","","03","","N","","","","","","","","","",""
"2021080762","1942","2","0","0","0","0","0","0","0","0","1","0","","67","8","2021","2","40.01198","-75.135844","1942","6","0","0","0","0","0","0","0","0","","0","0","0","","","0","","1","","40 00:43.128","","0","75 08:09.038","9","0","0","0","67301","0","0","0","N","0","0","0","3","67301","0","","1.0","","1","N","N","N","0","","0","0","0","","2","","","2","0","1","0","0","0","1","2","0","2","","03","","N","","","","","","","","","",""
"2021095947","0815","1","0","0","0","0","0","0","0","0","4","0","","67","8","2021","4","39.940369","-75.236609","0808","6","0","0","0","0","0","0","0","0","","0","0","0","","","2","","1","","39 56:25.327","","0","75 14:11.791","8","0","0","0","67301","0","0","0","N","0","0","0","4","67301","0","","1.0","","1","N","N","N","0","","0","0","1","","2","","","2","2","0","0","0","2","0","2","0","2","","03","","N","","","","","","","","","",""
"2021081878","0358","0","0","0","0","0","0","0","0","0","5","0","45","67","8","2021","1","40.019052","-75.045852","0358","6","0","0","0","0","0","0","0","0","","0","0","0","","","1","N","0","","40 01:08.587","1","0","75 02:45.066","8","0","0","0","67301","0","0","0","N","0","0","0","3","68K01","0","","1.0","430.0","1","N","N","N","0","","0","0","3","","0","N","","3","1","0","0","0","1","0","2","0","3","","","N","Y","4","1","","","N","","","","Y","N"
"2021075926","1646","1","0","0","0","0","0","0","0","0","4","0","","67","8","2021","7","39.980696","-75.124503","1640","6","0","0","0","0","0","0","0","0","","0","0","0","","","4","","1","","39 58:50.505","1","0","75 07:28.210","3","0","0","0","67301","0","0","0","N","0","0","0","5","67301","0","","1.0","1730.0","1","N","N","N","0","","4","0","1","","3","Y","","2","4","0","0","0","0","0","2","0","2","","","","N","","","","","","","","","",""
"2021080570","1105","0","0","0","0","0","0","0","0","0","8","0","","67","8","2021","2","39.989186","-75.119196","1055","6","0","0","0","0","0","0","0","0","","0","0","0","","","1","N","0","","39 59:21.069","","0","75 07:09.106","2","0","0","0","67301","1","0","1","N","1","0","1","2","67301","0","","1.0","","1","N","N","N","1","","0","1","0","","0","","","2","1","0","0","0","0","0","2","0","1","","03","","N","","","","","","","","","",""
"2021075348","1658","0","0","0","0","0","0","0","0","0","4","0","","67","8","2021","4","40.046038","-75.132584","1652","6","0","0","0","0","0","1","0","0","","0","0","0","","","1","","2","","40 02:45.737","","0","75 07:57.301","3","0","0","1","67301","0","0","0","N","0","0","0","2","67301","0","","1.0","","1","N","N","N","1","","1","0","0","","0","","","2","1","0","0","0","0","0","2","0","2","","","","N","","","","","","","","","",""
"2021120452","0734","1","0","0","0","0","0","0","0","0","7","0","","67","11","2021","6","40.032921","-75.020859","0716","6","0","0","0","0","0","0","0","0","","0","0","0","","","0","N","0","","40 01:58.517","","0","75 01:15.093","0","0","0","0","67301","0","0","0","N","0","0","0","1","68K01","0","","2.0","","9","N","N","N","0","","0","0","0","","0","","","1","0","0","0","0","0","0","2","0","1","","07","","N","","","","","","","","","",""
"2021088767","2355","0","0","0","0","0","0","0","0","0","4","0","","67","8","2021","4","39.960201","-75.239103","2355","6","0","0","0","0","0","0","0","0","","0","0","0","","","1","","1","","39 57:36.724","","0","75 14:20.772","8","0","0","0","67301","0","0","0","N","0","0","0","2","67301","0","","1.0","","99","N","N","N","0","","0","0","2","","2","","","2","1","0","0","0","1","1","2","0","2","","98","","N","","","","","","","","","",""
"2021076140","2140","2","0","0","0","0","0","0","0","0","4","0","","67","8","2021","7","39.937729","-75.228353","2136","6","0","0","0","0","0","1","0","0","","0","0","0","","","0","","1","","39 56:15.824","","0","75 13:42.070","0","0","0","0","67301","0","0","0","N","0","0","0","2","67301","0","","1.0","","1","N","N","N","0","","0","0","0","","2","","","4","0","0","0","0","0","0","2","2","4","","03","","N","","","","","","","","","",""
"2021088771","0214","1","0","0","0","0","0","0","0","0","4","0","","67","8","2021","1","39.955497","-75.21365","0210","6","0","0","0","0","0","0","0","0","","0","0","0","","","0","","1","","39 57:19.788","2","0","75 12:49.139","9","0","0","0","67301","0","0","0","N","0","0","0","2","67301","0","","1.0","352.0","1","N","N","N","0","","0","0","1","","2","N","","2","0","0","0","0","0","2","2","0","2","","03","","N","","","","","","","","","",""
"2021076481","1352","2","0","0","0","0","0","0","0","0","1","0","45","67","8","2021","6","39.979893","-75.106543","1314","6","0","0","0","0","0","0","0","0","","0","0","0","","","0","N","0","","39 58:47.616","2","0","75 06:23.553","0","0","0","0","67301","0","0","0","N","0","0","0","4","68K01","0","","1.0","1410.0","1","N","N","N","1","","0","0","0","","0","N","","3","0","0","0","0","0","0","2","0","3","","","N","Y","4","1","","","N","","","","Y","N"
"2021117997","","1","0","0","0","0","0","0","0","0","4","0","","67","5","2021","2","39.962866","-75.197294","","6","0","0","0","0","0","0","1","0","","0","0","0","","","1","","1","","39 57:46.318","","0","75 11:50.257","8","0","0","0","67301","0","0","0","N","0","0","0","2","00000","0","","1.0","","1","N","N","N","0","","0","0","0","","3","","","2","1","0","0","0","1","0","2","0","2","","","","N","","","","","","","","","",""
"2021074634","2047","1","0","0","0","0","0","0","0","0","7","0","","67","8","2021","3","39.912333","-75.173861","2044","6","0","0","0","0","0","0","0","0","","0","0","0","","","0","N","0","","39 54:44.400","2","2","75 10:25.900","0","0","0","0","67301","0","0","0","N","0","0","0","2","67501","0","","4.0","2116.0","8","N","N","N","0","","0","0","0","","0","Y","","1","0","0","0","0","0","0","2","0","1","","","","N","","","","","","","","","",""
"2021074717","1252","1","0","0","0","0","0","0","0","0","8","0","","67","8","2021","2","40.004058","-75.214372","1252","6","0","0","0","0","0","0","0","0","","0","0","0","","","1","","2","","40 00:14.608","","0","75 12:51.739","8","0","0","0","67301","1","0","0","N","1","0","0","2","67301","0","","1.0","","1","N","N","N","0","","0","0","0","","2","","","2","1","1","0","0","1","1","2","0","1","","03","","N","","","","","","","","","",""
"2021075937","0518","0","0","0","0","0","0","0","0","0","4","0","","67","8","2021","6","40.04324","-75.052268","0514","6","0","0","0","0","0","1","0","0","","0","0","0","","","1","","1","","40 02:35.664","","0","75 03:08.163","3","0","0","0","67301","0","0","0","N","0","0","0","2","67301","0","","1.0","","1","N","N","N","0","","1","0","1","","2","","","2","1","0","0","0","0","0","2","1","2","","03","","N","","","","","","","","","",""
"2021120422","2111","2","0","0","0","0","0","0","0","0","2","0","","67","12","2021","4","40.007279","-75.068555","2105","6","0","0","1","0","0","0","0","0","","0","0","0","","","2","","7","","40 00:26.203","","2","75 04:06.799","3","0","0","0","67301","0","0","0","N","0","0","0","2","67301","0","","1.0","","1","N","N","N","0","","2","0","0","","0","","","2","2","0","0","0","0","0","2","0","2","","03","","N","","","","","","","","","",""
"2021120420","1601","1","0","0","0","0","0","0","0","0","4","1","","67","12","2021","4","40.025673","-75.031643","1549","6","0","0","0","0","0","0","0","0","","0","1","0","","","0","","1","","40 01:32.421","","0","75 01:53.914","0","0","0","0","67301","0","0","0","N","0","0","0","2","67301","0","","1.0","","1","N","N","N","0","","0","0","0","","2","","","2","0","0","0","0","0","0","2","0","2","","","","N","","","","","","","","","",""