"CRN","ARRIVAL_TM","AUTOMOBILE_COUNT","BELTED_DEATH_COUNT","BELTED_SUSP_SERIOUS_INJ_COUNT","BICYCLE_COUNT","BICYCLE_DEATH_COUNT","BICYCLE_SUSP_SERIOUS_INJ_COUNT","BUS_COUNT","CHLDPAS_DEATH_COUNT","CHLDPAS_SUSP_SERIOUS_INJ_COUNT","COLLISION_TYPE","COMM_VEH_COUNT","CONS_ZONE_SPD_LIM","COUNTY","CRASH_MONTH","CRASH_YEAR","DAY_OF_WEEK","DEC_LATITUDE","DEC_LONGITUDE","DISPATCH_TM","DISTRICT","DRIVER_COUNT_16YR","DRIVER_COUNT_17YR","DRIVER_COUNT_18YR","DRIVER_COUNT_19YR","DRIVER_COUNT_20YR","DRIVER_COUNT_50_64YR","DRIVER_COUNT_65_74YR","DRIVER_COUNT_75PLUS","EST_HRS_CLOSED","FATAL_COUNT","HEAVY_TRUCK_COUNT","HORSE_BUGGY_COUNT","HOUR_OF_DAY","ILLUMINATION","INJURY_COUNT","INTERSECTION_RELATED","INTERSECT_TYPE","LANE_CLOSED","LATITUDE","LN_CLOSE_DIR","LOCATION_TYPE","LONGITUDE","MAX_SEVERITY_LEVEL","MCYCLE_DEATH_COUNT","MCYCLE_SUSP_SERIOUS_INJ_COUNT","MOTORCYCLE_COUNT","MUNICIPALITY","NONMOTR_COUNT","NONMOTR_DEATH_COUNT","NONMOTR_SUSP_SERIOUS_INJ_COUNT","NTFY_HIWY_MAINT","PED_COUNT","PED_DEATH_COUNT","PED_SUSP_SERIOUS_INJ_COUNT","PERSON_COUNT","POLICE_AGCY","POSSIBLE_INJ_COUNT","RDWY_SURF_TYPE_CD","RELATION_TO_ROAD","ROADWAY_CLEARED","ROAD_CONDITION","SCH_BUS_IND","SCH_ZONE_IND","SECONDARY_CRASH","SMALL_TRUCK_COUNT","SPEC_JURIS_CD","SUSP_MINOR_INJ_COUNT","SUSP_SERIOUS_INJ_COUNT","SUV_COUNT","TCD_FUNC_CD","TCD_TYPE","TFC_DETOUR_IND","TIME_OF_DAY","TOTAL_UNITS","TOT_INJ_COUNT","UNBELTED_OCC_COUNT","UNB_DEATH_COUNT","UNB_SUSP_SERIOUS_INJ_COUNT","UNK_INJ_DEG_COUNT","UNK_INJ_PER_COUNT","URBAN_RURAL","VAN_COUNT","VEHICLE_COUNT","WEATHER1","WEATHER2","WORKERS_PRES","WORK_ZONE_IND","WORK_ZONE_LOC","WORK_ZONE_TYPE","WZ_CLOSE_DETOUR","WZ_FLAGGER","WZ_LAW_OFFCR_IND","WZ_LN_CLOSURE","WZ_MOVING","WZ_OTHER","WZ_SHLDER_MDN","WZ_WORKERS_INJ_KILLED"
"2021078487","1600","1","0","0","0","0","0","0","0","0","5","0","","67","8","2021","1","39.936917","-75.199116","1600","6","0","0","0","0","0","0","0","0","","0","0","0","","","0","N","0","","39 56:12.902","","1","75 11:56.816","9","0","0","0","67301","0","0","0","N","0","0","0","6","67301","0","","1.0","","98","N","N","N","0","","0","0","1","","0","","","2","0","6","0","0","0","1","2","0","2","","03","","N","","","","","","","","","",""
"2021074997","1642","2","0","0","0","0","0","0","0","0","4","0","","67","8","2021","4","40.032946","-75.052079","1642","6","0","0","0","0","0","0","0","0","","0","0","0","","","2","","1","","40 01:58.605","","0","75 03:07.484","8","0","0","0","67301","0","0","0","N","0","0","0","3","67301","0","","1.0","","1","N","N","N","0","","0","0","0","","2","","","2","2","0","0","0","2","1","2","0","2","","03","","N","","","","","","","","","",""
"2021120458","0621","2","0","0","0","0","0","0","0","0","1","0","","67","11","2021","2","39.982349","-75.207614","0608","6","0","0","0","0","0","1","0","0","","0","0","0","","","0","N","0","","39 58:56.455","","0","75 12:27.412","0","0","0","0","67301","0","0","0","N","0","0","0","3","68K01","0","","1.0","","9","N","N","N","0","","0","0","0","","0","","","2","0","0","0","0","0","0","2","0","2","","","","N","","","","","","","","","",""
"2021075941","0000","0","0","0","0","0","0","0","0","0","7","0","","67","8","2021","7","39.963814","-75.133711","2352","6","0","0","0","0","0","0","0","0","","0","0","0","","","1","N","0","","39 57:49.730","","7","75 08:01.360","3","0","0","0","67301","0","0","0","N","0","0","0","1","67301","0","","4.0","","1","N","N","N","0","","1","0","0","","0","","","1","1","0","0","0","0","0","2","1","1","","03","","N","","","","","","","","","",""
"2021044723","1422","3","0","0","0","0","0","0","0","0","1","0","","67","5","2021","1","39.95847","-75.167544","1422","6","0","0","0","0","0","1","0","0","","0","0","0","","","1","N","0","","39 57:30.493","","0","75 10:03.160","4","0","0","0","67301","0","0","0","N","0","0","0","4","68K01","1","","1.0","","1","N","N","N","0","","0","0","1","","8","","","4","1","0","0","0","0","0","2","0","4","","03","","N","","","","","","","","","",""
"2021041958","0126","2","0","0","0","0","0","0","0","0","4","1","","67","5","2021","2","39.973215","-75.159136","0057","6","0","0","0","1","0","0","0","0","","0","1","0","","","2","","1","","39 58:23.575","2","0","75 09:32.888","4","0","0","0","67301","0","0","0","N","0","0","0","2","67301","1","","1.0","216.0","1","N","N","N","0","","0","0","0","","2","N","","3","2","0","0","0","1","0","2","0","3","","03","","N","","","","","","","","","",""
"2021044105","1443","1","0","0","0","0","0","0","0","0","4","0","","67","5","2021","4","40.031785","-75.08534","1443","6","0","0","0","0","0","0","0","0","","0","0","0","","","1","","1","","40 01:54.427","","0","75 05:07.225","4","0","0","0","67301","0","0","0","N","0","0","0","2","67301","1","","1.0","","1","N","N","N","0","","0","0","1","","2","","","2","1","1","0","0","0","0","2","0","2","","03","","N","","","","","","","","","",""
"2021044339","1822","2","0","0","0","0","0","0","0","0","1","0","","67","5","2021","1","39.969639","-75.140887","1821","6","0","0","0","0","0","0","0","0","","0","0","0","","","3","N","0","","39 58:10.702","","0","75 08:27.192","3","0","0","0","67301","0","0","0","N","0","0","0","4","67301","0","","1.0","","1","N","N","N","0","","3","0","0","","0","","","2","3","0","0","0","0","0","2","0","2","","03","","N","","","","","","","","","",""
"2021071682","0648","1","0","0","0","0","0","0","0","0","7","0","","67","8","2021","1","39.986028","-75.092845","0641","6","0","0","0","0","0","0","0","0","","0","0","0","","","0","N","0","","39 59:09.702","2","0","75 05:34.243","0","0","0","0","67301","0","0","0","N","0","0","0","1","68K01","0","","2.0","710.0","1","N","N","N","0","","0","0","0","","0","N","","1","0","0","0","0","0","0","2","0","1","","03","","N","","","","","","","","","",""
"2021069815","1000","1","0","0","0","0","0","0","0","0","1","0","","67","7","2021","4","39.955306","-75.174746","0945","6","0","0","0","0","0","0","0","0","","0","0","0","","","0","","2","","39 57:19.100","","0","75 10:29.086","0","0","0","0","67301","0","0","0","N","0","0","0","1","67301","0","","1.0","","1","N","N","N","1","","0","0","0","","0","","","2","0","0","0","0","0","0","2","0","2","","","","N","","","","","","","","","",""
"2021077888","1325","0","0","0","0","0","0","0","0","0","1","2","","67","8","2021","5","40.057794","-75.008743","1314","6","0","0","0","0","0","2","0","0","","0","2","0","","","1","","1","","40 03:28.059","2","0","75 00:31.473","4","0","0","0","67301","0","0","0","N","0","0","0","3","67301","1","","1.0","1600.0","1","N","N","N","0","","0","0","1","","2","N","","3","1","0","0","0","0","0","2","0","3","","03","","N","","","","","","","","","",""
"2021044683","1004","1","0","0","0","0","0","0","0","0","1","0","","67","5","2021","3","39.944498","-75.191314","0952","6","0","0","0","0","0","0","1","0","","0","0","0","","","0","N","0","","39 56:40.191","","2","75 11:28.731","0","0","0","0","67301","0","0","0","N","0","0","0","2","68K01","0","","1.0","","1","N","N","N","0","","0","0","1","","0","","","2","0","0","0","0","0","0","2","0","2","","","","N","","","","","","","","","",""
"2021043745","1800","1","0","0","0","0","0","0","0","0","7","0","","67","5","2021","4","39.958306","-75.141203","1721","6","0","0","0","0","0","0","0","0","","0","0","0","","","0","N","0","","39 57:29.900","2","0","75 08:28.332","0","0","0","0","67301","0","0","0","N","0","0","0","2","68K01","0","","2.0","1805.0","1","N","N","N","0","","0","0","0","","0","N","","2","0","0","0","0","0","0","2","0","1","","03","","N","","","","","","","","","",""
"2021044131","1120","1","0","0","0","0","0","0","0","0","4","0","","67","5","2021","7","40.021555","-75.124352","1120","6","0","0","0","0","0","0","0","1","","0","0","0","","","1","","1","","40 01:17.597","1","0","75 07:27.667","3","0","0","0","67301","0","0","0","N","0","0","0","2","67301","0","","1.0","1200.0","1","N","N","N","0","","1","0","1","","2","N","","2","1","0","0","0","0","0","2","0","2","","03","","N","","","","","","","","","",""
"2021044543","2046","1","0","0","0","0","0","0","0","0","6","0","","67","5","2021","7","39.962089","-75.221411","2047","6","0","0","0","0","0","0","1","0","","0","0","0","","","1","N","0","","39 57:43.520","","0","75 13:17.080","8","0","0","0","67301","0","0","0","N","0","0","0","1","67301","0","","6.0","","1","N","N","N","0","","0","0","1","","0","","","2","1","0","0","0","1","0","2","0","2","","03","","N","","","","","","","","","",""
"2021071049","2204","0","0","0","0","0","0","0","0","0","2","0","","67","5","2021","7","39.961146","-75.224623","2204","6","0","0","0","0","0","1","0","0","","0","0","0","","","0","N","0","","39 57:40.124","","0","75 13:28.644","0","0","0","0","67301","0","0","0","N","0","0","0","2","67301","0","","1.0","","1","N","N","N","0","","0","0","2","","0","","","2","0","0","0","0","0","0","2","0","2","","03","","N","","","","","","","","","",""
"2021067884","0115","0","0","0","0","0","0","1","0","0","4","1","","67","6","2021","1","39.984706","-75.132265","0107","6","0","0","0","0","0","1","0","0","","0","0","0","","","1","","5","","39 59:04.943","","0","75 07:56.154","3","0","0","0","67301","0","0","0","N","0","0","0","2","67508","0","","1.0","","1","N","N","Y","0","","1","0","0","","2","","","2","1","0","0","0","0","0","2","0","2","","03","","N","","","","","","","","","",""
"2021045429","1940","1","0","1","0","0","0","0","0","0","4","0","","67","5","2021","2","39.949531","-75.238054","1940","6","0","1","0","0","0","1","0","0","","0","0","0","","","2","","1","","39 56:58.311","7","0","75 14:16.994","2","0","0","0","67301","0","0","0","N","0","0","0","2","67301","0","","1.0","100.0","1","N","N","N","0","","1","1","2","","3","N","","3","2","0","0","0","0","0","2","0","3","","03","","N","","","","","","","","","",""
"2021071277","2150","2","0","0","0","0","0","0","0","0","5","0","","67","7","2021","7","39.975725","-75.191814","2148","6","0","0","0","0","0","0","0","0","","0","0","0","","","1","N","0","","39 58:32.610","","99","75 11:30.530","3","0","0","0","67301","0","0","0","N","0","0","0","3","67301","0","","5.0","","1","N","N","N","0","","1","0","0","","0","","","2","1","0","0","0","0","2","2","0","2","","03","","N","","","","","","","","","",""
"2021043999","0512","2","0","0","0","0","0","0","0","0","4","0","","67","5","2021","6","39.954266","-75.139488","0507","6","0","0","0","0","0","0","0","0","","0","0","0","","","0","","2","","39 57:15.358","","0","75 08:22.158","0","0","0","0","67301","0","0","0","N","0","0","0","2","67301","0","","1.0","","1","N","N","N","0","","0","0","0","","0","","","2","0","0","0","0","0","0","2","0","2","","03","","N","","","","","","","","","",""
"2021071630","1116","1","0","0","0","0","0","0","0","0","8","0","","67","8","2021","2","39.960564","-75.226794","1116","6","0","0","0","0","0","0","0","0","","0","0","0","","","1","N","0","","39 57:38.030","1","0","75 13:36.460","3","0","0","0","67301","1","0","0","N","1","0","0","2","67301","0","","1.0","1200.0","1","N","N","N","0","","1","0","0","","0","Y","","2","1","0","0","0","0","0","2","0","1","","03","","N","","","","","","","","","",""
"2021071053","1415","2","0","0","0","0","0","0","0","0","6","0","","67","6","2021","7","39.967985","-75.233726","1415","6","0","0","1","0","0","0","0","0","","0","0","0","","","0","","1","","39 58:04.746","","0","75 14:01.412","0","0","0","0","67301","0","0","0","N","0","0","0","3","67301","0","","2.0","","1","N","N","N","0","","0","0","0","","2","","","2","0","1","0","0","0","0","2","0","2","","","","N","","","","","","","","","",""
"2021043337","1247","2","0","0","0","0","0","0","0","0","4","0","","67","5","2021","4","39.986524","-75.157896","1244","6","0","0","0","0","1","0","0","0","","0","0","0","","","1","","1","","39 59:11.485","","0","75 09:28.427","3","0","0","0","67301","0","0","0","N","0","0","0","2","67301","0","","1.0","","1","N","N","Y","0","","1","0","1","","2","","","4","1","0","0","0","0","0","2","1","4","","","","N","","","","","","","","","",""
"2021046901","1607","1","0","0","0","0","0","0","0","0","4","0","","67","5","2021","1","40.027804","-75.098648","1602","6","0","0","0","0","0","0","0","0","","0","0","0","","","1","","1","","40 01:40.095","","0","75 05:55.134","3","0","0","0","67301","0","0","0","N","0","0","0","2","67301","0","","1.0","","1","N","N","N","1","","1","0","0","","2","","","2","1","0","0","0","0","0","2","0","2","","03","","N","","","","","","","","","",""
"2021045426","2148","1","0","0","0","0","0","0","0","0","4","0","","67","5","2021","6","40.032778","-75.072292","2143","6","0","0","0","0","0","0","0","0","","0","0","0","","","3","","1","","40 01:58.001","","0","75 04:20.252","3","0","0","0","67301","0","0","0","N","0","0","0","7","67301","0","","1.0","","1","N","N","N","0","","3","0","1","","2","","","2","3","0","0","0","0","0","2","0","2","","","","N","","","","","","","","","",""
"2021071909","0630","0","0","0","0","0","0","0","0","0","0","1","","67","8","2021","2","39.918225","-75.208762","0620","6","0","0","0","0","0","1","0","0","","0","1","0","","","1","N","1","","39 55:05.610","1","0","75 12:31.544","3","0","0","0","67301","0","0","0","N","0","0","0","1","67301","0","","1.0","950.0","1","N","N","N","0","","1","0","0","","2","Y","","1","1","0","0","0","0","0","2","0","1","","03","","N","","","","","","","","","",""
"2021044328","1827","1","0","0","0","0","0","0","0","0","4","0","","67","5","2021","5","40.090331","-75.046578","1813","6","0","0","0","0","0","0","1","0","","0","0","0","","","0","N","0","","40 05:25.192","","0","75 02:47.680","9","0","0","0","67301","0","0","0","N","0","0","0","2","67301","0","","1.0","","1","N","N","N","0","","0","0","1","","0","","","2","0","0","0","0","0","2","2","0","2","","","","N","","","","","","","","","",""
"2021047708","0338","1","0","0","0","0","0","0","0","0","4","0","","67","5","2021","7","39.958684","-75.239414","0338","6","0","0","0","0","0","0","0","0","","0","0","0","","","2","","1","","39 57:31.261","","0","75 14:21.889","4","0","0","0","67301","0","0","0","N","0","0","0","3","67301","2","","1.0","","1","N","N","N","1","","0","0","0","","1","","","2","2","1","0","0","0","0","2","0","2","","03","","N","","","","","","","","","",""
"2021076458","0804","1","0","0","0","0","0","0","0","0","7","0","","67","8","2021","5","40.035509","-75.017129","0804","6","0","0","0","0","0","0","0","0","","0","0","0","","","1","N","0","","40 02:07.833","","0","75 01:01.664","4","0","0","0","67301","0","0","0","N","0","0","0","2","68K01","1","","4.0","","1","N","N","Y","0","","0","0","0","","0","","","1","1","1","0","0","0","0","2","0","1","","","","N","","","","","","","","","",""
"2021060324","0120","2","0","0","0","0","0","0","0","0","1","0","","67","6","2021","7","39.885986","-75.213224","0109","6","0","0","0","0","0","0","0","0","","0","0","0","","","3","","6","","39 53:09.550","1","2","75 12:47.606","3","0","0","0","67301","0","0","0","N","0","0","0","3","68K01","0","","7.0","140.0","1","N","N","N","0","","3","0","0","","0","N","","2","3","0","0","0","0","0","2","0","2","","","","N","","","","","","","","","",""
"2021064231","0024","2","0","0","0","0","0","0","0","0","4","0","","67","6","2021","3","39.929636","-75.239715","0024","6","0","0","0","0","0","0","0","0","","0","0","0","","","0","","11","","39 55:46.689","","0","75 14:22.974","9","0","0","0","67301","0","0","0","N","0","0","0","1","67301","0","","1.0","","1","N","N","N","0","","0","0","1","","0","","","3","0","0","0","0","0","1","2","0","3","","03","","N","","","","","","","","","",""
"2021064269","1545","0","0","0","0","0","0","0","0","0","4","0","","67","6","2021","3","40.040906","-75.048064","1534","6","0","0","0","0","0","0","0","1","","0","0","0","","","1","","2","","40 02:27.261","4","0","75 02:53.032","4","0","0","0","67301","0","0","0","N","0","0","0","3","67301","1","","1.0","200.0","1","N","N","N","0","","0","0","1","","0","N","","2","1","0","0","0","0","0","2","1","2","","","","N","","","","","","","","","",""
"2021085517","0146","4","0","0","0","0","0","0","0","0","5","0","","67","9","2021","7","39.981317","-75.183658","0145","6","0","0","0","0","0","0","0","0","","0","0","0","","","0","N","0","","39 58:52.740","","0","75 11:01.170","0","0","0","0","67301","0","0","0","N","0","0","0","0","67301","0","","6.0","","1","N","N","N","0","","0","0","2","","0","","","6","0","0","0","0","0","0","2","0","6","","03","","N","","","","","","","","","",""
"2021054706","0236","2","0","0","0","0","0","0","0","0","4","0","","67","5","2021","7","40.056485","-75.046402","0231","6","0","0","0","0","0","0","0","0","","0","0","0","","","1","","1","","40 03:23.345","","0","75 02:47.046","3","0","0","0","67301","0","0","0","N","0","0","0","3","67301","0","","1.0","","9","N","N","N","0","","1","0","0","","2","","","2","1","0","0","0","0","0","2","0","2","","07","","N","","","","","","","","","",""
"2021064274","2055","1","0","0","0","0","0","0","0","0","1","0","","67","6","2021","4","40.030129","-75.035161","2054","6","0","0","0","1","0","0","0","0","","0","0","0","","","2","","1","","40 01:48.464","","0","75 02:06.579","4","0","0","0","67301","0","0","0","N","0","0","0","4","67301","2","","1.0","","1","N","N","N","0","","0","0","0","","2","","","2","2","1","0","0","0","0","2","1","2","","","","N","","","","","","","","","",""
"2021077505","2155","2","0","0","0","0","0","0","0","0","5","0","","67","8","2021","2","39.972639","-75.264436","2148","6","0","0","0","0","1","0","0","0","","0","0","0","","","0","N","0","","39 58:21.500","","0","75 15:51.970","0","0","0","0","67301","0","0","0","N","0","0","0","1","67301","0","","1.0","","1","N","N","N","1","","0","0","2","","9","U","","5","0","0","0","0","0","0","2","0","5","","03","","N","","","","","","","","","",""
"2021077905","0305","2","0","0","0","0","0","0","0","0","5","0","","67","8","2021","1","40.029214","-75.213486","0252","6","0","0","0","0","0","0","0","0","","0","0","0","","","0","N","0","","40 01:45.170","","0","75 12:48.550","0","0","0","0","67301","0","0","0","N","0","0","0","1","67301","0","","1.0","","1","N","N","N","0","","0","0","1","","0","","","3","0","0","0","0","0","0","2","0","3","","03","","N","","","","","","","","","",""
"2021049207","0210","1","0","0","0","0","0","0","0","0","1","0","","67","5","2021","7","40.005516","-75.105344","0158","6","0","0","0","0","0","0","0","0","","0","0","0","","","1","","1","","40 00:19.857","","0","75 06:19.237","3","0","0","0","67301","0","0","0","N","0","0","0","3","67301","0","","1.0","","9","N","N","N","0","","1","0","0","","1","","","2","1","0","0","0","0","0","2","0","2","","07","","N","","","","","","","","","",""
"2021075014","1045","1","0","0","0","0","0","0","0","0","1","0","","67","8","2021","2","40.000935","-75.152939","1045","6","0","0","0","0","0","1","0","0","","0","0","0","","","0","N","0","","40 00:03.366","2","0","75 09:10.582","0","0","0","0","67301","0","0","0","N","0","0","0","2","67301","0","","1.0","1145.0","1","N","N","N","0","","0","0","1","","0","N","","2","0","0","0","0","0","0","2","0","2","","03","","N","","","","","","","","","",""
"2021047828","0028","2","0","0","0","0","0","0","0","0","1","0","","67","5","2021","3","40.047495","-75.097628","0026","6","0","0","0","0","0","1","0","0","","0","0","0","","","0","Y","0","","40 02:50.983","","0","75 05:51.459","0","0","0","0","67301","0","0","0","N","0","0","0","4","67301","0","","1.0","","1","N","N","N","1","","0","0","0","","2","","","3","0","1","0","0","0","0","2","0","3","","03","","N","","","","","","","","","",""
"2021049178","0815","0","0","0","0","0","0","0","0","0","4","0","","67","5","2021","1","40.022933","-75.136999","0804","6","0","0","0","0","0","2","0","0","","0","0","0","","","0","","1","","40 01:22.558","","0","75 08:13.196","0","0","0","0","67301","0","0","0","N","0","0","0","2","67301","0","","1.0","","1","N","N","N","1","","0","0","1","","2","","","2","0","2","0","0","0","0","2","0","2","","","","N","","","","","","","","","",""
"2021050108","0745","2","0","0","0","0","0","0","0","0","4","0","","67","5","2021","7","39.992093","-75.112063","0735","6","0","0","0","0","0","1","0","0","","0","0","0","","","1","","2","","39 59:31.533","","0","75 06:43.425","3","0","0","0","67301","0","0","0","N","0","0","0","2","67301","0","","1.0","","9","N","N","N","0","","1","0","0","","3","","","2","1","0","0","0","0","0","2","0","2","","07","","N","","","","","","","","","",""
"2021064355","0210","1","0","0","0","0","0","0","0","0","1","0","","67","6","2021","1","39.970428","-75.149987","0207","6","0","0","0","0","0","0","0","0","","0","0","0","","","1","","1","","39 58:13.542","","0","75 08:59.953","3","0","0","0","67301","0","0","0","N","0","0","0","5","67301","0","","1.0","","1","N","N","N","0","","1","0","1","","2","","","2","1","0","0","0","0","0","2","0","2","","03","","N","","","","","","","","","",""
"2021086254","0945","0","0","0","0","0","0","0","0","0","4","1","","67","9","2021","7","39.911603","-75.184289","0940","6","0","0","0","0","0","0","0","1","","0","1","0","","","1","N","0","","39 54:41.772","","7","75 11:03.439","3","0","0","0","67301","0","0","0","N","0","0","0","2","67301","0","","1.0","","1","N","N","N","0","","1","0","1","","0","","","2","1","0","0","0","0","0","2","0","2","","03","","N","","","","","","","","","",""
"2021064305","1708","1","0","0","0","0","0","0","0","0","4","0","","67","6","2021","7","39.967336","-75.245842","1703","6","0","0","0","0","0","1","0","0","","0","0","0","","","2","","1","","39 58:02.410","1","0","75 14:45.030","3","0","0","0","67301","0","0","0","N","0","0","0","3","67301","1","","1.0","1730.0","1","N","N","N","0","","1","0","1","","2","Y","","2","2","0","0","0","0","0","2","0","2","","","","N","","","","","","","","","",""
"2021053763","0916","0","0","0","0","0","0","0","0","0","1","0","","67","5","2021","7","39.921264","-75.193813","0902","6","0","0","0","0","0","0","0","0","","0","0","0","","","1","","1","","39 55:16.550","","0","75 11:37.727","8","0","0","0","67301","0","0","0","N","0","0","0","2","67301","0","","1.0","","1","N","N","N","0","","0","0","0","","2","","","2","1","0","0","0","1","0","2","1","2","","03","","N","","","","","","","","","",""
"2021067592","0913","0","0","0","0","0","0","0","0","0","5","2","35","67","7","2021","4","39.905444","-75.131","0913","6","0","0","0","0","0","1","0","0","","0","2","0","","","0","N","0","","39 54:19.600","","3","75 07:51.600","0","0","0","0","67301","0","0","0","N","0","0","0","2","67501","0","","1.0","","1","N","N","N","0","","0","0","0","","0","","","2","0","0","0","0","0","0","2","0","2","","03","Y","Y","4","1","","","N","Y","","","","N"
"2021037597","1315","1","0","0","0","0","0","0","0","0","4","0","","67","4","2021","1","39.932472","-75.161611","1310","6","0","0","0","0","0","0","1","0","","0","0","0","","","1","N","0","","39 55:56.900","","7","75 09:41.800","3","0","0","1","67301","0","0","0","N","0","0","0","2","67301","0","","1.0","","1","N","N","N","0","","1","0","0","","0","","","2","1","0","0","0","0","0","2","0","2","","03","","N","","","","","","","","","",""
"2021067071","2326","1","0","0","0","0","0","0","0","0","1","0","","67","7","2021","6","39.985387","-75.208171","2314","6","0","0","0","0","0","0","0","0","","0","0","0","","","1","N","6","","39 59:07.393","","2","75 12:29.417","3","0","0","0","67301","0","0","0","N","0","0","0","2","68K01","0","","1.0","","1","N","N","N","0","","1","0","1","","2","","","2","1","0","0","0","0","1","2","0","2","","","","N","","","","","","","","","",""
"2021038609","1546","0","0","0","0","0","0","0","0","0","4","0","","67","4","2021","4","39.997246","-75.180185","1541","6","0","0","0","0","0","0","1","0","","0","0","0","","","2","","1","","39 59:50.084","","0","75 10:48.666","3","0","0","0","67301","0","0","0","N","0","0","0","2","67301","0","","1.0","","1","N","N","N","0","","1","0","2","","2","","","2","2","0","0","0","1","0","2","0","2","","03","","N","","","","","","","","","",""
"2021037729","1745","1","0","0","0","0","0","0","0","0","8","0","","67","4","2021","2","39.983583","-75.247044","1742","6","0","0","0","0","0","0","1","0","","0","0","0","","","1","","1","","39 59:00.899","","0","75 14:49.359","4","0","0","0","67301","1","0","0","N","1","0","0","2","67301","1","","1.0","","1","N","N","N","0","","0","0","0","","2","","","2","1","0","0","0","0","0","2","0","1","","03","","N","","","","","","","","","",""
"2021038479","1557","1","0","0","0","0","0","0","0","0","8","0","","67","4","2021","3","39.997246","-75.180185","1555","6","0","0","0","0","0","0","0","0","","0","0","0","","","1","","1","","39 59:50.084","","0","75 10:48.666","3","0","0","0","67301","1","0","0","N","1","0","0","2","67301","0","","1.0","","1","N","N","N","0","","1","0","0","","2","","","2","1","0","0","0","0","0","2","0","1","","03","","N","","","","","","","","","",""
"2021040627","2110","1","0","0","0","0","0","0","0","0","1","0","","67","4","2021","7","40.037338","-75.012518","2048","6","0","0","0","0","0","0","0","0","","0","0","0","","","0","N","0","","40 02:14.418","","0","75 00:45.065","0","0","0","0","67301","0","0","0","N","0","0","0","2","68K01","0","","1.0","","1","N","N","N","0","","0","0","1","","0","","","2","0","0","0","0","0","0","2","0","2","","","","N","","","","","","","","","",""
"2021038452","1617","1","0","0","0","0","0","0","0","0","7","0","","67","4","2021","3","39.92043","-75.198273","1552","6","0","0","0","0","0","0","0","0","","0","0","0","","","0","N","0","","39 55:13.549","","0","75 11:53.782","0","0","0","0","67301","0","0","0","N","0","0","0","1","67301","0","","4.0","","1","N","N","N","0","","0","0","0","","0","","","1","0","0","0","0","0","0","2","0","1","","03","","N","","","","","","","","","",""
"2021072026","1153","1","0","0","0","0","0","1","0","0","4","1","","67","7","2021","7","39.975908","-75.240234","1143","6","0","0","0","0","0","0","0","0","","0","0","0","","","1","","1","","39 58:33.268","3","0","75 14:24.842","8","0","0","0","67301","0","0","0","N","0","0","0","3","67508","0","","1.0","9999.0","1","N","N","Y","0","","0","0","0","","2","Y","","2","1","0","0","0","1","0","2","0","2","","03","","N","","","","","","","","","",""
"2021039052","2303","2","0","0","0","0","0","0","0","0","4","0","","67","4","2021","1","40.000894","-75.171943","2302","6","0","0","0","0","0","1","0","0","","0","0","0","","","1","","1","","40 00:03.218","7","0","75 10:18.994","3","0","0","0","67301","0","0","0","N","0","0","0","2","67301","0","","1.0","2359.0","1","N","N","N","0","","1","0","2","","3","Y","","4","1","0","0","0","0","0","2","0","4","","","","N","","","","","","","","","",""
"2021039208","0820","1","0","0","0","0","0","0","0","0","2","0","","67","4","2021","5","40.014653","-75.132161","0818","6","0","0","0","0","0","0","0","0","","0","0","0","","","0","N","0","","40 00:52.750","","0","75 07:55.780","9","0","0","0","67301","0","0","0","N","0","0","0","1","67301","0","","6.0","","1","N","N","N","0","","0","0","1","","0","","","2","0","0","0","0","0","1","2","0","2","","04","","N","","","","","","","","","",""
"2021038463","1440","0","0","0","0","0","0","0","0","0","7","0","","67","4","2021","3","40.072167","-75.19275","1430","6","0","0","0","0","0","0","0","0","","0","0","0","","","1","N","0","","40 04:19.800","","0","75 11:33.900","3","0","0","0","67301","0","0","0","N","0","0","0","1","67301","0","","4.0","","1","N","N","N","0","","1","0","1","","0","","","1","1","0","0","0","0","0","2","0","1","","","","N","","","","","","","","","",""
"2021049377","1902","1","0","0","0","0","0","0","0","0","5","0","","67","5","2021","6","39.985193","-75.094073","1846","6","0","0","1","1","0","0","0","0","","0","0","0","","","0","N","0","","39 59:06.694","","3","75 05:38.664","0","0","0","0","67301","0","0","0","N","0","0","0","3","68K01","0","","1.0","","9","N","N","N","0","","0","0","1","","0","","","2","0","0","0","0","0","0","2","0","2","","","","N","","","","","","","","","",""
"2021039740","1224","0","0","0","0","0","0","0","0","0","4","0","","67","4","2021","6","40.021114","-75.133856","1222","6","0","0","0","0","0","1","0","0","","0","0","0","","","1","","1","","40 01:16.010","","0","75 08:01.881","3","0","0","1","67301","0","0","0","N","0","0","0","2","67301","0","","1.0","","1","N","N","N","0","","1","0","1","","0","","","2","1","0","0","0","0","0","2","0","2","","","","N","","","","","","","","","",""
"2021039469","1330","2","0","0","0","0","0","0","0","0","4","0","","67","4","2021","6","39.974212","-75.145815","1325","6","0","0","0","0","0","0","0","0","","0","0","0","","","2","","1","","39 58:27.163","","0","75 08:44.934","4","0","0","0","67301","0","0","0","N","0","0","0","4","67301","1","","1.0","","1","N","N","N","0","","0","0","0","","3","","","2","2","0","0","0","1","0","2","0","2","","03","","N","","","","","","","","","",""
"2021046987","0119","1","0","0","0","0","0","0","0","0","1","0","","67","4","2021","1","39.957064","-75.15263","0119","6","0","0","0","0","0","1","0","0","","0","0","0","","","0","N","0","","39 57:25.431","4","0","75 09:09.468","0","0","0","0","67301","0","0","0","N","0","0","0","2","68K01","0","","1.0","40.0","9","N","N","Y","1","","0","0","0","","0","N","","2","0","0","0","0","0","0","2","0","2","","07","","N","","","","","","","","","",""