"CRN","ARRIVAL_TM","AUTOMOBILE_COUNT","BELTED_DEATH_COUNT","BELTED_SUSP_SERIOUS_INJ_COUNT","BICYCLE_COUNT","BICYCLE_DEATH_COUNT","BICYCLE_SUSP_SERIOUS_INJ_COUNT","BUS_COUNT","CHLDPAS_DEATH_COUNT","CHLDPAS_SUSP_SERIOUS_INJ_COUNT","COLLISION_TYPE","COMM_VEH_COUNT","CONS_ZONE_SPD_LIM","COUNTY","CRASH_MONTH","CRASH_YEAR","DAY_OF_WEEK","DEC_LATITUDE","DEC_LONGITUDE","DISPATCH_TM","DISTRICT","DRIVER_COUNT_16YR","DRIVER_COUNT_17YR","DRIVER_COUNT_18YR","DRIVER_COUNT_19YR","DRIVER_COUNT_20YR","DRIVER_COUNT_50_64YR","DRIVER_COUNT_65_74YR","DRIVER_COUNT_75PLUS","EST_HRS_CLOSED","FATAL_COUNT","HEAVY_TRUCK_COUNT","HORSE_BUGGY_COUNT","HOUR_OF_DAY","ILLUMINATION","INJURY_COUNT","INTERSECTION_RELATED","INTERSECT_TYPE","LANE_CLOSED","LATITUDE","LN_CLOSE_DIR","LOCATION_TYPE","LONGITUDE","MAX_SEVERITY_LEVEL","MCYCLE_DEATH_COUNT","MCYCLE_SUSP_SERIOUS_INJ_COUNT","MOTORCYCLE_COUNT","MUNICIPALITY","NONMOTR_COUNT","NONMOTR_DEATH_COUNT","NONMOTR_SUSP_SERIOUS_INJ_COUNT","NTFY_HIWY_MAINT","PED_COUNT","PED_DEATH_COUNT","PED_SUSP_SERIOUS_INJ_COUNT","PERSON_COUNT","POLICE_AGCY","POSSIBLE_INJ_COUNT","RDWY_SURF_TYPE_CD","RELATION_TO_ROAD","ROADWAY_CLEARED","ROAD_CONDITION","SCH_BUS_IND","SCH_ZONE_IND","SECONDARY_CRASH","SMALL_TRUCK_COUNT","SPEC_JURIS_CD","SUSP_MINOR_INJ_COUNT","SUSP_SERIOUS_INJ_COUNT","SUV_COUNT","TCD_FUNC_CD","TCD_TYPE","TFC_DETOUR_IND","TIME_OF_DAY","TOTAL_UNITS","TOT_INJ_COUNT","UNBELTED_OCC_COUNT","UNB_DEATH_COUNT","UNB_SUSP_SERIOUS_INJ_COUNT","UNK_INJ_DEG_COUNT","UNK_INJ_PER_COUNT","URBAN_RURAL","VAN_COUNT","VEHICLE_COUNT","WEATHER1","WEATHER2","WORKERS_PRES","WORK_ZONE_IND","WORK_ZONE_LOC","WORK_ZONE_TYPE","WZ_CLOSE_DETOUR","WZ_FLAGGER","WZ_LAW_OFFCR_IND","WZ_LN_CLOSURE","WZ_MOVING","WZ_OTHER","WZ_SHLDER_MDN","WZ_WORKERS_INJ_KILLED"
"2021035515","0850","1","0","0","0","0","0","0","0","0","5","0","","67","4","2021","1","39.953767","-75.142328","0850","6","0","0","0","1","0","0","0","0","","0","0","0","","","0","N","0","","39 57:13.560","3","0","75 08:32.380","0","0","0","0","67301","0","0","0","N","0","0","0","2","67301","0","","1.0","1010.0","1","N","N","N","0","","0","0","1","","0","N","","2","0","0","0","0","0","0","2","0","2","","03","","N","","","","","","","","","",""
"2021036443","2335","2","0","0","0","0","0","0","0","0","5","0","","67","4","2021","4","39.963167","-75.187389","2335","6","0","0","0","0","0","0","0","0","","0","0","0","","","0","N","0","","39 57:47.400","1","0","75 11:14.600","0","0","0","0","67301","0","0","0","N","0","0","0","1","67507","0","","6.0","10.0","1","N","N","Y","0","","0","0","3","","0","N","","7","0","1","0","0","0","0","2","2","7","","03","","N","","","","","","","","","",""
"2021070736","1742","1","0","0","0","0","0","0","0","0","2","0","","67","7","2021","7","39.990879","-75.155279","1741","6","0","0","0","0","0","0","0","0","","0","0","0","","","1","","1","","39 59:27.165","","0","75 09:19.006","8","0","0","0","67301","0","0","0","N","0","0","0","2","67301","0","","9.0","","1","N","N","N","0","","0","0","1","","2","","","2","1","0","0","0","1","0","2","0","2","","04","","N","","","","","","","","","",""
"2021040644","0052","1","0","0","0","0","0","0","0","0","7","0","","67","5","2021","7","39.974797","-75.194414","0047","6","0","0","0","0","0","0","0","0","","0","0","0","","","0","N","0","","39 58:29.268","","0","75 11:39.890","0","0","0","0","67301","0","0","0","N","0","0","0","1","68K01","0","","3.0","","1","N","N","N","0","","0","0","0","","0","","","1","0","0","0","0","0","0","2","0","1","","","","N","","","","","","","","","",""
"2021098006","1710","2","0","0","0","0","0","0","0","0","4","0","","67","10","2021","5","40.05996","-75.049459","1702","6","0","0","0","1","0","0","0","0","","0","0","0","","","1","","1","","40 03:35.856","","0","75 02:58.052","4","0","0","0","67301","0","0","0","N","0","0","0","2","67301","1","","1.0","","1","N","N","N","0","","0","0","0","","3","","","2","1","0","0","0","0","0","2","0","2","","03","","N","","","","","","","","","",""
"2021041379","1800","1","0","0","0","0","0","0","0","0","5","0","","67","5","2021","5","39.971575","-75.164394","1746","6","0","0","0","0","0","0","0","0","","0","0","0","","","0","N","0","","39 58:17.670","","0","75 09:51.820","0","0","0","0","67301","0","0","0","N","0","0","0","1","67301","0","","6.0","","1","N","N","N","0","","0","0","0","","0","","","2","0","0","0","0","0","0","2","0","2","","03","","N","","","","","","","","","",""
"2021041062","0254","1","0","0","0","0","0","0","0","0","7","0","","67","5","2021","6","40.118344","-75.006964","0249","6","0","0","0","0","0","0","0","0","","0","0","0","","","1","N","0","","40 07:06.040","","0","75 00:25.070","3","0","0","0","67301","0","0","0","N","0","0","0","1","67301","0","","4.0","","1","N","N","N","0","","1","0","0","","0","","","1","1","0","0","0","0","0","2","0","1","","","","N","","","","","","","","","",""
"2021070370","2310","1","0","0","0","0","0","1","0","0","4","1","","67","7","2021","7","40.052731","-75.236235","2309","6","0","0","0","0","0","1","0","0","","0","0","0","","","1","","1","","40 03:09.831","5","0","75 14:10.446","3","0","0","0","67301","0","0","0","N","0","0","0","2","67301","0","","1.0","30.0","9","N","N","N","0","","1","0","0","","2","Y","","2","1","0","0","0","0","0","2","0","2","","","","N","","","","","","","","","",""
"2021041104","1958","2","0","0","0","0","0","0","0","0","6","0","","67","5","2021","4","40.031786","-75.187714","1950","6","0","0","0","0","0","0","0","0","","0","0","0","","","0","N","0","","40 01:54.430","5","0","75 11:15.770","0","0","0","0","67301","0","0","0","N","0","0","0","2","67301","0","","1.0","2015.0","9","N","N","N","0","","0","0","0","","0","N","","2","0","0","0","0","0","0","2","0","2","","","","N","","","","","","","","","",""
"2021080569","1415","1","0","0","0","0","0","0","0","0","7","0","","67","8","2021","2","39.996438","-75.113451","1400","6","0","0","0","0","0","0","0","0","","0","0","0","","","1","","1","","39 59:47.175","","0","75 06:48.425","3","0","0","0","67301","0","0","0","N","0","0","0","1","67301","0","","5.0","","1","N","N","N","0","","1","0","0","","0","","","1","1","1","0","0","0","0","2","0","1","","03","","N","","","","","","","","","",""
"2021057163","0729","2","0","0","0","0","0","0","0","0","4","0","","67","6","2021","1","40.030433","-75.115481","0729","6","0","0","0","0","0","0","0","0","","0","0","0","","","1","","2","","40 01:49.558","","0","75 06:55.731","3","0","0","0","67301","0","0","0","N","0","0","0","2","67301","0","","1.0","","1","N","N","N","0","","1","0","0","","3","","","2","1","0","0","0","0","1","2","0","2","","03","","N","","","","","","","","","",""
"2021079665","1420","0","0","0","0","0","0","0","0","0","8","0","","67","8","2021","2","39.989845","-75.125417","1404","6","0","0","0","0","0","0","0","0","","0","0","0","","","1","","1","","39 59:23.441","","0","75 07:31.502","3","0","0","0","67301","1","0","0","N","1","0","0","1","67301","0","","1.0","","1","N","N","N","0","","1","0","0","","2","","","2","1","0","0","0","0","0","2","0","1","","03","","N","","","","","","","","","",""
"2021052278","1555","0","0","0","0","0","0","0","0","0","0","0","","67","6","2021","1","39.968817","-75.160093","1555","6","0","0","0","0","0","0","0","0","","0","0","0","","","0","N","0","","39 58:07.741","","0","75 09:36.333","0","0","0","0","67301","0","0","0","N","0","0","0","1","67301","0","","1.0","","1","N","N","N","0","","0","0","1","","0","","","1","0","1","0","0","0","0","2","0","1","","03","","N","","","","","","","","","",""
"2021051846","0101","1","0","0","0","0","0","0","0","0","5","0","","67","6","2021","2","39.977255","-75.158096","0110","6","0","0","0","0","0","0","1","0","","0","0","0","","","0","","1","","39 58:38.118","","0","75 09:29.146","0","0","0","0","67301","0","0","0","N","0","0","0","2","67505","0","","1.0","","1","N","N","N","0","","0","0","1","","2","","","2","0","0","0","0","0","0","2","0","2","","03","","N","","","","","","","","","",""
"2021041079","1850","2","0","0","0","0","0","0","0","0","5","0","","67","5","2021","5","40.019694","-75.084278","1841","6","0","0","0","0","0","0","0","0","","0","0","0","","","1","N","0","","40 01:10.900","6","0","75 05:03.400","3","0","0","0","67301","0","0","0","N","0","0","0","2","67301","0","","6.0","1930.0","1","N","N","N","0","","1","0","0","","0","Y","","2","1","0","0","0","0","0","2","0","2","","03","","N","","","","","","","","","",""
"2021048013","2240","2","0","0","0","0","0","0","0","0","5","0","","67","5","2021","7","39.97966","-75.106202","2240","6","0","0","0","0","0","0","0","0","","0","0","0","","","0","N","0","","39 58:46.775","1","0","75 06:22.326","0","0","0","0","67301","0","0","0","N","0","0","0","2","68K01","0","","1.0","10.0","1","N","N","N","0","","0","0","0","","0","N","","2","0","0","0","0","0","0","2","0","2","","03","","N","","","","","","","","","",""
"2021039550","2308","0","0","0","0","0","0","0","0","0","4","0","","67","5","2021","7","40.080855","-75.028774","2257","6","0","0","0","0","0","0","0","0","","0","0","0","","","1","","1","","40 04:51.077","2","0","75 01:43.585","8","0","0","0","67301","0","0","0","N","0","0","0","2","67301","0","","1.0","30.0","1","N","N","N","0","","0","0","2","","2","N","","2","1","0","0","0","1","0","2","0","2","","","","N","","","","","","","","","",""
"2021058049","1804","1","0","2","0","0","0","0","0","0","1","0","","67","6","2021","5","39.904173","-75.150336","1756","6","0","0","0","0","0","1","0","0","","0","0","0","","","8","N","0","","39 54:15.021","2","0","75 09:01.208","2","0","0","0","67301","0","0","0","N","0","0","0","8","68K01","0","","1.0","1939.0","1","N","N","N","0","","6","2","1","","0","Y","","3","8","2","0","0","0","0","2","1","3","","","","N","","","","","","","","","",""
"2021053565","0010","0","0","0","0","0","0","0","0","0","1","0","","67","6","2021","6","40.042848","-75.063223","0006","6","0","0","0","0","0","1","0","0","","0","0","0","","","1","","1","","40 02:34.252","6","0","75 03:47.603","3","0","0","0","67301","0","0","0","N","0","0","0","3","67301","0","","1.0","108.0","1","N","N","N","0","","1","0","2","","2","Y","","2","1","0","0","0","0","0","2","0","2","","03","","N","","","","","","","","","",""
"2021057095","1035","0","0","0","0","0","0","0","0","0","5","0","","67","6","2021","4","40.029924","-75.103509","1030","6","0","0","0","0","0","0","0","0","","0","0","0","","","2","N","0","","40 01:47.727","","0","75 06:12.631","4","0","0","0","67301","0","0","0","N","0","0","0","3","67301","2","","1.0","","1","N","N","N","1","","0","0","1","","0","","","2","2","0","0","0","0","0","2","0","2","","03","","N","","","","","","","","","",""
"2021051929","1010","0","0","0","0","0","0","0","0","0","8","0","","67","6","2021","6","40.11992","-74.995246","1001","6","0","0","0","0","0","0","0","0","","0","0","0","","","1","","2","","40 07:11.711","","0","74 59:42.885","8","0","0","0","67301","1","0","0","N","1","0","0","2","67301","0","","1.0","","1","N","N","N","0","","0","0","1","","3","","","2","1","1","0","0","1","0","2","0","1","","","","N","","","","","","","","","",""
"2021073838","2259","1","0","0","0","0","0","0","0","0","8","0","","67","8","2021","5","39.956963","-75.225502","2257","6","0","0","0","0","0","0","0","0","","0","0","0","","","1","","1","","39 57:25.067","","0","75 13:31.807","3","0","0","0","67301","1","0","0","N","1","0","0","2","67301","0","","1.0","","1","N","N","N","0","","1","0","0","","2","","","2","1","0","0","0","0","0","2","0","1","","03","","N","","","","","","","","","",""
"2021053576","0952","0","0","0","0","0","0","0","0","0","4","0","","67","6","2021","1","39.958286","-75.164069","0942","6","0","1","0","0","0","0","0","0","","0","0","0","","","1","","1","","39 57:29.829","","3","75 09:50.647","3","0","0","0","67301","0","0","0","N","0","0","0","2","67301","0","","1.0","","1","N","N","N","1","","1","0","1","","2","","","2","1","1","0","0","0","0","2","0","2","","03","","N","","","","","","","","","",""
"2021051346","0050","1","0","0","0","0","0","0","0","0","1","0","","67","6","2021","7","39.953636","-75.198619","0052","6","0","0","0","0","0","0","0","0","","0","0","0","","","1","","1","","39 57:13.089","","0","75 11:55.030","8","0","0","0","67301","0","0","0","N","0","0","0","2","67504","0","","1.0","","1","N","N","N","0","","0","0","1","","2","","","2","1","0","0","0","1","1","2","0","2","","","","N","","","","","","","","","",""
"2021064175","1606","2","0","0","0","0","0","0","0","0","5","0","","67","6","2021","2","40.034478","-75.092142","1547","6","0","0","0","0","0","0","0","0","","0","0","0","","","0","N","0","","40 02:04.120","","0","75 05:31.710","9","0","0","0","67301","0","0","0","N","0","0","0","1","67301","0","","6.0","","1","N","N","N","0","","0","0","0","","0","","","2","0","0","0","0","0","1","2","0","2","","03","","N","","","","","","","","","",""
"2021069910","0400","0","0","0","0","0","0","0","0","0","5","1","","67","7","2021","3","40.027174","-75.114799","0350","6","0","0","0","0","0","0","0","0","","0","1","0","","","1","N","0","","40 01:37.825","","0","75 06:53.275","3","0","0","0","67301","0","0","0","N","0","0","0","2","67301","0","","1.0","","1","N","N","N","0","","1","0","1","","0","","","2","1","0","0","0","0","0","2","0","2","","","","N","","","","","","","","","",""
"2021045984","0133","1","0","0","0","0","0","0","0","0","7","0","","67","5","2021","5","39.972259","-75.21716","0130","6","0","0","0","0","0","0","0","0","","0","0","0","","","1","N","0","","39 58:20.132","7","0","75 13:01.777","3","0","0","0","67301","0","0","0","N","0","0","0","1","67301","0","","4.0","230.0","1","N","N","N","0","","1","0","0","","0","N","","1","1","0","0","0","0","0","2","0","1","","","","N","","","","","","","","","",""
"2021041378","1830","4","0","0","0","0","0","0","0","0","4","0","","67","5","2021","6","39.982931","-75.178528","1828","6","0","0","0","0","0","0","0","0","","0","0","0","","","1","","1","","39 58:58.551","4","0","75 10:42.700","3","0","0","0","67301","0","0","0","N","0","0","0","2","67301","0","","1.0","1926.0","9","N","N","N","0","","1","0","0","","3","Y","","4","1","1","0","0","0","0","2","0","4","","07","","N","","","","","","","","","",""
"2021054658","0054","1","0","0","0","0","0","0","0","0","1","0","45","67","6","2021","7","39.974613","-75.118083","0027","6","0","0","0","0","0","0","0","0","","0","0","0","","","0","N","0","","39 58:28.605","2","3","75 07:05.098","0","0","0","0","67301","0","0","0","N","0","0","0","5","68K01","0","","1.0","107.0","1","N","N","N","0","","0","0","1","","0","N","","2","0","0","0","0","0","0","2","0","2","","","N","Y","4","1","","","N","Y","","","Y","N"
"2021090830","0123","4","0","0","0","0","0","0","0","0","1","0","","67","9","2021","7","40.017773","-75.048963","0109","6","0","0","0","0","1","0","0","0","","0","0","0","","","2","N","0","","40 01:03.983","2","0","75 02:56.267","3","0","0","0","67301","0","0","0","N","0","0","0","4","68K01","0","","1.0","215.0","1","N","N","N","0","","2","0","0","","0","N","","4","2","0","0","0","0","0","2","0","4","","03","","N","","","","","","","","","",""
"2021051642","2355","2","0","0","0","0","0","0","0","0","5","0","","67","6","2021","7","39.941622","-75.162122","2350","6","0","0","0","0","0","0","0","0","","0","0","0","","","0","N","0","","39 56:29.840","1","0","75 09:43.640","0","0","0","0","67301","0","0","0","N","0","0","0","1","67301","0","","6.0","55.0","1","N","N","N","1","","0","0","0","","0","N","","3","0","0","0","0","0","0","2","0","3","","","","N","","","","","","","","","",""
"2021035850","0208","0","0","0","0","0","0","0","0","0","7","0","","67","4","2021","1","40.037636","-75.011734","0201","6","0","0","0","0","0","1","0","0","","0","0","0","","","1","N","0","","40 02:15.488","","0","75 00:42.242","3","0","0","0","67301","0","0","0","N","0","0","0","2","68K01","0","","3.0","","1","N","N","N","0","","1","0","1","","0","","","1","1","0","0","0","0","0","2","0","1","","","","N","","","","","","","","","",""
"2021051571","0034","1","0","0","0","0","0","1","0","0","4","1","","67","6","2021","7","40.020228","-75.148743","0032","6","0","0","0","0","0","0","0","0","","0","0","0","","","2","","1","","40 01:12.821","","0","75 08:55.476","2","0","0","0","67301","0","0","0","N","0","0","0","7","67301","0","","1.0","","1","N","N","N","0","","1","1","0","","2","","","2","2","0","0","0","0","0","2","0","2","","03","","N","","","","","","","","","",""
"2021074621","1725","1","0","0","1","0","0","0","0","0","4","0","","67","8","2021","3","39.942209","-75.153922","1708","6","0","0","0","0","0","0","1","0","","0","0","0","","","1","","1","","39 56:31.954","","0","75 09:14.118","8","0","0","0","67301","1","0","0","N","0","0","0","2","67301","0","","1.0","","1","N","N","N","0","","0","0","0","","2","","","2","1","0","0","0","1","0","2","0","1","","","","N","","","","","","","","","",""
"2021046927","0750","2","0","0","0","0","0","0","0","0","5","0","","67","5","2021","4","40.020997","-75.081722","0742","6","0","0","0","0","0","0","0","0","","0","0","0","","","0","N","0","","40 01:15.590","3","0","75 04:54.200","0","0","0","0","67301","0","0","0","N","0","0","0","1","67301","0","","6.0","910.0","1","N","N","N","0","","0","0","1","","0","Y","","3","0","0","0","0","0","0","2","0","3","","03","","N","","","","","","","","","",""
"2021053606","1735","2","0","0","0","0","0","0","0","0","1","0","","67","6","2021","2","40.038","-75.054528","1730","6","0","0","0","0","0","0","0","0","","0","0","0","","","3","N","0","","40 02:16.800","3","0","75 03:16.300","3","0","0","0","67301","0","0","0","N","0","0","0","3","67301","0","","6.0","1900.0","1","N","N","N","0","","3","0","1","","0","Y","","3","3","0","0","0","0","0","2","0","3","","03","","N","","","","","","","","","",""
"2021050312","1409","1","0","0","0","0","0","0","0","0","1","0","","67","5","2021","1","39.961944","-75.140129","1349","6","0","0","0","0","0","0","0","0","","0","0","0","","","0","N","0","","39 57:42.999","2","2","75 08:24.466","0","0","0","0","67301","0","0","0","N","0","0","0","4","68K01","0","","1.0","1435.0","9","N","N","N","0","","0","0","0","","0","N","","2","0","0","0","0","0","0","2","1","2","","04","","N","","","","","","","","","",""
"2021053583","2209","1","0","0","0","0","0","0","0","0","4","0","","67","6","2021","6","39.914184","-75.241727","2214","6","0","0","0","0","0","1","0","0","","0","0","0","","","1","","1","","39 54:51.063","","0","75 14:30.218","2","0","0","0","67301","0","0","0","N","0","0","0","3","67301","0","","1.0","","9","N","N","N","0","","0","1","1","","2","","","2","1","0","0","0","0","0","2","0","2","","07","","N","","","","","","","","","",""
"2021057164","0849","1","0","0","0","0","0","0","0","0","4","0","","67","6","2021","1","40.022719","-75.148198","0849","6","0","0","1","0","0","1","0","0","","0","0","0","","","3","","5","","40 01:21.790","","0","75 08:53.512","4","0","0","1","67301","0","0","0","N","0","0","0","3","67301","2","","1.0","","1","N","N","N","0","","0","0","0","","2","","","2","3","0","0","0","1","0","2","0","2","","03","","N","","","","","","","","","",""
"2021069778","2318","0","0","0","1","0","0","0","0","0","8","0","","67","7","2021","7","39.961058","-75.144965","2315","6","0","0","0","0","0","0","1","0","","0","0","0","","","1","","1","","39 57:39.809","","0","75 08:41.875","3","0","0","0","67301","1","0","0","N","0","0","0","2","67301","0","","1.0","","9","N","N","N","0","","1","0","0","","2","","","2","1","0","0","0","0","0","2","1","1","","07","","N","","","","","","","","","",""
"2021035985","0000","3","0","0","0","0","0","0","0","0","5","0","","67","4","2021","3","40.028469","-75.182269","2353","6","0","0","0","0","0","0","0","0","","0","0","0","","","0","N","0","","40 01:42.490","","0","75 10:56.170","0","0","0","0","67301","0","0","0","N","0","0","0","1","67301","0","","1.0","","1","N","N","N","0","","0","0","0","","0","","","3","0","0","0","0","0","0","2","0","3","","03","","N","","","","","","","","","",""
"2021033995","0713","0","0","0","0","0","0","0","0","0","1","0","","67","4","2021","3","39.940809","-75.203116","0710","6","0","0","0","0","0","0","0","0","","0","0","0","","","1","N","0","","39 56:26.911","","3","75 12:11.217","3","0","0","1","67301","0","0","0","N","0","0","0","2","67301","0","","1.0","","9","N","N","N","0","","1","0","0","","0","","","2","1","0","0","0","0","0","2","0","2","","04","","N","","","","","","","","","",""
"2021069901","0110","3","0","0","0","0","0","0","0","0","5","0","","67","7","2021","7","39.980089","-75.123075","0059","6","0","0","0","0","0","0","0","0","","0","0","0","","","0","N","0","","39 58:48.320","","0","75 07:23.070","0","0","0","0","67301","0","0","0","N","0","0","0","1","67301","0","","6.0","","9","N","N","N","0","","0","0","1","","0","","","5","0","0","0","0","0","0","2","1","5","","","","N","","","","","","","","","",""
"2021091339","1620","2","0","0","0","0","0","0","0","0","1","0","","67","9","2021","6","40.00868","-75.068855","1616","6","0","0","0","0","0","1","0","0","","0","0","0","","","4","","1","","40 00:31.249","","0","75 04:07.877","3","0","0","0","67301","0","0","0","N","0","0","0","6","67301","0","","1.0","","1","N","N","N","0","","4","0","0","","2","","","2","4","4","0","0","0","0","2","0","2","","03","","N","","","","","","","","","",""
"2021059258","1100","1","0","0","0","0","0","0","0","0","7","0","","67","6","2021","7","39.914389","-75.156111","1057","6","0","0","0","0","0","0","0","1","","0","0","0","","","0","N","0","","39 54:51.800","","7","75 09:22.000","0","0","0","0","67301","0","0","0","N","0","0","0","1","67301","0","","3.0","","9","N","N","N","0","","0","0","0","","0","","","1","0","0","0","0","0","0","2","0","1","","","","N","","","","","","","","","",""
"2021036268","2115","0","0","0","0","0","0","0","0","0","4","0","","67","4","2021","7","39.974638","-75.199108","2115","6","0","0","0","0","0","1","0","0","","0","0","0","","","1","","1","","39 58:28.698","","2","75 11:56.790","8","0","0","1","67301","0","0","0","N","0","0","0","2","67301","0","","1.0","","1","N","N","N","0","","0","0","1","","2","","","2","1","0","0","0","1","0","2","0","2","","03","","N","","","","","","","","","",""
"2021062935","0249","1","0","0","0","0","0","0","0","0","5","0","","67","7","2021","2","39.978978","-75.108653","0240","6","0","0","0","0","0","0","0","0","","0","0","0","","","2","N","0","","39 58:44.321","1","0","75 06:31.151","8","0","0","0","67301","0","0","0","N","0","0","0","3","68K01","0","","1.0","400.0","1","N","N","N","0","","0","0","1","","0","N","","2","2","2","0","0","2","0","2","0","2","","","","N","","","","","","","","","",""
"2021072648","0351","2","0","0","0","0","0","0","0","0","4","0","","67","7","2021","5","40.010821","-75.126649","0350","6","0","0","0","0","0","0","0","0","","0","0","0","","","1","","1","","40 00:38.955","7","0","75 07:35.936","3","0","0","0","67301","0","0","0","N","0","0","0","4","67301","0","","1.0","500.0","1","N","N","N","0","","1","0","0","","1","Y","","2","1","0","0","0","0","0","2","0","2","","","","N","","","","","","","","","",""
"2021033434","1814","1","0","0","0","0","0","0","0","0","4","0","","67","4","2021","2","39.947241","-75.217894","1804","6","0","0","0","0","0","0","0","0","","0","0","0","","","0","","1","","39 56:50.067","","0","75 13:04.418","9","0","0","0","67301","0","0","0","N","0","0","0","3","67301","0","","1.0","","1","N","N","N","0","","0","0","1","","3","","","2","0","0","0","0","0","1","2","0","2","","03","","N","","","","","","","","","",""
"2021045778","1635","2","0","0","0","0","0","0","0","0","5","0","","67","5","2021","4","39.941861","-75.151119","1613","6","0","0","0","0","0","0","0","0","","0","0","0","","","1","N","0","","39 56:30.700","","0","75 09:04.030","4","0","0","0","67301","0","0","0","N","0","0","0","2","67301","1","","1.0","","1","N","N","N","0","","0","0","0","","0","","","2","1","1","0","0","0","0","2","0","2","","03","","N","","","","","","","","","",""
"2021072478","1913","1","0","0","0","0","0","0","0","0","4","0","","67","8","2021","2","39.926643","-75.235595","1912","6","0","0","0","0","0","0","0","0","","0","0","0","","","2","","1","","39 55:35.914","","0","75 14:08.141","3","0","0","0","67301","0","0","0","N","0","0","0","2","67301","0","","1.0","","1","N","N","N","0","","2","0","1","","2","","","2","2","0","0","0","0","0","2","0","2","","04","","N","","","","","","","","","",""
"2021073082","2022","3","0","0","0","0","0","0","0","0","4","0","","67","7","2021","5","39.934656","-75.232705","2019","6","0","0","0","0","0","0","0","0","","0","0","0","","","2","","1","","39 56:04.761","1","0","75 13:57.737","3","0","0","0","67301","0","0","0","N","0","0","0","3","67301","0","","1.0","2139.0","1","N","N","N","1","","2","0","1","","2","N","","5","2","0","0","0","0","0","2","0","5","","04","","N","","","","","","","","","",""
"2021033802","2215","0","0","0","0","0","0","0","0","0","8","0","","67","4","2021","3","39.979301","-75.162653","2215","6","0","0","0","1","0","0","0","0","","0","0","0","","","1","","1","","39 58:45.483","","0","75 09:45.551","4","0","0","0","67301","1","0","0","N","1","0","0","3","67505","1","","1.0","","1","N","N","N","0","","0","0","1","","2","","","2","1","0","0","0","0","0","2","0","1","","03","","N","","","","","","","","","",""
"2021035501","2017","1","0","0","0","0","0","0","0","0","4","0","","67","4","2021","7","40.040321","-75.101862","2001","6","0","0","0","0","0","0","0","1","","0","0","0","","","0","","1","","40 02:25.154","","0","75 06:06.703","0","0","0","0","67301","0","0","0","N","0","0","0","2","67301","0","","1.0","","1","N","N","Y","0","","0","0","1","","3","","","2","0","2","0","0","0","0","2","0","2","","03","","N","","","","","","","","","",""
"2021062951","0336","1","0","0","0","0","0","0","0","0","1","0","","67","7","2021","4","39.959581","-75.17647","0328","6","0","0","0","0","0","0","0","0","","0","0","0","","","1","N","0","","39 57:34.490","","0","75 10:35.292","8","0","0","0","67301","0","0","0","N","0","0","0","2","68K01","0","","1.0","","1","N","N","N","0","","0","0","0","","0","","","2","1","0","0","0","1","1","2","0","2","","03","","N","","","","","","","","","",""
"2021115680","2230","2","0","0","0","0","0","0","0","0","4","1","","67","11","2021","6","39.958734","-75.155143","2230","6","0","0","0","0","0","0","0","0","","0","1","0","","","1","","5","","39 57:31.443","4","0","75 09:18.514","3","0","0","0","67301","0","0","0","N","0","0","0","2","67301","0","","1.0","2315.0","1","N","N","N","0","","1","0","0","","2","N","","4","1","0","0","0","0","0","2","1","4","","03","","N","","","","","","","","","",""
"2021046947","1945","1","0","0","0","0","0","0","0","0","4","0","","67","5","2021","4","39.989388","-75.180242","1945","6","0","0","0","0","0","1","0","0","","0","0","0","","","1","","1","","39 59:21.798","","0","75 10:48.872","3","0","0","0","67301","0","0","0","N","0","0","0","3","67301","0","","1.0","","1","N","N","N","1","","1","0","0","","2","","","2","1","0","0","0","0","0","2","0","2","","03","","N","","","","","","","","","",""
"2021075158","1259","0","0","0","0","0","0","0","0","0","1","1","","67","8","2021","3","39.959335","-75.173502","1259","6","0","0","0","0","0","0","0","0","","0","1","0","","","0","N","0","","39 57:33.607","","0","75 10:24.606","0","0","0","0","67301","0","0","0","N","0","0","0","4","68K01","0","","1.0","","1","N","N","N","0","","0","0","1","","0","","","2","0","0","0","0","0","0","2","0","2","","","","N","","","","","","","","","",""
"2021044773","1620","0","0","0","0","0","0","0","0","0","4","0","","67","5","2021","3","40.024299","-75.133167","1620","6","0","0","0","0","0","1","0","0","","0","0","0","","","1","","2","","40 01:27.476","","0","75 07:59.401","4","0","0","1","67301","0","0","0","N","0","0","0","2","67301","1","","1.0","","1","N","N","N","0","","0","0","1","","0","","","2","1","0","0","0","0","1","2","0","2","","98","","N","","","","","","","","","",""
"2021040341","0903","1","0","0","0","0","0","0","0","0","5","0","","67","5","2021","1","39.934053","-75.230981","0903","6","0","0","0","0","0","0","0","0","","0","0","0","","","0","N","0","","39 56:02.590","6","0","75 13:51.530","0","0","0","0","67301","0","0","0","N","0","0","0","2","67301","0","","6.0","1032.0","1","N","N","N","0","","0","0","2","","0","Y","","3","0","0","0","0","0","0","2","0","3","","03","","N","","","","","","","","","",""
"2021122914","1130","2","0","0","0","0","0","0","0","0","1","0","","67","12","2021","1","39.926862","-75.195045","1122","6","0","0","0","0","0","0","0","0","","0","0","0","","","2","N","0","","39 55:36.702","","0","75 11:42.162","3","0","0","0","67301","0","0","0","N","0","0","0","3","68K01","0","","1.0","","1","N","N","N","0","","1","0","0","","0","","","2","2","0","0","0","1","0","2","0","2","","","","N","","","","","","","","","",""