"CRN","ARRIVAL_TM","AUTOMOBILE_COUNT","BELTED_DEATH_COUNT","BELTED_SUSP_SERIOUS_INJ_COUNT","BICYCLE_COUNT","BICYCLE_DEATH_COUNT","BICYCLE_SUSP_SERIOUS_INJ_COUNT","BUS_COUNT","CHLDPAS_DEATH_COUNT","CHLDPAS_SUSP_SERIOUS_INJ_COUNT","COLLISION_TYPE","COMM_VEH_COUNT","CONS_ZONE_SPD_LIM","COUNTY","CRASH_MONTH","CRASH_YEAR","DAY_OF_WEEK","DEC_LATITUDE","DEC_LONGITUDE","DISPATCH_TM","DISTRICT","DRIVER_COUNT_16YR","DRIVER_COUNT_17YR","DRIVER_COUNT_18YR","DRIVER_COUNT_19YR","DRIVER_COUNT_20YR","DRIVER_COUNT_50_64YR","DRIVER_COUNT_65_74YR","DRIVER_COUNT_75PLUS","EST_HRS_CLOSED","FATAL_COUNT","HEAVY_TRUCK_COUNT","HORSE_BUGGY_COUNT","HOUR_OF_DAY","ILLUMINATION","INJURY_COUNT","INTERSECTION_RELATED","INTERSECT_TYPE","LANE_CLOSED","LATITUDE","LN_CLOSE_DIR","LOCATION_TYPE","LONGITUDE","MAX_SEVERITY_LEVEL","MCYCLE_DEATH_COUNT","MCYCLE_SUSP_SERIOUS_INJ_COUNT","MOTORCYCLE_COUNT","MUNICIPALITY","NONMOTR_COUNT","NONMOTR_DEATH_COUNT","NONMOTR_SUSP_SERIOUS_INJ_COUNT","NTFY_HIWY_MAINT","PED_COUNT","PED_DEATH_COUNT","PED_SUSP_SERIOUS_INJ_COUNT","PERSON_COUNT","POLICE_AGCY","POSSIBLE_INJ_COUNT","RDWY_SURF_TYPE_CD","RELATION_TO_ROAD","ROADWAY_CLEARED","ROAD_CONDITION","SCH_BUS_IND","SCH_ZONE_IND","SECONDARY_CRASH","SMALL_TRUCK_COUNT","SPEC_JURIS_CD","SUSP_MINOR_INJ_COUNT","SUSP_SERIOUS_INJ_COUNT","SUV_COUNT","TCD_FUNC_CD","TCD_TYPE","TFC_DETOUR_IND","TIME_OF_DAY","TOTAL_UNITS","TOT_INJ_COUNT","UNBELTED_OCC_COUNT","UNB_DEATH_COUNT","UNB_SUSP_SERIOUS_INJ_COUNT","UNK_INJ_DEG_COUNT","UNK_INJ_PER_COUNT","URBAN_RURAL","VAN_COUNT","VEHICLE_COUNT","WEATHER1","WEATHER2","WORKERS_PRES","WORK_ZONE_IND","WORK_ZONE_LOC","WORK_ZONE_TYPE","WZ_CLOSE_DETOUR","WZ_FLAGGER","WZ_LAW_OFFCR_IND","WZ_LN_CLOSURE","WZ_MOVING","WZ_OTHER","WZ_SHLDER_MDN","WZ_WORKERS_INJ_KILLED"
"2021115649","1201","0","0","0","0","0","0","0","0","0","1","0","","67","10","2021","3","40.011936","-75.06036","1145","6","0","0","0","0","0","0","0","0","","0","0","0","","","0","N","0","","40 00:42.971","","0","75 03:37.296","0","0","0","0","67301","0","0","0","N","0","0","0","3","68K01","0","","1.0","","9","N","N","N","1","","0","0","2","","0","","","3","0","0","0","0","0","0","2","0","3","","","","N","","","","","","","","","",""
"2021117148","0105","1","0","0","0","0","0","0","0","0","8","0","","67","10","2021","4","39.932133","-75.171346","1259","6","0","0","0","0","0","0","0","0","","0","0","0","","","1","","1","","39 55:55.677","","0","75 10:16.845","3","0","0","0","67301","1","0","0","N","1","0","0","2","67301","0","","1.0","","1","N","N","N","0","","1","0","0","","3","","","2","1","0","0","0","0","1","2","0","1","","03","","N","","","","","","","","","",""
"2021115876","1210","0","0","0","0","0","0","0","0","0","2","0","","67","11","2021","1","40.054244","-75.160451","1205","6","0","0","0","0","0","1","0","0","","0","0","0","","","2","","2","","40 03:15.278","","0","75 09:37.624","3","0","0","0","67301","0","0","0","N","0","0","0","3","67301","0","","1.0","","1","N","N","N","0","","2","0","2","","0","","","2","2","0","0","0","0","0","2","0","2","","","","N","","","","","","","","","",""
"2021117713","0103","1","0","0","0","0","0","0","0","0","7","0","","67","11","2021","4","39.965458","-75.185899","0100","6","0","0","0","0","0","0","0","0","","0","0","0","","","0","N","0","","39 57:55.650","4","0","75 11:09.236","0","0","0","0","67301","0","0","0","N","0","0","0","1","68K01","0","","3.0","122.0","1","N","N","N","0","","0","0","0","","0","N","","1","0","0","0","0","0","0","2","0","1","","03","","N","","","","","","","","","",""
"2021074239","2101","0","0","0","0","0","0","0","0","0","7","0","","67","8","2021","1","39.939264","-75.185114","2055","6","0","0","0","0","0","0","0","0","","0","0","0","","","1","N","0","","39 56:21.350","","0","75 11:06.410","8","0","0","0","67301","0","0","0","N","0","0","0","2","67301","0","","4.0","","1","N","N","N","0","","0","0","0","","0","","","1","1","0","0","0","1","0","2","1","1","","","","N","","","","","","","","","",""
"2021072682","1600","1","0","0","0","0","0","0","0","0","4","0","","67","8","2021","3","39.954002","-75.168199","1555","6","0","0","0","1","0","1","0","0","","0","0","0","","","0","","1","","39 57:14.406","7","0","75 10:05.518","0","0","0","0","67301","0","0","0","N","0","0","0","2","67301","0","","1.0","30.0","1","N","N","N","0","","0","0","1","","2","Y","","2","0","0","0","0","0","0","2","0","2","","03","","N","","","","","","","","","",""
"2021084379","0109","1","0","0","0","0","0","0","0","0","7","0","","67","7","2021","3","39.933794","-75.199954","0103","6","0","0","0","0","1","0","0","0","","0","0","0","","","0","N","0","","39 56:01.658","","0","75 11:59.833","0","0","0","0","67301","0","0","0","N","0","0","0","1","68K01","0","","3.0","","1","N","N","N","0","","0","0","0","","0","","","1","0","1","0","0","0","0","2","0","1","","03","","N","","","","","","","","","",""
"2021070468","0300","3","0","0","0","0","0","0","0","0","4","0","","67","7","2021","1","39.951701","-75.236857","0259","6","0","0","0","0","0","0","0","0","","0","0","0","","","1","","1","","39 57:06.123","","0","75 14:12.685","3","0","0","0","67301","0","0","0","N","0","0","0","2","67301","0","","1.0","","9","N","N","N","0","","1","0","2","","2","","","5","1","0","0","0","0","0","2","0","5","","07","","N","","","","","","","","","",""
"2021071815","0458","0","0","0","0","0","0","0","0","0","8","0","","67","8","2021","3","39.984562","-75.156659","0455","6","0","0","0","0","0","1","0","0","","0","0","0","","","1","N","0","","39 59:04.423","5","0","75 09:23.973","2","0","0","0","67301","1","0","1","N","1","0","1","2","67505","0","","1.0","455.0","1","N","N","N","1","","0","1","0","","0","Y","","2","1","0","0","0","0","0","2","0","1","","03","","N","","","","","","","","","",""
"2021116198","1357","1","0","0","0","0","0","0","0","0","7","0","","67","10","2021","5","39.893283","-75.196436","1332","6","0","0","0","0","0","0","0","0","","0","0","0","","","1","N","0","","39 53:35.819","2","0","75 11:47.168","8","0","0","0","67301","0","0","0","N","0","0","0","1","68K01","0","","2.0","1601.0","1","N","N","N","0","","0","0","0","","8","Y","","1","1","0","0","0","1","0","2","0","1","","","","N","","","","","","","","","",""
"2021114995","0239","1","0","0","0","0","0","0","0","0","4","0","","67","11","2021","5","40.006188","-75.151929","0237","6","0","0","0","0","0","0","0","0","","1","0","0","","","0","","1","","40 00:22.276","1","0","75 09:06.943","1","1","0","1","67301","0","0","0","N","0","0","0","3","67505","0","2","1.0","400.0","1","N","N","N","0","0","0","0","0","","2","Y","","2","0","0","0","0","0","0","2","0","2","","","","N","","","","","","","","","",""
"2021117362","1358","0","0","0","0","0","0","0","0","0","2","0","","67","12","2021","4","40.063527","-75.16983","1350","6","0","0","0","0","0","1","0","1","","0","0","0","","","1","N","1","","40 03:48.698","","0","75 10:11.388","3","0","0","0","67301","0","0","0","N","0","0","0","4","67301","0","","5.0","","1","N","N","N","1","","1","0","3","","2","","","4","1","0","0","0","0","0","2","0","4","","","","N","","","","","","","","","",""
"2021078345","0104","1","0","0","0","0","0","0","0","0","4","0","","67","8","2021","1","40.027605","-75.165415","0058","6","0","0","0","0","0","0","0","0","","0","0","0","","","1","","1","","40 01:39.377","5","0","75 09:55.494","3","0","0","0","67301","0","0","0","N","0","0","0","2","67301","0","","1.0","130.0","1","N","N","N","1","","1","0","0","","2","Y","","2","1","1","0","0","0","0","2","0","2","","03","","N","","","","","","","","","",""
"2021073083","1655","3","0","0","0","0","0","0","0","0","4","0","","67","8","2021","5","39.937097","-75.226661","1641","6","0","0","0","0","0","0","1","0","","0","0","0","","","1","","1","","39 56:13.549","","0","75 13:35.979","8","0","0","0","67301","0","0","0","N","0","0","0","2","67301","0","","1.0","","1","N","N","N","0","","0","0","0","","0","","","3","1","0","0","0","1","0","2","0","3","","03","","N","","","","","","","","","",""
"2021074245","1809","1","0","0","0","0","0","0","0","0","4","0","","67","8","2021","7","39.897624","-75.252377","1803","6","0","0","0","0","0","0","0","0","","0","0","0","","","0","","1","","39 53:51.445","","0","75 15:08.556","0","0","0","0","67301","0","0","0","N","0","0","0","3","67301","0","","1.0","","1","N","N","N","0","","0","0","1","","2","","","2","0","0","0","0","0","0","2","0","2","","03","","N","","","","","","","","","",""
"2021074120","1215","1","0","0","0","0","0","0","0","0","4","0","","67","8","2021","2","39.930783","-75.161264","1213","6","0","0","0","0","0","1","0","0","","0","0","0","","","0","","1","","39 55:50.818","","0","75 09:40.550","0","0","0","0","67301","0","0","0","N","0","0","0","2","67301","0","","1.0","","1","N","N","N","0","","0","0","0","","3","","","2","0","0","0","0","0","0","2","1","2","","03","","N","","","","","","","","","",""
"2021117007","2106","2","0","0","0","0","0","0","0","0","5","0","","67","11","2021","4","40.032692","-75.021006","2051","6","0","0","1","0","0","0","0","0","","0","0","0","","","1","N","0","","40 01:57.692","2","0","75 01:15.620","8","0","0","0","67301","0","0","0","N","0","0","0","3","68K01","0","","1.0","2140.0","1","N","N","N","0","","0","0","0","","0","Y","","2","1","1","0","0","1","0","2","0","2","","03","","N","","","","","","","","","",""
"2021123297","1930","1","0","0","0","0","0","0","0","0","2","0","","67","12","2021","4","40.085406","-75.037359","1927","6","0","0","0","0","0","0","0","0","","0","0","0","","","2","","1","","40 05:07.463","","0","75 02:14.492","8","0","0","0","67301","0","0","0","N","0","0","0","2","67301","0","","1.0","","1","N","N","N","0","","0","0","1","","2","","","2","2","0","0","0","2","0","2","0","2","","03","","N","","","","","","","","","",""
"2021072868","1600","1","0","0","0","0","0","0","0","0","4","0","","67","8","2021","2","40.096361","-75.017306","1554","6","0","0","0","0","0","0","0","1","","0","0","0","","","1","N","0","","40 05:46.900","","7","75 01:02.300","3","0","0","0","67301","0","0","0","N","0","0","0","2","67301","0","","1.0","","1","N","N","N","0","","1","0","1","","0","","","2","1","0","0","0","0","0","2","0","2","","03","","N","","","","","","","","","",""
"2021073856","1540","1","0","0","0","0","0","0","0","0","1","0","","67","8","2021","1","39.942183","-75.235892","1530","6","0","0","0","0","0","0","0","0","","0","0","0","","","2","N","0","","39 56:31.860","","0","75 14:09.210","3","0","0","0","67301","0","0","0","N","0","0","0","6","67301","0","","6.0","","1","N","N","N","1","","2","0","1","","0","","","3","2","0","0","0","0","0","2","0","3","","03","","N","","","","","","","","","",""
"2021121317","1230","0","0","0","0","0","0","0","0","0","8","0","","67","12","2021","6","40.013178","-75.070421","1224","6","0","0","0","0","0","1","0","0","","0","0","0","","","1","","1","","40 00:47.439","","0","75 04:13.514","3","0","0","0","67301","1","0","0","N","1","0","0","2","67301","0","","1.0","","1","N","N","N","0","","1","0","1","","2","","","2","1","0","0","0","0","0","2","0","1","","03","","N","","","","","","","","","",""
"2021105357","0917","1","0","0","0","0","0","0","0","0","5","0","","67","10","2021","1","40.027244","-75.141814","0912","6","0","0","0","0","0","0","0","0","","0","0","0","","","0","N","0","","40 01:38.080","","0","75 08:30.530","0","0","0","0","67301","0","0","0","N","0","0","0","1","67301","0","","6.0","","1","N","N","N","0","","0","0","1","","0","","","2","0","0","0","0","0","0","2","0","2","","","","N","","","","","","","","","",""
"2021105319","0640","0","0","0","0","0","0","0","0","0","8","0","","67","10","2021","3","40.016994","-75.188321","0631","6","0","0","0","0","0","0","0","0","","0","0","0","","","1","","1","","40 01:01.180","","0","75 11:17.957","3","0","0","0","67301","2","0","0","N","2","0","0","3","67301","0","","1.0","","9","N","N","N","1","","1","0","0","","2","","","3","1","0","0","0","0","1","2","0","1","","03","","N","","","","","","","","","",""
"2021081393","1120","2","0","0","0","0","0","0","0","0","1","0","","67","7","2021","7","39.958593","-75.167537","1059","6","0","0","0","0","0","0","0","0","","0","0","0","","","2","N","0","","39 57:30.935","4","0","75 10:03.133","4","0","0","0","67301","0","0","0","N","0","0","0","5","68K01","1","","1.0","1220.0","1","N","N","N","0","","0","0","1","","0","N","","3","2","0","0","0","1","0","2","0","3","","","","N","","","","","","","","","",""
"2021118121","1620","1","0","0","0","0","0","0","0","0","1","0","","67","11","2021","4","39.982264","-75.207727","1607","6","0","0","0","0","0","0","0","0","","0","0","0","","","0","N","0","","39 58:56.152","","0","75 12:27.816","0","0","0","0","67301","0","0","0","N","0","0","0","2","68K01","0","","3.0","","1","N","N","N","1","","0","0","0","","0","","","2","0","0","0","0","0","0","2","0","2","","","","N","","","","","","","","","",""
"2021121888","1541","0","0","0","0","0","0","0","0","0","1","0","","67","11","2021","3","39.959155","-75.140596","1534","6","0","0","0","0","0","0","0","0","","0","0","0","","","2","N","0","","39 57:32.957","","0","75 08:26.146","4","0","0","0","67301","0","0","0","N","0","0","0","4","68K01","1","","1.0","","1","N","N","N","1","","0","0","1","","0","","","2","2","0","0","0","1","0","2","0","2","","","","N","","","","","","","","","",""
"2021056074","1914","1","0","0","0","0","0","0","0","0","5","0","","67","5","2021","2","39.87821","-75.250511","1914","6","0","0","0","0","0","1","0","0","","0","0","0","","","0","N","0","","39 52:41.557","","0","75 15:01.838","0","0","0","0","67301","0","0","0","N","0","0","0","3","68K02","0","","1.0","","1","N","N","N","0","","0","0","2","","0","","","3","0","0","0","0","0","0","2","0","3","","03","","N","","","","","","","","","",""
"2021051411","1025","0","0","0","0","0","0","0","0","0","1","0","","67","6","2021","6","40.080757","-75.028601","1015","6","0","0","0","0","0","0","0","0","","0","0","0","","","1","","1","","40 04:50.725","","0","75 01:42.964","4","0","0","0","67301","0","0","0","N","0","0","0","2","67301","1","","1.0","","1","N","N","N","0","","0","0","2","","2","","","2","1","0","0","0","0","0","2","0","2","","03","","N","","","","","","","","","",""
"2021051867","2130","3","0","0","0","0","0","0","0","0","4","0","","67","6","2021","6","40.042934","-75.149956","2130","6","0","0","0","0","0","0","0","0","","0","0","0","","","1","","1","","40 02:34.562","","0","75 08:59.841","3","0","0","0","67301","0","0","0","N","0","0","0","2","67301","0","","1.0","","1","N","N","N","0","","1","0","3","","2","","","6","1","1","0","0","0","0","2","0","6","","03","","N","","","","","","","","","",""
"2021122700","1945","2","0","0","0","0","0","0","0","0","4","0","","67","11","2021","3","40.049043","-75.002448","1924","6","0","0","0","0","0","1","1","0","","0","0","0","","","0","N","0","","40 02:56.556","2","0","75 00:08.813","0","0","0","0","67301","0","0","0","N","0","0","0","2","68K01","0","","1.0","1950.0","1","N","N","N","0","","0","0","0","","0","Y","","2","0","0","0","0","0","0","2","0","2","","","","N","","","","","","","","","",""
"2021116826","0835","0","0","0","0","0","0","0","0","0","4","0","","67","11","2021","7","40.002106","-75.144234","0832","6","0","0","0","0","0","1","0","0","","0","0","0","","","1","","5","","40 00:07.582","","0","75 08:39.242","3","0","0","0","67301","0","0","0","N","0","0","0","2","67301","0","","1.0","","1","N","N","N","0","","1","0","1","","2","","","2","1","1","0","0","0","0","2","1","2","","","","N","","","","","","","","","",""
"2021121628","1721","2","0","0","0","0","0","0","0","0","4","0","","67","12","2021","6","39.916539","-75.245844","1721","6","0","0","0","0","0","0","0","0","","0","0","0","","","1","","2","","39 54:59.542","","7","75 14:45.039","3","0","0","0","67301","0","0","0","N","0","0","0","2","67301","0","","1.0","","1","N","Y","N","0","","1","0","0","","3","","","2","1","0","0","0","0","0","2","0","2","","03","","N","","","","","","","","","",""
"2021124279","1945","1","0","0","0","0","0","0","0","0","7","0","","67","12","2021","7","39.981899","-75.170586","1946","6","0","0","0","0","0","0","0","0","","0","0","0","","","0","","1","","39 58:54.836","","0","75 10:14.109","9","0","0","0","67301","0","0","0","N","0","0","0","1","67301","0","","4.0","","9","N","N","N","0","","0","0","0","","2","","","1","0","0","0","0","0","1","2","0","1","","07","","N","","","","","","","","","",""
"2021123214","0946","0","0","0","0","0","0","0","0","0","8","0","","67","12","2021","4","39.94778","-75.229454","0943","6","0","0","0","0","0","0","1","0","","0","0","0","","","1","","1","","39 56:52.009","","0","75 13:46.036","4","0","0","0","67301","1","0","0","N","1","0","0","2","67301","1","","1.0","","1","N","N","N","0","","0","0","1","","2","","","2","1","1","0","0","0","0","2","0","1","","03","","N","","","","","","","","","",""
"2021105318","0826","0","0","0","0","0","0","0","0","0","7","0","","67","10","2021","1","39.984381","-75.224667","0826","6","0","0","0","0","0","0","0","0","","0","0","0","","","1","N","0","","39 59:03.770","","0","75 13:28.800","3","0","0","0","67301","0","0","0","N","0","0","0","2","67301","0","","5.0","","9","N","N","N","0","","1","0","1","","0","","","1","1","0","0","0","0","0","2","0","1","","03","","N","","","","","","","","","",""
"2021125818","1453","1","0","0","0","0","0","0","0","0","4","0","","67","12","2021","3","40.01005","-75.089267","1445","6","0","0","0","0","0","0","1","0","","0","0","0","","","1","","1","","40 00:36.180","","1","75 05:21.361","8","0","0","0","67301","0","0","0","N","0","0","0","2","67508","0","","1.0","","1","N","N","Y","1","","0","0","0","","2","","","2","1","0","0","0","1","0","2","0","2","","03","","N","","","","","","","","","",""
"2021117518","2159","1","0","0","0","0","0","0","0","0","5","0","","67","11","2021","1","39.980402","-75.205691","2158","6","0","0","0","0","0","0","0","0","","0","0","0","","","0","N","0","","39 58:49.447","","0","75 12:20.489","0","0","0","0","67301","0","0","0","N","0","0","0","3","68K01","0","","1.0","","9","N","N","N","1","","0","0","0","","0","","","2","0","0","0","0","0","0","2","0","2","","","","N","","","","","","","","","",""
"2021122666","0255","1","0","0","0","0","0","0","0","0","5","0","","67","12","2021","4","40.049579","-75.171502","0253","6","0","0","0","1","0","0","0","0","","0","0","0","","","1","N","0","","40 02:58.485","5","0","75 10:17.408","3","0","0","0","67301","0","0","0","N","0","0","0","1","67301","0","","6.0","345.0","1","N","N","N","0","","1","0","1","","0","Y","","4","1","1","0","0","0","0","2","2","4","","03","","N","","","","","","","","","",""
"2021104672","1730","2","0","0","0","0","0","0","0","0","4","0","","67","10","2021","7","40.026643","-75.182836","1730","6","0","0","0","0","0","0","0","0","","0","0","0","","","1","N","0","","40 01:35.916","","7","75 10:58.211","4","0","0","0","67301","0","0","0","N","0","0","0","2","67301","1","","1.0","","1","N","N","N","0","","0","0","0","","0","","","2","1","0","0","0","0","0","2","0","2","","03","","N","","","","","","","","","",""
"2021033809","1801","2","0","0","0","0","0","0","0","0","4","0","","67","4","2021","2","40.045593","-75.071436","1756","6","0","0","1","0","0","0","0","0","","0","0","0","","","2","","1","","40 02:44.136","","0","75 04:17.168","8","0","0","0","67301","0","0","0","N","0","0","0","2","67301","0","","1.0","","1","N","N","Y","0","","0","0","1","","2","","","3","2","0","0","0","2","0","2","0","3","","03","","N","","","","","","","","","",""
"2021103297","0243","0","0","0","0","0","0","0","0","0","7","0","","67","10","2021","5","40.048233","-75.183392","0243","6","0","0","0","0","0","0","0","0","","0","0","0","","","0","","1","","40 02:53.638","","0","75 11:00.210","0","0","0","0","67301","0","0","0","N","0","0","0","1","67301","0","","5.0","","1","N","N","N","0","","0","0","1","","2","","","2","0","0","0","0","0","0","2","0","1","","03","","N","","","","","","","","","",""
"2021120776","1809","0","0","0","0","0","0","0","0","0","5","0","","67","12","2021","5","40.032019","-75.060361","1806","6","0","0","0","0","0","0","0","1","","0","0","0","","","1","N","0","","40 01:55.270","","0","75 03:37.300","3","0","0","0","67301","0","0","0","N","0","0","0","1","67301","0","","6.0","","1","N","N","N","0","","1","0","2","","0","","","2","1","0","0","0","0","0","2","0","2","","","","N","","","","","","","","","",""
"2021104569","1951","2","0","0","0","0","0","0","0","0","4","0","","67","10","2021","7","39.907492","-75.151237","1948","6","0","0","0","0","0","0","0","0","","0","0","0","","","0","","2","","39 54:26.971","3","0","75 09:04.453","0","0","0","0","67301","0","0","0","N","0","0","0","4","67301","0","","1.0","2100.0","1","N","N","N","0","","0","0","0","","2","N","","2","0","3","0","0","0","0","2","0","2","","03","","N","","","","","","","","","",""
"2021107082","1935","1","0","0","0","0","0","0","0","0","1","0","","67","10","2021","4","39.899585","-75.16405","1919","6","0","0","0","1","0","0","0","0","","0","0","0","","","0","N","0","","39 53:58.507","","3","75 09:50.579","0","0","0","0","67301","0","0","0","N","0","0","0","4","68K01","0","","1.0","","1","N","N","N","0","","0","0","1","","0","","","2","0","0","0","0","0","0","2","0","2","","03","","N","","","","","","","","","",""
"2021062535","0701","0","0","0","0","0","0","0","0","0","7","0","","67","7","2021","3","39.968382","-75.129556","0658","6","0","0","0","0","0","0","0","0","","0","0","0","","","1","N","7","","39 58:06.174","1","2","75 07:46.403","8","0","0","0","67301","0","0","0","Y","0","0","0","1","68K01","0","","4.0","727.0","1","N","N","N","1","","0","0","0","","0","Y","","1","1","0","0","0","1","0","2","0","1","","03","","N","","","","","","","","","",""
"2021036218","1923","0","0","0","1","0","0","0","0","0","8","1","","67","4","2021","4","39.947868","-75.198102","1910","6","0","0","0","0","0","0","0","0","","0","1","0","","","1","N","0","","39 56:52.325","","0","75 11:53.168","3","0","0","0","67301","1","0","0","N","0","0","0","2","67504","0","","1.0","","1","N","N","N","0","","1","0","0","","0","","","2","1","0","0","0","0","0","2","0","1","","","","N","","","","","","","","","",""
"2021058403","0931","2","0","0","0","0","0","0","0","0","4","0","","67","6","2021","6","39.997572","-75.234328","0928","6","0","0","0","0","0","0","0","0","","0","0","0","","","1","","2","","39 59:51.258","","0","75 14:03.582","4","0","0","0","67301","0","0","0","N","0","0","0","2","46104","1","","1.0","","9","N","N","N","0","","0","0","0","","3","","","2","1","0","0","0","0","0","2","0","2","","","","N","","","","","","","","","",""
"2021106729","0758","0","0","0","0","0","0","0","0","0","8","0","","67","11","2021","5","40.066182","-75.052029","0744","6","0","0","0","0","0","0","0","0","","0","0","0","","","1","N","0","","40 03:58.255","","0","75 03:07.303","3","0","0","0","67301","1","0","0","N","1","0","0","2","67301","0","","1.0","","1","N","N","N","0","","1","0","1","","0","","","2","1","0","0","0","0","1","2","0","1","","03","","N","","","","","","","","","",""
"2021106903","1309","1","0","0","0","0","0","0","0","0","5","0","","67","10","2021","6","39.906736","-75.14982","1304","6","0","0","1","0","0","0","0","0","","0","0","0","","","1","N","0","","39 54:24.251","","0","75 08:59.353","3","0","0","0","67301","0","0","0","N","0","0","0","2","68K01","0","","1.0","","1","N","N","N","0","","1","0","0","","0","","","2","1","0","0","0","0","1","2","0","2","","","","N","","","","","","","","","",""
"2021114972","1718","0","0","0","0","0","0","0","0","0","8","0","","67","11","2021","4","40.020636","-75.182954","1716","6","0","0","0","0","0","0","1","0","","0","0","0","","","1","N","0","","40 01:14.291","","0","75 10:58.635","3","0","0","0","67301","1","0","0","N","1","0","0","2","67301","0","","1.0","","1","N","N","N","0","","1","0","1","","0","","","2","1","0","0","0","0","0","2","0","1","","03","","N","","","","","","","","","",""
"2021110382","1755","2","0","0","0","0","0","0","0","0","4","0","","67","11","2021","4","40.037797","-75.037908","1750","6","0","0","0","0","0","0","0","0","","0","0","0","","","1","","1","","40 02:16.070","","0","75 02:16.468","8","0","0","0","67301","0","0","0","N","0","0","0","2","67301","0","","1.0","","1","N","N","N","0","","0","0","0","","2","","","2","1","0","0","0","1","0","2","0","2","","03","","N","","","","","","","","","",""
"2021113530","1235","0","0","0","0","0","0","0","0","0","1","0","","67","11","2021","7","39.937964","-75.198083","1223","6","0","0","0","0","0","0","0","0","","0","0","0","","","0","N","0","","39 56:16.672","4","0","75 11:53.100","0","0","0","0","67301","0","0","0","N","0","0","0","2","68K01","0","","1.0","1245.0","1","N","N","N","0","","0","0","2","","0","N","","2","0","0","0","0","0","0","2","0","2","","03","","N","","","","","","","","","",""
"2021070334","1305","1","0","0","0","0","0","0","0","0","4","0","","67","7","2021","3","39.924224","-75.176313","1302","6","0","0","0","0","0","1","0","0","","0","0","0","","","1","","1","","39 55:27.207","","0","75 10:34.726","8","0","0","0","67301","0","0","0","N","0","0","0","4","67301","0","","1.0","","1","N","N","N","1","","0","0","2","","2","","","4","1","0","0","0","1","1","2","0","4","","03","","N","","","","","","","","","",""
"2021105324","","0","0","0","0","0","0","0","0","0","4","0","","67","4","2021","2","39.962556","-75.245354","","6","0","0","0","0","0","0","0","0","","0","0","0","","","1","","2","","39 57:45.202","","1","75 14:43.276","8","0","0","0","67301","0","0","0","N","0","0","0","2","00000","0","","1.0","","1","N","N","N","0","","0","0","1","","3","","","2","1","0","0","0","1","0","2","0","2","","","","N","","","","","","","","","",""
"2021070330","0536","1","0","0","0","0","0","0","0","0","5","0","","67","7","2021","1","39.913494","-75.176056","0534","6","0","0","0","0","0","0","0","0","","0","0","0","","","0","N","0","","39 54:48.580","","0","75 10:33.800","0","0","0","0","67301","0","0","0","N","0","0","0","1","67301","0","","6.0","","9","N","N","N","0","","0","0","3","","0","","","4","0","0","0","0","0","0","2","0","4","","03","","N","","","","","","","","","",""
"2021112920","1632","0","0","0","0","0","0","0","0","0","7","0","","67","10","2021","4","39.932835","-75.200039","1608","6","0","0","0","0","0","0","0","0","","0","0","0","","","1","N","0","","39 55:58.205","4","0","75 12:00.139","8","0","0","0","67301","0","0","0","N","0","0","0","1","68K01","0","","3.0","1650.0","1","N","N","N","0","","0","0","1","","0","N","","1","1","0","0","0","1","0","2","0","1","","","","N","","","","","","","","","",""
"2021110437","0016","1","0","0","0","0","0","0","0","0","5","0","","67","11","2021","2","39.995605","-75.105197","0015","6","0","0","0","0","0","0","0","0","","0","0","0","","","0","N","0","","39 59:44.177","","0","75 06:18.710","9","0","0","0","67301","0","0","0","N","0","0","0","1","67301","0","","1.0","","1","N","N","N","1","","0","0","1","","0","","","3","0","0","0","0","0","1","2","0","3","","03","","N","","","","","","","","","",""
"2021115791","1136","1","0","0","0","0","0","0","0","0","4","0","","67","11","2021","4","39.949784","-75.207141","1135","6","0","0","0","0","0","0","1","0","","0","0","0","","","0","","1","","39 56:59.221","3","0","75 12:25.709","0","0","0","0","67301","0","0","0","N","0","0","0","2","67301","0","","1.0","1345.0","1","N","N","N","0","","0","0","0","","2","Y","","2","0","0","0","0","0","0","2","1","2","","03","","N","","","","","","","","","",""
"2021102848","0246","0","0","0","0","0","0","0","0","0","0","0","","67","10","2021","3","39.966955","-75.133638","0239","6","0","0","0","0","0","0","0","0","","0","0","0","","","0","N","0","","39 58:01.037","1","0","75 08:01.096","0","0","0","0","67301","0","0","0","N","0","0","0","1","68K01","0","","1.0","330.0","9","N","N","N","0","","0","0","1","","0","N","","1","0","0","0","0","0","0","2","0","1","","","","N","","","","","","","","","",""
"2021091889","0750","1","0","0","1","0","0","0","0","0","8","0","","67","9","2021","4","39.954579","-75.225998","0741","6","0","0","0","0","0","0","0","0","","0","0","0","","","1","","1","","39 57:16.485","","0","75 13:33.593","4","0","0","0","67301","1","0","0","N","0","0","0","8","67301","1","","1.0","","1","N","N","N","0","","0","0","2","","2","","","4","1","6","0","0","0","1","2","0","3","","03","","N","","","","","","","","","",""
"2021097430","1335","2","0","0","0","0","0","0","0","0","4","0","","67","10","2021","6","39.956747","-75.217493","1320","6","0","0","0","0","0","0","0","0","","0","0","0","","","4","","1","","39 57:24.289","","0","75 13:02.974","8","0","0","0","67301","0","0","0","N","0","0","0","4","67301","0","","1.0","","1","N","N","N","0","","0","0","1","","3","","","3","4","0","0","0","4","0","2","0","3","","03","","N","","","","","","","","","",""