"CRN","ARRIVAL_TM","AUTOMOBILE_COUNT","BELTED_DEATH_COUNT","BELTED_SUSP_SERIOUS_INJ_COUNT","BICYCLE_COUNT","BICYCLE_DEATH_COUNT","BICYCLE_SUSP_SERIOUS_INJ_COUNT","BUS_COUNT","CHLDPAS_DEATH_COUNT","CHLDPAS_SUSP_SERIOUS_INJ_COUNT","COLLISION_TYPE","COMM_VEH_COUNT","CONS_ZONE_SPD_LIM","COUNTY","CRASH_MONTH","CRASH_YEAR","DAY_OF_WEEK","DEC_LATITUDE","DEC_LONGITUDE","DISPATCH_TM","DISTRICT","DRIVER_COUNT_16YR","DRIVER_COUNT_17YR","DRIVER_COUNT_18YR","DRIVER_COUNT_19YR","DRIVER_COUNT_20YR","DRIVER_COUNT_50_64YR","DRIVER_COUNT_65_74YR","DRIVER_COUNT_75PLUS","EST_HRS_CLOSED","FATAL_COUNT","HEAVY_TRUCK_COUNT","HORSE_BUGGY_COUNT","HOUR_OF_DAY","ILLUMINATION","INJURY_COUNT","INTERSECTION_RELATED","INTERSECT_TYPE","LANE_CLOSED","LATITUDE","LN_CLOSE_DIR","LOCATION_TYPE","LONGITUDE","MAX_SEVERITY_LEVEL","MCYCLE_DEATH_COUNT","MCYCLE_SUSP_SERIOUS_INJ_COUNT","MOTORCYCLE_COUNT","MUNICIPALITY","NONMOTR_COUNT","NONMOTR_DEATH_COUNT","NONMOTR_SUSP_SERIOUS_INJ_COUNT","NTFY_HIWY_MAINT","PED_COUNT","PED_DEATH_COUNT","PED_SUSP_SERIOUS_INJ_COUNT","PERSON_COUNT","POLICE_AGCY","POSSIBLE_INJ_COUNT","RDWY_SURF_TYPE_CD","RELATION_TO_ROAD","ROADWAY_CLEARED","ROAD_CONDITION","SCH_BUS_IND","SCH_ZONE_IND","SECONDARY_CRASH","SMALL_TRUCK_COUNT","SPEC_JURIS_CD","SUSP_MINOR_INJ_COUNT","SUSP_SERIOUS_INJ_COUNT","SUV_COUNT","TCD_FUNC_CD","TCD_TYPE","TFC_DETOUR_IND","TIME_OF_DAY","TOTAL_UNITS","TOT_INJ_COUNT","UNBELTED_OCC_COUNT","UNB_DEATH_COUNT","UNB_SUSP_SERIOUS_INJ_COUNT","UNK_INJ_DEG_COUNT","UNK_INJ_PER_COUNT","URBAN_RURAL","VAN_COUNT","VEHICLE_COUNT","WEATHER1","WEATHER2","WORKERS_PRES","WORK_ZONE_IND","WORK_ZONE_LOC","WORK_ZONE_TYPE","WZ_CLOSE_DETOUR","WZ_FLAGGER","WZ_LAW_OFFCR_IND","WZ_LN_CLOSURE","WZ_MOVING","WZ_OTHER","WZ_SHLDER_MDN","WZ_WORKERS_INJ_KILLED"
"2021092263","0239","2","0","0","0","0","0","0","0","0","4","0","","67","9","2021","3","39.958843","-75.20628","0238","6","0","0","0","0","0","0","0","0","","0","0","0","","","0","","1","","39 57:31.834","","0","75 12:22.608","0","0","0","0","67301","0","0","0","N","0","0","0","2","67301","0","","1.0","","1","N","N","N","0","","0","0","1","","2","","","3","0","0","0","0","0","0","2","0","3","","03","","N","","","","","","","","","",""
"2021109247","1530","0","0","0","0","0","0","0","0","0","8","0","","67","11","2021","3","40.046756","-75.161747","1530","6","0","0","0","0","0","0","0","0","","0","0","0","","","1","N","0","","40 02:48.320","","0","75 09:42.290","2","0","0","0","67301","1","0","1","N","1","0","1","2","67301","0","","1.0","","99","N","N","N","0","","0","1","1","","0","","","2","1","1","0","0","0","1","2","0","1","","","","N","","","","","","","","","",""
"2021112373","1750","1","0","0","0","0","0","0","0","0","7","0","","67","11","2021","1","40.008801","-75.204928","1743","6","0","0","0","0","0","0","0","0","","0","0","0","","","1","N","7","","40 00:31.683","","2","75 12:17.742","4","0","0","0","67301","0","0","0","N","0","0","0","2","68K01","1","","3.0","","1","N","N","N","0","","0","0","0","","0","","","1","1","0","0","0","0","0","2","0","1","","","","N","","","","","","","","","",""
"2021111470","1045","1","0","0","0","0","0","0","0","0","5","1","","67","11","2021","3","39.979747","-75.226189","1040","6","0","0","0","0","0","0","0","0","","0","1","0","","","1","N","0","","39 58:47.090","","0","75 13:34.280","3","0","0","0","67301","0","0","0","N","0","0","0","3","67301","0","","1.0","","1","N","N","N","0","","1","0","0","","0","","","2","1","2","0","0","0","1","2","0","2","","03","","N","","","","","","","","","",""
"2021110186","0800","1","0","0","0","0","0","1","0","0","4","1","","67","11","2021","6","39.989809","-75.125532","0800","6","0","0","0","0","0","0","0","0","","0","0","0","","","2","","1","","39 59:23.311","","0","75 07:31.914","2","0","0","0","67301","0","0","0","N","0","0","0","9","67301","0","","1.0","","9","Y","N","N","0","","1","1","0","","1","","","2","2","0","0","0","0","0","2","0","2","","07","","N","","","","","","","","","",""
"2021074671","1054","1","0","0","0","0","0","0","0","0","7","0","","67","8","2021","7","39.924585","-75.230863","1054","6","0","0","0","0","0","0","0","0","","0","0","0","","","0","","2","","39 55:28.505","4","0","75 13:51.106","0","0","0","0","67301","0","0","0","N","0","0","0","1","67301","0","","1.0","1252.0","1","N","N","N","0","","0","0","1","","0","N","","3","0","0","0","0","0","0","2","1","3","","03","","N","","","","","","","","","",""
"2021072046","1815","1","0","0","1","0","0","0","0","0","8","0","","67","8","2021","2","39.934278","-75.188056","1800","6","0","0","0","0","0","0","0","0","","0","0","0","","","1","N","0","","39 56:03.400","","0","75 11:17.000","8","0","0","0","67301","1","0","0","N","0","0","0","2","67301","0","","1.0","","1","N","N","N","0","","0","0","0","","0","","","3","1","0","0","0","1","1","2","0","2","","03","","N","","","","","","","","","",""
"2021116988","1525","1","0","0","0","0","0","0","0","0","5","0","","67","11","2021","1","39.982321","-75.100134","1514","6","0","0","0","0","0","0","0","0","","0","0","0","","","1","N","0","","39 58:56.356","1","0","75 06:00.481","8","0","0","0","67301","0","0","0","N","0","0","0","3","68K01","0","","1.0","1540.0","1","N","N","N","1","","0","0","0","","0","N","","2","1","0","0","0","1","1","2","0","2","","03","","N","","","","","","","","","",""
"2021108695","0215","1","0","0","0","0","0","0","0","0","7","0","","67","11","2021","5","39.879996","-75.247995","0153","6","0","0","0","0","0","0","0","0","","0","0","0","","","0","N","0","","39 52:47.986","","0","75 14:52.782","9","0","0","0","67301","0","0","0","N","0","0","0","1","68K01","0","","2.0","","1","N","N","N","0","","0","0","0","","0","","","1","0","1","0","0","0","1","2","0","1","","","","N","","","","","","","","","",""
"2021094414","2038","3","0","0","0","0","0","0","0","0","1","0","","67","10","2021","2","40.044998","-75.123523","2038","6","0","0","0","0","0","0","0","0","","0","0","0","","","0","","1","","40 02:41.993","","0","75 07:24.683","0","0","0","0","67301","0","0","0","N","0","0","0","4","67301","0","","1.0","","1","N","N","N","0","","0","0","1","","2","","","4","0","0","0","0","0","0","2","0","4","","03","","N","","","","","","","","","",""
"2021092759","1052","1","0","0","0","0","0","0","0","0","4","0","","67","9","2021","4","39.957304","-75.209584","1049","6","0","0","0","0","0","1","0","0","","0","0","0","","","1","","1","","39 57:26.294","","0","75 12:34.502","3","0","0","0","67301","0","0","0","N","0","0","0","2","67301","0","","1.0","","1","N","N","N","1","","1","0","2","","3","","","4","1","0","0","0","0","0","2","0","4","","","","N","","","","","","","","","",""
"2021091719","1755","0","0","0","0","0","0","0","0","0","4","0","","67","9","2021","3","40.120383","-75.023419","1750","6","0","0","0","0","0","1","0","0","","0","0","0","","","1","N","0","","40 07:13.380","","7","75 01:24.310","8","0","0","1","67301","0","0","0","N","0","0","0","2","67301","0","","1.0","","1","N","N","N","1","","0","0","0","","0","","","2","1","0","0","0","1","0","2","0","2","","","","N","","","","","","","","","",""
"2021094297","1741","0","0","0","0","0","0","0","0","0","8","0","","67","10","2021","3","39.985933","-75.161156","1740","6","0","0","0","0","0","0","0","0","","0","0","0","","","1","N","0","","39 59:09.360","","0","75 09:40.160","4","0","0","0","67301","1","0","0","N","1","0","0","2","67301","1","","1.0","","1","N","N","N","1","","0","0","0","","0","","","2","1","1","0","0","0","0","2","0","1","","03","","N","","","","","","","","","",""
"2021093886","1705","2","0","0","0","0","0","0","0","0","4","0","","67","10","2021","6","40.031218","-75.054085","1656","6","0","0","0","0","0","0","0","0","","0","0","0","","","2","","2","","40 01:52.383","2","0","75 03:14.707","3","0","0","0","67301","0","0","0","N","0","0","0","2","67301","0","","1.0","1723.0","1","N","N","N","0","","2","0","0","","3","N","","2","2","0","0","0","0","0","2","0","2","","03","","N","","","","","","","","","",""
"2021122630","1427","1","0","0","0","0","0","0","0","0","8","0","","67","12","2021","3","40.054352","-75.193938","1418","6","0","0","0","0","1","0","0","0","","0","0","0","","","1","","1","","40 03:15.666","","0","75 11:38.176","4","0","0","0","67301","1","0","0","N","1","0","0","2","67301","1","","1.0","","1","N","N","N","0","","0","0","0","","2","","","2","1","0","0","0","0","0","2","0","1","","","","N","","","","","","","","","",""
"2021106728","1413","2","0","0","0","0","0","0","0","0","4","0","","67","11","2021","2","40.105753","-75.0338","1405","6","0","0","0","0","0","1","0","0","","0","0","0","","","0","","2","","40 06:20.710","","0","75 02:01.680","0","0","0","0","67301","0","0","0","N","0","0","0","3","67301","0","","1.0","","1","N","N","N","1","","0","0","0","","3","","","3","0","0","0","0","0","0","2","0","3","","","","N","","","","","","","","","",""
"2021115750","0756","0","0","0","0","0","0","0","0","0","7","0","","67","11","2021","7","40.02595","-75.09715","0748","6","0","0","0","0","0","0","0","0","","0","0","0","","","0","N","0","","40 01:33.420","","0","75 05:49.740","9","0","0","0","67301","0","0","0","N","0","0","0","1","67301","0","","4.0","","99","N","N","N","0","","0","0","1","","0","","","1","0","0","0","0","0","1","2","0","1","","","","N","","","","","","","","","",""
"2021107737","1234","1","0","0","0","0","0","0","0","0","2","0","","67","11","2021","5","39.985372","-75.093729","1220","6","0","0","0","0","0","0","0","0","","0","0","0","","","1","N","0","","39 59:07.339","1","0","75 05:37.426","3","0","0","0","67301","0","0","0","N","0","0","0","1","68K01","0","","2.0","1254.0","1","N","N","N","0","","1","0","0","","0","N","","1","1","0","0","0","0","0","2","0","1","","03","","N","","","","","","","","","",""
"2021110573","1919","1","0","0","0","0","0","0","0","0","4","0","","67","11","2021","6","39.986747","-75.207556","1915","6","0","0","0","0","0","0","0","0","","0","0","0","","","0","","1","","39 59:12.288","4","2","75 12:27.201","0","0","0","0","67301","0","0","0","N","0","0","0","5","68K01","0","","1.0","2015.0","1","N","N","N","0","","0","0","1","","2","N","","2","0","0","0","0","0","0","2","0","2","","03","","N","","","","","","","","","",""
"2021112715","1950","0","0","0","0","0","0","0","0","0","1","0","","67","11","2021","3","39.960946","-75.247088","1950","6","0","0","0","0","0","1","0","0","","0","0","0","","","6","N","0","","39 57:39.407","","0","75 14:49.518","3","0","0","0","67301","0","0","0","N","0","0","0","8","67301","0","","1.0","","1","N","N","N","0","","6","0","2","","0","","","2","6","1","0","0","0","1","2","0","2","","04","","N","","","","","","","","","",""
"2021120527","1209","1","0","0","0","0","0","0","0","0","4","0","","67","12","2021","5","40.075268","-75.073466","1200","6","0","0","0","0","0","1","0","0","","0","0","0","","","2","","1","","40 04:30.964","5","0","75 04:24.479","8","0","0","0","67301","0","0","0","N","0","0","0","2","67301","0","","1.0","100.0","1","N","N","N","0","","0","0","1","","1","N","","2","2","2","0","0","2","0","2","0","2","","03","","N","","","","","","","","","",""
"2021104148","1313","1","0","0","0","0","0","0","0","0","5","0","","67","10","2021","5","39.987694","-75.182306","1305","6","0","0","0","0","0","0","0","0","","0","0","0","","","0","N","0","","39 59:15.700","2","0","75 10:56.300","0","0","0","0","67301","0","0","0","N","0","0","0","2","67301","0","","6.0","1439.0","1","N","N","Y","0","","0","0","1","","0","Y","","3","0","0","0","0","0","0","2","1","3","","03","","N","","","","","","","","","",""
"2021115688","1530","1","0","0","0","0","0","0","0","0","4","0","","67","11","2021","2","40.085406","-75.037359","1500","6","0","0","0","1","0","0","0","0","","0","0","0","","","1","","1","","40 05:07.463","","0","75 02:14.492","3","0","0","0","67301","0","0","0","N","0","0","0","2","67301","0","","1.0","","1","N","N","N","0","","1","0","0","","2","","","2","1","0","0","0","0","0","2","1","2","","03","","N","","","","","","","","","",""
"2021126666","1420","1","0","0","0","0","0","0","0","0","4","0","","67","11","2021","4","39.949903","-75.24734","1400","6","0","0","0","0","0","0","0","0","","0","0","0","","","4","","1","","39 56:59.650","","0","75 14:50.423","4","0","0","0","67301","0","0","0","N","0","0","0","4","67301","4","","1.0","","1","N","N","N","0","","0","0","1","","2","","","2","4","0","0","0","0","0","2","0","2","","03","","N","","","","","","","","","",""
"2021116412","1626","1","0","0","0","0","0","0","0","0","1","0","","67","11","2021","6","39.976352","-75.133972","1623","6","0","0","0","0","0","0","0","0","","0","0","0","","","1","","1","","39 58:34.867","","0","75 08:02.299","8","0","0","0","67301","0","0","0","N","0","0","0","3","67301","0","","1.0","","1","N","N","N","0","","0","0","1","","3","","","2","1","0","0","0","1","0","2","0","2","","","","N","","","","","","","","","",""
"2021116350","0033","2","0","0","0","0","0","0","0","0","4","0","","67","11","2021","6","40.036314","-75.064305","0033","6","0","0","0","0","0","0","0","0","","0","0","0","","","3","","1","","40 02:10.729","1","0","75 03:51.497","4","0","0","0","67301","0","0","0","N","0","0","0","4","67301","1","","1.0","345.0","9","N","N","N","0","","0","0","0","","2","N","","2","3","0","0","0","2","0","2","0","2","","07","","N","","","","","","","","","",""
"2021115032","0021","2","0","0","0","0","0","0","0","0","4","0","","67","11","2021","2","40.003924","-75.220699","0018","6","0","0","0","0","1","0","0","0","","0","0","0","","","2","","1","","40 00:14.125","1","0","75 13:14.515","8","0","0","0","67301","0","0","0","N","0","0","0","7","67301","0","","1.0","30.0","1","N","N","N","0","","0","0","0","","2","Y","","2","2","0","0","0","2","1","2","0","2","","03","","N","","","","","","","","","",""
"2021104022","0946","1","0","0","0","0","0","0","0","0","1","0","","67","10","2021","4","40.08068","-75.028469","0946","6","0","0","0","0","0","0","0","0","","0","0","0","","","1","","1","","40 04:50.449","","0","75 01:42.488","8","0","0","0","67301","0","0","0","N","0","0","0","2","67301","0","","1.0","","99","N","N","N","0","","0","0","1","","2","","","2","1","0","0","0","1","1","2","0","2","","","","N","","","","","","","","","",""
"2021115490","1549","4","0","0","0","0","0","0","0","0","4","0","","67","11","2021","6","40.012123","-75.137131","1549","6","0","0","0","0","0","0","0","0","","0","0","0","","","1","","1","","40 00:43.642","6","0","75 08:13.671","3","0","0","0","67301","0","0","0","N","0","0","0","2","67301","0","","1.0","1637.0","1","N","N","Y","0","","1","0","1","","3","N","","5","1","1","0","0","0","0","2","0","5","","03","","N","","","","","","","","","",""
"2021108744","0845","0","0","0","0","0","0","0","0","0","5","0","","67","11","2021","3","39.945858","-75.240283","0838","6","0","0","0","0","0","0","0","0","","0","0","0","","","1","","5","","39 56:45.089","","0","75 14:25.018","3","0","0","0","67301","0","0","0","N","0","0","0","3","67301","0","","1.0","","1","N","N","N","0","","1","0","2","","2","","","2","1","0","0","0","0","0","2","0","2","","03","","N","","","","","","","","","",""
"2021112714","2055","6","0","0","0","0","0","0","0","0","6","0","","67","11","2021","2","40.043047","-75.100897","2044","6","0","0","0","0","0","0","0","0","","0","0","0","","","0","N","0","","40 02:34.970","","0","75 06:03.230","0","0","0","0","67301","0","0","0","N","0","0","0","1","67301","0","","6.0","","1","N","N","N","0","","0","0","2","","0","","","8","0","0","0","0","0","0","2","0","8","","03","","N","","","","","","","","","",""
"2021097113","0051","1","0","0","0","0","0","0","0","0","2","0","30","67","10","2021","3","40.019494","-75.145013","0050","6","0","0","0","0","0","0","0","0","","0","0","0","","","0","N","0","","40 01:10.177","2","0","75 08:42.047","0","0","0","0","67301","0","0","0","N","0","0","0","3","67301","0","","1.0","50.0","1","N","N","N","0","","0","0","1","","0","N","","2","0","0","0","0","0","0","2","0","2","","03","N","Y","4","1","N","N","N","Y","N","N","N","N"
"2021127228","","2","0","0","0","0","0","0","0","0","4","0","","67","9","2021","6","39.944339","-75.230956","","6","0","0","0","0","0","0","1","0","","0","0","0","","","1","","1","","39 56:39.619","","0","75 13:51.440","8","0","0","0","67301","0","0","0","N","0","0","0","2","00000","0","","1.0","","1","N","N","N","0","","0","0","0","","3","","","2","1","0","0","0","1","0","2","0","2","","","","N","","","","","","","","","",""
"2021098313","1742","0","0","0","1","0","0","0","0","0","8","0","","67","10","2021","6","39.986099","-75.142165","1742","6","0","0","0","0","0","0","0","0","","0","0","0","","","1","","1","","39 59:09.958","","0","75 08:31.793","8","0","0","0","67301","1","0","0","N","0","0","0","2","67301","0","","1.0","","1","N","N","N","0","","0","0","0","","3","","","2","1","0","0","0","1","0","2","0","1","","03","","N","","","","","","","","","",""
"2021110614","1200","0","0","0","0","0","0","0","0","0","4","0","","67","11","2021","7","39.927672","-75.146952","1145","6","0","0","0","0","0","2","0","0","","0","0","0","","","0","","1","","39 55:39.619","","0","75 08:49.027","0","0","0","0","67301","0","0","0","N","0","0","0","2","67301","0","","1.0","","1","N","N","N","0","","0","0","1","","3","","","2","0","0","0","0","0","0","2","1","2","","03","","N","","","","","","","","","",""
"2021117537","0904","1","0","0","0","0","0","0","0","0","7","0","","67","11","2021","6","39.923393","-75.191765","0856","6","0","0","0","0","0","0","0","0","","0","0","0","","","0","N","0","","39 55:24.216","4","0","75 11:30.353","0","0","0","0","67301","0","0","0","N","0","0","0","2","68K01","0","","4.0","20.0","9","N","N","N","0","","0","0","0","","0","N","","1","0","0","0","0","0","0","2","0","1","","","","N","","","","","","","","","",""
"2021108604","1640","1","0","0","0","0","0","0","0","0","4","0","","67","11","2021","7","40.00957","-75.153694","1620","6","0","0","0","0","0","1","0","0","","0","0","0","","","0","","2","","40 00:34.453","","0","75 09:13.299","9","0","0","0","67301","0","0","0","N","0","0","0","2","67301","0","","1.0","","1","N","N","N","0","","0","0","1","","9","","","2","0","0","0","0","0","2","2","0","2","","","","N","","","","","","","","","",""
"2021090858","1030","0","0","0","0","0","0","0","0","0","5","0","","67","9","2021","7","39.940883","-75.143497","1018","6","0","0","0","0","0","1","0","0","","0","0","0","","","1","N","0","","39 56:27.177","2","0","75 08:36.590","8","0","0","1","67301","0","0","0","N","0","0","0","2","68K01","0","","1.0","1049.0","1","N","N","N","0","","0","0","1","","0","N","","2","1","0","0","0","1","0","2","0","2","","03","","N","","","","","","","","","",""
"2021097760","1224","1","0","0","0","0","0","0","0","0","8","0","","67","10","2021","3","39.964013","-75.162812","1224","6","0","0","0","0","0","0","0","0","","0","0","0","","","1","","1","","39 57:50.446","","0","75 09:46.123","2","0","0","0","67301","1","0","1","N","1","0","1","2","67301","0","","1.0","","99","N","N","N","0","","0","1","0","","3","","","2","1","0","0","0","0","0","2","0","1","","03","","N","","","","","","","","","",""
"2021090500","1609","0","0","0","0","0","0","0","0","0","3","0","","67","9","2021","6","40.01348","-75.085159","1555","6","0","0","0","0","0","1","0","0","","0","0","0","","","0","","1","","40 00:48.528","","0","75 05:06.572","0","0","0","0","67301","0","0","0","N","0","0","0","3","67301","0","","1.0","","1","N","N","N","0","","0","0","2","","3","","","2","0","0","0","0","0","0","2","0","2","","","","N","","","","","","","","","",""
"2021096341","0752","0","0","0","0","0","0","0","0","0","8","0","","67","9","2021","2","39.950442","-75.192615","0752","6","0","0","0","0","0","1","0","0","","0","0","0","","","1","","1","","39 57:01.592","","0","75 11:33.415","4","0","0","0","67301","1","0","0","N","1","0","0","2","67504","1","","1.0","","1","N","N","N","0","","0","0","1","","2","","","2","1","0","0","0","0","0","2","0","1","","","","N","","","","","","","","","",""
"2021110386","0845","0","0","0","1","0","0","0","0","0","8","0","","67","11","2021","4","39.952556","-75.209528","0843","6","0","0","0","0","0","0","0","0","","0","0","0","","","1","N","0","","39 57:09.200","","0","75 12:34.300","3","0","0","0","67301","2","0","0","N","0","0","0","3","67301","0","","1.0","","1","N","N","N","0","","1","0","1","","0","","","2","1","0","0","0","0","0","2","0","1","","03","","N","","","","","","","","","",""
"2021110767","0400","2","0","0","0","0","0","0","0","0","4","0","","67","11","2021","1","40.01563","-75.149852","0350","6","0","0","0","0","0","0","0","0","","0","0","0","","","0","","2","","40 00:56.269","","0","75 08:59.466","9","0","0","0","67301","0","0","0","N","0","0","0","2","67301","0","","1.0","","1","N","N","N","0","","0","0","0","","0","","","2","0","1","0","0","0","1","2","0","2","","03","","N","","","","","","","","","",""
"2021115945","1140","2","0","0","0","0","0","0","0","0","5","0","","67","11","2021","7","40.002083","-75.194505","1140","6","0","0","0","0","0","1","0","0","","0","0","0","","","0","","7","","40 00:07.499","","2","75 11:40.217","0","0","0","0","67301","0","0","0","N","0","0","0","2","68K01","0","","7.0","","1","N","N","N","0","","0","0","0","","0","","","2","0","0","0","0","0","0","2","0","2","","03","","N","","","","","","","","","",""
"2021119543","1532","0","0","0","0","0","0","0","0","0","1","0","","67","11","2021","2","40.025273","-75.029219","1531","6","0","0","0","0","0","1","0","0","","0","0","0","","","1","N","0","","40 01:30.981","","0","75 01:45.190","4","0","0","0","67301","0","0","0","N","0","0","0","6","68K01","1","","1.0","","1","N","N","N","1","","0","0","2","","0","","","3","1","0","0","0","0","0","2","0","3","","","","N","","","","","","","","","",""
"2021089221","1729","0","0","0","0","0","0","0","0","0","4","0","","67","9","2021","3","40.058157","-75.043024","1719","6","0","0","0","0","0","1","0","0","","0","0","0","","","2","","2","","40 03:29.364","4","7","75 02:34.886","3","0","0","0","67301","0","0","0","N","0","0","0","3","67301","0","","1.0","1800.0","1","N","N","N","0","","2","0","1","","2","N","","2","2","0","0","0","0","0","2","1","2","","03","","N","","","","","","","","","",""
"2021102803","1551","0","0","0","0","0","0","0","0","0","4","0","","67","10","2021","6","40.01285","-75.118231","1549","6","0","0","0","0","0","0","0","0","","0","0","0","","","3","N","0","","40 00:46.260","3","7","75 07:05.630","8","0","0","0","67301","0","0","0","N","0","0","0","7","67301","0","","1.0","30.0","1","N","N","N","1","","0","0","2","","0","Y","","4","3","0","0","0","3","0","2","1","4","","03","","N","","","","","","","","","",""
"2021088597","2046","2","0","0","0","0","0","0","0","0","1","0","","67","9","2021","1","40.032195","-75.051271","2046","6","0","0","0","0","0","0","0","0","","0","0","0","","","1","N","0","","40 01:55.903","","0","75 03:04.574","2","0","0","0","67301","0","0","0","N","0","0","0","2","67301","0","","1.0","","1","N","N","N","0","","0","1","0","","0","","","2","1","0","0","0","0","0","2","0","2","","","","N","","","","","","","","","",""
"2021088869","1327","0","0","0","0","0","0","0","0","0","1","0","","67","9","2021","2","40.102486","-75.028736","1320","6","0","0","0","0","0","0","0","0","","0","0","0","","","1","","1","","40 06:08.948","1","0","75 01:43.450","3","0","0","0","67301","0","0","0","N","0","0","0","4","67301","0","","1.0","1345.0","1","N","N","N","0","","1","0","1","","2","N","","2","1","0","0","0","0","0","2","1","2","","03","","N","","","","","","","","","",""
"2021096279","1708","1","0","0","0","0","0","0","0","0","7","0","","67","10","2021","1","39.892858","-75.223603","1646","6","0","0","0","0","0","0","0","0","","0","0","0","","","0","N","0","","39 53:34.290","","1","75 13:24.970","0","0","0","0","67301","0","0","0","N","0","0","0","1","67301","0","","4.0","","9","N","N","N","0","","0","0","0","","0","","","1","0","0","0","0","0","0","2","0","1","","07","","N","","","","","","","","","",""
"2021117915","","0","0","0","0","0","0","0","0","0","1","0","","67","10","2021","3","39.893056","-75.224028","","6","0","0","0","0","0","0","0","0","","0","0","0","","","3","Y","0","","39 53:35.000","","0","75 13:26.500","8","0","0","0","67301","0","0","0","N","0","0","0","4","00000","0","","1.0","","1","N","N","N","0","","0","0","1","","2","","","2","3","0","0","0","3","0","2","0","2","","","","N","","","","","","","","","",""
"2021111361","1929","0","0","0","1","0","1","0","0","0","8","1","","67","10","2021","2","39.935264","-75.153836","1928","6","0","0","0","0","0","0","1","0","","0","1","0","","","1","N","0","","39 56:06.950","","0","75 09:13.810","2","0","0","0","67301","1","0","1","N","0","0","0","2","67301","0","","1.0","","1","N","N","N","0","","0","1","0","","0","","","2","1","1","0","0","0","0","2","0","1","","03","","N","","","","","","","","","",""
"2021088820","1645","1","0","0","0","0","0","0","0","0","4","0","","67","9","2021","2","40.116674","-75.019906","1644","6","0","0","0","0","1","0","0","1","","0","0","0","","","3","","1","","40 07:00.028","2","0","75 01:11.660","3","0","0","0","67301","0","0","0","N","0","0","0","3","67301","0","","1.0","1755.0","1","N","N","N","0","","3","0","0","","2","Y","","2","3","0","0","0","0","0","2","1","2","","04","","N","","","","","","","","","",""
"2021090416","1255","0","0","0","0","0","0","0","0","0","4","0","","67","9","2021","6","40.009868","-75.156024","1253","6","0","0","0","1","0","0","0","0","","0","0","0","","","1","","1","","40 00:35.524","","0","75 09:21.688","2","0","1","1","67301","0","0","0","N","0","0","0","2","67301","0","","1.0","","1","N","N","N","0","","0","1","1","","2","","","2","1","0","0","0","0","0","2","0","2","","03","","N","","","","","","","","","",""
"2021089977","0406","2","0","0","0","0","0","0","0","0","6","0","","67","9","2021","5","39.964179","-75.221647","0404","6","0","0","0","0","0","0","0","0","","0","0","0","","","0","N","0","","39 57:51.044","","0","75 13:17.928","9","0","0","0","67301","0","0","0","N","0","0","0","1","67301","0","","6.0","","1","N","N","N","0","","0","0","1","","0","","","3","0","0","0","0","0","1","2","0","3","","03","","N","","","","","","","","","",""
"2021096271","1010","1","0","0","0","0","0","0","0","0","4","0","","67","10","2021","7","40.00468","-75.152126","0942","6","0","0","0","0","0","1","0","0","","0","0","0","","","0","","1","","40 00:16.847","","0","75 09:07.652","0","0","0","0","67301","0","0","0","N","0","0","0","2","67301","0","","1.0","","1","N","N","N","0","","0","0","1","","2","","","2","0","0","0","0","0","0","2","0","2","","","","N","","","","","","","","","",""
"2021091009","1925","0","0","0","0","0","0","0","0","0","8","0","","67","9","2021","1","40.015062","-75.207259","1917","6","0","0","0","0","0","0","0","0","","0","0","0","","","1","N","0","","40 00:54.224","","0","75 12:26.134","3","0","0","0","67301","1","0","0","N","1","0","0","2","67301","0","","1.0","","1","N","N","N","0","","1","0","1","","0","","","2","1","0","0","0","0","0","2","0","1","","03","","N","","","","","","","","","",""
"2021108717","0140","0","0","0","0","0","0","0","0","0","7","0","","67","11","2021","1","39.906668","-75.149394","0115","6","0","0","0","0","0","1","0","0","","0","0","0","","","1","N","0","","39 54:24.004","","8","75 08:57.819","8","0","0","0","67301","0","0","0","N","0","0","0","1","68K01","0","","2.0","","1","N","N","N","0","","0","0","1","","0","","","1","1","1","0","0","1","0","2","0","1","","","","N","","","","","","","","","",""
"2021105387","0958","1","0","0","0","0","0","0","0","0","4","0","","67","11","2021","3","39.960679","-75.141393","0958","6","0","0","1","0","0","0","0","0","","0","0","0","","","1","","1","","39 57:38.443","","0","75 08:29.016","3","0","0","0","67301","0","0","0","N","0","0","0","3","67301","0","","1.0","","1","N","N","N","0","","1","0","1","","2","","","2","1","0","0","0","0","0","2","0","2","","03","","N","","","","","","","","","",""
"2021090614","1918","2","0","0","0","0","0","0","0","0","4","0","","67","9","2021","5","40.042016","-75.184613","1918","6","0","0","0","0","0","0","0","0","","0","0","0","","","1","","2","","40 02:31.257","7","6","75 11:04.606","3","0","0","0","67301","0","0","0","N","0","0","0","2","67301","0","","1.0","1615.0","9","N","N","N","0","","1","0","1","","3","N","","3","1","0","0","0","0","0","2","0","3","","07","","N","","","","","","","","","",""
"2021093274","0346","5","0","0","0","0","0","0","0","0","5","0","","67","10","2021","7","40.008958","-75.167536","0344","6","0","0","0","0","0","0","0","0","","0","0","0","","","0","N","0","","40 00:32.250","","0","75 10:03.130","9","0","0","0","67301","0","0","0","N","0","0","0","1","67301","0","","6.0","","1","N","N","N","0","","0","0","1","","0","","","6","0","1","0","0","0","1","2","0","6","","03","","N","","","","","","","","","",""