"CRN","ARRIVAL_TM","AUTOMOBILE_COUNT","BELTED_DEATH_COUNT","BELTED_SUSP_SERIOUS_INJ_COUNT","BICYCLE_COUNT","BICYCLE_DEATH_COUNT","BICYCLE_SUSP_SERIOUS_INJ_COUNT","BUS_COUNT","CHLDPAS_DEATH_COUNT","CHLDPAS_SUSP_SERIOUS_INJ_COUNT","COLLISION_TYPE","COMM_VEH_COUNT","CONS_ZONE_SPD_LIM","COUNTY","CRASH_MONTH","CRASH_YEAR","DAY_OF_WEEK","DEC_LATITUDE","DEC_LONGITUDE","DISPATCH_TM","DISTRICT","DRIVER_COUNT_16YR","DRIVER_COUNT_17YR","DRIVER_COUNT_18YR","DRIVER_COUNT_19YR","DRIVER_COUNT_20YR","DRIVER_COUNT_50_64YR","DRIVER_COUNT_65_74YR","DRIVER_COUNT_75PLUS","EST_HRS_CLOSED","FATAL_COUNT","HEAVY_TRUCK_COUNT","HORSE_BUGGY_COUNT","HOUR_OF_DAY","ILLUMINATION","INJURY_COUNT","INTERSECTION_RELATED","INTERSECT_TYPE","LANE_CLOSED","LATITUDE","LN_CLOSE_DIR","LOCATION_TYPE","LONGITUDE","MAX_SEVERITY_LEVEL","MCYCLE_DEATH_COUNT","MCYCLE_SUSP_SERIOUS_INJ_COUNT","MOTORCYCLE_COUNT","MUNICIPALITY","NONMOTR_COUNT","NONMOTR_DEATH_COUNT","NONMOTR_SUSP_SERIOUS_INJ_COUNT","NTFY_HIWY_MAINT","PED_COUNT","PED_DEATH_COUNT","PED_SUSP_SERIOUS_INJ_COUNT","PERSON_COUNT","POLICE_AGCY","POSSIBLE_INJ_COUNT","RDWY_SURF_TYPE_CD","RELATION_TO_ROAD","ROADWAY_CLEARED","ROAD_CONDITION","SCH_BUS_IND","SCH_ZONE_IND","SECONDARY_CRASH","SMALL_TRUCK_COUNT","SPEC_JURIS_CD","SUSP_MINOR_INJ_COUNT","SUSP_SERIOUS_INJ_COUNT","SUV_COUNT","TCD_FUNC_CD","TCD_TYPE","TFC_DETOUR_IND","TIME_OF_DAY","TOTAL_UNITS","TOT_INJ_COUNT","UNBELTED_OCC_COUNT","UNB_DEATH_COUNT","UNB_SUSP_SERIOUS_INJ_COUNT","UNK_INJ_DEG_COUNT","UNK_INJ_PER_COUNT","URBAN_RURAL","VAN_COUNT","VEHICLE_COUNT","WEATHER1","WEATHER2","WORKERS_PRES","WORK_ZONE_IND","WORK_ZONE_LOC","WORK_ZONE_TYPE","WZ_CLOSE_DETOUR","WZ_FLAGGER","WZ_LAW_OFFCR_IND","WZ_LN_CLOSURE","WZ_MOVING","WZ_OTHER","WZ_SHLDER_MDN","WZ_WORKERS_INJ_KILLED"
"2021094218","2356","1","0","0","0","0","0","0","0","0","5","0","","67","10","2021","2","40.096644","-75.052903","2352","6","0","0","0","0","0","0","0","0","","0","0","0","","","0","N","0","","40 05:47.920","","0","75 03:10.450","0","0","0","0","67301","0","0","0","N","0","0","0","1","67301","0","","6.0","","1","N","N","N","1","","0","0","1","","0","","","3","0","0","0","0","0","0","2","0","3","","03","","N","","","","","","","","","",""
"2021094122","0138","1","0","0","0","0","0","0","0","0","5","0","","67","9","2021","3","39.956222","-75.2145","0128","6","0","0","0","0","0","0","0","0","","0","0","0","","","1","N","0","","39 57:22.400","1","0","75 12:52.200","8","0","0","0","67301","0","0","0","N","0","0","0","1","67301","0","","6.0","200.0","1","N","N","N","0","","0","0","2","","0","Y","","3","1","1","0","0","1","0","2","0","3","","03","","N","","","","","","","","","",""
"2021093711","1604","2","0","0","0","0","0","0","0","0","1","0","","67","10","2021","1","40.053359","-75.230266","1601","6","0","0","0","0","0","1","0","0","","0","0","0","","","4","N","0","","40 03:12.093","","0","75 13:48.958","3","0","0","0","67301","0","0","0","N","0","0","0","4","67301","0","","1.0","","1","N","N","Y","0","","4","0","1","","0","","","3","4","0","0","0","0","0","2","0","3","","03","","N","","","","","","","","","",""
"2021095830","0436","1","0","0","0","0","0","0","0","0","4","0","","67","10","2021","7","39.961745","-75.23942","0432","6","0","1","0","0","0","0","0","0","","0","0","0","","","1","","2","","39 57:42.281","","0","75 14:21.913","8","0","0","0","67301","0","0","0","N","0","0","0","4","67301","0","","1.0","","1","N","N","N","0","","0","0","2","","3","","","3","1","0","0","0","1","0","2","0","3","","03","","N","","","","","","","","","",""
"2021093612","1100","1","0","0","0","0","0","0","0","0","4","0","","67","10","2021","1","40.028683","-75.117741","1045","6","0","0","0","0","0","0","0","0","","0","0","0","","","0","","1","","40 01:43.257","","0","75 07:03.868","0","0","0","0","67301","0","0","0","N","0","0","0","2","67301","0","","1.0","","1","N","N","N","0","","0","0","1","","2","","","2","0","0","0","0","0","0","2","0","2","","","","N","","","","","","","","","",""
"2021127493","1426","1","0","0","0","0","0","0","0","0","7","0","","67","12","2021","7","39.96655","-75.187241","1413","6","0","0","0","0","0","0","0","0","","0","0","0","","","0","N","0","","39 57:59.580","4","0","75 11:14.067","0","0","0","0","67301","0","0","0","N","0","0","0","1","68K01","0","","3.0","1434.0","9","N","N","N","0","","0","0","0","","0","N","","1","0","0","0","0","0","0","2","0","1","","03","","N","","","","","","","","","",""
"2021107809","0130","0","0","0","0","0","0","0","0","0","5","0","","67","11","2021","6","40.019547","-75.048303","0130","6","0","0","0","0","0","0","0","0","","0","0","0","","","0","N","0","","40 01:10.370","","0","75 02:53.890","9","0","0","0","67301","0","0","0","N","0","0","0","1","67301","0","","6.0","","1","N","N","N","0","","0","0","2","","0","","","2","0","0","0","0","0","1","2","0","2","","","","N","","","","","","","","","",""
"2021109248","1615","2","0","0","0","0","0","0","0","0","4","0","","67","11","2021","6","40.015272","-75.088901","1600","6","0","0","0","0","0","1","0","0","","0","0","0","","","0","","1","","40 00:54.979","","0","75 05:20.043","9","0","0","0","67301","0","0","0","N","0","0","0","2","67301","0","","1.0","","99","N","N","N","0","","0","0","0","","3","","","2","0","2","0","0","0","2","2","0","2","","","","N","","","","","","","","","",""
"2021109865","2010","0","0","0","0","0","0","0","0","0","8","0","","67","11","2021","1","39.881242","-75.241842","2005","6","0","0","0","0","0","0","0","0","","0","0","0","","","1","N","0","","39 52:52.470","","0","75 14:30.630","8","0","0","0","67301","1","0","0","N","1","0","0","2","67301","0","","1.0","","1","N","N","N","0","","0","0","1","","0","","","2","1","0","0","0","1","0","2","0","1","","03","","N","","","","","","","","","",""
"2021101413","0756","2","0","0","0","0","0","0","0","0","1","0","","67","10","2021","1","39.950148","-75.145914","0743","6","0","0","0","0","0","0","0","0","","0","0","0","","","1","N","0","","39 57:00.534","","0","75 08:45.291","8","0","0","0","67301","0","0","0","N","0","0","0","2","67301","0","","1.0","","1","N","N","N","0","","0","0","0","","0","","","2","1","0","0","0","1","0","2","0","2","","98","","N","","","","","","","","","",""
"2021101636","0126","1","0","0","0","0","0","0","0","0","98","0","","67","10","2021","2","40.041306","-75.115294","0118","6","0","0","0","0","0","0","0","0","","0","0","0","","","0","N","0","","40 02:28.700","","0","75 06:55.060","0","0","0","0","67301","0","0","0","N","0","0","0","1","67301","0","","1.0","","1","N","N","N","0","","0","0","0","","0","","","1","0","0","0","0","0","0","2","0","1","","03","","N","","","","","","","","","",""
"2021101379","2140","1","0","0","0","0","0","0","0","0","5","0","","67","10","2021","7","40.056806","-75.010872","2135","6","0","0","0","0","0","0","0","0","","0","0","0","","","1","N","0","","40 03:24.503","","0","75 00:39.140","3","0","0","0","67301","0","0","0","N","0","0","0","1","67301","0","","6.0","","1","N","N","N","0","","1","0","1","","0","","","2","1","0","0","0","0","0","2","0","2","","03","","N","","","","","","","","","",""
"2021127238","1627","1","0","0","0","0","0","0","0","0","4","0","","67","12","2021","2","40.048233","-75.183392","1625","6","0","0","0","0","0","0","0","0","","0","0","0","","","1","","1","","40 02:53.638","","0","75 11:00.210","3","0","0","0","67301","0","0","0","N","0","0","0","2","67301","0","","1.0","","1","N","N","N","0","","1","0","1","","2","","","2","1","1","0","0","0","0","2","0","2","","03","","N","","","","","","","","","",""
"2021108072","1610","1","0","1","0","0","0","0","0","0","4","0","","67","11","2021","1","39.917183","-75.246303","1609","6","0","0","0","0","0","2","0","0","","0","0","0","","","2","","1","","39 55:01.859","4","0","75 14:46.691","2","0","0","0","67301","0","0","0","N","0","0","0","3","67301","0","","1.0","1830.0","1","N","N","N","0","","1","1","1","","2","N","","2","2","1","0","0","0","0","2","0","2","","03","","N","","","","","","","","","",""
"2021122872","1836","2","0","0","0","0","0","0","0","0","4","0","","67","12","2021","3","40.071447","-75.032354","1833","6","0","0","0","0","0","0","0","0","","0","0","0","","","1","N","0","","40 04:17.210","","7","75 01:56.475","4","0","0","0","67301","0","0","0","N","0","0","0","3","67301","1","","1.0","","1","N","N","N","0","","0","0","0","","0","","","2","1","0","0","0","0","0","2","0","2","","03","","N","","","","","","","","","",""
"2021107459","2118","1","0","0","0","0","0","0","0","0","8","0","","67","11","2021","7","40.035269","-75.138783","2117","6","0","0","0","0","0","0","0","0","","0","0","0","","","1","N","0","","40 02:06.970","","0","75 08:19.620","3","0","0","0","67301","1","0","0","N","1","0","0","2","67301","0","","1.0","","1","N","N","N","0","","1","0","0","","0","","","2","1","0","0","0","0","0","2","0","1","","03","","N","","","","","","","","","",""
"2021112092","1037","1","0","0","0","0","0","0","0","0","8","0","","67","11","2021","4","39.9481","-75.154206","1037","6","0","0","0","0","0","0","0","0","","0","0","0","","","1","","1","","39 56:53.161","2","0","75 09:15.143","3","0","0","0","67301","1","0","0","N","1","0","0","2","67301","0","","1.0","1110.0","1","N","N","N","0","","1","0","0","","2","Y","","2","1","0","0","0","0","0","2","0","1","","03","","N","","","","","","","","","",""
"2021114135","1555","2","0","0","0","0","0","0","0","0","4","0","","67","11","2021","1","39.935982","-75.213799","1550","6","0","0","0","0","0","0","0","0","","0","0","0","","","1","","3","","39 56:09.536","","0","75 12:49.678","3","0","0","0","67301","0","0","0","N","0","0","0","3","67301","0","","1.0","","1","N","N","N","0","","1","0","0","","2","","","2","1","2","0","0","0","0","2","0","2","","03","","N","","","","","","","","","",""
"2021114392","1557","1","0","0","0","0","0","0","0","0","4","0","","67","11","2021","3","40.031825","-75.04642","1552","6","0","0","0","0","0","0","0","0","","0","0","0","","","0","","1","","40 01:54.570","","0","75 02:47.112","9","0","0","1","67301","0","0","0","N","0","0","0","3","67301","0","","1.0","","1","N","N","N","0","","0","0","0","","3","","","2","0","0","0","0","0","1","2","0","2","","","","N","","","","","","","","","",""
"2021122699","1442","0","0","0","0","0","0","0","0","0","1","0","","67","11","2021","3","39.962239","-75.183102","1427","6","0","0","0","0","0","1","0","0","","0","0","0","","","0","N","0","","39 57:44.060","","0","75 10:59.166","0","0","0","0","67301","0","0","0","N","0","0","0","2","68K01","0","","1.0","","1","N","N","N","0","","0","0","1","","0","","","2","0","0","0","0","0","0","2","1","2","","","","N","","","","","","","","","",""
"2021126620","0859","3","0","0","0","0","0","0","0","0","5","0","","67","12","2021","7","39.925653","-75.159186","0859","6","0","0","0","0","0","0","0","0","","0","0","0","","","0","N","0","","39 55:32.350","","0","75 09:33.070","0","0","0","0","67301","0","0","0","N","0","0","0","1","67301","0","","6.0","","9","N","N","N","0","","0","0","0","","0","","","3","0","0","0","0","0","0","2","0","3","","07","","N","","","","","","","","","",""
"2021117478","","0","0","0","0","0","0","0","0","0","4","0","","67","10","2021","4","40.024119","-75.056871","","6","0","0","0","0","0","0","0","0","","0","0","0","","","0","","1","","40 01:26.830","","0","75 03:24.736","0","0","0","0","67301","0","0","0","N","0","0","0","2","00000","0","","1.0","","1","N","N","N","0","","0","0","2","","0","","","2","0","0","0","0","0","0","2","0","2","","","","N","","","","","","","","","",""
"2021098992","0855","1","0","0","0","0","0","0","0","0","4","0","","67","10","2021","2","40.00768","-75.15158","0851","6","0","0","0","0","0","0","0","0","","0","0","0","","","2","","1","","40 00:27.648","","0","75 09:05.687","4","0","0","0","67301","0","0","0","N","0","0","0","3","67505","2","","1.0","","1","N","N","N","0","","0","0","1","","2","","","2","2","0","0","0","0","0","2","0","2","","03","","N","","","","","","","","","",""
"2021107931","1205","1","0","0","0","0","0","0","0","0","4","0","","67","10","2021","2","39.976106","-75.238574","1140","6","0","0","0","0","0","0","0","0","","0","0","0","","","1","","1","","39 58:33.981","","0","75 14:18.866","3","0","0","0","67301","0","0","0","N","0","0","0","3","67508","0","","1.0","","1","N","N","Y","0","","1","0","0","","2","","","2","1","0","0","0","0","0","2","0","2","","03","","N","","","","","","","","","",""
"2021084714","1557","1","0","0","0","0","0","0","0","0","5","0","","67","9","2021","1","40.036056","-75.088083","1549","6","0","0","0","0","0","0","0","0","","0","0","0","","","1","N","0","","40 02:09.800","","0","75 05:17.100","3","0","0","0","67301","0","0","0","N","0","0","0","1","67301","0","","6.0","","99","N","N","N","1","","1","0","0","","0","","","3","1","0","0","0","0","0","2","1","3","","","","N","","","","","","","","","",""
"2021117834","0407","1","0","0","0","0","0","0","0","0","4","0","","67","12","2021","5","40.02653","-75.097542","0357","6","0","0","0","0","0","0","1","0","","0","0","0","","","1","","1","","40 01:35.508","1","0","75 05:51.151","3","0","0","0","67301","0","0","0","N","0","0","0","2","67301","0","","1.0","435.0","1","N","N","N","0","","1","0","0","","2","N","","2","1","0","0","0","0","0","2","1","2","","03","","N","","","","","","","","","",""
"2021102130","0225","1","0","0","0","0","0","0","0","0","7","0","","67","10","2021","7","39.995076","-75.077847","0215","6","0","0","0","0","0","0","0","0","","0","0","0","","","1","N","0","","39 59:42.275","","0","75 04:40.250","8","0","0","0","67301","0","0","0","N","0","0","0","1","67301","0","","4.0","","1","N","N","N","0","","0","0","0","","0","","","1","1","0","0","0","1","0","2","0","1","","","","N","","","","","","","","","",""
"2021124349","1054","1","0","0","0","0","0","0","0","0","4","0","","67","12","2021","1","39.980155","-75.180584","1053","6","0","0","0","0","0","1","0","0","","0","0","0","","","0","","1","","39 58:48.559","","0","75 10:50.104","0","0","0","0","67301","0","0","0","N","0","0","0","2","67301","0","","1.0","","1","N","N","N","0","","0","0","1","","2","","","3","0","0","0","0","0","0","2","1","3","","03","","N","","","","","","","","","",""
"2021102128","0340","2","0","0","0","0","0","0","0","0","5","0","","67","10","2021","7","40.049417","-75.064861","0325","6","0","0","0","0","0","0","0","0","","0","0","0","","","1","N","0","","40 02:57.900","","0","75 03:53.500","4","0","0","0","67301","0","0","0","N","0","0","0","1","67301","1","","6.0","","1","N","N","N","0","","0","0","2","","0","","","5","1","1","0","0","0","0","2","1","5","","","","N","","","","","","","","","",""
"2021128283","1554","1","0","0","0","0","0","0","0","0","4","0","","67","12","2021","3","40.012414","-75.087626","1554","6","0","0","0","0","0","1","0","0","","0","0","0","","","0","","1","","40 00:44.691","","1","75 05:15.453","0","0","0","0","67301","0","0","0","N","0","0","0","2","67301","0","","1.0","","1","N","N","N","0","","0","0","1","","2","","","2","0","0","0","0","0","0","2","0","2","","","","N","","","","","","","","","",""
"2021098694","0750","2","0","0","0","0","0","0","0","0","5","0","","67","10","2021","7","40.040428","-75.070619","0745","6","0","0","0","0","0","0","0","0","","0","0","0","","","0","N","0","","40 02:25.540","","0","75 04:14.230","0","0","0","0","67301","0","0","0","N","0","0","0","1","67301","0","","6.0","","1","N","N","N","1","","0","0","0","","0","","","4","0","0","0","0","0","0","2","1","4","","03","","N","","","","","","","","","",""
"2021100047","2000","1","0","0","0","0","0","0","0","0","4","0","","67","10","2021","1","40.008407","-75.163131","2000","6","0","0","0","0","0","0","0","0","","0","0","0","","","3","","1","","40 00:30.265","","0","75 09:47.271","8","0","0","0","67301","0","0","0","N","0","0","0","7","67301","0","","1.0","","1","N","N","N","0","","0","0","1","","3","","","2","3","0","0","0","3","0","2","0","2","","03","","N","","","","","","","","","",""
"2021115647","0926","1","0","0","0","0","0","0","0","0","1","0","","67","10","2021","3","40.032511","-75.020808","0835","6","0","0","0","0","0","0","0","0","","0","0","0","","","0","N","0","","40 01:57.041","1","0","75 01:14.910","0","0","0","0","67301","0","0","0","N","0","0","0","2","68K01","0","","1.0","945.0","9","N","N","N","0","","0","0","1","","0","N","","2","0","0","0","0","0","0","2","0","2","","","","N","","","","","","","","","",""
"2021111835","1700","1","0","0","0","0","0","0","0","0","4","0","","67","11","2021","3","39.919557","-75.152051","1655","6","0","0","0","0","0","0","0","0","","0","0","0","","","0","","1","","39 55:10.405","","0","75 09:07.383","0","0","0","0","67301","0","0","0","N","0","0","0","2","67301","0","","1.0","","1","N","N","N","0","","0","0","1","","2","","","2","0","0","0","0","0","0","2","0","2","","03","","N","","","","","","","","","",""
"2021120741","1910","1","0","0","0","0","0","0","0","0","7","0","","67","11","2021","2","39.977964","-75.171778","1905","6","0","0","0","0","0","0","0","0","","0","0","0","","","0","N","0","","39 58:40.670","","0","75 10:18.400","9","0","0","0","67301","0","0","0","N","0","0","0","1","67301","0","","5.0","","1","N","N","N","0","","0","0","0","","0","","","1","0","1","0","0","0","1","2","0","1","","03","","N","","","","","","","","","",""
"2021119421","2004","0","0","0","1","0","0","0","0","0","8","0","","67","12","2021","1","39.950351","-75.199385","2000","6","0","0","0","0","0","0","0","0","","0","0","0","","","1","N","0","","39 57:01.263","","0","75 11:57.785","3","0","0","0","67301","1","0","0","N","0","0","0","2","67301","0","","1.0","","1","N","N","N","0","","1","0","0","","2","","","2","1","0","0","0","0","1","2","1","1","","","","N","","","","","","","","","",""
"2021083803","1120","1","0","0","0","0","0","0","0","0","4","0","","67","9","2021","1","40.025367","-75.036451","1115","6","0","0","0","0","0","1","0","0","","0","0","0","","","0","","2","","40 01:31.321","","0","75 02:11.225","0","0","0","0","67301","0","0","0","N","0","0","0","2","67301","0","","1.0","","1","N","N","N","0","","0","0","1","","3","","","2","0","0","0","0","0","0","2","0","2","","03","","N","","","","","","","","","",""
"2021123528","0757","1","0","0","0","0","0","0","0","0","4","0","","67","12","2021","5","40.006922","-75.068388","0723","6","0","0","0","0","0","0","0","0","","0","0","0","","","4","","2","","40 00:24.918","","2","75 04:06.198","2","0","0","0","67301","0","0","0","N","0","0","0","4","67301","0","","1.0","","1","N","N","N","0","","3","1","0","","0","","","2","4","1","0","1","0","0","2","1","2","","03","","N","","","","","","","","","",""
"2021103286","1746","1","0","0","1","0","0","0","0","0","4","0","","67","10","2021","3","39.990525","-75.164532","1739","6","0","0","0","0","0","0","0","0","","0","0","0","","","2","","1","","39 59:25.890","","0","75 09:52.315","4","0","0","0","67301","2","0","0","N","0","0","0","3","67301","2","","1.0","","1","N","N","N","0","","0","0","0","","0","","","2","2","0","0","0","0","0","2","0","1","","03","","N","","","","","","","","","",""
"2021124873","0457","2","0","0","0","0","0","0","0","0","2","0","","67","12","2021","7","39.944528","-75.223664","0451","6","0","0","0","0","0","0","0","0","","0","0","0","","","0","N","0","","39 56:40.300","","0","75 13:25.190","9","0","0","0","67301","0","0","0","N","0","0","0","1","67301","0","","6.0","","9","N","N","N","0","","0","0","2","","0","","","4","0","0","0","0","0","1","2","0","4","","07","","N","","","","","","","","","",""
"2021119674","1840","1","0","0","0","0","0","0","0","0","5","0","","67","12","2021","1","40.061639","-75.141472","1840","6","0","0","0","0","0","0","0","0","","0","0","0","","","0","N","0","","40 03:41.900","","0","75 08:29.300","9","0","0","0","67301","0","0","0","N","0","0","0","1","67301","0","","6.0","","99","N","N","N","0","","0","0","0","","0","","","2","0","0","0","0","0","1","2","0","2","","","","N","","","","","","","","","",""
"2021116448","2153","1","0","0","0","0","0","0","0","0","7","0","","67","11","2021","2","40.026216","-75.094839","2147","6","0","0","0","0","0","0","0","0","","0","0","0","","","0","N","0","","40 01:34.377","","0","75 05:41.420","0","0","0","0","67301","0","0","0","N","0","0","0","1","67301","0","","3.0","","1","N","N","N","0","","0","0","0","","0","","","1","0","0","0","0","0","0","2","0","1","","03","","N","","","","","","","","","",""
"2021126740","2148","1","0","0","0","0","0","0","0","0","1","0","","67","11","2021","1","39.9954","-75.197571","2147","6","0","0","0","0","0","0","0","0","","0","0","0","","","0","N","0","","39 59:43.441","","0","75 11:51.257","9","0","0","0","67301","0","0","0","N","0","0","0","2","68K01","0","","1.0","","1","N","N","N","0","","0","0","0","","0","","","2","0","0","0","0","0","1","2","0","2","","","","N","","","","","","","","","",""
"2021115653","1747","0","0","0","0","0","0","0","0","0","4","0","","67","11","2021","3","40.028344","-75.027069","1747","6","0","0","0","0","0","1","0","0","","0","0","0","","","1","N","0","","40 01:42.038","","7","75 01:37.448","8","0","0","0","67301","0","0","0","N","0","0","0","2","67301","0","","1.0","","1","N","N","N","0","","0","0","1","","0","","","2","1","0","0","0","1","0","2","1","2","","03","","N","","","","","","","","","",""
"2021098503","1350","1","0","0","0","0","0","0","0","0","1","0","","67","10","2021","3","39.962301","-75.200756","1348","6","0","0","0","0","0","0","0","0","","0","0","0","","","1","N","1","","39 57:44.283","","0","75 12:02.720","8","0","0","0","67301","0","0","0","N","0","0","0","2","67301","0","","1.0","","1","N","N","N","0","","0","0","1","","0","","","2","1","0","0","0","1","0","2","0","2","","","","N","","","","","","","","","",""
"2021098378","1522","0","0","0","0","0","0","0","0","0","4","0","","67","10","2021","2","39.953653","-75.198763","1521","6","0","0","0","0","0","2","0","0","","0","0","0","","","1","","1","","39 57:13.151","4","0","75 11:55.547","3","0","0","1","67301","0","0","0","N","0","0","0","2","67504","0","","1.0","1615.0","1","N","N","N","0","","1","0","0","","2","Y","","2","1","0","0","0","0","0","2","1","2","","03","","N","","","","","","","","","",""
"2021120812","1949","2","0","0","0","0","0","0","0","0","5","0","","67","12","2021","1","40.004411","-75.176968","1927","6","0","0","0","0","0","0","0","0","","0","0","0","","","0","N","0","","40 00:15.879","","0","75 10:37.084","0","0","0","0","67301","0","0","0","N","0","0","0","1","67301","0","","6.0","","1","N","N","N","0","","0","0","0","","0","","","2","0","0","0","0","0","0","2","0","2","","03","","N","","","","","","","","","",""
"2021085689","1750","1","0","0","0","0","0","0","0","0","4","0","","67","9","2021","6","40.052316","-75.007986","1745","6","0","1","0","0","0","0","0","0","","0","0","0","","","2","","1","","40 03:08.339","2","0","75 00:28.750","3","0","0","0","67301","0","0","0","N","0","0","0","3","67301","0","","1.0","2200.0","1","N","N","N","0","","2","0","1","","2","N","","2","2","0","0","0","0","0","2","0","2","","03","","N","","","","","","","","","",""
"2021127583","0550","1","0","0","1","0","0","0","0","0","8","0","","67","7","2021","4","40.03025","-75.22975","0545","6","0","0","0","0","0","0","0","0","","0","0","0","","","1","N","0","","40 01:48.900","","0","75 13:47.100","3","0","0","0","67301","1","0","0","N","0","0","0","2","67301","0","","1.0","","1","N","N","N","0","","1","0","0","","0","","","2","1","0","0","0","0","0","2","0","1","","03","","N","","","","","","","","","",""
"2021128211","1804","1","0","0","0","0","0","0","0","0","5","0","","67","12","2021","5","39.94632","-75.142441","1801","6","0","0","0","0","0","1","0","0","","0","0","0","","","0","N","0","","39 56:46.751","2","0","75 08:32.787","0","0","0","0","67301","0","0","0","N","0","0","0","7","68K01","0","","1.0","1910.0","1","N","N","N","0","","0","0","1","","0","N","","2","0","1","0","0","0","0","2","0","2","","03","","N","","","","","","","","","",""
"2021085100","0656","0","0","0","0","0","0","0","0","0","2","0","","67","9","2021","4","39.988914","-75.252776","0654","6","0","0","0","0","0","0","0","0","","0","0","0","","","1","N","0","","39 59:20.089","1","0","75 15:09.993","3","0","0","0","67301","0","0","0","N","0","0","0","3","67301","0","","1.0","835.0","1","N","N","N","0","","1","0","2","","0","Y","","3","1","0","0","0","0","0","2","1","3","","03","","N","","","","","","","","","",""
"2021084723","1331","1","0","0","0","0","0","0","0","0","4","0","","67","9","2021","3","40.017799","-75.072154","1330","6","0","0","0","1","0","0","0","0","","0","0","0","","","2","","2","","40 01:04.076","6","0","75 04:19.754","4","0","0","0","67301","0","0","0","N","0","0","0","4","67301","2","","1.0","1350.0","1","N","N","N","0","","0","0","1","","3","Y","","2","2","1","0","0","0","0","2","0","2","","","","N","","","","","","","","","",""
"2021098806","1618","1","0","0","0","0","0","0","0","0","7","0","","67","10","2021","5","40.011997","-75.099016","1611","6","0","0","0","0","0","0","0","1","","0","0","0","","","1","","2","","40 00:43.189","","0","75 05:56.457","8","0","0","0","67301","0","0","0","N","0","0","0","1","67301","0","","4.0","","1","N","N","N","0","","0","0","0","","3","","","1","1","0","0","0","1","0","2","0","1","","03","","N","","","","","","","","","",""
"2021088082","1600","2","0","0","0","0","0","0","0","0","4","0","","67","9","2021","7","40.058751","-75.050583","1554","6","1","0","0","0","0","0","0","0","","0","0","0","","","3","","1","","40 03:31.504","","0","75 03:02.099","3","0","0","0","67301","0","0","0","N","0","0","0","3","67301","0","","1.0","","1","N","N","N","0","","3","0","0","","3","","","2","3","0","0","0","0","0","2","0","2","","03","","N","","","","","","","","","",""
"2021097574","0100","1","0","0","0","0","0","0","0","0","4","0","","67","10","2021","5","39.979851","-75.142873","0058","6","0","0","0","0","1","0","0","0","","0","0","0","","","1","","1","","39 58:47.465","6","0","75 08:34.342","4","0","0","0","67301","0","0","0","N","0","0","0","4","67301","1","","1.0","45.0","1","N","N","N","0","","0","0","1","","2","N","","2","1","0","0","0","0","0","2","0","2","","03","","N","","","","","","","","","",""
"2021122713","1109","0","0","1","0","0","0","0","0","0","0","0","","67","12","2021","6","39.985059","-75.094704","1058","6","0","0","0","0","0","1","0","0","","0","0","0","","","1","N","0","","39 59:06.214","2","3","75 05:40.933","2","0","0","0","67301","0","0","0","N","0","0","0","4","68K01","0","","1.0","1130.0","1","N","N","N","0","","0","1","1","","0","Y","","2","1","0","0","0","0","0","2","0","2","","","","N","","","","","","","","","",""
"2021087740","0951","1","0","0","0","0","0","0","0","0","4","0","","67","9","2021","4","40.01224","-75.150481","0951","6","0","1","0","0","0","0","0","0","","0","0","0","","","0","","1","","40 00:44.064","","0","75 09:01.733","0","0","0","0","67301","0","0","0","N","0","0","0","2","67301","0","","1.0","","1","N","N","N","0","","0","0","1","","2","","","2","0","0","0","0","0","0","2","0","2","","03","","N","","","","","","","","","",""
"2021085870","2020","2","0","0","0","0","0","0","0","0","1","0","","67","9","2021","7","39.955467","-75.14808","2020","6","0","0","0","0","0","0","0","0","","0","0","0","","","0","N","0","","39 57:19.680","","2","75 08:53.089","0","0","0","0","67301","0","0","0","N","0","0","0","2","67501","0","","1.0","","1","N","N","Y","0","","0","0","0","","0","","","2","0","0","0","0","0","0","2","0","2","","","","N","","","","","","","","","",""
"2021124280","0401","1","0","0","0","0","0","0","0","0","1","0","","67","12","2021","1","39.993931","-75.154462","0401","6","0","0","0","0","0","0","0","0","","0","0","0","","","1","","1","","39 59:38.150","","0","75 09:16.063","4","0","0","0","67301","0","0","0","N","0","0","0","2","67301","1","","1.0","","9","N","N","Y","0","","0","0","1","","2","","","2","1","1","0","0","0","1","2","0","2","","03","","N","","","","","","","","","",""
"2021127193","1925","1","0","0","0","0","0","0","0","0","1","0","","67","12","2021","2","40.120714","-75.010531","1915","6","0","0","0","0","0","0","0","0","","0","0","0","","","0","N","0","","40 07:14.570","","0","75 00:37.910","0","0","0","0","67301","0","0","0","N","0","0","0","3","67301","0","","1.0","","9","N","Y","N","0","","0","0","1","","0","","","2","0","0","0","0","0","0","2","0","2","","","","N","","","","","","","","","",""
"2021120223","1330","0","0","0","0","0","0","0","0","0","1","0","","67","12","2021","6","39.960689","-75.140549","1330","6","0","0","0","0","0","0","1","0","","0","0","0","","","0","N","0","","39 57:38.481","","3","75 08:25.977","9","0","0","0","67301","0","0","0","N","0","0","0","2","67301","0","","1.0","","1","N","N","N","0","","0","0","2","","0","","","2","0","0","0","0","0","1","2","0","2","","03","","N","","","","","","","","","",""