"CRN","ARRIVAL_TM","AUTOMOBILE_COUNT","BELTED_DEATH_COUNT","BELTED_SUSP_SERIOUS_INJ_COUNT","BICYCLE_COUNT","BICYCLE_DEATH_COUNT","BICYCLE_SUSP_SERIOUS_INJ_COUNT","BUS_COUNT","CHLDPAS_DEATH_COUNT","CHLDPAS_SUSP_SERIOUS_INJ_COUNT","COLLISION_TYPE","COMM_VEH_COUNT","CONS_ZONE_SPD_LIM","COUNTY","CRASH_MONTH","CRASH_YEAR","DAY_OF_WEEK","DEC_LATITUDE","DEC_LONGITUDE","DISPATCH_TM","DISTRICT","DRIVER_COUNT_16YR","DRIVER_COUNT_17YR","DRIVER_COUNT_18YR","DRIVER_COUNT_19YR","DRIVER_COUNT_20YR","DRIVER_COUNT_50_64YR","DRIVER_COUNT_65_74YR","DRIVER_COUNT_75PLUS","EST_HRS_CLOSED","FATAL_COUNT","HEAVY_TRUCK_COUNT","HORSE_BUGGY_COUNT","HOUR_OF_DAY","ILLUMINATION","INJURY_COUNT","INTERSECTION_RELATED","INTERSECT_TYPE","LANE_CLOSED","LATITUDE","LN_CLOSE_DIR","LOCATION_TYPE","LONGITUDE","MAX_SEVERITY_LEVEL","MCYCLE_DEATH_COUNT","MCYCLE_SUSP_SERIOUS_INJ_COUNT","MOTORCYCLE_COUNT","MUNICIPALITY","NONMOTR_COUNT","NONMOTR_DEATH_COUNT","NONMOTR_SUSP_SERIOUS_INJ_COUNT","NTFY_HIWY_MAINT","PED_COUNT","PED_DEATH_COUNT","PED_SUSP_SERIOUS_INJ_COUNT","PERSON_COUNT","POLICE_AGCY","POSSIBLE_INJ_COUNT","RDWY_SURF_TYPE_CD","RELATION_TO_ROAD","ROADWAY_CLEARED","ROAD_CONDITION","SCH_BUS_IND","SCH_ZONE_IND","SECONDARY_CRASH","SMALL_TRUCK_COUNT","SPEC_JURIS_CD","SUSP_MINOR_INJ_COUNT","SUSP_SERIOUS_INJ_COUNT","SUV_COUNT","TCD_FUNC_CD","TCD_TYPE","TFC_DETOUR_IND","TIME_OF_DAY","TOTAL_UNITS","TOT_INJ_COUNT","UNBELTED_OCC_COUNT","UNB_DEATH_COUNT","UNB_SUSP_SERIOUS_INJ_COUNT","UNK_INJ_DEG_COUNT","UNK_INJ_PER_COUNT","URBAN_RURAL","VAN_COUNT","VEHICLE_COUNT","WEATHER1","WEATHER2","WORKERS_PRES","WORK_ZONE_IND","WORK_ZONE_LOC","WORK_ZONE_TYPE","WZ_CLOSE_DETOUR","WZ_FLAGGER","WZ_LAW_OFFCR_IND","WZ_LN_CLOSURE","WZ_MOVING","WZ_OTHER","WZ_SHLDER_MDN","WZ_WORKERS_INJ_KILLED"
"2021118273","1532","0","0","0","0","0","0","0","0","0","4","0","","67","12","2021","6","39.991834","-75.137856","1527","6","0","0","0","0","0","0","1","0","","0","0","0","","","0","","1","","39 59:30.601","","0","75 08:16.280","0","0","0","0","67301","0","0","0","N","0","0","0","2","67301","0","","1.0","","1","N","N","N","1","","0","0","1","","3","","","2","0","0","0","0","0","0","2","0","2","","","","N","","","","","","","","","",""
"2021083586","2121","1","0","0","0","0","0","0","0","0","7","0","","67","9","2021","7","40.050784","-75.026766","2110","6","0","0","0","0","0","1","0","0","","0","0","0","","","0","","3","","40 03:02.822","","0","75 01:36.357","0","0","0","0","67301","0","0","0","N","0","0","0","1","67301","0","","5.0","","1","N","N","N","0","","0","0","0","","3","","","1","0","0","0","0","0","0","2","0","1","","03","","N","","","","","","","","","",""
"2021087585","0239","2","0","0","0","0","0","0","0","0","5","0","","67","9","2021","6","39.953386","-75.225097","0238","6","0","0","0","0","0","0","0","0","","0","0","0","","","0","N","0","","39 57:12.190","6","0","75 13:30.350","9","0","0","0","67301","0","0","0","N","0","0","0","1","67301","0","","6.0","303.0","1","N","N","N","0","","0","0","0","","0","Y","","2","0","1","0","0","0","1","2","0","2","","03","","N","","","","","","","","","",""
"2021085658","1553","1","0","0","0","0","0","0","0","0","8","0","","67","9","2021","6","39.992769","-75.139092","1547","6","0","0","1","0","0","0","0","0","","0","0","0","","","1","N","0","","39 59:33.970","","0","75 08:20.730","3","0","0","0","67301","1","0","0","N","1","0","0","2","67301","0","","1.0","","1","N","Y","N","0","","1","0","0","","0","","","2","1","0","0","0","0","0","2","0","1","","03","","N","","","","","","","","","",""
"2021092345","1840","1","0","0","0","0","0","0","0","0","4","0","","67","9","2021","2","40.039531","-75.084418","1835","6","0","0","0","0","0","0","0","1","","0","0","0","","","1","","1","","40 02:22.311","","0","75 05:03.904","3","0","0","0","67301","0","0","0","N","0","0","0","2","67301","0","","1.0","","1","N","N","N","0","","1","0","1","","2","","","2","1","0","0","0","0","0","2","0","2","","03","","N","","","","","","","","","",""
"2021085767","0810","1","0","0","0","0","0","0","0","0","1","0","","67","9","2021","6","39.957892","-75.220397","0757","6","0","0","0","0","0","0","0","0","","0","0","0","","","0","N","0","","39 57:28.411","","0","75 13:13.428","0","0","0","0","67301","0","0","0","N","0","0","0","2","67301","0","","1.0","","1","N","N","N","0","","0","0","1","","0","","","2","0","0","0","0","0","0","2","0","2","","","","N","","","","","","","","","",""
"2021085316","0115","1","0","0","0","0","0","0","0","0","7","0","","67","9","2021","6","39.971083","-75.158667","0110","6","0","0","0","0","0","0","0","0","","0","0","0","","","0","N","0","","39 58:15.900","","0","75 09:31.200","0","0","0","0","67301","0","0","0","N","0","0","0","1","67301","0","","4.0","","1","N","N","Y","0","","0","0","0","","0","","","1","0","0","0","0","0","0","2","0","1","","03","","N","","","","","","","","","",""
"2021092515","2348","0","0","0","0","0","0","0","0","0","7","0","","67","9","2021","4","40.054992","-74.984662","2340","6","0","0","0","0","0","0","0","0","","0","0","0","","","0","N","0","","40 03:17.970","1","0","74 59:04.784","0","0","0","0","67301","0","0","0","N","0","0","0","1","68K01","0","","3.0","45.0","8","N","N","N","0","","0","0","1","","0","N","","1","0","0","0","0","0","0","2","0","1","","","","N","","","","","","","","","",""
"2021105372","","2","0","0","0","0","0","0","0","0","1","0","","67","9","2021","2","","","","6","0","0","0","0","0","0","0","0","","0","0","0","","","0","N","0","","","","0","","0","0","0","0","67301","0","0","0","N","0","0","0","3","00000","0","","1.0","","1","N","N","N","0","","0","0","1","","0","","","3","0","0","0","0","0","0","1","0","3","","","","N","","","","","","","","","",""
"2021086677","0232","2","0","0","0","0","0","0","0","0","5","0","","67","9","2021","2","39.977739","-75.128978","0224","6","0","0","0","0","0","0","0","0","","0","0","0","","","0","N","0","","39 58:39.860","","0","75 07:44.320","0","0","0","0","67301","0","0","0","N","0","0","0","1","67301","0","","6.0","","1","N","N","N","0","","0","0","1","","0","","","3","0","0","0","0","0","0","2","0","3","","03","","N","","","","","","","","","",""
"2021085824","1920","1","0","0","0","0","0","0","0","0","8","0","","67","9","2021","6","39.917873","-75.168948","1912","6","0","0","0","0","0","0","0","0","","0","0","0","","","1","","1","","39 55:04.343","","0","75 10:08.211","8","0","0","0","67301","1","0","0","N","1","0","0","2","67301","0","","1.0","","1","N","N","N","0","","0","0","0","","3","","","2","1","1","0","0","1","0","2","0","1","","03","","N","","","","","","","","","",""
"2021128217","1508","0","0","0","0","0","0","0","0","0","1","0","","67","12","2021","6","39.911563","-75.148705","1501","6","0","0","0","0","0","2","0","0","","0","0","0","","","2","N","0","","39 54:41.627","1","0","75 08:55.337","3","0","0","0","67301","0","0","0","N","0","0","0","6","68K01","0","","1.0","1607.0","1","N","N","N","0","","2","0","2","","0","N","","2","2","0","0","0","0","0","2","0","2","","","","N","","","","","","","","","",""
"2021125258","1205","0","0","0","0","0","0","0","0","0","8","1","","67","12","2021","6","39.922284","-75.153475","1205","6","0","0","0","0","0","0","0","0","","0","1","0","","","1","","1","","39 55:20.221","","0","75 09:12.510","3","0","0","0","67301","1","0","0","N","1","0","0","2","67301","0","","1.0","","1","N","N","N","0","","1","0","0","","2","","","2","1","0","0","0","0","0","2","0","1","","03","","N","","","","","","","","","",""
"2021110875","1325","3","0","0","0","0","0","0","0","0","1","0","","67","11","2021","2","39.9781","-75.158067","1323","6","0","0","0","0","0","2","0","0","","0","0","0","","","0","N","0","","39 58:41.159","","0","75 09:29.040","9","0","0","0","67301","0","0","0","N","0","0","0","5","67301","0","","1.0","","1","N","N","Y","0","","0","0","1","","0","","","4","0","0","0","0","0","1","2","0","4","","","","N","","","","","","","","","",""
"2021124139","1620","1","0","0","0","0","0","0","0","0","7","0","","67","12","2021","7","40.060703","-75.054156","1616","6","0","0","0","0","0","0","0","0","","0","0","0","","","1","","1","","40 03:38.529","","0","75 03:14.962","8","0","0","0","67301","0","0","0","N","0","0","0","1","67301","0","","5.0","","9","N","N","N","0","","0","0","0","","0","","","1","1","0","0","0","1","0","2","0","1","","04","","N","","","","","","","","","",""
"2021124552","1630","2","0","0","0","0","0","0","0","0","4","0","","67","12","2021","6","39.941428","-75.147603","1622","6","0","0","1","0","0","0","0","0","","0","0","0","","","1","","1","","39 56:29.142","","0","75 08:51.371","8","0","0","0","67301","0","0","0","N","0","0","0","3","67301","0","","1.0","","1","N","N","N","0","","0","0","0","","2","","","2","1","2","0","0","1","0","2","0","2","","03","","N","","","","","","","","","",""
"2021088694","1802","2","0","0","0","0","0","0","0","0","5","0","","67","9","2021","4","40.047659","-75.000131","1722","6","0","0","1","0","0","0","0","0","","0","0","0","","","0","N","0","","40 02:51.572","","0","75 00:00.473","0","0","0","0","67301","0","0","0","N","0","0","0","3","68K01","0","","1.0","","1","N","N","N","0","","0","0","0","","0","","","2","0","0","0","0","0","0","2","0","2","","03","","N","","","","","","","","","",""
"2021126302","1340","0","0","0","0","0","0","0","0","0","8","0","","67","12","2021","6","40.041809","-75.192096","1335","6","0","0","0","0","0","0","0","0","","0","0","0","","","1","","1","","40 02:30.511","","0","75 11:31.546","3","0","0","0","67301","1","0","0","N","1","0","0","2","67301","0","","1.0","","1","N","N","N","0","","1","0","1","","2","","","2","1","0","0","0","0","0","2","0","1","","","","N","","","","","","","","","",""
"2021126217","1719","1","0","0","0","0","0","0","0","0","1","0","","67","12","2021","2","39.946847","-75.142058","1705","6","0","0","0","0","0","0","1","0","","0","0","0","","","2","N","0","","39 56:48.648","","0","75 08:31.409","8","0","0","0","67301","0","0","0","N","0","0","0","4","68K01","0","","1.0","","1","N","N","N","0","","0","0","1","","8","","","3","2","0","0","0","2","1","2","0","3","","","","N","","","","","","","","","",""
"2021106734","2210","1","0","0","0","0","0","0","0","0","4","0","","67","11","2021","5","39.984286","-75.161622","2205","6","0","0","0","0","2","0","0","0","","0","0","0","","","0","","1","","39 59:03.429","","0","75 09:41.838","0","0","0","0","67301","0","0","0","N","0","0","0","2","67505","0","","1.0","","1","N","N","N","0","","0","0","1","","3","","","2","0","1","0","0","0","0","2","0","2","","","","N","","","","","","","","","",""
"2021120819","1701","0","0","0","0","0","0","0","0","0","4","0","","67","12","2021","5","40.003004","-75.163792","1651","6","0","0","0","0","0","1","0","0","","0","0","0","","","2","N","0","","40 00:10.813","6","7","75 09:49.650","3","0","0","0","67301","0","0","0","N","0","0","0","2","67301","0","","1.0","1755.0","1","N","N","N","0","","2","0","1","","0","N","","2","2","0","0","0","0","0","2","1","2","","","","N","","","","","","","","","",""
"2021081948","1840","3","0","0","0","0","0","0","0","0","4","0","","67","8","2021","2","39.922406","-75.223162","1834","6","0","0","0","0","0","1","0","0","","0","0","0","","","2","","1","","39 55:20.661","","0","75 13:23.382","4","0","0","0","67301","0","0","0","N","0","0","0","3","67301","2","","1.0","","1","N","N","Y","0","","0","0","2","","2","","","6","2","0","0","0","0","0","2","1","6","","03","","N","","","","","","","","","",""
"2021081562","2040","2","0","0","0","0","0","0","0","0","1","0","","67","8","2021","1","40.02787","-75.120408","2040","6","0","0","0","0","0","1","0","0","","0","0","0","","","1","N","0","","40 01:40.333","","0","75 07:13.467","4","0","0","0","67301","0","0","0","N","0","0","0","3","67301","1","","1.0","","99","N","N","N","0","","0","0","1","","0","","","3","1","3","0","0","0","2","2","0","3","","","","N","","","","","","","","","",""
"2021126221","1833","2","0","0","0","0","0","0","0","0","1","0","","67","12","2021","3","40.002293","-75.078364","1833","6","0","0","0","0","0","1","0","0","","0","0","0","","","0","N","0","","40 00:08.253","2","0","75 04:42.112","0","0","0","0","67301","0","0","0","N","0","0","0","2","68K01","0","","1.0","1950.0","1","N","N","N","0","","0","0","0","","0","N","","2","0","0","0","0","0","0","2","0","2","","","","N","","","","","","","","","",""
"2021125187","1842","1","0","0","0","0","0","0","0","0","1","0","","67","12","2021","6","40.00077","-75.079257","1835","6","0","0","0","0","1","0","0","0","","0","0","0","","","2","N","0","","40 00:02.771","1","0","75 04:45.326","3","0","0","0","67301","0","0","0","N","0","0","0","2","68K01","0","","1.0","1850.0","1","N","N","N","0","","2","0","1","","0","N","","2","2","0","0","0","0","0","2","0","2","","","","N","","","","","","","","","",""
"2021086691","0600","0","0","0","0","0","0","1","0","0","8","1","","67","9","2021","4","39.968117","-75.225136","0545","6","0","0","0","0","0","0","0","0","","0","0","0","","","1","","1","","39 58:05.221","","0","75 13:30.489","8","0","0","0","67301","1","0","0","N","1","0","0","2","67508","0","","1.0","","1","N","N","Y","0","","0","0","0","","2","","","2","1","0","0","0","1","0","2","0","1","","07","","N","","","","","","","","","",""
"2021106720","1513","1","0","0","0","0","0","0","0","0","4","0","","67","11","2021","4","39.942325","-75.233821","1513","6","0","0","0","0","0","0","1","0","","0","0","0","","","0","","1","","39 56:32.369","","0","75 14:01.754","0","0","0","0","67301","0","0","0","N","0","0","0","2","67301","0","","1.0","","1","N","N","N","0","","0","0","1","","2","","","2","0","0","0","0","0","0","2","0","2","","03","","N","","","","","","","","","",""
"2021124429","1105","1","0","0","0","0","0","0","0","0","4","0","","67","12","2021","7","40.062475","-75.182376","1105","6","0","0","0","0","0","0","0","0","","0","0","0","","","0","","1","","40 03:44.910","","6","75 10:56.553","0","0","0","0","67301","0","0","0","N","0","0","0","2","67301","0","","1.0","","9","N","N","N","0","","0","0","1","","3","","","2","0","0","0","0","0","0","2","0","2","","03","","N","","","","","","","","","",""
"2021101155","0914","2","0","0","0","0","0","0","0","0","5","0","","67","10","2021","3","40.027865","-75.039512","0914","6","0","0","0","0","0","0","0","0","","0","0","0","","","1","N","0","","40 01:40.315","","0","75 02:22.242","3","0","0","0","67301","0","0","0","N","0","0","0","1","67301","0","","6.0","","1","N","N","N","0","","1","0","0","","0","","","3","1","0","0","0","0","0","2","1","3","","03","","N","","","","","","","","","",""
"2021102131","0349","1","0","0","0","0","0","0","0","0","5","0","","67","10","2021","1","40.056047","-75.047073","0339","6","0","0","0","0","0","0","0","0","","0","0","0","","","2","N","0","","40 03:21.770","","0","75 02:49.462","3","0","0","0","67301","0","0","0","N","0","0","0","2","67301","0","","1.0","","1","N","N","N","0","","2","0","1","","0","","","2","2","0","0","0","0","0","2","0","2","","03","","N","","","","","","","","","",""
"2021102214","1944","0","0","0","0","0","0","0","0","0","1","0","","67","10","2021","7","40.021955","-75.078859","1944","6","0","0","0","0","0","0","0","0","","0","0","0","","","0","N","0","","40 01:19.037","","0","75 04:43.892","0","0","0","0","67301","0","0","0","N","0","0","0","1","67301","0","","6.0","","9","N","N","N","0","","0","0","2","","0","","","2","0","1","0","0","0","0","2","0","2","","04","","N","","","","","","","","","",""
"2022009430","","1","0","0","0","0","0","0","0","0","4","0","","67","10","2021","5","40.034758","-75.055331","","6","0","0","0","0","0","0","0","0","","0","0","0","","","2","","1","","40 02:05.128","","0","75 03:19.191","8","0","0","0","67301","0","0","0","N","0","0","0","3","00000","0","","1.0","","1","N","N","N","0","","0","0","0","","3","","","2","2","0","0","0","2","0","2","0","2","","","","N","","","","","","","","","",""
"2021119811","","1","0","0","0","0","0","0","0","0","1","0","","67","10","2021","3","40.011496","-75.131811","","6","0","0","0","0","0","0","1","0","","0","0","0","","","1","","2","","40 00:41.387","","0","75 07:54.518","8","0","0","0","67301","0","0","0","N","0","0","0","2","00000","0","","1.0","","1","N","N","N","0","","0","0","1","","0","","","2","1","0","0","0","1","0","2","0","2","","","","N","","","","","","","","","",""
"2021101001","0145","1","0","0","0","0","0","0","0","0","4","0","","67","10","2021","5","40.028485","-75.146935","0140","6","0","0","0","0","0","0","0","0","","0","0","0","","","2","N","0","","40 01:42.547","","0","75 08:48.967","3","0","0","0","67301","0","0","0","N","0","0","0","3","67301","0","","1.0","","1","N","N","N","0","","2","0","1","","0","","","2","2","1","0","0","0","0","2","0","2","","03","","N","","","","","","","","","",""
"2021120142","1551","1","0","0","0","0","0","0","0","0","1","0","","67","12","2021","1","40.047881","-75.14354","1551","6","0","0","0","0","0","0","0","0","","0","0","0","","","1","Y","0","","40 02:52.371","","0","75 08:36.743","3","0","0","0","67301","0","0","0","N","0","0","0","3","67301","0","","1.0","","99","N","N","N","2","","1","0","0","","2","","","3","1","0","0","0","0","0","2","0","3","","","","N","","","","","","","","","",""
"2021085169","0930","1","0","0","0","0","0","0","0","0","1","0","","67","9","2021","4","39.9795","-75.246279","0910","6","0","0","0","0","0","1","0","0","","0","0","0","","","1","N","0","","39 58:46.201","","0","75 14:46.606","4","0","0","0","67301","0","0","0","N","0","0","0","3","67301","1","","1.0","","1","N","N","N","0","","0","0","0","","0","","","3","1","3","0","0","0","0","2","2","3","","03","","N","","","","","","","","","",""
"2021092369","0028","2","0","0","0","0","0","0","0","0","5","0","","67","9","2021","2","39.967342","-75.132186","0017","6","0","0","0","1","0","0","0","0","","0","0","0","","","0","N","0","","39 58:02.430","","0","75 07:55.868","0","0","0","0","67301","0","0","0","N","0","0","0","5","68K01","0","","1.0","","1","N","N","N","0","","0","0","1","","0","","","3","0","0","0","0","0","0","2","0","3","","","","N","","","","","","","","","",""
"2021118560","2152","1","0","0","0","0","0","0","0","0","4","0","","67","12","2021","7","39.99911","-75.120955","2146","6","0","0","0","0","0","0","0","0","","0","0","0","","","0","","1","","39 59:56.796","","0","75 07:15.438","9","0","0","0","67301","0","0","0","N","0","0","0","2","67301","0","","1.0","","1","N","N","N","0","","0","0","1","","3","","","2","0","1","0","0","0","1","2","0","2","","03","","N","","","","","","","","","",""
"2021120224","0452","0","0","0","0","0","0","0","0","0","4","0","","67","12","2021","1","39.952174","-75.14523","0452","6","0","0","0","0","0","0","0","0","","0","0","0","","","0","","1","","39 57:07.825","","0","75 08:42.829","0","0","0","0","67301","0","0","0","N","0","0","0","2","67301","0","","1.0","","99","N","N","N","0","","0","0","2","","2","","","2","0","1","0","0","0","0","2","0","2","","03","","N","","","","","","","","","",""
"2021096478","1500","0","0","0","0","0","0","0","0","0","4","1","","67","9","2021","4","40.009204","-75.150818","1450","6","0","0","0","0","0","1","0","0","","0","1","0","","","0","","1","","40 00:33.133","","0","75 09:02.943","0","0","0","0","67301","0","0","0","N","0","0","0","2","67301","0","","1.0","","1","N","N","N","0","","0","0","1","","2","","","2","0","0","0","0","0","0","2","0","2","","98","","N","","","","","","","","","",""
"2021091841","1820","1","0","0","0","0","0","1","0","0","1","1","","67","9","2021","7","40.061626","-74.98837","1802","6","0","0","0","0","0","2","0","0","","0","0","0","","","1","","1","","40 03:41.853","","0","74 59:18.132","8","0","0","0","67301","0","0","0","N","0","0","0","2","67508","0","","1.0","","1","N","N","Y","0","","0","0","0","","2","","","2","1","0","0","0","1","0","2","0","2","","03","","N","","","","","","","","","",""
"2021088111","2121","0","0","0","0","0","0","0","0","0","8","0","","67","9","2021","3","40.024521","-75.16608","2120","6","0","0","0","0","0","0","0","0","","0","0","0","","","1","","2","","40 01:28.275","4","0","75 09:57.888","2","0","0","0","67301","1","0","1","N","1","0","1","2","67301","0","","1.0","2140.0","1","N","N","N","0","","0","1","1","","2","N","","2","1","0","0","0","0","1","2","0","1","","","","N","","","","","","","","","",""
"2021084909","0815","1","0","0","0","0","0","0","0","0","4","0","","67","9","2021","5","39.989366","-75.155609","0802","6","0","0","0","0","0","1","0","0","","0","0","0","","","0","","1","","39 59:21.719","","0","75 09:20.192","0","0","0","0","67301","0","0","0","N","0","0","0","4","67301","0","","1.0","","9","N","N","N","0","","0","0","1","","2","","","2","0","0","0","0","0","0","2","0","2","","04","","N","","","","","","","","","",""
"2022000067","1558","1","0","0","0","0","0","0","0","0","4","0","","67","12","2021","6","39.998067","-75.161869","1550","6","0","0","0","0","0","1","0","0","","0","0","0","","","2","","1","","39 59:53.041","","0","75 09:42.728","3","0","0","0","67301","0","0","0","N","0","0","0","2","67301","0","","1.0","","1","N","N","N","0","","2","0","1","","3","","","2","2","0","0","0","0","0","2","0","2","","03","","N","","","","","","","","","",""
"2022011942","","1","0","0","0","0","0","0","0","0","4","0","","67","6","2021","4","39.999174","-75.155134","","6","0","0","0","1","0","0","0","0","","0","0","0","","","1","","2","","39 59:57.026","","0","75 09:18.482","8","0","0","0","67301","0","0","0","N","0","0","0","2","00000","0","","1.0","","1","N","N","N","0","","0","0","1","","3","","","2","1","0","0","0","1","0","2","0","2","","","","N","","","","","","","","","",""
"2021083576","1550","2","0","0","0","0","0","0","0","0","4","0","","67","9","2021","6","40.058318","-75.078499","1546","6","0","0","0","0","0","0","0","0","","0","0","0","","","0","N","0","","40 03:29.944","3","7","75 04:42.598","0","0","0","0","67301","0","0","0","N","0","0","0","3","67301","0","","1.0","1600.0","1","N","N","N","0","","0","0","0","","0","N","","2","0","0","0","0","0","0","2","0","2","","","","N","","","","","","","","","",""
"2021125617","1519","1","0","0","0","0","0","0","0","0","5","0","","67","12","2021","7","40.031781","-75.021434","1501","6","0","0","1","0","0","0","0","0","","0","0","0","","","0","N","0","","40 01:54.412","2","0","75 01:17.162","0","0","0","0","67301","0","0","0","N","0","0","0","2","68K01","0","","3.0","1600.0","9","N","N","N","0","","0","0","0","","0","N","","2","0","0","0","0","0","0","2","0","2","","","","N","","","","","","","","","",""
"2021085443","0330","0","0","0","0","0","0","0","0","0","2","0","","67","9","2021","6","40.002049","-75.06477","0326","6","0","0","0","0","0","0","0","0","","0","0","0","","","0","N","0","","40 00:07.377","2","0","75 03:53.173","0","0","0","0","67301","0","0","0","N","0","0","0","1","67301","0","","6.0","410.0","1","N","N","N","0","","0","0","2","","0","N","","2","0","0","0","0","0","0","2","0","2","","","","N","","","","","","","","","",""
"2022014517","0446","1","0","0","0","0","0","0","0","0","4","0","","67","12","2021","7","39.95844","-75.237444","0446","6","0","0","0","0","0","0","0","0","","0","0","0","","","1","","1","","39 57:30.385","4","0","75 14:14.799","3","0","0","0","67301","0","0","0","N","0","0","0","2","67301","0","","1.0","600.0","9","N","Y","N","0","","1","0","0","","2","Y","","2","1","1","0","0","0","0","2","0","2","","04","","N","","","","","","","","","",""
"2022000512","0315","3","0","0","0","0","0","0","0","0","6","0","","67","12","2021","2","39.981333","-75.132944","0312","6","0","0","0","0","0","0","0","0","","0","0","0","","","0","N","0","","39 58:52.800","","1","75 07:58.600","0","0","0","0","67301","0","0","0","N","0","0","0","1","67301","0","","6.0","","1","N","N","N","0","","0","0","0","","0","","","3","0","0","0","0","0","0","2","0","3","","03","","N","","","","","","","","","",""
"2022005269","1638","1","0","0","0","0","0","0","0","0","1","0","","67","12","2021","6","39.996705","-75.19658","1635","6","0","0","1","0","0","1","0","0","","0","0","0","","","3","N","0","","39 59:48.139","4","0","75 11:47.688","8","0","0","0","67301","0","0","0","N","0","0","0","7","68K01","0","","1.0","1640.0","1","N","N","N","0","","0","0","3","","0","N","","4","3","0","0","0","3","0","2","0","4","","","","N","","","","","","","","","",""
"2022000169","1855","1","0","0","0","0","0","0","0","0","4","0","","67","12","2021","4","39.921895","-75.170285","1850","6","0","0","0","0","0","1","0","0","","0","0","0","","","2","","1","","39 55:18.821","3","0","75 10:13.026","3","0","0","0","67301","0","0","0","N","0","0","0","4","67301","0","","1.0","1910.0","1","N","N","N","0","","2","0","1","","2","Y","","2","2","0","0","0","0","0","2","0","2","","03","","N","","","","","","","","","",""
"2022009477","","1","0","0","0","0","0","0","0","0","1","0","","67","6","2021","1","40.085406","-75.037359","","6","0","0","0","0","0","0","0","0","","0","0","0","","","1","","1","","40 05:07.463","","0","75 02:14.492","8","0","0","0","67301","0","0","0","N","0","0","0","2","00000","0","","1.0","","1","N","N","N","1","","0","0","0","","2","","","2","1","0","0","0","1","0","2","0","2","","","","N","","","","","","","","","",""
"2022014418","","1","0","0","0","0","0","0","0","0","4","0","","67","12","2021","6","40.007443","-75.128399","","6","0","0","0","0","0","0","0","0","","0","0","0","","","2","N","0","","40 00:26.793","","7","75 07:42.235","3","0","0","0","67301","0","0","0","N","0","0","0","3","00000","0","","1.0","","1","N","N","N","0","","1","0","1","","0","","","2","2","0","0","0","1","0","2","0","2","","","","N","","","","","","","","","",""
"2022012351","","2","0","0","0","0","0","0","0","0","1","0","","67","4","2021","7","40.018021","-75.149331","","6","0","0","0","0","0","0","0","0","","0","0","0","","","2","","1","","40 01:04.874","","0","75 08:57.592","8","0","0","0","67301","0","0","0","N","0","0","0","3","00000","0","","1.0","","1","N","N","N","0","","0","0","0","","2","","","3","2","0","0","0","2","0","2","0","3","","","","N","","","","","","","","","",""
"2022005756","1613","1","0","0","0","0","0","0","0","0","1","0","","67","12","2021","6","39.943622","-75.14271","1613","6","0","0","0","0","1","1","0","0","","0","0","0","","","1","N","0","","39 56:37.038","1","0","75 08:33.757","4","0","0","0","67301","0","0","0","N","0","0","0","4","68K01","1","","1.0","1610.0","1","N","N","N","0","","0","0","1","","0","N","","2","1","0","0","0","0","0","2","0","2","","","","N","","","","","","","","","",""
"2022005264","0141","1","0","0","0","0","0","0","0","0","7","0","","67","12","2021","2","39.981214","-75.206838","0139","6","0","0","0","0","0","0","0","0","","0","0","0","","","0","N","0","","39 58:52.372","3","0","75 12:24.616","0","0","0","0","67301","0","0","0","N","0","0","0","1","68K01","0","","4.0","240.0","9","N","N","Y","0","","0","0","0","","0","N","","1","0","0","0","0","0","0","2","0","1","","","","N","","","","","","","","","",""
"2022012307","","2","0","0","0","0","0","0","0","0","4","0","","67","6","2021","5","39.91875","-75.209667","","6","0","0","0","0","0","0","0","0","","0","0","0","","","1","N","0","","39 55:07.500","","7","75 12:34.800","8","0","0","0","67301","0","0","0","N","0","0","0","2","00000","0","","1.0","","1","N","N","N","0","","0","0","0","","0","","","2","1","0","0","0","1","0","2","0","2","","","","N","","","","","","","","","",""
"2022000987","1323","1","0","0","0","0","0","0","0","0","1","0","","67","12","2021","6","39.962761","-75.183525","1317","6","0","0","0","0","0","0","0","0","","0","0","0","","","0","N","0","","39 57:45.938","3","0","75 11:00.690","0","0","0","0","67301","0","0","0","N","0","0","0","3","68K01","0","","1.0","1325.0","1","N","N","N","1","","0","0","1","","0","N","","3","0","0","0","0","0","0","2","0","3","","","","N","","","","","","","","","",""
"2022003628","0543","1","0","0","0","0","0","0","0","0","7","0","","67","12","2021","1","39.991122","-75.203727","0543","6","0","0","1","0","0","0","0","0","","0","0","0","","","0","N","0","","39 59:28.040","3","0","75 12:13.416","0","0","0","0","67301","0","0","0","N","0","0","0","1","68K01","0","","4.0","715.0","9","N","N","N","0","","0","0","0","","0","N","","1","0","1","0","0","0","0","2","0","1","","","","N","","","","","","","","","",""
"2022079898","","1","0","0","0","0","0","0","0","0","1","0","","67","2","2021","6","40.030764","-75.187767","","6","0","0","0","0","0","1","0","0","","0","0","0","","","3","","1","","40 01:50.749","","0","75 11:15.962","8","0","0","0","67301","0","0","0","N","0","0","0","4","00000","0","","1.0","","1","","","N","0","","0","0","1","","2","","","2","3","0","0","0","3","0","2","0","2","","","","N","","","","","","","","","",""
"2022082004","","1","0","0","0","0","0","0","0","0","4","0","","67","12","2021","6","39.964226","-75.190151","","6","0","0","0","0","0","0","0","0","","0","0","0","","","1","","1","","39 57:51.213","","0","75 11:24.542","8","0","0","0","67301","0","0","0","N","0","0","0","2","00000","0","","1.0","","1","","","N","0","","0","0","0","","2","","","2","1","0","0","0","1","0","2","0","2","","","","N","","","","","","","","","",""